{"type":"Topology","arcs":[[[26793,24832],[84,0]],[[26877,24832],[22,-309],[12,-34],[8,-70],[8,0],[-1,-269],[16,2],[2,-389],[3,-58]],[[26947,23705],[-11,5]],[[26936,23710],[-35,14]],[[26901,23724],[1,195],[-6,33],[-27,39],[-27,14],[-10,74],[-4,100],[-35,64]],[[26793,24243],[0,589]],[[25166,35290],[0,327]],[[25166,35617],[91,-10]],[[25257,35607],[0,-358]],[[25257,35249],[-1,-467]],[[25256,34782],[-8,0]],[[25248,34782],[-83,4]],[[25165,34786],[0,495],[1,9]],[[28634,33741],[13,5],[13,48],[26,38],[32,-1],[14,-66],[0,-69],[-14,-126],[3,-88],[2,-264]],[[28723,33218],[-13,8],[-14,61],[-8,-6],[-2,-82],[-10,-106],[-23,19],[7,153],[-38,13]],[[28622,33278],[0,167],[15,140],[-7,100],[4,56]],[[21230,58169],[207,-2],[49,2]],[[21486,58169],[0,-358]],[[21486,57811],[-37,0],[0,-163],[-22,0],[0,-326]],[[21427,57322],[-182,0]],[[21245,57322],[0,162]],[[21245,57484],[0,164],[-15,0],[0,521]],[[22048,35718],[129,-3]],[[22177,35715],[23,0]],[[22200,35715],[23,-225],[13,-31],[9,-82]],[[22245,35377],[0,-416],[-86,-8]],[[22159,34953],[-111,1]],[[22048,34954],[0,764]],[[22152,41986],[126,0]],[[22278,41986],[0,-653]],[[22278,41333],[-125,0]],[[22153,41333],[-1,653]],[[21974,45233],[28,0]],[[22002,45233],[134,0]],[[22136,45233],[0,-648]],[[22136,44585],[-157,0]],[[21979,44585],[-4,0]],[[21975,44585],[-1,648]],[[6077,72282],[21,77],[48,-5],[25,-87],[-35,37],[-16,-42],[-43,-9],[0,29]],[[5916,71922],[19,40],[11,-92],[-9,-18],[-21,70]],[[5639,70944],[8,103],[19,19],[27,-93],[-8,-29],[-21,60],[-25,-60]],[[5570,71039],[16,-79],[-27,20],[11,59]],[[5503,70801],[8,108],[10,16],[11,-100],[-29,-24]],[[5640,72778],[30,-48],[31,31],[8,95],[-13,75],[-2,74],[15,196],[29,174],[41,209],[24,99],[22,60],[40,66],[21,83],[22,140],[14,24],[26,100],[30,40],[8,-119],[18,-24],[4,66],[-10,169],[-23,-3],[-6,54],[2,153],[9,95],[25,657],[14,68],[38,26],[12,85],[-20,-15],[-34,124],[-3,100],[9,156],[20,170],[27,53],[28,156]],[[6096,76167],[263,0],[0,503],[-189,0]],[[6170,76670],[4,103],[13,61],[-20,0],[-11,-51],[-8,-109],[-36,-79]],[[6112,76595],[1,450],[-22,0],[0,325],[47,0],[0,162],[93,0],[0,162],[27,0],[0,163],[47,0],[0,160],[95,0],[0,163],[46,0],[0,2271]],[[6446,80451],[293,0],[192,0],[228,0]],[[7159,80451],[0,-162],[12,0],[0,-650],[-36,0],[0,-647],[-36,0],[0,-650],[-35,0],[0,-162],[-48,0],[0,-323],[-47,0],[0,-163],[-81,0],[0,-324],[-93,0],[0,-325],[15,0],[0,-648],[14,0],[0,-162],[92,0]],[[6916,76235],[0,-352],[-15,0],[0,-81],[-23,0],[-9,-109],[-31,0],[0,-53],[-45,0],[0,-55],[-38,0],[0,-27],[-38,0],[0,-55],[-15,0],[0,-53],[-46,0],[0,-82],[-30,0],[0,-162],[15,0],[0,-108],[-15,0],[1,-299],[-31,0],[0,-80],[-22,0],[0,-55],[-45,0],[0,-108],[-15,0],[-6,-135],[-37,-1],[0,-81],[15,0],[7,-54],[-15,0],[-22,-81],[0,81],[-30,-26],[0,-55],[-15,-27],[0,-55],[-22,28],[-45,0],[-7,-81],[-15,0],[0,-82],[-15,0],[0,-135],[-15,0],[3,-53],[-22,0],[1,-82],[-15,0],[0,-107],[-22,0],[0,-136],[115,0]],[[6352,73474],[-27,-94],[-2,-79],[-26,-71],[-8,-51],[2,-68],[-32,23],[-31,-45],[-4,-113],[-12,-19],[-19,120],[-8,-85],[-27,-67],[-11,-85],[-24,-10],[5,-81],[-17,-43],[-25,69],[-24,108],[-22,-26],[0,-82],[11,-8],[1,-58],[-29,-16],[-13,-107],[6,-52],[18,-10],[5,-83],[-36,-7],[-24,-24],[-17,124],[-51,-61],[-18,-82],[-16,-5],[-9,-79],[19,-1],[27,40],[20,-27],[6,-87],[-16,-76],[-43,71],[-23,18],[-5,-113],[-33,10],[-23,34],[-20,-53],[-27,-142],[2,-71],[47,-32],[32,-58],[-3,-46],[-32,-68],[1,-37],[18,-6],[25,50],[16,-12],[-55,-125],[-23,-101],[1,-84],[-13,80],[-10,-27],[16,-106],[-6,-80],[-7,62],[-10,-3],[-2,-85],[-25,129],[0,152],[-19,-96],[8,-118],[-4,-107],[-24,-10],[3,93],[-35,2],[-16,-129],[-25,-14],[-75,-69],[-29,-36],[-7,-35],[-3,-119],[-17,74],[5,129],[-23,-31],[10,-48],[1,-167],[-16,-114],[6,-74],[-7,-50]],[[5455,70594],[-1,464],[-86,0],[0,163],[18,0],[0,649],[-27,0],[0,325],[87,0],[0,162],[87,0],[0,163],[63,0],[0,162],[44,0],[0,96]],[[25072,37985],[1,488]],[[25073,38473],[62,7],[62,-5]],[[25197,38475],[0,-408]],[[25197,38067],[-1,-246]],[[25196,37821],[-118,0]],[[25078,37821],[-6,0],[0,164]],[[25819,43032],[0,489]],[[25819,43521],[109,3]],[[25928,43524],[0,-165],[16,3],[0,-84],[21,4]],[[25965,43282],[-1,-82]],[[25964,43200],[-61,-7],[-1,-161]],[[25902,43032],[-83,0]],[[26037,40113],[15,0],[1,193]],[[26053,40306],[92,0]],[[26145,40306],[0,-346]],[[26145,39960],[-40,-136]],[[26105,39824],[-35,-118],[-33,-3]],[[26037,39703],[0,410]],[[23935,45463],[64,0]],[[23999,45463],[65,2]],[[24064,45465],[0,-650]],[[24064,44815],[-129,0]],[[23935,44815],[0,648]],[[23065,38563],[0,407]],[[23065,38970],[113,0]],[[23178,38970],[-1,-82],[0,-489]],[[23177,38399],[0,-326],[-2,-167]],[[23175,37906],[-111,3]],[[23064,37909],[1,654]],[[23297,37658],[123,-1]],[[23420,37657],[0,-299],[-3,-108],[0,-164]],[[23417,37086],[-121,0]],[[23296,37086],[1,572]],[[24780,31140],[133,-2]],[[24913,31138],[0,-677]],[[24913,30461],[0,-53],[-59,2]],[[24854,30410],[-7,-10],[-50,2]],[[24797,30402],[1,196],[-17,68],[-1,392]],[[24780,31058],[0,82]],[[26614,26899],[26,212],[7,0]],[[26647,27111],[42,-242]],[[26689,26869],[-8,-42],[23,-134],[-9,-53],[4,-46],[-8,-37]],[[26691,26557],[-6,35],[-16,16],[-5,-29],[-48,2]],[[26616,26581],[0,279],[-2,39]],[[26845,39774],[6,74]],[[26851,39848],[32,-11],[-1,-25],[32,-16],[2,-69],[30,-11],[-3,-193]],[[26943,39523],[-6,-355],[-33,16],[0,-16]],[[26904,39168],[-21,8]],[[26883,39176],[-31,11],[2,169],[-15,5]],[[26839,39361],[6,413]],[[22226,32844],[206,-2]],[[22432,32842],[0,-325],[2,-162],[-1,-199]],[[22433,32156],[-8,50],[-24,-42],[-4,27],[-170,0]],[[22227,32191],[-1,653]],[[22471,39216],[155,2]],[[22626,39218],[1,-491]],[[22627,38727],[0,-162]],[[22627,38565],[-155,-2]],[[22472,38563],[-1,328]],[[22471,38891],[0,325]],[[22152,27322],[5,0]],[[22157,27322],[139,0]],[[22296,27322],[-2,-814]],[[22294,26508],[-21,-1]],[[22273,26507],[-121,5]],[[22152,26512],[0,810]],[[22460,17498],[81,-5]],[[22541,17493],[49,-1]],[[22590,17492],[20,-2],[0,-96]],[[22610,17394],[0,-801]],[[22610,16593],[-93,3]],[[22517,16596],[-29,2]],[[22488,16598],[2,508],[-14,-2],[0,164],[-7,0],[0,174],[-9,56]],[[27914,37716],[12,58],[11,-8],[-2,-103],[-14,-14],[-7,67]],[[27440,38571],[39,224],[15,175]],[[27494,38970],[18,-22]],[[27512,38948],[11,6],[9,-87],[11,20]],[[27543,38887],[27,-317],[-17,-256]],[[27553,38314],[-24,-99],[-6,17],[-2,-223]],[[27521,38009],[-22,79]],[[27499,38088],[-48,170],[-4,-8],[-10,109],[6,21],[-11,150],[8,41]],[[19845,55272],[13,10],[0,108],[13,61],[15,3],[9,45],[10,108],[22,3],[2,30],[25,-9],[6,-36],[16,4],[7,123]],[[19983,55722],[37,-21],[9,-35],[38,15],[29,-12],[36,28],[5,111],[36,-5],[6,70],[16,34],[14,-9],[11,104],[15,71],[-6,46],[12,55],[-3,48],[15,45],[8,-46]],[[20261,56221],[16,-2],[1,-165],[27,0],[0,-635],[-11,0],[0,-328],[36,1],[0,-325],[23,0]],[[20353,54767],[0,-601]],[[20353,54166],[0,-25]],[[20353,54141],[-176,-2],[0,27],[-209,-1],[0,-15],[-118,0]],[[19850,54150],[-13,50],[8,170],[7,58],[-11,85],[-5,119],[-4,299],[-1,156],[14,97],[0,88]],[[17302,54666],[20,-22],[-3,-49],[9,-41],[14,21],[17,-86],[105,8],[0,-27],[35,0]],[[17499,54470],[0,-164]],[[17499,54306],[0,-574],[-35,2]],[[17464,53734],[-46,1],[-23,-104],[-4,-56],[-89,-4]],[[17302,53571],[0,1095]],[[25079,35313],[6,22],[10,-45],[71,0]],[[25165,34786],[-3,0]],[[25162,34786],[-2,0]],[[25160,34786],[-20,138],[-10,27],[-24,2],[-33,106],[-8,3]],[[25065,35062],[2,64],[-9,58],[4,71],[16,-5],[1,63]],[[31019,51959],[-68,-75]],[[30951,51884],[-59,-66],[1,-13],[-43,-47],[-6,10],[1,339],[-3,839],[1,326],[-72,0],[0,25],[-35,1]],[[30736,53298],[0,330],[-251,3]],[[30485,53631],[-84,0]],[[30401,53631],[7,227],[215,1430],[13,-4],[27,-62],[11,7],[-3,-93],[1,-227],[4,-29],[37,-117],[25,69],[26,48],[28,3],[11,84],[30,17],[25,-19],[0,100],[13,37],[31,-29],[20,-39],[4,-51],[33,-109],[36,-213],[0,-24],[28,-82],[0,-876],[2,-599],[0,-629],[9,-48],[-15,-63],[14,-112],[-15,-55],[1,-214]],[[25987,53502],[0,346]],[[25987,53848],[42,-24],[35,-5],[30,11],[68,142]],[[26162,53972],[-1,-182],[0,-665],[1,-108]],[[26162,53017],[-175,-2]],[[25987,53015],[0,487]],[[23857,38628],[0,165],[4,339],[0,192]],[[23861,39324],[0,27]],[[23861,39351],[124,-27]],[[23985,39324],[-3,-441]],[[23982,38883],[-2,-305]],[[23980,38578],[-62,11],[0,-55],[-62,12]],[[23856,38546],[1,82]],[[27244,34919],[49,-5],[77,-19]],[[27370,34895],[-7,-113],[-13,-90],[7,-64],[-5,-32]],[[27352,34596],[-4,-47],[-13,-6],[-5,71],[-15,53],[-11,-50],[-7,37],[-7,-63],[-18,-61]],[[27272,34530],[2,35],[-7,116],[-15,98],[-8,140]],[[16476,39767],[34,0],[15,81],[16,13],[5,54],[11,13]],[[16557,39928],[8,-79],[10,-25],[24,-2],[-3,-93],[6,-109]],[[16602,39620],[-55,-2],[-4,53],[-67,-2]],[[16476,39669],[0,98]],[[26929,26301],[12,466],[1,140],[8,114]],[[26950,27021],[15,-75],[0,-39],[21,3],[13,45]],[[26999,26955],[7,-201],[7,-85],[-4,-46],[-8,-426]],[[27001,26197],[-18,54],[-7,-21],[-16,20],[-16,46]],[[26944,26296],[-15,5]],[[25558,41568],[-9,72],[5,48],[17,36],[18,88],[13,95],[32,60],[11,48]],[[25645,42015],[0,-283]],[[25645,41732],[0,-490]],[[25645,41242],[-91,-2]],[[25554,41240],[-4,138],[5,61],[3,129]],[[23479,49747],[15,-26],[9,-53]],[[23503,49668],[24,-53],[8,-62],[40,-55],[17,-61],[22,-134],[3,7]],[[23617,49310],[1,-293]],[[23618,49017],[-137,0]],[[23481,49017],[-67,0],[-2,163]],[[23412,49180],[0,162],[67,2],[0,403]],[[19929,27492],[86,0]],[[20015,27492],[1,-210],[0,-1328]],[[20016,25954],[-254,0]],[[19762,25954],[-2,151]],[[19760,26105],[0,403],[-4,0],[0,819],[85,0],[0,164],[88,1]],[[22845,32678],[0,163]],[[22845,32841],[144,-2]],[[22989,32839],[1,-116]],[[22990,32723],[-9,-16],[-20,61],[-14,-26],[0,-956]],[[22947,31786],[-10,84],[-20,-36],[-13,73]],[[22904,31907],[-24,-108],[-17,42],[-18,-2]],[[22845,31839],[0,839]],[[16568,50676],[142,3]],[[16710,50679],[180,-1]],[[16890,50678],[22,-21],[1,-42],[20,53],[18,-54],[15,-5]],[[16966,50609],[5,-36],[0,-136],[-19,-5],[-6,-52],[9,-125],[-3,-43],[-23,-4],[-26,-75],[-14,-2],[5,-70],[45,-66],[10,-84],[-18,-101],[2,-111],[-17,-42],[-3,-95],[7,-43],[-17,-82],[-8,-103],[5,-42],[69,2]],[[16969,49294],[2,-405]],[[16971,48889],[-101,1],[0,13],[-64,2],[0,-164],[-234,-3]],[[16572,48738],[1,651]],[[16573,49389],[0,853],[1,113],[-6,0],[0,321]],[[22382,18982],[131,0]],[[22513,18982],[28,0]],[[22541,18982],[0,-1489]],[[22460,17498],[1,146],[-19,29],[-58,-8]],[[22384,17665],[-2,1317]],[[22217,20073],[166,13]],[[22383,20086],[0,-1]],[[22383,20085],[-1,-1103]],[[22382,18982],[-163,-52],[-1,327]],[[22218,19257],[-1,90],[0,726]],[[25145,48619],[135,-5],[0,85]],[[25280,48699],[67,-2],[0,-85]],[[25347,48612],[0,-652]],[[25347,47960],[-66,1]],[[25281,47961],[-1,162],[-135,5]],[[25145,48128],[1,232],[-1,259]],[[23345,32082],[117,0]],[[23462,32082],[0,-217],[-19,0],[0,-164],[-18,1],[0,-326]],[[23425,31376],[-126,0]],[[23299,31376],[0,283],[2,42],[0,326],[44,0],[0,55]],[[16196,40655],[9,21],[12,95],[0,70],[17,71],[16,-56],[6,-69],[12,17],[19,-80],[8,56],[141,2]],[[16436,40782],[36,3],[4,26]],[[16476,40811],[0,-519]],[[16476,40292],[-139,1],[-9,32],[-6,95],[-9,18],[-25,-10],[-18,-106],[-16,-45],[-16,-6],[-6,-8],[-33,-33],[-7,-40]],[[16192,40190],[-3,230],[-7,44],[9,40],[5,151]],[[26402,24636],[72,-2]],[[26474,24634],[-1,-182],[12,-122],[-2,-448]],[[26483,23882],[-55,17]],[[26428,23899],[-27,8]],[[26401,23907],[1,729]],[[25929,50271],[72,-8]],[[26001,50263],[-1,-489]],[[26000,49774],[-116,10]],[[25884,49784],[3,143],[-10,129],[1,53],[27,69],[20,24],[4,69]],[[25137,27439],[147,2]],[[25284,27441],[-9,-505]],[[25275,26936],[-3,-151]],[[25272,26785],[-134,-7]],[[25138,26778],[-1,661]],[[22656,41986],[126,0]],[[22782,41986],[0,-653]],[[22782,41333],[-126,0]],[[22656,41333],[0,653]],[[29839,43675],[6,39],[24,34],[0,-24],[-20,-50],[-10,1]],[[29810,43384],[5,33],[13,-37],[-1,-66],[-17,70]],[[29790,43544],[16,25],[-12,-69],[-4,44]],[[29453,42470],[0,132],[-11,350],[-3,14]],[[29439,42966],[-6,92],[3,42],[14,-23],[9,-54],[0,85],[10,-35],[20,-13],[18,-37],[23,45],[-1,69],[9,18],[21,-25],[75,5],[39,32],[14,29],[30,102],[9,64],[14,21],[11,79],[31,40],[-11,-73],[-11,18],[-5,-38],[17,-58],[5,-71],[17,-19],[11,40],[14,-109],[15,49],[10,2],[17,92],[16,24],[13,-26],[-5,-34],[-67,-151],[-78,-198],[-50,-99],[-81,-150],[-53,-125],[-43,-66],[-27,-19],[-6,24],[-27,-45]],[[22654,43526],[17,114],[28,119],[19,35],[0,29]],[[22718,43823],[21,55],[20,13],[23,51]],[[22782,43942],[0,-654]],[[22782,43288],[-127,0]],[[22655,43288],[-1,238]],[[20679,26361],[19,0]],[[20698,26361],[88,-2],[142,0]],[[20928,26359],[-22,-1674]],[[20906,24685],[-227,-827]],[[20679,23858],[0,323],[3,0],[-1,307],[-2,1522],[0,351]],[[25553,27995],[29,2],[0,-82],[83,10]],[[25665,27925],[1,-201]],[[25666,27724],[-9,-203],[2,-40],[-11,-51],[0,-66],[-9,-90],[-86,-12],[0,-326],[-14,-2]],[[25539,26934],[-14,0],[0,327]],[[25525,27261],[0,321],[14,5],[0,326],[14,0],[0,82]],[[12288,77532],[-96,6],[-95,713]],[[12097,78251],[66,127],[33,-115],[36,-77],[3,-62],[29,-74],[25,-111],[0,-168],[-20,-86],[31,-78],[-12,-75]],[[26324,31129],[79,0],[7,25]],[[26410,31154],[8,-177],[17,-4],[0,-158]],[[26435,30815],[-90,0],[-1,58],[-19,2]],[[26325,30875],[-1,254]],[[24946,41928],[94,10]],[[25040,41938],[0,-82],[32,1]],[[25072,41857],[1,-437]],[[25073,41420],[1,-244],[-21,-2]],[[25053,41174],[-52,2],[0,27],[-22,2],[0,82],[-26,-2]],[[24953,41285],[-1,217],[-6,56]],[[24946,41558],[0,370]],[[26144,40931],[22,2]],[[26166,40933],[11,0],[-1,-137],[42,0]],[[26218,40796],[0,-353]],[[26218,40443],[-73,-2]],[[26145,40441],[-1,490]],[[23203,46773],[131,2]],[[23334,46775],[0,-651]],[[23334,46124],[-99,-2]],[[23235,46122],[-33,-2]],[[23202,46120],[1,653]],[[23371,51458],[34,0]],[[23405,51458],[103,1],[0,-162]],[[23508,51297],[2,-164],[-1,-650]],[[23509,50483],[-136,-1]],[[23373,50482],[0,488]],[[23373,50970],[-2,163],[0,325]],[[24085,40600],[109,-9]],[[24194,40591],[-3,-483]],[[24191,40108],[-1,-189]],[[24190,39919],[-32,4]],[[24158,39923],[-77,137]],[[24081,40060],[4,540]],[[20308,33781],[1,-66]],[[20309,33715],[-1,-141],[0,-31],[21,-21],[-13,-108],[-8,-27]],[[20308,33387],[-9,68],[-21,46],[-15,-11],[3,32],[0,248],[4,-15],[38,26]],[[26715,40759],[2,219]],[[26717,40978],[117,-32]],[[26834,40946],[-5,-437],[31,-13]],[[26860,40496],[-3,-161]],[[26857,40335],[-71,21],[1,50],[-76,19]],[[26711,40425],[4,334]],[[23653,44143],[96,-1],[30,17]],[[23779,44159],[0,-656]],[[23779,43503],[-62,-9]],[[23717,43494],[-64,1]],[[23653,43495],[0,648]],[[22916,49181],[121,2]],[[23037,49183],[0,-650]],[[23037,48533],[-15,-4],[-106,1]],[[22916,48530],[0,651]],[[21446,33133],[151,0]],[[21597,33133],[0,-818]],[[21597,32315],[-152,1]],[[21445,32316],[1,817]],[[24995,51560],[15,5],[91,-9]],[[25101,51556],[34,0],[0,-161],[68,0]],[[25203,51395],[0,-325],[11,-1],[0,-163]],[[25214,50906],[-95,0],[0,-165]],[[25119,50741],[-68,0]],[[25051,50741],[0,167],[-56,1]],[[24995,50909],[0,651]],[[31416,711],[4,73]],[[31420,784],[3,50],[10,15]],[[31433,849],[11,-71]],[[31444,778],[-2,-109],[-8,-42]],[[31434,627],[-10,-15]],[[31424,612],[-9,65],[1,34]],[[22381,48693],[133,4]],[[22514,48697],[2,-160]],[[22516,48537],[0,-510],[1,-151]],[[22517,47876],[-107,2]],[[22410,47878],[-25,0]],[[22385,47878],[-1,654],[-3,0],[0,161]],[[27432,18048],[100,-2]],[[27532,18046],[7,-107],[11,-225],[16,-219]],[[27566,17495],[-24,2],[0,-108],[-110,0]],[[27432,17389],[0,659]],[[26081,31204],[117,-3]],[[26198,31201],[-20,-283],[-43,-124],[-15,-157],[-21,1]],[[26099,30638],[-14,444]],[[26085,31082],[-4,122]],[[26167,42039],[3,0],[2,352]],[[26172,42391],[37,2]],[[26209,42393],[74,8]],[[26283,42401],[0,-412]],[[26283,41989],[0,-79]],[[26283,41910],[-116,-6]],[[26167,41904],[0,135]],[[21479,38078],[133,2]],[[21612,38080],[7,0]],[[21619,38080],[0,-815],[5,0],[-1,-171]],[[21623,37094],[-143,3]],[[21480,37097],[-1,981]],[[20324,52162],[148,0],[189,-4]],[[20661,52158],[0,-644],[-2,-169],[-14,0],[0,-659]],[[20645,50686],[-10,0]],[[20635,50686],[-215,0],[-50,-11]],[[20370,50675],[-66,0]],[[20304,50675],[0,347],[-5,0]],[[20299,51022],[0,321],[13,0],[1,759],[-1,60],[12,0]],[[24104,38393],[36,-5]],[[24140,38388],[25,-5],[-1,-157],[35,-8],[10,-28],[15,25]],[[24224,38215],[-1,-81]],[[24223,38134],[0,-244],[4,-2],[-1,-270]],[[24226,37618],[-61,8]],[[24165,37626],[-31,3],[-20,137],[-5,140],[-10,2],[0,77],[-15,17]],[[24084,38002],[2,237],[15,0],[3,154]],[[22524,44913],[129,2]],[[22653,44915],[0,-325]],[[22653,44590],[1,-405]],[[22654,44185],[-16,-27],[-43,-2],[0,-27],[-17,-2],[0,-27],[-53,0]],[[22525,44100],[0,480],[-1,7]],[[22524,44587],[0,326]],[[22399,43939],[126,-2]],[[22525,43937],[1,0]],[[22526,43937],[0,-649]],[[22526,43288],[-121,0]],[[22405,43288],[-7,0]],[[22398,43288],[1,651]],[[22148,42611],[17,-14],[39,1],[7,-13]],[[22211,42585],[24,0],[24,-22],[19,3]],[[22278,42566],[0,-580]],[[22152,41986],[-3,0]],[[22149,41986],[-1,625]],[[21851,44585],[124,0]],[[21979,44585],[0,-648]],[[21979,43937],[-129,0]],[[21850,43937],[1,648]],[[23740,31349],[14,-2],[3,89],[25,9],[19,53]],[[23801,31498],[88,-5]],[[23889,31493],[-2,-109],[-1,-538]],[[23886,30846],[-1,-110]],[[23885,30736],[-19,3]],[[23866,30739],[-127,18]],[[23739,30757],[1,592]],[[25072,41857],[160,-1]],[[25232,41856],[-31,-261],[0,-80],[-16,0],[0,-82]],[[25185,41433],[-112,-13]],[[23992,46114],[131,-2]],[[24123,46112],[0,-162],[6,0],[0,-323]],[[24129,45627],[-65,0],[0,-162]],[[23999,45463],[-1,490],[-6,0],[0,161]],[[25146,24321],[14,0],[0,164]],[[25160,24485],[114,0]],[[25274,24485],[3,-492]],[[25277,23993],[-131,0]],[[25146,23993],[0,328]],[[23702,38424],[1,225]],[[23703,38649],[154,-21]],[[23856,38546],[0,-225],[-3,-346]],[[23853,37975],[-9,-11],[-137,24]],[[23707,37988],[-7,0],[2,436]],[[25075,30241],[88,0]],[[25163,30241],[29,0]],[[25192,30241],[0,-492]],[[25192,29749],[-59,2],[0,-109],[-29,0],[0,-28]],[[25104,29614],[-44,-1]],[[25060,29613],[1,136],[14,2],[0,490]],[[26540,42536],[0,328]],[[26540,42864],[102,-4]],[[26642,42860],[5,0],[0,-218],[16,1],[5,-29]],[[26668,42614],[1,-339]],[[26669,42275],[-29,-3]],[[26640,42272],[0,11],[-100,42],[0,13]],[[26540,42338],[0,198]],[[26104,42391],[68,0]],[[26167,42039],[-63,0]],[[26104,42039],[0,352]],[[21213,35716],[62,-1],[22,-8],[183,-5]],[[21480,35702],[4,0]],[[21484,35702],[-1,-268],[0,-653]],[[21483,34781],[-37,0]],[[21446,34781],[-234,0]],[[21212,34781],[1,191],[0,744]],[[22516,48537],[99,-2]],[[22615,48535],[1,-657]],[[22616,47878],[-42,-2]],[[22574,47876],[-57,0]],[[22807,25012],[73,244],[60,209]],[[22940,25465],[57,-564]],[[22997,24901],[-65,-216]],[[22932,24685],[0,10],[-67,-233]],[[22865,24462],[-58,550]],[[23146,49183],[131,-3]],[[23277,49180],[36,1]],[[23313,49181],[0,-651]],[[23313,48530],[-164,2]],[[23149,48532],[-4,0]],[[23145,48532],[1,651]],[[20686,30751],[0,482],[125,0],[0,162],[29,2],[0,162],[59,0]],[[20899,31559],[0,-324],[50,0]],[[20949,31235],[0,-648],[1,-331]],[[20950,30256],[-59,1],[0,-164],[-45,0],[-130,8],[-1,164],[-29,2]],[[20686,30267],[0,484]],[[22773,47879],[76,-1]],[[22849,47878],[57,1]],[[22906,47879],[0,-780]],[[22906,47099],[-66,0]],[[22840,47099],[0,163],[-66,-2]],[[22774,47260],[-1,619]],[[22611,51136],[1,651]],[[22612,51787],[169,-2],[2,-54],[38,0]],[[22821,51731],[1,-489]],[[22822,51242],[0,-272]],[[22822,50970],[-75,-1]],[[22747,50969],[-136,3]],[[22611,50972],[0,164]],[[21197,28957],[129,0]],[[21326,28957],[0,-804]],[[21326,28153],[-131,2]],[[21195,28155],[2,802]],[[27566,40193],[25,33],[6,-45],[17,29],[24,94]],[[27638,40304],[12,-30]],[[27650,40274],[0,-256]],[[27650,40018],[-13,-5],[-5,-53],[-17,-38],[-40,-10]],[[27575,39912],[-10,53],[1,228]],[[26524,31950],[89,-2],[19,12]],[[26632,31960],[1,-87],[-15,-15],[0,-48],[-16,-64],[2,-105]],[[26604,31641],[-9,-40]],[[26595,31601],[-27,-16]],[[26568,31585],[-8,127],[-3,100],[-10,-28],[-18,58],[-5,108]],[[26102,35599],[61,-24]],[[26163,35575],[-12,-50],[10,-79],[7,-3]],[[26168,35443],[-9,-206],[-13,-221]],[[26146,35016],[-40,-15]],[[26106,35001],[-16,135],[7,82],[-13,-5],[-7,81],[-13,4],[-2,78]],[[26062,35376],[6,37],[-7,66],[11,-42],[15,30],[9,50],[6,82]],[[28083,40811],[68,0]],[[28151,40811],[175,-5]],[[28326,40806],[-11,-68],[5,-14],[-11,-82],[-12,-37],[-14,-212],[2,-53],[-17,-275]],[[28268,40065],[-12,-5]],[[28256,40060],[-11,39],[7,83],[-8,77],[-7,2],[-2,96],[-8,25]],[[28227,40382],[0,45],[-11,-5],[-7,80],[16,24],[0,60],[-15,24],[1,-32],[-17,38],[-18,-32],[-4,34]],[[28172,40618],[-21,109],[-24,32],[-23,-143],[-19,32]],[[28085,40648],[-2,74],[8,33],[-8,56]],[[25192,30241],[0,27],[49,0]],[[25241,30268],[94,-4]],[[25335,30264],[-1,-53]],[[25334,30211],[-11,-587]],[[25323,29624],[-21,1],[-13,-110],[-10,-25],[-25,-17],[-5,-26]],[[25249,29447],[5,56],[-62,0],[0,246]],[[23826,36515],[122,-19]],[[23948,36496],[31,-3]],[[23979,36493],[-1,-272],[4,0],[-1,-339]],[[23981,35882],[-151,18]],[[23830,35900],[1,342],[-6,2]],[[23825,36244],[1,271]],[[16004,51168],[60,0],[0,490],[11,0],[0,333]],[[16075,51991],[29,15],[34,-65],[9,-120],[14,6],[19,81],[34,6],[8,-29]],[[16222,51885],[5,-98],[-4,-50],[8,-64],[16,-31],[-7,-156],[-31,-225],[-6,26],[-11,-58],[0,-130],[10,-42],[33,0],[40,-125],[-1,-90],[62,0]],[[16336,50842],[3,-29]],[[16339,50813],[5,-164],[-3,-55],[14,-106],[-5,-53],[23,-83]],[[16373,50352],[-198,3],[-179,5],[-8,8]],[[15988,50368],[6,104]],[[15994,50472],[5,37],[-20,74],[-5,124],[7,48],[17,2],[17,53],[-2,99],[-8,-4],[-15,165],[18,45],[-4,53]],[[25381,47958],[69,2]],[[25450,47960],[-4,-153],[-20,-172],[-9,-251],[5,-82]],[[25422,47302],[-47,0]],[[25375,47302],[0,328],[6,0],[0,328]],[[26209,31201],[5,66]],[[26214,31267],[0,-13],[35,2],[3,32]],[[26252,31288],[14,-47],[33,2],[25,-50]],[[26324,31193],[0,-64]],[[26325,30875],[-23,0],[0,-31],[-56,3],[-5,-27],[-15,16]],[[26226,30836],[-22,16],[-7,114],[6,3],[0,147],[7,1],[-1,84]],[[25232,41856],[32,1]],[[25264,41857],[-1,-119],[0,-635]],[[25263,41103],[0,-164],[-3,0]],[[25260,40939],[-76,2]],[[25184,40941],[1,492]],[[23992,47342],[131,0]],[[24123,47342],[0,-572]],[[24123,46770],[-131,0]],[[23992,46770],[1,190],[-1,382]],[[24032,27454],[6,106],[-1,87],[10,49],[0,84],[29,0]],[[24076,27780],[24,0],[19,-19],[14,-53],[0,-94],[29,-1],[0,-163]],[[24162,27450],[0,-164]],[[24162,27286],[-58,2],[1,-80],[-44,0]],[[24061,27208],[-28,1],[-1,245]],[[26271,47815],[66,0]],[[26337,47815],[67,0]],[[26404,47815],[0,-632]],[[26404,47183],[0,-19]],[[26404,47164],[-131,1]],[[26273,47165],[1,325],[-3,0],[0,325]],[[21832,42640],[155,0]],[[21987,42640],[67,-1]],[[22054,42639],[0,-489],[-32,0],[1,-163]],[[22023,41987],[-29,-3]],[[21994,41984],[-156,-1]],[[21838,41983],[-6,0]],[[21832,41983],[-1,574],[1,83]],[[22254,55528],[213,0]],[[22467,55528],[0,-489]],[[22467,55039],[-214,2]],[[22253,55041],[1,487]],[[26668,43185],[86,3]],[[26754,43188],[0,-543]],[[26754,42645],[-54,-2],[0,-27],[-32,-2]],[[26642,42860],[0,163],[10,0],[0,82],[6,0],[0,80],[10,0]],[[23728,46278],[1,492]],[[23729,46770],[131,2]],[[23860,46772],[0,-656]],[[23860,46116],[-131,0]],[[23729,46116],[-1,162]],[[20919,47837],[294,-1]],[[21213,47836],[0,-892]],[[21213,46944],[-141,1]],[[21072,46945],[-152,0]],[[20920,46945],[0,555],[-1,337]],[[21468,29773],[145,12]],[[21613,29785],[2,-815]],[[21615,28970],[-144,-10]],[[21471,28960],[-3,624],[0,189]],[[22477,25767],[86,296],[-15,142]],[[22548,26205],[57,188]],[[22605,26393],[66,-647]],[[22671,25746],[-115,-390]],[[22556,25356],[-25,-89]],[[22531,25267],[-54,500]],[[19263,42852],[6,-8]],[[19269,42844],[0,-1877]],[[19269,40967],[-150,1],[-2,8],[-93,4]],[[19024,40980],[0,162],[-10,0]],[[19014,41142],[-3,995],[1,469]],[[19012,42606],[2,82],[25,-25],[15,66],[26,-13],[6,43],[21,-10],[20,37],[31,18],[13,60],[20,27],[43,-50],[21,24],[8,-13]],[[22467,55687],[144,0]],[[22611,55687],[-1,-648],[7,0],[0,-161]],[[22617,54878],[-141,0]],[[22476,54878],[0,161],[-9,0]],[[22467,55528],[0,159]],[[21233,53735],[147,0],[85,4]],[[21465,53739],[12,-2],[2,-649],[13,0],[0,-147]],[[21492,52941],[-139,2],[0,145],[-119,-4]],[[21234,53084],[-1,651]],[[21613,30686],[26,0]],[[21639,30686],[120,0]],[[21759,30686],[0,-895]],[[21759,29791],[-146,-6]],[[21613,29785],[0,901]],[[22278,42566],[17,-11],[59,-5],[22,42],[28,29]],[[22404,42621],[0,-635]],[[22404,41986],[-126,0]],[[16499,30246],[18,-11],[13,-36],[15,8],[19,-69],[19,-6],[7,63],[20,-33],[-11,-69],[-28,-17],[-17,-50],[-42,38],[-1,98],[-12,84]],[[16408,30105],[22,12],[9,34],[13,-13],[13,31],[0,-77],[18,-21],[1,-77],[-41,-87],[-16,59],[-19,139]],[[16352,30172],[16,27],[6,45],[6,-56],[13,-42],[-21,-9],[-20,35]],[[16296,31926],[4,-29],[39,63],[17,-15],[29,-111],[5,-42],[5,50],[-11,143],[20,37],[14,-9],[8,30],[11,110],[17,35],[28,-108],[15,5],[7,-45],[13,-6],[7,-50],[24,-60],[20,-1],[16,-42],[22,-100],[18,8]],[[16624,31789],[8,-1]],[[16632,31788],[0,-767],[-1,-163],[-9,-51]],[[16622,30807],[-22,68],[-32,6],[-16,-39],[-18,41],[-22,-17],[-37,97],[-23,0],[-15,24],[-44,-11],[-48,-36],[-1,50],[-13,106],[-16,49],[-12,-7],[-6,52],[13,229],[-11,97],[8,191],[-17,87],[6,132]],[[21170,40517],[98,4]],[[21268,40521],[65,2],[145,10]],[[21478,40533],[0,-12]],[[21478,40521],[0,-496],[1,-317]],[[21479,39708],[0,-162]],[[21479,39546],[-90,-2],[-99,-11],[-122,-5]],[[21168,39528],[2,170],[0,819]],[[26168,35443],[-5,60],[32,-111],[15,59]],[[26210,35451],[11,-96],[6,-95],[-5,-72],[6,-78],[0,-98],[7,-16]],[[26235,34996],[-84,21]],[[26151,35017],[-5,-1]],[[23313,48530],[3,0]],[[23316,48530],[-1,-649]],[[23315,47881],[-113,-2]],[[23202,47879],[-53,0]],[[23149,47879],[0,653]],[[21680,41986],[152,-3]],[[21838,41983],[-1,-327],[1,-323]],[[21838,41333],[-158,2]],[[21680,41335],[0,651]],[[26283,43674],[96,1],[0,-83],[32,0],[0,-82]],[[26411,43510],[0,-326],[-16,-2]],[[26395,43182],[-112,-2]],[[26283,43180],[0,494]],[[22526,43937],[4,0],[-1,-242],[49,0],[13,54],[44,0],[0,28],[53,3],[1,159]],[[22689,43939],[29,2],[0,-118]],[[22654,43526],[-16,-111],[-32,-68],[-25,-128],[-16,-48],[-38,-216]],[[22527,42955],[-1,333]],[[15809,55885],[113,-5],[243,8]],[[16165,55888],[15,-124],[-16,-53],[-3,-74],[6,-91]],[[16167,55546],[-17,-13],[-1,-44],[-15,-3],[-23,-161],[-32,-109],[-3,-92],[2,-148],[25,-22],[3,-42],[-10,-64],[14,-23],[4,-136],[-26,-12],[4,-85]],[[16092,54592],[-17,-6],[-13,61],[-26,3],[-23,77],[-15,-16],[-22,42],[-12,-56],[-17,22],[-9,-32],[-17,64],[-28,42],[-14,118],[-53,0],[-23,117]],[[15803,55028],[26,53],[0,80],[-8,94],[-8,17],[6,57],[-7,40],[-10,138],[21,63],[-23,91],[16,132],[-7,92]],[[15773,55100],[4,169],[10,116],[12,-84],[-2,-93],[19,-51],[-18,-44],[-5,-42],[-18,-19],[-2,48]],[[22136,44585],[130,2]],[[22266,44587],[2,0]],[[22268,44587],[0,-648],[3,-2]],[[22271,43937],[-1,-649]],[[22270,43288],[-61,0]],[[22209,43288],[-223,0]],[[21986,43288],[-3,0],[1,437],[-1,212],[-4,0]],[[27057,26881],[15,-19]],[[27072,26862],[22,11],[21,-69],[10,-159]],[[27125,26645],[7,-90],[10,-29]],[[27142,26526],[-12,-77]],[[27130,26449],[-35,5],[-26,58],[-12,369]],[[20184,37279],[30,-2],[0,-162],[153,2]],[[20367,37117],[-1,-651]],[[20366,36466],[-125,-4],[-53,8]],[[20188,36470],[-9,2]],[[20179,36472],[0,487],[5,0],[0,320]],[[23334,47421],[132,0]],[[23466,47421],[0,-646]],[[23466,46775],[-132,0]],[[23334,46775],[0,646]],[[23525,44145],[128,-2]],[[23653,43495],[-64,0]],[[23589,43495],[-64,2]],[[23525,43497],[1,323],[-1,325]],[[22008,39705],[151,1]],[[22159,39706],[4,0]],[[22163,39706],[-2,-816]],[[22161,38890],[-155,1]],[[22006,38891],[2,814]],[[23986,49183],[2,0]],[[23988,49183],[101,-3]],[[24089,49180],[0,-648],[-3,0]],[[24086,48532],[-100,-2]],[[23986,48530],[0,653]],[[25166,28767],[40,0]],[[25206,28767],[101,3]],[[25307,28770],[-10,-556]],[[25297,28214],[-2,-116]],[[25295,28098],[-129,-6]],[[25166,28092],[0,675]],[[22655,42637],[127,0]],[[22782,42637],[0,-651]],[[22656,41986],[-1,0]],[[22655,41986],[0,651]],[[26681,40165],[30,260]],[[26857,40335],[-2,-188]],[[26855,40147],[-4,-299]],[[26845,39774],[-158,55]],[[26687,39829],[2,98],[-13,32],[5,206]],[[23779,43503],[65,-1]],[[23844,43502],[0,-492]],[[23844,43010],[-128,-2]],[[23716,43008],[1,486]],[[22682,21160],[32,-209]],[[22714,20951],[-40,-193],[51,-361]],[[22725,20397],[-57,-274]],[[22668,20123],[-13,5],[-25,93],[-25,-56]],[[22605,20165],[-26,182]],[[22579,20347],[-26,178]],[[22553,20525],[129,635]],[[21403,25706],[9,0]],[[21412,25706],[142,0]],[[21554,25706],[0,-1069]],[[21554,24637],[-146,12]],[[21408,24649],[-2,210],[-3,847]],[[28055,35864],[23,50],[22,-6],[12,32]],[[28112,35940],[4,-56],[14,-63],[26,-85],[21,22]],[[28177,35758],[-6,-458]],[[28171,35300],[-24,39],[-2,-21],[-44,61],[-15,64],[-25,8],[-20,61]],[[28041,35512],[14,352]],[[22072,53742],[130,-3]],[[22202,53739],[115,-2]],[[22317,53737],[0,-651]],[[22317,53086],[-234,0]],[[22083,53086],[-11,2],[0,654]],[[22228,48691],[120,2]],[[22348,48693],[33,0]],[[22385,47878],[-140,1]],[[22245,47879],[4,58],[-16,93],[-1,66],[-9,76],[-23,-2],[0,58],[14,35],[-1,131],[12,30],[17,137],[-13,53],[-1,77]],[[22935,38565],[130,-2]],[[23064,37909],[0,-162],[-46,1]],[[23018,37748],[-89,-1]],[[22929,37747],[1,492],[5,0],[0,326]],[[21473,45088],[16,0],[1,164]],[[21490,45252],[162,-8]],[[21652,45244],[0,-652]],[[21652,44592],[-156,-2]],[[21496,44590],[-23,0],[0,498]],[[24454,43992],[0,328]],[[24454,44320],[130,-2]],[[24584,44318],[33,-1],[-1,-269]],[[24616,44048],[-17,5],[-23,-64],[-13,24],[-19,-34],[-8,-154]],[[24536,43825],[-82,5],[0,162]],[[26276,45207],[33,-3]],[[26309,45204],[96,5]],[[26405,45209],[1,-162],[0,-524]],[[26406,44523],[-11,-2]],[[26395,44521],[-113,-18]],[[26282,44503],[0,121],[-5,-2]],[[26277,44622],[-1,585]],[[24224,38215],[0,65],[22,58],[-10,55],[-3,79],[12,-29],[24,24],[6,45],[-5,82],[5,61]],[[24275,38655],[18,50],[21,124],[31,40],[9,40],[22,-6]],[[24376,38903],[2,1]],[[24378,38904],[-1,-302],[0,-476]],[[24377,38126],[-60,10],[-39,-10],[-55,8]],[[21486,58169],[146,0]],[[21632,58169],[0,-522],[13,0],[0,-325],[109,-2]],[[21754,57320],[0,-162]],[[21754,57158],[-218,2],[0,487],[-50,1],[0,163]],[[28177,35758],[10,-66],[22,2]],[[28209,35694],[13,14],[22,-45],[14,-107],[16,-37]],[[28274,35519],[0,-339],[-31,-316]],[[28243,34864],[-37,-1]],[[28206,34863],[-41,0]],[[28165,34863],[6,437]],[[13345,69571],[9,37],[10,-45],[-5,-83],[-16,54],[2,37]],[[13277,69306],[61,90],[7,-128],[13,-23],[-20,-109],[-24,-2],[-33,101],[-4,71]],[[13239,69298],[26,105],[8,-41],[-26,-93],[-8,29]],[[13170,70081],[4,106],[6,2],[52,-217],[-12,-45],[-1,-110],[-15,-178],[-23,119],[-9,181],[-2,142]],[[13078,70584],[26,44],[7,85],[18,-20],[14,34],[-4,71],[12,96],[-19,119],[19,98],[13,16],[5,55],[-9,47],[20,143],[27,16],[13,-19],[7,91],[34,-85],[13,-72],[32,-7],[2,98],[-18,127],[22,41],[26,94],[6,-49],[40,40],[25,99],[-15,145],[-12,68],[6,70]],[[13388,72029],[85,-72],[44,-188],[43,-44],[12,-191],[50,-83]],[[13622,71451],[-12,-92],[20,-88],[-20,-5],[-8,-53],[-20,-49],[28,-106],[-1,-54],[40,-169]],[[13649,70835],[1,-98],[10,-60],[-5,-191],[11,-156],[13,-87],[6,-212],[13,-104],[-36,-168],[-22,-189],[-1,-53],[-24,-167],[-52,-235],[-31,-105],[-25,-54],[7,-36],[-14,-48],[-15,66],[-1,90],[-13,39],[-1,-71],[-12,-32],[-18,25],[-13,84],[-4,174],[3,91],[-17,53],[8,166],[-9,10],[-16,90],[-6,102],[30,102],[17,101],[15,-13],[-3,121],[-11,132],[14,196],[-9,305],[-10,108],[-43,263],[-22,89],[-12,77],[-7,-55],[23,-99],[25,-137],[7,-116],[22,-144],[10,-211],[-16,-69],[-2,-127],[7,-148],[11,-100],[-9,-45],[-11,155],[-8,19],[3,-113],[-4,-119],[-36,-164],[-14,-8],[-24,79],[19,118],[11,117],[-3,61],[-25,-16],[10,-116],[-8,-67],[-33,-90],[-7,1],[-23,174],[-11,-72],[-25,86],[-17,29],[-12,81],[-28,109],[0,122],[31,50],[22,82],[-20,76],[7,120],[-9,63],[23,71],[3,38],[-18,2],[-3,119],[7,69],[-41,-28],[6,-72],[11,-26],[-1,-59],[-13,-137],[-1,-96],[-19,-118],[-18,21],[7,-149],[-10,-69],[-24,83],[-25,36],[-14,133]],[[23805,33411],[50,-9]],[[23855,33402],[-1,-55],[99,-10]],[[23953,33337],[-1,-246],[-14,4],[-1,-245],[-20,2],[-1,-267]],[[23916,32585],[-8,22],[-26,-20],[2,62],[-7,129],[-16,-64],[-6,25],[-30,-53],[-12,44],[-12,-55]],[[23801,32675],[4,736]],[[27049,18212],[136,1]],[[27185,18213],[0,-573]],[[27185,17640],[-137,-4]],[[27048,17636],[1,576]],[[26647,27206],[75,246]],[[26722,27452],[25,-301]],[[26747,27151],[-10,55],[-36,-204],[4,-40],[-16,-93]],[[26647,27111],[0,95]],[[24581,41525],[60,0],[5,-97],[20,-51],[0,-82],[26,12]],[[24692,41307],[1,-38],[-12,-124],[-9,-46]],[[24672,41099],[4,-71]],[[24676,41028],[-90,5],[-6,6]],[[24580,41039],[1,486]],[[24948,37998],[124,-13]],[[25078,37821],[3,-124],[-4,-13],[-8,-177],[-5,-13]],[[25064,37494],[-116,10]],[[24948,37504],[1,302],[-1,192]],[[25604,39943],[0,490],[11,-2],[0,163]],[[25615,40594],[52,-3]],[[25667,40591],[0,-246],[21,0]],[[25688,40345],[-2,-246],[-30,0],[0,-327]],[[25656,39772],[-52,8]],[[25604,39780],[0,163]],[[24455,45627],[65,-2]],[[24520,45625],[65,-1]],[[24585,45624],[0,-489]],[[24585,45135],[0,-164]],[[24585,44971],[-131,3]],[[24454,44974],[1,653]],[[23399,53247],[118,0]],[[23517,53247],[3,-32],[19,-5]],[[23539,53210],[1,-124],[0,-654],[1,-298]],[[23541,52134],[-138,-1]],[[23403,52133],[0,299],[-2,0],[0,324]],[[23401,52756],[0,330],[-2,161]],[[23856,52060],[104,-8]],[[23960,52052],[0,-321],[33,-2],[1,-273]],[[23994,51456],[-21,5],[-116,1]],[[23857,51462],[0,269]],[[23857,51731],[-1,329]],[[26862,43193],[81,-6]],[[26943,43187],[4,0],[1,-333],[8,-13],[2,-151],[11,0],[1,-322]],[[26970,42368],[-11,-8],[-69,-1]],[[26890,42359],[-1,297],[-28,5]],[[26861,42661],[1,532]],[[25223,33450],[11,66],[108,-15]],[[25342,33501],[-3,-373],[-14,-165],[0,-198]],[[25325,32765],[-33,-8]],[[25292,32757],[-1,138],[-14,-19],[-26,55],[-11,69],[-5,72],[-14,2]],[[25221,33074],[2,376]],[[21554,25706],[142,0]],[[21696,25706],[0,-177]],[[21696,25529],[0,-53]],[[21696,25476],[-2,-840]],[[21694,24636],[-140,1]],[[21746,33132],[152,0]],[[21898,33132],[1,-816]],[[21899,32316],[-153,-3]],[[21746,32313],[0,819]],[[21446,33948],[151,0]],[[21597,33948],[0,-807]],[[21597,33141],[0,-8]],[[21446,33133],[0,15]],[[21446,33148],[0,800]],[[22340,28974],[149,-3]],[[22489,28971],[-2,-726]],[[22487,28245],[0,-103],[-41,3]],[[22446,28145],[-105,5]],[[22341,28150],[0,615],[-1,209]],[[24715,47320],[22,16],[25,-23],[19,-62]],[[24781,47251],[31,-7],[23,63],[27,-11],[18,33]],[[24880,47329],[0,-652]],[[24880,46677],[0,-82]],[[24880,46595],[-164,-2]],[[24716,46593],[-1,727]],[[18134,35422],[0,294]],[[18134,35716],[24,-1],[193,1],[104,0]],[[18455,35716],[101,0]],[[18556,35716],[2,-90],[-12,-112],[-3,-84],[-10,-120],[1,-92],[-6,-111],[5,-148],[-9,-70],[-1,-81],[9,-56],[-6,-95],[4,-80],[-14,-94],[-12,9],[-1,-54],[-9,10],[-9,-71],[-20,-4],[-11,-54],[-22,-41],[-7,14],[-36,-136],[-17,-28],[-1,-61],[-8,-55],[-25,13],[-10,-106],[11,-148],[-5,-88],[7,-93],[-7,-114],[0,-515]],[[18334,32961],[0,-2265]],[[18334,30696],[-10,-48],[-45,34],[-21,-151],[-27,-36],[-8,56],[-28,-32],[-5,53],[-22,-3],[-28,19],[-11,57],[-19,24]],[[18110,30669],[-11,87],[-14,30],[-31,161],[-13,11],[1,135],[-13,116],[1,35],[-13,192],[-23,101],[-7,111],[-16,91],[1,237]],[[17972,31976],[0,67],[8,50],[-12,71],[21,69],[0,114],[-9,288],[-6,104],[-11,76],[-4,93],[6,58],[0,166],[-9,61],[3,62],[-7,50],[3,82],[-5,95],[4,90],[9,39],[-10,49],[-12,156],[4,69],[-7,129],[25,50],[9,47],[5,-23],[12,40],[17,-1],[2,-41],[24,31],[13,-5],[18,-114],[-2,-45],[21,-82],[24,18],[24,294],[5,24],[1,370],[-2,437],[0,408]],[[17370,52289],[18,70],[-8,90],[16,102]],[[17396,52551],[15,-2],[0,66],[19,-6],[14,-50],[4,70],[0,174],[9,21],[9,100],[8,11],[33,-66],[13,10],[19,-31],[11,103],[30,3],[8,26],[-22,75],[-10,66],[-12,132]],[[17544,53253],[11,-34],[13,15],[12,-27],[17,-99],[36,-22],[20,-29],[8,56],[5,122],[27,140],[1,68],[289,300]],[[17983,53743],[14,26],[18,-29],[15,53],[26,0]],[[18056,53793],[3,-93],[-9,-193],[-14,-18],[9,-117],[-14,-91],[-1,-185],[-13,-39],[6,-48],[1,-127],[-18,-15],[-3,-72],[17,-56],[-2,-58],[-11,-66],[6,-58],[21,-42],[-6,-78],[13,-87],[-7,-69],[-9,17],[-20,-38],[-14,-126],[19,-133],[-1,-64],[-18,-58],[8,-58],[-6,-77]],[[17993,51744],[-21,-87],[-8,-90],[-12,40],[-25,31],[0,-135],[21,-76],[14,-100],[18,-88],[-20,-116],[-5,-69]],[[17955,51054],[-242,-2],[-115,-1],[0,45],[-29,-124],[-12,11],[-6,-96]],[[17551,50887],[-45,3],[6,37],[-16,260],[-96,0]],[[17400,51187],[3,87],[24,241],[10,37],[1,89],[24,173],[-7,87],[-13,79],[0,85],[-16,77],[-19,4],[-10,75],[-18,-8],[-9,76]],[[24846,25219],[38,-1],[0,82],[47,0]],[[24931,25300],[0,-807]],[[24931,24493],[-20,0]],[[24911,24493],[-30,-2]],[[24881,24491],[0,137],[-24,0],[-5,109],[-19,-2],[0,81],[-7,11],[-2,289]],[[24824,25116],[0,110],[22,-7]],[[20730,53703],[0,82],[35,0],[0,53]],[[20765,53838],[53,0],[18,-27],[0,-53],[86,0]],[[20922,53758],[0,-188]],[[20922,53570],[0,-489]],[[20922,53081],[-1,-524],[1,-103]],[[20922,52454],[0,-117]],[[20922,52337],[-25,0],[0,162],[-71,3],[0,158],[-35,0],[0,153],[-103,0]],[[20688,52813],[0,331],[-6,0],[0,315],[48,0],[0,244]],[[23982,38883],[62,-16]],[[24044,38867],[-1,-164],[61,-310]],[[24084,38002],[-17,-17],[-2,-44],[-55,15],[8,43],[-8,15],[-5,-57],[-22,139],[-5,-16]],[[23978,38080],[2,498]],[[24039,41971],[48,0]],[[24087,41971],[93,7]],[[24180,41978],[1,-82]],[[24181,41896],[1,-497]],[[24182,41399],[-140,0]],[[24042,41399],[-3,0]],[[24039,41399],[0,572]],[[22782,43942],[23,8],[9,-30]],[[22814,43920],[21,-15],[45,69],[31,81]],[[22911,44055],[0,-7]],[[22911,44048],[-1,-111],[0,-651]],[[22910,43286],[-128,2]],[[18660,45066],[15,2]],[[18675,45068],[168,3]],[[18843,45071],[10,-137],[-11,-29],[5,-45],[-4,-63],[13,-65],[5,-155],[7,-25],[-2,-89],[6,-42],[-7,-58],[-1,-127],[-13,-96],[-9,-148]],[[18842,43992],[-30,-2],[-9,-27],[-5,40],[-16,-98],[-10,-14],[-10,43],[-11,-8],[-13,73]],[[18738,43999],[-9,69],[11,21],[-17,143],[-12,-33],[-7,184],[-10,148],[2,104],[7,53],[-21,203],[-9,37],[-13,138]],[[25722,26997],[5,-61],[7,61],[-2,97],[17,19],[2,-79],[8,-14],[8,83],[10,15],[1,-58],[19,-10],[3,-54],[11,8]],[[25811,27004],[6,-25],[-3,-88],[22,-74],[0,-363]],[[25836,26454],[1,-163],[-12,2]],[[25825,26293],[-114,-5]],[[25711,26288],[0,161],[-14,0]],[[25697,26449],[-1,331],[28,0],[-15,87],[10,64],[-6,44],[9,22]],[[12288,77532],[20,-122],[72,-60],[6,-106],[32,-116],[23,2],[28,-174],[-7,-110],[24,-31]],[[12486,76815],[-173,5],[-4,11],[-61,3]],[[12248,76834],[-9,193],[-21,217],[-32,187],[-36,59],[-5,-26],[28,-61],[4,-66],[17,-62],[20,-211],[-15,18],[-34,225],[-22,58],[-22,16],[41,-148],[13,-137],[17,-46],[-7,-156],[9,-142],[13,-37],[-5,-38],[27,-200],[3,-88],[25,-223],[2,-52],[-14,18],[27,-328],[9,-137],[1,-111],[-12,13],[-1,-98],[12,-103],[-29,37],[-19,52],[-14,-7],[-18,69],[-29,241]],[[12172,75760],[-14,171],[16,43],[23,-42],[11,31],[-26,145],[3,53],[-38,93],[-5,66],[-39,61],[-14,-3],[10,170],[51,126],[-22,43],[11,88],[-36,124],[-7,80],[4,78],[-25,64],[-9,-5],[-22,72],[-28,13],[-31,44],[-12,-40],[-10,57],[-46,31],[-25,56],[-10,-9]],[[11882,77370],[5,46],[-2,339],[29,-30],[19,29],[19,111],[-1,66],[-31,75],[44,76],[67,42],[66,127]],[[12199,76921],[15,-114],[0,-74],[-10,47],[-5,141]],[[26494,29214],[32,235],[4,173]],[[26530,29622],[44,-181],[7,-2],[15,-92]],[[26596,29347],[-1,-131]],[[26595,29216],[2,-74],[-18,-20],[-29,-115],[4,-41],[-9,-46]],[[26545,28920],[-14,91],[-3,50]],[[26528,29061],[-6,71],[-26,26],[-2,56]],[[25766,40584],[54,-2],[0,55],[39,3]],[[25859,40640],[21,4]],[[25880,40644],[-1,-547]],[[25879,40097],[-36,-3]],[[25843,40094],[-69,1],[0,12]],[[25774,40107],[-1,231],[-15,0]],[[25758,40338],[0,82],[10,68],[-2,96]],[[24035,44153],[32,0]],[[24067,44153],[96,1]],[[24163,44154],[1,-651]],[[24164,43503],[-65,0]],[[24099,43503],[-64,-1]],[[24035,43502],[0,651]],[[23313,49181],[99,-1]],[[23481,49017],[0,-487]],[[23481,48530],[-165,0]],[[24972,29580],[88,2],[0,31]],[[25104,29614],[0,-198],[4,4],[0,-137]],[[25108,29283],[-19,-2],[0,-53]],[[25089,29228],[-26,-1],[-38,-68],[-6,-50],[-12,-17]],[[25007,29092],[-34,-2],[-1,408]],[[24972,29498],[0,82]],[[22910,43286],[0,-651],[-1,0]],[[22909,42635],[-127,2]],[[22782,42637],[0,651]],[[27145,42161],[11,-2],[0,354],[6,3]],[[27162,42516],[50,39],[42,-6]],[[27254,42549],[-1,-160],[16,-3],[-2,-246]],[[27267,42140],[-1,-243],[-17,2],[-1,-169]],[[27248,41730],[-79,13]],[[27169,41743],[2,275],[-27,5],[1,138]],[[22715,48532],[67,0]],[[22782,48532],[67,-2]],[[22849,48530],[0,-652]],[[22773,47879],[-57,0]],[[22716,47879],[-1,653]],[[25974,32514],[2,77],[7,34],[-2,61],[0,254],[3,13]],[[25984,32953],[15,-35],[33,45],[27,5]],[[26059,32968],[20,-84],[0,-103],[14,-48],[-6,-90],[-15,-73]],[[26072,32570],[-41,-53],[4,-96],[-14,-45],[-28,48],[-8,-34]],[[25985,32390],[-11,124]],[[21597,33948],[149,0]],[[21746,33948],[0,-805]],[[21746,33143],[-149,-2]],[[28123,39816],[3,25],[14,-37],[-13,-101],[-4,113]],[[24878,50096],[99,2],[74,-8]],[[25051,50090],[0,-820]],[[25051,49270],[-104,4]],[[24947,49274],[-35,4]],[[24912,49278],[-1,493],[-33,0],[0,325]],[[24406,51879],[240,1]],[[24646,51880],[0,-487]],[[24646,51393],[-69,3],[0,-164]],[[24577,51232],[-171,0]],[[24406,51232],[0,647]],[[25907,33758],[19,21],[19,-8]],[[25945,33771],[5,-14],[30,-179],[1,-33]],[[25981,33545],[-8,-32],[-23,-208],[4,-96]],[[25954,33209],[-15,-32],[-30,35],[-17,79]],[[25892,33291],[6,111],[4,226],[8,57],[-3,73]],[[18805,40980],[110,0]],[[18915,40980],[0,-203]],[[18915,40777],[0,-445],[-15,0],[1,-814]],[[18901,39518],[-154,2],[0,24],[-45,0]],[[18702,39544],[-1,503]],[[18701,40047],[0,42],[16,0],[0,55],[10,29],[49,1],[0,145],[10,0],[-2,439],[37,85],[0,82],[-10,0],[-6,55]],[[22051,28974],[145,4]],[[22196,28978],[0,-828]],[[22196,28150],[-39,0]],[[22157,28150],[-105,6]],[[22052,28156],[-1,818]],[[24325,44814],[129,-4]],[[24454,44810],[0,-490]],[[24454,43992],[-32,2]],[[24422,43994],[-9,80],[-1,84],[-87,0]],[[24325,44158],[1,167],[-2,161],[1,328]],[[25933,44097],[0,-81]],[[25933,44016],[1,-492],[-6,0]],[[25819,43521],[0,490]],[[25819,44011],[0,81],[114,5]],[[17304,58169],[171,2],[103,1]],[[17578,58172],[0,-932]],[[17578,57240],[-205,-3],[-1,649],[-68,-1]],[[17304,57885],[0,284]],[[26046,44180],[128,5]],[[26174,44185],[1,-490]],[[26175,43695],[-33,0]],[[26142,43695],[-64,5],[1,53],[-33,0]],[[26046,43753],[0,265]],[[26046,44018],[0,162]],[[23805,45463],[65,0]],[[23870,45463],[65,0]],[[23935,44815],[-33,0]],[[23902,44815],[-97,2]],[[23805,44817],[0,646]],[[24936,43479],[48,0]],[[24984,43479],[38,-1],[-8,-82],[54,0]],[[25068,43396],[32,1],[0,-336]],[[25100,43061],[-31,4],[-87,-12]],[[24982,43053],[7,98],[-53,0]],[[24936,43151],[0,328]],[[24164,43503],[64,2]],[[24228,43505],[0,-492]],[[24228,43013],[-128,-2]],[[24100,43011],[-1,492]],[[26251,33398],[33,119],[5,0]],[[26289,33517],[12,-86],[-5,-47],[9,-2]],[[26305,33382],[1,-114],[-17,-34],[0,-147],[-8,-25],[4,-61],[-20,8],[-4,-27],[7,-74],[-11,-30],[-3,-65],[-9,-21],[-11,61],[0,-57],[-11,-57]],[[26223,32739],[-14,50],[-9,-14],[-8,54]],[[26192,32829],[-5,63],[13,80],[-2,69],[17,89],[36,268]],[[24581,41690],[1,172]],[[24582,41862],[64,-11],[64,-5]],[[24710,41846],[-1,-164],[70,-8]],[[24779,41674],[-4,-63],[-15,8],[-24,-58]],[[24736,41561],[-20,-118],[-5,-86],[-19,-50]],[[24581,41525],[0,165]],[[25174,32437],[18,-2],[8,118],[7,17],[7,79],[19,39],[58,-2]],[[25291,32686],[-5,-722]],[[25286,31964],[-113,0]],[[25173,31964],[1,473]],[[21197,28957],[1,341]],[[21198,29298],[2,475]],[[21200,29773],[120,2]],[[21320,29775],[5,-609],[1,-209]],[[26149,34839],[5,79],[-3,99]],[[26235,34996],[53,-22]],[[26288,34974],[15,-148]],[[26303,34826],[-15,0],[-22,85],[-22,21],[-28,-42],[-1,-42],[-12,-69],[-4,-167],[-5,-6]],[[26194,34606],[-7,91],[-15,85],[-23,57]],[[22474,37911],[72,0],[0,-28],[21,2],[0,27],[61,0]],[[22628,37912],[61,0]],[[22689,37912],[0,-492]],[[22689,37420],[1,-329],[-30,-2]],[[22660,37089],[-183,-3]],[[22477,37086],[-2,172]],[[22475,37258],[-1,653]],[[22404,41986],[125,-2]],[[22529,41984],[1,0]],[[22530,41984],[0,-649]],[[22530,41335],[-64,-2]],[[22466,41333],[-62,0]],[[22404,41333],[0,653]],[[26220,36896],[1,90]],[[26221,36986],[78,65]],[[26299,37051],[11,-29],[14,-85],[-1,-34]],[[26323,36903],[-18,-81],[-34,-80]],[[26271,36742],[-15,-30],[-29,3],[-10,21]],[[26217,36736],[3,160]],[[25524,42222],[0,26]],[[25524,42248],[0,460]],[[25524,42708],[72,0]],[[25596,42708],[47,0]],[[25643,42708],[1,-325]],[[25644,42383],[1,-164]],[[25645,42219],[-121,3]],[[23597,47421],[0,460]],[[23597,47881],[55,-2]],[[23652,47879],[77,-1]],[[23729,47878],[0,-457]],[[23729,47421],[0,-651]],[[23729,46770],[-132,2]],[[23597,46772],[0,649]],[[24936,39457],[14,0],[2,55],[92,-2]],[[25044,39510],[-2,-53],[1,-482]],[[25043,38975],[-96,3]],[[24947,38978],[0,246],[-11,-1],[0,234]],[[21597,34779],[150,0]],[[21747,34779],[-1,-828]],[[21746,33951],[0,-3]],[[21597,33948],[0,831]],[[24064,44815],[0,-489],[3,0],[0,-173]],[[24035,44153],[-127,-2]],[[23908,44151],[0,174],[-6,0],[0,490]],[[23302,38970],[124,-1]],[[23426,38969],[-2,-82],[0,-571]],[[23424,38316],[-124,1]],[[23300,38317],[0,82]],[[23300,38399],[0,489],[2,82]],[[23972,43502],[63,0]],[[24100,43011],[-128,-1]],[[23972,43010],[0,492]],[[21699,54923],[17,-29],[3,57],[35,25],[23,-80],[-5,-85],[8,-89]],[[21780,54722],[6,-33],[5,-116],[12,-56],[1,-47],[-16,-74]],[[21788,54396],[-96,-3],[-135,0]],[[21557,54393],[0,487],[142,0],[0,43]],[[23287,44817],[129,0]],[[23416,44817],[0,-489],[15,0],[0,-183]],[[23431,44145],[-32,1]],[[23399,44146],[-96,2]],[[23303,44148],[0,180],[-17,0],[1,27],[0,462]],[[22648,49180],[134,0]],[[22782,49180],[0,-648]],[[22715,48532],[-67,1]],[[22648,48533],[0,647]],[[30040,44653],[16,-45],[10,-77]],[[30066,44531],[-3,-73],[-14,-66],[-6,68],[4,56],[-17,82]],[[30030,44598],[10,55]],[[28557,43492],[13,3],[41,222]],[[28611,43717],[11,61],[27,4]],[[28649,43782],[-2,-192],[11,-143],[14,13],[-1,-166],[7,-188]],[[28678,43106],[-22,-123],[-6,-153],[-20,-50]],[[28630,42780],[-9,109],[-25,-11],[-1,103],[-7,0]],[[28588,42981],[4,143],[-14,76],[-1,101],[-13,29],[-7,162]],[[25487,33114],[12,18],[8,64],[11,-44],[25,-27],[33,82]],[[25576,33207],[2,-47],[-6,-83],[19,-90],[3,-109],[-5,-73]],[[25589,32805],[-9,23],[-34,1],[0,-69],[-17,-11],[-2,-31],[-16,0]],[[25511,32718],[-9,71],[-11,11],[0,58],[-20,20]],[[25471,32878],[7,41],[2,79],[9,32],[-2,84]],[[23137,49995],[137,-2],[2,-164]],[[23276,49829],[1,-649]],[[23146,49183],[-5,0]],[[23141,49183],[0,648],[-4,1],[0,163]],[[22523,45889],[129,2]],[[22652,45891],[0,-651]],[[22652,45240],[1,-325]],[[22524,44913],[0,312],[-2,13]],[[22522,45238],[1,651]],[[22713,27399],[18,0]],[[22731,27399],[130,-11]],[[22861,27388],[0,-529]],[[22861,26859],[-109,-159],[0,-16]],[[22752,26684],[-10,-21],[-1,-53],[-15,30],[0,53],[-13,47]],[[22713,26740],[0,215]],[[22713,26955],[0,444]],[[22605,26393],[39,130]],[[22644,26523],[65,225],[4,-8]],[[22752,26684],[5,-8],[-10,-78],[7,-77],[-6,-50],[4,-93],[14,34],[13,-105],[-17,-77],[23,-77],[-7,-11],[15,-79],[13,3],[0,-38],[-12,-65],[14,-80]],[[22808,25883],[-92,-296]],[[22716,25587],[-23,232],[-22,-73]],[[24646,51880],[0,643]],[[24646,52523],[105,-1]],[[24751,52522],[72,1]],[[24823,52523],[0,-159]],[[24823,52364],[0,-640]],[[24823,51724],[0,-324]],[[24823,51400],[-116,-8],[-61,1]],[[24181,41896],[49,3],[62,-6]],[[24292,41893],[0,-82]],[[24292,41811],[-1,-576]],[[24291,41235],[-93,5]],[[24198,41240],[-16,2],[0,157]],[[24377,38126],[0,-252],[4,0]],[[24381,37874],[-1,-192],[-73,0],[-20,-77],[-15,2]],[[24272,37607],[-46,11]],[[26271,50421],[132,-7]],[[26403,50414],[0,-651]],[[26403,49763],[-64,8],[-69,0]],[[26270,49771],[1,650]],[[23785,49181],[68,0]],[[23853,49181],[33,0]],[[23886,49181],[0,-651]],[[23886,48530],[-67,0]],[[23819,48530],[-34,0]],[[23785,48530],[0,651]],[[24044,38867],[62,-8],[0,28],[33,426]],[[24139,39313],[15,-158],[18,-55],[-8,-83],[4,-47]],[[24168,38970],[-28,-582]],[[28474,42523],[22,138],[3,183],[14,129]],[[28513,42973],[0,6],[-17,74],[-6,89],[4,50],[2,146],[-8,51],[-2,73]],[[28486,43462],[4,35],[25,32],[16,-6]],[[28531,43523],[0,-151],[-11,-140],[-5,-130],[35,36],[18,-46],[12,-5],[-3,-45],[11,-61]],[[28630,42780],[-90,-219]],[[28540,42561],[-12,-8],[-48,-94],[-9,46]],[[28471,42505],[3,18]],[[22652,45240],[130,3]],[[22782,45243],[0,-651]],[[22782,44592],[-129,-2]],[[21112,45077],[139,-3],[46,6]],[[21297,45080],[6,2]],[[21303,45082],[-1,-330],[5,-160],[8,-2],[-1,-569]],[[21314,44021],[-204,-2]],[[21110,44019],[0,491]],[[21110,44510],[2,82],[0,485]],[[26470,45866],[32,-1],[98,14]],[[26600,45879],[31,7]],[[26631,45886],[3,-296],[1,-358]],[[26635,45232],[-65,-5]],[[26570,45227],[-66,-8],[-34,-13]],[[26470,45206],[-1,165],[1,495]],[[22782,44592],[32,0]],[[22814,44592],[0,-672]],[[22689,43939],[0,248],[-35,-2]],[[29915,49575],[16,10],[14,62],[7,73],[16,35],[-6,95],[11,21],[2,117],[-10,61],[-11,164],[15,84],[4,103],[18,120],[-13,143],[11,49]],[[29989,50712],[3,109],[18,103],[-3,24],[11,119],[-13,58],[18,17],[4,42],[22,68],[15,-98],[28,-8],[13,112]],[[30105,51258],[13,-1030],[8,-880]],[[30126,49348],[-10,-3],[1,-87],[-59,13],[-14,-196],[-2,-88],[-9,0],[-4,138],[-16,87]],[[30013,49212],[-8,69],[-18,26],[-19,-16],[-3,94],[-31,50],[-19,140]],[[28121,45071],[127,-2]],[[28248,45069],[39,2]],[[28287,45071],[3,-855]],[[28290,44216],[0,-119]],[[28290,44097],[-109,-8]],[[28181,44089],[-17,1],[-42,267]],[[28122,44357],[-1,222],[0,492]],[[26411,44109],[128,4]],[[26539,44113],[0,-137]],[[26539,43976],[1,-461]],[[26540,43515],[-97,-4]],[[26443,43511],[0,491],[-32,-2]],[[26411,44000],[0,109]],[[26203,48466],[135,3]],[[26338,48469],[-1,-654]],[[26271,47815],[-67,0]],[[26204,47815],[0,489],[-1,162]],[[24547,33630],[45,-8],[6,162]],[[24598,33784],[129,-6],[3,58]],[[24730,33836],[24,1]],[[24754,33837],[1,-554]],[[24755,33283],[-59,14],[-55,-5],[-95,7]],[[24546,33299],[1,331]],[[29793,48386],[6,70],[-1,103],[19,108],[0,136],[12,71],[12,111],[-6,36],[3,90]],[[29838,49111],[-7,59],[6,92],[-6,54],[10,98],[14,33],[40,19]],[[29895,49466],[7,13],[5,83],[8,13]],[[30013,49212],[0,-84],[8,-22],[1,-108],[10,-55],[-10,-86],[6,-200],[-57,-42],[9,-247]],[[29980,48368],[3,-119],[-35,-24],[-4,-147],[-19,-25],[1,-55]],[[29926,47998],[-9,8],[-16,-45],[-9,126],[-24,-155]],[[29868,47932],[-37,29],[-39,77],[-34,28]],[[29758,48066],[7,180],[9,70],[19,70]],[[12980,72606],[22,31],[9,74],[25,2],[13,53],[7,86],[17,87],[16,21],[12,-24]],[[13101,72936],[-2,-31],[70,-127],[-8,-98],[11,-94],[7,-195],[71,24],[31,-112],[83,-192],[24,-82]],[[13078,70584],[-7,127],[-16,113],[21,-47],[7,121],[27,59],[12,236],[-8,164],[10,92],[6,-34],[12,68],[7,148],[-21,-18],[-4,-93],[-19,-49],[-21,-98],[13,-181],[-8,-68],[-33,5],[-12,-69],[3,-48],[-17,-23],[-7,55],[4,108],[-19,37],[-12,205],[-32,-27],[0,-77],[-28,190],[-3,197],[8,40],[25,2],[7,106],[13,79],[30,19],[16,-116],[7,102],[-15,270],[9,5],[30,-73],[4,-95],[11,-51],[6,37],[-9,124],[-22,56],[-19,77],[-3,85],[-11,21],[-12,-40],[-10,79],[-23,51],[-5,92],[10,59]],[[12997,72213],[4,77],[9,-48],[-13,-29]],[[12977,71979],[2,47],[21,64],[21,-61],[-1,-35],[-24,-60],[-19,45]],[[12952,72174],[20,53],[17,84],[-5,-81],[-18,-120],[-14,64]],[[12848,71700],[7,85],[10,-39],[22,-156],[10,-109],[-13,-24],[-21,98],[-9,7],[-6,138]],[[12836,71938],[18,138],[21,48],[30,-32],[24,35],[28,-67],[4,-58],[-18,-85],[6,-132],[-16,-31],[-44,-35],[-23,105],[-24,46],[-6,68]],[[28332,38120],[-18,-10],[-5,55]],[[28309,38165],[17,19],[6,-64]],[[27403,32919],[13,0]],[[27416,32919],[123,-4]],[[27539,32915],[-59,-595]],[[27480,32320],[-12,43]],[[27468,32363],[-33,111],[-7,148],[-20,100],[3,27],[-8,170]],[[22317,53737],[167,2]],[[22484,53739],[113,-2]],[[22597,53737],[0,-651]],[[22597,53086],[-270,0]],[[22327,53086],[-10,0]],[[21972,57319],[36,1]],[[22008,57320],[182,-1]],[[22190,57319],[0,-325]],[[22190,56994],[-98,0],[-1,-654],[10,0],[0,-327]],[[22101,56013],[-71,2]],[[22030,56015],[-36,0]],[[21994,56015],[0,326],[-11,0],[0,653],[-11,0],[0,325]],[[24092,30878],[10,-2],[12,79],[51,-8],[0,82],[44,-3]],[[24209,31026],[11,-2]],[[24220,31024],[-1,-492],[-6,2],[0,-315]],[[24213,30219],[-29,-7]],[[24184,30212],[-10,29],[-9,77],[-25,53],[-51,10]],[[24089,30381],[3,497]],[[18971,46034],[1,252],[0,693]],[[18972,46979],[0,555]],[[18972,47534],[64,-4],[0,-146],[66,0]],[[19102,47384],[0,-204],[-3,0],[0,-650],[-10,0],[0,-130],[9,0],[0,-488],[14,0],[0,-320],[93,-13],[43,0]],[[19248,45579],[0,-494],[2,0],[0,-802]],[[19250,44283],[-150,2],[-128,1]],[[18972,44286],[-1,790]],[[18971,45076],[0,958]],[[24823,51400],[-1,-77],[1,-412]],[[24823,50911],[-43,0],[0,-162],[-33,0]],[[24747,50749],[-33,-5],[-136,0]],[[24578,50744],[-1,488]],[[28093,37599],[21,-52],[47,-138]],[[28161,37409],[-26,-265],[-1,-27]],[[28134,37117],[-6,-7],[-17,-103]],[[28111,37007],[-62,131],[-8,69]],[[28041,37207],[52,392]],[[16339,50813],[152,-3],[44,3]],[[16535,50813],[0,-137],[33,0]],[[16573,49389],[-68,0],[0,154],[-34,2],[0,91],[-102,-5],[0,238]],[[16369,49869],[0,370],[-5,63],[9,50]],[[19184,52903],[0,67]],[[19184,52970],[175,-3]],[[19359,52967],[0,-162],[14,0],[0,-164],[52,0]],[[19425,52641],[-1,-159],[-24,-2],[1,-166],[-12,2],[0,-164],[-5,0],[1,-326],[-34,0],[0,-82],[-35,1],[0,-82],[-34,0],[0,-324],[-37,0],[0,-332]],[[19245,51007],[-46,0],[0,332],[3,0],[0,745],[-1,71],[-20,0],[0,653],[3,95]],[[23037,49183],[104,0]],[[23145,48532],[-108,1]],[[23149,47879],[-112,0]],[[23037,47879],[0,654]],[[24547,56653],[16,58],[25,48],[14,-21],[0,-107],[17,-28],[-6,-41],[10,-78],[16,-4],[35,46],[6,-46],[25,24],[26,-29],[19,21],[48,12],[29,-45],[9,-106],[34,-85],[15,56],[20,15],[13,-32],[23,9],[11,-29],[25,36],[-27,-90],[-10,32],[-4,-55],[-17,-24],[-26,-93],[-37,-55],[-14,-59],[-52,-71],[-48,-87],[-15,-9],[-42,-73],[-4,-22],[-51,-124],[-37,-127],[-43,-172]],[[24550,55298],[1,792],[-2,28],[-2,535]],[[23886,49181],[100,2]],[[23986,48530],[-1,0]],[[23985,48530],[-99,0]],[[24454,37980],[0,-11],[76,0]],[[24530,37969],[0,-534],[-1,-334]],[[24529,37101],[-13,1],[-2,-82]],[[24514,37020],[-44,5],[1,164],[-62,3]],[[24409,37192],[1,680],[-2,0]],[[24408,37872],[-1,109],[47,-1]],[[23698,36369],[2,434]],[[23700,36803],[128,-16]],[[23828,36787],[-2,-272]],[[23825,36244],[-119,14]],[[23706,36258],[-9,2],[1,109]],[[24736,41561],[11,-16],[3,-70],[29,-45],[33,50],[12,53],[12,0]],[[24836,41533],[1,-388]],[[24837,41145],[0,-53]],[[24837,41092],[-56,0],[-109,7]],[[26198,31201],[11,0]],[[26226,30836],[1,-85],[-5,0],[-1,-249],[-5,-12],[-1,-209]],[[26215,30281],[-59,8],[0,-40],[-45,3]],[[26111,30252],[-12,386]],[[21986,37425],[183,-1]],[[22169,37424],[3,-333]],[[22172,37091],[1,-500]],[[22173,36591],[-61,0],[-93,13]],[[22019,36604],[-30,1]],[[21989,36605],[0,658],[-3,0],[0,162]],[[26455,29439],[13,-16],[6,-42],[17,212],[9,47]],[[26500,29640],[12,61]],[[26512,29701],[18,-79]],[[26494,29214],[-1,29],[-23,43],[-15,153]],[[17983,47315],[61,2]],[[18044,47317],[184,0]],[[18228,47317],[0,-655],[-14,0],[0,-161],[-47,2]],[[18167,46503],[-32,0],[0,82],[-83,2],[-5,77],[-64,0]],[[17983,46664],[0,651]],[[21652,45244],[161,-8]],[[21813,45236],[1,-649]],[[21814,44587],[-157,5]],[[21657,44592],[-5,0]],[[21446,34781],[0,-833]],[[21446,33948],[-244,0]],[[21202,33948],[0,490],[-1,343],[11,0]],[[28657,43907],[17,307]],[[28674,44214],[6,199],[23,7]],[[28703,44420],[1,-15],[110,-3]],[[28814,44402],[-16,-127],[-8,-93],[9,-39],[-17,-143]],[[28782,44000],[-48,-80],[-77,-13]],[[21479,39708],[158,2]],[[21637,39710],[-2,-812]],[[21635,38898],[-23,-2]],[[21612,38896],[-133,-3]],[[21479,38893],[0,653]],[[23420,37657],[130,0]],[[23550,37657],[-2,-682]],[[23548,36975],[-131,3]],[[23417,36978],[0,108]],[[22716,25587],[52,-500]],[[22768,25087],[-136,-469]],[[22632,24618],[-76,738]],[[25260,40939],[1,-262]],[[25261,40677],[0,-382]],[[25261,40295],[-32,1],[0,55],[-15,82],[-19,0],[-3,109],[-25,2],[-1,137]],[[25166,40681],[0,164],[15,-2],[3,98]],[[23177,38399],[123,0]],[[23300,38317],[1,-245],[-3,0],[-1,-414]],[[23297,37658],[-122,4]],[[23175,37662],[0,244]],[[26788,37520],[11,68],[33,-61],[43,-142],[18,-24]],[[26893,37361],[-16,-51],[7,-41],[-6,-83],[7,-122]],[[26885,37064],[-34,67],[-30,-51],[-8,-49],[-11,25]],[[26802,37056],[-3,147],[-11,42],[-4,79]],[[26784,37324],[12,100],[-8,96]],[[25263,41103],[147,2]],[[25410,41105],[0,-164],[-9,0],[1,-199]],[[25402,40742],[-27,-8],[0,-55],[-114,-2]],[[23861,47878],[124,0]],[[23985,47878],[7,0]],[[23992,47878],[0,-457]],[[23992,47421],[-131,0]],[[23861,47421],[0,457]],[[23417,36978],[0,-545]],[[23417,36433],[-120,0]],[[23297,36433],[-1,0]],[[23296,36433],[-1,438],[1,215]],[[21635,38898],[100,0]],[[21735,38898],[0,-817]],[[21735,38081],[-116,-1]],[[21612,38080],[0,816]],[[26015,45858],[62,2]],[[26077,45860],[68,-3]],[[26145,45857],[1,-651]],[[26146,45206],[-131,-5]],[[26015,45201],[0,657]],[[26574,37584],[27,55],[14,-39],[9,9],[1,88],[21,-16]],[[26646,37681],[18,-31]],[[26664,37650],[-3,-170],[-14,-98],[0,-53]],[[26647,37329],[-8,-58],[-30,-11]],[[26609,37260],[-33,132],[-5,41]],[[26571,37433],[-2,132],[5,19]],[[25937,49127],[62,-5]],[[25999,49122],[72,1]],[[26071,49123],[0,-654]],[[26071,48469],[-80,-3],[-52,3]],[[25939,48469],[-2,658]],[[26484,37803],[29,143]],[[26513,37946],[1,-63],[26,-41],[17,-103],[5,-76],[12,-79]],[[26571,37433],[-13,-27],[-17,2],[-25,49]],[[26516,37457],[-32,346]],[[22822,51242],[61,0],[4,55],[145,0]],[[23032,51297],[5,-108]],[[23037,51189],[0,-545]],[[23037,50644],[-119,-1]],[[22918,50643],[-1,324],[-95,3]],[[26071,47820],[133,-5]],[[26273,47165],[-132,0]],[[26141,47165],[0,328],[-70,0]],[[26071,47493],[0,327]],[[25829,48477],[110,-8]],[[25939,48469],[-1,-651]],[[25938,47818],[-117,10]],[[25821,47828],[-22,271],[0,78],[22,164],[8,136]],[[23089,52597],[0,163]],[[23089,52760],[139,-2]],[[23228,52758],[0,-325],[3,0],[0,-324]],[[23231,52109],[-138,-2]],[[23093,52107],[0,328],[-4,0],[0,162]],[[25168,39862],[93,-1]],[[25261,39861],[0,-82],[31,0]],[[25292,39779],[-1,-487]],[[25291,39292],[-92,6]],[[25199,39298],[-32,-5],[1,569]],[[25197,38067],[92,-2]],[[25289,38065],[-1,-649]],[[25288,37416],[0,-2]],[[25288,37414],[-93,-2]],[[25195,37412],[1,409]],[[30132,48426],[17,-4],[13,39],[27,7]],[[30189,48468],[5,-42],[19,24],[12,-32],[3,-61],[-4,-102],[22,-25],[9,48],[25,-132],[-10,-68],[39,-133]],[[30309,47945],[-9,-72],[6,-108],[-8,-69],[-10,-24],[3,-53],[-14,-39],[-14,7],[-13,-63],[-8,-135],[4,-39],[-11,-99],[-1,-57],[-14,-119],[-9,-21]],[[30211,47054],[-32,119]],[[30179,47173],[-3,123],[6,67],[-28,130],[-8,82],[-8,12],[-6,107],[8,122],[-1,140]],[[30139,47956],[-3,55],[-4,415]],[[22756,34954],[113,2]],[[22869,34956],[15,-21],[23,34],[9,-48],[-4,-45],[-26,-42],[-4,-42]],[[22882,34792],[-6,2],[0,-327],[30,0],[0,-162]],[[22906,34305],[-61,0],[1,-162],[-60,0]],[[22786,34143],[-30,9]],[[22756,34152],[0,802]],[[22404,52443],[87,-5],[113,0]],[[22604,52438],[8,-1]],[[22612,52437],[0,-650]],[[22611,51136],[-114,2],[-91,4]],[[22406,51142],[-1,0]],[[22405,51142],[0,650],[-1,0]],[[22404,51792],[0,651]],[[16966,50609],[8,91],[15,15],[7,46],[12,2],[7,-45],[28,-40],[17,64],[5,52],[13,1],[18,-124],[59,2],[1,161],[83,3]],[[17239,50837],[134,-5]],[[17373,50832],[-18,-104],[-3,-82],[7,-94],[-9,-109],[-10,-54]],[[17340,50389],[-8,-102],[-32,-79],[-14,-149],[-8,-156],[-10,-106],[-18,-77],[3,-106],[-8,-58],[15,-111],[-9,-66]],[[17251,49379],[-74,-3],[0,164],[-23,53],[-6,53],[-106,0],[-11,-27],[-6,-74],[-11,-34],[-6,-81],[-16,-54],[-1,-55],[-22,-27]],[[22410,50001],[202,-5]],[[22612,49996],[34,0],[1,-162]],[[22647,49834],[0,-654]],[[22647,49180],[-133,3]],[[22514,49183],[-103,0]],[[22411,49183],[0,656],[-1,162]],[[22849,49831],[68,1]],[[22917,49832],[120,0]],[[23037,49832],[0,-649]],[[22916,49181],[-67,0]],[[22849,49181],[0,650]],[[22747,50969],[1,-650]],[[22748,50319],[0,-487]],[[22748,49832],[-101,2]],[[22612,49996],[1,489],[-2,0],[0,487]],[[28580,45072],[115,-3]],[[28695,45069],[8,-649]],[[28674,44214],[-165,92]],[[28509,44306],[-17,12]],[[28492,44318],[-15,758]],[[28477,45076],[103,-4]],[[22410,50001],[0,492],[-3,0]],[[22407,50493],[-1,649]],[[21201,30669],[0,17]],[[21201,30686],[119,0]],[[21320,30686],[0,-911]],[[21200,29773],[1,227],[0,669]],[[11477,76527],[116,187]],[[11593,76714],[22,1],[51,174],[111,254],[11,37],[68,13],[26,177]],[[12172,75760],[-18,-25],[-33,80],[-27,-59],[-50,-31],[3,130],[-25,26],[-4,31],[30,62],[-10,111],[5,85],[-28,176],[0,57],[-22,135],[13,39],[-2,145],[-19,103],[-12,16],[15,-211],[-12,-201],[-27,-8],[-42,113],[-26,48],[-15,241],[-11,-109],[-13,-36],[-44,87],[-14,-32],[-10,80],[-12,-29],[-3,-86],[45,-57],[7,12],[45,-71],[33,-106],[30,-167],[-11,-71],[-24,-71],[6,-18],[33,71],[7,48],[27,2],[7,-169],[26,-125],[16,-253],[-19,-70],[-43,-52],[-11,16],[9,76],[-18,26],[-12,-28],[7,-62],[-10,-60],[-43,35],[-11,-36],[5,-97],[-8,-56],[-29,8],[-8,125],[-36,56],[3,25],[-28,119],[-17,30],[-29,-30],[-35,112],[-16,24],[-56,172],[-51,121],[-2,80],[-30,113],[-30,75],[-11,82]],[[12688,74751],[118,543]],[[12806,75294],[28,-283],[57,-292],[32,-259],[29,-182]],[[12952,74278],[0,-40],[-20,-19],[-28,8],[-18,61],[13,90],[-16,48],[2,76],[-17,35],[-15,-56],[-18,48],[-10,-27],[-22,25],[-27,100],[-19,-40],[-19,26],[-20,67],[-17,-91]],[[12701,74589],[-5,160],[-8,2]],[[12661,74627],[17,77]],[[12678,74704],[-1,-83],[-16,6]],[[12609,73704],[15,41],[14,-53],[-27,-50],[-2,62]],[[12376,75431],[-16,-106],[-3,-132]],[[12357,75193],[24,-121],[19,55],[14,-13],[11,82],[19,-6],[15,37],[68,82]],[[12527,75309],[-3,-140],[25,-121],[2,-83],[21,-84],[14,-140],[17,-88],[2,-228],[21,-97],[4,-104],[-9,-4],[-5,76],[-38,193],[-10,185],[-19,59],[-9,85],[-21,0],[26,-162],[4,-55],[-13,-37],[35,-194],[23,-79],[-2,-100],[24,-181],[-19,9],[15,-164],[0,-43],[-25,-100],[-20,42],[-17,-1],[4,-55],[-21,-167],[-39,-134],[-24,-40],[-2,-53],[-31,-104],[-29,4],[-9,143],[-4,218],[21,128],[15,37],[-16,50],[-1,111],[14,9],[12,-62],[6,37],[-40,226],[-1,94],[-18,96],[-5,132],[-11,69],[8,201],[-12,130],[-3,153],[-11,146],[4,71]],[[12357,75193],[-20,149],[-17,73],[-9,124],[-6,162],[4,79],[42,-166],[7,-75],[14,-15],[4,-93]],[[12094,75696],[16,29],[19,-11],[16,-84],[-29,-9],[-22,75]],[[11975,76130],[9,23],[7,-95],[-16,72]],[[11975,75543],[30,66],[3,-85],[-16,-30],[-17,49]],[[12267,74579],[-31,-18],[-16,28],[-42,131],[-29,69],[-52,92],[-52,134],[-21,-208],[-13,-96],[-96,-13]],[[11915,74698],[-25,42],[-7,78],[-25,58],[5,280],[16,53],[8,-14],[29,96],[3,82],[-12,148],[32,-3],[0,-87],[12,-97],[28,98],[29,-9],[17,-32],[17,78],[36,81],[14,-89],[41,-48],[25,-85],[-12,-125],[-31,-123],[4,-78],[12,-8],[8,96],[32,174],[15,19],[34,-88],[46,-17],[11,-51],[29,-26],[15,-127],[-4,-107],[-22,-71],[-37,79],[-10,-13],[12,-64],[18,-29],[33,-121],[-44,-69]],[[22195,29791],[146,0]],[[22341,29791],[-1,-817]],[[22340,28974],[-144,4]],[[22196,28978],[-1,625]],[[22195,29603],[0,188]],[[22748,50319],[169,0]],[[22917,50319],[0,-487]],[[22849,49831],[-101,1]],[[22849,49181],[-67,-1]],[[22648,49180],[-1,0]],[[26233,27074],[7,-16],[21,69],[32,20],[12,162],[8,21]],[[26313,27330],[16,30]],[[26329,27360],[-5,-75],[-1,-490]],[[26323,26795],[-73,-4]],[[26250,26791],[9,58],[-13,68],[-18,45],[5,112]],[[21781,24642],[76,8]],[[21857,24650],[160,2]],[[22017,24652],[0,-706]],[[22017,23946],[-236,-8]],[[21781,23938],[0,704]],[[23618,49017],[0,-487]],[[23618,48530],[-135,0]],[[23483,48530],[-2,0]],[[22301,28150],[40,0]],[[22446,28145],[0,-822]],[[22446,27323],[-145,-1]],[[22301,27322],[0,828]],[[21007,31233],[9,2],[0,162],[59,-2],[0,164],[29,-1],[1,164],[29,-2],[0,167],[67,0]],[[21201,31887],[0,-387]],[[21201,31500],[0,-814]],[[21201,30669],[-194,0],[0,564]],[[21492,31501],[103,0]],[[21595,31501],[44,-1]],[[21639,31500],[0,-814]],[[21613,30686],[-121,2]],[[21492,30688],[0,813]],[[18431,56213],[19,-217],[-2,-145],[6,-55],[-3,-69],[16,-119],[25,-59],[11,35],[58,45],[2,-38],[22,-28],[8,-101],[24,-19],[11,-68],[21,-6],[16,27],[27,-2]],[[18692,55394],[1,-606],[19,-16],[10,-75],[19,-28],[23,0],[0,-401],[37,-2]],[[18801,54266],[14,-39],[-11,-91],[13,-68],[29,-32],[0,-51]],[[18846,53985],[-31,25],[-9,-72],[1,-313],[-42,-2]],[[18765,53623],[-67,-2],[-2,-48],[-14,-50],[-13,7],[-21,-37],[8,-82],[-18,-63],[-19,-3]],[[18619,53345],[1,167],[4,39],[-7,82],[7,56],[-8,93],[-25,3],[0,81],[-35,0],[0,252],[-72,-5],[0,646],[-71,0],[-2,584],[-16,3],[-8,196]],[[18387,55542],[4,124],[-10,129],[24,37],[4,50],[1,204],[-7,61],[18,16],[10,50]],[[21320,30686],[25,2]],[[21345,30688],[122,0]],[[21467,30688],[0,-585],[1,-330]],[[21468,29773],[-148,2]],[[21322,43616],[154,0]],[[21476,43616],[1,-408]],[[21477,43208],[0,-4]],[[21477,43204],[-158,2]],[[21319,43206],[3,85],[0,325]],[[26853,28704],[22,39],[9,51],[24,49],[36,-98]],[[26944,28745],[-43,-193],[2,-97],[-24,11]],[[26879,28466],[-21,90],[2,63],[-5,58]],[[26855,28677],[-2,27]],[[26146,29031],[78,-4]],[[26224,29027],[21,-376]],[[26245,28651],[-41,-99],[-6,43],[-3,-58],[-33,-64]],[[26162,28473],[-16,558]],[[99918,63752],[12,-3],[12,56],[26,23],[31,-98],[-9,-110],[-24,-67],[-12,-8],[-25,46],[-11,47],[0,114]],[[99679,63106],[5,38],[26,-46],[19,5],[27,-39],[4,-50],[24,-67],[27,-126],[25,-42],[11,-91],[44,-18],[21,-53],[-18,-30],[-9,22],[-29,-26],[-15,66],[-41,116],[-30,162],[-30,70],[-17,-13],[-22,40],[-22,82]],[[99629,63744],[9,18],[20,-26],[11,-53],[-14,-79],[-10,-6],[-16,146]],[[99571,63463],[19,-12],[21,-107],[-22,24],[-18,95]],[[99531,63847],[7,35],[17,-35],[3,-55],[-17,-32],[-10,87]],[[99283,63591],[24,44],[15,80],[39,42],[6,101],[16,154],[11,29],[20,-83],[-12,-52],[-8,-91],[-20,-85],[21,-29],[0,-57],[-13,-16],[-42,28],[-17,-50],[-4,-113],[-11,3],[-25,65],[0,30]],[[98912,64479],[26,-21],[-18,-44],[-8,65]],[[98409,65160],[22,-13],[3,-41],[-24,24],[-1,30]],[[98377,65191],[14,-13],[0,-47],[-14,60]],[[98353,65236],[20,-44],[-12,-3],[-8,47]],[[98211,64543],[6,50],[19,43],[23,-9],[26,107],[41,8],[-17,-64],[-5,-59],[10,-168],[-21,0],[-17,84],[-35,-31],[-30,39]],[[97961,65520],[47,139],[33,17],[100,-32],[29,-101],[24,-24],[35,-151],[2,-29],[-35,-13],[-21,61],[-17,-114],[-9,-21],[-38,24],[-26,-66],[-27,52],[-12,64],[-3,101],[-32,90],[-35,-38],[-15,41]],[[3144,66247],[17,37],[22,85],[25,8],[37,64],[9,44],[28,-34],[14,31],[8,70],[22,-30],[3,116],[24,-18],[-17,170],[20,52],[8,-26],[15,29],[-18,56],[4,63],[17,37],[29,-2],[9,-109],[15,11],[-7,81],[13,49],[-53,76],[-14,-34],[-32,130],[0,74],[31,148],[42,81],[36,51],[6,-24],[23,21],[16,-101],[-16,-68],[7,-56],[17,-29],[14,85],[6,-53],[15,47],[-1,66],[18,101],[15,-93],[11,41],[20,-99],[-8,-90],[-23,-21],[-24,-113],[-40,-112],[2,-63],[34,87],[58,103],[4,35],[22,36],[7,-31],[-5,-116],[-16,-82],[-26,-54],[-6,-37],[-45,-82],[-30,-33],[12,-73],[-16,-2],[-4,-98],[-16,27],[-7,-112],[-20,40],[-4,-122],[-36,-21],[-22,48],[-10,-50],[-12,37],[-21,-59],[-6,17],[-44,-117],[-3,-50],[-23,7],[-16,-37],[-13,-97],[-28,37],[-9,-72],[-49,64],[-15,58]],[[2809,65400],[27,43],[-1,95],[18,0],[10,58],[0,92],[21,53],[5,91],[-10,26],[11,140],[46,170],[16,-42],[27,26],[28,-5],[-9,105],[-12,8],[9,124],[-6,41],[18,123],[40,107],[54,60],[29,-85],[31,1],[2,-37],[-21,-119],[5,-96],[-55,-153],[-65,-116],[-19,-106],[-1,-58],[-28,-130],[-15,-93],[-25,-16],[-28,-114],[-15,-28],[-4,-82],[-15,34],[-27,-79],[-54,-111],[13,73]],[[2749,65231],[29,79],[-1,-73],[-26,-40],[-2,34]],[[2612,65615],[4,81],[19,25],[4,-70],[-9,-73],[-12,-13],[-6,50]],[[2604,72426],[50,-21],[29,9],[10,-23],[-27,-109],[-23,6],[-9,74],[-20,16],[-10,48]],[[2608,65805],[8,-63],[-15,21],[7,42]],[[2544,65369],[17,28],[23,-5],[-2,30],[27,37],[19,-16],[10,-40],[-17,-169],[-30,81],[-25,-47],[-19,22],[-3,79]],[[2514,65472],[8,42],[23,-26],[1,-50],[-14,-49],[-13,25],[-5,58]],[[2494,65138],[4,116],[33,-29],[-7,-92],[-30,5]],[[2428,73458],[9,70],[22,24],[12,-16],[29,35],[-2,-90],[-32,-100],[-5,50],[-33,27]],[[2313,64908],[5,67],[40,116],[31,-43],[1,-44],[-13,-93],[-19,3],[-17,-41],[-15,-78],[-15,34],[2,79]],[[2225,64879],[9,-51],[-16,3],[7,48]],[[2180,64709],[17,67],[16,-59],[-12,-89],[-19,-1],[-2,82]],[[1815,64344],[15,94],[33,79],[12,-3],[27,-63],[-1,-66],[-28,-82],[-32,-43],[-22,-2],[-4,86]],[[1418,64033],[35,0],[33,-49],[9,48],[14,-3],[33,43],[25,-2],[-6,-45],[10,-46],[8,24],[31,-39],[23,26],[10,-18],[32,18],[5,-19],[41,-12],[-25,-37],[-16,10],[-14,-35],[-44,-2],[-22,-56],[-8,26],[-16,-31],[-19,6],[-18,41],[-52,4],[-9,-24],[-29,31],[-10,79],[-11,-2],[-10,64]],[[1061,63836],[55,59],[11,-45],[25,80],[3,-35],[19,61],[5,47],[18,-47],[27,13],[8,55],[6,-39],[35,60],[1,67],[44,16],[-13,66],[43,-8],[13,55],[-1,58],[-32,11],[-23,46],[5,42],[21,-25],[12,57],[-2,63],[38,74],[33,-51],[22,-123],[1,-49],[-21,-137],[-34,13],[-4,-69],[33,-127],[-3,-39],[-15,34],[-17,-16],[-4,-44],[-16,-6],[-20,37],[-19,-153],[-25,50],[-64,-88],[-13,46],[-29,20],[-23,-10],[-13,-56],[-22,-13],[-33,9],[-32,41]],[[1010,63752],[17,27],[7,-46],[-22,-7],[-2,26]],[[1002,64128],[16,-30],[-11,-20],[-5,50]],[[946,63723],[5,15],[40,-5],[1,-42],[-19,5],[-22,-39],[-5,66]],[[887,63754],[11,22],[28,-1],[15,-145],[-16,8],[-17,79],[-21,37]],[[818,63932],[14,72],[26,-14],[23,-129],[-20,-61],[15,-90],[-13,-54],[-18,-4],[-18,36],[3,91],[-7,4],[-8,123],[3,26]],[[808,63459],[5,91],[12,16],[10,-44],[19,16],[-12,36],[34,48],[10,-37],[-2,-89],[-23,0],[13,-83],[-29,46],[2,-64],[-12,19],[-5,-62],[-7,72],[-15,35]],[[598,63091],[11,108],[15,26],[7,58],[-13,106],[4,43],[32,11],[7,95],[-13,111],[10,73],[15,6],[18,-32],[19,95],[9,-23],[3,-119],[-20,-46],[-2,-81],[13,-32],[19,6],[31,42],[30,8],[7,-103],[-7,-141],[-15,-19],[-36,29],[-13,-84],[-18,-19],[-13,-66],[-23,50],[-6,-41],[6,-77],[-11,28],[-13,-42],[-4,88],[-14,47],[-19,-174],[-14,18],[-2,51]],[[466,63623],[13,15],[2,-42],[-14,-27],[-1,54]],[[399,63238],[18,53],[24,-28],[26,55],[50,63],[21,69],[2,206],[12,25],[16,-16],[15,-70],[-26,-158],[5,-138],[-7,-61],[-33,-50],[-36,98],[-27,-53],[-40,-16],[-1,-69],[-10,8],[-9,82]],[[254,63561],[8,46],[29,28],[39,-8],[11,-68],[-2,-48],[19,-52],[15,28],[18,-28],[33,55],[-10,-64],[-41,-52],[-12,-114],[4,-50],[-12,-49],[-8,25],[-9,-70],[8,-92],[-8,-8],[-9,90],[-14,-39],[-16,78],[-13,12],[4,45],[41,41],[-3,102],[-20,2],[-13,55],[-39,106],[0,29]],[[127,63053],[32,-20],[-3,-28],[-27,11],[-2,37]],[[78,62993],[27,-27],[7,-37],[-25,8],[-9,56]],[[74,63402],[14,83],[20,-56],[0,-98],[-19,-16],[-15,87]],[[40,62627],[8,40],[10,-35],[5,-81],[-12,-3],[-10,-51],[-1,130]],[[0,62448],[12,29],[6,-95],[-18,-40],[0,106]],[[3903,80479],[35,80],[3,-29],[54,64],[50,-6],[4,-68],[21,-4],[38,59],[44,29],[22,64],[2,98],[-18,15],[-5,72],[8,56],[22,-45],[29,123],[27,33],[-1,71],[-16,-10],[2,113],[-9,37],[4,92],[58,-10],[36,-58],[20,6],[18,47],[-3,69],[17,15],[-5,45],[16,54],[20,23],[18,-34],[34,-13],[30,58],[41,10],[19,25],[26,82],[10,-11],[59,37],[11,-26],[-2,-72],[21,-10],[20,36],[56,-39],[32,-38],[31,6],[57,93],[27,7],[42,66],[90,58],[27,101],[44,112],[27,47],[49,40],[54,98],[28,13],[28,-18],[5,41],[-17,45],[-21,-18],[-41,43],[-18,143]],[[5183,82396],[167,0],[186,0],[0,163],[205,0],[0,162],[214,0],[195,0],[0,-162],[333,0],[224,0],[182,0],[181,0],[0,162],[102,0],[0,162],[90,0],[0,163],[19,0]],[[7281,83046],[0,-1622]],[[7281,81424],[-134,0],[0,-487],[12,0],[0,-486]],[[6446,80451],[-325,0],[0,163],[-99,0],[0,-163],[-50,0],[0,-162],[-49,0],[0,162],[-297,0],[0,-162],[-20,0],[0,-162],[-49,0],[0,-163],[-49,0],[0,-325],[-19,0],[0,-162],[-48,0],[0,-323],[-49,0],[0,-162],[-17,0],[0,-325],[-48,0],[0,-325],[-65,0],[0,-325],[-47,0],[0,-323],[-16,0],[0,-162],[-47,0],[0,-162],[-47,0],[0,-325],[-14,0],[0,-163],[-47,0],[-1,-300]],[[5043,76582],[-10,-24]],[[5033,76558],[-82,0],[0,-163],[7,0]],[[4958,76395],[-9,-57],[0,-79],[-41,-61],[-8,-42],[-22,-16],[-15,-71],[-20,-24],[-4,88],[-29,73],[-54,-32],[-29,53],[49,75],[15,-63],[18,20],[5,80],[25,124],[3,96],[-8,137],[1,130],[-16,119],[5,34],[-16,32],[-29,156],[-20,223],[29,206],[21,37],[24,127],[24,42],[-15,124],[-18,71],[-15,102],[-10,172],[-50,261],[-3,119],[-25,107],[-10,102],[-30,136],[-10,71],[-22,15],[-11,-60],[-2,-119],[6,-59],[-8,-90],[-12,-34],[-27,-16],[-18,34],[-19,-87],[-36,-47],[-50,-109],[-73,-77],[-88,-45],[-75,16],[-51,61],[-13,51],[-13,159],[23,29],[-18,111],[-54,100],[-32,174],[-5,54],[-33,82],[-18,100],[-42,13],[-31,67],[-47,177],[23,52],[24,88],[-2,58],[-24,9],[-38,-86],[-48,16],[-16,82],[11,51],[32,2],[57,206],[10,-7],[17,72],[-16,55],[-4,66],[32,39],[-27,11],[5,112],[27,126],[-17,5],[-18,-78],[-27,33]],[[3258,79148],[35,40],[57,0],[22,-32],[23,16],[9,-39],[21,16],[10,48],[-8,61],[34,110],[37,-18],[0,60],[25,73],[33,-64],[24,52],[23,14],[15,87],[19,-212],[27,-16],[29,54],[29,-32],[27,-64],[-12,-105],[11,-70],[-11,-65],[13,-17],[4,-105],[-13,-61],[21,-87],[2,-93],[21,16],[-11,-55],[2,-77],[-71,-33],[-6,-55],[-20,30],[-26,-29],[-28,-93],[8,-103],[-26,-13],[-23,115],[-38,75],[-57,-6],[-14,56],[-28,29],[-27,93],[-35,68],[-40,30],[-32,116],[-25,16],[-2,113],[-28,156]],[[1692,79696],[6,111],[25,83],[11,-5],[-4,-93],[12,-87],[33,-112],[48,-101],[22,-23],[25,21],[57,-151],[-21,-31],[-9,60],[-51,13],[-26,-28],[-33,74],[-58,219],[-37,50]],[[1684,80064],[8,-8],[5,-135],[-20,67],[7,76]],[[24515,31977],[29,-1],[1,275]],[[24545,32251],[89,0],[61,-8]],[[24695,32243],[28,8],[-2,-457]],[[24721,31794],[-149,5],[-43,8],[0,-82]],[[24529,31725],[-5,0],[0,84],[-10,0],[1,168]],[[24545,32636],[0,166]],[[24545,32802],[31,-2],[89,13],[30,-14]],[[24695,32799],[-1,-492],[1,-64]],[[24545,32251],[0,385]],[[24747,49609],[0,487]],[[24747,50096],[131,0]],[[24912,49278],[-50,3]],[[24862,49281],[-114,-2]],[[24748,49279],[-2,4],[1,326]],[[26281,41340],[0,231],[2,339]],[[26283,41989],[103,3]],[[26386,41992],[0,-294]],[[26386,41698],[2,-519]],[[26388,41179],[-17,-2]],[[26371,41177],[-91,-3]],[[26280,41174],[1,166]],[[27043,40901],[105,-29]],[[27148,40872],[16,-3],[-1,-166],[16,-3],[0,-143]],[[27179,40557],[-36,-7],[-2,-98],[5,0],[-1,-95],[-32,26],[-6,-82]],[[27107,40301],[-59,18],[3,170]],[[27051,40489],[6,325],[-15,6],[1,81]],[[22167,49175],[77,5]],[[22244,49180],[104,3]],[[22348,49183],[0,-490]],[[22228,48691],[1,114],[-24,97],[-20,16],[-13,69],[5,109],[-10,79]],[[23786,41578],[1,246]],[[23787,41824],[110,4]],[[23897,41828],[1,-437]],[[23898,41391],[0,-122]],[[23898,41269],[-111,-15]],[[23787,41254],[-1,324]],[[22294,26508],[55,-3]],[[22349,26505],[71,-705]],[[22420,25800],[-26,-25],[-5,-144],[-59,-237]],[[22330,25394],[-8,-27],[-6,39],[-14,-55]],[[22302,25351],[-31,11]],[[22271,25362],[0,720],[2,425]],[[22101,56013],[144,0]],[[22245,56013],[0,-326],[9,0],[0,-159]],[[22253,55041],[-59,0]],[[22194,55041],[-154,0]],[[22040,55041],[0,648],[-10,0],[0,326]],[[21303,45082],[170,6]],[[21496,44590],[0,-649]],[[21496,43941],[-20,0],[0,-325]],[[21322,43616],[0,325],[-8,0],[0,80]],[[25896,26296],[55,2],[-1,157]],[[25950,26455],[29,-8],[3,-149],[26,0],[0,-163],[37,0]],[[26045,26135],[-4,-223],[-8,-37],[-5,-80],[1,-71],[-9,-79]],[[26020,25645],[-12,-1]],[[26008,25644],[-99,0]],[[25909,25644],[-10,-2],[9,87],[0,239],[-14,-1],[4,78],[3,184],[-5,67]],[[21786,31501],[112,0]],[[21898,31501],[35,-1]],[[21933,31500],[0,-812]],[[21933,30688],[-28,2]],[[21905,30690],[-120,-4]],[[21785,30686],[1,815]],[[21886,56015],[108,0]],[[22040,55041],[-23,0]],[[22017,55041],[-156,0]],[[21861,55041],[1,649],[24,0],[0,325]],[[22194,55041],[0,-650],[9,0],[-1,-652]],[[22072,53742],[-46,0]],[[22026,53742],[2,651],[-11,2],[0,646]],[[26996,34959],[18,58],[18,23],[-9,-82]],[[27023,34958],[-27,1]],[[24208,36601],[0,246]],[[24208,36847],[62,-4]],[[24270,36843],[61,-6]],[[24331,36837],[15,-2],[0,-326],[30,-2]],[[24376,36507],[0,-326],[-2,-375]],[[24374,35806],[-121,15]],[[24253,35821],[-45,6]],[[24208,35827],[1,365],[-1,409]],[[28364,39189],[11,29],[7,-58],[-14,-10],[-4,39]],[[27361,35101],[4,42],[11,-2],[-10,-80]],[[27366,35061],[-5,40]],[[23222,41330],[125,0]],[[23347,41330],[0,-649]],[[23347,40681],[-62,0]],[[23285,40681],[-63,0]],[[23222,40681],[0,649]],[[27773,37199],[11,-8],[-11,-44],[0,52]],[[25594,43610],[16,43]],[[25610,43653],[7,43],[17,41],[20,-33],[26,-93],[10,32]],[[25690,43643],[0,-120]],[[25690,43523],[0,-486]],[[25690,43037],[-16,-1],[1,-139],[-32,0],[0,-189]],[[25596,42708],[0,328],[-2,0],[0,574]],[[25101,36332],[1,500]],[[25102,36832],[93,5]],[[25195,36837],[-1,-490]],[[25194,36347],[-54,-4],[-7,-61]],[[25133,36282],[-20,16],[-12,-32],[0,66]],[[24873,44294],[65,2]],[[24938,44296],[129,0]],[[25067,44296],[1,-514]],[[25068,43782],[-28,22],[-21,-43],[-5,-124],[-30,1],[0,-159]],[[24936,43479],[-2,159],[-59,2]],[[24875,43640],[0,531],[-2,123]],[[23466,46775],[0,-655]],[[23466,46120],[-132,4]],[[21479,38739],[0,154]],[[21479,38078],[0,11]],[[21479,38089],[0,650]],[[22990,34144],[1,7],[89,-4]],[[23080,34147],[0,-160],[75,-2],[-1,-408]],[[23154,33577],[-44,0],[0,-409]],[[23110,33168],[-120,0]],[[22990,33168],[1,566]],[[22991,33734],[-1,410]],[[21904,29794],[131,0]],[[22035,29794],[15,0]],[[22050,29794],[1,-820]],[[22051,28974],[-146,0]],[[21905,28974],[-1,820]],[[24164,37324],[1,302]],[[24272,37607],[-2,-764]],[[24208,36847],[0,82],[-45,123],[1,272]],[[20099,37504],[9,35],[6,-38],[18,13],[9,-79],[13,-10],[8,-53],[22,-22],[0,-71]],[[20179,36472],[0,-14],[-116,-9],[0,58]],[[20063,36507],[1,471],[-6,2],[2,492],[20,42],[19,-10]],[[26112,25078],[66,-15],[25,2]],[[26203,25065],[-7,-60],[5,-82],[-3,-86],[20,-147],[3,-61]],[[26221,24629],[6,-140]],[[26227,24489],[-135,-6]],[[26092,24483],[1,379],[-63,-9]],[[26030,24853],[14,141],[7,10],[42,-56],[0,77],[19,0],[0,53]],[[24387,46276],[132,5]],[[24519,46281],[1,-656]],[[24455,45627],[-65,0]],[[24390,45627],[0,313],[-3,10],[0,326]],[[18712,48678],[39,0],[0,-55],[36,0],[3,-27],[39,0],[0,34],[17,53],[20,-35],[7,22]],[[18873,48670],[0,-563]],[[18873,48107],[-63,8]],[[18810,48115],[0,55],[-26,0],[-12,23],[-19,91],[-28,95],[-14,-26],[1,325]],[[24583,42526],[32,-6]],[[24615,42520],[96,-16]],[[24711,42504],[-1,-658]],[[24582,41862],[1,664]],[[22627,38727],[154,0]],[[22781,38727],[0,-815]],[[22781,37912],[-92,0]],[[22628,37912],[-1,653]],[[21016,40843],[1,489]],[[21017,41332],[65,0],[0,652],[1,163]],[[21083,42147],[67,-2],[124,5]],[[21274,42150],[0,-164],[-3,1],[0,-652],[-3,0],[0,-814]],[[21170,40517],[-154,1]],[[21016,40518],[0,325]],[[23860,46116],[0,-163],[10,0],[0,-490]],[[23805,45463],[-65,2]],[[23740,45465],[0,490],[-12,0],[1,161]],[[25074,38528],[1,437]],[[25075,38965],[0,164],[124,3]],[[25199,39132],[-1,-411]],[[25198,38721],[-1,-246]],[[25073,38473],[1,55]],[[22383,20085],[130,3],[0,-68]],[[22513,20020],[0,-1038]],[[24836,41533],[7,62],[20,-27],[42,-2],[22,65],[19,-73]],[[24953,41285],[-34,-2],[-1,-109],[-19,-27],[-62,-2]],[[22915,39214],[109,0]],[[23024,39214],[0,-82],[31,0],[0,-162],[10,0]],[[22935,38565],[-31,0],[0,162]],[[22904,38727],[1,380],[10,0],[0,107]],[[21662,40521],[181,0]],[[21843,40521],[5,0]],[[21848,40521],[0,-813]],[[21848,39708],[-25,0]],[[21823,39708],[-162,3]],[[21661,39711],[1,810]],[[24228,43505],[65,2]],[[24293,43507],[64,-2]],[[24357,43505],[-1,-489]],[[24356,43016],[-128,-3]],[[26191,25947],[16,-16],[33,13]],[[26240,25944],[-1,-122],[5,-177],[35,3]],[[26279,25648],[-1,-223]],[[26278,25425],[-32,3],[-26,-30],[-5,57]],[[26215,25455],[-4,198],[-18,135],[-1,129]],[[26192,25917],[-1,30]],[[24839,43481],[33,0],[0,159],[3,0]],[[24936,43151],[-97,2]],[[24839,43153],[0,328]],[[24064,44815],[131,0]],[[24195,44815],[-1,-312],[1,-349]],[[24195,44154],[-32,0]],[[21274,42150],[33,0]],[[21307,42150],[170,3]],[[21477,42153],[0,-170]],[[21477,41983],[0,-648]],[[21477,41335],[1,-802]],[[19525,38523],[189,0],[1,314]],[[19715,38837],[147,0],[97,1]],[[19959,38838],[0,-686],[-37,0]],[[19922,38152],[0,56],[-139,-1],[8,-33],[5,-109],[21,0],[20,-69],[-2,-124],[-5,0]],[[19830,37872],[-263,5],[-37,-3]],[[19530,37874],[-5,228],[0,421]],[[26386,41992],[0,45],[26,2],[0,191],[94,3]],[[26506,42233],[0,-318],[-3,-74]],[[26503,41841],[-3,-167]],[[26500,41674],[-54,29],[-60,-5]],[[21326,28957],[145,3]],[[21471,28960],[0,-805]],[[21471,28155],[-37,-2]],[[21434,28153],[-108,0]],[[21696,25529],[112,12],[1,267],[10,-18]],[[21819,25790],[164,-5]],[[21983,25785],[1,-207],[34,-4]],[[22018,25574],[-1,-922]],[[21857,24650],[-1,818],[-160,8]],[[26395,43182],[1,-162],[16,0],[0,-82]],[[26412,42938],[0,-81],[-16,-1],[0,-245]],[[26396,42611],[-16,0]],[[26380,42611],[0,81],[-97,0]],[[26283,42692],[0,365]],[[26283,43057],[0,123]],[[26438,28584],[6,-18],[28,-2],[0,45]],[[26472,28609],[23,0]],[[26495,28609],[0,-334],[-3,-173],[-20,1]],[[26472,28103],[1,108],[-42,3]],[[26431,28214],[6,90],[1,280]],[[26754,43188],[72,0],[7,7]],[[26833,43195],[29,-2]],[[26861,42661],[-34,2],[-2,-15]],[[26825,42648],[-71,-3]],[[27143,41615],[13,-4],[0,135],[13,-3]],[[27248,41730],[0,-78],[32,-4]],[[27280,41648],[-3,-410]],[[27277,41238],[-42,-1],[0,-55],[-21,5],[-1,-55],[-32,7],[0,-106],[-32,1]],[[27149,41034],[1,166],[-11,1],[4,414]],[[21898,33132],[151,0]],[[22049,33132],[0,-369]],[[22049,32763],[0,-448]],[[22049,32315],[-150,1]],[[22493,20959],[76,613]],[[22569,21572],[6,-142],[12,26],[64,-5]],[[22651,21451],[-5,-45],[36,-246]],[[22553,20525],[-60,434]],[[22018,20906],[194,10]],[[22212,20916],[2,-843]],[[22214,20073],[-122,5],[-75,8]],[[22017,20086],[1,820]],[[21597,32315],[149,-2]],[[21746,32313],[-1,-812]],[[21745,31501],[-106,-1]],[[21595,31501],[2,814]],[[27234,44267],[26,0],[0,133],[54,0],[0,137],[28,2]],[[27342,44539],[0,-401]],[[27342,44138],[0,-286]],[[27342,43852],[-109,0]],[[27233,43852],[1,415]],[[22221,34152],[119,-6]],[[22340,34146],[89,6]],[[22429,34152],[0,-471],[1,-188]],[[22430,33493],[-207,0]],[[22223,33493],[-2,375]],[[22221,33868],[0,284]],[[22914,26497],[80,264],[63,214]],[[23057,26975],[22,-60],[5,-77],[14,-10],[10,-82],[12,15],[-6,-63],[3,-42],[15,4],[2,-160],[11,20],[3,-137]],[[23148,26383],[-123,-405]],[[23025,25978],[-62,35]],[[22963,26013],[-49,484]],[[22513,20020],[66,327]],[[22605,20165],[-24,-50],[78,-898],[-2,-12]],[[22657,19205],[-24,-117],[1,-87],[5,-21]],[[22639,18980],[-98,2]],[[22328,58171],[292,1]],[[22620,58172],[0,-529],[6,-1],[0,-327]],[[22626,57315],[-108,2]],[[22518,57317],[-182,2]],[[22336,57319],[0,324],[-8,0],[0,528]],[[25965,43282],[72,6]],[[26037,43288],[1,-84],[11,0]],[[26049,43204],[1,-652]],[[26050,42552],[-63,-3]],[[25987,42549],[-21,-2],[0,323],[-2,330]],[[23153,40518],[69,-1],[0,164]],[[23285,40681],[-2,-164],[0,-275]],[[23283,40242],[-5,0],[0,-380]],[[23278,39862],[-125,2]],[[23153,39864],[1,284],[-1,370]],[[8953,86722],[88,0],[56,45],[33,-8],[29,55],[12,111],[27,40],[27,-13],[34,85],[34,20],[18,33],[29,-53],[34,7],[24,37],[9,56],[44,50],[38,14],[31,110],[43,-8],[16,43],[41,8],[37,-22],[36,56],[9,53],[67,24],[1,55]],[[9770,87520],[89,-66],[23,35],[17,101],[25,58],[-2,76],[23,43],[-17,85],[7,100],[-10,76],[40,93],[9,66],[13,-2],[21,66],[16,5],[16,66],[47,64],[24,7],[20,85],[11,90],[0,112],[-10,26],[26,48],[5,58],[20,29],[32,-27],[16,64],[27,50],[58,59],[31,-50],[55,57],[8,64],[36,31],[25,86],[37,73],[22,138],[0,45],[68,223],[26,28]],[[10624,89682],[0,-7364]],[[10624,82318],[-231,0],[0,398],[-51,2],[0,87],[11,0],[0,648],[-42,0],[0,162],[-52,0],[0,162],[-53,0],[-60,57],[-6,-105],[-14,-6],[-11,-100],[-27,19],[-49,7],[-19,67],[16,26],[4,67],[25,124],[-12,7],[-43,109],[31,95],[18,98],[-2,69],[10,50],[-27,22],[-7,63],[-2,141],[-149,0],[-254,0],[0,28],[-160,0],[0,162],[-267,0],[-8,-63],[-53,12],[-46,-40]],[[9094,84686],[0,577],[-141,0]],[[8953,85263],[0,1459]],[[4609,84878],[59,-1],[0,-161],[53,0],[0,-162],[53,0],[0,-163],[319,0]],[[5093,84391],[-24,-24],[0,-188],[-15,0],[0,-648],[-14,0],[0,-648],[36,0],[0,-487],[107,0]],[[3903,80479],[-19,99],[22,79],[27,-10],[19,37],[0,73],[-17,-34],[-30,51],[-16,87],[2,37],[-20,11],[-13,57],[-10,-23],[-12,-159],[-14,-10],[-38,26],[-10,34],[-10,106],[1,207],[-11,31],[-43,16],[-18,59],[-10,158],[42,71],[6,61],[-17,74],[-30,50],[-45,-44],[0,-74],[-21,37],[-9,142],[8,236],[6,18],[-2,-172],[92,75],[0,31],[-35,32],[-20,45],[-24,132],[2,29],[36,30],[55,-13],[33,41],[-29,215],[-4,74],[3,135],[21,124],[101,447],[4,46],[27,124],[29,98],[5,113],[18,107],[21,55],[19,-7],[9,37],[-11,185],[26,303],[18,112],[38,98],[-18,39],[4,35],[58,214],[60,74],[48,18],[42,-73],[43,-17],[32,-136],[24,-9],[6,-42],[54,-141],[73,38],[61,199],[4,76],[44,47],[19,78]],[[24454,44810],[0,164]],[[24585,44971],[0,-326]],[[24585,44645],[-1,-327]],[[24357,43505],[64,0]],[[24421,43505],[32,-3],[0,-163]],[[24453,43339],[0,-488],[-11,0]],[[24442,42851],[-86,1]],[[24356,42852],[0,164]],[[23675,45465],[65,0]],[[23805,44817],[-33,0]],[[23772,44817],[-97,0]],[[23675,44817],[0,648]],[[25988,42090],[0,-53]],[[25988,42037],[0,-299]],[[25988,41738],[-106,-5]],[[25882,41733],[0,296]],[[25882,42029],[0,52],[106,9]],[[18806,42825],[7,23],[17,-58],[10,21],[11,125],[-14,114],[1,64],[-15,8],[-2,71],[22,126],[17,35],[18,10],[4,80],[28,26]],[[18910,43470],[46,119],[15,83]],[[18971,43672],[0,-476],[93,-3],[133,-1],[52,4]],[[19249,43196],[14,0]],[[19263,43196],[0,-344]],[[19012,42606],[-9,-3],[-12,-164],[-15,-32],[-14,35],[-11,-8],[-9,-78],[-32,72],[-17,67],[-13,18],[-5,108],[-12,-10],[1,-37],[-12,-40],[-4,-84],[-18,20]],[[18830,42470],[-14,107],[3,60],[-16,140],[3,48]],[[16476,40292],[-1,-242]],[[16475,40050],[-178,-3],[-23,-50],[-21,-103],[-15,-49],[-3,-49],[-11,-19],[-20,-112],[-3,-65],[-13,-112],[-19,-8],[-10,48],[-13,-47],[-26,42]],[[16120,39523],[0,367],[4,78],[13,18],[11,106],[6,-11],[9,88],[12,28],[17,-7]],[[25119,50741],[0,-163],[68,2],[0,-163],[69,-1]],[[25256,50416],[67,-5],[-1,-162],[3,-163]],[[25325,50086],[-1,-177]],[[25324,49909],[-101,10]],[[25223,49919],[1,166],[-173,5]],[[25051,50090],[0,651]],[[21857,38896],[123,-3]],[[21980,38893],[1,-815]],[[21981,38078],[-123,3]],[[21858,38081],[-1,815]],[[23145,55362],[143,2]],[[23288,55364],[0,-653]],[[23288,54711],[-143,2]],[[23145,54713],[0,649]],[[22579,32680],[22,0],[18,-60],[2,55],[7,-40],[14,16],[8,-52],[21,21],[8,-41],[19,22]],[[22698,32601],[0,-894],[1,-5]],[[22699,31702],[0,-326]],[[22699,31376],[-118,0]],[[22581,31376],[-1,326]],[[22580,31702],[0,436],[1,53],[-2,489]],[[23700,32805],[10,37],[-5,24],[8,57],[-4,45],[5,80],[-15,2],[1,162],[25,-3],[0,82],[6,51],[14,-1],[0,54]],[[23745,33395],[0,27],[60,-11]],[[23801,32675],[-11,-19],[-16,111],[-1,-208],[-29,11],[-1,-167],[-30,4],[0,-33]],[[23713,32374],[-15,0],[0,219],[2,212]],[[23202,28192],[54,0],[1,-36]],[[23257,28156],[8,-448]],[[23265,27708],[-7,-18],[-28,109],[-24,0],[-22,90],[-2,37]],[[23182,27926],[-15,66],[12,201],[23,-1]],[[28659,46516],[105,35]],[[28764,46551],[2,-125]],[[28766,46426],[7,-576]],[[28773,45850],[-43,-12],[-31,1]],[[28699,45839],[-34,-5]],[[28665,45834],[-3,405]],[[28662,46239],[-3,277]],[[24656,22928],[3,102]],[[24659,23030],[22,-47],[12,64],[7,87]],[[24700,23134],[51,34],[39,-113]],[[24790,23055],[1,-83]],[[24791,22972],[-28,-50]],[[24763,22922],[-19,-24],[-6,-56],[-16,-70],[-12,-93],[-25,-30],[-3,-92],[5,0],[0,-156]],[[24687,22401],[-27,19],[-8,-11]],[[24652,22409],[-3,172],[-6,103],[8,27],[-3,82],[5,4],[3,131]],[[29219,46563],[2,29],[48,159],[-2,109]],[[29267,46860],[24,-42],[14,-67],[15,13],[2,-100],[24,-135]],[[29346,46529],[-5,-10],[-99,-82]],[[29242,46437],[-1,-32],[-24,3],[-10,68],[14,13],[-2,74]],[[23050,30884],[73,0],[0,164],[15,7],[0,319]],[[23138,31374],[58,0],[0,-162],[59,0]],[[23255,31212],[0,-162],[-30,0],[0,-655]],[[23225,30395],[-59,0]],[[23166,30395],[-116,0]],[[23050,30395],[0,489]],[[22792,23371],[50,101]],[[22842,23472],[53,188]],[[22895,23660],[12,-34],[13,-153],[29,-173],[4,-68],[17,-16],[15,-45]],[[22985,23171],[-13,-88],[-14,-29],[-1,-68],[-15,-69]],[[22942,22917],[-14,-83],[-49,-158],[-1,37]],[[22878,22713],[-16,389],[-33,146],[-37,123]],[[23386,24160],[73,407],[27,196]],[[23486,24763],[29,-81],[34,-35],[15,-48]],[[23564,24599],[-27,-89],[10,-296],[22,-612]],[[23569,23602],[2,-66],[-55,-3]],[[23516,23533],[-32,8]],[[23484,23541],[-5,32],[10,56],[-37,66],[-18,3],[6,53],[-5,81],[-9,58],[-16,-31],[1,53],[-10,47],[4,120],[-19,81]],[[23255,31212],[44,2],[0,162]],[[23425,31376],[34,0],[0,-325]],[[23459,31051],[-30,0],[0,-493],[-29,0],[-2,-163]],[[23398,30395],[-173,0]],[[5093,84391],[0,487],[53,0],[0,161],[-7,0],[0,325],[54,0],[0,162],[107,0],[1,163],[49,0],[0,162],[55,0],[-4,485],[-55,0],[-4,648],[0,650],[52,0],[0,323],[57,0],[-3,325],[0,324],[57,0],[-2,486],[-58,0]],[[5445,89092],[0,485],[-3,325],[176,0],[0,325],[297,0],[0,648],[238,0],[0,-325],[119,0],[0,325],[119,0],[0,-163],[60,0],[0,-162],[119,0],[0,325],[12,0],[0,162],[181,0],[0,323],[182,0],[0,162],[17,0],[0,648],[-43,0],[0,163],[-124,0],[0,485],[16,0],[0,162],[-63,0],[0,163],[-63,0],[0,162],[-63,2],[0,161],[14,0],[0,257]],[[6636,93725],[257,0],[276,0],[245,0],[236,0],[236,0],[210,0],[210,0],[223,0],[215,0],[262,0],[226,0],[0,935],[259,0],[215,0],[215,0],[276,0],[198,0],[229,-1]],[[10624,94659],[0,-4977]],[[9770,87520],[-13,77],[24,80],[-27,58],[14,42],[-3,177],[21,41],[7,55],[-22,48],[9,84],[36,75],[-7,45],[-27,20],[-60,8],[-34,-56],[-39,-10],[-60,24],[-67,71],[-96,-113],[-45,-9],[-25,-37],[-29,8],[-18,94],[14,31],[-1,80],[-26,55],[-53,39],[-29,62],[-12,110],[16,99],[16,44],[-13,51],[-66,63],[-65,-74],[-4,-69],[-64,-106],[-42,-57],[-42,10],[-46,-10],[-62,-62],[-100,-63],[-239,0],[3,-649],[0,-520],[27,60],[35,-81],[7,-80],[36,-74],[27,-170],[36,-108]],[[8662,86883],[-303,0],[0,27],[-236,0],[-209,0],[-61,-270],[-93,-405],[-35,0],[-30,44],[8,45],[-21,46],[-64,0],[-19,-95],[9,-40],[-61,0],[-2,-325],[-48,0],[0,-323],[-180,0],[0,-324],[17,0],[0,-243],[54,0],[0,-82],[53,0],[0,-227],[-159,-855]],[[7282,83856],[-1,-13],[0,-797]],[[25307,28770],[9,460]],[[25316,29230],[91,-19]],[[25407,29211],[30,1]],[[25437,29212],[0,-694]],[[25437,28518],[-30,-85],[-6,-57],[-10,-8],[-12,-70],[-28,4],[-7,-80]],[[25344,28222],[-47,-8]],[[27383,35991],[15,61],[54,121]],[[27452,36173],[-2,-56],[8,-60],[19,44],[-13,-53],[9,-82]],[[27473,35966],[-5,24],[-13,-40],[4,-66]],[[27459,35884],[11,-76],[-4,-74],[4,-46]],[[27470,35688],[-15,-79],[-11,-21]],[[27444,35588],[-13,-69],[-16,-29]],[[27415,35490],[-19,138],[-24,138],[-5,87]],[[27367,35853],[-5,77],[21,61]],[[24910,27545],[0,470]],[[24910,28015],[0,85],[115,3]],[[25025,28103],[0,-665]],[[25025,27438],[-1,0]],[[25024,27438],[-114,1],[0,106]],[[23663,40854],[0,81]],[[23663,40935],[32,-7],[93,-1]],[[23788,40927],[0,-325]],[[23788,40602],[0,-163]],[[23788,40439],[-125,5]],[[23663,40444],[0,410]],[[27473,35966],[-14,-82]],[[23097,41330],[63,0]],[[23160,41330],[62,0]],[[23153,40518],[-56,0]],[[23097,40518],[0,812]],[[21735,38898],[86,-2]],[[21821,38896],[36,0]],[[21858,38081],[-116,0]],[[21742,38081],[-7,0]],[[22844,56624],[180,2]],[[23024,56626],[0,-286],[5,0],[0,-108]],[[23029,56232],[0,-217],[36,-2],[0,-162],[144,2],[0,162],[35,2],[0,162]],[[23244,56179],[36,-3]],[[23280,56176],[1,-487],[7,0],[0,-325]],[[23145,55362],[-219,0]],[[22926,55362],[-1,209],[-5,5],[-5,109]],[[22915,55685],[-7,58],[-6,124],[-8,27],[-11,163],[-3,93],[-11,55],[-5,194],[-8,36],[-12,189]],[[23050,58171],[303,-2]],[[23353,58169],[-1,-119],[6,-58],[18,-43],[27,26],[13,48],[1,-389],[-71,0],[1,-323]],[[23347,57311],[-73,-4]],[[23274,57307],[-182,13],[-37,-1]],[[23055,57319],[0,323],[-4,0],[-1,529]],[[26506,27351],[-2,-16]],[[26504,27335],[-12,1]],[[26492,27336],[14,15]],[[26436,27055],[1,53],[15,2],[24,212],[16,14]],[[26492,27336],[10,-29]],[[26502,27307],[23,-1],[24,-69]],[[26549,27237],[3,-163],[-3,-170]],[[26549,26904],[-14,-19],[-19,-61],[-17,-145]],[[26499,26679],[-16,38],[-14,-11],[0,79],[-13,5]],[[26456,26790],[-11,6],[1,108],[-11,10],[1,141]],[[24405,25894],[46,-8],[0,-27]],[[24451,25859],[-5,-40],[-1,-171],[-18,0],[-10,45],[-5,-61],[9,-48],[18,21],[4,-51],[-12,-57],[-20,-29],[1,-119],[13,-120],[0,-47],[-9,-11],[-8,47],[-4,80],[-9,-63],[7,-25],[1,-73],[12,-59],[-2,-69],[-17,-33],[-18,12],[-1,-61],[15,-81]],[[24392,24846],[-10,-107],[1,-45],[16,-81],[-7,-93],[-13,-34]],[[24379,24486],[-7,-53]],[[24372,24433],[1,43]],[[24373,24476],[0,94],[-18,1]],[[24355,24571],[5,111],[-4,58],[12,100],[-38,91],[-6,55]],[[24324,24986],[3,50],[-11,18],[0,98],[5,40],[16,-3],[-19,91],[0,135],[9,-9],[5,-97],[19,-14],[0,67],[-17,12],[5,107],[-13,77],[3,87],[11,56],[11,-64],[9,53],[-3,63],[6,111],[16,-11],[10,61],[15,-74],[1,54]],[[28484,36422],[3,103],[19,34],[15,-29],[8,59]],[[28529,36589],[8,-66]],[[28537,36523],[15,-96]],[[28552,36427],[-4,-24],[-20,5],[-2,-58],[7,-61]],[[28533,36289],[0,-105],[17,2],[-4,27]],[[28546,36213],[25,-98]],[[28571,36115],[3,-58],[-9,-29]],[[28565,36028],[-11,102],[-22,-15],[-8,-40],[-10,74],[-18,18],[-4,37]],[[28492,36204],[0,196],[-10,-32],[2,54]],[[28580,34501],[29,50]],[[28609,34551],[22,-223],[12,-28],[16,-103]],[[28659,34197],[13,-109],[10,-43],[-7,-23],[-31,72],[-13,8],[-5,49],[-18,37],[23,-118],[21,-37],[-7,-30],[-24,-18]],[[28621,33985],[-45,61],[-5,245],[5,37],[4,173]],[[24026,35848],[61,-8]],[[24087,35840],[121,-13]],[[24253,35821],[-2,-490],[-5,0]],[[24246,35331],[-181,22]],[[24065,35353],[-41,5]],[[24024,35358],[2,490]],[[21471,28155],[107,4]],[[21578,28159],[0,-816]],[[21578,27343],[-143,-5]],[[21435,27338],[-1,815]],[[20641,41169],[11,13],[0,113],[15,35]],[[20667,41330],[152,0],[74,2]],[[20893,41332],[124,0]],[[21016,40843],[-187,-3],[-141,3]],[[20688,40843],[16,61],[26,-6],[-8,101],[38,-2],[7,143],[-22,15],[-14,-20],[0,-96],[-17,-6],[0,-81],[-21,0],[-10,-27],[-18,27],[-24,-14]],[[20641,40938],[0,231]],[[22429,34152],[119,0]],[[22548,34152],[1,-686],[-1,-137]],[[22548,33329],[-29,0],[0,-324]],[[22519,33005],[-86,0]],[[22433,33005],[-3,0],[0,488]],[[21578,28159],[37,-1]],[[21615,28158],[107,5]],[[21722,28163],[0,-817]],[[21722,27346],[0,-6]],[[21722,27340],[-144,3]],[[22432,32842],[1,163]],[[22519,33005],[2,-28],[0,-299],[58,2]],[[22580,31702],[-147,0]],[[22433,31702],[0,454]],[[21615,28970],[0,-812]],[[24514,37020],[-1,-204]],[[24513,36816],[-44,10],[0,-166],[29,-5],[-1,-162]],[[24497,36493],[-121,14]],[[24331,36837],[1,360],[77,-5]],[[22017,24652],[142,0]],[[22159,24652],[0,-275],[33,0]],[[22192,24377],[1,-431]],[[22193,23946],[-176,0]],[[20641,40607],[0,29],[0,4],[13,89],[21,-48],[8,-55],[15,61],[-15,21],[0,58],[10,-5],[-5,82]],[[21016,40518],[-2,0]],[[21014,40518],[-197,-5],[-66,4]],[[20751,40517],[-109,1]],[[20642,40518],[-1,89]],[[20468,41203],[77,5],[0,-42]],[[20545,41166],[0,-312]],[[20545,40854],[-28,23],[-36,140],[-17,35]],[[20464,41052],[-3,74],[7,77]],[[20919,39213],[94,-3],[1,488],[0,820]],[[21168,39528],[-1,-650],[-2,-146]],[[21165,38732],[0,-162],[-92,-3],[0,-13]],[[21073,38554],[-31,11],[-122,0]],[[20920,38565],[-1,0]],[[20919,38565],[0,648]],[[22008,27338],[144,-5],[0,-11]],[[22152,26512],[-23,1]],[[22129,26513],[-122,0]],[[22007,26513],[0,555],[1,270]],[[21615,28970],[145,4]],[[21760,28974],[0,-799]],[[21760,28175],[-38,-12]],[[22196,28150],[105,0]],[[22301,27322],[-5,0]],[[22157,27322],[0,828]],[[22052,28156],[-43,0]],[[22009,28156],[-105,5]],[[21904,28161],[1,813]],[[21269,26520],[143,1]],[[21412,26521],[0,-815]],[[21403,25706],[-125,2]],[[21278,25708],[-9,0]],[[21269,25708],[0,812]],[[21781,24642],[-87,-6]],[[22768,25087],[21,-143],[18,68]],[[22865,24462],[-52,-180],[-16,-257]],[[22797,24025],[-86,220],[-57,64]],[[22654,24309],[-23,245]],[[22631,24554],[1,64]],[[16763,56193],[34,28]],[[16797,56221],[11,-71],[28,-31],[6,73],[10,-29],[23,9],[10,-32],[-3,-58],[22,-3],[13,-87],[17,5],[5,105]],[[16939,56102],[36,96],[19,-114],[7,-98],[20,-76],[16,79],[15,-21],[15,47],[17,-42]],[[17084,55973],[-1,-1058]],[[17083,54915],[-38,0]],[[17045,54915],[-284,4]],[[16761,54919],[2,1274]],[[26188,31538],[3,97],[20,0],[0,83],[8,4],[15,228]],[[26234,31950],[47,0]],[[26281,31950],[-9,-130],[7,-77],[-7,-29],[-9,-147],[7,-77],[-4,-62],[-19,-4],[12,-54],[-11,-4],[4,-78]],[[26214,31267],[0,181],[-33,2],[7,88]],[[25137,28093],[29,-1]],[[25295,28098],[-5,-341],[-6,-316]],[[25137,27439],[0,654]],[[29585,49117],[16,219],[-3,3],[12,162],[10,-14],[6,54],[-10,29],[10,90]],[[29626,49660],[42,-99],[16,151],[28,-105],[17,155]],[[29729,49762],[59,-153],[-13,-158],[-13,-77],[0,-50],[-15,-128]],[[29747,49196],[-14,32],[-7,-172],[-32,64],[-7,-6],[-27,-275],[-17,30]],[[29643,48869],[-43,84],[-5,-3],[-5,169],[-5,-2]],[[23609,25711],[86,-63],[30,-94]],[[23725,25554],[0,-192],[-16,-101],[5,-79],[-7,-140],[5,-104],[-2,-199]],[[23710,24739],[-1,-29],[-25,-36]],[[23684,24674],[-17,69],[-16,97],[-21,69]],[[23630,24909],[-4,72],[7,77],[-5,110],[8,109],[-6,34],[7,162],[-3,118],[-11,33],[-14,87]],[[31499,223],[9,5],[8,-107]],[[31516,121],[-7,-44],[-7,21]],[[31502,98],[-7,105],[4,20]],[[26145,45857],[63,3]],[[26208,45860],[98,0]],[[26306,45860],[1,-381],[2,-275]],[[26276,45207],[-130,-1]],[[24376,38903],[2,456],[2,209]],[[24380,39568],[1,167],[61,-11]],[[24442,39724],[42,-5]],[[24484,39719],[-1,-275]],[[24483,39444],[0,-278],[-42,2],[-1,-253]],[[24440,38915],[-19,7],[-17,-69],[-26,51]],[[6190,6089],[6,-38],[-8,-21],[-4,45],[-21,47]],[[6163,6122],[15,49],[4,-67],[8,-15]],[[6190,6089],[14,-6],[27,29],[17,-40],[-8,-89],[-18,-82],[-20,-33],[-35,51],[-26,50],[-15,-23],[-29,-8],[-16,28],[6,83],[9,47],[-2,93],[17,-3],[3,-23],[49,-41]],[[6251,4895],[35,138],[9,-64],[-1,-101],[-14,9],[-19,-32],[-10,50]],[[6251,5626],[2,65],[14,136],[14,10],[13,-53],[10,-125],[10,-81],[24,47],[18,56],[26,-34],[0,-25],[17,-82],[10,-25],[5,-64],[31,-59],[5,-52],[0,-83],[-8,-69],[-13,-65],[-6,5],[-17,-58],[-14,16],[-30,-85],[-21,-14],[-17,41],[-7,338],[-7,32],[-14,-38],[-26,80],[-16,122],[-3,64]],[[6150,5596],[7,43],[13,8],[26,-30],[17,-97],[8,-82],[-9,-104],[-19,-47],[-17,-8],[-7,97],[-3,117],[-14,51],[-2,52]],[[23501,54062],[36,0],[-1,323],[0,648],[-2,164]],[[23534,55197],[71,1],[0,63]],[[23605,55261],[24,-55],[59,123],[10,-25],[15,-111],[-4,-56],[10,-56],[29,-88],[4,32],[28,-36],[-5,-90],[8,-72],[0,-342]],[[23783,54485],[0,-425]],[[23783,54060],[-88,0],[-70,5],[-1,-326],[4,0],[1,-640],[-4,-23]],[[23625,53076],[-23,103],[-30,-56],[-25,45],[-8,42]],[[23517,53247],[-13,48],[-3,767]],[[21204,54391],[141,2],[0,55],[106,0]],[[21451,54448],[0,-55],[14,0]],[[21465,54393],[0,-492]],[[21465,53901],[0,-162]],[[21233,53735],[-84,0]],[[21149,53735],[0,656],[55,0]],[[22318,38891],[153,0]],[[22472,38563],[0,-488]],[[22472,38075],[-120,0]],[[22352,38075],[-33,1],[0,163]],[[22319,38239],[-1,652]],[[22165,38240],[154,-1]],[[22352,38075],[0,-487],[-31,0]],[[22321,37588],[-91,0],[0,162],[-61,0]],[[22169,37750],[0,326],[-4,2]],[[22165,38078],[0,162]],[[22474,37911],[1,164],[-3,0]],[[16295,52065],[17,18],[30,-98],[22,9],[34,42],[20,8],[11,68],[28,43],[20,52]],[[16477,52207],[-2,-553],[0,-486],[35,-1],[-1,-164],[35,0],[-1,-164],[-8,-26]],[[16336,50842],[13,63],[-6,139],[-14,26],[-7,89],[8,281],[12,29],[-2,93],[12,31],[10,-29],[-2,58],[15,-9],[-12,119],[0,66],[-9,58],[-7,-11],[-6,63],[-17,32],[-29,125]],[[26337,49115],[67,0]],[[26404,49115],[56,2]],[[26460,49117],[0,-309]],[[26460,48808],[0,-320]],[[26460,48488],[-55,5],[-1,-27],[-66,3]],[[26338,48469],[0,487],[-1,159]],[[6636,93725],[0,66],[-256,0],[0,162],[-256,0],[0,162],[-285,0],[-216,0],[-206,0],[0,161],[-130,0],[0,-161],[-259,-1],[0,162],[-130,0],[0,-162],[-130,0],[0,162],[-195,0],[0,-162],[-249,0],[-246,0],[0,-323],[-247,0]],[[3831,93791],[-84,104],[-51,37],[-29,56],[-19,113],[-54,135],[-45,64],[-81,66],[-42,-9],[37,64],[92,95],[20,74],[3,91],[19,122],[11,380],[-8,188],[179,-50],[68,10],[144,67],[79,45],[77,24],[77,102],[41,104],[29,48],[53,140],[81,309],[21,148],[7,127],[-2,299],[39,374],[84,294],[65,288],[37,124],[129,260],[96,-56],[69,-5],[68,65],[64,85],[93,167],[74,174],[44,138],[114,302],[33,50],[99,101],[7,-75],[55,-71],[82,-19],[68,24],[13,38],[32,-5],[61,28],[73,82],[74,136],[71,195],[36,141],[86,298],[68,122],[12,-109],[47,-61],[39,-4],[39,-32],[16,-132],[27,66],[99,-78],[15,-158],[-54,-114],[-35,-101],[-41,-7],[12,-235],[81,-24],[44,95],[-7,122],[16,13],[31,108],[23,19],[19,-77],[4,101],[-27,69],[35,89],[21,-76],[-3,105],[15,35],[71,-119],[45,-106],[13,-67],[-11,-53],[1,-176],[9,-78],[61,16],[35,-60],[16,-64],[48,100],[30,120],[112,0],[69,68],[53,-18],[40,-55],[84,-3],[61,-51],[45,-57],[9,-54],[-26,-18],[-26,-133],[-26,-49],[14,-149],[25,8],[19,-39],[45,-9],[10,-45],[69,-32],[33,14],[-17,-69],[9,-40],[-53,-42],[-8,-39],[20,-40],[89,10],[72,-66],[14,-53],[28,8],[44,138],[57,24],[24,-29],[10,55],[40,11],[29,-43],[15,-95],[42,43],[38,13],[58,134],[13,-36],[45,32],[21,-24],[34,42],[12,-48],[66,-13],[62,-116],[28,-1],[19,-39],[26,50],[24,-13],[37,-117],[0,-73],[35,-30],[41,82],[1,-101],[26,91],[81,-124],[14,-107],[24,-37],[49,1],[43,-24],[29,58],[23,-117],[48,-16],[29,72],[43,-19],[62,19],[66,-16],[49,-61],[50,-5],[17,45],[65,-153],[28,-13],[32,-86],[45,-26],[20,-48],[45,-20],[17,-41],[27,51],[66,-32],[45,124],[48,9],[9,32],[84,79],[18,39],[86,48],[42,-40],[48,51],[9,-29],[79,-117],[53,-60],[70,-128],[26,-108],[37,-17],[87,-156],[68,-65],[52,-99],[27,-76],[61,-21],[58,-72],[0,-2146]],[[25787,43034],[32,-2]],[[25902,43032],[1,-175],[0,-474]],[[25903,42383],[-58,-3]],[[25845,42380],[0,246],[-42,0],[0,80],[-16,0]],[[25787,42706],[0,328]],[[24616,43330],[97,-10]],[[24713,43320],[-2,-653]],[[24711,42667],[0,-163]],[[24615,42520],[1,810]],[[26537,27947],[50,195]],[[26587,28142],[4,-68],[11,-53],[16,0],[24,-80]],[[26642,27941],[7,-40],[-25,-161],[-7,6],[-2,-88],[4,-56]],[[26619,27602],[-21,24],[-8,29]],[[26590,27655],[-10,3],[-20,64],[-20,167],[-3,58]],[[26405,51057],[33,0]],[[26438,51057],[102,7]],[[26540,51064],[0,-267],[-3,-55],[1,-325]],[[26538,50417],[-135,-3]],[[26403,50414],[2,643]],[[26403,49763],[135,3]],[[26538,49766],[1,-107],[0,-542]],[[26539,49117],[-79,0]],[[26404,49115],[-1,648]],[[22163,39706],[151,0]],[[22314,39706],[3,2]],[[22317,39708],[-1,-817]],[[22316,38891],[-151,-1]],[[22165,38890],[-4,0]],[[25292,39779],[98,5]],[[25390,39784],[16,1]],[[25406,39785],[1,-607]],[[25407,39178],[-87,-5]],[[25320,39173],[-29,8],[0,111]],[[31263,444],[19,-24],[6,61]],[[31288,481],[3,1]],[[31291,482],[8,-70]],[[31299,412],[-15,-335]],[[31284,77],[-2,-1]],[[31282,76],[-1,82],[-6,49]],[[31275,207],[-10,126],[3,40],[-5,71]],[[31249,431],[14,13]],[[31275,207],[-21,15]],[[31254,222],[-6,37]],[[31248,259],[1,172]],[[23865,29121],[1,369],[2,285],[3,0],[1,246]],[[23872,30021],[23,0]],[[23895,30021],[19,-111],[2,-79],[11,-50],[11,0],[11,-53],[11,29],[10,-72]],[[23970,29685],[-3,-608]],[[23967,29077],[-29,5],[0,-27],[-41,8]],[[23897,29063],[-33,5],[1,53]],[[22169,37424],[0,326]],[[22321,37588],[0,-328],[3,0]],[[22324,37260],[0,-172]],[[22324,37088],[-152,3]],[[26404,47183],[122,8]],[[26526,47191],[0,-329],[2,-328]],[[26528,46534],[-65,-8]],[[26463,46526],[-58,-2]],[[26405,46524],[-1,640]],[[25073,25300],[56,0]],[[25129,25300],[29,0]],[[25158,25300],[0,-815],[2,0]],[[25146,24321],[-71,-2]],[[25075,24319],[-2,170],[0,811]],[[24086,36617],[122,-16]],[[24087,35840],[2,368],[-4,0],[1,409]],[[26935,41200],[12,-16],[52,-16]],[[26999,41168],[20,-8],[-3,-166],[28,-8],[-1,-85]],[[27051,40489],[-31,10]],[[27020,40499],[-30,11],[1,53],[-33,11],[2,110]],[[26960,40684],[2,164],[-11,3],[2,166],[-21,8],[3,175]],[[21623,37094],[122,0]],[[21745,37094],[0,-653]],[[21745,36441],[-121,2]],[[21624,36443],[-1,651]],[[25886,34757],[10,-10],[7,-71],[52,-35]],[[25955,34641],[-1,-56],[-15,-26],[-16,-76],[-12,-85]],[[25911,34398],[-11,61],[-15,39],[-4,-71],[-10,68]],[[25871,34495],[3,21],[1,176],[8,-3],[3,68]],[[22446,27323],[28,-4]],[[22474,27319],[0,-401],[-21,-70]],[[22453,26848],[-31,-106],[-73,-237]],[[26305,33382],[14,-93],[10,32],[5,-141]],[[26334,33180],[-20,-145],[-9,-87],[-21,-120],[-17,-200]],[[26267,32628],[-19,-114],[-5,-3]],[[26243,32511],[-9,141],[-14,31],[3,56]],[[26462,38625],[11,17],[10,63],[14,-27],[12,20]],[[26509,38698],[6,-12],[3,-102],[8,-75]],[[26526,38509],[-14,-100]],[[26512,38409],[-8,-13],[-26,50]],[[26478,38446],[-23,72],[7,107]],[[26120,29918],[43,-5],[6,13],[45,-3]],[[26214,29923],[4,-7],[-1,-167]],[[26217,29749],[-3,2],[0,-183],[-16,-37],[-9,9],[-42,-90],[-13,2]],[[26134,29452],[-14,466]],[[22173,36591],[0,-162],[3,0]],[[22176,36429],[1,-714]],[[22048,35718],[-24,2]],[[22024,35720],[-1,720],[-4,0],[0,164]],[[30859,49164],[13,38],[-4,-71],[-9,33]],[[30825,49114],[7,133],[6,-54],[19,-89],[-15,-72],[-5,54],[-12,28]],[[30817,49459],[3,68],[11,-114],[-14,46]],[[30730,49257],[14,3],[3,-66],[-17,63]],[[30737,50094],[20,-43],[15,114],[12,-34],[9,69],[47,42],[-15,409],[35,30],[-6,161],[35,30],[-9,229],[69,58]],[[30949,51159],[9,-205],[11,-350],[-34,-32],[20,-495],[5,4],[6,-159],[-6,-4],[9,-218],[7,-109]],[[30976,49591],[-8,-53],[-5,40],[-12,-144],[-16,62],[0,58],[-21,-19],[2,-106],[-16,-114],[11,-53],[-35,-26],[-23,51],[-16,172],[6,47],[22,43],[-9,73],[-13,-57],[2,71],[-10,-5],[1,-109],[-5,0],[0,103],[-24,-90],[5,-56],[-6,-69],[14,-108],[-3,-73],[-23,-123],[9,-18],[-12,-63]],[[30791,49025],[-10,15]],[[30781,49040],[-17,85],[-4,103],[15,82],[-19,64],[6,42],[-10,16],[-18,-34],[1,182],[10,85],[2,79],[-6,50]],[[30741,49794],[-2,93],[-10,79],[8,128]],[[18056,53793],[140,0]],[[18196,53793],[7,-58],[-17,-257],[2,-136],[20,-92],[4,-92],[-3,-67],[9,-24],[-7,-82],[-13,-31],[10,-58],[-2,-54],[11,-74],[-14,-140],[32,-5],[11,-132],[11,-27],[26,-19]],[[18283,52445],[0,-2]],[[18283,52443],[-3,-108],[-18,-58],[-21,-29],[-8,17],[-37,-174],[-11,58],[-13,-68],[1,-88],[-7,-5]],[[18166,51988],[-23,-6],[2,-65],[-15,-58],[-19,-130],[-16,-40],[-16,18],[-3,-94],[-24,-67],[-5,58],[-14,35],[-13,97],[-27,8]],[[22910,43286],[124,-1],[0,-55]],[[23034,43230],[0,-434]],[[23034,42796],[0,-489]],[[23034,42307],[-125,2]],[[22909,42309],[0,326]],[[21201,32316],[244,0]],[[21445,32316],[0,-816]],[[21445,31500],[-100,0]],[[21345,31500],[-144,0]],[[21201,31887],[0,429]],[[25380,49265],[43,0],[1,162],[33,0]],[[25457,49427],[63,0]],[[25520,49427],[0,-64],[9,-119],[-3,-93],[-12,-66],[-22,-68],[-4,-106],[-8,-59],[-13,-240]],[[25467,48612],[-86,0]],[[25381,48612],[-1,164],[0,489]],[[25130,45357],[66,2]],[[25196,45359],[32,1]],[[25228,45360],[0,-164],[-3,0],[0,-649]],[[25225,44547],[-1,-164]],[[25224,44383],[-93,-7]],[[25131,44376],[-1,494]],[[25130,44870],[0,487]],[[24910,26775],[114,2]],[[25024,26777],[0,-653],[1,-135]],[[25025,25989],[-23,-9]],[[25002,25980],[-70,-31]],[[24932,25949],[-1,5],[0,416],[-2,77],[-19,0]],[[24910,26447],[0,328]],[[20900,32239],[74,229],[0,-42],[62,-2],[0,278]],[[21036,32702],[69,0],[2,13],[0,479],[2,163]],[[21109,33357],[93,0]],[[21202,33357],[0,-219]],[[21202,33138],[-1,-822]],[[21007,31233],[-58,2]],[[20899,31559],[1,680]],[[23545,45465],[65,-2]],[[23610,45463],[65,2]],[[23675,44817],[-33,-2]],[[23642,44815],[-97,0]],[[23545,44815],[0,650]],[[22404,41333],[-95,0]],[[22309,41333],[-31,0]],[[27469,40261],[8,11],[6,65]],[[27483,40337],[63,-74],[20,-70]],[[27575,39912],[-17,-133],[0,-110]],[[27558,39669],[-21,-17]],[[27537,39652],[-43,66],[-22,16],[-17,37]],[[27455,39771],[19,54],[-11,47],[6,26],[-16,96],[20,138],[-4,129]],[[27558,39669],[16,-46],[11,-93],[21,-4],[0,-114],[-9,-53]],[[27597,39359],[-6,-95],[3,-104],[-8,-177],[-31,-5],[-12,-91]],[[27512,38948],[-5,77],[7,217],[5,5],[5,98],[8,45],[0,93],[5,169]],[[23553,40856],[110,-2]],[[23663,40444],[-1,-135]],[[23662,40309],[-109,3]],[[23553,40312],[0,139]],[[23553,40451],[0,405]],[[31270,1067],[18,7]],[[31288,1074],[7,-183],[-3,-87]],[[31292,804],[-19,45]],[[31273,849],[-2,-3]],[[31271,846],[-1,221]],[[31352,775],[5,19]],[[31357,794],[16,24]],[[31373,818],[20,39]],[[31393,857],[2,-214]],[[31395,643],[-13,-2],[-5,-57],[2,-111],[-9,-7]],[[31370,466],[4,32],[-10,116],[0,106]],[[31364,720],[-12,55]],[[31705,815],[14,-34],[10,20],[9,-39],[-17,-76],[-13,33],[-3,96]],[[24755,33283],[0,-489]],[[24755,32794],[-60,5]],[[24545,32802],[1,497]],[[27197,21909],[55,7],[3,35],[28,50]],[[27283,22001],[10,-162],[21,-295]],[[27314,21544],[-15,-30],[2,-270],[-75,-10],[-1,259],[-3,-2]],[[27222,21491],[-12,-5],[-4,110],[-9,79],[0,234]],[[26059,31944],[37,-2]],[[26096,31942],[31,0]],[[26127,31942],[-20,-203],[-4,-82],[0,-135],[-12,-112],[0,-55],[-12,-87]],[[26079,31268],[-13,444]],[[26066,31712],[-7,232]],[[26381,25652],[43,0]],[[26424,25652],[71,3],[7,50]],[[26502,25705],[6,-47],[-1,-339]],[[26507,25319],[-40,-8]],[[26467,25311],[-19,-8],[-61,1]],[[26387,25304],[5,39],[-7,98],[-6,145],[2,66]],[[26562,25991],[52,1],[1,94]],[[26615,26086],[36,-13]],[[26651,26073],[8,-167]],[[26659,25906],[0,-94],[-10,-22],[-3,-190]],[[26646,25600],[-42,3],[0,-53]],[[26604,25550],[-16,97],[-25,6],[-1,338]],[[25272,26785],[-12,-624]],[[25260,26161],[-41,-69],[-39,-40],[-41,-18]],[[25139,26034],[-1,245],[0,499]],[[22130,51797],[274,-5]],[[22405,51142],[-237,4]],[[22168,51146],[-38,0]],[[22130,51146],[0,651]],[[24630,25795],[127,3],[10,32]],[[24767,25830],[0,-686]],[[24767,25144],[-5,0]],[[24762,25144],[-80,-2]],[[24682,25142],[-23,0]],[[24659,25142],[0,490],[-29,-1]],[[24630,25631],[0,164]],[[31269,635],[-1,93],[5,121]],[[31292,804],[-1,-37]],[[31291,767],[0,-148],[3,-27]],[[31294,592],[-5,-4],[2,-106]],[[31288,481],[-17,32]],[[31271,513],[-2,122]],[[23085,53737],[30,0],[0,164]],[[23115,53901],[152,-5],[129,3]],[[23396,53899],[3,-164],[0,-488]],[[23401,52756],[-173,2]],[[23089,52760],[1,326],[-5,3],[0,648]],[[21310,42732],[167,0]],[[21477,42732],[0,-97]],[[21477,42635],[0,-482]],[[21307,42150],[0,500],[3,82]],[[25842,49149],[95,-22]],[[25829,48477],[0,68],[-9,215],[-12,113],[2,83],[20,82],[12,111]],[[27476,43434],[73,7],[0,-21],[31,-7],[14,-80]],[[27594,43333],[-19,-132],[2,-271]],[[27577,42930],[-101,-7]],[[27476,42923],[0,92]],[[27476,43015],[0,419]],[[27084,36675],[20,67]],[[27104,36742],[7,-66],[28,-35],[21,54],[9,-4],[6,-53],[21,-33],[19,13],[7,-62],[10,29],[6,-39],[18,-35]],[[27256,36511],[-14,-163]],[[27242,36348],[-8,-34],[-8,-88],[-23,-27],[-2,-49],[-13,-46],[-34,-11],[-17,69]],[[27137,36162],[-2,46],[-12,39],[-18,6],[-7,84],[-14,50],[-2,144],[-15,36],[-1,53],[18,55]],[[4107,91071],[0,-196],[21,0],[0,-648],[21,0],[0,-650],[78,0],[0,-323],[58,0],[0,-325],[260,0],[137,0],[243,0],[230,0],[232,0],[0,163],[58,0]],[[4609,84878],[44,198],[23,143],[23,63],[-9,93],[14,8],[28,-45],[22,-8],[13,-124],[52,0],[45,33],[26,-33],[77,45],[48,61],[9,82],[56,206],[38,217],[0,114],[-12,131],[-23,152],[-17,195],[-1,189],[-5,84],[-71,252],[-9,52],[-41,45],[-27,2],[10,155],[27,54],[14,-41],[35,-32],[51,11],[-10,73],[31,16],[41,130],[2,183],[-42,196],[-47,110],[-25,77],[-1,-52],[-27,-77],[-20,-138],[-42,-48],[-42,67],[-59,-149],[-81,-55],[-18,-114],[-85,-166],[-21,-112],[-5,-159],[-44,-113],[-4,150],[-15,177],[-23,80],[-28,-5],[4,55],[-32,74],[-9,58],[-38,-97],[16,-72],[21,-11],[16,-63],[24,18],[2,-78],[-22,-130],[-19,-17],[-22,131],[-55,123],[-41,53],[-64,20],[-41,-43],[-27,19],[-52,5],[-45,-35],[-108,-180],[-58,-28],[-111,119],[-94,73],[-47,22],[-88,65],[-49,127],[-20,154],[1,119],[20,58],[-6,103],[-28,101],[-45,90],[-1,95],[-46,103],[-10,90],[39,-53],[33,4],[9,44],[24,24],[16,51],[-3,89],[35,98],[-38,101],[-19,15],[-29,-26],[-39,24],[-64,84],[-104,33],[-49,84],[-38,101],[-55,97],[-46,48],[-17,120],[9,84],[34,80],[123,174],[63,119],[48,119],[45,90],[42,103],[84,169],[55,90],[146,268],[172,248],[133,144],[88,73]],[[4584,85462],[19,71],[21,25],[24,-27],[22,10],[9,-60],[-1,-80],[-75,-21],[-18,31],[-1,51]],[[2033,85394],[2,60],[25,140],[-3,120],[8,29],[-5,92],[21,5],[8,-68],[-4,-77],[12,-55],[64,-91],[77,-77],[55,-33],[58,140],[58,94],[58,-23],[29,-111],[23,-24],[15,-167],[-2,-61],[53,-90],[56,-23],[22,-51],[9,-56],[36,-33],[88,-32],[14,10],[102,-89],[-27,-210],[-22,-69],[-51,56],[-43,-2],[-50,-46],[-44,-143],[-10,-98],[1,-86],[-20,-74],[-30,36],[3,38],[-26,192],[-32,99],[-50,97],[-39,-8],[-11,111],[-17,88],[-54,129],[-86,111],[-65,17],[-47,-70],[-18,-94],[-36,-54],[-28,53],[-49,58],[-24,133],[-7,90],[3,117]],[[24015,34061],[15,-4]],[[24030,34057],[15,0],[-1,-82],[119,-14]],[[24163,33961],[-1,-162]],[[24162,33799],[0,-351]],[[24162,33448],[-60,5],[0,-135],[-50,6]],[[24052,33324],[-39,5]],[[24013,33329],[3,497],[-1,235]],[[25933,44016],[113,2]],[[26046,43753],[0,-219],[-9,0],[0,-246]],[[23728,46278],[-131,2]],[[23597,46280],[0,492]],[[21986,38078],[179,0]],[[21986,37425],[0,164]],[[21986,37589],[0,489]],[[24494,35498],[2,379],[30,-5],[25,23]],[[24551,35895],[16,3],[0,-82],[51,-6]],[[24618,35810],[14,-2],[-1,-92],[10,-56],[5,-82]],[[24646,35578],[5,-82],[-1,-133]],[[24650,35363],[-65,3],[-31,21],[-30,-2]],[[24524,35385],[-30,5],[0,108]],[[23552,41565],[2,488]],[[23554,42053],[107,-4]],[[23661,42049],[-1,-463]],[[23660,41586],[0,-192]],[[23660,41394],[-32,8],[-76,0]],[[23552,41402],[0,163]],[[22617,54878],[71,-1]],[[22688,54877],[0,-489],[7,0],[0,-653]],[[22695,53735],[-98,2]],[[22484,53739],[0,651],[-8,0],[0,488]],[[24123,46770],[132,0]],[[24255,46770],[0,-497]],[[24255,46273],[-132,0]],[[24123,46273],[0,497]],[[23019,28198],[62,-2]],[[23081,28196],[0,-262]],[[23081,27934],[0,-51],[-62,-2]],[[23019,27881],[0,317]],[[25145,49268],[41,2]],[[25186,49270],[94,1]],[[25280,49271],[0,-572]],[[25145,48619],[0,164]],[[25145,48783],[0,485]],[[31206,891],[2,37],[19,96]],[[31227,1024],[8,-127]],[[31235,897],[-6,-82],[-1,-80]],[[31228,735],[-21,21]],[[31207,756],[-1,135]],[[26215,30281],[0,-24],[35,-1]],[[26250,30256],[-16,-245],[-20,2],[0,-90]],[[26120,29918],[-3,116]],[[26117,30034],[-6,218]],[[23315,47881],[19,-2]],[[23334,47879],[0,-458]],[[23334,47421],[-132,5]],[[23202,47426],[0,453]],[[23829,35572],[0,136]],[[23829,35708],[76,-6],[-1,-328],[10,-2]],[[23914,35372],[-3,-594]],[[23911,34778],[-75,0]],[[23836,34778],[3,601],[-11,1],[1,192]],[[22655,43288],[0,-651]],[[22655,42637],[-126,-2]],[[22529,42635],[-2,0]],[[22527,42635],[0,320]],[[27504,40808],[140,0]],[[27644,40808],[43,0]],[[27687,40808],[-9,-193],[-29,-254],[1,-87]],[[27638,40304],[-8,21],[-44,217],[-8,58],[-54,3],[-13,47]],[[27511,40650],[-3,151],[-4,7]],[[26410,31154],[5,39],[21,-28],[0,55],[16,39]],[[26452,31259],[2,-29]],[[26454,31230],[-1,-119],[28,-148],[31,-79]],[[26512,30884],[0,-112],[7,-45]],[[26519,30727],[-84,1]],[[26435,30728],[0,87]],[[24195,45629],[65,0]],[[24260,45629],[65,3]],[[24325,45632],[-1,-627],[1,-191]],[[24325,44814],[-130,1]],[[24195,44815],[0,814]],[[22324,37260],[151,-2]],[[22477,37086],[0,-489]],[[22477,36597],[-153,-1]],[[22324,36596],[0,492]],[[19733,55520],[31,13],[6,-20],[32,36],[25,-24],[13,-34],[8,-108],[-3,-111]],[[19850,54150],[14,-93],[4,-85]],[[19868,53972],[-224,-13]],[[19644,53959],[0,164],[6,0],[0,489],[-35,0],[0,160],[5,0],[0,163],[35,0],[0,67],[71,3],[6,13],[1,502]],[[21496,43941],[161,0]],[[21657,43941],[38,-2]],[[21695,43939],[0,-649],[6,0],[0,-82]],[[21701,43208],[-224,0]],[[21989,36605],[-122,-1]],[[21867,36604],[0,490]],[[21867,37094],[0,172],[-3,0],[0,325],[122,-2]],[[22348,49183],[63,0]],[[22514,49183],[0,-486]],[[22782,23401],[10,-30]],[[22878,22713],[-81,-495]],[[22797,22218],[-93,526]],[[22704,22744],[43,262],[35,395]],[[22441,23552],[51,3],[16,-29]],[[22508,23526],[63,-112]],[[22571,23414],[-13,-130]],[[22558,23284],[-35,-597]],[[22523,22687],[-32,-188]],[[22491,22499],[-49,378]],[[22442,22877],[-1,675]],[[22050,29794],[45,0],[1,-35],[21,8],[15,-40],[2,51],[17,-24],[9,-50],[7,29],[15,-63],[8,-4],[5,-63]],[[26334,31952],[83,0]],[[26417,31952],[54,-2]],[[26471,31950],[-14,-68],[20,-119],[-11,-80],[2,-71],[13,-11],[-3,-138],[-15,-148]],[[26463,31315],[-9,-85]],[[26452,31259],[1,38],[-17,49],[0,99],[-16,156],[-32,100],[-54,1]],[[26334,31702],[0,250]],[[22908,41332],[0,652]],[[22908,41984],[1,325]],[[23034,42307],[0,-487]],[[23034,41820],[0,-488]],[[23034,41332],[-95,0]],[[22939,41332],[-31,0]],[[24440,38915],[14,-19]],[[24454,38896],[0,-916]],[[24408,37872],[-27,2]],[[28072,40811],[23,191],[8,140],[14,175],[4,92],[7,30],[-7,52],[13,67],[7,81]],[[28141,41639],[15,-60],[42,-58],[18,-77]],[[28216,41444],[-15,-108],[-17,-255],[-10,-105],[-23,-165]],[[28083,40811],[-11,0]],[[18830,30984],[4,-27],[19,1],[-22,-72],[15,27],[9,-35],[8,59],[5,-130],[5,95],[13,26],[7,-36],[18,40],[15,-66],[16,-27],[1,-35],[14,40],[22,-63],[20,-85],[14,-29],[14,-69],[16,82],[11,-85]],[[19054,30595],[0,-494],[209,0],[0,-791]],[[19263,29310],[0,-165],[-16,-42],[-24,-2],[-20,-51],[-17,5],[-18,-26],[-2,-34],[-19,-19],[-10,-66],[2,-198],[11,-112],[-12,-5]],[[19138,28595],[-16,-16],[-24,-98],[-11,16],[-13,-58],[-4,-64],[-9,-13],[2,-55],[-18,-106],[-45,492],[-10,201],[-17,209]],[[18973,29103],[-31,394],[-16,-81],[-4,-59],[-11,39],[-21,180],[-13,58],[-1,99],[5,39],[-12,114],[2,66],[-12,0],[-1,79],[6,40],[-10,42],[-8,-12]],[[18846,30101],[1,71],[8,66],[-8,114],[4,32],[-65,0],[5,56],[-2,111],[7,53],[4,221],[30,99],[0,60]],[[21848,40521],[151,-3]],[[21999,40518],[5,2]],[[22004,40520],[-1,-815]],[[22003,39705],[-155,3]],[[21759,29791],[145,3]],[[21905,28974],[-145,0]],[[21760,28974],[-1,817]],[[26049,29158],[81,-7],[13,-17]],[[26143,29134],[3,-103]],[[26162,28473],[1,-40]],[[26163,28433],[-100,-2]],[[26063,28431],[-17,-2]],[[26046,28429],[0,274],[3,455]],[[24536,43825],[-11,-177],[20,-137],[13,-9],[13,-121],[0,-45]],[[24571,43336],[-118,3]],[[24421,43505],[1,489]],[[23985,48530],[0,-652]],[[23861,47878],[-42,0]],[[23819,47878],[0,652]],[[29980,48368],[77,-355],[26,-62]],[[30083,47951],[-8,-45],[9,-299],[-21,-130]],[[30063,47477],[-84,301],[-18,-21],[-10,106],[-11,16],[-14,119]],[[20920,44507],[190,3]],[[21110,44019],[-2,-80]],[[21108,43939],[-188,-3]],[[20920,43936],[0,321]],[[20920,44257],[0,250]],[[26646,25600],[0,-45],[22,-32],[12,-133],[11,-12]],[[26691,25378],[-9,-21],[0,-119],[-18,-94]],[[26664,25144],[-7,-45],[-15,1]],[[26642,25100],[-39,7]],[[26603,25107],[1,443]],[[25199,39132],[0,166]],[[25320,39173],[0,-217],[-8,-7],[4,-132],[-5,-57],[10,-52]],[[25321,38708],[-92,15],[-31,-2]],[[25645,41732],[111,-2]],[[25756,41730],[0,-66]],[[25756,41664],[0,-479]],[[25756,41185],[0,-109]],[[25756,41076],[-88,3]],[[25668,41079],[-23,2],[0,161]],[[26306,45860],[33,2]],[[26339,45862],[128,4]],[[26467,45866],[3,0]],[[26470,45206],[-65,3]],[[23649,50647],[68,-1]],[[23717,50646],[1,-489]],[[23718,50157],[-68,2],[0,-164],[-68,-2],[0,164]],[[23582,50157],[-1,328]],[[23581,50485],[0,162],[68,0]],[[22136,45233],[7,0]],[[22143,45233],[119,3]],[[22262,45236],[4,0]],[[22266,45236],[0,-649]],[[22245,35377],[13,-64],[31,-3],[15,-116],[6,-11],[14,-140],[15,-77],[0,-174]],[[22339,34792],[0,-485],[1,-161]],[[22221,34152],[-60,-1],[1,156],[-3,0],[0,646]],[[25644,42383],[91,-2]],[[25735,42381],[21,-11],[0,-231]],[[25756,42139],[0,-409]],[[25645,42015],[0,204]],[[25407,39178],[11,0]],[[25418,39178],[-1,-525]],[[25417,38653],[-12,0]],[[25405,38653],[-54,-1]],[[25351,38652],[0,54],[-30,2]],[[22140,50495],[28,-2]],[[22168,50493],[73,0]],[[22241,50493],[-1,-654],[4,0],[0,-659]],[[22167,49175],[-24,46]],[[22143,49221],[0,619],[-4,0]],[[22139,49840],[1,655]],[[23992,47421],[0,-79]],[[23992,46770],[-132,2]],[[23860,46772],[1,649]],[[22626,39380],[155,0]],[[22781,39380],[0,-653]],[[22626,39218],[0,162]],[[24714,43812],[1,243],[15,42],[5,51],[33,35],[13,29],[2,82]],[[24783,44294],[90,0]],[[24839,43481],[-126,3]],[[24713,43484],[1,328]],[[21445,31500],[47,1]],[[21492,30688],[-25,0]],[[21345,30688],[0,812]],[[23466,47421],[131,0]],[[23597,46772],[-131,3]],[[23739,49668],[13,131],[-6,32]],[[23746,49831],[107,1]],[[23853,49832],[0,-651]],[[23785,49181],[0,82],[-68,0]],[[23717,49263],[-3,34],[18,93],[7,69],[-8,41],[10,147],[-2,21]],[[23618,48530],[34,0]],[[23652,48530],[0,-651]],[[23597,47881],[-114,0]],[[23483,47881],[-1,162],[1,487]],[[24191,40108],[54,-11],[111,-5]],[[24356,40092],[0,-27],[78,-10]],[[24434,40055],[8,-331]],[[24380,39568],[-133,10]],[[24247,39578],[2,329],[-59,12]],[[18801,54266],[33,0],[0,164],[70,0],[23,21],[13,42],[0,69],[22,27],[1,-74],[-7,-34],[9,-43],[18,0],[26,-48],[16,-110],[19,-19],[9,-43],[-1,-76],[17,-6],[12,-37]],[[19081,54099],[9,-97],[16,-1],[0,-61],[22,-70],[5,-43],[25,27],[13,-37],[16,70]],[[19187,53887],[0,-414],[-3,0],[0,-503]],[[19184,52903],[-35,0],[0,14],[-104,0]],[[19045,52917],[-78,0]],[[18967,52917],[-5,110],[-13,48],[2,67],[13,66],[3,114],[-29,74],[-5,-29],[-18,13],[-2,108],[-21,72],[2,148],[-4,39],[-19,6],[-2,60],[-10,20],[-2,119],[-11,33]],[[20686,46212],[66,0]],[[20752,46212],[0,-1789]],[[20752,44423],[-174,6]],[[20578,44429],[2,299],[0,510],[-2,249],[-1,392]],[[20577,45879],[-1,327],[110,6]],[[30949,51159],[32,28],[-5,160],[-25,537]],[[31019,51959],[23,-34],[3,32],[10,-91],[19,-45],[30,-37],[14,30],[8,-99],[1,-90],[-13,13],[-11,-36],[7,-109],[16,-101],[-9,-118],[-10,-66],[23,-186],[0,-37],[18,-64],[12,40],[2,79],[18,-49],[19,-4],[13,-90],[6,-82],[-8,-23],[10,-51],[12,-158],[15,-61],[1,-190],[-12,-80],[-10,3],[-4,-51],[-32,-182],[-24,-40],[4,-36],[-15,-12],[6,67],[-4,137],[-27,-48],[12,-94],[-12,-69],[-11,21],[-13,-93],[-13,29],[-10,-20],[2,-56],[16,-64],[-22,-92],[-13,74],[-6,92],[-13,-16],[-3,-61],[-8,5],[-7,94],[-7,-99],[-9,-23],[-8,-119],[-7,31],[-6,-77],[-4,67],[-12,-29]],[[25067,48783],[78,0]],[[25145,48128],[-33,0]],[[25112,48128],[-34,-3],[-1,23],[-32,-2]],[[25045,48146],[1,225],[21,5],[0,83],[-7,-9],[-2,133],[9,0],[0,200]],[[24211,33305],[112,-13]],[[24323,33292],[13,13],[-1,-333]],[[24335,32972],[0,-146],[-15,-37],[-1,-146],[-72,8]],[[24247,32651],[-40,3]],[[24207,32654],[4,651]],[[21072,46945],[1,-405],[6,0],[0,-649],[10,0]],[[21089,45891],[0,-650],[12,0],[0,-162]],[[21101,45079],[-131,-7],[-50,4]],[[20920,45076],[0,1141]],[[20920,46217],[0,728]],[[27757,34856],[12,0]],[[27769,34856],[35,0]],[[27804,34856],[35,2]],[[27839,34858],[22,0]],[[27861,34858],[-4,-561]],[[27857,34297],[-29,3]],[[27828,34300],[-76,11]],[[27752,34311],[4,529],[1,16]],[[23509,50483],[72,2]],[[23582,50157],[-37,-2],[2,-487]],[[23547,49668],[-44,0]],[[23479,49747],[-4,34],[-50,87],[-35,115],[-15,68],[-15,0],[-6,58],[-12,13]],[[23342,50122],[-19,77],[-16,24]],[[23307,50223],[0,259],[66,0]],[[18283,52443],[6,-5],[18,-198],[-1,-45],[11,-75],[9,-16],[7,104],[17,8],[13,92],[14,34],[22,-7],[4,-38]],[[18403,52297],[27,-98],[17,-13],[7,-40],[22,-12],[18,-48],[7,-116],[9,-19],[4,-96]],[[18514,51855],[0,-103],[-5,-68],[5,-106],[17,-67],[14,-21],[20,25],[11,-93],[2,-82],[0,-489],[35,0],[0,-163],[39,0],[1,-166],[6,0],[0,-161],[28,-1],[0,-79],[80,-5],[0,-135],[83,0]],[[18850,50141],[3,-58],[-12,-72],[-1,-106],[13,-79],[-12,-5],[-20,47],[-9,-26]],[[18812,49842],[-24,21],[-3,-32],[-30,-65],[-13,103],[-22,-13],[-9,-38],[-14,19],[-21,-48],[-8,35],[-14,-13],[-12,57],[-16,9],[-20,-74],[0,-78],[-8,-73],[-24,60],[-8,-31],[-11,39],[-34,5],[-16,33],[-16,-38],[-16,-114],[6,-86]],[[18479,49520],[-9,-35],[-11,74],[-18,37],[-15,61],[-6,87],[5,55],[-21,130],[9,77],[-13,114],[-10,140],[-32,95],[-26,-73],[-4,66],[-19,39],[-19,162],[-1,40],[14,21],[2,89],[-6,107],[-17,47],[3,48],[-11,-4],[-13,99],[-1,47],[-24,117],[-1,56],[-13,78],[1,122],[-12,30],[-2,85],[6,65],[-2,67],[-18,-3],[9,119],[-6,53],[-23,18],[2,35],[-11,103]],[[19187,53887],[17,-4],[6,32],[17,-12],[4,37],[18,19],[6,-24],[16,30],[42,-111],[21,2]],[[19334,53856],[99,-2]],[[19433,53854],[0,-379],[-4,0],[0,-506],[-70,-2]],[[24972,30405],[73,-1]],[[25045,30404],[1,-164],[29,1]],[[24972,29580],[0,274]],[[24972,29854],[0,551]],[[26779,42142],[2,95],[16,11],[0,289],[27,2],[1,109]],[[26890,42359],[-3,-50],[-3,-334],[-28,9]],[[26856,41984],[-51,16],[1,106],[-27,7],[0,29]],[[24005,24259],[43,-1],[0,27]],[[24048,24285],[63,8]],[[24111,24293],[0,-588],[4,-29],[-13,-146]],[[24102,23530],[-40,0],[0,-95],[-81,3],[0,-27],[-18,-2]],[[23963,23409],[0,326],[42,0],[1,288],[-1,236]],[[21554,26521],[23,2]],[[21577,26523],[120,0]],[[21697,26523],[-1,-817]],[[21554,25706],[0,815]],[[22487,28245],[104,-8]],[[22591,28237],[-2,-335],[-1,-497]],[[22588,27405],[-1,-88]],[[22587,27317],[-113,2]],[[20906,24685],[144,-635]],[[21050,24050],[41,-188]],[[21091,23862],[-101,-474]],[[20990,23388],[-28,0],[-167,225],[-133,180]],[[20662,23793],[17,65]],[[21745,37094],[122,0]],[[21867,36604],[0,-163]],[[21867,36441],[-116,0]],[[21751,36441],[-6,0]],[[16866,29124],[16,-7],[28,-85],[21,-35],[1,-40],[16,-98],[-5,-69],[-13,40],[-26,11],[-6,56],[0,119],[-20,26],[-12,82]],[[16865,28288],[9,6],[22,-188],[40,-209],[-10,7],[-11,-36],[-17,71],[-13,116],[-14,191],[-6,42]],[[16789,31577],[7,55],[147,3],[184,6]],[[17127,31641],[0,-495],[6,-503],[-9,-228],[-15,-274],[-10,5],[-10,-90],[5,-54]],[[17094,30002],[-51,-2],[-2,-74],[-20,-88],[-19,-217]],[[17002,29621],[-19,35],[-3,-56],[-28,-50],[-18,59],[-15,10],[-4,61],[9,55],[1,69],[-19,239],[-23,131],[-35,1],[-22,-13],[-16,-57],[-14,61],[-25,20]],[[16771,30186],[1,55],[42,175],[34,0],[0,129],[10,6],[-1,97],[-52,699],[-16,230]],[[23548,36975],[1,-37]],[[23549,36938],[0,-542]],[[23549,36396],[0,-48]],[[23549,36348],[-128,3]],[[23421,36351],[-4,82]],[[20353,54166],[71,2],[0,-55],[60,2],[0,-164],[11,0],[0,-163],[24,0],[0,-107],[12,-2],[0,-53],[58,-1],[0,-55],[71,-2],[0,55],[35,-2],[0,82],[35,0]],[[20688,52813],[-15,0],[0,-655],[-12,0]],[[20324,52162],[0,652],[11,0],[-1,648],[10,0],[0,651],[9,28]],[[23700,36912],[0,217],[2,272]],[[23702,37401],[72,-14],[-1,-110],[51,-9]],[[23824,37268],[-1,-163],[6,-1],[-1,-317]],[[23700,36803],[0,109]],[[22530,41984],[125,2]],[[22656,41333],[-31,0]],[[22625,41333],[-95,2]],[[12267,74579],[23,-47],[23,39],[7,-153],[14,-111],[12,-230],[-14,-67],[-42,-18],[-17,19],[-44,153],[-65,159],[-27,81],[-22,-42],[-9,46],[-4,-51],[30,-88],[22,-13],[-21,-50],[6,-40],[0,-116],[-9,-80],[-31,-140],[-51,75],[-1,61],[-42,137],[-20,145],[-12,-61],[-19,69],[-10,127],[4,40],[-18,138],[2,39],[-17,98]],[[12399,71799],[-9,0],[0,-210]],[[12390,71589],[-11,9],[-28,113],[-10,138],[-21,95],[-40,341],[4,77],[22,37],[-18,48],[-26,-50],[-14,142],[-11,-24],[-17,67],[-12,89],[2,54],[-14,-35],[-10,39],[-30,3],[-19,154],[19,5],[10,-47],[10,21],[-3,169],[19,85],[6,61],[-39,139],[24,101],[-4,35],[14,56],[4,86],[-33,25],[-21,-45],[-14,127],[-20,68],[-4,56],[37,111],[6,45],[-4,109],[36,103],[18,-19],[25,-137],[15,16],[18,-93],[23,-38],[38,6],[22,-22],[12,-127],[-2,-79],[-20,56],[-19,-3],[-1,-36],[21,-40],[11,-74],[29,-447],[-1,-114],[12,-90],[0,-93],[18,-228],[5,-172],[-5,-180],[-11,1],[8,-130],[3,-354]],[[12059,73592],[4,77],[-3,106],[25,15],[34,-100],[15,-119],[12,-31],[17,49],[23,-16],[-16,-132],[-24,-23],[-27,-259],[-12,10],[-40,-48],[-9,13],[3,164],[25,75],[1,81],[-22,6],[2,47],[-13,49],[5,36]],[[26478,28788],[14,40],[8,71],[17,40],[-3,55],[14,67]],[[26545,28920],[0,-47],[10,-96],[3,-94],[-2,-115]],[[26556,28568],[-15,41],[-46,0]],[[26472,28609],[1,97],[9,59],[-4,23]],[[25698,39279],[61,1]],[[25759,39280],[0,-408]],[[25759,38872],[0,-301]],[[25759,38571],[-43,0],[-11,-57],[-13,19]],[[25692,38533],[0,583],[6,0],[0,163]],[[23335,43500],[64,-1]],[[23399,43499],[63,-2]],[[23462,43497],[0,-482]],[[23462,43015],[-127,1]],[[23335,43016],[0,484]],[[24724,30895],[27,0],[-1,160],[30,3]],[[24797,30402],[0,-164],[-88,0]],[[24709,30238],[0,355],[15,-1],[0,303]],[[28049,47185],[130,8]],[[28179,47193],[25,0],[-12,-175],[13,-5],[-2,-92]],[[28203,46921],[0,-80],[-12,-74],[0,-81]],[[28191,46686],[-33,15],[-109,-7]],[[28049,46694],[0,415]],[[28049,47109],[0,76]],[[27100,30355],[3,82],[24,-24],[12,40],[26,-78],[27,-118],[19,-13]],[[27211,30244],[-28,-373]],[[27183,29871],[-22,-117]],[[27161,29754],[-51,95],[-10,51],[-7,156],[-31,-25]],[[27062,30031],[17,143],[8,98],[13,83]],[[22942,22917],[8,-40],[23,22],[10,-11],[7,-188]],[[22990,22700],[15,-156]],[[23005,22544],[-43,-329],[-42,-286]],[[22920,21929],[-75,-9]],[[22845,21920],[3,29],[-52,264]],[[22796,22213],[1,5]],[[19083,36728],[12,46],[1,73],[10,61],[18,30],[8,134],[11,101],[-8,-15],[-4,70],[9,-5],[10,82],[0,54],[14,28],[14,-5],[7,-39],[4,55],[14,-13],[3,101],[19,111],[12,-21],[14,110],[-1,35],[11,71],[4,-18],[18,97]],[[19283,37871],[12,70],[-9,52],[8,24],[-8,30],[-13,176],[-19,93],[8,42],[0,131],[-6,34]],[[19256,38523],[153,-1],[116,1]],[[19530,37874],[0,-510]],[[19530,37364],[0,-656],[-1,-85]],[[19529,36623],[0,-910]],[[19529,35713],[-162,-1],[-104,0]],[[19263,35712],[-131,0],[-6,11],[-72,-2]],[[19054,35721],[-165,-3]],[[18889,35718],[10,23],[11,75],[6,-61],[22,158],[9,-28],[9,23],[39,38],[10,102],[7,-5],[8,209],[9,19],[-8,58],[3,39],[22,-49],[16,90],[-9,53],[9,2],[6,59],[-13,39],[7,53],[16,-5],[5,118]],[[25110,46657],[0,494],[1,162]],[[25111,47313],[132,-3]],[[25243,47310],[-2,-321],[0,-340]],[[25241,46649],[-65,0]],[[25176,46649],[-66,8]],[[21820,26521],[44,-1]],[[21864,26520],[119,-7]],[[21983,26513],[0,-728]],[[21819,25790],[1,731]],[[22176,36429],[148,6]],[[22324,36435],[3,0],[0,-720]],[[22327,35715],[-127,0]],[[25062,32717],[1,66],[29,-2]],[[25092,32781],[66,-8]],[[25158,32773],[0,-80],[13,-103],[3,-153]],[[25173,31964],[-10,0]],[[25163,31964],[-54,-1]],[[25109,31963],[-51,0]],[[25058,31963],[4,754]],[[28302,35180],[12,11],[1,-69],[-13,-15],[0,73]],[[25214,50906],[43,-1],[-1,-489]],[[31219,442],[-4,-82]],[[31215,360],[-17,89]],[[31198,449],[21,-7]],[[21483,34781],[114,-2]],[[26674,30965],[7,17],[55,13],[20,111]],[[26756,31106],[15,-77]],[[26771,31029],[-12,-148],[-5,-267]],[[26754,30614],[-15,-59],[-24,3],[-13,38],[-16,-75]],[[26686,30521],[5,69],[-15,119],[3,194],[-5,62]],[[25987,53015],[0,-517]],[[25987,52498],[-16,-37],[2,-55],[-23,59],[-21,28],[-24,-23],[-10,18],[-23,-39],[-13,-67],[-2,-101],[-9,-116],[-14,6],[-13,-67]],[[25821,52104],[1,259],[-9,0],[0,490],[-35,2]],[[25778,52855],[0,326],[70,-3],[0,326],[139,-2]],[[23947,37218],[1,190],[31,-4]],[[23979,37404],[60,-12]],[[24039,37392],[-1,-327],[4,0],[-2,-443]],[[24040,36622],[-61,6],[0,-135]],[[23948,36496],[3,571],[-5,14],[1,137]],[[25825,26293],[0,-493],[-1,-86],[-14,0],[0,-242]],[[25810,25472],[-56,-4]],[[25754,25468],[-38,2],[-8,40],[-11,161],[0,227]],[[25697,25898],[0,144]],[[25697,26042],[-1,246],[15,0]],[[20919,39213],[1,485],[-170,2]],[[20750,39700],[0,735],[1,82]],[[25264,42484],[63,2],[-4,704]],[[25323,43190],[32,6]],[[25355,43196],[2,-466],[2,-214],[0,-273],[51,-5]],[[25410,42238],[1,-160]],[[25411,42078],[-147,-2]],[[25264,42076],[0,408]],[[22782,40031],[0,489]],[[22782,40520],[114,-2]],[[22896,40518],[0,-485],[-1,-163]],[[22895,39870],[0,-164]],[[22895,39706],[-114,-1]],[[22781,39705],[1,326]],[[23109,54711],[36,2]],[[23288,54711],[107,3]],[[23395,54714],[0,-326],[2,0],[0,-325]],[[23397,54063],[-1,-164]],[[23115,53901],[0,485],[-6,0],[0,325]],[[26411,43510],[32,1]],[[26540,43515],[0,-463]],[[26540,43052],[-32,-2],[0,-27],[-32,0],[0,-82],[-64,-3]],[[22787,31050],[58,0],[-4,83],[-12,134],[16,0],[0,27],[59,0]],[[22904,31294],[0,-82],[29,0],[0,-164]],[[22933,31048],[-15,0],[0,-323],[-15,-2]],[[22903,30723],[-26,0],[-2,81],[-88,1],[0,245]],[[24974,33059],[9,28],[1,136],[11,148],[-2,66],[9,76],[12,-10]],[[25014,33503],[4,-48],[20,-69],[23,-23],[20,-82],[13,-11]],[[25094,33270],[-2,-489]],[[25062,32717],[-80,9]],[[24982,32726],[1,270],[-9,63]],[[26135,49773],[135,-2]],[[26270,49771],[-2,-140],[1,-514]],[[26269,49117],[-65,5]],[[26204,49122],[-69,1]],[[26135,49123],[-1,164],[1,486]],[[22245,56013],[215,-1]],[[22460,56012],[0,-325],[7,0]],[[19403,29452],[5,72],[10,40],[25,23],[1,100],[84,-2]],[[19528,29685],[0,-1064]],[[19528,28621],[0,-806]],[[19528,27815],[0,-659]],[[19528,27156],[-18,0]],[[19510,27156],[-31,193],[4,103],[-1,180],[-9,116],[-20,188],[-6,14],[-44,426],[0,1076]],[[26218,40443],[61,-8]],[[26279,40435],[-1,-405]],[[26278,40030],[-68,3]],[[26210,40033],[-43,3],[-22,-76]],[[26145,40306],[0,135]],[[26303,51228],[0,932]],[[26303,52160],[4,-40],[40,-105],[30,-104],[14,27],[11,-26],[13,17],[35,-70]],[[26450,51859],[-14,-1],[2,-404],[0,-397]],[[26405,51057],[-103,7]],[[26302,51064],[1,164]],[[23925,40775],[51,5],[63,-13]],[[24039,40767],[47,-6],[-1,-161]],[[24081,40060],[-23,42],[-17,-220]],[[24041,39882],[-16,-8],[-2,59],[-12,55],[-1,54],[-28,26],[-5,85],[-7,23]],[[23970,40176],[-4,62],[-26,45],[-4,60],[-6,-27],[-10,114],[5,56],[-3,124]],[[23922,40610],[5,18],[-8,106],[6,41]],[[22879,45241],[55,0]],[[22934,45241],[75,-1],[0,-139]],[[23009,45101],[0,-512]],[[23009,44589],[-98,1]],[[22911,44590],[-32,2]],[[22879,44592],[0,649]],[[22404,42621],[1,16]],[[22405,42637],[122,-2]],[[22529,42635],[0,-651]],[[12952,74278],[27,-207],[53,-289],[32,-245],[-33,-225],[90,-87],[-20,-289]],[[12980,72606],[-2,81],[-22,45],[-37,106],[-13,111],[-15,53],[-13,127],[29,69],[-11,93],[-18,-75],[-19,29],[-2,-44],[-23,93],[-31,13],[-11,90],[-27,-45],[-54,122],[-8,121],[15,117],[18,-35],[33,6],[9,78],[-22,4],[-32,58],[2,57],[-18,201],[13,130],[-24,-16],[-15,30],[-16,85],[7,166],[20,3],[16,-58],[33,-38],[63,-143],[5,24],[-25,93],[-20,31],[-64,201]],[[12764,73163],[62,-12],[30,-119],[14,-131],[3,-90],[9,-37],[23,-18],[16,-77],[5,-74],[33,-84],[9,-103],[15,-54],[-31,-61],[-20,-68],[-26,-39],[-16,26],[-31,7],[-43,38],[5,-77],[-23,-82],[-40,40],[-18,47]],[[12740,72195],[-8,103],[5,79],[-4,82],[-11,17],[-8,127],[-19,92],[23,-23],[-7,92],[10,92],[-4,65],[12,0],[53,95],[-18,147]],[[23334,46124],[0,-164],[18,0],[0,-494]],[[23352,45466],[-97,2]],[[23255,45468],[1,492],[-21,1],[0,161]],[[26323,39041],[12,46]],[[26335,39087],[23,-19]],[[26358,39068],[16,-466]],[[26374,38602],[-3,-64],[-20,-29]],[[26351,38509],[-6,-37]],[[26345,38472],[-13,22],[-15,140],[-26,111],[-3,190]],[[26288,38935],[3,85],[32,21]],[[23403,52133],[0,-28]],[[23403,52105],[-172,4]],[[25025,28103],[84,-1],[24,-23],[4,14]],[[25137,27439],[-112,-1]],[[21657,44592],[0,-651]],[[25732,33295],[26,7]],[[25758,33302],[13,-45]],[[25771,33257],[-7,-363],[0,-68],[13,-167],[5,-3]],[[25782,32656],[0,-71],[-27,-60],[-14,-78],[-22,19]],[[25719,32466],[-4,104],[-6,-27],[-13,26],[-4,165],[-10,20]],[[25682,32754],[1,64],[17,55],[13,83],[6,106],[4,214],[9,19]],[[26879,35567],[8,59],[13,-16],[-16,-82],[-5,39]],[[19667,49130],[243,-3],[148,-2]],[[20058,49125],[5,0],[0,-654],[4,0],[0,-487],[1,-105]],[[20068,47879],[-118,2]],[[19950,47881],[-17,0]],[[19933,47881],[0,271],[-34,0],[0,163],[-67,1],[0,160],[-61,0],[-3,54],[-34,-3],[0,106],[-34,0],[1,167],[-17,-1],[0,165],[-17,-1]],[[19667,48963],[0,167]],[[16669,43127],[146,0],[0,-196],[318,3],[0,-324],[96,-4],[0,-292]],[[17229,42314],[-67,-982]],[[17162,41332],[-268,-5],[-201,1]],[[16693,41328],[-32,-1],[0,971],[7,1],[1,828]],[[28133,32328],[22,-24],[17,32],[14,-52],[13,12],[9,-31],[16,40]],[[28224,32305],[19,-59],[5,-69],[1,-163],[4,-25]],[[28253,31989],[16,-65]],[[28269,31924],[7,-95],[-8,-231],[-1,-148]],[[28267,31450],[-86,-6],[-6,29],[-28,-21]],[[28147,31452],[-6,-21],[-18,59],[14,301],[-3,331],[-4,26],[3,180]],[[23391,55202],[143,-5]],[[23501,54062],[-104,1]],[[23395,54714],[0,324],[-4,0],[0,164]],[[24567,22742],[13,87],[76,99]],[[24652,22409],[-17,15],[-17,46],[-2,-27],[-28,-3]],[[24588,22440],[-7,54],[0,82],[-10,-1],[0,109],[-4,58]],[[17120,38473],[67,-405],[80,-479],[-1,-514],[0,-1413]],[[17266,35662],[-185,924]],[[17081,36586],[-62,299],[-104,508]],[[16915,37393],[21,-5],[184,1085]],[[26538,50417],[0,-651]],[[22160,40520],[149,1]],[[22309,40521],[6,0]],[[22315,40521],[-1,-815]],[[22159,39706],[1,814]],[[26590,48058],[8,-15],[24,134],[13,93],[12,-21],[7,61]],[[26654,48310],[1,-117],[97,14]],[[26752,48207],[3,-299],[1,-352],[-4,0]],[[26752,47556],[-65,-10],[0,-162],[-30,-5],[0,-17]],[[26657,47362],[-66,-4]],[[26591,47358],[0,481]],[[26591,47839],[-1,219]],[[31589,706],[1,11]],[[31590,717],[10,-55],[7,34],[17,-2]],[[31624,694],[8,-96],[-16,-50]],[[31616,548],[-9,61],[-20,76]],[[31587,685],[2,21]],[[31358,891],[12,29]],[[31370,920],[3,-102]],[[31357,794],[1,97]],[[20367,37117],[162,4]],[[20529,37121],[-6,-82],[0,-78],[-7,-127],[5,-37]],[[20521,36797],[-3,-26],[-69,-387]],[[20449,36384],[-83,0],[0,82]],[[24514,25629],[116,2]],[[24659,25142],[-108,-3],[-21,-50]],[[24530,25089],[-18,48]],[[24512,25137],[1,40],[1,452]],[[31229,487],[8,40]],[[31237,527],[12,23],[22,-37]],[[31249,431],[-20,56]],[[25051,49270],[94,-2]],[[25067,48783],[-120,-2]],[[24947,48781],[0,493]],[[22807,53735],[134,2],[2,5]],[[22943,53742],[2,-7]],[[22945,53735],[9,-88],[4,-191],[5,-79],[20,-158],[13,-43],[1,-207],[11,-303],[-5,-69]],[[23003,52597],[3,-160]],[[23006,52437],[-185,0]],[[22821,52437],[0,106],[-9,8],[1,535],[-6,0]],[[22807,53086],[0,649]],[[6096,76167],[50,171],[4,91],[19,150],[1,91]],[[22781,39380],[0,325]],[[22895,39706],[0,-313],[10,26],[0,-203],[10,-2]],[[22904,38727],[-123,0]],[[31214,1124],[23,-7],[18,-40]],[[31255,1077],[-3,-66],[13,-114]],[[31265,897],[-4,-31],[-26,31]],[[31227,1024],[0,35],[-13,65]],[[21695,43939],[155,-2]],[[21986,43288],[1,-648]],[[21832,42640],[-131,-5]],[[21701,42635],[0,573]],[[25129,26031],[10,3]],[[25260,26161],[3,-366]],[[25263,25795],[4,-492]],[[25267,25303],[-109,-3]],[[25129,25300],[1,247],[-1,484]],[[22574,47876],[2,-564]],[[22576,47312],[-66,135],[-91,191],[-10,-2],[1,242]],[[24198,41240],[-4,-649]],[[24039,40767],[3,632]],[[25988,42037],[79,2]],[[26067,42039],[1,-566]],[[26068,41473],[0,-246]],[[26068,41227],[-80,-3]],[[25988,41224],[0,514]],[[21213,46944],[58,0]],[[21271,46944],[0,-402],[5,0],[0,-647]],[[21276,45895],[-187,-4]],[[22309,41333],[0,-812]],[[22160,40520],[-7,0]],[[22153,40520],[0,813]],[[28814,44402],[71,0]],[[28885,44402],[6,-719],[-18,-48]],[[28873,43635],[-10,-14],[-16,-118]],[[28847,43503],[-14,49],[-1,130],[-7,13],[-3,141],[-15,16],[-24,87],[-1,61]],[[26073,32971],[27,25],[10,39]],[[26110,33035],[-3,-50],[9,-91],[49,-258]],[[26165,32636],[-5,-66],[-40,-321]],[[26120,32249],[-1,106],[-14,108],[-14,22],[-19,85]],[[26059,32968],[14,3]],[[26273,47165],[0,-651]],[[26273,46514],[-66,0]],[[26207,46514],[-65,-1]],[[26142,46513],[-1,652]],[[25325,35681],[9,34],[-5,53],[3,127],[6,96]],[[25338,35991],[3,-40],[18,55],[7,46]],[[25366,36052],[14,-9],[19,-201],[27,-201]],[[25426,35641],[-35,-95],[-43,-79]],[[25348,35467],[-9,127],[-14,87]],[[25873,45857],[142,1]],[[26015,45201],[-128,5]],[[25887,45206],[0,321],[-39,0]],[[25848,45527],[19,216],[6,114]],[[25326,45360],[11,0]],[[25337,45360],[122,-3]],[[25459,45357],[22,-143],[22,-458],[11,-121],[9,-34],[2,-75]],[[25525,44526],[-1,-445]],[[25524,44081],[-73,0],[-1,165],[-33,-3],[0,162],[-32,-5],[-1,82]],[[25384,44482],[18,4],[14,56],[-2,281],[0,238],[-95,-14]],[[25319,45047],[0,151],[7,0],[0,162]],[[22577,34710],[0,244]],[[22577,34954],[179,0]],[[22756,34152],[-59,0]],[[22697,34152],[-120,0]],[[22577,34152],[0,558]],[[22648,48533],[-33,2]],[[22917,50319],[1,324]],[[23037,50644],[1,-321]],[[23038,50323],[0,-327]],[[23038,49996],[-1,-164]],[[22616,47878],[100,1]],[[22774,47260],[-67,-1]],[[22707,47259],[-122,0]],[[22585,47259],[-9,53]],[[22241,50493],[166,0]],[[27267,42140],[92,-16]],[[27359,42124],[21,-3],[-2,-92],[-3,-402]],[[27375,41627],[-94,26],[-1,-5]],[[22621,26796],[46,156],[46,3]],[[22644,26523],[-23,273]],[[23898,41391],[71,8],[70,0]],[[23925,40775],[-27,0],[0,494]],[[26547,31453],[7,16],[1,89],[13,27]],[[26595,31601],[15,-71],[2,-57],[-6,-119],[-5,-18],[6,-69],[0,-81],[6,-70],[-13,-73]],[[26600,31043],[-50,5]],[[26550,31048],[-9,216],[6,189]],[[17127,31641],[10,-1],[-1,302],[1,214],[0,873],[-1,164],[5,54],[-10,0],[5,55],[0,162]],[[17136,33464],[195,-3],[121,0],[213,-3],[0,29],[24,1]],[[17689,33488],[136,-721],[33,-172],[114,-619]],[[18110,30669],[1,-79],[-25,-104],[-1,-34],[-17,-31],[-10,-64],[-27,-61],[-4,-45]],[[18027,30251],[-245,-3],[0,-82],[-275,-4],[-175,4],[0,-55],[-82,0],[0,24],[-42,3],[0,28],[-51,-2],[0,-84],[-15,-37],[0,-82],[-12,-1],[-5,-100]],[[17125,29860],[-31,142]],[[16222,51885],[16,58],[47,82],[10,40]],[[25089,29228],[0,-463]],[[25089,28765],[-6,0],[0,-164],[-29,-1],[0,-164],[-29,-2]],[[25025,28434],[0,331],[-38,0]],[[24987,28765],[0,275],[9,-6],[11,58]],[[23660,41586],[126,-8]],[[23787,41254],[1,-327]],[[23663,40935],[1,459],[-4,0]],[[24220,31024],[49,-6]],[[24269,31018],[91,-13]],[[24360,31005],[-2,-466],[33,-10],[18,-19],[4,-142],[17,-16],[2,-100]],[[24432,30252],[-6,-35],[-20,77],[-16,-32],[4,74],[-18,24],[-15,68],[-7,-2],[0,-203],[-5,55],[-58,-1],[0,-55]],[[24291,30222],[-78,-3]],[[28378,36302],[9,-37],[-16,-60],[-8,97]],[[28363,36302],[15,0]],[[21446,33148],[-244,-10]],[[21202,33357],[0,591]],[[23424,38316],[0,-244],[-3,0],[-1,-415]],[[23421,36351],[0,-437],[1,-199]],[[23422,35715],[-94,0]],[[23328,35715],[-32,0]],[[23296,35715],[1,718]],[[24713,43320],[0,164]],[[24839,43153],[0,-490]],[[24839,42663],[-128,4]],[[23860,46116],[132,-2]],[[17922,50327],[4,-25],[-5,-103],[22,-130],[-1,-33],[22,18],[16,-51],[1,-76],[9,-35],[14,51],[11,-16],[12,106],[14,40],[4,70],[-9,56],[14,35],[3,66],[18,55],[4,50],[19,24],[-2,-158],[-4,-59],[23,-31],[14,48],[18,-193],[21,-125],[29,-124],[7,-48],[30,-37],[15,-47],[42,-51],[15,56],[12,-130],[18,-119],[6,-161]],[[18338,49250],[-27,2],[0,-326],[-11,0],[3,-264],[-3,-77],[13,-32],[14,-119],[-15,38],[-8,-16],[-3,-75],[-10,-53],[-31,-84],[-45,-138],[-10,-98]],[[18205,48008],[-5,61],[-17,91],[-27,108],[-9,106],[-7,16],[-10,-70],[-11,1],[-10,71],[-37,106],[-3,100],[-16,11],[-5,-31],[-14,41],[-27,6],[-6,-100],[-15,12],[-6,78],[-21,65],[-37,0],[0,122],[-17,0],[-27,-103]],[[17878,48699],[-6,21]],[[17872,48720],[7,61],[-4,55],[-19,49],[14,90],[-13,65],[8,38],[-18,66],[-7,-11],[-17,61],[2,69],[-5,106],[-30,53],[-2,28]],[[17788,49450],[13,88],[5,74],[0,124],[-5,53],[-9,-5],[-7,117],[8,57],[22,30],[9,52],[8,167],[13,48],[37,-92],[11,58],[29,106]],[[19528,42569],[0,632]],[[19528,43201],[242,0],[73,3]],[[19843,43204],[167,2]],[[20010,43206],[1,-754],[-15,0],[-1,-108],[-16,0],[-1,-389],[-3,0],[1,-207]],[[19976,41748],[-216,-3],[-233,1]],[[19527,41746],[0,520],[1,303]],[[26636,30039],[10,40],[39,98]],[[26685,30177],[28,-77]],[[26713,30100],[-5,-105],[10,-72],[-10,-106]],[[26708,29817],[-14,14],[-26,134],[-24,8],[-8,66]],[[26668,43513],[0,162]],[[26668,43675],[162,4]],[[26830,43679],[3,-484]],[[26668,43185],[0,328]],[[26855,40147],[32,-13],[0,27],[33,-11],[1,48],[62,-21]],[[26983,40177],[-2,-151],[10,-19],[-2,-167]],[[26989,39840],[-11,3],[-4,-333]],[[26974,39510],[-31,13]],[[22018,21911],[27,1]],[[22045,21912],[115,7]],[[22160,21919],[53,0]],[[22213,21919],[-1,-1003]],[[22018,20906],[0,1005]],[[27129,28061],[-11,-152],[-17,-275],[7,-60]],[[27108,27574],[-44,-79]],[[27064,27495],[-23,105],[-18,280]],[[27023,27880],[6,133],[12,61],[35,13],[27,56],[21,-46],[5,-36]],[[22049,32029],[31,0]],[[22080,32029],[0,-161],[44,0],[0,-162],[3,0],[0,-166],[15,-27],[0,-55]],[[22142,31458],[0,-407],[-50,-1]],[[22092,31050],[-23,132],[-19,-31]],[[22050,31151],[-1,347]],[[22049,31498],[0,531]],[[22509,36435],[151,3]],[[22660,36438],[1,-3],[0,-722]],[[22661,35713],[-86,-1]],[[22575,35712],[-66,0]],[[22509,35712],[0,723]],[[24129,45627],[66,2]],[[25987,42549],[0,-161]],[[25987,42388],[-84,-5]],[[22066,49180],[15,-123],[32,12],[32,-65],[16,42],[-10,73],[-17,19],[-4,38],[13,45]],[[22245,47879],[0,-1]],[[22245,47878],[-66,1]],[[22179,47879],[-21,0],[-4,23],[0,429],[-12,43],[1,-59],[-9,48],[-14,-90],[-14,2],[-19,-66],[-9,45],[-23,-24],[-9,38],[-27,-30],[-34,41]],[[21985,48279],[-14,-32],[-16,37]],[[21955,48284],[-1,245],[-7,0],[0,601]],[[21947,49130],[0,48],[119,2]],[[22625,41333],[0,-651]],[[22625,40682],[0,-164]],[[22625,40518],[-155,2]],[[22470,40520],[-5,0]],[[22465,40520],[1,813]],[[23866,34078],[49,-6]],[[23915,34072],[100,-11]],[[24013,33329],[-60,8]],[[23855,33402],[-2,220],[5,0],[6,135],[10,27],[1,211],[-10,1],[1,82]],[[22054,42639],[80,0],[14,-28]],[[22149,41986],[-126,1]],[[28766,46426],[129,40],[0,-13],[37,12]],[[28932,46465],[-10,-131],[1,-181],[-21,-127],[1,-92],[7,-84],[-9,-64],[3,-53],[-6,-74]],[[28898,45659],[0,-222]],[[28898,45437],[-61,0],[-1,100],[-50,2],[-7,19],[-6,292]],[[26990,38015],[14,98],[10,110],[18,12],[4,36],[15,16]],[[27051,38287],[-1,-158],[15,-43],[22,111]],[[27087,38197],[30,-53],[0,-130],[-7,-36]],[[27110,37978],[-12,-135],[-14,29],[-10,-117],[-2,-74],[11,-47]],[[27083,37634],[-22,-6],[-50,-89]],[[27011,37539],[-32,-57]],[[26979,37482],[31,197],[-12,50],[-14,129],[6,157]],[[27309,40314],[18,34],[7,-15],[6,-218]],[[27340,40115],[-13,-50],[-46,-31],[-5,-74]],[[27276,39960],[-6,45],[-18,12],[-2,48],[-11,34]],[[27239,40099],[28,82],[17,12],[11,87],[14,34]],[[20346,58171],[17,-2],[277,0]],[[20640,58169],[0,-166],[5,0],[0,-487],[18,0],[0,-162]],[[20663,57354],[-231,0]],[[20432,57354],[-61,0],[0,487],[-36,0],[0,162],[11,0],[0,168]],[[24162,33448],[-1,-135],[50,-8]],[[24207,32654],[-63,8]],[[24144,32662],[0,164],[-103,13]],[[24041,32839],[0,162],[10,-1],[1,324]],[[24774,36305],[20,-5],[2,428],[-2,106]],[[24794,36834],[80,3]],[[24874,36837],[-1,-199],[0,-513],[-1,-174]],[[24872,35951],[-26,3],[0,-136],[-10,-28],[-32,2]],[[24804,35792],[0,84],[-31,1],[1,428]],[[17946,58172],[183,-3]],[[18129,58169],[7,-122],[8,-52],[-11,-27],[16,-63],[-1,-48],[11,-24],[14,52],[19,14],[14,-18],[10,-53],[-2,-74],[17,-104],[-10,-53],[3,-37],[-7,-100],[8,-37],[33,-45],[17,16],[21,-66],[1,-135],[-4,-42],[21,-67],[14,5],[6,-68],[-14,-85],[10,-56]],[[18330,56880],[16,-84],[15,-34],[2,-143],[11,8],[16,-69],[19,23],[4,-53],[10,17]],[[18423,56545],[9,-25],[0,-82],[12,-24],[-2,-57],[11,-1],[8,-102],[-9,-54],[-21,13]],[[18387,55542],[-51,0],[-39,10]],[[18297,55552],[-47,0]],[[18250,55552],[10,154],[-1,73],[-17,45],[-1,271],[-14,49],[-8,67],[-16,51],[-11,-3],[-11,139],[-38,-2],[-16,-53],[11,-113],[-127,-1],[0,-142],[4,-21],[0,-159],[-35,0]],[[17980,55907],[0,159],[-107,-4],[0,244],[-6,27]],[[17867,56333],[0,227],[-3,162],[48,0],[0,629],[-11,53],[3,128],[60,0],[-8,36],[4,88],[18,57],[-17,77],[-13,13],[-2,48],[10,29],[-8,175],[10,64],[-12,53]],[[24162,27450],[40,-4],[13,17],[2,41],[36,146],[7,62]],[[24260,27712],[2,-32],[23,10],[3,-60],[11,-64],[-5,-108],[11,-135],[-3,-17]],[[24302,27306],[-9,-106],[-11,-66],[-7,-95],[-7,-161]],[[24268,26878],[-20,-1],[0,-34],[-13,0],[-3,34],[-41,1]],[[24191,26878],[0,82],[-29,163],[0,163]],[[21760,28175],[13,-11],[93,-1]],[[21866,28163],[-1,-820]],[[21865,27343],[-143,3]],[[20564,39700],[83,2]],[[20647,39702],[1,-489],[-11,0],[-1,-130],[37,-13],[-1,-267]],[[20672,38803],[-30,5],[-53,-10],[1,93],[-26,2]],[[20564,38893],[0,807]],[[21722,27340],[-3,-817]],[[21719,26523],[-22,0]],[[21577,26523],[1,820]],[[26747,23784],[2,185],[-2,98],[9,54],[5,84],[19,1]],[[26780,24206],[13,37]],[[26901,23724],[-29,11]],[[26872,23735],[-125,49]],[[24089,49180],[35,0]],[[24124,49180],[65,-2],[0,-162],[67,-2]],[[24256,49014],[0,-485]],[[24256,48529],[-103,1],[0,-26]],[[24153,48504],[-67,-1],[0,29]],[[18027,30251],[0,-97],[-28,-186],[7,-32],[2,-89],[-6,-9],[-1,-82],[7,-103],[2,-119],[-8,-19],[-4,-177],[4,-74],[-9,-39],[-18,-140],[-1,-43]],[[17974,29042],[-234,-10],[-172,-5]],[[17568,29027],[-264,2],[-59,10],[-2,37],[-34,72],[2,27],[-40,0]],[[17171,29175],[-1,55],[28,233],[-18,84],[-16,17],[-1,84],[-12,19],[-26,193]],[[5455,70594],[-17,-81],[-32,-48],[2,84],[24,6],[-1,64],[-10,7],[2,178],[18,116],[-29,63],[-28,19],[-13,-29],[3,-72],[-12,-34],[-13,35],[-25,-20],[-9,-132],[-35,-119],[-26,-32],[-37,45],[-6,-47],[11,-71],[-20,-130],[1,-50],[-21,-59],[-12,169],[-10,20],[-14,-59],[-11,22],[-18,-49],[31,-21],[-2,-110],[-32,-16],[-16,41],[5,62],[-13,39],[-22,-36],[-19,-144],[-61,-137],[-26,3],[-11,47],[-26,-47],[-13,7],[10,251],[29,154],[1,74],[-15,26],[-31,-4],[-24,-46],[-24,-163],[4,-207],[-40,-225],[-7,-19],[-14,-137],[-21,58],[-19,-19],[13,-105],[10,-27],[1,-90],[-25,-61],[-19,53],[0,72],[-16,24],[-13,-96],[10,-79],[-17,-76],[-14,44],[-32,-13],[-16,29],[-14,119],[32,9],[-21,76],[-8,167],[-21,90],[-11,11],[-16,-53],[-10,-104],[7,-44],[14,0],[18,-112],[-11,-74],[14,-153],[0,-83],[-22,48],[-20,-31],[3,-41],[-17,-49],[-18,-11],[-22,45],[-16,95],[4,58],[-13,90],[-21,59],[-31,-40],[-10,-90],[49,-137],[4,-49],[-50,-179],[-24,-34],[-20,-53],[16,-90],[27,4],[9,38],[22,-80],[13,-134],[-26,10],[8,55],[-17,9],[-10,-45],[-16,36],[-17,99],[-25,-62],[2,-111],[-18,-2],[-28,-80],[-23,29],[-37,16],[-45,-8],[-34,-23],[-41,-64],[-29,-114],[-4,-111],[-29,-85],[-51,-53],[-29,4],[-28,45],[-9,49],[-9,119],[-10,48],[-1,88],[8,47],[44,66],[14,40],[23,177],[19,177],[-1,46],[22,87],[14,21],[25,-74],[38,63],[25,78],[25,0],[37,131],[34,32],[36,-23],[31,8],[1,-59],[28,-116],[9,-98],[-5,-80],[27,38],[-8,84],[2,59],[30,-48],[-15,68],[2,123],[-10,176],[32,74],[26,33],[42,-24],[21,23],[10,111],[-16,6],[4,45],[18,16],[7,61],[18,-6],[26,159],[3,-51],[15,-33],[21,78],[-5,133],[-20,-14],[27,109],[64,331],[33,84],[23,99],[19,21],[27,68],[27,111],[25,21],[37,61],[55,54],[51,76],[49,8],[7,21],[47,9],[-11,-135],[14,-3],[-3,-79],[-29,-29],[-3,-136],[38,-158],[11,36],[27,-63],[4,30],[-29,86],[-3,136],[-6,52],[26,-45],[57,5],[7,-139],[23,12],[26,-58],[7,35],[-14,64],[27,24],[-56,144],[-32,57],[1,94],[-16,-12],[39,267],[15,198],[11,90],[23,71],[36,154],[18,21],[40,119],[30,130],[82,154],[41,119],[35,63],[68,171],[17,67],[18,-84]],[[5521,69206],[-1,58],[13,39],[20,-40],[-9,-95],[-19,-24],[-4,62]],[[5482,69303],[12,137],[-11,73],[31,-3],[4,-159],[-27,-61],[-9,13]],[[5442,69051],[10,20],[16,-67],[-1,-55],[-23,-6],[-2,108]],[[5426,69755],[17,-34],[5,79],[17,74],[5,-36],[-8,-93],[9,-21],[1,-71],[-10,-98],[13,-48],[-7,-30],[-17,35],[-2,-34],[-20,13],[-3,264]],[[5382,69063],[21,41],[11,-49],[-20,-41],[-12,49]],[[5374,69502],[9,63],[23,66],[5,-58],[-23,-61],[-9,-93],[-5,83]],[[5300,70023],[14,18],[5,-68],[-19,50]],[[5262,69268],[33,157],[15,43],[-5,29],[-22,0],[-4,123],[22,80],[27,-71],[-1,61],[-13,84],[30,-21],[18,183],[12,-37],[-2,-69],[-9,-3],[-5,-121],[12,-29],[0,54],[13,1],[-4,-96],[-11,-60],[-22,19],[-1,-72],[-28,-114],[-18,-39],[-31,-226],[-6,124]],[[5235,70197],[22,67],[36,-22],[-1,-126],[-50,20],[-7,61]],[[5093,69994],[16,119],[25,40],[18,-37],[-2,-74],[10,8],[12,76],[15,-51],[26,-42],[26,40],[7,-106],[-9,-97],[-14,65],[-22,4],[-14,37],[-3,65],[-10,-20],[0,-110],[11,-33],[11,-139],[-11,-97],[-36,56],[-10,95],[-18,-29],[-18,-144],[4,93],[-10,69],[0,167],[-4,45]],[[4934,69804],[27,5],[-4,-114],[-26,76],[3,33]],[[4860,69806],[10,50],[36,13],[-9,-82],[-37,-16],[0,35]],[[4801,69618],[4,82],[17,32],[25,-30],[12,-47],[35,-68],[6,-65],[-30,70],[-23,-91],[-28,119],[-11,-61],[-7,59]],[[4653,69266],[30,106],[26,-43],[0,-134],[-11,-85],[-13,-34],[-27,93],[-5,97]],[[4542,68371],[1,82],[68,-87],[19,-63],[26,0],[18,-45],[-20,-37],[-10,-53],[-22,64],[-17,-14],[-31,59],[-18,-46],[-22,91],[8,49]],[[4448,70202],[14,-2],[-5,-61],[-9,63]],[[3976,67914],[12,35],[16,-29],[-21,-59],[-7,53]],[[3877,67718],[22,55],[33,-18],[24,29],[5,-39],[-9,-72],[-26,-21],[-47,43],[-2,23]],[[3804,67668],[60,39],[9,-57],[-15,-51],[-13,59],[-34,-6],[-7,16]],[[3778,67605],[17,47],[7,-58],[-18,-22],[-6,33]],[[3748,67994],[13,90],[14,-24],[18,29],[12,-34],[-22,-53],[13,-77],[30,0],[1,-66],[-23,5],[-18,-127],[-23,39],[-2,125],[16,56],[-9,33],[-16,-34],[-4,38]],[[3632,67797],[5,58],[28,86],[30,-9],[3,-94],[20,10],[14,-24],[8,-71],[13,21],[-2,-66],[-26,-58],[-12,18],[-18,-72],[-6,45],[-25,1],[-17,-32],[-18,146],[3,41]],[[3605,67499],[7,24],[27,-53],[-32,-17],[-2,46]],[[21936,50495],[204,0]],[[22139,49840],[-237,-1]],[[21902,49839],[-26,37],[-7,58],[9,204],[-5,56],[-24,63]],[[21849,50257],[1,95],[11,3],[18,-100],[19,-16],[19,103],[20,75],[-1,78]],[[27923,38329],[0,77],[13,96],[10,-62],[2,-66],[-25,-45]],[[26614,30910],[21,112],[23,-14]],[[26658,31008],[16,-43]],[[26686,30521],[-13,-50]],[[26673,30471],[-21,119],[-23,-16],[-16,80]],[[26613,30654],[-9,47],[-5,85],[4,64],[11,60]],[[25039,42441],[37,5],[9,53],[16,5],[0,67],[17,3],[-1,163],[16,3]],[[25133,42740],[96,8],[3,-265],[32,1]],[[25264,42076],[0,-219]],[[25040,41938],[-1,503]],[[17548,49749],[-8,157],[7,225],[-13,119],[2,182],[10,71],[2,78],[12,60],[-6,47],[12,117],[-14,27],[-1,55]],[[17955,51054],[-11,-85],[3,-56],[0,-217],[-3,-152],[3,-62],[-11,-29],[-1,-63],[-13,-63]],[[17788,49450],[-17,14],[1,-79],[-12,-70],[-29,-63],[-167,5],[-4,-166],[-28,7]],[[17532,49098],[0,323],[17,1],[-1,327]],[[21983,26513],[24,0]],[[22129,26513],[-3,-947]],[[22126,25566],[-108,8]],[[26603,40800],[112,-41]],[[26681,40165],[-60,1]],[[26621,40166],[4,310],[-26,12]],[[26599,40488],[4,312]],[[23351,34799],[89,0]],[[23440,34799],[0,-460],[-1,-192]],[[23439,34147],[-30,0],[0,-163],[-25,0]],[[23384,33984],[-65,1]],[[23319,33985],[2,326],[0,488],[30,0]],[[23462,43015],[127,-2]],[[23589,43013],[0,-616]],[[23589,42397],[-45,2]],[[23544,42399],[-78,6]],[[23466,42405],[0,285],[-4,0],[0,325]],[[22266,45236],[128,2]],[[22394,45238],[1,-651]],[[22395,44587],[-127,0]],[[22661,35713],[95,0]],[[22756,35713],[0,-759]],[[22577,34954],[-1,4],[-1,754]],[[21814,44587],[37,-2]],[[25650,38022],[1,529]],[[25651,38551],[22,-4],[12,-43],[7,29]],[[25759,38571],[1,-245]],[[25760,38326],[0,-246]],[[25760,38080],[0,-29],[-31,1],[0,-82]],[[25729,37970],[-63,-3]],[[25666,37967],[-16,2],[0,53]],[[23416,44817],[97,-2]],[[23513,44815],[0,-487],[12,0],[0,-183]],[[23525,44145],[-94,0]],[[23466,47879],[17,2]],[[23466,47421],[0,458]],[[23178,38970],[0,244]],[[23178,39214],[124,0]],[[23302,39214],[0,-244]],[[26852,41565],[3,283]],[[26855,41848],[76,-23],[0,-35],[78,-13]],[[27009,41777],[4,-2],[-1,-133]],[[27012,41642],[-4,-405],[-9,1],[0,-70]],[[26935,41200],[-3,-11],[-86,27]],[[26846,41216],[3,90],[3,259]],[[25045,48146],[-98,0]],[[24947,48146],[0,635]],[[22270,43288],[128,0]],[[22405,43288],[0,-651]],[[22211,42585],[-2,54],[0,649]],[[26460,48488],[0,-480]],[[26460,48008],[-1,-163],[-55,-1],[0,-29]],[[21976,51147],[154,-1]],[[22168,51146],[0,-653]],[[21936,50495],[-5,172],[9,70],[31,-14],[-10,74],[-3,75],[13,111],[5,164]],[[26642,27941],[30,99]],[[26672,28040],[50,-588]],[[26647,27206],[2,61],[-8,26],[-8,137],[3,27],[-6,124],[-11,21]],[[25019,24319],[56,0]],[[25146,23993],[0,-110]],[[25146,23883],[-99,0],[0,-54],[-29,0]],[[25018,23829],[1,490]],[[22588,27405],[125,-6]],[[22621,26796],[-34,521]],[[23844,43502],[64,0]],[[23908,43502],[64,0]],[[23972,43010],[-128,0]],[[24123,47342],[132,0]],[[24255,47342],[0,-244]],[[24255,47098],[0,-328]],[[25045,31029],[0,164]],[[25045,31193],[0,27],[44,2]],[[25089,31222],[98,-3]],[[25187,31219],[0,-164]],[[25187,31055],[-15,-28],[0,-188],[-10,0],[0,-54]],[[25162,30785],[-28,0],[-1,27],[-88,0]],[[25045,30812],[0,217]],[[23839,37265],[2,162],[16,-2],[2,299]],[[23859,37724],[122,-21]],[[23981,37703],[-2,-299]],[[23947,37218],[-108,19],[0,28]],[[27936,36729],[12,21]],[[27948,36750],[34,-180],[6,-51],[13,-24],[2,-60],[10,26]],[[28013,36461],[0,-100],[-11,-58],[-14,-122]],[[27988,36181],[-14,-53],[-12,16],[-13,-45]],[[27949,36099],[-9,13],[-2,53],[-17,14],[-2,58],[-25,282]],[[27894,36519],[12,74],[23,83],[7,53]],[[21701,42635],[-27,0]],[[21674,42635],[-197,0]],[[21477,42732],[0,472]],[[20568,28478],[58,0],[56,13],[1,311],[5,0],[-2,174],[0,793],[-1,8],[1,490]],[[20950,30256],[29,0],[0,-492],[34,0],[0,-306],[58,2],[0,-162]],[[21071,29298],[-59,-2],[0,-326],[-12,0],[0,-804],[-14,0]],[[20986,28166],[-286,-5],[0,-828],[-3,0]],[[20697,27333],[-140,-3],[1,161],[0,668],[10,0],[0,319]],[[18972,50689],[72,2],[22,-20],[85,4],[11,13],[45,-9],[25,13],[87,-3]],[[19319,50689],[194,8],[11,-11],[123,0]],[[19647,50686],[0,-241],[8,0],[0,-656],[5,0],[0,-659],[7,0]],[[19667,48963],[-68,1],[1,-167],[-35,0],[1,-161],[-50,0],[-1,-162],[-61,-8]],[[19454,48466],[-15,63],[-2,59],[-27,119],[-25,23],[-18,-54],[-13,-104],[2,-39],[-19,-32],[-15,-53],[-18,37],[-1,47],[10,16],[-1,55],[-12,75],[3,52],[-39,-8],[-10,98],[-6,9]],[[19248,48829],[0,204],[-20,47],[1,111],[-8,164],[-14,59],[-8,105],[-19,104],[6,155],[-4,53],[-25,37],[0,38],[-80,-1],[0,156],[-108,0]],[[18969,50061],[-1,376],[1,251],[3,1]],[[24917,38813],[31,1],[-1,164]],[[25043,38975],[32,-10]],[[25074,38528],[-44,5],[-17,16],[-2,-31],[-17,2],[-14,-55],[-38,5],[-3,-40],[-22,-66]],[[24917,38364],[0,449]],[[23153,50970],[146,-1],[74,1]],[[23307,50223],[-4,64],[-32,119],[-20,100],[-10,6],[-4,53]],[[23237,50565],[-19,26],[-6,79],[-52,247],[-7,53]],[[23396,23263],[90,265],[-2,13]],[[23516,23533],[38,-707],[43,3]],[[23597,22829],[0,-420]],[[23597,22409],[-150,-9]],[[23447,22400],[-5,67],[4,100],[-13,38],[-18,325]],[[23415,22930],[-19,333]],[[23276,49829],[66,0],[0,293]],[[22193,23946],[0,-394],[50,0]],[[22243,23552],[0,-399]],[[22243,23153],[-126,7]],[[22117,23160],[-100,0]],[[22017,23160],[0,786]],[[21412,26521],[21,0]],[[21433,26521],[121,0]],[[18971,43672],[0,505],[1,109]],[[19250,44283],[-1,-212],[0,-875]],[[26772,24832],[21,0]],[[26780,24206],[0,103],[-7,81],[-38,5],[0,141],[-5,0]],[[26730,24536],[0,67],[9,7],[0,153],[36,0],[-3,69]],[[25877,32598],[11,27],[6,-27],[11,53],[34,-36],[35,-101]],[[25985,32390],[3,-4],[-1,-434]],[[25987,31952],[-124,4]],[[25863,31956],[-2,0]],[[25861,31956],[0,254]],[[25861,32210],[-4,37],[7,158],[14,122],[-1,71]],[[22317,39708],[153,-2]],[[22470,39706],[1,-1],[0,-489]],[[22318,38891],[-2,0]],[[26406,44523],[134,25]],[[26540,44548],[-1,-435]],[[26411,44109],[0,54],[-10,12],[-1,180],[-4,0],[-1,166]],[[31176,863],[16,-115]],[[31192,748],[-12,-31]],[[31180,717],[-13,122],[9,24]],[[25334,30211],[62,-12],[0,-54],[10,-2],[0,-191]],[[25406,29952],[1,-741]],[[25316,29230],[7,394]],[[22782,41986],[126,-2]],[[22908,41332],[-126,1]],[[22782,45243],[97,-2]],[[22879,44592],[-65,0]],[[23017,36851],[157,-6]],[[23174,36845],[0,-405]],[[23174,36440],[-1,-164]],[[23173,36276],[-156,6]],[[23017,36282],[0,325]],[[23017,36607],[0,244]],[[18334,30696],[0,-595]],[[18334,30101],[0,-1164]],[[18334,28937],[-174,-1],[0,164],[-86,0],[0,-814],[-70,-3]],[[18004,28283],[-16,16],[-7,-21],[-13,41],[-3,-28],[-14,110],[7,107],[2,228],[-15,66],[9,105],[-8,82],[23,21],[5,32]],[[26255,29691],[7,-11],[43,31],[0,29]],[[26305,29740],[28,-4],[13,-114]],[[26346,29622],[-21,-112],[-3,-50],[-25,-50],[-16,-106]],[[26281,29304],[-25,0],[-1,387]],[[24842,25914],[61,24]],[[24903,25938],[0,-309],[23,-85],[21,-55],[3,-40],[0,-149]],[[24950,25300],[-19,0]],[[24846,25219],[0,246],[-4,0],[0,449]],[[24235,51884],[34,0]],[[24269,51884],[137,-5]],[[24406,51232],[-1,-160],[-34,3]],[[24371,51075],[-137,3]],[[24234,51078],[0,524],[1,282]],[[26664,25144],[-1,-65],[15,-107],[14,-36],[0,-90],[8,-45],[-4,-130],[11,-64],[-4,-68]],[[26703,24539],[-50,8]],[[26653,24547],[-8,40],[-11,-3],[-9,50]],[[26625,24634],[10,190],[8,50],[-1,226]],[[25068,43782],[0,-386]],[[27206,44383],[13,77],[44,164],[10,1],[38,105],[31,71]],[[27342,44801],[0,-262]],[[27234,44267],[-27,0],[-1,116]],[[28465,46501],[7,2],[2,-80],[12,-110],[0,-228]],[[28486,46085],[2,-146],[-28,0],[0,40],[-33,-2]],[[28427,45977],[0,42],[-12,-11],[2,143],[-62,0]],[[28355,46151],[0,170],[5,92],[10,84],[95,4]],[[21813,45236],[161,-3]],[[22920,21929],[8,-29],[3,-74],[11,0],[65,-454],[-27,-133]],[[22980,21239],[-78,-375]],[[22902,20864],[-11,76]],[[22891,20940],[-42,309],[-31,215]],[[22818,21464],[10,231],[0,137],[17,88]],[[25286,31964],[5,0]],[[25291,31964],[-1,-448]],[[25290,31516],[-98,2]],[[25192,31518],[-10,0],[0,191],[-19,0],[0,255]],[[22004,40520],[149,0]],[[22008,39705],[-5,0]],[[26076,46510],[66,3]],[[26207,46514],[0,-490],[1,-164]],[[26077,45860],[-1,650]],[[26367,36331],[15,294]],[[26382,36625],[20,-24],[8,123]],[[26410,36724],[22,-43],[19,13]],[[26451,36694],[-1,-61],[12,-135],[-3,-61],[12,-52],[-3,-71]],[[26468,36314],[-22,-73],[-2,-79],[-8,1],[-13,-128],[3,-36]],[[26426,35999],[-59,332]],[[21746,33143],[0,-11]],[[24771,26452],[139,-5]],[[24932,25949],[-29,-11]],[[24842,25914],[-41,-18]],[[24801,25896],[3,69],[-11,19],[4,94],[-9,151],[-7,17],[-3,90],[-12,82],[5,34]],[[22916,48530],[-67,0]],[[20922,52454],[170,0],[122,0]],[[21214,52454],[15,0]],[[21229,52454],[0,-397],[-2,-648],[-2,-324]],[[21225,51085],[-82,0],[-220,0]],[[20923,51085],[0,1004],[-1,248]],[[22695,53735],[112,0]],[[22807,53086],[-203,0]],[[22604,53086],[-7,0]],[[23034,41820],[111,0]],[[23145,41820],[16,-1]],[[23161,41819],[-1,-489]],[[23097,41330],[-63,2]],[[27920,40811],[33,0]],[[27953,40811],[119,0]],[[28085,40648],[-13,-12],[-1,-39],[-14,18],[11,-52],[-13,2],[7,-79],[-14,-61]],[[28048,40425],[-28,6],[-7,29],[-18,-1]],[[27995,40459],[-19,54],[-2,42],[-13,29],[13,23],[-13,16],[-13,-60],[-13,-127],[-19,-75],[-4,-79],[-30,61]],[[27882,40343],[-1,13],[39,455]],[[25991,29164],[-5,-42],[24,-13],[5,55],[34,-6]],[[26046,28429],[-90,-1],[-9,-29]],[[25947,28399],[0,27],[-46,0]],[[25901,28426],[0,169],[15,0],[1,190],[38,-3],[1,163],[15,26],[1,110],[5,83],[14,0]],[[24797,29580],[0,164],[44,2],[15,26],[0,138]],[[24856,29910],[43,0],[4,-56],[69,0]],[[24972,29498],[-78,-1]],[[24894,29497],[-95,0]],[[24799,29497],[-2,83]],[[27861,34858],[95,0]],[[27956,34858],[1,-29],[-2,-543]],[[27955,34286],[-42,6]],[[27913,34292],[-56,5]],[[17620,35421],[43,-2],[0,21],[273,2],[0,-18],[198,-2]],[[17689,33488],[-55,290]],[[17634,33778],[0,386],[-14,3],[0,1254]],[[21998,58169],[183,0]],[[22181,58169],[0,-526],[9,0],[0,-324]],[[22008,57320],[0,325],[-10,0],[0,524]],[[23992,46770],[0,-656]],[[22192,24377],[110,0]],[[22302,24377],[0,-36],[35,0]],[[22337,24341],[1,-792]],[[22338,23549],[-95,3]],[[23716,43008],[-127,5]],[[23589,43013],[0,482]],[[23424,38316],[126,-2]],[[23550,38314],[0,-615]],[[23550,37699],[0,-42]],[[25166,40681],[-60,1]],[[25106,40682],[-31,2],[-1,273],[-21,24]],[[25053,40981],[0,193]],[[23922,40610],[-134,-8]],[[26337,49115],[-68,2]],[[23131,51458],[103,0]],[[23234,51458],[137,0]],[[23153,50970],[-19,47]],[[23134,51017],[-3,117],[0,324]],[[23625,53076],[-15,-122],[9,-59],[-3,-44],[157,-1]],[[23773,52850],[0,-325],[12,0],[1,-301]],[[23786,52224],[-164,0],[23,-88]],[[23645,52136],[-104,-2]],[[21674,42635],[1,-649]],[[21675,41986],[-198,-3]],[[25347,47960],[34,-2]],[[25375,47302],[-99,5]],[[25276,47307],[0,320],[4,9],[1,325]],[[21742,38081],[-1,-815],[4,2],[0,-174]],[[22453,26848],[62,-598],[21,70],[12,-115]],[[22477,25767],[-8,74],[-49,-41]],[[23786,52224],[2,-492]],[[23788,51732],[-109,0]],[[23679,51732],[-15,113],[2,95],[-18,135],[-3,61]],[[22341,29791],[147,3]],[[22488,29794],[1,-689]],[[22489,29105],[0,-134]],[[22625,40518],[1,0],[0,-487]],[[22626,40031],[0,-162]],[[22626,39869],[-156,0]],[[22470,39869],[0,651]],[[25162,30785],[1,-544]],[[25045,30404],[0,408]],[[26116,37083],[14,50],[-1,50],[13,17],[8,95],[13,42],[8,-39],[1,98],[13,-1]],[[26185,37395],[8,37],[5,-44],[22,-5]],[[26220,37383],[8,-69],[-7,-328]],[[26220,36896],[-64,0],[-23,39],[-9,40],[0,55],[-8,53]],[[18843,45071],[128,5]],[[18910,43470],[13,133],[-17,19],[5,134],[-19,114],[-15,30],[-10,-24]],[[18867,43876],[-16,44],[-9,72]],[[26000,49774],[135,-1]],[[26135,49123],[-64,0]],[[25999,49122],[1,652]],[[24375,50416],[203,3]],[[24578,50419],[0,-489]],[[24578,49930],[-68,2]],[[24510,49932],[-101,-2]],[[24409,49930],[-34,0]],[[24375,49930],[0,164]],[[24375,50094],[0,322]],[[24792,40431],[64,4]],[[24856,40435],[62,3]],[[24918,40438],[1,-191],[-1,-264],[1,-527]],[[24919,39456],[-125,1]],[[24794,39457],[0,491]],[[24794,39948],[-2,483]],[[24325,44158],[-32,-2]],[[24293,44156],[-98,-2]],[[20635,50686],[0,-400],[-3,1],[0,-485],[1,-654],[1,-4]],[[20634,49144],[-1,-654],[0,-603],[1,-11]],[[20634,47876],[-103,-3],[-159,-3]],[[20372,47870],[0,610],[3,0],[0,391],[-2,260],[0,658],[2,80]],[[20375,49869],[-2,269],[0,281],[-3,256]],[[26268,50905],[34,-4],[0,163]],[[26271,50421],[-3,484]],[[22212,20916],[170,-2]],[[22382,20914],[0,-418],[1,-410]],[[22217,20073],[-3,0]],[[16506,48087],[-1,163]],[[16505,48250],[34,-1],[0,489],[33,0]],[[16971,48889],[0,-454],[-2,-49],[0,-742],[1,-48],[0,-813],[4,1],[0,-1196],[6,0],[-1,-522]],[[16979,45066],[-139,-10],[-175,5]],[[16665,45061],[-10,0]],[[16655,45061],[-1,269],[0,1144],[-162,-5],[1,319],[3,0],[0,490],[10,0],[0,809]],[[22256,46577],[29,71],[27,38],[20,63],[8,-3],[19,-95],[13,3],[12,-40],[10,6],[14,-45],[15,12],[21,-57],[33,-24],[13,18],[31,-27]],[[22521,46497],[0,-608],[2,0]],[[22522,45238],[-128,0]],[[22262,45236],[0,650],[-3,0],[0,651],[-3,40]],[[26204,49122],[-1,-656]],[[26203,48466],[-132,3]],[[27280,29053],[10,-53],[31,-71],[15,-64],[21,-58],[28,-130],[3,-66],[11,-50]],[[27399,28561],[-27,-96],[5,-60],[-8,-62],[-9,80],[-40,-143]],[[27320,28280],[-12,50],[-19,122]],[[27289,28452],[-10,79],[3,91],[-1,135],[2,217],[-3,79]],[[23231,52109],[0,-327],[3,-27],[0,-297]],[[23131,51458],[-35,0],[0,324],[-3,0]],[[23093,51782],[0,325]],[[6916,76235],[138,0],[0,162],[50,0],[0,215],[106,0]],[[7210,76612],[-26,-20],[-14,-190],[-12,-63],[-30,-40],[-11,-88],[-24,-54],[-48,0],[-15,-27],[-4,-151],[-12,-53],[-27,2],[-5,-33],[10,-127],[11,-51],[-27,-58],[-20,24],[-2,-72],[20,-74],[-11,-130],[-21,-48],[-6,-54],[9,-38],[-23,0],[-14,-84],[-26,106],[-9,-11],[5,-91],[-4,-65],[-21,-5],[-12,-69],[-17,26],[0,43],[-20,-1],[-4,-63],[-22,-38],[-23,49],[-28,-27],[-35,-111],[15,-83],[-9,-82],[-40,-71],[-28,-3],[1,-86],[14,-40],[-6,-64],[-20,-26],[-36,95],[-10,48],[-20,-32],[-5,-101],[1,-111],[-26,-44],[-3,-155],[-65,-12],[-21,39],[-2,-119],[8,-114],[-20,0],[-12,59],[-21,5],[-4,-63],[-32,-43],[-39,-148],[-15,-19],[-5,-71],[13,-18],[47,103],[4,-80],[-6,-85],[-15,-12],[0,-49],[17,-70]],[[7591,75423],[8,72],[20,-21],[-8,-117],[-15,-27],[-5,93]],[[7540,76743],[12,45],[21,-65],[-33,-3],[0,23]],[[7461,76725],[14,88],[18,-45],[23,-6],[-33,-53],[-22,16]],[[7165,75132],[29,143],[15,10],[26,-107],[5,33],[-21,104],[6,87],[9,16],[27,-40],[21,30],[-29,87],[16,90],[29,-50],[15,7],[-14,90],[12,27],[20,-32],[14,72],[-18,10],[-13,53],[20,5],[22,108],[34,28],[-12,57],[-3,109],[27,106],[7,-50],[53,82],[7,-11],[-12,-190],[-13,-29],[-26,-165],[5,-135],[36,18],[2,110],[22,-14],[21,-114],[20,77],[12,-53],[-17,-188],[9,-36],[9,116],[27,76],[7,-40],[-3,-185],[-30,-143],[-32,37],[-11,130],[-21,-42],[13,-159],[-22,-32],[-39,21],[-16,-87],[-8,58],[2,119],[-10,3],[-9,-183],[-8,-39],[-31,-27],[2,-60],[-16,-35],[-45,-21],[-86,122],[-21,-21],[-15,47]],[[6959,72565],[31,72],[8,-77],[-37,-15],[-2,20]],[[6902,72285],[20,100],[19,32],[11,-18],[25,27],[5,-64],[19,-59],[36,25],[-2,-59],[-19,-50],[-46,-10],[-32,-21],[-32,41],[-4,56]],[[6786,73827],[20,27],[4,122],[18,121],[25,54],[5,71],[15,-13],[34,113],[33,58],[39,-25],[29,2],[0,-180],[26,-92],[4,73],[17,85],[-18,77],[6,40],[53,-22],[-3,56],[-52,71],[-19,-7],[-1,204],[31,99],[29,46],[20,-19],[22,-90],[6,-214],[15,21],[9,124],[-5,88],[35,-61],[7,76],[-37,57],[-21,94],[7,70],[17,-9],[51,-140],[9,6],[30,-66],[11,17],[-31,120],[-20,55],[-7,70],[17,0],[30,-93],[29,20],[41,-47],[7,79],[36,24],[-8,-101],[-39,-171],[-7,-133],[19,-58],[0,153],[16,69],[16,-79],[5,74],[17,51],[5,66],[14,16],[10,-50],[22,116],[17,13],[-4,-72],[28,-26],[-11,-61],[-11,32],[-18,-24],[19,-58],[-5,-79],[19,36],[11,-82],[27,1],[-24,-85],[-16,53],[-24,3],[-15,-77],[16,-14],[-8,-87],[26,-11],[-26,-143],[23,27],[13,75],[5,-56],[47,-6],[-3,-66],[-36,-126],[-13,-176],[-38,21],[-2,62],[-10,-66],[-23,68],[-17,-10],[-23,79],[-15,-21],[-24,31],[-8,-74],[27,1],[15,-27],[45,-140],[-8,-112],[-23,-84],[-11,58],[-19,-81],[-19,49],[-6,61],[-21,29],[-20,-20],[-17,-59],[29,3],[20,-79],[-38,-85],[-34,19],[-4,-32],[25,-54],[14,21],[35,1],[22,-69],[-11,-45],[-24,-13],[-34,-53],[-8,18],[-19,-47],[3,-79],[-27,-80],[-13,32],[7,55],[-23,80],[7,76],[27,99],[-8,39],[-15,-34],[-34,-169],[-3,-38],[-22,51],[-22,-16],[-5,-56],[26,-10],[10,-101],[-16,-98],[-25,-32],[1,-113],[-25,-66],[-12,21],[-23,-131],[-19,-49],[-18,34],[-31,-32],[22,186],[11,18],[26,114],[24,50],[-2,60],[-33,-37],[3,83],[22,164],[29,84],[-7,48],[-15,-72],[-34,-98],[-26,-181],[-24,-94],[-14,-18],[-5,-71],[-19,-48],[-4,135],[-26,93],[-33,44],[3,160],[-4,171],[-13,133],[-11,52],[-23,32],[-27,8],[14,48],[-15,60],[5,37]],[[6779,72082],[27,163],[51,156],[21,-7],[16,-87],[-12,-37],[-55,-117],[-29,-127],[-19,56]],[[6516,70944],[26,66],[5,61],[13,36],[8,-52],[-6,-69],[5,-109],[-7,-53],[-36,21],[-8,99]],[[6237,71340],[5,75],[14,40],[13,-94],[-13,-102],[-19,81]],[[6222,71639],[9,56],[3,-132],[-10,-1],[-2,77]],[[24483,39444],[21,-1],[0,-111],[22,-2],[-1,-111],[43,-3]],[[24568,39216],[-2,-604]],[[24566,38612],[-12,27],[-13,87],[-22,-20],[-26,44],[0,40],[-25,122],[-14,-16]],[[23525,43497],[-63,0]],[[23399,43499],[0,647]],[[21637,39710],[24,1]],[[21823,39708],[-2,-812]],[[26831,26015],[45,194],[8,-1]],[[26884,26208],[28,74]],[[26912,26282],[15,-20],[2,39]],[[26944,26296],[0,-239],[-25,0],[0,-240]],[[26919,25817],[0,-71],[-30,0]],[[26889,25746],[-58,-1],[0,270]],[[21898,33950],[151,-2]],[[22049,33948],[0,-326]],[[22049,33622],[0,-490]],[[21898,33132],[0,818]],[[23400,28048],[120,4]],[[23520,28052],[4,-47]],[[23524,28005],[9,-79],[-8,-32],[0,-51]],[[23525,27843],[0,-264]],[[23525,27579],[-12,29],[-21,-143],[-43,-103],[-3,3]],[[23446,27365],[-7,-40],[-19,74],[-17,-10],[-4,37]],[[23399,27426],[1,622]],[[26071,47820],[0,649]],[[26071,47493],[-63,-1]],[[26008,47492],[-66,0],[-3,13],[-1,313]],[[25044,36343],[57,-11]],[[25133,36282],[1,-143]],[[25134,36139],[-2,3]],[[25132,36142],[-14,2],[-13,-34],[-13,-67],[-9,-105],[-17,-95]],[[25066,35843],[-7,37],[-16,21],[-6,52],[5,37],[-3,64],[6,156],[12,47],[-1,61],[-12,25]],[[24748,49106],[0,-794]],[[24748,48312],[-35,-10],[-132,-2]],[[24581,48300],[0,648],[-17,-1]],[[24564,48947],[-1,110],[20,54],[131,4],[34,-9]],[[28478,35168],[4,-111]],[[28482,35057],[-12,31],[-4,71],[12,9]],[[28332,36133],[9,19]],[[28341,36152],[3,8]],[[28344,36160],[8,13]],[[28352,36173],[13,-88],[-6,-45],[-13,-5]],[[28346,36035],[-16,32],[2,66]],[[24228,43013],[0,-559]],[[24228,42454],[-48,-7]],[[24180,42447],[-80,-13]],[[24100,42434],[0,577]],[[21051,42309],[32,0],[0,-162]],[[20893,41332],[0,979],[158,-2]],[[26754,30614],[10,-93]],[[26764,30521],[-6,-113],[8,-17],[9,-105],[17,-103]],[[26792,30183],[-20,-51],[-21,59],[-27,-88],[-11,-3]],[[26685,30177],[-7,19],[8,124],[-2,88],[-11,63]],[[22639,18980],[12,-42],[9,13],[2,-85]],[[22662,18866],[-38,-207],[1,-203],[-3,-263]],[[22622,18193],[-32,0],[0,-701]],[[23824,37268],[15,-3]],[[23173,36276],[0,-563]],[[23173,35713],[-10,0]],[[23163,35713],[-146,0]],[[23017,35713],[0,569]],[[22728,31050],[59,0]],[[22903,30723],[0,-299]],[[22903,30424],[-9,0],[-1,-189]],[[22893,30235],[-164,0]],[[22729,30235],[-1,408]],[[22728,30643],[0,407]],[[25089,28765],[77,2]],[[25025,28103],[0,331]],[[21433,27338],[2,0]],[[21433,26521],[0,817]],[[21866,28163],[38,-2]],[[22009,28156],[-1,-386],[0,-432]],[[22008,27338],[-143,5]],[[21122,26361],[73,0],[0,160]],[[21195,26521],[74,-1]],[[21269,25708],[-147,-2]],[[21122,25706],[0,655]],[[26746,25274],[51,-5],[0,-27],[33,-4],[6,-69],[53,0]],[[26889,25169],[-1,-167],[-19,7],[0,-103],[8,-74]],[[26772,24832],[4,170],[-7,103],[-15,71],[-8,98]],[[23783,54060],[-1,-400],[-9,-10],[0,-623],[4,-15]],[[23777,53012],[-4,0],[0,-162]],[[26460,48008],[33,-3],[-1,-81],[66,-3],[-1,-82],[34,0]],[[26591,47358],[-65,-3],[0,-164]],[[26771,28381],[12,0],[11,53],[22,57],[10,107],[21,79],[8,0]],[[26879,28466],[18,-176],[14,-23],[3,-135],[7,-58],[-2,-177]],[[26919,27897],[-11,-3],[-30,-71],[-4,28],[-24,-53],[-10,77],[-40,-95]],[[26800,27780],[-2,79],[-10,96],[-11,15],[-12,160]],[[26765,28130],[7,73],[-6,79],[5,99]],[[31248,72],[6,150]],[[31282,76],[-15,-13],[-3,-39],[-16,48]],[[21073,38554],[-1,-327],[1,-144]],[[21073,38083],[-2,-174],[-30,-1],[0,-110],[-61,0],[-7,26],[-31,10],[-6,27],[-18,0]],[[20918,37861],[2,704]],[[24040,36622],[46,-5]],[[24026,35848],[0,28],[-45,6]],[[24194,40591],[32,-2],[0,109],[94,-8]],[[24320,40690],[37,-1]],[[24357,40689],[1,-110],[-2,-487]],[[22397,44587],[127,0]],[[22525,44100],[0,-163]],[[22399,43939],[-2,-2]],[[22397,43937],[0,650]],[[25895,25311],[0,159],[14,24],[0,150]],[[26008,25644],[0,-788]],[[26008,24856],[-112,-8]],[[25896,24848],[-1,463]],[[28309,38628],[14,67],[9,-21],[21,-112],[20,-31]],[[28373,38531],[-7,-104],[4,-108],[7,-79]],[[28377,38240],[-9,-5],[-7,-160],[5,-29]],[[28366,38046],[-12,3]],[[28354,38049],[-22,71]],[[28309,38165],[-11,74],[-9,-29],[-4,66]],[[28285,38276],[-5,78]],[[28280,38354],[0,107],[29,167]],[[25351,38652],[-1,-585]],[[25350,38067],[-61,-2]],[[23400,28256],[7,38]],[[23407,28294],[23,66],[29,10],[23,-137],[10,-35]],[[23492,28198],[14,-106],[14,-40]],[[23400,28048],[0,208]],[[22895,39870],[32,-1],[0,-150],[5,-14],[-6,-82],[39,3],[2,-31],[57,-1],[0,-55]],[[23024,39539],[0,-325]],[[27161,42579],[1,461]],[[27162,43040],[63,-14],[1,153],[7,0]],[[27233,43179],[85,0]],[[27318,43179],[0,-163]],[[27318,43016],[0,-324]],[[27318,42692],[-42,-8],[-1,-137],[-21,2]],[[27162,42516],[-1,63]],[[31535,590],[9,77]],[[31544,667],[19,-29]],[[31563,638],[-21,-209]],[[31542,429],[-1,101],[-6,60]],[[26112,25647],[0,164],[51,-8],[8,74],[14,59],[7,-19]],[[26215,25455],[-7,-91],[2,-69],[-8,-129],[1,-101]],[[26112,25078],[0,569]],[[25261,40160],[57,-2],[71,10]],[[25389,40168],[1,-384]],[[25261,39861],[0,299]],[[28533,36289],[13,-76]],[[25782,32656],[21,-20]],[[25803,32636],[-2,-67],[20,-48],[19,-108],[7,-119],[0,-88],[14,4]],[[25861,31956],[-130,2]],[[25731,31958],[-15,0]],[[25716,31958],[3,508]],[[22315,40521],[150,-1]],[[22470,39869],[0,-163]],[[25956,35197],[42,164],[24,58]],[[26022,35419],[35,-16],[5,-27]],[[26106,35001],[-14,-6],[-84,13]],[[26008,35008],[-52,12]],[[25956,35020],[8,63],[-8,114]],[[25015,31961],[43,2]],[[25109,31963],[0,-254],[-5,-82],[-15,0],[0,-405]],[[25045,31193],[-14,0],[-1,489],[-15,0],[0,279]],[[18512,48762],[0,162],[150,-2]],[[18662,48922],[0,-162],[50,0],[0,-82]],[[18810,48115],[-249,0]],[[18561,48115],[-50,-6]],[[18511,48109],[1,653]],[[22395,44587],[2,0]],[[22397,43937],[-126,0]],[[29878,50700],[111,12]],[[29895,49466],[-26,173],[21,105],[-15,96],[19,118],[-19,67],[20,130],[-28,100]],[[29867,50255],[-10,32],[27,172],[-12,42],[6,199]],[[24432,30252],[7,-128]],[[24439,30124],[-12,-13],[0,-55],[-23,2],[-3,-362]],[[24401,29696],[-30,16],[-86,0]],[[24285,29712],[-1,348],[7,0],[0,162]],[[28191,46686],[0,-365],[-10,-98],[-11,-22],[-6,-121],[4,-32]],[[28168,46048],[-76,-1]],[[28092,46047],[-43,-4],[0,32]],[[28049,46075],[0,457],[-7,3],[1,161],[6,-2]],[[24530,37969],[88,0]],[[24618,37969],[28,-201],[11,-37]],[[24657,37731],[-2,-640]],[[24655,37091],[-64,-2],[-62,12]],[[28040,34172],[20,-21],[13,133],[11,-1],[9,59]],[[28093,34342],[37,-19],[11,-18],[9,-69],[8,13],[18,-26]],[[28176,34223],[-53,-540],[-16,-179]],[[28107,33504],[-14,147],[-12,25],[-1,39],[-12,11],[-9,71],[-33,88]],[[28026,33885],[0,110],[14,177]],[[22024,35720],[-151,-5]],[[21873,35715],[-1,726],[-5,0]],[[23024,56626],[82,-5],[171,2]],[[23277,56623],[0,-285],[3,0]],[[23280,56338],[0,-162]],[[23244,56179],[0,55],[-215,-2]],[[28341,36152],[4,72],[9,50],[-4,-104],[-6,-10]],[[17948,27704],[5,50],[24,-21],[25,42],[-2,64],[18,102],[1,127],[-15,215]],[[18334,28937],[0,-1633]],[[18334,27304],[0,-873]],[[18334,26431],[-255,534],[-157,318],[5,106],[-5,28],[1,96],[8,26],[17,165]],[[23918,34776],[122,0]],[[24040,34776],[0,-63],[-9,50],[-1,-706]],[[23915,34072],[1,79],[1,594],[1,31]],[[29793,45130],[19,-1]],[[29812,45129],[93,-13],[1,-29]],[[29906,45087],[3,-529]],[[29909,44558],[0,-241]],[[29909,44317],[-2,-171]],[[29907,44146],[-19,18],[-6,236],[-20,-11],[-45,50],[2,158],[-13,14]],[[29806,44611],[-2,153],[-15,0],[0,230],[-5,-2],[9,138]],[[26764,30521],[16,19],[11,-45],[18,71],[39,75]],[[26848,30641],[9,-67],[0,-76]],[[26857,30498],[7,-115],[12,-39],[8,-108],[14,-77],[0,-32]],[[26898,30127],[9,-108]],[[26907,30019],[-11,45],[-12,8]],[[26884,30072],[-3,13],[-34,-37]],[[26847,30048],[-24,21],[-18,47],[-13,67]],[[25195,36837],[82,0]],[[25277,36837],[0,-330]],[[25277,36507],[-15,-41],[-5,-115],[-9,-104],[2,-40],[17,-105],[7,-106],[-10,-143],[-8,-11]],[[25256,35842],[0,172],[-62,333]],[[24730,33836],[16,176],[23,94],[5,83],[8,31]],[[24782,34220],[18,53],[3,69],[9,11],[5,214],[-22,71],[3,24],[-5,114],[-19,0]],[[24774,34776],[8,87],[1,80],[11,81]],[[24794,35024],[52,-2]],[[24846,35022],[2,-148],[-2,-302]],[[24846,34572],[0,-730]],[[24846,33842],[-92,-5]],[[19405,58172],[137,-3],[212,2]],[[19754,58171],[0,-161],[-6,0],[0,-322],[-17,0],[0,-324],[-7,0],[0,-274],[-18,49],[0,-428],[-7,0],[0,-455],[-38,8],[-10,19],[-5,-133],[-73,5],[-1,-352]],[[19572,55803],[-15,-10],[7,52],[-7,65],[-34,18],[-18,-38],[-40,22],[-11,-64],[-31,-73],[-24,47],[-8,-11]],[[19391,55811],[2,741]],[[19393,56552],[0,162],[-5,0],[0,135],[9,0],[0,190],[6,0],[0,108],[9,0],[0,136],[-9,0],[-2,727],[4,0],[0,162]],[[28812,33725],[18,-31],[12,-119],[1,-75],[-15,14],[2,72],[-18,139]],[[28804,32347],[20,61],[12,3],[16,57],[13,16],[13,384],[3,227],[-8,152],[-6,169],[3,-3],[11,-171],[5,-152],[-3,-219],[-15,-460],[-24,-13],[-39,-78]],[[28805,32320],[-1,27]],[[28793,34270],[6,8]],[[28799,34278],[17,-245],[15,-151],[35,-435],[-9,22],[-18,235],[-14,128],[-13,18],[-9,280],[-10,140]],[[28772,33067],[-9,158],[-31,0]],[[28732,33225],[7,186],[3,241],[14,65],[-6,53],[14,32],[13,-2],[12,-35],[14,-134],[7,-112],[-2,-140],[6,-82],[-14,-85],[9,-69],[-13,-52],[-1,-40],[-14,-10],[-9,26]],[[28435,31620],[35,-4],[-1,29],[20,38],[36,3],[18,45],[11,126],[-9,46]],[[28545,31903],[14,50],[13,3],[27,49],[4,99],[11,-22],[3,-106],[8,-50],[18,-8],[-9,120],[20,-46],[2,-137],[-17,-120],[-18,-21],[0,-55],[-11,-32],[-3,-56],[-14,-121],[-4,-72],[-17,32],[1,128],[-10,31],[1,-132],[-16,-11],[42,-103],[23,198],[33,193],[24,120],[47,283],[8,-38],[-33,-153],[-21,-130],[-22,-100],[-21,-125],[-18,-132],[-21,-185],[-3,-52],[-4,108],[-35,89],[-39,1],[-26,-21],[-55,-74]],[[28427,31305],[3,53],[-11,174],[-8,39]],[[28411,31571],[24,49]],[[25690,44531],[30,93]],[[25720,44624],[83,-2]],[[25803,44622],[0,-204],[11,-2],[0,-147],[-4,-94],[-7,-1],[0,-163]],[[25803,44011],[-33,-1],[-16,-60],[-11,-148],[-12,-67],[-24,-39],[-17,-53]],[[25690,43643],[0,888]],[[25524,43759],[0,322]],[[25525,44526],[13,-64],[17,27],[-5,-74],[30,-48],[29,1]],[[25609,44368],[1,-715]],[[25594,43610],[-16,-66],[-22,-39],[-9,23],[-23,-17]],[[25524,43511],[0,248]],[[25476,37395],[10,-7],[-3,-120],[11,-5],[13,64],[-11,103],[7,106],[8,-9],[6,-79],[14,-31],[14,60]],[[25545,37477],[20,-10],[22,-71]],[[25587,37396],[-6,-148],[14,-69],[-13,-72],[-19,-26],[-6,-87]],[[25557,36994],[-24,-67]],[[25533,36927],[-67,-16]],[[25466,36911],[-5,58],[-4,151],[-15,34],[-29,249]],[[25413,37403],[12,46],[14,-93],[37,39]],[[26878,38533],[14,-53],[6,-103]],[[26898,38377],[-1,-145],[8,-58],[-1,-93],[-9,-32]],[[26895,38049],[-8,37],[-18,-10],[-11,-45],[-15,12]],[[26843,38043],[6,223],[-13,21]],[[26836,38287],[12,100],[30,146]],[[23876,26070],[0,-245],[29,-1],[0,-327],[28,-3],[0,-325]],[[23933,25169],[-43,0],[-14,-164],[-26,0],[-5,-72],[0,-98]],[[23845,24835],[-13,-18]],[[23832,24817],[-6,179],[-6,-3],[-12,75],[6,85],[-3,79],[-8,24],[1,52],[-14,57],[6,44],[-3,56],[-13,10],[-13,109]],[[23767,25584],[5,69],[-3,73],[7,67],[-8,90],[2,55],[-15,88],[-1,42]],[[23754,26068],[122,2]],[[26162,53972],[18,14],[30,-11],[32,22],[-22,-135],[-2,-217],[2,-72],[-8,-30],[9,-82],[16,-13],[9,25],[6,-41],[15,4],[17,-45],[34,79],[13,-6],[11,-74],[-1,-56],[25,45],[7,-12],[10,105],[19,38],[23,-30],[11,14],[8,63],[27,-8],[5,-48],[-10,-161],[7,-193],[1,-153],[-29,-3],[-8,-104],[15,-20],[5,34],[15,-6],[8,-61],[19,-31],[-13,-64],[24,-121],[12,-1],[20,-73],[8,61],[14,-56],[8,42],[-16,161],[14,-24],[41,20],[12,-24],[14,-146],[16,-50],[-10,-103],[-14,-32],[-27,63],[-31,-26],[-31,68],[-11,-20],[-27,2],[-27,37]],[[26475,52517],[-35,11],[0,163],[-35,0],[0,162],[-208,0],[-1,164],[-34,0]],[[25891,46508],[119,2]],[[26010,46510],[66,0]],[[25873,45857],[7,114],[7,214],[-1,93],[5,69],[0,161]],[[22933,31048],[87,0]],[[23020,31048],[0,-161],[30,-3]],[[23050,30395],[-13,0],[0,-80],[-37,0]],[[23000,30315],[-9,89],[-14,20],[-74,0]],[[24494,22665],[33,69]],[[24527,22734],[28,30],[12,-22]],[[24588,22440],[-17,-212],[-17,-145]],[[24554,22083],[-21,-164]],[[24533,21919],[-6,29],[2,106]],[[24529,22054],[2,191],[-12,68],[-15,21],[-7,109],[-12,121]],[[24485,22564],[-1,54],[10,47]],[[22934,45566],[27,0],[0,26]],[[22961,45592],[103,-2]],[[23064,45590],[9,-88],[-9,-28]],[[23064,45474],[2,-90],[22,-90],[-1,-133]],[[23087,45161],[-10,-2],[0,-59],[-68,1]],[[22934,45241],[0,325]],[[26207,43047],[76,10]],[[26283,42692],[0,-291]],[[26209,42393],[-2,654]],[[24325,45632],[65,-5]],[[25504,24483],[121,3]],[[25625,24486],[-18,-59],[-7,-68],[-9,-11],[1,-69],[-9,-77],[6,-65],[-5,-48],[0,-96],[12,-45],[3,-187],[13,-106],[14,-29],[11,-79],[-8,-159],[-23,-79],[0,-49],[15,-15],[57,85],[15,10],[0,-29]],[[25693,23311],[-65,-80],[-32,-24],[-7,16],[-63,-82]],[[25526,23141],[15,41],[-8,18],[10,45],[8,132],[18,56],[-17,55],[-6,116],[15,164],[-3,110],[-36,129],[-3,66],[-23,127],[-2,37],[13,185],[-3,61]],[[25411,42078],[1,-327],[-4,0],[2,-646]],[[27288,38575],[18,70],[13,87]],[[27319,38732],[15,105]],[[27334,38837],[15,-81],[2,-59],[12,-26],[2,-64],[11,-71]],[[27376,38536],[17,-53],[-28,-127],[-87,-276]],[[27278,38080],[-7,225],[-8,165],[25,105]],[[18479,49520],[0,-274],[-51,6]],[[18428,49252],[-90,-2]],[[26558,28478],[75,74]],[[26633,28552],[33,25]],[[26666,28577],[3,-112],[17,-373]],[[26686,28092],[-14,-52]],[[26587,28142],[-3,132],[-26,204]],[[23704,37655],[3,333]],[[23853,37975],[8,-24],[-2,-227]],[[23702,37401],[2,254]],[[25759,38872],[104,2]],[[25863,38874],[1,-122],[-1,-373]],[[25863,38379],[0,-55],[-103,2]],[[25205,29177],[17,2],[19,37],[5,45],[12,-52],[-4,106],[6,45],[-9,20],[-2,67]],[[25206,28767],[-1,410]],[[31393,857],[5,-2]],[[31398,855],[6,13],[13,-63]],[[31417,805],[3,-21]],[[31416,711],[-3,-39],[-18,-29]],[[13622,71451],[40,49],[28,-215],[-4,-180],[4,-8],[-41,-262]],[[12399,71799],[-9,-210]],[[12740,72195],[-13,-76],[-15,-32],[-25,-3],[-17,24],[-3,140],[-11,51],[-30,-103],[13,-46],[-2,-145],[-23,-5],[-2,-49],[10,-82],[-11,-82],[-2,-100],[-17,-80],[4,-63],[-9,-103],[-10,-18],[-25,24],[-14,-165],[-15,30],[-12,84],[-7,101],[-1,175],[-11,140],[2,121],[15,77],[-3,92],[15,162],[-12,45],[-23,-2],[5,124],[-20,90],[-8,121],[2,69],[-5,146],[17,84],[16,27],[8,53],[33,-1],[1,41],[28,-64],[11,-133],[18,-87],[31,-3],[9,-34],[10,42],[-29,70],[-13,129],[-2,88],[-35,127],[11,86],[34,41],[51,-59],[25,-15],[47,-70],[33,-16]],[[13232,69465],[16,100],[-2,69],[13,32],[-14,69],[-2,113],[5,63],[11,14],[19,-51],[5,-57],[13,-11],[17,-64],[0,-265],[-9,-55],[-27,-3],[-13,51],[-23,-58],[-9,53]],[[12766,70197],[21,43],[-2,-74],[-16,-18],[-3,49]],[[12698,69153],[9,0],[10,-205],[-15,46],[-4,159]],[[12672,70570],[9,37],[1,98],[20,-49],[1,-51],[-22,-116],[-9,81]],[[12635,70256],[8,148],[8,40],[32,-14],[10,-26],[-2,-56],[-16,-68],[8,-25],[20,64],[5,69],[13,-31],[19,110],[19,-3],[16,-63],[-5,-97],[-15,-56],[-19,24],[-13,-56],[17,-35],[-2,-60],[-22,-34],[-22,-80],[-9,-156],[-23,125],[17,99],[-1,125],[-29,82],[-14,-26]],[[12627,71203],[11,35],[24,164],[28,16],[11,33],[-22,20],[-1,76],[15,-35],[9,54],[-36,100],[14,47],[-10,138],[23,79],[45,-39],[71,-27],[24,-132],[11,-117],[-5,-111],[14,-10],[13,-109],[17,-77],[17,8],[57,-192],[12,-83],[33,-179],[3,-202],[29,-47],[8,-132],[8,-51],[31,-81],[13,-93],[-10,-9],[-19,73],[-75,158],[-3,-50],[-23,-119],[11,-13],[14,76],[8,-31],[23,16],[5,-59],[20,-21],[10,-47],[-38,-22],[8,-58],[32,34],[14,-84],[16,-22],[11,-140],[8,-15],[-12,-78],[-20,14],[2,-51],[22,-36],[11,13],[3,74],[14,58],[9,-34],[5,-146],[-15,-55],[4,-58],[-22,-151],[-29,-64],[18,-37],[27,95],[15,-16],[0,-327],[7,-115],[-20,-169],[-37,-15],[-26,78],[-14,-31],[-17,61],[-1,60],[-38,-4],[17,86],[27,-16],[1,62],[-19,68],[-19,21],[-35,125],[9,61],[10,185],[-15,14],[-11,-93],[7,163],[8,45],[-11,62],[-5,-88],[-27,-34],[14,-165],[-18,-94],[-47,90],[-4,57],[17,93],[-18,161],[-20,-8],[-10,80],[-21,5],[12,-126],[18,-104],[6,-116],[-7,-58],[15,-27],[20,-233],[24,-42],[-4,93],[24,29],[28,-104],[4,-200],[-14,-25],[-18,119],[-7,-12],[23,-273],[-29,0],[-26,52],[-2,96],[-20,64],[-49,285],[-10,35],[-2,135],[-12,16],[-8,98],[29,13],[-27,53],[3,192],[-33,-45],[-10,41],[-18,-30],[-9,67],[6,135],[33,49],[11,-102],[17,32],[-13,47],[6,63],[14,32],[14,-23],[22,71],[-29,154],[14,20],[-16,51],[4,106],[-24,-33],[-49,139],[-4,45],[16,-1],[-9,80],[3,56],[-27,29],[6,-91],[-10,-21],[-32,63],[-16,93],[12,83],[28,23],[37,-87],[28,56],[-17,108],[-18,26],[-12,-32],[-9,27],[8,48],[-2,68],[7,101],[-5,26],[-13,-76],[-27,-104],[-22,-53],[-23,61],[-5,72]],[[12592,71107],[14,45],[11,-10],[4,-84],[-8,-77],[-10,5],[-11,121]],[[12473,71103],[29,36],[1,-69],[31,53],[8,120],[7,-3],[-9,-162],[-22,-39],[-21,-90],[-18,27],[8,49],[-14,78]],[[26324,31193],[0,273],[4,90],[16,89],[-10,57]],[[23704,35805],[2,453]],[[23830,35900],[-1,-192]],[[23829,35572],[-126,16]],[[23703,35588],[1,217]],[[31255,1077],[15,-10]],[[31271,846],[-6,51]],[[9229,79496],[16,23],[58,-42],[-3,-50],[-21,-16],[-50,85]],[[8864,80403],[26,56],[27,5],[15,-26],[-18,-85],[-50,50]],[[8819,80033],[-1,84],[28,26],[21,-143],[-11,-71],[-37,-16],[0,120]],[[8813,79230],[2,22],[43,76],[1,-58],[-40,-95],[-6,55]],[[8695,78350],[8,34],[3,114],[23,19],[-3,68],[21,87],[16,11],[-3,66],[30,55],[9,48],[43,120],[22,190],[27,71],[-3,64],[10,114],[27,55],[4,-69],[24,3],[-17,-82],[9,-27],[24,45],[8,-36],[-11,-59],[-62,-190],[-49,-207],[-8,-129],[-33,-96],[30,-92],[-19,-68],[-23,-12],[-22,24],[-17,-92],[-9,10],[-45,-76],[-14,37]],[[8689,79212],[44,434],[11,-66],[12,21],[-4,106],[44,135],[0,-87],[-12,-51],[-3,-132],[-20,-60],[20,-67],[-24,-156],[2,-74],[-17,-167],[-24,72],[-3,40],[-25,12],[-1,40]],[[8669,80112],[15,50],[17,-31],[17,-77],[-24,-72],[-25,130]],[[8546,81424],[200,0]],[[8746,81424],[0,-161],[150,0],[1,-80],[278,1],[0,-164],[138,0],[234,2],[126,2],[1,-164],[-4,-163],[198,0],[1,-350],[85,0],[0,-169],[44,5],[106,48],[2,-362],[251,23],[0,-161]],[[10357,79731],[-253,0],[-90,0],[-195,-931],[0,-70]],[[9819,78730],[-39,62],[-45,-42],[-64,-192],[-46,-185],[6,104],[36,166],[62,188],[46,3],[-16,106],[-49,77],[-8,40],[-10,-131],[-26,135],[-26,48],[-17,-15],[-16,44],[-71,30],[9,45],[38,37],[-42,53],[-19,-9],[-2,40],[37,251],[-15,24],[-13,-58],[-29,-35],[-1,-92],[-20,-106],[-39,19],[-70,156],[1,50],[-26,58],[-39,42],[-41,-57],[-22,44],[13,46],[31,52],[25,119],[-14,16],[-18,-79],[-79,-149],[-29,-37],[-38,8],[1,-87],[60,43],[11,-38],[2,-86],[-17,4],[-28,-60],[-18,10],[-41,-61],[-41,-124],[-12,3],[-12,77],[47,124],[-37,-19],[-17,18],[-1,86],[23,134],[13,43],[18,3],[20,-49],[24,27],[22,66],[38,21],[57,93],[42,32],[-9,40],[-19,-3],[1,114],[-11,-79],[-19,-32],[1,49],[25,104],[1,34],[-33,-93],[-45,-76],[-19,-5],[-4,48],[63,180],[-6,62],[-29,-97],[-38,-22],[-12,41],[-15,-78],[-20,-23],[-54,21],[-10,93],[27,31],[11,-15],[18,40],[40,26],[29,45],[23,105],[-25,3],[-14,-74],[-23,-31],[-45,-3],[-18,110],[-12,4],[-17,-111],[-21,-12],[-4,94],[16,42],[17,-9],[-11,70],[-3,89],[13,54],[26,184],[96,9],[-7,61],[-91,-8],[-21,-101],[-26,-40],[-22,-126],[-31,-77],[-23,20],[20,57],[-10,182],[-12,85],[18,49],[-22,16],[-14,-37],[-1,-82],[12,-102],[-14,-101],[1,-66],[-13,-24],[-26,77],[-2,-107],[-27,-73],[-21,36],[0,83],[-11,31],[-7,-118],[-9,24],[4,208],[9,99],[-15,18],[-17,-209],[9,-178],[-4,-47],[-19,-14],[1,78],[-27,55],[-7,-74],[16,-104],[-13,-13],[-38,26],[-34,-78],[-28,15],[-5,50],[14,152],[42,243],[1,85],[49,198],[16,130],[-6,29],[-73,-339],[-1,-56],[-18,-93],[-8,12],[-8,111],[-12,-1],[-3,-131],[-11,-86],[-18,-68],[-3,-103],[-16,-109],[-21,43],[-7,-70],[24,-45],[-5,-147],[10,-13],[19,137],[37,10],[11,-36],[4,-146],[-14,-72],[-31,-52],[-22,-122],[1,-101],[21,32],[17,121],[30,70],[30,-143],[0,-70],[10,-70],[-23,-308],[-26,0],[-9,83],[-19,15],[1,-58],[-27,-71],[0,-27],[28,22],[23,-43],[61,-199],[26,-137],[-15,-124],[-13,-42],[-34,-56],[-17,26],[-14,-29],[-29,-10],[9,82],[-26,108],[9,96],[-17,102],[-16,-203],[0,-100],[-12,-65],[-19,110],[-20,-120]],[[8512,78638],[6,354],[0,540],[-28,0],[2,107],[0,488],[-25,0]],[[8467,80127],[2,217],[74,0],[0,594],[3,486]],[[24918,40438],[47,1]],[[24965,40439],[1,-328],[109,0]],[[25075,40111],[0,-245]],[[25075,39866],[-31,0],[0,-356]],[[24936,39457],[-17,-1]],[[20922,53570],[68,-2],[0,167],[53,0]],[[21043,53735],[106,0]],[[21234,53084],[-20,-1]],[[21214,53083],[-179,-2],[-113,0]],[[31307,413],[6,-38],[15,30]],[[31328,405],[5,-74],[-6,-212]],[[31327,119],[-17,39]],[[31310,158],[7,30],[-1,55],[-8,-8],[-1,178]],[[20398,30588],[171,0],[0,163]],[[20569,30751],[117,0]],[[20568,28478],[-1,324],[-113,-1],[-1,161],[-172,0]],[[20281,28962],[-7,0],[-1,167]],[[20273,29129],[0,337],[30,0],[30,-19],[30,0],[0,328],[35,0],[0,813]],[[21632,58169],[188,0],[178,0]],[[21972,57319],[-36,0],[0,164],[-182,0],[0,-163]],[[28061,44326],[0,29],[61,2]],[[28181,44089],[0,-201],[-29,-282]],[[28152,43606],[-40,26]],[[28112,43632],[1,174],[-6,0],[1,152],[-47,0],[0,368]],[[26874,29352],[9,18]],[[26883,29370],[18,-298],[9,-64],[2,-77],[10,-61],[26,-18],[9,-38]],[[26957,28814],[-13,-69]],[[26853,28704],[-8,29],[-5,180],[-5,18],[-1,100],[-7,29]],[[26827,29060],[-5,43],[15,103],[19,-18],[7,50],[4,92],[7,22]],[[23975,57475],[38,4],[6,-43],[56,-127],[26,6],[1,-78],[-19,-12],[-4,-59],[16,-50],[41,21],[15,-87],[-6,-54],[6,-79],[24,-204],[25,43],[-8,135],[13,72],[15,-17],[42,25],[16,-70],[-2,-105],[17,-66],[14,15],[9,-58],[18,-8]],[[24334,56679],[0,-910],[3,-325],[-2,-1128]],[[24335,54316],[-13,-28],[-61,-215],[-8,-67],[21,-126]],[[24274,53880],[-21,79],[-14,-18],[-3,-46],[-16,-23],[9,-30],[-10,-68],[-23,26]],[[24196,53800],[-2,188],[-121,6],[-91,-3]],[[23982,53991],[1,487]],[[23983,54478],[-2,154],[-1,518],[2,627],[-6,0],[1,320]],[[23977,56097],[-5,656],[3,722]],[[26786,29529],[13,74]],[[26799,29603],[20,-211],[3,41],[16,24],[19,-82],[14,16],[3,-39]],[[26827,29060],[-14,-8],[-23,16],[-8,40]],[[26782,29108],[7,91],[-8,118],[18,149],[-13,63]],[[22243,23153],[1,-286],[106,8]],[[22350,22875],[0,-667]],[[22350,22208],[-72,212],[-28,17],[-90,8]],[[22160,22445],[-25,1],[0,299],[-19,10]],[[22116,22755],[1,405]],[[22017,23160],[-163,-3]],[[21854,23157],[-73,-2]],[[21781,23155],[0,783]],[[24988,25300],[14,0]],[[25002,25300],[71,0]],[[25019,24319],[0,170],[-3,18]],[[25016,24507],[1,630],[-29,-1],[0,164]],[[25577,35045],[22,806]],[[25599,35851],[2,-59],[37,8],[18,29]],[[25656,35829],[-2,-781]],[[25654,35048],[-15,-2]],[[25639,35046],[-62,-1]],[[22626,57315],[214,0]],[[22840,57315],[6,-86],[1,-172],[-3,-84],[8,-149],[-7,-86],[0,-75]],[[22845,56663],[-212,1]],[[22633,56664],[-108,0]],[[22525,56664],[0,327],[-8,1],[1,325]],[[22698,32678],[147,0]],[[22845,31839],[-15,0],[-27,64],[-13,2],[-7,227],[-10,3],[-2,96],[-41,161],[-1,125],[-16,28],[-15,59]],[[22698,32604],[0,74]],[[15841,46937],[0,134],[57,0],[-5,16],[16,257],[18,88],[-10,61],[0,95],[-13,69],[-10,90],[-11,20]],[[15883,47767],[1,106],[-6,45],[5,69],[36,108]],[[15919,48095],[186,3]],[[16105,48098],[1,-487],[-5,0],[0,-1142],[130,-4],[1,-590],[0,-814]],[[16232,45061],[-44,-1],[-60,8],[-54,-2]],[[16074,45066],[-154,13],[-81,8]],[[15839,45087],[0,808],[1,65],[1,977]],[[27767,43925],[21,0],[0,91],[54,-9],[-1,-185]],[[27841,43822],[-1,-528]],[[27840,43294],[-19,-75],[-23,-16],[-1,-50],[-12,64],[-11,-51],[-34,8],[-14,-16],[6,112],[-18,23],[-6,225]],[[27708,43518],[-2,6]],[[27706,43524],[13,84],[-1,67],[13,44],[0,83],[18,-1],[0,29],[17,-2],[1,97]],[[26533,36731],[13,125],[12,66],[-2,34],[21,98],[7,2]],[[26584,37056],[4,0]],[[26588,37056],[25,-92],[27,-53]],[[26640,36911],[-16,-248]],[[26624,36663],[-12,8],[-2,50],[-14,-48],[-15,18],[-3,-50],[-24,-15],[-15,58]],[[26539,36684],[-6,47]],[[26334,33180],[10,-2]],[[26344,33178],[16,-37]],[[26360,33141],[23,-302],[5,-114],[5,-8],[2,-126],[-15,-21],[-11,-62]],[[26369,32508],[-6,-36],[-42,2],[-10,-50]],[[26311,32424],[-29,163],[-15,41]],[[23116,24157],[86,77]],[[23202,24234],[9,-437]],[[23211,23797],[7,-517],[0,-204]],[[23218,23076],[-77,-30],[-4,-8]],[[23137,23038],[2,119],[-19,77]],[[23120,23234],[4,66],[15,132],[-9,11],[-12,241],[-7,59],[7,107],[-4,94],[4,113],[-6,51],[4,49]],[[21195,27336],[238,2]],[[21195,26521],[0,815]],[[28324,39049],[5,-16]],[[28329,39033],[2,-61],[-12,-28],[-8,29],[13,76]],[[27278,38080],[11,-26],[0,-40],[16,12],[17,-72],[10,60],[19,-26],[5,-87],[19,-63],[0,-57]],[[27375,37781],[-3,-45],[9,-42],[17,11],[-8,-59],[9,-12],[8,-75],[-12,-68],[17,-157],[-16,8]],[[27396,37342],[-38,-94]],[[27358,37248],[-9,26],[-22,5],[-5,76],[-62,25],[0,102],[-14,61],[-10,-13]],[[27236,37530],[15,384],[27,166]],[[24947,48146],[-52,-3]],[[24895,48143],[-15,169],[-3,69],[-31,178],[-6,79],[8,35],[-6,134],[-9,24],[-5,156],[13,58],[2,82],[13,-28],[6,74],[-6,40],[6,68]],[[23096,24438],[20,40],[35,140],[19,42],[59,5]],[[23229,24665],[11,-28],[17,7],[8,-86],[-13,-94],[12,-113],[6,7]],[[23270,24358],[-10,-70],[-16,33],[-14,-25],[-19,-65],[-9,3]],[[23116,24157],[-2,64],[-10,101],[4,39],[-12,77]],[[27615,36292],[-3,-85]],[[27612,36207],[-12,-10],[-12,55],[24,70],[3,-30]],[[31525,272],[25,-47],[13,-42]],[[31563,183],[-17,-58]],[[31546,125],[-19,102],[-2,45]],[[27073,44148],[25,-43],[19,24],[20,-15],[31,105],[26,128],[12,36]],[[27233,43852],[-57,5],[9,-137],[-33,-1]],[[27152,43719],[-54,-3]],[[27098,43716],[0,141],[-26,2],[1,289]],[[22939,47099],[98,0]],[[23037,47099],[-16,-62],[5,-90],[-8,-45],[6,-34],[-10,-95]],[[23014,46773],[-2,-108],[-11,-25],[-3,-84],[-11,-42],[1,-122],[15,-43],[17,-97],[4,-130]],[[23024,46122],[6,-10],[-4,-72],[13,-50]],[[23039,45990],[-17,-11],[-5,48],[-24,-8],[-6,34]],[[22987,46053],[-1,51],[-21,107],[7,83],[-11,26],[-21,5],[-1,64]],[[22939,46389],[0,710]],[[21492,52453],[161,0],[253,-2]],[[21906,52451],[4,0]],[[21910,52451],[31,-138],[3,-100],[19,-202],[-8,-84],[-19,-24],[-7,-105]],[[21929,51798],[-15,-80],[11,-79],[19,-3],[10,-66]],[[21954,51570],[-74,0],[-241,0]],[[21639,51570],[-147,0]],[[21492,51570],[0,883]],[[29518,50712],[144,3],[34,-13]],[[29696,50702],[4,-154],[1,-172],[-12,-100]],[[29689,50276],[-10,37],[-32,6],[-11,-74],[-7,-138],[-16,39],[-20,-147]],[[29593,49999],[-32,34],[-53,134]],[[29508,50167],[-9,77],[6,85],[8,29],[5,151],[-14,80],[14,123]],[[28308,39173],[57,394]],[[28365,39567],[23,-58],[-1,-78],[8,-27],[20,-9],[9,-60]],[[28424,39335],[-15,-77],[6,-32],[11,-61]],[[28426,39165],[-9,-71],[29,-37]],[[28446,39057],[-1,-125],[-12,-25]],[[28433,38907],[-13,-59],[1,-72]],[[28421,38776],[-20,-34],[-6,38]],[[28395,38780],[-10,87],[-43,113],[-6,66]],[[28336,39046],[-3,45],[-14,-10],[-4,80],[-7,12]],[[27256,36511],[8,-8],[-7,72],[13,74],[11,22]],[[27281,36671],[6,121],[18,42],[11,-16]],[[27316,36818],[66,-299]],[[27382,36519],[-7,-86],[9,-69],[-19,-75],[-17,-26]],[[27348,36263],[0,18],[-37,-44],[-31,-82]],[[27280,36155],[-27,121],[-11,72]],[[24409,49930],[0,-654],[-20,-66],[-3,-80],[13,-42],[9,-93],[-11,-110],[4,-24]],[[24401,48861],[-10,12],[-32,136],[-3,47],[-27,66],[-12,54]],[[24317,49176],[-9,71],[-1,82],[-8,24],[0,85],[-14,65],[-31,74]],[[24254,49577],[12,196],[4,138],[7,21],[98,-2]],[[26020,25645],[92,2]],[[26030,24853],[-22,3]],[[24186,29555],[99,-7]],[[24285,29548],[-1,-326],[-9,-6],[6,-240]],[[24281,28976],[8,-37],[-8,-71],[3,-72],[-18,-48],[-2,-44],[-19,-56],[-6,-112]],[[24239,28536],[-6,-4],[-5,98],[-9,-21],[-4,97],[-12,0],[-8,50],[-8,-36],[-7,70]],[[24180,28790],[-8,30],[1,119],[5,2],[11,167],[1,154],[-4,114],[3,131],[-3,48]],[[26747,27151],[41,-516],[29,90]],[[26817,26725],[4,-24],[-16,-88]],[[26805,26613],[-77,-441]],[[26728,26172],[-6,68],[-18,90],[-4,124],[3,53],[-12,50]],[[19959,39866],[0,-1028]],[[19715,38837],[0,302],[66,145],[15,114],[-2,22],[31,150],[21,1],[14,36],[25,-68],[22,82],[14,103],[38,142]],[[20258,40136],[8,35],[13,-51],[19,-9],[22,57]],[[20320,40168],[20,0]],[[20340,40168],[-5,-110],[-9,-19],[0,-231],[3,-94],[-10,-61],[11,-33],[-6,-57]],[[20324,39563],[-108,4]],[[20216,39567],[-2,56],[8,61],[-1,66],[15,21],[7,197],[-1,74],[15,8],[1,86]],[[25667,40591],[1,488]],[[25756,41076],[2,0],[0,-439],[13,0],[-5,-53]],[[25758,40338],[-70,7]],[[23908,44151],[0,-32]],[[23908,44119],[-12,-8],[-12,39],[-51,9],[-54,0]],[[23779,44159],[0,166],[-7,0],[0,492]],[[23352,45466],[65,0]],[[23417,45466],[-1,-649]],[[23287,44817],[-32,-2]],[[23255,44815],[0,653]],[[26210,40033],[-6,-188],[-13,-484]],[[26191,39361],[-1,-34]],[[26190,39327],[-18,-3],[-1,-28]],[[26171,39296],[-67,-1]],[[26104,39295],[1,529]],[[21478,40521],[177,0]],[[21655,40521],[7,0]],[[23880,26799],[6,92],[-4,51],[5,107],[-6,54],[14,24]],[[23895,27127],[38,0],[0,82],[25,0],[-7,135],[-2,110]],[[23949,27454],[83,0]],[[24061,27208],[1,-394],[-7,-68],[-4,-111]],[[24051,26635],[-35,0]],[[24016,26635],[-69,2]],[[23947,26637],[-7,82],[0,82],[-60,-2]],[[23879,52845],[41,11],[64,-3]],[[23984,52853],[0,-331],[-25,0],[1,-470]],[[23856,52060],[-1,463],[24,-1],[0,323]],[[23109,54711],[-177,-1]],[[22932,54710],[-1,164]],[[22931,54874],[-3,102],[3,81],[-8,146],[3,159]],[[24630,25959],[5,112],[0,378]],[[24635,26449],[136,3]],[[24801,25896],[-34,-66]],[[24630,25795],[0,164]],[[25187,31219],[5,0],[0,299]],[[25290,31516],[10,-29],[1,-518]],[[25301,30969],[-60,4]],[[25241,30973],[0,82],[-54,0]],[[23034,42307],[111,2]],[[23145,42309],[0,-489]],[[21994,41984],[1,-652]],[[21995,41332],[-152,1]],[[21843,41333],[-5,0]],[[20986,28166],[0,-817],[26,-13],[0,-977]],[[21012,26359],[-72,0]],[[20940,26359],[-12,0]],[[20698,26361],[0,472],[-1,13],[0,487]],[[19528,27815],[54,-1],[0,-327],[58,2],[0,-164],[30,0],[0,-817],[4,0],[0,-405],[86,2]],[[19762,25954],[0,-843],[-234,-1]],[[19528,25110],[0,2046]],[[28467,45593],[0,16],[64,13],[1,-85],[25,-27],[6,91]],[[28563,45601],[23,-1]],[[28586,45600],[0,-237],[-7,0],[6,-194],[-5,-97]],[[28477,45076],[-11,-2]],[[28466,45074],[1,519]],[[26779,37600],[11,81],[26,117],[-10,116]],[[26806,37914],[12,40],[8,-11],[17,100]],[[26895,38049],[-1,-141],[-8,0],[0,-62],[15,-59],[10,-72],[9,-129],[15,-35],[-10,-66]],[[26925,37485],[-10,32],[-13,-16],[-9,-140]],[[26788,37520],[-9,80]],[[30791,49025],[11,-77],[-5,-111],[-16,-16],[-3,137],[3,82]],[[30713,48577],[6,-3],[1,-87],[-6,-5],[-1,95]],[[30701,49025],[8,66],[25,73],[11,-81],[-9,-13],[14,-125],[-11,-63],[-18,-21],[-12,39],[5,40],[-3,81],[-10,4]],[[30572,49429],[4,27],[13,-64],[22,104],[41,-204],[26,-11]],[[30678,49281],[-7,-145],[-13,-125],[19,-48],[-13,-45],[10,-92],[-10,-61],[-27,6],[-13,-115],[-19,-2],[1,-90],[-10,-13],[0,79],[7,66],[-12,11],[-8,-42],[-2,77]],[[30581,48742],[3,97],[10,-13],[2,51],[11,41],[-8,75],[2,69],[-9,145],[-19,2],[-8,30],[-5,162],[12,28]],[[23549,36396],[149,-27]],[[23704,35805],[-156,18]],[[23548,35823],[1,525]],[[23548,35713],[0,110]],[[23703,35588],[-2,-344]],[[23701,35244],[-153,35]],[[23548,35279],[0,434]],[[19056,58169],[106,0],[243,3]],[[19393,56552],[-54,-3],[0,165],[-33,-5],[0,163],[-217,1],[-2,-162],[-35,0]],[[19052,56711],[4,1299],[0,159]],[[17193,58172],[111,-3]],[[17304,57885],[-1,-182],[0,-709],[-2,-609]],[[17301,56385],[-110,3]],[[17191,56388],[0,164],[-18,0],[0,969],[-36,7],[0,162],[19,0],[0,175],[18,0],[0,163],[19,0],[0,144]],[[15745,38842],[45,65],[25,200],[-6,96]],[[15809,39203],[14,-51],[16,6],[11,-157],[13,-147],[10,-41],[9,-95],[9,-171]],[[15891,38547],[-7,-157],[12,-92],[6,-120],[-40,0],[5,-82],[-8,-18],[7,-92],[-6,-46],[5,-63],[-59,2]],[[15806,37879],[11,4],[1,164],[-11,68],[3,42],[-15,138],[-14,87],[5,50],[-14,33],[-15,150],[-13,37],[-5,56],[6,44],[0,90]],[[27186,17066],[82,-2],[0,166],[28,1],[-1,164],[58,2],[6,-8]],[[27359,17389],[19,-97],[-4,-366]],[[27374,16926],[-16,-355],[-127,-2],[-46,3]],[[27185,16572],[1,494]],[[26428,29442],[10,-32],[17,29]],[[26478,28788],[-13,29],[0,42],[-27,0],[0,32],[-30,0]],[[26408,28891],[0,156],[17,-2],[3,171],[11,135],[-11,91]],[[25106,40682],[1,-577],[-32,6]],[[24965,40439],[0,219],[15,0],[0,80],[15,4],[0,143],[5,-36],[15,53],[7,-14],[19,77],[12,16]],[[25759,39280],[0,164]],[[25759,39444],[102,-3]],[[25861,39441],[10,0],[2,-424]],[[25873,39017],[-10,-58],[0,-85]],[[25656,39772],[103,-3]],[[25759,39769],[0,-325]],[[25698,39279],[-55,0]],[[25643,39279],[-39,6]],[[25604,39285],[0,495]],[[25615,40594],[-51,1]],[[25564,40595],[-3,86],[4,75],[1,185],[-3,77],[9,53],[-4,53],[-18,77],[4,39]],[[23908,43502],[0,617]],[[21981,38078],[5,0]],[[26229,38215],[25,74],[10,-34]],[[26264,38255],[22,-34],[14,26]],[[26300,38247],[3,-270],[2,-24]],[[26305,37953],[-39,-102],[0,-45]],[[26266,37806],[-11,-45],[-18,50],[-16,18]],[[26221,37829],[4,62],[3,211],[12,106],[-11,7]],[[26217,36736],[-1,-250],[-9,4]],[[26207,36490],[-15,74],[-12,22],[-28,-90],[-3,35],[-18,68],[-23,13],[-10,-26]],[[26098,36586],[-10,158],[-5,9]],[[26083,36753],[21,258],[12,72]],[[24051,26635],[140,-3]],[[24191,26632],[0,-408]],[[24191,26224],[0,-60],[-14,-186]],[[24177,25978],[-72,2],[0,-164],[-98,-2]],[[24007,25814],[1,137],[8,90],[-3,49],[12,-11],[7,245],[-6,188],[-10,123]],[[24987,28765],[-53,0]],[[24934,28765],[0,219],[-20,-2],[0,28],[-19,0],[-1,487]],[[24158,39923],[-29,-374],[-9,-93],[2,-53]],[[24122,39403],[-11,-5],[-33,30],[-21,-22],[-14,14],[-19,68],[-7,91]],[[24017,39579],[8,58],[-10,15],[11,117],[15,113]],[[18619,53345],[-11,-66],[-15,2],[-14,-108],[-12,24],[-20,-69],[3,-74]],[[18550,53054],[-133,3]],[[18417,53057],[-1,876],[-21,-42],[-17,34],[1,44],[-16,54],[-10,81],[-10,11]],[[18343,54115],[0,649],[-46,0],[0,788]],[[24168,38970],[14,-64],[-5,-44],[39,-72]],[[24216,38790],[6,-80],[25,-73],[28,18]],[[23039,45990],[14,-13],[4,-70],[-9,-71],[0,-122],[11,-47],[5,-77]],[[22961,45592],[1,461],[25,0]],[[23970,40176],[-10,-10],[-7,50],[-10,-6],[3,-68],[-11,-71],[-7,20],[-6,-50],[-15,-3],[-1,-111],[-18,-45],[-3,77],[-19,46]],[[23866,40005],[-4,-128],[-19,-10],[-7,40],[-18,16],[-17,-78],[-13,1]],[[23788,39846],[0,593]],[[23462,32082],[0,270],[32,0],[0,227]],[[23494,32579],[16,62],[20,-58],[4,-58],[14,10],[7,52],[11,-34],[20,-5],[-3,47],[5,78],[12,24]],[[23600,32697],[-4,-847]],[[23596,31850],[-2,-384]],[[23594,31466],[-2,-415]],[[23592,31051],[-133,0]],[[22840,47099],[0,-530]],[[22840,46569],[-15,24],[-1,61],[-25,40],[-15,-22],[-15,21],[-7,-37],[-12,8]],[[22750,46664],[-42,1]],[[22708,46665],[-1,594]],[[28169,39954],[57,-248]],[[28226,39706],[-9,-96],[-28,-125]],[[28189,39485],[-12,-65]],[[28177,39420],[-15,74],[-11,-11],[-15,43]],[[28136,39526],[22,266],[-1,37],[12,125]],[[23515,29552],[8,-36],[17,2],[1,-37],[16,21],[19,-118],[9,41]],[[23585,29425],[8,12],[0,-86],[11,-41],[9,10],[-2,-58],[10,-14],[5,43],[8,-29],[3,47],[21,-44],[11,69],[12,-22],[5,-48],[6,34],[16,-36]],[[23708,29262],[1,-18],[0,-456]],[[23709,28788],[-14,14],[-13,-22],[-8,32],[-14,-26],[-6,-45],[3,-56],[-42,24],[-10,53],[-29,-3],[-3,-29],[-25,-37],[-9,40]],[[23539,28733],[-11,82],[-11,-6],[-5,37]],[[23512,28846],[1,212],[0,489],[2,5]],[[29484,49308],[12,-6],[82,64],[7,-249]],[[29643,48869],[-13,-125]],[[29630,48744],[-8,-47],[-13,-141],[-3,77],[-22,-53],[-7,16],[6,-108]],[[29583,48488],[-16,-38],[-4,77],[-53,-18],[4,-132],[-44,-24]],[[29470,48353],[4,34],[-8,69]],[[29466,48456],[1,126],[-10,107],[1,166],[-9,43],[8,126],[-2,40],[7,104],[22,140]],[[25823,30587],[12,-101],[30,-198]],[[25865,30288],[-8,-100],[0,-112],[-11,-87],[13,1]],[[25859,29990],[-4,-88],[-25,-138],[-26,-32],[-15,0],[-1,-70]],[[25788,29662],[-18,15],[-32,127],[-35,5],[-19,-53]],[[25684,29756],[-3,80]],[[25681,29836],[11,27],[0,66],[11,18],[18,76],[8,-10],[25,156],[-1,85],[10,5],[4,43],[15,23],[23,249],[18,13]],[[31369,447],[1,19]],[[31424,612],[-1,-91],[-6,-36]],[[31417,485],[-11,-19],[-8,26]],[[31398,492],[-8,2],[-14,-49]],[[31376,445],[-7,2]],[[21480,36443],[135,0]],[[21615,36443],[1,-736]],[[21616,35707],[-132,-5]],[[21480,35702],[0,741]],[[15640,38141],[10,38],[17,8],[46,-214],[26,-48],[22,11],[22,-144]],[[15783,37792],[2,-71],[-4,-103],[14,-53],[-12,-40],[-4,-71],[19,-90],[-7,-22],[-11,45],[7,-113],[-15,-26],[-9,62],[-26,98],[-13,-20],[-23,108],[-10,85],[-17,53],[-16,13],[-13,-79],[-9,8],[16,222],[2,118],[-10,99],[6,40],[-10,86]],[[28813,39141],[46,9],[20,129],[23,27],[6,80],[19,-28]],[[28927,39358],[2,-63],[32,-198],[15,-45],[12,39],[8,-267],[4,-275],[0,-117]],[[29000,38432],[-81,1]],[[28919,38433],[-98,15],[-2,188]],[[28819,38636],[-2,140]],[[28817,38776],[-4,365]],[[28424,39335],[21,114],[11,-54]],[[28456,39395],[26,-139],[-36,-188]],[[28446,39068],[-1,90]],[[28445,39158],[1,60],[-22,117]],[[26771,31029],[16,-31]],[[26787,30998],[25,13],[8,-19],[8,-103],[3,-103],[12,-48],[5,-97]],[[24917,38813],[-132,9]],[[24785,38822],[-8,126]],[[24777,38948],[25,146]],[[24802,39094],[3,71],[-40,143],[-7,6]],[[24758,39314],[1,142],[35,1]],[[25418,39178],[104,4]],[[25522,39182],[10,-138],[0,-69],[-13,-121],[-14,-19],[-7,-51],[-9,-134]],[[25489,38650],[-72,3]],[[25541,37896],[0,68],[42,0],[0,83]],[[25583,38047],[5,-27],[62,2]],[[25666,37967],[0,-159],[-15,0],[-5,-130],[-18,9],[0,-56],[-20,-96],[-12,-89],[0,-87]],[[25596,37359],[-9,37]],[[25545,37477],[0,175],[-6,3],[2,241]],[[24585,44645],[31,0],[20,-69],[11,49],[16,-9],[22,37],[25,-21],[11,-66],[26,-2]],[[24747,44564],[1,-57],[-9,-95],[1,-106],[-16,-34],[-18,-92],[-26,2],[-10,-21],[-16,-90],[-24,-27],[-14,4]],[[24442,42851],[33,-76],[31,-120],[1,24],[18,-47]],[[24525,42632],[-2,-43],[-18,-66]],[[24505,42523],[-18,1],[-31,-69],[-13,-111],[11,-56],[-4,-124],[2,-101],[-12,-26]],[[24440,42037],[-19,12],[-11,49],[-1,90],[-10,4],[-16,91],[1,58],[-18,23],[-9,85]],[[24357,42449],[-1,403]],[[26050,38298],[9,111],[30,55],[7,70],[11,34]],[[26107,38568],[16,-11],[18,-48]],[[26141,38509],[-9,-63],[5,-103],[12,-87]],[[26149,38256],[-11,-90],[-35,-11],[-5,-34]],[[26098,38121],[-48,177]],[[25147,22716],[13,-101],[5,-122],[-3,-163],[-10,-168],[-4,4],[8,145],[4,161],[-1,74],[-12,170]],[[25018,22727],[11,62],[32,130],[2,-23],[-13,-101],[2,-45],[13,-53],[-15,-80],[-3,75],[-10,-16],[-17,16],[-2,35]],[[24875,22612],[3,-79],[8,-40],[12,6],[13,40],[-4,-94],[8,-55],[15,-31],[13,18],[6,47],[5,162],[-2,21],[24,87],[3,70],[18,-54],[13,9],[0,-33],[-17,-55],[0,-55],[15,-27],[3,-98],[15,22],[11,132],[16,-40],[-4,-88],[-13,0],[-12,-71],[22,3],[-3,-46],[-31,-36],[13,-106],[11,35],[-7,-94],[-9,41],[-14,18],[-12,-88],[-1,-159],[-9,-8],[-6,138],[-11,1],[-2,-106]],[[24965,21999],[-10,-9],[-16,29],[-16,65],[-10,79],[-20,7],[-7,75],[-12,-16],[-14,140]],[[24860,22369],[-5,101],[-23,45],[6,82],[14,-17],[12,41],[11,-9]],[[24490,21565],[-10,77],[1,108],[9,21],[5,61],[12,55],[4,-32],[22,64]],[[24554,22083],[36,8],[-1,50],[12,1],[9,52],[11,-147],[17,-57],[12,-94],[12,-30],[20,-127],[3,-48],[20,-98],[6,-68],[17,-95],[2,-117],[-6,-79]],[[24724,21234],[1,71],[-10,90],[-13,-103],[-14,22],[-7,-35],[-7,50],[-6,-43],[10,-102],[-12,7],[-7,-44],[-4,-87],[-8,12],[-5,-92],[-8,19],[-19,-53],[-6,-122],[-16,26],[5,34],[-13,107],[-18,92],[-11,-21],[-26,34],[-10,53],[-25,19],[-16,40],[-16,97],[12,22],[7,94],[8,-20],[12,-83],[7,35],[-1,-109],[15,-28],[-4,168],[-23,102],[0,68],[-6,11]],[[24679,20921],[39,-53],[-19,-13],[-20,66]],[[24626,20850],[25,30],[2,-27],[-26,-32],[-1,29]],[[28695,39645],[20,63],[9,74],[-5,67],[21,70],[12,-15],[24,44],[13,-37],[14,8]],[[28803,39919],[3,-193]],[[28806,39726],[-25,-65],[-4,-75],[-11,-93],[-11,-52],[-5,-135]],[[28750,39306],[-42,48],[-5,-58],[4,-57],[-17,-4],[-10,-56]],[[28680,39179],[-1,145],[-8,27],[-17,-75],[-12,6],[1,-77],[-12,-27],[4,167],[16,162],[7,-82],[21,-18],[11,50],[-6,87],[11,101]],[[24767,25144],[38,0],[7,-41],[12,13]],[[24881,24491],[-118,-2]],[[24763,24489],[-1,655]],[[24292,41893],[2,570]],[[24294,42463],[59,15],[4,-29]],[[24440,42037],[-8,-29],[-13,-159],[-1,-54]],[[24418,41795],[-126,16]],[[24164,37324],[-12,-66],[-11,10],[-19,-50],[-11,71],[-6,96],[-66,7]],[[23981,37703],[2,232],[-7,1],[2,144]],[[23788,39846],[-25,13],[-26,-64],[0,-40],[-13,-12],[7,58],[-4,42],[-14,-26],[1,-70],[-9,-36],[-14,16]],[[23691,39727],[-7,47],[-16,27],[4,56],[-11,-11]],[[23661,39846],[1,463]],[[28203,46921],[50,0],[0,-80],[42,-2]],[[28295,46839],[10,-148],[-12,-21],[0,-170],[-7,0],[4,-171],[31,-3],[-1,-173]],[[28320,46153],[-47,4],[0,-83],[-17,0],[-1,-121]],[[28255,45953],[-32,7],[0,80],[-55,8]],[[27080,33770],[11,72],[8,-40],[19,-29]],[[27118,33773],[8,-27],[13,-106],[36,-123],[13,-90],[30,15],[13,-50],[10,18]],[[27241,33410],[-19,-169],[-21,-130],[-8,-74]],[[27193,33037],[0,-8]],[[27193,33029],[-31,-5],[-12,35]],[[27150,33059],[-17,63],[-20,-72]],[[27113,33050],[-13,270],[-32,164],[17,67],[5,76],[-10,143]],[[27609,33865],[2,461]],[[27611,34326],[140,-31]],[[27751,34295],[-2,-299],[0,-339]],[[27749,33657],[-141,39]],[[27608,33696],[1,169]],[[27424,33569],[21,-13],[27,-111],[16,-23],[5,-59]],[[27493,33363],[20,-43],[15,1],[0,-69],[13,-90],[22,-101],[-1,-48],[8,-97]],[[27570,32916],[-31,-1]],[[27416,32919],[-10,312],[18,338]],[[26728,41531],[10,-2],[0,68]],[[26738,41597],[114,-32]],[[26846,41216],[-6,-217],[-6,-53]],[[26717,40978],[-2,196],[7,29],[-7,72],[-1,145],[12,0],[2,111]],[[22906,34305],[29,0],[0,-164],[55,3]],[[22991,33734],[-145,2]],[[22846,33736],[-18,5],[-5,37],[-15,16],[-7,67],[-15,-45],[0,327]],[[28168,43487],[9,-17],[9,54],[0,58],[9,10],[12,82],[0,-142],[30,0],[12,-133],[35,-27],[16,-63],[-5,-19],[20,-158],[47,45],[55,106]],[[28417,43283],[-17,-96],[-21,-155],[-24,-117]],[[28355,42915],[-20,-43],[-68,-177]],[[28267,42695],[-24,-19],[-18,40],[-31,-92],[-48,88]],[[28146,42712],[-4,9],[-64,-20]],[[28078,42701],[-5,37],[21,132],[4,50],[11,10],[11,117],[15,45],[22,27],[-3,71],[7,2],[-5,64],[6,42],[-9,14],[-6,103],[21,72]],[[26021,36033],[16,24]],[[26037,36057],[15,-107],[29,-29]],[[26081,35921],[7,-192],[17,-99],[-3,-31]],[[26022,35419],[-5,502],[-5,53],[9,59]],[[26038,33529],[12,94],[-7,168],[5,82]],[[26048,33873],[10,57],[7,-17],[7,69],[15,16],[55,-95],[-1,-72],[13,-26]],[[26154,33805],[6,-124],[8,-5],[-7,-188],[-8,-30]],[[26153,33458],[1,53],[-27,-47],[-28,47],[-16,-56],[-14,27],[-9,-21]],[[26060,33461],[-22,68]],[[22341,30500],[9,-58],[17,-38],[13,-5],[13,-42],[21,-7],[12,60],[10,-15]],[[22436,30395],[11,-22],[24,-154],[17,40]],[[22488,30259],[0,-465]],[[22341,29791],[0,709]],[[23578,26311],[138,11],[1,3]],[[23717,26325],[11,-116],[18,-49],[8,-92]],[[23767,25584],[-18,48],[-24,-78]],[[23609,25711],[-7,272],[-7,85]],[[23595,26068],[-8,108],[-9,40],[0,95]],[[17249,53422],[6,-72],[15,12],[19,-24],[13,16]],[[17302,53354],[-4,-154],[17,-82],[8,-87],[0,-101],[12,-64],[-17,-150],[7,-17],[11,-150]],[[17336,52549],[-157,5]],[[17179,52554],[0,231],[17,0],[0,489],[18,27],[-1,28],[36,-2],[0,95]],[[27375,37781],[48,-45],[57,255],[19,97]],[[27521,38009],[-1,-208],[27,-127],[29,-16],[15,34],[41,15]],[[27632,37707],[-14,-147],[-13,-62]],[[27605,37498],[-35,-187],[-21,-180],[2,-58],[-12,-62]],[[27539,37011],[-25,1],[-3,45],[-15,-63],[-17,15],[-43,75]],[[27436,37084],[-1,60],[-23,135],[-16,63]],[[22245,47878],[-4,-58],[15,-58],[29,-19],[7,-87],[15,-100],[26,-129],[23,-22],[6,-37],[2,-122],[27,-29],[16,-108],[27,-27],[26,-64],[7,-78]],[[22467,46940],[-210,0]],[[22257,46940],[-78,0]],[[22179,46940],[0,939]],[[23123,22748],[17,-122],[-11,-69],[-1,-130],[10,-32],[-8,-71],[5,-64],[17,-26],[2,-127]],[[23154,22107],[8,-35],[-3,-53],[-12,3],[12,-103],[-3,-45],[-17,-3]],[[23139,21871],[-6,40],[-18,21]],[[23115,21932],[-7,42],[-17,24],[-3,88],[-8,39],[-12,173],[-4,-21],[-17,20],[-33,146],[-9,101]],[[22990,22700],[10,37],[19,2],[63,58],[37,-79],[4,30]],[[29476,50707],[42,5]],[[29508,50167],[-2,-137],[-8,-98],[-28,-61]],[[29470,49871],[-7,133],[8,111],[-2,87],[10,88],[-13,92],[4,101],[7,47],[-1,177]],[[28158,36946],[26,-62],[10,27],[-3,56],[11,42],[5,-45],[19,-64],[4,-49],[13,12],[31,-92]],[[28274,36771],[-39,-196],[-3,-61],[-13,-16]],[[28219,36498],[-3,72],[-38,77],[-4,-48],[-10,-2],[-13,-57],[-10,27]],[[28141,36567],[13,325],[4,54]],[[25365,31772],[16,27],[19,-45],[11,-82],[3,-64],[24,-119],[8,-18],[21,27],[7,50],[26,48],[9,44],[17,19],[26,-59]],[[25552,31600],[3,-62],[-10,-136],[1,-85],[-10,-2],[-13,-153]],[[25523,31162],[-123,18],[-47,10]],[[25353,31190],[6,238],[6,344]],[[24521,34776],[96,2]],[[24617,34778],[3,-159],[6,-2],[0,-248],[-16,15],[0,-40]],[[24610,34344],[-1,-219]],[[24609,34125],[-65,3],[-6,-16],[-21,45],[-6,71],[-18,37],[-9,63]],[[24484,34328],[0,136],[-4,81],[-10,28],[0,58],[-11,0],[-3,97],[-13,46]],[[24443,34774],[78,2]],[[21285,38086],[194,3]],[[21480,37097],[0,-176]],[[21480,36921],[-197,0]],[[21283,36921],[0,335],[2,2],[0,828]],[[20324,43196],[130,-1],[125,3]],[[20579,43198],[93,-2]],[[20672,43196],[0,-672],[-1,-541],[-31,0],[1,-164]],[[20641,41819],[-66,3],[-28,-10],[-73,5]],[[20474,41817],[-9,79],[-23,106],[-14,122],[2,95],[-12,21]],[[20418,42240],[-4,64],[-11,-9],[-1,94],[-10,142],[-31,328],[-19,98],[-3,59],[-14,68],[-1,112]],[[28802,40013],[27,-11],[25,42],[7,76],[10,22]],[[28871,40142],[21,-98],[10,-109],[3,-94],[-5,-56],[2,-202],[16,-78],[9,-147]],[[28813,39141],[-7,585]],[[28803,39919],[-1,94]],[[27048,17062],[21,7],[117,-3]],[[27185,16572],[-138,2]],[[27047,16574],[0,201],[-8,19],[0,64],[8,16],[-4,50],[-12,-6],[-5,-53],[-11,-18],[8,-238],[-12,-37]],[[27011,16572],[-23,37]],[[26988,16609],[-5,71],[-24,222]],[[26959,16902],[34,-2],[1,164],[54,-2]],[[26278,25425],[7,2],[2,-123],[42,-4]],[[26329,25300],[-1,-327]],[[26328,24973],[-12,-14],[-65,8],[-1,-343]],[[26250,24624],[-29,5]],[[26541,35130],[19,114],[8,103],[12,11],[15,85],[28,93],[5,52],[-7,45]],[[26621,35633],[22,-32]],[[26643,35601],[6,-81]],[[26649,35520],[2,-86],[-8,-79],[7,-45],[-4,-93],[11,-68],[0,-61]],[[26657,35088],[-19,3],[-33,-79],[-8,-43]],[[26597,34969],[-4,-34],[-67,8]],[[26526,34943],[-7,110],[22,77]],[[21680,41986],[-5,0]],[[19925,34255],[89,-9],[117,3],[0,-407],[177,5],[0,-66]],[[20308,33387],[0,-844],[1,-167]],[[20309,32376],[-98,5],[-12,-28],[-5,28],[-150,3]],[[20044,32384],[-12,161],[-19,0]],[[20013,32545],[0,1297],[-89,3]],[[19924,33845],[1,410]],[[20376,35707],[80,1]],[[20456,35708],[138,-1]],[[20594,35707],[-4,-61],[10,-89],[-8,-127],[-2,-106],[2,-125],[-23,-2],[-4,-46],[-11,-18],[4,-97],[-7,-53],[7,-88],[-7,-18],[16,-112],[-10,-74],[8,-89],[-4,-268]],[[20561,34334],[-19,-47],[3,-85],[-7,-40],[1,-71],[-19,-177],[-12,-45]],[[20508,33869],[-57,163],[-34,242],[-54,123],[4,56],[22,55],[5,202],[-4,211],[-7,236],[-1,207],[3,139],[-9,204]],[[26990,32849],[-4,-47],[5,-93]],[[26991,32709],[-14,-147],[-10,-65],[-2,-164]],[[26965,32333],[-10,43],[-12,-84],[-7,15],[-32,-64]],[[26904,32243],[-8,117],[0,98],[-5,84],[-35,223]],[[26856,32765],[20,68],[15,-44],[46,26],[11,46],[15,-25],[-3,35],[13,32],[17,-54]],[[26714,33312],[20,27],[8,64],[21,47],[24,-29],[9,34]],[[26796,33455],[4,-100],[8,11],[5,-111],[5,-13]],[[26818,33242],[10,-119],[9,25],[13,-113],[0,-56],[-9,-124],[5,-59],[10,-31]],[[26856,32765],[-24,-196],[-12,-7],[-13,-43]],[[26807,32519],[-12,43],[-7,99],[-15,49],[-3,57],[-23,125],[-14,43]],[[26733,32935],[9,71],[-8,87],[2,55],[-7,41],[6,41],[-21,46]],[[26714,33276],[0,36]],[[28345,33853],[21,124]],[[28366,33977],[2,-27],[32,-95],[4,-137],[16,15],[3,-28],[18,36],[8,-28],[-2,-136],[12,14],[15,69],[12,-74],[-1,-88],[5,-6],[14,83],[-1,50],[21,-34]],[[28524,33591],[-12,-112],[-4,-105],[-9,-54]],[[28499,33320],[-38,-115],[-50,152],[-3,-13]],[[28408,33344],[-10,46],[-11,8],[-1,47],[-27,61]],[[28359,33506],[2,161],[-18,175],[2,11]],[[26500,41674],[-3,-270]],[[26497,41404],[-5,-299]],[[26492,41105],[-29,11],[0,69],[-75,-6]],[[22454,35713],[55,-1]],[[22577,34710],[-120,2]],[[22457,34712],[1,244],[-2,109],[0,542],[-2,106]],[[22339,34792],[32,0],[10,-85],[23,-29],[7,-55],[21,-45],[25,12],[0,122]],[[22577,34152],[-29,0]],[[28290,44216],[67,3],[111,14],[24,85]],[[28509,44306],[18,-346],[43,-190],[41,-53]],[[28557,43492],[-26,31]],[[28486,43462],[-15,14],[-8,-111],[-22,-5],[-24,-30]],[[28417,43330],[-6,0],[-44,281],[-21,63],[-21,116],[-1,43],[-14,39],[-16,154],[-4,71]],[[27602,30264],[74,315],[14,-8],[7,85],[12,-23],[7,41]],[[27716,30674],[7,-15]],[[27723,30659],[9,-14],[15,-111]],[[27747,30534],[-6,-105],[15,-146],[0,-185],[6,-93],[12,-44],[24,-155],[14,-29],[-3,-52]],[[27809,29725],[-12,37],[-20,-64],[-16,-16],[-38,61],[-15,-7],[-15,57],[-16,1],[-10,89],[-11,4]],[[27656,29887],[-20,2],[-8,113]],[[27628,30002],[23,77],[-3,27],[-27,85]],[[27621,30191],[-19,73]],[[26110,33035],[44,288],[3,83]],[[26157,33406],[60,12],[2,-47],[28,39],[4,-12]],[[26192,32829],[-11,-3],[-16,-190]],[[25637,34697],[32,-119],[6,-43],[20,26]],[[25695,34561],[2,-31],[-19,-219],[-7,-226],[-11,-65],[-4,-91]],[[25656,33929],[-36,8]],[[25620,33937],[5,196],[4,42],[-11,66],[9,112],[1,63],[-25,34],[-12,-4]],[[25591,34446],[2,62],[21,102],[15,15],[8,72]],[[22778,29035],[122,-25]],[[22900,29010],[31,-21]],[[22931,28989],[-2,-674],[-1,-107]],[[22928,28208],[-52,3]],[[22876,28211],[-102,5]],[[22774,28216],[4,819]],[[23257,28156],[99,5]],[[23356,28161],[38,-2],[6,97]],[[23399,27426],[-8,-53],[-20,68],[-25,58],[-35,-7],[-35,153]],[[23276,27645],[-11,63]],[[23236,25431],[26,44],[-2,27],[106,95]],[[23366,25597],[5,-34],[23,11],[9,-33],[-1,-44],[13,-53],[-4,-48],[13,-26],[17,-85]],[[23441,25285],[13,-74]],[[23454,25211],[-133,-614]],[[23321,24597],[-51,-239]],[[23229,24665],[-3,77],[13,53],[-5,34],[6,167],[15,46],[2,132],[-8,15],[-5,149],[-10,7],[2,86]],[[29449,48447],[17,9]],[[29470,48353],[-12,-122],[-7,-183],[10,-42],[7,106],[19,5],[2,-90],[13,-47],[-2,-448]],[[29500,47532],[-5,-695]],[[29495,46837],[-30,0],[-14,28],[-5,-26],[-52,-6]],[[29394,46833],[16,217],[1,109],[-4,37],[2,151],[-5,100],[2,69]],[[29406,47516],[-12,358],[8,131],[9,27],[22,132],[16,283]],[[29078,43034],[11,19],[5,-40],[17,44],[3,72],[39,233]],[[29153,43362],[0,-88],[15,28],[16,-78],[26,-26],[7,-190]],[[29217,43008],[-17,16],[4,-78],[-4,-86],[-9,-41],[-2,-105]],[[29189,42714],[-25,-124]],[[29164,42590],[-17,-46],[3,91],[-12,113],[-47,-72]],[[29091,42676],[-28,43],[-18,85]],[[29045,42804],[11,29],[22,201]],[[26860,44331],[15,20],[-2,-52],[-13,32]],[[26799,44058],[37,50],[20,-15],[14,33]],[[26870,44126],[22,-124],[33,-87],[11,8],[31,79]],[[26967,44002],[1,-269]],[[26968,43733],[-88,4],[-51,6]],[[26829,43743],[-1,264],[-30,-2],[1,53]],[[28879,42113],[21,130],[21,92]],[[28921,42335],[38,133]],[[28959,42468],[2,-32]],[[28961,42436],[8,-51],[17,8],[10,-60],[-2,-153],[4,-72],[25,-30],[7,-110]],[[29030,41968],[21,-87],[7,-83],[20,-66],[13,-121]],[[29091,41611],[-16,-56],[-10,13],[-12,-82],[-32,-64]],[[29021,41422],[3,128],[-14,37]],[[29010,41587],[-131,526]],[[21990,19242],[27,2]],[[22017,19244],[201,13]],[[22384,17665],[0,-160],[-44,1]],[[22340,17506],[-105,8],[-11,85],[-23,-101]],[[22201,17498],[-12,13],[1,59],[-12,18],[9,48],[5,139],[-3,49],[5,74],[-14,39],[5,122],[-12,93],[-7,-22],[-7,74],[-9,-29],[-9,63],[-10,-10],[-18,145],[-9,17],[-3,61],[-8,-14],[-10,61],[0,80],[-7,42],[3,66],[-13,77],[2,76],[-17,26],[-7,130],[-10,37],[-8,112],[-22,45],[-14,53]],[[22911,44590],[0,-535]],[[18334,30101],[164,0],[131,-220],[9,43],[0,66],[23,145],[-1,56],[122,-90],[64,0]],[[18973,29103],[-150,-2],[-1,-487],[-140,-1],[-18,93],[-12,21],[-3,85],[0,-1505]],[[18649,27307],[-103,-1],[-212,-2]],[[27610,35331],[6,-24],[5,91],[55,-72],[11,11],[34,109]],[[27721,35446],[-20,-588]],[[27701,34858],[-88,2]],[[27613,34860],[-7,0]],[[27606,34860],[1,119],[-3,107],[-9,114],[0,103],[15,28]],[[27648,35125],[12,-64],[8,-7],[-2,108],[-11,18],[-7,-55]],[[25931,29807],[20,42],[7,93],[19,-16],[0,69],[15,26],[30,-40],[0,62]],[[26022,30043],[59,-24],[-1,-27]],[[26080,29992],[0,-98],[-20,2],[-9,-26],[0,-55],[14,-1],[0,-82],[-15,-55],[0,-233],[-5,-40],[-19,-26],[-5,-108],[-15,2]],[[26006,29272],[1,54],[-56,2],[-8,32],[-1,81],[-6,49],[-27,12]],[[25909,29502],[3,69],[25,88],[-6,148]],[[15738,57327],[0,64],[20,-66],[-17,-42],[-3,44]],[[15783,57507],[212,-3],[229,-5],[0,30],[43,0]],[[16267,57529],[-10,-59],[8,-79],[11,24],[9,-38],[-4,-82]],[[16281,57295],[-17,-44],[-15,21],[-11,53],[-13,-45],[-13,11],[0,-56],[-24,-8],[-7,-66],[7,-53],[-8,-75],[6,-52],[-8,-87],[20,-40]],[[16198,56854],[-177,5],[-61,-3],[-146,1]],[[15814,56857],[-8,53],[-28,73],[-13,77],[1,63],[-29,-54],[-7,54],[4,72],[-13,-27],[3,62],[28,45],[18,-103],[19,12],[-10,173],[17,10],[5,55],[-18,85]],[[15713,57393],[8,46],[12,-75],[-15,-53],[-5,82]],[[24196,53338],[0,462]],[[24274,53880],[20,-50],[34,18],[75,124]],[[24403,53972],[0,-1121]],[[24403,52851],[-139,0]],[[24264,52851],[-68,0]],[[24196,52851],[0,487]],[[24285,29548],[0,164]],[[24401,29696],[30,-5],[-1,-406]],[[24430,29285],[-1,-327]],[[24429,28958],[-148,18]],[[26409,29442],[19,0]],[[26408,28891],[-9,-2]],[[26399,28889],[-4,158],[5,50],[-11,57],[-5,107],[-5,1]],[[26379,29262],[0,183],[30,-3]],[[27158,25496],[27,70],[20,230]],[[27205,25796],[17,-109],[15,26],[33,-8],[19,-98],[-1,-57]],[[27288,25550],[-18,-37],[0,-35],[17,16],[6,-39],[-23,-210],[-6,-146],[3,-60]],[[27267,25039],[-31,42],[-15,-6],[-32,120],[-20,140]],[[27169,25335],[3,30],[-13,78],[-1,53]],[[20324,39563],[6,-122],[17,-6],[-1,-89],[23,5],[18,-69],[-3,-43],[14,-20],[-5,-37],[10,-85],[-10,-72],[-1,-97],[-6,-43]],[[20386,38885],[12,-26],[3,-93],[10,-47],[-7,-107],[-1,-79],[-8,-5],[-21,-106]],[[20374,38422],[-13,19],[-8,-64],[-44,2]],[[20309,38379],[-19,135],[-7,4],[-2,132],[-10,132],[-13,24],[-7,87],[10,51],[3,195],[6,-8],[16,108],[0,53],[-21,0],[-5,32],[-12,-34],[-18,93],[-7,73],[-13,-2]],[[20210,39454],[6,113]],[[25405,38653],[3,-78],[-3,-73],[1,-133],[-7,-32],[7,-206],[-11,-58]],[[25395,38073],[-45,-6]],[[24255,46273],[132,3]],[[24260,45629],[0,319],[-5,0],[0,325]],[[25411,36613],[35,181],[20,117]],[[25533,36927],[3,-87],[24,-22],[6,-36]],[[25566,36782],[-34,-156],[-26,-45],[-62,-209]],[[25444,36372],[4,53]],[[25448,36425],[-17,2],[5,69],[-17,-35],[-7,21],[-1,131]],[[24111,24293],[25,0],[8,42],[0,63],[28,90],[14,-69],[14,3]],[[24200,24422],[0,-53],[11,-82],[1,-84],[7,2]],[[24219,24205],[1,-121],[10,-30],[0,-177],[-8,-32],[-3,-166],[-14,0],[0,-55],[-44,0],[-11,-19],[-2,-61],[-8,-29]],[[24140,23515],[-38,2]],[[24102,23517],[0,13]],[[26596,29347],[48,413]],[[26644,29760],[13,-81],[4,-97],[11,-45]],[[26672,29537],[12,-109],[4,-81],[22,-117],[-3,-95]],[[26707,29135],[-70,-91]],[[26637,29044],[-42,172]],[[26397,27134],[9,25],[-1,-56],[12,0],[-1,-46],[20,-2]],[[26456,26790],[0,-134],[-69,15]],[[26387,26671],[0,122],[5,0],[0,122],[6,0],[-1,219]],[[28433,38907],[11,-167],[8,60],[14,24],[29,-5],[32,-77],[2,-106],[18,-47]],[[28547,38589],[1,-67]],[[28548,38522],[-28,17],[-21,-207],[-7,-29],[7,-47]],[[28499,38256],[-6,-48],[10,-109],[-8,-8],[-17,45],[-1,51],[-13,50],[-12,183],[-20,-70],[-33,-90],[-12,43],[-7,185],[11,132],[15,91],[15,24],[0,41]],[[17499,54306],[140,-1],[242,-2]],[[17881,54303],[10,-29],[-7,-108],[16,-104],[8,19],[9,-59],[12,-7],[6,-154],[25,77]],[[17960,53938],[15,-56],[-4,-90],[12,-49]],[[17544,53253],[-8,77],[-31,0],[-17,102]],[[17488,53432],[0,62],[-23,-19],[-1,259]],[[28558,33292],[64,-14]],[[28723,33218],[9,7]],[[28772,33067],[-14,-82],[-7,-8],[-5,-80],[-7,-18],[-7,-114],[-13,-24],[-3,-74],[-17,-40],[-3,-39],[-26,40],[-29,-6],[-26,29],[-5,40],[-10,-22],[-15,72],[-13,185],[31,5],[2,82]],[[28605,33013],[-20,51],[-17,98],[0,64],[-10,66]],[[28805,32320],[-54,-150],[-15,-69],[4,97],[8,0],[47,138],[9,11]],[[24064,50427],[109,2],[67,-10]],[[24240,50419],[0,-323]],[[24240,50096],[0,-272],[-50,3]],[[24190,49827],[-13,34],[-21,-13],[-23,44],[-6,-16],[-7,64],[-16,32],[1,39],[-31,140]],[[24074,50151],[-20,59]],[[24054,50210],[-1,42],[12,128],[-1,47]],[[25373,35114],[61,-28],[-1,-56],[44,6]],[[25477,35036],[15,2]],[[25492,35038],[4,-177],[10,-329]],[[25506,34532],[-35,1],[-19,-64],[-30,2],[-24,35]],[[25398,34506],[-3,13]],[[25395,34519],[-20,156],[2,99]],[[25377,34774],[6,103],[-10,237]],[[27999,37088],[9,43],[32,13],[1,63]],[[28111,37007],[-2,-103],[-60,-553]],[[28049,36351],[-13,-19],[-23,129]],[[27948,36750],[4,92],[-3,56],[10,19],[19,-13],[0,50],[22,40],[-1,94]],[[20356,47868],[16,2]],[[20634,47876],[50,2]],[[20684,47878],[0,-1332],[2,-9],[0,-325]],[[20577,45879],[-14,0],[-8,-103],[1,-107],[-5,-55],[-42,-1],[-24,28],[0,137],[11,0],[5,100],[-144,5]],[[20357,45883],[-1,0]],[[20356,45883],[0,644],[1,172],[0,1129],[-1,40]],[[27988,36181],[-3,-84],[14,-17],[2,-47],[12,-48],[13,13],[12,-82],[17,-52]],[[28041,35512],[-43,-361]],[[27998,35151],[-12,75],[7,48],[-6,113],[6,42],[-16,111],[-8,25],[7,34],[-4,119],[-15,-85],[-6,53],[-23,-13],[-2,84]],[[27926,35757],[23,342]],[[26976,31008],[22,95],[0,101],[25,367]],[[27023,31571],[9,-68],[8,-8],[4,-76],[15,-65],[18,-37],[11,-76],[14,-53],[3,27]],[[27105,31215],[15,-38],[27,-29],[16,-48]],[[27163,31100],[-16,-152],[-6,-4],[-16,-158],[-16,-42],[-16,-82],[-2,-69],[-12,-111]],[[27079,30482],[-9,65],[-8,6],[-21,109],[-11,7],[-13,51],[-3,52],[-19,96]],[[26995,30868],[-19,114],[0,26]],[[30022,45043],[5,2],[79,206]],[[30106,45251],[9,-248],[14,-62],[7,-129],[-18,-84],[3,-70],[29,24],[10,-58],[12,-246]],[[30172,44378],[8,-71],[-13,-1],[-3,69],[-7,-47],[-10,8],[-4,-48],[4,-69],[-28,-84],[-14,19],[-10,-22]],[[30095,44132],[-3,304],[-18,29]],[[30074,44465],[-8,66]],[[30040,44653],[-8,98],[2,130],[-12,-10],[0,172]],[[26038,37086],[14,-72],[11,0],[-2,-102],[7,-1],[-9,-90],[0,-79],[12,-48],[3,58],[9,1]],[[26098,36586],[-9,34],[-8,-55],[-16,29]],[[26065,36594],[-14,3],[-6,-91]],[[26045,36506],[-66,34]],[[25979,36540],[5,194],[15,58],[5,87],[19,61],[15,146]],[[24566,38612],[12,-26],[44,127],[9,71]],[[24631,38784],[-1,-323]],[[24630,38461],[0,-97],[-12,-395]],[[25235,35863],[21,-21]],[[25277,36507],[15,-33]],[[25292,36474],[17,-49],[1,-82],[21,-117],[6,-109],[-6,-60],[7,-66]],[[25325,35681],[-19,129],[-15,25],[-20,-30],[-13,-47]],[[25258,35758],[-9,5],[-14,100]],[[25656,35829],[31,16]],[[25687,35845],[28,-26],[47,-104]],[[25762,35715],[17,-219]],[[25779,35496],[-12,-13],[-10,-67],[-17,-211],[-3,-146]],[[25737,35059],[-83,-11]],[[16037,37763],[1,66],[11,42],[2,78],[16,124],[17,-53],[18,-6],[22,45],[12,-15],[55,105]],[[16191,38149],[8,-140]],[[16199,38009],[16,-257],[4,-20]],[[16219,37732],[1,-636],[-17,35],[-23,-22],[-24,-47],[-8,-60],[-10,0],[-71,-385]],[[16067,36617],[-9,83],[-15,31],[0,513]],[[16043,37244],[6,62],[-12,21],[6,159],[-6,57],[6,75],[-8,36],[2,109]],[[24256,48529],[97,0]],[[24353,48529],[0,-648]],[[24353,47881],[-97,0]],[[24256,47881],[-103,-2]],[[24153,47879],[0,625]],[[26096,31942],[13,43],[5,65],[8,6],[5,80],[-8,63],[1,50]],[[26243,32511],[-22,-259],[8,-138],[1,-76],[9,-37],[-5,-51]],[[26234,31950],[-80,-5]],[[26154,31945],[-27,-3]],[[23610,45463],[0,495],[-13,0],[0,159]],[[23597,46117],[0,163]],[[24536,43825],[178,-13]],[[24616,43330],[-45,1]],[[24571,43331],[0,5]],[[15887,36588],[8,-29],[14,26]],[[15909,36585],[32,-18],[19,55],[107,-4]],[[16067,36618],[0,-111],[6,-58],[10,-4],[-3,-58],[5,-90],[-13,-63],[-1,-51],[9,-52],[7,-135],[12,64],[8,-33],[13,32],[15,-92]],[[16135,35967],[-5,-85],[10,-53],[-10,-66],[0,-79],[8,-41]],[[16138,35643],[-56,0],[-11,49],[-9,-8],[-7,-70],[-19,-87]],[[16036,35527],[0,37],[-18,25],[-5,60],[-8,6],[-18,153],[-18,71],[-45,104],[-12,45],[-5,63],[-16,63],[-14,96]],[[15877,36250],[-14,140],[4,129],[7,46],[13,23]],[[24255,47342],[1,539]],[[24353,47881],[33,-2]],[[24386,47879],[2,-296],[0,-487]],[[24388,47096],[-133,2]],[[27487,30418],[13,101],[0,119],[23,31],[-3,69],[21,45]],[[27541,30783],[12,-74],[11,27],[6,55],[5,-116],[8,-42],[7,-162],[-13,-67],[7,-62],[18,-78]],[[27621,30191],[-7,-74],[-13,-1],[-30,-105],[-2,100],[-18,-24],[-5,80],[-7,8],[-8,77],[-23,2],[-21,58],[0,106]],[[24880,46595],[0,-577]],[[24880,46018],[-25,1]],[[24855,46019],[-139,2]],[[24716,46021],[0,572]],[[29287,42603],[13,53],[3,52]],[[29303,42708],[9,-15],[10,-87],[7,25],[10,-166],[-6,-39],[-19,-33]],[[29314,42393],[-25,11],[3,40],[-11,40],[6,119]],[[24027,32291],[13,8],[1,540]],[[24144,32662],[-1,-164],[-9,-45],[-3,-114],[8,-39],[-7,-112],[-9,-3]],[[24123,32185],[-13,-58],[-13,-10],[8,42],[-7,21],[-9,-63],[-9,-9],[-92,9]],[[23988,32117],[0,61],[16,13],[17,97],[6,3]],[[26063,28431],[0,-709]],[[26063,27722],[-5,-27],[-19,-2],[-5,-29],[0,-189]],[[26034,27475],[-5,-28],[-23,0],[0,-164],[-25,-1]],[[25981,27282],[-2,228],[2,61],[-6,53],[8,146],[-36,2]],[[25947,27772],[0,627]],[[27109,35583],[16,55]],[[27125,35638],[20,35],[9,-80],[28,103],[28,54],[-1,-59],[12,43]],[[27221,35734],[16,-108]],[[27237,35626],[14,-96],[16,-204],[2,-53]],[[27269,35273],[-34,-44],[-15,-43],[-29,-29],[3,-47],[-20,-72]],[[27174,35038],[-4,-8],[-22,291],[-39,262]],[[28501,39652],[15,48],[11,92],[14,67]],[[28541,39859],[22,44]],[[28563,39903],[10,-55],[14,-3]],[[28587,39845],[2,-53],[27,-87],[2,-108],[-5,-40],[13,-77],[-23,-73],[7,-59],[-3,-64],[-9,6],[-7,-88],[8,-45],[-5,-66],[-14,-66],[8,-103]],[[28588,38922],[-26,24],[0,77],[-18,-35]],[[28544,38988],[-8,54],[1,62],[12,176],[-6,34],[-2,114],[-15,95],[-23,63],[-2,66]],[[26010,46510],[0,268],[-2,223],[0,327]],[[26008,47328],[0,164]],[[25329,54803],[-20,0],[0,161],[-60,0]],[[25249,54964],[15,101],[20,83],[58,137],[56,40],[50,-11],[23,-63],[1,-72],[-11,8],[-17,-39],[-19,21],[-21,-16],[5,-75],[-32,-92],[-30,-153],[-18,-30]],[[25043,56068],[21,111],[95,227],[7,-4],[43,158],[31,67],[6,-17],[28,46],[-1,-45],[-12,-25],[-30,-129],[0,-48],[-25,-89],[-51,-85],[-42,-106],[2,-32],[23,0],[-59,-117],[-18,4],[-18,84]],[[26509,38698],[24,327]],[[26533,39025],[16,-40],[2,-50],[16,-47],[5,-80],[17,-24]],[[26589,38784],[16,-5]],[[26605,38779],[6,-48],[-5,-161]],[[26606,38570],[-60,-129],[-20,68]],[[23085,53737],[-140,-2]],[[22943,53742],[-2,59],[5,110],[-6,180],[5,27],[6,188],[-6,-16],[-11,80],[1,275],[-3,65]],[[27379,27595],[12,82]],[[27391,27677],[17,-55],[7,13],[20,-27],[2,-103],[11,-58],[19,-29],[13,-128],[8,-23]],[[27488,27267],[-1,-71],[14,-107],[-7,-119],[-32,-100],[-19,-32],[-2,66],[-19,64],[-11,-35],[-2,-50],[12,-24],[13,-93],[-18,-129],[-23,-74],[-8,10],[-9,-63]],[[27376,26510],[-9,-2],[3,58],[-7,52],[-10,-23],[4,77],[-14,50],[-5,93],[7,45],[-4,73],[20,-13],[3,98],[13,-11],[10,72],[-2,50],[8,140],[-8,82],[4,119],[-10,125]],[[25342,33501],[1,55]],[[25343,33556],[41,-11],[0,-55],[16,10]],[[25400,33500],[-5,-102],[-12,-82],[4,-107],[-5,-82],[17,-179],[-4,-72],[-15,-71],[10,-40]],[[25390,32765],[8,-53],[-13,-5]],[[25385,32707],[-11,47],[-17,-63],[-20,-8],[-12,82]],[[27767,40808],[23,0]],[[27790,40808],[130,3]],[[27882,40343],[-9,0],[-13,-121],[-31,-96],[-5,-51]],[[27824,40075],[-5,-57],[-12,2],[-33,-166],[-10,-11]],[[27764,39843],[3,965]],[[22585,47259],[-9,-151],[-1,-163],[5,-51],[-8,-119],[2,-76],[-10,-58]],[[22564,46641],[-6,-3],[-24,71],[-14,14]],[[22520,46723],[-10,39],[-34,83],[-9,95]],[[24962,34474],[10,69],[-10,95],[7,103],[-6,35]],[[24963,34776],[15,-2]],[[24978,34774],[-2,-49],[13,-12],[8,65]],[[24997,34778],[20,8]],[[25017,34786],[2,-49],[-8,-80],[2,-47],[-12,-107],[0,-71],[-11,-146],[-11,-44]],[[24979,34242],[-1,-46],[-40,-5]],[[24938,34191],[-21,93],[3,34],[30,-26],[15,24],[-1,44],[-21,62],[0,60],[19,-8]],[[28678,43106],[50,-88],[8,21]],[[28736,43039],[31,-182],[36,-151]],[[28803,42706],[-37,-109]],[[28766,42597],[-27,-66],[-7,-121],[-8,10],[-55,-116],[-36,-21],[-20,-25]],[[28613,42258],[-27,110]],[[28586,42368],[-46,193]],[[29609,45143],[14,-3],[-1,-72],[14,9],[3,63],[42,-10],[27,7],[85,-7]],[[29806,44611],[-11,-48],[-15,0],[-4,-95],[-19,-63],[3,-46],[-17,-57],[-23,-9]],[[29720,44293],[-11,119],[-58,-37],[0,-44],[-11,-46]],[[29640,44285],[-24,-20],[-4,-41]],[[29612,44224],[-9,32],[-17,-13],[4,93],[-2,71],[16,9],[-4,139]],[[29600,44555],[-7,156],[-7,-2],[-2,79],[4,88],[7,3],[14,264]],[[29520,43934],[8,-29],[-14,-144],[16,-82],[17,-2]],[[29547,43677],[-10,-145],[4,-16]],[[29541,43516],[-6,-40],[-13,35],[-16,-41],[-8,-50],[-10,14]],[[29488,43434],[-11,130],[4,52],[-12,100],[17,41],[-5,47],[39,130]],[[29482,44146],[19,13],[-4,171],[1,114],[34,16],[20,64],[48,31]],[[29612,44224],[2,-82],[-11,-103],[-32,43],[-7,-21],[-6,-120],[2,-153],[-13,-69],[0,-42]],[[29520,43934],[-7,53],[-24,50],[-9,71],[2,38]],[[27802,32942],[18,71],[3,-45],[9,70],[11,10],[24,101],[18,-61],[8,-88],[15,-50]],[[27908,32950],[-59,-402]],[[27849,32548],[-25,84],[-5,90],[-20,144],[3,76]],[[27926,33598],[21,-2],[8,111],[12,-16],[12,80],[4,95],[-15,37],[1,74]],[[27969,33977],[19,7],[38,-99]],[[28107,33504],[-46,-173],[-15,-45],[-65,-341]],[[27981,32945],[-58,121]],[[27923,33066],[-22,49],[13,229],[12,254]],[[23466,47879],[-132,0]],[[26664,37650],[23,58],[4,44],[21,51]],[[26712,37803],[-1,-106],[9,-13],[9,-71],[18,-19],[32,6]],[[26784,37324],[-8,50],[-7,-31],[-20,47],[5,-58],[-27,-84],[-4,-53],[-13,-40],[8,-46],[-6,-60]],[[26712,37049],[-5,45],[-15,40],[0,39],[-14,66],[-13,9],[-18,81]],[[26699,33649],[3,11],[6,198],[4,-19],[8,164]],[[26720,34003],[-3,72],[8,50],[11,-42],[-2,92],[5,8]],[[26739,34183],[-2,-47],[20,-66],[57,-329]],[[26814,33741],[-4,-34],[3,-101],[-13,-90],[-4,-61]],[[26714,33312],[-6,-4],[1,105],[-4,48],[7,52],[-9,59],[-4,77]],[[27509,27966],[28,-12],[43,-61],[-10,51],[2,37],[16,50],[6,-11],[5,72],[-19,111],[-5,51],[4,16]],[[27579,28270],[14,-59],[12,18],[13,-185],[17,19],[-4,-37],[10,-125],[9,12],[-1,47],[11,29],[6,88],[19,44],[2,88],[10,58],[26,204],[20,50],[8,-21],[16,121],[8,9]],[[27775,28630],[27,-112],[17,-13],[4,-51]],[[27823,28454],[-15,-55],[-10,-148],[-28,2],[-16,43],[-16,-53],[-10,-101],[10,-84],[-32,-104],[-9,-87],[-34,-95],[-10,61],[-11,-11],[-1,-52],[17,-35],[-5,-95],[-25,-83],[-9,-55],[-28,-27],[-17,-68],[-24,-51]],[[27550,27356],[-25,-66]],[[27525,27290],[-2,5]],[[27523,27295],[-18,86],[8,49],[0,75],[-9,-14],[4,90],[-7,130],[-6,34],[12,131],[2,90]],[[27401,28569],[80,288],[5,-103],[16,-42],[18,0]],[[27520,28712],[9,-111],[10,-37],[-12,-61],[52,-233]],[[27509,27966],[5,52],[-9,167],[8,109],[-24,57],[-16,9],[-13,-22],[-12,16],[-14,71],[-11,98],[-22,46]],[[24935,33668],[1,33],[34,9],[7,37],[23,-3],[18,-122]],[[25018,33622],[-4,-119]],[[24974,33059],[-12,55],[-17,27],[-5,53],[-14,-26],[-15,17],[-19,-23],[-24,-109],[-8,-74]],[[24860,32979],[-13,85],[3,34],[25,66],[0,59],[-14,-30],[-14,72],[0,66],[13,61],[22,-27],[9,25],[0,58],[10,42],[12,-10],[7,57],[-19,40],[-1,61],[13,35],[12,-59],[10,54]],[[26344,33178],[17,61],[8,74],[22,113],[7,-15],[4,102],[9,17],[4,113],[13,-32],[5,40]],[[26433,33651],[27,-171]],[[26460,33480],[-3,-69],[7,-21],[-5,-83],[11,-97],[-6,-62],[-10,-33]],[[26454,33115],[-18,15],[-18,79],[-10,9],[-12,-46],[-7,58],[-28,-37],[-1,-52]],[[8746,81424],[150,0],[0,83],[73,0],[0,648],[-5,0],[0,650],[-5,0],[0,162],[155,0],[-4,486],[0,649],[-3,188],[-13,0],[0,396]],[[10624,82318],[2,-1561],[-1,-1269]],[[10625,79488],[-59,0],[0,82],[-161,0],[0,161],[-48,0]],[[28548,38522],[5,-68],[12,-67],[22,-57],[17,-136]],[[28604,38194],[5,-58],[14,34],[8,-23],[-7,-75],[4,-78],[18,-148],[-5,-35],[5,-156],[-9,31],[-11,93],[-8,6],[-5,103],[-8,-14],[-2,-92],[-7,61],[-8,-5],[-5,78],[-12,72],[-23,37],[-35,6],[-1,81],[-13,144]],[[29907,44146],[-1,-165],[-12,-13],[3,-127],[-8,-42]],[[29889,43799],[-7,31],[-17,3],[-21,-39],[-18,5],[-13,-38],[-16,45],[-6,-60],[-10,15]],[[29781,43761],[-8,106],[0,157],[-8,-14],[-5,191],[-30,-19],[-10,111]],[[27029,42581],[132,-2]],[[27145,42161],[-132,23]],[[27013,42184],[1,218],[-12,-9]],[[27002,42393],[0,184],[27,4]],[[22050,30521],[62,-244],[7,14],[21,-24],[14,14],[21,-75],[4,34],[12,-17],[4,39]],[[22195,30262],[0,-471]],[[22035,29794],[1,738],[10,23],[4,-34]],[[24031,30392],[58,-11]],[[24184,30212],[-38,-3],[-1,-159],[6,0],[15,-111],[1,-50],[16,-95],[2,-75]],[[24185,29719],[-70,13]],[[24115,29732],[-86,14]],[[24029,29746],[5,66],[-9,35],[4,73],[-12,67],[-4,89],[16,-5],[2,321]],[[28261,38263],[16,32],[8,-19]],[[28354,38049],[-67,-429],[-9,-50]],[[28278,37570],[-13,32]],[[28265,37602],[-25,95],[-2,32],[-17,42],[-28,40]],[[28193,37811],[13,72],[18,137],[31,175],[6,68]],[[30063,47477],[-3,-19]],[[30060,47458],[-40,-437],[-1,-60]],[[30019,46961],[-15,20],[-20,91],[-34,-27],[-8,183],[-52,-69],[-16,172],[-27,-35]],[[29847,47296],[-15,125],[-7,125],[11,102],[-1,120],[12,0],[21,164]],[[15497,45074],[47,-3],[33,8]],[[15577,45079],[23,11],[28,-13],[115,3],[37,8],[59,-1]],[[16074,45066],[-3,-88],[0,-325],[2,0],[0,-648],[1,-461]],[[16074,43544],[-293,-2]],[[15781,43542],[-6,51],[2,139],[9,67],[-26,90],[-5,-79],[-10,12],[-10,-76],[-14,-30],[-3,-50],[-15,-34],[-7,-51],[-23,3],[-14,-52],[-11,-122],[2,-56],[12,-19],[8,-81],[-6,-64],[-13,34],[-20,-15],[-5,79],[-24,61],[-28,-6],[-9,88],[-23,76],[-7,-23],[-8,53]],[[15527,43537],[-8,89],[-10,260],[-7,31],[-45,-2]],[[15457,43915],[13,121],[-11,173],[-11,35],[3,65],[-10,5],[9,93],[7,153],[-12,173],[15,79],[2,50],[11,-8],[11,38],[13,182]],[[25276,47307],[-33,3]],[[25111,47313],[0,163]],[[25111,47476],[1,162],[0,490]],[[22612,52437],[209,0]],[[22821,52437],[0,-706]],[[23960,52052],[83,0]],[[24043,52052],[-6,-14],[-6,-146]],[[24031,51892],[0,-123],[21,-33],[10,14],[14,-51],[-1,-50],[23,-137],[-1,-80],[-15,-76],[1,-46],[-13,-71]],[[24070,51239],[-76,3]],[[23994,51242],[0,214]],[[22906,47099],[33,0]],[[22939,46389],[-28,56],[-12,-27],[-8,77],[-11,2]],[[22880,46497],[-32,19],[-8,53]],[[27209,31640],[104,-3],[58,1]],[[27371,31638],[6,-61],[4,-174],[-10,-112],[6,-172]],[[27377,31119],[-152,53]],[[27225,31172],[2,116],[-8,37],[-5,135],[-6,35],[8,31],[-7,114]],[[26714,34385],[7,-1],[13,90],[7,-7],[21,-170]],[[26762,34297],[-16,-101],[-7,-13]],[[26720,34003],[-13,90],[-31,42],[-19,0],[-2,37]],[[26655,34172],[5,80],[34,148],[12,-66],[8,51]],[[20919,49884],[34,14],[13,37],[15,-17],[4,28],[70,-1]],[[21055,49945],[0,-352],[-2,-299],[34,1],[0,-217]],[[21087,49078],[-168,0]],[[20919,49078],[0,74]],[[20919,49152],[0,732]],[[28771,41586],[49,196]],[[28820,41782],[23,-36],[5,28],[10,-53],[11,-116],[18,-111],[11,5],[7,-55],[9,8]],[[28914,41452],[-16,-45],[3,-27],[-13,-63],[5,-16],[-25,-75],[-6,-65],[-14,-67],[0,-69]],[[28848,41025],[-19,-29],[-15,-55],[-20,-132]],[[28794,40809],[-87,0]],[[28707,40809],[32,283],[-2,148],[17,178],[-2,111],[19,57]],[[27723,30659],[51,605]],[[27774,31264],[24,-131],[33,-197],[49,-274]],[[27880,30662],[-16,-85]],[[27864,30577],[-13,63],[-11,-60],[-25,26],[-21,58],[-25,-19],[-22,-111]],[[24948,37998],[-30,0]],[[24918,37998],[-1,366]],[[26277,44622],[-104,0]],[[26173,44622],[-26,0]],[[26147,44622],[-1,584]],[[28773,38033],[18,30],[9,57],[20,-37],[9,62],[14,-37]],[[28843,38108],[2,-56],[15,-114],[-7,-82],[10,-101],[-33,-90],[10,-89]],[[28840,37576],[-6,-88],[-7,6]],[[28827,37494],[-12,49],[-19,-7],[-22,-103],[-9,-1],[-1,107],[7,113],[16,30],[-8,41],[-8,-26],[2,79],[8,24],[1,58],[-19,-7],[-13,-48],[-3,40],[5,93],[26,45],[-5,52]],[[28737,37499],[-14,0]],[[28723,37499],[0,143],[10,18],[8,-64],[-4,-97]],[[28722,37813],[5,50]],[[28727,37863],[7,-132],[-15,35],[3,47]],[[25576,33207],[30,122],[5,237]],[[25611,33566],[77,-168],[44,-103]],[[25682,32754],[-16,-3],[-31,75],[-9,-38],[-13,-4]],[[25613,32784],[-24,21]],[[23793,23371],[71,0],[0,163],[28,0],[2,-163],[69,0]],[[23963,23371],[0,-44],[28,0],[0,-223],[9,1],[0,-194],[29,-2],[-4,-82],[6,-55],[-31,-1],[0,-82]],[[24000,22689],[-37,0],[0,26],[-165,0]],[[23798,22715],[6,24],[-9,30],[12,113],[-9,127],[5,64]],[[23803,23073],[-1,84],[-16,83],[2,106],[5,25]],[[24373,35507],[121,-9]],[[24524,35385],[-3,-609]],[[24443,34774],[-12,2]],[[24431,34776],[-62,3]],[[24369,34779],[-2,235],[1,264],[5,46],[0,183]],[[27818,41406],[10,88],[12,56],[8,-16],[7,97],[5,4],[11,129],[13,98]],[[27884,41862],[36,0],[12,-75],[63,-2]],[[27995,41785],[-23,-325],[-6,-24],[1,-437],[-14,-188]],[[27790,40808],[-5,25],[15,87],[-3,77],[-14,58],[9,129],[26,222]],[[24719,37666],[24,97],[9,-8],[13,71]],[[24765,37826],[13,-76]],[[24778,37750],[21,-47],[11,-86],[8,0],[17,-97],[16,11],[3,-43],[-12,-39],[10,-96]],[[24852,37353],[-17,-100],[-31,-281]],[[24804,36972],[-12,53],[-13,-56],[-30,170],[-42,222],[38,191],[-26,114]],[[23072,43556],[113,2]],[[23185,43558],[23,-30],[-11,-28]],[[23197,43500],[4,-149],[-4,-50]],[[23197,43301],[-30,-2],[-19,24],[-15,-32],[-10,-58],[-21,-43],[-8,47],[-20,48]],[[23074,43285],[-5,71],[8,61],[-5,139]],[[20932,35708],[257,8]],[[21189,35716],[24,0]],[[21109,33357],[0,485],[2,164],[-119,-2],[0,166],[-60,2],[0,80]],[[20932,34252],[0,1456]],[[28414,35925],[23,135],[13,29],[15,92]],[[28465,36181],[8,-27]],[[28473,36154],[9,-60],[12,13],[18,-21],[15,-88],[9,-5],[8,95],[7,-47],[-3,-59]],[[28548,35982],[-7,-156],[-42,-118]],[[28499,35708],[-29,-96]],[[28470,35612],[-4,104],[1,102],[-6,-10],[-47,117]],[[26512,38409],[9,-30],[9,-118],[12,3],[11,-88],[-4,-34]],[[26549,38142],[-36,-196]],[[26513,37946],[-24,80],[2,41],[-13,5],[-18,180],[-7,30]],[[26453,38282],[25,164]],[[26008,47328],[-33,1],[0,-164],[-101,0]],[[25874,47165],[-39,417],[-14,246]],[[26624,36663],[12,-162],[-3,-159]],[[26633,36342],[-1,-89],[6,-54]],[[26638,36199],[-19,64],[-16,122],[-7,-38],[-29,21]],[[26567,36368],[-10,62],[-9,124],[-9,55],[0,75]],[[26609,37260],[-21,-204]],[[26584,37056],[-15,75],[-36,5],[-17,80],[1,74],[-11,-8]],[[26506,37282],[-1,44],[11,131]],[[25779,35496],[8,-98],[51,-43],[-2,-58]],[[25836,35297],[-3,-187],[2,-48]],[[25835,35062],[-27,3],[-16,-35]],[[25792,35030],[-7,35],[-48,-6]],[[25835,35062],[57,-21]],[[25892,35041],[-6,-284]],[[25871,34495],[-5,-66],[-17,-2],[0,87],[-9,-93],[-16,51],[-17,-66],[-4,-41],[-6,80],[-8,-127],[-5,-15]],[[25784,34303],[-12,16],[-2,66],[-21,94],[-10,123]],[[25739,34602],[18,8],[11,113],[5,125],[19,182]],[[27707,31608],[16,38],[3,56],[17,103],[-6,84],[5,74],[30,91]],[[27772,32054],[29,-186],[2,-198]],[[27803,31670],[-3,-37],[7,-85],[-36,-267]],[[27771,31281],[-59,327],[-5,0]],[[26544,39920],[15,-45],[8,76],[54,215]],[[26687,39829],[-9,-267]],[[26678,39562],[-63,-68],[-17,2]],[[26598,39496],[-56,1],[2,423]],[[17373,50832],[2,52],[13,64],[12,239]],[[17548,49749],[-16,21],[-7,-86],[-17,-38]],[[17508,49646],[-30,0],[-34,88],[0,232],[-21,0],[-6,88],[0,330],[-77,5]],[[24334,56679],[23,-7],[5,-107],[-4,-50],[20,-34],[23,21],[-3,-121],[22,45],[14,-35],[19,39],[34,27],[46,182],[14,14]],[[24550,55298],[-29,-122],[-17,-111],[-55,-286],[-26,-116],[-26,-66],[-26,-141],[-11,-18],[-25,-122]],[[19922,38152],[13,-98],[7,-171],[-2,-20]],[[19940,37863],[1,-90],[15,-73],[-10,-116],[-12,-12],[6,-50]],[[19940,37522],[-20,0],[1,-84],[-16,-53],[-12,24]],[[19893,37409],[-3,90],[-13,66],[-15,8],[-14,63],[2,167],[-16,2],[-4,67]],[[25319,44556],[65,8],[0,-82]],[[25524,43759],[-136,-11],[1,-163],[-65,-8]],[[25324,43577],[-2,491]],[[25322,44068],[-3,488]],[[24585,45135],[207,-2]],[[24792,45133],[4,-45],[-7,-98],[4,-51]],[[24793,44939],[-9,-158],[1,-66],[-18,-49]],[[24767,44666],[-20,-102]],[[25395,38073],[1,-6]],[[25396,38067],[0,-50]],[[25396,38017],[3,-60],[14,-96],[-22,-117],[12,30],[-2,-61],[-19,-31],[8,-41],[-1,-97],[-15,-107],[15,-47],[-23,-5]],[[25366,37385],[-12,29],[-66,2]],[[19137,25856],[0,-219],[-2,0],[0,-527]],[[19135,25110],[-172,0],[-81,175]],[[18882,25285],[0,179],[57,0],[0,382],[79,2],[6,9],[113,-1]],[[26346,35467],[45,150],[16,22]],[[26407,35639],[3,-37],[14,12]],[[26424,35614],[-7,-103],[1,-103],[-10,-42],[1,-61],[8,-40],[1,-114],[13,-121],[12,-77]],[[26443,34953],[-9,-2]],[[26434,34951],[-79,8],[-65,15]],[[26290,34974],[29,254],[-2,29],[13,27],[3,47],[12,17],[-4,63],[5,56]],[[28160,33069],[2,22],[17,-22],[49,0]],[[28228,33069],[-1,-302],[5,-103]],[[28232,32664],[-5,-73],[-3,-286]],[[28133,32328],[0,27],[-23,40],[-17,116]],[[28093,32511],[5,51],[13,10],[7,40],[16,12],[4,73],[-3,58],[25,314]],[[28417,43283],[0,47]],[[28513,42973],[-8,18],[-32,0],[-23,-57],[-8,23],[-75,-98],[-9,-20]],[[28358,42839],[-3,76]],[[28134,37117],[18,-74],[-4,-55],[10,-42]],[[28141,36567],[-18,-52],[-10,-111]],[[28113,36404],[-16,-80],[-17,-43],[-11,5],[-20,65]],[[25248,34782],[-2,-437],[-2,-217]],[[25244,34128],[0,-67],[-34,3],[0,-100],[-11,-3]],[[25199,33961],[-20,93],[-21,21],[-15,100],[-18,87]],[[25125,34262],[2,348],[18,-30],[20,32],[-3,174]],[[27211,30244],[23,7],[-13,95],[9,88],[18,37]],[[27248,30471],[9,-47],[-2,-49],[11,-90],[28,-15],[14,-64],[6,-61],[12,-34],[12,-148],[1,-85]],[[27339,29878],[-7,-23],[-6,-226],[6,-4],[7,68],[13,-8],[11,-39],[-32,-93]],[[27331,29553],[-13,-21],[-28,-80]],[[27290,29452],[-23,75],[-27,66],[-12,5],[-14,124],[-14,29],[-17,120]],[[25614,33768],[6,169]],[[25656,33929],[4,-105],[33,118],[40,-36],[26,-82],[18,-40]],[[25777,33784],[-3,-108],[7,-133],[-2,-92],[-14,2],[-7,-151]],[[25611,33566],[3,202]],[[25384,37211],[23,-51],[12,76],[-10,109],[4,58]],[[25411,36613],[-18,50],[-5,76],[-13,-77]],[[25375,36662],[-3,43],[-17,87]],[[25355,36792],[-7,167],[11,90],[17,56],[8,106]],[[25319,44556],[0,491]],[[24505,42523],[45,-5],[33,8]],[[24581,41690],[-165,13]],[[24416,41703],[2,92]],[[23584,27097],[14,-60],[16,8],[8,-70],[87,119]],[[23709,27094],[0,-369]],[[23709,26725],[0,-381],[8,-19]],[[23578,26311],[-25,-2],[0,199],[6,150],[0,80],[15,163],[9,125],[1,71]],[[20752,46212],[168,5]],[[20920,45076],[0,-569]],[[20920,44257],[-167,0],[-1,166]],[[23866,40005],[-5,-654]],[[23861,39324],[-94,17],[-1,-54],[-77,16]],[[23689,39303],[2,424]],[[23701,35244],[1,0],[-3,-466]],[[23699,34778],[-151,1]],[[23548,34779],[0,315]],[[23548,35094],[0,185]],[[28358,42839],[0,-197],[19,-15]],[[28377,42627],[-23,-48],[-36,-109],[0,-52],[-31,-125],[-1,-45],[-39,-211]],[[28247,42037],[-2,-17],[-27,-7],[-4,50],[-12,13],[27,190],[-7,93],[19,140],[21,83],[5,113]],[[25729,37970],[-4,-116],[11,-160],[-5,-16],[3,-95],[-12,1]],[[25722,37584],[-11,-20],[-14,-84],[-20,-24]],[[25677,37456],[-19,-68],[-6,-167],[-17,-37],[-8,100],[-18,21],[-13,54]],[[25492,39753],[19,114],[-8,77]],[[25503,39944],[101,-1]],[[25604,39285],[0,-11],[-79,2],[-1,9]],[[25524,39285],[4,89],[-18,64],[1,127],[-16,88],[-3,100]],[[25903,35593],[15,238]],[[25918,35831],[11,-16],[5,213]],[[25934,36028],[41,-35],[46,40]],[[25956,35197],[-7,68],[-19,88],[4,42],[-6,48],[0,73],[-9,-20],[-19,60],[3,37]],[[24191,26224],[85,0]],[[24276,26224],[-1,-632],[1,-495]],[[24276,25097],[-5,32],[-17,-14]],[[24254,25115],[1,56],[-19,74],[-4,125],[-9,12]],[[24223,25382],[-12,45],[-10,-12],[0,76],[-12,67],[4,29],[-22,60],[10,17],[-7,137],[8,100],[-5,77]],[[26172,38880],[8,-6],[42,140]],[[26222,39014],[16,-155],[8,-34]],[[26246,38825],[-11,-46],[-28,-76]],[[26207,38703],[-26,-21]],[[26181,38682],[-12,-9],[-5,87],[-29,204]],[[26135,38964],[21,3],[16,-87]],[[21994,46940],[185,0]],[[22257,46940],[-1,-363]],[[22256,46577],[-22,-45],[-22,-14],[-6,-36],[-28,-67],[-39,25]],[[22139,46440],[-10,-8],[-40,49],[-2,30],[-29,7],[-11,30],[-14,-6],[-21,41],[-18,73]],[[21994,46656],[0,284]],[[24067,51078],[167,0]],[[24234,51078],[0,-164],[6,-1],[0,-494]],[[24064,50427],[-2,74],[6,101],[-5,32],[2,107],[-11,51],[16,95],[-6,146],[3,45]],[[19248,48829],[1,-361],[0,-655]],[[19249,47813],[-2,-162],[-80,0],[0,-162],[-65,0],[0,-105]],[[18972,47534],[0,347]],[[18972,47881],[-1,337],[0,566]],[[18971,48784],[-1,926]],[[18970,49710],[-1,351]],[[26814,32079],[32,54],[5,-32]],[[26851,32101],[4,-38],[10,20],[40,29],[-7,-27],[0,-98],[16,14],[3,-135],[11,-107],[0,-124]],[[26928,31635],[-84,-275],[-14,-92]],[[26830,31268],[-7,148],[2,44],[-12,29],[7,93],[-6,22],[-1,209],[-4,108],[-8,29],[9,40],[4,89]],[[30175,51200],[15,-480],[-12,-8],[5,-166],[9,-161],[1,-201],[43,119],[29,-315],[-11,-30],[75,-77],[0,-121],[8,-3],[4,-84]],[[30341,49673],[-10,-34],[2,-146],[-16,-289],[-3,5],[-42,-282],[1,-53]],[[30273,48874],[-8,18],[-9,-68],[-15,50],[-3,130],[6,42],[-11,89],[-55,-176],[-10,34],[3,-85],[15,-19],[22,-147],[-12,-102],[4,-39],[-16,-56],[5,-77]],[[30132,48426],[-6,922]],[[30105,51258],[21,24],[0,53],[25,-66],[-1,-61],[7,-69],[11,-24],[7,85]],[[27511,33794],[18,43],[31,2],[2,56],[17,0],[30,-30]],[[27608,33696],[-6,-777]],[[27602,32919],[-32,-3]],[[27493,33363],[3,43],[-11,127],[16,-8],[2,42],[10,-14],[-6,88],[11,-11],[-2,143],[-5,21]],[[23994,51242],[-1,-325]],[[23993,50917],[-57,2],[0,-167]],[[23936,50752],[-16,0],[2,127],[-10,75],[-32,135],[-24,57]],[[23856,51146],[1,316]],[[26640,36911],[7,-36],[10,20],[12,112],[7,18],[17,-47],[23,-9]],[[26716,36969],[21,-52],[11,-67],[12,48],[9,-72],[13,-18],[-2,-64],[20,-87]],[[26800,36657],[-23,6],[-9,37],[-20,-128],[3,-98]],[[26751,36474],[-21,17],[-5,55],[-15,-84],[-17,-37],[-14,-77],[-6,0],[-13,76],[-27,-82]],[[23717,50646],[68,-2]],[[23785,50644],[0,-162],[69,1],[0,-162]],[[23854,50321],[-13,-16],[-13,-56],[-1,-111],[-13,-21],[-20,-93],[-9,-12]],[[23785,50012],[0,63],[-33,0],[0,82],[-34,0]],[[28981,43142],[-4,38],[30,95],[16,103]],[[29023,43378],[55,-344]],[[29045,42804],[-21,-127],[-50,-170],[-13,-71]],[[28959,42468],[-1,72],[7,49],[-8,35],[9,161],[11,-8],[14,95],[-4,43],[13,32],[-19,195]],[[24738,24488],[25,1]],[[24911,24493],[0,-60],[-7,-35],[1,-73],[-7,-30],[-9,-201],[-7,-40],[4,-58],[-8,-56],[-1,-78]],[[24877,23862],[-43,2],[-70,85]],[[24764,23949],[0,44],[-13,215],[-8,96],[-5,7],[0,177]],[[19263,29310],[30,-17]],[[19293,29293],[20,-87],[10,-84],[10,16],[5,68],[13,42],[6,75],[11,-1],[6,56],[20,18],[9,56]],[[19510,27156],[-32,-1],[-312,1],[-29,3]],[[19137,27159],[0,161]],[[19137,27320],[1,8],[0,1267]],[[19263,35712],[0,-2498],[48,0],[0,-272],[-5,0],[0,-1301],[-2,0],[1,-328],[-5,-164],[5,-186],[0,-601],[-3,-24],[0,-653],[-9,2],[0,-394]],[[19054,30595],[0,5126]],[[18649,27307],[177,0],[0,-9],[114,0],[0,17],[197,5]],[[19137,27159],[1,-651],[-1,-217],[0,-435]],[[18882,25285],[-278,590],[-212,432],[-58,124]],[[21492,52941],[0,-284]],[[21492,52657],[0,-204]],[[21492,52453],[-263,1]],[[21214,52454],[0,629]],[[20068,47879],[0,-14],[116,-2],[172,5]],[[20356,45883],[-233,0],[-170,1]],[[19953,45884],[-5,0],[-1,651],[12,-1],[0,649],[-4,0],[0,645],[-5,53]],[[20684,47878],[235,8]],[[20919,47886],[0,-49]],[[27163,31100],[25,-107],[4,-59],[15,85],[18,8]],[[27225,31027],[0,-75],[15,-240],[14,-162]],[[27254,30550],[-6,-79]],[[27100,30355],[-8,21],[-13,106]],[[27449,30288],[10,1],[28,129]],[[27628,30002],[-47,-153],[-31,-114],[-4,-32],[-36,-36],[2,-98],[-12,-6],[1,50],[-13,-45],[-6,-76],[-10,-56]],[[27472,29436],[-22,127],[-2,58]],[[27448,29621],[7,82],[-10,123],[4,81],[-5,40],[6,90],[-9,63],[13,75],[-10,82],[5,31]],[[19248,45579],[161,-15],[120,2]],[[19529,45566],[186,0],[238,-5]],[[19953,45561],[0,-325],[5,0],[0,-649],[-1,-156],[-117,5],[0,-489],[3,0],[0,-743]],[[19528,43201],[-136,-3],[-129,-2]],[[26857,30498],[46,190],[73,320]],[[26995,30868],[-24,-125],[9,-127],[15,-102],[2,-106],[-8,-106],[-16,-80]],[[26973,30222],[-35,-8],[-9,40],[-13,-18],[-18,-109]],[[25767,37292],[16,46],[2,102],[23,14],[-5,61],[0,124],[10,34]],[[25813,37673],[17,-85],[52,-232],[25,-146]],[[25907,37210],[-34,-384]],[[25873,36826],[-10,-28],[-12,16],[2,-46],[-33,37],[-5,54],[-15,5],[0,-45],[-11,18],[-5,-66]],[[25784,36771],[-13,103],[0,80]],[[25771,36954],[5,-13],[-15,258],[6,93]],[[25071,34228],[53,-7],[1,41]],[[25199,33961],[-4,-508]],[[25195,33453],[-58,11]],[[25137,33464],[-14,57],[-40,65],[-6,71],[-1,127],[-15,60]],[[25061,33844],[-4,33],[11,16],[3,335]],[[25132,36142],[33,-512]],[[25165,35630],[-27,-23],[-21,-40],[-31,43]],[[25086,35610],[-9,73]],[[25077,35683],[-14,83],[3,77]],[[20921,57486],[117,0],[207,-2]],[[21245,57322],[0,-325],[16,0],[0,-466]],[[21261,56531],[-10,26],[-12,-29],[-18,30],[-33,-25],[-5,41],[-26,-21],[-14,-80],[5,-58],[-15,-40],[-26,-29],[-13,21],[-16,-55],[-27,95],[9,56],[-16,50],[-21,15],[-17,-53],[9,-66],[-10,-32],[-10,33],[-2,-85],[-9,-63],[-10,66],[-3,-80],[-14,-31],[-13,55],[-11,-34],[-11,55]],[[20922,56293],[0,707],[-1,28]],[[20921,57028],[0,458]],[[24322,41232],[113,-5]],[[24435,41227],[5,-34],[-8,-106],[5,-61],[15,-54],[3,-94]],[[24455,40878],[-2,-50],[18,-88]],[[24471,40740],[-114,3],[0,-54]],[[24320,40690],[2,542]],[[26528,46534],[66,4]],[[26594,46538],[6,-659]],[[26467,45866],[0,160],[-4,500]],[[28352,36173],[11,129]],[[28378,36302],[3,14]],[[28381,36316],[41,-34],[11,15],[5,-77],[16,67],[11,-106]],[[28414,35925],[-68,-223]],[[28346,35702],[0,333]],[[24198,22893],[11,71],[1,54],[9,52],[10,-2],[9,108]],[[24238,23176],[16,76],[9,73],[7,-35],[11,16]],[[24281,23306],[10,-16],[-4,-66],[5,-85],[-8,-35],[10,-45],[-10,-47],[1,-64],[15,21],[4,-65],[-13,-151]],[[24291,22753],[-4,-66]],[[24287,22687],[-28,68],[-6,101],[-11,-22],[-21,49],[-23,10]],[[24978,36342],[66,1]],[[25077,35683],[-11,-23],[-8,85],[-17,90],[-14,-19],[15,-72],[-3,-40],[-13,30]],[[25026,35734],[-18,56],[1,86],[-11,74],[-15,173],[3,42],[-9,21]],[[24977,36186],[-8,64],[9,92]],[[28486,32448],[14,-70],[59,35],[6,82],[1,108]],[[28566,32603],[35,-44],[4,-93],[-8,-39],[-12,-143],[1,-45],[-9,-85],[-15,-67],[-50,-180],[-44,156]],[[28468,32063],[7,25],[1,105],[-13,40],[4,111],[19,104]],[[26311,34538],[25,-188],[11,-6],[6,-61],[22,-57],[9,-75]],[[26384,34151],[-2,-45],[8,-58],[11,-26],[10,-87]],[[26411,33935],[-29,-117],[-43,-60],[-5,-41],[-17,-44]],[[26317,33673],[-11,161],[-20,121],[-4,59],[-7,-13],[-11,100],[-10,35]],[[26254,34136],[-2,98],[8,58],[2,77],[23,32],[2,50],[14,26],[4,72],[6,-11]],[[25878,32744],[5,175],[-2,237]],[[25881,33156],[0,106],[11,29]],[[25954,33209],[10,-119],[0,-44],[20,-93]],[[25877,32598],[4,42],[-10,57],[7,47]],[[25981,33545],[38,19],[19,-35]],[[26060,33461],[-3,-66],[6,-11],[-4,-85],[3,-169],[11,-159]],[[26522,36184],[12,7],[7,75],[26,102]],[[26638,36199],[6,-42]],[[26644,36157],[1,-60],[-13,-75],[-1,-158],[12,-141],[0,-122]],[[26621,35633],[-14,6],[-22,68],[-15,77],[-12,-18],[-15,52]],[[26543,35818],[2,69],[-6,51],[-12,-9],[-12,103],[8,70],[-1,82]],[[17694,55325],[18,-16],[11,47],[23,-56],[12,37],[16,-28],[17,31],[35,-74],[10,-52],[9,13],[31,-59],[2,-155],[36,-27],[0,-55],[12,0]],[[17926,54931],[6,-80],[18,0],[0,-82],[17,-27],[6,-82],[12,0],[6,-105],[23,0],[0,-83],[18,0],[-9,-57],[-21,31],[-11,-87],[0,-243],[5,0],[-1,-160],[-35,0],[0,-18]],[[17881,54303],[-12,72],[-12,-3],[-12,141],[-11,41],[-4,64],[-28,93],[-21,193],[-58,90],[-6,84],[-30,99],[-29,44],[12,53],[22,18],[2,33]],[[30095,44132],[-20,-74],[-6,162],[2,105],[-10,35],[2,-255],[-17,3],[-2,-56],[-10,-12],[-1,89],[16,152],[8,110],[17,74]],[[30027,44437],[5,12],[12,-113],[-17,101]],[[30017,44063],[6,82],[-4,37],[5,91],[4,-32],[0,-136],[-11,-42]],[[29565,46458],[26,-3]],[[29591,46455],[131,-23]],[[29722,46432],[49,-9]],[[29771,46423],[3,-89],[12,-22],[0,-87],[-10,-29],[-1,-125],[7,-39],[-13,-63],[2,-72],[-9,-79],[0,-103]],[[29762,45715],[-10,-74],[-7,219],[-30,-26],[-2,50],[-59,-53],[1,89],[-16,-13],[-5,38],[-27,32],[-1,108],[-28,27]],[[29578,46112],[7,160],[-1,46],[-11,15],[13,56],[-21,-2],[0,71]],[[27060,29227],[101,527]],[[27290,29452],[-51,-304]],[[27239,29148],[-107,-547]],[[27132,28601],[-7,44],[-7,-19],[-13,67]],[[27105,28693],[4,48],[-28,132],[4,52],[-4,62],[7,58],[-4,52],[-15,40],[-9,90]],[[25165,35630],[1,-13]],[[25079,35313],[-15,42],[1,61],[10,14],[11,180]],[[27171,28407],[20,119],[50,-93],[48,19]],[[27320,28280],[-44,-161],[0,-63],[-11,-27],[5,-99],[-19,-95],[-3,-37],[-20,-45]],[[27228,27753],[-4,43],[0,137],[-9,24],[-2,79],[-12,102],[5,108],[-15,69]],[[27191,28315],[-20,92]],[[25444,36372],[-10,-54],[12,-53],[1,-98],[27,-119],[7,-53]],[[25481,35995],[-8,-238],[-6,-37]],[[25467,35720],[-9,-52],[-26,-45],[-6,18]],[[25366,36052],[1,79],[11,29],[70,265]],[[24360,31005],[7,-2]],[[24367,31003],[23,-1],[1,162],[60,-8]],[[24451,31156],[24,-3],[-3,-47],[11,-18],[0,-46],[15,-40],[-2,-71],[12,14],[18,-181],[15,-33]],[[24541,30731],[-6,-128],[5,-95],[-10,-76],[5,-61],[-11,-46]],[[24524,30325],[-10,-65],[-9,-1],[-3,-93],[17,-135],[-8,-76],[-2,69],[-19,-18],[2,54],[-12,-66],[-5,30],[-15,-6],[10,50],[-3,53],[-20,-53],[-8,56]],[[17428,43201],[119,0],[0,-625],[44,-1008],[46,0]],[[17637,41568],[3,-43],[-3,-214],[6,-84],[5,-156],[-4,-71],[-1,-135],[-4,-25],[0,-174],[4,-93],[-8,-156],[-18,-145],[0,-511]],[[17617,39761],[-193,0]],[[17424,39761],[2,399],[1,1305],[-3,3],[1,1145],[0,487],[3,101]],[[28997,41314],[13,-11],[0,-60],[23,-127],[10,-191],[23,3],[22,-104]],[[29088,40824],[-40,-227]],[[29048,40597],[-17,164],[-12,16],[-11,53],[-9,93],[-9,-6],[1,120],[-16,84]],[[28975,41121],[1,109],[21,84]],[[28898,40959],[17,70],[24,18],[16,31]],[[28955,41078],[20,43]],[[29048,40597],[-30,-175]],[[29018,40422],[-21,101]],[[28997,40523],[-39,183],[-33,45],[-16,66],[-10,127]],[[28899,40944],[-1,15]],[[27751,34295],[1,16]],[[27828,34300],[-2,-617],[4,-69]],[[27830,33614],[4,-61],[-85,-2]],[[27749,33551],[0,106]],[[25677,37456],[-2,-64],[15,25],[10,-51],[-3,-95],[14,18],[11,-92],[-2,-101]],[[25720,37096],[-12,-53],[14,-66],[-31,-93],[-6,11],[-25,-130]],[[25660,36765],[-28,29],[-34,85],[-41,115]],[[18134,36847],[129,0],[0,25],[32,0],[0,-167],[61,0],[0,-87],[61,-14],[0,46],[38,0]],[[18455,36650],[0,-934]],[[18134,35716],[0,1131]],[[16476,39584],[1,-127],[26,-124]],[[16503,39333],[8,-119],[-24,-175],[-30,-136]],[[16457,38903],[-8,11],[-11,-132],[-21,-18],[-7,-80],[-22,-77],[-10,5],[-43,-68],[-33,-16],[-25,72],[-26,37],[-22,-69],[-15,7],[-23,-37]],[[16191,38538],[-26,390],[-6,-9]],[[16159,38919],[11,138],[0,55],[11,57],[6,131],[11,4],[17,84],[23,-19],[13,90],[23,6],[24,-111],[22,-58],[14,33],[12,64],[9,116],[55,-7],[16,15],[11,67],[39,0]],[[15540,52144],[92,0],[0,-51],[29,-57]],[[15661,52036],[0,-162],[23,-80],[17,-108],[11,-34],[0,-156]],[[15712,51496],[0,-190],[-28,23],[-6,-50]],[[15678,51279],[-11,0],[-1,55],[-17,1],[-17,108],[-20,0],[-9,55],[-92,-2]],[[15511,51496],[7,166],[22,53],[0,54],[12,0],[6,53],[-12,0],[-11,54],[-12,0],[-17,136],[34,0],[0,132]],[[16629,53829],[24,-4],[0,113]],[[16653,53938],[199,-3],[123,5]],[[16975,53940],[-10,-8],[8,-103],[-3,-42],[8,-61],[-4,-66]],[[16974,53660],[-4,8]],[[16970,53668],[-21,22],[-24,-46],[-22,30],[-22,-77],[-18,-96],[-6,-169],[-19,-101],[-12,0],[-9,-131],[-14,-16],[-9,-54],[-31,-26],[-19,-87]],[[16744,52917],[-22,58],[-26,32],[-15,65],[5,73],[-6,105],[3,233],[-5,60],[-35,162],[-3,74],[-11,50]],[[18545,52891],[20,10],[-4,-88],[15,-82],[-2,-100],[8,-11],[2,-174],[9,-98],[-3,-96],[56,-134],[7,-32]],[[18653,52086],[-76,-11],[-10,32],[-14,-140],[-39,-112]],[[18403,52297],[17,19],[28,119],[-4,109],[15,10],[9,93],[21,0],[0,164],[27,0],[11,72],[18,8]],[[28286,41701],[2,-25],[50,189],[19,39],[-18,-95],[23,58],[7,-37],[21,30],[63,39],[28,45]],[[28481,41944],[-2,-80],[17,-111]],[[28496,41753],[-16,-31],[3,-82],[-21,-5],[-13,-28],[-30,-147]],[[28419,41460],[-14,-75],[-61,-66],[-18,-93]],[[28326,41226],[4,53],[-20,136],[-10,137],[-13,64],[-1,85]],[[22687,22660],[17,84]],[[22796,22213],[-78,-288],[-10,36]],[[22708,21961],[-24,61],[-17,144],[-18,92],[3,35],[-11,58]],[[22641,22351],[-5,47],[28,116],[9,80],[14,66]],[[28766,42597],[69,-299],[32,-132]],[[28867,42166],[-47,-384]],[[28771,41586],[-78,334]],[[28693,41920],[-15,84],[-10,24],[-55,230]],[[25256,34782],[121,-8]],[[25395,34519],[-29,0],[-2,-93],[5,-100],[-24,-154],[-12,-103]],[[25333,34069],[0,48],[-89,11]],[[26787,30998],[43,270]],[[26928,31635],[10,-80],[-3,-62],[1,-135],[4,-120],[7,-90],[21,-87],[8,-53]],[[26980,34586],[16,49],[16,-37],[24,106],[7,-2],[25,93]],[[27068,34795],[9,-64],[-30,-199],[8,-63],[9,-5],[5,-80],[14,-44]],[[27083,34340],[-27,-252],[-15,-47]],[[27041,34041],[-14,2],[-4,80],[-21,15]],[[27002,34138],[-2,63],[-11,37],[-4,77],[-16,3]],[[26969,34318],[11,209],[0,59]],[[27239,29148],[21,-19],[20,-76]],[[27171,28407],[-9,0],[-27,88],[-8,73],[5,33]],[[22382,21215],[111,-256]],[[22382,20914],[0,301]],[[27346,20020],[6,0],[-1,333],[66,2]],[[27417,20355],[6,-65],[38,-321],[4,-101],[10,-134],[-18,-91],[-4,-78],[-1,-183],[4,-157],[7,-172],[16,-233],[18,-206]],[[27497,18614],[-13,-15],[-5,-58],[-100,0]],[[27379,18541],[0,491],[2,14],[0,478]],[[27381,19524],[-11,160],[8,73],[-4,72],[-15,47],[3,51],[-6,77],[-10,16]],[[16503,39333],[89,-411]],[[16592,38922],[-8,-89],[-1,-115],[21,-196],[-5,-166],[-17,-32],[4,-52],[-9,-73]],[[16577,38199],[-17,72],[0,88],[-14,8],[-14,-29],[-24,-82],[-37,142]],[[16471,38398],[-14,26],[0,117]],[[16457,38541],[0,362]],[[29091,42676],[-1,-163],[7,-21],[-3,-69],[-17,-149],[-7,21],[14,-172]],[[29084,42123],[-17,-13],[2,-60],[-19,-14],[4,-58],[-24,-10]],[[26497,41404],[144,-55]],[[26641,41349],[1,-1],[-21,-450],[-16,6]],[[26605,40904],[-51,47],[1,46],[-32,11],[0,28],[-31,14]],[[26492,41050],[0,55]],[[28270,41872],[29,144],[10,17],[-3,43],[70,223],[34,78],[-4,41],[44,42],[21,45]],[[28471,42505],[-10,-93],[0,-119],[9,-45],[0,-52],[-18,-70],[-3,-84],[6,-42],[20,-4],[6,-52]],[[28286,41701],[3,55],[-10,-19],[-9,135]],[[23772,28267],[2,0]],[[23774,28267],[80,-2]],[[23854,28265],[-3,-80],[6,-75],[17,-123],[-6,-204],[7,0],[0,-492],[1,-164],[19,0]],[[23880,26799],[-12,4]],[[23868,26803],[-19,99],[-5,77],[-16,33],[-6,88],[-14,21],[2,50],[-5,111],[-20,90],[8,93],[-13,143],[1,84],[-11,43],[9,45],[1,66],[-10,-5],[10,66],[0,64],[-10,76],[6,56],[-12,27],[6,39],[2,98]],[[23709,27656],[0,352]],[[23709,28008],[0,259]],[[23709,28267],[63,0]],[[23868,26803],[-40,1]],[[23828,26804],[-3,85],[-10,60],[-16,6],[-13,49],[-24,-103],[-2,-68],[-26,-108],[-25,0]],[[23709,27094],[0,562]],[[18427,45685],[96,3],[0,162],[44,0],[0,163],[22,0]],[[18589,46013],[10,0],[11,-103],[13,11],[1,-125],[-10,-74],[1,-44],[14,-9],[4,59],[20,0],[9,-104],[9,-18]],[[18671,45606],[15,-88],[0,-129],[-11,2],[0,-323]],[[18660,45066],[-8,8],[-225,-5]],[[18427,45069],[0,616]],[[28817,38776],[-15,94],[-11,23],[-27,6],[-13,-51]],[[28751,38848],[-14,43],[-6,60],[5,53],[28,108],[-15,122],[1,72]],[[15330,49331],[95,14]],[[15425,49345],[51,-13],[0,10],[115,3]],[[15591,49345],[8,-106],[-4,-50],[72,2],[1,109],[10,-1],[0,53],[13,-21],[16,27],[32,-45],[2,-32],[18,-40],[53,-20],[16,26],[0,40],[147,12]],[[15975,49299],[6,-74],[2,-240],[-17,-101],[3,-48],[-10,-87],[-3,-98],[-9,6],[-21,-112],[4,-172],[-7,-192],[6,-64],[-10,-22]],[[15883,47767],[-88,3],[-82,-8],[0,201],[-102,-5],[0,119],[-8,0],[0,325],[-59,1],[0,55],[-34,1],[0,39],[-16,-2],[0,73],[-15,0],[1,42],[-12,1],[1,55],[-12,1],[-12,42],[-36,-1],[-19,-89],[-7,5],[-6,-67],[-59,1]],[[15318,48559],[10,429],[4,323],[-2,20]],[[18653,52086],[15,43],[8,131],[23,33],[11,-24],[15,21],[7,-54],[17,-13],[11,-44]],[[18760,52179],[23,-48],[0,-55],[17,0],[6,-54],[12,-26],[5,-55],[14,-53],[49,-1],[1,-545],[-7,0],[0,-505],[1,-317],[-2,-300]],[[18879,50220],[-10,-76],[-19,-3]],[[26880,22298],[20,71],[3,88],[13,49]],[[26916,22506],[31,-34]],[[26947,22472],[6,-66],[18,-16],[17,-68],[23,10],[18,-45],[4,-77],[9,-13],[6,-108]],[[27048,22089],[0,-463]],[[27048,21626],[0,-54],[-12,-42],[-10,29],[-4,-32],[-16,17],[-3,53],[8,-1],[-6,54],[-54,4]],[[26951,21654],[-42,-10],[0,108],[-28,-5],[0,55]],[[26881,21802],[-1,496]],[[16105,48098],[101,-3],[166,1],[0,-8],[134,-1]],[[16655,45061],[-147,7],[-31,-5]],[[16477,45063],[0,-2]],[[16477,45063],[-91,-3],[-154,1]],[[27492,35170],[5,74],[14,-7],[1,90],[13,39],[1,37],[29,74]],[[27555,35477],[48,-58],[7,-88]],[[27606,34860],[-67,3],[-41,11]],[[27498,34874],[-47,15]],[[27451,34889],[-3,115],[8,69],[19,-24],[16,55],[1,66]],[[27774,42322],[66,460],[0,252]],[[27840,43034],[114,-10]],[[27954,43024],[1,-339]],[[27955,42685],[-20,-276],[-28,-340]],[[27907,42069],[-15,45],[-10,-75],[-16,-16],[1,45],[-43,83],[-8,41],[-26,-7],[-10,60],[-7,-10],[1,87]],[[31193,476],[5,-27]],[[31215,360],[-2,-93]],[[31213,267],[1,-153],[-2,-55]],[[31212,59],[-19,36],[-1,-63],[-8,40],[1,86],[10,49],[-11,20],[3,104],[5,24],[1,121]],[[27841,43822],[29,-12],[3,28]],[[27873,43838],[21,19],[14,48],[3,-27],[62,-185],[7,-114]],[[27980,43579],[-15,2],[-11,-132],[0,-425]],[[27840,43034],[0,260]],[[25963,40653],[0,110]],[[25963,40763],[89,3]],[[26052,40766],[1,-460]],[[26037,40113],[-74,-5]],[[25963,40108],[0,545]],[[18196,53793],[45,-5],[0,110],[32,0],[2,53],[18,0],[0,108],[18,0],[0,56],[32,0]],[[18417,53057],[0,-82],[-69,-2],[3,-162],[-1,-169],[-16,-75],[-12,25],[-18,-70],[-11,-77],[-10,0]],[[27154,34945],[90,-26]],[[27272,34530],[-20,19],[-8,-40],[-4,-130],[-13,13],[-4,-48],[-14,-50]],[[27209,34294],[-24,59],[-20,145],[-26,77]],[[27139,34575],[4,125],[6,20],[-4,128],[9,97]],[[22652,45891],[98,1]],[[22750,45892],[32,2],[0,-164]],[[22782,45730],[0,-487]],[[22327,53086],[-1,-641]],[[22326,52445],[-199,1]],[[22127,52446],[-45,2]],[[22082,52448],[1,638]],[[25307,46215],[33,2],[0,108],[106,-4]],[[25446,46321],[-4,-96],[6,-233]],[[25448,45992],[-111,8]],[[25337,46000],[-30,-2]],[[25307,45998],[0,217]],[[26960,40684],[-33,13],[-1,-111],[-34,11],[-1,-84],[-31,10],[0,-27]],[[23828,26804],[6,-59],[16,-24],[7,-115],[-9,-51],[28,-215],[10,-4],[14,-104]],[[23900,26232],[-23,-34],[-1,-128]],[[25506,34532],[1,-49],[21,-12]],[[25528,34471],[-3,-161],[-12,-134]],[[25513,34176],[-5,39],[-22,6],[-12,49],[-19,30],[-17,-21],[-32,20]],[[25406,34299],[-1,130],[-7,77]],[[25513,34176],[6,-156],[3,-189]],[[25522,33831],[0,-44],[-21,-43],[-14,-58],[-13,-18],[-3,-125]],[[25471,33543],[-28,-5],[-10,-61],[-16,64],[-14,5]],[[25403,33546],[6,47],[4,130],[-24,21],[-2,66],[5,87],[23,191],[1,56],[-10,155]],[[27051,30014],[11,17]],[[27060,29227],[-4,24]],[[27056,29251],[-24,96]],[[27032,29347],[5,69],[-19,107],[-5,62],[3,79],[16,119],[-11,98],[0,88],[30,45]],[[27377,31119],[-6,-106],[5,-55]],[[27376,30958],[11,-72],[13,-11],[7,-68],[-16,-203]],[[27391,30604],[-37,-30],[-38,-72],[-24,12],[1,-86],[-28,104],[-11,18]],[[27225,31027],[0,145]],[[24216,38790],[2,134],[14,94],[7,151],[-6,37],[3,166],[6,130],[-1,77],[6,-1]],[[26657,35088],[10,5],[31,78],[33,57],[16,6],[2,81],[16,128],[29,7],[25,66]],[[26819,35516],[12,-86],[18,-88]],[[26849,35342],[-13,-74],[-2,-53],[-34,-106],[-11,-153]],[[26789,34956],[-76,0],[-5,8],[-54,-1]],[[26654,34963],[-57,6]],[[15975,50094],[4,119],[7,28],[-14,37],[0,54],[16,36]],[[16369,49869],[-123,-1],[0,-161],[-45,0],[0,-162],[-33,1]],[[16168,49546],[-83,5],[-122,-2]],[[15963,49549],[-1,185],[11,47],[4,145],[-5,38],[3,130]],[[28093,37599],[15,106],[12,127]],[[28120,37832],[30,40],[15,-30],[13,3],[15,-34]],[[28265,37602],[-12,-230],[-18,-289]],[[28235,37083],[-32,93],[3,35],[-13,100],[-32,98]],[[24024,35358],[-110,14]],[[15975,49299],[-11,49],[-1,201]],[[16168,49546],[0,-323],[2,-149],[32,-8],[0,-325],[66,-7],[0,-160],[103,1],[0,-162],[34,0],[0,-163],[100,0]],[[25448,45992],[-2,-203],[-8,-152],[10,-176],[11,-104]],[[25337,45360],[0,640]],[[28534,41553],[7,70],[6,-7],[20,69],[11,13]],[[28578,41698],[36,77],[36,32],[43,113]],[[28707,40809],[-36,0]],[[28671,40809],[-2,0]],[[28669,40809],[-10,100],[-18,87],[-10,82],[-5,88],[-24,69],[-15,190],[-11,-10],[-27,40],[-15,98]],[[28051,34860],[37,1]],[[28088,34861],[13,-443],[-8,-76]],[[28040,34172],[-4,122],[0,402],[4,111],[11,53]],[[28773,38242],[7,72],[5,172],[16,48],[6,60],[12,42]],[[28919,38433],[10,-183],[-16,-119],[-70,-23]],[[28773,38033],[-10,-11],[-4,58],[14,162]],[[30341,49673],[10,37],[20,16]],[[30371,49726],[8,-193],[-9,-24],[16,-136],[0,-172],[23,-49],[-9,-93],[6,-11]],[[30406,49048],[-13,-251],[5,-27]],[[30398,48770],[-13,-94],[-11,-33],[-24,74],[-31,167],[-13,-95],[-11,6],[-22,79]],[[28274,36771],[11,26],[-10,74],[6,165]],[[28281,37036],[19,-43],[18,34],[14,-31],[12,-146],[46,-127]],[[28390,36723],[17,-89]],[[28407,36634],[-12,-157],[-8,-47]],[[28387,36430],[-7,-56],[-12,53],[-19,13],[-9,112]],[[28340,36552],[1,131],[6,-23],[0,84],[-12,91],[-10,-37],[-16,26],[0,-61],[-18,-8]],[[28291,36755],[-17,16]],[[25695,34561],[4,12],[21,-70],[19,99]],[[25784,34303],[6,-133],[12,-63],[4,-75]],[[25806,34032],[-3,-77],[-6,54],[-4,-99],[-14,-52],[-2,-74]],[[18812,49842],[0,-277],[-48,0],[0,-157],[-17,0],[-2,-243],[-15,0],[0,-80],[-34,0],[0,-163],[-34,0]],[[18512,48762],[-83,1],[-1,489]],[[22327,35715],[127,-2]],[[19319,50999],[31,0],[0,176],[22,0],[0,82],[6,54],[24,108],[6,55],[11,0],[6,53],[17,27],[46,2],[0,109],[18,0],[0,119],[16,-7],[26,62],[12,-25],[25,15]],[[19585,51829],[17,51],[-5,-162],[11,0],[0,-53],[17,-2],[1,-109],[14,0]],[[19640,51554],[-8,-48],[-7,-203],[0,-194],[3,-16],[163,6],[-7,-6],[-11,-87],[-7,-137],[-6,-6],[-12,-164],[3,-15]],[[19751,50684],[-104,2]],[[19319,50689],[0,310]],[[26431,33676],[0,60],[10,-19],[12,119],[12,-16],[25,93],[-10,61],[43,219]],[[26523,34193],[10,-33],[48,-8]],[[26581,34152],[12,-80],[6,-77]],[[26599,33995],[-11,25],[10,-104]],[[26598,33916],[1,-143],[-35,-140]],[[26564,33633],[-16,-85],[-16,10],[-11,51],[-7,-21],[-15,24],[6,-50],[-20,4],[-16,-31],[-3,-72],[-6,17]],[[26433,33651],[-2,25]],[[23037,51189],[47,-42],[2,-43],[14,-8],[15,-50],[19,-29]],[[23237,50565],[0,-82],[-31,0],[-1,-162],[-167,2]],[[28235,37083],[24,-45],[22,-2]],[[16975,53940],[14,16],[18,59],[14,-21],[9,31],[-2,51],[14,105],[3,88],[0,646]],[[17083,54915],[218,-1]],[[17301,54914],[1,-248]],[[17302,53571],[0,-217]],[[17249,53422],[-7,156],[-23,67],[-15,82],[-1,53],[-10,7],[-10,79],[-14,-42],[-23,-8],[-14,51],[-26,-9],[-16,-131],[-15,-1]],[[17075,53726],[-8,-61],[-20,0],[-39,-32],[-20,-37],[-14,64]],[[25202,52584],[17,-48],[4,48],[28,7],[25,-81],[12,28],[14,-58],[19,6],[19,-21],[20,-56]],[[25360,52409],[11,-99],[-17,-92],[22,-71]],[[25376,52147],[0,-127],[-102,18]],[[25274,52038],[-70,0],[0,485],[-2,61]],[[23003,52597],[86,0]],[[23093,51782],[-162,0]],[[22931,51782],[-7,37],[5,74],[25,100],[22,63],[12,101],[14,74],[4,206]],[[27856,37383],[26,49],[5,-50],[11,-16],[18,109],[12,16],[7,150],[10,35]],[[27945,37676],[47,-540],[-5,-40],[12,-8]],[[27936,36729],[-8,5],[-24,283],[-23,47],[-1,107],[-11,13],[-8,55],[-9,-21]],[[27852,37218],[7,100],[-3,65]],[[25406,29952],[88,-8]],[[25494,29944],[0,-82],[29,-8],[1,-328],[29,-7],[0,-162]],[[25553,29357],[-58,14],[0,-54],[-10,-2],[0,-109],[-48,6]],[[27757,44370],[86,3],[69,-6]],[[27912,44367],[-1,-349],[-5,29],[-24,1],[-8,-56],[-1,-154]],[[27767,43925],[-1,99],[-12,2],[3,45],[0,299]],[[30406,49048],[30,-32],[12,112],[25,-27],[2,-26]],[[30475,49075],[-8,-95],[-1,-86],[-7,-31],[32,-35],[-6,-68],[4,-82],[-10,-63],[5,-74],[9,7],[-2,-61]],[[30491,48487],[-15,-151],[-23,-44],[-5,-30],[-2,101],[-7,34]],[[30439,48397],[3,140],[-6,27],[11,148],[-5,16],[-14,-72],[-15,3],[-15,111]],[[23175,37662],[-1,-573]],[[23174,37089],[0,-244]],[[23017,36851],[1,897]],[[22931,28989],[125,-15]],[[23056,28974],[0,-106],[25,21]],[[23081,28889],[0,-693]],[[23019,28198],[-91,10]],[[21933,30688],[117,-3]],[[22050,30685],[0,-164]],[[21904,29794],[1,896]],[[21383,24652],[25,-3]],[[21781,23155],[-12,-2],[-210,2]],[[21559,23155],[6,74],[10,35],[9,-12],[-9,117],[-11,35],[11,69],[6,119],[9,74],[-5,52],[4,59],[-17,65],[-16,-4]],[[21556,23838],[-2,53],[-9,34],[-2,98],[-5,11],[1,82],[-8,135],[-9,33],[5,40],[-22,80],[-11,64],[-6,-19],[-10,45],[-9,-30],[-16,14],[-17,68],[-25,9],[-9,48],[-19,49]],[[26405,46524],[0,-11],[-66,0]],[[26339,46513],[-66,1]],[[26443,34953],[67,-5]],[[26510,34948],[1,-55],[17,-249],[5,-14]],[[26533,34630],[-4,-60],[-9,24],[-5,-86],[-1,-105],[-9,-53]],[[26505,34350],[-8,60],[-10,-134],[-44,26],[-2,-124],[-18,80],[-20,-8]],[[26403,34250],[-1,81],[13,46],[-1,195],[-6,127],[7,98],[19,10],[3,94],[-3,50]],[[20282,28330],[-1,632]],[[20679,26361],[-143,0],[-158,3]],[[20378,26364],[-106,-3]],[[20272,26361],[0,1790],[10,2],[0,177]],[[25481,35995],[45,-82],[12,41],[29,8],[11,47]],[[25578,36009],[0,-47],[14,-45],[7,-66]],[[25577,35045],[-85,-7]],[[25477,35036],[6,222],[1,235],[3,154],[-20,73]],[[29091,41611],[7,61],[31,-83]],[[29129,41589],[10,-111]],[[29139,41478],[45,-571],[0,-334],[-8,-72]],[[29176,40501],[-5,-29],[-26,53],[-7,53],[-18,53],[-10,1],[-6,123],[-16,69]],[[28997,41314],[24,108]],[[28340,36552],[-26,47],[-4,113],[-18,1],[-1,42]],[[29909,44558],[93,13],[4,48],[15,-2]],[[30021,44617],[6,-74],[-2,-83],[-22,27],[12,-62]],[[30015,44425],[-17,-37],[-4,-58],[-85,-13]],[[19249,47813],[82,-3],[0,-182],[17,0],[-1,-66],[7,-38],[-6,-85],[7,-68],[5,-116],[17,-96],[11,-105],[0,-88],[50,-125],[16,-168],[29,-117],[-7,-45],[29,-59],[-1,-81],[17,-1],[1,-487],[7,1],[0,-318]],[[16092,54592],[5,-30],[23,32],[16,-40],[37,-142],[0,-42],[18,-107],[109,1],[0,-162],[35,-2],[0,-162],[149,-2]],[[16484,53936],[8,-114],[20,-90]],[[16512,53732],[0,-773],[2,-37],[0,-288]],[[16514,52634],[-162,0],[-299,5]],[[16053,52639],[0,645]],[[16053,53284],[36,3],[2,39],[-11,154],[-9,37],[12,85],[7,117],[-7,103],[10,20],[2,73],[-17,31],[-7,77]],[[16071,54023],[-11,148],[-8,19],[19,95],[3,106],[11,36],[9,107],[-2,58]],[[29878,46403],[169,-27],[10,74]],[[30057,46450],[5,-125],[-5,-23],[34,-109],[21,19],[-4,-146],[9,-10],[-3,-93],[7,-60]],[[30121,45903],[-10,-141],[-13,-31],[-6,41],[-11,-29],[4,-53]],[[30085,45690],[-2,-50]],[[30083,45640],[-8,-39]],[[30075,45601],[-10,65],[-12,20],[-16,-27],[7,-122],[-8,-2],[-3,-88],[-24,-39],[-14,-43]],[[29995,45365],[-7,66],[-14,-18],[-13,68],[4,77],[22,8],[6,124],[-28,-36],[-11,74],[19,114],[4,103],[-5,15],[9,85],[-3,43],[-22,18],[-5,-53],[-12,11],[4,153],[-31,61],[-23,-19],[1,75],[-12,69]],[[29630,48744],[4,-71],[56,-96],[31,-68],[34,-50],[38,-73]],[[29758,48066],[-14,-49],[-5,-119],[5,-56],[-10,-217],[6,-96],[-11,-150]],[[29729,47379],[-34,5],[-36,-24],[-37,63]],[[29622,47423],[-1,80],[-13,3]],[[29608,47506],[4,142],[9,8],[18,-52],[-1,34],[10,182],[-18,50],[5,180],[4,-7],[16,182],[-34,59],[11,164],[-4,47],[-22,19],[0,35],[-23,-61]],[[30253,51935],[13,-288],[-3,-3],[28,-688],[29,39],[5,-103],[38,33],[13,-337],[-11,-11],[6,-171],[27,26],[10,-349],[10,7],[9,-132]],[[30427,49958],[-7,-68],[-24,26],[-9,-109],[10,-42],[-2,-42],[-24,3]],[[30175,51200],[6,52],[2,138],[-6,45],[12,58],[8,-5],[12,-71],[21,-14],[1,63],[-24,133],[-1,51],[22,172],[14,44],[11,69]],[[26289,33517],[14,63],[14,93]],[[26411,33935],[6,-106],[14,-153]],[[25403,40359],[76,11],[0,-19],[44,0]],[[25523,40351],[0,-241],[-13,-15],[-9,-109],[2,-42]],[[25492,39753],[-4,27],[-46,12],[-36,-7]],[[25389,40168],[-1,189],[15,2]],[[28040,31704],[13,-80],[8,-89],[8,-30],[6,-100],[7,-11],[9,-89],[2,-75],[11,-36],[3,-56]],[[28107,31138],[-5,-30],[5,-55],[22,-80],[-22,-124]],[[28107,30849],[-22,-60],[-31,20],[-41,99],[-21,73],[-45,-13],[-11,42]],[[27936,31010],[6,27],[-4,119],[5,29],[11,206],[-14,88],[-13,186]],[[27927,31665],[21,29],[75,0],[17,10]],[[23729,47878],[90,0]],[[23861,47421],[-132,0]],[[26288,34974],[2,0]],[[26403,34250],[-9,-78],[-10,-21]],[[26311,34538],[12,45],[-9,76],[-11,167]],[[22781,37912],[61,2],[0,-162]],[[22842,37752],[0,-328]],[[22842,37424],[-153,-4]],[[15832,37395],[13,13],[12,-47],[13,-117],[11,-23],[26,-11],[13,-66],[-4,-31],[15,-53],[112,184]],[[16067,36617],[0,1]],[[15909,36585],[-5,56],[-15,24],[-10,140],[-4,152],[-24,110],[-2,74],[-22,42],[9,118],[-4,94]],[[17578,56258],[41,-253],[14,-29],[7,-140],[12,-16],[2,-48],[14,-43],[-3,-76],[11,-58],[-3,-80],[-14,-55],[17,-43],[3,-82],[15,-10]],[[17499,54470],[0,733]],[[17499,55203],[0,892]],[[17499,56095],[0,238],[16,82],[11,13],[20,-88],[12,22],[20,-104]],[[25094,33270],[14,-39],[35,204],[-6,29]],[[25195,33453],[28,-3]],[[25221,33074],[0,-36],[-17,-151],[-39,-114],[-7,0]],[[24471,40740],[23,-127],[13,-35]],[[24507,40578],[-7,0],[-72,-277],[6,-246]],[[27970,37973],[11,74],[15,26],[-2,34]],[[27994,38107],[81,-175]],[[28075,37932],[45,-100]],[[27945,37676],[16,63],[-2,85],[11,149]],[[28032,37628],[20,0],[1,69],[-13,13],[-8,-82]],[[27320,28280],[23,-178],[3,-57],[12,-45],[12,-83],[21,-240]],[[27379,27595],[-9,-72],[-16,38],[4,84],[-6,14],[-14,110],[-23,-121],[-51,-247]],[[27264,27401],[-11,4],[-19,68]],[[27234,27473],[-8,64],[7,45],[-4,77],[-6,13],[5,81]],[[19751,50684],[94,4]],[[19845,50688],[7,-25],[1,-102],[8,-36],[-3,-75],[13,-103],[-4,-53],[22,-37],[3,-103],[17,-24],[3,-44],[15,40],[19,-41],[19,-114],[27,-42],[4,-66]],[[19996,49863],[21,-113],[-2,-77],[16,-38],[12,6],[0,-79],[11,-58],[-8,-38],[12,-45],[0,-296]],[[17578,58172],[177,-1],[191,1]],[[17867,56333],[-40,0],[5,-62],[-11,-20],[-3,-96],[-17,-15],[-10,-45],[-11,58],[-17,-30],[-5,58],[-8,-47],[-26,-5],[-10,63],[5,70],[-25,203],[-4,85],[-14,82],[7,53],[-19,108],[-9,-8],[-8,-68],[-38,-72],[-6,-66],[-17,37],[1,69],[-10,20]],[[17577,56705],[1,535]],[[28216,41444],[19,198],[20,156],[6,24]],[[28261,41822],[9,50]],[[28326,41226],[3,-420]],[[28329,40806],[-3,0]],[[28559,37525],[4,63],[13,49],[15,15]],[[28591,37652],[14,-40],[15,-87],[20,-37],[30,-109],[-5,-105],[-15,-38],[-5,-243]],[[28645,36993],[-14,58],[2,112],[-9,13],[-5,79],[-25,30]],[[28594,37285],[-11,53],[-2,121],[-22,66]],[[26606,38570],[11,-37],[6,-137],[32,-62],[4,-33]],[[26659,38301],[-13,-59],[3,-48],[-5,-103],[-36,-153]],[[26608,37938],[-16,40],[-9,158],[-23,-23],[-11,29]],[[28114,36269],[80,-122],[41,-70]],[[28235,36077],[-29,-92],[3,-291]],[[28112,35940],[2,329]],[[23125,44822],[32,-5],[98,-2]],[[23303,44148],[-139,2]],[[23164,44150],[0,59],[-9,2],[-2,-60],[-15,45],[3,90],[-11,63],[7,63],[-8,67]],[[23129,44479],[11,28],[-6,86],[8,32],[3,74],[-12,37],[-8,86]],[[23844,43010],[0,-595]],[[23844,42415],[-61,-5]],[[23783,42410],[-67,-6]],[[23716,42404],[0,604]],[[24982,32726],[-35,-14],[-10,-35]],[[24937,32677],[-19,24],[-2,38],[-19,-8],[0,-32],[-75,21]],[[24822,32720],[12,58],[-4,79],[-9,70],[3,71],[10,24],[13,-35],[0,-36],[15,-6],[-2,34]],[[24796,32791],[9,72],[11,-14],[-2,-63],[6,-77]],[[24820,32709],[-8,-15]],[[24812,32694],[-8,47],[-10,-15],[3,-43],[-12,5],[3,74],[8,29]],[[22842,36605],[175,2]],[[23017,35713],[-63,0]],[[22954,35713],[-110,0]],[[22844,35713],[-1,203],[-1,689]],[[23174,37089],[122,-3]],[[23296,36433],[-122,7]],[[16934,35237],[7,-72],[-9,-26],[25,-183],[-3,-69],[13,-66],[-2,-67],[11,-103],[19,-21],[-3,-76],[14,-96],[-8,-87],[6,-117],[10,-60],[1,-172],[5,-32],[5,-130],[7,-42],[-3,-50],[9,-53],[0,-101],[-5,-24],[-1,-140]],[[17032,33450],[-14,5],[-109,1],[-99,-5],[-204,0]],[[16606,33451],[0,651],[2,0],[0,246],[15,0],[0,246],[-15,2],[1,162],[-13,0]],[[16596,34758],[30,163],[44,-3],[1,162],[89,-7],[0,160],[119,-5],[55,9]],[[28794,40809],[6,-644]],[[28800,40165],[-15,8],[-18,-39],[-32,27]],[[28735,40161],[-11,23],[18,112],[-10,10],[12,196],[-30,-27]],[[28714,40475],[-24,202],[-14,66],[-5,66]],[[21465,54393],[92,0]],[[21788,54396],[8,-59],[0,-87],[25,-187],[-6,-83],[17,-45],[0,-93],[8,11],[5,-68],[26,39],[-6,-79]],[[21865,53745],[26,-77],[-6,-37],[12,-76],[-9,-51],[-6,-103],[3,-43]],[[21885,53358],[-27,-34],[-10,-56],[-13,33],[-13,-24],[-29,20],[-6,-86],[-12,-57],[-9,3],[-3,-68]],[[21763,53089],[-6,0],[0,163],[-70,0],[0,485],[-117,2],[0,162],[-105,0]],[[25376,52147],[19,24],[7,-62],[25,-12],[8,-59]],[[25435,52038],[11,-27],[7,-66],[-12,-50],[13,-65],[-3,-77],[-10,-9],[9,-122],[-6,-70],[-11,-40],[1,-62],[-9,-82],[9,-34],[27,9],[15,68],[14,-88],[-10,-76],[-16,-187],[2,-51],[22,-122],[18,-23]],[[25506,50864],[-10,-93],[0,-112],[-8,-23],[-30,-13]],[[25458,50623],[1,45],[-51,5],[0,52],[-50,4],[1,163],[-20,3],[1,161],[-34,8],[1,323],[-34,5]],[[25273,51392],[1,646]],[[15701,52277],[18,31],[-6,63],[13,77],[10,-26],[29,53],[22,60],[40,-44],[1,85],[17,92],[6,-10]],[[15851,52658],[-1,-440],[0,-506]],[[15850,51712],[-23,0],[-13,51],[-17,-23],[-39,76],[-18,11],[-33,87],[0,135]],[[15707,52049],[-2,98],[-7,55],[3,75]],[[27880,30662],[117,-665]],[[27997,29997],[30,-172]],[[28027,29825],[-41,-76],[-29,-103],[-21,-103],[-37,-241]],[[27899,29302],[-23,-3],[-10,61],[-5,113],[-14,79]],[[27847,29552],[-13,109],[-7,95],[-1,144],[-6,5],[-13,108],[0,79],[8,70],[16,47],[-1,61],[8,34],[8,128],[16,73],[2,72]],[[24510,28238],[0,13]],[[24510,28251],[70,-6]],[[24580,28245],[0,-119],[-13,-198],[-1,-328],[68,-2]],[[24634,27598],[8,-48],[-8,-32]],[[24634,27518],[-2,-100],[-37,18],[0,-249],[-25,3],[-3,-61],[-1,307],[-22,2]],[[24544,27438],[10,48],[-5,83],[-6,-74],[-20,-41],[-6,22],[-3,84],[9,61],[16,53],[2,43],[-31,49],[1,114],[5,59],[21,84],[2,62],[-9,116],[-11,-6],[1,-108],[-14,-42],[-9,36],[3,77],[10,80]],[[17517,47154],[80,2],[1,321],[0,573]],[[17598,48050],[9,32],[19,-32],[12,25],[17,85],[21,31],[14,63],[9,154],[18,19],[3,111],[10,71],[38,64],[22,21],[25,248],[-9,58],[13,-16],[9,-92],[1,-72],[22,-116],[8,32],[13,-16]],[[17878,48699],[-7,-45],[2,-105]],[[17873,48549],[-9,-65],[-6,-145],[9,-56],[-7,-81],[0,-101],[-13,-27],[-1,-761]],[[17846,47313],[0,-530],[13,-5]],[[17859,46778],[0,-268]],[[17859,46510],[-116,0],[0,155],[4,-1],[0,151],[-17,-8],[-9,29],[-19,-10],[-6,36],[-20,-33],[-26,12],[0,48],[-18,0],[-21,58],[-10,-31],[-1,-77],[-13,15],[-10,62],[-9,3],[-16,89],[-18,29],[3,67],[-20,50]],[[28614,35892],[11,24]],[[28625,35916],[14,-20],[15,33]],[[28654,35929],[6,-52],[-9,-159],[-4,24],[-20,-46]],[[28627,35696],[-17,90],[4,106]],[[25865,30288],[30,152],[25,10],[0,27]],[[25920,30477],[73,-1]],[[25993,30476],[1,-167],[13,32],[1,-77],[15,-182],[-1,-39]],[[25931,29807],[-9,35],[-4,79],[-8,-8],[-7,61],[0,63],[-9,43],[-15,-43],[-7,45],[-13,-92]],[[25754,25468],[0,-164],[7,0],[2,-125],[-9,-45],[0,-286]],[[25754,24848],[-17,-21],[-3,130],[3,19],[-185,-1]],[[25552,24975],[19,108],[17,155],[19,100],[6,8],[12,118],[8,223],[22,69],[2,76],[17,1],[23,65]],[[25642,31386],[50,-187],[24,-56],[13,-11]],[[25729,31132],[9,6],[16,66],[10,-69],[14,47],[14,-5],[4,-53]],[[25796,31124],[-9,-328],[0,-124]],[[25787,30672],[-147,18]],[[25640,30690],[2,696]],[[23739,30757],[-1,-164],[4,0],[-1,-143],[30,-5],[-1,-326]],[[23770,30119],[-2,-489],[-35,5]],[[23733,29635],[-1,0]],[[23732,29635],[0,66],[-25,180],[-6,92],[3,62],[-10,213],[4,88],[-6,19],[1,105],[-40,1]],[[23653,30461],[0,143],[-4,2],[1,161],[89,-10]],[[16423,33450],[183,1]],[[17032,33450],[23,-5],[0,22],[81,-3]],[[16789,31577],[-27,3],[0,40],[-74,5],[0,82],[-10,28],[-29,3],[0,50],[-17,0]],[[16624,31789],[0,328],[-5,27],[-20,-6],[2,172],[-31,-10],[0,164],[-40,2],[0,164],[-20,0],[0,164],[-31,2],[-26,162],[0,165],[-30,-1],[0,328]],[[22592,23785],[25,302],[37,222]],[[22797,24025],[13,-32],[4,-79],[28,-442]],[[22782,23401],[-18,76],[-30,35],[-8,40],[-58,-127],[-13,40],[-10,74],[-2,102],[-16,38],[2,69],[-11,44],[-9,-34],[-5,32],[-12,-5]],[[22861,26859],[40,-402],[13,40]],[[22963,26013],[-59,-199]],[[22904,25814],[-30,289],[-66,-220]],[[22938,19281],[3,103]],[[22941,19384],[3,-42],[-6,-61]],[[22984,20207],[16,26],[3,-39],[41,-3],[8,50],[-1,-105],[22,2]],[[23073,20138],[0,-61],[-15,-473]],[[23058,19604],[-18,-135],[-53,-178],[-24,-110],[-37,-194]],[[22926,18987],[8,148]],[[22934,19135],[1,54],[8,39],[16,3],[35,169],[23,79],[24,37],[-4,69],[9,46],[-9,26],[-16,-66],[-20,-56],[-11,-64],[-17,-8],[-6,64],[0,96],[-17,20]],[[22950,19643],[-7,67],[-6,-30],[-10,85],[-12,58]],[[22915,19823],[-1,78],[-10,71],[22,90],[36,66],[22,79]],[[22714,20951],[104,513]],[[22891,20940],[-91,-449]],[[22800,20491],[-10,58],[-22,57],[-43,-209]],[[23115,21932],[-37,-224],[-12,-202],[-81,-298]],[[22985,21208],[-5,31]],[[16512,53732],[14,-3],[32,42],[25,-2],[30,150],[16,-90]],[[16744,52917],[20,-114],[7,-103],[1,-93],[-13,-50]],[[16759,52557],[-11,-58],[-28,-67],[-19,-10],[-17,23],[-49,-41]],[[16635,52404],[-15,-22],[-24,35],[-14,-37],[-13,-91],[-55,-39]],[[16514,52250],[0,384]],[[22571,23414],[8,77],[-7,37],[20,257]],[[22687,22660],[-129,624]],[[23459,26070],[47,-4],[89,2]],[[23630,24909],[-16,92],[-4,53],[-15,35],[-5,117],[-12,52],[-7,-24],[-5,69],[-11,24],[-12,-15],[-8,36],[-15,-7],[-23,65],[-6,-13],[-12,80]],[[23479,25473],[-9,48],[2,49],[-9,3],[-2,79],[-10,141],[0,106],[11,3],[-14,58],[7,20],[4,90]],[[22668,20123],[13,-72],[10,-162],[14,-41],[6,16],[18,-28],[2,-119],[20,-31],[6,-50],[8,10],[15,-45]],[[22780,19601],[-46,-418]],[[22734,19183],[-7,-66],[-70,88]],[[27452,36173],[36,76],[13,59]],[[27501,36308],[30,98],[17,-51]],[[27548,36355],[1,-61],[19,-145],[3,-222]],[[27571,35927],[-29,-64],[-17,-98],[-22,-45],[-8,35],[-11,-74],[-7,55],[-7,-48]],[[27376,38536],[26,95],[10,-61],[28,1]],[[24578,49930],[0,-162],[34,0],[0,-162],[67,-2],[68,5]],[[24748,49279],[0,-173]],[[24564,48947],[-50,1],[0,16]],[[24514,48964],[0,314],[-4,0],[0,654]],[[25977,37924],[14,80],[7,108],[10,14]],[[26008,38126],[11,-38],[19,51],[8,60],[4,99]],[[26098,38121],[17,-40],[-5,-218]],[[26110,37863],[-1,-55]],[[26109,37808],[-34,-79],[-45,21],[-46,-85],[-17,-81]],[[25967,37584],[-3,16]],[[25964,37600],[7,41],[5,107],[1,176]],[[26285,39190],[38,-149]],[[26288,38935],[-29,-61],[-13,-49]],[[26222,39014],[37,61],[22,-5],[-6,71],[10,49]],[[28577,40808],[92,1]],[[28714,40475],[-11,-89],[12,-38],[4,-52],[-12,-22],[-34,-156],[-7,50],[7,87],[-8,45],[0,-71],[-9,-82],[8,-55],[-7,-74],[-9,169],[-12,0]],[[28636,40187],[-8,132],[-13,87],[-21,32],[-14,138],[-3,232]],[[24866,53989],[27,100],[33,27],[15,-27],[29,44],[22,-5],[18,33],[40,105],[24,133],[43,24],[15,66]],[[25132,54489],[0,-501],[20,1],[-1,-160],[-34,1],[-1,-487]],[[25116,53343],[0,-164]],[[25116,53179],[-104,2],[0,323],[-105,0],[0,162],[-34,0],[0,323],[-7,0]],[[16457,38541],[-15,-26],[-24,8],[-9,-29],[-38,-45],[-12,23],[-11,-50],[-10,3],[-7,-48],[-24,-47],[-6,-107],[-30,-60],[-5,-37],[-14,2],[-21,-93],[-25,-41],[-7,15]],[[16191,38149],[0,389]],[[27048,22089],[2,2]],[[27050,22091],[12,38],[19,15],[5,74],[16,24],[18,69],[61,7]],[[27181,22318],[4,-79],[11,-73],[1,-257]],[[27222,21491],[-4,-35],[-65,-103]],[[27153,21353],[6,43],[-3,45],[-19,-1],[-1,109],[-9,0],[-3,108],[-16,-2],[-1,66],[-24,-9],[-27,-41],[-8,-45]],[[17598,48050],[-1,-10],[-84,415]],[[17513,48455],[2,0],[0,643],[17,0]],[[25226,44056],[96,12]],[[25324,43577],[1,-162],[-3,0]],[[25322,43415],[-93,-11]],[[25229,43404],[-1,379],[-2,273]],[[25195,36837],[0,495]],[[25195,37332],[0,80]],[[25288,37414],[0,-577]],[[25288,36837],[-11,0]],[[25926,40102],[37,6]],[[26037,39703],[-32,-6],[0,-111]],[[26005,39586],[-12,-10],[-5,-42],[-61,-9],[0,27]],[[25927,39552],[-1,550]],[[25756,42139],[89,-2]],[[25845,42137],[18,0],[0,-80],[19,-28]],[[25882,41733],[0,-65]],[[25882,41668],[-53,-7],[-73,3]],[[27202,39304],[16,46],[29,-87],[18,35]],[[27265,39298],[8,-34],[10,-122],[-2,-87],[14,-101],[3,-162],[15,-8],[6,-52]],[[27288,38575],[-22,-12],[-8,25],[-47,20],[-14,126]],[[27197,38734],[-7,111],[6,183],[0,246],[6,30]],[[25324,49909],[15,4],[0,-645]],[[25339,49268],[-59,3]],[[25186,49270],[1,649],[36,0]],[[31429,191],[5,53],[16,60]],[[31450,304],[9,35]],[[31459,339],[6,-91],[10,8]],[[31475,256],[-11,-73],[-3,-180]],[[31461,3],[-7,-3],[-6,58],[-21,59]],[[31427,117],[2,74]],[[31417,485],[17,-40]],[[31434,445],[-2,-48],[18,-93]],[[31429,191],[-8,39],[-18,11]],[[31403,241],[-1,74]],[[31402,315],[3,117],[-7,60]],[[28253,31989],[36,117],[27,190],[-6,131],[15,-25]],[[28325,32402],[40,-148],[40,-129],[2,-48],[18,35],[3,-107],[-1,-349],[17,11],[-9,-47]],[[28411,31571],[-9,48],[-7,143],[-13,72],[-17,24],[-10,-56],[-38,114],[-38,28],[-10,-20]],[[25803,32636],[10,13],[4,-43],[15,-37],[3,53],[11,2],[32,120]],[[21491,49771],[1,0]],[[21492,49771],[16,42],[38,-10],[17,74],[23,34],[10,-24],[35,16],[14,106],[21,39],[6,54],[35,10],[18,53],[7,48]],[[21732,50213],[0,-107],[-5,0],[0,-650],[-3,0],[0,-326],[33,0]],[[21757,49130],[0,-325],[-5,0]],[[21752,48805],[-251,-2],[-11,2]],[[21490,48805],[0,653],[1,313]],[[20813,34254],[119,-2]],[[21036,32702],[0,61],[-24,0],[-71,711],[-13,-39],[-97,-4]],[[20831,33431],[-5,151],[13,98],[-3,53],[7,37],[-8,42],[-4,157],[-12,106],[3,60],[-10,72],[1,47]],[[31544,915],[14,11],[0,-58]],[[31558,868],[-2,-59],[4,-98],[7,-34]],[[31567,677],[-4,-39]],[[31544,667],[5,87],[-5,161]],[[21313,55970],[22,-82],[18,0],[23,-53],[8,11]],[[21384,55846],[14,82],[21,-37],[-8,-55],[7,-48],[0,-191],[17,-93]],[[21435,55504],[-1,-462],[17,0],[0,-594]],[[21204,54391],[0,653],[-19,0]],[[21185,55044],[0,646],[128,0],[0,280]],[[22708,46665],[-14,-17],[-25,14],[-20,34],[-8,-18],[-9,-119],[-12,-46],[-19,-15],[-37,143]],[[26973,30222],[5,-158],[18,71],[12,-74],[14,16],[29,-6],[0,-57]],[[27032,29347],[-10,2],[-13,61],[-6,105]],[[27003,29515],[-8,123],[-30,161],[-28,80],[-19,116],[-11,24]],[[24401,48861],[33,-43],[4,-32]],[[24438,48786],[11,-56],[28,-201]],[[24477,48529],[-124,0]],[[24256,49014],[0,162],[61,0]],[[23430,41573],[122,-8]],[[23552,41402],[1,-410]],[[23553,40992],[-77,2]],[[23476,40994],[-18,82],[4,45],[-18,18]],[[23444,41139],[1,83],[-6,195],[-13,37],[4,119]],[[21271,46944],[198,-2]],[[21469,46942],[-1,-400],[5,0],[0,-640],[8,0],[0,-650],[9,0]],[[21297,45080],[-1,166],[-11,-2],[-2,651],[-7,0]],[[23034,42796],[176,0]],[[23210,42796],[-13,-58],[-2,-59],[15,-94],[13,-25],[10,-90],[-4,-45]],[[23229,42425],[-1,-102],[16,-14]],[[23244,42309],[-99,0]],[[17870,38854],[103,0],[162,0]],[[18135,38854],[-1,-196]],[[18134,38658],[1,-792]],[[18135,37866],[-1,-280],[1,-437],[-1,-302]],[[17620,35421],[1,35],[0,2225],[249,1],[0,1172]],[[25643,36495],[-4,102],[21,168]],[[25720,37096],[51,-142]],[[25784,36771],[-19,-40],[14,-277]],[[25779,36454],[-41,-170],[-5,42],[-11,3],[-3,-85],[-20,-130]],[[25699,36114],[-23,106],[-1,96],[-13,79],[-11,14],[-9,-80],[-9,14],[11,76],[-1,76]],[[26300,38247],[33,146],[12,79]],[[26351,38509],[9,-111],[18,-97],[8,-154],[-3,-30]],[[26383,38117],[6,-50],[0,-74],[6,-18]],[[26395,37975],[-61,-146],[-2,-24]],[[26332,37805],[-6,35],[0,77],[-21,36]],[[26427,37713],[57,90]],[[26506,37282],[-15,-3],[-7,32]],[[26484,37311],[-14,29],[-37,16],[-2,76],[-18,-47]],[[26413,37385],[4,204],[11,34],[-1,90]],[[26182,36297],[10,138],[15,55]],[[26271,36742],[-3,-37],[1,-186],[16,-73],[20,-56],[5,-114],[-5,-24],[1,-90]],[[26306,36162],[-50,-229]],[[26256,35933],[-15,-27],[-25,158]],[[26216,36064],[-4,132],[-30,101]],[[24425,22535],[60,29]],[[24529,22054],[-10,47],[-12,8],[-11,41],[-38,29],[-9,32],[3,95],[-11,132],[-16,97]],[[24346,23549],[15,-2]],[[24361,23547],[17,-103],[8,-270],[10,-94],[28,-34],[3,-237],[21,-1],[6,-82]],[[24454,22726],[-33,0],[-6,-47],[-26,-1],[-3,66],[-12,65],[-14,34],[-17,-24],[2,-32],[-12,-39],[-5,-49],[-24,53],[-13,1]],[[24281,23306],[3,73],[11,-25],[19,44],[16,-44],[37,0],[-21,195]],[[23900,26232],[2,-63],[19,-21],[10,44],[2,115],[32,0],[-10,70],[6,78],[-8,79],[4,21],[-10,82]],[[24007,25814],[2,-53],[17,-43],[-1,-58],[28,-52],[25,-153]],[[24078,25455],[-27,-143],[-16,-40],[-21,-135],[-10,0]],[[24004,25137],[-3,26],[-68,6]],[[25018,33622],[18,9],[22,158],[3,55]],[[22651,21451],[57,510]],[[28390,36723],[19,109],[9,-8],[4,64]],[[28422,36888],[40,-111],[11,-14],[25,24],[-7,-77],[15,38],[9,-64]],[[28515,36684],[14,-95]],[[28484,36422],[-1,52],[-32,21],[-21,45],[-23,94]],[[21624,36443],[-9,0]],[[21480,36443],[0,478]],[[28409,39258],[0,0],[2,-9],[0,-4],[2,-6],[0,-1],[1,-6],[1,-7],[0,-4],[-1,-2],[-1,4],[0,-2],[-1,3],[-2,3],[-1,4],[-2,1],[0,0],[0,1],[-1,-1],[0,-1],[-1,0],[-1,-1],[-1,9],[0,4],[0,2],[1,10],[-1,2],[1,3],[-1,8],[0,1],[1,1],[0,-3],[0,-3],[4,-4],[0,-1],[1,-1]],[[31556,383],[6,109],[8,45]],[[31570,537],[16,-5],[9,-50]],[[31595,482],[-9,-48],[-8,-141]],[[31578,293],[-22,90]],[[19529,36623],[36,275],[210,6],[53,8]],[[19828,36912],[-14,-91],[-4,-109],[1,-126],[-13,-50],[-7,-106],[-26,-50],[-14,-197],[-13,-65],[1,-127],[-5,-35],[-7,-138],[-13,-103]],[[19714,35715],[-185,-2]],[[21897,34779],[151,0]],[[22048,34779],[1,0],[0,-831]],[[21898,33950],[-1,0]],[[21897,33950],[0,829]],[[27259,39806],[9,129],[8,25]],[[27340,40115],[13,-21],[8,93],[14,-55],[-2,-123]],[[27373,40009],[-7,-41],[29,-305]],[[27395,39663],[-7,-51],[-21,-68],[-34,-67]],[[27333,39477],[-11,0],[-18,65],[-7,-27]],[[27297,39515],[-5,21],[-19,-13],[-4,135],[-18,82],[8,66]],[[21759,30686],[26,0]],[[23799,29132],[66,-11]],[[23897,29063],[-13,-161],[-8,-188],[-11,3],[-2,-452]],[[23863,28265],[-9,0]],[[23774,28267],[-8,109],[-6,26],[4,100],[9,-13],[3,45],[8,-42],[5,77],[7,5],[5,142],[6,33],[-1,71],[8,32],[-11,13],[1,92],[-12,106],[7,69]],[[19527,40390],[0,303]],[[19527,40693],[44,0],[0,-17],[95,-2],[0,71],[171,13],[0,244],[68,10],[73,-4],[0,168],[32,-5],[0,328],[78,1]],[[20088,41500],[2,-165],[-1,-158]],[[20089,41177],[-22,0],[0,-1033]],[[20067,40144],[-88,0]],[[19979,40144],[-127,0],[-134,0],[-191,0]],[[19527,40144],[0,246]],[[21192,36919],[91,2]],[[21189,35716],[1,714],[2,0],[0,489]],[[28352,47460],[56,8],[7,14],[30,-34],[27,2],[50,88],[12,47]],[[28534,47585],[3,-175],[2,-335],[-2,-86]],[[28537,46989],[-70,-21]],[[28467,46968],[-47,-2],[-1,52],[-66,-10]],[[28353,47008],[-1,452]],[[28564,47725],[14,56],[22,52],[19,86],[14,8],[20,-24],[19,37],[7,79],[1,198]],[[28680,48217],[49,-23],[0,73],[70,-34]],[[28799,48233],[4,-410]],[[28803,47823],[-16,26],[-20,-298],[7,-11],[-6,-305]],[[28768,47235],[-14,38],[-17,13]],[[28737,47286],[-60,159],[3,-104],[-7,-15],[-12,66],[-4,-72],[-6,51],[-49,-1]],[[28602,47370],[-1,54],[-34,-6],[-3,307]],[[15371,52152],[69,0],[0,-19],[66,13],[34,-2]],[[15511,51496],[1,-405],[-90,0],[1,-262],[16,0]],[[15439,50829],[0,-59]],[[15439,50770],[-78,0]],[[15361,50770],[9,215],[3,225],[-3,106],[3,175],[-4,111],[5,39],[5,252],[0,134],[-8,125]],[[15540,52830],[23,-1],[19,51]],[[15582,52880],[13,31],[14,-7],[59,-191],[7,-98],[18,-130],[1,-92],[7,-116]],[[15707,52049],[-6,-14],[-40,1]],[[15540,52144],[1,434],[-1,252]],[[25390,32765],[5,56],[52,60],[24,-3]],[[25511,32718],[-1,-395],[-3,-241],[-5,-101]],[[25502,31981],[-106,3]],[[25396,31984],[1,541],[-10,9],[4,96],[-6,77]],[[23907,50295],[31,74],[11,108]],[[23949,50477],[14,58],[22,0],[9,-53]],[[23994,50482],[4,-224],[21,20],[13,-15],[8,-50],[14,-3]],[[24074,50151],[0,-158],[-17,0],[0,-162],[-35,0],[0,-49],[-10,-19],[-24,16],[0,-82]],[[23988,49697],[-67,0],[0,135]],[[23921,49832],[1,163],[-12,0],[1,162],[-4,138]],[[25138,26778],[-114,-1]],[[25024,26777],[0,661]],[[26948,25269],[20,24],[12,71],[0,46],[9,0],[12,71]],[[27001,25481],[17,-103],[9,-8]],[[27027,25370],[12,16],[10,-48],[-1,-85],[4,-66]],[[27052,25187],[6,-87],[8,-37],[-4,-59],[-30,-10],[-9,-82],[-13,-45],[-9,34],[-16,6]],[[26985,24907],[-9,4],[-20,128],[-1,132],[-7,98]],[[28295,46839],[27,-2],[0,171],[31,0]],[[28467,46968],[0,-262],[-4,-7],[2,-198]],[[28355,46151],[-35,2]],[[28890,49221],[77,-226]],[[28967,48995],[16,-900]],[[28983,48095],[-118,-365],[-62,93]],[[28799,48233],[-4,186],[-18,7],[3,172],[23,-10],[43,174],[17,-7],[-2,73],[14,6],[4,119],[-18,51],[29,217]],[[28125,33341],[88,221],[9,-22],[4,56]],[[28226,33596],[22,-74],[8,-181],[16,-105]],[[28272,33236],[-10,-42]],[[28262,33194],[-28,-124],[-6,-1]],[[28160,33069],[-17,32],[-9,203],[-9,37]],[[26405,40562],[22,0],[48,-21]],[[26475,40541],[38,-18]],[[26513,40523],[-8,-587]],[[26505,39936],[-71,29]],[[26434,39965],[0,32],[-26,8]],[[26408,40005],[5,306],[1,175],[-9,-10],[0,86]],[[26513,40523],[86,-35]],[[26544,39920],[-35,13]],[[26509,39933],[-4,3]],[[21091,23862],[243,-1147]],[[21334,22715],[68,-325]],[[21402,22390],[-8,-31],[-10,-178],[-34,30],[-9,-59],[-10,5],[-19,-39],[-7,16],[-8,-87],[2,-36],[-13,-65],[0,-80],[-7,0],[-2,-95],[-11,-48],[1,-53],[-7,-94],[2,-83],[-5,-77],[-10,-8],[-3,-116],[-5,-60],[10,-35],[-5,-61],[-18,-61],[-10,13],[-7,-108],[-17,-69],[-7,-58],[-4,-135],[-14,-13],[-17,24],[-14,-22],[-18,116],[-4,-37],[-20,38],[-27,179],[-24,53],[-10,-13],[-22,61],[-9,72],[-7,2],[-3,61]],[[20992,21239],[-1,862],[-1,1287]],[[16167,55546],[10,-87],[22,-60],[21,-132],[-1,-27],[23,-42],[11,21],[19,-54],[20,-94],[24,-11],[2,-48],[15,16],[35,-111],[83,2]],[[16451,54919],[5,-68],[19,-11]],[[16475,54840],[1,-175],[-11,-98],[10,-76],[1,-68],[10,-99],[1,-166],[10,-77],[-13,-145]],[[24371,51075],[0,-162],[4,0],[0,-497]],[[24375,50094],[-135,2]],[[31519,302],[4,28],[18,14],[1,42]],[[31542,386],[14,-3]],[[31578,293],[-8,-25],[-2,-78],[-5,-7]],[[31525,272],[-6,30]],[[26976,27923],[12,191],[-5,233],[5,140],[11,176],[-10,67]],[[26989,28730],[26,56],[12,-40],[11,-85],[9,24],[23,-29],[21,63],[14,-26]],[[27191,28315],[-62,-254]],[[27023,27880],[-19,-16],[-28,59]],[[25235,35863],[-18,79],[-35,64],[-14,63],[-34,70]],[[26191,39361],[10,-24],[11,25],[17,90],[12,-3],[21,66]],[[26262,39515],[13,-104],[-11,-86],[0,-53]],[[26264,39272],[-75,5],[1,50]],[[23024,46122],[178,-2]],[[23255,45468],[-99,0],[-92,6]],[[25836,35297],[40,182],[-1,35],[15,21],[3,59],[10,-1]],[[25956,35020],[-64,21]],[[17162,41332],[17,-113],[5,-101],[-6,-101],[-3,-155],[8,-132],[-5,-72],[0,-175],[-5,-32],[-24,-23],[0,-30],[-18,-65],[3,-69],[-10,-19],[-6,-66],[-14,-6],[-4,-52],[13,-217],[-10,-96],[-14,-90],[8,-86]],[[17097,39632],[-25,-37]],[[17072,39595],[-171,0],[-77,4]],[[16824,39599],[0,70],[-11,0],[-27,214],[-27,110],[-36,192],[0,245],[7,0],[1,220],[3,0],[0,161],[-24,-127],[-7,-7]],[[16703,40677],[5,55],[0,201],[-11,40],[0,169],[-5,0],[1,186]],[[18135,37866],[358,-3],[79,0]],[[18572,37863],[0,-317],[4,0],[-1,-164],[-33,0],[3,-16],[-1,-145],[-30,2],[1,-491]],[[18515,36732],[-60,0],[0,-82]],[[26280,40817],[0,357]],[[26371,41177],[2,-612]],[[26373,40565],[0,-42],[-93,-3]],[[26280,40520],[0,297]],[[23422,35715],[18,0]],[[23440,35715],[-9,-47],[11,-64],[0,-505]],[[23442,35099],[-2,-300]],[[23351,34799],[-1,164],[-28,0]],[[23322,34963],[0,646],[6,0],[0,106]],[[15599,50162],[2,55]],[[15601,50217],[23,-2],[13,-53],[2,-63],[14,64],[6,-9],[25,109],[14,32],[19,4],[10,-33],[20,26],[39,-63],[28,-8],[17,15],[12,-26],[12,-90],[26,52],[31,-66],[18,-12],[45,0]],[[15591,49345],[-10,77],[-8,13],[7,53],[-3,135],[7,21],[-2,116],[-14,96],[3,33],[18,24],[4,88],[26,24],[-20,137]],[[23569,23602],[132,-2]],[[23701,23600],[-13,-172],[9,-160],[-10,-126],[7,-42],[-6,-32]],[[23688,23068],[7,-69],[-7,-82]],[[23688,22917],[-22,53],[-11,-45],[-10,11],[-2,-73],[-18,-54],[-17,-6],[-11,26]],[[22426,22139],[65,360]],[[22523,22687],[75,-353],[8,-180]],[[22606,22154],[-25,-131],[-61,-165]],[[22520,21858],[-10,43],[1,68],[-12,42],[1,51],[12,32],[-20,52],[-6,-62],[-3,36],[-24,11],[-6,37],[-9,-35],[-18,6]],[[20594,35707],[19,0]],[[20613,35707],[43,-3],[184,0],[92,4]],[[20813,34254],[-120,-2],[0,82],[-132,0]],[[20922,55171],[0,1122]],[[21261,56531],[18,11],[1,-64],[27,-35],[-1,-49],[16,-8],[4,-64],[12,-24],[-4,-56],[-23,-126],[2,-146]],[[21185,55044],[-158,0]],[[21027,55044],[-105,2]],[[20922,55046],[0,125]],[[27339,29878],[7,-58],[20,-68],[10,5],[14,-74],[48,-27],[10,-35]],[[27472,29436],[-2,-29],[11,-69],[2,-63]],[[27483,29275],[-2,-42],[-14,55],[-14,-16],[4,-34],[-10,-74],[4,-53],[-14,0],[-9,97],[-32,152],[-20,29],[-17,-19],[-1,64],[-6,-34],[-21,153]],[[28113,36404],[1,-135]],[[27650,40018],[10,-27],[3,-71],[11,-30]],[[27674,39890],[-8,-187],[4,-29]],[[27670,39674],[-7,-38],[-13,-227],[-53,-50]],[[15541,53276],[39,3]],[[15580,53279],[2,-399]],[[15540,52830],[-19,68],[1,88],[-13,73],[-21,-16]],[[15488,53043],[-34,14],[-3,55],[-13,-13]],[[15438,53099],[1,178],[102,-1]],[[24548,26584],[-6,8]],[[24542,26592],[-2,100],[15,-39],[-7,-69]],[[24424,27118],[-3,183],[8,64]],[[24429,27365],[90,0],[7,47],[11,0]],[[24537,27412],[0,-26],[21,-75],[-3,-50],[-13,34],[-13,83],[-4,-128],[23,-79],[10,32],[8,-56],[-8,-33],[0,-93],[23,-27],[10,63],[-11,-129],[-11,-37],[-6,24],[-4,-183],[-13,80],[-7,-43],[-17,-15]],[[24522,26754],[-3,71],[-14,-6],[-14,-66],[-10,38],[-14,-53],[-48,2]],[[24419,26740],[-15,10],[9,41],[-12,37],[10,5],[-1,89],[15,30],[-4,93],[10,4],[-7,69]],[[25568,52530],[35,0],[1,325],[34,0]],[[25638,52855],[140,0]],[[25821,52104],[-16,-20],[-6,-73],[-13,-5],[0,-73],[-12,-14],[4,-98],[-20,51],[-9,65],[12,43],[1,55],[11,49],[1,65],[13,-7],[15,140],[-3,69],[-12,16],[-18,-120],[-38,38],[3,-82],[-13,-75],[-5,-90],[-30,-50],[-5,-43],[-6,62],[3,89],[-4,107],[-8,52],[-10,-31],[-5,-193],[3,-19],[-31,-88],[-26,-208]],[[25597,51716],[-17,2],[0,649],[-12,0],[0,163]],[[25757,51840],[20,-103],[-8,-35],[-4,58],[-14,69],[6,11]],[[25132,54489],[8,100],[25,105],[14,25],[30,132],[23,37],[17,76]],[[25329,54803],[-6,-121],[-7,15],[-7,-84],[-14,-42],[-5,-107],[-12,-78],[-9,-9],[-2,-63]],[[25267,54314],[-29,0],[0,-162],[-35,0],[0,-809]],[[25203,53343],[-87,0]],[[25531,26039],[76,5],[6,-7],[84,5]],[[25552,24975],[-17,0],[-20,-61],[-16,32]],[[25499,24946],[-17,32],[-10,76],[-14,-10]],[[25458,25044],[-6,59],[9,63],[2,-55],[6,76],[16,93],[18,-25],[7,41],[3,94],[-15,61],[15,72],[0,270],[14,0],[-1,219],[5,27]],[[23681,32159],[1,82],[30,-5],[1,138]],[[23916,32585],[6,-27]],[[23922,32558],[-1,-187],[-49,7],[-20,-132],[-37,5],[-13,-33],[1,-209]],[[23803,32009],[-103,13],[0,52],[-19,3],[0,82]],[[24186,29555],[-3,66],[2,98]],[[27185,18213],[118,-6]],[[27303,18207],[0,-85],[-20,-130],[2,-73],[6,-11],[13,-93],[-1,-40],[12,-63],[8,6],[11,-58],[-4,-20],[21,-230],[8,-21]],[[27186,17066],[-1,574]],[[26528,26190],[-4,-116]],[[26524,26074],[-11,-83],[-9,-3],[6,-68],[-12,-92],[4,-123]],[[26424,25652],[0,143],[3,173],[8,0],[-2,76],[-8,63],[-13,16]],[[26412,26123],[0,80],[116,-13]],[[18228,47317],[84,0],[0,-656],[-16,0],[0,-336]],[[18296,46325],[-27,-36],[-24,-214],[-16,-33],[-19,70],[-15,-38],[-12,26],[-16,-26]],[[18167,46074],[0,429]],[[24293,43507],[0,649]],[[25643,36495],[-20,-5],[-11,-61],[-24,20]],[[25588,36449],[-15,62],[0,167],[-7,104]],[[22271,25362],[-10,29],[-18,-93],[-3,-43],[-25,67],[-11,55],[2,-55],[-10,-45],[-6,42],[-5,-37],[-7,111],[-18,16]],[[22160,25409],[-7,-47],[-14,57],[7,56],[-20,91]],[[23206,29804],[13,38],[8,-33],[3,54]],[[23230,29863],[1,37],[20,-4],[24,83],[10,-5],[7,-98],[21,11],[0,-24],[34,-6],[9,21]],[[23356,29878],[-1,-31],[0,-479],[1,-426]],[[23356,28942],[-18,20],[-33,120],[-10,-18],[-11,60],[-21,18],[-8,-28],[-25,44],[-18,-68],[-9,5]],[[23203,29095],[1,677],[2,32]],[[28189,39485],[85,-134]],[[28274,39351],[-14,-186],[7,-121],[42,-416]],[[28280,38354],[-16,31],[-12,-26],[-22,220],[-17,102],[4,66],[-11,85],[-2,58],[-8,0]],[[28196,38890],[-22,58],[-3,128],[-20,65],[-9,64]],[[28142,39205],[19,51],[-4,39],[20,125]],[[31444,778],[21,-26]],[[31465,752],[-1,-74]],[[31464,678],[-6,-41],[-11,-16]],[[31447,621],[-13,6]],[[16477,52207],[37,43]],[[16635,52404],[-1,-590],[52,-1],[0,-161],[29,-2],[0,-810],[-5,0],[0,-161]],[[26153,33458],[-1,-11],[5,-39],[0,-2]],[[22611,55687],[28,0]],[[22639,55687],[114,-2]],[[22753,55685],[0,-649],[6,0],[0,-161]],[[22759,54875],[-71,2]],[[23589,42397],[67,2]],[[23656,42399],[0,-190],[5,0],[0,-160]],[[23554,42053],[-3,0],[0,161],[-6,0],[-1,185]],[[25502,31981],[106,-9]],[[25608,31972],[4,-1]],[[25612,31971],[-1,-341],[-18,-74],[5,-35]],[[25598,31521],[-10,-15],[-13,85],[-23,9]],[[25365,31772],[-16,56],[-13,136]],[[25336,31964],[0,25],[60,-5]],[[26107,27126],[29,1],[-1,110],[77,8],[-1,67],[16,2]],[[26227,27314],[2,-106],[7,-20],[-3,-114]],[[26250,26791],[-13,-22],[2,-39],[-14,-33],[-13,-84],[2,-137]],[[26214,26476],[-38,-1],[-20,162],[-42,-3]],[[26114,26634],[-5,0],[-2,164]],[[26107,26798],[0,328]],[[15811,37041],[-31,0]],[[15780,37041],[-4,135],[14,45],[19,2],[10,-169],[-8,-13]],[[26570,45227],[1,-491],[2,-181]],[[26573,44555],[-33,-7]],[[24246,35331],[-2,-553]],[[24244,34778],[-8,0]],[[24236,34778],[-106,0]],[[24130,34778],[-67,-2]],[[24063,34776],[2,577]],[[20591,55907],[-1,-162],[72,0],[0,-164],[107,0],[0,-162],[23,0],[0,-327],[25,0]],[[20817,55092],[-8,-66],[18,-58],[19,-202],[3,-82],[0,-177],[-29,-259],[-24,-80],[-30,0]],[[20766,54168],[-118,1],[0,55],[-11,53],[-36,0],[0,109],[-36,0],[0,381],[-22,0]],[[20543,54767],[0,652],[12,1],[0,487],[36,0]],[[29234,43450],[88,-255]],[[29322,43195],[-6,-148]],[[29316,43047],[-5,-68]],[[29311,42979],[-14,-157]],[[29297,42822],[-9,48],[-17,-51],[-3,-58],[-16,40]],[[29252,42801],[4,63]],[[29256,42864],[3,74],[-3,117],[-8,104],[-18,7],[-13,74],[17,210]],[[26149,38256],[80,-41]],[[26221,37829],[-6,-106],[-15,-66]],[[26200,37657],[-37,98],[-53,108]],[[26220,37383],[12,28],[3,54],[10,34],[15,-24],[25,56]],[[26285,37531],[-9,-99],[13,-18],[4,-113],[16,28]],[[26309,37329],[-2,-87]],[[26307,37242],[6,-98],[-3,-58],[-11,-35]],[[26481,35633],[21,53],[16,-13],[8,35],[2,76],[15,34]],[[26541,35130],[-23,75],[-8,60],[3,45],[-25,138],[-7,185]],[[24763,22922],[-6,-212],[2,-254],[11,-106],[18,-73],[-17,-238]],[[24771,22039],[-34,8],[-6,119],[-16,33],[-12,66],[-2,65],[-14,71]],[[23836,34778],[-78,0]],[[23758,34778],[-59,0]],[[24743,28798],[12,17],[2,50],[-12,68],[41,-79]],[[24786,28854],[119,-222]],[[24905,28632],[-13,-103],[0,-55],[-8,-37],[-3,-131],[-11,-74],[-6,-127],[-19,-100]],[[24845,28005],[-104,244],[-7,2]],[[24734,28251],[-5,58],[-13,29],[-1,72],[17,55],[5,-56],[6,75],[0,314]],[[26450,27650],[15,209],[7,-2],[0,92]],[[26472,27949],[65,-2]],[[26590,27655],[0,-2]],[[26590,27653],[-18,2],[-66,-304]],[[26506,27351],[-14,66],[-6,132],[-9,70],[-27,31]],[[17301,55113],[64,0],[0,27],[21,10],[0,-27],[30,0],[0,54],[12,28],[71,-2]],[[17301,54914],[0,199]],[[18148,46056],[19,18]],[[18296,46325],[27,33],[19,-109],[19,-6]],[[18361,46243],[17,3],[0,-71],[48,-3],[1,-487]],[[18427,45069],[-229,-19],[-61,10]],[[18137,45060],[-67,1]],[[18070,45061],[0,630],[-1,163],[60,-2],[1,183],[18,21]],[[24767,44666],[3,-200],[20,-61],[-1,-93],[-6,-18]],[[25396,38017],[52,-2],[0,-50],[31,-3],[0,-59]],[[25479,37903],[-3,-235],[0,-273]],[[25384,37211],[-11,4],[-4,54],[12,-14],[-15,130]],[[15972,35437],[8,64],[23,64],[16,-48]],[[16019,35517],[6,-90],[7,-16],[26,-149],[6,14],[8,-76],[-9,-22],[5,-52],[17,-54],[16,-15],[9,-72],[-3,-103],[9,-51],[-4,-47],[18,8],[14,-114],[43,-228],[0,-98],[13,-2],[2,42],[9,-34],[10,68],[15,-34],[29,-167],[15,1],[-3,105],[-8,95],[19,-81]],[[16288,34345],[-1,-32],[15,-88],[-11,-81],[5,-98],[13,-11],[3,-56],[14,-66],[17,-50],[13,-77],[21,-10],[12,-106]],[[16389,33670],[11,-2],[10,-75],[-5,-39],[10,-48],[2,-56]],[[16417,33450],[-144,3],[-171,8]],[[16102,33461],[-19,113],[-14,56],[-6,159],[-5,56],[-20,47],[-15,167],[-25,151],[-33,103],[-11,72],[-8,129],[1,68],[-11,162],[3,143],[-12,31],[10,118],[14,-65],[13,53],[9,123],[6,201],[-7,89]],[[20138,43206],[150,-6]],[[20288,43200],[36,-4]],[[20418,42240],[-11,-19],[-3,-145],[-5,5],[-10,-100],[-17,47],[-36,-77],[-7,20],[-16,-37],[-10,71],[-11,-61],[-13,55],[-25,-21],[-13,122],[-12,-85],[-22,24],[-11,124]],[[20196,42163],[-1,93],[-13,154],[-1,73],[7,61],[3,209],[9,54],[-5,105],[-9,75],[-15,-29],[-11,68],[-6,-19],[-7,67],[-7,-13],[-5,58],[3,87]],[[26486,23129],[0,301],[9,53],[0,111],[18,0],[-8,162],[0,118]],[[26505,23874],[73,-26]],[[26578,23848],[37,-13]],[[26615,23835],[2,-130],[-9,-55],[-10,2],[-18,-85],[4,-137],[-10,-93],[-12,-10],[3,-104],[-8,-39]],[[26557,23184],[-3,-29],[-24,-80],[-4,-105],[-6,-5],[-11,-191]],[[26509,22774],[-9,35],[-15,-14]],[[26485,22795],[1,334]],[[29158,41804],[25,48],[5,52],[36,188],[6,85]],[[29230,42177],[24,3],[25,-67],[14,-15],[4,71],[4,-145],[-3,-178],[-14,-286],[0,-42]],[[29284,41518],[-11,-22],[-10,90],[-12,-71],[-25,24],[-6,103],[-41,10],[-40,-174]],[[29129,41589],[-8,82],[14,11],[6,53],[17,69]],[[28427,45977],[2,-395],[38,11]],[[28466,45074],[-44,-3],[-135,0]],[[28248,45069],[5,757],[2,127]],[[22181,58169],[147,2]],[[22336,57319],[0,-327],[-64,2]],[[22272,56994],[-82,0]],[[15301,48087],[96,-5],[0,-174],[16,2],[0,-159],[15,0],[0,-325],[17,0],[-1,-327],[-15,0],[0,-162],[-17,0],[0,-323],[3,-66]],[[15415,46548],[-32,-27],[0,-65],[-20,-73],[0,-28],[-39,-27],[0,128],[-6,0],[-2,94],[6,135],[-19,79],[-2,56],[-11,38],[-61,0]],[[15229,46858],[12,219],[0,84],[9,128],[6,159],[-6,68],[17,85],[18,193],[13,202],[3,91]],[[27729,44793],[0,278]],[[27729,45071],[154,0]],[[27883,45071],[39,-2]],[[27922,45069],[0,-313],[-8,-2],[-2,-387]],[[27757,44370],[-28,-2]],[[27729,44368],[0,425]],[[22990,32723],[10,19],[14,-36],[-7,57],[2,60],[16,-47],[7,65],[8,8],[0,-333]],[[23040,32516],[0,-327],[-13,0],[0,-384]],[[23027,31805],[-8,-75],[-11,82],[-23,-28],[-8,57],[-9,1],[2,-115],[-7,-21],[-10,80],[-6,0]],[[22142,31458],[68,0],[-6,8],[2,76],[9,-2],[-1,84],[45,-4],[0,20]],[[22259,31640],[9,8],[9,62],[10,-19],[-8,-177],[7,-98],[27,-1],[2,-47],[-14,-14],[-2,-58]],[[22299,31296],[5,-89],[-22,-5],[-16,-175],[-2,-140],[5,-156]],[[22269,30731],[-18,90],[4,36],[-16,8],[-18,92],[-4,-148],[-12,-7],[-10,42]],[[22195,30844],[-12,34],[-17,3],[-6,-79],[-30,24],[-24,126],[-14,98]],[[23592,31051],[-2,-593]],[[23590,30458],[-2,-468]],[[23588,29990],[-3,-565]],[[23515,29552],[-10,91],[-15,-26],[-12,8],[-21,126],[-7,93],[-22,3],[-20,126],[-9,11]],[[23399,29984],[-1,411]],[[26264,39272],[20,-17],[1,-65]],[[26172,38880],[-1,416]],[[26649,35520],[22,-9],[3,56],[21,37],[18,53],[8,64],[14,34]],[[26735,35755],[16,-37]],[[26751,35718],[-7,-85],[58,111],[20,-77]],[[26822,35667],[3,-87],[-6,-64]],[[26424,35614],[11,51],[6,-59],[4,35],[12,-37],[8,51],[16,-22]],[[26526,34943],[-16,5]],[[27091,24152],[9,-52],[17,-4],[18,-46],[7,-40],[33,-30],[17,-29],[14,24],[13,-31]],[[27219,23944],[4,-21],[-4,-173],[0,-179]],[[27219,23571],[-20,105],[-6,-79],[-11,26],[-2,50],[-8,-20],[2,60],[-16,-45],[-17,19],[-4,-71],[-7,2],[-13,-95],[-67,-395]],[[27050,23128],[0,167]],[[27050,23295],[4,42],[-1,93],[6,76],[3,191],[-12,146],[4,97],[-1,78],[8,26],[-4,39],[12,-13],[9,95],[13,-13]],[[26632,31960],[19,1]],[[26651,31961],[104,13]],[[26755,31974],[-3,-116],[-31,-109],[-26,-169],[1,-58],[-9,-80]],[[26687,31442],[-22,58],[-13,-44],[-20,49],[-10,132],[-18,4]],[[25410,42238],[114,10]],[[25524,42222],[-1,-615]],[[25523,41607],[-1,-497]],[[25522,41110],[-7,-26],[-16,24],[-89,-3]],[[22943,19471],[-2,-87]],[[22938,19281],[-18,-77],[-17,-98],[-8,-2],[-18,48],[0,68]],[[22877,19220],[-27,128],[0,34],[93,89]],[[22863,18715],[17,58],[9,72],[18,204],[27,86]],[[22926,18987],[-27,-167],[-15,-118],[-11,-133]],[[22873,18569],[-10,146]],[[22824,19016],[23,-89],[10,93],[21,55],[0,-122],[-22,-170],[-9,-92]],[[22847,18691],[-35,325]],[[22812,19016],[12,0]],[[27995,41785],[2,71],[9,85]],[[28006,41941],[31,-74],[17,-80],[3,109],[41,-114],[9,104]],[[28107,41886],[5,-136],[29,-111]],[[28445,39158],[-19,7]],[[22477,36597],[0,-162],[32,0]],[[22324,36435],[0,161]],[[21087,49078],[222,-1],[68,0],[7,45],[-3,61],[11,64],[-2,108],[7,108],[12,61],[-3,91],[24,45],[14,-43],[17,13],[19,122],[11,19]],[[21490,48805],[-4,-2],[0,-535],[-9,-35],[-24,22]],[[21453,48255],[-10,-25],[-177,0]],[[21266,48230],[20,154],[12,53],[2,108],[-381,-5]],[[20919,48540],[0,538]],[[25933,34006],[20,2],[8,43],[13,-24],[0,35],[13,-42],[7,65],[9,6]],[[26003,34091],[11,-69],[0,-42],[20,-5],[14,-102]],[[25945,33771],[-12,235]],[[23148,26383],[1,-13]],[[23149,26370],[-4,-46],[12,-44],[6,-93],[-7,-56],[9,-23],[6,-87],[-3,-59],[30,-61],[-1,-103],[12,-8],[7,-42],[9,19],[-5,-98],[3,-24]],[[23223,25645],[-126,-384]],[[23097,25261],[-62,624],[-10,93]],[[21933,31500],[116,-2]],[[22050,31151],[0,-466]],[[18135,41153],[233,-1],[113,-2],[129,0],[3,92],[18,-26],[12,90],[13,45]],[[18656,41351],[19,-71],[2,-83],[14,-66],[-8,-53],[4,-68],[-6,-88],[12,-10],[15,64],[6,-8],[17,164],[21,57],[2,41],[25,-156],[-8,-99],[34,5]],[[18701,40047],[-15,28],[-33,0],[-1,300],[-5,119],[-217,-2],[-230,0],[0,-16],[-65,-3]],[[18135,40473],[0,680]],[[24396,26140],[18,89],[-5,54],[9,58],[-4,57],[6,135],[-3,24],[2,183]],[[24522,26754],[-10,-17],[-2,-127],[32,-18]],[[24548,26584],[0,-11]],[[24548,26573],[-14,-66],[-5,-58],[-13,63],[-5,-41],[19,-41],[0,-81],[-19,-22],[-7,-40],[2,-81],[-19,-90]],[[24487,26116],[-6,-21],[7,-48],[-5,-45],[-7,27],[-2,70],[-12,-18],[-7,-151],[29,-18],[-16,-29]],[[24468,25883],[-17,-24]],[[24405,25894],[-10,82],[3,60],[-2,104]],[[30075,45601],[17,-103],[5,58],[21,47],[-1,40],[14,15]],[[30131,45658],[1,-86],[9,32]],[[30141,45604],[11,9],[4,-41],[-9,-27],[5,-71],[-3,-107],[-43,-116]],[[30022,45043],[0,65],[-32,-3]],[[29990,45105],[-1,186],[6,74]],[[30085,45690],[13,38],[-11,-103],[-4,15]],[[30177,45569],[13,-26]],[[30190,45543],[-13,-96],[-8,74],[8,48]],[[25522,39182],[-5,13],[7,90]],[[25643,39279],[-9,-36],[-5,-88],[-6,16],[-12,-72],[-7,21],[-1,-129],[-10,-111],[12,-104],[-5,-7],[3,-162]],[[25603,38607],[-16,-66],[-14,61],[-17,-31],[-14,15]],[[25542,38586],[-9,-74],[-22,-6],[-7,-76],[-41,-68]],[[25463,38362],[2,115],[24,67],[0,106]],[[26135,38964],[-21,3],[-12,-53],[7,-230]],[[26109,38684],[-14,0],[-5,39],[-21,-2]],[[26069,38721],[0,137],[-10,0],[-1,53],[-10,1],[-10,53],[0,148]],[[26038,39113],[20,16],[0,55],[10,0],[0,55],[10,0],[1,54],[25,2]],[[21995,41332],[4,0]],[[21999,41332],[0,-814]],[[21843,40521],[0,812]],[[25258,35758],[-1,-151]],[[15807,56772],[2,-45]],[[15809,56727],[-15,8],[3,-38],[-11,-45],[10,-108],[18,-81],[1,-56],[-26,137],[-12,6],[-7,93],[2,124],[18,39],[17,-34]],[[15705,56725],[29,267],[0,60],[16,17],[7,-30],[0,-79],[19,-61],[3,-42],[-15,-30],[-17,24],[-1,-47],[-13,-54],[-14,-12],[3,-38],[23,16],[11,-68],[8,-135],[-4,-22],[10,-161],[8,43],[-5,108],[10,-5],[16,-91],[16,-21],[7,-151],[-8,-94],[-14,21],[-12,139],[-21,-41],[2,49],[-19,70],[3,150],[-5,90],[-18,-7],[-3,49],[-22,86]],[[27036,39380],[26,133],[7,-65],[11,-2],[12,-127],[-8,-45],[5,-43]],[[27089,39231],[33,-271],[-6,-35],[11,-64]],[[27127,38861],[-51,-45],[-30,-92],[3,-249]],[[27049,38475],[-46,219]],[[27003,38694],[13,51],[-3,162],[-10,169],[21,84],[0,108],[12,112]],[[27776,35819],[52,563]],[[27828,36382],[12,-40],[11,14],[25,98]],[[27876,36454],[4,50],[14,15]],[[27926,35757],[-18,53],[-9,-37],[-25,58]],[[27874,35831],[-10,53],[-15,-39],[-7,15],[-15,101],[-10,-50],[-12,61],[-18,-138],[-11,-15]],[[27664,36295],[16,74],[3,60],[-10,41],[16,41],[18,96],[9,16],[7,-53],[13,-13],[6,71],[19,85]],[[27761,36713],[18,74],[-7,63],[6,21]],[[27778,36871],[15,-44],[10,-136],[14,-37],[20,9],[11,-75]],[[27848,36588],[-7,5],[-16,-71],[10,-68],[-7,-72]],[[27776,35819],[-13,13],[4,-96],[-17,56],[-16,3]],[[27734,35795],[-20,193],[-10,7],[-6,80],[-34,63]],[[27664,36138],[-3,77],[3,80]],[[24823,50911],[172,-2]],[[24747,50096],[0,653]],[[31558,868],[11,85]],[[31569,953],[10,-1],[12,-71]],[[31591,881],[-6,-35],[7,-76],[-3,-64]],[[31587,685],[-8,30],[-8,-43]],[[31571,672],[-4,5]],[[31466,1034],[13,-23],[7,34]],[[31486,1045],[0,-13]],[[31486,1032],[-12,-64]],[[31474,968],[-7,-26],[0,-53]],[[31467,889],[-16,10]],[[31451,899],[-2,101],[17,34]],[[31434,1050],[12,9],[20,-25]],[[31451,899],[-14,-20]],[[31437,879],[1,77],[-4,94]],[[26631,45886],[131,22]],[[26762,45908],[59,8]],[[26821,45916],[-6,-115],[-10,-73],[-38,-61],[-18,-156],[-1,-268],[-16,-26],[1,-88]],[[26733,45129],[-30,119],[-35,0],[-33,-16]],[[24477,48529],[11,-139],[-3,-88]],[[24485,48302],[-5,-93],[2,-114],[10,-60],[-4,-71],[8,-85]],[[24496,47879],[-110,0]],[[23551,39541],[0,130]],[[23551,39671],[31,69],[8,-48],[19,80],[0,55],[9,-63],[22,137],[9,0],[12,-55]],[[23689,39303],[-2,-158]],[[23687,39145],[-104,16],[-32,12]],[[23551,39173],[0,368]],[[24657,37731],[6,-7],[1,-107],[8,-23],[47,72]],[[24804,36972],[-10,-56]],[[24794,36916],[-108,5]],[[24686,36921],[-31,-2],[0,172]],[[24686,36921],[-3,-86],[-1,-525]],[[24682,36310],[0,-84],[-52,-3]],[[24630,36223],[-5,-2],[1,192],[-6,1],[1,429],[-61,2],[-32,-29],[-15,0]],[[24833,22420],[20,-4],[7,-47]],[[24965,21999],[13,-93],[-13,53],[-14,8],[-8,-27],[-15,9],[18,-62],[0,-52],[-23,79],[0,-40],[12,-52],[-12,-22],[1,-55],[11,-58],[20,-17],[-1,-36],[12,-38],[-1,-55],[7,-74],[9,48],[5,-33],[22,-4],[16,-54],[3,48],[20,-146],[11,70],[24,-178],[0,-95],[6,-21],[18,45],[7,-66],[-24,-24],[-2,-53],[16,-5],[-8,-83],[-11,38],[-12,-154],[2,-71],[-21,58],[-2,89],[-8,25],[-31,-222],[-15,-65],[7,107],[9,47],[5,77],[9,34],[0,87],[9,37],[-1,82],[-10,38],[-4,-100],[-16,-46],[-12,46],[-14,124],[-34,69],[-10,73],[-56,53],[-17,-45]],[[24862,21297],[-8,77],[-8,177],[-5,35],[0,158],[-3,29],[1,130],[-8,103],[-15,122],[0,169],[10,35],[7,88]],[[24939,21747],[17,16],[-9,-68],[-8,52]],[[25435,52038],[42,1],[0,328],[22,0],[0,164]],[[25499,52531],[69,-1]],[[25597,51716],[-17,-234],[-19,-105],[-20,-180],[-41,-280],[6,-53]],[[24031,51892],[99,-5],[1,162],[104,-5],[0,-160]],[[24067,51078],[-1,153],[4,8]],[[6112,76595],[-43,-52],[-21,-50],[-29,-35],[-5,-34],[-41,-45],[-44,-98],[-79,-117],[-26,8],[-28,85],[-5,118],[-20,78],[-40,61],[2,74],[11,28],[9,268],[-12,-6],[-25,-161],[-41,-87],[-6,-93],[5,-93],[-8,-60],[-14,-19],[-3,-52],[9,-128],[16,-146],[19,-123],[-26,-140],[-28,-33],[-42,51],[-39,259],[-47,334],[-26,118],[-23,67],[-31,21],[16,105],[-16,70],[-25,-14],[-6,-140],[-15,11],[1,-104],[-29,-48],[-24,127],[3,41],[-19,31],[-11,-48],[-16,9],[-1,95],[-22,-29],[-25,98],[18,76],[-17,143],[-44,-84],[-46,-115],[-31,-100],[-20,-153],[-13,92],[-46,-74]],[[5033,76558],[-75,-163]],[[5243,76312],[5,66],[14,-134],[-7,-40],[-12,108]],[[5210,76293],[8,123],[5,-91],[-13,-32]],[[5030,76116],[7,210],[39,84],[21,10],[39,122],[5,-4],[-55,-438],[-22,-52],[-32,-6],[-2,74]],[[16019,35517],[4,34],[13,-24]],[[16138,35643],[-5,-65],[10,-22],[16,-147],[58,-157],[4,-23]],[[16221,35229],[88,-471],[2,-299],[-18,-24],[-5,-90]],[[28366,33977],[4,34],[23,30],[-6,16],[-4,86],[-7,16]],[[28376,34159],[-2,74],[19,13],[6,59]],[[28399,34305],[66,-14],[70,9]],[[28535,34300],[-7,-58],[-2,-122],[8,-151],[12,-140],[-3,-88]],[[28543,33741],[-19,-150]],[[25997,34615],[4,164]],[[26001,34779],[13,32],[18,10],[2,-48],[37,-39],[19,-135]],[[26090,34599],[0,-189]],[[26090,34410],[-9,-118],[-24,-45],[-46,42]],[[26011,34289],[-12,22],[-7,73],[5,101],[0,130]],[[26250,24624],[53,-6]],[[26303,24618],[-6,-53],[-1,-291],[-9,-158],[-17,-54],[-7,-84]],[[26263,23978],[-11,47],[-6,120],[-2,134],[-11,83],[-6,127]],[[25390,23898],[-5,128],[11,110],[12,29],[-11,106],[16,96],[-11,61],[0,76],[7,74],[-10,77],[10,108],[-9,29]],[[25400,24792],[9,1],[-2,56]],[[25407,24849],[9,-11],[18,40],[6,126],[12,13],[-7,45],[13,-18]],[[25499,24946],[0,-463],[5,0]],[[25526,23141],[-38,-57],[-40,-38],[-56,-7],[18,66],[12,-42],[35,44],[3,55],[-15,77],[-9,80],[-18,64],[-7,145],[9,119],[-3,122],[-7,77],[-20,52]],[[25991,29164],[15,108]],[[26080,29992],[12,29],[25,13]],[[26134,29452],[9,-318]],[[24005,28936],[52,-8],[9,27],[29,-55],[17,29],[8,-11]],[[24120,28918],[10,-22],[2,-73],[18,7],[-4,-45],[12,-50],[22,55]],[[24239,28536],[8,-8],[-7,-115],[7,-122],[12,-45]],[[24259,28246],[-183,11]],[[24076,28257],[-74,5]],[[24002,28262],[3,674]],[[27687,45577],[13,27],[73,237],[29,146],[30,80],[26,41],[4,30]],[[27862,46138],[21,-59]],[[27883,46079],[0,-1008]],[[27729,45071],[-42,1],[0,505]],[[26518,32841],[2,-5]],[[26520,32836],[11,8],[30,-39],[20,5],[34,-39],[7,15],[-2,-108],[-8,-59],[-18,-39],[2,-83]],[[26596,32497],[-7,-58]],[[26589,32439],[-19,-7],[-16,20],[-38,-71],[-10,32],[-7,106]],[[26499,32519],[-3,109],[9,41],[-4,70],[17,102]],[[23223,35715],[73,0]],[[23322,34963],[-106,0]],[[23216,34963],[0,644],[7,0],[0,108]],[[22143,45233],[0,653],[-4,-2],[0,556]],[[26707,34583],[24,55],[-3,32],[24,137],[30,93],[8,-37],[11,3],[31,90]],[[26832,34956],[62,0]],[[26894,34956],[0,-140],[-5,-45],[-21,-74],[6,-45]],[[26874,34652],[-6,-40]],[[26868,34612],[-31,-88],[-12,3],[-16,-68],[-6,12],[-24,-118],[-17,-56]],[[26714,34385],[-7,198]],[[26733,45129],[-1,-45],[-16,-63],[-6,-63],[-13,-6],[-5,-87],[-13,-35],[-17,-116],[5,-127],[-8,-15]],[[26659,44572],[-86,-17]],[[23413,40456],[140,-5]],[[23553,40312],[0,-556]],[[23553,39756],[-17,-3],[-5,50],[-9,-26],[-14,18],[-5,50],[-10,3]],[[23493,39848],[-8,112],[-12,34],[-6,127],[9,40],[-13,16],[-12,65]],[[23451,40242],[-6,51],[-16,50],[-1,47],[-15,66]],[[24507,40578],[8,-98],[13,-13],[15,-155],[31,-106]],[[24574,40206],[40,-168],[20,-161]],[[24634,39877],[-129,6],[0,-165],[-21,1]],[[19425,52641],[1,164],[137,0]],[[19563,52805],[0,-323],[6,0],[-1,-518],[17,-82],[0,-53]],[[19319,50999],[0,8],[-74,0]],[[26463,31315],[9,31],[24,-42],[12,67],[3,71],[13,42],[23,-31]],[[26550,31048],[-12,-85],[-26,-79]],[[5391,7702],[1,66],[11,61],[7,101],[18,45],[20,90],[23,-35],[3,46],[17,-21],[8,21],[13,-29],[11,-59],[5,-142],[-11,-104],[0,-174],[-15,-99],[-16,-68],[-40,58],[-4,-14],[-18,119],[-27,53],[-6,85]],[[5263,7348],[5,79],[12,72],[18,61],[3,71],[15,2],[-8,-129],[2,-45],[-23,-68],[-12,-151],[-8,15],[-4,93]],[[25967,41193],[21,4],[0,27]],[[26068,41227],[-1,-137],[-5,2],[0,-162]],[[26062,40930],[-10,0],[0,-164]],[[25963,40763],[-1,323],[5,0],[0,107]],[[25774,40107],[-16,-20],[1,-318]],[[22842,37752],[87,-5]],[[22842,36605],[0,819]],[[26065,36594],[0,-67],[30,-131],[24,-213],[-6,-45],[11,-8],[6,-55]],[[26130,36075],[-8,-45],[-41,-109]],[[26037,36057],[4,163],[-7,61],[3,111],[8,51],[0,63]],[[26121,23678],[59,-5],[1,82],[66,-4]],[[26247,23751],[-17,-162],[-2,-130],[-9,-52],[5,-53],[-8,-78],[3,-73],[-7,-22],[0,-73],[-16,-117]],[[26196,22991],[-77,2]],[[26119,22993],[2,685]],[[15811,37041],[10,-174],[-2,-43],[12,-3],[34,-100],[8,-63],[11,-9],[3,-61]],[[15877,36250],[0,-132],[-25,0],[0,-46],[-21,-7],[7,-149]],[[15838,35916],[-12,19],[-2,50],[-17,96],[-4,100],[5,207],[-12,143],[-2,84],[-12,23],[-6,53],[-1,123],[7,81],[-2,146]],[[16106,43545],[153,0],[218,0]],[[16477,43545],[0,-812],[1,-54],[0,-1216],[-1,-631],[-1,-21]],[[16436,40782],[11,162],[0,272],[-16,55],[-10,83],[-3,137],[-10,40],[-26,14],[-19,60],[-15,109],[-6,0],[-7,81],[-19,29],[0,40],[-21,42],[-31,14],[-9,-71],[-21,-67],[0,-79],[-16,-15],[-5,55],[-16,0],[-16,66],[0,355],[-74,-1]],[[16107,42163],[2,392],[0,469],[-3,0],[0,521]],[[29747,49196],[18,-39],[37,16],[36,-62]],[[28840,37576],[107,61]],[[28947,37637],[-16,-127],[-15,-157],[-8,-43],[-11,59],[-14,-59],[-26,-216],[-11,-202],[1,-103],[-20,-169],[-1,-37]],[[28826,36583],[-37,2],[6,120],[-15,50],[-27,-11]],[[28753,36744],[3,95],[16,127],[3,65],[16,105],[-5,61],[21,27],[15,105],[1,45],[-20,34],[24,86]],[[28737,37499],[-7,-48],[-7,48]],[[28736,37303],[7,-24],[-7,-43],[0,67]],[[25666,27724],[0,-124],[28,2]],[[25694,27602],[5,-163],[-1,-69],[5,-108],[8,-82],[9,-24],[-6,-48],[8,-55],[0,-56]],[[25697,26449],[-76,-2],[-3,73],[-9,14],[-8,92],[-32,103],[-7,78],[-15,55],[-8,-6]],[[25539,26856],[0,78]],[[21108,43939],[0,-649],[-1,-86]],[[21107,43204],[-54,0]],[[21053,43204],[-133,-1]],[[20920,43203],[0,733]],[[23034,43230],[32,-1],[8,56]],[[23197,43301],[6,-42],[-3,-56],[11,-44],[-3,-70],[7,-73]],[[23215,43016],[-7,-54],[-2,-114],[4,-52]],[[29018,40422],[36,-171],[-1,-186]],[[29053,40065],[-6,-29],[-4,-138],[-7,-20],[2,-88]],[[29038,39790],[-31,31],[-6,40],[-18,-5],[-7,-58],[-9,39],[-2,75],[-18,60],[-3,48],[-10,-19],[-15,109],[-7,-13],[-11,76]],[[28901,40173],[-2,133],[11,3],[9,68],[10,19],[19,108],[43,-190],[6,209]],[[27883,46079],[20,-31],[19,-148],[23,2],[34,80],[5,-27],[28,75],[9,-6],[28,51]],[[28092,46047],[0,-976]],[[28092,45071],[-170,-2]],[[28180,47627],[55,-48],[23,-31],[15,-76],[23,-74],[12,-16],[9,29],[35,49]],[[28179,47193],[1,434]],[[28170,30722],[10,9],[2,66],[7,21],[9,-40],[11,5],[19,47],[3,-58],[20,-106],[7,-5]],[[28258,30661],[-32,-253],[-13,-157],[-17,-278]],[[28196,29973],[-3,58],[4,102],[-1,198],[-5,58],[-4,185],[-13,75],[-4,73]],[[25699,36114],[1,-66],[-7,4],[-1,-69],[8,-103],[-13,-35]],[[25578,36009],[7,66],[-22,122],[5,113],[7,-15],[13,154]],[[25241,30973],[0,-705]],[[24580,28245],[0,168],[59,-3]],[[24639,28410],[13,2],[0,-327]],[[24652,28085],[-29,-162],[0,-40],[18,3],[-5,-48],[7,-45],[-15,-69],[22,-76],[-6,-46],[-4,46],[-6,-50]],[[27803,31670],[43,-8],[43,222]],[[27889,31884],[23,-72],[15,-147]],[[27936,31010],[-7,-44],[-15,-24],[-5,-96],[-13,-31],[3,-30],[-19,-123]],[[27774,31264],[-3,17]],[[26818,33242],[10,44],[11,-29],[15,32],[11,55],[13,11],[43,121],[29,28]],[[26950,33504],[20,-30],[1,-98],[14,-45],[2,-40]],[[26987,33291],[-5,-39],[8,-124],[-6,-56],[10,-51],[23,-60]],[[27017,32961],[-18,-16],[2,-40],[-11,-56]],[[21527,56015],[251,2]],[[21778,56017],[108,-2]],[[21861,55041],[-21,1],[0,-320],[-60,0]],[[21699,54923],[-25,52],[-5,141],[-11,65],[-10,106],[4,61],[15,51],[-18,85],[-40,-56],[-17,-11],[-16,21],[-35,-84],[-19,20],[-20,61],[-19,4],[-1,62],[-35,-15],[-12,18]],[[21384,55846],[0,169],[143,0]],[[28848,41025],[27,-7],[23,-59]],[[28899,40944],[-13,-53],[-14,-149]],[[28872,40742],[-6,11],[-23,-134],[0,-45],[14,-62],[-7,-192],[14,-83],[7,-95]],[[28802,40013],[-2,152]],[[25951,23345],[8,40],[23,0],[8,56],[102,-6],[1,244],[14,0]],[[26107,23679],[14,-1]],[[26119,22993],[1,-518]],[[26120,22475],[-11,48],[-17,21],[-15,65],[-16,114],[-27,75],[-26,129],[-21,82],[-36,111]],[[25951,23120],[0,225]],[[26154,31945],[0,-231],[18,-13],[0,-150],[16,-13]],[[26081,31204],[-2,64]],[[27389,40808],[87,0]],[[27476,40808],[28,0]],[[27511,40650],[-11,5],[-5,-82],[-7,3],[-6,-64],[8,-143],[-7,-32]],[[27469,40261],[-20,40]],[[27449,40301],[-33,76],[-32,207],[-12,-34],[-14,44]],[[27358,40594],[18,25],[4,134],[9,55]],[[7281,81424],[242,0],[223,0],[0,-325],[100,0],[0,-114]],[[7846,80985],[-14,-24],[-39,-248],[-36,-19],[-19,-50],[-33,3],[-39,-101],[-48,-175],[-1,-47],[26,-199],[-2,-37],[-38,40],[-19,-29],[-30,-83],[-21,-148],[-27,-47],[-32,-119],[-6,-117],[8,-55],[19,-38],[-40,-90],[-9,-108],[-13,-7],[-28,-112],[-19,-11],[-9,45],[-25,-18],[4,-109],[16,-21],[-3,-49],[25,-67],[8,-56],[-12,-118],[-19,-75],[-7,-100],[-25,-34],[-4,-35],[-39,-3],[-15,19],[-40,-50],[-18,5],[-19,-96],[23,25],[15,-32],[15,48],[19,2],[7,-80],[-16,-187],[-19,-26],[-26,-82],[-28,60],[5,-55],[-13,-29],[-18,29],[7,57],[2,120],[-22,114],[3,-191],[-9,-88],[-18,-25],[-13,41],[-6,-57],[16,-45],[-9,-85],[-49,-16],[17,-149],[-8,-52],[-27,-34],[-10,13],[-24,-72],[-12,21],[-36,-60],[5,-41],[20,-29],[-23,-52],[-7,-69],[2,-98],[-12,-71],[-24,-56],[24,-42],[-6,-95],[10,-96],[27,101],[59,-37],[16,36],[12,-36],[15,40],[22,-125],[19,-43],[19,20],[23,-54],[18,-85],[8,-86],[13,-37]],[[8387,80334],[-1,-207],[81,0]],[[8512,78638],[-14,-40],[-34,80],[-29,-64],[-15,83],[-27,-33],[-22,8],[-9,45],[24,119],[-9,22],[-27,-61],[-29,-281],[-30,-68],[-9,29],[14,89],[13,135],[-15,276],[-16,8],[-5,-45],[1,-130],[13,-85],[-10,-7],[-10,-115],[-17,17],[-8,-32],[-5,-109],[-11,-28],[4,-75],[25,-50],[-6,-119],[-27,52],[-12,204],[8,59],[-11,126],[-17,9],[6,-83],[-8,-79],[5,-315],[-5,-103],[-27,119],[-1,69],[-16,45],[-34,50],[3,-64],[24,-58],[-1,-102],[-69,-254],[-32,-146],[0,-58],[-16,-16],[-9,-138],[-12,3],[-3,113],[34,339],[0,46],[-26,-104],[-19,-178],[-12,17],[-9,228],[-13,-83],[-11,3],[16,-100],[-5,-128],[-39,0],[-8,-98],[-18,-39],[-22,-88],[7,-69],[-15,-66],[-16,-16],[0,86],[-16,58],[-13,-72],[-1,-85],[-22,-28],[-24,50],[-9,-37],[-21,61],[-7,70],[-12,-58],[-21,-44],[6,-56],[-20,0],[-5,-63],[-41,-11],[-6,122],[-22,-22],[-21,35],[3,35],[-21,13],[-3,113],[8,58],[16,29],[5,114],[32,50],[9,-18],[29,82],[33,5],[0,72],[33,34],[34,100],[31,-15],[-11,111],[22,42],[3,51],[37,164],[-13,24],[-24,-35],[-60,-175],[-30,-32],[-18,-63],[-39,26],[-52,136],[-11,110],[18,188],[13,72],[15,214],[27,127],[17,53],[35,159],[11,157],[0,115],[23,51],[5,251],[4,43],[-18,71],[-22,262],[39,56],[5,44],[63,43],[89,264],[92,189],[51,-258],[41,-26],[13,-44],[34,181],[30,12],[36,-72],[19,16],[63,-77],[65,-32],[22,-66]],[[7902,77506],[29,145],[15,-27],[-1,-74],[-28,-119],[-15,30],[0,45]],[[7692,77161],[26,-23],[-3,-58],[-23,81]],[[7639,77132],[22,-28],[-7,-53],[-14,23],[-1,58]],[[7599,77194],[20,-3],[-5,-55],[-15,58]],[[7537,79403],[29,127],[8,180],[31,-46],[-28,-103],[-9,-79],[5,-39],[-36,-40]],[[7382,79064],[17,10],[5,-142],[-22,132]],[[7126,77616],[41,45],[18,-70],[-5,-77],[-13,-25],[-29,-5],[-16,95],[4,37]],[[23889,31493],[0,53],[30,2]],[[23919,31548],[59,-2]],[[23978,31546],[30,0],[0,-163],[-3,-89],[29,-3],[-1,-84],[20,0],[4,-164]],[[24057,31043],[-34,5],[0,-108],[-9,2],[0,-112],[-128,16]],[[16219,37732],[20,-128],[56,-331]],[[16295,37273],[74,-372]],[[16369,36901],[-166,-437],[5,-103],[-73,-394]],[[20386,38885],[178,8]],[[20672,38803],[0,-244]],[[20672,38559],[1,-489],[-31,0]],[[20642,38070],[-89,2],[-68,11],[-51,0]],[[20434,38083],[-17,62],[-9,79],[-34,198]],[[26842,23247],[14,-37],[8,8],[20,138],[-5,109],[-10,41],[-8,157],[11,72]],[[26936,23710],[0,-838]],[[26936,22872],[0,-63],[-20,-78],[-2,-68],[-11,-64],[13,-93]],[[26880,22298],[-12,16],[-10,50],[-9,118],[-8,8]],[[26841,22490],[11,61],[-9,40],[-1,246],[0,410]],[[26605,29926],[31,113]],[[26708,29817],[-8,-68],[7,-93]],[[26707,29656],[-3,-51],[-32,-68]],[[26644,29760],[-7,7],[-32,159]],[[23037,47879],[-40,0]],[[22997,47879],[-91,0]],[[27162,34990],[12,48]],[[27269,35273],[22,-10],[27,18],[1,38],[12,34]],[[27331,35353],[30,-252]],[[27366,35061],[22,-171]],[[27388,34890],[-18,5]],[[27154,34945],[8,45]],[[28548,35982],[4,-86],[-3,-77],[16,-37],[35,-156],[1,-43]],[[28601,35583],[-13,-24],[-73,-368],[-30,-142]],[[28485,35049],[-3,8]],[[28478,35168],[7,103],[9,48],[4,123],[10,49],[0,49],[-12,93],[3,75]],[[27425,41624],[6,53]],[[27431,41677],[24,-16],[21,-34]],[[27476,41627],[0,-266]],[[27476,41361],[-59,30]],[[27417,41391],[-2,80],[9,49],[1,104]],[[8276,81503],[20,29],[31,0],[2,-54],[17,0],[0,-54],[200,0]],[[8387,80334],[7,21],[-22,101],[-29,58],[-38,-23],[-51,102],[-24,-2],[-40,68],[-26,111],[-38,104],[-29,45],[18,88],[24,15],[31,199],[23,29],[8,97],[46,43],[30,72],[-1,41]],[[8050,80884],[6,61],[18,-18],[-20,-69],[-4,26]],[[24454,31810],[20,-1],[1,136],[15,0],[0,36],[25,-4]],[[24529,31725],[-1,-243],[15,-6],[-1,-166]],[[24542,31310],[-1,-328],[15,-1],[0,-250],[-15,0]],[[24451,31156],[0,55],[-19,30],[0,109],[20,-3],[1,298],[2,80],[-6,66],[5,19]],[[26983,40177],[3,166],[31,-13],[3,169]],[[27107,40301],[-2,-235],[10,-43],[-1,-55],[27,-6],[-1,-100]],[[27140,39862],[-8,-66]],[[27132,39796],[-51,13],[-92,31]],[[22581,31376],[-14,0],[0,-326]],[[22567,31050],[-29,1],[0,-82],[-14,-27],[-59,0],[0,-53],[-29,0],[-14,-27]],[[22422,30862],[0,189],[-46,0],[0,163]],[[22376,31214],[0,488],[57,0]],[[23002,40518],[95,0]],[[23153,39864],[-1,-169]],[[23152,39695],[-12,126],[-26,-7],[-16,42],[-11,-63],[-14,13],[-2,-50],[-16,26]],[[23055,39782],[-19,34],[-1,-44],[-24,76],[-4,61],[-22,96],[-2,61],[-22,147],[5,106],[11,29],[7,87],[15,45],[3,38]],[[28474,42523],[-16,-3],[-11,77],[-16,-2],[-5,29],[-11,-27],[-38,30]],[[27847,29552],[-16,-20],[-10,39],[-10,119]],[[27811,29690],[-2,35]],[[27811,29690],[-21,-127],[-14,-217],[3,-36],[-18,-112],[-11,-37],[-15,-101],[-12,-134],[-12,-66],[0,-59]],[[27711,28801],[-22,48],[-8,85],[-6,-6],[-13,56],[-4,58],[-26,114],[-10,23],[-29,-18]],[[27593,29161],[30,387],[5,32],[-6,87],[12,68],[11,27],[11,125]],[[26505,34350],[10,-112],[8,-45]],[[17508,49646],[-6,-44],[-2,-119],[-6,-65],[2,-86],[-5,-234],[-26,0]],[[17465,49098],[-124,3]],[[17341,49101],[-1,50],[-18,27],[-2,85],[-20,-19],[-16,95],[-19,-40],[-14,80]],[[23548,35713],[-108,2]],[[23426,39425],[10,34],[20,-31],[11,15]],[[23467,39443],[7,111],[10,19],[13,-34],[54,2]],[[23551,39173],[0,-204]],[[23551,38969],[-125,0]],[[23426,38969],[0,456]],[[26442,39136],[5,-42],[45,-64]],[[26492,39030],[21,30],[20,-35]],[[26462,38625],[-15,1],[2,50]],[[26449,38676],[-8,450],[1,10]],[[6431,3414],[1,62],[21,143],[15,14],[9,137],[16,90],[2,93],[-16,149],[-6,171],[4,103],[11,30],[22,-45],[11,-75],[22,-74],[16,-82],[11,14],[43,-101],[35,-108],[20,-88],[17,-98],[16,-124],[-2,-219],[25,2],[6,-93],[-1,-82],[28,-161],[17,-40],[4,-36],[-4,-67],[-20,-122],[-31,-148],[-23,-61],[-13,-53],[-16,-28],[-18,21],[-11,-13],[-14,-91],[-19,-56],[-9,-58],[-15,-31],[-15,-104],[0,-69],[-7,-44],[-6,-93],[-19,-108],[-15,100],[-21,82],[-22,45],[-8,91],[-3,95],[9,372],[-10,181],[0,92],[-8,14],[-5,176],[-5,85],[-13,58],[2,37],[-10,95],[2,20]],[[25195,37332],[-123,-3]],[[25072,37329],[0,165],[-8,0]],[[19940,37863],[158,0]],[[20098,37863],[1,-359]],[[20063,36507],[-99,-1]],[[19964,36506],[0,406]],[[19964,36912],[0,242],[7,25],[-3,52],[-13,30],[-6,90],[5,52],[-4,79],[-10,40]],[[26062,40930],[82,1]],[[23466,46120],[131,-3]],[[23545,45465],[-64,0]],[[23481,45465],[1,495],[-16,0],[0,160]],[[22165,38240],[0,650]],[[23885,30736],[15,0],[0,-109],[44,-6],[3,-55],[43,-23],[-3,-103],[4,-36],[40,-12]],[[24029,29746],[-7,23],[-7,-47],[-26,-50],[-10,34],[-9,-21]],[[23895,30021],[-20,230],[-4,207],[5,29],[-17,15],[0,75],[6,-1],[1,163]],[[26301,30251],[22,-3]],[[26323,30248],[67,-8]],[[26390,30240],[10,-208],[-18,-95],[2,-40],[-8,-119],[-30,-156]],[[26305,29740],[0,239],[-4,24],[0,248]],[[26435,30728],[-1,-278]],[[26434,30450],[-26,-18],[-2,-99],[-16,-28],[0,-65]],[[26323,30248],[0,233],[2,46],[0,348]],[[26797,27685],[26,13],[22,-55],[-3,-48],[36,-90],[-2,-165],[7,-21]],[[26883,27319],[0,-86],[-12,-24],[-1,-88],[-15,-146],[8,-37]],[[26863,26938],[-38,-216],[-8,3]],[[26722,27452],[75,233]],[[26067,42039],[37,0]],[[26167,41904],[1,-431]],[[26168,41473],[-100,0]],[[23002,40518],[-63,0]],[[22939,40518],[0,814]],[[26130,36075],[12,66],[-1,37],[33,46],[8,73]],[[26216,36064],[-34,-286],[-11,-68],[-8,-135]],[[22350,22875],[92,2]],[[22426,22139],[-37,-46]],[[22389,22093],[-39,115]],[[22629,29042],[120,0]],[[22749,29042],[29,-7]],[[22774,28216],[-41,3]],[[22733,28219],[-105,14]],[[22628,28233],[1,320],[0,489]],[[22488,16598],[-148,3]],[[22340,16601],[0,905]],[[28027,39563],[25,-53],[1,53],[16,86],[16,0],[-3,-79],[10,-48],[-1,-49]],[[28091,39473],[-6,-14],[0,-95],[10,-11],[-10,-116],[-17,-111]],[[28068,39126],[-32,-182],[-10,25],[-27,-251]],[[27999,38718],[-63,297]],[[27936,39015],[20,209],[23,114],[0,-58],[10,39],[15,106],[7,-34],[14,102],[-6,25],[8,45]],[[28048,40425],[34,-95]],[[28082,40330],[-4,-100],[5,-45],[-6,-57],[7,-18],[-23,-171],[6,-24],[-11,-86],[10,-58],[-16,-100],[-13,-47]],[[28037,39624],[-15,81],[-12,16],[-5,-40],[-21,54],[-10,4],[-46,91],[-23,73]],[[27905,39903],[15,77],[12,93],[9,5],[23,217],[11,30],[20,134]],[[24823,52364],[190,3],[17,5],[0,-75],[35,-8],[0,78],[35,-6]],[[25100,52361],[1,-805]],[[24995,51560],[-1,164],[-171,0]],[[26751,35718],[19,31],[-5,46],[8,37],[-4,116],[16,133]],[[26785,36081],[7,-41],[23,82],[5,46],[16,50],[24,5]],[[26860,36223],[14,-81],[13,39],[19,-98]],[[26906,36083],[-18,-77],[-26,-74],[0,-138],[-16,-63],[-12,-3],[-12,-61]],[[24104,22789],[26,27],[6,-55],[23,-53],[14,32],[25,153]],[[24287,22687],[-7,-128],[6,-254]],[[24286,22305],[-2,-63],[-24,-58],[-14,-55],[-6,52],[-18,-26],[0,-51],[9,-48],[18,-13],[-9,-49],[8,-101],[20,34],[5,-29],[-13,-23],[6,-32],[-32,-9],[-26,-79],[-20,-15],[-82,102]],[[24106,21842],[1,623],[-1,224],[-34,-2]],[[24072,22687],[32,102]],[[29771,46423],[99,-18]],[[29870,46405],[8,-2]],[[29990,45105],[-84,-18]],[[29812,45129],[0,246],[-18,-15],[-18,56],[12,115]],[[29788,45531],[3,123],[-18,-17],[-3,94],[-8,-16]],[[26451,36694],[8,64],[22,18]],[[26481,36776],[13,-7],[22,34],[17,-72]],[[26522,36184],[-17,5],[-14,31],[-18,123],[-5,-29]],[[26339,45862],[0,651]],[[24905,28632],[13,132],[16,1]],[[24910,28015],[-65,-10]],[[23549,36938],[151,-26]],[[26329,27360],[15,-22],[5,32],[17,3],[4,37],[13,0]],[[26383,27410],[-3,-51],[6,-77],[7,-15],[4,-133]],[[26387,26671],[0,-61]],[[26387,26610],[-27,1],[0,31],[-20,77],[-6,76],[-8,0]],[[26326,26795],[-3,0]],[[29346,46529],[11,14],[9,61],[12,-78],[5,12]],[[29383,46538],[-8,-157],[-10,-80],[-6,-100],[3,-50],[-9,-211]],[[29353,45940],[-131,-104]],[[29222,45836],[-3,22],[10,139],[-4,106],[14,127],[8,185],[-5,22]],[[18511,48109],[0,-156],[-33,-6],[0,-163],[-33,0],[-3,-308],[-17,0]],[[18425,47476],[-99,0],[0,154],[-76,2],[0,242],[-10,5],[-8,158],[-8,11],[-19,-40]],[[26309,37329],[14,265]],[[26323,37594],[19,-32],[31,-87],[13,-135],[-1,-39]],[[26385,37301],[-14,-12],[7,-69],[-18,-65]],[[26360,37155],[-12,-75],[-19,83],[8,50],[-11,18],[-8,-36],[0,66],[-11,-19]],[[26395,37975],[13,-55],[-7,-120],[26,-87]],[[26413,37385],[-12,16],[3,-87],[-14,33],[-5,-46]],[[26323,37594],[9,211]],[[26109,37808],[-12,-40],[-12,-159],[7,-39]],[[26092,37570],[-13,-48],[1,-34],[-15,-76],[2,-41],[-29,-129],[-16,-8]],[[26022,37234],[-22,88],[1,58],[-11,105],[-14,-5],[-1,92],[-8,12]],[[24219,24205],[110,-2]],[[24329,24203],[2,-69],[11,-48],[10,-153],[0,-69],[-6,-194],[7,-95],[-7,-26]],[[24238,23176],[-4,95],[-5,0],[0,164],[-19,-2],[0,82],[-70,0]],[[26740,28894],[42,214]],[[26771,28381],[-14,-56],[-5,72],[6,116],[-27,47],[-22,21]],[[26709,28581],[6,135],[30,98],[-5,80]],[[27055,27367],[17,-47],[-1,-82],[16,-101],[-11,-243],[-4,-32]],[[27057,26881],[-58,74]],[[26999,26955],[-6,61],[19,155],[1,75],[10,87],[19,74],[13,-40]],[[27830,33614],[47,-31],[18,5]],[[27895,33588],[31,10]],[[27923,33066],[-15,-116]],[[27802,32942],[-57,-5]],[[27745,32937],[4,614]],[[22893,30235],[0,-110],[10,0],[0,-109]],[[22903,30016],[-3,-10]],[[22900,30006],[-14,0],[3,-117],[-16,-92],[-13,31],[11,-68],[-13,-35],[3,-103],[-11,-50],[-11,23],[-12,151],[10,48],[-2,106],[-9,45],[-10,-30],[-2,-68],[-13,31],[-9,-11],[-11,-103],[-20,8],[-5,48],[1,101],[-7,23]],[[22750,29944],[-22,-34]],[[22728,29910],[1,325]],[[21954,51570],[3,-53],[16,-117],[-12,-119],[15,-134]],[[21849,50257],[-23,-13],[-8,37],[-25,-26],[-29,-85],[-9,29],[-23,14]],[[21732,50213],[0,462],[-101,0],[4,83],[0,650],[4,0],[0,162]],[[21827,21197],[14,26],[0,136],[10,18],[3,154],[0,381]],[[21854,21912],[164,-1]],[[22018,20906],[-155,-3]],[[21863,20903],[-7,58],[-23,109],[3,23],[-9,104]],[[26910,36096],[18,53],[37,63],[11,57]],[[26976,36269],[6,20],[12,-63],[4,-114],[18,-156],[10,-125],[-4,-37]],[[27022,35794],[-13,-20],[-18,-78],[-7,17],[-11,-51]],[[26973,35662],[-10,-29],[-33,125],[-4,69],[-14,123],[-2,146]],[[25933,30992],[15,8],[13,42],[13,77],[35,151],[26,225],[9,19],[9,145],[13,53]],[[26085,31082],[-18,-76],[0,-82],[-16,-136],[-11,-44],[-37,-194],[-10,9],[0,-83]],[[25920,30477],[-1,425],[14,90]],[[25277,23993],[2,-185],[3,-500]],[[25282,23308],[-4,-52],[-7,24],[-10,-64],[-18,44],[-13,-25],[-5,49],[-18,9],[-18,-35],[-23,67]],[[25166,23325],[-20,76],[0,482]],[[25250,23023],[30,-21],[-14,-32],[-12,15],[-4,38]],[[25177,23076],[16,21],[30,-46],[6,-25],[-24,9],[-28,41]],[[24912,31964],[22,0]],[[24934,31964],[81,-3]],[[25045,31029],[-22,56],[-31,-10],[-11,63],[-54,2]],[[24927,31140],[0,246],[-15,-2],[0,162]],[[24912,31546],[0,418]],[[27701,34858],[56,-2]],[[27611,34326],[2,534]],[[27772,32054],[31,197],[29,122],[33,-89],[8,15]],[[27873,32299],[-5,-90],[6,-148],[12,-103],[3,-74]],[[23216,34636],[0,327]],[[23319,33985],[-36,0],[5,31],[-4,70],[-10,8],[-4,55],[-40,0]],[[23230,34149],[-15,0],[1,487]],[[22226,32844],[0,82]],[[22226,32926],[-3,80],[0,487]],[[26374,38602],[8,-24],[13,58],[54,40]],[[26453,38282],[-35,-141],[-17,-34],[-18,10]],[[25936,36557],[43,-17]],[[25934,36028],[2,92],[-30,223]],[[25906,36343],[-1,29],[25,-19],[4,64],[10,37],[-8,103]],[[26090,34410],[10,3],[2,-79],[21,-69],[14,-13],[0,-32],[34,-90],[24,-15]],[[26195,34115],[5,-11]],[[26200,34104],[-15,-74],[-26,3],[1,-86],[-6,-142]],[[26003,34091],[8,198]],[[25403,33546],[-3,-46]],[[25343,33556],[-11,2],[1,511]],[[26599,33995],[-1,83],[9,-53],[1,89],[9,-12],[12,79],[21,-24],[5,15]],[[26699,33649],[-24,69],[-21,-17],[-15,77],[-36,148],[-5,-10]],[[26396,42611],[49,2],[0,-55],[32,3],[0,-29],[63,4]],[[26540,42338],[-32,-6],[-2,-99]],[[26386,41992],[-6,8],[0,611]],[[26492,39030],[7,389],[7,302],[3,212]],[[26598,39496],[-9,-629],[0,-83]],[[22548,33329],[149,2]],[[22697,33331],[1,-653]],[[22698,32604],[0,-3]],[[23019,27881],[-1,-501],[-2,0]],[[23016,27380],[-142,6]],[[22874,27386],[1,208],[1,617]],[[24244,34778],[125,1]],[[24431,34776],[-1,-304],[-31,2],[0,-163],[-35,7]],[[24364,34318],[-130,14]],[[24234,34332],[2,446]],[[26206,27497],[48,-2],[1,-45],[58,2]],[[26313,27452],[8,-37],[-8,-85]],[[26227,27314],[-5,61],[-13,69],[-3,53]],[[26945,29449],[7,37],[26,56],[9,-31],[16,4]],[[27056,29251],[-74,-357]],[[26982,28894],[-13,98],[2,21],[-14,92],[-5,74],[5,43],[-15,42],[7,74],[-9,74],[5,37]],[[25355,36792],[-13,45],[-54,0]],[[17926,54931],[25,-25],[6,35],[34,-37],[31,-87],[8,5],[22,-64],[-3,-34],[29,-69],[18,32]],[[18096,54687],[71,0],[0,82],[31,0],[0,162],[-22,79],[8,151],[-9,105],[-13,53],[12,72],[-11,161],[87,0]],[[22002,45233],[0,650],[-4,0],[0,651],[-4,0],[0,122]],[[27465,31632],[67,-7]],[[27532,31625],[109,-14]],[[27641,31611],[1,-77],[9,-44],[10,-127],[22,-112],[-7,-8],[-8,-147]],[[27668,31096],[-15,-75],[-20,-8],[-7,27],[-18,-18],[-67,-234]],[[27541,30788],[1,51],[-12,81],[-1,136],[-12,69],[-2,71],[-8,56]],[[27507,31252],[-6,77],[-16,90],[-8,110],[-12,103]],[[26008,35008],[-7,-229]],[[25997,34615],[-42,26]],[[27721,35446],[13,349]],[[27874,35831],[-35,-973]],[[27804,34856],[3,115],[-9,11],[-1,50],[-9,14],[-6,-79],[-22,34],[-5,-27],[17,-50],[-3,-68]],[[28552,36427],[16,-124],[29,-136]],[[28597,36167],[8,-47],[21,18],[-3,-119]],[[28623,36019],[2,-103]],[[28614,35892],[-6,13],[-30,223],[-7,-13]],[[24499,47734],[150,0]],[[24649,47734],[0,-469]],[[24649,47265],[-6,2],[-15,-94],[-16,-25],[-13,-61],[-26,-28],[-4,-33],[-31,-97],[-25,-8]],[[24513,46921],[-6,172]],[[24507,47093],[0,97],[9,38],[6,84],[18,96],[-13,122],[-27,66],[-1,138]],[[23081,27934],[61,-6]],[[23142,27928],[0,-900]],[[23142,27028],[-105,3]],[[23037,27031],[5,96],[-17,81],[-9,172]],[[18915,40980],[109,0]],[[19269,40967],[26,0],[2,-42],[-12,5],[-2,-65],[-18,-24],[2,-140],[-15,-183],[7,-141],[-3,-40]],[[19256,40337],[-294,-4],[-1,102],[-9,56],[-5,116],[-7,-34],[-8,45],[-9,133],[-8,26]],[[19256,40337],[4,-111],[-2,-89],[-17,-161],[7,-90],[-7,-8],[-10,-144],[4,-21],[-11,-90],[-4,-134],[31,-43],[11,-82],[-11,0],[-7,55],[-22,1],[3,-99],[-12,-34],[9,-122],[12,-78],[-5,-17],[11,-71],[-9,-42],[6,-33],[1,-92],[15,-21],[-5,-92],[15,21],[0,-50],[-9,28],[-7,-42],[11,-35],[7,-70],[-9,-48]],[[19256,38523],[-233,0],[-124,0],[0,18]],[[18899,38541],[0,304],[2,0],[0,673]],[[31434,445],[20,53]],[[31454,498],[7,-69]],[[31461,429],[-2,-90]],[[31373,1063],[18,-25],[8,33]],[[31399,1071],[-1,-216]],[[31370,920],[6,49],[-3,94]],[[25458,50020],[8,61]],[[25466,50081],[101,-3]],[[25567,50078],[-18,-132],[-13,-175],[-9,-254],[-7,-90]],[[25457,49427],[1,593]],[[25943,27145],[13,64],[27,-9],[7,58],[-9,24]],[[26034,27475],[10,-53],[45,-126],[17,-6],[1,-164]],[[26107,26798],[-117,-5],[-6,27],[-1,84],[-11,-31]],[[25972,26873],[-20,114],[-9,158]],[[26507,25319],[0,-204]],[[26507,25115],[-1,-483]],[[26506,24632],[-32,2]],[[26402,24636],[-37,-2]],[[26365,24634],[0,85],[11,85],[29,132],[14,155],[32,62],[1,69],[12,41],[3,48]],[[26707,29135],[11,-122],[-1,-35],[13,-8],[10,-76]],[[26709,28581],[-25,-13],[-18,9]],[[26633,28552],[4,492]],[[18425,47476],[0,-325]],[[18425,47151],[-66,0],[0,-492],[2,-161],[16,0],[0,-162],[-16,0],[0,-93]],[[18044,47317],[0,109],[-6,0],[1,128],[-39,13],[2,122],[-6,70],[9,40],[0,67],[-13,12],[-10,59],[3,51],[-27,60],[6,132],[-7,46],[6,98],[-7,23],[-4,108],[-15,-31],[-12,21],[-15,-21],[2,47],[-39,78]],[[25553,28237],[29,4],[2,166],[8,72],[23,-5],[0,124],[12,63],[15,-16],[11,48]],[[25653,28693],[10,-2]],[[25663,28691],[1,-151],[15,-14],[0,-111],[10,-64],[15,-28]],[[25704,28323],[1,-398],[-40,0]],[[25553,27995],[0,242]],[[24416,41703],[-2,-133],[6,-195],[15,-148]],[[24322,41232],[-31,3]],[[23588,29990],[18,-25],[9,13],[-3,-68],[14,-29],[1,-40],[30,-111],[12,19],[1,-43],[17,6],[22,-19],[0,-53],[23,-5]],[[23733,29635],[-3,-153],[8,-40],[5,34],[9,-71],[17,-34]],[[23769,29371],[-10,2],[-23,-108],[-5,37],[-7,-70],[-5,57],[-11,-27]],[[26196,22991],[-11,-202],[5,-12],[0,-80],[6,-37],[24,-68],[1,-28]],[[26221,22564],[-8,-115],[9,-193],[-5,-53],[-19,-4],[-27,-123],[-6,-62]],[[26165,22014],[-18,11],[-18,-27],[-13,127],[-6,168],[8,66],[-2,-111],[12,-205],[10,8],[5,51],[1,158],[-24,215]],[[25609,44368],[28,40],[53,123]],[[22999,29905],[4,122],[-14,89],[9,17],[13,89],[-11,93]],[[23166,30395],[15,-59],[0,-344],[16,-48],[11,-77],[22,-4]],[[23206,29804],[-25,87],[-1,-49],[-30,-46],[-15,21],[1,-32],[-14,12],[-8,-144],[-14,-23],[-19,31],[-7,-130],[-12,-5],[-4,62]],[[23058,29588],[-14,100],[-21,-9],[-8,91],[-11,-6],[-16,48],[11,93]],[[28803,42706],[18,64],[23,33]],[[28844,42803],[5,-91],[10,-33],[8,24],[13,-146],[14,33],[14,-106],[-6,-67],[19,-82]],[[28879,42113],[-12,53]],[[25779,36454],[35,-61],[5,-77]],[[25819,36316],[19,-283]],[[25838,36033],[-14,-35],[-13,74],[-35,-18],[3,-29],[-17,-310]],[[25528,34471],[52,-36],[11,11]],[[25614,33768],[-92,63]],[[19256,40337],[20,-15],[236,0],[5,58],[10,10]],[[19527,40144],[0,-864],[-2,-347],[0,-410]],[[22381,22038],[8,55]],[[22520,21858],[5,-63],[10,-38],[9,16],[1,-47],[26,-80],[-2,-74]],[[22382,21215],[0,715],[-1,108]],[[22606,22154],[35,197]],[[18135,41549],[1,215],[0,1010],[1,427]],[[18137,43201],[234,0],[112,0],[85,143]],[[18568,43344],[65,-575]],[[18633,42769],[15,-100],[3,-162],[6,-47],[1,-257]],[[18658,42203],[-11,-15],[3,-143],[7,-86],[-6,-20],[1,-115],[12,-99],[1,-72],[-8,-32],[7,-90],[-9,-90],[1,-90]],[[18135,41153],[0,396]],[[24982,43053],[-24,-228],[1,-96]],[[24959,42729],[-1,-92],[-12,-40],[-15,-130],[-6,-100],[-6,14],[-32,-40],[-16,-51]],[[24871,42290],[-1,209],[-32,1],[1,163]],[[24537,27412],[7,26]],[[24634,27518],[9,-2],[0,-54],[9,1],[1,-82],[18,0],[10,-27],[0,-45]],[[24681,27309],[-14,-53],[5,-63],[-14,-144],[2,-55],[-21,14],[2,-75],[-9,-153]],[[24632,26780],[-17,-93],[4,-40],[-22,-15],[-8,-59],[-7,33],[-10,-98],[-24,65]],[[23895,42415],[77,7]],[[23972,42422],[107,11]],[[24079,42433],[8,-53],[-4,-63],[6,-59],[-9,-94],[12,-70],[-5,-26],[0,-97]],[[24039,41971],[1,81],[-90,0],[-53,-7]],[[23897,42045],[-2,370]],[[25940,38369],[11,0]],[[25951,38369],[8,-27],[44,1],[12,-104],[-7,-113]],[[25977,37924],[-16,12],[1,134],[-10,27],[-12,110],[0,162]],[[27670,39674],[8,-21],[6,-75],[-3,-50],[77,-116],[28,-3],[14,-18]],[[27800,39391],[2,-13]],[[27802,39378],[-7,-69],[-22,18],[3,-58],[-18,-43],[-9,-65],[9,-114],[-33,-217]],[[27725,38830],[-9,48],[-5,-48],[-17,28],[1,61],[-13,46],[-14,-185],[-9,-162],[-46,-172],[-24,27],[-36,-159]],[[31402,315],[-28,47],[2,83]],[[28284,35487],[62,215]],[[28470,35612],[-38,-133],[-71,-227],[-24,-84]],[[28337,35168],[-17,26],[9,265],[-14,-34],[-19,13],[-12,49]],[[27436,37084],[1,-32],[-55,-535]],[[27382,36517],[0,2]],[[27316,36818],[9,41],[-1,58],[33,137],[20,-55],[-13,105],[8,61],[-14,83]],[[28594,37285],[-16,-3],[-5,-43],[-16,-40]],[[28557,37199],[-11,62],[-12,20],[-21,165],[-11,18],[-4,72],[-15,48]],[[28483,37584],[-9,147]],[[28474,37731],[17,88],[15,-111],[18,-61],[-2,-58],[31,-35],[6,-29]],[[25349,30968],[4,222]],[[25523,31162],[0,-490]],[[25523,30672],[-29,5]],[[25494,30677],[-69,8],[-81,18]],[[25344,30703],[5,265]],[[18771,38526],[3,15],[125,0]],[[19283,37871],[-203,0],[-211,4],[-8,-8],[-112,4]],[[18749,37871],[-1,511],[23,144]],[[26172,41338],[109,2]],[[26280,40817],[-62,5],[0,-26]],[[26166,40933],[1,159],[5,2],[0,244]],[[26739,38530],[14,66],[9,91],[3,84],[14,96],[-6,40]],[[26773,38907],[6,44],[15,0],[21,51],[7,-53],[-3,-71],[9,-178],[9,-45]],[[26837,38655],[25,-24],[16,-98]],[[26836,38287],[-26,47],[-17,-10],[-22,133],[-32,73]],[[23716,42404],[-60,-5]],[[26050,50265],[-49,-2]],[[25929,50271],[0,200],[10,57],[13,-29],[16,129],[18,-56],[17,21],[8,51],[9,138],[10,26],[15,151],[11,76],[9,-11],[12,56],[3,-63],[-19,-51],[-4,-42],[14,-156],[-24,-130],[13,30],[0,-120],[-6,-10],[-8,-135],[4,-138]],[[25982,51515],[13,-27],[1,-95],[-14,122]],[[25931,50948],[6,37],[19,-40],[-6,-155],[-17,84],[-2,74]],[[25906,50705],[4,56],[16,0],[-3,-61],[-17,5]],[[19269,42844],[30,-85],[30,35],[4,37],[20,-14],[27,58],[15,1],[4,-139],[8,-21],[25,93],[0,127],[53,0],[0,-137],[11,2],[1,-191],[10,-41],[21,0]],[[19527,41746],[0,-1053]],[[26716,23104],[11,96],[-1,66],[12,71]],[[26738,23337],[4,59],[21,40],[1,-24],[22,10],[31,-117],[25,-58]],[[26841,22490],[-18,-41],[-4,-45]],[[26819,22404],[-10,10],[-4,119],[-11,76],[-26,127],[-2,33],[-26,53],[-6,-29],[-12,37],[-6,131],[0,143]],[[26557,23184],[98,2],[0,-82],[28,0]],[[26683,23104],[-1,-696],[5,-2],[0,-122],[9,1]],[[26696,22285],[0,-83],[-7,-66],[-6,-145],[-13,2]],[[26670,21993],[-12,18],[-10,61],[-13,27],[-13,98],[0,68],[-9,56],[-5,82],[-14,70],[-28,100],[-40,116],[-17,85]],[[28406,37383],[9,-17],[13,-180],[8,-23],[12,-98],[32,-48],[3,-76],[12,-24],[-2,-40],[15,-29],[11,-95],[-4,-69]],[[28422,36888],[4,66],[-21,-8],[1,53],[-16,0],[3,52],[-17,3],[-1,47],[-14,91]],[[28361,37192],[26,156],[3,69],[16,-34]],[[18760,52179],[28,-3],[12,69]],[[18800,52245],[21,137],[25,53],[9,103],[13,14],[-2,121],[8,88],[13,26],[1,122],[79,8]],[[19045,52917],[-3,-381],[1,-379],[-2,-365],[-17,0],[0,-124],[-17,0],[0,-325],[-33,0],[-3,-328],[1,-326]],[[18970,49710],[-16,18],[-7,83],[-25,82],[0,87],[-31,206],[-12,34]],[[19085,55208],[118,0]],[[19203,55208],[0,-108],[24,0],[0,-162],[36,0],[0,-82],[35,2],[1,-82],[32,0],[0,-542],[-12,-55],[0,-67],[-10,0],[1,-53],[21,-42],[3,-161]],[[19081,54099],[5,25],[-3,484],[-35,0],[1,259],[-6,27],[0,110],[6,-20],[0,116],[36,0],[0,108]],[[27342,44138],[134,-3]],[[27476,44135],[0,-19]],[[27476,44116],[1,-535],[-1,-131]],[[27476,43450],[-134,2]],[[27342,43452],[0,400]],[[15845,37699],[23,-12],[17,-33],[18,49],[24,7],[18,-39],[13,39]],[[15958,37710],[9,-68],[11,-21],[16,20],[14,61],[3,59],[26,2]],[[15832,37395],[-18,14],[-14,110],[8,-15],[9,42],[0,64],[19,-3],[9,92]],[[29781,43761],[-4,-31],[-35,-40],[-3,32],[-15,0],[-24,-43]],[[29700,43679],[-2,46],[-19,92],[0,106],[-11,98],[-26,-29],[1,113],[-3,180]],[[24793,44939],[130,3]],[[24923,44942],[15,-1],[0,-53]],[[24938,44888],[-1,-404],[1,-188]],[[25523,41607],[11,-39],[24,0]],[[25564,40595],[-41,0]],[[25523,40595],[-1,515]],[[24921,23477],[12,-2],[0,82],[15,0],[14,27],[0,246],[56,-1]],[[25018,23829],[1,-515]],[[25019,23314],[-7,-38],[9,-28],[1,-64],[-25,-92],[-8,-128],[-9,16],[-13,-26]],[[24967,22954],[-12,0],[-13,81],[-4,106],[0,111],[-15,123],[-2,102]],[[24496,29220],[126,0]],[[24622,29220],[0,-484],[13,0]],[[24635,28736],[-4,-70],[14,-58],[-6,-198]],[[24510,28251],[11,47],[1,51],[-21,80],[4,66],[21,-22],[7,21],[1,82],[-5,66],[13,51],[1,66],[-8,3],[-8,-79],[-10,108],[0,95],[20,116],[-1,82],[-16,-134],[-15,2],[-5,58],[18,21],[6,50],[-12,78],[-3,-87],[-17,-24],[12,135],[-8,37]],[[20353,54767],[36,0],[-1,-165],[36,0],[0,165],[119,0]],[[20766,54168],[-1,-330]],[[28121,45071],[-29,0]],[[26967,44002],[26,11],[20,71],[48,82],[12,-18]],[[27098,43716],[-26,0],[-1,-142],[-27,0],[-1,-117],[-26,0],[-1,-137]],[[27016,43320],[-46,3]],[[26970,43323],[-2,410]],[[15661,56422],[-6,0],[0,-372],[-155,0],[0,28],[-308,-2]],[[15192,56076],[-16,191],[-8,163],[1,85],[-11,90],[12,93],[9,222],[-19,74],[3,35],[17,2],[40,-89],[32,-102],[10,-2],[25,-63],[6,20],[41,-89],[-1,-32],[35,-66],[56,-18],[21,21],[31,-59],[9,30],[10,-29],[24,12],[12,-52],[41,3],[32,115],[-3,-39],[22,-67],[7,-73],[17,28],[17,-9],[-3,-49]],[[15264,55427],[85,0],[0,-28],[151,-1]],[[15500,55398],[0,-486],[4,0],[1,-326],[80,1]],[[15585,54587],[-1,-164],[13,-3],[-1,-378]],[[15596,54042],[-58,-3]],[[15538,54039],[-134,0],[-69,3]],[[15335,54042],[-11,209],[8,13],[6,-83],[11,50],[52,101],[-10,43],[-34,37],[-2,73],[-27,22],[-7,-48],[7,-135],[-16,-34],[3,61],[-4,331],[-14,283],[-24,129],[-9,333]],[[18423,56545],[52,4],[181,-5],[0,-81],[36,-1],[0,-82],[18,0],[0,-109],[160,4]],[[18870,56275],[0,-540]],[[18870,55735],[-71,-1],[0,-161],[-72,0],[0,-164],[-4,-34],[-31,19]],[[28645,36993],[-2,-69],[11,-18],[-19,-48],[-31,103],[-11,-44],[-7,40],[0,66],[-13,131],[-16,45]],[[28485,35049],[-5,-172]],[[28480,34877],[0,-16]],[[28480,34861],[-69,5]],[[28411,34866],[-37,-3]],[[28374,34863],[-16,19],[-5,142],[-12,45],[-13,-4],[-11,34],[20,69]],[[4107,91071],[134,24],[52,-18],[34,-50],[-41,-17],[7,-61],[-10,-115],[-31,-123],[1,-113],[12,-90],[-21,-95],[-49,-53],[-4,-32],[49,11],[42,-242],[40,-5],[36,51],[42,-1],[49,-49],[47,34],[69,24],[32,-93],[50,34],[18,-55],[52,51],[18,42],[84,-104],[18,95],[26,70],[37,241],[18,42],[40,-14],[8,-63],[32,-19],[31,43],[26,0],[-32,177],[-71,88],[-45,39],[-48,-2],[-60,-96],[13,180],[-3,133],[-62,184],[-22,146],[-26,56],[-59,23],[-8,90],[-32,144],[7,81],[27,29],[10,69],[16,-60],[24,45],[27,-143],[36,-146],[24,-16],[-19,-162],[3,-89],[28,-80],[57,-198],[53,-109],[39,29],[30,45],[9,79],[-45,3],[-10,72],[-56,113],[-53,180],[10,83],[0,97],[14,37],[1,91],[33,150],[30,-52],[22,5],[1,45],[-38,89],[-25,-13],[-28,91],[-87,-46],[-32,-60],[-34,0],[-39,-30],[-34,27],[-20,69],[-17,-25],[-21,36],[-4,-82],[-36,63],[-91,68],[-54,50],[-48,24],[-22,48],[1,157],[-22,262],[-52,348],[-20,93],[-36,100],[-91,162],[-145,366],[-21,39],[-51,140],[-20,34]],[[24247,32651],[-3,-553]],[[24244,32098],[0,-101]],[[24244,31997],[-29,3],[-1,-163],[-51,7],[-11,-55],[4,-109],[-6,19],[2,81],[-7,98],[-19,6]],[[24126,31884],[-15,84],[11,74],[5,75],[-4,68]],[[25821,37814],[16,-29],[8,47],[13,3],[1,40],[-13,20],[-1,54],[12,-24]],[[25857,37925],[17,-80],[-1,-132],[15,-74],[13,-34],[22,-1],[13,-94],[4,58],[10,18]],[[25950,37586],[6,-231],[-10,-110],[-39,-35]],[[25813,37673],[10,8],[6,67],[-8,66]],[[26181,38682],[-29,-159],[-11,-14]],[[26107,38568],[5,31],[-3,85]],[[23863,28265],[70,-1]],[[23933,28264],[0,-564],[14,0],[4,-156],[-2,-90]],[[28588,39909],[-13,42],[3,-73],[9,-33]],[[28563,39903],[-26,75],[0,177],[51,-2],[0,-244]],[[22221,33868],[-20,-15],[-12,-48],[-5,-100],[-10,-48],[-2,-64],[-17,-44],[-27,33],[-17,53],[-9,77],[0,132],[-13,8],[-16,-92],[-3,-77],[-21,-61]],[[22048,34779],[0,175]],[[29500,47532],[108,-26]],[[29622,47423],[-8,12],[-6,-279],[-36,3],[-3,-346],[24,-6],[-2,-352]],[[29565,46458],[-67,10]],[[29498,46468],[-8,104],[4,60],[1,205]],[[15538,54039],[-1,-107],[4,-656]],[[15438,53099],[-9,-27],[-13,16],[-19,-82],[-9,11],[-21,119],[-10,13],[-7,-76],[-10,-16],[6,188],[1,232],[-4,268],[13,-98],[-2,-135],[6,-260],[15,14],[1,60],[-10,64],[0,98],[12,-60],[14,134],[-19,186],[11,68],[25,85],[-17,59],[-6,-43],[-18,-3],[4,-37],[-16,6],[-20,71],[-1,88]],[[27802,39378],[60,-270]],[[27862,39108],[22,-96]],[[27884,39012],[-9,-77],[-1,-114],[-8,1],[-29,-341]],[[27837,38481],[-24,-123]],[[27813,38358],[-46,85],[-17,175],[-31,76]],[[27719,38694],[8,54],[-2,82]],[[15621,57610],[17,41],[2,-53],[-19,12]],[[15584,57415],[7,48],[20,2],[2,-47],[21,-67],[11,0],[-18,111],[37,173],[12,-3],[37,-93],[-19,-80],[11,-107],[-2,-99],[-11,-40],[4,-111],[-20,-20],[-15,81],[-9,-20],[-22,18],[-31,100],[-6,122],[-9,32]],[[15575,57589],[18,-16],[18,-87],[-30,66],[-6,37]],[[17084,55973],[8,-26],[35,129],[4,-85],[18,-76],[15,0],[-1,474],[28,-1]],[[17301,56385],[0,-127]],[[17301,56258],[0,-1145]],[[16240,58172],[-10,-48],[14,-66],[12,37],[7,-156],[9,-22],[0,-145],[16,-96],[-21,-147]],[[15783,57507],[-8,127],[8,70],[-13,49],[-17,-10],[-11,-66],[9,-71],[-19,65],[8,91],[-10,41],[-9,-23],[-1,105],[-21,86],[11,34],[-5,58],[-13,26],[16,86],[184,0],[97,-9],[145,8],[106,-2]],[[15718,57669],[6,23],[26,-185],[-18,67],[-14,95]],[[15616,58175],[15,0],[4,-46],[-17,-3],[-2,49]],[[16221,35229],[74,399],[17,-2],[-2,87],[16,85]],[[16326,35798],[9,-69],[16,-178],[-1,-92],[29,-127],[18,-40],[27,5],[31,92],[14,-20],[12,48],[40,39],[6,-24],[8,88],[16,100],[-2,40],[14,77],[9,4],[0,48],[10,-24],[5,83],[12,-13],[7,78],[-9,19],[4,56],[9,-30],[4,40],[10,-76],[3,66],[8,29],[13,-21],[15,108],[2,71],[-3,122],[14,120],[73,394]],[[16749,36811],[13,-53],[17,-13],[17,-135],[16,20],[6,-49]],[[16818,36581],[4,-51],[-8,-77],[6,-61],[-5,-34],[13,-53],[7,24],[14,-125],[-6,-34],[9,-188],[17,-12],[17,-46],[12,-63],[14,-34],[3,-90],[19,-231],[-1,-81],[-8,-19],[9,-169]],[[16596,34758],[-26,-130],[-2,23],[-21,-28],[-1,-27],[-58,-2],[0,-410],[-99,-514]],[[26429,30023],[7,-87],[27,-108],[12,-87],[25,-101]],[[26409,29442],[1,597],[19,-16]],[[22842,36605],[-182,-3]],[[22660,36602],[0,487]],[[23229,42425],[109,-10]],[[23338,42415],[48,-3]],[[23386,42412],[0,-187],[6,0],[0,-406]],[[23392,41819],[-105,5]],[[23287,41824],[1,51],[-18,42],[-12,177],[1,62],[-11,55],[-1,64],[13,68],[-11,29],[-5,-63]],[[19640,51554],[56,2],[36,-8],[0,54],[34,0],[0,55],[35,0],[0,493],[6,2],[0,217],[46,0],[0,53],[12,0],[0,55],[11,0],[0,53],[35,0],[0,109],[45,0]],[[19956,52639],[24,0],[0,-162],[70,0],[0,-82],[34,0],[0,-81],[32,0]],[[20116,52314],[0,-72],[17,0],[0,-82],[-10,0],[0,-194],[51,-26],[0,-597],[-11,4],[0,-325],[136,0]],[[20304,50675],[-178,3],[-125,11],[-156,-1]],[[17637,41568],[74,2],[335,-21],[89,0]],[[18135,40473],[0,-1619]],[[17870,38854],[-165,597],[-88,310]],[[26369,32508],[38,-98],[3,-52],[15,2]],[[26425,32360],[-8,-408]],[[26334,31952],[-44,-2]],[[26290,31950],[12,175],[-4,8],[13,147],[0,144]],[[21266,48230],[-6,-57],[-20,32],[-8,-104],[-19,-24],[0,-241]],[[20919,47886],[0,654]],[[18572,37863],[10,4]],[[18582,37867],[107,0],[60,4]],[[19083,36728],[-334,-10],[-144,2],[0,11],[-90,1]],[[26580,24558],[45,-8],[0,84]],[[26653,24547],[13,-156],[-3,-82],[19,-38],[6,-69],[-13,-41],[-15,-14],[-2,-98],[-8,-24],[9,-97],[16,-45],[11,-74]],[[26686,23809],[-71,26]],[[26578,23848],[2,710]],[[25325,50086],[3,-13],[67,10]],[[25395,50083],[-2,-129],[-13,-80],[20,-67],[12,11],[7,85],[26,103],[13,14]],[[25380,49265],[-41,3]],[[16513,56226],[0,106],[-7,64],[14,48],[18,18],[2,34],[29,-55],[-6,-95],[21,-47],[32,155],[18,-11],[9,-49],[17,-1],[4,88],[8,35],[12,-25],[36,90],[20,-24],[7,-45],[8,-132],[14,-45],[-9,-106]],[[16760,56229],[-34,0],[-6,-84],[-24,-56],[0,-162],[-12,-55],[0,-55],[-12,-26],[0,-109],[-6,-80],[-23,-28],[-12,-78],[-24,-81],[0,-160],[-96,-8],[0,-55],[-12,-27],[0,-55],[-24,-103],[0,-167]],[[16451,54919],[2,144],[-12,50],[-44,52],[-9,115],[6,142],[16,104],[1,77],[10,102],[-6,77],[8,67],[20,29],[9,-21],[27,37],[9,118],[11,30],[1,73],[16,77],[-3,34]],[[22662,18866],[-5,-50],[3,-64],[8,23],[15,-58],[9,3],[5,-66],[11,-29],[1,53],[11,-72],[10,8],[14,-31]],[[22744,18583],[9,-38],[15,-2],[11,27],[-4,-103],[7,-77],[15,-54],[17,-29],[-12,-156],[1,-37],[-9,-61]],[[22794,18053],[-141,-5],[-12,55],[-4,61],[-15,29]],[[22873,18569],[-14,-95],[-13,-130],[-23,-262]],[[22823,18082],[-13,-2]],[[22810,18080],[9,109],[14,113],[10,140],[8,56],[-2,76],[14,141]],[[25025,25989],[104,42]],[[25002,25300],[0,680]],[[26484,37311],[-11,-74],[13,-22],[-7,-156],[3,-95],[-11,-40],[10,-148]],[[26410,36724],[-8,106],[-13,44],[-9,135],[-14,80],[-6,66]],[[26285,37531],[-6,4],[-8,128],[5,93],[-10,50]],[[26751,36474],[3,-200],[-4,-117],[16,24],[4,-61],[15,-39]],[[26735,35755],[4,138],[-17,79],[7,72],[-38,115],[-4,110],[-13,47],[-17,-51],[-13,-108]],[[23498,34147],[66,0]],[[23564,34147],[3,-112]],[[23567,34035],[16,-641]],[[23583,33394],[6,-226]],[[23589,33168],[-93,0]],[[23496,33168],[0,491],[2,0],[0,488]],[[28844,42803],[38,51]],[[28882,42854],[27,34],[24,58],[16,65],[5,55],[27,76]],[[30015,44425],[1,-121],[-12,-18],[8,-85],[0,-116],[-10,-74],[-8,-115],[-12,9],[-27,-29],[-27,-54],[-38,-49],[-1,26]],[[29958,43500],[9,84],[10,-90],[-14,-20],[-5,26]],[[22520,46723],[1,-226]],[[24473,23832],[12,104],[114,26]],[[24599,23962],[-18,-130]],[[24581,23832],[-8,-76],[-11,-37],[3,-159],[-3,-153],[12,-109],[13,-35]],[[24587,23263],[-23,3],[-13,-48]],[[24551,23218],[-34,3]],[[24517,23221],[-9,40],[-17,0],[0,58],[10,82],[1,93],[-4,102],[-21,-21],[11,45],[-6,67],[-11,2],[2,143]],[[26279,25648],[45,0],[2,44],[17,-42],[11,0]],[[26354,25650],[27,2]],[[26387,25304],[-5,34],[-12,-50],[-41,12]],[[22782,45730],[98,0]],[[22880,45730],[0,-163],[54,-1]],[[20309,32376],[0,-328]],[[20309,32048],[0,-162],[27,0],[0,-156],[-73,0]],[[20263,31730],[-5,62],[-72,5],[-10,-67],[-84,0],[-12,162]],[[20080,31892],[-36,492]],[[29081,47032],[61,-116],[124,-5]],[[29266,46911],[1,-51]],[[29219,46563],[-7,-25],[-46,-19],[-30,74],[-24,31]],[[29112,46624],[-32,64]],[[29080,46688],[7,252],[-6,92]],[[27312,33426],[19,152],[10,189],[1,72],[-8,91]],[[27334,33930],[15,25],[26,-7]],[[27375,33948],[53,-8]],[[27428,33940],[-4,-371]],[[27403,32919],[-35,18],[-11,-50]],[[27357,32887],[-3,109]],[[27354,32996],[4,108],[5,29],[-21,167],[-17,4],[-1,48],[-12,74]],[[23154,33577],[60,-2]],[[23214,33575],[15,0]],[[23229,33575],[-1,-244],[15,0],[0,-325]],[[23243,33006],[-30,0],[0,-165],[-15,0],[0,-163],[-29,0]],[[23169,32678],[-30,0],[0,328],[-29,0],[0,162]],[[28586,42368],[-39,-151],[2,-49],[29,-470]],[[28534,41553],[-6,21],[-3,87],[-29,92]],[[26507,25115],[96,-8]],[[26580,24558],[-74,7],[0,67]],[[25307,46648],[66,1]],[[25373,46649],[67,-1]],[[25440,46648],[17,-108],[-5,-157],[-6,-62]],[[25307,46215],[0,433]],[[18129,58169],[84,-2],[182,0],[257,0]],[[18652,58167],[1,-157],[0,-650],[1,-167]],[[18654,57193],[-12,12],[-97,0],[0,-325],[-215,0]],[[25241,46649],[66,-1]],[[25307,45998],[-112,-3]],[[25195,45995],[-19,-2]],[[25176,45993],[0,656]],[[27622,37166],[-1,57],[9,-3],[0,-87],[-8,33]],[[30253,51935],[8,-2],[15,66],[24,61],[-9,115],[21,106],[23,72],[5,90],[-7,45],[-14,0],[0,106],[10,61],[-8,23],[15,82],[5,74],[-15,70],[16,185],[8,29],[-1,60],[17,51],[14,95],[11,13],[10,294]],[[30485,53631],[0,-336],[-3,0],[1,-781],[12,13],[11,-225],[-11,-23],[-4,64],[-9,-14],[7,-45],[-5,-169],[-16,11],[-1,-144],[13,-26],[10,-95],[-8,-114],[-14,-45],[23,-470],[12,-360],[10,-165],[29,26],[4,54],[41,36]],[[30587,50823],[20,-496],[4,-162]],[[30611,50165],[-16,-13],[-5,66],[-12,7],[-8,-99],[-16,-16]],[[30554,50110],[-3,52],[-42,-40],[5,-82],[10,-63],[-7,-82],[-48,58],[-4,-58],[-17,82],[-21,-19]],[[24635,28736],[45,0],[0,110],[29,1]],[[24709,28847],[0,-117],[11,-59],[12,11],[1,64],[10,52]],[[24734,28251],[-24,-3],[0,-161],[-58,-2]],[[24668,40936],[32,-1],[0,-68],[32,0],[-1,-162],[10,-2],[0,-53],[10,0],[0,-219]],[[24751,40431],[-78,4]],[[24673,40435],[3,32],[-10,175],[-11,122],[13,172]],[[28232,32664],[29,14],[7,-54],[25,48],[31,99]],[[28324,32771],[14,-144],[10,-18]],[[28348,32609],[-11,-19],[-5,-52],[6,-74],[-13,-62]],[[27028,43185],[123,-6]],[[27151,43179],[11,-2],[0,-137]],[[27029,42581],[-1,604]],[[28115,40190],[8,95],[12,228],[5,57],[12,-23],[20,71]],[[28227,40382],[-6,-89],[-23,-122],[-11,-26],[-5,-88],[-13,-103]],[[28169,39954],[-54,236]],[[27050,22967],[103,6],[0,-130]],[[27153,22843],[-3,-146],[4,-58],[20,-88],[-1,-92],[8,-141]],[[27050,22091],[1,514],[-1,280]],[[27050,22885],[0,82]],[[25133,43066],[0,333],[96,5]],[[25322,43415],[1,-225]],[[25133,42740],[0,326]],[[24938,44888],[41,1],[3,18],[31,-18],[0,-27],[117,8]],[[25131,44376],[-64,0],[0,-80]],[[25651,38551],[-10,41],[-12,-40],[-7,53],[-19,2]],[[26185,37395],[-4,140]],[[26181,37535],[0,48],[11,-3],[8,77]],[[26264,38255],[-7,34],[4,77],[-23,40],[2,67],[-9,26],[1,58],[-12,-21],[6,97],[-16,14],[-3,56]],[[25771,33257],[1,29],[26,-8],[23,-111],[10,27],[3,-54],[20,77],[27,-61]],[[23593,24550],[91,124]],[[23710,24739],[35,45]],[[23745,24784],[13,-394],[-4,-708],[-6,-612]],[[23748,23070],[-60,-2]],[[23701,23600],[-7,94],[12,136],[-20,66],[-4,56],[3,58],[-6,86],[-9,9],[-9,196],[4,55],[-13,72],[2,84],[-12,10],[-3,46],[-9,-43],[-4,33],[-21,-20],[-10,-44],[-2,56]],[[22449,24919],[83,337],[-1,11]],[[22631,24554],[-147,-10]],[[22484,24544],[-13,69],[8,24],[-7,74],[-10,-50],[-9,60],[11,58],[-17,90],[2,50]],[[29689,50276],[45,-109],[-19,-166],[32,-77],[-1,-16]],[[29746,49908],[-17,-146]],[[29626,49660],[-10,15],[10,87],[-8,19],[2,64],[-27,154]],[[16760,56229],[3,-36]],[[16761,54919],[-1,-656],[-107,1],[0,-326]],[[26745,25372],[9,11],[15,163],[0,86],[12,45],[5,71]],[[26786,25748],[0,201]],[[26786,25949],[5,23],[31,-20],[9,63]],[[26889,25746],[0,-199],[9,-16],[-1,-166]],[[26897,25365],[-8,0],[0,-196]],[[26746,25274],[-1,98]],[[24880,46677],[131,-2],[0,-22]],[[25011,46653],[0,-471],[1,-174]],[[25012,46008],[-10,0]],[[25002,46008],[-122,10]],[[16557,39928],[18,29],[47,137],[55,529]],[[16677,40623],[7,54],[19,0]],[[16824,39599],[-46,0],[-27,-245],[0,-173],[32,0],[-2,-163],[1,-654],[-70,-3]],[[16712,38361],[-49,228]],[[16663,38589],[1,212],[-5,0],[-1,164],[-16,-6],[1,143],[-10,95],[5,40],[0,137],[5,54],[26,13],[0,175],[-67,4]],[[16557,39928],[10,68],[5,109],[-8,58],[8,51],[1,81],[-12,3],[1,133],[20,-16],[7,58],[16,40],[19,4],[1,35],[27,5],[25,66]],[[31399,1071],[25,0]],[[31424,1071],[0,-74],[-7,-192]],[[31507,373],[5,11],[3,89],[7,75]],[[31522,548],[13,42]],[[31542,429],[0,-43]],[[31519,302],[-1,40],[-11,25]],[[31507,367],[0,6]],[[31467,889],[-2,-137]],[[31433,849],[4,30]],[[21786,35712],[87,3]],[[21897,34779],[-114,0]],[[21783,34779],[0,653],[3,0],[0,280]],[[27348,36263],[-10,-32],[45,-240]],[[27367,35853],[-34,-50],[-22,-45],[-15,3],[-16,44],[-17,-53],[-26,-126]],[[27221,35734],[-7,48],[17,42],[12,0],[24,66],[0,64],[-16,21],[4,39],[14,26],[-6,75],[17,40]],[[27373,40009],[17,91],[27,98],[5,65],[16,6],[11,32]],[[27455,39771],[-17,-49],[-12,-94],[-8,9]],[[27418,39637],[-23,26]],[[20049,58171],[196,0],[101,0]],[[20432,57354],[0,-645],[-11,0],[0,-390]],[[20421,56319],[-16,45],[-5,-56],[-24,54],[-3,-50],[-20,53],[-2,-46],[-13,-7],[3,49],[-28,-12],[-24,55],[-13,-16],[-10,27],[-8,-82],[3,-112]],[[19983,55722],[0,335],[3,651],[10,0],[0,162],[30,0],[0,167],[-11,0],[0,163],[12,0],[0,62],[18,-9],[-4,111],[0,644],[8,0],[0,163]],[[24102,23517],[10,-114],[-10,-78],[1,-278],[10,-75],[-8,-27],[-1,-156]],[[24072,22687],[-72,2]],[[23963,23371],[0,38]],[[26549,26904],[65,-5]],[[26616,26581],[-1,-169]],[[26615,26412],[-98,5]],[[26517,26417],[-20,228],[2,34]],[[29167,45389],[40,-103],[65,-34],[9,139],[11,13],[26,-94]],[[29318,45310],[-6,-91]],[[29312,45219],[-1,-113],[-8,-220],[6,-52],[-3,-191],[3,-162],[-3,-177]],[[29306,44304],[-28,-16],[-6,42],[-17,22],[2,-61],[-33,40],[-5,53],[-29,-77]],[[29190,44307],[-7,100],[-51,188],[34,244],[-91,264]],[[29075,45103],[92,286]],[[27190,34064],[11,-39],[14,-9],[16,-52],[1,-43],[15,-34],[4,-50]],[[27251,33837],[-4,-136],[3,-84],[-1,-154]],[[27249,33463],[-8,-53]],[[27118,33773],[20,198],[-21,82]],[[27117,34053],[37,21],[36,-10]],[[28599,34800],[15,-80],[31,-95],[9,-58],[15,-27],[15,-148]],[[28684,34392],[10,-53],[9,-93],[10,-28],[6,-83],[-9,-37],[-24,-23],[-21,114],[-6,8]],[[28609,34551],[-10,170],[0,79]],[[26539,43976],[29,68],[19,78],[3,77],[18,50],[18,106],[43,4]],[[26669,44359],[1,-222]],[[26670,44137],[-2,-462]],[[26668,43513],[-128,2]],[[22338,23549],[103,3]],[[19900,29122],[345,-1],[28,8]],[[20282,28330],[-152,-431],[0,-82],[-115,2],[0,-327]],[[19929,27492],[-36,45],[4,60],[1,218],[-15,142],[3,114],[-5,71],[-13,21],[-8,72],[1,101],[5,21],[-6,249],[-40,0]],[[19820,28606],[0,520],[17,-9],[63,5]],[[26987,33291],[23,58],[7,101],[10,64]],[[27027,33514],[9,53],[28,42],[5,69]],[[27069,33678],[11,92]],[[27113,33050],[-5,-62],[-18,-1],[-18,-27],[-9,46],[-10,-37],[-32,-22],[-4,14]],[[20921,58171],[187,-2],[122,0]],[[20921,57486],[0,685]],[[22160,25409],[0,-687],[-1,-70]],[[27539,37011],[4,-66],[17,-55]],[[27560,36890],[-12,-64],[-18,-55],[-1,-51],[13,-7],[-4,-46],[-49,-158]],[[27489,36509],[-6,21],[-4,87],[-12,-15],[-19,-75],[-41,-114],[-4,41],[-21,63]],[[31486,1045],[25,-42]],[[31511,1003],[12,-77],[-1,-53]],[[31522,873],[-10,-19],[-2,-108]],[[31510,746],[-7,-18]],[[31503,728],[-4,-11]],[[31499,717],[-2,117],[-6,73],[0,75]],[[31491,982],[-5,50]],[[23653,44143],[0,182],[-10,1],[-1,489]],[[31424,1071],[10,-21]],[[8953,86722],[-211,0],[-30,57],[-38,110],[-12,-6]],[[27757,37925],[9,66],[12,0],[8,50],[0,66],[23,193],[4,58]],[[27837,38481],[87,-324],[5,3],[41,-187]],[[27856,37383],[-8,44],[-83,321]],[[27765,37748],[-3,18],[16,125],[-12,15],[-13,-35],[4,54]],[[27868,37872],[8,-48],[15,11],[5,66],[-6,58],[-19,-37],[-3,-50]],[[27494,38970],[3,72],[-11,42],[3,63],[-14,53],[-16,-6],[-7,85]],[[27452,39279],[-31,194],[-3,164]],[[28427,31305],[-21,-46],[-45,-172],[-49,-159]],[[28312,30928],[-15,69],[-11,188],[-19,265]],[[28037,39624],[-10,-61]],[[27936,39015],[-35,163],[-17,-166]],[[27862,39108],[25,216],[-10,138],[1,130],[11,89],[1,58],[15,164]],[[27297,39515],[-31,-177],[-1,-40]],[[27202,39304],[-13,92],[5,72],[-14,39]],[[27180,39507],[44,206],[5,0],[30,93]],[[15441,46538],[0,-82],[38,0],[5,-41],[19,-29],[26,16],[0,27],[36,13],[12,-55]],[[15577,46387],[0,-1308]],[[15497,45074],[-39,-11],[-46,1]],[[15412,45064],[-8,94],[8,78],[-10,89],[13,64],[-2,64],[8,31],[-29,249],[-37,11],[-4,53],[8,47],[4,166],[30,-2],[17,177],[-1,71],[21,165],[11,117]],[[27824,40075],[38,-33],[43,-139]],[[27800,39391],[8,60],[9,144],[-16,25],[6,115],[12,77],[-5,39],[-45,-58],[-5,29]],[[27764,39822],[0,21]],[[25381,48612],[-34,0]],[[27276,41082],[116,-33]],[[27392,41049],[-1,-97],[-12,-77],[10,-67]],[[27358,40594],[-26,-126]],[[27332,40468],[0,61],[-63,8],[-5,55]],[[27264,40592],[0,190],[-10,0],[1,304],[21,-4]],[[20521,36797],[12,64],[11,2],[9,49],[20,36],[17,-71],[13,-13],[-8,-56],[10,-53],[2,-185],[5,2],[8,-86],[-10,-43],[0,-186],[3,8]],[[20613,36265],[0,-558]],[[20456,35708],[-8,36],[-7,87],[9,78],[-3,60],[6,85],[-5,125],[7,71],[-6,134]],[[17171,29175],[0,-66],[-20,-28],[-4,-126]],[[17147,28955],[-10,80],[-15,60],[-9,-3],[-19,152],[-26,95],[-14,24],[-17,78],[-28,156],[-7,24]],[[20376,35707],[-131,-3]],[[20245,35704],[-32,274],[-2,102],[-23,64],[0,326]],[[26840,19197],[42,2]],[[26882,19199],[1,-286]],[[26883,18913],[-11,13],[3,-52],[-12,-119],[23,-58],[14,-130],[-10,-104],[0,-100],[-4,-43],[-21,-10],[-3,-51],[7,-68],[-9,-40],[-3,45],[1,151],[-14,137],[-9,41],[-8,94],[8,345],[-4,31],[15,-8],[-2,172],[-4,38]],[[25886,44622],[1,44],[0,540]],[[26015,45201],[1,-505],[-8,-75]],[[26008,44621],[-76,3]],[[25932,44624],[-46,-2]],[[26885,17731],[109,-6],[-1,-331],[55,-2]],[[27048,17392],[0,-330]],[[26959,16902],[-19,214],[-9,151],[-19,225],[-27,239]],[[26703,24539],[27,-3]],[[26747,23784],[-37,16]],[[26710,23800],[-24,9]],[[26943,27785],[10,29],[-6,64],[16,8],[13,37]],[[27064,27495],[-9,-128]],[[26950,27021],[7,163],[-30,104],[-44,31]],[[26883,27319],[24,37],[-9,86],[37,129],[-10,69],[18,145]],[[20817,55092],[81,-1],[0,82],[24,-2]],[[20922,55046],[0,-1288]],[[26454,33115],[16,-64],[10,-1],[4,-65],[24,18],[-4,-74],[20,-43],[-6,-45]],[[26499,32519],[-20,-84],[-28,-6],[-3,42],[-22,-77],[-1,-34]],[[26710,23800],[3,-148],[5,-61],[-1,-73],[8,-48],[-2,-61],[12,-26],[3,-46]],[[26716,23104],[-33,0]],[[25108,29283],[97,5],[0,-111]],[[27605,37498],[16,16],[19,-15],[12,-112],[23,-23],[16,8],[16,-77],[12,56]],[[27719,37351],[12,-24],[-19,-183]],[[27712,37144],[-40,71],[-28,-187],[-29,-101]],[[27615,36927],[-3,24],[-31,-119],[-21,58]],[[21752,48517],[19,16],[12,-72],[5,39],[8,-60],[27,-63],[10,-70],[8,14],[-1,-29],[16,-13],[21,58],[7,45],[34,-88],[27,27],[10,-37]],[[21985,48279],[0,-442],[4,-1],[0,-163]],[[21989,47673],[-282,-1]],[[21707,47672],[0,752],[18,72],[21,37],[6,-16]],[[23967,29077],[-1,-135],[39,-6]],[[24002,28262],[-69,2]],[[19828,36912],[136,0]],[[19964,36506],[0,-791]],[[19964,35715],[-213,-2],[-37,2]],[[20245,35704],[-110,-2],[-2,14],[-152,-1]],[[19981,35715],[-17,0]],[[27566,17495],[10,-132],[6,-151],[7,-74],[10,-191]],[[27599,16947],[-17,-26],[-208,5]],[[27374,16926],[58,304],[0,159]],[[24656,46024],[60,-3]],[[24855,46019],[2,-579]],[[24857,45440],[-110,-6]],[[24747,45434],[-17,40],[-15,119],[3,97],[-15,96]],[[24703,45786],[-23,64],[-2,42],[-22,56],[0,76]],[[26278,40030],[0,-375]],[[26278,39655],[-19,-72],[3,-68]],[[25857,37925],[5,-5],[10,105],[5,135],[-8,18],[5,85],[7,-23],[-3,139]],[[25878,38379],[62,-10]],[[25964,37600],[-14,-14]],[[21055,49945],[168,0],[2,162],[0,653]],[[21225,50760],[267,-3]],[[21492,50757],[0,-986]],[[27068,34795],[16,111],[28,87]],[[27112,34993],[50,-3]],[[27139,34575],[7,-98],[-17,0],[-8,37],[-11,-19],[-23,-113]],[[27087,34382],[-4,-42]],[[28176,34223],[18,180],[9,156],[3,228]],[[28206,34787],[25,-11],[11,-32],[12,13],[24,-18],[5,-61],[21,-59],[0,-74],[-10,-63],[8,-66],[17,5],[15,30],[9,-114],[8,-26],[-1,-75],[26,-77]],[[28345,33853],[-20,61],[-12,-1],[-7,45],[2,56],[-26,39],[-5,49],[-15,29]],[[28262,34131],[-24,-19],[-28,2],[-11,83],[-14,-25],[-9,51]],[[26947,23705],[57,-24]],[[27004,23681],[-5,-23],[2,-91],[7,-42],[-3,-114],[11,-122],[19,17],[15,-11]],[[27050,23128],[0,-161]],[[27050,22885],[-26,0]],[[27024,22885],[-88,-13]],[[23280,56338],[98,-2],[-12,-112],[5,-134],[17,-30],[0,-368],[3,-167],[0,-323]],[[27347,38930],[79,302],[16,10],[10,37]],[[27334,38837],[13,93]],[[25716,31958],[-104,13]],[[25608,31972],[3,232],[4,53],[-6,40],[2,389],[2,98]],[[31294,592],[10,38],[6,-46],[22,-41],[3,-96]],[[31335,447],[-7,-42]],[[31307,413],[-8,-1]],[[31474,968],[11,-12]],[[31485,956],[4,-85],[-5,7],[-3,-193]],[[31481,685],[-13,-39]],[[31468,646],[-4,32]],[[27110,37978],[19,34],[8,-55],[3,44],[22,-2],[1,-80],[12,-2],[9,-74],[15,-45],[-7,-56],[14,-29],[8,-76],[1,-73]],[[27215,37564],[-14,1],[-9,-32],[-9,-82],[5,-64],[-2,-97],[13,-43],[0,-52]],[[27199,37195],[-17,-51],[-9,48]],[[27173,37192],[-14,85],[-18,-40],[-17,105],[8,45],[-8,80],[-9,21],[-24,5],[-3,48],[-18,31],[13,62]],[[27089,39231],[15,27],[3,67],[9,33],[9,-41],[5,169],[-11,56],[-3,70],[18,25]],[[27134,39637],[46,-130]],[[27197,38734],[-31,-109],[-18,135]],[[27148,38760],[-14,107],[-7,-6]],[[26925,37485],[7,-85],[15,-31],[-1,-55]],[[26946,37314],[13,-98],[10,-30],[2,-84]],[[26971,37102],[-12,-3],[-10,-50],[7,-29],[-5,-48],[-14,-5],[-18,48],[-12,-17]],[[26907,36998],[-22,66]],[[24259,28246],[169,-5]],[[24428,28241],[7,0]],[[24435,28241],[-21,-238],[-15,-43],[-11,-137],[2,-51],[-12,-98],[1,-66]],[[24379,27608],[-10,-104],[-9,3],[-10,-102],[-18,23],[-9,-51],[0,-47],[-14,47],[-7,-71]],[[24260,27712],[2,214],[-8,84],[0,156],[5,80]],[[28727,38658],[11,37],[2,61],[11,92]],[[28773,38242],[-14,-21],[-7,-76],[-4,-117],[-17,138],[13,20],[-1,85],[-7,16],[-5,-79],[-9,-53],[6,-43],[-9,-100],[-4,47],[-17,-37],[-9,19],[-18,145],[-9,38],[-5,137],[-15,146],[20,23],[5,62],[-8,-11],[-9,82],[8,64],[12,36],[6,-40],[12,41],[1,-58],[22,-14],[13,-61],[3,27]],[[28722,37813],[-12,-12],[1,147],[11,21],[7,-49],[-2,-57]],[[24228,42454],[66,9]],[[24180,41978],[0,469]],[[29571,45658],[13,57],[19,-21],[2,-125],[-9,-50],[11,-42],[4,45],[18,-8],[3,-69],[27,-30],[-1,56],[9,27],[6,87],[10,-16],[-7,-64],[9,-37],[52,38],[3,-86],[28,85],[20,26]],[[29609,45143],[-53,3]],[[29556,45146],[-5,102],[1,101],[10,-8],[9,201],[0,116]],[[23601,57611],[13,21],[33,-24],[11,-93],[61,-11],[48,-34],[8,-106],[-3,-79],[6,-19],[42,3],[5,24],[22,-3],[23,32],[-1,77],[33,74],[39,29],[9,-35],[25,8]],[[23977,56097],[-101,5],[-93,9],[0,-99],[-179,0]],[[23604,56012],[0,324],[-2,640],[-1,12]],[[23601,56988],[0,623]],[[26411,44000],[-128,-1]],[[26283,43999],[-1,194]],[[26282,44193],[0,310]],[[25267,54314],[-10,-201],[6,-83],[-9,-57],[11,5],[6,64],[53,254],[28,70],[-12,-89],[-12,-38],[-15,-124],[30,135],[26,29],[11,-15]],[[25380,54264],[0,-275],[15,0],[0,-160],[-35,-2],[0,-484]],[[25360,53343],[-157,0]],[[21754,57158],[0,-162],[12,0],[0,-653],[13,0],[-1,-326]],[[21527,56015],[1,328],[-15,0],[0,654],[-14,-1],[0,326],[-72,0]],[[22604,52438],[0,648]],[[21043,53735],[0,656],[-16,0],[0,653]],[[23783,54485],[200,-7]],[[23982,53991],[-1,-254],[3,-69],[0,-326]],[[23984,53342],[0,-489]],[[23879,52845],[0,172],[-102,-5]],[[26538,49766],[159,5]],[[26697,49771],[-4,-320],[-12,-24],[-14,-103],[-24,4],[-11,-89],[-4,-119]],[[26628,49120],[-89,-3]],[[24587,23263],[9,-3],[13,-127],[5,9],[7,-77],[5,3],[9,-96],[7,-27],[12,106],[5,-21]],[[24527,22734],[0,85],[9,98],[15,301]],[[31511,1003],[13,15]],[[31524,1018],[7,-47],[10,-8],[3,-48]],[[31544,667],[-6,44]],[[31538,711],[1,28],[-17,134]],[[31455,506],[7,-22],[12,96]],[[31474,580],[7,12],[1,-62],[7,25]],[[31489,555],[6,-78]],[[31495,477],[-4,-49],[-30,1]],[[31454,498],[1,8]],[[31288,1074],[20,-7]],[[31308,1067],[-1,-297]],[[31307,770],[-16,-3]],[[24910,26775],[0,245],[-15,437]],[[24895,27457],[15,88]],[[22153,41333],[-154,-1]],[[26659,44572],[-3,-67],[25,-19],[12,30],[28,-109],[18,-40]],[[26739,44367],[-70,-8]],[[25731,31958],[0,-349],[-2,-477]],[[25642,31386],[-8,61],[-25,83],[-11,-9]],[[18765,53623],[0,-810],[1,-163],[34,-1],[0,-404]],[[18545,52891],[-6,110],[11,53]],[[27150,33059],[-3,-418],[-16,-247],[-3,-84]],[[27128,32310],[-29,8]],[[27099,32318],[-27,5]],[[27072,32323],[2,117],[-9,39],[-31,209],[-15,51],[-28,-30]],[[26974,39510],[0,-27],[63,-19],[-1,-84]],[[27003,38694],[-19,-16]],[[26984,38678],[-21,4],[2,169],[-33,13],[2,111],[-5,56],[-27,13],[2,124]],[[25291,32686],[1,71]],[[25336,31964],[-45,0]],[[18889,35718],[-333,-2]],[[24427,32140],[7,27],[-5,96],[19,84],[-1,98],[-10,77],[-1,147],[21,69],[3,56]],[[24460,32794],[26,13],[0,-164],[59,-7]],[[24454,31810],[1,259],[-32,13],[9,17],[-5,41]],[[16669,37171],[-76,-406],[0,-124],[-9,0],[0,-61],[-10,-2],[0,-80],[-31,-2],[-81,-437]],[[16462,36059],[-11,74],[-24,74],[-1,54],[-28,248],[0,72],[-29,320]],[[16369,36901],[-1,93],[18,-64],[5,31],[-10,111],[16,9],[13,66],[11,-3],[7,67],[13,-33],[14,88],[48,-132],[12,26],[15,-32],[18,53],[22,34],[5,85],[10,13],[7,69],[14,26],[17,-92],[14,21],[6,-55],[8,5],[18,-116]],[[29053,40065],[10,-35],[20,-20],[37,-3],[9,31],[13,-18]],[[29142,40020],[-22,-113],[-26,-225],[2,-32],[-18,-130],[-5,-61],[-21,-113],[-19,-22],[-11,22],[9,179],[12,119],[3,111],[-8,35]],[[17042,52297],[62,0],[0,-164],[-11,0],[0,-156],[12,-55],[5,-82],[0,-191],[12,1],[0,-162],[6,0],[0,-117],[5,-55],[17,3],[0,-53],[17,-79],[1,-109],[12,0],[0,-80],[59,0],[0,-161]],[[16890,50678],[0,159],[-9,0],[1,217],[-31,0],[0,114],[-11,0],[0,164],[23,-9],[0,27],[52,0],[0,138],[64,-3],[0,82],[22,0],[0,408],[15,-1],[0,159],[5,82],[21,0],[0,82]],[[23229,33575],[32,0],[3,-128],[14,-42],[7,42],[24,30],[14,-10],[18,46],[27,-18]],[[23368,33495],[39,-2],[0,-325]],[[23407,33168],[-2,-210],[14,-124],[9,-3]],[[23428,32831],[-10,-98],[-15,-95],[-12,-29],[2,-72],[-7,5],[-12,-79],[-19,77],[-9,-19]],[[23346,32521],[0,482],[-103,3]],[[15439,50770],[0,-573],[6,-34],[28,0]],[[15473,50163],[2,-130],[-1,-408],[-34,-2],[2,-135],[-6,-27],[-23,-2],[1,-54],[11,1],[0,-61]],[[15330,49331],[10,310],[-1,111],[7,296],[0,148],[-5,62],[3,111],[6,53],[11,348]],[[26654,48310],[20,153],[2,67],[18,61],[-1,37],[-19,34],[22,-2],[11,39],[5,66],[23,16],[34,45],[9,72],[31,49],[11,-49],[23,-40],[15,-63],[17,-197],[10,-60],[7,-156],[3,-146]],[[26895,48236],[-143,-29]],[[21479,38739],[-283,-2],[-31,-5]],[[26533,34630],[12,27],[8,-27],[8,30],[11,-69],[9,-101],[10,38],[8,-40]],[[26599,34488],[-10,-157],[1,-98],[-9,-81]],[[24846,33842],[63,3]],[[24909,33845],[5,-72],[18,-61],[3,-44]],[[24822,32720],[-2,-11]],[[24796,32791],[-41,3]],[[26915,20829],[17,13],[15,-73],[15,-19],[15,-79]],[[26977,20671],[22,-194],[14,-61],[4,-60],[-23,-140],[-3,-93]],[[26991,20123],[-44,-3],[0,55],[-70,-2]],[[26877,20173],[-12,50],[4,67],[-9,176],[12,103],[-13,127],[-7,37]],[[26852,20733],[13,70],[7,5],[21,-45],[5,39],[17,27]],[[26991,20123],[-4,-19],[16,-145],[15,-30],[19,-73],[12,-6],[0,-80]],[[27049,19770],[-56,0],[0,-82],[-118,-4]],[[26875,19684],[4,97],[-2,66],[5,133],[-6,106],[1,87]],[[26327,23343],[35,119],[31,40],[10,201],[10,29],[15,167]],[[26483,23882],[22,-8]],[[26486,23129],[-46,0],[-2,55],[-130,-6]],[[26308,23178],[-1,62],[20,103]],[[25731,24483],[27,-5]],[[25758,24478],[83,-2]],[[25841,24476],[-1,-443],[0,-548],[-1,-160]],[[25839,23325],[-66,33],[-46,-18]],[[25727,23340],[1,447],[3,696]],[[28826,36583],[5,-23],[-18,-146],[-11,-122],[-9,-15],[-2,-131],[-9,-106],[-18,-103],[-16,3],[4,-56],[-9,-8],[-1,135],[-10,88],[-4,98],[2,113],[9,94],[3,144],[11,196]],[[15807,56772],[7,85]],[[16198,56854],[-3,-30],[26,-168],[3,-51],[-16,-43],[3,-42],[-17,-81],[-28,-30],[-10,-32],[9,-82],[-13,-78],[-4,-107],[7,-100],[24,-35],[-14,-87]],[[15809,55885],[1,54],[15,74],[9,192],[23,51],[-2,100],[-14,37],[-23,138],[1,119],[-10,77]],[[25466,50081],[4,89],[31,214],[26,58],[11,-12],[11,55],[15,-51],[-6,73],[12,156],[28,184],[6,152],[12,-8],[21,52],[1,95],[17,96],[22,-5],[-2,-140],[-16,-8],[-2,-228],[-12,-64],[-8,6],[-5,-85],[-14,-84],[5,-69],[-13,-62],[4,-42],[-18,-53],[-13,-100],[-16,-222]],[[25683,51345],[6,129],[31,-28],[-23,-205],[-14,104]],[[25566,51059],[12,22],[2,-101],[-14,37],[0,42]],[[22612,29105],[0,791]],[[22612,29896],[28,-74],[12,14],[29,148],[9,76],[12,22],[19,-68],[-3,-65],[10,-39]],[[22750,29944],[0,-499],[-1,-403]],[[22629,29042],[-17,0],[0,63]],[[26904,32243],[-23,-47],[-30,-95]],[[26814,32079],[-31,-55]],[[26783,32024],[-14,50],[21,144],[-1,105],[16,88],[2,108]],[[26600,31043],[14,-133]],[[26613,30654],[-56,-313]],[[26557,30341],[-14,-55],[-54,130]],[[26489,30416],[4,44],[18,16],[10,74],[4,85],[-6,92]],[[21854,23157],[0,-1245]],[[21827,21197],[-23,76],[-2,48],[-17,74],[-18,40],[-13,135],[0,34],[-26,34],[-6,70],[-23,12],[3,91],[-2,105],[-5,8],[-6,-108],[-6,43],[2,86],[-17,43],[-13,174],[-8,-7],[-9,52],[-13,-41],[-7,71],[-8,-43],[-37,-21],[-15,37]],[[21558,22210],[1,945]],[[17097,39632],[123,132],[204,-3]],[[17634,33778],[-113,585],[-255,1299]],[[17120,38473],[-141,833],[0,151],[93,138]],[[23392,40243],[59,-1]],[[23493,39848],[-23,-11],[-3,-161],[0,-233]],[[23426,39425],[-8,-53],[-22,51],[-6,-32],[0,150]],[[23390,39541],[2,159],[0,543]],[[28348,32609],[12,-19],[15,93],[13,-47],[6,86],[10,33]],[[28404,32755],[64,-218],[18,-89]],[[28468,32063],[-8,-5],[3,-76],[25,-92],[35,-65],[22,78]],[[29284,41518],[-3,-47],[-10,-319],[-5,-267],[-40,-388],[-13,-77],[-11,-14]],[[29202,40406],[-15,-15],[-11,110]],[[24581,23832],[96,1]],[[24677,23833],[0,-305],[6,-104],[7,-29],[9,-113],[1,-148]],[[25625,24486],[106,-3]],[[25727,23340],[-34,-29]],[[27227,20343],[1,86],[12,90]],[[27240,20519],[2,-57],[11,-27],[27,-3],[13,-95],[11,18],[8,69],[12,-29],[4,-74],[-3,-43],[7,-47],[14,-211]],[[27346,20020],[-95,-3],[-1,53],[-35,2],[-1,130],[5,10],[8,131]],[[26485,22795],[-22,-42],[-31,47],[-1,-56],[-26,-111],[6,-73]],[[26411,22560],[-23,31],[-7,-27],[-5,56],[-13,-24],[-8,41]],[[26355,22637],[-13,34],[-10,63],[-12,122],[0,101],[-8,118],[-11,38],[7,65]],[[25841,24476],[56,0]],[[25897,24476],[43,-1]],[[25940,24475],[-1,-540],[54,-3]],[[25993,23932],[-7,-74],[-13,-50],[0,-74],[6,-19],[3,-148],[6,-20],[-11,-99],[-22,-21],[-4,-82]],[[25951,23120],[-29,69],[-56,108],[-27,28]],[[26303,24618],[24,-3],[0,21],[28,0]],[[26355,24636],[10,-2]],[[26401,23907],[-135,41]],[[26266,23948],[-3,30]],[[26328,24973],[29,-6],[-2,-331]],[[27159,19524],[222,0]],[[27379,18541],[-4,0],[3,-165],[0,-172]],[[27378,18204],[-75,3]],[[27303,18207],[-1,124],[-24,247],[-18,39],[-4,111],[-18,106],[-3,47],[-10,-4],[-10,71],[7,7],[15,-58],[3,93],[6,42],[-31,1],[0,110],[-19,-2],[0,109],[-9,110],[-28,0],[0,164]],[[25981,38960],[12,17],[13,120]],[[26006,39097],[18,47],[14,-31]],[[26069,38721],[-62,-2],[-15,-82]],[[25992,38637],[-11,26],[0,297]],[[26256,35933],[-2,-130],[20,-91]],[[26274,35712],[-20,-98],[-10,27],[-4,-63],[-30,-127]],[[23617,49310],[44,-119],[28,-37],[18,-52],[12,28],[-6,95],[4,38]],[[23785,48530],[-133,0]],[[24779,31458],[8,64],[12,4],[6,-52],[20,-46],[20,28],[15,92],[52,-2]],[[24927,31140],[-14,-2]],[[24780,31140],[-6,9],[-6,124],[7,39],[-4,96],[8,50]],[[24681,27309],[28,95],[1,29]],[[24710,27433],[0,-161],[57,0],[0,-164],[49,-2]],[[24816,27106],[1,0]],[[24816,27106],[-12,-102],[-12,-44],[1,-56],[-15,-74],[6,-93],[-18,-90],[0,-103],[5,-92]],[[24635,26449],[-3,331]],[[22340,16601],[-16,-206],[-44,-194]],[[22280,16201],[-2,91],[-6,68],[-3,127],[-8,40],[-1,81],[-7,101],[-17,69],[2,50],[-13,42],[-7,59],[5,32],[-11,74],[-9,11],[-1,84],[6,50],[-3,106],[4,47],[-8,165]],[[27077,20670],[82,1],[0,164],[5,0],[0,428]],[[27164,21263],[7,-132],[15,-11],[8,-43],[12,-158],[9,2],[0,-57],[15,-58],[14,-90],[-4,-197]],[[27227,20343],[-65,2],[-3,-37],[0,-784]],[[27159,19524],[-37,-2],[0,29],[-18,0],[0,-29],[-28,-2]],[[27076,19520],[1,441],[0,709]],[[27240,32281],[11,-1]],[[27251,32280],[80,-28]],[[27331,32252],[2,-85],[-7,-77],[5,-34],[30,117],[8,-57]],[[27369,32116],[0,-108],[10,-127],[-3,-90],[2,-111],[-7,-42]],[[27209,31640],[6,32]],[[27215,31672],[-10,206],[5,62],[-4,84],[5,39],[18,-2],[1,169],[10,51]],[[23567,34035],[43,-5],[2,82],[15,16],[1,118],[88,-12],[12,-8],[0,45],[24,13]],[[23752,34284],[-16,-270],[-2,-482],[-3,-135]],[[23731,33397],[-43,6],[-2,-26],[-103,17]],[[26045,26135],[2,58],[13,94],[4,67],[21,5],[0,26],[24,3],[0,231],[5,15]],[[26214,26476],[-4,-132]],[[26210,26344],[-5,-88],[-13,-114],[-3,-84],[2,-111]],[[26540,51064],[137,9]],[[26677,51073],[8,-82],[12,-40],[4,-90],[-3,-75],[12,-57],[-20,34],[-11,68],[-15,-37],[-5,-55],[5,-43],[-1,-121],[12,-71],[21,-42],[0,-41]],[[26696,50421],[-158,-4]],[[22302,25351],[0,-974]],[[31616,548],[-21,-66]],[[31570,537],[1,135]],[[31310,158],[-22,-90],[-4,9]],[[26786,47231],[138,28]],[[26924,47259],[4,-124],[20,-182],[0,-72],[-11,-74],[-7,-233],[4,-76],[-12,-181],[-4,-111],[-23,-108],[-17,-26],[-3,89],[-10,32],[23,77],[2,47],[-14,41],[-9,-8]],[[26867,46350],[-7,71],[-2,331],[-68,-8]],[[26790,46744],[-4,487]],[[26728,26172],[8,-98]],[[26736,26074],[-9,-6],[-76,5]],[[26615,26086],[0,326]],[[31358,1069],[15,-6]],[[31358,891],[0,178]],[[24630,25959],[-33,-2],[3,77],[-47,66],[-66,16]],[[21929,51798],[199,-1]],[[22128,51797],[2,0]],[[19529,31899],[160,-2],[1,649],[204,-3],[1,82],[29,0],[0,-82],[89,2]],[[20080,31892],[-38,2],[0,-709]],[[20042,31185],[-136,1],[-9,-3]],[[19897,31183],[-175,3],[-193,0]],[[19529,31186],[0,713]],[[28537,46989],[-7,-118],[0,-96],[6,-145],[-7,-80],[3,-143],[13,-81],[5,-88]],[[28550,46238],[13,-106],[9,-31],[-31,-6]],[[28541,46095],[-55,-10]],[[29214,49040],[53,32],[-14,505],[65,42]],[[29318,49619],[58,30],[9,-8],[27,45],[5,32],[16,7],[9,96],[35,16]],[[29477,49837],[9,-87],[4,-111],[-12,-128],[6,-203]],[[29449,48447],[-172,-111]],[[29277,48336],[3,98],[-16,16],[-13,46],[-18,-35],[-34,214],[22,83],[-7,282]],[[22697,33331],[148,-2]],[[22845,33329],[1,-299],[-1,-189]],[[23218,23076],[0,-291]],[[23218,22785],[-7,-16],[-37,153],[11,-185],[27,-516]],[[23212,22221],[-41,-112],[-17,-2]],[[23123,22748],[-13,121],[10,13],[-1,122],[18,34]],[[27173,37192],[-24,-27],[-20,-44],[18,-93],[-28,-77]],[[27119,36951],[-18,35],[-10,-33],[-3,35],[-18,-22],[-4,-39],[-14,101],[-10,-3],[-2,61],[-9,29],[4,87],[-12,85],[10,27],[-4,84],[-11,24],[-7,117]],[[25494,30106],[57,-13],[78,-5]],[[25629,30088],[19,-152],[-3,-40],[24,-2],[0,-43],[12,-15]],[[25684,29756],[-5,-53],[-15,-26],[-4,-143],[-5,-66],[-10,-8],[0,-55],[-24,-25],[-7,-73],[5,-34],[-23,-83]],[[25596,29190],[-14,3],[0,137],[-29,27]],[[25494,29944],[0,162]],[[28599,34874],[49,0]],[[28648,34874],[43,-235],[13,-125],[17,5],[10,-31],[6,-66],[13,-45],[-3,-54]],[[28747,34323],[1,-108],[14,-63],[-31,41],[-32,189],[-15,10]],[[28599,34800],[-14,74]],[[28585,34874],[14,0]],[[31198,939],[8,-48]],[[31207,756],[-15,-8]],[[31176,863],[22,76]],[[26460,48808],[34,0],[0,-160],[38,0]],[[26532,48648],[-5,-232],[-8,-67],[16,-163],[52,-106],[3,-22]],[[26303,51228],[-65,3],[-13,-24],[-10,106],[-14,1],[0,58]],[[26201,51372],[18,-11],[32,60],[-1,54],[-33,28],[-14,75],[-8,183],[16,121],[12,22],[21,111],[-9,90],[49,-21],[7,79],[12,-3]],[[28088,34861],[77,2]],[[28206,34863],[0,-76]],[[26752,47556],[0,-82],[33,2],[1,-245]],[[26790,46744],[-33,-9]],[[26757,46735],[-98,-15]],[[26659,46720],[-2,317],[0,325]],[[25166,23325],[-2,-33],[-20,61],[-22,-5],[-32,-43],[-28,-68],[-30,-53],[4,87],[-17,43]],[[25117,23022],[14,9],[16,52],[-4,-47],[-21,-43],[-5,29]],[[25069,23063],[21,-1],[8,21],[-5,-69],[-10,-12],[-17,42],[3,19]],[[31220,638],[12,32],[0,32]],[[31232,702],[0,-16],[26,-17],[11,-34]],[[31237,527],[-10,95],[-7,16]],[[31640,378],[49,87],[35,-52],[-18,-42],[-21,-11],[-11,-38],[-8,19],[-17,-28],[-9,65]],[[31591,881],[8,6],[15,-45]],[[31614,842],[-6,-75],[-12,-66],[-6,16]],[[27148,38760],[-16,-84],[0,-109],[9,-105],[-49,-127],[-5,-138]],[[27051,38287],[-2,188]],[[27215,37564],[5,-37],[16,3]],[[27281,36671],[-25,79],[-1,66],[-40,367],[-16,12]],[[20309,33715],[53,0],[-5,132],[99,1],[0,-43]],[[20456,33805],[-1,-202]],[[20455,33603],[1,-343],[0,-718],[1,-57],[0,-434]],[[20457,32051],[-148,-3]],[[26601,33038],[16,20],[6,-33],[27,12],[11,80],[22,51],[5,42],[10,-11],[16,77]],[[26733,32935],[-14,20],[-20,-86],[-12,-20],[-2,-105],[5,-27],[1,-124]],[[26691,32593],[-26,-11],[-18,-48],[-51,-37]],[[26520,32836],[11,27],[8,77],[16,13],[15,72],[31,13]],[[23005,23919],[30,90],[11,93],[9,132],[11,88],[30,116]],[[23120,23234],[2,72],[-14,28],[-19,-45],[-9,36]],[[23080,23325],[1,63],[7,7],[-6,53],[-14,56],[-5,129],[-15,-7],[-2,84],[-18,37],[-7,45],[-25,24],[9,103]],[[22895,23660],[95,325]],[[22990,23985],[15,-66]],[[23080,23325],[-17,-20],[-38,-81],[-17,-1],[-23,-52]],[[28098,38097],[10,-72],[35,82],[9,63]],[[28152,38170],[16,1],[2,31],[33,78],[1,21],[32,-21],[6,42],[19,-59]],[[28075,37932],[23,165]],[[20545,41166],[70,2]],[[20615,41168],[21,-26],[5,27]],[[20641,40938],[0,-230],[-8,5],[3,-60],[-11,-6],[16,-40]],[[20642,40518],[-12,-146],[-9,-19],[1,-82],[-14,-50],[2,-85],[-19,-216],[-27,-220]],[[20564,39700],[-19,0],[0,817]],[[20545,40517],[0,337]],[[22567,31050],[0,-405]],[[22567,30645],[0,-278]],[[22567,30367],[-8,-52],[-20,35],[-15,0],[-19,45],[-17,-136]],[[22436,30395],[0,332],[-14,-2],[0,137]],[[20398,40766],[12,70],[-1,113],[18,-21],[6,34],[18,1],[13,89]],[[20545,40517],[-53,4],[-67,-6]],[[20425,40515],[-3,16],[18,60],[-2,45],[-19,27],[-4,43],[-13,-8],[-4,68]],[[22567,30645],[161,-2]],[[22612,29896],[7,90],[-5,-2],[7,96],[-7,33],[-13,-23],[-19,18],[-10,146],[8,56],[-4,81],[-9,-24]],[[27428,33940],[55,-8]],[[27483,33932],[9,29],[13,-87],[-2,-51],[8,-29]],[[15714,40176],[168,3],[0,55],[35,-2],[0,-56],[33,0]],[[15950,40176],[-5,-150]],[[15945,40026],[-11,-115],[6,-81],[-5,-35],[16,-201],[11,-3],[7,-73],[1,-82],[-5,-119]],[[15965,39317],[-140,-1]],[[15825,39316],[-19,72],[0,92],[-23,78],[-3,127],[7,99],[-11,65],[-16,-9],[-17,35],[-8,-13],[-8,60],[-19,71],[-4,49],[10,134]],[[22195,30844],[0,-582]],[[24394,32966],[59,-8],[1,212],[13,0],[-9,72],[11,161],[6,2],[17,88],[-2,39],[11,106]],[[24501,33638],[46,-8]],[[24460,32794],[-66,6],[0,166]],[[27495,34297],[0,37]],[[27495,34334],[116,-8]],[[27483,33932],[-6,69],[3,45],[17,47],[2,66],[-4,138]],[[27794,37107],[10,35],[5,-35],[-13,-90],[-2,90]],[[24244,32098],[30,18],[10,-44],[21,-46],[28,4]],[[24333,32030],[0,-204],[30,-3],[-2,-463],[18,-88],[-7,-89],[8,-59],[-13,-74],[0,-47]],[[24269,31018],[1,246],[-23,3],[5,170],[4,15],[2,543],[-14,2]],[[23564,24599],[29,-49]],[[27374,16926],[0,-654],[2,-516]],[[27376,15756],[0,-139]],[[27376,15617],[-108,-13],[-1,496],[-82,-8]],[[27185,16092],[0,480]],[[27142,26526],[6,3],[16,-77],[21,-169],[22,8],[22,-37],[8,-175],[11,-17],[8,-95],[10,6],[2,-63],[19,-64]],[[27287,25846],[4,-45],[15,-11],[-1,-135],[-11,-127],[-6,22]],[[27205,25796],[-41,122],[-1,41],[-14,49],[-20,116],[6,116],[-1,61],[-13,16],[-8,69]],[[27113,26386],[17,63]],[[27158,25496],[-10,27],[-1,59],[-42,155],[-6,80],[-9,26],[-2,56],[-16,66]],[[27072,25965],[16,182],[6,16],[1,99],[18,124]],[[22902,20864],[30,-78],[11,-193],[14,-47],[8,-79],[-2,-64],[21,-196]],[[22915,19823],[-7,-41],[-18,26],[-18,95],[-10,-32],[-7,42],[-15,-4]],[[22840,19909],[-6,108],[4,277],[2,32],[-7,106],[-13,61],[-17,-34],[-3,32]],[[26442,39136],[0,88]],[[26442,39224],[-2,48],[-14,103],[-8,124]],[[26418,39499],[5,286],[7,55],[-12,38],[16,87]],[[23321,24597],[0,-227],[15,-93],[-5,-51],[20,0]],[[23351,24226],[-9,-666]],[[23342,23560],[-1,8],[-66,0],[-64,229]],[[23399,29984],[-21,45],[-7,-109],[-15,-42]],[[27778,36871],[25,80],[12,151],[11,101],[9,34],[6,-45],[11,26]],[[27876,36454],[-10,7],[-18,127]],[[23342,23560],[14,-185],[20,-50],[9,-57],[-6,-53],[17,48]],[[23415,22930],[-46,-252],[-13,24],[-32,130],[-19,-8],[-3,63],[-14,48],[-11,-64],[-8,0],[-9,-50],[-31,-42],[-11,6]],[[24794,36916],[0,-82]],[[24774,36305],[-92,5]],[[24630,36223],[0,-196],[-12,-53],[0,-164]],[[24551,35895],[1,88],[-5,50],[-10,-13],[-5,76],[-11,-7],[1,103],[-10,0],[0,110],[-5,-2],[1,191],[-11,2]],[[24373,35507],[1,299]],[[22330,25394],[-1,-33],[16,-20],[1,-35],[17,13],[7,-63],[20,5],[4,-71],[10,100],[8,-40],[0,-126],[12,57],[5,-33],[-4,-54],[12,-23],[3,-46],[-9,-12],[9,-51],[5,22],[4,-65]],[[22484,24544],[-6,-42],[4,-104],[9,-18],[-9,-39]],[[22482,24341],[-145,0]],[[21043,25708],[79,-2]],[[21278,25708],[0,-670]],[[21278,25038],[-17,-50],[-29,156],[-22,38]],[[21210,25182],[-12,26],[-4,-37],[-31,10],[-18,35],[-5,72],[-19,-29],[-18,36],[-16,-10],[-10,63],[-4,85],[2,85],[-5,53],[1,89],[-11,33],[-9,-17],[-8,32]],[[22269,30731],[5,-225],[18,5],[2,-32],[12,18],[9,-24],[16,43],[10,-16]],[[27521,42224],[50,246],[10,9],[-1,111]],[[27580,42590],[127,-8]],[[27707,42582],[-8,-114],[-12,-29],[-1,-79],[18,-48],[-1,-183],[-16,-64],[-12,-298],[7,-11],[-25,-58]],[[27657,41698],[-8,-5],[-20,71],[16,37],[-75,151],[-49,272]],[[16818,36581],[119,0],[144,5]],[[29202,40406],[4,-60],[-14,-127],[-14,-85],[-36,-114]],[[26266,28589],[3,59],[98,-3]],[[26367,28645],[1,-71]],[[26368,28574],[-9,-161],[5,-25],[-6,-108],[2,-105]],[[26360,28175],[0,-107],[5,-58]],[[26365,28010],[-19,-69],[-35,-2]],[[26311,27939],[-14,47],[-30,6]],[[26267,27992],[-1,166],[0,431]],[[23139,21871],[8,-24],[5,-90],[-5,-92],[6,-85],[13,-23],[6,-95],[9,-46],[-4,-44],[16,-37],[4,-91],[9,-7]],[[23206,21237],[-8,-62]],[[23198,21175],[-25,-155],[-20,-75],[-76,-269]],[[23077,20676],[-92,532]],[[26847,30048],[-4,-43],[-16,-16],[-20,-155],[-7,-27],[-11,-116],[10,-88]],[[26786,29529],[-14,37],[-20,-27],[-45,117]],[[26970,43323],[-28,0],[1,-136]],[[26830,43679],[-1,64]],[[26368,28574],[13,47],[16,0],[8,-36],[33,-1]],[[26431,28214],[-61,5],[-10,-44]],[[27143,41615],[-131,27]],[[27009,41777],[4,407]],[[26240,25944],[13,-3],[1,276]],[[26254,26217],[70,-8]],[[26324,26209],[16,0]],[[26340,26209],[-1,-276],[9,-29],[9,-150],[-3,-104]],[[26326,26795],[2,-15],[-1,-366],[-3,-2],[0,-203]],[[26254,26217],[-13,49],[0,46],[-25,2],[-6,30]],[[22999,29905],[-11,-1],[-8,41],[-6,-27],[-2,-88],[-7,-44],[-16,-8],[-4,68],[-13,22],[-6,-53],[-9,40],[-6,153],[-8,8]],[[22904,31701],[0,206]],[[23027,31805],[18,-13],[5,58],[0,-313]],[[23050,31537],[0,-163],[-29,0],[-1,-326]],[[22904,31294],[0,407]],[[22997,24901],[77,255]],[[23074,25156],[-3,-196],[10,-133],[0,-77],[7,-116],[8,-32],[-5,-103],[5,-61]],[[22990,23985],[3,49],[-11,50],[3,63],[-16,108],[4,58],[-13,-13],[-11,136],[7,42],[-8,15],[2,83],[-15,29],[-3,80]],[[23173,35713],[50,2]],[[23216,34636],[-53,2]],[[23163,34638],[0,1075]],[[22797,16254],[7,2]],[[22804,16256],[18,-356]],[[22822,15900],[-5,0]],[[22817,15900],[-12,237],[-7,48],[-1,69]],[[22618,16276],[27,-25],[117,3]],[[22762,16254],[7,-87],[1,-148],[12,-30],[5,-89]],[[22787,15900],[-10,0],[-12,-87],[-5,-74],[-17,18],[-5,-66],[-93,92]],[[22645,15783],[0,159],[-40,29],[13,305]],[[28534,47585],[7,3],[23,137]],[[28602,47370],[2,-227],[-8,-16],[2,-174],[9,2],[3,-301],[26,8],[16,-79],[7,-67]],[[28662,46239],[-54,-9],[0,16],[-58,-8]],[[28480,34861],[4,-45],[-13,-91],[1,-110],[35,-90],[17,-22],[17,-105]],[[28541,34398],[2,-35]],[[28543,34363],[-8,-63]],[[28399,34305],[24,421],[15,23],[-7,66],[-15,11],[-5,40]],[[22610,17394],[10,45],[30,21],[16,74],[16,-34],[25,30]],[[22707,17530],[3,-72],[24,-26],[25,61],[8,4],[-5,-187],[3,-6],[-4,-325],[-6,-333],[-4,-5],[4,-181],[7,-206]],[[22618,16276],[-8,8],[0,309]],[[22780,17522],[8,0]],[[22788,17522],[-7,-233],[-2,-173],[1,-166],[8,-330],[16,-364]],[[22797,16254],[-12,235],[-9,141],[-3,170],[1,222],[-1,196],[7,304]],[[20256,41189],[11,-20],[42,-3],[12,-92],[20,-37],[13,-69],[7,-154],[9,-66],[28,18]],[[20425,40515],[2,-66],[-11,-2],[2,-45],[-13,-75],[-18,-50],[4,-43],[-18,-52],[-9,-54],[-24,40]],[[20320,40168],[-5,101],[-8,60],[4,155],[6,-32],[3,137],[8,10],[-2,80],[-14,18],[-8,67],[-8,11],[-14,103],[-12,16],[-13,184],[-1,111]],[[27193,33037],[161,-41]],[[27357,32887],[-2,-165]],[[27355,32722],[-139,37]],[[27216,32759],[-23,270]],[[24785,38822],[-1,-91],[-21,-148]],[[24763,38583],[-17,125],[6,117],[12,102],[13,21]],[[24317,22123],[41,206],[24,186],[43,20]],[[24490,21565],[-14,-66],[-13,-21],[2,66],[-10,-11],[3,63],[9,45],[-10,64],[-29,-80],[-10,128],[-10,-13],[-6,190],[-26,2],[6,53],[1,140],[-32,22],[-13,-16],[-20,-61],[-1,53]],[[23872,30021],[-20,-26],[-1,21],[-42,55],[-19,43],[-20,5]],[[22049,32763],[118,-1],[0,164],[59,0]],[[22227,32191],[-13,-3]],[[22214,32188],[-105,3],[0,-162],[-29,0]],[[22049,32029],[0,286]],[[17305,48217],[15,-20],[5,-64],[17,-71],[23,-45],[9,-88],[1,-100],[28,-136],[15,-57],[12,-120],[19,-29]],[[17449,47487],[24,6],[13,-117],[-2,-71],[14,-59],[10,-79],[9,-13]],[[17859,46510],[0,-1446]],[[17859,45064],[-77,0],[-293,0],[-181,7]],[[17308,45071],[-3,1]],[[17305,45072],[0,3145]],[[28588,38922],[-1,-66],[6,-117],[-2,-147],[7,-101],[22,-129],[8,-99],[-9,-73],[-15,4]],[[28547,38589],[1,153],[-8,175],[4,71]],[[26965,28815],[17,79]],[[26989,28730],[-24,85]],[[16033,38173],[3,35],[17,53],[-3,129],[8,22],[-1,58],[-14,39],[13,101],[-4,108],[-9,6],[-2,64],[-7,0],[-12,90],[8,86]],[[16030,38964],[33,-2]],[[16063,38962],[96,-43]],[[15958,37710],[18,-10],[15,50],[9,-3],[12,172],[15,35],[6,219]],[[23316,32527],[17,60],[13,-66]],[[23428,32831],[7,-10],[5,-72],[29,-31],[-3,-94],[21,41],[7,-86]],[[23345,32082],[0,191],[-30,0],[1,254]],[[27375,41627],[50,-3]],[[27417,41391],[-2,-116],[-7,-32],[2,-83],[-13,17],[4,-96],[-9,-32]],[[27276,41082],[1,156]],[[27476,41259],[0,102]],[[27476,41627],[1,451]],[[27477,42078],[-1,144]],[[27476,42222],[45,2]],[[27657,41698],[6,-35],[-15,-55],[7,-42]],[[27655,41566],[10,-80],[-10,-35],[0,-68],[-20,-64],[-7,37],[-6,-58]],[[27622,41298],[-10,1],[-7,49],[-20,-41],[-13,37],[-54,-20],[-21,-41],[-8,-43],[-13,19]],[[16417,33450],[6,0]],[[16296,31926],[5,162],[-1,114],[-18,92],[-14,11],[-3,-34],[-27,89],[-11,77],[10,211],[-2,80],[-11,85],[-27,23],[-27,164],[-18,162],[-24,40],[-17,106],[-1,73],[-8,80]],[[22989,32839],[1,329]],[[23169,32678],[0,-162]],[[23169,32516],[-129,0]],[[27016,43320],[0,-135],[12,0]],[[27002,42393],[-32,-25]],[[22734,19183],[6,-26],[10,32],[16,-96],[13,38],[26,-49],[7,-66]],[[22847,18691],[-14,-146],[-10,25],[-8,73],[-21,-16],[-4,29],[-32,-18],[-11,19],[-3,-74]],[[28387,36430],[-6,-114]],[[28332,36133],[-20,-11],[-11,16],[-15,85],[-10,-11]],[[28276,36212],[-15,57],[-15,-51],[-14,68],[3,54],[-11,8],[-12,53],[1,95],[6,2]],[[28107,31138],[28,235],[12,79]],[[28312,30928],[-17,-76],[-37,-191]],[[28170,30722],[-14,16],[-16,59],[-7,-27]],[[28133,30770],[-11,-6],[-15,85]],[[24667,39677],[8,115],[11,27],[13,-34],[49,-1],[0,96],[31,0],[0,61],[15,7]],[[24758,39314],[-9,2],[-27,72],[-13,10]],[[24709,39398],[-23,-18],[-10,66],[-3,135],[-6,96]],[[24123,46112],[0,161]],[[21477,41335],[179,-2]],[[21656,41333],[-1,-812]],[[27001,26197],[23,-26],[26,-135]],[[27050,26036],[-8,3],[-3,-104],[-12,0],[0,-565]],[[27001,25481],[-4,47],[-22,72],[-8,50],[-17,34],[-31,133]],[[23347,41330],[9,0]],[[23356,41330],[16,-96],[13,-18],[1,-69],[13,9],[5,-57],[26,-23],[14,63]],[[23476,40994],[-1,-43],[-12,-15],[3,-58],[12,26],[-1,-79],[-10,-9],[-13,38],[-5,-120],[-15,-31],[-7,-93]],[[23427,40610],[-12,9],[-5,60],[-63,2]],[[26368,28712],[18,-1],[11,98],[2,80]],[[26367,28645],[1,67]],[[22214,32188],[11,-53],[5,-81],[6,-3],[-1,-181],[9,-39],[2,-71],[-7,-27],[20,-93]],[[26950,27021],[-67,-80],[-2,-24]],[[26881,26917],[-18,21]],[[23853,49832],[68,0]],[[23988,49697],[0,-514]],[[23073,20138],[4,538]],[[23198,21175],[9,-47],[-1,-182],[23,-88],[-6,-40],[5,-129],[25,-8],[9,-50],[1,-66],[18,-82],[1,-51],[19,-13]],[[23301,20419],[-43,-140],[-42,-161],[-53,-143],[-61,-180],[-44,-191]],[[26783,32024],[-28,-50]],[[26755,31974],[-11,100],[1,45],[-12,104],[-10,45],[0,151],[-16,-19],[-8,60],[-8,133]],[[25412,26941],[-12,63],[-20,57],[3,110],[22,74],[14,93],[17,-10],[-3,28]],[[25433,27356],[11,-15]],[[25444,27341],[24,0],[0,-82],[57,2]],[[25539,26856],[-14,-20],[-1,-228],[-26,-2],[-1,-236],[-12,-27]],[[25485,26343],[-113,-2]],[[25372,26341],[-11,29],[-2,85],[14,20],[7,38],[2,118],[8,75],[-3,187],[25,48]],[[27622,41298],[-4,-45],[15,-11],[12,-137],[-7,-64],[9,-98],[-8,-53],[9,-41],[-4,-41]],[[27476,40808],[1,318],[-1,133]],[[26898,38377],[7,-31],[17,10]],[[26922,38356],[46,-198],[8,49],[11,-52],[-8,-16],[-2,-72],[13,-52]],[[26979,37482],[-33,-168]],[[27129,24806],[22,-88],[15,-28],[21,31],[-4,-52],[24,-117],[12,-34]],[[27219,24518],[-14,-72],[13,-39],[11,39],[1,-130],[-16,-259],[5,-113]],[[27091,24152],[3,167],[-6,2],[6,93],[-6,29],[2,119],[-8,16]],[[27082,24578],[3,74],[23,19],[6,72],[15,63]],[[17318,48590],[7,0],[0,-81],[12,-1],[5,-53],[12,-28],[39,26]],[[17393,48453],[55,0]],[[17448,48453],[0,-323],[11,0],[0,-326],[-11,-2],[1,-315]],[[17305,48217],[0,239],[2,95],[11,39]],[[27381,42450],[32,-3],[0,-25],[22,-2]],[[27435,42420],[11,-88],[9,-137],[-9,-127]],[[27446,42068],[6,-47],[2,-91],[-5,-105],[-10,-37],[-8,-111]],[[27359,42124],[4,81],[2,165],[15,-2],[1,82]],[[29318,45310],[5,79],[10,42],[2,67],[15,63],[4,69],[-4,146],[5,100],[-2,64]],[[29353,45940],[120,86]],[[29473,46026],[-43,-793],[3,-67]],[[29433,45166],[-7,0],[-2,-135],[-51,51],[-51,130],[-10,7]],[[25845,27769],[102,3]],[[25943,27145],[-6,-26],[-23,52],[-18,5],[-6,70],[-14,52],[-21,-134],[-17,-6],[-3,-32]],[[25835,27126],[-1,558]],[[25834,27684],[0,80],[11,5]],[[20662,23793],[-8,108],[-15,0],[-14,106],[-12,16],[-3,39],[-15,54],[-12,-6],[-7,45],[-31,63],[0,62],[-44,190],[-13,172],[-12,60],[-18,41],[-9,53],[-9,4],[-2,57],[-24,171],[-20,56],[-4,87],[-12,40]],[[20378,25211],[11,69],[0,103],[-10,0],[-1,981]],[[26270,29188],[64,-1],[3,-16]],[[26337,29171],[-5,-52],[2,-125],[9,-94],[19,-73],[6,-115]],[[26266,28589],[0,61],[-21,1]],[[26224,29027],[8,58],[9,-33],[27,106],[2,30]],[[26008,44621],[36,0]],[[26044,44621],[2,-441]],[[25933,44097],[-1,527]],[[27378,34286],[34,51],[28,-14],[6,59],[10,-34],[12,31],[4,-51],[19,3],[4,-34]],[[27375,33948],[3,338]],[[25704,28323],[0,42],[16,-6],[59,3],[16,-97],[10,4]],[[25805,28269],[1,-171],[10,-103],[8,-19],[-2,-93],[23,-114]],[[25834,27684],[-84,-4],[1,-83],[-57,5]],[[24525,42632],[6,241],[10,44],[14,106],[11,30],[6,171],[-1,107]],[[30554,50110],[8,-37],[-5,-48],[19,-13],[-6,-167],[12,-11],[-7,-164],[-13,13],[-17,-227]],[[30545,49456],[-4,-116],[-6,-35],[-30,32],[-5,-96],[3,-192],[-28,26]],[[24120,28918],[-7,68],[-18,59],[-14,-8],[-3,97],[-14,19],[1,112],[15,34],[-7,100],[4,50],[19,17],[5,61],[13,71],[1,134]],[[25479,37903],[62,-7]],[[27333,39477],[8,-92],[-2,-71],[3,-145],[-15,-99],[16,-85],[4,-55]],[[27073,36721],[11,-46]],[[27137,36162],[-7,-69],[-26,-52],[-13,-59]],[[27091,35982],[-3,-21],[-22,-5],[-10,-117],[-13,-52],[-21,7]],[[26976,36269],[97,452]],[[26471,31950],[34,0]],[[26505,31950],[19,0]],[[26678,39562],[20,-7],[12,-67]],[[26710,39488],[1,-745]],[[26711,38743],[-12,-32],[-5,69],[-11,39],[-28,32],[-15,52],[-26,-36],[-9,-88]],[[22911,44048],[25,-25],[12,21],[22,-47],[15,19],[20,-5],[18,-69],[9,-6]],[[23032,43936],[14,-53],[4,-93],[16,-94],[-3,-85],[9,-55]],[[26563,29971],[10,-66],[24,42],[8,-21]],[[26512,29701],[51,270]],[[23788,51732],[69,-1]],[[23856,51146],[-2,1]],[[23854,51147],[-17,85],[-49,5],[-20,76],[-14,21],[-12,72],[-9,-13],[-26,84]],[[23707,51477],[-26,132],[-2,123]],[[29153,43362],[37,220]],[[29190,43582],[37,-114]],[[29227,43468],[7,-18]],[[29256,42864],[-39,144]],[[24837,41092],[2,-291],[17,-297],[0,-69]],[[24792,40431],[-41,0]],[[24668,40936],[8,92]],[[23596,31850],[24,50],[3,-26],[33,41],[1,165],[-6,13],[30,66]],[[23803,32009],[-2,-511]],[[23740,31349],[0,25],[-29,7],[0,18],[-79,8],[0,54],[-38,5]],[[26636,30039],[-8,122],[-14,29],[-42,33],[-15,118]],[[26641,41349],[4,188]],[[26645,41537],[83,-6]],[[26603,40800],[2,104]],[[27497,18614],[18,-238],[17,-330]],[[27432,18048],[-27,0],[-1,159],[-26,-3]],[[23600,32697],[-1,78]],[[23599,32775],[14,38],[14,-79],[-2,-64],[17,-55],[22,34],[20,50],[-8,89],[5,28],[19,-11]],[[26765,28130],[-12,50],[-5,63],[-62,-151]],[[21763,53089],[-17,-16],[-4,-85],[-27,-87],[-4,-51],[-25,-44],[1,-53],[-18,-64],[-6,16],[-28,-95],[-19,-40],[-11,5],[-8,51],[-11,-46],[-26,57],[-24,-25],[-2,82],[-13,-31],[-12,18],[-17,-24]],[[24578,50744],[0,-325]],[[16477,43545],[0,1516]],[[16665,45061],[-1,-755],[1,-330],[6,0],[-1,-336],[-7,0],[1,-513],[5,0]],[[16476,39767],[-1,283]],[[16663,38589],[-71,333]],[[16476,39584],[0,85]],[[23283,40242],[109,1]],[[23390,39541],[-25,0],[-20,-21],[-25,69],[-17,-24]],[[23303,39565],[-27,14],[2,283]],[[23303,39565],[-1,-351]],[[23178,39214],[0,428],[-26,53]],[[25263,25795],[105,1]],[[25368,25796],[2,-181],[15,-34],[-1,-44],[26,-72],[8,-51],[-1,-132],[-9,-85],[13,4],[-3,-109],[-15,-13],[2,-90],[-6,4],[12,-86],[-4,-58]],[[25400,24792],[-5,20],[-9,-54],[-86,-2],[0,-54],[-28,0]],[[25272,24702],[-5,601]],[[27125,35638],[-13,178],[-18,111],[-3,55]],[[26881,26917],[5,-55],[3,-254],[5,-82],[3,-141],[14,-60],[1,-43]],[[26884,26208],[-14,71],[-7,82],[-13,20],[-9,62],[-25,67],[-11,103]],[[23548,35094],[-106,5]],[[26479,30196],[-5,29],[6,124],[9,67]],[[26557,30341],[-14,-232],[20,-138]],[[26429,30023],[8,75],[19,3],[2,44],[21,51]],[[28276,36212],[-27,-135],[-14,0]],[[24484,34328],[0,-28],[-20,2],[-5,-26],[0,-315],[-2,-321]],[[24457,33640],[-30,3],[0,83],[-69,10]],[[24358,33736],[1,111],[7,-2],[3,389],[-5,84]],[[23548,34779],[16,-632]],[[23498,34147],[-59,0]],[[25803,44622],[83,0]],[[25819,44011],[-16,0]],[[22794,18053],[-13,-254],[1,-24],[-12,-171],[-20,-43],[-7,-44],[-11,29],[14,34],[3,95],[-8,5],[-6,-50],[-20,-93],[-8,-7]],[[22823,18082],[-21,-280],[-14,-280]],[[22780,17522],[4,140],[16,289],[10,129]],[[25524,42708],[0,512]],[[25524,43220],[0,291]],[[17859,45064],[65,12],[58,-15],[88,0]],[[18137,45060],[0,-1859]],[[17428,43201],[-120,0]],[[17308,43201],[0,1870]],[[24682,53650],[12,10],[25,-44]],[[24719,53616],[6,-56],[23,7],[-1,-44],[28,-30],[14,-113],[13,-153],[-1,-40],[54,-69]],[[24855,53118],[0,-595],[-32,0]],[[24751,52522],[0,323],[-35,0],[0,162],[-35,0],[1,643]],[[25863,31956],[14,-85],[-1,-43],[-9,42],[-15,-134],[6,-79],[-4,-27],[1,-112],[-5,-41],[-1,-191],[9,-63]],[[25858,31223],[7,-37],[-10,-130],[-15,16],[-9,-74],[-21,7],[-9,38],[-5,81]],[[25987,42388],[1,-298]],[[25845,42137],[0,243]],[[25859,41187],[23,5]],[[25882,41192],[85,1]],[[25963,40653],[-83,-9]],[[25859,40640],[-1,94],[1,453]],[[24622,29220],[0,163],[29,1],[1,695]],[[24652,30079],[57,-3]],[[24709,30076],[0,-327]],[[24709,29749],[0,-902]],[[23783,42410],[0,-197],[3,1],[1,-390]],[[23897,41828],[0,217]],[[27309,40314],[5,56],[18,98]],[[27571,35927],[14,19]],[[27585,35946],[6,-85],[1,-96],[-9,-42],[-2,-101],[-8,6],[-7,-96],[-11,-55]],[[27492,35170],[-48,418]],[[20640,58169],[210,0],[71,2]],[[20921,57028],[-161,0],[0,164],[-37,0],[0,162],[-60,0]],[[20923,51085],[0,-397],[-5,-7]],[[20918,50681],[-115,2],[-158,3]],[[22626,40031],[156,0]],[[22626,39380],[0,489]],[[26930,29428],[15,21]],[[26965,28815],[-8,-1]],[[26883,29370],[9,6],[9,71],[11,-21],[11,39],[7,-37]],[[16759,52557],[276,2]],[[17035,52559],[5,0]],[[17040,52559],[0,-262],[2,0]],[[17040,52559],[105,-4]],[[17145,52555],[34,-1]],[[17336,52549],[16,-172],[18,-88]],[[25132,52695],[36,-98],[21,10],[13,-23]],[[25273,51392],[-70,3]],[[25100,52361],[0,162],[32,0],[0,172]],[[24895,48143],[-147,0]],[[24748,48143],[0,169]],[[16083,39451],[13,67],[17,39],[7,-34]],[[16063,38962],[4,32],[0,325],[16,2],[0,130]],[[18148,46056],[-11,5],[-25,-63],[-30,116],[-26,29],[-16,51],[-21,0],[-16,58],[-26,36]],[[17977,46288],[-1,376],[7,0]],[[24519,46281],[66,-1],[0,56]],[[24585,46336],[53,-77],[18,-175],[0,-60]],[[24703,45786],[-53,2],[0,-164],[-65,0]],[[16712,38361],[20,-98],[183,-870]],[[16749,36811],[-2,77],[-7,34],[-4,82],[-15,85],[-21,5],[-5,-42],[-15,47]],[[16680,37099],[19,104],[-4,44],[4,128],[-29,113],[-4,45],[5,98],[-12,111],[-14,45],[-19,-16],[-1,56],[-22,27],[-11,78],[-13,27],[8,67],[-2,50],[-11,47],[3,76]],[[24895,27457],[-21,-3],[-4,-49],[-14,-56],[-10,-71],[-15,-20],[-7,-73],[-8,-5],[1,-74]],[[24710,27433],[10,0],[25,79],[11,73],[25,20],[42,146],[7,113],[15,141]],[[30139,47956],[-17,-109],[-4,88],[-21,-43],[-4,124],[-10,-65]],[[19893,53459],[157,2],[6,-28],[0,-135],[35,-1],[0,-166],[6,2],[0,-325],[19,5],[0,-499]],[[19956,52639],[11,119],[2,132],[-12,27],[-6,108],[-11,27],[0,55],[-12,27],[0,81],[-12,27],[0,55],[-11,27],[-12,135]],[[22782,41333],[0,-651]],[[22782,40682],[-157,0]],[[19563,52805],[40,0]],[[19603,52805],[104,1],[0,193],[12,-1],[12,53],[81,0],[0,82],[28,164],[41,0],[0,188]],[[19881,53485],[12,-26]],[[22880,45730],[0,767]],[[12486,76815],[-4,-74],[22,-117],[80,-176],[37,-70],[37,-221],[42,-165],[50,-174],[-24,-80],[30,-188],[50,-256]],[[12688,74751],[-10,-47]],[[12661,74627],[-4,-2],[-39,267],[-55,237],[-11,225],[9,104],[-2,84],[27,66],[-13,160],[-8,-3],[-9,-136],[-20,-49],[0,-67],[12,-36],[-13,-91],[-10,16],[-22,-32],[-26,17],[-36,55],[-7,-24],[-35,58],[-40,280],[-4,176],[-42,225],[-13,127],[19,2],[-11,280],[-19,-90],[1,-93],[-35,212],[-7,239]],[[12376,75431],[4,-116],[19,2],[21,61],[11,-37],[20,-3],[21,-47],[55,18]],[[12289,75985],[35,-72],[27,-201],[-10,-8],[-22,185],[-23,31],[-7,65]],[[24721,31794],[0,-145]],[[24721,31649],[-11,28],[5,37],[-8,56],[-7,-32],[8,-101],[-6,-44],[8,-103],[-14,-38],[-7,19],[9,75],[-8,57],[-8,-36],[3,-53],[-9,-75],[15,-36],[12,18],[0,-74],[-16,-72],[-7,37],[4,50],[-8,35],[-5,-95]],[[24671,31302],[-129,8]],[[24333,32030],[0,20],[25,40],[15,-19],[5,-47],[15,-3],[1,123],[33,-4]],[[24671,31302],[-1,-38],[14,-110],[-7,-70]],[[24677,31084],[-7,-70],[2,-141],[-17,-47],[-3,-122],[-10,2],[3,82],[-22,0],[-2,-39],[9,-66],[-8,-77],[-19,8],[-4,-124],[-25,55],[0,-34],[14,-69],[19,3],[3,-40],[-13,-46],[-16,53],[-13,-86]],[[24568,30326],[1,-1]],[[24569,30325],[-45,0]],[[23551,38969],[-1,-489]],[[23550,38480],[0,-166]],[[23922,32558],[12,-73],[10,-5],[15,-96],[6,-88],[12,11],[-4,-72],[7,-37],[11,17],[0,52],[28,37],[8,-13]],[[23988,32117],[-18,-111],[-56,-292],[5,-2],[0,-164]],[[27052,25187],[33,-51],[34,32],[20,-63]],[[27139,25105],[-10,-239],[0,-60]],[[27082,24578],[-35,51],[-6,-122],[-14,2]],[[27027,24509],[-21,138],[0,161],[-21,40],[0,59]],[[26909,18210],[140,2]],[[27048,17636],[0,-244]],[[26885,17731],[-14,90],[-4,93],[-10,99],[10,-31],[1,-48],[15,61],[10,103],[12,45],[4,67]],[[24388,47096],[-1,-242],[0,-578]],[[27125,26645],[43,69],[53,97]],[[27221,26811],[6,-63],[6,-209]],[[27233,26539],[7,-90],[18,-88],[4,-103],[8,-76],[18,31],[-4,-63],[8,24],[12,-85],[-11,-74],[1,-98],[5,-71]],[[27299,25846],[-12,0]],[[26965,32333],[39,8]],[[27004,32341],[-3,-648],[22,-122]],[[27209,34294],[6,-74],[-12,-109],[-13,-47]],[[27117,34053],[-6,107],[-7,47],[-8,-8],[-7,50],[4,85],[-6,48]],[[27376,30958],[38,154],[-1,-91],[9,-7],[7,52],[9,-69],[17,43],[5,-32],[15,47],[-7,94],[39,103]],[[27541,30788],[0,-5]],[[27449,30288],[-28,-56],[-42,212],[12,160]],[[24043,52052],[16,63],[20,240],[20,75],[25,37],[8,61],[14,-21],[10,90],[24,-11],[6,95],[10,16],[0,154]],[[24264,52851],[0,-324],[5,-98],[0,-545]],[[24191,26632],[0,246]],[[24268,26878],[12,-1],[-4,-89],[8,-24],[-1,-93],[25,-7],[-1,-21]],[[24307,26643],[8,-112],[-12,-13],[5,-212]],[[24308,26306],[-3,-82],[-29,0]],[[24308,26306],[11,-34],[20,-151],[14,18],[17,80],[6,85],[14,0],[0,-164],[6,0]],[[24324,24986],[-6,-3],[-15,61],[-10,-47],[3,-62],[-17,-18],[-4,100],[1,80]],[[24307,26643],[16,45],[7,87],[12,66],[2,143],[16,16],[2,50],[17,68],[45,0]],[[25458,50623],[-21,-66],[2,-69],[-10,-101],[-9,-24],[-11,-134],[-12,-67],[-2,-79]],[[8953,85263],[-285,0],[0,-270],[-150,0],[-259,0],[-651,-981],[-18,-21],[0,-135],[-308,0]],[[8276,81503],[-51,46],[-43,-103],[-11,-78],[-19,-23],[-12,-112],[0,-113],[-18,-50],[-25,31],[-36,11],[-74,-27],[-26,69],[-28,25],[-14,-83],[-73,-111]],[[19933,47881],[0,-53],[-156,-4],[0,-20],[-51,0],[0,27],[-33,0],[0,55],[-33,0],[0,54],[-34,-1],[1,82],[-34,0],[0,54],[-33,0],[0,28],[-66,0],[0,149],[-7,23],[-22,159],[-11,32]],[[28243,34864],[131,-1]],[[16462,36059],[-15,-31],[-34,-6],[-17,-21],[-19,-59],[-33,-46],[-18,-98]],[[25836,26454],[29,1],[0,-162],[31,3]],[[25895,25311],[-19,3],[-5,162],[-23,-77],[-10,-67],[0,143],[-28,-3]],[[27599,16947],[13,-325],[-1,-379],[-7,-280],[-4,-232]],[[27600,15731],[-35,13],[-27,52],[0,-39],[-162,-1]],[[26492,41050],[-11,-24],[-5,-318],[-1,-167]],[[26405,40562],[-32,3]],[[26063,27722],[83,5],[3,27],[43,12]],[[26192,27766],[7,-200],[7,-69]],[[15712,51496],[27,0],[3,53],[228,0]],[[15970,51549],[12,-109],[22,-55],[-2,-64],[7,-92],[-5,-61]],[[15994,50472],[-183,0],[-41,97],[-16,154],[-31,74],[-12,91],[-11,41],[9,80],[5,162],[-27,28],[-4,-28]],[[15683,51171],[-5,0],[0,108]],[[15356,41332],[133,1]],[[15489,41333],[0,-46],[170,1]],[[15659,41288],[4,-114],[-8,-18],[-3,-117],[6,-87]],[[15658,40952],[0,-95],[7,0],[6,-72],[2,-241]],[[15673,40544],[-1,-97],[-13,-22],[-25,3],[-11,-27],[-3,-180],[10,-134],[6,-27],[0,-82],[6,-79],[-14,-115],[-9,0],[-4,-192],[8,-24],[2,-71],[8,-45],[12,0],[4,-120],[6,-61],[11,3],[25,-96]],[[15691,39178],[-73,4],[-15,-24],[0,-58],[-65,-4],[0,-55],[-36,1],[-10,-17]],[[15492,39025],[-33,161],[-24,186],[14,125],[-8,201],[-16,156],[-14,280],[3,159],[13,212],[-5,84],[0,104],[-14,148],[-4,174],[-16,58],[-6,88],[-26,171]],[[17488,53432],[-11,1],[12,-96],[-1,-137],[-27,15],[-6,-49],[-63,0],[9,-154],[-5,-10],[0,-451]],[[23687,39145],[-2,-331],[3,0],[-1,-162],[16,-3]],[[23702,38424],[-5,16],[-25,-20],[-14,26],[-9,-18],[-15,41],[-84,11]],[[24649,47265],[34,74],[32,-19]],[[24585,46336],[-23,43],[-24,98],[-10,248],[-12,40],[-3,156]],[[15891,38547],[13,8],[12,-53],[20,82],[25,7],[18,-26],[20,27],[6,-19],[0,-397],[28,-3]],[[15845,37699],[-9,85],[-27,69]],[[15809,37853],[-3,26]],[[22839,57317],[216,2]],[[23274,57307],[0,-324],[3,-360]],[[22844,56624],[1,39]],[[22840,57315],[-1,2]],[[27219,23571],[9,-53],[4,-152],[1,-182],[4,-95]],[[27237,23089],[-16,0],[1,-275],[-30,-3],[-23,56],[-16,-24]],[[27594,43333],[27,190]],[[27621,43523],[85,1]],[[27708,43518],[-1,-397],[0,-539]],[[27580,42590],[-3,340]],[[24779,41674],[21,84],[16,122],[7,141],[17,44],[16,80]],[[24856,42145],[58,0],[0,-219],[32,2]],[[21656,41333],[24,2]],[[27149,41034],[-1,-162]],[[25972,26873],[-19,-4],[-3,-41],[0,-373]],[[25811,27004],[10,62],[1,53],[13,7]],[[20067,40144],[191,-8]],[[20210,39454],[-15,87],[-26,-3],[-14,-118],[-14,13],[-4,44],[-12,-34],[-25,79],[2,62],[-22,97],[-60,0],[-4,64],[-16,37],[-6,47],[1,77],[-6,32]],[[19989,39938],[4,24],[-24,85],[10,97]],[[24063,34776],[-23,0]],[[23918,34776],[-7,2]],[[23524,28005],[14,0]],[[23538,28005],[171,3]],[[23709,27656],[-14,-8],[-3,93],[-11,5],[-8,-83],[-14,13],[-6,88],[-21,-39],[-18,-69],[-35,2],[-54,185]],[[23758,34778],[0,-196],[-7,-29],[21,-135]],[[23772,34418],[-15,1],[0,-135],[-5,0]],[[26651,31961],[-8,21],[-21,164],[-20,89],[0,36],[-22,-6]],[[26580,32265],[2,82],[9,48],[-2,44]],[[24388,47096],[119,-3]],[[24210,49665],[8,-30],[36,-58]],[[24124,49180],[0,324],[34,0],[0,163],[52,-2]],[[29433,45166],[3,0]],[[29436,45166],[-9,-717]],[[29427,44449],[-3,-262]],[[29424,44187],[-113,-73],[-13,-91]],[[29298,44023],[-5,32],[0,106],[13,143]],[[23590,30458],[63,3]],[[26819,22404],[-4,-112],[-8,-5]],[[26807,22287],[-111,-2]],[[26839,39361],[-113,22],[-1,60],[-15,45]],[[27476,45031],[48,98],[45,119],[19,135],[13,4],[3,-45],[36,116],[47,119]],[[27729,44793],[-165,-4],[-88,2]],[[27476,44791],[0,240]],[[27729,44368],[0,-13],[-60,10],[0,-39],[-32,-118],[-16,-91]],[[27621,44117],[-44,-16],[-101,15]],[[27476,44135],[0,656]],[[21989,47673],[0,-488],[5,0],[0,-245]],[[21994,46940],[-192,-1],[-95,0]],[[21707,46939],[0,733]],[[24455,40878],[125,-3],[0,164]],[[24673,40435],[-8,-121],[-1,-116]],[[24664,40198],[-90,8]],[[24778,37750],[47,92],[0,162],[38,-5]],[[24863,37999],[55,-1]],[[24948,37504],[-24,-249],[2,-37]],[[24926,37218],[-19,82],[-15,19],[-1,47],[-13,45],[-16,-68],[-10,10]],[[28274,35519],[10,-32]],[[21050,24050],[93,656],[67,476]],[[21278,25038],[4,-28],[21,95],[27,-109],[22,-34],[20,-113],[0,-120],[11,-77]],[[21556,23838],[-103,7],[0,-110],[-57,2],[0,-588],[-62,-2],[0,-432]],[[27998,35151],[-8,-18],[-10,-88],[-1,-113],[-5,-74]],[[27974,34858],[-18,0]],[[26756,31106],[-18,129],[-17,11],[-30,141]],[[26691,31387],[-4,55]],[[23731,33397],[14,-2]],[[23599,32775],[-10,393]],[[23584,27097],[-8,-11],[-10,37],[-7,-25]],[[23559,27098],[-17,7],[-17,43],[0,431]],[[15303,45069],[109,-5]],[[15457,43915],[-31,-2],[0,156],[-82,2]],[[15344,44071],[-4,154],[-15,206],[-8,154],[-9,-6],[-17,87],[10,119],[5,168],[-3,116]],[[28480,34877],[105,-3]],[[28580,34501],[-15,-51],[-8,9],[-16,-61]],[[24438,48786],[29,0],[-5,99],[20,65],[13,-36],[9,70],[10,-20]],[[24581,48300],[-96,2]],[[20378,25211],[-23,23],[-35,125],[-11,142],[-10,38],[-6,109],[-21,203],[-20,67],[-11,-30],[-11,66]],[[20230,25954],[-5,45],[-16,32],[1,37],[-10,40],[-3,61],[10,37],[-8,116],[6,39],[67,0]],[[26278,40030],[50,0],[3,12],[77,-37]],[[26418,39499],[-31,63],[-4,111],[-7,12],[-10,-49]],[[26366,39636],[-11,9],[-22,-48]],[[26333,39597],[-19,56],[-11,76],[-7,3],[-18,-77]],[[25487,33114],[-23,101],[7,328]],[[19859,37166],[18,89],[4,85],[12,69]],[[19828,36912],[1,107],[26,48],[4,99]],[[19859,37166],[-36,153],[-28,-32],[-6,29],[-8,-43],[-19,-21],[-13,138],[-156,2],[-2,-28],[-61,0]],[[22160,22445],[0,-526]],[[22045,21912],[-1,100],[-13,64],[11,23],[-3,104],[6,29],[-5,100],[8,92],[4,241],[4,-2],[2,108],[58,-16]],[[28278,37570],[24,-129],[8,-3],[12,-69],[11,21],[6,-56],[-1,-66],[6,-94],[17,18]],[[21310,43204],[9,2]],[[21310,42732],[0,472]],[[23197,43500],[138,0]],[[23335,43016],[-120,0]],[[28885,44402],[-5,669]],[[28880,45071],[22,0]],[[28902,45071],[12,0],[14,-95],[5,6],[8,-160],[15,6],[18,-34]],[[28974,44794],[19,-99],[-8,-52],[14,-34],[3,-241],[-7,-42]],[[28995,44326],[-31,-262],[-2,-35],[-18,-56],[-4,-76],[-20,7],[-4,-23],[11,-59],[-6,-116],[-7,-58]],[[28914,43648],[-41,-13]],[[28967,48995],[30,-85],[58,35]],[[29055,48945],[15,-780],[7,-312],[-26,-274],[43,-100]],[[29094,47479],[5,-211],[-9,-90],[-12,-21],[3,-125]],[[29080,46688],[-32,64],[-8,-136],[-54,156],[-11,-90],[-20,-7],[0,43]],[[28955,46718],[3,2],[-5,322],[42,326],[-26,56],[4,90],[20,48],[-10,533]],[[28932,46465],[12,75],[1,162]],[[28945,46702],[10,16]],[[29112,46624],[-5,-147],[10,-233],[-23,-202]],[[29094,46042],[-17,-24],[-19,12],[-35,-82],[-4,-46],[-10,21],[0,-48],[-21,-17],[-8,-49],[-21,-66],[-18,16],[-22,-98],[-21,-2]],[[26906,36083],[4,13]],[[26973,35662],[7,-108],[-29,-69]],[[26951,35485],[1,14],[-65,-11],[-16,-108],[-16,23],[-6,-61]],[[15965,39317],[9,-17],[-3,-73],[9,-37],[9,28],[8,-39],[0,-88],[10,-76],[26,0],[-3,-51]],[[15809,39203],[-7,76],[5,40],[18,-3]],[[29227,43468],[71,342]],[[29298,43810],[0,-8]],[[29298,43802],[10,-64],[-7,-74],[10,-71],[13,-151],[-2,-247]],[[21102,38083],[183,3]],[[21192,36919],[-92,2]],[[21100,36921],[2,744],[0,418]],[[18738,43999],[-10,-26],[-15,14],[3,-103],[-18,-53],[-59,-1],[-71,-486]],[[29383,46538],[5,66],[-7,137],[13,92]],[[29498,46468],[-25,-442]],[[27355,32722],[-9,-42],[18,-34],[-17,-37],[-9,-132],[4,-178],[-11,-47]],[[27251,32280],[2,180],[-10,38],[0,93],[-12,42],[-15,126]],[[23799,29132],[-9,63],[-6,-31],[-9,130],[-6,5],[0,72]],[[27049,19770],[-1,-311]],[[27048,19459],[0,-101],[-14,2],[0,-164]],[[27034,19196],[-91,-2],[-61,5]],[[26840,19197],[11,87],[1,66],[8,71],[0,61],[7,80],[0,63],[8,59]],[[26826,19263],[5,5],[0,-80],[-5,75]],[[23481,45465],[-64,1]],[[24968,36776],[0,8]],[[24968,36784],[14,-16],[5,71],[84,0]],[[25071,36839],[31,-7]],[[24978,36342],[14,17],[4,100],[-26,259],[-2,58]],[[26670,44137],[21,1],[0,-82],[108,2]],[[23009,47429],[127,-5],[66,2]],[[23202,47426],[0,-516],[1,-137]],[[23203,46773],[-189,0]],[[23037,47099],[5,70],[-9,56],[-2,133],[-24,5],[2,66]],[[28914,43648],[64,24],[-7,-189],[22,-18],[14,-109],[9,17]],[[29016,43373],[7,5]],[[28882,42854],[-28,256],[22,69],[-30,196],[-13,54]],[[28833,43429],[14,74]],[[23772,34418],[44,-7],[-2,-50],[13,-32],[-1,-108],[10,-28],[0,-57],[10,-1],[0,-55],[20,-2]],[[23142,27928],[40,-2]],[[23276,27645],[0,-387],[12,-50],[16,-119],[13,-65]],[[23317,27024],[-175,4]],[[29406,47516],[-13,0],[-28,-76],[-8,-80],[-18,51],[3,102],[-10,48],[-7,127],[-77,-50]],[[29248,47638],[-15,669],[44,29]],[[29266,46911],[-12,507]],[[29254,47418],[-6,220]],[[28643,35507],[4,-6],[-3,138],[17,10],[25,-66]],[[28686,35583],[-6,-80],[6,-55],[-5,-51],[-8,19]],[[28673,35416],[-18,-34]],[[28655,35382],[-12,125]],[[24234,34332],[-1,-162],[-15,2],[5,-79]],[[24223,34093],[0,-138],[-30,3],[-1,-163],[-30,4]],[[24163,33961],[1,178],[-20,68],[6,43],[-3,68],[-20,19],[4,74],[-14,11],[4,49],[-8,45],[16,51],[1,211]],[[21012,26359],[110,2]],[[21043,25708],[-6,40],[2,60],[-10,9],[-9,69],[-17,-11],[-12,55],[-9,220],[-16,-34],[-18,219],[-8,24]],[[24223,34093],[4,-58],[12,22],[9,-101],[14,-48],[-10,-27],[2,-68],[-7,-90],[18,16],[11,-46],[9,40],[22,-108],[13,-29]],[[24320,33596],[-6,-106],[1,-76],[8,-40],[0,-82]],[[28901,40173],[-7,17],[-10,90],[-19,40],[6,226],[-12,46],[0,45],[13,105]],[[27112,34993],[-27,5],[-3,-42],[-59,2]],[[26996,34959],[-14,0]],[[26982,34959],[-11,212]],[[26971,35171],[30,100],[34,68],[-1,69],[8,35],[27,50],[10,-31],[17,47],[13,74]],[[26883,39176],[-4,-185],[-9,0],[-3,-137],[-16,5],[-1,-66],[8,-88],[-21,-50]],[[26773,38907],[-21,-74],[-5,-70],[-36,-20]],[[25838,36033],[33,-167],[18,45],[7,-51],[22,-29]],[[23832,24817],[-87,-33]],[[20672,43196],[124,8],[124,-1]],[[21053,43204],[-2,-561],[0,-334]],[[20667,41330],[0,82],[-13,-82],[-13,0]],[[20641,41330],[-1,0],[1,489]],[[23972,43010],[0,-588]],[[23895,42415],[-51,0]],[[29094,46042],[26,-172],[49,-134]],[[29169,45736],[4,-11],[-30,-276],[24,-60]],[[29075,45103],[-101,-309]],[[28902,45071],[-5,80],[1,286]],[[23446,27365],[0,-312]],[[23446,27053],[0,-435]],[[23446,26618],[-132,-5]],[[23314,26613],[-5,35],[4,89],[-7,62],[6,21],[5,97],[0,107]],[[23081,28889],[122,108]],[[23203,28997],[-1,-357]],[[23202,28640],[-1,-410],[1,-38]],[[28623,36019],[15,16],[16,-106]],[[24926,37218],[2,-95],[14,-5],[9,-67],[19,-39],[2,-127],[9,-55],[-13,-46]],[[24968,36776],[-19,14],[-3,55],[-7,-29],[-28,23],[-6,-20],[-15,24],[-16,-6]],[[20641,41330],[0,-42],[-16,-95],[-5,50],[-5,-75]],[[20468,41203],[-5,18],[1,136],[14,58],[1,188],[-9,23],[-3,80],[7,111]],[[28601,35583],[0,-61],[21,2]],[[28622,35524],[-4,-58]],[[28618,35466],[-10,-94],[-9,-498]],[[22915,55685],[-162,0]],[[22639,55687],[0,651],[-6,0],[0,326]],[[29236,42439],[0,71],[12,26]],[[29248,42536],[21,13]],[[29269,42549],[9,-90],[-15,-97],[-32,-93],[-10,0]],[[29221,42269],[2,71],[10,38],[3,61]],[[29189,42714],[11,-37],[31,-24],[5,-39],[19,-22]],[[29255,42592],[-7,-56]],[[29236,42439],[-3,21],[-21,-22],[-4,30],[-44,-18]],[[29164,42450],[10,34],[7,87],[-13,-16],[-4,35]],[[27107,15749],[7,-26],[45,2],[0,195],[27,3],[-1,169]],[[27376,15617],[2,-524]],[[27378,15093],[0,-326]],[[27378,14767],[-166,-3]],[[27212,14764],[-1,25],[-21,62],[-21,88],[-11,-21],[-8,-63],[-16,203],[-15,238],[-5,278],[-7,175]],[[27139,25105],[9,71],[2,61],[8,8],[11,90]],[[27267,25039],[-6,-165],[-13,-36],[-8,-95],[-9,-4],[0,-115],[-4,-86],[-8,-20]],[[25071,36839],[1,490]],[[25100,43061],[33,5]],[[25039,42441],[-1,42],[-16,-2],[0,249],[-63,-1]],[[25375,36662],[-6,-61],[-48,-31],[-12,-18],[-17,-78]],[[26549,27237],[14,-42],[5,111],[9,-2],[0,55],[8,-3],[0,184],[5,113]],[[24877,23862],[9,-59],[2,-124],[10,-55],[4,-62],[19,-85]],[[24967,22954],[-17,-56],[-10,3]],[[24940,22901],[-17,44],[-8,-26],[-9,30],[-9,-33],[-12,38],[-23,34],[-38,-80],[-19,17]],[[24805,22925],[-14,47]],[[24790,23055],[-8,143],[-15,102],[0,527],[-3,122]],[[24514,25629],[0,39],[-23,-2],[-18,80],[2,36],[-7,101]],[[23009,44589],[31,0],[-1,-110]],[[23039,44479],[1,-297],[5,-82],[11,-28],[5,-54],[11,0],[0,-82]],[[23072,43936],[-40,0]],[[27774,42322],[-13,-10],[-18,73],[-1,54],[-20,135],[-15,8]],[[23550,37699],[104,-17],[4,-45],[25,58],[7,-38],[14,-2]],[[26814,33741],[13,6],[8,-50],[20,158],[33,112],[8,-48]],[[26896,33919],[-3,-128],[15,-33],[15,44]],[[26923,33802],[7,-52],[-4,-77],[13,-22],[9,-69],[2,-78]],[[24454,22726],[27,1],[13,-62]],[[24317,22123],[-6,39],[8,66],[8,-5],[-2,74],[-16,13],[-14,-36],[-9,31]],[[24273,21851],[10,44],[12,-8],[3,42],[22,-10],[23,-98],[9,11],[6,-47],[-15,-57],[-1,-65],[-14,-30],[-59,185],[4,33]],[[26383,26298],[4,312]],[[26517,26417],[12,-201],[-1,-26]],[[26412,26123],[-29,175]],[[24748,48143],[0,-163]],[[24748,47980],[-99,-1],[0,-245]],[[24499,47734],[-8,62],[5,83]],[[28627,35696],[-11,-37],[-10,109],[-29,98],[-14,72],[2,90]],[[18702,39544],[-2,-93],[-13,-15],[1,-54],[-20,0],[-10,-151],[-15,-26],[-1,-188],[3,-69],[-26,-95],[-38,9],[-10,-69],[0,-82],[-9,-53]],[[18562,38658],[-167,0],[-261,0]],[[27237,23089],[19,-530],[13,-206],[0,-74],[6,-151],[8,-127]],[[18654,57193],[24,-51],[20,5],[10,-26],[0,-84],[55,-1],[0,-82],[36,0],[0,-243],[71,0]],[[18870,56711],[0,-164]],[[18870,56547],[0,-272]],[[23992,47878],[132,1]],[[24124,47879],[-1,-537]],[[26786,25949],[-15,16],[-9,42],[-13,-3],[-13,70]],[[27980,43579],[18,29],[0,67],[114,-43]],[[28152,43606],[16,-119]],[[28078,42701],[3,-17]],[[28081,42684],[-126,1]],[[25111,47476],[-99,-7],[0,24],[-99,-1]],[[24913,47492],[0,50],[12,77],[21,37],[1,331],[-37,24],[4,50],[-13,13],[-6,69]],[[21225,51085],[0,-325]],[[20919,49884],[0,567],[-1,230]],[[20010,43206],[128,0]],[[20196,42163],[-1,-195],[6,0],[-1,-635],[3,-144]],[[20203,41189],[0,-12],[-114,0]],[[20088,41500],[0,250],[-112,-2]],[[25463,38362],[-9,-82],[-13,-46],[-2,-98],[-6,-34],[-8,53],[-7,-66],[-5,56],[-9,-109],[-8,31]],[[24392,24846],[4,61],[10,28],[3,-45],[12,24],[5,172],[12,-8],[23,46],[10,39],[26,-7],[15,-19]],[[24530,25089],[10,-74],[0,-529]],[[24540,24486],[-33,0]],[[24507,24486],[-128,0]],[[25629,30088],[11,-1],[0,575]],[[25640,30662],[0,28]],[[25787,30672],[29,-3],[7,-82]],[[23447,22400],[1,-31],[19,-77],[-4,-45],[3,-66],[-7,-76],[2,-99]],[[23461,22006],[-8,14],[-5,-8],[-7,-22],[-3,-68],[8,-50],[-9,-88]],[[23437,21784],[-11,8],[-11,-45],[-2,-47],[-16,-24],[-11,124],[-4,-15]],[[23382,21785],[-10,10],[-4,63],[-19,8],[-5,-26],[-20,-10]],[[23324,21830],[-51,158],[-61,233]],[[20203,41189],[53,0]],[[25805,28269],[2,127],[6,27]],[[25813,28423],[88,3]],[[19959,39866],[14,24],[6,49],[10,-1]],[[20309,38379],[-210,4],[-1,-520]],[[29090,50676],[2,-78],[22,0],[11,-517],[21,-946],[-5,-16],[3,-119]],[[29144,49000],[-89,-55]],[[28890,49221],[-116,348]],[[28774,49569],[11,54],[4,74],[12,82],[41,195],[31,161],[56,225],[-1,20],[68,176],[26,99],[18,0],[22,60],[28,-39]],[[22904,25814],[36,-349]],[[26562,25991],[-12,53],[-26,30]],[[26176,27987],[91,-3],[0,8]],[[26311,27939],[3,-27],[-1,-460]],[[26192,27766],[2,40],[-13,72],[4,58],[-9,51]],[[26279,40435],[1,85]],[[23553,39756],[-2,-85]],[[26907,36998],[-14,-28],[3,-77],[-6,-235],[11,-69],[-10,-151],[-13,-30],[4,-34],[-5,-84],[-11,-40]],[[26866,36250],[-12,45],[-3,217],[-19,-24],[0,101],[-26,37]],[[26806,36626],[11,87],[-5,201],[-12,71],[2,71]],[[27912,44367],[78,3],[53,13],[1,-55],[17,-2]],[[28091,39473],[42,18],[3,35]],[[28142,39205],[-6,-19],[-9,-116],[-19,-66],[-9,3]],[[28099,39007],[-2,40],[-29,79]],[[24347,24523],[18,-1],[8,-46]],[[24372,24433],[5,-79],[-5,-128],[11,-37],[18,16],[-5,83],[-11,45],[18,-1],[8,-50],[1,-72],[-6,-113],[-15,-47],[11,-65],[29,9],[21,39],[12,-183]],[[24464,23850],[6,-17],[-15,-115],[-10,-37],[-4,-108],[-19,0],[-1,-26]],[[24421,23547],[-20,-27],[-7,26],[-33,1]],[[24329,24203],[3,29],[0,204],[15,87]],[[25130,45998],[46,-5]],[[25195,45995],[1,-146],[0,-490]],[[25130,45357],[0,641]],[[22822,15900],[8,-196],[11,-418],[-7,76],[-5,236],[-12,302]],[[22787,15900],[18,-252],[-7,-76],[4,-64],[-2,-151],[9,-64],[20,-18],[1,-44],[12,17],[2,-205],[-23,12],[-13,-13],[0,-31],[-21,-19],[-6,-159],[-20,18],[-7,64],[-15,5],[-6,88],[-11,6],[-18,158],[-31,19],[-11,53],[-19,-6]],[[22643,15238],[2,24],[0,521]],[[26337,29171],[4,28],[38,63]],[[26006,39097],[-1,489]],[[27318,42692],[48,-2],[-1,-156],[16,-2],[0,-82]],[[18873,48107],[43,0],[12,-152],[16,11],[25,-50],[3,-35]],[[18972,46979],[-152,2]],[[18820,46981],[0,490],[-65,0],[0,157],[-62,2],[1,80],[-17,0],[0,29],[-116,0],[0,376]],[[26779,42142],[-63,17]],[[26716,42159],[0,119],[-47,-3]],[[27451,34889],[-26,8],[-37,-7]],[[27331,35353],[51,79],[13,10],[20,48]],[[27152,43719],[-1,-540]],[[26092,24483],[-3,-2]],[[26089,24481],[-149,-6]],[[25897,24476],[-1,372]],[[27107,15749],[-7,92],[-28,181],[-11,15],[-1,83],[-15,17],[2,-82],[-13,-13],[-1,101],[-8,182],[-12,82],[3,38],[13,-5],[9,-64],[9,198]],[[27011,16572],[-17,-13],[-5,-78],[-1,128]],[[26989,16411],[6,8],[14,-192],[6,-163],[22,-79],[10,25],[12,-41],[-16,-48],[-14,27],[-18,100],[-3,106],[-7,81],[0,56],[-12,120]],[[27072,25965],[-12,61],[-10,10]],[[26049,43204],[86,7]],[[26135,43211],[-1,-166]],[[26134,43045],[1,-492],[-32,-1]],[[26103,42552],[-53,0]],[[26640,42272],[-8,-513]],[[26632,41759],[-66,29],[1,27],[-64,26]],[[23137,49995],[-99,1]],[[23559,27098],[-6,-66],[-10,20],[-97,1]],[[23356,28936],[1,1]],[[23357,28937],[12,-20],[38,43]],[[23407,28960],[0,-666]],[[23356,28161],[0,775]],[[28768,47235],[41,17],[23,-96],[16,-147],[12,5],[3,-199],[27,3],[2,-130],[53,14]],[[28764,46551],[-5,553],[-17,10],[1,135],[-6,37]],[[27342,43452],[0,-275],[-24,2]],[[27233,43179],[0,673]],[[24200,24422],[20,-5],[-3,55],[-4,233],[0,379],[11,29],[9,-63],[10,10],[11,55]],[[24355,24571],[-8,-48]],[[23149,26370],[104,85],[70,61]],[[23323,26516],[-3,-83],[4,-39],[-8,-111],[8,-51],[-6,-167],[9,-15],[4,-109],[10,-45],[-1,-48],[21,-81],[1,-101],[8,-37],[-4,-32]],[[23236,25431],[-3,90],[9,4],[-3,54],[5,61],[-7,71],[-6,-19],[-3,-87],[-5,40]],[[31191,661],[12,6],[2,-45],[15,16]],[[31229,487],[-10,-45]],[[31193,476],[7,50],[-9,135]],[[30983,370],[20,19],[5,-69],[-15,-61],[-12,51],[2,60]],[[24617,34778],[57,0]],[[24674,34778],[100,-2]],[[24782,34220],[-36,0],[0,109],[-136,15]],[[27600,36506],[8,38],[10,127],[12,63],[-17,150],[2,43]],[[27712,37144],[-4,-53],[6,-76],[-5,-61],[31,-124],[-1,-28],[22,-89]],[[27664,36295],[-6,36],[-54,149],[-4,26]],[[29700,43679],[-9,22],[-26,3],[-7,-41],[-18,37],[-39,-45],[-5,101],[-8,-31],[-20,-140],[-11,8],[-16,-77]],[[30611,50165],[18,15],[6,-160],[96,108],[6,-34]],[[30741,49794],[-8,-114],[-13,-61],[-12,49],[-7,-51],[-15,-7],[14,-130],[-3,-77],[-12,-37],[-7,-85]],[[30572,49429],[-27,27]],[[30695,49286],[13,109],[2,103],[9,40],[6,-42],[-9,-56],[1,-58],[-8,-112],[-7,-39],[-7,55]],[[27378,14767],[0,-826],[3,1],[1,-352]],[[27382,13590],[-12,-27],[0,-42],[-27,-29],[-23,-10],[-17,84],[-8,109],[2,127],[6,97],[6,-5],[-2,79],[-12,156],[-11,75],[2,55],[-8,100],[-11,51],[-5,137],[-6,29],[-11,-24],[-9,162],[-24,50]],[[27483,13634],[4,46],[24,55],[5,98]],[[27516,13833],[11,-31],[13,55],[6,63]],[[27546,13920],[5,-20]],[[27551,13900],[-21,-221],[-9,-132],[-25,-150],[-34,-223],[-24,-106],[-2,24],[33,191],[14,64],[6,65],[4,151],[5,51],[-6,37],[-9,-17]],[[27414,13005],[11,80],[4,-48],[-13,-61],[-2,29]],[[27384,12912],[19,45],[-3,-48],[-14,-21],[-2,24]],[[27311,12719],[24,66],[31,69],[2,-29],[-32,-95],[-24,-51],[-1,40]],[[27116,12439],[3,55],[15,127],[21,77],[25,69],[3,37],[36,108],[38,-110],[4,-83],[13,-82],[-42,-84],[-4,45],[-27,-8],[-3,-38],[-46,-118],[-34,-27],[-2,32]],[[27062,12399],[34,23],[-10,-46],[-12,-12],[-12,35]],[[27018,12442],[6,57],[12,-16],[-5,-66],[-13,25]],[[26806,12571],[16,5],[0,-31],[-16,26]],[[18671,45606],[39,0],[0,-55],[24,0],[1,299],[5,0]],[[18740,45850],[77,-1]],[[18817,45849],[0,-45],[13,-73],[-10,-49],[1,-71],[7,-21],[-15,-58],[-3,-72],[5,-100],[6,-22],[-3,-90],[23,-47],[2,-130]],[[23392,41819],[30,-2],[2,-206],[6,-38]],[[23356,41330],[-31,90],[8,127],[-24,122],[-2,124],[-19,27]],[[23288,41820],[-1,4]],[[27476,43450],[0,-16]],[[27476,43015],[-84,0],[0,54],[-21,0],[0,-54],[-53,1]],[[21310,43204],[-203,0]],[[23785,50012],[-21,-27],[-8,-35],[-10,-119]],[[23739,49668],[-192,0]],[[29222,45836],[3,-58],[-29,-40],[-9,34],[-18,-36]],[[23459,26070],[-13,1],[0,547]],[[27234,27473],[-42,-161],[-2,-37]],[[27190,27275],[-36,110],[-4,-4],[-31,179],[-11,14]],[[26270,29188],[9,16],[-4,47],[6,53]],[[26434,30450],[1,-143],[12,-19],[10,-55],[22,-37]],[[25882,41668],[0,-476]],[[25859,41187],[-103,-2]],[[24464,23850],[6,-10]],[[24470,23840],[3,-8]],[[24517,23221],[-47,-2],[-15,116],[-9,21],[-3,58],[-22,133]],[[23324,21830],[-11,-263],[-24,-2],[0,-80],[-5,-10],[-3,-90],[-21,-95],[-26,60],[-10,-50],[-4,21],[-14,-84]],[[24740,38313],[13,72],[9,175]],[[24762,38560],[33,-175],[-1,-27],[31,-166],[0,-27],[34,-2],[-3,-64],[7,-100]],[[24765,37826],[-11,80],[-18,80],[-5,113],[1,125],[8,89]],[[24747,45434],[30,-77],[13,-66],[-2,-77],[4,-81]],[[23748,23070],[55,3]],[[23798,22715],[-5,-58],[-14,-63],[-7,-125],[-11,-105]],[[23761,22364],[4,148],[-5,61],[-29,69],[-19,24],[1,74],[-19,37],[6,53],[-12,87]],[[16669,37171],[11,-72]],[[22525,56664],[-36,0],[-1,-324],[-28,0],[0,-200]],[[22460,56140],[-28,4],[-11,90],[-2,67],[-22,-34],[-9,36],[-8,109],[-20,-66],[-30,-64],[-3,117],[-16,-58],[-3,161],[-11,-2],[-8,68],[-17,22],[0,404]],[[24598,33784],[-3,52],[7,49],[4,108],[8,16],[13,114],[-18,2]],[[23353,58169],[46,0],[0,722],[27,-60],[28,33],[29,-86],[8,-56],[14,-325],[7,-40],[18,-403],[-6,-111],[4,-87],[14,-69],[29,-73],[30,-3]],[[23601,56988],[-218,-4],[0,327],[-36,0]],[[30030,44598],[-3,58],[-6,-39]],[[22620,58172],[201,0]],[[22821,58172],[-3,-64],[11,-158],[6,-38],[8,-199],[15,-129],[-3,-100],[-9,-38],[-7,-129]],[[16240,58172],[236,-1],[160,0],[165,1]],[[16801,58172],[0,-649],[-9,0],[0,-322],[7,0],[-1,-969],[-1,-11]],[[16513,56226],[-50,0],[-12,110],[-15,34],[1,52],[-20,25],[-21,94],[-8,-8],[-12,62],[4,79],[-12,80],[-22,49],[-11,80],[-22,19],[8,73],[-17,70],[-8,0],[-6,97],[10,34],[-5,128],[-14,-9]],[[18867,43876],[-8,-86],[3,-47],[-16,-117],[-28,22],[-4,-55],[-13,-45],[-17,2],[-8,48],[-16,7],[-15,-34],[-5,-53],[6,-56]],[[18746,43462],[-16,-8],[-16,32],[-60,1],[-86,-143]],[[20456,33805],[20,-32],[4,34],[18,-12],[10,74]],[[20831,33431],[-49,9],[-57,-1],[-71,-23],[-5,-27],[-24,96],[-66,118],[-104,0]],[[19754,58171],[137,0],[158,0]],[[19733,55520],[-6,-29],[-15,45],[-11,-7],[-4,50],[-19,-25],[-4,37],[-13,-21],[-11,27],[-17,-10],[-16,58],[-12,-8],[-3,68],[-11,53],[-19,45]],[[16060,42163],[47,0]],[[16196,40655],[-19,-79]],[[16177,40576],[-17,58],[-9,108],[-11,27],[-21,151],[-7,15],[-14,123],[-15,31],[1,162],[-3,108],[11,67],[0,107],[-7,12],[1,68],[-10,0]],[[16076,41613],[-2,74],[22,40],[5,119],[-8,42],[10,21],[-11,58],[-25,17],[-7,179]],[[22517,16596],[-21,-294],[-20,-246],[-33,-448]],[[22443,15608],[-19,-36],[-13,57],[-15,110],[-10,13],[-2,53],[-8,20],[-18,-24],[-21,75],[-12,-5],[-8,32],[-12,-30],[-9,71],[6,80],[-10,90],[-11,21],[-1,66]],[[21558,22210],[-25,35],[-22,-22],[-12,38],[-17,-11],[-4,-35],[-26,33],[-11,81],[-6,-7],[-33,68]],[[26977,20671],[100,-1]],[[27076,19520],[0,-69],[-19,28],[-9,-20]],[[25422,47302],[-2,-101],[8,-137],[-7,-42],[2,-77],[12,-72],[0,-137],[5,-88]],[[25373,46649],[0,325],[2,328]],[[22508,23526],[0,135],[-14,10],[1,61],[-12,132],[11,18],[-2,40],[10,92],[-14,8],[-2,65],[15,86],[-22,85],[3,83]],[[21865,27343],[-1,-823]],[[21820,26521],[-101,2]],[[17577,56705],[1,-447]],[[17499,56095],[-48,-1],[0,189],[-36,0],[0,-27],[-114,2]],[[24719,53616],[19,65],[12,5],[39,78],[38,55],[39,170]],[[25116,53179],[0,-440]],[[25116,52739],[-28,77],[-233,302]],[[16295,37273],[5,53],[27,125],[7,58],[-8,37],[7,48],[15,13],[2,51],[19,147],[32,287],[19,111],[8,84],[43,111]],[[27955,34286],[-1,-270],[15,-39]],[[27895,33588],[10,362],[8,342]],[[18819,42409],[11,61]],[[19014,41142],[-53,0],[0,82],[-13,6],[3,41],[-13,40],[-11,111],[-12,11],[8,130],[-2,80],[-13,102],[2,38],[-13,82],[-17,20],[-19,-12],[1,58],[-12,76],[-20,1],[-6,94],[-13,69],[13,69],[2,112],[-7,57]],[[31335,447],[6,11]],[[31341,458],[16,26],[11,-39]],[[31368,445],[-3,-14],[2,-111],[5,-82],[-1,-122]],[[31371,116],[-12,-28],[-13,41],[-12,-31],[-7,21]],[[22939,40518],[-43,0]],[[22782,40520],[0,162]],[[21071,29298],[127,0]],[[21195,28155],[0,-819]],[[20672,38559],[186,3],[61,3]],[[20918,37861],[0,-508],[-1,-262]],[[20917,37091],[-80,154]],[[20837,37245],[-83,156],[-102,-37],[-10,64]],[[20642,37428],[0,642]],[[20613,36265],[11,4],[22,86],[11,64],[14,29],[17,-10],[38,39],[15,63],[1,101],[12,1],[8,65],[20,83],[0,66],[26,246],[-1,13],[30,130]],[[20917,37091],[1,-170],[182,0]],[[15781,43542],[15,-45],[-4,-116],[-15,-16],[-4,-138],[-17,-53],[-6,-52],[2,-109],[-18,-137],[-1,-98],[-14,-61],[4,-33],[-13,-71],[11,-98],[5,-97],[-25,-77],[-4,-55],[-12,-9],[-16,-113],[-28,-53],[1,-40],[-13,-92],[-6,-4],[0,-108]],[[15623,41867],[4,-35],[20,-50],[2,-103],[-5,-77],[8,-86],[2,-189],[5,-39]],[[15489,41333],[0,1368],[-6,119],[2,61],[-9,73],[-6,99],[15,55],[22,-66],[21,185],[-5,82],[-11,35],[9,77],[-1,84],[7,32]],[[26716,42159],[0,-372],[21,0],[1,-190]],[[26645,41537],[2,214],[-15,8]],[[27600,15731],[-11,-536],[-1,-110]],[[27588,15085],[-49,-9],[0,-25],[-107,0],[0,41],[-54,1]],[[26800,27780],[-3,-95]],[[16801,58172],[178,0]],[[16979,58172],[-7,-119],[7,-43],[-5,-48],[16,-182],[8,-26],[7,-246],[-13,-234],[-8,-7],[-9,-99],[9,-189],[1,-82],[10,-98],[-15,-101],[1,-100],[-16,-48],[4,-136],[-12,-39],[-23,18],[-12,-44],[15,-103],[2,-144]],[[25926,40102],[-47,-5]],[[27981,32945],[13,-43],[13,-102],[5,-75],[19,-126],[-3,-33]],[[28028,32566],[-12,-36],[-10,-98]],[[28006,32432],[-49,39],[-23,-64],[-34,-33],[-27,-41]],[[27873,32333],[-16,40],[-3,51],[-16,50],[11,74]],[[21461,47673],[246,-1]],[[21707,46939],[-111,-3],[-127,6]],[[21469,46942],[0,243],[-8,0],[0,488]],[[25355,43196],[169,24]],[[17948,27704],[-386,-188]],[[17562,27516],[0,854],[7,0],[-1,657]],[[29252,42801],[-6,-77],[14,-10],[1,-72],[-6,-50]],[[24320,33596],[26,142],[12,-2]],[[24457,33640],[44,-2]],[[24394,32966],[-59,6]],[[25861,39549],[66,3]],[[25981,38960],[-6,42],[-21,23],[-12,-23],[-18,50],[-12,-38],[-14,40],[-25,-37]],[[25861,39441],[0,108]],[[15415,46548],[8,19],[18,-29]],[[15303,45069],[-16,87],[-8,13],[-12,77],[-7,111],[2,53],[-14,130],[2,52],[-7,101],[-2,202],[13,237],[-7,172],[-17,140],[-11,3],[-11,198],[21,213]],[[20750,39700],[-103,2]],[[26786,25748],[-50,10],[0,-50],[-25,5],[0,46],[-16,2],[0,124],[-4,43],[-9,-24],[-23,2]],[[23185,43558],[3,68],[-5,122],[16,-5],[-3,50],[-20,43],[5,97]],[[23181,43933],[1,136],[-20,16],[2,65]],[[17341,49101],[-10,-100],[-11,-21],[0,-75],[11,-50],[-1,-69],[-12,-130],[0,-66]],[[17305,45072],[-163,-3],[-163,-3]],[[24931,24493],[29,-2],[14,27],[7,-62],[14,0],[0,51],[21,0]],[[28621,33985],[-13,-95],[-16,-35],[-17,2],[-8,49],[-20,20],[-12,194],[0,98],[12,126],[-4,19]],[[25805,29253],[10,0],[0,-82],[29,0],[0,-209]],[[25844,28962],[10,-68],[-7,-24],[3,-87],[-15,-42],[-6,18],[0,-71],[-7,-3],[-1,-80],[-12,-39],[12,-101],[-8,-42]],[[25663,28691],[13,0],[15,60],[0,34],[13,69],[12,-2],[2,53],[15,12],[7,91],[14,27],[8,68],[19,2],[12,94],[12,12],[0,42]],[[28665,45834],[-13,-41],[16,-41],[-2,-125],[-11,22],[-35,18],[0,-103],[-17,2],[0,32],[-17,2]],[[28563,45601],[-20,3],[1,198],[-3,293]],[[22699,31376],[29,0],[0,-326]],[[29746,49908],[31,-79],[32,304],[16,-37],[-7,122],[29,-96],[20,133]],[[22612,29105],[-123,0]],[[25754,24848],[0,-359],[4,-11]],[[26691,25378],[54,-6]],[[18806,42825],[-7,95],[-21,21]],[[18778,42941],[-21,185],[11,-2],[-17,121],[-4,80],[-1,137]],[[27674,39890],[35,75],[49,-103],[6,-40]],[[29477,49837],[-7,34]],[[23845,24835],[6,-2],[-6,-164],[8,-49],[2,-87],[-13,-34],[-1,-53],[12,-88],[-8,-23],[-1,-93]],[[23844,24242],[1,-82],[-9,-53],[-9,-102],[-3,-117],[-12,-40],[-2,-109],[-14,-49],[-3,-64],[7,-38],[5,-147],[-12,-70]],[[26658,31008],[26,357],[7,22]],[[26340,26209],[40,-1],[3,90]],[[26895,48236],[2,-188],[17,-286],[-1,-29],[6,-392],[5,-82]],[[26948,25269],[-18,0],[-4,96],[-29,0]],[[23508,51297],[106,0],[0,-82],[34,1]],[[23648,51216],[1,-569]],[[22845,33329],[1,407]],[[26951,35485],[14,-182],[6,-132]],[[26982,34959],[-88,-3]],[[26832,34956],[-43,0]],[[31447,621],[1,-113],[7,-2]],[[17513,48455],[-65,-2]],[[17393,48453],[0,326],[39,-1],[0,54],[11,-1],[0,108],[22,-2],[0,161]],[[26149,34839],[-15,-7],[-15,-41],[2,-33],[-15,24],[-12,-88],[-4,-95]],[[17859,46778],[22,6],[16,-133],[-10,-58],[1,-85],[21,-23],[13,-170],[19,18],[36,-45]],[[28107,33504],[2,-82],[16,-81]],[[28093,32511],[-29,-61],[-23,16],[-13,100]],[[26050,50265],[11,-18],[15,185],[7,206],[13,32],[-8,-254],[-15,-71],[-6,-108],[14,-20],[8,102],[16,105]],[[26105,50424],[17,-2],[2,-56],[11,-31]],[[26135,50335],[0,-562]],[[19881,53485],[-4,0],[0,189],[-12,0],[13,155],[-10,88],[0,55]],[[25471,28243],[82,-6]],[[25444,27341],[8,113],[5,-31],[9,40],[-4,42],[-14,-3],[-4,43],[18,7],[-1,42],[-10,-10],[-2,114],[-10,-5],[7,74],[-6,32],[-11,-16],[13,63],[-3,87],[8,106],[20,96],[-5,53],[9,55]],[[25735,42381],[-1,192],[7,136],[46,-3]],[[23785,50644],[2,195],[7,1],[10,102],[17,54],[-5,53],[17,26],[21,72]],[[23936,50752],[5,1],[0,-155],[8,-121]],[[23907,50295],[-13,-11],[-8,37],[-32,0]],[[25819,36316],[87,27]],[[29120,42029],[10,82],[15,44],[20,93],[-19,141],[18,61]],[[29221,42269],[-1,-69],[10,-23]],[[29158,41804],[0,37],[-16,28],[-23,69],[1,91]],[[26943,27785],[-7,11],[-17,101]],[[29297,42822],[-17,-201]],[[29280,42621],[-6,1],[-5,-73]],[[24677,24488],[5,0]],[[24682,24488],[56,0]],[[24677,23833],[0,655]],[[15623,41867],[25,51],[16,-14],[13,77],[5,-10],[30,42],[26,-69],[35,111],[23,-27],[37,-4],[23,34],[28,18],[8,29],[25,22],[19,-21],[18,41],[20,16],[20,-18],[13,32],[11,-34],[16,-6],[7,27],[19,-1]],[[16076,41613],[-4,-55],[-16,-40],[-21,0],[-3,-80],[-11,-60],[-3,-82],[-16,3],[-12,-85],[-1,-59],[-15,-42],[-67,-2],[-7,-80],[7,-80]],[[15907,40951],[-249,1]],[[24139,39313],[-17,90]],[[27615,36292],[15,55],[14,-16],[11,-60],[-11,-32],[5,-27],[-8,-81],[-8,-17],[-11,73],[-10,20]],[[27072,32323],[-68,18]],[[24762,38560],[1,23]],[[28543,33741],[5,-18],[40,16],[37,76],[9,-74]],[[28558,33292],[-58,2],[-1,26]],[[19925,34255],[-1,245],[2,850],[6,56],[21,76],[8,3],[14,72],[-4,71],[10,87]],[[27899,29302],[-7,-74],[-16,-93],[-15,-156],[-7,-136],[-5,-168],[3,-57],[-7,-78],[-22,-86]],[[27775,28630],[-64,171]],[[24763,35570],[10,26],[10,108],[10,25],[1,65],[10,-2]],[[24872,35951],[28,0]],[[24900,35951],[-6,-72],[18,-175],[2,-78],[9,-54],[-2,-119]],[[24921,35453],[-4,0],[1,-434],[-72,3]],[[24794,35024],[3,54],[-4,106],[-14,121],[-4,116],[-12,69],[0,80]],[[26881,21802],[-28,-4],[-5,42],[-45,11]],[[26803,21851],[-5,-9],[-5,72],[6,69],[0,174],[8,75],[0,55]],[[30060,47458],[61,-257],[-13,-105],[39,16],[16,-19],[3,77],[13,3]],[[30211,47054],[-30,-279],[-2,-71]],[[30179,46704],[-8,-21],[-15,48],[-36,-51],[-9,-100],[-19,29],[-15,-54],[1,-103],[-18,9]],[[30060,46461],[-4,24],[-25,33],[-10,94],[-11,4],[-7,199],[19,13],[-3,133]],[[24057,31043],[15,0],[1,-54],[14,-2],[0,-109],[5,0]],[[27974,34858],[77,2]],[[27476,42923],[0,-399]],[[27476,42524],[-18,-43],[-12,8],[-11,-69]],[[23087,45161],[15,-40],[-5,-26],[15,-18],[-1,-48],[16,-10],[-3,-106],[-6,-17],[7,-74]],[[23129,44479],[-90,0]],[[22904,31701],[-205,1]],[[23163,34638],[0,-492],[-74,1]],[[23089,34147],[5,55],[-2,64],[-22,7],[-29,120],[-6,76],[-15,-64],[-16,30],[4,61],[11,55],[-6,42],[-10,-48],[-7,14],[-10,82],[-11,-10],[-10,33],[2,73],[-9,137],[-9,29],[-19,-84],[-10,-93],[-19,-29],[-18,57],[-1,38]],[[22869,34956],[-2,172],[11,15],[23,-18],[15,125],[15,-14],[3,45],[20,27],[0,405]],[[28366,38046],[28,-3],[-7,-26],[-1,-76],[11,15],[7,-42],[21,-47]],[[28425,37867],[3,-41],[-11,-13],[-7,-79],[22,-122],[5,-92]],[[28437,37520],[-22,15],[-9,-42],[0,-110]],[[21865,53745],[161,-3]],[[22082,52448],[-172,3]],[[21906,52451],[2,43],[-15,79],[-15,119],[-4,138],[15,119],[4,76],[-6,59],[9,89],[-1,64],[-10,121]],[[23382,21785],[-4,-178],[48,-482]],[[23426,21125],[-12,-55],[-3,42],[-13,-13],[-2,-141],[6,-42],[11,59]],[[23413,20975],[-4,-83]],[[23409,20892],[-34,-168],[-40,-229],[-15,-13],[-19,-63]],[[26696,50421],[7,-122],[-1,-89],[7,-59],[-4,-115],[-8,-107],[0,-158]],[[31489,555],[12,80],[2,93]],[[31510,746],[6,-15]],[[31516,731],[2,-149],[4,-34]],[[31507,373],[-4,66],[-8,38]],[[31516,731],[14,10],[8,-30]],[[15580,53279],[272,0]],[[15852,53279],[1,-18],[-2,-603]],[[26247,23751],[14,-1],[0,-135],[18,0],[10,-31],[0,-107],[19,1],[0,-80],[9,0],[0,-55],[10,0]],[[26355,22637],[-129,5],[-5,-78]],[[24568,39216],[0,43],[42,-30],[2,66],[21,24],[12,-18],[5,34]],[[24650,39335],[10,-80],[12,-42],[11,11],[11,52],[9,106],[6,16]],[[24802,39094],[-6,45],[-12,-21],[-21,68],[-11,62],[-9,-3],[-12,-119],[-18,10],[-15,-142],[-11,-40],[-7,-92],[-30,12],[-19,-90]],[[25224,44383],[2,-327]],[[25523,40351],[0,244]],[[29285,50678],[6,-206],[0,-92],[6,-241],[5,2],[6,-251],[3,3],[7,-274]],[[29214,49040],[-70,-40]],[[29090,50676],[7,16],[100,-21],[55,-1],[33,8]],[[29190,44307],[-13,-43],[-17,-119],[-77,-21],[-1,-129]],[[29082,43995],[-14,34],[-25,-5],[-6,69],[-19,12],[0,48],[-23,173]],[[28880,45071],[-73,-3],[-101,1]],[[28706,45069],[-3,351],[8,1],[2,134],[-14,284]],[[28152,38170],[-6,135],[6,38],[-7,56],[-31,184]],[[28114,38583],[17,-16],[22,136],[43,187]],[[24921,35453],[48,19]],[[24969,35472],[13,-125],[27,-187],[13,-133]],[[25022,35027],[-12,-21],[-13,-228]],[[24978,34774],[6,62],[-5,78],[-18,16],[-7,-51],[9,-103]],[[24962,34474],[0,43],[-19,97],[-18,-20],[-14,50],[-8,-79],[-57,7]],[[25380,54264],[40,-5],[15,-48],[8,13],[17,-56],[8,-63],[15,18],[22,-101],[3,-98],[17,-79],[6,-76],[14,-79],[19,-24],[-2,-127],[11,-45],[26,-24],[39,13]],[[25638,53483],[0,-628]],[[25499,52531],[0,487],[-139,0]],[[25360,53018],[0,325]],[[24017,39579],[-31,-173],[-1,-82]],[[28425,37867],[15,23]],[[28440,37890],[8,-132],[8,32],[18,-59]],[[28483,37584],[-6,-32],[34,-159],[20,-183],[14,-53]],[[28545,37157],[-19,-77]],[[28526,37080],[-15,123],[-19,-22],[-9,24],[-10,-24],[-1,84],[-19,24],[-8,53],[6,19],[-3,87],[-11,72]],[[19528,25110],[-64,3],[-201,-2],[-128,-1]],[[26044,44621],[103,1]],[[26173,44622],[1,-437]],[[29084,42123],[8,-92],[18,30],[10,-32]],[[15473,50163],[126,-1]],[[24106,21842],[-35,67],[-57,163],[-23,51],[-41,64],[-33,8],[-14,-22],[-36,11],[-58,-40],[-17,-21],[-26,-85]],[[23766,22038],[-17,151],[-9,48],[2,40],[19,87]],[[15647,55563],[-36,-278],[-13,-191],[12,13],[23,-21],[12,43],[21,28],[3,61],[-44,-100],[-17,43],[28,241]],[[15636,55402],[60,0],[0,-218]],[[15696,55184],[0,-95]],[[15696,55089],[-17,-154],[7,-116],[-6,-77]],[[15680,54742],[-12,-20],[-10,62],[-19,-78],[-2,-46],[-17,-32],[0,-41],[-35,0]],[[15500,55398],[0,162],[39,5],[108,-2]],[[28706,45069],[-11,0]],[[28114,38583],[-30,178]],[[28084,38761],[7,103],[-5,37],[3,66],[10,40]],[[25523,30672],[44,-8],[73,-2]],[[25494,30106],[-1,222],[1,349]],[[25485,26343],[0,-217],[13,-10],[0,-80],[33,3]],[[25368,25796],[-5,116],[-11,-16],[-10,129],[11,80],[3,75],[12,33],[-10,53],[15,16],[-1,59]],[[26922,38356],[29,53],[23,18],[5,79],[5,172]],[[24646,35578],[91,0],[26,-8]],[[24674,34778],[1,173],[-5,2],[0,162],[-10,0],[0,246],[-10,2]],[[27476,42524],[0,-302]],[[27477,42078],[-31,-10]],[[23335,43016],[0,-323],[4,-1],[-1,-277]],[[25819,43521],[-129,2]],[[22900,30006],[0,-551],[1,-114],[-1,-331]],[[28359,33506],[-11,26],[-10,-52],[-13,-8],[-12,-75],[-41,-161]],[[28226,33596],[17,275],[17,186],[2,74]],[[22066,49180],[13,86],[-9,47],[-17,3],[-28,76],[-22,30],[-31,13],[-24,37],[-7,166],[-6,32],[-18,6],[-17,-30],[-13,32],[2,56],[12,45],[1,60]],[[20578,44429],[0,-1143],[1,-88]],[[20288,43200],[-1,741],[71,0],[-1,649],[0,1293]],[[25951,38369],[1,132],[9,25],[21,4],[10,107]],[[25987,31952],[72,-8]],[[25933,30992],[-7,-21],[-4,108],[-13,-4],[-1,148],[-50,0]],[[27997,29997],[7,69],[-4,56],[16,39],[6,51],[4,163],[11,43],[24,-55],[15,92],[-2,27],[33,24],[26,264]],[[28196,29973],[-7,-147],[-13,12],[-3,54],[-33,45],[-29,8],[-36,-25],[-38,-66],[-10,-29]],[[26382,36625],[-7,16],[-45,201],[-7,61]],[[27041,34041],[12,-183],[-6,-35],[7,-87],[15,-58]],[[27027,33514],[-4,74],[0,130],[-6,-8],[-8,164],[-16,-14],[-13,70],[-10,-30],[-4,103],[-18,-23]],[[26948,33980],[18,84],[17,34],[12,-8],[7,48]],[[27179,40557],[32,-7],[0,118],[16,-29],[5,-55],[31,-18],[1,26]],[[27239,40099],[-18,123],[-9,-8],[-25,-122],[-3,-133],[-31,11],[-3,-88],[-10,-20]],[[24507,24486],[-3,-119],[-10,-122],[-3,-149],[-14,-81],[-2,-59],[-8,-31],[3,-85]],[[27600,36506],[-20,-74],[-15,-8],[-17,-69]],[[27501,36308],[-12,201]],[[25638,53483],[28,72],[11,-12],[14,-116],[12,-44],[19,-6],[8,74],[16,-11],[9,-61],[4,110],[-7,86],[16,32],[7,-52],[-6,-90],[17,-41],[26,115],[40,100],[59,177],[11,-34],[65,66]],[[26407,35639],[2,57],[9,19],[-2,127],[13,64],[-3,93]],[[25788,29662],[10,0],[5,-82],[0,-136],[-7,-53],[0,-111],[9,-27]],[[25653,28693],[-7,82],[-20,29],[-10,96],[-10,15],[0,55],[-14,85],[-15,29],[2,66],[12,-10],[5,50]],[[28043,38375],[9,102]],[[28052,38477],[5,-49],[-2,-74],[4,-82],[23,-167],[16,-8]],[[27994,38107],[31,109],[18,159]],[[30057,46450],[3,11]],[[30179,46704],[4,-169],[9,-133],[-2,-32],[25,-76],[12,68],[15,-92],[-17,-109],[-8,21],[-39,-78],[-14,-9],[10,-103],[-16,-58],[-7,14],[2,-96],[-14,50]],[[30139,45902],[-18,1]],[[27132,39796],[2,-159]],[[29311,42979],[8,-16],[-8,-70],[6,-74]],[[29317,42819],[-14,-111]],[[29287,42603],[-7,18]],[[21947,49130],[-190,0]],[[21492,50757],[0,813]],[[27119,36951],[0,-90],[-8,-29],[-7,-90]],[[27073,36721],[-14,-6],[-28,48],[-3,59],[-8,2],[-7,64],[-9,-3],[-7,68],[-15,17],[-11,132]],[[24721,31649],[20,58],[9,5]],[[24750,31712],[29,0],[0,-254]],[[24724,30895],[-47,189]],[[23553,40856],[0,136]],[[24079,42433],[21,1]],[[28115,40190],[-33,140]],[[28680,48217],[-9,244],[-18,87],[21,75],[5,-70],[22,70],[-4,113],[-36,55],[-15,82],[-15,1],[1,129],[16,185],[19,8],[23,67],[0,77],[18,36],[27,88],[9,-8],[30,113]],[[21786,35712],[-34,0]],[[21752,35712],[-1,729]],[[18652,58167],[178,-3],[79,2]],[[18909,58166],[-1,-481],[0,-974],[-38,0]],[[27342,44801],[28,25],[24,55],[65,111],[17,39]],[[23403,52105],[0,-324],[2,0],[0,-323]],[[23097,25261],[-23,-71],[0,-34]],[[19203,55208],[15,-2],[23,61],[13,58],[18,16],[15,63],[12,6],[8,99],[3,133],[-2,119],[32,-18],[9,48],[31,37],[11,-17]],[[19644,53959],[-105,3]],[[19539,53962],[-106,2],[0,-110]],[[28446,39068],[0,-11]],[[22931,54874],[-172,1]],[[20421,56319],[26,29],[15,51],[15,-3],[-2,48],[23,11],[9,-32],[8,58],[15,-14],[34,6],[3,-26],[25,20],[10,-42]],[[20602,56425],[0,-371],[-11,0],[0,-147]],[[24432,27449],[14,51],[-1,156],[16,106],[1,206],[8,56],[0,86],[8,28],[5,102]],[[24483,28240],[27,-2]],[[24429,27365],[7,44],[-4,40]],[[26450,51859],[21,-122],[3,-91],[17,-44],[33,7],[8,-15],[29,-124],[23,-11],[34,-114],[17,11],[15,-27],[29,-140],[-9,-56],[7,-60]],[[28622,35524],[6,48],[9,0],[6,-65]],[[28655,35382],[-1,-43],[-23,-24],[-8,53],[6,43],[-11,55]],[[18096,54687],[-4,82],[0,325],[-24,0],[-18,64],[8,145],[12,8],[-4,43],[-24,-25],[5,112],[10,42],[-6,72],[-65,0],[0,270],[-6,82]],[[26475,52517],[-60,-42],[-13,-45],[-37,111],[-7,-42],[-3,102],[-18,6],[-13,48],[-9,-32],[1,-116],[-15,-51],[1,-73],[9,-101],[-12,-32],[-24,68],[-3,49],[-21,60],[-5,48],[-22,103],[-38,74],[-13,-11],[-33,78],[-18,-8],[-13,37],[-5,-32],[-19,18],[-25,-121],[-17,-117],[-9,-13],[-32,37],[-15,-22]],[[26340,52247],[67,-118],[-17,-93],[-23,29],[-2,32],[-29,139],[4,11]],[[26325,52300],[1,42],[13,-63],[-14,21]],[[22460,56140],[0,-128]],[[23604,56012],[1,-751]],[[15941,51901],[16,82],[15,26],[21,-24],[29,19],[30,39]],[[16052,52043],[23,-52]],[[15970,51549],[-15,101],[-9,10],[-5,241]],[[28686,35583],[23,-39],[17,44],[11,-18],[8,-206],[12,-225],[14,-202],[1,-63]],[[28772,34874],[-71,0]],[[28701,34874],[1,216],[14,22],[-3,66],[-17,84],[-17,22],[-6,132]],[[26868,34612],[20,16],[-4,-485],[14,-119]],[[26898,34024],[5,-32],[-7,-73]],[[28736,43039],[42,109],[32,68],[-10,78],[0,82],[21,70],[12,-17]],[[26707,34583],[-20,47],[-10,-13]],[[26677,34617],[5,87],[-6,119],[-11,93],[-11,47]],[[27668,31096],[7,-88],[14,40],[10,-38],[-8,-33],[0,-57],[9,-81],[9,11],[-2,-75],[9,-101]],[[28914,41452],[23,-165]],[[28937,41287],[8,-28],[-4,-160],[14,-21]],[[20230,25954],[-214,0]],[[19528,28621],[108,1],[59,-16],[125,0]],[[29420,43886],[4,301]],[[29427,44449],[38,30],[7,-91],[7,-243],[3,1]],[[29488,43434],[-20,-38],[5,-36],[-10,-51],[-29,-18],[-22,-87],[-9,25],[-15,-57]],[[29388,43172],[-1,63],[-18,154],[68,209],[-19,156],[2,132]],[[27233,26539],[55,265],[14,-21]],[[27302,26783],[8,-70],[-4,-42],[5,-100],[21,-55],[11,28],[22,-114],[8,-7]],[[27373,26423],[13,-19],[-5,-103],[-14,-47],[-10,25],[-6,-78],[10,-12],[-16,-97],[-21,37],[-3,-90],[11,-18],[-9,-94],[-17,-87],[-7,6]],[[26282,44193],[-108,-8]],[[23009,47429],[-7,68],[14,8],[1,176],[-22,103],[7,60],[-5,35]],[[25722,37584],[6,-17],[12,-143],[10,-36],[10,40],[10,-16],[-3,-120]],[[25390,23898],[-15,-74],[2,-69],[-9,-84],[1,-66],[-6,-51],[-1,-232],[-8,-106],[-15,-6],[1,58],[-20,64],[-15,-26],[-5,37],[-18,-35]],[[25274,24485],[-2,217]],[[25300,23057],[56,50],[1,40],[14,-64],[-9,-45],[-10,25],[-18,-3],[-20,-27],[-14,24]],[[31507,367],[0,-5]],[[31507,362],[-21,-28],[0,-99],[-11,21]],[[26142,43695],[0,-159],[-8,0],[1,-325]],[[31232,702],[-4,33]],[[25228,45360],[98,0]],[[25319,44556],[-94,-9]],[[31308,1067],[16,-22],[24,42],[10,-18]],[[31352,775],[-30,-23],[-5,63],[-10,-45]],[[27251,33837],[17,53],[44,24],[14,-11],[8,27]],[[27312,33426],[-9,95],[-54,-58]],[[16177,40576],[-9,-56],[-12,-23],[-2,-67],[-23,14],[0,-25],[-18,11],[-2,-81],[-7,-20],[1,-74],[-8,-42],[-2,-66],[-10,-53],[-18,-11],[-4,-29],[-30,-20],[-9,-22]],[[16024,40012],[-1,18],[-78,-4]],[[15950,40176],[6,124],[-2,112],[6,52],[-39,-7],[-2,45],[4,161],[-2,51],[15,50],[-23,130],[-6,57]],[[29724,47246],[6,-48],[16,-7],[-1,47],[61,46],[-6,-94],[39,-5]],[[29839,47185],[-5,-206],[-1,-138],[15,-4],[9,-287],[8,-2],[5,-143]],[[29722,46432],[-9,86],[-6,-17],[-8,84],[-3,145],[8,53],[1,90],[13,18],[8,72],[-6,83],[9,53],[-5,147]],[[19603,52805],[0,271],[-15,82],[1,55],[-9,26],[0,164],[-12,70],[0,164],[-23,2],[-6,80],[0,243]],[[29453,42470],[-37,-52],[-54,15]],[[29362,42433],[-5,62],[12,57],[0,133],[7,53],[-19,89]],[[29357,42827],[15,130],[19,-31],[2,74],[21,44],[13,-4],[12,-74]],[[20900,32239],[0,137],[-193,2],[-132,0],[0,-327]],[[20575,32051],[-118,0]],[[26022,37234],[3,-69],[13,-79]],[[25936,36557],[-2,87],[-16,133],[-18,-24],[-15,39],[-4,50],[-8,-16]],[[30139,45902],[-8,-76],[11,-96],[-16,-11],[5,-61]],[[24938,34191],[11,-66],[-3,-58],[-22,-64],[-3,-121],[-12,-37]],[[28701,34874],[-53,0]],[[31481,685],[10,-3],[8,35]],[[31474,580],[-6,66]],[[27632,37707],[10,80],[-6,47],[7,90],[25,130],[10,32]],[[27678,38086],[25,-85],[40,-42],[14,-34]],[[27765,37748],[-14,-154],[-21,-129],[-11,-114]],[[24403,52851],[75,2],[99,-7]],[[24577,52846],[1,-324],[68,1]],[[24406,51879],[-1,646],[-2,5],[0,321]],[[25116,52739],[16,-44]],[[19953,45884],[0,-323]],[[23993,50917],[10,0],[1,-429],[-10,-6]],[[22840,19909],[-60,-308]],[[19528,29685],[0,730],[1,771]],[[19897,31183],[-1,-112],[1,-483],[2,0],[0,-808],[2,-5],[-1,-653]],[[29298,43810],[9,131],[-9,82]],[[29420,43886],[-122,-84]],[[22756,35713],[88,0]],[[22931,51782],[19,-120],[9,-118],[14,-88],[18,-6],[27,-62],[14,-91]],[[24988,25300],[-38,0]],[[24569,30325],[9,-48],[14,-23],[-4,-92],[-28,-25],[7,-94],[-11,-3],[-4,61],[-19,15],[1,-100],[17,-22],[-3,-76],[-12,-67],[7,-94],[17,-61],[-10,-35],[-8,26],[-26,-15],[-1,-72],[13,-50],[12,18],[7,-79],[-15,-29],[-20,93],[-17,-19],[-3,-39],[26,-93],[2,-58],[-10,-48],[-18,-16]],[[24492,29280],[-4,-82],[-29,5],[0,82],[-29,0]],[[26247,23751],[7,25],[12,172]],[[15356,41332],[-16,53],[0,69],[-8,69],[-22,51],[-49,243],[4,101],[-4,113],[-13,119],[9,157],[18,224],[43,437],[9,150],[4,135],[-12,59],[-1,156],[4,3],[11,159],[9,272],[2,169]],[[26107,23679],[1,407],[-14,1],[0,82],[-33,2]],[[26061,24171],[5,101],[14,102],[1,66],[8,41]],[[18971,48784],[-18,-29],[-21,-67],[-14,30],[-20,-54],[-12,53],[-13,-47]],[[29317,42819],[35,11]],[[29352,42830],[5,-3]],[[29362,42433],[-7,1],[-43,-82],[2,41]],[[24153,47879],[-29,0]],[[17075,53726],[-3,-288],[35,2],[6,-139],[12,-27],[0,-85],[17,1],[0,-406],[3,0],[0,-229]],[[17035,52559],[1,387],[-34,0],[0,164],[-35,-2],[-1,497],[4,63]],[[20992,21239],[-12,27],[-39,34],[-17,45],[-19,98],[-11,19],[-19,131],[0,38],[-14,76],[-21,11],[-12,43],[-5,55],[-30,125],[-9,70],[-7,176],[-12,90],[-7,97],[-13,101],[0,95],[-7,92],[6,115],[-3,87],[2,89],[-7,109],[-11,48],[-3,71],[-13,63],[-1,48],[-13,54],[2,53],[-13,285],[-7,64],[-12,7],[-3,38]],[[25993,23932],[5,43],[1,122],[20,-3],[4,-80],[33,-5],[-1,50],[6,112]],[[24749,31964],[163,0]],[[24750,31712],[-4,19],[18,45],[3,98],[-18,90]],[[22326,52445],[78,-2]],[[22128,51797],[-1,649]],[[31364,720],[-9,-30],[-16,-211],[2,-21]],[[26172,41338],[-4,135]],[[25760,38080],[30,4],[0,-109],[31,-2],[0,-159]],[[26274,35712],[18,-76],[25,43],[17,-157],[12,-55]],[[24076,28257],[0,-477]],[[28516,40808],[61,0]],[[28636,40187],[6,-157],[-8,12],[-6,-67],[12,-36],[-21,-70],[-7,-45],[-13,13],[-11,72]],[[28541,39859],[-27,97],[0,90],[-11,-5],[-13,72]],[[28490,40113],[-3,198],[7,63],[7,162],[15,272]],[[24977,36186],[-36,-34],[-24,-92],[1,-54],[-18,-55]],[[20263,31730],[-15,0],[-2,-653],[15,2],[0,-155]],[[20261,30924],[-11,-4],[-13,37],[-74,139],[-32,90],[-89,-1]],[[27570,32916],[6,-55],[15,-28],[4,-108],[12,-56],[-9,-94],[-3,-157],[11,-122],[-6,-55]],[[27600,32241],[-11,95],[-13,-85],[-9,32],[-9,-18],[-7,103],[-7,-29]],[[27544,32339],[-23,-58],[-16,15],[-6,-21],[-19,45]],[[23169,32516],[-1,-259]],[[23168,32257],[-7,-10],[-22,-181],[-1,-528]],[[23138,31538],[-88,-1]],[[15439,50829],[183,-3]],[[15622,50826],[-2,-108],[11,-71],[-2,-66],[-19,-24],[-18,-186],[24,-37],[-16,-79],[1,-38]],[[24577,53652],[37,74],[11,40],[6,80],[51,-196]],[[24577,52846],[-1,243],[2,126],[-1,437]],[[24708,54460],[5,107],[13,-12],[-3,-78],[-14,-54],[-1,37]],[[24653,54288],[5,33],[31,46],[-8,-88],[-23,-24],[-5,33]],[[24629,54361],[14,-82],[-13,-10],[-8,60],[7,32]],[[24622,54118],[3,53],[9,-14],[-12,-39]],[[24616,54030],[36,106],[11,58],[12,-45],[-29,-68],[5,-51],[-18,-12],[-17,-51],[0,63]],[[26502,27307],[2,28]],[[25690,43037],[97,-3]],[[26103,42552],[1,-161]],[[25861,39549],[-15,0],[0,355],[-3,190]],[[26181,37535],[-64,-60],[-25,95]],[[24972,30405],[0,55],[-59,1]],[[29016,43373],[20,87],[11,79],[14,199],[22,111],[16,21]],[[29099,43870],[91,-288]],[[25301,30969],[48,-1]],[[25344,30703],[-9,-439]],[[19529,35713],[0,-1863]],[[19529,33850],[0,-1951]],[[24857,45440],[65,5]],[[24922,45445],[1,-503]],[[25720,44624],[30,109],[27,140],[37,420],[34,234]],[[27468,32363],[-62,-328],[-19,-59]],[[27387,31976],[-18,140]],[[26739,44367],[28,-52],[18,-106],[19,-46],[18,36],[2,81],[7,21],[14,-89],[19,4],[6,-90]],[[26829,44412],[13,22],[-11,-56],[-2,34]],[[24934,31964],[2,301],[1,412]],[[27483,29275],[13,-63],[3,-85],[23,-92],[32,46],[5,-20]],[[27559,29061],[0,-98],[-5,-16],[-4,-156],[-17,-66],[-8,26],[-5,-39]],[[27401,28569],[-2,-8]],[[22591,28237],[37,-4]],[[22733,28219],[-1,-256],[0,-461],[-1,-103]],[[23351,24226],[4,70],[18,13],[1,-70],[12,-79]],[[26599,34488],[15,4],[6,43],[16,-31],[11,49],[13,-8],[3,72],[14,0]],[[27600,32241],[15,-11],[11,40],[23,6],[14,40],[28,-19],[15,11],[15,-40],[8,12]],[[27729,32280],[10,-74],[0,-102],[21,-11],[12,-39]],[[27707,31608],[-66,3]],[[27641,31611],[8,98],[10,45],[4,61],[-5,125],[-9,41],[6,57],[-9,60],[-5,96],[-16,-54],[-23,43],[-2,58]],[[26923,33802],[13,56],[12,122]],[[23384,33984],[-7,-156],[-13,-53],[-1,-103],[16,-86],[-11,-91]],[[23214,33575],[0,84],[16,0],[0,490]],[[28649,43782],[8,125]],[[24435,28241],[48,-1]],[[24432,27449],[-41,0],[-1,159],[-11,0]],[[24209,31026],[1,162],[-29,3],[0,82],[-27,2],[0,85],[-16,2],[-14,30],[1,135],[-29,5],[0,164],[-24,3]],[[24072,31699],[-5,0],[1,108],[29,-2],[0,53],[29,-4],[0,30]],[[24786,28854],[0,157],[11,-1],[0,80],[10,-1],[-1,377],[-7,31]],[[23496,33168],[-89,0]],[[26874,34652],[5,20],[17,-36],[51,45],[14,-83],[19,-12]],[[26969,34318],[-8,-80],[-20,-103],[-24,-13],[-19,-98]],[[23437,21784],[10,-82],[20,-27],[-12,-57],[17,-62],[2,-126],[-2,-108],[-8,-49],[-9,14],[-29,-162]],[[23413,20975],[28,116],[3,31],[32,159],[15,37],[0,72],[25,-35],[-14,-66],[-55,-217],[-28,-119],[-10,-61]],[[23589,21787],[17,29],[0,45],[11,2],[0,-76]],[[23617,21787],[-62,-166],[-28,-98],[-10,-86],[-15,11],[22,114],[9,76],[13,-2],[17,101],[11,-32],[11,31],[4,51]],[[25844,28962],[9,37],[17,144],[14,13],[12,92],[-8,86],[10,7],[3,124],[-8,32],[7,37],[9,-32]],[[23512,28846],[-8,5],[-9,59]],[[23495,28910],[-18,58],[-9,-19],[-31,13],[-9,-15],[-12,27],[-9,-14]],[[23357,28937],[-1,5]],[[26803,21851],[-11,-96],[-3,-138],[-11,-86],[1,-38],[-12,-50],[1,-43],[-16,-61],[-6,12],[-7,-65]],[[26739,21286],[-3,104],[-7,93],[-11,73],[-15,9],[-5,71],[-24,77],[0,179],[-4,101]],[[25863,38379],[15,0]],[[24940,22901],[-15,-82],[-2,-61],[-12,-24],[3,-64],[-13,25],[-16,0],[-10,-83]],[[24833,22420],[-14,94],[-4,-49],[-10,-20],[-9,25],[4,95],[5,360]],[[27523,27295],[-18,-52],[-2,48],[-15,-24]],[[27550,27356],[-22,-102],[-3,36]],[[23495,28910],[0,-157],[-3,-555]],[[20261,30924],[0,-336],[137,0]],[[27588,15085],[0,-263],[-2,-90],[-8,-156],[0,-71],[-6,37],[3,82],[-5,32],[-16,-40],[-10,-164],[-6,-27],[-1,-103],[-8,-65],[-2,-130],[5,-48],[-2,-74],[6,-26],[-8,-85],[-12,-61]],[[27483,13634],[-7,41],[-6,-29],[-34,-35],[-14,-66],[-9,-9],[-18,72],[-13,-18]],[[27546,13920],[11,96],[11,166],[5,-7],[-10,-156],[-12,-119]],[[26442,39224],[-43,-117],[-9,-11]],[[26390,39096],[-9,25],[-3,60],[6,85],[-6,95],[3,85],[-11,55],[-4,135]],[[16074,43544],[32,1]],[[26120,51075],[46,-5],[0,-164],[102,-1]],[[26271,50421],[-124,3],[-10,-18],[-2,-71]],[[26105,50424],[13,133],[8,258],[-6,260]],[[24568,30326],[83,-1],[1,-246]],[[24496,29220],[-4,60]],[[18870,55735],[121,0],[-21,-186],[32,-97],[20,-42],[27,2],[0,-149],[36,0],[0,-55]],[[18870,56547],[162,2],[0,162],[20,0]],[[28052,38477],[3,98],[16,53],[1,59],[12,74]],[[26951,21654],[1,-505],[-37,-2],[0,-318]],[[26852,20733],[0,114],[-16,41],[5,54],[-1,78],[-7,21],[-47,37],[-9,-82],[-7,-6],[-9,160],[3,73],[-14,51],[-11,12]],[[26281,31950],[9,0]],[[26390,39096],[-32,-28]],[[26335,39087],[5,145],[-7,365]],[[24969,35472],[5,68],[10,0],[0,56],[10,-2],[5,55],[10,2],[0,54],[17,29]],[[25065,35062],[-11,-132],[-13,-29],[-19,126]],[[23181,43933],[-109,3]],[[20642,37428],[-10,76],[-11,-8],[-6,101],[-13,3],[-13,-83],[-12,-117],[-9,72],[-27,-90],[-17,10]],[[20524,37392],[-10,82],[-14,22],[-12,108],[-7,109],[-8,47],[-5,125],[-32,159],[-2,39]],[[25583,38047],[0,254],[-26,-11],[0,113],[-10,0],[-5,56],[0,127]],[[25075,39866],[93,-4]],[[26367,36331],[-15,51],[-46,-220]],[[17983,47315],[-137,-2]],[[28049,47638],[26,10],[38,-15],[36,13],[31,-19]],[[28049,47185],[0,453]],[[22643,15238],[-5,18],[-23,-28],[-4,29],[-13,-1],[-3,-47],[-10,48],[-20,-21],[-8,36],[-6,-36],[-14,32],[-8,49],[3,40],[-16,1],[-3,71],[-15,-3],[-21,122],[-9,-17],[-25,77]],[[29696,50702],[68,-10],[114,8]],[[24599,23962],[3,150],[-7,268],[10,106]],[[24605,24486],[72,2]],[[28396,40806],[61,0]],[[28457,40806],[59,2]],[[28490,40113],[-25,26],[-15,-24],[-21,33],[-19,-27]],[[28410,40121],[6,119],[11,143],[-25,151],[-16,52],[-10,3],[-6,66],[10,-13],[17,124],[-1,40]],[[23161,41819],[127,1]],[[25933,34006],[-22,392]],[[31491,982],[-6,-26]],[[27314,21544],[15,-223],[21,-278],[67,-688]],[[27164,21263],[-11,90]],[[25360,52409],[-1,73],[1,536]],[[15852,53279],[201,5]],[[16053,52639],[-25,0],[0,-489],[27,-1],[-7,-23],[4,-83]],[[15941,51901],[-50,-124],[-23,-11],[-18,-54]],[[25907,33758],[-28,13],[-20,45],[-53,216]],[[15661,56422],[14,-34],[1,-95],[10,10],[3,85],[-14,55],[0,64],[12,45],[21,16],[3,-50],[-15,-55],[10,-80],[7,10],[2,77],[10,22],[8,-160],[-15,-16],[11,-68],[8,-125],[13,-34],[-8,-40],[-16,3],[2,-68],[-17,-57],[-9,-182],[-14,-15],[11,182],[-6,27],[-19,-162],[-4,-85],[-23,-129]],[[15264,55427],[-5,123],[-15,261],[-14,58],[-4,88],[-14,37],[-5,50],[-15,32]],[[25467,48612],[1,-153],[8,-80],[-2,-164],[-21,-190],[-3,-65]],[[26250,30256],[51,-5]],[[26255,29691],[-38,58]],[[29847,47296],[-8,-111]],[[29724,47246],[5,133]],[[28772,34874],[20,-487],[7,-109]],[[28793,34270],[-6,109],[-8,37],[3,63],[-5,143],[-10,48],[-4,77],[-25,21],[-1,64],[-13,-43],[6,-87],[16,-77],[11,16],[0,-108],[15,-217],[9,-98],[-1,-42],[11,-120],[0,-76],[-19,103],[1,60],[-13,98],[-3,61],[-10,21]],[[28614,36678],[9,40],[14,-16]],[[28637,36702],[7,-60],[10,41],[8,-66],[5,-177],[-8,-145],[-18,101],[-18,68]],[[28623,36464],[-12,37],[-1,121],[4,56]],[[28545,37157],[18,-48],[10,-155],[11,-85],[30,-6],[7,-58],[31,-39],[-15,-64]],[[28614,36678],[-18,43],[-26,95],[-17,29]],[[28553,36845],[-11,45],[-16,158],[0,32]],[[28329,40806],[67,0]],[[28410,40121],[0,-1]],[[28410,40120],[-81,-250]],[[28329,39870],[-10,58],[-13,26],[-6,72],[-15,-1],[-17,40]],[[27687,40808],[80,0]],[[28410,40120],[-5,-25],[14,-130],[18,-32],[17,-87],[1,-59],[16,-87],[17,3]],[[28488,39703],[-29,-259],[-3,-49]],[[28365,39567],[-36,28],[-7,68],[-10,21],[1,93],[16,93]],[[20529,37121],[0,84],[6,16],[1,89],[-12,82]],[[25261,40295],[0,-135]],[[21752,35712],[-136,-5]],[[26757,46735],[2,-441],[3,-386]],[[26594,46538],[-1,164],[66,10],[0,8]],[[22017,20086],[0,-842]],[[21990,19242],[-3,73],[-7,-4],[-13,95],[2,61],[-17,161],[3,76],[-9,62],[9,47],[-12,18],[-9,75],[4,63],[-14,45],[1,53],[-14,39],[-5,88],[2,66],[-8,42],[-4,117],[-6,2],[-9,141],[-8,2],[-10,339]],[[28256,40060],[-4,-18],[-26,-336]],[[28247,42037],[14,-215]],[[28107,41886],[28,264],[7,82],[-6,11],[1,84],[-14,48],[9,111],[-16,106],[5,40],[25,80]],[[31507,362],[-10,-95],[2,-44]],[[31502,98],[-24,-69],[-10,13],[-7,-39]],[[28408,33344],[-6,-61],[8,-29],[-1,-86],[6,-67],[18,-93],[-12,1],[-13,-64],[2,-42],[-6,-148]],[[28324,32771],[-10,132],[3,39],[-30,93],[-25,159]],[[25012,46008],[118,-10]],[[25130,45357],[-65,-3],[0,101],[-62,-5]],[[25003,45450],[-1,558]],[[27745,32937],[-59,-6]],[[27686,32931],[-84,-12]],[[29000,38432],[-1,-70],[-9,-168],[-5,-24],[-20,-340],[-18,-193]],[[21747,34779],[36,0]],[[21897,33950],[-151,1]],[[23648,51216],[0,55],[20,10],[7,-31],[23,122],[9,105]],[[24709,30238],[0,-162]],[[23080,34147],[9,0]],[[23055,39782],[-1,-243],[-30,0]],[[24223,25382],[-129,-168],[-13,118],[4,38],[-7,85]],[[30736,53298],[0,-337],[-2,-994],[-37,-42],[2,-151],[-3,-130],[30,29],[22,-537],[-29,-29],[7,-154],[-139,-130]],[[26558,28478],[-2,90]],[[27352,34596],[27,-141],[-1,-169]],[[26540,42864],[0,188]],[[24630,38461],[11,9],[6,-48],[5,76],[12,-29],[6,56],[52,-2],[-2,-88],[21,5],[-1,-127]],[[23545,44815],[-32,0]],[[28040,31704],[-21,153],[-21,114],[-7,162],[10,102],[-3,107],[8,90]],[[24749,31964],[3,81],[25,-24],[8,53],[1,112],[8,36],[13,-28],[9,69],[-14,65],[12,54],[-5,53],[-17,20],[-3,69],[15,19],[8,151]],[[24664,40198],[-2,-56],[5,-137],[-2,-61],[5,-114],[-6,-95],[3,-58]],[[24650,39335],[-3,93],[-11,137],[9,58],[-8,125],[-3,129]],[[27532,31625],[12,714]],[[26712,37803],[11,31],[5,82],[-11,30]],[[26717,37946],[7,84],[12,56],[26,-82],[9,-80],[11,48],[10,-63],[14,5]],[[27907,42069],[-23,-207]],[[27818,41406],[-13,3],[-4,59],[-23,77],[-7,53],[-12,-6],[-24,-108],[-13,0],[-13,58],[-17,28],[-37,-4]],[[26601,33038],[0,227],[-12,40],[-25,328]],[[26254,34136],[-7,-17],[-20,12],[-7,33],[-20,-60]],[[26195,34115],[10,97],[-11,202],[0,192]],[[23168,32257],[23,-10],[9,76],[21,19],[10,-37],[23,58],[1,35],[17,42],[-3,-46],[30,75],[3,65],[14,-7]],[[23138,31374],[0,164]],[[22861,27388],[13,-2]],[[23037,27031],[6,-50],[14,-6]],[[23314,26613],[9,-97]],[[23709,28788],[0,-521]],[[23538,28005],[1,728]],[[24979,34242],[92,-14]],[[27873,32333],[0,-34]],[[27729,32280],[-13,51],[-4,101],[-7,11],[-18,420],[-1,68]],[[15726,54623],[16,59],[0,53],[13,26],[4,79],[14,133],[-2,48],[25,-93],[10,40],[-10,23],[7,37]],[[16071,54023],[-84,0],[-21,-99],[-27,19],[-7,27],[-24,-24],[-45,39]],[[15863,53985],[-19,8],[-11,54],[2,60],[-41,45],[-11,29],[-2,77],[-18,47],[-5,81],[-15,-3],[1,40],[-12,33],[-10,131],[4,36]],[[15696,55184],[71,0]],[[15767,55184],[3,-52],[-10,-91],[7,-79],[-15,-127],[-27,125],[6,94],[12,67],[-10,-6],[-16,-68],[-6,-101],[30,-134],[-10,-25],[1,-77],[-11,-42],[-16,74],[-20,169],[12,59],[-1,119]],[[23203,28997],[0,98]],[[23356,28936],[-10,-29],[-16,19],[-31,-48],[-6,26],[-20,-18],[-11,-71],[-24,-14],[-15,-95],[-21,-66]],[[22213,21919],[120,-11],[1,-127],[14,17],[33,240]],[[24880,47329],[9,60],[20,24],[4,79]],[[25110,46657],[-99,-4]],[[31248,259],[-24,26],[-11,-18]],[[27664,36138],[-14,-84],[-19,-82],[-18,71],[-16,-24],[-12,-73]],[[31396,130],[8,68],[-1,43]],[[31427,117],[-14,-58],[-17,71]],[[22750,46664],[-1,-445],[1,-327]],[[25891,46508],[0,172],[-6,292],[-11,193]],[[26712,37049],[4,-80]],[[28419,41460],[23,-87],[10,-17],[15,-172],[-6,-52],[8,-72],[-12,-47],[0,-207]],[[25639,35046],[-5,-149],[5,-74],[-2,-126]],[[27387,31976],[16,-122],[-4,-217],[66,-5]],[[27621,43523],[0,594]],[[18778,42941],[-33,-69],[-24,-4],[-7,118],[3,61],[-14,6],[-39,-140],[-31,-144]],[[28623,36464],[-12,-63],[11,-62],[7,-89],[9,-22],[-19,-18],[-22,-43]],[[28537,36523],[18,94],[-6,88],[4,140]],[[17229,42314],[15,217],[63,1],[1,669]],[[31546,125],[-18,-24],[-12,20]],[[27027,24509],[-79,4],[-1,-408],[67,-8],[8,-13],[-18,-403]],[[30141,45604],[20,45],[9,-75],[7,-5]],[[30190,45543],[16,-82],[2,-74],[21,-149],[-1,-80],[-7,-63],[-12,-8],[3,-39],[21,-82],[12,13],[8,-38],[8,-134],[-4,-88]],[[30257,44719],[-7,-47],[-19,-43],[-3,-84]],[[30228,44545],[-21,32],[1,-80],[-11,3],[-4,-96],[-11,25],[2,-51],[-12,0]],[[27376,26510],[-7,-47],[4,-40]],[[27302,26783],[-3,28],[10,80],[-6,122],[-4,-6],[-15,169],[4,54],[-23,130],[-1,41]],[[20919,49152],[-285,-8]],[[29316,43047],[38,-71]],[[29354,42976],[4,-64],[-13,1],[7,-83]],[[27498,34874],[-3,-540]],[[24210,49665],[-17,92],[-3,70]],[[21898,31501],[1,815]],[[28336,39046],[-7,-13]],[[28324,39049],[12,-3]],[[31248,72],[-1,28],[-21,13],[-14,-54]],[[17562,27516],[-284,-157],[-3,157],[-9,100],[-8,32],[-14,-37],[-3,79],[1,141],[-8,66],[9,98],[-6,200],[-16,263],[-9,87],[-40,310],[-25,100]],[[28937,41287],[20,64],[-17,80],[12,73],[13,-16],[19,-73],[3,44],[23,128]],[[28501,39652],[-13,51]],[[18819,42409],[-12,-16],[-13,-66],[-22,-7],[-8,-59],[-19,-53],[-4,14],[-20,-98],[-10,-19],[-15,91],[-19,-35],[-11,48],[-8,-6]],[[27593,29161],[-14,-35],[-3,-55],[-17,-10]],[[26930,29428],[-26,273],[-6,80],[7,70],[-10,-12],[-11,233]],[[16083,39451],[-21,-10],[-15,-35],[-9,-100],[-10,259],[7,84],[-8,125],[0,112],[-6,41],[3,85]],[[26120,51075],[5,117],[17,79],[10,5],[18,77],[31,19]],[[26118,52142],[5,65],[7,-32],[-12,-33]],[[26082,52239],[21,-63],[-4,-58],[-19,61],[2,60]],[[26053,51805],[7,77],[3,111],[6,24],[1,92],[18,-12],[-1,-136],[4,-134],[-19,-70],[-19,48]],[[26033,52064],[13,12],[-5,-86],[-7,1],[-1,73]],[[26867,46350],[-25,-54],[-7,-52],[9,-43],[1,-71],[-17,-8],[-8,-74],[1,-132]],[[26580,32265],[-29,-22],[-19,-123],[-15,-57],[2,-41],[-14,-72]],[[25471,28243],[2,21],[-34,0],[-2,254]],[[23441,25285],[38,188]],[[23486,24763],[-9,193],[-7,14],[-3,148],[-14,22],[1,71]],[[21980,38893],[26,-2]],[[26856,41984],[-1,-136]],[[26947,22472],[17,21],[4,51],[10,-9],[13,135],[10,11],[22,141],[1,63]],[[15673,40544],[42,2],[1,-245],[-2,-125]],[[15745,38842],[-6,67],[-13,13],[-15,169],[-20,87]],[[24682,24488],[0,654]],[[27128,32310],[112,-29]],[[27215,31672],[-7,51],[-17,7],[-12,32],[-15,-11],[-2,37],[-18,22]],[[27144,31810],[-12,34],[-9,169],[-24,305]],[[15683,51171],[-28,16],[-14,-12],[-1,-73],[-9,0],[10,-106],[-9,-24],[10,-67],[-20,-79]],[[28377,38240],[13,-32],[22,26],[6,42],[15,0],[12,61],[9,-48],[-6,-119],[10,-63]],[[28458,38107],[-13,-32],[-5,-185]],[[31198,939],[-2,95],[7,74],[11,16]],[[26472,27949],[0,154]],[[27719,38694],[-14,-195],[3,-104],[-12,-97],[-22,-140],[4,-72]],[[28605,33013],[-4,-33],[-21,-17],[-12,17],[-9,-53],[9,-91],[6,-139],[-7,0],[-29,76],[-14,-16],[-20,55],[-22,29],[-19,45],[-9,53],[-5,-52],[17,-95],[21,-8],[63,-164],[16,-17]],[[24854,30410],[2,-45],[0,-455]],[[24797,29580],[-23,2],[-6,27],[-8,-74],[-9,10],[2,90],[30,27],[1,82],[-75,5]],[[26411,22560],[3,-87],[-3,-45],[-10,-11],[-15,24],[-5,42],[-24,-35],[-31,-118],[-65,-212],[-6,3],[7,71],[-10,19],[-7,-62],[-15,-66],[-22,8],[-18,-13],[1,-39],[16,-33],[1,-77],[16,-36],[31,101],[28,60],[28,133],[3,-21],[-24,-125],[-28,-69],[-29,-97],[-19,-32],[-9,53],[-16,36],[-24,82]],[[26320,22228],[27,67],[-3,-51],[-22,-49],[-2,33]],[[24072,31699],[0,-48],[-25,51],[-68,5],[-1,-161]],[[26163,28433],[13,-446]],[[22950,19643],[-7,-50],[0,-122]],[[22877,19220],[-33,-81],[-20,-123]],[[31368,445],[1,2]],[[31396,130],[-11,13],[-14,-27]],[[25344,28222],[-1,-119],[-9,-13],[8,-99],[7,-36],[-7,-42],[13,5],[16,-109],[-9,-6],[6,-116],[-8,-15],[10,-33],[8,24],[-1,-94],[-7,-51],[7,-50],[22,34],[13,40],[7,-32],[13,11],[-1,-56],[-10,3],[12,-112]],[[25412,26941],[-95,-7],[-42,2]],[[25160,34786],[-46,-2],[-84,10],[-13,-8]],[[18562,38658],[-1,-115]],[[18561,38543],[0,-60],[18,-93],[3,-44],[11,18],[19,-154],[-4,-95],[-8,-71],[6,-37],[-19,-82],[-5,-58]],[[27221,26811],[-8,164],[-12,54],[-10,111],[3,40],[-4,95]],[[27034,19196],[14,0],[0,-550],[1,-434]],[[26909,18210],[12,113],[10,32],[-2,37],[14,42],[11,136],[-5,119],[-13,16],[-3,50],[-6,-40],[5,-174],[-22,49],[6,54],[-2,127],[-31,142]],[[18688,46985],[3,-56],[-10,-35],[2,-44],[-13,-11],[-5,-75],[7,-137],[-7,-66],[2,-84],[9,-96],[14,35],[24,0],[7,-82],[0,-72],[8,-35],[0,-174],[9,-66],[2,-137]],[[18589,46013],[1,122],[8,6],[2,140],[-11,0],[0,55],[-11,40],[0,68],[-11,0],[0,107],[-5,0],[0,219],[-10,88],[-10,36],[-16,-60],[-16,-11],[-10,-56],[-3,85]],[[18497,46852],[2,71],[10,3],[8,58],[171,1]],[[26175,43695],[108,13]],[[26283,43708],[0,-34]],[[26207,43047],[-73,-2]],[[24771,22039],[21,-25],[-2,-60],[3,-107],[-10,-47],[14,-162],[24,-29],[8,-61],[-4,-113],[2,-69],[8,-64],[-8,-53],[-17,-164],[0,-33]],[[24810,21052],[-37,-147],[-7,16],[4,66],[-12,25],[-2,66],[6,5],[-12,161],[-11,43],[-9,-1],[-6,-52]],[[24730,20948],[7,43],[13,-104],[-8,-23],[-12,84]],[[26608,37938],[12,-35],[-7,-24],[3,-60],[10,44],[10,-99],[19,-19],[-9,-64]],[[28695,39645],[-16,-27],[-3,-138],[-8,32],[3,101],[-6,95],[-7,22],[16,219],[12,63],[-2,43],[14,40],[7,60],[24,-19],[6,25]],[[28274,39351],[5,-1],[16,-95],[8,-8],[5,-74]],[[28395,38780],[-7,-4],[0,-84],[-15,-161]],[[21752,48517],[0,288]],[[28727,38658],[-15,98],[-17,23],[-8,67],[-7,-4],[-16,123],[-5,-45],[-12,32],[-1,-94],[-7,12],[3,163],[18,148],[14,-74],[8,17],[-2,55]],[[18425,47151],[0,-465],[53,2],[6,26],[13,138]],[[18561,38543],[127,0],[0,-17],[83,0]],[[25403,40359],[-1,383]],[[22697,34152],[0,-821]],[[30332,43778],[14,-32],[27,5],[17,27],[11,131],[17,-187],[-1,-48],[-10,-26],[-33,7],[-38,86],[-4,37]],[[23984,53342],[212,-4]],[[20602,56425],[6,27],[32,-6],[4,-47],[16,90],[11,-13],[6,79],[12,24],[16,-56],[18,13],[22,-44],[15,16],[5,55],[7,-63],[11,36],[9,-31],[14,18],[5,-45],[23,-50],[3,-42],[17,8],[12,-37],[22,8],[9,39],[11,-56],[-1,-49],[15,-6]],[[23466,42405],[-80,7]],[[30214,44185],[10,32],[5,64],[-4,113],[5,40],[-2,111]],[[30257,44719],[12,-69],[23,-57],[34,-19],[9,-37],[19,71],[19,13],[28,54],[5,39],[-1,127],[-6,98],[-14,-53],[1,159],[-5,88],[-17,55],[-12,-80],[-13,77],[15,42],[21,-29],[23,-93],[18,-198],[9,-190],[2,-222],[-10,-119],[-9,-160],[-5,16],[11,193],[-9,33],[-51,-50],[-23,-59],[0,35],[-22,5],[-7,-45],[-17,-11],[-15,-100],[-33,-16],[-17,-54]],[[30220,44163],[-6,22]],[[21786,31501],[-41,0]],[[18909,58166],[147,3]],[[24048,24285],[-1,224],[0,450],[-14,69],[0,55],[-24,27],[-5,27]],[[26659,38301],[11,28],[20,-145]],[[26690,38184],[9,-125],[2,-79],[16,-34]],[[22821,58172],[229,-1]],[[25257,35249],[104,-7]],[[25361,35242],[12,-128]],[[26450,27650],[-9,91],[-6,-30],[-8,46]],[[26427,27757],[-29,74],[-7,90],[-12,-11],[-14,100]],[[29094,47479],[50,-109],[58,25],[1,-50],[28,13],[-1,50],[24,10]],[[21102,38083],[-29,0]],[[15680,54742],[13,22],[11,-106],[22,-35]],[[15863,53985],[-85,0],[-182,3],[0,54]],[[16771,30186],[-40,100],[-12,3],[-24,86],[-17,226],[-10,16],[-17,86],[-4,-5],[-20,104],[-5,5]],[[16633,30130],[20,16],[-8,-48],[-12,32]],[[16594,28753],[14,11],[18,-48],[10,-58],[-13,-24],[-20,33],[-9,86]],[[23844,24242],[7,22],[15,-40],[16,45],[74,2],[6,-12],[43,0]],[[23058,29588],[-2,-614]],[[21453,48255],[0,-419],[8,0],[0,-163]],[[28458,38107],[9,-40],[0,-79],[35,-95],[25,-3],[7,-45],[6,34],[24,-15],[4,-71],[16,-62],[7,-79]],[[20569,30751],[0,487],[6,0],[0,813]],[[15972,35437],[-15,160],[-21,78],[-9,-45],[-37,3],[-28,109],[-24,174]],[[15371,52152],[0,233],[-7,72],[15,55],[2,179],[-19,310],[27,-127],[14,-23],[-3,61],[23,16],[7,28],[11,-45],[12,50],[15,0],[20,82]],[[29285,50678],[98,13],[93,16]],[[18817,45849],[6,27],[-16,262],[9,39],[66,0],[24,-71],[9,90],[7,-53],[-3,-175],[20,-5],[28,47],[4,24]],[[24856,42145],[15,145]],[[25842,49149],[12,132],[21,180],[9,323]],[[29436,45166],[15,1],[105,-21]],[[19996,49863],[93,-2],[169,5],[117,3]],[[27105,31215],[9,171],[10,283],[20,141]],[[29571,45658],[-17,30],[-1,113],[15,-18],[10,329]],[[24428,28241],[1,717]],[[15577,46387],[22,100],[39,-8],[17,43],[43,7],[6,95],[10,-12],[17,108],[33,82],[0,27],[27,2],[17,106],[33,0]],[[26283,43999],[0,-291]],[[30581,48742],[-15,-8],[1,-83],[-16,-60],[-5,-80],[-12,82],[-2,-76],[-15,-51],[-12,42],[-3,-106],[-11,85]],[[29099,43870],[-17,125]],[[28043,38375],[-17,10],[-3,39],[-18,35],[-2,53],[-17,29],[13,177]],[[26860,36223],[6,27]],[[26800,36657],[6,-31]],[[26739,38530],[-20,-145],[2,-162],[-31,-39]],[[24403,53972],[51,70],[8,45],[25,44],[6,42],[14,-36],[18,21],[5,45],[12,3],[22,113],[14,-19],[14,56],[21,-47],[13,-90],[-14,-122],[-24,-125],[9,-118],[-16,-56],[-11,-124],[7,-22]],[[24561,54403],[14,22],[0,-63],[-14,41]],[[24540,24486],[65,0]],[[26383,27410],[10,0],[0,92],[10,66],[2,62],[7,0],[0,78],[15,49]],[[22376,31214],[-49,0],[0,82],[-28,0]],[[23766,22038],[0,-23],[-46,5],[-37,-64],[-61,-158]],[[23622,21798],[-1,608],[-24,3]],[[31524,1018],[24,-13],[21,-52]],[[24862,21297],[-52,-245]],[[18334,32961],[18,5],[14,-40],[12,-3],[8,-54],[17,-48],[30,-112],[7,-76],[44,-56],[11,-31],[17,10],[33,-127],[29,-10],[8,39],[0,-206],[30,-1],[0,-328],[88,1],[68,7],[-1,-327],[63,-1],[0,-619]],[[25361,35242],[-13,225]],[[28081,42684],[-17,-148],[-7,3],[-2,-92],[-11,-98],[-15,-66],[-6,-127],[-1,-135],[-12,-30],[-4,-50]],[[30220,44163],[-17,-52],[-16,-75],[-21,-46],[-23,-6],[41,79],[30,122]],[[30175,43862],[18,0],[19,145],[27,96],[11,-24],[4,-98],[18,-58],[10,64],[-1,-135],[-43,2],[-29,-15],[-18,-75],[-16,98]],[[31614,842],[12,37],[-2,-185]],[[18820,46981],[-132,4]],[[19924,33845],[-208,3],[-187,2]],[[24922,45445],[81,5]],[[10625,79488],[0,-159],[65,-88],[69,-74],[17,165],[133,-236],[80,286],[172,32],[1,-61],[-35,-432],[40,-175],[71,-132],[26,-34],[11,-182],[11,-75],[65,-224],[219,-758],[18,-258],[12,-226],[-7,-143]],[[11477,76527],[3,111],[-15,77],[-55,195],[-30,75],[-96,143],[-36,115],[-43,106],[-98,167],[-42,79],[-91,231],[-30,63],[5,46],[31,144],[24,-23],[-9,-43],[24,4],[0,70],[21,112],[-22,11],[2,124],[-14,187],[7,56],[22,66],[-5,54],[16,49],[-13,90],[-19,-82],[-2,-95],[-25,-34],[-21,-116],[-1,-78],[-107,-161],[-12,-45],[-28,-45],[-95,35],[-67,58],[-26,51],[-123,201],[-17,90],[18,-16],[34,39],[11,114],[-33,211],[3,67],[-20,-27],[-31,71],[6,-81],[45,-193],[-10,-33],[-54,-82],[-39,0],[-49,88],[-61,39],[-32,37],[-81,64],[-45,18],[-59,-7],[-63,-53],[-77,-19],[-80,-45],[-54,-77]],[[30439,48397],[-12,6],[-15,-67],[-5,-63],[-20,6],[-7,-78],[-20,6],[-10,-79],[-3,-80],[5,-47],[-8,-51],[-13,46],[-22,-51]],[[15809,37853],[-12,-47],[-14,-14]],[[15640,38141],[-17,11],[-1,108],[-17,170],[-20,82],[-14,31],[-22,102],[-12,78],[-22,194],[-17,58],[-6,50]],[[28492,36204],[-19,-50]],[[15301,48087],[17,472]],[[24781,47251],[1,164],[0,564],[-34,1]],[[27894,47067],[20,4],[12,-31],[4,-56],[14,-5],[3,58],[24,37],[4,30],[37,-30],[10,51],[27,-16]],[[27862,46138],[6,76],[14,64],[4,84],[16,30],[25,77],[14,69],[-4,129],[-11,87],[-2,77],[-28,85],[2,116],[-4,35]],[[15636,55402],[14,123],[30,117],[29,43],[4,121],[16,117],[31,110],[-9,156],[22,-65],[14,-300],[-22,0],[3,-65],[11,-22],[-4,-90],[7,-31],[0,-85],[-14,-61],[-1,-63],[15,-24],[-10,-77],[-5,-122]],[[22660,36602],[0,-164]],[[29388,43172],[-7,-67],[-20,-66],[-7,-63]],[[21101,45079],[11,-2]],[[26628,49120],[-5,-199],[-19,-8],[-8,-31],[-2,-87],[-17,25],[-5,-33],[-20,21],[-20,-160]],[[23622,21798],[-5,-11]],[[23589,21787],[-14,-22],[-10,57],[-16,-37],[-40,-57],[-3,43],[18,145],[4,120],[0,119],[-13,73],[-22,-66],[-10,-66],[-4,-81],[-15,-38],[-3,29]],[[5811,6858],[43,14],[13,79],[4,60],[13,73],[14,25],[12,-116],[0,-40],[20,-135],[4,-84],[-4,-24],[3,-76],[18,-88],[3,92],[12,-4],[-4,-104],[8,-37],[3,-89],[13,-70],[-12,-60],[-11,29],[-21,-46],[-6,41],[-16,49],[-26,19],[-30,-32],[-7,6],[-7,135],[-11,55],[-4,83],[-11,74],[0,98],[-13,73]],[[16979,58172],[214,0]],[[23413,40456],[-1,78],[10,2],[5,74]],[[31191,661],[-11,56]],[[27894,47067],[-15,21],[9,124],[-5,201],[-3,21],[28,35],[38,68],[55,75],[41,32],[7,-6]]],"transform":{"scale":[0.0035891504197444806,0.0005343920150528618],"translate":[-179.1365721180212,17.91389388672886]},"objects":{"counties":{"type":"GeometryCollection","geometries":[{"arcs":[[0,1,2,3,4,5]],"type":"Polygon","properties":{"name":"Clinch"},"id":"13065"},{"arcs":[[6,7,8,9,10,11,12]],"type":"Polygon","properties":{"name":"Graves"},"id":"21083"},{"arcs":[[13,14,15]],"type":"Polygon","properties":{"name":"Tyrrell"},"id":"37177"},{"arcs":[[16,17,18,19,20,21]],"type":"Polygon","properties":{"name":"Burke"},"id":"38013"},{"arcs":[[22,23,24,25,26,27]],"type":"Polygon","properties":{"name":"Harper"},"id":"40059"},{"arcs":[[28,29,30,31]],"type":"Polygon","properties":{"name":"Harlan"},"id":"31083"},{"arcs":[[32,33,34,35,36,37]],"type":"Polygon","properties":{"name":"Blaine"},"id":"31009"},{"arcs":[[[38]],[[39]],[[40]],[[41]],[[42]],[[43,44,45,46,47,48,49,50,51]]],"type":"MultiPolygon","properties":{"name":"Lake and Peninsula"},"id":"02164"},{"arcs":[[52,53,54,55,56,57]],"type":"Polygon","properties":{"name":"Jefferson"},"id":"17081"},{"arcs":[[58,59,60,61,62,63]],"type":"Polygon","properties":{"name":"Fulton"},"id":"18049"},{"arcs":[[64,65,66,67,68,69]],"type":"Polygon","properties":{"name":"Decatur"},"id":"18031"},{"arcs":[[70,71,72,73,74]],"type":"Polygon","properties":{"name":"Marshall"},"id":"19127"},{"arcs":[[75,76,77,78,79,80]],"type":"Polygon","properties":{"name":"Lyon"},"id":"20111"},{"arcs":[[81,82,83,84]],"type":"Polygon","properties":{"name":"Allen"},"id":"20001"},{"arcs":[[85,86,87,88,89,90]],"type":"Polygon","properties":{"name":"Panola"},"id":"28107"},{"arcs":[[91,92,93,94,95]],"type":"Polygon","properties":{"name":"Pulaski"},"id":"13235"},{"arcs":[[96,97,98,99,100,101]],"type":"Polygon","properties":{"name":"Jackson"},"id":"39079"},{"arcs":[[102,103,104,105]],"type":"Polygon","properties":{"name":"Washita"},"id":"40149"},{"arcs":[[106,107,108,109,110,111]],"type":"Polygon","properties":{"name":"Ellsworth"},"id":"20053"},{"arcs":[[112,113,114,115,116,117]],"type":"Polygon","properties":{"name":"Callahan"},"id":"48059"},{"arcs":[[118,119,120,121,122,123,124]],"type":"Polygon","properties":{"name":"Brooks"},"id":"48047"},{"arcs":[[125]],"type":"Polygon","properties":{"name":"Waynesboro"},"id":"51820"},{"arcs":[[126,127,128,129,130,131,132]],"type":"Polygon","properties":{"name":"Webster"},"id":"54101"},{"arcs":[[133,134,135,136,137,138,139]],"type":"Polygon","properties":{"name":"Garfield"},"id":"30033"},{"arcs":[[140,141,142,143,144]],"type":"Polygon","properties":{"name":"Latah"},"id":"16057"},{"arcs":[[145,-13,146,147,148,149]],"type":"Polygon","properties":{"name":"Hickman"},"id":"21105"},{"arcs":[[150,151,152,153,154]],"type":"Polygon","properties":{"name":"Aroostook"},"id":"23003"},{"arcs":[[155,156,157,158,159]],"type":"Polygon","properties":{"name":"Luce"},"id":"26095"},{"arcs":[[160,161,162,163,164,165,166]],"type":"Polygon","properties":{"name":"Pettis"},"id":"29159"},{"arcs":[[167,168,169,170]],"type":"Polygon","properties":{"name":"Alleghany"},"id":"37005"},{"arcs":[[171,172,173,174]],"type":"Polygon","properties":{"name":"Carson City"},"id":"32510"},{"arcs":[[175,176,177,178,179]],"type":"Polygon","properties":{"name":"Toombs"},"id":"13279"},{"arcs":[[180,181,182,183,184]],"type":"Polygon","properties":{"name":"Fountain"},"id":"18045"},{"arcs":[[185,186,187,188,189,190]],"type":"Polygon","properties":{"name":"Brown"},"id":"27015"},{"arcs":[[191,192,193,194,195]],"type":"Polygon","properties":{"name":"Luna"},"id":"35029"},{"arcs":[[196,197,198,199,200,201,202]],"type":"Polygon","properties":{"name":"Pottawatomie"},"id":"40125"},{"arcs":[[203,204,205,206,207,208,209,210]],"type":"Polygon","properties":{"name":"Grant"},"id":"41023"},{"arcs":[[211,212,213,-119,214,215]],"type":"Polygon","properties":{"name":"Duval"},"id":"48131"},{"arcs":[[216,217,218,219,220]],"type":"Polygon","properties":{"name":"La Salle"},"id":"48283"},{"arcs":[[221,222,223,224,225,226]],"type":"Polygon","properties":{"name":"Fond du Lac"},"id":"55039"},{"arcs":[[227,228,229,230]],"type":"Polygon","properties":{"name":"Latimer"},"id":"40077"},{"arcs":[[231,232,233,234,235]],"type":"Polygon","properties":{"name":"Sierra"},"id":"06091"},{"arcs":[[236,237,238,239,240]],"type":"Polygon","properties":{"name":"Grady"},"id":"13131"},{"arcs":[[241,242,243,244]],"type":"Polygon","properties":{"name":"Benzie"},"id":"26019"},{"arcs":[[245,246,247,248,249]],"type":"Polygon","properties":{"name":"Lauderdale"},"id":"28075"},{"arcs":[[250,251,252,253]],"type":"Polygon","properties":{"name":"Thayer"},"id":"31169"},{"arcs":[[[254]],[[255]],[[256]],[[257,258]]],"type":"MultiPolygon","properties":{"name":"Suffolk"},"id":"36103"},{"arcs":[[259,260,261,262,263]],"type":"Polygon","properties":{"name":"Polk"},"id":"31143"},{"arcs":[[264,265,266,267,268]],"type":"Polygon","properties":{"name":"Culberson"},"id":"48109"},{"arcs":[[269,270,271,272,273]],"type":"Polygon","properties":{"name":"Perry"},"id":"01105"},{"arcs":[[274,275]],"type":"Polygon","properties":{"name":"Skagway"},"id":"02230"},{"arcs":[[276,277,278,279]],"type":"Polygon","properties":{"name":"Pickens"},"id":"13227"},{"arcs":[[280,281,282,283,284,285,286]],"type":"Polygon","properties":{"name":"Logan"},"id":"17107"},{"arcs":[[287,288,289,290,291]],"type":"Polygon","properties":{"name":"Fayette"},"id":"18041"},{"arcs":[[292,293,294,295,296]],"type":"Polygon","properties":{"name":"Cherokee"},"id":"19035"},{"arcs":[[297,298,299,300,301,302]],"type":"Polygon","properties":{"name":"Kandiyohi"},"id":"27067"},{"arcs":[[303,304,305,306,307,308]],"type":"Polygon","properties":{"name":"Randolph"},"id":"29175"},{"arcs":[[309,310,311]],"type":"Polygon","properties":{"name":"Los Alamos"},"id":"35028"},{"arcs":[[312,313,314,315,316,317]],"type":"Polygon","properties":{"name":"Pickaway"},"id":"39129"},{"arcs":[[318,319,320,321,322]],"type":"Polygon","properties":{"name":"Madison"},"id":"19121"},{"arcs":[[323,324,325,326]],"type":"Polygon","properties":{"name":"Moody"},"id":"46101"},{"arcs":[[327,328,329,330]],"type":"Polygon","properties":{"name":"Potter"},"id":"48375"},{"arcs":[[331,332,333,334,335,336,337]],"type":"Polygon","properties":{"name":"Langlade"},"id":"55067"},{"arcs":[[338,339,340,341,342,343]],"type":"Polygon","properties":{"name":"Corozal"},"id":"72047"},{"arcs":[[344,345,346,347,348,349]],"type":"Polygon","properties":{"name":"Aurora"},"id":"46003"},{"arcs":[[350,351,352,353]],"type":"Polygon","properties":{"name":"St. Lucie"},"id":"12111"},{"arcs":[[354,355,356,357]],"type":"Polygon","properties":{"name":"Chattooga"},"id":"13055"},{"arcs":[[358,359,360,361,362,363,364]],"type":"Polygon","properties":{"name":"Jay"},"id":"18075"},{"arcs":[[365,366,367,368,369]],"type":"Polygon","properties":{"name":"Hamilton"},"id":"20075"},{"arcs":[[370,371,372,373,374,375,376]],"type":"Polygon","properties":{"name":"Powder River"},"id":"30075"},{"arcs":[[377,378,379,380,381,382,383]],"type":"Polygon","properties":{"name":"Miller"},"id":"29131"},{"arcs":[[384,385,386,387,388,389]],"type":"Polygon","properties":{"name":"Boone"},"id":"31011"},{"arcs":[[390,391,392,393,394,395]],"type":"Polygon","properties":{"name":"Howard"},"id":"31093"},{"arcs":[[396,397,398,-29,399,400]],"type":"Polygon","properties":{"name":"Phelps"},"id":"31137"},{"arcs":[[401,-37,402,403,404]],"type":"Polygon","properties":{"name":"Logan"},"id":"31113"},{"arcs":[[405,406,407,408,409,410,411]],"type":"Polygon","properties":{"name":"Montgomery"},"id":"05097"},{"arcs":[[412,413,414,-283]],"type":"Polygon","properties":{"name":"De Witt"},"id":"17039"},{"arcs":[[415,416,417,-72,418]],"type":"Polygon","properties":{"name":"Grundy"},"id":"19075"},{"arcs":[[419,420,421,422,423]],"type":"Polygon","properties":{"name":"George"},"id":"28039"},{"arcs":[[424,425,-167,426,427,428]],"type":"Polygon","properties":{"name":"Henry"},"id":"29083"},{"arcs":[[429,430,431,432,433,434]],"type":"Polygon","properties":{"name":"Chickasaw"},"id":"28017"},{"arcs":[[435,436,437,438,439,440,441]],"type":"Polygon","properties":{"name":"Hardin"},"id":"39065"},{"arcs":[[442,-359,443,444]],"type":"Polygon","properties":{"name":"Blackford"},"id":"18009"},{"arcs":[[445,446,447,448,449,450]],"type":"Polygon","properties":{"name":"Cimarron"},"id":"40025"},{"arcs":[[451,452,453,454,-347]],"type":"Polygon","properties":{"name":"Davison"},"id":"46035"},{"arcs":[[455,456,457,458,459]],"type":"Polygon","properties":{"name":"Falls"},"id":"48145"},{"arcs":[[460,461,462,463,464,465]],"type":"Polygon","properties":{"name":"Murray"},"id":"27101"},{"arcs":[[466,467,468,469,470]],"type":"Polygon","properties":{"name":"De Baca"},"id":"35011"},{"arcs":[[471,472,473,474,475,476]],"type":"Polygon","properties":{"name":"Turner"},"id":"46125"},{"arcs":[[477,478,479,480,481,482,483]],"type":"Polygon","properties":{"name":"Day"},"id":"46037"},{"arcs":[[484,485,486,487]],"type":"Polygon","properties":{"name":"Yoakum"},"id":"48501"},{"arcs":[[488,489,490,491,492]],"type":"Polygon","properties":{"name":"Taylor"},"id":"54091"},{"arcs":[[493,494,495,496,497]],"type":"Polygon","properties":{"name":"Towns"},"id":"13281"},{"arcs":[[498,499,500,501,502,503]],"type":"Polygon","properties":{"name":"Cumberland"},"id":"21057"},{"arcs":[[504,505,506,507,508,509,510,511]],"type":"Polygon","properties":{"name":"Washington"},"id":"24043"},{"arcs":[[512,513,514,515,516,517,-432]],"type":"Polygon","properties":{"name":"Monroe"},"id":"28095"},{"arcs":[[518,519,520,521,522,523]],"type":"Polygon","properties":{"name":"Greene"},"id":"29077"},{"arcs":[[524,525,526,527,528,529,530,531]],"type":"Polygon","properties":{"name":"Wasco"},"id":"41065"},{"arcs":[[532,533,534,535]],"type":"Polygon","properties":{"name":"Ozaukee"},"id":"55089"},{"arcs":[[536,537,538,539,-280,540,541]],"type":"Polygon","properties":{"name":"Gordon"},"id":"13129"},{"arcs":[[-414,542,543,544,545,546]],"type":"Polygon","properties":{"name":"Piatt"},"id":"17147"},{"arcs":[[547,548,549,550]],"type":"Polygon","properties":{"name":"Floyd"},"id":"19067"},{"arcs":[[551,552,553,554,555]],"type":"Polygon","properties":{"name":"Lincoln"},"id":"22061"},{"arcs":[[556,557,558,559,560,561]],"type":"Polygon","properties":{"name":"Gratiot"},"id":"26057"},{"arcs":[[562,563,564,565,566,567,568]],"type":"Polygon","properties":{"name":"Frontier"},"id":"31063"},{"arcs":[[569,570,571,572]],"type":"Polygon","properties":{"name":"Foster"},"id":"38031"},{"arcs":[[573,574,575,-438,576]],"type":"Polygon","properties":{"name":"Wyandot"},"id":"39175"},{"arcs":[[577,578,579,580,581]],"type":"Polygon","properties":{"name":"Wright"},"id":"19197"},{"arcs":[[582,583,584,585,586]],"type":"Polygon","properties":{"name":"Fall River"},"id":"46047"},{"arcs":[[587,588,589,590]],"type":"Polygon","properties":{"name":"Lubbock"},"id":"48303"},{"arcs":[[591,592,593,594,595,596]],"type":"Polygon","properties":{"name":"Hamilton"},"id":"48193"},{"arcs":[[597,598,599,600,601,602]],"type":"Polygon","properties":{"name":"Duchesne"},"id":"49013"},{"arcs":[[603,604,605,606,-571,607]],"type":"Polygon","properties":{"name":"Griggs"},"id":"38039"},{"arcs":[[608,609,610,611]],"type":"Polygon","properties":{"name":"Hettinger"},"id":"38041"},{"arcs":[[612,613,614,615,616]],"type":"Polygon","properties":{"name":"Floyd"},"id":"48153"},{"arcs":[[617,618,619,-399]],"type":"Polygon","properties":{"name":"Kearney"},"id":"31099"},{"arcs":[[[620]],[[621]],[[622]],[[623,624,625,626]]],"type":"MultiPolygon","properties":{"name":"Santa Barbara"},"id":"06083"},{"arcs":[[627,628,629,630,631,632,633]],"type":"Polygon","properties":{"name":"Kit Carson"},"id":"08063"},{"arcs":[[-501,634,635,636,637]],"type":"Polygon","properties":{"name":"Clinton"},"id":"21053"},{"arcs":[[-464,638,639,640,641,642]],"type":"Polygon","properties":{"name":"Nobles"},"id":"27105"},{"arcs":[[643,-568,644,645,646]],"type":"Polygon","properties":{"name":"Hitchcock"},"id":"31087"},{"arcs":[[647,648,649,650]],"type":"Polygon","properties":{"name":"Paulding"},"id":"39125"},{"arcs":[[651,652,-260,653,654,-393]],"type":"Polygon","properties":{"name":"Merrick"},"id":"31121"},{"arcs":[[[655,656,657,658,659]],[[660]]],"type":"MultiPolygon","properties":{"name":"King"},"id":"53033"},{"arcs":[[-36,661,662,663,664,665,666,667,-403]],"type":"Polygon","properties":{"name":"Custer"},"id":"31041"},{"arcs":[[668,669,670,671,672]],"type":"Polygon","properties":{"name":"Evans"},"id":"13109"},{"arcs":[[673,674,675,676,677]],"type":"Polygon","properties":{"name":"Rio Grande"},"id":"08105"},{"arcs":[[678,679,680,681]],"type":"Polygon","properties":{"name":"Clay"},"id":"19041"},{"arcs":[[682,-323,683,684,685]],"type":"Polygon","properties":{"name":"Adair"},"id":"19001"},{"arcs":[[686,687,688,689,690]],"type":"Polygon","properties":{"name":"Trego"},"id":"20195"},{"arcs":[[691,692,693,694,695]],"type":"Polygon","properties":{"name":"Dodge"},"id":"27039"},{"arcs":[[696,697,698,699,700,701]],"type":"Polygon","properties":{"name":"Noxubee"},"id":"28103"},{"arcs":[[702,703,-251,704,705]],"type":"Polygon","properties":{"name":"Fillmore"},"id":"31059"},{"arcs":[[706,-317,707,708,-97,709,710]],"type":"Polygon","properties":{"name":"Ross"},"id":"39141"},{"arcs":[[-321,711,712,713,714]],"type":"Polygon","properties":{"name":"Clarke"},"id":"19039"},{"arcs":[[715,716,717,718,719,720,721]],"type":"Polygon","properties":{"name":"Karnes"},"id":"48255"},{"arcs":[[722,723,724,725,726]],"type":"Polygon","properties":{"name":"Upton"},"id":"48461"},{"arcs":[[727,728,729,730,731]],"type":"Polygon","properties":{"name":"Lunenburg"},"id":"51111"},{"arcs":[[732,733,734,735,736]],"type":"Polygon","properties":{"name":"Logan"},"id":"38047"},{"arcs":[[737,738,-350,739,740]],"type":"Polygon","properties":{"name":"Brule"},"id":"46015"},{"arcs":[[741,-81,742,743,744]],"type":"Polygon","properties":{"name":"Chase"},"id":"20017"},{"arcs":[[745,746,747,748,749]],"type":"Polygon","properties":{"name":"Grant"},"id":"31075"},{"arcs":[[750,751,752,753,754]],"type":"Polygon","properties":{"name":"Muscatine"},"id":"19139"},{"arcs":[[755,756,757,758,759,760,761]],"type":"Polygon","properties":{"name":"Hillsdale"},"id":"26059"},{"arcs":[[762,763,764,765,766,-380]],"type":"Polygon","properties":{"name":"Osage"},"id":"29151"},{"arcs":[[-18,767,768,769,770]],"type":"Polygon","properties":{"name":"Renville"},"id":"38075"},{"arcs":[[-730,771,772,773,774,775,776]],"type":"Polygon","properties":{"name":"Brunswick"},"id":"51025"},{"arcs":[[[777]],[[778]],[[779]],[[780]],[[781,782,783,784]]],"type":"MultiPolygon","properties":{"name":"Ketchikan Gateway"},"id":"02130"},{"arcs":[[785,786,787,788,789]],"type":"Polygon","properties":{"name":"Johnson"},"id":"05071"},{"arcs":[[790,791,792,793]],"type":"Polygon","properties":{"name":"Hardee"},"id":"12049"},{"arcs":[[794,795,796,-93,797]],"type":"Polygon","properties":{"name":"Bleckley"},"id":"13023"},{"arcs":[[798,799,800,801,802]],"type":"Polygon","properties":{"name":"Brown"},"id":"17009"},{"arcs":[[803,-58,804,805,806]],"type":"Polygon","properties":{"name":"Perry"},"id":"17145"},{"arcs":[[807,808,809,810,811,812]],"type":"Polygon","properties":{"name":"Clay"},"id":"18021"},{"arcs":[[813,814,815,816,817,818]],"type":"Polygon","properties":{"name":"Jones"},"id":"19105"},{"arcs":[[819,820,821,822,823,824]],"type":"Polygon","properties":{"name":"Todd"},"id":"27153"},{"arcs":[[825,826,827,828,829]],"type":"Polygon","properties":{"name":"Isanti"},"id":"27059"},{"arcs":[[830,831,832,833,834]],"type":"Polygon","properties":{"name":"Richland"},"id":"39139"},{"arcs":[[835,836,837,838,839]],"type":"Polygon","properties":{"name":"Henderson"},"id":"47077"},{"arcs":[[840,841,842,843,844,-725]],"type":"Polygon","properties":{"name":"Reagan"},"id":"48383"},{"arcs":[[845,846,847,848]],"type":"Polygon","properties":{"name":"Gray"},"id":"48179"},{"arcs":[[849,850,851,-328,852,853]],"type":"Polygon","properties":{"name":"Moore"},"id":"48341"},{"arcs":[[854,855,856,857,858]],"type":"Polygon","properties":{"name":"Young"},"id":"48503"},{"arcs":[[859,860,861,862,863,864]],"type":"Polygon","properties":{"name":"Iowa"},"id":"55049"},{"arcs":[[865,866,867,868,869,870,871,872]],"type":"Polygon","properties":{"name":"Mohave"},"id":"04015"},{"arcs":[[873,874,875,876,877,878,879,880,881]],"type":"Polygon","properties":{"name":"Idaho"},"id":"16049"},{"arcs":[[882,883,884,885,886,887]],"type":"Polygon","properties":{"name":"Marion"},"id":"28091"},{"arcs":[[888,889,890,891,892,893,894,895]],"type":"Polygon","properties":{"name":"Fallon"},"id":"30025"},{"arcs":[[-165,896,897,-384,898,899]],"type":"Polygon","properties":{"name":"Morgan"},"id":"29141"},{"arcs":[[900,901,902,903,904,905,906]],"type":"Polygon","properties":{"name":"Adair"},"id":"29001"},{"arcs":[[907,908,909,910,911,-262]],"type":"Polygon","properties":{"name":"Butler"},"id":"31023"},{"arcs":[[912,913,914,915,916]],"type":"Polygon","properties":{"name":"Cache"},"id":"49005"},{"arcs":[[917,918,919,920,921,922]],"type":"Polygon","properties":{"name":"Lowndes"},"id":"01085"},{"arcs":[[[-275,923,924,925,926,927]],[[928]]],"type":"MultiPolygon","properties":{"name":"Haines"},"id":"02100"},{"arcs":[[929,930,931,932,933,934]],"type":"Polygon","properties":{"name":"Newton"},"id":"13217"},{"arcs":[[935,936,937,938,939,940,941]],"type":"Polygon","properties":{"name":"Morgan"},"id":"18109"},{"arcs":[[942,943,944,945,946,947]],"type":"Polygon","properties":{"name":"Mahaska"},"id":"19123"},{"arcs":[[948,-190,949,950,-639,-463]],"type":"Polygon","properties":{"name":"Cottonwood"},"id":"27033"},{"arcs":[[951,-434,952,953,954,955,956]],"type":"Polygon","properties":{"name":"Webster"},"id":"28155"},{"arcs":[[-912,957,958,959]],"type":"Polygon","properties":{"name":"Seward"},"id":"31159"},{"arcs":[[960,961,962,963,964,965]],"type":"Polygon","properties":{"name":"Tuscarawas"},"id":"39157"},{"arcs":[[966,967,968,-472,969,970]],"type":"Polygon","properties":{"name":"McCook"},"id":"46087"},{"arcs":[[971,972,973,974,975]],"type":"Polygon","properties":{"name":"Grundy"},"id":"47061"},{"arcs":[[976,977,978,-851]],"type":"Polygon","properties":{"name":"Hutchinson"},"id":"48233"},{"arcs":[[979]],"type":"Polygon","properties":{"name":"Winchester"},"id":"51840"},{"arcs":[[980,981,982,983,984]],"type":"Polygon","properties":{"name":"Portage"},"id":"55097"},{"arcs":[[985,986,987,988,989]],"type":"Polygon","properties":{"name":"Rusk"},"id":"55107"},{"arcs":[[990,991,992,993,994]],"type":"Polygon","properties":{"name":"Cannon"},"id":"47015"},{"arcs":[[995,996,997,998,999,1000]],"type":"Polygon","properties":{"name":"Sanpete"},"id":"49039"},{"arcs":[[1001,1002,1003,1004,1005]],"type":"Polygon","properties":{"name":"Haskell"},"id":"48207"},{"arcs":[[1006,1007,-751,1008,1009,1010]],"type":"Polygon","properties":{"name":"Johnson"},"id":"19103"},{"arcs":[[1011,1012,-60,1013,1014]],"type":"Polygon","properties":{"name":"Marshall"},"id":"18099"},{"arcs":[[1015,1016,1017,1018]],"type":"Polygon","properties":{"name":"Boundary"},"id":"16021"},{"arcs":[[1019,1020,1021,1022,1023,1024]],"type":"Polygon","properties":{"name":"Noble"},"id":"18113"},{"arcs":[[1025,1026,-75,1027,1028,1029]],"type":"Polygon","properties":{"name":"Story"},"id":"19169"},{"arcs":[[1030,1031,1032,1033,1034,1035]],"type":"Polygon","properties":{"name":"Marshall"},"id":"17123"},{"arcs":[[-946,1036,1037,1038,1039]],"type":"Polygon","properties":{"name":"Wapello"},"id":"19179"},{"arcs":[[1040,1041,1042,1043,1044]],"type":"Polygon","properties":{"name":"Rhea"},"id":"47143"},{"arcs":[[1045,1046,1047,1048,1049,-799,1050]],"type":"Polygon","properties":{"name":"Schuyler"},"id":"17169"},{"arcs":[[1051,1052,1053,1054]],"type":"Polygon","properties":{"name":"McNairy"},"id":"47109"},{"arcs":[[1055,1056,1057,1058,-485]],"type":"Polygon","properties":{"name":"Cochran"},"id":"48079"},{"arcs":[[1059,-637,1060,1061,1062,1063]],"type":"Polygon","properties":{"name":"Pickett"},"id":"47137"},{"arcs":[[1064,1065,1066,1067,1068,1069,1070]],"type":"Polygon","properties":{"name":"Reno"},"id":"20155"},{"arcs":[[1071,1072,1073,1074,1075,1076]],"type":"Polygon","properties":{"name":"Webster"},"id":"31181"},{"arcs":[[1077,1078,1079,1080,1081,1082]],"type":"Polygon","properties":{"name":"Boyle"},"id":"21021"},{"arcs":[[1083,1084,1085,1086,1087,1088,1089]],"type":"Polygon","properties":{"name":"Benton"},"id":"18007"},{"arcs":[[1090,1091,1092,1093,1094,1095,1096]],"type":"Polygon","properties":{"name":"Kossuth"},"id":"19109"},{"arcs":[[1097,1098,1099,1100]],"type":"Polygon","properties":{"name":"Bond"},"id":"17005"},{"arcs":[[1101,1102,1103,-977,1104]],"type":"Polygon","properties":{"name":"Hansford"},"id":"48195"},{"arcs":[[-1028,-74,1105,-943,1106,1107]],"type":"Polygon","properties":{"name":"Jasper"},"id":"19099"},{"arcs":[[1108,1109,1110,1111,1112]],"type":"Polygon","properties":{"name":"Franklin"},"id":"20059"},{"arcs":[[1113,-947,-1040,1114,1115]],"type":"Polygon","properties":{"name":"Monroe"},"id":"19135"},{"arcs":[[1116,1117,1118,1119]],"type":"Polygon","properties":{"name":"Oliver"},"id":"38065"},{"arcs":[[1120,1121,1122,1123,1124]],"type":"Polygon","properties":{"name":"Shelby"},"id":"19165"},{"arcs":[[1125,1126,-967,1127,1128]],"type":"Polygon","properties":{"name":"Miner"},"id":"46097"},{"arcs":[[1129,1130,1131]],"type":"Polygon","properties":{"name":"Bristol"},"id":"44001"},{"arcs":[[1132,1133,1134,1135,1136,1137]],"type":"Polygon","properties":{"name":"Columbia"},"id":"42037"},{"arcs":[[1138,1139,1140,1141,1142]],"type":"Polygon","properties":{"name":"Lewis"},"id":"47101"},{"arcs":[[1143,1144,-461,1145,1146]],"type":"Polygon","properties":{"name":"Lyon"},"id":"27083"},{"arcs":[[1147,1148,1149,-385,1150,1151]],"type":"Polygon","properties":{"name":"Antelope"},"id":"31003"},{"arcs":[[1152,1153,1154,1155,1156,1157,1158]],"type":"Polygon","properties":{"name":"Johnson"},"id":"48251"},{"arcs":[[1159,1160,-1157,1161,1162,1163,-594]],"type":"Polygon","properties":{"name":"Bosque"},"id":"48035"},{"arcs":[[1164,1165,1166,1167,1168,1169,1170,-987]],"type":"Polygon","properties":{"name":"Price"},"id":"55099"},{"arcs":[[1171,1172,1173,1174,1175,-904]],"type":"Polygon","properties":{"name":"Knox"},"id":"29103"},{"arcs":[[-767,1176,1177,1178,-381]],"type":"Polygon","properties":{"name":"Maries"},"id":"29125"},{"arcs":[[1179,1180,1181,1182]],"type":"Polygon","properties":{"name":"Crawford"},"id":"26039"},{"arcs":[[1183,1184,1185,1186,1187,1188]],"type":"Polygon","properties":{"name":"Waseca"},"id":"27161"},{"arcs":[[1189,1190,1191,-378,-898]],"type":"Polygon","properties":{"name":"Moniteau"},"id":"29135"},{"arcs":[[1192,1193,1194,1195,-1137,1196,1197,1198]],"type":"Polygon","properties":{"name":"Northumberland"},"id":"42097"},{"arcs":[[1199,1200,1201,-386,-1150]],"type":"Polygon","properties":{"name":"Madison"},"id":"31119"},{"arcs":[[1202,1203,1204,1205,1206,1207]],"type":"Polygon","properties":{"name":"Morrill"},"id":"31123"},{"arcs":[[1208,1209,1210,1211,1212,1213]],"type":"Polygon","properties":{"name":"Washtenaw"},"id":"26161"},{"arcs":[[-1202,1214,1215,-908,-261,-653,1216,-387]],"type":"Polygon","properties":{"name":"Platte"},"id":"31141"},{"arcs":[[1217,1218,1219,1220,1221]],"type":"Polygon","properties":{"name":"Coos"},"id":"33007"},{"arcs":[[1222,1223,1224,1225,1226,1227,1228]],"type":"Polygon","properties":{"name":"Potter"},"id":"42105"},{"arcs":[[1229,1230,1231,1232,1233,1234]],"type":"Polygon","properties":{"name":"Henry"},"id":"39069"},{"arcs":[[1235,1236,-557,1237,1238]],"type":"Polygon","properties":{"name":"Isabella"},"id":"26073"},{"arcs":[[1239,1240,1241,1242,1243,1244]],"type":"Polygon","properties":{"name":"Craighead"},"id":"05031"},{"arcs":[[1245,1246,1247,-1222,1248,1249,1250,1251,1252]],"type":"Polygon","properties":{"name":"Grafton"},"id":"33009"},{"arcs":[[[1253,1254,-782,1255]],[[1256]],[[1257]],[[1258]],[[1259]],[[1260]]],"type":"MultiPolygon","properties":{"name":"Wrangell"},"id":"02275"},{"arcs":[[1261,1262]],"type":"Polygon","properties":{"name":"Fredericksburg"},"id":"51630"},{"arcs":[[1263,1264,1265,1266,1267]],"type":"Polygon","properties":{"name":"Cabarrus"},"id":"37025"},{"arcs":[[1268,1269,1270,1271,1272,-735]],"type":"Polygon","properties":{"name":"LaMoure"},"id":"38045"},{"arcs":[[1273,1274,1275,1276,1277,1278,1279]],"type":"Polygon","properties":{"name":"Pierce"},"id":"38069"},{"arcs":[[1280,1281,1282,1283,1284,1285]],"type":"Polygon","properties":{"name":"Grant"},"id":"05053"},{"arcs":[[1286,1287,1288,1289,1290,1291,1292,1293]],"type":"Polygon","properties":{"name":"Lincoln"},"id":"56023"},{"arcs":[[-988,-1171,1294,1295,1296,1297]],"type":"Polygon","properties":{"name":"Taylor"},"id":"55119"},{"arcs":[[1298,1299,1300,1301,1302]],"type":"Polygon","properties":{"name":"Fluvanna"},"id":"51065"},{"arcs":[[1303,1304,-211,1305,1306,-529]],"type":"Polygon","properties":{"name":"Wheeler"},"id":"41069"},{"arcs":[[1307,1308,1309,1310,1311]],"type":"Polygon","properties":{"name":"Sweet Grass"},"id":"30097"},{"arcs":[[1312,-1146,-466,1313,-325]],"type":"Polygon","properties":{"name":"Pipestone"},"id":"27117"},{"arcs":[[-1314,-465,-643,1314,1315]],"type":"Polygon","properties":{"name":"Rock"},"id":"27133"},{"arcs":[[1316,1317]],"type":"Polygon","properties":{"name":"Cook"},"id":"27031"},{"arcs":[[1318,-696,1319,1320,-1186]],"type":"Polygon","properties":{"name":"Steele"},"id":"27147"},{"arcs":[[1321,1322,1323,1324,1325,1326]],"type":"Polygon","properties":{"name":"Crawford"},"id":"29055"},{"arcs":[[1327,1328,1329,-524,1330,1331]],"type":"Polygon","properties":{"name":"Dade"},"id":"29057"},{"arcs":[[-1050,1332,1333,1334,1335,-800]],"type":"Polygon","properties":{"name":"Cass"},"id":"17017"},{"arcs":[[-356,1336,-542,1337,1338,1339]],"type":"Polygon","properties":{"name":"Floyd"},"id":"13115"},{"arcs":[[1340,1341,1342,1343,1344,1345]],"type":"Polygon","properties":{"name":"Ford"},"id":"20057"},{"arcs":[[1346,1347,1348,-930,1349]],"type":"Polygon","properties":{"name":"Rockdale"},"id":"13247"},{"arcs":[[1350,1351,1352,1353,1354]],"type":"Polygon","properties":{"name":"Lincoln"},"id":"16063"},{"arcs":[[1355,1356,1357,1358,-748]],"type":"Polygon","properties":{"name":"Hooker"},"id":"31091"},{"arcs":[[-450,1359,1360,1361]],"type":"Polygon","properties":{"name":"Dallam"},"id":"48111"},{"arcs":[[1362,1363,1364,1365,1366]],"type":"Polygon","properties":{"name":"Wyoming"},"id":"42131"},{"arcs":[[1367,1368,1369,1370,1371,-632]],"type":"Polygon","properties":{"name":"Wallace"},"id":"20199"},{"arcs":[[-83,1372,1373,1374,1375]],"type":"Polygon","properties":{"name":"Bourbon"},"id":"20011"},{"arcs":[[-595,-1164,1376,1377,1378]],"type":"Polygon","properties":{"name":"Coryell"},"id":"48099"},{"arcs":[[-546,1379,1380,1381,1382]],"type":"Polygon","properties":{"name":"Moultrie"},"id":"17139"},{"arcs":[[-79,1383,-1112,1384,1385,1386]],"type":"Polygon","properties":{"name":"Coffey"},"id":"20031"},{"arcs":[[1387,1388,1389,1390,1391]],"type":"Polygon","properties":{"name":"Johnson"},"id":"21115"},{"arcs":[[-545,1392,1393,1394,-1380]],"type":"Polygon","properties":{"name":"Douglas"},"id":"17041"},{"arcs":[[1395,1396,1397,1398,1399]],"type":"Polygon","properties":{"name":"Worth"},"id":"19195"},{"arcs":[[-84,-1376,1400,1401,1402,1403]],"type":"Polygon","properties":{"name":"Neosho"},"id":"20133"},{"arcs":[[-1370,1404,1405,1406,-367,1407]],"type":"Polygon","properties":{"name":"Wichita"},"id":"20203"},{"arcs":[[1408,1409,1410,1411,1412]],"type":"Polygon","properties":{"name":"Kalamazoo"},"id":"26077"},{"arcs":[[1413,1414,1415,1416,1417,1418]],"type":"Polygon","properties":{"name":"Menifee"},"id":"21165"},{"arcs":[[1419,1420,1421,1422,1423]],"type":"Polygon","properties":{"name":"Lake"},"id":"26085"},{"arcs":[[1424,1425,-1419,1426,1427]],"type":"Polygon","properties":{"name":"Montgomery"},"id":"21173"},{"arcs":[[1428,1429,1430,1431,1432,-481]],"type":"Polygon","properties":{"name":"Grant"},"id":"46051"},{"arcs":[[1433,-1238,-562,1434,1435,1436]],"type":"Polygon","properties":{"name":"Montcalm"},"id":"26117"},{"arcs":[[1437,1438,1439,1440]],"type":"Polygon","properties":{"name":"Oceana"},"id":"26127"},{"arcs":[[1441,1442,1443,1444,1445]],"type":"Polygon","properties":{"name":"Grant"},"id":"27051"},{"arcs":[[1446,1447,1448,1449,1450]],"type":"Polygon","properties":{"name":"Effingham"},"id":"17049"},{"arcs":[[-56,1451,1452,1453,1454,1455]],"type":"Polygon","properties":{"name":"Hamilton"},"id":"17065"},{"arcs":[[1456,1457,1458,1459,1460,1461]],"type":"Polygon","properties":{"name":"York"},"id":"23031"},{"arcs":[[1462,1463,1464,1465,1466,1467]],"type":"Polygon","properties":{"name":"Noble"},"id":"40103"},{"arcs":[[1468,1469,1470,-478,1471,1472,1473,1474]],"type":"Polygon","properties":{"name":"Brown"},"id":"46013"},{"arcs":[[1475,1476,1477,1478,1479,-207]],"type":"Polygon","properties":{"name":"Baker"},"id":"41001"},{"arcs":[[1480,1481,1482,1483,1484,1485]],"type":"Polygon","properties":{"name":"Beadle"},"id":"46005"},{"arcs":[[1486,1487,1488,-324,1489,1490]],"type":"Polygon","properties":{"name":"Brookings"},"id":"46011"},{"arcs":[[-483,1491,1492,1493,-1482,1494]],"type":"Polygon","properties":{"name":"Clark"},"id":"46025"},{"arcs":[[1495,1496,-1364,1497,1498,1499,1500]],"type":"Polygon","properties":{"name":"Bradford"},"id":"42015"},{"arcs":[[-1472,-484,-1495,-1481,1501,1502]],"type":"Polygon","properties":{"name":"Spink"},"id":"46115"},{"arcs":[[1503,1504,1505,-1058,1506]],"type":"Polygon","properties":{"name":"Bailey"},"id":"48017"},{"arcs":[[[1507,1508,-927,1509]],[[1510,1511,1512,1513]],[[1514,1515]],[[1516]],[[1517,1518,1519,1520]],[[1521]],[[1522]],[[1523]],[[1524,1525]]],"type":"MultiPolygon","properties":{"name":"Hoonah-Angoon"},"id":"02105"},{"arcs":[[1526,1527,1528,1529,1530]],"type":"Polygon","properties":{"name":"Baylor"},"id":"48023"},{"arcs":[[1531,1532,-1487,1533,-1493]],"type":"Polygon","properties":{"name":"Hamlin"},"id":"46057"},{"arcs":[[-1494,-1534,-1491,1534,-1126,1535,-1483]],"type":"Polygon","properties":{"name":"Kingsbury"},"id":"46077"},{"arcs":[[1536,1537,1538,1539,1540]],"type":"Polygon","properties":{"name":"Chattahoochee"},"id":"13053"},{"arcs":[[1541,1542,1543,1544,1545]],"type":"Polygon","properties":{"name":"Schleicher"},"id":"48413"},{"arcs":[[-189,1546,1547,1548,-950]],"type":"Polygon","properties":{"name":"Watonwan"},"id":"27165"},{"arcs":[[1549,-858,1550,1551,1552]],"type":"Polygon","properties":{"name":"Stephens"},"id":"48429"},{"arcs":[[1553,1554,1555,-1504,1556]],"type":"Polygon","properties":{"name":"Curry"},"id":"35009"},{"arcs":[[1557,1558,1559,-613,1560,1561]],"type":"Polygon","properties":{"name":"Swisher"},"id":"48437"},{"arcs":[[1562,1563,1564,1565,1566,1567,1568]],"type":"Polygon","properties":{"name":"Lewis and Clark"},"id":"30049"},{"arcs":[[1569,1570,1571,1572,-1506]],"type":"Polygon","properties":{"name":"Lamb"},"id":"48279"},{"arcs":[[1573,1574,1575,1576,1577]],"type":"Polygon","properties":{"name":"Deuel"},"id":"31049"},{"arcs":[[1578,1579,1580,1581]],"type":"Polygon","properties":{"name":"Glascock"},"id":"13125"},{"arcs":[[1582,1583,1584,1585]],"type":"Polygon","properties":{"name":"Heard"},"id":"13149"},{"arcs":[[[1586]],[[1587]],[[1588]],[[1589]],[[1590]],[[1591]],[[1592]],[[1593]],[[1594]],[[1595]],[[1596]],[[1597]],[[1598]],[[1599]],[[1600]],[[1601]],[[1602]],[[1603]],[[1604]],[[1605]],[[1606]],[[1607]],[[1608]],[[1609]],[[1610]],[[1611]],[[1612]],[[1613]],[[1614]],[[1615]],[[1616]],[[1617]],[[1618]],[[1619]],[[1620]],[[1621]],[[1622]],[[1623]],[[1624]],[[1625]],[[1626]],[[1627]],[[1628]]],"type":"MultiPolygon","properties":{"name":"Aleutians West"},"id":"02016"},{"arcs":[[[1629,1630,1631,1632,-48,1633,1634,1635,1636]],[[1637]],[[1638]],[[1639]]],"type":"MultiPolygon","properties":{"name":"Bethel"},"id":"02050"},{"arcs":[[1640,1641,1642,1643,1644]],"type":"Polygon","properties":{"name":"St. Francis"},"id":"05123"},{"arcs":[[1645,1646,1647,-1642,1648]],"type":"Polygon","properties":{"name":"Cross"},"id":"05037"},{"arcs":[[1649,1650,-985,1651,1652,1653]],"type":"Polygon","properties":{"name":"Wood"},"id":"55141"},{"arcs":[[1654,-363,1655,1656,1657,1658,1659,1660]],"type":"Polygon","properties":{"name":"Darke"},"id":"39037"},{"arcs":[[1661,1662,1663,1664,1665]],"type":"Polygon","properties":{"name":"Morgan"},"id":"39115"},{"arcs":[[1666,1667,1668,-738,1669]],"type":"Polygon","properties":{"name":"Buffalo"},"id":"46017"},{"arcs":[[1670,1671,1672,1673,1674,1675]],"type":"Polygon","properties":{"name":"Grundy"},"id":"29079"},{"arcs":[[-116,1676,1677,1678,1679,1680,1681]],"type":"Polygon","properties":{"name":"Brown"},"id":"48049"},{"arcs":[[-1278,1682,1683,-573,1684,1685,1686]],"type":"Polygon","properties":{"name":"Wells"},"id":"38103"},{"arcs":[[1687,-750,1688,1689,-1574,1690,-1205]],"type":"Polygon","properties":{"name":"Garden"},"id":"31069"},{"arcs":[[1691,1692,1693,1694,1695,1696]],"type":"Polygon","properties":{"name":"Pike"},"id":"01109"},{"arcs":[[1697,1698,1699,1700,1701,1702]],"type":"Polygon","properties":{"name":"Hall"},"id":"48191"},{"arcs":[[1703,-1279,-1687,1704,1705,1706]],"type":"Polygon","properties":{"name":"Sheridan"},"id":"38083"},{"arcs":[[-1705,-1686,1707,-733,1708,1709]],"type":"Polygon","properties":{"name":"Kidder"},"id":"38043"},{"arcs":[[1710,1711]],"type":"Polygon","properties":{"name":"Bristol"},"id":"51520"},{"arcs":[[1712,1713,1714,1715,1716,1717,1718,1719]],"type":"Polygon","properties":{"name":"Texas"},"id":"29215"},{"arcs":[[1720]],"type":"Polygon","properties":{"name":"Fairfax"},"id":"51600"},{"arcs":[[1721,1722]],"type":"Polygon","properties":{"name":"Galax"},"id":"51640"},{"arcs":[[1723,1724,1725,1726,1727]],"type":"Polygon","properties":{"name":"Brown"},"id":"20013"},{"arcs":[[1728]],"type":"Polygon","properties":{"name":"Lexington"},"id":"51678"},{"arcs":[[1729,1730,1731,1732,1733,-1087,1734]],"type":"Polygon","properties":{"name":"Jasper"},"id":"18073"},{"arcs":[[1735,1736,1737,1738,1739]],"type":"Polygon","properties":{"name":"Johnson"},"id":"17087"},{"arcs":[[1740,1741,1742,1743,-1031,1744,1745]],"type":"Polygon","properties":{"name":"Bureau"},"id":"17011"},{"arcs":[[-681,1746,1747,-294]],"type":"Polygon","properties":{"name":"Buena Vista"},"id":"19021"},{"arcs":[[1748,-1371,-1408,-366,1749,1750]],"type":"Polygon","properties":{"name":"Greeley"},"id":"20071"},{"arcs":[[1751,1752,1753,1754,1755,1756]],"type":"Polygon","properties":{"name":"Creek"},"id":"40037"},{"arcs":[[1757,1758,1759,1760,1761]],"type":"Polygon","properties":{"name":"King"},"id":"48269"},{"arcs":[[1762,-382,-1179,1763,-1714,1764]],"type":"Polygon","properties":{"name":"Pulaski"},"id":"29169"},{"arcs":[[1765,-678,1766,1767]],"type":"Polygon","properties":{"name":"Mineral"},"id":"08079"},{"arcs":[[1768,1769,1770,1771,1772,1773]],"type":"Polygon","properties":{"name":"Houston"},"id":"01069"},{"arcs":[[1774,1775,-814,1776,1777]],"type":"Polygon","properties":{"name":"Delaware"},"id":"19055"},{"arcs":[[1778,1779,1780,1781]],"type":"Polygon","properties":{"name":"Madison"},"id":"16065"},{"arcs":[[1782,1783,1784,-1047,1785]],"type":"Polygon","properties":{"name":"McDonough"},"id":"17109"},{"arcs":[[1786,1787,1788,-1066,1789,-109]],"type":"Polygon","properties":{"name":"McPherson"},"id":"20113"},{"arcs":[[1790,1791,1792,1793,-628,1794,1795]],"type":"Polygon","properties":{"name":"Washington"},"id":"08121"},{"arcs":[[-581,1796,-1026,1797,1798]],"type":"Polygon","properties":{"name":"Hamilton"},"id":"19079"},{"arcs":[[1799,1800,1801,1802,-54,1803]],"type":"Polygon","properties":{"name":"Marion"},"id":"17121"},{"arcs":[[1804,1805,-212,-219]],"type":"Polygon","properties":{"name":"McMullen"},"id":"48311"},{"arcs":[[1806,-286,1807,-1334]],"type":"Polygon","properties":{"name":"Menard"},"id":"17129"},{"arcs":[[1808,1809,-76,-742,1810,1811]],"type":"Polygon","properties":{"name":"Morris"},"id":"20127"},{"arcs":[[1812,1813,1814,1815,1816,1817]],"type":"Polygon","properties":{"name":"Thomas"},"id":"20193"},{"arcs":[[1818,1819,1820,1821,-1038]],"type":"Polygon","properties":{"name":"Jefferson"},"id":"19101"},{"arcs":[[1822,1823,1824,1825,1826,1827]],"type":"Polygon","properties":{"name":"Clay"},"id":"13061"},{"arcs":[[1828,-1745,-1036,1829,1830]],"type":"Polygon","properties":{"name":"Stark"},"id":"17175"},{"arcs":[[1831,1832,1833,-944,-1106]],"type":"Polygon","properties":{"name":"Poweshiek"},"id":"19157"},{"arcs":[[1834,1835,1836,1837,1838,-629,-1794]],"type":"Polygon","properties":{"name":"Yuma"},"id":"08125"},{"arcs":[[1839,1840,1841,1842,1843,1844]],"type":"Polygon","properties":{"name":"Montrose"},"id":"08085"},{"arcs":[[1845,1846,1847,1848,-1657]],"type":"Polygon","properties":{"name":"Shelby"},"id":"39149"},{"arcs":[[1849,1850,1851,1852,-486]],"type":"Polygon","properties":{"name":"Terry"},"id":"48445"},{"arcs":[[1853,1854,1855,1856,-1543,1857,-843]],"type":"Polygon","properties":{"name":"Tom Green"},"id":"48451"},{"arcs":[[-650,1858,1859,1860,1861,1862,1863]],"type":"Polygon","properties":{"name":"Van Wert"},"id":"39161"},{"arcs":[[1864,1865,1866,1867,1868]],"type":"Polygon","properties":{"name":"Lamar"},"id":"13171"},{"arcs":[[1869,1870,-835,1871,1872,-575]],"type":"Polygon","properties":{"name":"Crawford"},"id":"39033"},{"arcs":[[1873,-965,1874,1875,1876,1877]],"type":"Polygon","properties":{"name":"Guernsey"},"id":"39059"},{"arcs":[[1878,1879,1880,1881,-847]],"type":"Polygon","properties":{"name":"Wheeler"},"id":"48483"},{"arcs":[[1882,1883,1884,-722,1885]],"type":"Polygon","properties":{"name":"Wilson"},"id":"48493"},{"arcs":[[1886,1887,1888,1889]],"type":"Polygon","properties":{"name":"Zavala"},"id":"48507"},{"arcs":[[1890,1891,1892,-1559,1893]],"type":"Polygon","properties":{"name":"Armstrong"},"id":"48011"},{"arcs":[[1894,1895,1896,1897,1898]],"type":"Polygon","properties":{"name":"Geauga"},"id":"39055"},{"arcs":[[1899,1900,1901,1902,1903,1904]],"type":"Polygon","properties":{"name":"Dewey"},"id":"40043"},{"arcs":[[1905,1906,1907,1908,1909]],"type":"Polygon","properties":{"name":"Navarro"},"id":"48349"},{"arcs":[[1910,-720,1911,1912,1913,-213,-1806]],"type":"Polygon","properties":{"name":"Live Oak"},"id":"48297"},{"arcs":[[1914,1915,1916,1917,1918]],"type":"Polygon","properties":{"name":"Cavalier"},"id":"38019"},{"arcs":[[1919,1920,1921,1922,1923,-62]],"type":"Polygon","properties":{"name":"Wabash"},"id":"18169"},{"arcs":[[1924,-1727,1925,1926,1927,1928]],"type":"Polygon","properties":{"name":"Jackson"},"id":"20085"},{"arcs":[[1929,1930,1931,1932,1933,1934]],"type":"Polygon","properties":{"name":"Southeast Fairbanks"},"id":"02240"},{"arcs":[[1935,1936,-1630,1937]],"type":"Polygon","properties":{"name":"Kusilvak"},"id":"02158"},{"arcs":[[1938,-818,1939,1940,-752,-1008]],"type":"Polygon","properties":{"name":"Cedar"},"id":"19031"},{"arcs":[[-1821,1941,1942,1943,1944,1945]],"type":"Polygon","properties":{"name":"Henry"},"id":"19087"},{"arcs":[[1946,-1798,-1030,1947,1948,1949]],"type":"Polygon","properties":{"name":"Boone"},"id":"19015"},{"arcs":[[1950,1951,1952,1953,1954]],"type":"Polygon","properties":{"name":"Tipton"},"id":"18159"},{"arcs":[[1955,1956,1957,1958,1959,-603,1960,1961]],"type":"Polygon","properties":{"name":"Summit"},"id":"49043"},{"arcs":[[-235,1962,1963,1964]],"type":"Polygon","properties":{"name":"Nevada"},"id":"06057"},{"arcs":[[-336,1965,1966,1967,1968,1969,1970]],"type":"Polygon","properties":{"name":"Shawano"},"id":"55115"},{"arcs":[[1971,1972,1973,1974]],"type":"Polygon","properties":{"name":"Lane"},"id":"20101"},{"arcs":[[1975,1976,1977,1978]],"type":"Polygon","properties":{"name":"Mahnomen"},"id":"27087"},{"arcs":[[1979,1980,1981,1982,1983,1984]],"type":"Polygon","properties":{"name":"Grady"},"id":"40051"},{"arcs":[[1985,1986,-790,1987,1988]],"type":"Polygon","properties":{"name":"Franklin"},"id":"05047"},{"arcs":[[1989,1990,1991,1992]],"type":"Polygon","properties":{"name":"Rains"},"id":"48379"},{"arcs":[[1993,1994,1995,1996,1997,1998,1999]],"type":"Polygon","properties":{"name":"Cortland"},"id":"36023"},{"arcs":[[2000,2001,2002,2003,2004,2005,2006,2007]],"type":"Polygon","properties":{"name":"St. John the Baptist"},"id":"22095"},{"arcs":[[2008,2009,2010,2011]],"type":"Polygon","properties":{"name":"Schenectady"},"id":"36093"},{"arcs":[[2012,2013,2014,2015,2016,2017]],"type":"Polygon","properties":{"name":"Atoka"},"id":"40005"},{"arcs":[[2018,2019,2020,2021,2022,2023]],"type":"Polygon","properties":{"name":"Lee"},"id":"48287"},{"arcs":[[2024,2025,2026,2027,2028,2029]],"type":"Polygon","properties":{"name":"Polk"},"id":"48373"},{"arcs":[[2030,-230,2031,2032,2033,-2015]],"type":"Polygon","properties":{"name":"Pushmataha"},"id":"40127"},{"arcs":[[2034,2035,2036,2037,-1931,2038,2039,2040,-1631,-1937]],"type":"Polygon","properties":{"name":"Yukon-Koyukuk"},"id":"02290"},{"arcs":[[2041,2042,2043,2044,2045,2046,-699]],"type":"Polygon","properties":{"name":"Pickens"},"id":"01107"},{"arcs":[[2047,2048,2049,2050,2051,2052,2053,2054]],"type":"Polygon","properties":{"name":"Pulaski"},"id":"51155"},{"arcs":[[2055,2056,2057,2058,2059]],"type":"Polygon","properties":{"name":"Leake"},"id":"28079"},{"arcs":[[2060,2061,2062,2063,2064,2065]],"type":"Polygon","properties":{"name":"Caldwell"},"id":"29025"},{"arcs":[[2066,-2050]],"type":"Polygon","properties":{"name":"Radford"},"id":"51750"},{"arcs":[[2067,2068,-1728,-1925,2069,2070]],"type":"Polygon","properties":{"name":"Nemaha"},"id":"20131"},{"arcs":[[2071,2072,-1975,2073,2074,-1406]],"type":"Polygon","properties":{"name":"Scott"},"id":"20171"},{"arcs":[[2075,2076,2077,2078,2079,-1976,2080,2081,2082]],"type":"Polygon","properties":{"name":"Polk"},"id":"27119"},{"arcs":[[2083,2084,2085,2086,2087]],"type":"Polygon","properties":{"name":"Roseau"},"id":"27135"},{"arcs":[[[2088,2089,2090]],[[2091,2092,2093,2094,2095,2096,2097]]],"type":"MultiPolygon","properties":{"name":"Macon"},"id":"13193"},{"arcs":[[2098,2099,2100,2101,2102,2103,2104,2105]],"type":"Polygon","properties":{"name":"Concordia"},"id":"22029"},{"arcs":[[2106,2107,2108,2109,2110,2111,2112,2113,2114]],"type":"Polygon","properties":{"name":"James City"},"id":"51095"},{"arcs":[[2115,2116,2117,2118]],"type":"Polygon","properties":{"name":"Perquimans"},"id":"37143"},{"arcs":[[2119,2120,-1719,2121,2122,2123,2124]],"type":"Polygon","properties":{"name":"Douglas"},"id":"29067"},{"arcs":[[-1852,2125,2126,2127,2128]],"type":"Polygon","properties":{"name":"Dawson"},"id":"48115"},{"arcs":[[2129,2130,2131,-1791,2132,2133,2134]],"type":"Polygon","properties":{"name":"Adams"},"id":"08001"},{"arcs":[[2135,2136,2137,2138,2139,-1902]],"type":"Polygon","properties":{"name":"Blaine"},"id":"40011"},{"arcs":[[2140,2141,2142,2143,2144,-2127]],"type":"Polygon","properties":{"name":"Borden"},"id":"48033"},{"arcs":[[2145,-2139,2146,-1985,2147,2148,-104]],"type":"Polygon","properties":{"name":"Caddo"},"id":"40015"},{"arcs":[[-590,2149,-2141,-2126,-1851]],"type":"Polygon","properties":{"name":"Lynn"},"id":"48305"},{"arcs":[[-1325,2150,2151,2152,-1716,2153]],"type":"Polygon","properties":{"name":"Dent"},"id":"29065"},{"arcs":[[2154,2155,2156,2157,-1544]],"type":"Polygon","properties":{"name":"Menard"},"id":"48327"},{"arcs":[[2158,-2133,-1796,2159,2160,2161,2162]],"type":"Polygon","properties":{"name":"Arapahoe"},"id":"08005"},{"arcs":[[2163,2164,2165,2166]],"type":"Polygon","properties":{"name":"Gilpin"},"id":"08047"},{"arcs":[[2167,-2160,-1795,-634,2168,2169,2170,2171,2172]],"type":"Polygon","properties":{"name":"Lincoln"},"id":"08073"},{"arcs":[[2173,-118,2174,2175,2176]],"type":"Polygon","properties":{"name":"Taylor"},"id":"48441"},{"arcs":[[2177,2178,2179,-2142,-2150]],"type":"Polygon","properties":{"name":"Garza"},"id":"48169"},{"arcs":[[-1004,2180,-1553,2181,-114,2182]],"type":"Polygon","properties":{"name":"Shackelford"},"id":"48417"},{"arcs":[[-1761,-1006,2183,2184,2185]],"type":"Polygon","properties":{"name":"Stonewall"},"id":"48433"},{"arcs":[[2186,2187,-723,2188,2189,2190]],"type":"Polygon","properties":{"name":"Ector"},"id":"48135"},{"arcs":[[-1858,-1542,2191,-844]],"type":"Polygon","properties":{"name":"Irion"},"id":"48235"},{"arcs":[[-1378,2192,-460,2193,2194,2195,2196]],"type":"Polygon","properties":{"name":"Bell"},"id":"48027"},{"arcs":[[2197,2198,2199,2200,2201,2202,2203]],"type":"Polygon","properties":{"name":"Lincoln"},"id":"53043"},{"arcs":[[2204,2205,2206,-538,2207]],"type":"Polygon","properties":{"name":"Whitfield"},"id":"13313"},{"arcs":[[2208,-701,2209,-246,2210]],"type":"Polygon","properties":{"name":"Kemper"},"id":"28069"},{"arcs":[[2211,2212,2213,2214,2215]],"type":"Polygon","properties":{"name":"Washington"},"id":"50023"},{"arcs":[[2216,2217,2218,2219,2220]],"type":"Polygon","properties":{"name":"San Augustine"},"id":"48405"},{"arcs":[[2221,2222,2223]],"type":"Polygon","properties":{"name":"Arroyo"},"id":"72015"},{"arcs":[[2224,2225,2226,-756,2227,-1411]],"type":"Polygon","properties":{"name":"Calhoun"},"id":"26025"},{"arcs":[[2228,2229,2230,2231,2232,2233,-765]],"type":"Polygon","properties":{"name":"Montgomery"},"id":"29139"},{"arcs":[[2234,2235]],"type":"Polygon","properties":{"name":"Kalawao"},"id":"15005"},{"arcs":[[[-2235,2236]],[[2237]],[[2238]],[[2239]]],"type":"MultiPolygon","properties":{"name":"Maui"},"id":"15009"},{"arcs":[[2240,2241,2242,2243,2244,2245,-821,2246]],"type":"Polygon","properties":{"name":"Cass"},"id":"27021"},{"arcs":[[2247,2248,2249,2250,-609,2251,2252]],"type":"Polygon","properties":{"name":"Stark"},"id":"38089"},{"arcs":[[2253,-111,2254,2255,2256,2257]],"type":"Polygon","properties":{"name":"Barton"},"id":"20009"},{"arcs":[[2258,-2257,2259,2260,2261,2262]],"type":"Polygon","properties":{"name":"Pawnee"},"id":"20145"},{"arcs":[[-110,-1790,-1065,2263,-2255]],"type":"Polygon","properties":{"name":"Rice"},"id":"20159"},{"arcs":[[2264,2265,-1304,-528,2266]],"type":"Polygon","properties":{"name":"Gilliam"},"id":"41021"},{"arcs":[[2267,2268,2269,2270,2271,2272]],"type":"Polygon","properties":{"name":"Gladwin"},"id":"26051"},{"arcs":[[-2037,2273,2274]],"type":"Polygon","properties":{"name":"North Slope"},"id":"02185"},{"arcs":[[2275,-64,2276,2277,2278,2279]],"type":"Polygon","properties":{"name":"Cass"},"id":"18017"},{"arcs":[[2280,2281,2282,-1784,2283]],"type":"Polygon","properties":{"name":"Warren"},"id":"17187"},{"arcs":[[2284,2285,2286,2287,2288]],"type":"Polygon","properties":{"name":"Bibb"},"id":"13021"},{"arcs":[[2289,2290,2291,2292,2293]],"type":"Polygon","properties":{"name":"Montmorency"},"id":"26119"},{"arcs":[[2294,2295,2296,-2269,2297]],"type":"Polygon","properties":{"name":"Ogemaw"},"id":"26129"},{"arcs":[[2298,2299,2300,2301,2302,-689]],"type":"Polygon","properties":{"name":"Ellis"},"id":"20051"},{"arcs":[[-1449,2303,2304,2305,2306,2307]],"type":"Polygon","properties":{"name":"Jasper"},"id":"17079"},{"arcs":[[2308,2309,2310,2311,2312,2313,2314]],"type":"Polygon","properties":{"name":"Yauco"},"id":"72153"},{"arcs":[[2315,-2315,2316,2317,2318]],"type":"Polygon","properties":{"name":"Sabana Grande"},"id":"72121"},{"arcs":[[2319,2320,2321,2322,2323,2324]],"type":"Polygon","properties":{"name":"Nevada"},"id":"05099"},{"arcs":[[2325,-2261,2326,2327,2328,-1342]],"type":"Polygon","properties":{"name":"Edwards"},"id":"20047"},{"arcs":[[2329,2330,2331,2332,2333,-560]],"type":"Polygon","properties":{"name":"Shiawassee"},"id":"26155"},{"arcs":[[2334,2335,2336,-420,2337,2338]],"type":"Polygon","properties":{"name":"Perry"},"id":"28111"},{"arcs":[[2339,-1720,-2121,2340]],"type":"Polygon","properties":{"name":"Wright"},"id":"29229"},{"arcs":[[2341,2342,-1666,2343,2344,2345]],"type":"Polygon","properties":{"name":"Perry"},"id":"39127"},{"arcs":[[2346,2347,2348,2349]],"type":"Polygon","properties":{"name":"Grant"},"id":"20067"},{"arcs":[[2350,2351,2352,2353]],"type":"Polygon","properties":{"name":"Trousdale"},"id":"47169"},{"arcs":[[-2182,-1552,2354,2355,2356,-1677,-115]],"type":"Polygon","properties":{"name":"Eastland"},"id":"48133"},{"arcs":[[-1043,2357,2358,2359,2360]],"type":"Polygon","properties":{"name":"Meigs"},"id":"47121"},{"arcs":[[2361,2362,2363,2364,2365]],"type":"Polygon","properties":{"name":"Robertson"},"id":"21201"},{"arcs":[[2366,2367,2368,2369]],"type":"Polygon","properties":{"name":"Haralson"},"id":"13143"},{"arcs":[[-1344,2370,2371,-23,2372,2373]],"type":"Polygon","properties":{"name":"Clark"},"id":"20025"},{"arcs":[[[2374]],[[2375]],[[2376]],[[2377]],[[2378,2379,2380,2381,2382,2383]]],"type":"MultiPolygon","properties":{"name":"Hancock"},"id":"23009"},{"arcs":[[2384,2385,2386,2387,2388,-878]],"type":"Polygon","properties":{"name":"Ravalli"},"id":"30081"},{"arcs":[[-958,2389,2390,2391,2392,2393]],"type":"Polygon","properties":{"name":"Lancaster"},"id":"31109"},{"arcs":[[2394,2395,2396,2397,-1555,2398]],"type":"Polygon","properties":{"name":"Deaf Smith"},"id":"48117"},{"arcs":[[2399,2400,2401,2402,2403]],"type":"Polygon","properties":{"name":"Manitowoc"},"id":"55071"},{"arcs":[[2404,2405,2406,2407,2408,2409,2410]],"type":"Polygon","properties":{"name":"DeKalb"},"id":"17037"},{"arcs":[[2411,2412,2413,2414,2415,2416]],"type":"Polygon","properties":{"name":"Smith"},"id":"28129"},{"arcs":[[2417,2418,2419,2420,2421,-2399,-1554,2422,-468,2423]],"type":"Polygon","properties":{"name":"Quay"},"id":"35037"},{"arcs":[[2424,2425,-1950,2426,2427,2428]],"type":"Polygon","properties":{"name":"Greene"},"id":"19073"},{"arcs":[[-620,-1077,2429,2430,-30]],"type":"Polygon","properties":{"name":"Franklin"},"id":"31061"},{"arcs":[[2431,2432,-493,2433,2434,2435,2436]],"type":"Polygon","properties":{"name":"Harrison"},"id":"54033"},{"arcs":[[-2435,2437,2438,-129,2439]],"type":"Polygon","properties":{"name":"Upshur"},"id":"54097"},{"arcs":[[2440,-2066,2441,2442,2443,2444]],"type":"Polygon","properties":{"name":"Clinton"},"id":"29049"},{"arcs":[[2445,2446,2447,2448,2449]],"type":"Polygon","properties":{"name":"Camuy"},"id":"72027"},{"arcs":[[2450,2451,2452,2453,2454,2455,2456]],"type":"Polygon","properties":{"name":"Ciales"},"id":"72039"},{"arcs":[[2457]],"type":"Polygon","properties":{"name":"Culebra"},"id":"72049"},{"arcs":[[-1244,2458,2459,-1647,2460]],"type":"Polygon","properties":{"name":"Poinsett"},"id":"05111"},{"arcs":[[2461,2462,2463,2464]],"type":"Polygon","properties":{"name":"Flagler"},"id":"12035"},{"arcs":[[2465,2466,2467,2468,2469]],"type":"Polygon","properties":{"name":"Dade"},"id":"13083"},{"arcs":[[2470,2471,2472,2473,2474,2475]],"type":"Polygon","properties":{"name":"Dougherty"},"id":"13095"},{"arcs":[[2476,2477,2478,2479,2480,2481]],"type":"Polygon","properties":{"name":"Turner"},"id":"13287"},{"arcs":[[-249,2482,2483,2484]],"type":"Polygon","properties":{"name":"Clarke"},"id":"28023"},{"arcs":[[2485,-1474,2486,2487,2488]],"type":"Polygon","properties":{"name":"Edmunds"},"id":"46045"},{"arcs":[[2489,2490,2491,2492,2493,2494,2495]],"type":"Polygon","properties":{"name":"Lincoln"},"id":"28085"},{"arcs":[[2496,-2448,2497,2498,2499,-2310,2500,2501]],"type":"Polygon","properties":{"name":"Lares"},"id":"72081"},{"arcs":[[2502,2503,2504,-825,2505,-1443,2506]],"type":"Polygon","properties":{"name":"Otter Tail"},"id":"27111"},{"arcs":[[2507,2508,2509,-1836,2510]],"type":"Polygon","properties":{"name":"Phillips"},"id":"08095"},{"arcs":[[2511,-1424,-1438,2512]],"type":"Polygon","properties":{"name":"Mason"},"id":"26105"},{"arcs":[[2513,2514,2515,2516,2517]],"type":"Polygon","properties":{"name":"Lawrence"},"id":"42073"},{"arcs":[[2518,2519,2520,2521,2522]],"type":"Polygon","properties":{"name":"McDowell"},"id":"54047"},{"arcs":[[[2523,-2035,-1936,2524]],[[2525]],[[2526]]],"type":"MultiPolygon","properties":{"name":"Nome"},"id":"02180"},{"arcs":[[2527,2528,2529,2530,2531,2532,2533]],"type":"Polygon","properties":{"name":"Searcy"},"id":"05129"},{"arcs":[[-1013,2534,-1024,2535,-1920,-61]],"type":"Polygon","properties":{"name":"Kosciusko"},"id":"18085"},{"arcs":[[-1096,-578,2536,2537]],"type":"Polygon","properties":{"name":"Humboldt"},"id":"19091"},{"arcs":[[2538,-2262,-2326,-1341,2539,2540]],"type":"Polygon","properties":{"name":"Hodgeman"},"id":"20083"},{"arcs":[[2541,2542,2543,2544,2545,2546]],"type":"Polygon","properties":{"name":"Carter"},"id":"29035"},{"arcs":[[2547,2548,2549,2550,2551,2552]],"type":"Polygon","properties":{"name":"Gentry"},"id":"29075"},{"arcs":[[-606,2553,2554,2555,-1270,2556]],"type":"Polygon","properties":{"name":"Barnes"},"id":"38003"},{"arcs":[[2557,2558,2559,2560]],"type":"Polygon","properties":{"name":"Bremer"},"id":"19017"},{"arcs":[[2561,2562,2563,2564]],"type":"Polygon","properties":{"name":"Rockwall"},"id":"48397"},{"arcs":[[2565,2566,2567,-222,2568,2569]],"type":"Polygon","properties":{"name":"Winnebago"},"id":"55139"},{"arcs":[[2570,2571,2572,2573,2574]],"type":"Polygon","properties":{"name":"Moca"},"id":"72099"},{"arcs":[[-1339,2575,2576,-2367,2577,2578]],"type":"Polygon","properties":{"name":"Polk"},"id":"13233"},{"arcs":[[-641,2579,2580,2581,2582]],"type":"Polygon","properties":{"name":"Osceola"},"id":"19143"},{"arcs":[[2583,2584,2585,2586,2587]],"type":"Polygon","properties":{"name":"Stone"},"id":"29209"},{"arcs":[[-654,-264,2588,2589,2590,2591]],"type":"Polygon","properties":{"name":"Hamilton"},"id":"31081"},{"arcs":[[2592,2593,2594,-490,2595,2596]],"type":"Polygon","properties":{"name":"Monongalia"},"id":"54061"},{"arcs":[[2597,2598,2599,2600,2601,2602,-278]],"type":"Polygon","properties":{"name":"Dawson"},"id":"13085"},{"arcs":[[2603,2604,2605,2606,2607]],"type":"Polygon","properties":{"name":"Benton"},"id":"19011"},{"arcs":[[2608,-1070,2609,2610,2611,-2328]],"type":"Polygon","properties":{"name":"Pratt"},"id":"20151"},{"arcs":[[2612,-140,2613,2614,2615]],"type":"Polygon","properties":{"name":"Petroleum"},"id":"30069"},{"arcs":[[-1690,2616,2617,2618,2619,-1575]],"type":"Polygon","properties":{"name":"Keith"},"id":"31101"},{"arcs":[[-2540,-1346,2620,2621,2622]],"type":"Polygon","properties":{"name":"Gray"},"id":"20069"},{"arcs":[[2623,-1485,2624,-345,-739,-1669]],"type":"Polygon","properties":{"name":"Jerauld"},"id":"46073"},{"arcs":[[2625,-2024,2626,2627,2628]],"type":"Polygon","properties":{"name":"Bastrop"},"id":"48021"},{"arcs":[[2629,2630,2631,2632,2633,2634,2635]],"type":"Polygon","properties":{"name":"Blanco"},"id":"48031"},{"arcs":[[2636,-1530,-1002,-1760]],"type":"Polygon","properties":{"name":"Knox"},"id":"48275"},{"arcs":[[2637,2638,2639,2640,-2599,2641,2642]],"type":"Polygon","properties":{"name":"Fannin"},"id":"13111"},{"arcs":[[2643,2644,-2393,2645,2646,2647,2648]],"type":"Polygon","properties":{"name":"Gage"},"id":"31067"},{"arcs":[[-766,-2234,2649,2650,-1327,2651,-1177]],"type":"Polygon","properties":{"name":"Gasconade"},"id":"29073"},{"arcs":[[2652,2653,2654,-505,2655]],"type":"Polygon","properties":{"name":"Fulton"},"id":"42057"},{"arcs":[[2656,2657,2658,2659,2660,2661]],"type":"Polygon","properties":{"name":"Gila"},"id":"04007"},{"arcs":[[2662,2663,2664,2665,-1815]],"type":"Polygon","properties":{"name":"Sheridan"},"id":"20179"},{"arcs":[[2666,-1762,2667,2668]],"type":"Polygon","properties":{"name":"Dickens"},"id":"48125"},{"arcs":[[2669,2670,-1586,2671,2672,2673,2674]],"type":"Polygon","properties":{"name":"Randolph"},"id":"01111"},{"arcs":[[-1009,-755,2675,2676,-1943,2677]],"type":"Polygon","properties":{"name":"Louisa"},"id":"19115"},{"arcs":[[-1187,-1321,2678,-1396,2679,2680]],"type":"Polygon","properties":{"name":"Freeborn"},"id":"27047"},{"arcs":[[2681,2682,2683,-1250]],"type":"Polygon","properties":{"name":"Belknap"},"id":"33001"},{"arcs":[[2684,-1207,2685,2686,2687,2688]],"type":"Polygon","properties":{"name":"Banner"},"id":"31007"},{"arcs":[[-2481,2689,2690,2691,2692,2693]],"type":"Polygon","properties":{"name":"Tift"},"id":"13277"},{"arcs":[[2694,-1450,-2308,2695,2696,-1802]],"type":"Polygon","properties":{"name":"Clay"},"id":"17025"},{"arcs":[[2697,2698,2699,2700,2701,2702,-183]],"type":"Polygon","properties":{"name":"Montgomery"},"id":"18107"},{"arcs":[[2703,2704,2705,-1214,2706,-757,-2227]],"type":"Polygon","properties":{"name":"Jackson"},"id":"26075"},{"arcs":[[2707,2708,2709,2710,2711]],"type":"Polygon","properties":{"name":"McLeod"},"id":"27085"},{"arcs":[[2712,2713,2714,2715,-662,-35]],"type":"Polygon","properties":{"name":"Loup"},"id":"31115"},{"arcs":[[-26,2716,2717,-1900,2718]],"type":"Polygon","properties":{"name":"Woodward"},"id":"40153"},{"arcs":[[2719,2720,2721,-2698,-182,2722,-1089]],"type":"Polygon","properties":{"name":"Tippecanoe"},"id":"18157"},{"arcs":[[-2307,2723,2724,2725,2726,2727,-2696]],"type":"Polygon","properties":{"name":"Richland"},"id":"17159"},{"arcs":[[2728,2729,2730,-1667,2731,2732,2733]],"type":"Polygon","properties":{"name":"Hyde"},"id":"46069"},{"arcs":[[-1399,2734,-551,2735,2736]],"type":"Polygon","properties":{"name":"Cerro Gordo"},"id":"19033"},{"arcs":[[2737,2738,-1787,-108,2739]],"type":"Polygon","properties":{"name":"Saline"},"id":"20169"},{"arcs":[[2740,2741,-1746,-1829,2742,2743]],"type":"Polygon","properties":{"name":"Henry"},"id":"17073"},{"arcs":[[-2397,2744,-1562,2745,-1571,2746]],"type":"Polygon","properties":{"name":"Castro"},"id":"48069"},{"arcs":[[2747,-1097,2748,-680]],"type":"Polygon","properties":{"name":"Palo Alto"},"id":"19147"},{"arcs":[[2749,2750,2751,-1184,2752,2753]],"type":"Polygon","properties":{"name":"Le Sueur"},"id":"27079"},{"arcs":[[-1548,2754,2755,-1092,2756,2757]],"type":"Polygon","properties":{"name":"Martin"},"id":"27091"},{"arcs":[[2758,2759,2760,-2230,2761,2762,-306]],"type":"Polygon","properties":{"name":"Audrain"},"id":"29007"},{"arcs":[[2763,2764,2765,-1308,2766,2767,2768,-1565]],"type":"Polygon","properties":{"name":"Meagher"},"id":"30059"},{"arcs":[[2769,2770,2771,2772,2773]],"type":"Polygon","properties":{"name":"Platte"},"id":"56031"},{"arcs":[[2774,-151,2775,-2380]],"type":"Polygon","properties":{"name":"Washington"},"id":"23029"},{"arcs":[[2776,-2569,-227,2777,2778,2779]],"type":"Polygon","properties":{"name":"Green Lake"},"id":"55047"},{"arcs":[[2780,2781,2782,2783,2784]],"type":"Polygon","properties":{"name":"Cleburne"},"id":"05023"},{"arcs":[[-586,2785,2786,2787,2788,2789]],"type":"Polygon","properties":{"name":"Sioux"},"id":"31165"},{"arcs":[[2790,2791,2792,2793,2794,2795,2796,2797]],"type":"Polygon","properties":{"name":"Caswell"},"id":"37033"},{"arcs":[[-301,2798,-2711,2799,2800,-186,2801,2802,2803]],"type":"Polygon","properties":{"name":"Renville"},"id":"27129"},{"arcs":[[-2388,2804,2805,2806,2807,2808,2809]],"type":"Polygon","properties":{"name":"Beaverhead"},"id":"30001"},{"arcs":[[2810,2811,2812,-1309,-2766]],"type":"Polygon","properties":{"name":"Wheatland"},"id":"30107"},{"arcs":[[2813,2814,-435,-952,2815,2816]],"type":"Polygon","properties":{"name":"Calhoun"},"id":"28013"},{"arcs":[[2817,-1872,-834,2818,2819]],"type":"Polygon","properties":{"name":"Morrow"},"id":"39117"},{"arcs":[[2820,2821,2822,2823,2824]],"type":"Polygon","properties":{"name":"Allen"},"id":"22003"},{"arcs":[[2825,2826,2827,-841,2828]],"type":"Polygon","properties":{"name":"Glasscock"},"id":"48173"},{"arcs":[[-857,2829,2830,2831,2832,-2355,-1551]],"type":"Polygon","properties":{"name":"Palo Pinto"},"id":"48363"},{"arcs":[[-268,2833,2834,2835,2836,2837]],"type":"Polygon","properties":{"name":"Jeff Davis"},"id":"48243"},{"arcs":[[2838,-2622,2839,2840,2841,-2348]],"type":"Polygon","properties":{"name":"Haskell"},"id":"20081"},{"arcs":[[[2842]],[[2843]],[[2844,2845,2846,2847,2848]]],"type":"MultiPolygon","properties":{"name":"Los Angeles"},"id":"06037"},{"arcs":[[-1375,2849,2850,2851,2852,2853,-1401]],"type":"Polygon","properties":{"name":"Crawford"},"id":"20037"},{"arcs":[[-138,2854,-896,2855,-371,2856]],"type":"Polygon","properties":{"name":"Custer"},"id":"30017"},{"arcs":[[2857,2858,2859,-1329,2860]],"type":"Polygon","properties":{"name":"Cedar"},"id":"29039"},{"arcs":[[2861,-705,-254,2862,2863,-1074]],"type":"Polygon","properties":{"name":"Nuckolls"},"id":"31129"},{"arcs":[[[-1525,2864]],[[2865,2866]],[[2867]]],"type":"MultiPolygon","properties":{"name":"Sitka"},"id":"02220"},{"arcs":[[2868,-934,2869,2870,-1866,2871]],"type":"Polygon","properties":{"name":"Butts"},"id":"13035"},{"arcs":[[2872,2873,2874,2875,2876]],"type":"Polygon","properties":{"name":"Martin"},"id":"18101"},{"arcs":[[2877,2878,2879,2880,2881]],"type":"Polygon","properties":{"name":"Montgomery"},"id":"19137"},{"arcs":[[2882,-90,2883,2884]],"type":"Polygon","properties":{"name":"Quitman"},"id":"28119"},{"arcs":[[2885,2886,2887,2888,2889,2890]],"type":"Polygon","properties":{"name":"Genesee"},"id":"36037"},{"arcs":[[2891,2892,2893,2894,2895]],"type":"Polygon","properties":{"name":"Saluda"},"id":"45081"},{"arcs":[[-2627,-2023,2896,2897,2898,2899,2900,2901]],"type":"Polygon","properties":{"name":"Fayette"},"id":"48149"},{"arcs":[[2902,2903,2904,-1845,2905,2906,2907,2908,2909,2910,2911]],"type":"Polygon","properties":{"name":"San Juan"},"id":"49037"},{"arcs":[[2912,2913,2914,2915,2916]],"type":"Polygon","properties":{"name":"Jefferson"},"id":"55055"},{"arcs":[[2917,2918,2919,-1855,2920]],"type":"Polygon","properties":{"name":"Coke"},"id":"48081"},{"arcs":[[2921,2922,2923,-24,-2372]],"type":"Polygon","properties":{"name":"Comanche"},"id":"20033"},{"arcs":[[2924,2925,2926,-1055,2927,2928,2929,2930]],"type":"Polygon","properties":{"name":"Hardeman"},"id":"47069"},{"arcs":[[2931]],"type":"Polygon","properties":{"name":"Emporia"},"id":"51595"},{"arcs":[[2932,-1966,-335]],"type":"Polygon","properties":{"name":"Menominee"},"id":"55078"},{"arcs":[[2933,2934,2935]],"type":"Polygon","properties":{"name":"Hormigueros"},"id":"72067"},{"arcs":[[-449,2936,-1105,-850,-1360]],"type":"Polygon","properties":{"name":"Sherman"},"id":"48421"},{"arcs":[[2937,2938,2939,2940,2941]],"type":"Polygon","properties":{"name":"Franklin"},"id":"13119"},{"arcs":[[-160,2942,2943,2944,2945]],"type":"Polygon","properties":{"name":"Schoolcraft"},"id":"26153"},{"arcs":[[2946,2947,2948,2949,-520,2950]],"type":"Polygon","properties":{"name":"Dallas"},"id":"29059"},{"arcs":[[-921,2951,2952,2953,2954,2955]],"type":"Polygon","properties":{"name":"Butler"},"id":"01013"},{"arcs":[[-2161,-2168,2956,2957]],"type":"Polygon","properties":{"name":"Elbert"},"id":"08039"},{"arcs":[[2958,2959,2960,2961,2962,2963]],"type":"Polygon","properties":{"name":"Ford"},"id":"17053"},{"arcs":[[2964,2965,2966,2967,2968,2969]],"type":"Polygon","properties":{"name":"Clay"},"id":"20027"},{"arcs":[[2970,-1978,2971,2972,2973,-2504,2974]],"type":"Polygon","properties":{"name":"Becker"},"id":"27005"},{"arcs":[[-649,2975,-1233,2976,2977,-1859]],"type":"Polygon","properties":{"name":"Putnam"},"id":"39137"},{"arcs":[[2978,2979,2980,2981]],"type":"Polygon","properties":{"name":"Murray"},"id":"40099"},{"arcs":[[2982,2983,2984,-2925,2985,2986]],"type":"Polygon","properties":{"name":"Haywood"},"id":"47075"},{"arcs":[[2987,2988,2989,2990,2991]],"type":"Polygon","properties":{"name":"Missaukee"},"id":"26113"},{"arcs":[[2992,2993,-608,-570,-1684]],"type":"Polygon","properties":{"name":"Eddy"},"id":"38027"},{"arcs":[[2994,2995,2996,2997,2998,2999]],"type":"Polygon","properties":{"name":"Greenlee"},"id":"04011"},{"arcs":[[-291,3000,3001,3002,3003,-67,3004]],"type":"Polygon","properties":{"name":"Franklin"},"id":"18047"},{"arcs":[[3005,3006,3007,-2290,3008,3009]],"type":"Polygon","properties":{"name":"Cheboygan"},"id":"26031"},{"arcs":[[3010,3011,-309,3012,3013,3014,3015]],"type":"Polygon","properties":{"name":"Chariton"},"id":"29041"},{"arcs":[[3016,3017,3018,3019,3020,3021]],"type":"Polygon","properties":{"name":"Cuming"},"id":"31039"},{"arcs":[[3022,3023,-2591,3024,-1072,-619]],"type":"Polygon","properties":{"name":"Adams"},"id":"31001"},{"arcs":[[[-1513,3025,-1254,3026]],[[3027,3028]]],"type":"MultiPolygon","properties":{"name":"Petersburg"},"id":"02195"},{"arcs":[[-295,3029,3030,3031]],"type":"Polygon","properties":{"name":"Ida"},"id":"19093"},{"arcs":[[3032,3033,3034,3035,3036,3037,3038]],"type":"Polygon","properties":{"name":"Grant"},"id":"21081"},{"arcs":[[-2506,-824,3039,3040,-1444]],"type":"Polygon","properties":{"name":"Douglas"},"id":"27041"},{"arcs":[[3041,-2211,3042,-2058]],"type":"Polygon","properties":{"name":"Neshoba"},"id":"28099"},{"arcs":[[-749,-1359,3043,-2617,-1689]],"type":"Polygon","properties":{"name":"Arthur"},"id":"31005"},{"arcs":[[3044,3045,3046,3047,3048,3049]],"type":"Polygon","properties":{"name":"Marshall"},"id":"47117"},{"arcs":[[3050]],"type":"Polygon","properties":{"name":"Norton"},"id":"51720"},{"arcs":[[3051,3052,3053,3054,3055,3056]],"type":"Polygon","properties":{"name":"Washakie"},"id":"56043"},{"arcs":[[3057,3058,3059,3060]],"type":"Polygon","properties":{"name":"Pershing"},"id":"32027"},{"arcs":[[3061,3062,3063,3064,3065,3066]],"type":"Polygon","properties":{"name":"Duplin"},"id":"37061"},{"arcs":[[3067,-2241,3068,-2973,3069]],"type":"Polygon","properties":{"name":"Hubbard"},"id":"27057"},{"arcs":[[3070,-2008,3071,3072]],"type":"Polygon","properties":{"name":"St. James"},"id":"22093"},{"arcs":[[3073,3074,3075,3076]],"type":"Polygon","properties":{"name":"Esmeralda"},"id":"32009"},{"arcs":[[-2293,3077,-2295,-1181]],"type":"Polygon","properties":{"name":"Oscoda"},"id":"26135"},{"arcs":[[3078,3079,3080,-2299,-688,3081]],"type":"Polygon","properties":{"name":"Rooks"},"id":"20163"},{"arcs":[[3082,3083,3084,3085,3086,3087,3088]],"type":"Polygon","properties":{"name":"Tuscola"},"id":"26157"},{"arcs":[[3089,3090,3091,3092,3093]],"type":"Polygon","properties":{"name":"Ceiba"},"id":"72037"},{"arcs":[[3094,3095,-2452,3096]],"type":"Polygon","properties":{"name":"Florida"},"id":"72054"},{"arcs":[[3097,3098,3099,3100,-675]],"type":"Polygon","properties":{"name":"Alamosa"},"id":"08003"},{"arcs":[[3101,-2495,3102,3103,3104]],"type":"Polygon","properties":{"name":"Franklin"},"id":"28037"},{"arcs":[[3105,3106,-2501,-2309,-2316,3107]],"type":"Polygon","properties":{"name":"Maricao"},"id":"72093"},{"arcs":[[-983,3108,-2570,-2777,3109,3110]],"type":"Polygon","properties":{"name":"Waushara"},"id":"55137"},{"arcs":[[3111,3112,3113,3114,3115,3116,3117]],"type":"Polygon","properties":{"name":"Richland"},"id":"38077"},{"arcs":[[-45,3118]],"type":"Polygon","properties":{"name":"Bristol Bay"},"id":"02060"},{"arcs":[[3119,-2969,3120,-1812,3121,-2739]],"type":"Polygon","properties":{"name":"Dickinson"},"id":"20041"},{"arcs":[[3122,3123,3124,-2572,3125]],"type":"Polygon","properties":{"name":"Isabela"},"id":"72071"},{"arcs":[[3126,-404,-668,3127,-563,3128,3129,-2619]],"type":"Polygon","properties":{"name":"Lincoln"},"id":"31111"},{"arcs":[[3130,-2484,3131,3132,3133,-2336,3134]],"type":"Polygon","properties":{"name":"Wayne"},"id":"28153"},{"arcs":[[-348,-455,3135,3136]],"type":"Polygon","properties":{"name":"Douglas"},"id":"46043"},{"arcs":[[-905,-1176,3137,-304,-3012,3138]],"type":"Polygon","properties":{"name":"Macon"},"id":"29121"},{"arcs":[[-1952,3139,3140,3141,3142,3143]],"type":"Polygon","properties":{"name":"Madison"},"id":"18095"},{"arcs":[[-585,3144,3145,3146,-2786]],"type":"Polygon","properties":{"name":"Dawes"},"id":"31045"},{"arcs":[[-31,-2431,3147,-3079,3148,3149]],"type":"Polygon","properties":{"name":"Phillips"},"id":"20147"},{"arcs":[[-1366,3150,3151,3152,3153]],"type":"Polygon","properties":{"name":"Lackawanna"},"id":"42069"},{"arcs":[[3154,3155,3156,3157,-974,3158]],"type":"Polygon","properties":{"name":"Sequatchie"},"id":"47153"},{"arcs":[[-1435,3159,3160,3161,3162]],"type":"Polygon","properties":{"name":"Ionia"},"id":"26067"},{"arcs":[[3163,3164,3165,3166,3167]],"type":"Polygon","properties":{"name":"Lyon"},"id":"21143"},{"arcs":[[3168,-1413,3169,3170,3171]],"type":"Polygon","properties":{"name":"Van Buren"},"id":"26159"},{"arcs":[[3172,3173,3174,3175,3176,3177,3178]],"type":"Polygon","properties":{"name":"Cook"},"id":"17031"},{"arcs":[[3179,3180,-1468,3181,3182,3183]],"type":"Polygon","properties":{"name":"Garfield"},"id":"40047"},{"arcs":[[-1484,-1536,-1129,3184,-452,-346,-2625]],"type":"Polygon","properties":{"name":"Sanborn"},"id":"46111"},{"arcs":[[3185,-1432,3186,3187,3188,-1488,-1533]],"type":"Polygon","properties":{"name":"Deuel"},"id":"46039"},{"arcs":[[-454,3189,-970,-477,3190,3191,3192,-3136]],"type":"Polygon","properties":{"name":"Hutchinson"},"id":"46067"},{"arcs":[[3193,-1502,-1486,-2624,-1668,-2731]],"type":"Polygon","properties":{"name":"Hand"},"id":"46059"},{"arcs":[[-964,3194,3195,3196,-1875]],"type":"Polygon","properties":{"name":"Harrison"},"id":"39067"},{"arcs":[[3197,-1158,-1161,3198]],"type":"Polygon","properties":{"name":"Somervell"},"id":"48425"},{"arcs":[[-1674,3199,-906,-3139,-3011,3200]],"type":"Polygon","properties":{"name":"Linn"},"id":"29115"},{"arcs":[[3201,-497,3202,3203,3204]],"type":"Polygon","properties":{"name":"White"},"id":"13311"},{"arcs":[[3205,3206,3207,-872,3208,3209,3210,-2846]],"type":"Polygon","properties":{"name":"San Bernardino"},"id":"06071"},{"arcs":[[3211,-2267,-527]],"type":"Polygon","properties":{"name":"Sherman"},"id":"41055"},{"arcs":[[-1685,-572,-607,-2557,-1269,-734,-1708]],"type":"Polygon","properties":{"name":"Stutsman"},"id":"38093"},{"arcs":[[-955,3212,3213,3214,3215]],"type":"Polygon","properties":{"name":"Choctaw"},"id":"28019"},{"arcs":[[3216,-1676,3217,-2062,3218,-2551]],"type":"Polygon","properties":{"name":"Daviess"},"id":"29061"},{"arcs":[[3219,3220,3221,3222,3223,-1283]],"type":"Polygon","properties":{"name":"Jefferson"},"id":"05069"},{"arcs":[[3224,3225]],"type":"Polygon","properties":{"name":"Hopewell"},"id":"51670"},{"arcs":[[-1361,-854,3226,-2421,3227]],"type":"Polygon","properties":{"name":"Hartley"},"id":"48205"},{"arcs":[[-1111,3228,-82,-1385]],"type":"Polygon","properties":{"name":"Anderson"},"id":"20003"},{"arcs":[[-1402,-2854,3229,3230,3231,3232]],"type":"Polygon","properties":{"name":"Labette"},"id":"20099"},{"arcs":[[3233,-2743,-1831,3234,3235,-2282]],"type":"Polygon","properties":{"name":"Knox"},"id":"17095"},{"arcs":[[3236,-419,-71,-1027,-1797]],"type":"Polygon","properties":{"name":"Hardin"},"id":"19083"},{"arcs":[[3237,3238,3239,3240,3241,3242]],"type":"Polygon","properties":{"name":"Custer"},"id":"16037"},{"arcs":[[3243,3244,3245,3246,3247,3248]],"type":"Polygon","properties":{"name":"Moffat"},"id":"08081"},{"arcs":[[3249,3250,3251,3252]],"type":"Polygon","properties":{"name":"Clarke"},"id":"13059"},{"arcs":[[3253,3254,3255,-1870,-574,3256]],"type":"Polygon","properties":{"name":"Seneca"},"id":"39147"},{"arcs":[[-1529,-859,-1550,-2181,-1003]],"type":"Polygon","properties":{"name":"Throckmorton"},"id":"48447"},{"arcs":[[3257,3258,3259,3260,-98,-709]],"type":"Polygon","properties":{"name":"Vinton"},"id":"39163"},{"arcs":[[3261,3262,3263,3264,-1887,3265]],"type":"Polygon","properties":{"name":"Uvalde"},"id":"48463"},{"arcs":[[3266,3267,3268,3269]],"type":"Polygon","properties":{"name":"Jenkins"},"id":"13165"},{"arcs":[[3270,3271,3272,3273,3274,3275]],"type":"Polygon","properties":{"name":"Harmon"},"id":"40057"},{"arcs":[[3276,3277,3278,3279,3280]],"type":"Polygon","properties":{"name":"Harper"},"id":"20077"},{"arcs":[[3281,-2608,-1832,-73,-418]],"type":"Polygon","properties":{"name":"Tama"},"id":"19171"},{"arcs":[[-1924,3282,3283,-2277,-63]],"type":"Polygon","properties":{"name":"Miami"},"id":"18103"},{"arcs":[[3284,-2732,-1670,-741,3285,3286,3287,3288,3289,3290]],"type":"Polygon","properties":{"name":"Lyman"},"id":"46085"},{"arcs":[[-1075,-2864,3291,3292,3293,3294,3295]],"type":"Polygon","properties":{"name":"Jewell"},"id":"20089"},{"arcs":[[3296,3297,-2534,3298,-787,3299]],"type":"Polygon","properties":{"name":"Newton"},"id":"05101"},{"arcs":[[3300,-401,3301,-565]],"type":"Polygon","properties":{"name":"Gosper"},"id":"31073"},{"arcs":[[3302,3303,3304,3305,-1996]],"type":"Polygon","properties":{"name":"Chenango"},"id":"36017"},{"arcs":[[3306,3307,3308,3309,3310,3311,3312]],"type":"Polygon","properties":{"name":"Lincoln"},"id":"54043"},{"arcs":[[3313,3314,3315,3316]],"type":"Polygon","properties":{"name":"Pleasants"},"id":"54073"},{"arcs":[[3317,3318,3319,3320]],"type":"Polygon","properties":{"name":"Daniels"},"id":"30019"},{"arcs":[[-2532,3321,-2785,3322,3323,3324]],"type":"Polygon","properties":{"name":"Van Buren"},"id":"05141"},{"arcs":[[3325,3326,3327,3328,3329]],"type":"Polygon","properties":{"name":"Bollinger"},"id":"29017"},{"arcs":[[3330,3331,3332,3333,-1569,3334,3335,3336,3337,3338]],"type":"Polygon","properties":{"name":"Flathead"},"id":"30029"},{"arcs":[[-554,3339,3340,3341,3342,3343]],"type":"Polygon","properties":{"name":"Ouachita"},"id":"22073"},{"arcs":[[-2180,3344,3345,3346,-2143]],"type":"Polygon","properties":{"name":"Scurry"},"id":"48415"},{"arcs":[[3347,3348,3349,3350]],"type":"Polygon","properties":{"name":"Teller"},"id":"08119"},{"arcs":[[-2145,3351,3352,-2827,3353]],"type":"Polygon","properties":{"name":"Howard"},"id":"48227"},{"arcs":[[3354,3355,-5,3356,3357]],"type":"Polygon","properties":{"name":"Echols"},"id":"13101"},{"arcs":[[-694,3358,3359,3360,3361,3362]],"type":"Polygon","properties":{"name":"Olmsted"},"id":"27109"},{"arcs":[[3363,3364,3365,3366,-3210]],"type":"Polygon","properties":{"name":"Riverside"},"id":"06065"},{"arcs":[[[-52,3367]],[[3368]],[[3369]],[[3370]],[[3371]],[[3372]],[[3373]],[[3374]],[[3375]],[[3376]],[[3377]],[[3378]],[[3379]],[[3380]],[[3381]],[[3382]],[[3383]],[[3384]],[[3385]],[[3386]],[[3387]],[[3388]],[[3389]],[[3390]]],"type":"MultiPolygon","properties":{"name":"Aleutians East"},"id":"02013"},{"arcs":[[3391,-2734,3392,3393,3394]],"type":"Polygon","properties":{"name":"Sully"},"id":"46119"},{"arcs":[[3395]],"type":"Polygon","properties":{"name":"Harrisonburg"},"id":"51660"},{"arcs":[[3396,3397,-2942,3398,3399,3400]],"type":"Polygon","properties":{"name":"Banks"},"id":"13011"},{"arcs":[[3401,3402,-2964,3403,-543,-413,-282,3404]],"type":"Polygon","properties":{"name":"McLean"},"id":"17113"},{"arcs":[[3405,-880,3406,-3243,3407,3408]],"type":"Polygon","properties":{"name":"Valley"},"id":"16085"},{"arcs":[[3409,-2176,3410,3411,-1856,-2920]],"type":"Polygon","properties":{"name":"Runnels"},"id":"48399"},{"arcs":[[3412,-318,-707,3413,3414,3415]],"type":"Polygon","properties":{"name":"Fayette"},"id":"39047"},{"arcs":[[3416,3417,3418,3419,3420]],"type":"Polygon","properties":{"name":"Mayes"},"id":"40097"},{"arcs":[[3421,3422,3423,3424,3425]],"type":"Polygon","properties":{"name":"Taylor"},"id":"19173"},{"arcs":[[3426,3427,3428,-663,-2716]],"type":"Polygon","properties":{"name":"Garfield"},"id":"31071"},{"arcs":[[-3279,3429,3430,-3181,3431]],"type":"Polygon","properties":{"name":"Grant"},"id":"40053"},{"arcs":[[-1358,3432,-405,-3127,-2618,-3044]],"type":"Polygon","properties":{"name":"McPherson"},"id":"31117"},{"arcs":[[3433,3434,-2876,3435,3436,3437,3438,3439]],"type":"Polygon","properties":{"name":"Dubois"},"id":"18037"},{"arcs":[[3440,3441,3442,-1122]],"type":"Polygon","properties":{"name":"Audubon"},"id":"19009"},{"arcs":[[3443,-2757,-1091,-2748,3444]],"type":"Polygon","properties":{"name":"Emmet"},"id":"19063"},{"arcs":[[3445,3446,3447,-1113,-1384,-78]],"type":"Polygon","properties":{"name":"Osage"},"id":"20139"},{"arcs":[[3448,3449,3450,3451,-2342,3452,3453]],"type":"Polygon","properties":{"name":"Licking"},"id":"39089"},{"arcs":[[-3110,-2780,3454,3455]],"type":"Polygon","properties":{"name":"Marquette"},"id":"55077"},{"arcs":[[-666,3456,-395,3457,-3023,-618,-398,3458]],"type":"Polygon","properties":{"name":"Buffalo"},"id":"31019"},{"arcs":[[-2272,3459,3460,-558,-1237]],"type":"Polygon","properties":{"name":"Midland"},"id":"26111"},{"arcs":[[3461,-2488,3462,-2729,-3392,3463]],"type":"Polygon","properties":{"name":"Potter"},"id":"46107"},{"arcs":[[3464,3465,-795,3466,-2287]],"type":"Polygon","properties":{"name":"Twiggs"},"id":"13289"},{"arcs":[[3467,-2338,-424,3468,3469,3470]],"type":"Polygon","properties":{"name":"Stone"},"id":"28131"},{"arcs":[[3471,-1159,-3198,3472,-2832]],"type":"Polygon","properties":{"name":"Hood"},"id":"48221"},{"arcs":[[3473,3474,-1116,3475,-713]],"type":"Polygon","properties":{"name":"Lucas"},"id":"19117"},{"arcs":[[3476,3477,3478,-2558,-549]],"type":"Polygon","properties":{"name":"Chickasaw"},"id":"19037"},{"arcs":[[3479,3480,3481,3482,3483,3484,3485]],"type":"Polygon","properties":{"name":"Union"},"id":"28145"},{"arcs":[[3486,3487,3488,-2947,3489]],"type":"Polygon","properties":{"name":"Hickory"},"id":"29085"},{"arcs":[[3490,3491,3492,3493,3494,3495]],"type":"Polygon","properties":{"name":"Appomattox"},"id":"51011"},{"arcs":[[-2620,-3130,3496,3497,-2509,3498,-1576]],"type":"Polygon","properties":{"name":"Perkins"},"id":"31135"},{"arcs":[[3499,-470,3500,3501,3502,3503]],"type":"Polygon","properties":{"name":"Chaves"},"id":"35005"},{"arcs":[[3504,3505,3506,-3057,3507,3508,3509,3510]],"type":"Polygon","properties":{"name":"Park"},"id":"56029"},{"arcs":[[3511,-1100,3512,-1800,3513,3514]],"type":"Polygon","properties":{"name":"Clinton"},"id":"17027"},{"arcs":[[3515,-302,-2804,3516,3517]],"type":"Polygon","properties":{"name":"Chippewa"},"id":"27023"},{"arcs":[[3518,-2029,3519,3520,3521,3522,3523]],"type":"Polygon","properties":{"name":"Liberty"},"id":"48291"},{"arcs":[[3524,-2802,-191,-949,-462,-1145]],"type":"Polygon","properties":{"name":"Redwood"},"id":"27127"},{"arcs":[[-2158,3525,3526,3527,3528,3529]],"type":"Polygon","properties":{"name":"Kimble"},"id":"48267"},{"arcs":[[3530,3531,-2829,-724,-2188]],"type":"Polygon","properties":{"name":"Midland"},"id":"48329"},{"arcs":[[3532,-1292,3533,-1958]],"type":"Polygon","properties":{"name":"Uinta"},"id":"56041"},{"arcs":[[3534,-6,-3356,3535,3536]],"type":"Polygon","properties":{"name":"Lanier"},"id":"13173"},{"arcs":[[3537,-976,3538,3539,3540,3541,3542]],"type":"Polygon","properties":{"name":"Franklin"},"id":"47051"},{"arcs":[[3543,3544,-112,-2254,3545,-2301]],"type":"Polygon","properties":{"name":"Russell"},"id":"20167"},{"arcs":[[-759,3546,3547,-1230,3548]],"type":"Polygon","properties":{"name":"Fulton"},"id":"39051"},{"arcs":[[3549,3550,3551]],"type":"Polygon","properties":{"name":"Rinc\u00f3n"},"id":"72117"},{"arcs":[[-516,3552,3553,-2043,3554]],"type":"Polygon","properties":{"name":"Lamar"},"id":"01075"},{"arcs":[[-252,3555,-2644,3556]],"type":"Polygon","properties":{"name":"Jefferson"},"id":"31095"},{"arcs":[[3557,-3022,3558,-1215,-1201]],"type":"Polygon","properties":{"name":"Stanton"},"id":"31167"},{"arcs":[[3559,3560,3561,3562,3563,3564]],"type":"Polygon","properties":{"name":"Elk"},"id":"20049"},{"arcs":[[-3364,-3209,-871,3565,3566,3567,3568]],"type":"Polygon","properties":{"name":"La Paz"},"id":"04012"},{"arcs":[[3569,3570,3571,3572]],"type":"Polygon","properties":{"name":"Douglas"},"id":"13097"},{"arcs":[[3573,3574,3575,-883,3576]],"type":"Polygon","properties":{"name":"Jefferson Davis"},"id":"28065"},{"arcs":[[3577,3578,-990,3579,3580,3581]],"type":"Polygon","properties":{"name":"Barron"},"id":"55005"},{"arcs":[[-2692,3582,3583,3584,3585]],"type":"Polygon","properties":{"name":"Cook"},"id":"13075"},{"arcs":[[3586,-1032,-1744]],"type":"Polygon","properties":{"name":"Putnam"},"id":"17155"},{"arcs":[[3587,3588,-1895,3589]],"type":"Polygon","properties":{"name":"Lake"},"id":"39085"},{"arcs":[[3590,3591,3592,3593]],"type":"Polygon","properties":{"name":"Yates"},"id":"36123"},{"arcs":[[3594,-38,-402,-3433,-1357]],"type":"Polygon","properties":{"name":"Thomas"},"id":"31171"},{"arcs":[[-2900,3595,3596,3597,3598,3599]],"type":"Polygon","properties":{"name":"Lavaca"},"id":"48285"},{"arcs":[[-2928,-1054,3600,3601,3602,3603]],"type":"Polygon","properties":{"name":"Alcorn"},"id":"28003"},{"arcs":[[3604,-3149,-3082,-687,3605,-2665]],"type":"Polygon","properties":{"name":"Graham"},"id":"20065"},{"arcs":[[3606,-3162,3607,-2225,-1410,3608]],"type":"Polygon","properties":{"name":"Barry"},"id":"26015"},{"arcs":[[3609,3610,3611,3612,3613,3614]],"type":"Polygon","properties":{"name":"Rockcastle"},"id":"21203"},{"arcs":[[-852,-979,3615,-849,-1891,-329]],"type":"Polygon","properties":{"name":"Carson"},"id":"48065"},{"arcs":[[-667,-3459,-397,-3301,-564,-3128]],"type":"Polygon","properties":{"name":"Dawson"},"id":"31047"},{"arcs":[[3616,-2416,3617,-3574,3618,3619]],"type":"Polygon","properties":{"name":"Simpson"},"id":"28127"},{"arcs":[[-1535,-1490,-327,3620,-968,-1127]],"type":"Polygon","properties":{"name":"Lake"},"id":"46079"},{"arcs":[[3621,3622,3623,3624,3625,-894]],"type":"Polygon","properties":{"name":"Harding"},"id":"46063"},{"arcs":[[-2556,3626,-3118,3627,3628,-1271]],"type":"Polygon","properties":{"name":"Ransom"},"id":"38073"},{"arcs":[[-2647,3629,3630,3631,-2068,3632]],"type":"Polygon","properties":{"name":"Pawnee"},"id":"31133"},{"arcs":[[3633,3634,-2656,-512,3635,3636,3637,3638]],"type":"Polygon","properties":{"name":"Allegany"},"id":"24001"},{"arcs":[[3639,-2675,3640,3641,3642]],"type":"Polygon","properties":{"name":"Clay"},"id":"01027"},{"arcs":[[3643,3644,-2816,-957,3645,3646,3647]],"type":"Polygon","properties":{"name":"Grenada"},"id":"28043"},{"arcs":[[3648,3649,3650,3651,-2795]],"type":"Polygon","properties":{"name":"Person"},"id":"37145"},{"arcs":[[3652,-873,-3208,3653,3654]],"type":"Polygon","properties":{"name":"Clark"},"id":"32003"},{"arcs":[[3655,3656,-1275,3657]],"type":"Polygon","properties":{"name":"Rolette"},"id":"38079"},{"arcs":[[-2590,-706,-2862,-1073,-3025]],"type":"Polygon","properties":{"name":"Clay"},"id":"31035"},{"arcs":[[-2736,3658,-3237,-580]],"type":"Polygon","properties":{"name":"Franklin"},"id":"19069"},{"arcs":[[3659,3660,3661,3662,-3526,-2157]],"type":"Polygon","properties":{"name":"Mason"},"id":"48319"},{"arcs":[[-684,-322,-715,3663,3664]],"type":"Polygon","properties":{"name":"Union"},"id":"19175"},{"arcs":[[3665,3666,3667,-1373,-3229]],"type":"Polygon","properties":{"name":"Linn"},"id":"20107"},{"arcs":[[-284,-415,-547,-1383,3668,3669,3670]],"type":"Polygon","properties":{"name":"Macon"},"id":"17115"},{"arcs":[[-1675,-3201,-3016,3671,-2063,-3218]],"type":"Polygon","properties":{"name":"Livingston"},"id":"29117"},{"arcs":[[-1182,-2298,-2268,3672,-2989]],"type":"Polygon","properties":{"name":"Roscommon"},"id":"26143"},{"arcs":[[3673,3674,-303,-3516,3675,3676]],"type":"Polygon","properties":{"name":"Swift"},"id":"27151"},{"arcs":[[-2246,3677,3678,3679,3680,-822]],"type":"Polygon","properties":{"name":"Morrison"},"id":"27097"},{"arcs":[[-2510,-3498,3681,3682,-1837]],"type":"Polygon","properties":{"name":"Chase"},"id":"31029"},{"arcs":[[-225,3683,-536,3684,3685]],"type":"Polygon","properties":{"name":"Washington"},"id":"55131"},{"arcs":[[-1407,-2075,3686,-2347,-368]],"type":"Polygon","properties":{"name":"Kearny"},"id":"20093"},{"arcs":[[3687,-592,3688,-1678,-2357]],"type":"Polygon","properties":{"name":"Comanche"},"id":"48093"},{"arcs":[[3689,3690,3691,-3680]],"type":"Polygon","properties":{"name":"Benton"},"id":"27009"},{"arcs":[[3692,3693,3694,-855,-1528]],"type":"Polygon","properties":{"name":"Archer"},"id":"48009"},{"arcs":[[-3294,3695,3696,3697,3698]],"type":"Polygon","properties":{"name":"Mitchell"},"id":"20123"},{"arcs":[[-3485,3699,-430,-2815,3700]],"type":"Polygon","properties":{"name":"Pontotoc"},"id":"28115"},{"arcs":[[3701,3702,3703,-1078,3704]],"type":"Polygon","properties":{"name":"Washington"},"id":"21229"},{"arcs":[[3705,-1293,-3533,-1957,3706,3707,-915]],"type":"Polygon","properties":{"name":"Rich"},"id":"49033"},{"arcs":[[3708,-2992,3709,-1421,3710]],"type":"Polygon","properties":{"name":"Wexford"},"id":"26165"},{"arcs":[[3711,3712,3713,3714,3715,3716,3717]],"type":"Polygon","properties":{"name":"Eau Claire"},"id":"55035"},{"arcs":[[3718,3719,3720,3721,3722,3723]],"type":"Polygon","properties":{"name":"Macoupin"},"id":"17117"},{"arcs":[[-2607,-1011,3724,3725,-1833]],"type":"Polygon","properties":{"name":"Iowa"},"id":"19095"},{"arcs":[[-374,3726,3727,3728,3729,3730]],"type":"Polygon","properties":{"name":"Campbell"},"id":"56005"},{"arcs":[[3731,-3009,-2294,-1180,3732]],"type":"Polygon","properties":{"name":"Otsego"},"id":"26137"},{"arcs":[[3733,3734,-217,3735,-1888]],"type":"Polygon","properties":{"name":"Frio"},"id":"48163"},{"arcs":[[3736,3737,-209,3738,3739,3740,3741]],"type":"Polygon","properties":{"name":"Harney"},"id":"41025"},{"arcs":[[3742,3743,-1152,3744,-3427,-2715,3745]],"type":"Polygon","properties":{"name":"Holt"},"id":"31089"},{"arcs":[[-2833,-3473,-3199,-1160,-593,-3688,-2356]],"type":"Polygon","properties":{"name":"Erath"},"id":"48143"},{"arcs":[[-3710,-2991,3746,3747,-1422]],"type":"Polygon","properties":{"name":"Osceola"},"id":"26133"},{"arcs":[[3748,3749,3750,3751]],"type":"Polygon","properties":{"name":"Bamberg"},"id":"45009"},{"arcs":[[-1445,3752,-3674,3753,3754]],"type":"Polygon","properties":{"name":"Stevens"},"id":"27149"},{"arcs":[[[3755,3756,-50]],[[3757]],[[3758]],[[3759]],[[3760]],[[3761]],[[3762]],[[3763]],[[3764]],[[3765]],[[3766]],[[3767]]],"type":"MultiPolygon","properties":{"name":"Kodiak Island"},"id":"02150"},{"arcs":[[3768,3769,3770,-2650,-2233]],"type":"Polygon","properties":{"name":"Warren"},"id":"29219"},{"arcs":[[-1123,-3443,-686,3771,-2879,3772]],"type":"Polygon","properties":{"name":"Cass"},"id":"19029"},{"arcs":[[3773,-1817,3774,-2072,-1405,-1369]],"type":"Polygon","properties":{"name":"Logan"},"id":"20109"},{"arcs":[[3775,3776,3777,-180,3778,3779,3780]],"type":"Polygon","properties":{"name":"Jeff Davis"},"id":"13161"},{"arcs":[[3781,3782,3783,-1879,3784]],"type":"Polygon","properties":{"name":"Hemphill"},"id":"48211"},{"arcs":[[3785,3786,3787,3788,3789,3790,3791]],"type":"Polygon","properties":{"name":"Upshur"},"id":"48459"},{"arcs":[[-3748,-1239,-1434,3792]],"type":"Polygon","properties":{"name":"Mecosta"},"id":"26107"},{"arcs":[[-1423,-3793,-1437,3793,3794,-1439]],"type":"Polygon","properties":{"name":"Newaygo"},"id":"26123"},{"arcs":[[3795,-1740,3796,3797,3798,3799]],"type":"Polygon","properties":{"name":"Pulaski"},"id":"17153"},{"arcs":[[3800,3801,3802,3803]],"type":"Polygon","properties":{"name":"Monroe"},"id":"55081"},{"arcs":[[-2746,-1561,-617,-588,-1572]],"type":"Polygon","properties":{"name":"Hale"},"id":"48189"},{"arcs":[[3804,3805]],"type":"Polygon","properties":{"name":"Franklin"},"id":"51620"},{"arcs":[[3806,3807,3808,3809,3810]],"type":"Polygon","properties":{"name":"Petersburg"},"id":"51730"},{"arcs":[[-1039,3811,3812,3813,3814]],"type":"Polygon","properties":{"name":"Davis"},"id":"19051"},{"arcs":[[3815,-1792,-2132,3816]],"type":"Polygon","properties":{"name":"Morgan"},"id":"08087"},{"arcs":[[-3399,-2941,3817,3818,3819,-3251,3820]],"type":"Polygon","properties":{"name":"Madison"},"id":"13195"},{"arcs":[[-1914,3821,3822,3823,-120,-214]],"type":"Polygon","properties":{"name":"Jim Wells"},"id":"48249"},{"arcs":[[3824,-3490,-2951,-519,-1330,-2860]],"type":"Polygon","properties":{"name":"Polk"},"id":"29167"},{"arcs":[[-3563,3825,3826,3827,3828]],"type":"Polygon","properties":{"name":"Chautauqua"},"id":"20019"},{"arcs":[[3829,-2982,3830,3831,3832,3833,3834]],"type":"Polygon","properties":{"name":"Carter"},"id":"40019"},{"arcs":[[-3214,3835,-702,-2209,-3042,3836]],"type":"Polygon","properties":{"name":"Winston"},"id":"28159"},{"arcs":[[3837,-2128,-3354,-2826,-3532,3838]],"type":"Polygon","properties":{"name":"Martin"},"id":"48317"},{"arcs":[[3839,-2185,3840,3841,-3346]],"type":"Polygon","properties":{"name":"Fisher"},"id":"48151"},{"arcs":[[3842,3843,-2191,3844,3845]],"type":"Polygon","properties":{"name":"Winkler"},"id":"48495"},{"arcs":[[3846,3847,-1,-3535,3848]],"type":"Polygon","properties":{"name":"Atkinson"},"id":"13003"},{"arcs":[[-2245,3849,3850,-3678]],"type":"Polygon","properties":{"name":"Crow Wing"},"id":"27035"},{"arcs":[[-3461,3851,-3088,3852,-2330,-559]],"type":"Polygon","properties":{"name":"Saginaw"},"id":"26145"},{"arcs":[[3853,-1581,3854,3855,3856,3857]],"type":"Polygon","properties":{"name":"Washington"},"id":"13303"},{"arcs":[[3858,-2317,-2314,3859]],"type":"Polygon","properties":{"name":"Gu\u00e1nica"},"id":"72055"},{"arcs":[[-2171,3860,3861,3862]],"type":"Polygon","properties":{"name":"Crowley"},"id":"08025"},{"arcs":[[-2950,3863,-2341,-2120,3864,-521]],"type":"Polygon","properties":{"name":"Webster"},"id":"29225"},{"arcs":[[3865,3866,3867,-2759,-305]],"type":"Polygon","properties":{"name":"Monroe"},"id":"29137"},{"arcs":[[3868,-389,3869,-391,3870,3871]],"type":"Polygon","properties":{"name":"Greeley"},"id":"31077"},{"arcs":[[3872,-1696,3873,3874,3875]],"type":"Polygon","properties":{"name":"Coffee"},"id":"01031"},{"arcs":[[3876,3877,3878,3879,3880,-1263,3881,3882,3883]],"type":"Polygon","properties":{"name":"Stafford"},"id":"51179"},{"arcs":[[-959,-2394,-2645,-3556,-704]],"type":"Polygon","properties":{"name":"Saline"},"id":"31151"},{"arcs":[[-1803,-2697,-2728,3884,3885,-1452,-55]],"type":"Polygon","properties":{"name":"Wayne"},"id":"17191"},{"arcs":[[3886,3887,3888,-3786,3889]],"type":"Polygon","properties":{"name":"Camp"},"id":"48063"},{"arcs":[[-2968,3890,3891,-1809,-3121]],"type":"Polygon","properties":{"name":"Geary"},"id":"20061"},{"arcs":[[3892,3893,3894,3895,3896,3897,-962,3898]],"type":"Polygon","properties":{"name":"Stark"},"id":"39151"},{"arcs":[[3899,3900,3901,3902]],"type":"Polygon","properties":{"name":"Juncos"},"id":"72077"},{"arcs":[[-3227,-853,-331,-2395,-2422]],"type":"Polygon","properties":{"name":"Oldham"},"id":"48359"},{"arcs":[[3903,-1827,3904,-1769,3905]],"type":"Polygon","properties":{"name":"Henry"},"id":"01067"},{"arcs":[[3906,3907,-2304,-1448,3908]],"type":"Polygon","properties":{"name":"Cumberland"},"id":"17035"},{"arcs":[[3909,-2111]],"type":"Polygon","properties":{"name":"Williamsburg"},"id":"51830"},{"arcs":[[-3048,3910,3911,-3542,3912,3913,3914]],"type":"Polygon","properties":{"name":"Lincoln"},"id":"47103"},{"arcs":[[3915,-3295,-3699,3916,-3544,-2300,-3081]],"type":"Polygon","properties":{"name":"Osborne"},"id":"20141"},{"arcs":[[3917,3918,-503,3919,3920,3921]],"type":"Polygon","properties":{"name":"Monroe"},"id":"21171"},{"arcs":[[3922,-2930,3923,-3481,3924]],"type":"Polygon","properties":{"name":"Benton"},"id":"28009"},{"arcs":[[-388,-1217,-652,-392,-3870]],"type":"Polygon","properties":{"name":"Nance"},"id":"31125"},{"arcs":[[3925,3926,-1782,3927,3928,3929]],"type":"Polygon","properties":{"name":"Jefferson"},"id":"16051"},{"arcs":[[-3429,3930,-3872,3931,-664]],"type":"Polygon","properties":{"name":"Valley"},"id":"31175"},{"arcs":[[3932,-1218,-1248,3933,3934]],"type":"Polygon","properties":{"name":"Essex"},"id":"50009"},{"arcs":[[-3223,3935,3936,3937,3938]],"type":"Polygon","properties":{"name":"Lincoln"},"id":"05079"},{"arcs":[[-2889,3939,3940,3941,3942]],"type":"Polygon","properties":{"name":"Wyoming"},"id":"36121"},{"arcs":[[3943,3944,3945,3946,-1323]],"type":"Polygon","properties":{"name":"Washington"},"id":"29221"},{"arcs":[[3947,3948,3949,3950,3951]],"type":"Polygon","properties":{"name":"Franklin"},"id":"37069"},{"arcs":[[-2621,-1345,-2374,3952,3953,-2840]],"type":"Polygon","properties":{"name":"Meade"},"id":"20119"},{"arcs":[[3954,3955,3956,-2079,3957,-2077]],"type":"Polygon","properties":{"name":"Pennington"},"id":"27113"},{"arcs":[[-3808,3958]],"type":"Polygon","properties":{"name":"Colonial Heights"},"id":"51570"},{"arcs":[[3959,-3568,3960,3961,3962]],"type":"Polygon","properties":{"name":"Yuma"},"id":"04027"},{"arcs":[[3963,3964,-2528,-3298,3965]],"type":"Polygon","properties":{"name":"Boone"},"id":"05009"},{"arcs":[[3966,3967,3968,3969,3970,3971,3972]],"type":"Polygon","properties":{"name":"Northeastern Connecticut"},"id":"09150"},{"arcs":[[3973,3974,3975,3976,3977,3978,3979,-3819]],"type":"Polygon","properties":{"name":"Elbert"},"id":"13105"},{"arcs":[[3980,3981,3982,3983,-1738]],"type":"Polygon","properties":{"name":"Pope"},"id":"17151"},{"arcs":[[3984,3985,3986,3987,3988,3989,3990,-1242]],"type":"Polygon","properties":{"name":"Dunklin"},"id":"29069"},{"arcs":[[3991,3992,3993,3994,3995]],"type":"Polygon","properties":{"name":"Blaine"},"id":"30005"},{"arcs":[[[3996]],[[3997,3998]],[[3999,4000]],[[4001,4002]]],"type":"MultiPolygon","properties":{"name":"Dare"},"id":"37055"},{"arcs":[[4003,4004,4005,4006]],"type":"Polygon","properties":{"name":"Carteret"},"id":"37031"},{"arcs":[[4007,4008,4009,4010,4011]],"type":"Polygon","properties":{"name":"LaPorte"},"id":"18091"},{"arcs":[[4012,-3176,4013,4014,-1730,4015,4016]],"type":"Polygon","properties":{"name":"Lake"},"id":"18089"},{"arcs":[[4017,4018,4019,4020,4021,4022,4023]],"type":"Polygon","properties":{"name":"Henderson"},"id":"21101"},{"arcs":[[4024,4025,4026,4027,4028]],"type":"Polygon","properties":{"name":"Boyd"},"id":"21019"},{"arcs":[[4029,4030,4031,4032,4033,4034]],"type":"Polygon","properties":{"name":"Sabine"},"id":"22085"},{"arcs":[[4035,4036,-158]],"type":"Polygon","properties":{"name":"Chippewa"},"id":"26033"},{"arcs":[[4037,4038,-3609,-1409,-3169,4039]],"type":"Polygon","properties":{"name":"Allegan"},"id":"26005"},{"arcs":[[-2981,4040,4041,-2018,4042,4043,-3831]],"type":"Polygon","properties":{"name":"Johnston"},"id":"40069"},{"arcs":[[4044,4045,-3073,4046,4047,4048,4049,4050]],"type":"Polygon","properties":{"name":"Assumption"},"id":"22007"},{"arcs":[[-2668,-2186,-3840,-3345,-2179]],"type":"Polygon","properties":{"name":"Kent"},"id":"48263"},{"arcs":[[4051,4052,4053,4054,4055,-3018,4056]],"type":"Polygon","properties":{"name":"Thurston"},"id":"31173"},{"arcs":[[4057,-1863,4058,-361,4059]],"type":"Polygon","properties":{"name":"Adams"},"id":"18001"},{"arcs":[[4060,-1777,-819,-1939,-1007,-2606]],"type":"Polygon","properties":{"name":"Linn"},"id":"19113"},{"arcs":[[4061,4062,4063,4064]],"type":"Polygon","properties":{"name":"Escambia"},"id":"12033"},{"arcs":[[-3404,-2963,4065,-1393,-544]],"type":"Polygon","properties":{"name":"Champaign"},"id":"17019"},{"arcs":[[4066,4067,4068,4069,4070]],"type":"Polygon","properties":{"name":"Clay"},"id":"54015"},{"arcs":[[-3407,-879,-2389,-2810,4071,4072,-3238]],"type":"Polygon","properties":{"name":"Lemhi"},"id":"16059"},{"arcs":[[4073,4074,4075,4076,-3465,-2286,4077]],"type":"Polygon","properties":{"name":"Jones"},"id":"13169"},{"arcs":[[4078,-428,4079,-3487,-3825,-2859,4080]],"type":"Polygon","properties":{"name":"St. Clair"},"id":"29185"},{"arcs":[[4081,4082,4083,-3436,-2875]],"type":"Polygon","properties":{"name":"Orange"},"id":"18117"},{"arcs":[[4084,-517,-3555,-2042,-698,4085]],"type":"Polygon","properties":{"name":"Lowndes"},"id":"28087"},{"arcs":[[4086,4087,4088,-339,4089,-2454]],"type":"Polygon","properties":{"name":"Morovis"},"id":"72101"},{"arcs":[[[4090,-784]],[[4091,-2866]],[[-3029,4092]],[[4093]],[[4094]],[[4095]],[[4096]],[[4097]],[[4098]],[[4099]],[[4100]]],"type":"MultiPolygon","properties":{"name":"Prince of Wales-Hyder"},"id":"02198"},{"arcs":[[-2642,-2598,-277,-540,4101]],"type":"Polygon","properties":{"name":"Gilmer"},"id":"13123"},{"arcs":[[4102,-1331,-523,4103,-2584,4104,4105]],"type":"Polygon","properties":{"name":"Lawrence"},"id":"29109"},{"arcs":[[4106,-2450,4107,-3124]],"type":"Polygon","properties":{"name":"Quebradillas"},"id":"72115"},{"arcs":[[[4108]],[[4109]],[[4110]],[[4111]],[[4112]],[[4113]],[[4114]],[[4115,4116,4117,4118,4119,4120]]],"type":"MultiPolygon","properties":{"name":"Chugach"},"id":"02063"},{"arcs":[[-3185,-1128,-971,-3190,-453]],"type":"Polygon","properties":{"name":"Hanson"},"id":"46061"},{"arcs":[[4121,4122,4123,4124,-1098,4125,-3721]],"type":"Polygon","properties":{"name":"Montgomery"},"id":"17135"},{"arcs":[[4126,4127,-2252,-612,4128,4129,-892]],"type":"Polygon","properties":{"name":"Slope"},"id":"38087"},{"arcs":[[4130,4131,4132,4133]],"type":"Polygon","properties":{"name":"Pe\u00f1uelas"},"id":"72111"},{"arcs":[[4134,4135,-471,-3500,4136,4137,4138]],"type":"Polygon","properties":{"name":"Lincoln"},"id":"35027"},{"arcs":[[4139,-3658,-1274,4140,-769]],"type":"Polygon","properties":{"name":"Bottineau"},"id":"38009"},{"arcs":[[4141,-1228,4142,4143,4144]],"type":"Polygon","properties":{"name":"Cameron"},"id":"42023"},{"arcs":[[4145,4146,4147,-1579,4148,4149]],"type":"Polygon","properties":{"name":"Warren"},"id":"13301"},{"arcs":[[4150,4151,4152,4153,4154,4155,4156,4157]],"type":"Polygon","properties":{"name":"St. Louis"},"id":"27137"},{"arcs":[[4158,4159,-4150,4160,4161]],"type":"Polygon","properties":{"name":"Taliaferro"},"id":"13265"},{"arcs":[[-3528,4162,4163,4164,4165,4166]],"type":"Polygon","properties":{"name":"Kerr"},"id":"48265"},{"arcs":[[-1545,-3530,4167,4168,4169]],"type":"Polygon","properties":{"name":"Sutton"},"id":"48435"},{"arcs":[[4170,4171,-2339,-3468,4172,4173]],"type":"Polygon","properties":{"name":"Forrest"},"id":"28035"},{"arcs":[[4174,4175,4176,4177,4178]],"type":"Polygon","properties":{"name":"Todd"},"id":"21219"},{"arcs":[[-1917,4179,4180,4181,4182,4183]],"type":"Polygon","properties":{"name":"Walsh"},"id":"38099"},{"arcs":[[4184,-203,4185,4186]],"type":"Polygon","properties":{"name":"Cleveland"},"id":"40027"},{"arcs":[[4187,4188,4189,4190,4191,4192,4193]],"type":"Polygon","properties":{"name":"Klamath"},"id":"41035"},{"arcs":[[4194,4195,4196,4197,4198]],"type":"Polygon","properties":{"name":"Clarion"},"id":"42031"},{"arcs":[[4199,4200,4201,4202,4203,4204]],"type":"Polygon","properties":{"name":"Lee"},"id":"21129"},{"arcs":[[-2359,4205,4206,4207,4208,4209]],"type":"Polygon","properties":{"name":"McMinn"},"id":"47107"},{"arcs":[[4210,4211,4212,4213,4214,4215]],"type":"Polygon","properties":{"name":"Grimes"},"id":"48185"},{"arcs":[[4216,-3839,-3531,-2187,-3844,4217]],"type":"Polygon","properties":{"name":"Andrews"},"id":"48003"},{"arcs":[[4218,4219]],"type":"Polygon","properties":{"name":"Manassas"},"id":"51683"},{"arcs":[[4220,4221,4222,4223,4224]],"type":"Polygon","properties":{"name":"Fayette"},"id":"54019"},{"arcs":[[-1652,-984,-3111,-3456,4225,4226]],"type":"Polygon","properties":{"name":"Adams"},"id":"55001"},{"arcs":[[4227,4228,4229,-4211,4230]],"type":"Polygon","properties":{"name":"Madison"},"id":"48313"},{"arcs":[[4231,4232]],"type":"Polygon","properties":{"name":"Salem"},"id":"51775"},{"arcs":[[4233,4234,4235]],"type":"Polygon","properties":{"name":"Maunabo"},"id":"72095"},{"arcs":[[4236,-3590,-1899,4237,4238,4239]],"type":"Polygon","properties":{"name":"Cuyahoga"},"id":"39035"},{"arcs":[[4240,4241,4242,4243,4244,4245,4246]],"type":"Polygon","properties":{"name":"Union"},"id":"46127"},{"arcs":[[4247,4248,4249,4250,4251,4252,4253]],"type":"Polygon","properties":{"name":"Corson"},"id":"46031"},{"arcs":[[4254,4255,4256,4257,4258]],"type":"Polygon","properties":{"name":"Franklin"},"id":"50011"},{"arcs":[[4259,4260,4261,4262,4263,4264,4265,4266,4267],[-1721]],"type":"Polygon","properties":{"name":"Fairfax"},"id":"51059"},{"arcs":[[4268,4269,4270,4271,4272,4273,-2521]],"type":"Polygon","properties":{"name":"Mercer"},"id":"54055"},{"arcs":[[-3716,4274,4275,4276,4277]],"type":"Polygon","properties":{"name":"Buffalo"},"id":"55011"},{"arcs":[[-1695,4278,-3906,-1774,4279,-3874]],"type":"Polygon","properties":{"name":"Dale"},"id":"01045"},{"arcs":[[4280,4281,4282,4283,4284]],"type":"Polygon","properties":{"name":"Bradley"},"id":"05011"},{"arcs":[[-797,4285,4286,4287,4288,-94]],"type":"Polygon","properties":{"name":"Dodge"},"id":"13091"},{"arcs":[[4289,-1841,4290]],"type":"Polygon","properties":{"name":"Delta"},"id":"08029"},{"arcs":[[4291,4292,4293,4294,4295]],"type":"Polygon","properties":{"name":"Lake"},"id":"08065"},{"arcs":[[4296,-2702,4297,-942,4298,-810]],"type":"Polygon","properties":{"name":"Putnam"},"id":"18133"},{"arcs":[[-1948,-1029,-1108,4299,4300,4301]],"type":"Polygon","properties":{"name":"Polk"},"id":"19153"},{"arcs":[[-3031,4302,4303,-1121,4304,4305]],"type":"Polygon","properties":{"name":"Crawford"},"id":"19047"},{"arcs":[[-68,-3004,4306,4307,4308,4309,4310]],"type":"Polygon","properties":{"name":"Ripley"},"id":"18137"},{"arcs":[[4311,4312,-1818,-3774,-1368,-631]],"type":"Polygon","properties":{"name":"Sherman"},"id":"20181"},{"arcs":[[4313,4314,4315,-556,4316,4317,4318,4319]],"type":"Polygon","properties":{"name":"Bienville"},"id":"22013"},{"arcs":[[4320,4321,-826,4322]],"type":"Polygon","properties":{"name":"Kanabec"},"id":"27065"},{"arcs":[[-2081,-1979,-2971,4323,4324,4325]],"type":"Polygon","properties":{"name":"Norman"},"id":"27107"},{"arcs":[[4326,4327,-3620,4328,-2490,4329]],"type":"Polygon","properties":{"name":"Copiah"},"id":"28029"},{"arcs":[[4330,-3603,4331,4332,4333,-3483]],"type":"Polygon","properties":{"name":"Prentiss"},"id":"28117"},{"arcs":[[4334,4335,-3630,-2646]],"type":"Polygon","properties":{"name":"Johnson"},"id":"31097"},{"arcs":[[-567,4336,4337,4338,-645]],"type":"Polygon","properties":{"name":"Red Willow"},"id":"31145"},{"arcs":[[-263,-960,-703,-2589]],"type":"Polygon","properties":{"name":"York"},"id":"31185"},{"arcs":[[-3503,4339,4340,4341,-266,4342]],"type":"Polygon","properties":{"name":"Eddy"},"id":"35015"},{"arcs":[[-2998,4343,-195,4344,4345]],"type":"Polygon","properties":{"name":"Hidalgo"},"id":"35023"},{"arcs":[[4346,4347,4348,-1501,4349,4350]],"type":"Polygon","properties":{"name":"Chemung"},"id":"36015"},{"arcs":[[4351,4352,-4027,4353,4354,-1388,4355]],"type":"Polygon","properties":{"name":"Lawrence"},"id":"21127"},{"arcs":[[[-2382,4356]],[[4357]],[[4358]],[[4359,4360,4361]]],"type":"MultiPolygon","properties":{"name":"Knox"},"id":"23013"},{"arcs":[[-2852,4362,-1332,-4103,4363,4364]],"type":"Polygon","properties":{"name":"Jasper"},"id":"29097"},{"arcs":[[4365,-4364,-4106,4366,4367,4368]],"type":"Polygon","properties":{"name":"Newton"},"id":"29145"},{"arcs":[[4369,-3996,4370,4371]],"type":"Polygon","properties":{"name":"Hill"},"id":"30041"},{"arcs":[[4372,-1019,4373,4374,4375]],"type":"Polygon","properties":{"name":"Pend Oreille"},"id":"53051"},{"arcs":[[4376,4377,4378,4379]],"type":"Polygon","properties":{"name":"Napa"},"id":"06055"},{"arcs":[[4380,4381,4382,4383]],"type":"Polygon","properties":{"name":"Glades"},"id":"12043"},{"arcs":[[4384,-1350,-935,-2869,4385,4386]],"type":"Polygon","properties":{"name":"Henry"},"id":"13151"},{"arcs":[[-3670,4387,-4123,4388]],"type":"Polygon","properties":{"name":"Christian"},"id":"17021"},{"arcs":[[4389,4390,4391,4392,-4082,-2874]],"type":"Polygon","properties":{"name":"Lawrence"},"id":"18093"},{"arcs":[[-812,4393,4394,-4390,-2873,4395,4396,4397]],"type":"Polygon","properties":{"name":"Greene"},"id":"18055"},{"arcs":[[-184,-2703,-4297,-809,4398,4399]],"type":"Polygon","properties":{"name":"Parke"},"id":"18121"},{"arcs":[[-1107,-948,-1114,-3475,4400,-4300]],"type":"Polygon","properties":{"name":"Marion"},"id":"19125"},{"arcs":[[-2074,-1974,4401,-2541,-2623,-2839,-3687]],"type":"Polygon","properties":{"name":"Finney"},"id":"20055"},{"arcs":[[4402,4403,4404,4405,4406,4407]],"type":"Polygon","properties":{"name":"Franklin"},"id":"21073"},{"arcs":[[-3705,-1083,4408,4409,4410,4411]],"type":"Polygon","properties":{"name":"Marion"},"id":"21155"},{"arcs":[[-4318,4412,4413,4414,4415,4416]],"type":"Polygon","properties":{"name":"Winn"},"id":"22127"},{"arcs":[[-3646,-956,-3216,4417,4418]],"type":"Polygon","properties":{"name":"Montgomery"},"id":"28097"},{"arcs":[[-3013,-308,4419,4420,4421]],"type":"Polygon","properties":{"name":"Howard"},"id":"29089"},{"arcs":[[-3335,-1568,4422,4423,4424,4425]],"type":"Polygon","properties":{"name":"Powell"},"id":"30077"},{"arcs":[[4426,4427,-763,-379,-1192]],"type":"Polygon","properties":{"name":"Cole"},"id":"29051"},{"arcs":[[-4245,4428,-4053,4429]],"type":"Polygon","properties":{"name":"Dakota"},"id":"31043"},{"arcs":[[-2064,-3672,-3015,4430,4431,4432]],"type":"Polygon","properties":{"name":"Carroll"},"id":"29033"},{"arcs":[[4433,4434,4435,4436,4437,4438,-2032,-229]],"type":"Polygon","properties":{"name":"Le Flore"},"id":"40079"},{"arcs":[[-3191,-476,4439,4440,4441,4442]],"type":"Polygon","properties":{"name":"Yankton"},"id":"46135"},{"arcs":[[4443,4444,4445,4446,4447]],"type":"Polygon","properties":{"name":"Clarke"},"id":"51043"},{"arcs":[[4448,4449,4450,4451,4452,4453]],"type":"Polygon","properties":{"name":"Bowie"},"id":"48037"},{"arcs":[[4454,-2216,4455,4456,4457,4458,4459]],"type":"Polygon","properties":{"name":"Addison"},"id":"50001"},{"arcs":[[4460,4461,4462,4463,4464,4465]],"type":"Polygon","properties":{"name":"Blount"},"id":"01009"},{"arcs":[[4466,-2455,-4090,-344,4467,4468,4469,4470]],"type":"Polygon","properties":{"name":"Orocovis"},"id":"72107"},{"arcs":[[4471,4472,4473,-447,4474]],"type":"Polygon","properties":{"name":"Morton"},"id":"20129"},{"arcs":[[4475,4476]],"type":"Polygon","properties":{"name":"Marin"},"id":"06041"},{"arcs":[[4477,4478,4479,4480,4481,4482]],"type":"Polygon","properties":{"name":"Sussex"},"id":"10005"},{"arcs":[[4483,4484,4485,4486]],"type":"Polygon","properties":{"name":"District of Columbia"},"id":"11001"},{"arcs":[[-2940,4487,4488,-3974,-3818]],"type":"Polygon","properties":{"name":"Hart"},"id":"13147"},{"arcs":[[-3722,-4126,-1101,-3512,4489,4490,4491,4492,4493]],"type":"Polygon","properties":{"name":"Madison"},"id":"17119"},{"arcs":[[4494,4495,4496,-2725]],"type":"Polygon","properties":{"name":"Lawrence"},"id":"17101"},{"arcs":[[4497,4498,-3440,4499,4500,-4019,4501]],"type":"Polygon","properties":{"name":"Warrick"},"id":"18173"},{"arcs":[[4502,4503,-753,-1941]],"type":"Polygon","properties":{"name":"Scott"},"id":"19163"},{"arcs":[[-1945,4504,4505,4506,4507,4508]],"type":"Polygon","properties":{"name":"Lee"},"id":"19111"},{"arcs":[[4509,4510,4511,4512,4513]],"type":"Polygon","properties":{"name":"Oldham"},"id":"21185"},{"arcs":[[[4514]],[[4515]],[[4516,4517,4518]]],"type":"MultiPolygon","properties":{"name":"St. Bernard"},"id":"22087"},{"arcs":[[[4519,-4048,4520,4521]],[[4522]],[[4523]]],"type":"MultiPolygon","properties":{"name":"Terrebonne"},"id":"22109"},{"arcs":[[4524,4525,4526,4527,4528]],"type":"Polygon","properties":{"name":"Queen Anne's"},"id":"24035"},{"arcs":[[-2492,4529,-887,4530,4531]],"type":"Polygon","properties":{"name":"Walthall"},"id":"28147"},{"arcs":[[4532,4533,-4508,4534,4535,-1173]],"type":"Polygon","properties":{"name":"Clark"},"id":"29045"},{"arcs":[[-899,-383,-1763,4536,-2948,-3489,4537]],"type":"Polygon","properties":{"name":"Camden"},"id":"29029"},{"arcs":[[-2442,-2065,-4433,4538,4539,4540]],"type":"Polygon","properties":{"name":"Ray"},"id":"29177"},{"arcs":[[-166,-900,-4538,-3488,-4080,-427]],"type":"Polygon","properties":{"name":"Benton"},"id":"29015"},{"arcs":[[-2888,4541,4542,4543,4544,-3940]],"type":"Polygon","properties":{"name":"Livingston"},"id":"36051"},{"arcs":[[4545,4546,4547,4548,4549,4550,4551]],"type":"Polygon","properties":{"name":"Burke"},"id":"37023"},{"arcs":[[4552,4553,4554,4555,4556]],"type":"Polygon","properties":{"name":"Guilford"},"id":"37081"},{"arcs":[[4557,4558,4559,-1265,4560]],"type":"Polygon","properties":{"name":"Rowan"},"id":"37159"},{"arcs":[[4561,4562,-3454,4563,-314,4564]],"type":"Polygon","properties":{"name":"Franklin"},"id":"39049"},{"arcs":[[-1466,4565,-1757,4566,4567]],"type":"Polygon","properties":{"name":"Payne"},"id":"40119"},{"arcs":[[4568,4569,4570,4571,4572,4573]],"type":"Polygon","properties":{"name":"Centre"},"id":"42027"},{"arcs":[[4574,4575,4576,-504,-3919,4577]],"type":"Polygon","properties":{"name":"Metcalfe"},"id":"21169"},{"arcs":[[4578,4579,4580,4581,4582]],"type":"Polygon","properties":{"name":"White"},"id":"47185"},{"arcs":[[4583,4584,4585,-3693,4586]],"type":"Polygon","properties":{"name":"Wichita"},"id":"48485"},{"arcs":[[4587,4588,-4034,4589,-2217,4590,4591]],"type":"Polygon","properties":{"name":"Shelby"},"id":"48419"},{"arcs":[[4592,4593,4594,4595]],"type":"Polygon","properties":{"name":"Asotin"},"id":"53003"},{"arcs":[[4596,-132,4597,4598,4599,4600,4601,-4222]],"type":"Polygon","properties":{"name":"Greenbrier"},"id":"54025"},{"arcs":[[-3287,4602,4603,4604,4605]],"type":"Polygon","properties":{"name":"Gregory"},"id":"46053"},{"arcs":[[4606,4607,4608,4609,-2898,4610]],"type":"Polygon","properties":{"name":"Austin"},"id":"48015"},{"arcs":[[4611,-4259,4612,4613]],"type":"Polygon","properties":{"name":"Grand Isle"},"id":"50013"},{"arcs":[[4614,4615,4616,4617]],"type":"Polygon","properties":{"name":"Powhatan"},"id":"51145"},{"arcs":[[4618,4619,4620,4621]],"type":"Polygon","properties":{"name":"Colbert"},"id":"01033"},{"arcs":[[4622,4623,4624,4625,4626,4627]],"type":"Polygon","properties":{"name":"Randolph"},"id":"05121"},{"arcs":[[4628,-1750,-370,4629,4630,4631]],"type":"Polygon","properties":{"name":"Prowers"},"id":"08099"},{"arcs":[[4632,4633,4634,4635,4636,4637]],"type":"Polygon","properties":{"name":"Larimer"},"id":"08069"},{"arcs":[[4638,4639,-4478,4640,-4526,4641]],"type":"Polygon","properties":{"name":"Kent"},"id":"10001"},{"arcs":[[4642,-4384,4643,4644,4645,4646,4647]],"type":"Polygon","properties":{"name":"Charlotte"},"id":"12015"},{"arcs":[[-3905,-1826,4648,4649,4650,4651,-1770]],"type":"Polygon","properties":{"name":"Early"},"id":"13099"},{"arcs":[[4652,4653,4654,4655,4656,4657,4658]],"type":"Polygon","properties":{"name":"Bell"},"id":"21013"},{"arcs":[[-3497,-3129,-569,-644,4659,-3682]],"type":"Polygon","properties":{"name":"Hayes"},"id":"31085"},{"arcs":[[4660,-312,4661,4662,4663,4664,4665]],"type":"Polygon","properties":{"name":"Sandoval"},"id":"35043"},{"arcs":[[4666,4667,4668,4669,4670]],"type":"Polygon","properties":{"name":"Taos"},"id":"35055"},{"arcs":[[4671,4672,4673,4674,4675]],"type":"Polygon","properties":{"name":"Henderson"},"id":"37089"},{"arcs":[[4676,4677,4678,4679,4680,4681,4682]],"type":"Polygon","properties":{"name":"Haywood"},"id":"37087"},{"arcs":[[4683,4684,4685,4686,4687,4688]],"type":"Polygon","properties":{"name":"Martin"},"id":"37117"},{"arcs":[[-1849,4689,4690,4691,-1658]],"type":"Polygon","properties":{"name":"Miami"},"id":"39109"},{"arcs":[[4692,-3280,-3432,-3180,4693,4694]],"type":"Polygon","properties":{"name":"Alfalfa"},"id":"40003"},{"arcs":[[4695,-4694,-3184,4696,-2136,-1901,-2718]],"type":"Polygon","properties":{"name":"Major"},"id":"40093"},{"arcs":[[4697,-1499,4698,-1133,4699,-1195,4700,4701,-1226]],"type":"Polygon","properties":{"name":"Lycoming"},"id":"42081"},{"arcs":[[4702,4703,4704,4705,4706,4707,4708,4709]],"type":"Polygon","properties":{"name":"Florence"},"id":"45041"},{"arcs":[[4710,4711,-1045,4712,-3156]],"type":"Polygon","properties":{"name":"Bledsoe"},"id":"47007"},{"arcs":[[4713,4714,4715,4716,4717]],"type":"Polygon","properties":{"name":"Cheatham"},"id":"47021"},{"arcs":[[4718,4719,4720,4721,4722,4723]],"type":"Polygon","properties":{"name":"Denton"},"id":"48121"},{"arcs":[[4724,4725,-3890,-3792,4726,4727,-1991]],"type":"Polygon","properties":{"name":"Wood"},"id":"48499"},{"arcs":[[4728,4729,4730,4731,4732,-4229,4733]],"type":"Polygon","properties":{"name":"Houston"},"id":"48225"},{"arcs":[[4734,-4459,4735,4736,4737,4738,4739]],"type":"Polygon","properties":{"name":"Washington"},"id":"36115"},{"arcs":[[4740,4741,4742,4743,4744,4745,4746]],"type":"Polygon","properties":{"name":"Morris"},"id":"34027"},{"arcs":[[[4747]],[[4748,4749,4750,4751,4752]]],"type":"MultiPolygon","properties":{"name":"Erie"},"id":"39043"},{"arcs":[[4753,4754,4755,4756,4757,4758,4759,4760]],"type":"Polygon","properties":{"name":"Bucks"},"id":"42017"},{"arcs":[[4761,4762,-220,-216,4763,4764,4765]],"type":"Polygon","properties":{"name":"Webb"},"id":"48479"},{"arcs":[[-3559,-3021,4766,-909,-1216]],"type":"Polygon","properties":{"name":"Colfax"},"id":"31037"},{"arcs":[[4767,-2661,4768,4769,-3961,-3567]],"type":"Polygon","properties":{"name":"Maricopa"},"id":"04013"},{"arcs":[[4770,4771,4772,4773,4774],[4775]],"type":"Polygon","properties":{"name":"Henry"},"id":"51089"},{"arcs":[[4776,4777,4778,4779,4780]],"type":"Polygon","properties":{"name":"Calhoun"},"id":"01015"},{"arcs":[[[4781]],[[4782,4783,4784,4785,4786]],[[4787]]],"type":"MultiPolygon","properties":{"name":"Skagit"},"id":"53057"},{"arcs":[[4788,-4154,4789,4790,4791,4792,4793]],"type":"Polygon","properties":{"name":"Douglas"},"id":"55031"},{"arcs":[[4794,-3938,4795,4796,4797,-4282]],"type":"Polygon","properties":{"name":"Drew"},"id":"05043"},{"arcs":[[4798,-4387,4799,4800,4801]],"type":"Polygon","properties":{"name":"Clayton"},"id":"13063"},{"arcs":[[4802,4803,4804,4805,4806]],"type":"Polygon","properties":{"name":"McIntosh"},"id":"13191"},{"arcs":[[-4295,4807,4808,4809,4810,4811]],"type":"Polygon","properties":{"name":"Chaffee"},"id":"08015"},{"arcs":[[-2727,4812,4813,-3885]],"type":"Polygon","properties":{"name":"Edwards"},"id":"17047"},{"arcs":[[4814,-1778,-4061,-2605,4815]],"type":"Polygon","properties":{"name":"Buchanan"},"id":"19019"},{"arcs":[[4816,-4022,4817,4818,4819,4820]],"type":"Polygon","properties":{"name":"Webster"},"id":"21233"},{"arcs":[[-2823,4821,4822,4823,4824,4825]],"type":"Polygon","properties":{"name":"Evangeline"},"id":"22039"},{"arcs":[[4826,4827,4828,4829,4830,-932]],"type":"Polygon","properties":{"name":"Morgan"},"id":"13211"},{"arcs":[[4831,-2098,4832,4833]],"type":"Polygon","properties":{"name":"Schley"},"id":"13249"},{"arcs":[[-4265,4834,4835,4836,4837]],"type":"Polygon","properties":{"name":"Charles"},"id":"24017"},{"arcs":[[-143,4838,4839,4840,-876,4841,4842]],"type":"Polygon","properties":{"name":"Clearwater"},"id":"16035"},{"arcs":[[[4843,-15,4844,-4002,4845,4846]],[[-3999,4847]]],"type":"MultiPolygon","properties":{"name":"Hyde"},"id":"37095"},{"arcs":[[4848,4849,4850,4851,4852,4853]],"type":"Polygon","properties":{"name":"Pierce"},"id":"55093"},{"arcs":[[4854,4855,4856,4857,4858,4859,4860]],"type":"Polygon","properties":{"name":"Stewart"},"id":"47161"},{"arcs":[[4861,-1302,4862,4863,-3492,4864]],"type":"Polygon","properties":{"name":"Buckingham"},"id":"51029"},{"arcs":[[4865,-3729,4866,4867,-2774,4868,4869,4870]],"type":"Polygon","properties":{"name":"Converse"},"id":"56009"},{"arcs":[[-3494,4871,-732,4872,4873,4874]],"type":"Polygon","properties":{"name":"Charlotte"},"id":"51037"},{"arcs":[[4875,4876,4877,4878,4879,4880]],"type":"Polygon","properties":{"name":"Laurens"},"id":"45059"},{"arcs":[[4881,4882,4883,4884,4885,-1130,4886]],"type":"Polygon","properties":{"name":"Bristol"},"id":"25005"},{"arcs":[[4887,-4411,4888,4889,4890,4891]],"type":"Polygon","properties":{"name":"Larue"},"id":"21123"},{"arcs":[[-3771,4892,4893,4894,-3944,-1322,-2651]],"type":"Polygon","properties":{"name":"Franklin"},"id":"29071"},{"arcs":[[4895,-3983,4896,4897,-3164,4898,4899]],"type":"Polygon","properties":{"name":"Livingston"},"id":"21139"},{"arcs":[[4900,4901,4902,4903,4904,-4177]],"type":"Polygon","properties":{"name":"Logan"},"id":"21141"},{"arcs":[[4905,4906,4907,4908,4909,4910]],"type":"Polygon","properties":{"name":"San Joaquin"},"id":"06077"},{"arcs":[[-3362,4911,4912,4913,4914,4915]],"type":"Polygon","properties":{"name":"Fillmore"},"id":"27045"},{"arcs":[[4916,-3157,-4713,-1044,-2361,4917,4918,4919,-2467]],"type":"Polygon","properties":{"name":"Hamilton"},"id":"47065"},{"arcs":[[-2537,-582,-1799,-1947,-2426,4920,4921]],"type":"Polygon","properties":{"name":"Webster"},"id":"19187"},{"arcs":[[4922,-2744,-3234,-2281,4923,4924,-2676]],"type":"Polygon","properties":{"name":"Mercer"},"id":"17131"},{"arcs":[[4925,4926,4927,4928,4929,4930,4931]],"type":"Polygon","properties":{"name":"Santa Clara"},"id":"06085"},{"arcs":[[4932,-4914,4933,4934,4935,-3478]],"type":"Polygon","properties":{"name":"Winneshiek"},"id":"19191"},{"arcs":[[4936,4937,-4710,4938]],"type":"Polygon","properties":{"name":"Lee"},"id":"45061"},{"arcs":[[-864,4939,4940,4941,4942]],"type":"Polygon","properties":{"name":"Lafayette"},"id":"55065"},{"arcs":[[4943,4944,4945]],"type":"Polygon","properties":{"name":"Kings"},"id":"36047"},{"arcs":[[4946,-3324,4947,4948,4949]],"type":"Polygon","properties":{"name":"Conway"},"id":"05029"},{"arcs":[[-3641,-2674,4950,4951,4952,4953,4954]],"type":"Polygon","properties":{"name":"Tallapoosa"},"id":"01123"},{"arcs":[[4955,4956,4957,4958,4959,4960]],"type":"Polygon","properties":{"name":"Smyth"},"id":"51173"},{"arcs":[[4961,4962,4963,4964,4965,4966]],"type":"Polygon","properties":{"name":"Anne Arundel"},"id":"24003"},{"arcs":[[-3794,-1436,-3163,-3607,-4039,4967,4968]],"type":"Polygon","properties":{"name":"Kent"},"id":"26081"},{"arcs":[[[4969,4970]],[[4971]]],"type":"MultiPolygon","properties":{"name":"Keweenaw"},"id":"26083"},{"arcs":[[4972,4973,4974,4975,4976,-2363]],"type":"Polygon","properties":{"name":"Mason"},"id":"21161"},{"arcs":[[-4324,-2975,-2503,4977,-3113,4978]],"type":"Polygon","properties":{"name":"Clay"},"id":"27027"},{"arcs":[[4979,4980,4981,4982]],"type":"Polygon","properties":{"name":"Beaufort"},"id":"45013"},{"arcs":[[4983,4984,4985,4986,4987,-837]],"type":"Polygon","properties":{"name":"Decatur"},"id":"47039"},{"arcs":[[4988,4989,-3639,4990,4991,4992]],"type":"Polygon","properties":{"name":"Garrett"},"id":"24023"},{"arcs":[[-3286,-740,-349,-3137,-3193,4993,4994,4995,-4603]],"type":"Polygon","properties":{"name":"Charles Mix"},"id":"46023"},{"arcs":[[4996,4997,4998,4999,5000,5001,5002]],"type":"Polygon","properties":{"name":"Lake"},"id":"47095"},{"arcs":[[-1136,5003,5004,5005,5006,5007,5008,-1197]],"type":"Polygon","properties":{"name":"Schuylkill"},"id":"42107"},{"arcs":[[5009,-3973,5010,5011,5012,5013,5014]],"type":"Polygon","properties":{"name":"Capitol"},"id":"09110"},{"arcs":[[5015,5016,5017,5018]],"type":"Polygon","properties":{"name":"Greater Bridgeport"},"id":"09120"},{"arcs":[[5019,-5014,5020,-5016,5021]],"type":"Polygon","properties":{"name":"Naugatuck Valley"},"id":"09140"},{"arcs":[[5022,5023,5024]],"type":"Polygon","properties":{"name":"Lee"},"id":"37105"},{"arcs":[[5025,5026,-3951,5027,5028,5029]],"type":"Polygon","properties":{"name":"Wake"},"id":"37183"},{"arcs":[[-951,-1549,-2758,-3444,5030,-2580,-640]],"type":"Polygon","properties":{"name":"Jackson"},"id":"27063"},{"arcs":[[5031,5032,-4356,-1392,5033,5034,-1416]],"type":"Polygon","properties":{"name":"Morgan"},"id":"21175"},{"arcs":[[5035,5036,5037,5038,-4677,5039]],"type":"Polygon","properties":{"name":"Cocke"},"id":"47029"},{"arcs":[[5040,5041,5042,5043,5044,5045,5046]],"type":"Polygon","properties":{"name":"Charleston"},"id":"45019"},{"arcs":[[5047,5048,-5041,5049]],"type":"Polygon","properties":{"name":"Dorchester"},"id":"45035"},{"arcs":[[5050,5051,-2983,5052,5053]],"type":"Polygon","properties":{"name":"Lauderdale"},"id":"47097"},{"arcs":[[5054,5055,5056,5057,-4207]],"type":"Polygon","properties":{"name":"Loudon"},"id":"47105"},{"arcs":[[5058,-1933,5059,5060,-4117]],"type":"Polygon","properties":{"name":"Copper River"},"id":"02066"},{"arcs":[[5061,5062,-4837]],"type":"Polygon","properties":{"name":"St. Mary's"},"id":"24037"},{"arcs":[[-5011,-3972,5063,5064,5065]],"type":"Polygon","properties":{"name":"Southeastern Connecticut"},"id":"09180"},{"arcs":[[5066,-3899,-961,5067,5068,5069]],"type":"Polygon","properties":{"name":"Holmes"},"id":"39075"},{"arcs":[[5070,5071,-1531,-2637,-1759,5072]],"type":"Polygon","properties":{"name":"Foard"},"id":"48155"},{"arcs":[[5073,-1285,5074,5075,5076,5077]],"type":"Polygon","properties":{"name":"Dallas"},"id":"05039"},{"arcs":[[5078,-3882,-1262,-3881,5079,5080,5081,5082]],"type":"Polygon","properties":{"name":"Spotsylvania"},"id":"51177"},{"arcs":[[-1251,-2684,5083,5084,5085,5086]],"type":"Polygon","properties":{"name":"Merrimack"},"id":"33013"},{"arcs":[[5087,5088,-4193,5089,5090,5091,5092,5093]],"type":"Polygon","properties":{"name":"Siskiyou"},"id":"06093"},{"arcs":[[-2778,-226,-3686,5094,-2914,5095,5096]],"type":"Polygon","properties":{"name":"Dodge"},"id":"55027"},{"arcs":[[5097,5098,-479,-1471]],"type":"Polygon","properties":{"name":"Marshall"},"id":"46091"},{"arcs":[[5099,5100,5101,5102,5103,-827]],"type":"Polygon","properties":{"name":"Chisago"},"id":"27025"},{"arcs":[[-475,5104,-4247,5105,5106,-4440]],"type":"Polygon","properties":{"name":"Clay"},"id":"46027"},{"arcs":[[5107,5108,5109,5110]],"type":"Polygon","properties":{"name":"Chester"},"id":"45023"},{"arcs":[[5111,5112,-5037,5113,5114]],"type":"Polygon","properties":{"name":"Hamblen"},"id":"47063"},{"arcs":[[5115,5116,5117,5118,5119]],"type":"Polygon","properties":{"name":"Lawrence"},"id":"46081"},{"arcs":[[5120,5121,5122,5123,5124,5125]],"type":"Polygon","properties":{"name":"Chester"},"id":"42029"},{"arcs":[[5126,5127,5128,5129,-4705]],"type":"Polygon","properties":{"name":"Dillon"},"id":"45033"},{"arcs":[[-3514,-1804,-53,-804,5130,5131]],"type":"Polygon","properties":{"name":"Washington"},"id":"17189"},{"arcs":[[-2228,-762,5132,5133,5134]],"type":"Polygon","properties":{"name":"Branch"},"id":"26023"},{"arcs":[[[5135,5136,5137,5138]],[[5139,5140]],[[5141,5142]]],"type":"MultiPolygon","properties":{"name":"Somerset"},"id":"24039"},{"arcs":[[5143,5144,-3050,5145,5146,-1140]],"type":"Polygon","properties":{"name":"Maury"},"id":"47119"},{"arcs":[[5147,5148,5149,5150,5151]],"type":"Polygon","properties":{"name":"Calcasieu"},"id":"22019"},{"arcs":[[5152,-2547,5153,-4628,5154,5155,5156]],"type":"Polygon","properties":{"name":"Oregon"},"id":"29149"},{"arcs":[[5157,5158,5159,-3634,-4990,5160]],"type":"Polygon","properties":{"name":"Somerset"},"id":"42111"},{"arcs":[[5161,5162,5163,5164,5165]],"type":"Polygon","properties":{"name":"Ste. Genevieve"},"id":"29186"},{"arcs":[[5166,5167,5168,5169,5170]],"type":"Polygon","properties":{"name":"Sarpy"},"id":"31153"},{"arcs":[[5171,5172,-451,-1362,-3228,-2420,5173,5174]],"type":"Polygon","properties":{"name":"Union"},"id":"35059"},{"arcs":[[5175,5176,5177,5178,5179,5180]],"type":"Polygon","properties":{"name":"Surry"},"id":"51181"},{"arcs":[[-2365,5181,5182,5183,5184]],"type":"Polygon","properties":{"name":"Nicholas"},"id":"21181"},{"arcs":[[-1440,-3795,-4969,5185,5186]],"type":"Polygon","properties":{"name":"Muskegon"},"id":"26121"},{"arcs":[[-4204,5187,5188,5189,5190]],"type":"Polygon","properties":{"name":"Owsley"},"id":"21189"},{"arcs":[[-1427,-1418,5191,-4201,5192,5193]],"type":"Polygon","properties":{"name":"Powell"},"id":"21197"},{"arcs":[[-4904,5194,5195,5196,5197]],"type":"Polygon","properties":{"name":"Simpson"},"id":"21213"},{"arcs":[[-5197,5198,5199,-2354,5200,5201,5202]],"type":"Polygon","properties":{"name":"Sumner"},"id":"47165"},{"arcs":[[5203,5204,5205,5206]],"type":"Polygon","properties":{"name":"Scotland"},"id":"37165"},{"arcs":[[5207,-3414,-711,5208,5209,5210]],"type":"Polygon","properties":{"name":"Highland"},"id":"39071"},{"arcs":[[5211,-881,-3406,5212,5213,-1478]],"type":"Polygon","properties":{"name":"Adams"},"id":"16003"},{"arcs":[[5214,-1318,5215,-4152]],"type":"Polygon","properties":{"name":"Lake"},"id":"27075"},{"arcs":[[5216,5217,5218,5219,-1843]],"type":"Polygon","properties":{"name":"Ouray"},"id":"08091"},{"arcs":[[5220,-3177,-4013,5221,5222,5223]],"type":"Polygon","properties":{"name":"Will"},"id":"17197"},{"arcs":[[-817,5224,5225,5226,5227,-4503,-1940]],"type":"Polygon","properties":{"name":"Clinton"},"id":"19045"},{"arcs":[[-3886,-4814,5228,5229,5230,5231,-1453]],"type":"Polygon","properties":{"name":"White"},"id":"17193"},{"arcs":[[5232,5233,5234]],"type":"Polygon","properties":{"name":"Santa Cruz"},"id":"04023"},{"arcs":[[5235,5236,5237,5238,5239,5240]],"type":"Polygon","properties":{"name":"McCreary"},"id":"21147"},{"arcs":[[5241,5242,5243,-3062,5244,5245]],"type":"Polygon","properties":{"name":"Wayne"},"id":"37191"},{"arcs":[[-4570,5246,-4701,-1194,5247,5248]],"type":"Polygon","properties":{"name":"Union"},"id":"42119"},{"arcs":[[-4863,-1301,5249,-4618,5250,5251]],"type":"Polygon","properties":{"name":"Cumberland"},"id":"51049"},{"arcs":[[-147,-12,5252,5253,5254,5255]],"type":"Polygon","properties":{"name":"Weakley"},"id":"47183"},{"arcs":[[5256,5257,5258,5259,5260,-2893]],"type":"Polygon","properties":{"name":"Lexington"},"id":"45063"},{"arcs":[[5261,-4716,5262,5263,-3045,-5145,5264]],"type":"Polygon","properties":{"name":"Williamson"},"id":"47187"},{"arcs":[[5265,-4023,-4817,5266,5267,5268]],"type":"Polygon","properties":{"name":"Union"},"id":"21225"},{"arcs":[[-3178,-5221,5269]],"type":"Polygon","properties":{"name":"DuPage"},"id":"17043"},{"arcs":[[-4535,-4507,5270,-1786,-1046,5271,5272]],"type":"Polygon","properties":{"name":"Hancock"},"id":"17067"},{"arcs":[[5273,5274,5275,-4588,5276]],"type":"Polygon","properties":{"name":"Panola"},"id":"48365"},{"arcs":[[5277,-2789,5278,-2689,5279,-2771]],"type":"Polygon","properties":{"name":"Goshen"},"id":"56015"},{"arcs":[[-4537,-1765,-1713,-2340,-3864,-2949]],"type":"Polygon","properties":{"name":"Laclede"},"id":"29105"},{"arcs":[[-4539,-4432,5280,-162,5281,5282]],"type":"Polygon","properties":{"name":"Lafayette"},"id":"29107"},{"arcs":[[-4368,5283,5284,5285,5286]],"type":"Polygon","properties":{"name":"McDonald"},"id":"29119"},{"arcs":[[-4571,-5249,5287,5288,5289]],"type":"Polygon","properties":{"name":"Mifflin"},"id":"42087"},{"arcs":[[-3439,5290,5291,5292,-4500]],"type":"Polygon","properties":{"name":"Spencer"},"id":"18147"},{"arcs":[[5293,5294,-813,-4398,5295,5296]],"type":"Polygon","properties":{"name":"Sullivan"},"id":"18153"},{"arcs":[[5297,5298,5299,-4578,-3918,5300]],"type":"Polygon","properties":{"name":"Barren"},"id":"21009"},{"arcs":[[-4415,5301,5302,5303,5304,5305]],"type":"Polygon","properties":{"name":"LaSalle"},"id":"22059"},{"arcs":[[5306,5307,5308,5309,5310,5311]],"type":"Polygon","properties":{"name":"Carroll"},"id":"21041"},{"arcs":[[5312,-4605,5313,5314,5315,5316]],"type":"Polygon","properties":{"name":"Keya Paha"},"id":"31103"},{"arcs":[[5317,5318,-4849,5319]],"type":"Polygon","properties":{"name":"St. Croix"},"id":"55109"},{"arcs":[[-3510,5320,5321,-1289,5322,5323,5324,5325]],"type":"Polygon","properties":{"name":"Teton"},"id":"56039"},{"arcs":[[5326,5327,5328,5329]],"type":"Polygon","properties":{"name":"Pickens"},"id":"45077"},{"arcs":[[5330,5331,5332,-1457,5333,-1220,5334]],"type":"Polygon","properties":{"name":"Oxford"},"id":"23017"},{"arcs":[[5335,-4557,5336,5337,-4559,5338]],"type":"Polygon","properties":{"name":"Davidson"},"id":"37057"},{"arcs":[[-828,-5104,5339,5340,5341,5342]],"type":"Polygon","properties":{"name":"Anoka"},"id":"27003"},{"arcs":[[-4203,5343,5344,5345,5346,-5188]],"type":"Polygon","properties":{"name":"Breathitt"},"id":"21025"},{"arcs":[[5347,5348,5349,5350,-2709]],"type":"Polygon","properties":{"name":"Carver"},"id":"27019"},{"arcs":[[5351,5352,-4747,5353,-4756,5354]],"type":"Polygon","properties":{"name":"Warren"},"id":"34041"},{"arcs":[[5355,-4531,-886,5356,5357,5358]],"type":"Polygon","properties":{"name":"Washington"},"id":"22117"},{"arcs":[[5359,5360,-3000,5361,5362,5363,-2659]],"type":"Polygon","properties":{"name":"Graham"},"id":"04009"},{"arcs":[[-2910,5364,-5360,-2658,5365]],"type":"Polygon","properties":{"name":"Navajo"},"id":"04017"},{"arcs":[[-4770,5366,-5363,5367,-5235,5368,-3962]],"type":"Polygon","properties":{"name":"Pima"},"id":"04019"},{"arcs":[[-4129,-611,5369,5370,5371,-3623,5372]],"type":"Polygon","properties":{"name":"Adams"},"id":"38001"},{"arcs":[[-3054,5373,-4871,5374,5375]],"type":"Polygon","properties":{"name":"Natrona"},"id":"56025"},{"arcs":[[5376,5377,-587,-2790,-5278,-2770,-4868]],"type":"Polygon","properties":{"name":"Niobrara"},"id":"56027"},{"arcs":[[-4879,5378,5379,5380,-5257,-2892,5381]],"type":"Polygon","properties":{"name":"Newberry"},"id":"45071"},{"arcs":[[5382,-4939,-4709,5383,5384,5385]],"type":"Polygon","properties":{"name":"Sumter"},"id":"45085"},{"arcs":[[5386,5387,5388,-3245,5389,-1959,-3534,-1291]],"type":"Polygon","properties":{"name":"Sweetwater"},"id":"56037"},{"arcs":[[5390,-4881,5391,5392,-3976]],"type":"Polygon","properties":{"name":"Abbeville"},"id":"45001"},{"arcs":[[5393,5394,5395,5396,5397,5398]],"type":"Polygon","properties":{"name":"Breckinridge"},"id":"21027"},{"arcs":[[5399,-5255,5400,5401,5402,5403]],"type":"Polygon","properties":{"name":"Gibson"},"id":"47053"},{"arcs":[[-3799,5404,5405,5406,5407]],"type":"Polygon","properties":{"name":"Ballard"},"id":"21007"},{"arcs":[[5408,-21,5409,5410,5411,5412]],"type":"Polygon","properties":{"name":"Williams"},"id":"38105"},{"arcs":[[5413,5414,5415,5416,-3867,5417]],"type":"Polygon","properties":{"name":"Marion"},"id":"29127"},{"arcs":[[-2332,5418,5419,-1209,-2706,5420]],"type":"Polygon","properties":{"name":"Livingston"},"id":"26093"},{"arcs":[[-3810,5421,-3225,5422,5423,-5176,5424,5425]],"type":"Polygon","properties":{"name":"Prince George"},"id":"51149"},{"arcs":[[5426,5427,5428,5429,5430]],"type":"Polygon","properties":{"name":"Lafayette"},"id":"22055"},{"arcs":[[5431,-3800,-5408,5432,5433,5434]],"type":"Polygon","properties":{"name":"Alexander"},"id":"17003"},{"arcs":[[5435,5436,5437]],"type":"Polygon","properties":{"name":"Pamlico"},"id":"37137"},{"arcs":[[5438,5439,5440,5441,5442]],"type":"Polygon","properties":{"name":"Morgan"},"id":"47129"},{"arcs":[[5443,5444,-994,5445,-972,-3538,5446]],"type":"Polygon","properties":{"name":"Coffee"},"id":"47031"},{"arcs":[[5447,-4583,5448,-3159,-973,-5446,-993]],"type":"Polygon","properties":{"name":"Warren"},"id":"47177"},{"arcs":[[5449,-5190,5450,5451,-4654,5452,5453]],"type":"Polygon","properties":{"name":"Clay"},"id":"21051"},{"arcs":[[5454,5455,-4840,5456]],"type":"Polygon","properties":{"name":"Mineral"},"id":"30061"},{"arcs":[[[-4885,5457]],[[5458]],[[5459]]],"type":"MultiPolygon","properties":{"name":"Newport"},"id":"44005"},{"arcs":[[5460,5461,5462,5463,5464,5465]],"type":"Polygon","properties":{"name":"Franklin"},"id":"25011"},{"arcs":[[5466,-2894,-5261,5467,5468,5469,5470]],"type":"Polygon","properties":{"name":"Aiken"},"id":"45003"},{"arcs":[[-5406,5471,-7,-146,5472]],"type":"Polygon","properties":{"name":"Carlisle"},"id":"21039"},{"arcs":[[5473,-3751,5474,5475,5476]],"type":"Polygon","properties":{"name":"Allendale"},"id":"45005"},{"arcs":[[-4820,5477,5478,5479,-3166,5480]],"type":"Polygon","properties":{"name":"Caldwell"},"id":"21033"},{"arcs":[[5481,5482,5483,5484,5485,-3936,-3222]],"type":"Polygon","properties":{"name":"Arkansas"},"id":"05001"},{"arcs":[[5486,5487,5488,5489]],"type":"Polygon","properties":{"name":"Eureka"},"id":"32011"},{"arcs":[[5490,5491,5492,5493]],"type":"Polygon","properties":{"name":"Camden"},"id":"34007"},{"arcs":[[5494,5495,-5493,5496,5497,5498,5499]],"type":"Polygon","properties":{"name":"Gloucester"},"id":"34015"},{"arcs":[[-4555,5500,-2797,5501,5502,5503]],"type":"Polygon","properties":{"name":"Alamance"},"id":"37001"},{"arcs":[[-4501,-5293,5504,5505,5506,-4020]],"type":"Polygon","properties":{"name":"Daviess"},"id":"21059"},{"arcs":[[5507,5508,-867,5509]],"type":"Polygon","properties":{"name":"Washington"},"id":"49053"},{"arcs":[[5510,5511,5512,5513,5514]],"type":"Polygon","properties":{"name":"El Dorado"},"id":"06017"},{"arcs":[[5515,5516,5517,5518,5519]],"type":"Polygon","properties":{"name":"Washington"},"id":"41067"},{"arcs":[[5520,5521,5522,5523,5524,5525]],"type":"Polygon","properties":{"name":"Franklin"},"id":"53021"},{"arcs":[[5526,5527,-2806,5528]],"type":"Polygon","properties":{"name":"Silver Bow"},"id":"30093"},{"arcs":[[5529,5530,5531,5532,5533]],"type":"Polygon","properties":{"name":"Cumberland"},"id":"42041"},{"arcs":[[5534,-2628,-2902,5535,5536,5537]],"type":"Polygon","properties":{"name":"Caldwell"},"id":"48055"},{"arcs":[[5538,5539,-5121,5540,5541,-5007]],"type":"Polygon","properties":{"name":"Berks"},"id":"42011"},{"arcs":[[-11,5542,-4860,5543,5544,-5253]],"type":"Polygon","properties":{"name":"Henry"},"id":"47079"},{"arcs":[[5545,-5329,5546,-5391,-3975,-4489]],"type":"Polygon","properties":{"name":"Anderson"},"id":"45007"},{"arcs":[[5547,5548,5549,5550,5551,5552]],"type":"Polygon","properties":{"name":"Carter"},"id":"47019"},{"arcs":[[-5469,5553,-3752,-5474,5554]],"type":"Polygon","properties":{"name":"Barnwell"},"id":"45011"},{"arcs":[[5555,-1886,-721,-1911,-1805,-218,-3735,5556]],"type":"Polygon","properties":{"name":"Atascosa"},"id":"48013"},{"arcs":[[5557,5558,5559,5560,5561]],"type":"Polygon","properties":{"name":"Brevard"},"id":"12009"},{"arcs":[[-5512,5562,5563,5564,5565,5566]],"type":"Polygon","properties":{"name":"Alpine"},"id":"06003"},{"arcs":[[-5354,-4746,5567,5568,-4757]],"type":"Polygon","properties":{"name":"Hunterdon"},"id":"34019"},{"arcs":[[-4691,5569,5570,5571,5572]],"type":"Polygon","properties":{"name":"Clark"},"id":"39023"},{"arcs":[[5573,5574,-5530,5575]],"type":"Polygon","properties":{"name":"Perry"},"id":"42099"},{"arcs":[[5576,5577,5578,-4314,5579,5580]],"type":"Polygon","properties":{"name":"Bossier"},"id":"22015"},{"arcs":[[5581,5582,5583,-5581,5584,5585,-5275,5586]],"type":"Polygon","properties":{"name":"Caddo"},"id":"22017"},{"arcs":[[5587,5588,5589,-913,5590,5591]],"type":"Polygon","properties":{"name":"Oneida"},"id":"16071"},{"arcs":[[-4527,-4641,-4483,5592,5593]],"type":"Polygon","properties":{"name":"Caroline"},"id":"24011"},{"arcs":[[5594,5595,5596,5597,-4189,5598,5599]],"type":"Polygon","properties":{"name":"Lane"},"id":"41039"},{"arcs":[[-5528,5600,5601,5602,-2807]],"type":"Polygon","properties":{"name":"Madison"},"id":"30057"},{"arcs":[[5603,5604,5605,5606,5607,5608,5609]],"type":"Polygon","properties":{"name":"Alachua"},"id":"12001"},{"arcs":[[5610,-3742,5611,5612,-5613,5613,-4191]],"type":"Polygon","properties":{"name":"Lake"},"id":"41037"},{"arcs":[[5614,5615,-4775,5616,5617,5618]],"type":"Polygon","properties":{"name":"Patrick"},"id":"51141"},{"arcs":[[5619,5620,5621,5622,5623]],"type":"Polygon","properties":{"name":"Indiana"},"id":"42063"},{"arcs":[[5624,-2935,5625,5626,5627]],"type":"Polygon","properties":{"name":"Cabo Rojo"},"id":"72023"},{"arcs":[[-4196,5628,5629,5630,-5621,5631]],"type":"Polygon","properties":{"name":"Jefferson"},"id":"42065"},{"arcs":[[5632,5633,5634,-65,5635,5636]],"type":"Polygon","properties":{"name":"Shelby"},"id":"18145"},{"arcs":[[5637,-4425,5638,-2386]],"type":"Polygon","properties":{"name":"Granite"},"id":"30039"},{"arcs":[[5639,-171,5640,5641,5642]],"type":"Polygon","properties":{"name":"Ashe"},"id":"37009"},{"arcs":[[5643,5644,5645,-1200,-1149]],"type":"Polygon","properties":{"name":"Pierce"},"id":"31139"},{"arcs":[[-736,-1273,5646,5647,5648,5649]],"type":"Polygon","properties":{"name":"McIntosh"},"id":"38051"},{"arcs":[[5650,5651,5652,5653,5654]],"type":"Polygon","properties":{"name":"Kenosha"},"id":"55059"},{"arcs":[[-4564,-3453,-2346,5655,-315]],"type":"Polygon","properties":{"name":"Fairfield"},"id":"39045"},{"arcs":[[-5586,5656,5657,-4035,-4589,-5276]],"type":"Polygon","properties":{"name":"De Soto"},"id":"22031"},{"arcs":[[-4858,5658,5659,5660,5661]],"type":"Polygon","properties":{"name":"Houston"},"id":"47083"},{"arcs":[[-5661,5662,5663,5664,5665]],"type":"Polygon","properties":{"name":"Humphreys"},"id":"47085"},{"arcs":[[5666,-2895,-5467,5667,5668,5669]],"type":"Polygon","properties":{"name":"Edgefield"},"id":"45037"},{"arcs":[[-5110,5670,5671,5672,-5380,5673]],"type":"Polygon","properties":{"name":"Fairfield"},"id":"45039"},{"arcs":[[-2762,-2229,-764,-4428,5674]],"type":"Polygon","properties":{"name":"Callaway"},"id":"29027"},{"arcs":[[5675,5676,5677,5678,5679,-4657]],"type":"Polygon","properties":{"name":"Lee"},"id":"51105"},{"arcs":[[5680,-530,-1307,5681,5682,5683]],"type":"Polygon","properties":{"name":"Jefferson"},"id":"41031"},{"arcs":[[5684,5685,-5082,5686,5687,-1299]],"type":"Polygon","properties":{"name":"Louisa"},"id":"51109"},{"arcs":[[-522,-3865,-2125,5688,-2585,-4104]],"type":"Polygon","properties":{"name":"Christian"},"id":"29043"},{"arcs":[[5689,-5683,5690,-3737,-5611,-4190,-5598]],"type":"Polygon","properties":{"name":"Deschutes"},"id":"41017"},{"arcs":[[-5653,5691,-3174,5692]],"type":"Polygon","properties":{"name":"Lake"},"id":"17097"},{"arcs":[[5693,5694,-5541,-5126,5695,5696,5697]],"type":"Polygon","properties":{"name":"Lancaster"},"id":"42071"},{"arcs":[[5698,5699,-3948,5700]],"type":"Polygon","properties":{"name":"Vance"},"id":"37181"},{"arcs":[[5701,-4481,5702,-5136,5703]],"type":"Polygon","properties":{"name":"Wicomico"},"id":"24045"},{"arcs":[[5704,5705,5706,5707,-5332]],"type":"Polygon","properties":{"name":"Androscoggin"},"id":"23001"},{"arcs":[[5708,5709,5710,5711,5712,5713,5714]],"type":"Polygon","properties":{"name":"Henrico"},"id":"51087"},{"arcs":[[5715,-5202,5716,5717,-5263,-4715]],"type":"Polygon","properties":{"name":"Davidson"},"id":"47037"},{"arcs":[[-4072,-2809,5718,-3926,5719]],"type":"Polygon","properties":{"name":"Clark"},"id":"16033"},{"arcs":[[-2924,5720,-4695,-4696,-2717,-25]],"type":"Polygon","properties":{"name":"Woods"},"id":"40151"},{"arcs":[[5721,5722,5723,5724,-3506,5725]],"type":"Polygon","properties":{"name":"Carbon"},"id":"30009"},{"arcs":[[5726,5727,5728,5729,5730,5731,-5056,5732]],"type":"Polygon","properties":{"name":"Knox"},"id":"47093"},{"arcs":[[5733,-3676,-3518,5734,-3187,-1431]],"type":"Polygon","properties":{"name":"Lac qui Parle"},"id":"27073"},{"arcs":[[-5688,5735,-5709,-4615,-5250,-1300]],"type":"Polygon","properties":{"name":"Goochland"},"id":"51075"},{"arcs":[[5736,-2202,5737,5738,-145,5739,-4593,5740,5741,-5523]],"type":"Polygon","properties":{"name":"Whitman"},"id":"53075"},{"arcs":[[5742,5743,5744,5745]],"type":"Polygon","properties":{"name":"Florence"},"id":"55037"},{"arcs":[[-3115,5746,-1446,-3755,5747,5748]],"type":"Polygon","properties":{"name":"Traverse"},"id":"27155"},{"arcs":[[5749,5750,-4865,-3491,5751,5752]],"type":"Polygon","properties":{"name":"Nelson"},"id":"51125"},{"arcs":[[5753,5754,5755,-2044,-3554]],"type":"Polygon","properties":{"name":"Fayette"},"id":"01057"},{"arcs":[[5756,5757,-5629,-4195,5758]],"type":"Polygon","properties":{"name":"Forest"},"id":"42053"},{"arcs":[[5759,5760,5761,5762,-5707]],"type":"Polygon","properties":{"name":"Sagadahoc"},"id":"23023"},{"arcs":[[-743,-80,-1387,5763,5764,-3560,5765]],"type":"Polygon","properties":{"name":"Greenwood"},"id":"20073"},{"arcs":[[5766,5767,5768,-2562,5769,-4721]],"type":"Polygon","properties":{"name":"Collin"},"id":"48085"},{"arcs":[[-1701,5770,5771,-5073,-1758,5772]],"type":"Polygon","properties":{"name":"Cottle"},"id":"48101"},{"arcs":[[5773,-726,-845,-2192,-1546,-4170,5774,5775,5776]],"type":"Polygon","properties":{"name":"Crockett"},"id":"48105"},{"arcs":[[-5031,-3445,-679,-2581]],"type":"Polygon","properties":{"name":"Dickinson"},"id":"19059"},{"arcs":[[-561,-2334,5777,5778,-3160]],"type":"Polygon","properties":{"name":"Clinton"},"id":"26037"},{"arcs":[[-5239,5779,5780,5781,5782,5783]],"type":"Polygon","properties":{"name":"Campbell"},"id":"47013"},{"arcs":[[5784,-4137,-3504,-4343,-265,5785,5786,5787]],"type":"Polygon","properties":{"name":"Otero"},"id":"35035"},{"arcs":[[5788,5789,-4175,5790,-4856,5791,-5479]],"type":"Polygon","properties":{"name":"Christian"},"id":"21047"},{"arcs":[[-4759,5792,5793,5794,5795,-5491,5796]],"type":"Polygon","properties":{"name":"Burlington"},"id":"34005"},{"arcs":[[-5714,5797]],"type":"Polygon","properties":{"name":"Richmond"},"id":"51760"},{"arcs":[[5798,5799,5800,-3970]],"type":"Polygon","properties":{"name":"Kent"},"id":"44003"},{"arcs":[[-5322,5801,-5387,-1290]],"type":"Polygon","properties":{"name":"Sublette"},"id":"56035"},{"arcs":[[5802,5803,5804,5805,5806,5807,5808]],"type":"Polygon","properties":{"name":"Yakima"},"id":"53077"},{"arcs":[[5809,5810,5811,5812,5813,5814,5815]],"type":"Polygon","properties":{"name":"Middlesex"},"id":"25017"},{"arcs":[[5816,-1253,5817,5818,5819,5820,-4457]],"type":"Polygon","properties":{"name":"Windsor"},"id":"50027"},{"arcs":[[5821,5822,-5705,-5331,5823]],"type":"Polygon","properties":{"name":"Franklin"},"id":"23007"},{"arcs":[[5824,-5441,5825,-5733,-5055,-4206,-2358,-1042]],"type":"Polygon","properties":{"name":"Roane"},"id":"47145"},{"arcs":[[5826,5827,-5294,5828,-2305,-3908,5829]],"type":"Polygon","properties":{"name":"Clark"},"id":"17023"},{"arcs":[[5830,5831,5832,5833,5834]],"type":"Polygon","properties":{"name":"Bladen"},"id":"37017"},{"arcs":[[5835,-2680,-1400,5836,-1094]],"type":"Polygon","properties":{"name":"Winnebago"},"id":"19189"},{"arcs":[[5837,-5240,-5784,5838,-5439,5839,-1062]],"type":"Polygon","properties":{"name":"Scott"},"id":"47151"},{"arcs":[[-1789,5840,5841,5842,-1067]],"type":"Polygon","properties":{"name":"Harvey"},"id":"20079"},{"arcs":[[5843,-4910,5844,-4927,5845]],"type":"Polygon","properties":{"name":"Alameda"},"id":"06001"},{"arcs":[[5846,-5457,-4839,-142,5847,5848,5849]],"type":"Polygon","properties":{"name":"Shoshone"},"id":"16079"},{"arcs":[[-2985,5850,-5402,5851,-840,5852,-2926]],"type":"Polygon","properties":{"name":"Madison"},"id":"47113"},{"arcs":[[-3868,-5417,5853,5854,-2760]],"type":"Polygon","properties":{"name":"Ralls"},"id":"29173"},{"arcs":[[5855,5856,5857,-5685,-1303,-4862,-5751,5858],[5859]],"type":"Polygon","properties":{"name":"Albemarle"},"id":"51003"},{"arcs":[[-5475,5860,-4980,5861,5862,5863]],"type":"Polygon","properties":{"name":"Hampton"},"id":"45049"},{"arcs":[[-5725,5864,5865,5866,-3052,-3507]],"type":"Polygon","properties":{"name":"Big Horn"},"id":"56003"},{"arcs":[[-1017,5867,-3339,5868,5869]],"type":"Polygon","properties":{"name":"Lincoln"},"id":"30053"},{"arcs":[[-2655,5870,5871,-5576,-5534,5872,5873,-506]],"type":"Polygon","properties":{"name":"Franklin"},"id":"42055"},{"arcs":[[5874,5875,5876,5877]],"type":"Polygon","properties":{"name":"Northumberland"},"id":"51133"},{"arcs":[[-4977,5878,5879,5880,-5182,-2364]],"type":"Polygon","properties":{"name":"Fleming"},"id":"21069"},{"arcs":[[5881,5882,-772,-729,5883]],"type":"Polygon","properties":{"name":"Nottoway"},"id":"51135"},{"arcs":[[5884,-4305,-1125,5885,5886,5887]],"type":"Polygon","properties":{"name":"Harrison"},"id":"19085"},{"arcs":[[-714,5888,5889,5890,5891]],"type":"Polygon","properties":{"name":"Decatur"},"id":"19053"},{"arcs":[[[-5053,-2987,5892,5893,5894]],[[5895,5896,5897]]],"type":"MultiPolygon","properties":{"name":"Tipton"},"id":"47167"},{"arcs":[[5898,-3564,-3829,5899,5900,5901]],"type":"Polygon","properties":{"name":"Cowley"},"id":"20035"},{"arcs":[[-5765,5902,-1404,5903,-3561]],"type":"Polygon","properties":{"name":"Wilson"},"id":"20205"},{"arcs":[[5904,5905,5906,5907]],"type":"Polygon","properties":{"name":"Tulare"},"id":"06107"},{"arcs":[[-5696,-5125,5908,5909,5910,5911]],"type":"Polygon","properties":{"name":"Cecil"},"id":"24015"},{"arcs":[[5912,-1119,5913,5914,5915,5916,-2250]],"type":"Polygon","properties":{"name":"Morton"},"id":"38059"},{"arcs":[[-5745,5917,5918,5919,5920,5921]],"type":"Polygon","properties":{"name":"Marinette"},"id":"55075"},{"arcs":[[5922,5923,5924,5925]],"type":"Polygon","properties":{"name":"Clark"},"id":"53011"},{"arcs":[[-5129,5926,5927,5928,5929,5930]],"type":"Polygon","properties":{"name":"Horry"},"id":"45051"},{"arcs":[[5931,5932,5933,5934,5935,5936]],"type":"Polygon","properties":{"name":"Issaquena"},"id":"28055"},{"arcs":[[5937,5938,-3241,5939,5940,5941,5942,5943]],"type":"Polygon","properties":{"name":"Elmore"},"id":"16039"},{"arcs":[[5944,5945,5946,5947]],"type":"Polygon","properties":{"name":"Hampton"},"id":"51650"},{"arcs":[[5948,5949,5950,-4777,5951,-4462]],"type":"Polygon","properties":{"name":"Etowah"},"id":"01055"},{"arcs":[[-2954,5952,5953,5954]],"type":"Polygon","properties":{"name":"Conecuh"},"id":"01035"},{"arcs":[[5955,5956,5957,5958,5959]],"type":"Polygon","properties":{"name":"Morgan"},"id":"01103"},{"arcs":[[5960,5961,5962,5963,5964]],"type":"Polygon","properties":{"name":"Howard"},"id":"05061"},{"arcs":[[5965,-5906,5966,-3206,-2845,5967,-625,5968]],"type":"Polygon","properties":{"name":"Kern"},"id":"06029"},{"arcs":[[5969,-2195,5970,-2019,-2626,5971]],"type":"Polygon","properties":{"name":"Williamson"},"id":"48491"},{"arcs":[[-1156,5972,-1910,5973,5974,-1162]],"type":"Polygon","properties":{"name":"Hill"},"id":"48217"},{"arcs":[[[5975,5976]],[[5977,5978,5979,5980,5981,5982,5983]]],"type":"MultiPolygon","properties":{"name":"Calhoun"},"id":"48057"},{"arcs":[[5984,-3599,5985,5986,-717]],"type":"Polygon","properties":{"name":"DeWitt"},"id":"48123"},{"arcs":[[-4610,5987,5988,-3596,-2899]],"type":"Polygon","properties":{"name":"Colorado"},"id":"48089"},{"arcs":[[5989,-5526,5990,5991,5992,5993,-5805]],"type":"Polygon","properties":{"name":"Benton"},"id":"53005"},{"arcs":[[5994,-5972,-2629,-5535,5995,-2632]],"type":"Polygon","properties":{"name":"Travis"},"id":"48453"},{"arcs":[[5996,-4591,-2221,5997,5998]],"type":"Polygon","properties":{"name":"Nacogdoches"},"id":"48347"},{"arcs":[[-719,5999,6000,6001,-1912]],"type":"Polygon","properties":{"name":"Bee"},"id":"48025"},{"arcs":[[6002,6003,6004,6005,-2051,-2067,-2049]],"type":"Polygon","properties":{"name":"Montgomery"},"id":"51121"},{"arcs":[[-4070,6006,-133,-4597,-4221]],"type":"Polygon","properties":{"name":"Nicholas"},"id":"54067"},{"arcs":[[-3714,6007,-1654,6008,-3804,6009,6010]],"type":"Polygon","properties":{"name":"Jackson"},"id":"55053"},{"arcs":[[6011,6012,-4514,6013,6014,6015,6016,6017]],"type":"Polygon","properties":{"name":"Jefferson"},"id":"21111"},{"arcs":[[6018,-3039,6019,-5308,6020]],"type":"Polygon","properties":{"name":"Gallatin"},"id":"21077"},{"arcs":[[6021,-5697,-5912,6022,6023]],"type":"Polygon","properties":{"name":"Harford"},"id":"24025"},{"arcs":[[6024,6025,6026,6027]],"type":"Polygon","properties":{"name":"Ontonagon"},"id":"26131"},{"arcs":[[-5513,-5567,6028,-4907,6029]],"type":"Polygon","properties":{"name":"Amador"},"id":"06005"},{"arcs":[[6030,6031,6032,-2465,6033,6034,-5607]],"type":"Polygon","properties":{"name":"Putnam"},"id":"12107"},{"arcs":[[-3408,-3242,-5939,6035,6036]],"type":"Polygon","properties":{"name":"Boise"},"id":"16015"},{"arcs":[[6037,-5223,6038,6039,6040]],"type":"Polygon","properties":{"name":"Grundy"},"id":"17063"},{"arcs":[[6041,6042,-1455,6043,6044,-3981]],"type":"Polygon","properties":{"name":"Saline"},"id":"17165"},{"arcs":[[6045,-5636,-70,6046,6047,6048]],"type":"Polygon","properties":{"name":"Bartholomew"},"id":"18005"},{"arcs":[[-2722,6049,6050,-1954,6051,6052,-2699]],"type":"Polygon","properties":{"name":"Clinton"},"id":"18023"},{"arcs":[[6053,6054,-4067,6055,6056]],"type":"Polygon","properties":{"name":"Roane"},"id":"54087"},{"arcs":[[-1969,6057,6058,-2567,6059]],"type":"Polygon","properties":{"name":"Outagamie"},"id":"55087"},{"arcs":[[6060,6061,6062,6063,6064,6065]],"type":"Polygon","properties":{"name":"Salinas"},"id":"72123"},{"arcs":[[-4469,6066,6067,-6061,6068,6069,6070]],"type":"Polygon","properties":{"name":"Coamo"},"id":"72043"},{"arcs":[[6071,6072,-4007,6073,-3064]],"type":"Polygon","properties":{"name":"Jones"},"id":"37103"},{"arcs":[[6074,-5447,-3543,-3912]],"type":"Polygon","properties":{"name":"Moore"},"id":"47127"},{"arcs":[[6075,6076,6077,6078,6079,6080]],"type":"Polygon","properties":{"name":"Haakon"},"id":"46055"},{"arcs":[[6081,-5174,-2419,6082,6083]],"type":"Polygon","properties":{"name":"Harding"},"id":"35021"},{"arcs":[[6084,6085,6086,-3901,6087]],"type":"Polygon","properties":{"name":"Can\u00f3vanas"},"id":"72029"},{"arcs":[[6088,6089,6090,-2248,6091,6092]],"type":"Polygon","properties":{"name":"Dunn"},"id":"38025"},{"arcs":[[-1556,-2398,-2747,-1570,-1505]],"type":"Polygon","properties":{"name":"Parmer"},"id":"48369"},{"arcs":[[-3192,-4443,6093,-4994]],"type":"Polygon","properties":{"name":"Bon Homme"},"id":"46009"},{"arcs":[[-5393,6094,-5670,6095,6096,-3977]],"type":"Polygon","properties":{"name":"McCormick"},"id":"45065"},{"arcs":[[-4276,6097,6098,6099,-4912,-3361,6100]],"type":"Polygon","properties":{"name":"Winona"},"id":"27169"},{"arcs":[[6101,-2553,6102,6103,6104,6105]],"type":"Polygon","properties":{"name":"Andrew"},"id":"29003"},{"arcs":[[6106,6107,-746,-1688,-1204,6108,-3146]],"type":"Polygon","properties":{"name":"Sheridan"},"id":"31161"},{"arcs":[[6109,6110,6111,6112,-4335,-2392]],"type":"Polygon","properties":{"name":"Otoe"},"id":"31131"},{"arcs":[[6113,6114,6115,6116,-5510,-866,-3653,6117]],"type":"Polygon","properties":{"name":"Lincoln"},"id":"32017"},{"arcs":[[6118,-5506,6119,-5398,6120,6121,6122]],"type":"Polygon","properties":{"name":"Ohio"},"id":"21183"},{"arcs":[[6123,-3037,6124,6125,6126,6127,-4405]],"type":"Polygon","properties":{"name":"Scott"},"id":"21209"},{"arcs":[[6128,-1428,-5194,6129,6130,6131]],"type":"Polygon","properties":{"name":"Clark"},"id":"21049"},{"arcs":[[6132,-4409,-1082,6133,6134,6135,6136]],"type":"Polygon","properties":{"name":"Casey"},"id":"21045"},{"arcs":[[[6137,-4050,6138]],[[6139,6140,6141,-5429,6142]]],"type":"MultiPolygon","properties":{"name":"St. Martin"},"id":"22099"},{"arcs":[[-5658,6143,-4319,-4417,6144,6145,6146,-4030]],"type":"Polygon","properties":{"name":"Natchitoches"},"id":"22069"},{"arcs":[[6147,-5403,-5851,-2984,-5052]],"type":"Polygon","properties":{"name":"Crockett"},"id":"47033"},{"arcs":[[6148,-5536,-2901,-3600,-5985,-716,-1885]],"type":"Polygon","properties":{"name":"Gonzales"},"id":"48177"},{"arcs":[[6149,6150,6151,-2107,6152,-5711]],"type":"Polygon","properties":{"name":"New Kent"},"id":"51127"},{"arcs":[[-4630,-369,-2350,6153,-4472,6154]],"type":"Polygon","properties":{"name":"Stanton"},"id":"20187"},{"arcs":[[-3772,-685,-3665,-3422,-2880]],"type":"Polygon","properties":{"name":"Adams"},"id":"19003"},{"arcs":[[-2974,-3069,-2247,-820,-2505]],"type":"Polygon","properties":{"name":"Wadena"},"id":"27159"},{"arcs":[[6155]],"type":"Polygon","properties":{"name":"Falls Church"},"id":"51610"},{"arcs":[[6156,6157,6158,6159]],"type":"Polygon","properties":{"name":"Humacao"},"id":"72069"},{"arcs":[[6160,6161,6162,-2908]],"type":"Polygon","properties":{"name":"Montezuma"},"id":"08083"},{"arcs":[[6163,6164,-3782,6165,6166]],"type":"Polygon","properties":{"name":"Lipscomb"},"id":"48295"},{"arcs":[[6167,-3315,6168,6169,6170,6171,6172]],"type":"Polygon","properties":{"name":"Ritchie"},"id":"54085"},{"arcs":[[6173,-1702,-5773,-2667,-615]],"type":"Polygon","properties":{"name":"Motley"},"id":"48345"},{"arcs":[[6174,-2325,6175,6176,-5578,6177]],"type":"Polygon","properties":{"name":"Lafayette"},"id":"05073"},{"arcs":[[6178,6179,6180,6181,6182,6183,6184]],"type":"Polygon","properties":{"name":"Garfield"},"id":"08045"},{"arcs":[[6185,-4631,-6155,-4475,-446,-5173,6186]],"type":"Polygon","properties":{"name":"Baca"},"id":"08009"},{"arcs":[[6187,6188,6189,6190,6191]],"type":"Polygon","properties":{"name":"Wayne"},"id":"36117"},{"arcs":[[6192,6193,6194,6195,6196,6197,6198]],"type":"Polygon","properties":{"name":"Oswego"},"id":"36075"},{"arcs":[[6199,-5520,6200,6201,6202,6203]],"type":"Polygon","properties":{"name":"Tillamook"},"id":"41057"},{"arcs":[[6204,6205,-5926,6206,-5516,6207]],"type":"Polygon","properties":{"name":"Columbia"},"id":"41009"},{"arcs":[[-4987,6208,-1142,6209,6210,6211]],"type":"Polygon","properties":{"name":"Wayne"},"id":"47181"},{"arcs":[[6212,6213,6214,-4853,6215,6216,6217]],"type":"Polygon","properties":{"name":"Dakota"},"id":"27037"},{"arcs":[[-2059,-3043,-250,6218,6219]],"type":"Polygon","properties":{"name":"Newton"},"id":"28101"},{"arcs":[[6220,6221,6222,6223,6224]],"type":"Polygon","properties":{"name":"Pierce"},"id":"13229"},{"arcs":[[6225,-6191,6226,-3594,6227,-4543]],"type":"Polygon","properties":{"name":"Ontario"},"id":"36069"},{"arcs":[[6228,6229,6230,-6195,6231]],"type":"Polygon","properties":{"name":"Lewis"},"id":"36049"},{"arcs":[[6232,6233,6234,6235,-5242,6236]],"type":"Polygon","properties":{"name":"Wilson"},"id":"37195"},{"arcs":[[6237,6238,6239,6240,6241,6242]],"type":"Polygon","properties":{"name":"Warren"},"id":"39165"},{"arcs":[[6243,-3415,-5208,6244,6245,-6240]],"type":"Polygon","properties":{"name":"Clinton"},"id":"39027"},{"arcs":[[-2836,6246,6247,6248,6249]],"type":"Polygon","properties":{"name":"Brewster"},"id":"48043"},{"arcs":[[6250,6251,6252,-5803,-658]],"type":"Polygon","properties":{"name":"Kittitas"},"id":"53037"},{"arcs":[[-3581,6253,-3718,6254,-4850,-5319]],"type":"Polygon","properties":{"name":"Dunn"},"id":"55033"},{"arcs":[[6255,6256,-6160,6257,-4234,6258]],"type":"Polygon","properties":{"name":"Yabucoa"},"id":"72151"},{"arcs":[[6259,6260,-5470,-5555,-5477,6261,-3270,6262]],"type":"Polygon","properties":{"name":"Burke"},"id":"13033"},{"arcs":[[-1739,-3984,-4896,6263,-3797]],"type":"Polygon","properties":{"name":"Massac"},"id":"17127"},{"arcs":[[-4308,6264,6265,6266]],"type":"Polygon","properties":{"name":"Ohio"},"id":"18115"},{"arcs":[[6267,-296,-3032,6268,-4054,-4429,-4244]],"type":"Polygon","properties":{"name":"Woodbury"},"id":"19193"},{"arcs":[[6269,-5301,-3922,6270,-5199,-5196]],"type":"Polygon","properties":{"name":"Allen"},"id":"21003"},{"arcs":[[-3060,6271,6272,6273,6274,6275]],"type":"Polygon","properties":{"name":"Churchill"},"id":"32001"},{"arcs":[[6276,6277,6278,-5508,-6117]],"type":"Polygon","properties":{"name":"Iron"},"id":"49021"},{"arcs":[[-2660,-5364,-5367,-4769]],"type":"Polygon","properties":{"name":"Pinal"},"id":"04021"},{"arcs":[[6279,-1660,6280,6281,6282]],"type":"Polygon","properties":{"name":"Preble"},"id":"39135"},{"arcs":[[-3231,6283,6284,6285,-3417,6286,6287]],"type":"Polygon","properties":{"name":"Craig"},"id":"40035"},{"arcs":[[6288,6289,-5684,-5690,-5597,6290]],"type":"Polygon","properties":{"name":"Linn"},"id":"41043"},{"arcs":[[-4880,-5382,-2896,-5667,-6095,-5392]],"type":"Polygon","properties":{"name":"Greenwood"},"id":"45047"},{"arcs":[[-2028,6291,6292,6293,6294,-3520]],"type":"Polygon","properties":{"name":"Hardin"},"id":"48199"},{"arcs":[[6295,-2634,6296,6297,6298]],"type":"Polygon","properties":{"name":"Comal"},"id":"48091"},{"arcs":[[6299,6300,-5175,-6082,6301,-4669]],"type":"Polygon","properties":{"name":"Colfax"},"id":"35007"},{"arcs":[[6302,-5411,6303,-6093,6304,6305,6306]],"type":"Polygon","properties":{"name":"McKenzie"},"id":"38053"},{"arcs":[[6307,-5385,6308,6309,-5259]],"type":"Polygon","properties":{"name":"Calhoun"},"id":"45017"},{"arcs":[[-3493,-4864,-5252,6310,-5884,-728,-4872]],"type":"Polygon","properties":{"name":"Prince Edward"},"id":"51147"},{"arcs":[[-492,6311,6312,6313,-2438,-2434]],"type":"Polygon","properties":{"name":"Barbour"},"id":"54001"},{"arcs":[[6314,6315,-6205,6316,6317,6318]],"type":"Polygon","properties":{"name":"Wahkiakum"},"id":"53069"},{"arcs":[[[6319,6320]],[[6321,6322,6323,6324,6325]]],"type":"MultiPolygon","properties":{"name":"Madison"},"id":"22065"},{"arcs":[[[6326,6327,-2945,6328,6329]],[[6330]]],"type":"MultiPolygon","properties":{"name":"Delta"},"id":"26041"},{"arcs":[[6331,-4970,6332,6333,6334,-6026]],"type":"Polygon","properties":{"name":"Houghton"},"id":"26061"},{"arcs":[[6335,-2955,-5955,6336,6337,6338]],"type":"Polygon","properties":{"name":"Monroe"},"id":"01099"},{"arcs":[[6339,-1988,-789,6340,6341,6342]],"type":"Polygon","properties":{"name":"Logan"},"id":"05083"},{"arcs":[[-1284,-3224,-3939,-4795,-4281,6343,-5075]],"type":"Polygon","properties":{"name":"Cleveland"},"id":"05025"},{"arcs":[[6344,6345,-4381,6346,-792]],"type":"Polygon","properties":{"name":"Highlands"},"id":"12055"},{"arcs":[[6347,6348,-2472,6349,6350]],"type":"Polygon","properties":{"name":"Lee"},"id":"13177"},{"arcs":[[-1353,6351,6352,6353]],"type":"Polygon","properties":{"name":"Minidoka"},"id":"16067"},{"arcs":[[-3725,-1010,-2678,-1942,-1820,6354]],"type":"Polygon","properties":{"name":"Washington"},"id":"19183"},{"arcs":[[-4021,-5507,-6119,6355,6356,-4818]],"type":"Polygon","properties":{"name":"McLean"},"id":"21149"},{"arcs":[[-3411,-2175,-117,-1682,6357,6358]],"type":"Polygon","properties":{"name":"Coleman"},"id":"48083"},{"arcs":[[6359,6360,6361,6362,6363]],"type":"Polygon","properties":{"name":"Lamar"},"id":"48277"},{"arcs":[[-4446,6364,6365,-3884,6366,6367,6368]],"type":"Polygon","properties":{"name":"Fauquier"},"id":"51061"},{"arcs":[[-342,6369,6370,6371,6372]],"type":"Polygon","properties":{"name":"Naranjito"},"id":"72105"},{"arcs":[[6373,-5993,6374,-204,-1305,-2266]],"type":"Polygon","properties":{"name":"Morrow"},"id":"41049"},{"arcs":[[-4582,6375,-4711,-3155,-5449]],"type":"Polygon","properties":{"name":"Van Buren"},"id":"47175"},{"arcs":[[6376,6377,6378,6379,-2554,-605]],"type":"Polygon","properties":{"name":"Steele"},"id":"38091"},{"arcs":[[-3424,6380,6381,-2549,6382]],"type":"Polygon","properties":{"name":"Worth"},"id":"29227"},{"arcs":[[-6211,6383,6384,6385,6386,-4619,6387,6388]],"type":"Polygon","properties":{"name":"Lauderdale"},"id":"01077"},{"arcs":[[6389,6390,-1541,6391,6392,6393,6394]],"type":"Polygon","properties":{"name":"Russell"},"id":"01113"},{"arcs":[[6395,6396]],"type":"Polygon","properties":{"name":"San Francisco"},"id":"06075"},{"arcs":[[-2707,-1213,6397,6398,-3547,-758]],"type":"Polygon","properties":{"name":"Lenawee"},"id":"26091"},{"arcs":[[-2123,6399,6400,6401,6402,6403]],"type":"Polygon","properties":{"name":"Ozark"},"id":"29153"},{"arcs":[[6404,6405,6406,6407]],"type":"Polygon","properties":{"name":"Dawson"},"id":"30021"},{"arcs":[[6408,6409,6410,6411,6412,6413,6414]],"type":"Polygon","properties":{"name":"Bergen"},"id":"34003"},{"arcs":[[-4513,6415,-4408,6416,6417,-6014]],"type":"Polygon","properties":{"name":"Shelby"},"id":"21211"},{"arcs":[[6418,6419,6420,6421,-1079,-3704]],"type":"Polygon","properties":{"name":"Mercer"},"id":"21167"},{"arcs":[[6422,-5453,-4653,6423]],"type":"Polygon","properties":{"name":"Knox"},"id":"21121"},{"arcs":[[6424,6425,-2006]],"type":"Polygon","properties":{"name":"St. Charles"},"id":"22089"},{"arcs":[[-4367,-4105,-2588,6426,6427,-5284]],"type":"Polygon","properties":{"name":"Barry"},"id":"29009"},{"arcs":[[6428,6429,6430,6431,6432]],"type":"Polygon","properties":{"name":"Holmes"},"id":"28051"},{"arcs":[[6433,6434,-2289,6435,6436,6437]],"type":"Polygon","properties":{"name":"Crawford"},"id":"13079"},{"arcs":[[6438,-5848,-141,-5739,6439]],"type":"Polygon","properties":{"name":"Benewah"},"id":"16009"},{"arcs":[[6440,-6353,6441,6442,-5592,6443,6444,6445]],"type":"Polygon","properties":{"name":"Cassia"},"id":"16031"},{"arcs":[[-754,-4504,-5228,6446,-2741,-4923]],"type":"Polygon","properties":{"name":"Rock Island"},"id":"17161"},{"arcs":[[6447,6448,-4024,-5266,6449,-5231]],"type":"Polygon","properties":{"name":"Posey"},"id":"18129"},{"arcs":[[6450,6451,6452,6453,6454,6455]],"type":"Polygon","properties":{"name":"Monterey"},"id":"06053"},{"arcs":[[6456,6457,-4638,6458,6459]],"type":"Polygon","properties":{"name":"Jackson"},"id":"08057"},{"arcs":[[6460,6461,6462,6463,6464,6465,6466]],"type":"Polygon","properties":{"name":"Jefferson"},"id":"12065"},{"arcs":[[6467,6468,6469,-5794,6470]],"type":"Polygon","properties":{"name":"Monmouth"},"id":"34025"},{"arcs":[[-4544,-6228,-3593,6471,-4351,6472,-1224,6473]],"type":"Polygon","properties":{"name":"Steuben"},"id":"36101"},{"arcs":[[6474,-1919,6475,6476,-1276,-3657]],"type":"Polygon","properties":{"name":"Towner"},"id":"38095"},{"arcs":[[6477,6478,6479]],"type":"Polygon","properties":{"name":"Coos"},"id":"41011"},{"arcs":[[6480,6481,6482,6483,-5757,6484,6485]],"type":"Polygon","properties":{"name":"Warren"},"id":"42123"},{"arcs":[[6486,6487,6488,-200]],"type":"Polygon","properties":{"name":"Seminole"},"id":"40133"},{"arcs":[[-3273,6489,6490,6491,6492,6493]],"type":"Polygon","properties":{"name":"Jackson"},"id":"40065"},{"arcs":[[-2033,-4439,6494,6495,6496,-4449,6497,6498]],"type":"Polygon","properties":{"name":"McCurtain"},"id":"40089"},{"arcs":[[-4309,-6267,6499,-6021,-5307,6500]],"type":"Polygon","properties":{"name":"Switzerland"},"id":"18155"},{"arcs":[[6501,6502,6503,6504,-5676,-4656]],"type":"Polygon","properties":{"name":"Harlan"},"id":"21095"},{"arcs":[[6505,-6424,-4659,6506,-5780,-5238]],"type":"Polygon","properties":{"name":"Whitley"},"id":"21235"},{"arcs":[[6507,6508,6509,6510,6511]],"type":"Polygon","properties":{"name":"Nassau"},"id":"12089"},{"arcs":[[6512,6513,6514,6515,-495]],"type":"Polygon","properties":{"name":"Rabun"},"id":"13241"},{"arcs":[[-2962,6516,-1084,6517,6518,6519,-4066]],"type":"Polygon","properties":{"name":"Vermilion"},"id":"17183"},{"arcs":[[[6520,-5976,6521,6522]],[[6523,-5981,6524,6525]],[[6526,6527,6528]]],"type":"MultiPolygon","properties":{"name":"Aransas"},"id":"48007"},{"arcs":[[6529,6530,6531,-2653,-3635,-5160]],"type":"Polygon","properties":{"name":"Bedford"},"id":"42009"},{"arcs":[[-4487,6532,-4262]],"type":"Polygon","properties":{"name":"Arlington"},"id":"51013"},{"arcs":[[-2611,6533,-3281,-4693,-5721,-2923,6534]],"type":"Polygon","properties":{"name":"Barber"},"id":"20007"},{"arcs":[[-5118,6535,-6081,6536,6537,6538,6539]],"type":"Polygon","properties":{"name":"Pennington"},"id":"46103"},{"arcs":[[6540,6541,-4579,-5448,-992,6542]],"type":"Polygon","properties":{"name":"DeKalb"},"id":"47041"},{"arcs":[[-1908,6543,6544,6545,6546]],"type":"Polygon","properties":{"name":"Freestone"},"id":"48161"},{"arcs":[[6547,-3275,6548,-5771,-1700]],"type":"Polygon","properties":{"name":"Childress"},"id":"48075"},{"arcs":[[6549,6550,-1001,6551,6552]],"type":"Polygon","properties":{"name":"Juab"},"id":"49023"},{"arcs":[[6553,-6325,6554,-6320,6555,6556,6557,6558,-2099,6559]],"type":"Polygon","properties":{"name":"Tensas"},"id":"22107"},{"arcs":[[[-5815,6560,6561,6562,-4882,6563,6564]],[[6565,-5813]],[[6566,6567]]],"type":"MultiPolygon","properties":{"name":"Norfolk"},"id":"25021"},{"arcs":[[-4496,6568,-5296,-4397,6569,6570,6571,6572]],"type":"Polygon","properties":{"name":"Knox"},"id":"18083"},{"arcs":[[-4310,-6501,-5312,6573,6574,6575,6576]],"type":"Polygon","properties":{"name":"Jefferson"},"id":"18077"},{"arcs":[[-4338,6577,6578,-2663,-1814,6579]],"type":"Polygon","properties":{"name":"Decatur"},"id":"20039"},{"arcs":[[-3798,-6264,-4900,6580,-8,-5472,-5405]],"type":"Polygon","properties":{"name":"McCracken"},"id":"21145"},{"arcs":[[[6581,6582]],[[6583]]],"type":"MultiPolygon","properties":{"name":"Island"},"id":"53029"},{"arcs":[[6584,6585,6586,6587,6588]],"type":"Polygon","properties":{"name":"Mason"},"id":"54053"},{"arcs":[[6589,6590,6591,-3495,-4875,6592,6593]],"type":"Polygon","properties":{"name":"Campbell"},"id":"51031"},{"arcs":[[6594,6595,6596,6597,-6590,6598,6599,6600]],"type":"Polygon","properties":{"name":"Bedford"},"id":"51019"},{"arcs":[[-1296,6601,-337,-1971,-981,-1651,6602]],"type":"Polygon","properties":{"name":"Marathon"},"id":"55073"},{"arcs":[[6603,6604,6605,-3094,6606,6607,-6086]],"type":"Polygon","properties":{"name":"R\u00edo Grande"},"id":"72119"},{"arcs":[[6608,6609,6610,6611,6612,6613]],"type":"Polygon","properties":{"name":"Toa Baja"},"id":"72137"},{"arcs":[[6614,-6614,6615,6616]],"type":"Polygon","properties":{"name":"Dorado"},"id":"72051"},{"arcs":[[6617,6618,6619,6620,-1211]],"type":"Polygon","properties":{"name":"Wayne"},"id":"26163"},{"arcs":[[-6100,6621,6622,6623,-4934,-4913]],"type":"Polygon","properties":{"name":"Houston"},"id":"27055"},{"arcs":[[6624,6625,-4540,-5283,6626,6627,6628]],"type":"Polygon","properties":{"name":"Jackson"},"id":"29095"},{"arcs":[[-3946,6629,-5166,6630,6631,6632]],"type":"Polygon","properties":{"name":"St. Francois"},"id":"29187"},{"arcs":[[-1324,-3947,-6633,6633,6634,6635,-2151]],"type":"Polygon","properties":{"name":"Iron"},"id":"29093"},{"arcs":[[[6636,-4518,6637,6638]],[[6639]]],"type":"MultiPolygon","properties":{"name":"Plaquemines"},"id":"22075"},{"arcs":[[6640,6641,-6330,6642,-5919]],"type":"Polygon","properties":{"name":"Menominee"},"id":"26109"},{"arcs":[[6643,-3582,-5318,6644,-5102]],"type":"Polygon","properties":{"name":"Polk"},"id":"55095"},{"arcs":[[[-47,6645,-1634]],[[6646,-1636]],[[6647]],[[6648]],[[6649]]],"type":"MultiPolygon","properties":{"name":"Dillingham"},"id":"02070"},{"arcs":[[6650,-4930,6651,6652,-6452]],"type":"Polygon","properties":{"name":"San Benito"},"id":"06069"},{"arcs":[[6653,6654,6655,6656,6657,-4685]],"type":"Polygon","properties":{"name":"Bertie"},"id":"37015"},{"arcs":[[6658,6659,6660,6661,6662]],"type":"Polygon","properties":{"name":"Jackson"},"id":"47087"},{"arcs":[[-4652,6663,6664,6665,-1771]],"type":"Polygon","properties":{"name":"Seminole"},"id":"13253"},{"arcs":[[6666,6667,6668,-6338,6669,-4065,6670]],"type":"Polygon","properties":{"name":"Baldwin"},"id":"01003"},{"arcs":[[6671,-4779,6672,-2578,-2370,6673,-2670,-3640]],"type":"Polygon","properties":{"name":"Cleburne"},"id":"01029"},{"arcs":[[6674,6675,-4284,6676,6677,6678,6679]],"type":"Polygon","properties":{"name":"Union"},"id":"05139"},{"arcs":[[6680,6681,6682,-6482,6683]],"type":"Polygon","properties":{"name":"Chautauqua"},"id":"36013"},{"arcs":[[6684,6685,6686,6687,6688]],"type":"Polygon","properties":{"name":"Graham"},"id":"37075"},{"arcs":[[6689,-3232,-6288,6690,6691]],"type":"Polygon","properties":{"name":"Nowata"},"id":"40105"},{"arcs":[[-5315,-3746,-2714,6692]],"type":"Polygon","properties":{"name":"Rock"},"id":"31149"},{"arcs":[[6693,6694,6695,6696,6697,-5112,6698]],"type":"Polygon","properties":{"name":"Hawkins"},"id":"47073"},{"arcs":[[-1212,-6621,6699,6700,-6398]],"type":"Polygon","properties":{"name":"Monroe"},"id":"26115"},{"arcs":[[6701,-2444,6702,6703,6704,6705]],"type":"Polygon","properties":{"name":"Platte"},"id":"29165"},{"arcs":[[6706,6707,6708,-2231,-2761,-5855]],"type":"Polygon","properties":{"name":"Pike"},"id":"29163"},{"arcs":[[6709,6710,-5722,6711,-1311]],"type":"Polygon","properties":{"name":"Stillwater"},"id":"30095"},{"arcs":[[-2641,6712,-3205,6713,-2600]],"type":"Polygon","properties":{"name":"Lumpkin"},"id":"13187"},{"arcs":[[[6714]],[[6715]]],"type":"MultiPolygon","properties":{"name":"Kauai"},"id":"15007"},{"arcs":[[6716,-3143,6717,6718,-5634,6719]],"type":"Polygon","properties":{"name":"Hancock"},"id":"18059"},{"arcs":[[-4299,-941,6720,-4394,-811]],"type":"Polygon","properties":{"name":"Owen"},"id":"18119"},{"arcs":[[-5842,6721,-744,-5766,-3565,-5899,6722]],"type":"Polygon","properties":{"name":"Butler"},"id":"20015"},{"arcs":[[-4890,6723,6724,-4576,6725]],"type":"Polygon","properties":{"name":"Green"},"id":"21087"},{"arcs":[[6726,6727,6728,6729]],"type":"Polygon","properties":{"name":"Calhoun"},"id":"12013"},{"arcs":[[-6396,6730,-4932,6731,6732]],"type":"Polygon","properties":{"name":"San Mateo"},"id":"06081"},{"arcs":[[6733,6734,-233,6735,6736]],"type":"Polygon","properties":{"name":"Lassen"},"id":"06035"},{"arcs":[[-4456,-2215,6737,-1246,-5817]],"type":"Polygon","properties":{"name":"Orange"},"id":"50017"},{"arcs":[[[-5138,6738,6739,6740,6741]],[[6742,-5140]],[[6743]]],"type":"MultiPolygon","properties":{"name":"Accomack"},"id":"51001"},{"arcs":[[-272,6744,6745,-923,6746,6747]],"type":"Polygon","properties":{"name":"Dallas"},"id":"01047"},{"arcs":[[-2687,6748,6749,6750,6751]],"type":"Polygon","properties":{"name":"Kimball"},"id":"31105"},{"arcs":[[6752,-5170,6753,6754,-6110,-2391]],"type":"Polygon","properties":{"name":"Cass"},"id":"31025"},{"arcs":[[-5498,6755,6756,6757,6758]],"type":"Polygon","properties":{"name":"Cumberland"},"id":"34011"},{"arcs":[[6759,-3942,6760,6761,-6483,-6683]],"type":"Polygon","properties":{"name":"Cattaraugus"},"id":"36009"},{"arcs":[[6762,-6192,-6226,-4542,-2887,6763]],"type":"Polygon","properties":{"name":"Monroe"},"id":"36055"},{"arcs":[[6764,6765,6766]],"type":"Polygon","properties":{"name":"New Hanover"},"id":"37129"},{"arcs":[[-6356,-6123,6767,-4901,-4176,-5790,6768]],"type":"Polygon","properties":{"name":"Muhlenberg"},"id":"21177"},{"arcs":[[-3484,-4334,6769,-513,-431,-3700]],"type":"Polygon","properties":{"name":"Lee"},"id":"28081"},{"arcs":[[6770,6771,6772,-5934]],"type":"Polygon","properties":{"name":"Sharkey"},"id":"28125"},{"arcs":[[-5206,6773,6774,-5834,6775,-5128,6776]],"type":"Polygon","properties":{"name":"Robeson"},"id":"37155"},{"arcs":[[6777,6778,6779,6780,-4676,-4679]],"type":"Polygon","properties":{"name":"Buncombe"},"id":"37021"},{"arcs":[[6781,6782,-1707,6783,-1117,6784,-6090,6785]],"type":"Polygon","properties":{"name":"McLean"},"id":"38055"},{"arcs":[[-5124,6786,-5500,6787,6788,-4639,6789,-5909]],"type":"Polygon","properties":{"name":"New Castle"},"id":"10003"},{"arcs":[[6790,6791,-6730,6792,6793,6794]],"type":"Polygon","properties":{"name":"Bay"},"id":"12005"},{"arcs":[[-2468,-4920,6795,-2208,-537,-1337,-355,6796]],"type":"Polygon","properties":{"name":"Walker"},"id":"13295"},{"arcs":[[6797,6798,-2597,6799,-2432,6800,6801,6802]],"type":"Polygon","properties":{"name":"Wetzel"},"id":"54103"},{"arcs":[[[-1633,6803,6804,-3756,-49]],[[6805,-4120,6806]],[[6807]],[[6808]],[[6809]],[[6810]],[[6811]],[[6812]],[[6813]]],"type":"MultiPolygon","properties":{"name":"Kenai Peninsula"},"id":"02122"},{"arcs":[[6814,6815,6816,6817,-408]],"type":"Polygon","properties":{"name":"Garland"},"id":"05051"},{"arcs":[[-5845,-4909,6818,6819,6820,-4928]],"type":"Polygon","properties":{"name":"Stanislaus"},"id":"06099"},{"arcs":[[-4809,6821,-3350,6822,6823,6824,6825]],"type":"Polygon","properties":{"name":"Fremont"},"id":"08043"},{"arcs":[[6826,-3357,-4,6827,6828,-5604,6829,6830]],"type":"Polygon","properties":{"name":"Columbia"},"id":"12023"},{"arcs":[[6831,-3253,6832,6833,-4828,6834]],"type":"Polygon","properties":{"name":"Oconee"},"id":"13219"},{"arcs":[[-3621,-326,-1316,6835,6836,-473,-969]],"type":"Polygon","properties":{"name":"Minnehaha"},"id":"46099"},{"arcs":[[6837,-4960,6838,6839,-1723,6840,6841,-168,-5640,6842]],"type":"Polygon","properties":{"name":"Grayson"},"id":"51077"},{"arcs":[[-5179,6843,6844,6845,-3805,6846]],"type":"Polygon","properties":{"name":"Isle of Wight"},"id":"51093"},{"arcs":[[6847,6848,6849,6850,6851]],"type":"Polygon","properties":{"name":"Ohio"},"id":"54069"},{"arcs":[[[6852,-4121,-6806,6853]],[[6854]]],"type":"MultiPolygon","properties":{"name":"Anchorage"},"id":"02020"},{"arcs":[[6855,-1645,6856,6857,-5484,6858]],"type":"Polygon","properties":{"name":"Monroe"},"id":"05095"},{"arcs":[[6859,-2344,-1665,6860,6861,6862,-3259]],"type":"Polygon","properties":{"name":"Athens"},"id":"39009"},{"arcs":[[-2148,-1984,6863,6864,6865,6866]],"type":"Polygon","properties":{"name":"Comanche"},"id":"40031"},{"arcs":[[6867,-2070,-1929,6868,6869,6870]],"type":"Polygon","properties":{"name":"Pottawatomie"},"id":"20149"},{"arcs":[[-5248,1193,-1194,-1193,6871,-5288]],"type":"Polygon","properties":{"name":"Snyder"},"id":"42109"},{"arcs":[[-5130,-5931,6872,6873,-4706]],"type":"Polygon","properties":{"name":"Marion"},"id":"45067"},{"arcs":[[-4707,-6874,6874,6875,6876]],"type":"Polygon","properties":{"name":"Williamsburg"},"id":"45089"},{"arcs":[[-5839,-5783,6877,-5727,-5826,-5440]],"type":"Polygon","properties":{"name":"Anderson"},"id":"47001"},{"arcs":[[-5214,6878,6879,6880,-1479]],"type":"Polygon","properties":{"name":"Washington"},"id":"16087"},{"arcs":[[-2853,-4365,-4366,6881,-6284,-3230]],"type":"Polygon","properties":{"name":"Cherokee"},"id":"20021"},{"arcs":[[6882,6883,-6629,6884,6885,6886]],"type":"Polygon","properties":{"name":"Johnson"},"id":"20091"},{"arcs":[[6887,6888,-4973,-2362,6889,6890]],"type":"Polygon","properties":{"name":"Bracken"},"id":"21023"},{"arcs":[[6891]],"type":"Polygon","properties":{"name":"Hawaii"},"id":"15001"},{"arcs":[[-57,-1456,-6043,6892,6893,-805]],"type":"Polygon","properties":{"name":"Franklin"},"id":"17055"},{"arcs":[[6894,6895,-1768,6896,6897,6898,-5218]],"type":"Polygon","properties":{"name":"Hinsdale"},"id":"08053"},{"arcs":[[6899,-292,-3005,-66,-5635,-6719]],"type":"Polygon","properties":{"name":"Rush"},"id":"18139"},{"arcs":[[6900,-4921,-2425,6901,6902]],"type":"Polygon","properties":{"name":"Calhoun"},"id":"19025"},{"arcs":[[-2329,-2612,-6535,-2922,-2371,-1343]],"type":"Polygon","properties":{"name":"Kiowa"},"id":"20097"},{"arcs":[[-2302,-3546,-2258,-2259,6903]],"type":"Polygon","properties":{"name":"Rush"},"id":"20165"},{"arcs":[[-410,6904,-5078,6905,-2322,6906]],"type":"Polygon","properties":{"name":"Clark"},"id":"05019"},{"arcs":[[6907,6908,6909,-3571,6910]],"type":"Polygon","properties":{"name":"Cobb"},"id":"13067"},{"arcs":[[-279,-2603,6911,6912,-6909,6913]],"type":"Polygon","properties":{"name":"Cherokee"},"id":"13057"},{"arcs":[[6914,6915,6916,-4286,-796,6917]],"type":"Polygon","properties":{"name":"Laurens"},"id":"13175"},{"arcs":[[6918,-444,-365,6919,6920,-3141]],"type":"Polygon","properties":{"name":"Delaware"},"id":"18035"},{"arcs":[[-2648,-3633,-2071,-6868,6921,6922]],"type":"Polygon","properties":{"name":"Marshall"},"id":"20117"},{"arcs":[[-6725,6923,-6137,6924,-499,-4577]],"type":"Polygon","properties":{"name":"Adair"},"id":"21001"},{"arcs":[[6925,-2635,-6296,6926,6927,-4164]],"type":"Polygon","properties":{"name":"Kendall"},"id":"48259"},{"arcs":[[6928,6929,-4724,6930,6931,6932]],"type":"Polygon","properties":{"name":"Wise"},"id":"48497"},{"arcs":[[-4764,-215,-125,6933,6934]],"type":"Polygon","properties":{"name":"Jim Hogg"},"id":"48247"},{"arcs":[[6935,6936,6937,6938,6939]],"type":"Polygon","properties":{"name":"Shenandoah"},"id":"51171"},{"arcs":[[-3637,6940,6941,6942,6943]],"type":"Polygon","properties":{"name":"Hampshire"},"id":"54027"},{"arcs":[[6944,6945,-332,6946,-1169]],"type":"Polygon","properties":{"name":"Oneida"},"id":"55085"},{"arcs":[[6947,6948,6949,6950,-6504]],"type":"Polygon","properties":{"name":"Letcher"},"id":"21133"},{"arcs":[[6951,-5431,6952,6953,6954,6955]],"type":"Polygon","properties":{"name":"Vermilion"},"id":"22113"},{"arcs":[[6956,6957,-5816,-6565,6958,-3968,6959,6960,-5464]],"type":"Polygon","properties":{"name":"Worcester"},"id":"25027"},{"arcs":[[6961,6962,-4205,-5191,-5450,6963,-3613]],"type":"Polygon","properties":{"name":"Jackson"},"id":"21109"},{"arcs":[[-5778,-2333,-5421,-2705,6964]],"type":"Polygon","properties":{"name":"Ingham"},"id":"26065"},{"arcs":[[6965,-4418,-3215,-3837,-2057,6966,-6431]],"type":"Polygon","properties":{"name":"Attala"},"id":"28007"},{"arcs":[[-2929,-3604,-4331,-3482,-3924]],"type":"Polygon","properties":{"name":"Tippah"},"id":"28139"},{"arcs":[[6967,-2861,-1328,-4363,-2851]],"type":"Polygon","properties":{"name":"Barton"},"id":"29011"},{"arcs":[[6968,6969,-4834,6970,6971,6972,-1539]],"type":"Polygon","properties":{"name":"Marion"},"id":"13197"},{"arcs":[[-2011,6973,6974,6975,6976]],"type":"Polygon","properties":{"name":"Albany"},"id":"36001"},{"arcs":[[-4073,-5720,-3930,6977,6978,-3239]],"type":"Polygon","properties":{"name":"Butte"},"id":"16023"},{"arcs":[[6979,6980,6981,6982,-6421]],"type":"Polygon","properties":{"name":"Jessamine"},"id":"21113"},{"arcs":[[-6127,6983,-6132,6984,-6981,6985]],"type":"Polygon","properties":{"name":"Fayette"},"id":"21067"},{"arcs":[[6986,6987,6988,-6016]],"type":"Polygon","properties":{"name":"Bullitt"},"id":"21029"},{"arcs":[[6989,6990,-6143,-5428,6991,-4824]],"type":"Polygon","properties":{"name":"St. Landry"},"id":"22097"},{"arcs":[[6992,-4161,-4149,-1582,-3854,6993,6994]],"type":"Polygon","properties":{"name":"Hancock"},"id":"13141"},{"arcs":[[-4329,-3619,-3577,-888,-4530,-2491]],"type":"Polygon","properties":{"name":"Lawrence"},"id":"28077"},{"arcs":[[6995,-669,6996,6997]],"type":"Polygon","properties":{"name":"Candler"},"id":"13043"},{"arcs":[[-5503,6998,6999,-5030,7000,-5023,7001,7002]],"type":"Polygon","properties":{"name":"Chatham"},"id":"37037"},{"arcs":[[-3833,7003,7004,7005,7006,7007]],"type":"Polygon","properties":{"name":"Love"},"id":"40085"},{"arcs":[[-4252,7008,-3464,-3395,7009,7010]],"type":"Polygon","properties":{"name":"Dewey"},"id":"46041"},{"arcs":[[7011,7012,-3266,7013,7014]],"type":"Polygon","properties":{"name":"Kinney"},"id":"48271"},{"arcs":[[7015,7016,7017,7018]],"type":"Polygon","properties":{"name":"Dickenson"},"id":"51051"},{"arcs":[[7019,-2469,-6797,-358,7020,-5950,7021]],"type":"Polygon","properties":{"name":"DeKalb"},"id":"01049"},{"arcs":[[-4978,-2507,-1442,-5747,-3114]],"type":"Polygon","properties":{"name":"Wilkin"},"id":"27167"},{"arcs":[[[-423,7022,7023,7024,-3469]],[[7025]],[[7026]]],"type":"MultiPolygon","properties":{"name":"Jackson"},"id":"28059"},{"arcs":[[7027,7028,-3925,-3480,7029,7030,7031]],"type":"Polygon","properties":{"name":"Marshall"},"id":"28093"},{"arcs":[[-4773,7032,-2798,-5501,-4554,7033]],"type":"Polygon","properties":{"name":"Rockingham"},"id":"37157"},{"arcs":[[7034,7035,-6774,-5205]],"type":"Polygon","properties":{"name":"Hoke"},"id":"37093"},{"arcs":[[7036,-6691,-6287,-3421,7037,7038]],"type":"Polygon","properties":{"name":"Rogers"},"id":"40131"},{"arcs":[[-1903,-2140,-2146,-103,7039,7040]],"type":"Polygon","properties":{"name":"Custer"},"id":"40039"},{"arcs":[[-3036,7041,-6890,-2366,-5185,7042,-6125]],"type":"Polygon","properties":{"name":"Harrison"},"id":"21097"},{"arcs":[[7043,-4891,-6726,-4575,-5300,7044,7045]],"type":"Polygon","properties":{"name":"Hart"},"id":"21099"},{"arcs":[[-6662,7046,7047,7048,-4580,-6542,7049]],"type":"Polygon","properties":{"name":"Putnam"},"id":"47141"},{"arcs":[[-5544,-4859,-5662,-5666,7050,-4985,7051]],"type":"Polygon","properties":{"name":"Benton"},"id":"47005"},{"arcs":[[7052,-5114,-5036,7053,-5730]],"type":"Polygon","properties":{"name":"Jefferson"},"id":"47089"},{"arcs":[[-6785,-1120,-5913,-2249,-6091]],"type":"Polygon","properties":{"name":"Mercer"},"id":"38057"},{"arcs":[[-1861,7054,-442,7055,-1846,7056]],"type":"Polygon","properties":{"name":"Auglaize"},"id":"39011"},{"arcs":[[7057,-6245,-5211,7058,-4974,-6889]],"type":"Polygon","properties":{"name":"Brown"},"id":"39015"},{"arcs":[[7059,7060,-4187,7061,-1980,-2147,-2138]],"type":"Polygon","properties":{"name":"Canadian"},"id":"40017"},{"arcs":[[-3122,-1811,-745,-6722,-5841,-1788]],"type":"Polygon","properties":{"name":"Marion"},"id":"20115"},{"arcs":[[-4722,-5770,-2565,7062,7063,7064]],"type":"Polygon","properties":{"name":"Dallas"},"id":"48113"},{"arcs":[[-357,-1340,-2579,-6673,-4778,-5951,-7021]],"type":"Polygon","properties":{"name":"Cherokee"},"id":"01019"},{"arcs":[[-6401,7065,-5156,7066,7067,7068]],"type":"Polygon","properties":{"name":"Fulton"},"id":"05049"},{"arcs":[[-4919,-2205,-6796]],"type":"Polygon","properties":{"name":"Catoosa"},"id":"13047"},{"arcs":[[7069,7070,-1537,-6391,7071]],"type":"Polygon","properties":{"name":"Muscogee"},"id":"13215"},{"arcs":[[7072,-6096,-5669,7073,7074]],"type":"Polygon","properties":{"name":"Columbia"},"id":"13073"},{"arcs":[[-1454,-5232,-6450,-5269,7075,-6044]],"type":"Polygon","properties":{"name":"Gallatin"},"id":"17059"},{"arcs":[[7076,7077,-3336,-4426,-5638,-2385,-877,-4841,-5456]],"type":"Polygon","properties":{"name":"Missoula"},"id":"30063"},{"arcs":[[-5316,-6693,-2713,-34,7078]],"type":"Polygon","properties":{"name":"Brown"},"id":"31017"},{"arcs":[[7079,7080,7081,7082,7083,7084]],"type":"Polygon","properties":{"name":"Chesterfield"},"id":"45025"},{"arcs":[[-6271,-3921,7085,-6659,7086,-2351,-5200]],"type":"Polygon","properties":{"name":"Macon"},"id":"47111"},{"arcs":[[7087,-6599,-6594,7088,-2793,7089,-2791,-7033,-4772]],"type":"Polygon","properties":{"name":"Pittsylvania"},"id":"51143"},{"arcs":[[7090,7091,7092,-5945,7093,-2112,-3910,-2110]],"type":"Polygon","properties":{"name":"York"},"id":"51199"},{"arcs":[[7094,7095,7096,7097,7098]],"type":"Polygon","properties":{"name":"Crawford"},"id":"55023"},{"arcs":[[-7063,-2564,7099,7100,7101,7102]],"type":"Polygon","properties":{"name":"Kaufman"},"id":"48257"},{"arcs":[[7103,-600,7104,7105,-997]],"type":"Polygon","properties":{"name":"Carbon"},"id":"49007"},{"arcs":[[-998,-7106,7106,7107,7108]],"type":"Polygon","properties":{"name":"Emery"},"id":"49015"},{"arcs":[[7109,7110,7111,-6062,-6068]],"type":"Polygon","properties":{"name":"Aibonito"},"id":"72009"},{"arcs":[[7112,7113,-4087,-2453,-3096,7114]],"type":"Polygon","properties":{"name":"Manat\u00ed"},"id":"72091"},{"arcs":[[7115,7116,7117,-2401,7118]],"type":"Polygon","properties":{"name":"Kewaunee"},"id":"55061"},{"arcs":[[7119,-4953,7120,-6395,7121,7122]],"type":"Polygon","properties":{"name":"Macon"},"id":"01087"},{"arcs":[[-2474,7123,7124,7125,-237,7126,7127]],"type":"Polygon","properties":{"name":"Mitchell"},"id":"13205"},{"arcs":[[-4830,7128,-6995,7129,-4075,7130]],"type":"Polygon","properties":{"name":"Putnam"},"id":"13237"},{"arcs":[[-3240,-6979,7131,7132,-6442,-6352,-1352,7133,-5940]],"type":"Polygon","properties":{"name":"Blaine"},"id":"16013"},{"arcs":[[7134,7135,7136,7137,-270,7138]],"type":"Polygon","properties":{"name":"Bibb"},"id":"01007"},{"arcs":[[-4536,-5273,7139,-5414,7140,-1174]],"type":"Polygon","properties":{"name":"Lewis"},"id":"29111"},{"arcs":[[7141,-5963,7142,7143,-4450,-6497]],"type":"Polygon","properties":{"name":"Little River"},"id":"05081"},{"arcs":[[-6793,-6729,7144,7145,7146]],"type":"Polygon","properties":{"name":"Gulf"},"id":"12045"},{"arcs":[[7147,-4012,-1731,-4015]],"type":"Polygon","properties":{"name":"Porter"},"id":"18127"},{"arcs":[[7148,-4043,-2017,7149,-6360,7150,7151]],"type":"Polygon","properties":{"name":"Bryan"},"id":"40013"},{"arcs":[[7152,7153,-4754,7154,-5539,-5006]],"type":"Polygon","properties":{"name":"Lehigh"},"id":"42077"},{"arcs":[[-6122,7155,7156,7157,-4902,-6768]],"type":"Polygon","properties":{"name":"Butler"},"id":"21031"},{"arcs":[[-5660,7158,-4717,-5262,7159,-5663]],"type":"Polygon","properties":{"name":"Dickson"},"id":"47043"},{"arcs":[[-2184,-1005,-2183,-113,-2174,-3841]],"type":"Polygon","properties":{"name":"Jones"},"id":"48253"},{"arcs":[[7160,-6185,7161,-2905,-7107]],"type":"Polygon","properties":{"name":"Grand"},"id":"49019"},{"arcs":[[7162,-6927,-6299,7163,-1883,-5556,7164]],"type":"Polygon","properties":{"name":"Bexar"},"id":"48029"},{"arcs":[[-6298,7165,-5537,-6149,-1884,-7164]],"type":"Polygon","properties":{"name":"Guadalupe"},"id":"48187"},{"arcs":[[7166,7167,7168,7169,7170,-6550,7171]],"type":"Polygon","properties":{"name":"Tooele"},"id":"49045"},{"arcs":[[-3235,-1830,-1035,7172,7173,7174]],"type":"Polygon","properties":{"name":"Peoria"},"id":"17143"},{"arcs":[[-6324,7175,-5936,7176,7177,7178,-6556,-6321,-6555]],"type":"Polygon","properties":{"name":"Warren"},"id":"28149"},{"arcs":[[7179,7180,7181,-901,7182,7183]],"type":"Polygon","properties":{"name":"Putnam"},"id":"29171"},{"arcs":[[7184,7185,-6012,7186]],"type":"Polygon","properties":{"name":"Floyd"},"id":"18043"},{"arcs":[[-6314,7187,7188,7189,7190,-130,-2439]],"type":"Polygon","properties":{"name":"Randolph"},"id":"54083"},{"arcs":[[-4470,-6071,7191]],"type":"Polygon","properties":{"name":"Villalba"},"id":"72149"},{"arcs":[[7192,-5425,-5181,7193,7194]],"type":"Polygon","properties":{"name":"Sussex"},"id":"51183"},{"arcs":[[-4223,-4602,7195,7196,-4271,7197]],"type":"Polygon","properties":{"name":"Summers"},"id":"54089"},{"arcs":[[-5878,7198,7199,7200,7201]],"type":"Polygon","properties":{"name":"Richmond"},"id":"51159"},{"arcs":[[7202,-4621,7203,7204,7205,7206]],"type":"Polygon","properties":{"name":"Franklin"},"id":"01059"},{"arcs":[[7207,-7108,-2904,7208,7209]],"type":"Polygon","properties":{"name":"Wayne"},"id":"49055"},{"arcs":[[7210,-1661,-6280,7211,-289,7212]],"type":"Polygon","properties":{"name":"Wayne"},"id":"18177"},{"arcs":[[7213,7214,7215,-4029,7216]],"type":"Polygon","properties":{"name":"Greenup"},"id":"21089"},{"arcs":[[-3664,-5892,7217,-6381,-3423]],"type":"Polygon","properties":{"name":"Ringgold"},"id":"19159"},{"arcs":[[[7218,-242,7219]],[[7220]],[[7221]],[[7222]]],"type":"MultiPolygon","properties":{"name":"Leelanau"},"id":"26089"},{"arcs":[[-599,7223,-3249,7224,-6179,-7161,-7105]],"type":"Polygon","properties":{"name":"Uintah"},"id":"49047"},{"arcs":[[7225,7226,-6831,7227,7228]],"type":"Polygon","properties":{"name":"Suwannee"},"id":"12121"},{"arcs":[[7229,7230,7231,7232,-6465]],"type":"Polygon","properties":{"name":"Taylor"},"id":"12123"},{"arcs":[[7233,-6151,7234,7235]],"type":"Polygon","properties":{"name":"King William"},"id":"51101"},{"arcs":[[7236,7237,-2768,7238,-3511,-5326,7239,-5602]],"type":"Polygon","properties":{"name":"Gallatin"},"id":"30031"},{"arcs":[[7240,7241,-2811,-2765,7242]],"type":"Polygon","properties":{"name":"Judith Basin"},"id":"30045"},{"arcs":[[7243,7244,7245,7246,7247,-1897]],"type":"Polygon","properties":{"name":"Trumbull"},"id":"39155"},{"arcs":[[7248,7249,-4911,-5844,7250]],"type":"Polygon","properties":{"name":"Contra Costa"},"id":"06013"},{"arcs":[[-5066,7251,7252,-5012]],"type":"Polygon","properties":{"name":"Lower Connecticut River Valley"},"id":"09130"},{"arcs":[[-5227,7253,7254,7255,-1741,-2742,-6447]],"type":"Polygon","properties":{"name":"Whiteside"},"id":"17195"},{"arcs":[[7256,-185,-4400,7257,7258,-6519]],"type":"Polygon","properties":{"name":"Vermillion"},"id":"18165"},{"arcs":[[7259,7260,7261,7262]],"type":"Polygon","properties":{"name":"Hancock"},"id":"28045"},{"arcs":[[7263,7264,7265,-6771,-5933,7266]],"type":"Polygon","properties":{"name":"Washington"},"id":"28151"},{"arcs":[[7267,-6407,7268,-889,-2855,-137]],"type":"Polygon","properties":{"name":"Prairie"},"id":"30079"},{"arcs":[[-3941,-4545,-6474,-1223,7269,-6761]],"type":"Polygon","properties":{"name":"Allegany"},"id":"36003"},{"arcs":[[7270,-4240,7271,7272,7273,-4751]],"type":"Polygon","properties":{"name":"Lorain"},"id":"39093"},{"arcs":[[7274,7275]],"type":"Polygon","properties":{"name":"Clallam"},"id":"53009"},{"arcs":[[7276,7277,7278,7279,7280,7281]],"type":"Polygon","properties":{"name":"Grays Harbor"},"id":"53027"},{"arcs":[[7282,7283,7284,-1563,-3334]],"type":"Polygon","properties":{"name":"Teton"},"id":"30099"},{"arcs":[[-5877,7285,-7199]],"type":"Polygon","properties":{"name":"Lancaster"},"id":"51103"},{"arcs":[[-7194,-5180,-6847,-3806,-6846,7286,7287,7288,7289,7290]],"type":"Polygon","properties":{"name":"Southampton"},"id":"51175"},{"arcs":[[-2274,-2036,-2524,7291]],"type":"Polygon","properties":{"name":"Northwest Arctic"},"id":"02188"},{"arcs":[[-4948,-3323,-2784,7292,7293,7294,7295]],"type":"Polygon","properties":{"name":"Faulkner"},"id":"05045"},{"arcs":[[7296,7297,7298,-5395,7299]],"type":"Polygon","properties":{"name":"Meade"},"id":"21163"},{"arcs":[[-5311,7300,-4511,7301,-6574]],"type":"Polygon","properties":{"name":"Trimble"},"id":"21223"},{"arcs":[[-6177,7302,7303,-4315,-5579]],"type":"Polygon","properties":{"name":"Webster"},"id":"22119"},{"arcs":[[7304,-4964,7305]],"type":"Polygon","properties":{"name":"Baltimore"},"id":"24510"},{"arcs":[[-27,-2719,-1905,7306,-3783,-6165,7307]],"type":"Polygon","properties":{"name":"Ellis"},"id":"40045"},{"arcs":[[-4737,7308,-5820,7309,-5461,7310,7311]],"type":"Polygon","properties":{"name":"Bennington"},"id":"50003"},{"arcs":[[-7281,7312,-6319,7313]],"type":"Polygon","properties":{"name":"Pacific"},"id":"53049"},{"arcs":[[-7190,7314,7315,7316,7317,7318,7319]],"type":"Polygon","properties":{"name":"Pendleton"},"id":"54071"},{"arcs":[[[7320]],[[7321]],[[7322]]],"type":"MultiPolygon","properties":{"name":"San Juan"},"id":"53055"},{"arcs":[[7323,-4375,7324,7325,-6440,-5738,-2201]],"type":"Polygon","properties":{"name":"Spokane"},"id":"53063"},{"arcs":[[[7326,-4783,7327]],[[7328]],[[7329]]],"type":"MultiPolygon","properties":{"name":"Whatcom"},"id":"53073"},{"arcs":[[7330,7331,7332,7333,-5908,7334,-6453,-6653]],"type":"Polygon","properties":{"name":"Fresno"},"id":"06019"},{"arcs":[[7335,-1347,-4385,-4799,7336]],"type":"Polygon","properties":{"name":"DeKalb"},"id":"13089"},{"arcs":[[-1068,-5843,-6723,7337,7338]],"type":"Polygon","properties":{"name":"Sedgwick"},"id":"20173"},{"arcs":[[-4889,-4410,-6133,-6924,-6724]],"type":"Polygon","properties":{"name":"Taylor"},"id":"21217"},{"arcs":[[7339,7340,7341,7342,7343,-6112]],"type":"Polygon","properties":{"name":"Atchison"},"id":"29005"},{"arcs":[[7344,7345,7346,-376,7347,-5865,-5724]],"type":"Polygon","properties":{"name":"Big Horn"},"id":"30003"},{"arcs":[[7348,-7172,-6553,7349,-6114,7350,-5488]],"type":"Polygon","properties":{"name":"White Pine"},"id":"32033"},{"arcs":[[-4209,7351,7352,-2638,7353,7354]],"type":"Polygon","properties":{"name":"Polk"},"id":"47139"},{"arcs":[[-6539,7355,-583,-5378,7356]],"type":"Polygon","properties":{"name":"Custer"},"id":"46033"},{"arcs":[[7357,7358,-7209,-2903,7359,-6278]],"type":"Polygon","properties":{"name":"Garfield"},"id":"49017"},{"arcs":[[7360,-3585,7361,7362,-6463,7363]],"type":"Polygon","properties":{"name":"Brooks"},"id":"13027"},{"arcs":[[7364,7365,-7119,-2400,7366,-6058,-1968]],"type":"Polygon","properties":{"name":"Brown"},"id":"55009"},{"arcs":[[7367,7368,-6252,7369]],"type":"Polygon","properties":{"name":"Douglas"},"id":"53017"},{"arcs":[[[7370,7371,7372,-3823]],[[-6526,7373,7374,7375]]],"type":"MultiPolygon","properties":{"name":"Nueces"},"id":"48355"},{"arcs":[[-2414,7376,-3135,-2335,-4172,7377]],"type":"Polygon","properties":{"name":"Jones"},"id":"28067"},{"arcs":[[-6982,-6985,-6131,7378,-6962,-3612,7379]],"type":"Polygon","properties":{"name":"Madison"},"id":"21151"},{"arcs":[[-4406,-6128,-6986,-6980,-6420,7380]],"type":"Polygon","properties":{"name":"Woodford"},"id":"21239"},{"arcs":[[-5347,7381,-6948,-6503,7382,-5451,-5189]],"type":"Polygon","properties":{"name":"Perry"},"id":"21193"},{"arcs":[[7383,7384,7385,7386,7387,7388]],"type":"Polygon","properties":{"name":"Adair"},"id":"40001"},{"arcs":[[7389,7390,-5355,-4755,-7154]],"type":"Polygon","properties":{"name":"Northampton"},"id":"42095"},{"arcs":[[[-5064,-3971,-5801,7391]],[[7392]]],"type":"MultiPolygon","properties":{"name":"Washington"},"id":"44009"},{"arcs":[[-4604,-4996,7393,-3743,-5314]],"type":"Polygon","properties":{"name":"Boyd"},"id":"31015"},{"arcs":[[7394,7395,7396,7397,7398,7399]],"type":"Polygon","properties":{"name":"East Baton Rouge"},"id":"22033"},{"arcs":[[7400,7401,-2476,7402,-4649,-1825]],"type":"Polygon","properties":{"name":"Calhoun"},"id":"13037"},{"arcs":[[7403,7404,-4057,-3017,-3558,-5646]],"type":"Polygon","properties":{"name":"Wayne"},"id":"31179"},{"arcs":[[-4663,7405,7406,7407,7408]],"type":"Polygon","properties":{"name":"Bernalillo"},"id":"35001"},{"arcs":[[7409,7410,-2009,7411,7412,7413]],"type":"Polygon","properties":{"name":"Montgomery"},"id":"36057"},{"arcs":[[7414,7415,7416,7417,-4561,-1264,7418,7419,7420]],"type":"Polygon","properties":{"name":"Iredell"},"id":"37097"},{"arcs":[[-1754,7421,7422,7423,7424,7425]],"type":"Polygon","properties":{"name":"Okmulgee"},"id":"40111"},{"arcs":[[-1198,-5009,7426,-5694,7427,-5531,-5575]],"type":"Polygon","properties":{"name":"Dauphin"},"id":"42043"},{"arcs":[[7428,-2693,-3586,-7361,7429,-7125]],"type":"Polygon","properties":{"name":"Colquitt"},"id":"13071"},{"arcs":[[7430,7431,7432,-5651,7433]],"type":"Polygon","properties":{"name":"Racine"},"id":"55101"},{"arcs":[[7434,7435,7436,-3332]],"type":"Polygon","properties":{"name":"Glacier"},"id":"30035"},{"arcs":[[-2916,7437,-7434,-5655,7438,7439,7440]],"type":"Polygon","properties":{"name":"Walworth"},"id":"55127"},{"arcs":[[7441]],"type":"Polygon","properties":{"name":"Covington"},"id":"51580"},{"arcs":[[7442,-154,7443,7444,7445,7446,-5822]],"type":"Polygon","properties":{"name":"Somerset"},"id":"23025"},{"arcs":[[7447,7448,-6433,7449,-6772,-7266]],"type":"Polygon","properties":{"name":"Humphreys"},"id":"28053"},{"arcs":[[7450,7451,7452]],"type":"Polygon","properties":{"name":"Scott"},"id":"17171"},{"arcs":[[7453,7454,7455,-6072,-3063,-5244]],"type":"Polygon","properties":{"name":"Lenoir"},"id":"37107"},{"arcs":[[7456,7457,-3893,-5067,7458]],"type":"Polygon","properties":{"name":"Wayne"},"id":"39169"},{"arcs":[[7459,-510,7460,7461]],"type":"Polygon","properties":{"name":"Berkeley"},"id":"54003"},{"arcs":[[7462,7463,-6032,7464,7465]],"type":"Polygon","properties":{"name":"Clay"},"id":"12019"},{"arcs":[[7466,-6040,7467,-2959,-3403,7468]],"type":"Polygon","properties":{"name":"Livingston"},"id":"17105"},{"arcs":[[7469,-2410,7470,-1742,-7256]],"type":"Polygon","properties":{"name":"Lee"},"id":"17103"},{"arcs":[[-4396,-2877,-3435,7471,-6570]],"type":"Polygon","properties":{"name":"Daviess"},"id":"18027"},{"arcs":[[-6417,-4407,-7381,-6419,-3703,7472,7473]],"type":"Polygon","properties":{"name":"Anderson"},"id":"21005"},{"arcs":[[-5309,-6020,-3038,-6124,-4404,7474]],"type":"Polygon","properties":{"name":"Owen"},"id":"21187"},{"arcs":[[7475,-5444,-6075,-3911,-3047]],"type":"Polygon","properties":{"name":"Bedford"},"id":"47003"},{"arcs":[[7476,-2219,7477,7478,7479,-6293,7480]],"type":"Polygon","properties":{"name":"Jasper"},"id":"48241"},{"arcs":[[7481,-596,-1379,-2197,7482,7483]],"type":"Polygon","properties":{"name":"Lampasas"},"id":"48281"},{"arcs":[[7484,7485,-2213,7486,-4257]],"type":"Polygon","properties":{"name":"Lamoille"},"id":"50015"},{"arcs":[[-7369,7487,-2204,7488,-5521,-5990,-5804,-6253]],"type":"Polygon","properties":{"name":"Grant"},"id":"53025"},{"arcs":[[7489,7490,7491,-3781,7492,7493,-3847,7494]],"type":"Polygon","properties":{"name":"Coffee"},"id":"13069"},{"arcs":[[7495,7496,7497,7498,-4940,-863]],"type":"Polygon","properties":{"name":"Green"},"id":"55045"},{"arcs":[[7499,7500,-6275,7501,7502,7503,-173]],"type":"Polygon","properties":{"name":"Lyon"},"id":"32019"},{"arcs":[[-7500,7504]],"type":"Polygon","properties":{"name":"Storey"},"id":"32029"},{"arcs":[[7505,7506,-4088,-7114]],"type":"Polygon","properties":{"name":"Vega Baja"},"id":"72145"},{"arcs":[[7507,7508,-3903,7509,-6256,7510,7511]],"type":"Polygon","properties":{"name":"San Lorenzo"},"id":"72129"},{"arcs":[[-6616,-6613,7512,-6370,-341,7513]],"type":"Polygon","properties":{"name":"Toa Alta"},"id":"72135"},{"arcs":[[7514,-3953,-2373,-28,-7308,-6164,7515,7516]],"type":"Polygon","properties":{"name":"Beaver"},"id":"40007"},{"arcs":[[-4273,7517,-2055,7518,-4958,7519]],"type":"Polygon","properties":{"name":"Bland"},"id":"51021"},{"arcs":[[7520,-6801,-2437,7521,7522,-6170]],"type":"Polygon","properties":{"name":"Doddridge"},"id":"54017"},{"arcs":[[7523,-3321,7524,7525,-135,7526]],"type":"Polygon","properties":{"name":"Valley"},"id":"30105"},{"arcs":[[-2824,-4826,7527,-6956,7528,-5149,7529]],"type":"Polygon","properties":{"name":"Jefferson Davis"},"id":"22053"},{"arcs":[[-2096,7530,-96,7531,7532,7533]],"type":"Polygon","properties":{"name":"Dooly"},"id":"13093"},{"arcs":[[7534,7535,7536,7537,7538,7539]],"type":"Polygon","properties":{"name":"Ulster"},"id":"36111"},{"arcs":[[7540,7541,7542,-4547,7543,7544]],"type":"Polygon","properties":{"name":"Caldwell"},"id":"37027"},{"arcs":[[7545,7546,-2117,7547]],"type":"Polygon","properties":{"name":"Pasquotank"},"id":"37139"},{"arcs":[[7548,7549,7550,-3254,7551,-1232]],"type":"Polygon","properties":{"name":"Wood"},"id":"39173"},{"arcs":[[-3663,7552,-2636,-6926,-4163,-3527]],"type":"Polygon","properties":{"name":"Gillespie"},"id":"48171"},{"arcs":[[7553,-4138,-5785,7554,-192,7555,7556]],"type":"Polygon","properties":{"name":"Sierra"},"id":"35051"},{"arcs":[[7557,7558,7559,-4552,7560,-6780]],"type":"Polygon","properties":{"name":"McDowell"},"id":"37111"},{"arcs":[[7561,-22,-5409,7562]],"type":"Polygon","properties":{"name":"Divide"},"id":"38023"},{"arcs":[[-3412,-6359,7563,-2155,-1857]],"type":"Polygon","properties":{"name":"Concho"},"id":"48095"},{"arcs":[[-7196,-4601,7564,7565,7566]],"type":"Polygon","properties":{"name":"Monroe"},"id":"54063"},{"arcs":[[7567,7568,7569,7570,7571,7572,7573,-6610]],"type":"Polygon","properties":{"name":"San Juan"},"id":"72127"},{"arcs":[[-2767,-1312,-6712,-5726,-3505,-7239]],"type":"Polygon","properties":{"name":"Park"},"id":"30067"},{"arcs":[[-2427,-1949,-4302,-319,7574]],"type":"Polygon","properties":{"name":"Dallas"},"id":"19049"},{"arcs":[[7575,-6617,-7514,-340,-4089,-7507]],"type":"Polygon","properties":{"name":"Vega Alta"},"id":"72143"},{"arcs":[[-1930,7576,-2039]],"type":"Polygon","properties":{"name":"Fairbanks North Star"},"id":"02090"},{"arcs":[[7577,-7318,7578,-5859,-5750,7579,7580],[-126],[7581]],"type":"Polygon","properties":{"name":"Augusta"},"id":"51015"},{"arcs":[[-7522,-2436,-2440,-128,7582,7583]],"type":"Polygon","properties":{"name":"Lewis"},"id":"54041"},{"arcs":[[-6074,-4006,7584,7585,-3065]],"type":"Polygon","properties":{"name":"Onslow"},"id":"37133"},{"arcs":[[-6943,7586,-6940,7587,-7316,7588]],"type":"Polygon","properties":{"name":"Hardy"},"id":"54031"},{"arcs":[[-6173,7589,-6054,7590,7591]],"type":"Polygon","properties":{"name":"Wirt"},"id":"54105"},{"arcs":[[7592,7593,-5088,7594,7595]],"type":"Polygon","properties":{"name":"Josephine"},"id":"41033"},{"arcs":[[-4992,7596,-7589,-7315,-7189,7597,7598]],"type":"Polygon","properties":{"name":"Grant"},"id":"54023"},{"arcs":[[-6059,-7367,-2404,7599,-223,-2568]],"type":"Polygon","properties":{"name":"Calumet"},"id":"55015"},{"arcs":[[7600,7601,-6803,7602,7603,7604]],"type":"Polygon","properties":{"name":"Monroe"},"id":"39111"},{"arcs":[[-3100,7605,7606,-6300,-4668,7607]],"type":"Polygon","properties":{"name":"Costilla"},"id":"08023"},{"arcs":[[-3211,-3367,7608,7609,-2847]],"type":"Polygon","properties":{"name":"Orange"},"id":"06059"},{"arcs":[[-676,-3101,-7608,-4667,7610,7611]],"type":"Polygon","properties":{"name":"Conejos"},"id":"08021"},{"arcs":[[7612,7613,7614]],"type":"Polygon","properties":{"name":"Pinellas"},"id":"12103"},{"arcs":[[7615,-3170,7616,7617,7618]],"type":"Polygon","properties":{"name":"Cass"},"id":"26027"},{"arcs":[[7619,7620,-4648,7621]],"type":"Polygon","properties":{"name":"Sarasota"},"id":"12115"},{"arcs":[[-3584,7622,-3536,-3355,7623,7624,-7362]],"type":"Polygon","properties":{"name":"Lowndes"},"id":"13185"},{"arcs":[[7625,-6263,-3269,7626,-6998,-177,7627,7628]],"type":"Polygon","properties":{"name":"Emanuel"},"id":"13107"},{"arcs":[[-6406,7629,-6307,7630,-890,-7269]],"type":"Polygon","properties":{"name":"Wibaux"},"id":"30109"},{"arcs":[[-5058,7631,-6689,7632,-7352,-4208]],"type":"Polygon","properties":{"name":"Monroe"},"id":"47123"},{"arcs":[[-7363,-7625,7633,-7226,7634,-7230,-6464]],"type":"Polygon","properties":{"name":"Madison"},"id":"12079"},{"arcs":[[-954,7635,-4086,-697,-3836,-3213]],"type":"Polygon","properties":{"name":"Oktibbeha"},"id":"28105"},{"arcs":[[7636,7637,7638,7639,-7565,-4600],[-7442]],"type":"Polygon","properties":{"name":"Alleghany"},"id":"51005"},{"arcs":[[7640,-3289,7641,7642,7643]],"type":"Polygon","properties":{"name":"Mellette"},"id":"46095"},{"arcs":[[-6176,-2324,7644,-6680,7645,-7303]],"type":"Polygon","properties":{"name":"Columbia"},"id":"05027"},{"arcs":[[7646,-6898,7647,7648,-6162]],"type":"Polygon","properties":{"name":"La Plata"},"id":"08067"},{"arcs":[[-6897,-1767,-677,-7612,7649,7650,-7648]],"type":"Polygon","properties":{"name":"Archuleta"},"id":"08007"},{"arcs":[[-353,7651,7652,7653]],"type":"Polygon","properties":{"name":"Martin"},"id":"12085"},{"arcs":[[-7624,-3358,-6827,-7227,-7634]],"type":"Polygon","properties":{"name":"Hamilton"},"id":"12047"},{"arcs":[[7654,-4942,7655,7656,7657,7658]],"type":"Polygon","properties":{"name":"Jo Daviess"},"id":"17085"},{"arcs":[[-4307,-3003,7659,7660,-6265]],"type":"Polygon","properties":{"name":"Dearborn"},"id":"18029"},{"arcs":[[7661,7662,-7187,-6018,7663,-7298]],"type":"Polygon","properties":{"name":"Harrison"},"id":"18061"},{"arcs":[[7664,7665,7666,-6076,-6536,-5117]],"type":"Polygon","properties":{"name":"Meade"},"id":"46093"},{"arcs":[[7667,7668,-6843,-5643,7669,7670,-5549]],"type":"Polygon","properties":{"name":"Johnson"},"id":"47091"},{"arcs":[[7671,7672,-6654,-4684,7673,7674]],"type":"Polygon","properties":{"name":"Halifax"},"id":"37083"},{"arcs":[[-3,7675,7676,-6511,7677,-7466,7678,7679,-6828]],"type":"Polygon","properties":{"name":"Baker"},"id":"12003"},{"arcs":[[7680,-3070,-2972,-1977,-2080,-3957]],"type":"Polygon","properties":{"name":"Clearwater"},"id":"27029"},{"arcs":[[7681,-7583,-127,-6007,-4069,7682]],"type":"Polygon","properties":{"name":"Braxton"},"id":"54007"},{"arcs":[[-5146,-3049,-3915,7683,-6385,7684]],"type":"Polygon","properties":{"name":"Giles"},"id":"47055"},{"arcs":[[7685,7686,-4131,7687,-2311,-2500]],"type":"Polygon","properties":{"name":"Adjuntas"},"id":"72001"},{"arcs":[[-7513,-6612,7688,7689,7690,7691,-6371]],"type":"Polygon","properties":{"name":"Bayam\u00f3n"},"id":"72021"},{"arcs":[[-3310,7692,7693,7694,7695]],"type":"Polygon","properties":{"name":"Boone"},"id":"54005"},{"arcs":[[7696,7697,-7591,-6057,7698,7699,-6586]],"type":"Polygon","properties":{"name":"Jackson"},"id":"54035"},{"arcs":[[-2430,-1076,-3296,-3916,-3080,-3148]],"type":"Polygon","properties":{"name":"Smith"},"id":"20183"},{"arcs":[[-4355,7700,7701,7702,7703,-1389]],"type":"Polygon","properties":{"name":"Martin"},"id":"21159"},{"arcs":[[7704,7705,7706,7707,-3341,7708]],"type":"Polygon","properties":{"name":"Morehouse"},"id":"22067"},{"arcs":[[[7709,-5593,-4482,-5702,7710]],[[-5142,7711]]],"type":"MultiPolygon","properties":{"name":"Dorchester"},"id":"24019"},{"arcs":[[-3813,7712,-4533,-1172,-903,7713]],"type":"Polygon","properties":{"name":"Scotland"},"id":"29199"},{"arcs":[[7714,-6960,-3967,-5010,7715,7716]],"type":"Polygon","properties":{"name":"Hampden"},"id":"25013"},{"arcs":[[7717,-4158,7718,7719,7720]],"type":"Polygon","properties":{"name":"Koochiching"},"id":"27071"},{"arcs":[[-760,-3549,-1235,7721,7722,7723]],"type":"Polygon","properties":{"name":"Williams"},"id":"39171"},{"arcs":[[7724,7725,7726,-6334]],"type":"Polygon","properties":{"name":"Baraga"},"id":"26013"},{"arcs":[[-771,7727,-6782,7728,-19]],"type":"Polygon","properties":{"name":"Ward"},"id":"38101"},{"arcs":[[-3628,-3117,-5098,-1470,7729]],"type":"Polygon","properties":{"name":"Sargent"},"id":"38081"},{"arcs":[[-6305,-6092,-2253,-4128,7730]],"type":"Polygon","properties":{"name":"Billings"},"id":"38007"},{"arcs":[[-2244,7731,-4156,7732,7733,-4321,7734,-3850]],"type":"Polygon","properties":{"name":"Aitkin"},"id":"27001"},{"arcs":[[7735,7736,7737,-2296]],"type":"Polygon","properties":{"name":"Iosco"},"id":"26069"},{"arcs":[[-7398,7738,-2001,-3071,-4046,7739]],"type":"Polygon","properties":{"name":"Ascension"},"id":"22005"},{"arcs":[[7740,7741,-6088,7742,7743,-7569]],"type":"Polygon","properties":{"name":"Carolina"},"id":"72031"},{"arcs":[[7744,7745,7746,7747,-7111,7748]],"type":"Polygon","properties":{"name":"Cidra"},"id":"72041"},{"arcs":[[7749,7750,7751,-2498,-2447]],"type":"Polygon","properties":{"name":"Hatillo"},"id":"72065"},{"arcs":[[-2060,-6220,-2412,7752,7753]],"type":"Polygon","properties":{"name":"Scott"},"id":"28123"},{"arcs":[[-566,-3302,-400,-32,7754,-6578,-4337]],"type":"Polygon","properties":{"name":"Furnas"},"id":"31065"},{"arcs":[[-3548,-6399,-6701,7755,7756,-7549,-1231]],"type":"Polygon","properties":{"name":"Lucas"},"id":"39095"},{"arcs":[[-7684,-3914,7757,-5956,7758,-6386]],"type":"Polygon","properties":{"name":"Limestone"},"id":"01083"},{"arcs":[[-4423,-1567,7759,-7237,-5601,-5527,7760]],"type":"Polygon","properties":{"name":"Jefferson"},"id":"30043"},{"arcs":[[-6781,-7561,-4551,7761,7762,7763,7764,-4672]],"type":"Polygon","properties":{"name":"Rutherford"},"id":"37161"},{"arcs":[[-99,-3261,7765,-6589,7766,7767]],"type":"Polygon","properties":{"name":"Gallia"},"id":"39053"},{"arcs":[[7768,-838,-4988,-6212,-6389,7769,-3601,-1053]],"type":"Polygon","properties":{"name":"Hardin"},"id":"47071"},{"arcs":[[-6279,-7360,-2912,7770,-868,-5509]],"type":"Polygon","properties":{"name":"Kane"},"id":"49025"},{"arcs":[[7771,7772,-1649,-1641,-6856,7773]],"type":"Polygon","properties":{"name":"Woodruff"},"id":"05147"},{"arcs":[[7774,7775,7776]],"type":"Polygon","properties":{"name":"Mariposa"},"id":"06043"},{"arcs":[[-6757,7777,7778]],"type":"Polygon","properties":{"name":"Cape May"},"id":"34009"},{"arcs":[[7779,-1476,-206,7780]],"type":"Polygon","properties":{"name":"Union"},"id":"41061"},{"arcs":[[7781,7782,7783,7784,7785,-7424]],"type":"Polygon","properties":{"name":"Muskogee"},"id":"40101"},{"arcs":[[-2990,-3673,-2273,-1236,-3747]],"type":"Polygon","properties":{"name":"Clare"},"id":"26035"},{"arcs":[[-6203,7786,7787,-5595,7788]],"type":"Polygon","properties":{"name":"Lincoln"},"id":"41041"},{"arcs":[[7789,7790,-3084]],"type":"Polygon","properties":{"name":"Huron"},"id":"26063"},{"arcs":[[-770,-4141,-1280,-1704,-6783,-7728]],"type":"Polygon","properties":{"name":"McHenry"},"id":"38049"},{"arcs":[[-633,-1372,-1749,7791,-2169]],"type":"Polygon","properties":{"name":"Cheyenne"},"id":"08017"},{"arcs":[[-5782,7792,7793,-5728,-6878]],"type":"Polygon","properties":{"name":"Union"},"id":"47173"},{"arcs":[[-1822,-1946,-4509,-4534,-7713,-3812]],"type":"Polygon","properties":{"name":"Van Buren"},"id":"19177"},{"arcs":[[7794,7795,-5054,-5895,7796,-5896,7797,-2459,-1243,-3991]],"type":"Polygon","properties":{"name":"Mississippi"},"id":"05093"},{"arcs":[[7798,7799,7800,7801,7802]],"type":"Polygon","properties":{"name":"Citrus"},"id":"12017"},{"arcs":[[-7801,7803,7804,7805]],"type":"Polygon","properties":{"name":"Hernando"},"id":"12053"},{"arcs":[[7806,-239,7807,-6461,7808,7809]],"type":"Polygon","properties":{"name":"Leon"},"id":"12073"},{"arcs":[[7810,7811,7812,7813,7814]],"type":"Polygon","properties":{"name":"Okaloosa"},"id":"12091"},{"arcs":[[-6741,7815]],"type":"Polygon","properties":{"name":"Northampton"},"id":"51131"},{"arcs":[[7816,-4786,7817,-656,7818,-6582]],"type":"Polygon","properties":{"name":"Snohomish"},"id":"53061"},{"arcs":[[[-7117,7819]],[[7820]],[[7821]]],"type":"MultiPolygon","properties":{"name":"Door"},"id":"55029"},{"arcs":[[7822,7823,-7007,7824,-6929,7825]],"type":"Polygon","properties":{"name":"Montague"},"id":"48337"},{"arcs":[[-4680,-4675,7826,-5327,7827,7828]],"type":"Polygon","properties":{"name":"Transylvania"},"id":"37175"},{"arcs":[[-2601,-6714,-3204,7829,-3401,7830,7831,7832]],"type":"Polygon","properties":{"name":"Hall"},"id":"13139"},{"arcs":[[-5775,-4169,7833,-7012,7834,7835]],"type":"Polygon","properties":{"name":"Val Verde"},"id":"48465"},{"arcs":[[-6273,7836,-5489,-7351,-6118,-3655,7837,-3074,7838]],"type":"Polygon","properties":{"name":"Nye"},"id":"32023"},{"arcs":[[7839,-6705,7840,-6883,7841,7842]],"type":"Polygon","properties":{"name":"Leavenworth"},"id":"20103"},{"arcs":[[-7456,7843,7844,-5438,7845,-4004,-6073]],"type":"Polygon","properties":{"name":"Craven"},"id":"37049"},{"arcs":[[-6470,7846,7847,-5795]],"type":"Polygon","properties":{"name":"Ocean"},"id":"34029"},{"arcs":[[7848,7849,-2002,-7739,-7397]],"type":"Polygon","properties":{"name":"Livingston"},"id":"22063"},{"arcs":[[7850,-7815,7851,-4063]],"type":"Polygon","properties":{"name":"Santa Rosa"},"id":"12113"},{"arcs":[[7852,7853,7854]],"type":"Polygon","properties":{"name":"Seminole"},"id":"12117"},{"arcs":[[-7809,-6467,7855,7856,7857]],"type":"Polygon","properties":{"name":"Wakulla"},"id":"12129"},{"arcs":[[7858,7859,7860,7861,-6795,7862,-7813]],"type":"Polygon","properties":{"name":"Walton"},"id":"12131"},{"arcs":[[-6665,7863,7864,-7127,-241,7865,7866]],"type":"Polygon","properties":{"name":"Decatur"},"id":"13087"},{"arcs":[[7867,-7864,-6664,-4651]],"type":"Polygon","properties":{"name":"Miller"},"id":"13201"},{"arcs":[[7868,-5561,7869,7870,7871]],"type":"Polygon","properties":{"name":"Osceola"},"id":"12097"},{"arcs":[[7872,7873,-6576,7874,7875]],"type":"Polygon","properties":{"name":"Scott"},"id":"18143"},{"arcs":[[-6925,-6136,7876,7877,-635,-500]],"type":"Polygon","properties":{"name":"Russell"},"id":"21207"},{"arcs":[[-7301,-5310,-7475,-4403,-6416,-4512]],"type":"Polygon","properties":{"name":"Henry"},"id":"21103"},{"arcs":[[7878,-2753,-1189,7879,-2755,-1547,-188]],"type":"Polygon","properties":{"name":"Blue Earth"},"id":"27013"},{"arcs":[[7880,-7031,7881,-86,7882]],"type":"Polygon","properties":{"name":"Tate"},"id":"28137"},{"arcs":[[7883,7884,7885,-7886,7886,-4328,7887,-7178]],"type":"Polygon","properties":{"name":"Hinds"},"id":"28049"},{"arcs":[[-4765,-6935,7888,7889]],"type":"Polygon","properties":{"name":"Zapata"},"id":"48505"},{"arcs":[[7890,7891,-7853,7892,7893,7894]],"type":"Polygon","properties":{"name":"Lake"},"id":"12069"},{"arcs":[[-4130,-5373,-3622,-893]],"type":"Polygon","properties":{"name":"Bowman"},"id":"38011"},{"arcs":[[7895,7896,7897,7898,-5108,7899,7900]],"type":"Polygon","properties":{"name":"York"},"id":"45091"},{"arcs":[[7901,7902,7903,-7386]],"type":"Polygon","properties":{"name":"Washington"},"id":"05143"},{"arcs":[[7904,-6393,7905,7906,-1828,-3904,-4279,-1694]],"type":"Polygon","properties":{"name":"Barbour"},"id":"01005"},{"arcs":[[7907,7908,7909,-2292]],"type":"Polygon","properties":{"name":"Alpena"},"id":"26007"},{"arcs":[[-7564,-6358,-1681,7910,-3660,-2156]],"type":"Polygon","properties":{"name":"McCulloch"},"id":"48307"},{"arcs":[[-6607,-3093,7911,-6158,7912]],"type":"Polygon","properties":{"name":"Naguabo"},"id":"72103"},{"arcs":[[-2312,-7688,-4134,7913]],"type":"Polygon","properties":{"name":"Guayanilla"},"id":"72059"},{"arcs":[[7914,7915,7916,7917]],"type":"Polygon","properties":{"name":"St. Clair"},"id":"26147"},{"arcs":[[-7126,-7430,-7364,-6462,-7808,-238]],"type":"Polygon","properties":{"name":"Thomas"},"id":"13275"},{"arcs":[[-7532,-95,-4289,7918,7919,-2478,7920]],"type":"Polygon","properties":{"name":"Wilcox"},"id":"13315"},{"arcs":[[7921,-7115,-3095,7922]],"type":"Polygon","properties":{"name":"Barceloneta"},"id":"72017"},{"arcs":[[-7179,-7888,-4327,7923,-6557]],"type":"Polygon","properties":{"name":"Claiborne"},"id":"28021"},{"arcs":[[-433,-518,-4085,-7636,-953]],"type":"Polygon","properties":{"name":"Clay"},"id":"28025"},{"arcs":[[-2487,-1473,-1503,-3194,-2730,-3463]],"type":"Polygon","properties":{"name":"Faulk"},"id":"46049"},{"arcs":[[7924,7925,-2489,-3462,-7009,-4251]],"type":"Polygon","properties":{"name":"Walworth"},"id":"46129"},{"arcs":[[-1141,-5147,-7685,-6384,-6210]],"type":"Polygon","properties":{"name":"Lawrence"},"id":"47099"},{"arcs":[[7926,-4664,-7409,7927,7928,7929,7930]],"type":"Polygon","properties":{"name":"Cibola"},"id":"35006"},{"arcs":[[-6190,7931,7932,7933,-3591,-6227]],"type":"Polygon","properties":{"name":"Seneca"},"id":"36099"},{"arcs":[[7934,7935,7936,-4460,-4735,7937,7938]],"type":"Polygon","properties":{"name":"Essex"},"id":"36031"},{"arcs":[[7939,7940,-197,-4185,-7061]],"type":"Polygon","properties":{"name":"Oklahoma"},"id":"40109"},{"arcs":[[-4214,7941,7942,7943,-4607,7944]],"type":"Polygon","properties":{"name":"Waller"},"id":"48473"},{"arcs":[[-3311,-7696,7945,7946]],"type":"Polygon","properties":{"name":"Logan"},"id":"54045"},{"arcs":[[7947,7948,-4465,7949,7950,-5755,7951]],"type":"Polygon","properties":{"name":"Walker"},"id":"01127"},{"arcs":[[7952,7953,7954,-7546,7955,7956]],"type":"Polygon","properties":{"name":"Camden"},"id":"37029"},{"arcs":[[7957,-2575,7958,-3550,7959]],"type":"Polygon","properties":{"name":"Aguada"},"id":"72003"},{"arcs":[[-2271,7960,7961,-3089,-3852,-3460]],"type":"Polygon","properties":{"name":"Bay"},"id":"26017"},{"arcs":[[-3006,7962,7963]],"type":"Polygon","properties":{"name":"Emmet"},"id":"26047"},{"arcs":[[7964,-776,7965,-7672,-3949,-5700]],"type":"Polygon","properties":{"name":"Warren"},"id":"37185"},{"arcs":[[7966,-7918,7967,7968,7969,-3086]],"type":"Polygon","properties":{"name":"Lapeer"},"id":"26087"},{"arcs":[[[-3470,-7025,7970,-7261]],[[7971]],[[7972]]],"type":"MultiPolygon","properties":{"name":"Harrison"},"id":"28047"},{"arcs":[[7973,7974,-2502,-3107,7975]],"type":"Polygon","properties":{"name":"Las Mar\u00edas"},"id":"72083"},{"arcs":[[7976]],"type":"Polygon","properties":{"name":"Vieques"},"id":"72147"},{"arcs":[[7977,7978,-3090,-6606]],"type":"Polygon","properties":{"name":"Luquillo"},"id":"72089"},{"arcs":[[-6087,-6608,-7913,-6157,-6257,-7510,-3902]],"type":"Polygon","properties":{"name":"Las Piedras"},"id":"72085"},{"arcs":[[-7700,7979,-3308,7980,-6587]],"type":"Polygon","properties":{"name":"Putnam"},"id":"54079"},{"arcs":[[7981,-4224,-7198,-4270,7982,-7694]],"type":"Polygon","properties":{"name":"Raleigh"},"id":"54081"},{"arcs":[[-311,7983,7984,7985,7986,-7406,-4662]],"type":"Polygon","properties":{"name":"Santa Fe"},"id":"35049"},{"arcs":[[7987,-4682,7988,7989,-6686,7990]],"type":"Polygon","properties":{"name":"Swain"},"id":"37173"},{"arcs":[[7991,-4231,-4216,7992,7993]],"type":"Polygon","properties":{"name":"Brazos"},"id":"48041"},{"arcs":[[7994,7995,-7994,7996,-2021]],"type":"Polygon","properties":{"name":"Burleson"},"id":"48051"},{"arcs":[[7997,7998,-5083,-5686,-5858,7999]],"type":"Polygon","properties":{"name":"Orange"},"id":"51137"},{"arcs":[[-2165,8000,8001,-2135,8002,-2163,8003,8004,8005]],"type":"Polygon","properties":{"name":"Jefferson"},"id":"08059"},{"arcs":[[-6865,8006,8007,8008,-4585,8009]],"type":"Polygon","properties":{"name":"Cotton"},"id":"40033"},{"arcs":[[8010,-2166,-8006,8011,8012]],"type":"Polygon","properties":{"name":"Clear Creek"},"id":"08019"},{"arcs":[[8013,-3834,-7008,-7824,8014,-8008]],"type":"Polygon","properties":{"name":"Jefferson"},"id":"40067"},{"arcs":[[8015,8016,-5339,-4558,-7418]],"type":"Polygon","properties":{"name":"Davie"},"id":"37059"},{"arcs":[[8017,8018,8019,8020,8021]],"type":"Polygon","properties":{"name":"Colusa"},"id":"06011"},{"arcs":[[-6549,-3274,-6494,8022,-5071,-5772]],"type":"Polygon","properties":{"name":"Hardeman"},"id":"48197"},{"arcs":[[8023,8024,-1245,-2461,-1646,-7773,8025]],"type":"Polygon","properties":{"name":"Jackson"},"id":"05067"},{"arcs":[[8026,8027,-4553,-5336,-8017,8028]],"type":"Polygon","properties":{"name":"Forsyth"},"id":"37067"},{"arcs":[[8029]],"type":"Polygon","properties":{"name":"Buena Vista"},"id":"51530"},{"arcs":[[8030,8031,-5482,-3221,8032,-7294]],"type":"Polygon","properties":{"name":"Lonoke"},"id":"05085"},{"arcs":[[8033,-7481,-6292,-2027]],"type":"Polygon","properties":{"name":"Tyler"},"id":"48457"},{"arcs":[[-4383,8034,8035,8036,8037]],"type":"Polygon","properties":{"name":"Hendry"},"id":"12051"},{"arcs":[[-672,8038,8039,-4804,8040,8041]],"type":"Polygon","properties":{"name":"Liberty"},"id":"13179"},{"arcs":[[-8041,-4803,8042,8043]],"type":"Polygon","properties":{"name":"Long"},"id":"13183"},{"arcs":[[-5986,-3598,8044,-5984,8045,8046]],"type":"Polygon","properties":{"name":"Victoria"},"id":"48469"},{"arcs":[[-6241,-6246,-7058,-6888,8047,8048,8049]],"type":"Polygon","properties":{"name":"Clermont"},"id":"39025"},{"arcs":[[-4230,-4733,8050,8051,8052,-4212]],"type":"Polygon","properties":{"name":"Walker"},"id":"48471"},{"arcs":[[-2016,-2034,-6499,8053,-6361,-7150]],"type":"Polygon","properties":{"name":"Choctaw"},"id":"40023"},{"arcs":[[8054,-5752,-3496,-6592,8055,-6597]],"type":"Polygon","properties":{"name":"Amherst"},"id":"51009"},{"arcs":[[-8056,-6591,-6598]],"type":"Polygon","properties":{"name":"Lynchburg"},"id":"51680"},{"arcs":[[-2022,-7997,-7993,-4215,-7945,-4611,-2897]],"type":"Polygon","properties":{"name":"Washington"},"id":"48477"},{"arcs":[[-8053,8056,-3524,8057,-7942,-4213]],"type":"Polygon","properties":{"name":"Montgomery"},"id":"48339"},{"arcs":[[-6632,8058,-3326,8059,-6634]],"type":"Polygon","properties":{"name":"Madison"},"id":"29123"},{"arcs":[[-6636,8060,-2543,8061,-2152]],"type":"Polygon","properties":{"name":"Reynolds"},"id":"29179"},{"arcs":[[-1717,-2153,-8062,-2542,-5153,8062]],"type":"Polygon","properties":{"name":"Shannon"},"id":"29203"},{"arcs":[[-7911,-1680,8063,-7484,8064,8065,-3661]],"type":"Polygon","properties":{"name":"San Saba"},"id":"48411"},{"arcs":[[8066,-3845,-2190,8067,8068,8069]],"type":"Polygon","properties":{"name":"Ward"},"id":"48475"},{"arcs":[[-8023,-6493,8070,-4587,-1527,-5072]],"type":"Polygon","properties":{"name":"Wilbarger"},"id":"48487"},{"arcs":[[-1178,-2652,-1326,-2154,-1715,-1764]],"type":"Polygon","properties":{"name":"Phelps"},"id":"29161"},{"arcs":[[8071,8072,8073,8074]],"type":"Polygon","properties":{"name":"Allegheny"},"id":"42003"},{"arcs":[[8075,-3075,-7838,-3654,-3207,-5967,-5905,-7334]],"type":"Polygon","properties":{"name":"Inyo"},"id":"06027"},{"arcs":[[-5497,-5492,-5796,-7848,8076,-7778,-6756]],"type":"Polygon","properties":{"name":"Atlantic"},"id":"34001"},{"arcs":[[8077,8078,8079,8080,8081,8082,8083]],"type":"Polygon","properties":{"name":"Meriwether"},"id":"13199"},{"arcs":[[-4609,8084,8085,8086,8087,-5988]],"type":"Polygon","properties":{"name":"Wharton"},"id":"48481"},{"arcs":[[-316,-5656,-2345,-6860,-3258,-708]],"type":"Polygon","properties":{"name":"Hocking"},"id":"39073"},{"arcs":[[-3252,-3820,-3980,8088,-4159,8089,-6833]],"type":"Polygon","properties":{"name":"Oglethorpe"},"id":"13221"},{"arcs":[[-4752,-7274,8090,-831,-1871,-3256,8091]],"type":"Polygon","properties":{"name":"Huron"},"id":"39077"},{"arcs":[[8092,-1869,8093,-8080]],"type":"Polygon","properties":{"name":"Pike"},"id":"13231"},{"arcs":[[-5068,-966,-1874,8094,-3451,8095]],"type":"Polygon","properties":{"name":"Coshocton"},"id":"39031"},{"arcs":[[8096,8097,8098,8099,-7401,-1824]],"type":"Polygon","properties":{"name":"Randolph"},"id":"13243"},{"arcs":[[-6392,-1540,-6973,8100,-8098,8101,-7906]],"type":"Polygon","properties":{"name":"Stewart"},"id":"13259"},{"arcs":[[-3832,-4044,-7149,8102,-7004]],"type":"Polygon","properties":{"name":"Marshall"},"id":"40095"},{"arcs":[[8103,-201,-6489,8104,8105,-4041,-2980,8106]],"type":"Polygon","properties":{"name":"Pontotoc"},"id":"40123"},{"arcs":[[-458,8107,8108,-7992,-7996,8109]],"type":"Polygon","properties":{"name":"Robertson"},"id":"48395"},{"arcs":[[-3827,8110,-6692,-7037,8111,8112]],"type":"Polygon","properties":{"name":"Washington"},"id":"40147"},{"arcs":[[[8113,8114,8115,8116]],[[8117,8118,8119,8120]]],"type":"MultiPolygon","properties":{"name":"Willacy"},"id":"48489"},{"arcs":[[-6189,8121,-6199,8122,-2000,8123,-7932]],"type":"Polygon","properties":{"name":"Cayuga"},"id":"36011"},{"arcs":[[-7289,8124,8125,8126,-6656,8127]],"type":"Polygon","properties":{"name":"Hertford"},"id":"37091"},{"arcs":[[[8128,8129,-8118,8130,-122]],[[8131,8132,-8114,8133]]],"type":"MultiPolygon","properties":{"name":"Kenedy"},"id":"48261"},{"arcs":[[8134,-8013,8135,-4293,8136]],"type":"Polygon","properties":{"name":"Summit"},"id":"08117"},{"arcs":[[8137,-7420,8138,8139,8140,-4549]],"type":"Polygon","properties":{"name":"Lincoln"},"id":"37109"},{"arcs":[[-4491,8141,8142]],"type":"Polygon","properties":{"name":"St. Louis"},"id":"29510"},{"arcs":[[-1175,-7141,-5418,-3866,-3138]],"type":"Polygon","properties":{"name":"Shelby"},"id":"29205"},{"arcs":[[8143,-6139,-4049,-4520,8144]],"type":"Polygon","properties":{"name":"St. Mary"},"id":"22101"},{"arcs":[[-411,-6907,-2321,8145,-5961]],"type":"Polygon","properties":{"name":"Pike"},"id":"05109"},{"arcs":[[8146,-7040,-106,8147,8148,-3271,8149,-1881]],"type":"Polygon","properties":{"name":"Beckham"},"id":"40009"},{"arcs":[[8150,8151,-5944,8152,8153,8154,8155]],"type":"Polygon","properties":{"name":"Owyhee"},"id":"16073"},{"arcs":[[-4966,8156,-5062,-4836,8157]],"type":"Polygon","properties":{"name":"Calvert"},"id":"24009"},{"arcs":[[8158,-7074,-5668,-5471,-6261,8159]],"type":"Polygon","properties":{"name":"Richmond"},"id":"13245"},{"arcs":[[8160,8161,8162,-5514,-6030,-4906,-7250,8163]],"type":"Polygon","properties":{"name":"Sacramento"},"id":"06067"},{"arcs":[[8164,-7785,8165,-4434,-228,8166]],"type":"Polygon","properties":{"name":"Haskell"},"id":"40061"},{"arcs":[[-1876,-3197,8167,-6852,8168,-7601,8169]],"type":"Polygon","properties":{"name":"Belmont"},"id":"39013"},{"arcs":[[8170,-6850,8171,8172,8173,-8075,8174,8175,8176]],"type":"Polygon","properties":{"name":"Washington"},"id":"42125"},{"arcs":[[-6455,8177,-5969,-624,8178]],"type":"Polygon","properties":{"name":"San Luis Obispo"},"id":"06079"},{"arcs":[[8179,-1755,-7426,8180,8181,-6487,-199]],"type":"Polygon","properties":{"name":"Okfuskee"},"id":"40107"},{"arcs":[[-7273,8182,-7459,-5070,8183,-832,-8091]],"type":"Polygon","properties":{"name":"Ashland"},"id":"39005"},{"arcs":[[-6002,8184,-6528,8185,-7371,-3822,-1913]],"type":"Polygon","properties":{"name":"San Patricio"},"id":"48409"},{"arcs":[[-4616,-5715,-5798,-5713,8186,-5423,-3226,-5422,-3809,-3959,-3807,8187,8188]],"type":"Polygon","properties":{"name":"Chesterfield"},"id":"51041"},{"arcs":[[8189,-3066,-7586,8190,-6765,8191,8192,-5832]],"type":"Polygon","properties":{"name":"Pender"},"id":"37141"},{"arcs":[[8193,-3723,-4494,8194,8195]],"type":"Polygon","properties":{"name":"Jersey"},"id":"17083"},{"arcs":[[-2560,-4816,-2604,-3282,-417,8196]],"type":"Polygon","properties":{"name":"Black Hawk"},"id":"19013"},{"arcs":[[8197,8198,-4312,-630,-1839]],"type":"Polygon","properties":{"name":"Cheyenne"},"id":"20023"},{"arcs":[[-179,8199,8200,-6222,8201,-3779]],"type":"Polygon","properties":{"name":"Appling"},"id":"13001"},{"arcs":[[8202,8203,-6105,8204,8205,-1725]],"type":"Polygon","properties":{"name":"Doniphan"},"id":"20043"},{"arcs":[[8206,-4800,-4386,-2872,-1865,-8093,-8079,8207]],"type":"Polygon","properties":{"name":"Spalding"},"id":"13255"},{"arcs":[[-8149,8208,-6490,-3272]],"type":"Polygon","properties":{"name":"Greer"},"id":"40055"},{"arcs":[[-7628,8209,8210,-6916]],"type":"Polygon","properties":{"name":"Treutlen"},"id":"13283"},{"arcs":[[8211,-6217,8212,-692,-1319,-1185,-2752]],"type":"Polygon","properties":{"name":"Rice"},"id":"27131"},{"arcs":[[8213,-8087,8214,8215,-5979]],"type":"Polygon","properties":{"name":"Matagorda"},"id":"48321"},{"arcs":[[-4681,-7829,8216,8217,-7989]],"type":"Polygon","properties":{"name":"Jackson"},"id":"37099"},{"arcs":[[8218,8219,8220,-273,-6748,8221,8222,8223]],"type":"Polygon","properties":{"name":"Marengo"},"id":"01091"},{"arcs":[[-8177,8224,-2593,-6799,8225]],"type":"Polygon","properties":{"name":"Greene"},"id":"42059"},{"arcs":[[-4026,8226,8227,-3313,8228,-7701,-4354]],"type":"Polygon","properties":{"name":"Wayne"},"id":"54099"},{"arcs":[[8229,8230,-6508,8231,8232]],"type":"Polygon","properties":{"name":"Camden"},"id":"13039"},{"arcs":[[8233,8234,8235,-8151,8236]],"type":"Polygon","properties":{"name":"Canyon"},"id":"16027"},{"arcs":[[8237,8238,8239,-6848,-8168,-3196,8240]],"type":"Polygon","properties":{"name":"Jefferson"},"id":"39081"},{"arcs":[[8241,8242,8243,8244,-7536]],"type":"Polygon","properties":{"name":"Columbia"},"id":"36021"},{"arcs":[[8245,-4954,-7120,8246,8247,8248]],"type":"Polygon","properties":{"name":"Elmore"},"id":"01051"},{"arcs":[[-5786,-269,-2838,8249,8250]],"type":"Polygon","properties":{"name":"Hudspeth"},"id":"48229"},{"arcs":[[8251,8252,-8208,-8078,8253,-1584,8254]],"type":"Polygon","properties":{"name":"Coweta"},"id":"13077"},{"arcs":[[-7618,8255,8256,-1025,-2535,-1012,8257]],"type":"Polygon","properties":{"name":"Elkhart"},"id":"18039"},{"arcs":[[8258,-8029,-8016,-7417,8259]],"type":"Polygon","properties":{"name":"Yadkin"},"id":"37197"},{"arcs":[[-7138,8260,8261,-8249,8262,-6745,-271]],"type":"Polygon","properties":{"name":"Chilton"},"id":"01021"},{"arcs":[[8263,-4924,-2284,-1783,-5271,-4506]],"type":"Polygon","properties":{"name":"Henderson"},"id":"17071"},{"arcs":[[-5823,-7447,8264,8265,-5760,-5706]],"type":"Polygon","properties":{"name":"Kennebec"},"id":"23011"},{"arcs":[[-5076,-6344,-4285,-6676,8266]],"type":"Polygon","properties":{"name":"Calhoun"},"id":"05013"},{"arcs":[[8267,-4502,-4018,-6449]],"type":"Polygon","properties":{"name":"Vanderburgh"},"id":"18163"},{"arcs":[[-6172,8268,-7683,-4068,-6055,-7590]],"type":"Polygon","properties":{"name":"Calhoun"},"id":"54013"},{"arcs":[[8269,-2523,8270,8271,-7017,8272]],"type":"Polygon","properties":{"name":"Buchanan"},"id":"51027"},{"arcs":[[8273,8274,-498,-3202,-6713,-2640]],"type":"Polygon","properties":{"name":"Union"},"id":"13291"},{"arcs":[[-7059,-5210,8275,8276,8277,-4975]],"type":"Polygon","properties":{"name":"Adams"},"id":"39001"},{"arcs":[[8278,8279,-5171,-6753,-2390,-911]],"type":"Polygon","properties":{"name":"Saunders"},"id":"31155"},{"arcs":[[8280,-6835,-4827,-931,-1349,8281]],"type":"Polygon","properties":{"name":"Walton"},"id":"13297"},{"arcs":[[-3691,8282,-829,-5343,8283,8284,8285]],"type":"Polygon","properties":{"name":"Sherburne"},"id":"27141"},{"arcs":[[8286,8287,8288,-6415,8289,-4742]],"type":"Polygon","properties":{"name":"Passaic"},"id":"34031"},{"arcs":[[-801,-1336,8290,-3719,8291,-7451,8292]],"type":"Polygon","properties":{"name":"Morgan"},"id":"17137"},{"arcs":[[8293,-6343,8294,-406,8295,-4437]],"type":"Polygon","properties":{"name":"Scott"},"id":"05127"},{"arcs":[[-7831,-3400,-3821,-3250,8296]],"type":"Polygon","properties":{"name":"Jackson"},"id":"13157"},{"arcs":[[-5571,8297,8298,-4565,-313,-3413,8299]],"type":"Polygon","properties":{"name":"Madison"},"id":"39097"},{"arcs":[[-5560,8300,-351,8301,-7870]],"type":"Polygon","properties":{"name":"Indian River"},"id":"12061"},{"arcs":[[8302,8303,-1989,-6340,-8294,-4436]],"type":"Polygon","properties":{"name":"Sebastian"},"id":"05131"},{"arcs":[[-6994,-3858,8304,-4076,-7130]],"type":"Polygon","properties":{"name":"Baldwin"},"id":"13009"},{"arcs":[[-5917,8305,-5370,-610,-2251]],"type":"Polygon","properties":{"name":"Grant"},"id":"38037"},{"arcs":[[-3580,-989,-1298,8306,-3712,-6254]],"type":"Polygon","properties":{"name":"Chippewa"},"id":"55017"},{"arcs":[[-1963,-234,-6735,8307,-5613,-5612,-3741,8308,-3061,-6276,-7501,-7505,-172,8309]],"type":"Polygon","properties":{"name":"Washoe"},"id":"32031"},{"arcs":[[-174,-7504,8310,-5563,-5511,8311]],"type":"Polygon","properties":{"name":"Douglas"},"id":"32005"},{"arcs":[[-1927,8312,-7843,8313,8314]],"type":"Polygon","properties":{"name":"Jefferson"},"id":"20087"},{"arcs":[[-1928,-8315,8315,-3447,8316,-6869]],"type":"Polygon","properties":{"name":"Shawnee"},"id":"20177"},{"arcs":[[-3638,-6944,-7597,-4991]],"type":"Polygon","properties":{"name":"Mineral"},"id":"54057"},{"arcs":[[8317,8318,-6668,8319,8320,-3133]],"type":"Polygon","properties":{"name":"Washington"},"id":"01129"},{"arcs":[[-2522,-4274,-7520,-4957,8321,-8271]],"type":"Polygon","properties":{"name":"Tazewell"},"id":"51185"},{"arcs":[[-1566,-2769,-7238,-7760]],"type":"Polygon","properties":{"name":"Broadwater"},"id":"30007"},{"arcs":[[-4287,-6917,-8211,8322,-3777,8323]],"type":"Polygon","properties":{"name":"Wheeler"},"id":"13309"},{"arcs":[[-6882,-4369,-5287,8324,-6285]],"type":"Polygon","properties":{"name":"Ottawa"},"id":"40115"},{"arcs":[[8325,-7832,8326,-8282,-1348,-7336,8327]],"type":"Polygon","properties":{"name":"Gwinnett"},"id":"13135"},{"arcs":[[-4617,-8189,8328,-5882,-6311,-5251]],"type":"Polygon","properties":{"name":"Amelia"},"id":"51007"},{"arcs":[[-7067,-5155,-4627,8329,8330,8331]],"type":"Polygon","properties":{"name":"Sharp"},"id":"05135"},{"arcs":[[-6286,-8325,-5286,8332,-7384,8333,-3418]],"type":"Polygon","properties":{"name":"Delaware"},"id":"40041"},{"arcs":[[8334,-7619,-8258,-1015,8335,-4010]],"type":"Polygon","properties":{"name":"St. Joseph"},"id":"18141"},{"arcs":[[[-7373,8336,-8129,-121,-3824]],[[-7375,8337,-8132,8338]]],"type":"MultiPolygon","properties":{"name":"Kleberg"},"id":"48273"},{"arcs":[[-4016,-1735,-1086,8339,8340]],"type":"Polygon","properties":{"name":"Newton"},"id":"18111"},{"arcs":[[-8154,8341,-6445,8342,-7167,-7349,-5487,8343,8344]],"type":"Polygon","properties":{"name":"Elko"},"id":"32007"},{"arcs":[[8345,8346,8347,-1167,8348]],"type":"Polygon","properties":{"name":"Iron"},"id":"55051"},{"arcs":[[-3913,-3541,8349,8350,-5957,-7758]],"type":"Polygon","properties":{"name":"Madison"},"id":"01089"},{"arcs":[[-2278,-3284,8351,-1955,-6051,8352]],"type":"Polygon","properties":{"name":"Howard"},"id":"18067"},{"arcs":[[8353,8354,-6720,-5633,8355,-937,8356]],"type":"Polygon","properties":{"name":"Marion"},"id":"18097"},{"arcs":[[8357,8358,8359,8360,-7448,-7265]],"type":"Polygon","properties":{"name":"Sunflower"},"id":"28133"},{"arcs":[[-7218,-5891,8361,-1671,-3217,-2550,-6382]],"type":"Polygon","properties":{"name":"Harrison"},"id":"29081"},{"arcs":[[-7183,-907,-3200,-1673,8362]],"type":"Polygon","properties":{"name":"Sullivan"},"id":"29211"},{"arcs":[[-7603,-6802,-7521,-6169,-3314,8363]],"type":"Polygon","properties":{"name":"Tyler"},"id":"54095"},{"arcs":[[-6006,8364,8365,-5615,8366,-2052]],"type":"Polygon","properties":{"name":"Floyd"},"id":"51063"},{"arcs":[[8367,-7563,-5413,8368,-3319]],"type":"Polygon","properties":{"name":"Sheridan"},"id":"30091"},{"arcs":[[-2856,-895,-3626,8369,8370,-372]],"type":"Polygon","properties":{"name":"Carter"},"id":"30011"},{"arcs":[[8371,-2970,-3120,-2738,8372,-3697]],"type":"Polygon","properties":{"name":"Ottawa"},"id":"20143"},{"arcs":[[8373,-7075,-8159,8374,-4147,8375]],"type":"Polygon","properties":{"name":"McDuffie"},"id":"13189"},{"arcs":[[-5992,8376,8377,8378,-7781,-205,-6375]],"type":"Polygon","properties":{"name":"Umatilla"},"id":"41059"},{"arcs":[[8379,8380,-4595,8381,-882,-5212,-1477,-7780,-8379]],"type":"Polygon","properties":{"name":"Wallowa"},"id":"41063"},{"arcs":[[8382,-5746,-5922,8383,-333,-6946,8384]],"type":"Polygon","properties":{"name":"Forest"},"id":"55041"},{"arcs":[[-6009,-1653,-4227,8385,8386,-3801]],"type":"Polygon","properties":{"name":"Juneau"},"id":"55057"},{"arcs":[[8387,-1964,-8310,-175,-8312,-5515,-8163,8388]],"type":"Polygon","properties":{"name":"Placer"},"id":"06061"},{"arcs":[[-8297,-6832,-8281,-8327]],"type":"Polygon","properties":{"name":"Barrow"},"id":"13013"},{"arcs":[[-1354,-6354,-6441,8389,8390]],"type":"Polygon","properties":{"name":"Jerome"},"id":"16053"},{"arcs":[[-4059,-1862,-7057,-1656,-362]],"type":"Polygon","properties":{"name":"Mercer"},"id":"39107"},{"arcs":[[8391,8392,-7659,8393,-815,-1776]],"type":"Polygon","properties":{"name":"Dubuque"},"id":"19061"},{"arcs":[[-5564,-8311,-7503,8394,-3076,-8076,-7333,8395,8396]],"type":"Polygon","properties":{"name":"Mono"},"id":"06051"},{"arcs":[[-6967,-2056,-7754,8397,-7886,-7885,8398]],"type":"Polygon","properties":{"name":"Madison"},"id":"28089"},{"arcs":[[-1221,-5334,-1462,8399,-2682,-1249]],"type":"Polygon","properties":{"name":"Carroll"},"id":"33003"},{"arcs":[[8400,-7346,8401]],"type":"Polygon","properties":{"name":"Treasure"},"id":"30103"},{"arcs":[[-2863,-253,8402,8403,-3292]],"type":"Polygon","properties":{"name":"Republic"},"id":"20157"},{"arcs":[[8404,8405,8406,-8402,-7345,-5723,-6711]],"type":"Polygon","properties":{"name":"Yellowstone"},"id":"30111"},{"arcs":[[8407,-5106,-4246,-4430,-4052,-7405]],"type":"Polygon","properties":{"name":"Dixon"},"id":"31051"},{"arcs":[[[-925,8408,-1511,8409,-1515,8410]],[[8411,-1519,-1518]],[[8412]]],"type":"MultiPolygon","properties":{"name":"Juneau"},"id":"02110"},{"arcs":[[-1644,8413,8414,8415,-6857]],"type":"Polygon","properties":{"name":"Lee"},"id":"05077"},{"arcs":[[8416,-7774,-6859,-5483,-8032]],"type":"Polygon","properties":{"name":"Prairie"},"id":"05117"},{"arcs":[[-6858,-8416,8417,8418,8419,8420,-5485]],"type":"Polygon","properties":{"name":"Phillips"},"id":"05107"},{"arcs":[[-6886,8421,8422,-3666,-1110]],"type":"Polygon","properties":{"name":"Miami"},"id":"20121"},{"arcs":[[-6342,8423,-4950,8424,-6815,-407,-8295]],"type":"Polygon","properties":{"name":"Yell"},"id":"05149"},{"arcs":[[-6224,8425,8426,-8233,8427,8428]],"type":"Polygon","properties":{"name":"Brantley"},"id":"13025"},{"arcs":[[8429,-794,8430,-7620,8431]],"type":"Polygon","properties":{"name":"Manatee"},"id":"12081"},{"arcs":[[-3479,-4936,8432,-4815,-2559]],"type":"Polygon","properties":{"name":"Fayette"},"id":"19065"},{"arcs":[[8433,8434,8435,8436,-8039,-671]],"type":"Polygon","properties":{"name":"Bryan"},"id":"13029"},{"arcs":[[-4674,8437,8438,-4876,-5547,-5328,-7827]],"type":"Polygon","properties":{"name":"Greenville"},"id":"45045"},{"arcs":[[-5642,8439,-7545,8440,-7670]],"type":"Polygon","properties":{"name":"Watauga"},"id":"37189"},{"arcs":[[8441,-7084,8442,-4937,-5383,8443,-5672]],"type":"Polygon","properties":{"name":"Kershaw"},"id":"45055"},{"arcs":[[-7335,-5907,-5966,-8178,-6454]],"type":"Polygon","properties":{"name":"Kings"},"id":"06031"},{"arcs":[[8444,-4793,8445,-3578,-6644,-5101]],"type":"Polygon","properties":{"name":"Burnett"},"id":"55013"},{"arcs":[[8446,-3343,8447,8448,8449,-5302,-4414]],"type":"Polygon","properties":{"name":"Caldwell"},"id":"22021"},{"arcs":[[-5303,-8450,8450,-6560,-2106,8451]],"type":"Polygon","properties":{"name":"Catahoula"},"id":"22025"},{"arcs":[[8452,-6326,-6554,-8451,-8449]],"type":"Polygon","properties":{"name":"Franklin"},"id":"22041"},{"arcs":[[-8384,-5921,8453,-7365,-1967,-2933,-334]],"type":"Polygon","properties":{"name":"Oconto"},"id":"55083"},{"arcs":[[-7577,-1935,8454,-2040]],"type":"Polygon","properties":{"name":"Denali"},"id":"02068"},{"arcs":[[-8455,-1934,-5059,-4116,-6853,8455,-6804,-1632,-2041]],"type":"Polygon","properties":{"name":"Matanuska-Susitna"},"id":"02170"},{"arcs":[[-3508,-3056,8456]],"type":"Polygon","properties":{"name":"Hot Springs"},"id":"56017"},{"arcs":[[-775,8457,-7290,-8128,-6655,-7673,-7966]],"type":"Polygon","properties":{"name":"Northampton"},"id":"37131"},{"arcs":[[-6821,-7776,8458,-7331,-6652,-4929]],"type":"Polygon","properties":{"name":"Merced"},"id":"06047"},{"arcs":[[-920,8459,-1697,-3873,8460,-2952]],"type":"Polygon","properties":{"name":"Crenshaw"},"id":"01041"},{"arcs":[[-7653,8461,8462,-8035]],"type":"Polygon","properties":{"name":"Palm Beach"},"id":"12099"},{"arcs":[[-1659,-4692,-5573,8463,-6238,8464,-6281]],"type":"Polygon","properties":{"name":"Montgomery"},"id":"39113"},{"arcs":[[8465,8466,-7072,-6390,-7121,-4952]],"type":"Polygon","properties":{"name":"Lee"},"id":"01081"},{"arcs":[[-5518,8467,8468,-532,8469,8470]],"type":"Polygon","properties":{"name":"Clackamas"},"id":"41005"},{"arcs":[[8471,8472,8473,8474,8475,8476,8477]],"type":"Polygon","properties":{"name":"Mendocino"},"id":"06045"},{"arcs":[[-5740,-144,-4843,8478,-874,-8382,-4594]],"type":"Polygon","properties":{"name":"Nez Perce"},"id":"16069"},{"arcs":[[-6885,-6628,8479,-425,8480,-8422]],"type":"Polygon","properties":{"name":"Cass"},"id":"29037"},{"arcs":[[-7097,8481,-865,-4943,-7655,-8393,8482]],"type":"Polygon","properties":{"name":"Grant"},"id":"55043"},{"arcs":[[-3299,-2533,-3325,-4947,-8424,-6341,-788]],"type":"Polygon","properties":{"name":"Pope"},"id":"05115"},{"arcs":[[-4379,8483,-8164,-7249,8484,8485]],"type":"Polygon","properties":{"name":"Solano"},"id":"06095"},{"arcs":[[8486,-2087,8487,-3955,-2076,8488,-4181,8489]],"type":"Polygon","properties":{"name":"Marshall"},"id":"27089"},{"arcs":[[-2323,-6906,-5077,-8267,-6675,-7645]],"type":"Polygon","properties":{"name":"Ouachita"},"id":"05103"},{"arcs":[[-6510,8490,8491,-7463,-7678]],"type":"Polygon","properties":{"name":"Duval"},"id":"12031"},{"arcs":[[8492,8493,-4198,8494,-8073,8495,-2515]],"type":"Polygon","properties":{"name":"Butler"},"id":"42019"},{"arcs":[[-7871,-8302,-354,-7654,-4382,-6346]],"type":"Polygon","properties":{"name":"Okeechobee"},"id":"12093"},{"arcs":[[8496,8497,-287,-1807,-1333,-1049]],"type":"Polygon","properties":{"name":"Mason"},"id":"17125"},{"arcs":[[8498,-646,-4339,-6580,-1813,-4313,-8199]],"type":"Polygon","properties":{"name":"Rawlins"},"id":"20153"},{"arcs":[[-8095,-1878,8499,-1662,-2343,-3452]],"type":"Polygon","properties":{"name":"Muskingum"},"id":"39119"},{"arcs":[[-1679,-3689,-597,-7482,-8064]],"type":"Polygon","properties":{"name":"Mills"},"id":"48333"},{"arcs":[[-8247,-7123,8500,-1692,-8460,-919,8501]],"type":"Polygon","properties":{"name":"Montgomery"},"id":"01101"},{"arcs":[[-6183,8502,-4296,-4812,8503,8504]],"type":"Polygon","properties":{"name":"Pitkin"},"id":"08097"},{"arcs":[[-1297,-6603,-1650,-6008,-3713,-8307]],"type":"Polygon","properties":{"name":"Clark"},"id":"55019"},{"arcs":[[-5689,-2124,-6404,8505,-3964,8506,-2586]],"type":"Polygon","properties":{"name":"Taney"},"id":"29213"},{"arcs":[[8507,8508,-5582,8509,-3788]],"type":"Polygon","properties":{"name":"Marion"},"id":"48315"},{"arcs":[[-5285,-6428,8510,8511,-7902,-7385,-8333]],"type":"Polygon","properties":{"name":"Benton"},"id":"05007"},{"arcs":[[-6687,-7990,-8218,-6514,8512,8513]],"type":"Polygon","properties":{"name":"Macon"},"id":"37113"},{"arcs":[[8514,-7098,-8483,-8392,-1775,-8433]],"type":"Polygon","properties":{"name":"Clayton"},"id":"19043"},{"arcs":[[8515,-4277,-6101,-3360,8516]],"type":"Polygon","properties":{"name":"Wabasha"},"id":"27157"},{"arcs":[[-7537,-8245,8517,8518,8519,8520,8521]],"type":"Polygon","properties":{"name":"Dutchess"},"id":"36027"},{"arcs":[[8522,-5964,-7142,-6496]],"type":"Polygon","properties":{"name":"Sevier"},"id":"05133"},{"arcs":[[-7635,-7229,8523,8524,-7231]],"type":"Polygon","properties":{"name":"Lafayette"},"id":"12067"},{"arcs":[[-710,-102,8525,-8276,-5209]],"type":"Polygon","properties":{"name":"Pike"},"id":"39131"},{"arcs":[[8526,-6684,-6481,8527,8528]],"type":"Polygon","properties":{"name":"Erie"},"id":"42049"},{"arcs":[[-8528,-6486,8529,8530,-7245,8531]],"type":"Polygon","properties":{"name":"Crawford"},"id":"42039"},{"arcs":[[-7643,8532,8533,8534]],"type":"Polygon","properties":{"name":"Todd"},"id":"46121"},{"arcs":[[8535,-802,-8293,-7453,8536,8537,-6707,-5854,-5416]],"type":"Polygon","properties":{"name":"Pike"},"id":"17149"},{"arcs":[[8538,8539,-5131,-807,8540,8541,-5164]],"type":"Polygon","properties":{"name":"Randolph"},"id":"17157"},{"arcs":[[-774,8542,-7195,-7291,-8458],[-2932]],"type":"Polygon","properties":{"name":"Greensville"},"id":"51081"},{"arcs":[[8543,-8069,8544,-5777,8545,-6247,-2835]],"type":"Polygon","properties":{"name":"Pecos"},"id":"48371"},{"arcs":[[-7089,-6593,-4874,8546,8547,-3649,-2794]],"type":"Polygon","properties":{"name":"Halifax"},"id":"51083"},{"arcs":[[-8217,-7828,-5330,-5546,-4488,-2939,8548,8549,-6515]],"type":"Polygon","properties":{"name":"Oconee"},"id":"45073"},{"arcs":[[-7904,8550,-1986,-8304,8551,-7387]],"type":"Polygon","properties":{"name":"Crawford"},"id":"05033"},{"arcs":[[-3789,-8510,-5587,-5274,8552,8553]],"type":"Polygon","properties":{"name":"Harrison"},"id":"48203"},{"arcs":[[8554,-7595,-5094,8555,8556]],"type":"Polygon","properties":{"name":"Del Norte"},"id":"06015"},{"arcs":[[-7288,8557,-7956,-7548,-2116,8558,-8125]],"type":"Polygon","properties":{"name":"Gates"},"id":"37073"},{"arcs":[[8559,-6010,-3803,8560,-6622,-6099]],"type":"Polygon","properties":{"name":"La Crosse"},"id":"55063"},{"arcs":[[-5787,-8251,8561,8562]],"type":"Polygon","properties":{"name":"El Paso"},"id":"48141"},{"arcs":[[8563,-6242,-8050,8564,8565,8566,-7660]],"type":"Polygon","properties":{"name":"Hamilton"},"id":"39061"},{"arcs":[[-5664,-7160,-5265,-5144,-1139,8567]],"type":"Polygon","properties":{"name":"Hickman"},"id":"47081"},{"arcs":[[-330,-1894,-1558,-2745,-2396]],"type":"Polygon","properties":{"name":"Randall"},"id":"48381"},{"arcs":[[8568,-5219,-6899,-7647,8569]],"type":"Polygon","properties":{"name":"San Juan"},"id":"08111"},{"arcs":[[-1844,-5220,-8569,8570,-2906]],"type":"Polygon","properties":{"name":"San Miguel"},"id":"08113"},{"arcs":[[-4166,8571,-3263,8572]],"type":"Polygon","properties":{"name":"Real"},"id":"48385"},{"arcs":[[-5081,8573,-7235,-6150,-5710,-5736,-5687]],"type":"Polygon","properties":{"name":"Hanover"},"id":"51085"},{"arcs":[[8574,-1577,-3499,-2508,8575]],"type":"Polygon","properties":{"name":"Sedgwick"},"id":"08115"},{"arcs":[[8576,-2882,8577,-6754,-5169]],"type":"Polygon","properties":{"name":"Mills"},"id":"19129"},{"arcs":[[8578,8579,8580,8581,8582,8583,-3152]],"type":"Polygon","properties":{"name":"Wayne"},"id":"42127"},{"arcs":[[-6230,8584,8585,8586,-7414,8587,8588]],"type":"Polygon","properties":{"name":"Herkimer"},"id":"36043"},{"arcs":[[8589,8590,-8588,-7413,8591,8592,-3304]],"type":"Polygon","properties":{"name":"Otsego"},"id":"36077"},{"arcs":[[-6951,8593,-7019,8594,8595,-5677,-6505],[-3051]],"type":"Polygon","properties":{"name":"Wise"},"id":"51195"},{"arcs":[[-8021,8596,-8161,-8484,-4378,8597]],"type":"Polygon","properties":{"name":"Yolo"},"id":"06113"},{"arcs":[[8598,8599,8600,-6409,-8289]],"type":"Polygon","properties":{"name":"Rockland"},"id":"36087"},{"arcs":[[8601,-4632,-6186,8602,8603]],"type":"Polygon","properties":{"name":"Bent"},"id":"08011"},{"arcs":[[-6444,-5591,-917,8604,-7168,-8343]],"type":"Polygon","properties":{"name":"Box Elder"},"id":"49003"},{"arcs":[[8605,-4738,-7312,8606,-8243,-6975]],"type":"Polygon","properties":{"name":"Rensselaer"},"id":"36083"},{"arcs":[[-8140,8607,-7897,8608]],"type":"Polygon","properties":{"name":"Gaston"},"id":"37071"},{"arcs":[[-5962,-8146,-2320,-6175,8609,-7143]],"type":"Polygon","properties":{"name":"Hempstead"},"id":"05057"},{"arcs":[[[-7805,8610,8611,8612,-7613,8613]],[[8614]]],"type":"MultiPolygon","properties":{"name":"Pasco"},"id":"12101"},{"arcs":[[-1748,-6903,8615,-4303,-3030]],"type":"Polygon","properties":{"name":"Sac"},"id":"19161"},{"arcs":[[8616,8617,8618,-1736,-3796,-5432,8619]],"type":"Polygon","properties":{"name":"Union"},"id":"17181"},{"arcs":[[8620,-4753,-8092,-3255,-7551]],"type":"Polygon","properties":{"name":"Sandusky"},"id":"39143"},{"arcs":[[8621,8622,8623,-4242,8624]],"type":"Polygon","properties":{"name":"Sioux"},"id":"19167"},{"arcs":[[-3153,-8584,8625,8626,-5352,-7391,8627,8628]],"type":"Polygon","properties":{"name":"Monroe"},"id":"42089"},{"arcs":[[-8512,8629,-3300,-786,-1987,-8551,-7903]],"type":"Polygon","properties":{"name":"Madison"},"id":"05087"},{"arcs":[[8630,-1992,-4728,8631,8632,-7101]],"type":"Polygon","properties":{"name":"Van Zandt"},"id":"48467"},{"arcs":[[-7938,-4740,8633,8634]],"type":"Polygon","properties":{"name":"Warren"},"id":"36113"},{"arcs":[[-8634,-4739,-8606,-6974,-2010,-7411,8635,8636]],"type":"Polygon","properties":{"name":"Saratoga"},"id":"36091"},{"arcs":[[8637,8638,8639,8640]],"type":"Polygon","properties":{"name":"Norfolk"},"id":"51710"},{"arcs":[[-6402,-7069,8641,8642,-2530,8643]],"type":"Polygon","properties":{"name":"Baxter"},"id":"05005"},{"arcs":[[-4341,8644,-3846,-8067,8645]],"type":"Polygon","properties":{"name":"Loving"},"id":"48301"},{"arcs":[[-2134,-2159,-8003]],"type":"Polygon","properties":{"name":"Denver"},"id":"08031"},{"arcs":[[-2531,-8643,8646,8647,-2781,-3322]],"type":"Polygon","properties":{"name":"Stone"},"id":"05137"},{"arcs":[[-6788,-5499,-6759,8648]],"type":"Polygon","properties":{"name":"Salem"},"id":"34033"},{"arcs":[[-4961,-6838,-7669,8649,-1711,8650,8651,8652]],"type":"Polygon","properties":{"name":"Washington"},"id":"51191"},{"arcs":[[-7122,-6394,-7905,-1693,-8501]],"type":"Polygon","properties":{"name":"Bullock"},"id":"01011"},{"arcs":[[-8526,-101,8653,-7215,8654,-8277]],"type":"Polygon","properties":{"name":"Scioto"},"id":"39145"},{"arcs":[[-7158,8655,-5298,-6270,-5195,-4903]],"type":"Polygon","properties":{"name":"Warren"},"id":"21227"},{"arcs":[[-4590,-4033,8656,-7478,-2218]],"type":"Polygon","properties":{"name":"Sabine"},"id":"48403"},{"arcs":[[8657,-6751,8658,-3817,-2131,8659,8660,-4635]],"type":"Polygon","properties":{"name":"Weld"},"id":"08123"},{"arcs":[[-3476,8661,-7180,8662,-5889]],"type":"Polygon","properties":{"name":"Wayne"},"id":"19185"},{"arcs":[[-3305,-8593,8663,8664,-7540,8665,-8581,8666]],"type":"Polygon","properties":{"name":"Delaware"},"id":"36025"},{"arcs":[[-4727,-3791,8667,8668,8669,8670,-8632]],"type":"Polygon","properties":{"name":"Smith"},"id":"48423"},{"arcs":[[-5769,8671,8672,8673,-1993,-8631,-7100,-2563]],"type":"Polygon","properties":{"name":"Hunt"},"id":"48231"},{"arcs":[[8674,-5946,-7093]],"type":"Polygon","properties":{"name":"Poquoson"},"id":"51735"},{"arcs":[[-6631,-5165,-8542,8675,-8617,8676,-3327,-8059]],"type":"Polygon","properties":{"name":"Perry"},"id":"29157"},{"arcs":[[-4636,-8661,8677,-8001,-2164,8678]],"type":"Polygon","properties":{"name":"Boulder"},"id":"08013"},{"arcs":[[-6845,8679,8680,8681,-7957,-8558,-7287]],"type":"Polygon","properties":{"name":"Suffolk"},"id":"51800"},{"arcs":[[-4182,-8489,-2083,8682,-6378,8683]],"type":"Polygon","properties":{"name":"Grand Forks"},"id":"38035"},{"arcs":[[8684,8685,8686,8687]],"type":"Polygon","properties":{"name":"Richmond"},"id":"36085"},{"arcs":[[-4744,8688,8689,-8685,8690,8691]],"type":"Polygon","properties":{"name":"Union"},"id":"34039"},{"arcs":[[8692,-8037,8693,8694,8695,8696]],"type":"Polygon","properties":{"name":"Collier"},"id":"12021"},{"arcs":[[8697,-4806,8698,-8230,-8427]],"type":"Polygon","properties":{"name":"Glynn"},"id":"13127"},{"arcs":[[-6893,-6042,-1737,-8619,8699]],"type":"Polygon","properties":{"name":"Williamson"},"id":"17199"},{"arcs":[[-1034,8700,-7469,-3402,8701,-7173]],"type":"Polygon","properties":{"name":"Woodford"},"id":"17203"},{"arcs":[[-3982,-6045,-7076,-5268,8702,-4897]],"type":"Polygon","properties":{"name":"Hardin"},"id":"17069"},{"arcs":[[8703,-6436,-2288,-3467,-798,-92,-7531,-2095]],"type":"Polygon","properties":{"name":"Houston"},"id":"13153"},{"arcs":[[-5358,8704,-7263,8705,8706,8707,-2004,8708]],"type":"Polygon","properties":{"name":"St. Tammany"},"id":"22103"},{"arcs":[[-7924,-4330,-2496,-3102,8709,-6558]],"type":"Polygon","properties":{"name":"Jefferson"},"id":"28063"},{"arcs":[[-3020,8710,8711,8712,-8279,-910,-4767]],"type":"Polygon","properties":{"name":"Dodge"},"id":"31053"},{"arcs":[[-2792,-7090]],"type":"Polygon","properties":{"name":"Danville"},"id":"51590"},{"arcs":[[-4197,-5632,-5620,8713,-8495]],"type":"Polygon","properties":{"name":"Armstrong"},"id":"42005"},{"arcs":[[-3668,8714,-4081,-2858,-6968,-2850,-1374]],"type":"Polygon","properties":{"name":"Vernon"},"id":"29217"},{"arcs":[[8715,8716,8717,-6778,-4678,-5039]],"type":"Polygon","properties":{"name":"Madison"},"id":"37115"},{"arcs":[[[-5430,-6142,8718,-4051,-6138,-8144,8719,-6953]],[[8720]]],"type":"MultiPolygon","properties":{"name":"Iberia"},"id":"22045"},{"arcs":[[8721,-6971,-4833,-2097,-7534,8722,-6351,8723]],"type":"Polygon","properties":{"name":"Sumter"},"id":"13261"},{"arcs":[[-3715,-6011,-8560,-6098,-4275]],"type":"Polygon","properties":{"name":"Trempealeau"},"id":"55121"},{"arcs":[[-8561,-3802,-8387,8724,8725,-7095,8726,-6623]],"type":"Polygon","properties":{"name":"Vernon"},"id":"55123"},{"arcs":[[-2113,-7094,-5948,8727]],"type":"Polygon","properties":{"name":"Newport News"},"id":"51700"},{"arcs":[[-7350,-6552,-1000,8728,8729,-6115]],"type":"Polygon","properties":{"name":"Millard"},"id":"49027"},{"arcs":[[-8492,8730,-2462,-6033,-7464]],"type":"Polygon","properties":{"name":"St. Johns"},"id":"12109"},{"arcs":[[-7437,8731,8732,8733,-7283,-3333]],"type":"Polygon","properties":{"name":"Pondera"},"id":"30073"},{"arcs":[[8734,8735,-548,-2735,-1398]],"type":"Polygon","properties":{"name":"Mitchell"},"id":"19131"},{"arcs":[[-4288,-8324,-3776,-7492,8736,-7919]],"type":"Polygon","properties":{"name":"Telfair"},"id":"13271"},{"arcs":[[-5631,8737,-4144,8738,-4574,8739,8740,-5622]],"type":"Polygon","properties":{"name":"Clearfield"},"id":"42033"},{"arcs":[[-4226,-3455,-2779,-5097,8741,8742]],"type":"Polygon","properties":{"name":"Columbia"},"id":"55021"},{"arcs":[[-8370,-3625,8743,-7665,-5116,8744]],"type":"Polygon","properties":{"name":"Butte"},"id":"46019"},{"arcs":[[8745,-6460,8746,8747,-6181,8748,-3247]],"type":"Polygon","properties":{"name":"Routt"},"id":"08107"},{"arcs":[[-2726,-4497,-6573,8749,-5229,-4813]],"type":"Polygon","properties":{"name":"Wabash"},"id":"17185"},{"arcs":[[-2101,8750,-3104,8751,8752,8753]],"type":"Polygon","properties":{"name":"Wilkinson"},"id":"28157"},{"arcs":[[8754,8755,-5959,8756,-4466,-7949]],"type":"Polygon","properties":{"name":"Cullman"},"id":"01043"},{"arcs":[[-8058,-3523,8757,8758,8759,8760,8761,-7943]],"type":"Polygon","properties":{"name":"Harris"},"id":"48201"},{"arcs":[[-8748,8762,-8137,-4292,-8503,-6182]],"type":"Polygon","properties":{"name":"Eagle"},"id":"08037"},{"arcs":[[8763,8764,-3642,-4955,-8246,-8262]],"type":"Polygon","properties":{"name":"Coosa"},"id":"01037"},{"arcs":[[-1842,-4290,8765,-8504,-4811,8766,-6895,-5217]],"type":"Polygon","properties":{"name":"Gunnison"},"id":"08051"},{"arcs":[[8767,8768,-8585,-6229,8769,8770]],"type":"Polygon","properties":{"name":"St. Lawrence"},"id":"36089"},{"arcs":[[-1163,-5975,8771,-456,-2193,-1377]],"type":"Polygon","properties":{"name":"McLennan"},"id":"48309"},{"arcs":[[-3248,-8749,-6180,-7225]],"type":"Polygon","properties":{"name":"Rio Blanco"},"id":"08103"},{"arcs":[[-7533,-7921,-2477,8772,-6348,-8723]],"type":"Polygon","properties":{"name":"Crisp"},"id":"13081"},{"arcs":[[-1834,-3726,-6355,-1819,-1037,-945]],"type":"Polygon","properties":{"name":"Keokuk"},"id":"19107"},{"arcs":[[8773,-8083,8774,-7070,-8467,8775]],"type":"Polygon","properties":{"name":"Harris"},"id":"13145"},{"arcs":[[8776,-6282,-8465,-6243,-8564,-3002]],"type":"Polygon","properties":{"name":"Butler"},"id":"39017"},{"arcs":[[-5989,-8088,-8214,-5978,-8045,-3597]],"type":"Polygon","properties":{"name":"Jackson"},"id":"48239"},{"arcs":[[-6704,8777,-6625,-6884,-7841]],"type":"Polygon","properties":{"name":"Wyandotte"},"id":"20209"},{"arcs":[[-1390,-7704,8778,8779,8780]],"type":"Polygon","properties":{"name":"Floyd"},"id":"21071"},{"arcs":[[8781,-4145,-8738,-5630,-5758]],"type":"Polygon","properties":{"name":"Elk"},"id":"42047"},{"arcs":[[-6937,8782,-4447,-6369,8783,8784]],"type":"Polygon","properties":{"name":"Warren"},"id":"51187"},{"arcs":[[-8773,-2482,-2694,-7429,-7124,-2473,-6349]],"type":"Polygon","properties":{"name":"Worth"},"id":"13321"},{"arcs":[[8785,-2103,8786,8787,8788,-6140,-6991,8789]],"type":"Polygon","properties":{"name":"Pointe Coupee"},"id":"22077"},{"arcs":[[8790,-7440,8791,-2405,8792]],"type":"Polygon","properties":{"name":"Boone"},"id":"17007"},{"arcs":[[[8793,-8116]],[[-8120,8794,8795]]],"type":"MultiPolygon","properties":{"name":"Cameron"},"id":"48061"},{"arcs":[[8796,-4801,-8207,-8253]],"type":"Polygon","properties":{"name":"Fayette"},"id":"13113"},{"arcs":[[-69,-4311,-6577,-7874,8797,-6047]],"type":"Polygon","properties":{"name":"Jennings"},"id":"18079"},{"arcs":[[-6130,-5193,-4200,-6963,-7379]],"type":"Polygon","properties":{"name":"Estill"},"id":"21065"},{"arcs":[[-3898,8798,-8241,-3195,-963]],"type":"Polygon","properties":{"name":"Carroll"},"id":"39019"},{"arcs":[[-5254,-5545,-7052,-4984,-836,-5852,-5401]],"type":"Polygon","properties":{"name":"Carroll"},"id":"47017"},{"arcs":[[-3928,-1781,8799,-5323,-1288,8800,8801]],"type":"Polygon","properties":{"name":"Bonneville"},"id":"16019"},{"arcs":[[-576,-1873,-2818,8802,8803,-439]],"type":"Polygon","properties":{"name":"Marion"},"id":"39101"},{"arcs":[[-2053,-8367,-5619,8804,-6841,-1722,-6840,8805]],"type":"Polygon","properties":{"name":"Carroll"},"id":"51035"},{"arcs":[[-7272,-4239,8806,-7457,-8183]],"type":"Polygon","properties":{"name":"Medina"},"id":"39103"},{"arcs":[[-3875,-4280,-1773,8807,8808,-7860,8809]],"type":"Polygon","properties":{"name":"Geneva"},"id":"01061"},{"arcs":[[[-4644,-8038,-8693,8810]],[[-4646,8811]],[[8812]]],"type":"MultiPolygon","properties":{"name":"Lee"},"id":"12071"},{"arcs":[[-6997,-673,-8042,-8044,8813,-8200,-178]],"type":"Polygon","properties":{"name":"Tattnall"},"id":"13267"},{"arcs":[[8814,8815,8816,8817,-1922]],"type":"Polygon","properties":{"name":"Huntington"},"id":"18069"},{"arcs":[[-7056,-441,8818,8819,-1847]],"type":"Polygon","properties":{"name":"Logan"},"id":"39091"},{"arcs":[[-5735,-3517,-2803,-3525,-1144,8820,-3188]],"type":"Polygon","properties":{"name":"Yellow Medicine"},"id":"27173"},{"arcs":[[-3790,-8554,8821,-8668]],"type":"Polygon","properties":{"name":"Gregg"},"id":"48183"},{"arcs":[[8822,8823,8824,-3887,-4726,8825]],"type":"Polygon","properties":{"name":"Franklin"},"id":"48159"},{"arcs":[[8826,-8590,-3303,-1995,8827,-6197]],"type":"Polygon","properties":{"name":"Madison"},"id":"36053"},{"arcs":[[-3562,-5904,-1403,-3233,-6690,-8111,-3826]],"type":"Polygon","properties":{"name":"Montgomery"},"id":"20125"},{"arcs":[[-1898,-7248,8828,-3895,8829]],"type":"Polygon","properties":{"name":"Portage"},"id":"39133"},{"arcs":[[8830,-5304,-8452,-2105,8831,-8790,-6990,-4823]],"type":"Polygon","properties":{"name":"Avoyelles"},"id":"22009"},{"arcs":[[8832,8833,-4729,8834,-6545]],"type":"Polygon","properties":{"name":"Anderson"},"id":"48001"},{"arcs":[[[8835,-7976,-3106,8836,-2936,-5625,8837]],[[8838]]],"type":"MultiPolygon","properties":{"name":"Mayag\u00fcez"},"id":"72097"},{"arcs":[[8839,8840,-3986,8841,-4624]],"type":"Polygon","properties":{"name":"Clay"},"id":"05021"},{"arcs":[[8842,-7639,8843,-6595,8844]],"type":"Polygon","properties":{"name":"Botetourt"},"id":"51023"},{"arcs":[[-5021,-5013,-7253,8845,-5017]],"type":"Polygon","properties":{"name":"South Central Connecticut"},"id":"09170"},{"arcs":[[[-7446,8846,-2384,8847,-4360,8848,-8265]],[[8849]]],"type":"MultiPolygon","properties":{"name":"Waldo"},"id":"23027"},{"arcs":[[[-8696,8850,8851]],[[8852,8853,8854,8855]],[[8856]],[[8857]],[[8858]],[[8859]],[[8860]],[[8861]],[[8862]]],"type":"MultiPolygon","properties":{"name":"Monroe"},"id":"12087"},{"arcs":[[-8329,-8188,-3811,-5426,-7193,-8543,-773,-5883]],"type":"Polygon","properties":{"name":"Dinwiddie"},"id":"51053"},{"arcs":[[8863,8864,8865,-914,-5590]],"type":"Polygon","properties":{"name":"Franklin"},"id":"16041"},{"arcs":[[-7343,8866,-6106,-8204,8867,8868]],"type":"Polygon","properties":{"name":"Holt"},"id":"29087"},{"arcs":[[-8829,-7247,8869,-2518,8870,-3896]],"type":"Polygon","properties":{"name":"Mahoning"},"id":"39099"},{"arcs":[[-2686,-1206,-1691,-1578,-8575,8871,-6749]],"type":"Polygon","properties":{"name":"Cheyenne"},"id":"31033"},{"arcs":[[-2710,-5351,8872,-2750,8873,-2800]],"type":"Polygon","properties":{"name":"Sibley"},"id":"27143"},{"arcs":[[-8592,-7412,-2012,-6977,8874,-8664]],"type":"Polygon","properties":{"name":"Schoharie"},"id":"36095"},{"arcs":[[-8822,-8553,-5277,-4592,-5997,8875,-8669]],"type":"Polygon","properties":{"name":"Rusk"},"id":"48401"},{"arcs":[[-6262,-5476,-5864,8876,8877,-3267]],"type":"Polygon","properties":{"name":"Screven"},"id":"13251"},{"arcs":[[-8624,-297,-6268,-4243]],"type":"Polygon","properties":{"name":"Plymouth"},"id":"19149"},{"arcs":[[8878,-3572,-6910,-6913,8879,-8328,-7337,-4802,-8797,-8252]],"type":"Polygon","properties":{"name":"Fulton"},"id":"13121"},{"arcs":[[-6053,8880,-8354,8881,-2700]],"type":"Polygon","properties":{"name":"Boone"},"id":"18011"},{"arcs":[[8882,8883,-7400,8884,-8788]],"type":"Polygon","properties":{"name":"West Baton Rouge"},"id":"22121"},{"arcs":[[-4608,-7944,-8762,8885,-8085]],"type":"Polygon","properties":{"name":"Fort Bend"},"id":"48157"},{"arcs":[[8886,8887,-8539,-5163,8888]],"type":"Polygon","properties":{"name":"Monroe"},"id":"17133"},{"arcs":[[-8394,-7658,8889,-5225,-816]],"type":"Polygon","properties":{"name":"Jackson"},"id":"19097"},{"arcs":[[-7480,8890,-5151,8891,8892,-6294]],"type":"Polygon","properties":{"name":"Orange"},"id":"48361"},{"arcs":[[-8459,-7775,8893,-8396,-7332]],"type":"Polygon","properties":{"name":"Madera"},"id":"06039"},{"arcs":[[-6476,-1918,-4184,8894,8895]],"type":"Polygon","properties":{"name":"Ramsey"},"id":"38071"},{"arcs":[[-4625,-8842,-3985,-1241,8896]],"type":"Polygon","properties":{"name":"Greene"},"id":"05055"},{"arcs":[[8897,-7721,8898,-2085]],"type":"Polygon","properties":{"name":"Lake of the Woods"},"id":"27077"},{"arcs":[[-6959,-6564,-4887,-1132,8899,-5799,-3969]],"type":"Polygon","properties":{"name":"Providence"},"id":"44007"},{"arcs":[[8900,8901,-8490,-4180,-1916]],"type":"Polygon","properties":{"name":"Pembina"},"id":"38067"},{"arcs":[[8902,8903,-2198,-7488,-7368,8904,-4784,-7327]],"type":"Polygon","properties":{"name":"Okanogan"},"id":"53047"},{"arcs":[[-8605,-916,-3708,8905,8906]],"type":"Polygon","properties":{"name":"Weber"},"id":"49057"},{"arcs":[[8907,-4670,-6302,-6084,8908,-7985]],"type":"Polygon","properties":{"name":"Mora"},"id":"35033"},{"arcs":[[8909,-7527,-134,-2613,8910,-3993]],"type":"Polygon","properties":{"name":"Phillips"},"id":"30071"},{"arcs":[[8911,-6736,-232,8912,8913,8914]],"type":"Polygon","properties":{"name":"Plumas"},"id":"06063"},{"arcs":[[-7889,-6934,-124,8915,8916]],"type":"Polygon","properties":{"name":"Starr"},"id":"48427"},{"arcs":[[-5776,-7836,8917,-6248,-8546]],"type":"Polygon","properties":{"name":"Terrell"},"id":"48443"},{"arcs":[[8918,-7895,8919,-8611,-7804,-7800]],"type":"Polygon","properties":{"name":"Sumter"},"id":"12119"},{"arcs":[[-535,8920,-7432,8921]],"type":"Polygon","properties":{"name":"Milwaukee"},"id":"55079"},{"arcs":[[-4825,-6992,-5427,-6952,-7528]],"type":"Polygon","properties":{"name":"Acadia"},"id":"22001"},{"arcs":[[-7483,-2196,-5970,-5995,-2631,8922,-8065]],"type":"Polygon","properties":{"name":"Burnet"},"id":"48053"},{"arcs":[[-2144,-3347,8923,-2918,8924,-3352]],"type":"Polygon","properties":{"name":"Mitchell"},"id":"48335"},{"arcs":[[-4374,-1018,-5870,8925,-5850,8926,-7325]],"type":"Polygon","properties":{"name":"Bonner"},"id":"16017"},{"arcs":[[8927,-6028,8928,8929,-8347]],"type":"Polygon","properties":{"name":"Gogebic"},"id":"26053"},{"arcs":[[-5565,-8397,-8894,-7777,-6820,8930]],"type":"Polygon","properties":{"name":"Tuolumne"},"id":"06109"},{"arcs":[[-3651,8931,-5026,-7000,8932]],"type":"Polygon","properties":{"name":"Durham"},"id":"37063"},{"arcs":[[8933,-1961,-602,8934]],"type":"Polygon","properties":{"name":"Wasatch"},"id":"49051"},{"arcs":[[-4132,-7687,8935,8936,8937,8938]],"type":"Polygon","properties":{"name":"Ponce"},"id":"72113"},{"arcs":[[-3557,-2649,-6923,8939,-2966,8940,-8403]],"type":"Polygon","properties":{"name":"Washington"},"id":"20201"},{"arcs":[[-3502,8941,-1056,-488,8942,-4218,-3843,-8645,-4340]],"type":"Polygon","properties":{"name":"Lea"},"id":"35025"},{"arcs":[[-3842,-2177,-3410,-2919,-8924]],"type":"Polygon","properties":{"name":"Nolan"},"id":"48353"},{"arcs":[[-4342,-8646,-8070,-8544,-2834,-267]],"type":"Polygon","properties":{"name":"Reeves"},"id":"48389"},{"arcs":[[-6824,8943,-2172,-3863,8944,8945,8946,8947]],"type":"Polygon","properties":{"name":"Pueblo"},"id":"08101"},{"arcs":[[8948,-8946,8949,-8603,-6187,-5172,-6301,-7607]],"type":"Polygon","properties":{"name":"Las Animas"},"id":"08071"},{"arcs":[[-8136,-8012,-8005,-3351,-6822,-4808,-4294]],"type":"Polygon","properties":{"name":"Park"},"id":"08093"},{"arcs":[[-5092,8950,8951,-8473,8952]],"type":"Polygon","properties":{"name":"Trinity"},"id":"06105"},{"arcs":[[-440,-8804,8953,-4562,-8299,8954,-8819]],"type":"Polygon","properties":{"name":"Union"},"id":"39159"},{"arcs":[[-8463,8955,8956,-8694,-8036]],"type":"Polygon","properties":{"name":"Broward"},"id":"12011"},{"arcs":[[-4077,-8305,-3857,8957,-6918,-3466]],"type":"Polygon","properties":{"name":"Wilkinson"},"id":"13319"},{"arcs":[[8958,8959,-2199,-8904]],"type":"Polygon","properties":{"name":"Ferry"},"id":"53019"},{"arcs":[[-8356,-5637,-6046,8960,-938]],"type":"Polygon","properties":{"name":"Johnson"},"id":"18081"},{"arcs":[[-5024,-7001,-5029,8961,8962,8963,8964]],"type":"Polygon","properties":{"name":"Harnett"},"id":"37085"},{"arcs":[[8965,-8535,8966,8967]],"type":"Polygon","properties":{"name":"Bennett"},"id":"46007"},{"arcs":[[-6171,-7523,-7584,-7682,-8269]],"type":"Polygon","properties":{"name":"Gilmer"},"id":"54021"},{"arcs":[[8968,-8340,-1085,-6517,-2961]],"type":"Polygon","properties":{"name":"Iroquois"},"id":"17075"},{"arcs":[[-3365,-3569,-3960,8969,8970]],"type":"Polygon","properties":{"name":"Imperial"},"id":"06025"},{"arcs":[[-8290,-6414,8971,-8689,-4743]],"type":"Polygon","properties":{"name":"Essex"},"id":"34013"},{"arcs":[[8972,-8331,8973,-8024,8974,-2782,-8648]],"type":"Polygon","properties":{"name":"Independence"},"id":"05063"},{"arcs":[[8975,-6048,-8798,-7873,8976,-4392,8977]],"type":"Polygon","properties":{"name":"Jackson"},"id":"18071"},{"arcs":[[-6479,8978,-7596,-8555,8979]],"type":"Polygon","properties":{"name":"Curry"},"id":"41015"},{"arcs":[[-2162,-2958,8980,-3348,-8004]],"type":"Polygon","properties":{"name":"Douglas"},"id":"08035"},{"arcs":[[-6231,-8589,-8591,-8827,-6196]],"type":"Polygon","properties":{"name":"Oneida"},"id":"36065"},{"arcs":[[-7920,-8737,-7491,8981,-2479]],"type":"Polygon","properties":{"name":"Ben Hill"},"id":"13017"},{"arcs":[[-5886,-1124,-3773,-2878,-8577,-5168,8982,8983]],"type":"Polygon","properties":{"name":"Pottawattamie"},"id":"19155"},{"arcs":[[-1480,-6881,8984,-8237,-8156,8985,-3739,-208]],"type":"Polygon","properties":{"name":"Malheur"},"id":"41045"},{"arcs":[[-5357,-885,8986,-4173,-3471,-7260,-8705]],"type":"Polygon","properties":{"name":"Pearl River"},"id":"28109"},{"arcs":[[-8126,-8559,-2119,8987]],"type":"Polygon","properties":{"name":"Chowan"},"id":"37041"},{"arcs":[[8988,8989,-8764,-8261,-7137,8990]],"type":"Polygon","properties":{"name":"Shelby"},"id":"01117"},{"arcs":[[-2749,-2538,-4922,-6901,-1747]],"type":"Polygon","properties":{"name":"Pocahontas"},"id":"19151"},{"arcs":[[-7933,-8124,-1999,8991,-4348,8992]],"type":"Polygon","properties":{"name":"Tompkins"},"id":"36109"},{"arcs":[[-1983,8993,-3835,-8014,-8007,-6864]],"type":"Polygon","properties":{"name":"Stephens"},"id":"40137"},{"arcs":[[8994,-3934,-1247,-6738,-2214,-7486]],"type":"Polygon","properties":{"name":"Caledonia"},"id":"50005"},{"arcs":[[-4586,-8009,-8015,-7823,8995,-3694]],"type":"Polygon","properties":{"name":"Clay"},"id":"48077"},{"arcs":[[-6337,-5954,8996,-7811,-7851,-4062,-6670]],"type":"Polygon","properties":{"name":"Escambia"},"id":"01053"},{"arcs":[[-2691,8997,-7495,-3849,-3537,-7623,-3583]],"type":"Polygon","properties":{"name":"Berrien"},"id":"13019"},{"arcs":[[-3707,-1956,8998,8999,-8906]],"type":"Polygon","properties":{"name":"Morgan"},"id":"49029"},{"arcs":[[9000,-7598,-7188,-6313]],"type":"Polygon","properties":{"name":"Tucker"},"id":"54093"},{"arcs":[[-4613,-4258,-7487,-2212,-4455,-7937,9001]],"type":"Polygon","properties":{"name":"Chittenden"},"id":"50007"},{"arcs":[[-2783,-8975,-8026,-7772,-8417,-8031,-7293]],"type":"Polygon","properties":{"name":"White"},"id":"05145"},{"arcs":[[-8657,-4032,9002,9003,-5152,-8891,-7479]],"type":"Polygon","properties":{"name":"Newton"},"id":"48351"},{"arcs":[[-8549,-2938,-3398,9004]],"type":"Polygon","properties":{"name":"Stephens"},"id":"13257"},{"arcs":[[9005,-8724,-6350,-2471,-7402,-8100]],"type":"Polygon","properties":{"name":"Terrell"},"id":"13273"},{"arcs":[[-3085,-7791,9006,-7915,-7967]],"type":"Polygon","properties":{"name":"Sanilac"},"id":"26151"},{"arcs":[[-3780,-8202,-6221,9007,-7493]],"type":"Polygon","properties":{"name":"Bacon"},"id":"13005"},{"arcs":[[9008,9009,-2712,-2799,-300]],"type":"Polygon","properties":{"name":"Meeker"},"id":"27093"},{"arcs":[[-6039,-5222,-4017,-8341,-8969,-2960,-7468]],"type":"Polygon","properties":{"name":"Kankakee"},"id":"17091"},{"arcs":[[9010,-4567,-1756,-8180,-198,-7941]],"type":"Polygon","properties":{"name":"Lincoln"},"id":"40081"},{"arcs":[[-8596,9011,-8652,9012,-6695,9013,-5678]],"type":"Polygon","properties":{"name":"Scott"},"id":"51169"},{"arcs":[[-343,-6373,9014,-7749,-7110,-6067,-4468]],"type":"Polygon","properties":{"name":"Barranquitas"},"id":"72019"},{"arcs":[[-6879,-5213,-3409,-6037,9015,-8235,9016]],"type":"Polygon","properties":{"name":"Gem"},"id":"16045"},{"arcs":[[-3920,-502,-638,-1060,9017,-6660,-7086]],"type":"Polygon","properties":{"name":"Clay"},"id":"47027"},{"arcs":[[-5943,9018,-8390,-6446,-8342,-8153]],"type":"Polygon","properties":{"name":"Twin Falls"},"id":"16083"},{"arcs":[[9019,-6237,-5246,9020,-8962,-5028]],"type":"Polygon","properties":{"name":"Johnston"},"id":"37101"},{"arcs":[[-7219,9021,9022,9023,-3709,-243]],"type":"Polygon","properties":{"name":"Grand Traverse"},"id":"26055"},{"arcs":[[-139,-2857,-377,-7347,-8401,-8407,9024,-2614]],"type":"Polygon","properties":{"name":"Rosebud"},"id":"30087"},{"arcs":[[9025,-7139,-274,-8221,9026]],"type":"Polygon","properties":{"name":"Hale"},"id":"01065"},{"arcs":[[-2279,-8353,-6050,-2721,9027]],"type":"Polygon","properties":{"name":"Carroll"},"id":"18015"},{"arcs":[[9028,-8284,-5342,9029,-6213,9030,-5349]],"type":"Polygon","properties":{"name":"Hennepin"},"id":"27053"},{"arcs":[[9031,-7045,-5299,-8656,-7157]],"type":"Polygon","properties":{"name":"Edmonson"},"id":"21061"},{"arcs":[[-7582]],"type":"Polygon","properties":{"name":"Staunton"},"id":"51790"},{"arcs":[[7885,-8398,-7753,-2417,-3617,-7887]],"type":"Polygon","properties":{"name":"Rankin"},"id":"28121"},{"arcs":[[9032,-8691,-8688,9033,-6468,9034]],"type":"Polygon","properties":{"name":"Middlesex"},"id":"34023"},{"arcs":[[-1580,-4148,-8375,-8160,-6260,-7626,9035,-3855]],"type":"Polygon","properties":{"name":"Jefferson"},"id":"13163"},{"arcs":[[-6413,9036,9037,-8686,-8690,-8972]],"type":"Polygon","properties":{"name":"Hudson"},"id":"34017"},{"arcs":[[9038,9039,-5359,-8709,-2003,-7850,9040]],"type":"Polygon","properties":{"name":"Tangipahoa"},"id":"22105"},{"arcs":[[9041,-8915,9042,9043,-8474,-8952]],"type":"Polygon","properties":{"name":"Tehama"},"id":"06103"},{"arcs":[[-307,-2763,-5675,-4427,-1191,9044,-4420]],"type":"Polygon","properties":{"name":"Boone"},"id":"29019"},{"arcs":[[-4232,9045]],"type":"Polygon","properties":{"name":"Roanoke"},"id":"51770"},{"arcs":[[-7765,9046,-8438,-4673]],"type":"Polygon","properties":{"name":"Polk"},"id":"37149"},{"arcs":[[9047,-8142,-4490,-3515,-5132,-8540,-8888]],"type":"Polygon","properties":{"name":"St. Clair"},"id":"17163"},{"arcs":[[-4686,-6658,9048,-16,-4844,9049]],"type":"Polygon","properties":{"name":"Washington"},"id":"37187"},{"arcs":[[-8703,-5267,-4821,-5481,-3165,-4898]],"type":"Polygon","properties":{"name":"Crittenden"},"id":"21055"},{"arcs":[[-7650,-7611,-4671,-8908,-7984,-310,-4661,9050]],"type":"Polygon","properties":{"name":"Rio Arriba"},"id":"35039"},{"arcs":[[-6873,-5930,9051,-5043,9052,-6875]],"type":"Polygon","properties":{"name":"Georgetown"},"id":"45043"},{"arcs":[[-8506,-6403,-8644,-2529,-3965]],"type":"Polygon","properties":{"name":"Marion"},"id":"05089"},{"arcs":[[-5272,-1051,-803,-8536,-5415,-7140]],"type":"Polygon","properties":{"name":"Adams"},"id":"17001"},{"arcs":[[9053,-3329,9054,9055,9056,-3988,9057]],"type":"Polygon","properties":{"name":"Stoddard"},"id":"29207"},{"arcs":[[-8524,-7228,-6830,-5610,9058,9059]],"type":"Polygon","properties":{"name":"Gilchrist"},"id":"12041"},{"arcs":[[-5085,9060,-1460,9061,9062,9063]],"type":"Polygon","properties":{"name":"Rockingham"},"id":"33015"},{"arcs":[[-6818,9064,-1286,-5074,-6905,-409]],"type":"Polygon","properties":{"name":"Hot Spring"},"id":"05059"},{"arcs":[[-7068,-8332,-8973,-8647,-8642]],"type":"Polygon","properties":{"name":"Izard"},"id":"05065"},{"arcs":[[-3650,-8548,9065,-5701,-3952,-5027,-8932]],"type":"Polygon","properties":{"name":"Granville"},"id":"37077"},{"arcs":[[-8871,-2517,9066,9067,-8238,-8799,-3897]],"type":"Polygon","properties":{"name":"Columbiana"},"id":"39029"},{"arcs":[[-482,-1433,-3186,-1532,-1492]],"type":"Polygon","properties":{"name":"Codington"},"id":"46029"},{"arcs":[[-4056,9068,-5888,9069,-8711,-3019]],"type":"Polygon","properties":{"name":"Burt"},"id":"31021"},{"arcs":[[-4186,-202,-8104,9070,-1981,-7062]],"type":"Polygon","properties":{"name":"McClain"},"id":"40087"},{"arcs":[[-5900,-3828,-8113,9071,9072,-1464,9073]],"type":"Polygon","properties":{"name":"Osage"},"id":"40113"},{"arcs":[[-5080,-3880,9074,9075,9076,-7236,-8574]],"type":"Polygon","properties":{"name":"Caroline"},"id":"51033"},{"arcs":[[-6762,-7270,-1229,-4142,-8782,-6484]],"type":"Polygon","properties":{"name":"McKean"},"id":"42083"},{"arcs":[[9077,-1709,-737,-5650,9078,-4249,9079,-5915]],"type":"Polygon","properties":{"name":"Emmons"},"id":"38029"},{"arcs":[[-8086,-8886,-8761,9080,9081,9082,9083,-8215]],"type":"Polygon","properties":{"name":"Brazoria"},"id":"48039"},{"arcs":[[-3698,-8373,-2740,-107,-3545,-3917]],"type":"Polygon","properties":{"name":"Lincoln"},"id":"20105"},{"arcs":[[-7910,9084,-7736,-3078]],"type":"Polygon","properties":{"name":"Alcona"},"id":"26001"},{"arcs":[[-2596,-489,-2433,-6800]],"type":"Polygon","properties":{"name":"Marion"},"id":"54049"},{"arcs":[[9085,-7571,9086,9087,-7508,9088,-7747]],"type":"Polygon","properties":{"name":"Caguas"},"id":"72025"},{"arcs":[[9089,-7743,-3900,-7509,-9088]],"type":"Polygon","properties":{"name":"Gurabo"},"id":"72063"},{"arcs":[[9090,9091,-5923,-6206,-6316]],"type":"Polygon","properties":{"name":"Cowlitz"},"id":"53015"},{"arcs":[[-6728,9092,-7810,-7858,9093,-7145]],"type":"Polygon","properties":{"name":"Liberty"},"id":"12077"},{"arcs":[[-8571,-8570,-6161,-2907]],"type":"Polygon","properties":{"name":"Dolores"},"id":"08033"},{"arcs":[[9094,9095,-8195,-4493,9096,-4893,-3770]],"type":"Polygon","properties":{"name":"St. Charles"},"id":"29183"},{"arcs":[[-6459,-4637,-8679,-2167,-8011,-8135,-8763,-8747]],"type":"Polygon","properties":{"name":"Grand"},"id":"08049"},{"arcs":[[-2409,9097,-6041,-7467,-8701,-1033,-3587,-1743,-7471]],"type":"Polygon","properties":{"name":"LaSalle"},"id":"17099"},{"arcs":[[9098,-7258,-4399,-808,-5295,-5828]],"type":"Polygon","properties":{"name":"Vigo"},"id":"18167"},{"arcs":[[9099,-7935,9100,-8768,9101]],"type":"Polygon","properties":{"name":"Franklin"},"id":"36033"},{"arcs":[[-8666,-7539,9102,9103,-8582]],"type":"Polygon","properties":{"name":"Sullivan"},"id":"36105"},{"arcs":[[-1997,-3306,-8667,-8580,9104,9105]],"type":"Polygon","properties":{"name":"Broome"},"id":"36007"},{"arcs":[[-6367,-3883,-5079,-7999,9106,9107]],"type":"Polygon","properties":{"name":"Culpeper"},"id":"51047"},{"arcs":[[-9057,9108,9109,9110,-4999,9111,-4997,9112,-3989]],"type":"Polygon","properties":{"name":"New Madrid"},"id":"29143"},{"arcs":[[-7726,9113,9114,-6327,-6642,9115,9116]],"type":"Polygon","properties":{"name":"Marquette"},"id":"26103"},{"arcs":[[-4431,-3014,-4422,9117,-163,-5281]],"type":"Polygon","properties":{"name":"Saline"},"id":"29195"},{"arcs":[[9118,9119,-7201,9120,9121,9122,-9076]],"type":"Polygon","properties":{"name":"Essex"},"id":"51057"},{"arcs":[[-7403,-2475,-7128,-7865,-7868,-4650]],"type":"Polygon","properties":{"name":"Baker"},"id":"13007"},{"arcs":[[-6559,-8710,-3105,-8751,-2100]],"type":"Polygon","properties":{"name":"Adams"},"id":"28001"},{"arcs":[[-5368,-5362,-2999,-4346,9123,-5233]],"type":"Polygon","properties":{"name":"Cochise"},"id":"04003"},{"arcs":[[9124,-5134,9125,-1020,-8257]],"type":"Polygon","properties":{"name":"LaGrange"},"id":"18087"},{"arcs":[[-3856,-9036,-7629,-6915,-8958]],"type":"Polygon","properties":{"name":"Johnson"},"id":"13167"},{"arcs":[[-9118,-4421,-9045,-1190,-897,-164]],"type":"Polygon","properties":{"name":"Cooper"},"id":"29053"},{"arcs":[[-6184,-8505,-8766,-4291,-1840,-7162]],"type":"Polygon","properties":{"name":"Mesa"},"id":"08077"},{"arcs":[[-5569,9126,-9035,-6471,-5793,-4758]],"type":"Polygon","properties":{"name":"Mercer"},"id":"34021"},{"arcs":[[9127,-6291,-5596,-7788]],"type":"Polygon","properties":{"name":"Benton"},"id":"41003"},{"arcs":[[-8892,-5150,-7529,-6955,9128,9129]],"type":"Polygon","properties":{"name":"Cameron"},"id":"22023"},{"arcs":[[9130,9131,9132,9133,9134,-7278,9135]],"type":"Polygon","properties":{"name":"Mason"},"id":"53045"},{"arcs":[[-8992,-1998,-9106,9136,-1496,-4349]],"type":"Polygon","properties":{"name":"Tioga"},"id":"36107"},{"arcs":[[-8784,-6368,-9108,9137,9138]],"type":"Polygon","properties":{"name":"Rappahannock"},"id":"51157"},{"arcs":[[-7205,9139,-8755,-7948,9140]],"type":"Polygon","properties":{"name":"Winston"},"id":"01133"},{"arcs":[[-8223,9141,-6339,-6669,-8319,9142]],"type":"Polygon","properties":{"name":"Clarke"},"id":"01025"},{"arcs":[[9143,-7767,-6588,-7981,-3307,-8228]],"type":"Polygon","properties":{"name":"Cabell"},"id":"54011"},{"arcs":[[9144,-9058,-3987,-8841,9145,-2545]],"type":"Polygon","properties":{"name":"Butler"},"id":"29023"},{"arcs":[[-9068,9146,-8173,9147,-8239]],"type":"Polygon","properties":{"name":"Hancock"},"id":"54029"},{"arcs":[[-6755,-8578,9148,-7340,-6111]],"type":"Polygon","properties":{"name":"Fremont"},"id":"19071"},{"arcs":[[-4011,-8336,-1014,9149,-1732]],"type":"Polygon","properties":{"name":"Starke"},"id":"18149"},{"arcs":[[-7006,9150,-4719,-6930,-7825]],"type":"Polygon","properties":{"name":"Cooke"},"id":"48097"},{"arcs":[[-7674,-4689,9151,-6234,9152]],"type":"Polygon","properties":{"name":"Edgecombe"},"id":"37065"},{"arcs":[[-3393,-2733,-3285,9153]],"type":"Polygon","properties":{"name":"Hughes"},"id":"46065"},{"arcs":[[-4869,-2773,9154,-4633,-6458,9155]],"type":"Polygon","properties":{"name":"Albany"},"id":"56001"},{"arcs":[[-7875,-6575,-7302,-4510,-6013,-7186,9156]],"type":"Polygon","properties":{"name":"Clark"},"id":"18019"},{"arcs":[[-3540,9157,-2470,-7020,9158,-8350]],"type":"Polygon","properties":{"name":"Jackson"},"id":"01071"},{"arcs":[[9159,-8192,-6767,9160,-5928]],"type":"Polygon","properties":{"name":"Brunswick"},"id":"37019"},{"arcs":[[-6422,-6983,-7380,-3611,9161,-1080]],"type":"Polygon","properties":{"name":"Garrard"},"id":"21079"},{"arcs":[[-5551,9162,-7559,9163,9164]],"type":"Polygon","properties":{"name":"Mitchell"},"id":"37121"},{"arcs":[[-5350,-9031,-6218,-8212,-2751,-8873]],"type":"Polygon","properties":{"name":"Scott"},"id":"27139"},{"arcs":[[-1664,9165,-7604,-8364,-3317,9166,-6861]],"type":"Polygon","properties":{"name":"Washington"},"id":"39167"},{"arcs":[[[-2102,-8754,9167,-8883,-8787]],[[-2104,-8786,-8832]]],"type":"MultiPolygon","properties":{"name":"West Feliciana"},"id":"22125"},{"arcs":[[-7640,-8843,9168,-6004,9169,-7566]],"type":"Polygon","properties":{"name":"Craig"},"id":"51045"},{"arcs":[[9170,-156,-2946,-6328,-9115]],"type":"Polygon","properties":{"name":"Alger"},"id":"26003"},{"arcs":[[9171,-3614,-6964,-5454,-6423,-6506,-5237]],"type":"Polygon","properties":{"name":"Laurel"},"id":"21125"},{"arcs":[[-7950,-4464,9172,-8991,-7136,9173]],"type":"Polygon","properties":{"name":"Jefferson"},"id":"01073"},{"arcs":[[9174,9175,-8000,-5857,9176]],"type":"Polygon","properties":{"name":"Greene"},"id":"51079"},{"arcs":[[-8169,-6851,-8171,-8226,-6798,-7602]],"type":"Polygon","properties":{"name":"Marshall"},"id":"54051"},{"arcs":[[9177,-9063,9178,9179,-5811]],"type":"Polygon","properties":{"name":"Essex"},"id":"25009"},{"arcs":[[-3260,-6863,9180,-7697,-6585,-7766]],"type":"Polygon","properties":{"name":"Meigs"},"id":"39105"},{"arcs":[[-6029,-5566,-8931,-6819,-4908]],"type":"Polygon","properties":{"name":"Calaveras"},"id":"06009"},{"arcs":[[-9037,-6412,9181,9182,-4944,9183]],"type":"Polygon","properties":{"name":"New York"},"id":"36061"},{"arcs":[[-9067,-2516,-8496,-8072,-8174,-9147]],"type":"Polygon","properties":{"name":"Beaver"},"id":"42007"},{"arcs":[[-7010,-3394,-9154,-3291,9184,-6078]],"type":"Polygon","properties":{"name":"Stanley"},"id":"46117"},{"arcs":[[9185,-4253,-7011,-6077,-7667]],"type":"Polygon","properties":{"name":"Ziebach"},"id":"46137"},{"arcs":[[-8229,-3312,-7947,9186,-2519,-8270,9187,-7702]],"type":"Polygon","properties":{"name":"Mingo"},"id":"54059"},{"arcs":[[-8415,9188,9189,-7883,-91,-2883,9190,-8418]],"type":"Polygon","properties":{"name":"Tunica"},"id":"28143"},{"arcs":[[-2552,-3219,-2061,-2441,9191,-6103]],"type":"Polygon","properties":{"name":"DeKalb"},"id":"29063"},{"arcs":[[9192,-3814,-7714,-902,-7182]],"type":"Polygon","properties":{"name":"Schuyler"},"id":"29197"},{"arcs":[[-511,-7460,9193,-6941,-3636]],"type":"Polygon","properties":{"name":"Morgan"},"id":"54065"},{"arcs":[[-5890,-8663,-7184,-8363,-1672,-8362]],"type":"Polygon","properties":{"name":"Mercer"},"id":"29129"},{"arcs":[[-8770,-6232,-6194,9194]],"type":"Polygon","properties":{"name":"Jefferson"},"id":"36045"},{"arcs":[[-8789,-8885,-7399,-7740,-4045,-8719,-6141]],"type":"Polygon","properties":{"name":"Iberville"},"id":"22047"},{"arcs":[[-4301,-4401,-3474,-712,-320]],"type":"Polygon","properties":{"name":"Warren"},"id":"19181"},{"arcs":[[-5837,-2737,-579,-1095]],"type":"Polygon","properties":{"name":"Hancock"},"id":"19081"},{"arcs":[[-2828,-3353,-8925,-2921,-1854,-842]],"type":"Polygon","properties":{"name":"Sterling"},"id":"48431"},{"arcs":[[-2841,-3954,-7515,9195,9196]],"type":"Polygon","properties":{"name":"Seward"},"id":"20175"},{"arcs":[[9197,9198,-8732,-7436]],"type":"Polygon","properties":{"name":"Toole"},"id":"30101"},{"arcs":[[-3589,9199,-8529,-8532,-7244,-1896]],"type":"Polygon","properties":{"name":"Ashtabula"},"id":"39007"},{"arcs":[[-6862,-9167,-3316,-6168,-7592,-7698,-9181]],"type":"Polygon","properties":{"name":"Wood"},"id":"54107"},{"arcs":[[-3041,9200,-298,-3675,-3753]],"type":"Polygon","properties":{"name":"Pope"},"id":"27121"},{"arcs":[[-2582,-682,-293,-8623]],"type":"Polygon","properties":{"name":"O'Brien"},"id":"19141"},{"arcs":[[-5974,-1909,-6547,9201,-8108,-457,-8772]],"type":"Polygon","properties":{"name":"Limestone"},"id":"48293"},{"arcs":[[9202,-3994,-8911,-2616,9203,9204,-2812,-7242]],"type":"Polygon","properties":{"name":"Fergus"},"id":"30027"},{"arcs":[[-2054,-8806,-6839,-4959,-7519]],"type":"Polygon","properties":{"name":"Wythe"},"id":"51197"},{"arcs":[[-6533,-4486,9205,-4263]],"type":"Polygon","properties":{"name":"Alexandria"},"id":"51510"},{"arcs":[[-8683,-2082,-4326,9206,-6379]],"type":"Polygon","properties":{"name":"Traill"},"id":"38097"},{"arcs":[[9207,9208,-6408,-7268,-136,-7526]],"type":"Polygon","properties":{"name":"McCone"},"id":"30055"},{"arcs":[[9209,9210,-5937,-7176,-6323,9211]],"type":"Polygon","properties":{"name":"East Carroll"},"id":"22035"},{"arcs":[[-6624,-8727,-7099,-8515,-4935]],"type":"Polygon","properties":{"name":"Allamakee"},"id":"19005"},{"arcs":[[9212,-7908,-2291,-3008]],"type":"Polygon","properties":{"name":"Presque Isle"},"id":"26141"},{"arcs":[[9213,-8641,9214,-8681]],"type":"Polygon","properties":{"name":"Portsmouth"},"id":"51740"},{"arcs":[[-3337,-7078,9215]],"type":"Polygon","properties":{"name":"Lake"},"id":"30047"},{"arcs":[[[-159,-4037,9216,-2943]],[[9217]],[[9218]]],"type":"MultiPolygon","properties":{"name":"Mackinac"},"id":"26097"},{"arcs":[[-6477,-8896,9219,-2993,-1683,-1277]],"type":"Polygon","properties":{"name":"Benson"},"id":"38005"},{"arcs":[[-2086,-8899,-7720,9220,-2242,-3068,-7681,-3956,-8488]],"type":"Polygon","properties":{"name":"Beltrami"},"id":"27007"},{"arcs":[[-7719,-4157,-7732,-2243,-9221]],"type":"Polygon","properties":{"name":"Itasca"},"id":"27061"},{"arcs":[[9221,9222,-525,-8469,9223]],"type":"Polygon","properties":{"name":"Hood River"},"id":"41027"},{"arcs":[[-8263,-8248,-8502,-918,-6746]],"type":"Polygon","properties":{"name":"Autauga"},"id":"01001"},{"arcs":[[-8639,9224,9225,9226]],"type":"Polygon","properties":{"name":"Virginia Beach"},"id":"51810"},{"arcs":[[-5113,-6698,9227,9228,-8716,-5038]],"type":"Polygon","properties":{"name":"Greene"},"id":"47059"},{"arcs":[[9229,-8628,-7390,-7153,-5005]],"type":"Polygon","properties":{"name":"Carbon"},"id":"42025"},{"arcs":[[-5679,-9014,-6694,9230,9231]],"type":"Polygon","properties":{"name":"Hancock"},"id":"47067"},{"arcs":[[-7083,9232,-4703,-4938,-8443]],"type":"Polygon","properties":{"name":"Darlington"},"id":"45031"},{"arcs":[[9233,9234,-5495,-6787,-5123]],"type":"Polygon","properties":{"name":"Delaware"},"id":"42045"},{"arcs":[[-7555,-5788,-8563,9235,-193]],"type":"Polygon","properties":{"name":"Do\u00f1a Ana"},"id":"35013"},{"arcs":[[9236,-7556,-196,-4344,-2997]],"type":"Polygon","properties":{"name":"Grant"},"id":"35017"},{"arcs":[[9237,-8520,9238,-5022,-5019,9239,9240]],"type":"Polygon","properties":{"name":"Western Connecticut"},"id":"09190"},{"arcs":[[-4183,-8684,-6377,-604,-2994,-9220,-8895]],"type":"Polygon","properties":{"name":"Nelson"},"id":"38063"},{"arcs":[[9241,9242,9243,-8436]],"type":"Polygon","properties":{"name":"Chatham"},"id":"13051"},{"arcs":[[-5133,-761,-7724,9244,-9126]],"type":"Polygon","properties":{"name":"Steuben"},"id":"18151"},{"arcs":[[-6836,-1315,-642,-2583,-8622,9245]],"type":"Polygon","properties":{"name":"Lyon"},"id":"19119"},{"arcs":[[-5292,9246,-5399,-6120,-5505]],"type":"Polygon","properties":{"name":"Hancock"},"id":"21091"},{"arcs":[[[-8320,-6667,9247,-7023,-422,9248]],[[9249]]],"type":"MultiPolygon","properties":{"name":"Mobile"},"id":"01097"},{"arcs":[[-7748,-9089,-7512,9250,9251,-6063,-7112]],"type":"Polygon","properties":{"name":"Cayey"},"id":"72035"},{"arcs":[[-1023,9252,-8815,-1921,-2536]],"type":"Polygon","properties":{"name":"Whitley"},"id":"18183"},{"arcs":[[-2573,-3125,-4108,-2449,-2497,-7975,9253]],"type":"Polygon","properties":{"name":"San Sebasti\u00e1n"},"id":"72131"},{"arcs":[[9254,-3179,-5270,9255,-2407]],"type":"Polygon","properties":{"name":"Kane"},"id":"17089"},{"arcs":[[9256,-7923,-3097,-2451,9257,-7751]],"type":"Polygon","properties":{"name":"Arecibo"},"id":"72013"},{"arcs":[[9258,-7415,9259,-7542]],"type":"Polygon","properties":{"name":"Alexander"},"id":"37003"},{"arcs":[[-8914,9260,9261,-8019,9262,-9043]],"type":"Polygon","properties":{"name":"Butte"},"id":"06007"},{"arcs":[[9263,9264,-6957,-5463,9265]],"type":"Polygon","properties":{"name":"Cheshire"},"id":"33005"},{"arcs":[[-9204,-2615,-9025,-8406,9266]],"type":"Polygon","properties":{"name":"Musselshell"},"id":"30065"},{"arcs":[[-258,9267,9268,9269]],"type":"Polygon","properties":{"name":"Nassau"},"id":"36059"},{"arcs":[[-8909,-6083,-2418,9270,9271,-7986]],"type":"Polygon","properties":{"name":"San Miguel"},"id":"35047"},{"arcs":[[-8654,-100,-7768,-9144,-8227,-4025,-7216]],"type":"Polygon","properties":{"name":"Lawrence"},"id":"39087"},{"arcs":[[-5396,-7299,-7664,-6017,-6989,9272,-4892,-7044,9273]],"type":"Polygon","properties":{"name":"Hardin"},"id":"21093"},{"arcs":[[-5814,-6566,-5812,-9180,9274,-6561]],"type":"Polygon","properties":{"name":"Suffolk"},"id":"25025"},{"arcs":[[-9113,-5003,9275,-7795,-3990]],"type":"Polygon","properties":{"name":"Pemiscot"},"id":"29155"},{"arcs":[[-8423,-8481,-429,-4079,-8715,-3667]],"type":"Polygon","properties":{"name":"Bates"},"id":"29013"},{"arcs":[[-9215,-8640,-9227,9276,-7953,-8682]],"type":"Polygon","properties":{"name":"Chesapeake"},"id":"51550"},{"arcs":[[-4272,-7197,-7567,-9170,-6003,-2048,-7518]],"type":"Polygon","properties":{"name":"Giles"},"id":"51071"},{"arcs":[[-7691,9277,-7572,-9086,-7746,9278]],"type":"Polygon","properties":{"name":"Aguas Buenas"},"id":"72007"},{"arcs":[[9279,9280,-7581,9281,-7637,-4599]],"type":"Polygon","properties":{"name":"Bath"},"id":"51017"},{"arcs":[[-176,-3778,-8323,-8210]],"type":"Polygon","properties":{"name":"Montgomery"},"id":"13209"},{"arcs":[[9282,9283,-1165,-986,9284]],"type":"Polygon","properties":{"name":"Sawyer"},"id":"55113"},{"arcs":[[-8348,-8930,9285,-8385,-6945,-1168]],"type":"Polygon","properties":{"name":"Vilas"},"id":"55125"},{"arcs":[[-3509,-8457,-3055,-5376,9286,-5388,-5802,-5321]],"type":"Polygon","properties":{"name":"Fremont"},"id":"56013"},{"arcs":[[-2683,-8400,-1461,-9061,-5084]],"type":"Polygon","properties":{"name":"Strafford"},"id":"33017"},{"arcs":[[9287,-6214,-9030,-5341]],"type":"Polygon","properties":{"name":"Ramsey"},"id":"27123"},{"arcs":[[-718,-5987,-8047,9288,-6000]],"type":"Polygon","properties":{"name":"Goliad"},"id":"48175"},{"arcs":[[9289,-7930,9290,-7557,-9237,-2996]],"type":"Polygon","properties":{"name":"Catron"},"id":"35003"},{"arcs":[[9291,-8521,-9238,9292,-8600]],"type":"Polygon","properties":{"name":"Putnam"},"id":"36079"},{"arcs":[[9293,-5901,-9074,-1463,-3431]],"type":"Polygon","properties":{"name":"Kay"},"id":"40071"},{"arcs":[[-3116,-5749,9294,-1429,-480,-5099]],"type":"Polygon","properties":{"name":"Roberts"},"id":"46109"},{"arcs":[[-7699,-6056,-4071,-4225,-7982,-7693,-3309,-7980]],"type":"Polygon","properties":{"name":"Kanawha"},"id":"54039"},{"arcs":[[-3618,-2415,-7378,-4171,9295,-3575]],"type":"Polygon","properties":{"name":"Covington"},"id":"28031"},{"arcs":[[-4620,-6387,-7759,-5960,-8756,-9140,-7204]],"type":"Polygon","properties":{"name":"Lawrence"},"id":"01079"},{"arcs":[[-5486,-8421,9296,9297,-4796,-3937]],"type":"Polygon","properties":{"name":"Desha"},"id":"05041"},{"arcs":[[-7866,-240,-7807,-9093,9298]],"type":"Polygon","properties":{"name":"Gadsden"},"id":"12039"},{"arcs":[[-8556,-5093,-8953,-8472,9299]],"type":"Polygon","properties":{"name":"Humboldt"},"id":"06023"},{"arcs":[[-8808,-1772,-6666,-7867,-9299,-6727,-6792,9300,9301]],"type":"Polygon","properties":{"name":"Jackson"},"id":"12063"},{"arcs":[[-5719,-2808,-5603,-7240,-5325,9302,-1779,-3927]],"type":"Polygon","properties":{"name":"Fremont"},"id":"16043"},{"arcs":[[9303,9304,-9269,9305,-4945,-9183]],"type":"Polygon","properties":{"name":"Queens"},"id":"36081"},{"arcs":[[-1320,-695,-3363,-4916,9306,-8735,-1397,-2679]],"type":"Polygon","properties":{"name":"Mower"},"id":"27099"},{"arcs":[[-5524,-5742,9307,-8380,-8378,9308]],"type":"Polygon","properties":{"name":"Columbia"},"id":"53013"},{"arcs":[[-2801,-8874,-2754,-7879,-187]],"type":"Polygon","properties":{"name":"Nicollet"},"id":"27103"},{"arcs":[[-5639,-4424,-7761,-5529,-2805,-2387]],"type":"Polygon","properties":{"name":"Deer Lodge"},"id":"30023"},{"arcs":[[-2837,-6250,9309]],"type":"Polygon","properties":{"name":"Presidio"},"id":"48377"},{"arcs":[[-4458,-5821,-7309,-4736]],"type":"Polygon","properties":{"name":"Rutland"},"id":"50021"},{"arcs":[[9310,-9301,-6791,-7862]],"type":"Polygon","properties":{"name":"Washington"},"id":"12133"},{"arcs":[[9311,-7032,-7881,-9190,9312]],"type":"Polygon","properties":{"name":"DeSoto"},"id":"28033"},{"arcs":[[-5648,9313,-1475,-2486,-7926,9314]],"type":"Polygon","properties":{"name":"McPherson"},"id":"46089"},{"arcs":[[-3134,-8321,-9249,-421,-2337]],"type":"Polygon","properties":{"name":"Greene"},"id":"28041"},{"arcs":[[-7752,-9258,-2457,9315,-8936,-7686,-2499]],"type":"Polygon","properties":{"name":"Utuado"},"id":"72141"},{"arcs":[[-364,-1655,-7211,9316,-6920]],"type":"Polygon","properties":{"name":"Randolph"},"id":"18135"},{"arcs":[[-5291,-3438,9317,-7300,-5394,-9247]],"type":"Polygon","properties":{"name":"Perry"},"id":"18123"},{"arcs":[[-7755,-3150,-3605,-2664,-6579]],"type":"Polygon","properties":{"name":"Norton"},"id":"20137"},{"arcs":[[-7878,9318,-5241,-5838,-1061,-636]],"type":"Polygon","properties":{"name":"Wayne"},"id":"21231"},{"arcs":[[-7646,-6679,9319,-552,-4316,-7304]],"type":"Polygon","properties":{"name":"Claiborne"},"id":"22027"},{"arcs":[[9320,-6024,9321,-7306,-4963,9322,9323]],"type":"Polygon","properties":{"name":"Baltimore"},"id":"24005"},{"arcs":[[-8677,-8620,-5435,9324,-9055,-3328]],"type":"Polygon","properties":{"name":"Cape Girardeau"},"id":"29031"},{"arcs":[[-3576,-9296,-4174,-8987,-884]],"type":"Polygon","properties":{"name":"Lamar"},"id":"28073"},{"arcs":[[-7408,9325,9326,-7928]],"type":"Polygon","properties":{"name":"Valencia"},"id":"35061"},{"arcs":[[-4560,9327,9328,9329,-1266]],"type":"Polygon","properties":{"name":"Stanly"},"id":"37167"},{"arcs":[[-5572,-8300,-3416,-6244,-6239,-8464]],"type":"Polygon","properties":{"name":"Greene"},"id":"39057"},{"arcs":[[-8182,9330,9331,9332,-8105,-6488]],"type":"Polygon","properties":{"name":"Hughes"},"id":"40063"},{"arcs":[[-6202,9333,9334,-6289,-9128,-7787]],"type":"Polygon","properties":{"name":"Polk"},"id":"41053"},{"arcs":[[[9335,-8349,-1166,-9284,9336]],[[9337]],[[9338]],[[9339]],[[9340]],[[9341]]],"type":"MultiPolygon","properties":{"name":"Ashland"},"id":"55003"},{"arcs":[[-2089,-6437,-8704,-2094,9342]],"type":"Polygon","properties":{"name":"Peach"},"id":"13225"},{"arcs":[[9343,-2280,-9028,-2720,-1088,-1734]],"type":"Polygon","properties":{"name":"White"},"id":"18181"},{"arcs":[[-1923,-8818,9344,-445,-6919,-3140,-1951,-8352,-3283]],"type":"Polygon","properties":{"name":"Grant"},"id":"18053"},{"arcs":[[-939,-8961,-6049,-8976,9345]],"type":"Polygon","properties":{"name":"Brown"},"id":"18013"},{"arcs":[[-6015,-6418,-7474,9346,-6987]],"type":"Polygon","properties":{"name":"Spencer"},"id":"21215"},{"arcs":[[-7882,-7030,-3486,-3701,-2814,9347,-87]],"type":"Polygon","properties":{"name":"Lafayette"},"id":"28071"},{"arcs":[[-6219,-2485,-3131,-7377,-2413]],"type":"Polygon","properties":{"name":"Jasper"},"id":"28061"},{"arcs":[[9348,9349,-8287,-4741,-5353,-8627]],"type":"Polygon","properties":{"name":"Sussex"},"id":"34037"},{"arcs":[[-4333,9350,-7207,9351,-514,-6770]],"type":"Polygon","properties":{"name":"Itawamba"},"id":"28057"},{"arcs":[[-2909,9352,9353,-7931,-9290,-2995,-5361,-5365]],"type":"Polygon","properties":{"name":"Apache"},"id":"04001"},{"arcs":[[-7657,9354,9355,-7254,-5226,-8890]],"type":"Polygon","properties":{"name":"Carroll"},"id":"17015"},{"arcs":[[9356,-3171,-7616,-8335,-4009]],"type":"Polygon","properties":{"name":"Berrien"},"id":"26021"},{"arcs":[[-6635,-8060,-3330,-9054,-9145,-2544,-8061]],"type":"Polygon","properties":{"name":"Wayne"},"id":"29223"},{"arcs":[[-8608,-8139,-7419,-1268,9357,9358,-7898]],"type":"Polygon","properties":{"name":"Mecklenburg"},"id":"37119"},{"arcs":[[[-7757,9359,-4749,-8621,-7550]],[[9360]]],"type":"MultiPolygon","properties":{"name":"Ottawa"},"id":"39123"},{"arcs":[[-5893,-2986,-2931,-3923,-7029,9361]],"type":"Polygon","properties":{"name":"Fayette"},"id":"47047"},{"arcs":[[-5260,-6310,9362,9363,-5048,9364,-3749,-5554,-5468]],"type":"Polygon","properties":{"name":"Orangeburg"},"id":"45075"},{"arcs":[[9365,-6932,9366,-1153,-3472,-2831]],"type":"Polygon","properties":{"name":"Parker"},"id":"48367"},{"arcs":[[9367,-2030,-3519,-8057,-8052]],"type":"Polygon","properties":{"name":"San Jacinto"},"id":"48407"},{"arcs":[[-3958,-2078]],"type":"Polygon","properties":{"name":"Red Lake"},"id":"27125"},{"arcs":[[-7671,-8441,-7544,-4546,-7560,-9163,-5550]],"type":"Polygon","properties":{"name":"Avery"},"id":"37011"},{"arcs":[[-7794,9368,-9231,-6699,-5115,-7053,-5729]],"type":"Polygon","properties":{"name":"Grainger"},"id":"47057"},{"arcs":[[-3592,-7934,-8993,-4347,-6472]],"type":"Polygon","properties":{"name":"Schuyler"},"id":"36097"},{"arcs":[[9369,9370,-5204,9371,9372]],"type":"Polygon","properties":{"name":"Richmond"},"id":"37153"},{"arcs":[[9373,-9164,-7558,-6779,-8718]],"type":"Polygon","properties":{"name":"Yancey"},"id":"37199"},{"arcs":[[-7038,-3420,9374,-7782,-7423,9375]],"type":"Polygon","properties":{"name":"Wagoner"},"id":"40145"},{"arcs":[[-5682,-1306,-210,-3738,-5691]],"type":"Polygon","properties":{"name":"Crook"},"id":"41013"},{"arcs":[[9376,-1367,-3154,-8629,-9230,-5004,-1135]],"type":"Polygon","properties":{"name":"Luzerne"},"id":"42079"},{"arcs":[[9377,-9210,9378,-7707]],"type":"Polygon","properties":{"name":"West Carroll"},"id":"22123"},{"arcs":[[-7295,-8033,-3220,-1282,9379,9380]],"type":"Polygon","properties":{"name":"Pulaski"},"id":"05119"},{"arcs":[[-3647,-4419,-6966,-6430,9381]],"type":"Polygon","properties":{"name":"Carroll"},"id":"28015"},{"arcs":[[-3419,-8334,-7389,9382,-7783,-9375]],"type":"Polygon","properties":{"name":"Cherokee"},"id":"40021"},{"arcs":[[9383,-5553,9384,-9228,-6697]],"type":"Polygon","properties":{"name":"Washington"},"id":"47179"},{"arcs":[[-3683,-4660,-647,-8499,-8198,-1838]],"type":"Polygon","properties":{"name":"Dundy"},"id":"31057"},{"arcs":[[[-8760,9385,-9081]],[[9386,-9083]],[[9387,9388]]],"type":"MultiPolygon","properties":{"name":"Galveston"},"id":"48167"},{"arcs":[[-4873,-731,-777,-7965,-5699,-9066,-8547]],"type":"Polygon","properties":{"name":"Mecklenburg"},"id":"51117"},{"arcs":[[9389,-4780,-6672,-3643,-8765,-8990]],"type":"Polygon","properties":{"name":"Talladega"},"id":"01121"},{"arcs":[[-8054,-6498,-4454,9390,9391,-8824,9392,-6362]],"type":"Polygon","properties":{"name":"Red River"},"id":"48387"},{"arcs":[[-7232,-8525,-9060,9393,9394]],"type":"Polygon","properties":{"name":"Dixie"},"id":"12029"},{"arcs":[[-5829,-5297,-6569,-4495,-2724,-2306]],"type":"Polygon","properties":{"name":"Crawford"},"id":"17033"},{"arcs":[[-4084,9395,-7662,-7297,-9318,-3437]],"type":"Polygon","properties":{"name":"Crawford"},"id":"18025"},{"arcs":[[-8707,9396,-4519,-6637,9397]],"type":"Polygon","properties":{"name":"Orleans"},"id":"22071"},{"arcs":[[[-3750,-9365,-5050,-5047,9398,-4981,-5861]],[[9399,-5045]]],"type":"MultiPolygon","properties":{"name":"Colleton"},"id":"45029"},{"arcs":[[-616,-2669,-2178,-589]],"type":"Polygon","properties":{"name":"Crosby"},"id":"48107"},{"arcs":[[-9392,9400,-3888,-8825]],"type":"Polygon","properties":{"name":"Titus"},"id":"48449"},{"arcs":[[-487,-1853,-2129,-3838,-4217,-8943]],"type":"Polygon","properties":{"name":"Gaines"},"id":"48165"},{"arcs":[[-2203,-5737,-5522,-7489]],"type":"Polygon","properties":{"name":"Adams"},"id":"53001"},{"arcs":[[-7929,-9327,9401,-4139,-7554,-9291]],"type":"Polygon","properties":{"name":"Socorro"},"id":"35053"},{"arcs":[[-7307,-1904,-7041,-8147,-1880,-3784]],"type":"Polygon","properties":{"name":"Roger Mills"},"id":"40129"},{"arcs":[[[-8695,-8957,9402,-8853,9403,-8851]],[[9404,-8855]]],"type":"MultiPolygon","properties":{"name":"Miami-Dade"},"id":"12086"},{"arcs":[[-8049,9405,9406,-8565]],"type":"Polygon","properties":{"name":"Campbell"},"id":"21037"},{"arcs":[[-6942,-9194,-7462,-4448,-8783,-6936,-7587],[-980]],"type":"Polygon","properties":{"name":"Frederick"},"id":"51069"},{"arcs":[[-4626,-8897,-1240,-8025,-8974,-8330]],"type":"Polygon","properties":{"name":"Lawrence"},"id":"05075"},{"arcs":[[-5091,9407,-6737,-8912,-9042,-8951]],"type":"Polygon","properties":{"name":"Shasta"},"id":"06089"},{"arcs":[[9408,-3733,9409,-9023,9410]],"type":"Polygon","properties":{"name":"Antrim"},"id":"26009"},{"arcs":[[-7880,-1188,-2681,-5836,-1093,-2756]],"type":"Polygon","properties":{"name":"Faribault"},"id":"27043"},{"arcs":[[-9297,-8420,9411,-8358,-7264,9412]],"type":"Polygon","properties":{"name":"Bolivar"},"id":"28011"},{"arcs":[[-7285,9413,-7243,-2764,-1564]],"type":"Polygon","properties":{"name":"Cascade"},"id":"30013"},{"arcs":[[9414,-4371,-3995,-9203,-7241,-9414,-7284,-8734]],"type":"Polygon","properties":{"name":"Chouteau"},"id":"30015"},{"arcs":[[-9202,-6546,-8835,-4734,-4228,-8109]],"type":"Polygon","properties":{"name":"Leon"},"id":"48289"},{"arcs":[[-9138,-9107,-7998,-9176,9415]],"type":"Polygon","properties":{"name":"Madison"},"id":"51113"},{"arcs":[[-6427,-2587,-8507,-3966,-3297,-8630,-8511]],"type":"Polygon","properties":{"name":"Carroll"},"id":"05015"},{"arcs":[[-9394,-9059,-5609,9416,-7803,9417]],"type":"Polygon","properties":{"name":"Levy"},"id":"12075"},{"arcs":[[9418,-7354,-2643,-4102,-539,-2207]],"type":"Polygon","properties":{"name":"Murray"},"id":"13213"},{"arcs":[[-8566,-9407,9419,-3034,9420]],"type":"Polygon","properties":{"name":"Kenton"},"id":"21117"},{"arcs":[[9421,-5433,-5407,-5473,-150,9422,-9110]],"type":"Polygon","properties":{"name":"Mississippi"},"id":"29133"},{"arcs":[[-9070,-5887,-8984,9423,-8712]],"type":"Polygon","properties":{"name":"Washington"},"id":"31177"},{"arcs":[[-6825,-8948,9424,9425]],"type":"Polygon","properties":{"name":"Custer"},"id":"08027"},{"arcs":[[-6571,-7472,-3434,-4499,9426]],"type":"Polygon","properties":{"name":"Pike"},"id":"18125"},{"arcs":[[-4125,9427,-1451,-2695,-1801,-3513,-1099]],"type":"Polygon","properties":{"name":"Fayette"},"id":"17051"},{"arcs":[[-3142,-6921,-9317,-7213,-288,-6900,-6718]],"type":"Polygon","properties":{"name":"Henry"},"id":"18065"},{"arcs":[[-940,-9346,-8978,-4391,-4395,-6721]],"type":"Polygon","properties":{"name":"Monroe"},"id":"18105"},{"arcs":[[-8314,-7842,-6887,-1109,-3448,-8316]],"type":"Polygon","properties":{"name":"Douglas"},"id":"20045"},{"arcs":[[-1081,-9162,-3610,9428,-6134]],"type":"Polygon","properties":{"name":"Lincoln"},"id":"21137"},{"arcs":[[-6988,-9347,-7473,-3702,-4412,-4888,-9273]],"type":"Polygon","properties":{"name":"Nelson"},"id":"21179"},{"arcs":[[-3161,-5779,-6965,-2704,-2226,-3608]],"type":"Polygon","properties":{"name":"Eaton"},"id":"26045"},{"arcs":[[-7134,-1351,9429,-5941]],"type":"Polygon","properties":{"name":"Camas"},"id":"16025"},{"arcs":[[9430,-6764,-2886,9431]],"type":"Polygon","properties":{"name":"Orleans"},"id":"36073"},{"arcs":[[-9105,-8579,-3151,-1365,-1497,-9137]],"type":"Polygon","properties":{"name":"Susquehanna"},"id":"42115"},{"arcs":[[-9372,-5207,-6777,-5127,-4704,-9233,-7082]],"type":"Polygon","properties":{"name":"Marlboro"},"id":"45069"},{"arcs":[[-123,-8131,-8121,-8796,9432,-8916]],"type":"Polygon","properties":{"name":"Hidalgo"},"id":"48215"},{"arcs":[[9433,-3935,-8995,-7485,-4256]],"type":"Polygon","properties":{"name":"Orleans"},"id":"50019"},{"arcs":[[9434,9435,-9041,-7849,-7396]],"type":"Polygon","properties":{"name":"St. Helena"},"id":"22091"},{"arcs":[[9436,9437,-9324,9438,9439]],"type":"Polygon","properties":{"name":"Carroll"},"id":"24013"},{"arcs":[[-7770,-6388,-4622,-7203,-9351,-4332,-3602]],"type":"Polygon","properties":{"name":"Tishomingo"},"id":"28141"},{"arcs":[[-6400,-2122,-1718,-8063,-5157,-7066]],"type":"Polygon","properties":{"name":"Howell"},"id":"29091"},{"arcs":[[-8713,-9424,-8983,-5167,-8280]],"type":"Polygon","properties":{"name":"Douglas"},"id":"31055"},{"arcs":[[9440,-8868,-8203,-1724,-2069,-3632]],"type":"Polygon","properties":{"name":"Richardson"},"id":"31147"},{"arcs":[[-7087,-6663,-7050,-6541,9441,-2352]],"type":"Polygon","properties":{"name":"Smith"},"id":"47159"},{"arcs":[[-6611,-7574,9442,-7689]],"type":"Polygon","properties":{"name":"Cata\u00f1o"},"id":"72033"},{"arcs":[[-6034,-2464,9443,-5558,-7854,-7892,9444]],"type":"Polygon","properties":{"name":"Volusia"},"id":"12127"},{"arcs":[[9445,-9116,-6641,-5918,-5744]],"type":"Polygon","properties":{"name":"Dickinson"},"id":"26043"},{"arcs":[[-6473,-4350,-1500,-4698,-1225]],"type":"Polygon","properties":{"name":"Tioga"},"id":"42117"},{"arcs":[[-9092,9446,-5807,9447,-9222,9448,-5924]],"type":"Polygon","properties":{"name":"Skamania"},"id":"53059"},{"arcs":[[-5201,-2353,-9442,-6543,-991,9449,-5717]],"type":"Polygon","properties":{"name":"Wilson"},"id":"47189"},{"arcs":[[-20,-7729,-6786,-6089,-6304,-5410]],"type":"Polygon","properties":{"name":"Mountrail"},"id":"38061"},{"arcs":[[-1090,-2723,-181,-7257,-6518]],"type":"Polygon","properties":{"name":"Warren"},"id":"18171"},{"arcs":[[-9150,-59,-2276,-9344,-1733]],"type":"Polygon","properties":{"name":"Pulaski"},"id":"18131"},{"arcs":[[-5371,-8306,-5916,-9080,-4248]],"type":"Polygon","properties":{"name":"Sioux"},"id":"38085"},{"arcs":[[-9430,-1355,-8391,-9019,-5942]],"type":"Polygon","properties":{"name":"Gooding"},"id":"16047"},{"arcs":[[-7275,9450,-9136,-7277,9451]],"type":"Polygon","properties":{"name":"Jefferson"},"id":"53031"},{"arcs":[[-7600,-2403,9452,-533,-3684,-224]],"type":"Polygon","properties":{"name":"Sheboygan"},"id":"55117"},{"arcs":[[-8678,-8660,-2130,-8002]],"type":"Polygon","properties":{"name":"Broomfield"},"id":"08014"},{"arcs":[[9453,-6911,-3570,9454,-2368,-2577]],"type":"Polygon","properties":{"name":"Paulding"},"id":"13223"},{"arcs":[[-5818,-1252,-5087,9455,-9264,9456]],"type":"Polygon","properties":{"name":"Sullivan"},"id":"33019"},{"arcs":[[-9277,-9226,9457,-4000,9458,-7954]],"type":"Polygon","properties":{"name":"Currituck"},"id":"37053"},{"arcs":[[-8967,-8534,-5317,-7079,-33,-3595,-1356,-747,-6108]],"type":"Polygon","properties":{"name":"Cherry"},"id":"31031"},{"arcs":[[-2360,-4210,-7355,-9419,-2206,-4918]],"type":"Polygon","properties":{"name":"Bradley"},"id":"47011"},{"arcs":[[-9309,-8377,-5991,-5525]],"type":"Polygon","properties":{"name":"Walla Walla"},"id":"53071"},{"arcs":[[9459,9460,9461]],"type":"Polygon","properties":{"name":"Mathews"},"id":"51115"},{"arcs":[[-9122,9462,-9460,9463,9464]],"type":"Polygon","properties":{"name":"Middlesex"},"id":"51119"},{"arcs":[[-5819,-9457,-9266,-5462,-7310]],"type":"Polygon","properties":{"name":"Windham"},"id":"50025"},{"arcs":[[-507,-5874,9465,-9440,9466,9467,9468]],"type":"Polygon","properties":{"name":"Frederick"},"id":"24021"},{"arcs":[[9469,-4993,-7599,-9001,-6312,-491,-2595]],"type":"Polygon","properties":{"name":"Preston"},"id":"54077"},{"arcs":[[-9468,9470,9471,-4484,-4261,9472]],"type":"Polygon","properties":{"name":"Montgomery"},"id":"24031"},{"arcs":[[-550,-2561,-8197,-416,-3659]],"type":"Polygon","properties":{"name":"Butler"},"id":"19023"},{"arcs":[[9473,-9425,-8947,-8949,-7606,-3099]],"type":"Polygon","properties":{"name":"Huerfano"},"id":"08055"},{"arcs":[[-4388,-3669,-1382,9474,-3909,-1447,-9428,-4124]],"type":"Polygon","properties":{"name":"Shelby"},"id":"17173"},{"arcs":[[-8977,-7876,-9157,-7185,-7663,-9396,-4083,-4393]],"type":"Polygon","properties":{"name":"Washington"},"id":"18175"},{"arcs":[[-6269,-4306,-5885,-9069,-4055]],"type":"Polygon","properties":{"name":"Monona"},"id":"19133"},{"arcs":[[-6154,-2349,-2842,-9197,9475,-4473]],"type":"Polygon","properties":{"name":"Stevens"},"id":"20189"},{"arcs":[[-7969,9476,-6618,-1210,-5420,9477]],"type":"Polygon","properties":{"name":"Oakland"},"id":"26125"},{"arcs":[[-7014,-1890,9478,-4762,9479]],"type":"Polygon","properties":{"name":"Maverick"},"id":"48323"},{"arcs":[[-6747,-922,-2956,-6336,-9142,-8222]],"type":"Polygon","properties":{"name":"Wilcox"},"id":"01131"},{"arcs":[[-509,9480,-4444,-7461]],"type":"Polygon","properties":{"name":"Jefferson"},"id":"54037"},{"arcs":[[-8981,-2957,-2173,-8944,-6823,-3349]],"type":"Polygon","properties":{"name":"El Paso"},"id":"08041"},{"arcs":[[-6912,-2602,-7833,-8326,-8880]],"type":"Polygon","properties":{"name":"Forsyth"},"id":"13117"},{"arcs":[[-806,-6894,-8700,-8618,-8676,-8541]],"type":"Polygon","properties":{"name":"Jackson"},"id":"17077"},{"arcs":[[-4572,-5290,9481,-5871,-2654,-6532,9482]],"type":"Polygon","properties":{"name":"Huntingdon"},"id":"42061"},{"arcs":[[-9252,9483,-2224,9484,-6064]],"type":"Polygon","properties":{"name":"Guayama"},"id":"72057"},{"arcs":[[-9256,-5224,-6038,-9098,-2408]],"type":"Polygon","properties":{"name":"Kendall"},"id":"17093"},{"arcs":[[-6872,-1199,-5574,-5872,-9482,-5289]],"type":"Polygon","properties":{"name":"Juniata"},"id":"42067"},{"arcs":[[-7212,-6283,-8777,-3001,-290]],"type":"Polygon","properties":{"name":"Union"},"id":"18161"},{"arcs":[[-6235,-9152,-4688,9485,-7844,-7455,9486]],"type":"Polygon","properties":{"name":"Pitt"},"id":"37147"},{"arcs":[[-7498,9487,-8793,9488,9489]],"type":"Polygon","properties":{"name":"Winnebago"},"id":"17201"},{"arcs":[[-4556,-5504,-7003,9490,9491,-5337]],"type":"Polygon","properties":{"name":"Randolph"},"id":"37151"},{"arcs":[[-5703,-4480,9492,-6739,-5137]],"type":"Polygon","properties":{"name":"Worcester"},"id":"24047"},{"arcs":[[9493,-7516,-6167,9494,-1103]],"type":"Polygon","properties":{"name":"Ochiltree"},"id":"48357"},{"arcs":[[-8285,-9029,-5348,-2708,-9010,9495]],"type":"Polygon","properties":{"name":"Wright"},"id":"27171"},{"arcs":[[-9191,-2885,9496,-8359,-9412,-8419]],"type":"Polygon","properties":{"name":"Coahoma"},"id":"28027"},{"arcs":[[-2423,-1557,-1507,-1057,-8942,-3501,-469]],"type":"Polygon","properties":{"name":"Roosevelt"},"id":"35041"},{"arcs":[[-2796,-3652,-8933,-6999,-5502]],"type":"Polygon","properties":{"name":"Orange"},"id":"37135"},{"arcs":[[9497,-9072,-8112,-7039,-9376,-7422,-1753]],"type":"Polygon","properties":{"name":"Tulsa"},"id":"40143"},{"arcs":[[-4474,-9476,-9196,-7517,-9494,-1102,-2937,-448]],"type":"Polygon","properties":{"name":"Texas"},"id":"40139"},{"arcs":[[-8814,-8043,-4807,-8698,-8426,-6223,-8201]],"type":"Polygon","properties":{"name":"Wayne"},"id":"13305"},{"arcs":[[-8940,-6922,-6871,9498,-3891,-2967]],"type":"Polygon","properties":{"name":"Riley"},"id":"20161"},{"arcs":[[-4416,-5306,9499,-6145]],"type":"Polygon","properties":{"name":"Grant"},"id":"22043"},{"arcs":[[-153,9500,-7444]],"type":"Polygon","properties":{"name":"Piscataquis"},"id":"23021"},{"arcs":[[-933,-4831,-7131,-4074,9501,-2870]],"type":"Polygon","properties":{"name":"Jasper"},"id":"13159"},{"arcs":[[-8440,-5641,-170,9502,-8260,-7416,-9259,-7541]],"type":"Polygon","properties":{"name":"Wilkes"},"id":"37193"},{"arcs":[[-7552,-3257,-577,-437,9503,-2977]],"type":"Polygon","properties":{"name":"Hancock"},"id":"39063"},{"arcs":[[9504,-8889,-5162,-6630,-3945,-4895]],"type":"Polygon","properties":{"name":"Jefferson"},"id":"29099"},{"arcs":[[-5718,-9450,-995,-5445,-7476,-3046,-5264]],"type":"Polygon","properties":{"name":"Rutherford"},"id":"47149"},{"arcs":[[-8616,-6902,-2429,9505,-3441,-4304]],"type":"Polygon","properties":{"name":"Carroll"},"id":"19027"},{"arcs":[[-8963,-9021,-5245,-3067,-8190,-5831,9506]],"type":"Polygon","properties":{"name":"Sampson"},"id":"37163"},{"arcs":[[-5897,-7797,-5894,-9362,-7028,-9312,9507]],"type":"Polygon","properties":{"name":"Shelby"},"id":"47157"},{"arcs":[[-8538,9508,-8196,-9096,9509,-6708]],"type":"Polygon","properties":{"name":"Calhoun"},"id":"17013"},{"arcs":[[-9329,-9373,-7081,9510]],"type":"Polygon","properties":{"name":"Anson"},"id":"37007"},{"arcs":[[-1115,-3815,-9193,-7181,-8662]],"type":"Polygon","properties":{"name":"Appanoose"},"id":"19007"},{"arcs":[[9511,9512,-4352,-5033]],"type":"Polygon","properties":{"name":"Elliott"},"id":"21063"},{"arcs":[[-8074,-8714,-5624,9513,-5158,9514,-8175]],"type":"Polygon","properties":{"name":"Westmoreland"},"id":"42129"},{"arcs":[[-5731,-7054,-5040,-4683,-7988,9515]],"type":"Polygon","properties":{"name":"Sevier"},"id":"47155"},{"arcs":[[-1063,-5840,-5443,9516,-7048,9517]],"type":"Polygon","properties":{"name":"Fentress"},"id":"47049"},{"arcs":[[-9018,-1064,-9518,-7047,-6661]],"type":"Polygon","properties":{"name":"Overton"},"id":"47133"},{"arcs":[[-9332,9518,-8167,-231,-2031,-2014,9519]],"type":"Polygon","properties":{"name":"Pittsburg"},"id":"40121"},{"arcs":[[-5673,-8444,-5386,-6308,-5258,-5381]],"type":"Polygon","properties":{"name":"Richland"},"id":"45079"},{"arcs":[[9520,-7064,-7103,9521,-1906,-5973,-1155]],"type":"Polygon","properties":{"name":"Ellis"},"id":"48139"},{"arcs":[[-7102,-8633,-8671,9522,-8833,-6544,-1907,-9522]],"type":"Polygon","properties":{"name":"Henderson"},"id":"48213"},{"arcs":[[-4452,9523,-5583,-8509,9524]],"type":"Polygon","properties":{"name":"Cass"},"id":"48067"},{"arcs":[[-7383,-6502,-4655,-5452]],"type":"Polygon","properties":{"name":"Leslie"},"id":"21131"},{"arcs":[[-6335,-7727,-9117,-9446,-5743,-8383,-9286,-8929,-6027]],"type":"Polygon","properties":{"name":"Iron"},"id":"26071"},{"arcs":[[-3892,-9499,-6870,-8317,-3446,-77,-1810]],"type":"Polygon","properties":{"name":"Wabaunsee"},"id":"20197"},{"arcs":[[-1889,-3736,-221,-4763,-9479]],"type":"Polygon","properties":{"name":"Dimmit"},"id":"48127"},{"arcs":[[-9276,-5002,9525,-5404,-6148,-5051,-7796]],"type":"Polygon","properties":{"name":"Dyer"},"id":"47045"},{"arcs":[[-9491,-7002,-5025,-8965,9526,-7035,-9371,9527]],"type":"Polygon","properties":{"name":"Moore"},"id":"37125"},{"arcs":[[[9528,-659,-5809,9529,9530]],[[-9133,9531,9532]]],"type":"MultiPolygon","properties":{"name":"Pierce"},"id":"53053"},{"arcs":[[-1808,-285,-3671,-4389,-4122,-3720,-8291,-1335]],"type":"Polygon","properties":{"name":"Sangamon"},"id":"17167"},{"arcs":[[-5585,-5580,-4320,-6144,-5657]],"type":"Polygon","properties":{"name":"Red River"},"id":"22081"},{"arcs":[[-1489,-3189,-8821,-1147,-1313]],"type":"Polygon","properties":{"name":"Lincoln"},"id":"27081"},{"arcs":[[-9287,-5375,-4870,-9156,-6457,-8746,-3246,-5389]],"type":"Polygon","properties":{"name":"Carbon"},"id":"56007"},{"arcs":[[9533,-6363,-9393,-8823,9534,-8673]],"type":"Polygon","properties":{"name":"Delta"},"id":"48119"},{"arcs":[[9535,-7165,-5557,-3734,-3265]],"type":"Polygon","properties":{"name":"Medina"},"id":"48325"},{"arcs":[[-4785,-8905,-7370,-6251,-657,-7818]],"type":"Polygon","properties":{"name":"Chelan"},"id":"53007"},{"arcs":[[9536,-8742,-5096,-2913,9537,-7496,-862]],"type":"Polygon","properties":{"name":"Dane"},"id":"55025"},{"arcs":[[-1170,-6947,-338,-6602,-1295]],"type":"Polygon","properties":{"name":"Lincoln"},"id":"55069"},{"arcs":[[-2934,-8837,-3108,-2319,9538,-5626]],"type":"Polygon","properties":{"name":"San Germ\u00e1n"},"id":"72125"},{"arcs":[[-4700,-1138,-1196]],"type":"Polygon","properties":{"name":"Montour"},"id":"42093"},{"arcs":[[-9169,-8845,-6601,9539,-8365,-6005],[-9046,-4233]],"type":"Polygon","properties":{"name":"Roanoke"},"id":"51161"},{"arcs":[[-5095,-3685,-8922,-7431,-7438,-2915]],"type":"Polygon","properties":{"name":"Waukesha"},"id":"55133"},{"arcs":[[-9443,-7573,-9278,-7690]],"type":"Polygon","properties":{"name":"Guaynabo"},"id":"72061"},{"arcs":[[9540,-6069,-6066,9541]],"type":"Polygon","properties":{"name":"Santa Isabel"},"id":"72133"},{"arcs":[[-6236,-9487,-7454,-5243]],"type":"Polygon","properties":{"name":"Greene"},"id":"37079"},{"arcs":[[-4995,-6094,-4442,9542,-5644,-1148,-3744,-7394]],"type":"Polygon","properties":{"name":"Knox"},"id":"31107"},{"arcs":[[-5186,-4968,-4038,9543]],"type":"Polygon","properties":{"name":"Ottawa"},"id":"26139"},{"arcs":[[-7617,-1412,-5135,-9125,-8256]],"type":"Polygon","properties":{"name":"St. Joseph"},"id":"26149"},{"arcs":[[-8537,-7452,-8292,-3724,-8194,-9509]],"type":"Polygon","properties":{"name":"Greene"},"id":"17061"},{"arcs":[[-5748,-3754,-3677,-5734,-1430,-9295]],"type":"Polygon","properties":{"name":"Big Stone"},"id":"27011"},{"arcs":[[-1417,-5035,9544,-5344,-4202,-5192]],"type":"Polygon","properties":{"name":"Wolfe"},"id":"21237"},{"arcs":[[-7043,-5184,-1425,-6129,-6984,-6126]],"type":"Polygon","properties":{"name":"Bourbon"},"id":"21017"},{"arcs":[[-5533,9545,-9437,-9466,-5873]],"type":"Polygon","properties":{"name":"Adams"},"id":"42001"},{"arcs":[[-5791,-4179,9546,-4718,-7159,-5659,-4857]],"type":"Polygon","properties":{"name":"Montgomery"},"id":"47125"},{"arcs":[[-7051,-5665,-8568,-1143,-6209,-4986]],"type":"Polygon","properties":{"name":"Perry"},"id":"47135"},{"arcs":[[-2813,-9205,-9267,-8405,-6710,-1310]],"type":"Polygon","properties":{"name":"Golden Valley"},"id":"30037"},{"arcs":[[-9359,9547,-7085,-8442,-5671,-5109,-7899]],"type":"Polygon","properties":{"name":"Lancaster"},"id":"45057"},{"arcs":[[-9229,-9385,-5552,-9165,-9374,-8717]],"type":"Polygon","properties":{"name":"Unicoi"},"id":"47171"},{"arcs":[[-6507,-4658,-5680,-9232,-9369,-7793,-5781]],"type":"Polygon","properties":{"name":"Claiborne"},"id":"47025"},{"arcs":[[-4168,-3529,-4167,-8573,-3262,-7013,-7834]],"type":"Polygon","properties":{"name":"Edwards"},"id":"48137"},{"arcs":[[-8530,-6485,-5759,-4199,-8494,9548]],"type":"Polygon","properties":{"name":"Venango"},"id":"42121"},{"arcs":[[-9535,-8826,-4725,-1990,-8674]],"type":"Polygon","properties":{"name":"Hopkins"},"id":"48223"},{"arcs":[[-2194,-459,-8110,-7995,-2020,-5971]],"type":"Polygon","properties":{"name":"Milam"},"id":"48331"},{"arcs":[[-9000,9549,-7169,-8907]],"type":"Polygon","properties":{"name":"Davis"},"id":"49011"},{"arcs":[[-9464,-9462,9550,-7091,-2109,9551]],"type":"Polygon","properties":{"name":"Gloucester"},"id":"51073"},{"arcs":[[-9540,-6600,-7088,-4771,-5616,-8366]],"type":"Polygon","properties":{"name":"Franklin"},"id":"51067"},{"arcs":[[-3059,9552,-8344,-5490,-7837,-6272]],"type":"Polygon","properties":{"name":"Lander"},"id":"32015"},{"arcs":[[-9251,-7511,-6259,-4236,9553,-2222,-9484]],"type":"Polygon","properties":{"name":"Patillas"},"id":"72109"},{"arcs":[[-7494,-9008,-6225,-8429,9554,-7676,-2,-3848]],"type":"Polygon","properties":{"name":"Ware"},"id":"13299"},{"arcs":[[-6563,9555,-6568,9556,9557,9558,-4883]],"type":"Polygon","properties":{"name":"Plymouth"},"id":"25023"},{"arcs":[[-5862,-4983,9559,-9243,9560]],"type":"Polygon","properties":{"name":"Jasper"},"id":"45053"},{"arcs":[[-4165,-6928,-7163,-9536,-3264,-8572]],"type":"Polygon","properties":{"name":"Bandera"},"id":"48019"},{"arcs":[[-373,-8371,-8745,-5120,9561,-3727]],"type":"Polygon","properties":{"name":"Crook"},"id":"56011"},{"arcs":[[-6678,-7709,-3340,-553,-9320]],"type":"Polygon","properties":{"name":"Union"},"id":"22111"},{"arcs":[[9562,9563,-9304,-9182,-6411]],"type":"Polygon","properties":{"name":"Bronx"},"id":"36005"},{"arcs":[[-1848,-8820,-8955,-8298,-5570,-4690]],"type":"Polygon","properties":{"name":"Champaign"},"id":"39021"},{"arcs":[[-5647,-1272,-3629,-7730,-1469,-9314]],"type":"Polygon","properties":{"name":"Dickey"},"id":"38021"},{"arcs":[[-6842,-8805,-5618,9564,-8027,-8259,-9503,-169]],"type":"Polygon","properties":{"name":"Surry"},"id":"37171"},{"arcs":[[-4851,-6255,-3717,-4278,-8516,9565]],"type":"Polygon","properties":{"name":"Pepin"},"id":"55091"},{"arcs":[[-975,-3158,-4917,-2466,-9158,-3539]],"type":"Polygon","properties":{"name":"Marion"},"id":"47115"},{"arcs":[[-1882,-8150,-3276,-6548,-1699,9566]],"type":"Polygon","properties":{"name":"Collingsworth"},"id":"48087"},{"arcs":[[9567,-4219,9568]],"type":"Polygon","properties":{"name":"Manassas Park"},"id":"51685"},{"arcs":[[-9539,-2318,-3859,9569,-5627]],"type":"Polygon","properties":{"name":"Lajas"},"id":"72079"},{"arcs":[[-7609,-3366,-8971,9570]],"type":"Polygon","properties":{"name":"San Diego"},"id":"06073"},{"arcs":[[-6207,-5925,-9449,-9224,-8468,-5517]],"type":"Polygon","properties":{"name":"Multnomah"},"id":"41051"},{"arcs":[[-3950,-7675,-9153,-6233,-9020]],"type":"Polygon","properties":{"name":"Nash"},"id":"37127"},{"arcs":[[-2480,-8982,-7490,-8998,-2690]],"type":"Polygon","properties":{"name":"Irwin"},"id":"13155"},{"arcs":[[9571,-4760,-5797,-5494,-5496,-9235]],"type":"Polygon","properties":{"name":"Philadelphia"},"id":"42101"},{"arcs":[[-9467,-9439,-9323,-4962,9572,-9471]],"type":"Polygon","properties":{"name":"Howard"},"id":"24027"},{"arcs":[[-1970,-6060,-2566,-3109,-982]],"type":"Polygon","properties":{"name":"Waupaca"},"id":"55135"},{"arcs":[[-9550,-8999,-1962,-8934,9573,-7170]],"type":"Polygon","properties":{"name":"Salt Lake"},"id":"49035"},{"arcs":[[-9013,-8651,-1712,-8650,-7668,-5548,-9384,-6696]],"type":"Polygon","properties":{"name":"Sullivan"},"id":"47163"},{"arcs":[[-5384,-4708,-6877,9574,-9363,-6309]],"type":"Polygon","properties":{"name":"Clarendon"},"id":"45027"},{"arcs":[[-6097,-7073,-8374,9575,-3978]],"type":"Polygon","properties":{"name":"Lincoln"},"id":"13181"},{"arcs":[[-9261,-8913,-236,-1965,-8388,9576]],"type":"Polygon","properties":{"name":"Yuba"},"id":"06115"},{"arcs":[[[-7963,-3010,-3732,-9409,9577]],[[9578]],[[9579]],[[9580]],[[9581]]],"type":"MultiPolygon","properties":{"name":"Charlevoix"},"id":"26029"},{"arcs":[[-7968,-7917,9582,-6619,-9477]],"type":"Polygon","properties":{"name":"Macomb"},"id":"26099"},{"arcs":[[-9148,-8172,-6849,-8240]],"type":"Polygon","properties":{"name":"Brooke"},"id":"54009"},{"arcs":[[-7633,-6688,-8514,9583,-8274,-2639,-7353]],"type":"Polygon","properties":{"name":"Cherokee"},"id":"37039"},{"arcs":[[-2460,-7798,-5898,-9508,-9313,-9189,-8414,-1643,-1648]],"type":"Polygon","properties":{"name":"Crittenden"},"id":"05035"},{"arcs":[[-5756,-7951,-9174,-7135,-9026,9584,-2045]],"type":"Polygon","properties":{"name":"Tuscaloosa"},"id":"01125"},{"arcs":[[9585,-5998,-2220,-7477,-8034,-2026,9586,-4731]],"type":"Polygon","properties":{"name":"Angelina"},"id":"48005"},{"arcs":[[-6216,-4852,-9566,-8517,-3359,-693,-8213]],"type":"Polygon","properties":{"name":"Goodhue"},"id":"27049"},{"arcs":[[9587,-690,-2303,-6904,-2263,-2539,-4402,-1973]],"type":"Polygon","properties":{"name":"Ness"},"id":"20135"},{"arcs":[[-8803,-2820,9588,-3449,-4563,-8954]],"type":"Polygon","properties":{"name":"Delaware"},"id":"39041"},{"arcs":[[-7679,-7465,-6031,-5606,9589]],"type":"Polygon","properties":{"name":"Bradford"},"id":"12007"},{"arcs":[[-5952,-4781,-9390,-8989,-9173,-4463]],"type":"Polygon","properties":{"name":"St. Clair"},"id":"01115"},{"arcs":[[9590,-8022,-8598,-4377,9591,-8476]],"type":"Polygon","properties":{"name":"Lake"},"id":"06033"},{"arcs":[[-2493,-4532,-5356,-9040,9592]],"type":"Polygon","properties":{"name":"Pike"},"id":"28113"},{"arcs":[[-7763,9593,-7901,9594,9595]],"type":"Polygon","properties":{"name":"Cherokee"},"id":"45021"},{"arcs":[[-1573,-591,-1850,-1059]],"type":"Polygon","properties":{"name":"Hockley"},"id":"48219"},{"arcs":[[-3040,-823,-3681,-3692,-8286,-9496,-9009,-299,-9201]],"type":"Polygon","properties":{"name":"Stearns"},"id":"27145"},{"arcs":[[-5519,-8471,9596,-9334,-6201]],"type":"Polygon","properties":{"name":"Yamhill"},"id":"41071"},{"arcs":[[-5008,-5542,-5695,-7427]],"type":"Polygon","properties":{"name":"Lebanon"},"id":"42075"},{"arcs":[[-4745,-8692,-9033,-9127,-5568]],"type":"Polygon","properties":{"name":"Somerset"},"id":"34035"},{"arcs":[[-9206,-4485,-9472,-9573,-4967,-8158,-4835,-4264]],"type":"Polygon","properties":{"name":"Prince George's"},"id":"24033"},{"arcs":[[9597,9598,-9119,-9075,-3879]],"type":"Polygon","properties":{"name":"King George"},"id":"51099"},{"arcs":[[-3126,-2571,-7958,9599]],"type":"Polygon","properties":{"name":"Aguadilla"},"id":"72005"},{"arcs":[[-6380,-9207,-4325,-4979,-3112,-3627,-2555]],"type":"Polygon","properties":{"name":"Cass"},"id":"38017"},{"arcs":[[-1867,-2871,-9502,-4078,-2285,-6435,9600]],"type":"Polygon","properties":{"name":"Monroe"},"id":"13207"},{"arcs":[[-4732,-9587,-2025,-9368,-8051]],"type":"Polygon","properties":{"name":"Trinity"},"id":"48455"},{"arcs":[[-131,-7191,-7320,9601,-9280,-4598]],"type":"Polygon","properties":{"name":"Pocahontas"},"id":"54075"},{"arcs":[[-4687,-9050,-4847,9602,-5436,-7845,-9486]],"type":"Polygon","properties":{"name":"Beaufort"},"id":"37013"},{"arcs":[[-9497,-2884,-89,9603,-3644,9604,-8360]],"type":"Polygon","properties":{"name":"Tallahatchie"},"id":"28135"},{"arcs":[[[-9094,-7857,9605,-7146]],[[9606]]],"type":"MultiPolygon","properties":{"name":"Franklin"},"id":"12037"},{"arcs":[[-5532,-7428,-5698,-6022,-9321,-9438,-9546]],"type":"Polygon","properties":{"name":"York"},"id":"42133"},{"arcs":[[-4949,-7296,-9381,9607,-6816,-8425]],"type":"Polygon","properties":{"name":"Perry"},"id":"05105"},{"arcs":[[-2673,9608,-8776,-8466,-4951]],"type":"Polygon","properties":{"name":"Chambers"},"id":"01017"},{"arcs":[[-1877,-8170,-7605,-9166,-1663,-8500]],"type":"Polygon","properties":{"name":"Noble"},"id":"39121"},{"arcs":[[-6001,-9289,-8046,-5983,9609,-6523,9610,-6529,-8185]],"type":"Polygon","properties":{"name":"Refugio"},"id":"48391"},{"arcs":[[9611,-4471,-7192,-6070,-9541,9612,-8938]],"type":"Polygon","properties":{"name":"Juana D\u00edaz"},"id":"72075"},{"arcs":[[-2210,-700,-2047,9613,-8219,9614,-247]],"type":"Polygon","properties":{"name":"Sumter"},"id":"01119"},{"arcs":[[-6837,-9246,-8625,-4241,-5105,-474]],"type":"Polygon","properties":{"name":"Lincoln"},"id":"46083"},{"arcs":[[[-9423,-149,9615,-5000,-9111]],[[-4998,-9112]]],"type":"MultiPolygon","properties":{"name":"Fulton"},"id":"21075"},{"arcs":[[-4776]],"type":"Polygon","properties":{"name":"Martinsville"},"id":"51690"},{"arcs":[[-9071,-8107,-2979,-3830,-8994,-1982]],"type":"Polygon","properties":{"name":"Garvin"},"id":"40049"},{"arcs":[[-8730,9616,9617,-7358,-6277,-6116]],"type":"Polygon","properties":{"name":"Beaver"},"id":"49001"},{"arcs":[[-5869,-3338,-9216,-7077,-5455,-5847,-8926]],"type":"Polygon","properties":{"name":"Sanders"},"id":"30089"},{"arcs":[[-5608,-6035,-9445,-7891,-8919,-7799,-9417]],"type":"Polygon","properties":{"name":"Marion"},"id":"12083"},{"arcs":[[-5863,-9561,-9242,-8435,9618,-8877]],"type":"Polygon","properties":{"name":"Effingham"},"id":"13103"},{"arcs":[[-8613,9619,-8430,9620,-7614]],"type":"Polygon","properties":{"name":"Hillsborough"},"id":"12057"},{"arcs":[[9621,-8864,-5589,9622,9623]],"type":"Polygon","properties":{"name":"Bannock"},"id":"16005"},{"arcs":[[-1022,9624,9625,-651,-1864,-4058,9626,-8816,-9253]],"type":"Polygon","properties":{"name":"Allen"},"id":"18003"},{"arcs":[[-2260,-2256,-2264,-1071,-2609,-2327]],"type":"Polygon","properties":{"name":"Stafford"},"id":"20185"},{"arcs":[[[-3072,-2007,-6426,9627,9628,-4521,-4047]],[[9629]]],"type":"MultiPolygon","properties":{"name":"Lafourche"},"id":"22057"},{"arcs":[[-1386,-85,-5903,-5764]],"type":"Polygon","properties":{"name":"Woodson"},"id":"20207"},{"arcs":[[-9527,-8964,-9507,-5835,-6775,-7036]],"type":"Polygon","properties":{"name":"Cumberland"},"id":"37051"},{"arcs":[[-5183,-5881,9630,-1414,-1426]],"type":"Polygon","properties":{"name":"Bath"},"id":"21011"},{"arcs":[[-6784,-1706,-1710,-9078,-5914,-1118]],"type":"Polygon","properties":{"name":"Burleigh"},"id":"38015"},{"arcs":[[-5910,-6790,-4642,-4525,9631]],"type":"Polygon","properties":{"name":"Kent"},"id":"24029"},{"arcs":[[-5860]],"type":"Polygon","properties":{"name":"Charlottesville"},"id":"51540"},{"arcs":[[9632,-4268,-4267,9633,-3877,-6366],[-9568,-9569,-4220]],"type":"Polygon","properties":{"name":"Prince William"},"id":"51153"},{"arcs":[[-5741,-4596,-8381,-9308]],"type":"Polygon","properties":{"name":"Garfield"},"id":"53023"},{"arcs":[[-8875,-6976,-8242,-7535,-8665]],"type":"Polygon","properties":{"name":"Greene"},"id":"36039"},{"arcs":[[-6079,-9185,-3290,-7641,9634]],"type":"Polygon","properties":{"name":"Jones"},"id":"46075"},{"arcs":[[-8927,-5849,-6439,-7326]],"type":"Polygon","properties":{"name":"Kootenai"},"id":"16055"},{"arcs":[[-4528,-5594,-7710,9635]],"type":"Polygon","properties":{"name":"Talbot"},"id":"24041"},{"arcs":[[-1953,-3144,-6717,-8355,-8881,-6052]],"type":"Polygon","properties":{"name":"Hamilton"},"id":"18057"},{"arcs":[[9636,-9623,-5588,-6443,-7133]],"type":"Polygon","properties":{"name":"Power"},"id":"16077"},{"arcs":[[-8513,-6513,-494,-8275,-9584]],"type":"Polygon","properties":{"name":"Clay"},"id":"37043"},{"arcs":[[-8351,-9159,-7022,-5949,-4461,-8757,-5958]],"type":"Polygon","properties":{"name":"Marshall"},"id":"01095"},{"arcs":[[9637,-7210,-7359,-9618]],"type":"Polygon","properties":{"name":"Piute"},"id":"49031"},{"arcs":[[-6520,-7259,-9099,-5827,9638,-1394]],"type":"Polygon","properties":{"name":"Edgar"},"id":"17045"},{"arcs":[[-4697,-3183,9639,-7060,-2137]],"type":"Polygon","properties":{"name":"Kingfisher"},"id":"40073"},{"arcs":[[9640]],"type":"Polygon","properties":{"name":"Nantucket"},"id":"25019"},{"arcs":[[-7734,9641,-4794,-8445,-5100,-4322]],"type":"Polygon","properties":{"name":"Pine"},"id":"27115"},{"arcs":[[-9209,9642,-6303,-7630,-6405]],"type":"Polygon","properties":{"name":"Richland"},"id":"30083"},{"arcs":[[-3268,-8878,-9619,-8434,-670,-6996,-7627]],"type":"Polygon","properties":{"name":"Bulloch"},"id":"13031"},{"arcs":[[-9303,-5324,-8800,-1780]],"type":"Polygon","properties":{"name":"Teton"},"id":"16081"},{"arcs":[[-2881,-3426,9643,-7341,-9149]],"type":"Polygon","properties":{"name":"Page"},"id":"19145"},{"arcs":[[-9574,-8935,-601,-7104,-996,-6551,-7171]],"type":"Polygon","properties":{"name":"Utah"},"id":"49049"},{"arcs":[[9644,-9558,9645,9646]],"type":"Polygon","properties":{"name":"Barnstable"},"id":"25001"},{"arcs":[[-848,-9567,-1698,9647,-1892]],"type":"Polygon","properties":{"name":"Donley"},"id":"48129"},{"arcs":[[-9199,9648,-4372,-9415,-8733]],"type":"Polygon","properties":{"name":"Liberty"},"id":"30051"},{"arcs":[[-6146,-9500,-5305,-8831,-4822,-2822,9649]],"type":"Polygon","properties":{"name":"Rapides"},"id":"22079"},{"arcs":[[-8750,-6572,-9427,-4498,-8268,-6448,-5230]],"type":"Polygon","properties":{"name":"Gibson"},"id":"18051"},{"arcs":[[-5880,9650,9651,-9512,-5032,-1415,-9631]],"type":"Polygon","properties":{"name":"Rowan"},"id":"21205"},{"arcs":[[9652,-2088,-8487,-8902]],"type":"Polygon","properties":{"name":"Kittson"},"id":"27069"},{"arcs":[[9653,9654,-4861,-5543,-10]],"type":"Polygon","properties":{"name":"Calloway"},"id":"21035"},{"arcs":[[-9575,-6876,-9053,-5042,-5049,-9364]],"type":"Polygon","properties":{"name":"Berkeley"},"id":"45015"},{"arcs":[[-9644,-3425,-6383,-2548,-6102,-8867,-7342]],"type":"Polygon","properties":{"name":"Nodaway"},"id":"29147"},{"arcs":[[-8094,-1868,-9601,-6434,9655,9656,-8081]],"type":"Polygon","properties":{"name":"Upson"},"id":"13293"},{"arcs":[[-6972,-8722,-9006,-8099,-8101]],"type":"Polygon","properties":{"name":"Webster"},"id":"13307"},{"arcs":[[-6834,-8090,-4162,-6993,-7129,-4829]],"type":"Polygon","properties":{"name":"Greene"},"id":"13133"},{"arcs":[[-7735,-4323,-830,-8283,-3690,-3679,-3851]],"type":"Polygon","properties":{"name":"Mille Lacs"},"id":"27095"},{"arcs":[[-9391,-4453,-9525,-8508,-3787,-3889,-9401]],"type":"Polygon","properties":{"name":"Morris"},"id":"48343"},{"arcs":[[9657,-8636,-7410,-8587]],"type":"Polygon","properties":{"name":"Fulton"},"id":"36035"},{"arcs":[[-2170,-7792,-1751,-4629,-8602,9658,-3861]],"type":"Polygon","properties":{"name":"Kiowa"},"id":"08061"},{"arcs":[[-9135,9659,-9531,9660,-7279]],"type":"Polygon","properties":{"name":"Thurston"},"id":"53067"},{"arcs":[[[-5968,-2849,9661,-626]],[[9662]],[[9663]]],"type":"MultiPolygon","properties":{"name":"Ventura"},"id":"06111"},{"arcs":[[9664,-2825,-7530,-5148,-9004]],"type":"Polygon","properties":{"name":"Beauregard"},"id":"22011"},{"arcs":[[-7319,-7578,-9281,-9602]],"type":"Polygon","properties":{"name":"Highland"},"id":"51091"},{"arcs":[[-7005,-8103,-7152,9665,-5767,-4720,-9151]],"type":"Polygon","properties":{"name":"Grayson"},"id":"48181"},{"arcs":[[-9501,-152,-2775,-2379,-8847,-7445]],"type":"Polygon","properties":{"name":"Penobscot"},"id":"23019"},{"arcs":[[-2953,-8461,-3876,-8810,-7859,-7812,-8997,-5953]],"type":"Polygon","properties":{"name":"Covington"},"id":"01039"},{"arcs":[[-9456,-5086,-9064,-9178,-5810,-6958,-9265]],"type":"Polygon","properties":{"name":"Hillsborough"},"id":"33011"},{"arcs":[[-2772,-5280,-2688,-6752,-8658,-4634,-9155]],"type":"Polygon","properties":{"name":"Laramie"},"id":"56021"},{"arcs":[[-4178,-4905,-5198,-5203,-5716,-4714,-9547]],"type":"Polygon","properties":{"name":"Robertson"},"id":"47147"},{"arcs":[[-7144,-8610,-6178,-5577,-5584,-9524,-4451]],"type":"Polygon","properties":{"name":"Miller"},"id":"05091"},{"arcs":[[-7018,-8272,-8322,-4956,-8653,-9012,-8595]],"type":"Polygon","properties":{"name":"Russell"},"id":"51167"},{"arcs":[[-6538,9666,-8968,-6107,-3145,-584,-7356]],"type":"Polygon","properties":{"name":"Oglala Lakota"},"id":"46102"},{"arcs":[[9667,-5875,-7202,-9120,-9599]],"type":"Polygon","properties":{"name":"Westmoreland"},"id":"51193"},{"arcs":[[-9044,-9263,-8018,-9591,-8475]],"type":"Polygon","properties":{"name":"Glenn"},"id":"06021"},{"arcs":[[-8431,-793,-6347,-4643,-7621]],"type":"Polygon","properties":{"name":"DeSoto"},"id":"12027"},{"arcs":[[-9016,-6036,-5938,-8152,-8236]],"type":"Polygon","properties":{"name":"Ada"},"id":"16001"},{"arcs":[[-5617,-4774,-7034,-8028,-9565]],"type":"Polygon","properties":{"name":"Stokes"},"id":"37169"},{"arcs":[[-1585,-8254,-8084,-8774,-9609,-2672]],"type":"Polygon","properties":{"name":"Troup"},"id":"13285"},{"arcs":[[-3979,-9576,-8376,-4146,-4160,-8089]],"type":"Polygon","properties":{"name":"Wilkes"},"id":"13317"},{"arcs":[[-6135,-9429,-3615,-9172,-5236,-9319,-7877]],"type":"Polygon","properties":{"name":"Pulaski"},"id":"21199"},{"arcs":[[-9271,-2424,-467,-4136,9668]],"type":"Polygon","properties":{"name":"Guadalupe"},"id":"35019"},{"arcs":[[-4931,-6651,-6451,9669,-6732]],"type":"Polygon","properties":{"name":"Santa Cruz"},"id":"06087"},{"arcs":[[-3320,-8369,-5412,-9643,-9208,-7525]],"type":"Polygon","properties":{"name":"Roosevelt"},"id":"30085"},{"arcs":[[-6317,-6208,-6200,9670]],"type":"Polygon","properties":{"name":"Clatsop"},"id":"41007"},{"arcs":[[-4143,-1227,-4702,-5247,-4569,-8739]],"type":"Polygon","properties":{"name":"Clinton"},"id":"42035"},{"arcs":[[-7502,-6274,-7839,-3077,-8395]],"type":"Polygon","properties":{"name":"Mineral"},"id":"32021"},{"arcs":[[-3087,-7970,-9478,-5419,-2331,-3853]],"type":"Polygon","properties":{"name":"Genesee"},"id":"26049"},{"arcs":[[-9410,-1183,-2988,-9024]],"type":"Polygon","properties":{"name":"Kalkaska"},"id":"26079"},{"arcs":[[-8882,-8357,-936,-4298,-2701]],"type":"Polygon","properties":{"name":"Hendricks"},"id":"18063"},{"arcs":[[-4819,-6357,-6769,-5789,-5478]],"type":"Polygon","properties":{"name":"Hopkins"},"id":"21107"},{"arcs":[[-5540,-7155,-4761,-9572,-9234,-5122]],"type":"Polygon","properties":{"name":"Montgomery"},"id":"42091"},{"arcs":[[9671,-4614,-9002,-7936,-9100]],"type":"Polygon","properties":{"name":"Clinton"},"id":"36019"},{"arcs":[[-9666,-7151,-6364,-9534,-8672,-5768]],"type":"Polygon","properties":{"name":"Fannin"},"id":"48147"},{"arcs":[[-1294,-3706,-8866,9672]],"type":"Polygon","properties":{"name":"Bear Lake"},"id":"16007"},{"arcs":[[-9307,-4915,-4933,-3477,-8736]],"type":"Polygon","properties":{"name":"Howard"},"id":"19089"},{"arcs":[[-2369,-9455,-3573,-8879,-8255,-1583,-2671,-6674]],"type":"Polygon","properties":{"name":"Carroll"},"id":"13045"},{"arcs":[[9673,-7174,-8702,-3405,-281,-8498]],"type":"Polygon","properties":{"name":"Tazewell"},"id":"17179"},{"arcs":[[-8920,-7894,-7872,-6345,-791,-9620,-8612]],"type":"Polygon","properties":{"name":"Polk"},"id":"12105"},{"arcs":[[-6516,-8550,-9005,-3397,-7830,-3203,-496]],"type":"Polygon","properties":{"name":"Habersham"},"id":"13137"},{"arcs":[[-8102,-8097,-1823,-7907]],"type":"Polygon","properties":{"name":"Quitman"},"id":"13239"},{"arcs":[[-7855,-5562,-7869,-7893]],"type":"Polygon","properties":{"name":"Orange"},"id":"12095"},{"arcs":[[-8767,-4810,-6826,-9426,-9474,-3098,-674,-1766,-6896]],"type":"Polygon","properties":{"name":"Saguache"},"id":"08109"},{"arcs":[[-9383,-7388,-8552,-8303,-4435,-8166,-7784]],"type":"Polygon","properties":{"name":"Sequoyah"},"id":"40135"},{"arcs":[[-6306,-7731,-4127,-891,-7631]],"type":"Polygon","properties":{"name":"Golden Valley"},"id":"38033"},{"arcs":[[-4192,-5614,5612,-8308,-6734,-9408,-5090]],"type":"Polygon","properties":{"name":"Modoc"},"id":"06049"},{"arcs":[[-244,-3711,-1420,-2512,9674]],"type":"Polygon","properties":{"name":"Manistee"},"id":"26101"},{"arcs":[[-9380,-1281,-9065,-6817,-9608]],"type":"Polygon","properties":{"name":"Saline"},"id":"05125"},{"arcs":[[-4441,-5107,-8408,-7404,-5645,-9543]],"type":"Polygon","properties":{"name":"Cedar"},"id":"31027"},{"arcs":[[-3695,-8996,-7826,-6933,-9366,-2830,-856]],"type":"Polygon","properties":{"name":"Jack"},"id":"48237"},{"arcs":[[-6750,-8872,-8576,-2511,-1835,-1793,-3816,-8659]],"type":"Polygon","properties":{"name":"Logan"},"id":"08075"},{"arcs":[[-1338,-541,-6914,-6908,-9454,-2576]],"type":"Polygon","properties":{"name":"Bartow"},"id":"13015"},{"arcs":[[-1944,-2677,-4925,-8264,-4505]],"type":"Polygon","properties":{"name":"Des Moines"},"id":"19057"},{"arcs":[[9675,-7716,-5015,-5020,-9239,-8519]],"type":"Polygon","properties":{"name":"Northwest Hills"},"id":"09160"},{"arcs":[[-1363,-9377,-1134,-4699,-1498]],"type":"Polygon","properties":{"name":"Sullivan"},"id":"42113"},{"arcs":[[9676,-3730,-4866,-5374,-3053,-5867]],"type":"Polygon","properties":{"name":"Johnson"},"id":"56019"},{"arcs":[[9677,-9595,-7900,-5111,-5674,-5379,-4878]],"type":"Polygon","properties":{"name":"Union"},"id":"45087"},{"arcs":[[-9325,-5434,-9422,-9109,-9056]],"type":"Polygon","properties":{"name":"Scott"},"id":"29201"},{"arcs":[[-5465,-6961,-7715,9678]],"type":"Polygon","properties":{"name":"Hampshire"},"id":"25015"},{"arcs":[[-8817,-9627,-4060,-360,-443,-9345]],"type":"Polygon","properties":{"name":"Wells"},"id":"18179"},{"arcs":[[-4797,-9298,-9413,-7267,-5932,-9211,-9378,-7706,9679]],"type":"Polygon","properties":{"name":"Chicot"},"id":"05017"},{"arcs":[[-4842,-875,-8479]],"type":"Polygon","properties":{"name":"Lewis"},"id":"16061"},{"arcs":[[-8769,-9101,-7939,-8635,-8637,-9658,-8586]],"type":"Polygon","properties":{"name":"Hamilton"},"id":"36041"},{"arcs":[[-9358,-1267,-9330,-9511,-7080,-9548]],"type":"Polygon","properties":{"name":"Union"},"id":"37179"},{"arcs":[[9680,-4194,-5089,-7594]],"type":"Polygon","properties":{"name":"Jackson"},"id":"41029"},{"arcs":[[-7348,-375,-3731,-9677,-5866]],"type":"Polygon","properties":{"name":"Sheridan"},"id":"56033"},{"arcs":[[-3624,-5372,-4254,-9186,-7666,-8744]],"type":"Polygon","properties":{"name":"Perkins"},"id":"46105"},{"arcs":[[-6880,-9017,-8234,-8985]],"type":"Polygon","properties":{"name":"Payette"},"id":"16075"},{"arcs":[[-9073,-9498,-1752,-4566,-1465]],"type":"Polygon","properties":{"name":"Pawnee"},"id":"40117"},{"arcs":[[-4798,-9680,-7705,-6677,-4283]],"type":"Polygon","properties":{"name":"Ashley"},"id":"05003"},{"arcs":[[-7708,-9379,-9212,-6322,-8453,-8448,-3342]],"type":"Polygon","properties":{"name":"Richland"},"id":"22083"},{"arcs":[[-9262,-9577,-8389,-8162,-8597,-8020]],"type":"Polygon","properties":{"name":"Sutter"},"id":"06101"},{"arcs":[[-9245,-7723,9681,-9625,-1021]],"type":"Polygon","properties":{"name":"DeKalb"},"id":"18033"},{"arcs":[[-4581,-7049,-9517,-5442,-5825,-1041,-4712,-6376]],"type":"Polygon","properties":{"name":"Cumberland"},"id":"47035"},{"arcs":[[-8428,-8232,-6512,-7677,-9555]],"type":"Polygon","properties":{"name":"Charlton"},"id":"13049"},{"arcs":[[-8266,-8849,-4362,9682,-5761]],"type":"Polygon","properties":{"name":"Lincoln"},"id":"23015"},{"arcs":[[-9597,-8470,-531,-5681,-6290,-9335]],"type":"Polygon","properties":{"name":"Marion"},"id":"41047"},{"arcs":[[-7538,-8522,-9292,-8599,-8288,-9350,9683,-9103]],"type":"Polygon","properties":{"name":"Orange"},"id":"36071"},{"arcs":[[-8181,-7425,-7786,-8165,-9519,-9331]],"type":"Polygon","properties":{"name":"McIntosh"},"id":"40091"},{"arcs":[[-6938,-8785,-9139,-9416,-9175,9684]],"type":"Polygon","properties":{"name":"Page"},"id":"51139"},{"arcs":[[-8176,-9515,-5161,-4989,-9470,-2594,-8225]],"type":"Polygon","properties":{"name":"Fayette"},"id":"42051"},{"arcs":[[-8778,-6703,-2443,-4541,-6626]],"type":"Polygon","properties":{"name":"Clay"},"id":"29047"},{"arcs":[[-9104,-9684,-9349,-8626,-8583]],"type":"Polygon","properties":{"name":"Pike"},"id":"42103"},{"arcs":[[-5397,-9274,-7046,-9032,-7156,-6121]],"type":"Polygon","properties":{"name":"Grayson"},"id":"21085"},{"arcs":[[-9288,-5340,-5103,-6645,-5320,-4854,-6215]],"type":"Polygon","properties":{"name":"Washington"},"id":"27163"},{"arcs":[[-8779,-7703,-9188,-8273,-7016,-8594,-6950,9685]],"type":"Polygon","properties":{"name":"Pike"},"id":"21195"},{"arcs":[[-8531,-9549,-8493,-2514,-8870,-7246]],"type":"Polygon","properties":{"name":"Mercer"},"id":"42085"},{"arcs":[[-1395,-9639,-5830,-3907,-9475,-1381]],"type":"Polygon","properties":{"name":"Coles"},"id":"17029"},{"arcs":[[9686,-8780,-9686,-6949,-7382,-5346]],"type":"Polygon","properties":{"name":"Knott"},"id":"21119"},{"arcs":[[-8655,-7214,9687,-9651,-5879,-4976,-8278]],"type":"Polygon","properties":{"name":"Lewis"},"id":"21135"},{"arcs":[[-1391,-8781,-9687,-5345,-9545,-5034]],"type":"Polygon","properties":{"name":"Magoffin"},"id":"21153"},{"arcs":[[-6931,-4723,-7065,-9521,-1154,-9367]],"type":"Polygon","properties":{"name":"Tarrant"},"id":"48439"},{"arcs":[[[9688,-9337,-9283,-4791]],[[9689]]],"type":"MultiPolygon","properties":{"name":"Bayfield"},"id":"55007"},{"arcs":[[-8753,9690,-9435,-7395,-8884,-9168]],"type":"Polygon","properties":{"name":"East Feliciana"},"id":"22037"},{"arcs":[[[-2090,-9343,-2093]],[[9691,-9656,-6438,-2091,-2092,-4832,-6970]]],"type":"MultiPolygon","properties":{"name":"Taylor"},"id":"13269"},{"arcs":[[-6627,-5282,-161,-426,-8480]],"type":"Polygon","properties":{"name":"Johnson"},"id":"29101"},{"arcs":[[-105,-2149,-6867,9692,-6491,-8209,-8148]],"type":"Polygon","properties":{"name":"Kiowa"},"id":"40075"},{"arcs":[[-3182,-1467,-4568,-9011,-7940,-9640]],"type":"Polygon","properties":{"name":"Logan"},"id":"40083"},{"arcs":[[-6295,-8893,-9130,9693,9694,-3521]],"type":"Polygon","properties":{"name":"Jefferson"},"id":"48245"},{"arcs":[[-6604,-6085,-7742,9695]],"type":"Polygon","properties":{"name":"Lo\u00edza"},"id":"72087"},{"arcs":[[-4792,-9285,-3579,-8446]],"type":"Polygon","properties":{"name":"Washburn"},"id":"55129"},{"arcs":[[-2005,-8708,-9398,-6639,9696,-9628,-6425]],"type":"Polygon","properties":{"name":"Jefferson"},"id":"22051"},{"arcs":[[9697,-2662,-4768,-3566,-870]],"type":"Polygon","properties":{"name":"Yavapai"},"id":"04025"},{"arcs":[[-6113,-7344,-8869,-9441,-3631,-4336]],"type":"Polygon","properties":{"name":"Nemaha"},"id":"31127"},{"arcs":[[-6198,-8828,-1994,-8123]],"type":"Polygon","properties":{"name":"Onondaga"},"id":"36067"},{"arcs":[[-3745,-1151,-390,-3869,-3931,-3428]],"type":"Polygon","properties":{"name":"Wheeler"},"id":"31183"},{"arcs":[[-394,-655,-2592,-3024,-3458]],"type":"Polygon","properties":{"name":"Hall"},"id":"31079"},{"arcs":[[-1816,-2666,-3606,-691,-9588,-1972,-2073,-3775]],"type":"Polygon","properties":{"name":"Gove"},"id":"20063"},{"arcs":[[-8106,-9333,-9520,-2013,-4042]],"type":"Polygon","properties":{"name":"Coal"},"id":"40029"},{"arcs":[[-3862,-9659,-8604,-8950,-8945]],"type":"Polygon","properties":{"name":"Otero"},"id":"08089"},{"arcs":[[-1893,-9648,-1703,-6174,-614,-1560]],"type":"Polygon","properties":{"name":"Briscoe"},"id":"48045"},{"arcs":[[-978,-1104,-9495,-6166,-3785,-846,-3616]],"type":"Polygon","properties":{"name":"Roberts"},"id":"48393"},{"arcs":[[-2456,-4467,-9612,-8937,-9316]],"type":"Polygon","properties":{"name":"Jayuya"},"id":"72073"},{"arcs":[[-3167,-5480,-5792,-4855,-9655,9698]],"type":"Polygon","properties":{"name":"Trigg"},"id":"21221"},{"arcs":[[-9688,-7217,-4028,-4353,-9513,-9652]],"type":"Polygon","properties":{"name":"Carter"},"id":"21043"},{"arcs":[[-5057,-5732,-9516,-7991,-6685,-7632]],"type":"Polygon","properties":{"name":"Blount"},"id":"47009"},{"arcs":[[-5623,-8741,9699,-6530,-5159,-9514]],"type":"Polygon","properties":{"name":"Cambria"},"id":"42021"},{"arcs":[[-5806,-5994,-6374,-2265,-3212,-526,-9223,-9448]],"type":"Polygon","properties":{"name":"Klickitat"},"id":"53039"},{"arcs":[[-8729,-999,-7109,-7208,-9638,-9617]],"type":"Polygon","properties":{"name":"Sevier"},"id":"49041"},{"arcs":[[-9352,-7206,-9141,-7952,-5754,-3553,-515]],"type":"Polygon","properties":{"name":"Marion"},"id":"01093"},{"arcs":[[-3740,-8986,-8155,-8345,-9553,-3058,-8309]],"type":"Polygon","properties":{"name":"Humboldt"},"id":"32013"},{"arcs":[[-1785,-2283,-3236,-7175,-9674,-8497,-1048]],"type":"Polygon","properties":{"name":"Fulton"},"id":"17057"},{"arcs":[[-8082,-9657,-9692,-6969,-1538,-7071,-8775]],"type":"Polygon","properties":{"name":"Talbot"},"id":"13263"},{"arcs":[[[-9647,9700]],[[9701]]],"type":"MultiPolygon","properties":{"name":"Dukes"},"id":"25007"},{"arcs":[[-7979,9702,-3091]],"type":"Polygon","properties":{"name":"Fajardo"},"id":"72053"},{"arcs":[[-7132,-6978,-3929,-8802,9703,-9624,-9637]],"type":"Polygon","properties":{"name":"Bingham"},"id":"16011"},{"arcs":[[-7450,-6432,-8399,-7884,-7177,-5935,-6773]],"type":"Polygon","properties":{"name":"Yazoo"},"id":"28163"},{"arcs":[[-555,-3344,-8447,-4413,-4317]],"type":"Polygon","properties":{"name":"Jackson"},"id":"22049"},{"arcs":[[-7407,-7987,-9272,-9669,-4135,-9402,-9326]],"type":"Polygon","properties":{"name":"Torrance"},"id":"35057"},{"arcs":[[-7771,-2911,-5366,-2657,-9698,-869]],"type":"Polygon","properties":{"name":"Coconino"},"id":"04005"},{"arcs":[[-88,-9348,-2817,-3645,-9604]],"type":"Polygon","properties":{"name":"Yalobusha"},"id":"28161"},{"arcs":[[-3932,-3871,-396,-3457,-665]],"type":"Polygon","properties":{"name":"Sherman"},"id":"31163"},{"arcs":[[-2546,-9146,-8840,-4623,-5154]],"type":"Polygon","properties":{"name":"Ripley"},"id":"29181"},{"arcs":[[-9420,-9406,-8048,-6891,-7042,-3035]],"type":"Polygon","properties":{"name":"Pendleton"},"id":"21191"},{"arcs":[[-4031,-6147,-9650,-2821,-9665,-9003]],"type":"Polygon","properties":{"name":"Vernon"},"id":"22115"},{"arcs":[[-6163,-7649,-7651,-9051,-4666,9704,-9353]],"type":"Polygon","properties":{"name":"San Juan"},"id":"35045"},{"arcs":[[-2046,-9585,-9027,-8220,-9614]],"type":"Polygon","properties":{"name":"Greene"},"id":"01063"},{"arcs":[[9705,-9489,-2411,-7470,-7255,-9356]],"type":"Polygon","properties":{"name":"Ogle"},"id":"17141"},{"arcs":[[-4238,-8830,-3894,-7458,-8807]],"type":"Polygon","properties":{"name":"Summit"},"id":"39153"},{"arcs":[[-5061,9706,-1508,9707,-4118]],"type":"Polygon","properties":{"name":"Yakutat"},"id":"02282"},{"arcs":[[-9097,-4492,-8143,-9048,-8887,-9505,-4894]],"type":"Polygon","properties":{"name":"St. Louis"},"id":"29189"},{"arcs":[[-5708,-5763,9708,-1458,-5333]],"type":"Polygon","properties":{"name":"Cumberland"},"id":"23005"},{"arcs":[[-7762,-4550,-8141,-8609,-7896,-9594]],"type":"Polygon","properties":{"name":"Cleveland"},"id":"37045"},{"arcs":[[-8740,-4573,-9483,-6531,-9700]],"type":"Polygon","properties":{"name":"Blair"},"id":"42013"},{"arcs":[[-2189,-727,-5774,-8545,-8068]],"type":"Polygon","properties":{"name":"Crane"},"id":"48103"},{"arcs":[[-8477,-9592,-4380,-8486,9709,-4476,9710]],"type":"Polygon","properties":{"name":"Sonoma"},"id":"06097"},{"arcs":[[-5996,-5538,-7166,-6297,-2633]],"type":"Polygon","properties":{"name":"Hays"},"id":"48209"},{"arcs":[[-5712,-6153,-2115,9711,-5177,-5424,-8187]],"type":"Polygon","properties":{"name":"Charles City"},"id":"51036"},{"arcs":[[-7499,-9490,-9706,-9355,-7656,-4941]],"type":"Polygon","properties":{"name":"Stephenson"},"id":"17177"},{"arcs":[[-4445,-9481,-508,-9469,-9473,-4260,-9633,-6365]],"type":"Polygon","properties":{"name":"Loudoun"},"id":"51107"},{"arcs":[[-6537,-6080,-9635,-7644,-8966,-9667]],"type":"Polygon","properties":{"name":"Jackson"},"id":"46071"},{"arcs":[[-5599,-4188,-9681,-7593,-8979,-6478,9712]],"type":"Polygon","properties":{"name":"Douglas"},"id":"41019"},{"arcs":[[-8386,-8743,-9537,-861,9713,-8725]],"type":"Polygon","properties":{"name":"Sauk"},"id":"55111"},{"arcs":[[-2483,-248,-9615,-8224,-9143,-8318,-3132]],"type":"Polygon","properties":{"name":"Choctaw"},"id":"01023"},{"arcs":[[-6776,-5833,-8193,-9160,-5927]],"type":"Polygon","properties":{"name":"Columbus"},"id":"37047"},{"arcs":[[-7722,-1234,-2976,-648,-9626,-9682]],"type":"Polygon","properties":{"name":"Defiance"},"id":"39039"},{"arcs":[[-8567,-9421,-3033,-6019,-6500,-6266,-7661]],"type":"Polygon","properties":{"name":"Boone"},"id":"21015"},{"arcs":[[9714,-2890,-3943,-6760,-6682,9715]],"type":"Polygon","properties":{"name":"Erie"},"id":"36029"},{"arcs":[[-7588,-6939,-9685,-9177,-5856,-7579,-7317],[-3396]],"type":"Polygon","properties":{"name":"Rockingham"},"id":"51165"},{"arcs":[[-3288,-4606,-5313,-8533,-7642]],"type":"Polygon","properties":{"name":"Tripp"},"id":"46123"},{"arcs":[[-8670,-8876,-5999,-9586,-4730,-8834,-9523]],"type":"Polygon","properties":{"name":"Cherokee"},"id":"48073"},{"arcs":[[-8607,-7311,-5466,-9679,-7717,-9676,-8518,-8244]],"type":"Polygon","properties":{"name":"Berkshire"},"id":"25003"},{"arcs":[[-6372,-7692,-9279,-7745,-9015]],"type":"Polygon","properties":{"name":"Comer\u00edo"},"id":"72045"},{"arcs":[[-8809,-9302,-9311,-7861]],"type":"Polygon","properties":{"name":"Holmes"},"id":"12059"},{"arcs":[[9716,-9532,-9132]],"type":"Polygon","properties":{"name":"Kitsap"},"id":"53035"},{"arcs":[[-3103,-2494,-9593,-9039,-9436,-9691,-8752]],"type":"Polygon","properties":{"name":"Amite"},"id":"28005"},{"arcs":[[-7280,-9661,-9530,-5808,-9447,-9091,-6315,-7313]],"type":"Polygon","properties":{"name":"Lewis"},"id":"53041"},{"arcs":[[-7946,-7695,-7983,-4269,-2520,-9187]],"type":"Polygon","properties":{"name":"Wyoming"},"id":"54109"},{"arcs":[[-2610,-1069,-7339,9717,-3277,-6534]],"type":"Polygon","properties":{"name":"Kingman"},"id":"20095"},{"arcs":[[-9714,-860,-8482,-7096,-8726]],"type":"Polygon","properties":{"name":"Richland"},"id":"55103"},{"arcs":[[-8066,-8923,-2630,-7553,-3662]],"type":"Polygon","properties":{"name":"Llano"},"id":"48299"},{"arcs":[[-9293,-9241,9718,-9563,-6410,-8601]],"type":"Polygon","properties":{"name":"Westchester"},"id":"36119"},{"arcs":[[-9693,-6866,-8010,-4584,-8071,-6492]],"type":"Polygon","properties":{"name":"Tillman"},"id":"40141"},{"arcs":[[-5390,-3244,-7224,-598,-1960]],"type":"Polygon","properties":{"name":"Daggett"},"id":"49009"},{"arcs":[[-6709,-9510,-9095,-3769,-2232]],"type":"Polygon","properties":{"name":"Lincoln"},"id":"29113"},{"arcs":[[-7638,-9282,-7580,-5753,-8055,-6596,-8844],[-1729],[-8030]],"type":"Polygon","properties":{"name":"Rockbridge"},"id":"51163"},{"arcs":[[-2788,9719,-1208,-2685,-5279]],"type":"Polygon","properties":{"name":"Scotts Bluff"},"id":"31157"},{"arcs":[[-2819,-833,-8184,-5069,-8096,-3450,-9589]],"type":"Polygon","properties":{"name":"Knox"},"id":"39083"},{"arcs":[[-9538,-2917,-7441,-8791,-9488,-7497]],"type":"Polygon","properties":{"name":"Rock"},"id":"55105"},{"arcs":[[-9047,-7764,-9596,-9678,-4877,-8439]],"type":"Polygon","properties":{"name":"Spartanburg"},"id":"45083"},{"arcs":[[-9704,-8801,-1287,-9673,-8865,-9622]],"type":"Polygon","properties":{"name":"Caribou"},"id":"16029"},{"arcs":[[-7680,-9590,-5605,-6829]],"type":"Polygon","properties":{"name":"Union"},"id":"12125"},{"arcs":[[-8361,-9605,-3648,-9382,-6429,-7449]],"type":"Polygon","properties":{"name":"Leflore"},"id":"28083"},{"arcs":[[-2297,-7738,9720,-7961,-2270]],"type":"Polygon","properties":{"name":"Arenac"},"id":"26011"},{"arcs":[[-3522,-9695,9721,-9388,9722,-8758]],"type":"Polygon","properties":{"name":"Chambers"},"id":"48071"},{"arcs":[[9723]],"type":"Polygon","properties":{"name":"Honolulu"},"id":"15003"},{"arcs":[[9724,-4376,-7324,-2200,-8960]],"type":"Polygon","properties":{"name":"Stevens"},"id":"53065"},{"arcs":[[-7744,-9090,-9087,-7570]],"type":"Polygon","properties":{"name":"Trujillo Alto"},"id":"72139"},{"arcs":[[-4155,-4789,-9642,-7733]],"type":"Polygon","properties":{"name":"Carlton"},"id":"27017"},{"arcs":[[-9123,-9465,-9552,-2108,-6152,-7234,-9077]],"type":"Polygon","properties":{"name":"King and Queen"},"id":"51097"},{"arcs":[[-8404,-8941,-2965,-8372,-3696,-3293]],"type":"Polygon","properties":{"name":"Cloud"},"id":"20029"},{"arcs":[[-3147,-6109,-1203,-9720,-2787]],"type":"Polygon","properties":{"name":"Box Butte"},"id":"31013"},{"arcs":[[-9506,-2428,-7575,-683,-3442]],"type":"Polygon","properties":{"name":"Guthrie"},"id":"19077"},{"arcs":[[-7338,-5902,-9294,-3430,-3278,-9718]],"type":"Polygon","properties":{"name":"Sumner"},"id":"20191"},{"arcs":[[-5338,-9492,-9528,-9370,-9328]],"type":"Polygon","properties":{"name":"Montgomery"},"id":"37123"},{"arcs":[[-7543,-9260,-7421,-8138,-4548]],"type":"Polygon","properties":{"name":"Catawba"},"id":"37035"},{"arcs":[[-9616,-148,-5256,-5400,-9526,-5001]],"type":"Polygon","properties":{"name":"Obion"},"id":"47131"},{"arcs":[[-8205,-6104,-9192,-2445,-6702,9725]],"type":"Polygon","properties":{"name":"Buchanan"},"id":"29021"},{"arcs":[[-6581,-4899,-3168,-9699,-9654,-9]],"type":"Polygon","properties":{"name":"Marshall"},"id":"21157"},{"arcs":[[-5853,-839,-7769,-1052,-2927]],"type":"Polygon","properties":{"name":"Chester"},"id":"47023"},{"arcs":[[-9079,-5649,-9315,-7925,-4250]],"type":"Polygon","properties":{"name":"Campbell"},"id":"46021"},{"arcs":[[-9705,-4665,-7927,-9354]],"type":"Polygon","properties":{"name":"McKinley"},"id":"35031"},{"arcs":[[-1726,-8206,-9726,-6706,-7840,-8313,-1926]],"type":"Polygon","properties":{"name":"Atchison"},"id":"20005"},{"arcs":[[-4438,-8296,-412,-5965,-8523,-6495]],"type":"Polygon","properties":{"name":"Polk"},"id":"05113"},{"arcs":[[-7959,-2574,-9254,-7974,-8836,9726,-3551]],"type":"Polygon","properties":{"name":"A\u00f1asco"},"id":"72011"},{"arcs":[[-2978,-9504,-436,-7055,-1860]],"type":"Polygon","properties":{"name":"Allen"},"id":"39003"},{"arcs":[[-9562,-5119,-6540,-7357,-5377,-4867,-3728]],"type":"Polygon","properties":{"name":"Weston"},"id":"56045"},{"arcs":[[-7439,-5654,-5693,-3173,-9255,-2406,-8792]],"type":"Polygon","properties":{"name":"McHenry"},"id":"17111"},{"arcs":[[-9432,-2891,-9715,9727]],"type":"Polygon","properties":{"name":"Niagara"},"id":"36063"}]}}}