{
  "55001 Larrison Blvd, New Carlisle, IN 46552": [
    41.7017,
    -86.5205
  ],
  "4800 90th St, Mount Pleasant, WI 53403": [
    42.6748722,
    -87.8948822
  ],
  "5502 Spinks Rd, Abilene, TX 79601": [
    32.4942321,
    -99.8009071
  ],
  "1 Community Cir, New Albany, OH 43054": [
    40.0769,
    -82.7949
  ],
  "6000 Technology Blvd, Sandston, VA 23150": [
    37.4888273,
    -77.24749
  ],
  "Nexus L&T Project Office, Al Bihouth, Al Dhafrah, Abu Dhabi, United Arab Emirates": [
    24.4539,
    54.3773
  ],
  "984 County Road 112, Afton, TX 79920": [
    33.5185,
    -100.4197
  ],
  "1626 County Line Road Ridgeland, Mississippi": [
    32.4000327,
    -90.1971708
  ],
  "10001 Lima Rd, Claude, TX 79019": [
    34.9979,
    -101.5555
  ]
}