fips,neighbor_fips,shared_edges
01001,01021,3
01001,01047,2
01001,01051,1
01001,01085,2
01001,01101,1
01003,01025,2
01003,01053,2
01003,01097,5
01003,01099,1
01003,01129,2
01003,12033,26
01005,01011,3
01005,01045,1
01005,01067,3
01005,01109,2
01005,01113,3
01005,13061,3
01005,13239,7
01005,13259,2
01007,01021,2
01007,01065,2
01007,01073,1
01007,01105,3
01007,01117,2
01007,01125,5
01009,01043,7
01009,01055,3
01009,01073,2
01009,01095,1
01009,01115,3
01009,01127,3
01011,01005,3
01011,01087,2
01011,01101,2
01011,01109,5
01011,01113,2
01013,01035,3
01013,01039,2
01013,01041,3
01013,01085,1
01013,01099,1
01013,01131,2
01015,01019,2
01015,01029,4
01015,01055,11
01015,01115,4
01015,01121,4
01017,01081,2
01017,01111,1
01017,01123,1
01017,13145,3
01017,13285,3
01019,01015,2
01019,01029,1
01019,01049,3
01019,01055,1
01019,13055,5
01019,13115,5
01019,13233,1
01021,01001,3
01021,01007,2
01021,01037,3
01021,01047,2
01021,01051,2
01021,01105,1
01021,01117,3
01023,01025,3
01023,01091,4
01023,01119,1
01023,01129,1
01023,28023,7
01023,28075,1
01023,28153,3
01025,01003,2
01025,01023,3
01025,01091,2
01025,01099,7
01025,01129,8
01025,01131,3
01027,01029,4
01027,01037,1
01027,01111,1
01027,01121,8
01027,01123,2
01029,01015,4
01029,01019,1
01029,01027,4
01029,01111,1
01029,01121,2
01029,13045,5
01029,13143,3
01029,13233,1
01031,01039,2
01031,01041,3
01031,01045,1
01031,01061,1
01031,01109,1
01033,01059,1
01033,01077,4
01033,01079,2
01033,28141,4
01035,01013,3
01035,01039,2
01035,01053,3
01035,01099,4
01037,01021,3
01037,01027,1
01037,01051,4
01037,01117,1
01037,01121,2
01037,01123,1
01039,01013,2
01039,01031,2
01039,01035,2
01039,01041,5
01039,01053,1
01039,01061,1
01039,12091,11
01039,12131,6
01041,01013,3
01041,01031,3
01041,01039,5
01041,01085,1
01041,01101,3
01041,01109,3
01043,01009,7
01043,01079,1
01043,01095,1
01043,01103,2
01043,01127,2
01043,01133,2
01045,01005,1
01045,01031,1
01045,01061,1
01045,01067,1
01045,01069,3
01045,01109,2
01047,01001,2
01047,01021,2
01047,01085,4
01047,01091,1
01047,01105,4
01047,01131,3
01049,01019,3
01049,01055,1
01049,01071,3
01049,01095,2
01049,13055,3
01049,13083,5
01049,13295,1
01051,01001,1
01051,01021,2
01051,01037,4
01051,01087,2
01051,01101,3
01051,01123,2
01053,01003,2
01053,01035,3
01053,01039,1
01053,01099,1
01053,12033,31
01053,12091,4
01053,12113,13
01055,01009,3
01055,01015,11
01055,01019,1
01055,01049,1
01055,01095,2
01055,01115,2
01057,01075,1
01057,01093,1
01057,01107,2
01057,01125,3
01057,01127,5
01059,01033,1
01059,01079,1
01059,01093,1
01059,01133,1
01059,28057,3
01059,28141,1
01061,01031,1
01061,01039,1
01061,01045,1
01061,01069,2
01061,12059,2
01061,12063,1
01061,12131,7
01063,01065,6
01063,01091,4
01063,01107,2
01063,01119,8
01063,01125,3
01065,01007,2
01065,01063,6
01065,01091,2
01065,01105,4
01065,01125,1
01067,01005,3
01067,01045,1
01067,01069,2
01067,13061,10
01067,13099,2
01069,01045,3
01069,01061,2
01069,01067,2
01069,12063,12
01069,13099,10
01069,13253,2
01071,01049,3
01071,01089,2
01071,01095,38
01071,13083,3
01071,47051,1
01071,47115,3
01073,01007,1
01073,01009,2
01073,01115,2
01073,01117,5
01073,01125,15
01073,01127,5
01075,01057,1
01075,01093,2
01075,01107,1
01075,28087,11
01075,28095,4
01077,01033,4
01077,01079,1
01077,01083,2
01077,28141,2
01077,47055,2
01077,47071,2
01077,47099,11
01077,47181,16
01079,01033,2
01079,01043,1
01079,01059,1
01079,01077,1
01079,01083,1
01079,01103,2
01079,01133,1
01081,01017,2
01081,01087,3
01081,01113,4
01081,01123,2
01081,13145,4
01081,13215,9
01083,01077,2
01083,01079,1
01083,01089,1
01083,01103,2
01083,47055,11
01083,47103,2
01085,01001,2
01085,01013,1
01085,01041,1
01085,01047,4
01085,01101,2
01085,01131,2
01087,01011,2
01087,01051,2
01087,01081,3
01087,01101,1
01087,01113,1
01087,01123,3
01089,01071,2
01089,01083,1
01089,01095,4
01089,01103,2
01089,47051,1
01089,47103,15
01091,01023,4
01091,01025,2
01091,01047,1
01091,01063,4
01091,01065,2
01091,01105,2
01091,01119,3
01091,01131,5
01093,01057,1
01093,01059,1
01093,01075,2
01093,01127,1
01093,01133,1
01093,28057,3
01093,28095,1
01095,01009,1
01095,01043,1
01095,01049,2
01095,01055,2
01095,01071,38
01095,01089,4
01095,01103,1
01097,01003,5
01097,01129,3
01097,28039,1
01097,28041,3
01097,28059,13
01099,01003,1
01099,01013,1
01099,01025,7
01099,01035,4
01099,01053,1
01099,01131,1
01101,01001,1
01101,01011,2
01101,01041,3
01101,01051,3
01101,01085,2
01101,01087,1
01101,01109,2
01103,01043,2
01103,01079,2
01103,01083,2
01103,01089,2
01103,01095,1
01105,01007,3
01105,01021,1
01105,01047,4
01105,01065,4
01105,01091,2
01107,01057,2
01107,01063,2
01107,01075,1
01107,01119,1
01107,01125,1
01107,28087,4
01107,28103,1
01109,01005,2
01109,01011,5
01109,01031,1
01109,01041,3
01109,01045,2
01109,01101,2
01111,01017,1
01111,01027,1
01111,01029,1
01111,01123,1
01111,13045,1
01111,13149,1
01111,13285,1
01113,01005,3
01113,01011,2
01113,01081,4
01113,01087,1
01113,13053,9
01113,13215,5
01113,13259,4
01115,01009,3
01115,01015,4
01115,01055,2
01115,01073,2
01115,01117,3
01115,01121,3
01117,01007,2
01117,01021,3
01117,01037,1
01117,01073,5
01117,01115,3
01117,01121,3
01119,01023,1
01119,01063,8
01119,01091,3
01119,01107,1
01119,28069,3
01119,28075,3
01119,28103,1
01121,01015,4
01121,01027,8
01121,01029,2
01121,01037,2
01121,01115,3
01121,01117,3
01123,01017,1
01123,01027,2
01123,01037,1
01123,01051,2
01123,01081,2
01123,01087,3
01123,01111,1
01125,01007,5
01125,01057,3
01125,01063,3
01125,01065,1
01125,01073,15
01125,01107,1
01125,01127,2
01127,01009,3
01127,01043,2
01127,01057,5
01127,01073,5
01127,01093,1
01127,01125,2
01127,01133,1
01129,01003,2
01129,01023,1
01129,01025,8
01129,01097,3
01129,28041,7
01129,28153,4
01131,01013,2
01131,01025,3
01131,01047,3
01131,01085,2
01131,01091,5
01131,01099,1
01133,01043,2
01133,01059,1
01133,01079,1
01133,01093,1
01133,01127,1
02013,02164,15
02020,02122,5
02020,02170,6
02020,02261,4
02050,02070,40
02050,02122,4
02050,02164,2
02050,02170,2
02050,02270,32
02050,02290,15
02060,02164,3
02068,02090,2
02068,02170,7
02068,02240,2
02068,02290,19
02070,02050,40
02070,02164,15
02090,02068,2
02090,02240,4
02090,02290,33
02100,02105,18
02100,02110,2
02100,02230,3
02105,02100,18
02105,02110,8
02105,02195,7
02105,02220,4
02105,02282,1
02110,02100,2
02110,02105,8
02122,02020,5
02122,02050,4
02122,02150,5
02122,02164,21
02122,02170,4
02122,02261,5
02130,02198,6
02130,02275,20
02150,02122,5
02150,02164,35
02164,02013,15
02164,02050,2
02164,02060,3
02164,02070,15
02164,02122,21
02164,02150,35
02170,02020,6
02170,02050,2
02170,02068,7
02170,02122,4
02170,02240,2
02170,02261,9
02170,02290,1
02180,02188,13
02180,02270,7
02180,02290,20
02185,02188,23
02185,02290,8
02188,02180,13
02188,02185,23
02188,02290,35
02195,02105,7
02195,02275,3
02198,02130,6
02220,02105,4
02230,02100,3
02240,02068,2
02240,02090,4
02240,02170,2
02240,02261,28
02240,02290,20
02261,02020,4
02261,02122,5
02261,02170,9
02261,02240,28
02261,02282,9
02270,02050,32
02270,02180,7
02270,02290,9
02275,02130,20
02275,02195,3
02282,02105,1
02282,02261,9
02290,02050,15
02290,02068,19
02290,02090,33
02290,02170,1
02290,02180,20
02290,02185,8
02290,02188,35
02290,02240,20
02290,02270,9
04001,04009,2
04001,04011,2
04001,04017,12
04001,35003,3
04001,35006,1
04001,35031,10
04001,35045,5
04001,49037,9
04003,04009,2
04003,04011,1
04003,04019,1
04003,04023,1
04003,35023,10
04005,04007,12
04005,04015,17
04005,04017,4
04005,04025,20
04005,49025,4
04005,49037,4
04007,04005,12
04007,04009,6
04007,04013,8
04007,04017,3
04007,04021,6
04007,04025,4
04009,04001,2
04009,04003,2
04009,04007,6
04009,04011,4
04009,04017,1
04009,04019,2
04009,04021,2
04011,04001,2
04011,04003,1
04011,04009,4
04011,35003,5
04011,35017,7
04011,35023,5
04012,04013,3
04012,04015,5
04012,04025,2
04012,04027,5
04012,06025,19
04012,06065,21
04012,06071,14
04013,04007,8
04013,04012,3
04013,04019,1
04013,04021,10
04013,04025,10
04013,04027,2
04015,04005,17
04015,04012,5
04015,04025,2
04015,06071,14
04015,32003,63
04015,32017,1
04015,49025,5
04015,49053,3
04017,04001,12
04017,04005,4
04017,04007,3
04017,04009,1
04017,49037,3
04019,04003,1
04019,04009,2
04019,04013,1
04019,04021,7
04019,04023,6
04019,04027,1
04021,04007,6
04021,04009,2
04021,04013,10
04021,04019,7
04023,04003,1
04023,04019,6
04025,04005,20
04025,04007,4
04025,04012,2
04025,04013,10
04025,04015,2
04027,04012,5
04027,04013,2
04027,04019,1
04027,06025,14
05001,05041,4
05001,05069,3
05001,05079,5
05001,05085,1
05001,05095,3
05001,05107,2
05001,05117,3
05003,05011,3
05003,05017,1
05003,05043,1
05003,05139,2
05003,22067,10
05005,05049,2
05005,05065,1
05005,05089,6
05005,05129,2
05005,05137,4
05005,29153,7
05007,05015,2
05007,05087,1
05007,05143,4
05007,29009,5
05007,29119,7
05007,40001,3
05007,40041,20
05009,05015,2
05009,05089,2
05009,05101,2
05009,05129,1
05009,29213,8
05011,05003,3
05011,05013,3
05011,05025,1
05011,05043,3
05011,05139,2
05013,05011,3
05013,05025,1
05013,05039,1
05013,05103,8
05013,05139,2
05015,05007,2
05015,05009,2
05015,05087,4
05015,05101,1
05015,29009,6
05015,29209,6
05015,29213,1
05017,05003,1
05017,05041,5
05017,05043,1
05017,22035,1
05017,22067,1
05017,22123,10
05017,28011,2
05017,28055,1
05017,28151,10
05019,05039,4
05019,05059,6
05019,05097,4
05019,05099,2
05019,05103,1
05019,05109,2
05021,05055,3
05021,05121,3
05021,29023,7
05021,29069,13
05021,29181,11
05023,05045,1
05023,05063,2
05023,05137,1
05023,05141,1
05023,05145,4
05025,05011,1
05025,05013,1
05025,05039,4
05025,05043,1
05025,05053,1
05025,05069,1
05025,05079,2
05027,05073,3
05027,05099,1
05027,05103,2
05027,05139,1
05027,22027,8
05027,22119,7
05029,05045,2
05029,05105,2
05029,05115,2
05029,05141,2
05029,05149,1
05031,05055,2
05031,05067,1
05031,05075,2
05031,05093,1
05031,05111,1
05031,29069,4
05033,05047,5
05033,05087,1
05033,05131,4
05033,05143,2
05033,40001,3
05033,40135,5
05035,05037,1
05035,05077,1
05035,05093,1
05035,05111,2
05035,05123,2
05035,28033,4
05035,28143,2
05035,47157,29
05035,47167,8
05037,05035,1
05037,05067,1
05037,05111,1
05037,05123,1
05037,05147,1
05039,05013,1
05039,05019,4
05039,05025,4
05039,05053,2
05039,05059,2
05039,05103,1
05041,05001,4
05041,05017,5
05041,05043,2
05041,05079,2
05041,05107,2
05041,28011,30
05041,28027,1
05043,05003,1
05043,05011,3
05043,05017,1
05043,05025,1
05043,05041,2
05043,05079,2
05045,05023,1
05045,05029,2
05045,05085,1
05045,05105,2
05045,05119,3
05045,05141,1
05045,05145,1
05047,05033,5
05047,05071,1
05047,05083,5
05047,05087,2
05047,05131,2
05049,05005,2
05049,05065,1
05049,05135,4
05049,29091,20
05049,29149,9
05049,29153,2
05051,05059,3
05051,05097,1
05051,05105,2
05051,05125,5
05051,05149,2
05053,05025,1
05053,05039,2
05053,05059,1
05053,05069,2
05053,05119,1
05053,05125,4
05055,05021,3
05055,05031,2
05055,05075,3
05055,05121,1
05055,29069,4
05057,05061,2
05057,05073,1
05057,05081,2
05057,05091,19
05057,05099,1
05057,05109,2
05059,05019,6
05059,05039,2
05059,05051,3
05059,05053,1
05059,05097,1
05059,05125,2
05061,05057,2
05061,05081,1
05061,05109,3
05061,05113,2
05061,05133,4
05063,05023,2
05063,05065,2
05063,05067,4
05063,05075,1
05063,05135,3
05063,05137,2
05063,05145,1
05065,05005,1
05065,05049,1
05065,05063,2
05065,05135,2
05065,05137,4
05067,05031,1
05067,05037,1
05067,05063,4
05067,05075,2
05067,05111,1
05067,05145,2
05067,05147,3
05069,05001,3
05069,05025,1
05069,05053,2
05069,05079,4
05069,05085,1
05069,05119,1
05071,05047,1
05071,05083,3
05071,05087,1
05071,05101,2
05071,05115,5
05073,05027,3
05073,05057,1
05073,05091,7
05073,05099,2
05073,22015,3
05073,22119,2
05075,05031,2
05075,05055,3
05075,05063,1
05075,05067,2
05075,05121,2
05075,05135,2
05077,05035,1
05077,05095,3
05077,05107,2
05077,05123,2
05077,28143,23
05079,05001,5
05079,05025,2
05079,05041,2
05079,05043,2
05079,05069,4
05081,05057,2
05081,05061,1
05081,05091,2
05081,05133,3
05081,40089,20
05081,48037,11
05083,05047,5
05083,05071,3
05083,05115,3
05083,05127,2
05083,05131,3
05083,05149,5
05085,05001,1
05085,05045,1
05085,05069,1
05085,05117,5
05085,05119,5
05085,05145,3
05087,05007,1
05087,05015,4
05087,05033,1
05087,05047,2
05087,05071,1
05087,05101,3
05087,05143,2
05089,05005,6
05089,05009,2
05089,05129,2
05089,29153,1
05089,29213,3
05091,05057,19
05091,05073,7
05091,05081,2
05091,22015,1
05091,22017,5
05091,48037,15
05091,48067,12
05093,05031,1
05093,05035,1
05093,05111,2
05093,29069,9
05093,29155,11
05093,47045,3
05093,47097,30
05093,47157,1
05093,47167,14
05095,05001,3
05095,05077,3
05095,05107,4
05095,05117,4
05095,05123,2
05095,05147,3
05097,05019,4
05097,05051,1
05097,05059,1
05097,05109,1
05097,05113,1
05097,05127,2
05097,05149,1
05099,05019,2
05099,05027,1
05099,05057,1
05099,05073,2
05099,05103,1
05099,05109,1
05101,05009,2
05101,05015,1
05101,05071,2
05101,05087,3
05101,05115,1
05101,05129,1
05103,05013,8
05103,05019,1
05103,05027,2
05103,05039,1
05103,05099,1
05103,05139,2
05105,05029,2
05105,05045,2
05105,05051,2
05105,05119,2
05105,05125,2
05105,05149,3
05107,05001,2
05107,05041,2
05107,05077,2
05107,05095,4
05107,28027,17
05107,28143,1
05109,05019,2
05109,05057,2
05109,05061,3
05109,05097,1
05109,05099,1
05111,05031,1
05111,05035,2
05111,05037,1
05111,05067,1
05111,05093,2
05113,05061,2
05113,05097,1
05113,05127,3
05113,05133,1
05113,40079,5
05113,40089,6
05115,05029,2
05115,05071,5
05115,05083,3
05115,05101,1
05115,05129,1
05115,05141,2
05115,05149,3
05117,05001,3
05117,05085,5
05117,05095,4
05117,05145,4
05117,05147,2
05119,05045,3
05119,05053,1
05119,05069,1
05119,05085,5
05119,05105,2
05119,05125,10
05121,05021,3
05121,05055,1
05121,05075,2
05121,05135,2
05121,29149,6
05121,29181,12
05123,05035,2
05123,05037,1
05123,05077,2
05123,05095,2
05123,05147,2
05125,05051,5
05125,05053,4
05125,05059,2
05125,05105,2
05125,05119,10
05127,05083,2
05127,05097,2
05127,05113,3
05127,05131,3
05127,05149,1
05127,40079,8
05129,05005,2
05129,05009,1
05129,05089,2
05129,05101,1
05129,05115,1
05129,05137,1
05129,05141,3
05131,05033,4
05131,05047,2
05131,05083,3
05131,05127,3
05131,40079,19
05131,40135,3
05133,05061,4
05133,05081,3
05133,05113,1
05133,40089,6
05135,05049,4
05135,05063,3
05135,05065,2
05135,05075,2
05135,05121,2
05135,29149,5
05137,05005,4
05137,05023,1
05137,05063,2
05137,05065,4
05137,05129,1
05137,05141,2
05139,05003,2
05139,05011,2
05139,05013,2
05139,05027,1
05139,05103,2
05139,22027,10
05139,22111,12
05141,05023,1
05141,05029,2
05141,05045,1
05141,05115,2
05141,05129,3
05141,05137,2
05143,05007,4
05143,05033,2
05143,05087,2
05143,40001,26
05145,05023,4
05145,05045,1
05145,05063,1
05145,05067,2
05145,05085,3
05145,05117,4
05145,05147,4
05147,05037,1
05147,05067,3
05147,05095,3
05147,05117,2
05147,05123,2
05147,05145,4
05149,05029,1
05149,05051,2
05149,05083,5
05149,05097,1
05149,05105,3
05149,05115,3
05149,05127,1
06001,06013,13
06001,06077,2
06001,06081,2
06001,06085,4
06001,06099,1
06003,06005,1
06003,06009,1
06003,06017,2
06003,06051,3
06003,06109,3
06003,32005,3
06005,06003,1
06005,06009,4
06005,06017,6
06005,06067,1
06005,06077,1
06007,06011,1
06007,06021,4
06007,06063,4
06007,06101,1
06007,06103,6
06007,06115,5
06009,06003,1
06009,06005,4
06009,06077,2
06009,06099,1
06009,06109,5
06011,06007,1
06011,06021,3
06011,06033,6
06011,06101,3
06011,06113,2
06013,06001,13
06013,06067,3
06013,06077,17
06013,06095,5
06015,06023,3
06015,06093,7
06015,41015,5
06015,41033,2
06017,06003,2
06017,06005,6
06017,06061,9
06017,06067,3
06017,32005,2
06019,06027,6
06019,06031,5
06019,06039,18
06019,06047,3
06019,06051,1
06019,06053,3
06019,06069,3
06019,06107,6
06021,06007,4
06021,06011,3
06021,06033,2
06021,06045,2
06021,06103,1
06023,06015,3
06023,06045,1
06023,06093,2
06023,06105,6
06025,04012,19
06025,04027,14
06025,06065,2
06025,06073,3
06027,06019,6
06027,06029,1
06027,06051,1
06027,06071,4
06027,06107,10
06027,32003,2
06027,32009,2
06027,32023,7
06029,06027,1
06029,06031,1
06029,06037,3
06029,06071,5
06029,06079,18
06029,06083,1
06029,06107,4
06029,06111,4
06031,06019,5
06031,06029,1
06031,06053,2
06031,06079,1
06031,06107,5
06033,06011,6
06033,06021,2
06033,06045,10
06033,06055,2
06033,06097,1
06033,06113,1
06035,06049,1
06035,06063,13
06035,06089,2
06035,06091,1
06035,32031,15
06037,06029,3
06037,06059,14
06037,06071,8
06037,06111,8
06039,06019,18
06039,06043,6
06039,06047,2
06039,06051,2
06039,06109,3
06041,06097,5
06043,06039,6
06043,06047,3
06043,06099,2
06043,06109,11
06045,06021,2
06045,06023,1
06045,06033,10
06045,06097,4
06045,06103,1
06045,06105,2
06047,06019,3
06047,06039,2
06047,06043,3
06047,06069,2
06047,06085,1
06047,06099,3
06049,06035,1
06049,06089,1
06049,06093,1
06049,32031,1
06049,41035,10
06049,41037,5
06051,06003,3
06051,06019,1
06051,06027,1
06051,06039,2
06051,06109,7
06051,32005,4
06051,32009,3
06051,32019,1
06051,32021,3
06053,06019,3
06053,06031,2
06053,06069,16
06053,06079,2
06053,06087,2
06055,06033,2
06055,06095,5
06055,06097,4
06055,06113,7
06057,06061,7
06057,06091,5
06057,06115,3
06057,32031,1
06059,06037,14
06059,06065,5
06059,06071,2
06059,06073,1
06061,06017,9
06061,06057,7
06061,06067,4
06061,06101,2
06061,06115,1
06061,32005,1
06061,32031,6
06061,32510,1
06063,06007,4
06063,06035,13
06063,06089,1
06063,06091,3
06063,06103,4
06063,06115,3
06065,04012,21
06065,06025,2
06065,06059,5
06065,06071,11
06065,06073,6
06067,06005,1
06067,06013,3
06067,06017,3
06067,06061,4
06067,06077,3
06067,06095,11
06067,06101,2
06067,06113,15
06069,06019,3
06069,06047,2
06069,06053,16
06069,06085,2
06069,06087,3
06071,04012,14
06071,04015,14
06071,06027,4
06071,06029,5
06071,06037,8
06071,06059,2
06071,06065,11
06071,32003,19
06073,06025,3
06073,06059,1
06073,06065,6
06075,06081,7
06077,06001,2
06077,06005,1
06077,06009,2
06077,06013,17
06077,06067,3
06077,06099,7
06079,06029,18
06079,06031,1
06079,06053,2
06079,06083,12
06081,06001,2
06081,06075,7
06081,06085,2
06081,06087,3
06083,06029,1
06083,06079,12
06083,06111,10
06085,06001,4
06085,06047,1
06085,06069,2
06085,06081,2
06085,06087,4
06085,06099,5
06087,06053,2
06087,06069,3
06087,06081,3
06087,06085,4
06089,06035,2
06089,06049,1
06089,06063,1
06089,06093,2
06089,06103,11
06089,06105,8
06091,06035,1
06091,06057,5
06091,06063,3
06091,06115,2
06091,32031,2
06093,06015,7
06093,06023,2
06093,06049,1
06093,06089,2
06093,06105,14
06093,41029,7
06093,41033,5
06093,41035,12
06095,06013,5
06095,06055,5
06095,06067,11
06095,06097,2
06095,06113,5
06097,06033,1
06097,06041,5
06097,06045,4
06097,06055,4
06097,06095,2
06099,06001,1
06099,06009,1
06099,06043,2
06099,06047,3
06099,06077,7
06099,06085,5
06099,06109,1
06101,06007,1
06101,06011,3
06101,06061,2
06101,06067,2
06101,06113,3
06101,06115,2
06103,06007,6
06103,06021,1
06103,06045,1
06103,06063,4
06103,06089,11
06103,06105,3
06105,06023,6
06105,06045,2
06105,06089,8
06105,06093,14
06105,06103,3
06107,06019,6
06107,06027,10
06107,06029,4
06107,06031,5
06109,06003,3
06109,06009,5
06109,06039,3
06109,06043,11
06109,06051,7
06109,06099,1
06111,06029,4
06111,06037,8
06111,06083,10
06113,06011,2
06113,06033,1
06113,06055,7
06113,06067,15
06113,06095,5
06113,06101,3
06115,06007,5
06115,06057,3
06115,06061,1
06115,06063,3
06115,06091,2
06115,06101,2
08001,08005,2
08001,08014,1
08001,08031,8
08001,08059,8
08001,08087,1
08001,08121,2
08001,08123,3
08003,08021,2
08003,08023,1
08003,08055,1
08003,08105,1
08003,08109,1
08005,08001,2
08005,08031,109
08005,08035,1
08005,08039,1
08005,08059,2
08005,08073,1
08005,08121,1
08007,08021,2
08007,08053,1
08007,08067,1
08007,08079,2
08007,08105,1
08007,35039,8
08007,35045,1
08009,08011,1
08009,08071,1
08009,08099,1
08009,20129,15
08009,20187,10
08009,35059,1
08009,40025,11
08011,08009,1
08011,08061,1
08011,08071,1
08011,08089,2
08011,08099,1
08013,08014,404
08013,08047,2
08013,08049,2
08013,08059,1
08013,08069,2
08013,08123,4
08014,08001,1
08014,08013,404
08014,08059,1
08014,08123,208
08015,08043,3
08015,08051,4
08015,08065,1
08015,08093,5
08015,08097,4
08015,08109,1
08017,08061,1
08017,08063,1
08017,08073,1
08017,20071,6
08017,20199,7
08019,08047,2
08019,08049,3
08019,08059,1
08019,08093,3
08019,08117,2
08021,08003,2
08021,08007,2
08021,08023,3
08021,08105,1
08021,35039,3
08021,35055,3
08023,08003,1
08023,08021,3
08023,08055,3
08023,08071,1
08023,35007,1
08023,35055,11
08025,08061,1
08025,08073,1
08025,08089,5
08025,08101,1
08027,08043,1
08027,08055,4
08027,08101,1
08027,08109,3
08029,08051,1
08029,08077,4
08029,08085,1
08031,08001,8
08031,08005,109
08031,08059,823
08033,08083,2
08033,08111,2
08033,08113,4
08033,49037,9
08035,08005,1
08035,08039,1
08035,08041,1
08035,08059,2
08035,08119,1
08037,08045,2
08037,08049,1
08037,08065,1
08037,08097,1
08037,08107,2
08037,08117,4
08039,08005,1
08039,08035,1
08039,08041,2
08039,08073,4
08041,08035,1
08041,08039,2
08041,08043,1
08041,08073,1
08041,08101,1
08041,08119,4
08043,08015,3
08043,08027,1
08043,08041,1
08043,08093,1
08043,08101,2
08043,08109,1
08043,08119,3
08045,08037,2
08045,08077,4
08045,08097,1
08045,08103,7
08045,08107,1
08045,49019,1
08045,49047,1
08047,08013,2
08047,08019,2
08047,08049,1
08047,08059,7
08049,08013,2
08049,08019,3
08049,08037,1
08049,08047,1
08049,08057,9
08049,08069,1
08049,08107,2
08049,08117,4
08051,08015,4
08051,08029,1
08051,08053,1
08051,08077,1
08051,08085,2
08051,08091,1
08051,08097,8
08051,08109,2
08053,08007,1
08053,08051,1
08053,08067,1
08053,08079,4
08053,08091,2
08053,08109,1
08053,08111,3
08055,08003,1
08055,08023,3
08055,08027,4
08055,08071,9
08055,08101,3
08055,08109,2
08057,08049,9
08057,08069,3
08057,08107,6
08057,56001,1
08057,56007,7
08059,08001,8
08059,08005,2
08059,08013,1
08059,08014,1
08059,08019,1
08059,08031,823
08059,08035,2
08059,08047,7
08059,08093,3
08059,08119,1
08061,08011,1
08061,08017,1
08061,08025,1
08061,08073,2
08061,08089,1
08061,08099,1
08061,20071,10
08063,08017,1
08063,08073,1
08063,08121,1
08063,08125,1
08063,20023,1
08063,20181,10
08063,20199,2
08065,08015,1
08065,08037,1
08065,08093,2
08065,08097,3
08065,08117,2
08067,08007,1
08067,08053,1
08067,08083,4
08067,08111,1
08067,35045,5
08069,08013,2
08069,08049,1
08069,08057,3
08069,08123,3
08069,56001,5
08069,56021,3
08071,08009,1
08071,08011,1
08071,08023,1
08071,08055,9
08071,08089,2
08071,08101,1
08071,35007,5
08071,35059,3
08073,08005,1
08073,08017,1
08073,08025,1
08073,08039,4
08073,08041,1
08073,08061,2
08073,08063,1
08073,08121,2
08075,08087,2
08075,08095,1
08075,08115,1
08075,08121,1
08075,08123,1
08075,08125,1
08075,31033,35
08075,31105,5
08077,08029,4
08077,08045,4
08077,08051,1
08077,08085,2
08077,08097,2
08077,49019,7
08079,08007,2
08079,08053,4
08079,08105,2
08079,08109,3
08081,08103,4
08081,08107,3
08081,49009,1
08081,49047,4
08081,56007,1
08081,56037,2
08083,08033,2
08083,08067,4
08083,35045,5
08083,49037,9
08085,08029,1
08085,08051,2
08085,08077,2
08085,08091,5
08085,08113,1
08085,49037,3
08087,08001,1
08087,08075,2
08087,08121,2
08087,08123,4
08089,08011,2
08089,08025,5
08089,08061,1
08089,08071,2
08089,08101,1
08091,08051,1
08091,08053,2
08091,08085,5
08091,08111,1
08091,08113,4
08093,08015,5
08093,08019,3
08093,08043,1
08093,08059,3
08093,08065,2
08093,08117,4
08093,08119,1
08095,08075,1
08095,08115,1
08095,08125,1
08095,31029,3
08095,31135,1
08097,08015,4
08097,08037,1
08097,08045,1
08097,08051,8
08097,08065,3
08097,08077,2
08099,08009,1
08099,08011,1
08099,08061,1
08099,20071,1
08099,20075,9
08099,20187,5
08101,08025,1
08101,08027,1
08101,08041,1
08101,08043,2
08101,08055,3
08101,08071,1
08101,08089,1
08103,08045,7
08103,08081,4
08103,08107,2
08103,49047,5
08105,08003,1
08105,08007,1
08105,08021,1
08105,08079,2
08105,08109,3
08107,08037,2
08107,08045,1
08107,08049,2
08107,08057,6
08107,08081,3
08107,08103,2
08107,56007,2
08109,08003,1
08109,08015,1
08109,08027,3
08109,08043,1
08109,08051,2
08109,08053,1
08109,08055,2
08109,08079,3
08109,08105,3
08111,08033,2
08111,08053,3
08111,08067,1
08111,08091,1
08111,08113,1
08113,08033,4
08113,08085,1
08113,08091,4
08113,08111,1
08113,49037,4
08115,08075,1
08115,08095,1
08115,31033,1
08115,31049,22
08115,31135,2
08117,08019,2
08117,08037,4
08117,08049,4
08117,08065,2
08117,08093,4
08119,08035,1
08119,08041,4
08119,08043,3
08119,08059,1
08119,08093,1
08121,08001,2
08121,08005,1
08121,08063,1
08121,08073,2
08121,08075,1
08121,08087,2
08121,08125,2
08123,08001,3
08123,08013,4
08123,08014,208
08123,08069,3
08123,08075,1
08123,08087,4
08123,31105,10
08123,56021,10
08125,08063,1
08125,08075,1
08125,08095,1
08125,08121,2
08125,20023,7
08125,31029,3
08125,31057,5
09001,09005,10
09001,09009,16
09001,36027,2
09001,36079,16
09001,36119,15
09003,09005,12
09003,09007,7
09003,09009,2
09003,09011,2
09003,09013,10
09003,25013,13
09005,09001,10
09005,09003,12
09005,09009,11
09005,25003,6
09005,25013,1
09005,36027,4
09007,09003,7
09007,09009,8
09007,09011,5
09009,09001,16
09009,09003,2
09009,09005,11
09009,09007,8
09011,09003,2
09011,09007,5
09011,09013,1
09011,09015,10
09011,44003,1
09011,44009,13
09013,09003,10
09013,09011,1
09013,09015,10
09013,25013,3
09013,25027,1
09015,09011,10
09015,09013,10
09015,25027,3
09015,44003,1
09015,44007,8
10001,10003,2
10001,10005,3
10001,24011,9
10001,24029,1
10001,24035,2
10003,10001,2
10003,24015,9
10003,24029,2
10003,34015,3
10003,34033,9
10003,42029,8
10003,42045,9
10005,10001,3
10005,24011,2
10005,24019,8
10005,24045,31
10005,24047,14
11001,24031,8
11001,24033,11
11001,51013,6
11001,51510,1
12001,12007,3
12001,12023,1
12001,12041,2
12001,12075,3
12001,12083,4
12001,12107,4
12001,12125,1
12003,12007,1
12003,12019,1
12003,12023,1
12003,12031,1
12003,12089,1
12003,12125,1
12003,13049,11
12003,13065,2
12003,13299,5
12005,12013,1
12005,12045,2
12005,12063,1
12005,12131,3
12005,12133,4
12007,12001,3
12007,12003,1
12007,12019,2
12007,12107,1
12007,12125,2
12009,12061,2
12009,12095,2
12009,12097,3
12009,12127,3
12011,12021,2
12011,12051,1
12011,12086,15
12011,12099,14
12013,12005,1
12013,12045,2
12013,12063,3
12013,12077,4
12015,12027,1
12015,12043,1
12015,12071,1
12015,12115,9
12017,12053,3
12017,12075,3
12017,12083,2
12017,12119,2
12019,12003,1
12019,12007,2
12019,12031,2
12019,12107,3
12019,12109,3
12021,12011,2
12021,12051,4
12021,12071,4
12021,12086,1
12021,12087,1
12023,12001,1
12023,12003,1
12023,12041,1
12023,12047,4
12023,12121,1
12023,12125,2
12023,13065,7
12023,13101,2
12027,12015,1
12027,12049,1
12027,12055,1
12027,12081,1
12027,12115,1
12029,12041,2
12029,12067,1
12029,12075,3
12029,12123,2
12031,12003,1
12031,12019,2
12031,12089,6
12031,12109,6
12033,01003,26
12033,01053,31
12033,12113,9
12035,12107,3
12035,12109,2
12035,12127,4
12037,12045,4
12037,12077,2
12037,12129,1
12039,12063,1
12039,12073,3
12039,12077,4
12039,13087,5
12039,13131,1
12039,13253,1
12041,12001,2
12041,12023,1
12041,12029,2
12041,12067,3
12041,12075,1
12041,12121,2
12043,12015,1
12043,12051,2
12043,12055,5
12043,12093,2
12045,12005,2
12045,12013,2
12045,12037,4
12045,12077,3
12047,12023,4
12047,12079,3
12047,12121,3
12047,13101,5
12047,13185,7
12049,12027,1
12049,12055,1
12049,12081,1
12049,12105,1
12051,12011,1
12051,12021,4
12051,12043,2
12051,12071,1
12051,12099,2
12053,12017,3
12053,12101,4
12053,12119,3
12055,12027,1
12055,12043,5
12055,12049,1
12055,12093,4
12055,12105,1
12057,12081,4
12057,12101,3
12057,12103,2
12057,12105,4
12059,01061,2
12059,12063,1
12059,12131,2
12059,12133,4
12061,12009,2
12061,12093,3
12061,12097,1
12061,12111,1
12063,01061,1
12063,01069,12
12063,12005,1
12063,12013,3
12063,12039,1
12063,12059,1
12063,12133,3
12063,13253,6
12065,12073,9
12065,12079,5
12065,12123,4
12065,12129,1
12065,13027,3
12065,13275,7
12067,12029,1
12067,12041,3
12067,12079,2
12067,12121,4
12067,12123,2
12069,12083,6
12069,12095,5
12069,12105,2
12069,12117,11
12069,12119,2
12069,12127,5
12071,12015,1
12071,12021,4
12071,12051,1
12073,12039,3
12073,12065,9
12073,12077,1
12073,12129,3
12073,13131,2
12073,13275,5
12075,12001,3
12075,12017,3
12075,12029,3
12075,12041,1
12075,12083,5
12077,12013,4
12077,12037,2
12077,12039,4
12077,12045,3
12077,12073,1
12077,12129,2
12079,12047,3
12079,12065,5
12079,12067,2
12079,12121,1
12079,12123,3
12079,13027,7
12079,13185,5
12081,12027,1
12081,12049,1
12081,12057,4
12081,12115,3
12083,12001,4
12083,12017,2
12083,12069,6
12083,12075,5
12083,12107,4
12083,12119,1
12083,12127,5
12085,12093,2
12085,12099,4
12085,12111,5
12086,12011,15
12086,12021,1
12086,12087,2
12087,12021,1
12087,12086,2
12089,12003,1
12089,12031,6
12089,13039,13
12089,13049,10
12091,01039,11
12091,01053,4
12091,12113,1
12091,12131,4
12093,12043,2
12093,12055,4
12093,12061,3
12093,12085,2
12093,12097,1
12093,12111,3
12095,12009,2
12095,12069,5
12095,12097,4
12095,12117,10
12097,12009,3
12097,12061,1
12097,12093,1
12097,12095,4
12097,12105,13
12099,12011,14
12099,12051,2
12099,12085,4
12101,12053,4
12101,12057,3
12101,12103,1
12101,12105,2
12101,12119,1
12103,12057,2
12103,12101,1
12105,12049,1
12105,12055,1
12105,12057,4
12105,12069,2
12105,12097,13
12105,12101,2
12105,12119,1
12107,12001,4
12107,12007,1
12107,12019,3
12107,12035,3
12107,12083,4
12107,12109,4
12107,12127,7
12109,12019,3
12109,12031,6
12109,12035,2
12109,12107,4
12111,12061,1
12111,12085,5
12111,12093,3
12113,01053,13
12113,12033,9
12113,12091,1
12115,12015,9
12115,12027,1
12115,12081,3
12117,12069,11
12117,12095,10
12117,12127,13
12119,12017,2
12119,12053,3
12119,12069,2
12119,12083,1
12119,12101,1
12119,12105,1
12121,12023,1
12121,12041,2
12121,12047,3
12121,12067,4
12121,12079,1
12123,12029,2
12123,12065,4
12123,12067,2
12123,12079,3
12125,12001,1
12125,12003,1
12125,12007,2
12125,12023,2
12127,12009,3
12127,12035,4
12127,12069,5
12127,12083,5
12127,12107,7
12127,12117,13
12129,12037,1
12129,12065,1
12129,12073,3
12129,12077,2
12131,01039,6
12131,01061,7
12131,12005,3
12131,12059,2
12131,12091,4
12131,12133,3
12133,12005,4
12133,12059,4
12133,12063,3
12133,12131,3
13001,13005,1
13001,13161,3
13001,13229,1
13001,13267,2
13001,13279,1
13001,13305,2
13003,13019,2
13003,13065,1
13003,13069,3
13003,13173,1
13003,13299,3
13005,13001,1
13005,13069,1
13005,13161,2
13005,13229,2
13005,13299,2
13007,13037,1
13007,13087,1
13007,13095,1
13007,13099,1
13007,13201,2
13007,13205,5
13009,13141,3
13009,13169,3
13009,13237,1
13009,13303,1
13009,13319,2
13011,13119,2
13011,13137,2
13011,13139,2
13011,13157,2
13011,13195,3
13011,13257,2
13013,13135,2
13013,13157,3
13013,13219,1
13013,13297,2
13015,13057,1
13015,13067,11
13015,13115,1
13015,13129,2
13015,13223,1
13015,13233,1
13017,13069,1
13017,13155,5
13017,13271,1
13017,13287,1
13017,13315,1
13019,13003,2
13019,13069,9
13019,13075,2
13019,13155,2
13019,13173,3
13019,13185,3
13019,13277,1
13021,13079,2
13021,13153,1
13021,13169,2
13021,13207,1
13021,13289,2
13023,13091,3
13023,13153,2
13023,13175,1
13023,13235,1
13023,13289,1
13025,13039,1
13025,13049,2
13025,13127,1
13025,13229,4
13025,13299,3
13025,13305,3
13027,12065,3
13027,12079,7
13027,13071,2
13027,13075,1
13027,13185,20
13027,13275,1
13029,13031,1
13029,13051,5
13029,13103,1
13029,13109,1
13029,13179,6
13031,13029,1
13031,13043,2
13031,13103,2
13031,13107,2
13031,13109,2
13031,13165,1
13031,13251,2
13033,13107,1
13033,13163,4
13033,13165,3
13033,13245,3
13033,13251,1
13033,45003,1
13033,45005,1
13033,45011,3
13035,13151,4
13035,13159,2
13035,13171,1
13035,13207,1
13035,13217,1
13035,13255,1
13037,13007,1
13037,13061,1
13037,13095,1
13037,13099,2
13037,13243,1
13037,13273,2
13039,12089,13
13039,13025,1
13039,13049,2
13039,13127,2
13043,13031,2
13043,13107,3
13043,13109,2
13043,13267,1
13045,01029,5
13045,01111,1
13045,13077,1
13045,13097,3
13045,13121,1
13045,13143,2
13045,13149,1
13045,13223,2
13047,13295,4
13047,13313,2
13047,47065,12
13049,12003,11
13049,12089,10
13049,13025,2
13049,13039,2
13049,13299,4
13051,13029,5
13051,13103,2
13051,45053,7
13053,01113,9
13053,13197,2
13053,13215,17
13053,13259,1
13053,13263,6
13055,01019,5
13055,01049,3
13055,13115,4
13055,13295,1
13057,13015,1
13057,13067,2
13057,13085,3
13057,13117,1
13057,13121,2
13057,13227,2
13059,13157,1
13059,13195,1
13059,13219,1
13059,13221,2
13061,01005,3
13061,01067,10
13061,13037,1
13061,13099,2
13061,13239,1
13061,13243,2
13063,13089,2
13063,13113,2
13063,13121,11
13063,13151,3
13063,13255,1
13065,12003,2
13065,12023,7
13065,13003,1
13065,13101,4
13065,13173,1
13065,13299,5
13067,13015,11
13067,13057,2
13067,13097,2
13067,13121,4
13067,13223,5
13069,13003,3
13069,13005,1
13069,13017,1
13069,13019,9
13069,13155,1
13069,13161,2
13069,13271,2
13069,13299,2
13071,13027,2
13071,13075,2
13071,13205,1
13071,13275,2
13071,13277,1
13071,13321,1
13073,13181,2
13073,13189,2
13073,13245,1
13073,45037,4
13073,45065,6
13075,13019,2
13075,13027,1
13075,13071,2
13075,13185,1
13075,13277,2
13077,13045,1
13077,13113,2
13077,13121,1
13077,13149,1
13077,13199,2
13077,13255,3
13077,13285,1
13079,13021,2
13079,13153,1
13079,13207,1
13079,13225,2
13079,13269,2
13079,13293,1
13081,13093,1
13081,13177,15
13081,13261,1
13081,13287,2
13081,13315,1
13081,13321,1
13083,01049,5
13083,01071,3
13083,13295,3
13083,47065,1
13083,47115,1
13085,13057,3
13085,13111,2
13085,13117,1
13085,13123,2
13085,13139,1
13085,13187,3
13085,13227,3
13087,12039,5
13087,13007,1
13087,13131,1
13087,13201,1
13087,13205,1
13087,13253,2
13089,13063,2
13089,13121,16
13089,13135,16
13089,13151,5
13089,13247,3
13091,13023,3
13091,13175,2
13091,13235,2
13091,13271,4
13091,13309,2
13091,13315,2
13093,13081,1
13093,13153,1
13093,13193,2
13093,13235,1
13093,13261,1
13093,13315,2
13095,13007,1
13095,13037,1
13095,13177,2
13095,13205,1
13095,13273,1
13095,13321,3
13097,13045,3
13097,13067,2
13097,13121,12
13097,13223,11
13099,01067,2
13099,01069,10
13099,13007,1
13099,13037,2
13099,13061,2
13099,13201,2
13099,13253,3
13101,12023,2
13101,12047,5
13101,13065,4
13101,13173,5
13101,13185,3
13103,13029,1
13103,13031,2
13103,13051,2
13103,13251,2
13103,45049,4
13103,45053,9
13105,13147,2
13105,13181,1
13105,13195,2
13105,13221,1
13105,13317,1
13105,45001,12
13105,45007,6
13105,45065,2
13107,13031,2
13107,13033,1
13107,13043,3
13107,13163,1
13107,13165,2
13107,13167,4
13107,13279,2
13107,13283,3
13109,13029,1
13109,13031,2
13109,13043,2
13109,13179,1
13109,13267,2
13111,13085,2
13111,13123,3
13111,13187,1
13111,13213,1
13111,13291,4
13111,37039,2
13111,47139,5
13113,13063,2
13113,13077,2
13113,13121,1
13113,13255,2
13115,01019,5
13115,13015,1
13115,13055,4
13115,13129,2
13115,13233,2
13115,13295,1
13117,13057,1
13117,13085,1
13117,13121,3
13117,13135,9
13117,13139,3
13119,13011,2
13119,13147,2
13119,13195,3
13119,13257,2
13119,45073,3
13121,13045,1
13121,13057,2
13121,13063,11
13121,13067,4
13121,13077,1
13121,13089,16
13121,13097,12
13121,13113,1
13121,13117,3
13121,13135,1
13123,13085,2
13123,13111,3
13123,13129,1
13123,13213,3
13123,13227,1
13125,13141,2
13125,13163,1
13125,13301,2
13125,13303,1
13127,13025,1
13127,13039,2
13127,13191,2
13127,13305,2
13129,13015,2
13129,13115,2
13129,13123,1
13129,13213,3
13129,13227,1
13129,13295,5
13129,13313,1
13131,12039,1
13131,12073,2
13131,13087,1
13131,13205,1
13131,13275,3
13133,13141,1
13133,13211,2
13133,13219,1
13133,13221,2
13133,13237,1
13133,13265,3
13135,13013,2
13135,13089,16
13135,13117,9
13135,13121,1
13135,13139,2
13135,13247,2
13135,13297,1
13137,13011,2
13137,13139,1
13137,13241,3
13137,13257,1
13137,13281,3
13137,13311,4
13137,45073,6
13139,13011,2
13139,13085,1
13139,13117,3
13139,13135,2
13139,13137,1
13139,13157,1
13139,13187,1
13139,13311,1
13141,13009,3
13141,13125,2
13141,13133,1
13141,13237,3
13141,13265,1
13141,13301,1
13141,13303,3
13143,01029,3
13143,13045,2
13143,13223,2
13143,13233,1
13145,01017,3
13145,01081,4
13145,13199,1
13145,13215,3
13145,13263,1
13145,13285,1
13147,13105,2
13147,13119,2
13147,13195,2
13147,45007,8
13147,45073,5
13149,01111,1
13149,13045,1
13149,13077,1
13149,13285,1
13151,13035,4
13151,13063,3
13151,13089,5
13151,13217,1
13151,13247,4
13151,13255,2
13153,13021,1
13153,13023,2
13153,13079,1
13153,13093,1
13153,13193,1
13153,13225,2
13153,13235,1
13153,13289,2
13155,13017,5
13155,13019,2
13155,13069,1
13155,13277,1
13155,13287,1
13157,13011,2
13157,13013,3
13157,13059,1
13157,13139,1
13157,13195,1
13159,13035,2
13159,13169,1
13159,13207,5
13159,13211,2
13159,13217,3
13159,13237,2
13161,13001,3
13161,13005,2
13161,13069,2
13161,13209,1
13161,13271,1
13161,13279,6
13161,13309,1
13163,13033,4
13163,13107,1
13163,13125,1
13163,13167,1
13163,13189,3
13163,13245,5
13163,13301,1
13163,13303,3
13165,13031,1
13165,13033,3
13165,13107,2
13165,13251,2
13167,13107,4
13167,13163,1
13167,13175,3
13167,13303,3
13167,13319,2
13169,13009,3
13169,13021,2
13169,13159,1
13169,13207,2
13169,13237,1
13169,13289,2
13169,13319,2
13171,13035,1
13171,13207,2
13171,13231,1
13171,13255,1
13171,13293,2
13173,13003,1
13173,13019,3
13173,13065,1
13173,13101,5
13173,13185,3
13175,13023,1
13175,13091,2
13175,13167,3
13175,13283,2
13175,13309,1
13175,13319,2
13177,13081,15
13177,13095,2
13177,13261,2
13177,13273,2
13177,13321,2
13179,13029,6
13179,13109,1
13179,13183,4
13179,13191,3
13179,13267,2
13181,13073,2
13181,13105,1
13181,13189,7
13181,13317,2
13181,45065,8
13183,13179,4
13183,13191,2
13183,13267,1
13183,13305,2
13185,12047,7
13185,12079,5
13185,13019,3
13185,13027,20
13185,13075,1
13185,13101,3
13185,13173,3
13187,13085,3
13187,13111,1
13187,13139,1
13187,13291,3
13187,13311,2
13189,13073,2
13189,13163,3
13189,13181,7
13189,13245,2
13189,13301,2
13189,13317,1
13191,13127,2
13191,13179,3
13191,13183,2
13191,13305,1
13193,13093,2
13193,13153,1
13193,13225,1
13193,13249,2
13193,13261,1
13193,13269,2
13195,13011,3
13195,13059,1
13195,13105,2
13195,13119,3
13195,13147,2
13195,13157,1
13195,13221,3
13197,13053,2
13197,13249,1
13197,13259,1
13197,13261,1
13197,13263,1
13197,13269,1
13197,13307,2
13199,13077,2
13199,13145,1
13199,13231,1
13199,13255,2
13199,13263,2
13199,13285,1
13199,13293,1
13201,13007,2
13201,13087,1
13201,13099,2
13201,13253,1
13205,13007,5
13205,13071,1
13205,13087,1
13205,13095,1
13205,13131,1
13205,13275,2
13205,13321,1
13207,13021,1
13207,13035,1
13207,13079,1
13207,13159,5
13207,13169,2
13207,13171,2
13207,13293,1
13209,13161,1
13209,13279,1
13209,13283,1
13209,13309,3
13211,13133,2
13211,13159,2
13211,13217,5
13211,13219,1
13211,13237,1
13211,13297,1
13213,13111,1
13213,13123,3
13213,13129,3
13213,13313,5
13213,47011,3
13213,47139,3
13215,01081,9
13215,01113,5
13215,13053,17
13215,13145,3
13215,13263,1
13217,13035,1
13217,13151,1
13217,13159,3
13217,13211,5
13217,13247,4
13217,13297,2
13219,13013,1
13219,13059,1
13219,13133,1
13219,13211,1
13219,13221,1
13219,13297,1
13221,13059,2
13221,13105,1
13221,13133,2
13221,13195,3
13221,13219,1
13221,13265,2
13221,13317,3
13223,13015,1
13223,13045,2
13223,13067,5
13223,13097,11
13223,13143,2
13223,13233,2
13225,13079,2
13225,13153,2
13225,13193,1
13225,13269,2
13227,13057,2
13227,13085,3
13227,13123,1
13227,13129,1
13229,13001,1
13229,13005,2
13229,13025,4
13229,13299,2
13229,13305,2
13231,13171,1
13231,13199,1
13231,13255,2
13231,13293,2
13233,01019,1
13233,01029,1
13233,13015,1
13233,13115,2
13233,13143,1
13233,13223,2
13235,13023,1
13235,13091,2
13235,13093,1
13235,13153,1
13235,13315,1
13237,13009,1
13237,13133,1
13237,13141,3
13237,13159,2
13237,13169,1
13237,13211,1
13239,01005,7
13239,13061,1
13239,13243,2
13239,13259,1
13241,13137,3
13241,13281,2
13241,37043,1
13241,37099,1
13241,37113,1
13241,45073,7
13243,13037,1
13243,13061,2
13243,13239,2
13243,13259,1
13243,13273,3
13243,13307,1
13245,13033,3
13245,13073,1
13245,13163,5
13245,13189,2
13245,45003,8
13245,45037,1
13247,13089,3
13247,13135,2
13247,13151,4
13247,13217,4
13247,13297,3
13249,13193,2
13249,13197,1
13249,13261,2
13249,13269,1
13251,13031,2
13251,13033,1
13251,13103,2
13251,13165,2
13251,45005,8
13251,45049,5
13253,01069,2
13253,12039,1
13253,12063,6
13253,13087,2
13253,13099,3
13253,13201,1
13255,13035,1
13255,13063,1
13255,13077,3
13255,13113,2
13255,13151,2
13255,13171,1
13255,13199,2
13255,13231,2
13257,13011,2
13257,13119,2
13257,13137,1
13257,45073,7
13259,01005,2
13259,01113,4
13259,13053,1
13259,13197,1
13259,13239,1
13259,13243,1
13259,13307,1
13261,13081,1
13261,13093,1
13261,13177,2
13261,13193,1
13261,13197,1
13261,13249,2
13261,13273,1
13261,13307,1
13263,13053,6
13263,13145,1
13263,13197,1
13263,13199,2
13263,13215,1
13263,13269,3
13263,13293,2
13265,13133,3
13265,13141,1
13265,13221,2
13265,13301,3
13265,13317,3
13267,13001,2
13267,13043,1
13267,13109,2
13267,13179,2
13267,13183,1
13267,13279,2
13267,13305,5
13269,13079,2
13269,13193,2
13269,13197,1
13269,13225,2
13269,13249,1
13269,13263,3
13269,13293,1
13271,13017,1
13271,13069,2
13271,13091,4
13271,13161,1
13271,13309,3
13271,13315,1
13273,13037,2
13273,13095,1
13273,13177,2
13273,13243,3
13273,13261,1
13273,13307,2
13275,12065,7
13275,12073,5
13275,13027,1
13275,13071,2
13275,13131,3
13275,13205,2
13277,13019,1
13277,13071,1
13277,13075,2
13277,13155,1
13277,13287,2
13277,13321,1
13279,13001,1
13279,13107,2
13279,13161,6
13279,13209,1
13279,13267,2
13279,13283,1
13281,13137,3
13281,13241,2
13281,13291,3
13281,13311,14
13281,37043,3
13283,13107,3
13283,13175,2
13283,13209,1
13283,13279,1
13283,13309,1
13285,01017,3
13285,01111,1
13285,13077,1
13285,13145,1
13285,13149,1
13285,13199,1
13287,13017,1
13287,13081,2
13287,13155,1
13287,13277,2
13287,13315,1
13287,13321,2
13289,13021,2
13289,13023,1
13289,13153,2
13289,13169,2
13289,13319,1
13291,13111,4
13291,13187,3
13291,13281,3
13291,13311,1
13291,37039,3
13291,37043,2
13293,13079,1
13293,13171,2
13293,13199,1
13293,13207,1
13293,13231,2
13293,13263,2
13293,13269,1
13295,01049,1
13295,13047,4
13295,13055,1
13295,13083,3
13295,13115,1
13295,13129,5
13295,13313,3
13295,47065,7
13297,13013,2
13297,13135,1
13297,13211,1
13297,13217,2
13297,13219,1
13297,13247,3
13299,12003,5
13299,13003,3
13299,13005,2
13299,13025,3
13299,13049,4
13299,13065,5
13299,13069,2
13299,13229,2
13301,13125,2
13301,13141,1
13301,13163,1
13301,13189,2
13301,13265,3
13301,13317,7
13303,13009,1
13303,13125,1
13303,13141,3
13303,13163,3
13303,13167,3
13303,13319,1
13305,13001,2
13305,13025,3
13305,13127,2
13305,13183,2
13305,13191,1
13305,13229,2
13305,13267,5
13307,13197,2
13307,13243,1
13307,13259,1
13307,13261,1
13307,13273,2
13309,13091,2
13309,13161,1
13309,13175,1
13309,13209,3
13309,13271,3
13309,13283,1
13311,13137,4
13311,13139,1
13311,13187,2
13311,13281,14
13311,13291,1
13313,13047,2
13313,13129,1
13313,13213,5
13313,13295,3
13313,47011,11
13313,47065,1
13315,13017,1
13315,13081,1
13315,13091,2
13315,13093,2
13315,13235,1
13315,13271,1
13315,13287,1
13317,13105,1
13317,13181,2
13317,13189,1
13317,13221,3
13317,13265,3
13317,13301,7
13319,13009,2
13319,13167,2
13319,13169,2
13319,13175,2
13319,13289,1
13319,13303,1
13321,13071,1
13321,13081,1
13321,13095,3
13321,13177,2
13321,13205,1
13321,13277,1
13321,13287,2
15005,15009,4
15009,15005,4
16001,16015,2
16001,16027,5
16001,16039,3
16001,16045,1
16001,16073,3
16003,16045,1
16003,16049,3
16003,16085,5
16003,16087,6
16003,41001,8
16003,41063,4
16005,16011,2
16005,16029,7
16005,16041,2
16005,16071,4
16005,16077,6
16007,16029,9
16007,16041,4
16007,49033,4
16007,56023,7
16009,16055,3
16009,16057,2
16009,16079,1
16009,53063,2
16009,53075,5
16011,16005,2
16011,16013,1
16011,16019,7
16011,16023,6
16011,16029,1
16011,16051,1
16011,16077,3
16013,16011,1
16013,16023,7
16013,16025,10
16013,16031,2
16013,16037,13
16013,16039,1
16013,16063,1
16013,16067,4
16013,16077,5
16015,16001,2
16015,16037,5
16015,16039,12
16015,16045,2
16015,16085,5
16017,16021,3
16017,16055,4
16017,16079,3
16017,30053,1
16017,30089,5
16017,53051,18
16017,53063,1
16019,16011,7
16019,16029,1
16019,16051,1
16019,16065,1
16019,16081,3
16019,56023,19
16019,56039,1
16021,16017,3
16021,30053,3
16021,53051,1
16023,16011,6
16023,16013,7
16023,16033,2
16023,16037,7
16023,16051,1
16023,16059,1
16025,16013,10
16025,16039,4
16025,16047,1
16025,16063,1
16027,16001,5
16027,16045,2
16027,16073,3
16027,16075,2
16027,41045,9
16029,16005,7
16029,16007,9
16029,16011,1
16029,16019,1
16029,16041,1
16029,56023,5
16031,16013,2
16031,16053,4
16031,16067,4
16031,16071,1
16031,16077,3
16031,16083,4
16031,32007,7
16031,49003,7
16033,16023,2
16033,16043,9
16033,16051,2
16033,16059,2
16033,30001,35
16035,16049,4
16035,16057,2
16035,16061,2
16035,16069,3
16035,16079,1
16035,30061,12
16035,30063,10
16037,16013,13
16037,16015,5
16037,16023,7
16037,16039,3
16037,16059,17
16037,16085,9
16039,16001,3
16039,16013,1
16039,16015,12
16039,16025,4
16039,16037,3
16039,16047,2
16039,16073,9
16039,16083,1
16041,16005,2
16041,16007,4
16041,16029,1
16041,16071,3
16041,49005,4
16043,16033,9
16043,16051,3
16043,16065,4
16043,16081,2
16043,30001,5
16043,30031,7
16043,30057,2
16043,56039,6
16045,16001,1
16045,16003,1
16045,16015,2
16045,16027,2
16045,16075,5
16045,16085,3
16045,16087,2
16047,16025,1
16047,16039,2
16047,16053,2
16047,16063,1
16047,16083,5
16049,16003,3
16049,16035,4
16049,16059,5
16049,16061,8
16049,16069,1
16049,16085,4
16049,30063,8
16049,30081,41
16049,41063,17
16051,16011,1
16051,16019,1
16051,16023,1
16051,16033,2
16051,16043,3
16051,16065,3
16053,16031,4
16053,16047,2
16053,16063,5
16053,16067,1
16053,16083,4
16055,16009,3
16055,16017,4
16055,16079,1
16055,53063,23
16057,16009,2
16057,16035,2
16057,16069,3
16057,16079,1
16057,53075,3
16059,16023,1
16059,16033,2
16059,16037,17
16059,16049,5
16059,16085,3
16059,30001,54
16059,30081,17
16061,16035,2
16061,16049,8
16061,16069,4
16063,16013,1
16063,16025,1
16063,16047,1
16063,16053,5
16063,16067,3
16065,16019,1
16065,16043,4
16065,16051,3
16065,16081,1
16067,16013,4
16067,16031,4
16067,16053,1
16067,16063,3
16069,16035,3
16069,16049,1
16069,16057,3
16069,16061,4
16069,41063,4
16069,53003,9
16069,53075,4
16071,16005,4
16071,16031,1
16071,16041,3
16071,16077,5
16071,49003,14
16071,49005,1
16073,16001,3
16073,16027,3
16073,16039,9
16073,16083,2
16073,32007,16
16073,32013,1
16073,41045,19
16075,16027,2
16075,16045,5
16075,16087,1
16075,41045,4
16077,16005,6
16077,16011,3
16077,16013,5
16077,16031,3
16077,16071,5
16079,16009,1
16079,16017,3
16079,16035,1
16079,16055,1
16079,16057,1
16079,30061,16
16079,30089,17
16081,16019,3
16081,16043,2
16081,16065,1
16081,56039,10
16083,16031,4
16083,16039,1
16083,16047,5
16083,16053,4
16083,16073,2
16083,32007,7
16085,16003,5
16085,16015,5
16085,16037,9
16085,16045,3
16085,16049,4
16085,16059,3
16087,16003,6
16087,16045,2
16087,16075,1
16087,41001,17
16087,41045,14
17001,17009,1
17001,17067,2
17001,17149,5
17001,17169,1
17001,29111,5
17001,29127,4
17003,17153,2
17003,17181,1
17003,21007,7
17003,29031,5
17003,29133,10
17003,29201,6
17005,17027,2
17005,17051,1
17005,17119,3
17005,17135,2
17007,17037,1
17007,17111,1
17007,17201,1
17007,55105,1
17007,55127,1
17009,17001,1
17009,17017,2
17009,17137,2
17009,17149,2
17009,17169,3
17011,17073,4
17011,17099,1
17011,17103,2
17011,17123,1
17011,17155,4
17011,17175,3
17011,17195,1
17013,17061,1
17013,17083,2
17013,17149,1
17013,29113,6
17013,29163,6
17013,29183,14
17015,17085,2
17015,17141,2
17015,17177,1
17015,17195,1
17015,19045,5
17015,19097,11
17017,17009,2
17017,17125,3
17017,17129,1
17017,17137,1
17017,17167,1
17017,17169,2
17019,17041,1
17019,17053,1
17019,17113,1
17019,17147,1
17019,17183,1
17021,17115,4
17021,17135,2
17021,17167,8
17021,17173,3
17023,17029,2
17023,17033,2
17023,17035,1
17023,17045,1
17023,17079,1
17023,18153,4
17023,18167,14
17025,17049,2
17025,17051,1
17025,17079,2
17025,17121,1
17025,17159,1
17025,17191,2
17027,17005,2
17027,17051,1
17027,17119,2
17027,17121,1
17027,17163,1
17027,17189,4
17029,17023,2
17029,17035,1
17029,17041,2
17029,17045,1
17029,17139,1
17029,17173,1
17031,17043,17
17031,17089,1
17031,17097,3
17031,17111,2
17031,17197,12
17031,18089,7
17033,17023,2
17033,17079,1
17033,17101,2
17033,17159,1
17033,18083,5
17033,18153,9
17035,17023,1
17035,17029,1
17035,17049,2
17035,17079,1
17035,17173,2
17037,17007,1
17037,17089,2
17037,17093,2
17037,17099,2
17037,17103,1
17037,17111,1
17037,17141,1
17039,17107,1
17039,17113,2
17039,17115,1
17039,17147,1
17041,17019,1
17041,17029,2
17041,17045,1
17041,17139,1
17041,17147,2
17043,17031,17
17043,17089,5
17043,17093,1
17043,17197,2
17045,17023,1
17045,17029,1
17045,17041,1
17045,17183,1
17045,18165,7
17045,18167,6
17047,17159,1
17047,17185,8
17047,17191,1
17047,17193,4
17049,17025,2
17049,17035,2
17049,17051,2
17049,17079,1
17049,17173,2
17051,17005,1
17051,17025,1
17051,17027,1
17051,17049,2
17051,17121,2
17051,17135,4
17051,17173,9
17053,17019,1
17053,17075,2
17053,17091,4
17053,17105,2
17053,17113,1
17053,17183,2
17055,17065,1
17055,17077,2
17055,17081,1
17055,17145,1
17055,17165,4
17055,17199,1
17057,17095,2
17057,17109,1
17057,17125,3
17057,17143,3
17057,17169,2
17057,17179,1
17057,17187,9
17059,17065,1
17059,17069,1
17059,17165,7
17059,17193,3
17059,18129,3
17059,21225,12
17061,17013,1
17061,17083,5
17061,17117,3
17061,17137,1
17061,17149,4
17061,17171,1
17063,17091,2
17063,17093,2
17063,17099,1
17063,17105,2
17063,17197,1
17065,17055,1
17065,17059,1
17065,17081,1
17065,17165,4
17065,17191,1
17065,17193,1
17067,17001,2
17067,17071,2
17067,17109,1
17067,17169,1
17067,19111,19
17067,29045,4
17067,29111,2
17069,17059,1
17069,17151,2
17069,17165,1
17069,21055,8
17069,21139,2
17069,21225,7
17071,17067,2
17071,17109,2
17071,17131,1
17071,17187,1
17071,19057,13
17071,19111,3
17073,17011,4
17073,17095,2
17073,17131,1
17073,17161,4
17073,17175,2
17073,17195,1
17075,17053,2
17075,17091,1
17075,17183,1
17075,18007,4
17075,18111,8
17077,17055,2
17077,17145,1
17077,17157,1
17077,17181,2
17077,17199,1
17077,29157,7
17079,17023,1
17079,17025,2
17079,17033,1
17079,17035,1
17079,17049,1
17079,17159,1
17081,17055,1
17081,17065,1
17081,17121,1
17081,17145,2
17081,17189,1
17081,17191,1
17083,17013,2
17083,17061,5
17083,17117,1
17083,17119,2
17083,29183,3
17085,17015,2
17085,17177,1
17085,19061,9
17085,19097,12
17085,55043,13
17085,55065,26
17087,17127,2
17087,17151,1
17087,17153,1
17087,17181,1
17087,17199,2
17089,17031,1
17089,17037,2
17089,17043,5
17089,17093,1
17089,17111,1
17091,17053,4
17091,17063,2
17091,17075,1
17091,17105,3
17091,17197,3
17091,18089,1
17091,18111,10
17093,17037,2
17093,17043,1
17093,17063,2
17093,17089,1
17093,17099,1
17093,17197,2
17095,17057,2
17095,17073,2
17095,17131,4
17095,17143,5
17095,17175,1
17095,17187,1
17097,17031,3
17097,17111,2
17097,55059,8
17099,17011,1
17099,17037,2
17099,17063,1
17099,17093,1
17099,17103,2
17099,17105,2
17099,17123,2
17099,17155,1
17099,17203,1
17101,17033,2
17101,17159,1
17101,17185,4
17101,18083,13
17103,17011,2
17103,17037,1
17103,17099,2
17103,17141,2
17103,17195,2
17105,17053,2
17105,17063,2
17105,17091,3
17105,17099,2
17105,17113,4
17105,17203,1
17107,17039,1
17107,17113,2
17107,17115,2
17107,17125,1
17107,17129,1
17107,17167,2
17107,17179,1
17109,17057,1
17109,17067,1
17109,17071,2
17109,17169,1
17109,17187,1
17111,17007,1
17111,17031,2
17111,17037,1
17111,17089,1
17111,17097,2
17111,55059,4
17111,55127,5
17113,17019,1
17113,17039,2
17113,17053,1
17113,17105,4
17113,17107,2
17113,17147,2
17113,17179,1
17113,17203,5
17115,17021,4
17115,17039,1
17115,17107,2
17115,17139,2
17115,17147,2
17115,17167,4
17115,17173,1
17117,17061,3
17117,17083,1
17117,17119,8
17117,17135,2
17117,17137,1
17117,17167,5
17119,17005,3
17119,17027,2
17119,17083,2
17119,17117,8
17119,17135,4
17119,17163,3
17119,29183,8
17119,29189,2
17119,29510,8
17121,17025,1
17121,17027,1
17121,17051,2
17121,17081,1
17121,17189,2
17121,17191,1
17123,17011,1
17123,17099,2
17123,17143,2
17123,17155,3
17123,17175,1
17123,17203,1
17125,17017,3
17125,17057,3
17125,17107,1
17125,17129,4
17125,17169,1
17125,17179,3
17127,17087,2
17127,17151,2
17127,17153,1
17127,21139,5
17127,21145,6
17129,17017,1
17129,17107,1
17129,17125,4
17129,17167,3
17131,17071,1
17131,17073,1
17131,17095,4
17131,17161,1
17131,17187,1
17131,19057,1
17131,19115,9
17131,19139,1
17133,17157,3
17133,17163,3
17133,29099,9
17133,29186,2
17133,29189,4
17135,17005,2
17135,17021,2
17135,17051,4
17135,17117,2
17135,17119,4
17135,17167,1
17135,17173,1
17137,17009,2
17137,17017,1
17137,17061,1
17137,17117,1
17137,17149,2
17137,17167,2
17137,17171,4
17139,17029,1
17139,17041,1
17139,17115,2
17139,17147,1
17139,17173,6
17141,17015,2
17141,17037,1
17141,17103,2
17141,17177,1
17141,17195,2
17141,17201,3
17143,17057,3
17143,17095,5
17143,17123,2
17143,17175,2
17143,17179,2
17143,17203,2
17145,17055,1
17145,17077,1
17145,17081,2
17145,17157,1
17145,17189,1
17147,17019,1
17147,17039,1
17147,17041,2
17147,17113,2
17147,17115,2
17147,17139,1
17149,17001,5
17149,17009,2
17149,17013,1
17149,17061,4
17149,17137,2
17149,17171,2
17149,29127,5
17149,29163,5
17149,29173,2
17151,17069,2
17151,17087,1
17151,17127,2
17151,17165,1
17151,21139,15
17153,17003,2
17153,17087,1
17153,17127,1
17153,17181,2
17153,21007,7
17153,21145,2
17155,17011,4
17155,17099,1
17155,17123,3
17157,17077,1
17157,17133,3
17157,17145,1
17157,17163,1
17157,17189,1
17157,29157,9
17157,29186,7
17159,17025,1
17159,17033,1
17159,17047,1
17159,17079,1
17159,17101,1
17159,17185,3
17159,17191,2
17161,17073,4
17161,17131,1
17161,17195,6
17161,19045,5
17161,19139,6
17161,19163,12
17163,17027,1
17163,17119,3
17163,17133,3
17163,17157,1
17163,17189,1
17163,29189,2
17163,29510,10
17165,17055,4
17165,17059,7
17165,17065,4
17165,17069,1
17165,17151,1
17165,17199,1
17167,17017,1
17167,17021,8
17167,17107,2
17167,17115,4
17167,17117,5
17167,17129,3
17167,17135,1
17167,17137,2
17169,17001,1
17169,17009,3
17169,17017,2
17169,17057,2
17169,17067,1
17169,17109,1
17169,17125,1
17171,17061,1
17171,17137,4
17171,17149,2
17173,17021,3
17173,17029,1
17173,17035,2
17173,17049,2
17173,17051,9
17173,17115,1
17173,17135,1
17173,17139,6
17175,17011,3
17175,17073,2
17175,17095,1
17175,17123,1
17175,17143,2
17177,17015,1
17177,17085,1
17177,17141,1
17177,17201,1
17177,55045,25
17177,55065,1
17179,17057,1
17179,17107,1
17179,17113,1
17179,17125,3
17179,17143,2
17179,17203,3
17181,17003,1
17181,17077,2
17181,17087,1
17181,17153,2
17181,17199,1
17181,29031,14
17181,29157,1
17183,17019,1
17183,17045,1
17183,17053,2
17183,17075,1
17183,18007,2
17183,18165,13
17183,18171,7
17185,17047,8
17185,17101,4
17185,17159,3
17185,17193,2
17185,18051,4
17185,18083,4
17187,17057,9
17187,17071,1
17187,17095,1
17187,17109,1
17187,17131,1
17189,17027,4
17189,17081,1
17189,17121,2
17189,17145,1
17189,17157,1
17189,17163,1
17191,17025,2
17191,17047,1
17191,17065,1
17191,17081,1
17191,17121,1
17191,17159,2
17191,17193,1
17193,17047,4
17193,17059,3
17193,17065,1
17193,17185,2
17193,17191,1
17193,18051,1
17193,18129,20
17195,17011,1
17195,17015,1
17195,17073,1
17195,17103,2
17195,17141,2
17195,17161,6
17195,19045,5
17197,17031,12
17197,17043,2
17197,17063,1
17197,17091,3
17197,17093,2
17197,18089,4
17199,17055,1
17199,17077,1
17199,17087,2
17199,17165,1
17199,17181,1
17201,17007,1
17201,17141,3
17201,17177,1
17201,55045,1
17201,55105,20
17203,17099,1
17203,17105,1
17203,17113,5
17203,17123,1
17203,17143,2
17203,17179,3
18001,18003,1
18001,18075,1
18001,18179,1
18001,39107,8
18001,39161,5
18003,18001,1
18003,18033,2
18003,18069,2
18003,18113,1
18003,18179,2
18003,18183,2
18003,39039,3
18003,39125,7
18003,39161,2
18005,18013,2
18005,18031,4
18005,18071,2
18005,18079,2
18005,18081,2
18005,18145,3
18007,17075,4
18007,17183,2
18007,18073,1
18007,18111,1
18007,18157,1
18007,18171,1
18007,18181,2
18009,18035,1
18009,18053,1
18009,18075,2
18009,18179,1
18011,18023,2
18011,18057,1
18011,18063,1
18011,18097,3
18011,18107,1
18013,18005,2
18013,18071,1
18013,18081,1
18013,18105,2
18013,18109,1
18015,18017,3
18015,18023,1
18015,18067,1
18015,18157,2
18015,18181,5
18017,18015,3
18017,18049,1
18017,18067,2
18017,18103,1
18017,18131,1
18017,18181,1
18019,18043,3
18019,18077,1
18019,18143,2
18019,18175,3
18019,21111,12
18019,21185,6
18019,21223,5
18021,18055,2
18021,18119,3
18021,18121,1
18021,18133,2
18021,18153,1
18021,18167,2
18023,18011,2
18023,18015,1
18023,18057,1
18023,18067,1
18023,18107,1
18023,18157,1
18023,18159,1
18025,18037,1
18025,18061,1
18025,18117,2
18025,18123,4
18025,18175,1
18025,21163,5
18027,18037,1
18027,18055,2
18027,18083,4
18027,18101,2
18027,18125,1
18029,18047,2
18029,18115,1
18029,18137,1
18029,21015,6
18029,39061,9
18031,18005,4
18031,18047,1
18031,18079,2
18031,18137,2
18031,18139,1
18031,18145,2
18033,18003,2
18033,18113,1
18033,18151,1
18033,39039,5
18033,39171,5
18035,18009,1
18035,18053,2
18035,18065,2
18035,18075,2
18035,18095,1
18035,18135,1
18037,18025,1
18037,18027,1
18037,18101,1
18037,18117,1
18037,18123,2
18037,18125,1
18037,18147,1
18037,18173,2
18039,18085,1
18039,18087,1
18039,18099,3
18039,18113,2
18039,18141,3
18039,26027,9
18039,26149,5
18041,18047,1
18041,18065,1
18041,18139,1
18041,18161,1
18041,18177,2
18043,18019,3
18043,18061,2
18043,18175,3
18043,21111,5
18045,18107,3
18045,18121,8
18045,18157,1
18045,18165,1
18045,18171,6
18047,18029,2
18047,18031,1
18047,18041,1
18047,18137,2
18047,18139,2
18047,18161,1
18047,39017,6
18049,18017,1
18049,18085,2
18049,18099,1
18049,18103,2
18049,18131,1
18049,18169,2
18051,17185,4
18051,17193,1
18051,18083,2
18051,18125,3
18051,18129,2
18051,18163,1
18051,18173,3
18053,18009,1
18053,18035,2
18053,18067,1
18053,18069,1
18053,18095,2
18053,18103,1
18053,18159,1
18053,18169,2
18053,18179,2
18055,18021,2
18055,18027,2
18055,18083,1
18055,18093,1
18055,18101,1
18055,18105,1
18055,18119,1
18055,18153,1
18057,18011,1
18057,18023,1
18057,18059,2
18057,18095,1
18057,18097,2
18057,18159,1
18059,18057,2
18059,18065,1
18059,18095,1
18059,18097,4
18059,18139,2
18059,18145,1
18061,18025,1
18061,18043,2
18061,18175,1
18061,21093,2
18061,21111,10
18061,21163,12
18063,18011,1
18063,18097,2
18063,18107,1
18063,18109,2
18063,18133,2
18065,18035,2
18065,18041,1
18065,18059,1
18065,18095,1
18065,18135,2
18065,18139,1
18065,18177,1
18067,18015,1
18067,18017,2
18067,18023,1
18067,18053,1
18067,18103,2
18067,18159,2
18069,18003,2
18069,18053,1
18069,18169,1
18069,18179,2
18069,18183,1
18071,18005,2
18071,18013,1
18071,18079,1
18071,18093,2
18071,18105,3
18071,18143,1
18071,18175,2
18073,18007,1
18073,18089,2
18073,18111,1
18073,18127,3
18073,18131,2
18073,18149,2
18073,18181,3
18075,18001,1
18075,18009,2
18075,18035,2
18075,18135,1
18075,18179,1
18075,39037,1
18075,39107,3
18077,18019,1
18077,18079,1
18077,18137,1
18077,18143,3
18077,18155,1
18077,21041,7
18077,21223,7
18079,18005,2
18079,18031,2
18079,18071,1
18079,18077,1
18079,18137,1
18079,18143,1
18081,18005,2
18081,18013,1
18081,18097,3
18081,18109,2
18081,18145,6
18083,17033,5
18083,17101,13
18083,17185,4
18083,18027,4
18083,18051,2
18083,18055,1
18083,18125,1
18083,18153,1
18085,18039,1
18085,18049,2
18085,18099,2
18085,18113,1
18085,18169,2
18085,18183,2
18087,18039,1
18087,18113,1
18087,18151,1
18087,26023,6
18087,26149,18
18089,17031,7
18089,17091,1
18089,17197,4
18089,18073,2
18089,18111,2
18089,18127,1
18091,18127,3
18091,18141,3
18091,18149,3
18091,26021,10
18093,18055,1
18093,18071,2
18093,18101,1
18093,18105,2
18093,18117,1
18093,18175,1
18095,18035,1
18095,18053,2
18095,18057,1
18095,18059,1
18095,18065,1
18095,18159,2
18097,18011,3
18097,18057,2
18097,18059,4
18097,18063,2
18097,18081,3
18097,18109,3
18097,18145,1
18099,18039,3
18099,18049,1
18099,18085,2
18099,18141,2
18099,18149,1
18101,18027,2
18101,18037,1
18101,18055,1
18101,18093,1
18101,18117,1
18103,18017,1
18103,18049,2
18103,18053,1
18103,18067,2
18103,18169,2
18105,18013,2
18105,18055,1
18105,18071,3
18105,18093,2
18105,18109,3
18105,18119,2
18107,18011,1
18107,18023,1
18107,18045,3
18107,18063,1
18107,18121,2
18107,18133,1
18107,18157,1
18109,18013,1
18109,18063,2
18109,18081,2
18109,18097,3
18109,18105,3
18109,18119,2
18109,18133,1
18111,17075,8
18111,17091,10
18111,18007,1
18111,18073,1
18111,18089,2
18113,18003,1
18113,18033,1
18113,18039,2
18113,18085,1
18113,18087,1
18113,18183,2
18115,18029,1
18115,18137,1
18115,18155,3
18115,21015,2
18117,18025,2
18117,18037,1
18117,18093,1
18117,18101,1
18117,18175,2
18119,18021,3
18119,18055,1
18119,18105,2
18119,18109,2
18119,18133,1
18121,18021,1
18121,18045,8
18121,18107,2
18121,18133,1
18121,18165,3
18121,18167,1
18123,18025,4
18123,18037,2
18123,18147,2
18123,21027,9
18123,21091,11
18123,21163,6
18125,18027,1
18125,18037,1
18125,18051,3
18125,18083,1
18125,18173,1
18127,18073,3
18127,18089,1
18127,18091,3
18129,17059,3
18129,17193,20
18129,18051,2
18129,18163,1
18129,21101,12
18129,21225,17
18131,18017,1
18131,18049,1
18131,18073,2
18131,18149,1
18131,18181,2
18133,18021,2
18133,18063,2
18133,18107,1
18133,18109,1
18133,18119,1
18133,18121,1
18135,18035,1
18135,18065,2
18135,18075,1
18135,18177,1
18135,39037,11
18137,18029,1
18137,18031,2
18137,18047,2
18137,18077,1
18137,18079,1
18137,18115,1
18137,18155,2
18139,18031,1
18139,18041,1
18139,18047,2
18139,18059,2
18139,18065,1
18139,18145,2
18141,18039,3
18141,18091,3
18141,18099,2
18141,18149,5
18141,26021,4
18141,26027,5
18143,18019,2
18143,18071,1
18143,18077,3
18143,18079,1
18143,18175,2
18145,18005,3
18145,18031,2
18145,18059,1
18145,18081,6
18145,18097,1
18145,18139,2
18147,18037,1
18147,18123,2
18147,18173,4
18147,21059,18
18147,21091,7
18149,18073,2
18149,18091,3
18149,18099,1
18149,18131,1
18149,18141,5
18151,18033,1
18151,18087,1
18151,26023,13
18151,26059,7
18151,39171,6
18153,17023,4
18153,17033,9
18153,18021,1
18153,18055,1
18153,18083,1
18153,18167,1
18155,18077,1
18155,18115,3
18155,18137,2
18155,21015,4
18155,21041,7
18155,21077,7
18157,18007,1
18157,18015,2
18157,18023,1
18157,18045,1
18157,18107,1
18157,18171,2
18157,18181,1
18159,18023,1
18159,18053,1
18159,18057,1
18159,18067,2
18159,18095,2
18161,18041,1
18161,18047,1
18161,18177,1
18161,39017,5
18161,39135,5
18163,18051,1
18163,18129,1
18163,18173,1
18163,21101,31
18165,17045,7
18165,17183,13
18165,18045,1
18165,18121,3
18165,18167,1
18165,18171,1
18167,17023,14
18167,17045,6
18167,18021,2
18167,18121,1
18167,18153,1
18167,18165,1
18169,18049,2
18169,18053,2
18169,18069,1
18169,18085,2
18169,18103,2
18169,18183,2
18171,17183,7
18171,18007,1
18171,18045,6
18171,18157,2
18171,18165,1
18173,18037,2
18173,18051,3
18173,18125,1
18173,18147,4
18173,18163,1
18173,21059,1
18173,21101,6
18175,18019,3
18175,18025,1
18175,18043,3
18175,18061,1
18175,18071,2
18175,18093,1
18175,18117,2
18175,18143,2
18177,18041,2
18177,18065,1
18177,18135,1
18177,18161,1
18177,39037,3
18177,39135,15
18179,18001,1
18179,18003,2
18179,18009,1
18179,18053,2
18179,18069,2
18179,18075,1
18181,18007,2
18181,18015,5
18181,18017,1
18181,18073,3
18181,18131,2
18181,18157,1
18183,18003,2
18183,18069,1
18183,18085,2
18183,18113,2
18183,18169,2
19001,19003,1
19001,19029,1
19001,19077,1
19001,19121,1
19001,19175,1
19003,19001,1
19003,19029,2
19003,19137,1
19003,19173,1
19003,19175,1
19005,19043,1
19005,19191,1
19005,27055,13
19005,55023,10
19005,55123,1
19007,19051,1
19007,19135,1
19007,19185,1
19007,29171,14
19007,29197,4
19009,19027,1
19009,19029,1
19009,19077,2
19009,19165,3
19011,19013,1
19011,19019,1
19011,19095,1
19011,19113,1
19011,19171,1
19013,19011,1
19013,19017,1
19013,19019,1
19013,19023,2
19013,19075,1
19013,19171,1
19015,19049,1
19015,19073,1
19015,19079,1
19015,19153,1
19015,19169,1
19015,19187,1
19017,19013,1
19017,19023,1
19017,19037,1
19017,19065,1
19019,19011,1
19019,19013,1
19019,19055,1
19019,19065,1
19019,19113,1
19021,19035,1
19021,19041,1
19021,19151,1
19021,19161,1
19023,19013,2
19023,19017,1
19023,19067,1
19023,19069,1
19023,19075,1
19025,19027,1
19025,19073,1
19025,19151,1
19025,19161,3
19025,19187,2
19027,19009,1
19027,19025,1
19027,19047,1
19027,19073,1
19027,19077,8
19027,19161,1
19029,19001,1
19029,19003,2
19029,19009,1
19029,19137,2
19029,19155,1
19029,19165,1
19031,19045,1
19031,19103,1
19031,19105,1
19031,19113,1
19031,19139,1
19031,19163,1
19033,19067,1
19033,19069,1
19033,19081,1
19033,19131,1
19033,19195,1
19035,19021,1
19035,19093,1
19035,19141,1
19035,19149,1
19035,19193,2
19037,19017,1
19037,19065,1
19037,19067,1
19037,19089,1
19037,19191,1
19039,19053,1
19039,19117,1
19039,19121,2
19039,19175,1
19039,19181,1
19041,19021,1
19041,19059,1
19041,19141,1
19041,19147,1
19043,19005,1
19043,19055,1
19043,19061,2
19043,19065,1
19043,55023,3
19043,55043,11
19045,17015,5
19045,17161,5
19045,17195,5
19045,19031,1
19045,19097,1
19045,19105,1
19045,19163,2
19047,19027,1
19047,19085,1
19047,19093,1
19047,19133,1
19047,19161,1
19047,19165,1
19049,19015,1
19049,19073,1
19049,19077,2
19049,19121,2
19049,19153,2
19051,19007,1
19051,19177,2
19051,19179,1
19051,29197,8
19051,29199,8
19053,19039,1
19053,19159,1
19053,19185,1
19053,29081,16
19053,29129,19
19055,19019,1
19055,19043,1
19055,19061,1
19055,19105,1
19055,19113,1
19057,17071,13
19057,17131,1
19057,19087,2
19057,19111,2
19057,19115,1
19059,19041,1
19059,19063,2
19059,19143,1
19059,27063,21
19061,17085,9
19061,19043,2
19061,19055,1
19061,19097,3
19061,19105,1
19061,55043,9
19063,19059,2
19063,19109,1
19063,19147,1
19063,27063,7
19063,27091,6
19065,19017,1
19065,19019,1
19065,19037,1
19065,19043,1
19065,19191,1
19067,19023,1
19067,19033,1
19067,19037,1
19067,19131,1
19069,19023,1
19069,19033,1
19069,19083,1
19069,19197,1
19071,19129,2
19071,19145,1
19071,29005,13
19071,31025,2
19071,31131,15
19073,19015,1
19073,19025,1
19073,19027,1
19073,19049,1
19073,19077,1
19073,19187,1
19075,19013,1
19075,19023,1
19075,19083,2
19075,19127,1
19075,19171,2
19077,19001,1
19077,19009,2
19077,19027,8
19077,19049,2
19077,19073,1
19079,19015,1
19079,19083,2
19079,19169,1
19079,19187,2
19079,19197,2
19081,19033,1
19081,19109,1
19081,19189,1
19081,19197,1
19083,19069,1
19083,19075,2
19083,19079,2
19083,19127,1
19083,19169,1
19085,19047,1
19085,19133,2
19085,19155,1
19085,19165,3
19085,31021,9
19085,31177,15
19087,19057,2
19087,19101,1
19087,19111,1
19087,19115,2
19087,19177,1
19087,19183,1
19089,19037,1
19089,19131,1
19089,19191,1
19089,27045,12
19089,27099,2
19091,19109,1
19091,19151,1
19091,19187,1
19091,19197,1
19093,19035,1
19093,19047,1
19093,19161,3
19093,19193,3
19095,19011,1
19095,19103,1
19095,19107,1
19095,19157,1
19095,19183,1
19097,17015,11
19097,17085,12
19097,19045,1
19097,19061,3
19097,19105,1
19099,19123,1
19099,19125,1
19099,19127,1
19099,19153,2
19099,19157,1
19099,19169,1
19101,19087,1
19101,19107,1
19101,19177,1
19101,19179,1
19101,19183,2
19103,19031,1
19103,19095,1
19103,19113,1
19103,19115,1
19103,19139,1
19103,19183,2
19105,19031,1
19105,19045,1
19105,19055,1
19105,19061,1
19105,19097,1
19105,19113,1
19107,19095,1
19107,19101,1
19107,19123,1
19107,19157,1
19107,19179,1
19107,19183,1
19109,19063,1
19109,19081,1
19109,19091,1
19109,19147,2
19109,19189,1
19109,27043,5
19109,27091,3
19111,17067,19
19111,17071,3
19111,19057,2
19111,19087,1
19111,19177,1
19111,29045,9
19113,19011,1
19113,19019,1
19113,19031,1
19113,19055,1
19113,19103,1
19113,19105,1
19115,17131,9
19115,19057,1
19115,19087,2
19115,19103,1
19115,19139,2
19115,19183,1
19117,19039,1
19117,19125,1
19117,19135,2
19117,19181,1
19117,19185,1
19119,19143,1
19119,19167,2
19119,27105,2
19119,27133,6
19119,46083,19
19119,46099,2
19121,19001,1
19121,19039,2
19121,19049,2
19121,19175,1
19121,19181,1
19123,19099,1
19123,19107,1
19123,19125,1
19123,19135,1
19123,19157,1
19123,19179,1
19125,19099,1
19125,19117,1
19125,19123,1
19125,19135,1
19125,19153,2
19125,19181,1
19127,19075,1
19127,19083,1
19127,19099,1
19127,19169,1
19127,19171,1
19129,19071,2
19129,19137,1
19129,19155,1
19129,31025,5
19129,31153,1
19131,19033,1
19131,19067,1
19131,19089,1
19131,19195,1
19131,27099,12
19133,19047,1
19133,19085,2
19133,19193,1
19133,31021,11
19133,31173,6
19135,19007,1
19135,19117,2
19135,19123,1
19135,19125,1
19135,19179,1
19137,19003,1
19137,19029,2
19137,19129,1
19137,19145,1
19137,19155,1
19139,17131,1
19139,17161,6
19139,19031,1
19139,19103,1
19139,19115,2
19139,19163,2
19141,19035,1
19141,19041,1
19141,19143,1
19141,19167,1
19143,19059,1
19143,19119,1
19143,19141,1
19143,27063,4
19143,27105,10
19145,19071,1
19145,19137,1
19145,19173,1
19145,29005,10
19145,29147,13
19147,19041,1
19147,19063,1
19147,19109,2
19147,19151,1
19149,19035,1
19149,19167,1
19149,19193,1
19149,46127,16
19151,19021,1
19151,19025,1
19151,19091,1
19151,19147,1
19151,19187,1
19153,19015,1
19153,19049,2
19153,19099,2
19153,19125,2
19153,19169,1
19153,19181,2
19155,19029,1
19155,19085,1
19155,19129,1
19155,19137,1
19155,19165,1
19155,31055,11
19155,31153,3
19155,31177,3
19157,19095,1
19157,19099,1
19157,19107,1
19157,19123,1
19157,19171,1
19159,19053,1
19159,19173,1
19159,19175,1
19159,29081,6
19159,29227,11
19161,19021,1
19161,19025,3
19161,19027,1
19161,19047,1
19161,19093,3
19163,17161,12
19163,19031,1
19163,19045,2
19163,19139,2
19165,19009,3
19165,19029,1
19165,19047,1
19165,19085,3
19165,19155,1
19167,19119,2
19167,19141,1
19167,19149,1
19167,46083,6
19167,46127,5
19169,19015,1
19169,19079,1
19169,19083,1
19169,19099,1
19169,19127,1
19169,19153,1
19171,19011,1
19171,19013,1
19171,19075,2
19171,19127,1
19171,19157,1
19173,19003,1
19173,19145,1
19173,19159,1
19173,29147,10
19173,29227,8
19175,19001,1
19175,19003,1
19175,19039,1
19175,19121,1
19175,19159,1
19177,19051,2
19177,19087,1
19177,19101,1
19177,19111,1
19177,29045,9
19177,29199,10
19179,19051,1
19179,19101,1
19179,19107,1
19179,19123,1
19179,19135,1
19181,19039,1
19181,19117,1
19181,19121,1
19181,19125,1
19181,19153,2
19183,19087,1
19183,19095,1
19183,19101,2
19183,19103,2
19183,19107,1
19183,19115,1
19185,19007,1
19185,19053,1
19185,19117,1
19185,29129,9
19185,29171,5
19187,19015,1
19187,19025,2
19187,19073,1
19187,19079,2
19187,19091,1
19187,19151,1
19187,19197,1
19189,19081,1
19189,19109,1
19189,19195,1
19189,27043,7
19189,27047,7
19191,19005,1
19191,19037,1
19191,19065,1
19191,19089,1
19191,27045,13
19191,27055,16
19193,19035,2
19193,19093,3
19193,19133,1
19193,19149,1
19193,31043,14
19193,31173,6
19193,46127,7
19195,19033,1
19195,19131,1
19195,19189,1
19195,27047,9
19195,27099,2
19197,19069,1
19197,19079,2
19197,19081,1
19197,19091,1
19197,19187,1
20001,20003,1
20001,20011,1
20001,20133,1
20001,20207,1
20003,20001,1
20003,20031,1
20003,20059,1
20003,20107,1
20005,20013,1
20005,20043,2
20005,20085,1
20005,20087,1
20005,20103,1
20005,29021,5
20005,29165,1
20007,20033,2
20007,20077,1
20007,20095,2
20007,20097,3
20007,20151,1
20007,40003,5
20007,40151,12
20009,20053,2
20009,20145,2
20009,20159,1
20009,20165,1
20009,20167,1
20009,20185,1
20011,20001,1
20011,20037,1
20011,20107,1
20011,20133,1
20011,29217,27
20013,20005,1
20013,20043,1
20013,20085,1
20013,20131,2
20013,31147,4
20015,20017,1
20015,20035,1
20015,20049,1
20015,20073,2
20015,20079,1
20015,20115,1
20015,20173,1
20017,20015,1
20017,20073,2
20017,20111,1
20017,20115,1
20017,20127,2
20019,20035,1
20019,20049,1
20019,20125,1
20019,40113,14
20019,40147,1
20021,20037,2
20021,20099,1
20021,29097,23
20021,29145,3
20021,40035,5
20021,40115,12
20023,08063,1
20023,08125,7
20023,20153,2
20023,20181,1
20023,31057,11
20025,20033,1
20025,20057,2
20025,20097,2
20025,20119,2
20025,40007,2
20025,40059,9
20027,20029,1
20027,20041,1
20027,20061,2
20027,20143,1
20027,20161,1
20027,20201,1
20029,20027,1
20029,20089,1
20029,20123,2
20029,20143,2
20029,20157,1
20029,20201,4
20031,20003,1
20031,20059,1
20031,20073,1
20031,20111,1
20031,20139,1
20031,20207,1
20033,20007,2
20033,20025,1
20033,20097,1
20033,40059,6
20033,40151,6
20035,20015,1
20035,20019,1
20035,20049,1
20035,20191,1
20035,40071,19
20035,40113,5
20037,20011,1
20037,20021,2
20037,20099,2
20037,20133,1
20037,29011,24
20037,29097,1
20037,29217,2
20039,20137,2
20039,20153,1
20039,20179,1
20039,20193,1
20039,31065,3
20039,31145,23
20041,20027,1
20041,20061,3
20041,20115,2
20041,20127,2
20041,20143,1
20041,20169,1
20043,20005,2
20043,20013,1
20043,29003,4
20043,29021,6
20043,29087,14
20043,31147,1
20045,20059,1
20045,20087,2
20045,20091,2
20045,20103,2
20045,20139,2
20045,20177,1
20047,20057,1
20047,20083,1
20047,20097,2
20047,20145,3
20047,20151,1
20047,20185,2
20049,20015,1
20049,20019,1
20049,20035,1
20049,20073,1
20049,20125,2
20049,20205,1
20051,20135,1
20051,20141,1
20051,20163,1
20051,20165,1
20051,20167,1
20051,20195,1
20053,20009,2
20053,20105,1
20053,20113,1
20053,20159,1
20053,20167,1
20053,20169,1
20055,20069,2
20055,20081,1
20055,20083,1
20055,20093,2
20055,20101,1
20055,20135,1
20055,20171,1
20057,20025,2
20057,20047,1
20057,20069,2
20057,20083,1
20057,20097,1
20057,20119,4
20059,20003,1
20059,20031,1
20059,20045,1
20059,20121,1
20059,20139,1
20061,20027,2
20061,20041,3
20061,20127,1
20061,20161,6
20061,20197,1
20063,20065,2
20063,20101,1
20063,20109,1
20063,20135,1
20063,20171,1
20063,20179,1
20063,20193,3
20063,20195,1
20065,20063,2
20065,20137,1
20065,20147,1
20065,20163,1
20065,20179,1
20065,20195,1
20067,20081,1
20067,20093,1
20067,20187,1
20067,20189,1
20069,20055,2
20069,20057,2
20069,20081,1
20069,20083,1
20069,20119,1
20071,08017,6
20071,08061,10
20071,08099,1
20071,20075,1
20071,20199,1
20071,20203,1
20073,20015,2
20073,20017,2
20073,20031,1
20073,20049,1
20073,20111,1
20073,20205,1
20073,20207,2
20075,08099,9
20075,20071,1
20075,20093,2
20075,20187,1
20075,20203,3
20077,20007,1
20077,20095,1
20077,20191,2
20077,40003,7
20077,40053,4
20079,20015,1
20079,20113,1
20079,20115,2
20079,20155,1
20079,20173,1
20081,20055,1
20081,20067,1
20081,20069,1
20081,20119,1
20081,20175,1
20081,20189,1
20083,20047,1
20083,20055,1
20083,20057,1
20083,20069,1
20083,20135,1
20083,20145,2
20085,20005,1
20085,20013,1
20085,20087,2
20085,20131,2
20085,20149,1
20085,20177,1
20087,20005,1
20087,20045,2
20087,20085,2
20087,20103,1
20087,20177,2
20089,20029,1
20089,20123,1
20089,20141,2
20089,20157,1
20089,20183,2
20089,31129,15
20089,31181,2
20091,20045,2
20091,20103,1
20091,20121,1
20091,20209,2
20091,29037,5
20091,29095,11
20093,20055,2
20093,20067,1
20093,20075,2
20093,20171,1
20093,20203,1
20095,20007,2
20095,20077,1
20095,20151,1
20095,20155,1
20095,20173,1
20095,20191,2
20097,20007,3
20097,20025,2
20097,20033,1
20097,20047,2
20097,20057,1
20097,20151,1
20099,20021,1
20099,20037,2
20099,20125,2
20099,20133,1
20099,40035,9
20099,40105,3
20101,20055,1
20101,20063,1
20101,20135,1
20101,20171,2
20103,20005,1
20103,20045,2
20103,20087,1
20103,20091,1
20103,20209,2
20103,29165,8
20105,20053,1
20105,20123,1
20105,20141,6
20105,20143,1
20105,20167,2
20105,20169,3
20107,20003,1
20107,20011,1
20107,20121,1
20107,29013,23
20107,29217,1
20109,20063,1
20109,20171,1
20109,20181,1
20109,20193,1
20109,20199,1
20109,20203,1
20111,20017,1
20111,20031,1
20111,20073,1
20111,20127,1
20111,20139,1
20111,20197,1
20113,20053,1
20113,20079,1
20113,20115,1
20113,20155,1
20113,20159,1
20113,20169,1
20115,20015,1
20115,20017,1
20115,20041,2
20115,20079,2
20115,20113,1
20115,20127,2
20117,20131,2
20117,20149,1
20117,20161,1
20117,20201,1
20117,31067,11
20117,31133,4
20119,20025,2
20119,20057,4
20119,20069,1
20119,20081,1
20119,20175,2
20119,40007,11
20121,20059,1
20121,20091,1
20121,20107,1
20121,29013,3
20121,29037,11
20123,20029,2
20123,20089,1
20123,20105,1
20123,20141,1
20123,20143,2
20125,20019,1
20125,20049,2
20125,20099,2
20125,20133,1
20125,20205,1
20125,40105,16
20125,40147,9
20127,20017,2
20127,20041,2
20127,20061,1
20127,20111,1
20127,20115,2
20127,20197,3
20129,08009,15
20129,20187,1
20129,20189,1
20129,40025,1
20129,40139,6
20131,20013,2
20131,20085,2
20131,20117,2
20131,20149,2
20131,31133,12
20131,31147,3
20133,20001,1
20133,20011,1
20133,20037,1
20133,20099,1
20133,20125,1
20133,20205,1
20135,20051,1
20135,20055,1
20135,20063,1
20135,20083,1
20135,20101,1
20135,20145,1
20135,20165,1
20135,20195,1
20137,20039,2
20137,20065,1
20137,20147,1
20137,20179,1
20137,31065,15
20137,31083,2
20139,20031,1
20139,20045,2
20139,20059,1
20139,20111,1
20139,20177,1
20139,20197,1
20141,20051,1
20141,20089,2
20141,20105,6
20141,20123,1
20141,20163,1
20141,20167,1
20141,20183,1
20143,20027,1
20143,20029,2
20143,20041,1
20143,20105,1
20143,20123,2
20143,20169,1
20145,20009,2
20145,20047,3
20145,20083,2
20145,20135,1
20145,20165,1
20145,20185,2
20147,20065,1
20147,20137,1
20147,20163,1
20147,20183,1
20147,31061,6
20147,31083,17
20149,20085,1
20149,20117,1
20149,20131,2
20149,20161,5
20149,20177,1
20149,20197,4
20151,20007,1
20151,20047,1
20151,20095,1
20151,20097,1
20151,20155,2
20151,20185,1
20153,20023,2
20153,20039,1
20153,20181,1
20153,20193,1
20153,31057,5
20153,31087,13
20153,31145,2
20155,20079,1
20155,20095,1
20155,20113,1
20155,20151,2
20155,20159,1
20155,20173,2
20155,20185,1
20157,20029,1
20157,20089,1
20157,20201,1
20157,31129,5
20157,31169,14
20159,20009,1
20159,20053,1
20159,20113,1
20159,20155,1
20159,20185,1
20161,20027,1
20161,20061,6
20161,20117,1
20161,20149,5
20161,20197,2
20161,20201,1
20163,20051,1
20163,20065,1
20163,20141,1
20163,20147,1
20163,20183,1
20163,20195,2
20165,20009,1
20165,20051,1
20165,20135,1
20165,20145,1
20165,20167,1
20167,20009,1
20167,20051,1
20167,20053,1
20167,20105,2
20167,20141,1
20167,20165,1
20169,20041,1
20169,20053,1
20169,20105,3
20169,20113,1
20169,20143,1
20171,20055,1
20171,20063,1
20171,20093,1
20171,20101,2
20171,20109,1
20171,20203,1
20173,20015,1
20173,20079,1
20173,20095,1
20173,20155,2
20173,20191,1
20175,20081,1
20175,20119,2
20175,20189,2
20175,40007,10
20175,40139,5
20177,20045,1
20177,20085,1
20177,20087,2
20177,20139,1
20177,20149,1
20177,20197,2
20179,20039,1
20179,20063,1
20179,20065,1
20179,20137,1
20179,20193,1
20181,08063,10
20181,20023,1
20181,20109,1
20181,20153,1
20181,20193,1
20181,20199,1
20183,20089,2
20183,20141,1
20183,20147,1
20183,20163,1
20183,31061,13
20183,31181,17
20185,20009,1
20185,20047,2
20185,20145,2
20185,20151,1
20185,20155,1
20185,20159,1
20187,08009,10
20187,08099,5
20187,20067,1
20187,20075,1
20187,20129,1
20187,20189,3
20189,20067,1
20189,20081,1
20189,20129,1
20189,20175,2
20189,20187,3
20189,40139,11
20191,20035,1
20191,20077,2
20191,20095,2
20191,20173,1
20191,40053,13
20191,40071,3
20193,20039,1
20193,20063,3
20193,20109,1
20193,20153,1
20193,20179,1
20193,20181,1
20195,20051,1
20195,20063,1
20195,20065,1
20195,20135,1
20195,20163,2
20197,20061,1
20197,20111,1
20197,20127,3
20197,20139,1
20197,20149,4
20197,20161,2
20197,20177,2
20199,08017,7
20199,08063,2
20199,20071,1
20199,20109,1
20199,20181,1
20199,20203,1
20201,20027,1
20201,20029,4
20201,20117,1
20201,20157,1
20201,20161,1
20201,31067,6
20201,31095,14
20203,20071,1
20203,20075,3
20203,20093,1
20203,20109,1
20203,20171,1
20203,20199,1
20205,20049,1
20205,20073,1
20205,20125,1
20205,20133,1
20205,20207,1
20207,20001,1
20207,20031,1
20207,20073,2
20207,20205,1
20209,20091,2
20209,20103,2
20209,29047,4
20209,29095,4
20209,29165,6
21001,21045,2
21001,21057,1
21001,21087,2
21001,21169,1
21001,21207,2
21001,21217,2
21003,21009,1
21003,21171,1
21003,21213,1
21003,21227,1
21003,47111,8
21003,47165,6
21005,21073,1
21005,21167,2
21005,21179,1
21005,21211,1
21005,21215,1
21005,21229,1
21005,21239,1
21007,17003,7
21007,17153,7
21007,21039,2
21007,21145,1
21007,29133,1
21009,21003,1
21009,21061,2
21009,21099,2
21009,21169,1
21009,21171,1
21009,21227,1
21011,21069,4
21011,21165,20
21011,21173,2
21011,21181,2
21011,21205,1
21013,21051,3
21013,21095,2
21013,21121,3
21013,21131,6
21013,21235,2
21013,47025,3
21013,51105,4
21015,18029,6
21015,18115,2
21015,18155,4
21015,21077,1
21015,21081,3
21015,21117,2
21015,39061,10
21017,21049,1
21017,21067,2
21017,21097,2
21017,21173,1
21017,21181,2
21017,21209,1
21019,21043,2
21019,21089,1
21019,21127,1
21019,39087,1
21019,54099,10
21021,21045,1
21021,21079,1
21021,21137,2
21021,21155,1
21021,21167,1
21021,21229,1
21023,21097,2
21023,21161,1
21023,21191,1
21023,21201,1
21023,39015,6
21023,39025,5
21025,21119,3
21025,21129,1
21025,21153,3
21025,21189,1
21025,21193,4
21025,21237,2
21027,18123,9
21027,21085,3
21027,21091,2
21027,21093,1
21027,21163,2
21027,21183,1
21029,21093,3
21029,21111,6
21029,21179,2
21029,21215,1
21031,21061,1
21031,21085,2
21031,21141,2
21031,21177,2
21031,21183,4
21031,21227,2
21033,21047,2
21033,21055,2
21033,21107,3
21033,21143,2
21033,21221,1
21033,21233,4
21035,21083,1
21035,21157,1
21035,21221,2
21035,47079,8
21035,47161,9
21037,21117,3
21037,21191,1
21037,39025,5
21037,39061,5
21039,21007,2
21039,21083,1
21039,21105,1
21039,21145,1
21039,29133,6
21041,18077,7
21041,18155,7
21041,21077,1
21041,21103,1
21041,21187,1
21041,21223,1
21043,21019,2
21043,21063,3
21043,21089,3
21043,21127,1
21043,21135,3
21043,21205,2
21045,21001,2
21045,21021,1
21045,21137,3
21045,21155,1
21045,21199,2
21045,21207,2
21045,21217,1
21047,21033,2
21047,21107,2
21047,21177,1
21047,21219,1
21047,21221,2
21047,47125,8
21047,47161,1
21049,21017,1
21049,21065,1
21049,21067,1
21049,21151,1
21049,21173,2
21049,21197,1
21051,21013,3
21051,21109,1
21051,21121,1
21051,21125,2
21051,21131,2
21051,21189,2
21051,21193,2
21053,21057,2
21053,21207,2
21053,21231,2
21053,47027,1
21053,47137,3
21055,17069,8
21055,21033,2
21055,21139,2
21055,21143,1
21055,21225,2
21055,21233,2
21057,21001,1
21057,21053,2
21057,21169,1
21057,21171,1
21057,21207,2
21057,47027,1
21059,18147,18
21059,18173,1
21059,21091,2
21059,21101,3
21059,21149,2
21059,21183,3
21061,21009,2
21061,21031,1
21061,21085,1
21061,21099,2
21061,21227,3
21063,21043,3
21063,21127,2
21063,21175,2
21063,21205,1
21065,21049,1
21065,21109,2
21065,21129,2
21065,21151,1
21065,21197,2
21067,21017,2
21067,21049,1
21067,21113,2
21067,21151,1
21067,21209,2
21067,21239,2
21069,21011,4
21069,21135,2
21069,21161,2
21069,21181,1
21069,21201,2
21069,21205,2
21071,21115,2
21071,21119,3
21071,21153,2
21071,21159,1
21071,21195,4
21073,21005,1
21073,21103,1
21073,21187,1
21073,21209,3
21073,21211,1
21073,21239,1
21075,21105,3
21075,29133,14
21075,29143,22
21075,47095,8
21075,47131,17
21077,18155,7
21077,21015,1
21077,21041,1
21077,21081,2
21077,21187,1
21079,21021,1
21079,21113,3
21079,21137,1
21079,21151,1
21079,21167,2
21079,21203,2
21081,21015,3
21081,21077,2
21081,21097,1
21081,21117,2
21081,21187,2
21081,21191,1
21081,21209,2
21083,21035,1
21083,21039,1
21083,21105,1
21083,21145,1
21083,21157,1
21083,47079,4
21083,47183,8
21085,21027,3
21085,21031,2
21085,21061,1
21085,21093,2
21085,21099,4
21085,21183,2
21087,21001,2
21087,21099,2
21087,21123,1
21087,21169,2
21087,21217,3
21089,21019,1
21089,21043,3
21089,21135,2
21089,39087,8
21089,39145,21
21091,18123,11
21091,18147,7
21091,21027,2
21091,21059,2
21091,21183,1
21093,18061,2
21093,21027,1
21093,21029,3
21093,21085,2
21093,21099,1
21093,21111,2
21093,21123,2
21093,21163,3
21093,21179,1
21095,21013,2
21095,21131,2
21095,21133,3
21095,21193,7
21095,51105,18
21095,51195,21
21097,21017,2
21097,21023,2
21097,21081,1
21097,21181,1
21097,21191,1
21097,21201,2
21097,21209,4
21099,21009,2
21099,21061,2
21099,21085,4
21099,21087,2
21099,21093,1
21099,21123,1
21099,21169,2
21101,18129,12
21101,18163,31
21101,18173,6
21101,21059,3
21101,21149,4
21101,21225,3
21101,21233,1
21103,21041,1
21103,21073,1
21103,21185,2
21103,21187,4
21103,21211,1
21103,21223,1
21105,21039,1
21105,21075,3
21105,21083,1
21105,29133,9
21105,47131,2
21105,47183,2
21107,21033,3
21107,21047,2
21107,21149,2
21107,21177,2
21107,21233,3
21109,21051,1
21109,21065,2
21109,21125,1
21109,21129,5
21109,21151,1
21109,21189,1
21109,21203,1
21111,18019,12
21111,18043,5
21111,18061,10
21111,21029,6
21111,21093,2
21111,21185,1
21111,21211,2
21111,21215,1
21113,21067,2
21113,21079,3
21113,21151,1
21113,21167,6
21113,21239,1
21115,21071,2
21115,21127,2
21115,21153,1
21115,21159,2
21115,21175,1
21117,21015,2
21117,21037,3
21117,21081,2
21117,21191,2
21117,39061,5
21119,21025,3
21119,21071,3
21119,21133,3
21119,21153,6
21119,21193,2
21119,21195,3
21121,21013,3
21121,21051,1
21121,21125,2
21121,21235,3
21123,21087,1
21123,21093,2
21123,21099,1
21123,21155,1
21123,21179,3
21123,21217,1
21125,21051,2
21125,21109,1
21125,21121,2
21125,21147,3
21125,21199,1
21125,21203,2
21125,21235,1
21127,21019,1
21127,21043,1
21127,21063,2
21127,21115,2
21127,21159,2
21127,21175,2
21127,54099,15
21129,21025,1
21129,21065,2
21129,21109,5
21129,21189,3
21129,21197,2
21129,21237,1
21131,21013,6
21131,21051,2
21131,21095,2
21131,21193,5
21133,21095,3
21133,21119,3
21133,21193,3
21133,21195,1
21133,51195,29
21135,21043,3
21135,21069,2
21135,21089,2
21135,21161,1
21135,21205,1
21135,39001,14
21135,39145,5
21137,21021,2
21137,21045,3
21137,21079,1
21137,21199,3
21137,21203,1
21139,17069,2
21139,17127,5
21139,17151,15
21139,21055,2
21139,21143,3
21139,21145,1
21139,21157,2
21141,21031,2
21141,21177,2
21141,21213,2
21141,21219,1
21141,21227,1
21141,47147,8
21143,21033,2
21143,21055,1
21143,21139,3
21143,21157,1
21143,21221,1
21145,17127,6
21145,17153,2
21145,21007,1
21145,21039,1
21145,21083,1
21145,21139,1
21145,21157,2
21147,21125,3
21147,21199,1
21147,21231,3
21147,21235,3
21147,47013,1
21147,47151,1
21149,21059,2
21149,21101,4
21149,21107,2
21149,21177,1
21149,21183,3
21149,21233,1
21151,21049,1
21151,21065,1
21151,21067,1
21151,21079,1
21151,21109,1
21151,21113,1
21151,21203,1
21153,21025,3
21153,21071,2
21153,21115,1
21153,21119,6
21153,21175,3
21153,21237,3
21155,21021,1
21155,21045,1
21155,21123,1
21155,21179,2
21155,21217,4
21155,21229,3
21157,21035,1
21157,21083,1
21157,21139,2
21157,21143,1
21157,21145,2
21157,21221,1
21159,21071,1
21159,21115,2
21159,21127,2
21159,21195,2
21159,54059,3
21159,54099,4
21161,21023,1
21161,21069,2
21161,21135,1
21161,21201,1
21161,39001,5
21161,39015,8
21163,18025,5
21163,18061,12
21163,18123,6
21163,21027,2
21163,21093,3
21165,21011,20
21165,21173,1
21165,21175,1
21165,21197,1
21165,21205,1
21165,21237,1
21167,21005,2
21167,21021,1
21167,21079,2
21167,21113,6
21167,21229,2
21167,21239,2
21169,21001,1
21169,21009,1
21169,21057,1
21169,21087,2
21169,21099,2
21169,21171,1
21171,21003,1
21171,21009,1
21171,21057,1
21171,21169,1
21171,47027,5
21171,47111,1
21173,21011,2
21173,21017,1
21173,21049,2
21173,21165,1
21173,21197,1
21175,21063,2
21175,21115,1
21175,21127,2
21175,21153,3
21175,21165,1
21175,21205,1
21175,21237,1
21177,21031,2
21177,21047,1
21177,21107,2
21177,21141,2
21177,21149,1
21177,21183,1
21177,21219,2
21179,21005,1
21179,21029,2
21179,21093,1
21179,21123,3
21179,21155,2
21179,21215,2
21179,21229,2
21181,21011,2
21181,21017,2
21181,21069,1
21181,21097,1
21181,21201,1
21183,21027,1
21183,21031,4
21183,21059,3
21183,21085,2
21183,21091,1
21183,21149,3
21183,21177,1
21185,18019,6
21185,21103,2
21185,21111,1
21185,21211,2
21185,21223,1
21187,21041,1
21187,21073,1
21187,21077,1
21187,21081,2
21187,21103,4
21187,21209,1
21189,21025,1
21189,21051,2
21189,21109,1
21189,21129,3
21189,21193,1
21191,21023,1
21191,21037,1
21191,21081,1
21191,21097,1
21191,21117,2
21191,39025,3
21193,21025,4
21193,21051,2
21193,21095,7
21193,21119,2
21193,21131,5
21193,21133,3
21193,21189,1
21195,21071,4
21195,21119,3
21195,21133,1
21195,21159,2
21195,51027,2
21195,51051,4
21195,51195,2
21195,54059,14
21197,21049,1
21197,21065,2
21197,21129,2
21197,21165,1
21197,21173,1
21197,21237,1
21199,21045,2
21199,21125,1
21199,21137,3
21199,21147,1
21199,21203,1
21199,21207,2
21199,21231,3
21201,21023,1
21201,21069,2
21201,21097,2
21201,21161,1
21201,21181,1
21203,21079,2
21203,21109,1
21203,21125,2
21203,21137,1
21203,21151,1
21203,21199,1
21205,21011,1
21205,21043,2
21205,21063,1
21205,21069,2
21205,21135,1
21205,21165,1
21205,21175,1
21207,21001,2
21207,21045,2
21207,21053,2
21207,21057,2
21207,21199,2
21207,21231,1
21209,21017,1
21209,21067,2
21209,21073,3
21209,21081,2
21209,21097,4
21209,21187,1
21209,21239,1
21211,21005,1
21211,21073,1
21211,21103,1
21211,21111,2
21211,21185,2
21211,21215,2
21213,21003,1
21213,21141,2
21213,21227,3
21213,47147,4
21213,47165,6
21215,21005,1
21215,21029,1
21215,21111,1
21215,21179,2
21215,21211,2
21217,21001,2
21217,21045,1
21217,21087,3
21217,21123,1
21217,21155,4
21219,21047,1
21219,21141,1
21219,21177,2
21219,47125,6
21219,47147,1
21221,21033,1
21221,21035,2
21221,21047,2
21221,21143,1
21221,21157,1
21221,47161,4
21223,18019,5
21223,18077,7
21223,21041,1
21223,21103,1
21223,21185,1
21225,17059,12
21225,17069,7
21225,18129,17
21225,21055,2
21225,21101,3
21225,21233,2
21227,21003,1
21227,21009,1
21227,21031,2
21227,21061,3
21227,21141,1
21227,21213,3
21229,21005,1
21229,21021,1
21229,21155,3
21229,21167,2
21229,21179,2
21231,21053,2
21231,21147,3
21231,21199,3
21231,21207,1
21231,47137,3
21231,47151,2
21233,21033,4
21233,21055,2
21233,21101,1
21233,21107,3
21233,21149,1
21233,21225,2
21235,21013,2
21235,21121,3
21235,21125,1
21235,21147,3
21235,47013,2
21235,47025,1
21237,21025,2
21237,21129,1
21237,21153,3
21237,21165,1
21237,21175,1
21237,21197,1
21239,21005,1
21239,21067,2
21239,21073,1
21239,21113,1
21239,21167,2
21239,21209,1
22001,22039,2
22001,22053,3
22001,22055,1
22001,22097,3
22001,22113,3
22003,22011,4
22003,22039,2
22003,22053,4
22003,22079,1
22003,22115,1
22005,22007,1
22005,22033,1
22005,22047,2
22005,22063,3
22005,22093,2
22005,22095,2
22007,22005,1
22007,22045,3
22007,22047,1
22007,22057,1
22007,22093,2
22007,22099,3
22007,22101,2
22007,22109,1
22009,22025,3
22009,22029,2
22009,22039,1
22009,22059,1
22009,22077,2
22009,22079,4
22009,22097,1
22011,22003,4
22011,22019,5
22011,22053,1
22011,22115,1
22011,48351,12
22013,22015,1
22013,22027,1
22013,22049,2
22013,22061,2
22013,22069,1
22013,22081,2
22013,22119,3
22013,22127,1
22015,05073,3
22015,05091,1
22015,22013,1
22015,22017,13
22015,22081,3
22015,22119,4
22017,05091,5
22017,22015,13
22017,22031,4
22017,22081,1
22017,48067,6
22017,48203,23
22017,48315,10
22017,48365,6
22019,22011,5
22019,22023,2
22019,22053,5
22019,48351,7
22019,48361,6
22021,22025,2
22021,22041,1
22021,22049,1
22021,22059,1
22021,22073,1
22021,22083,2
22021,22127,1
22023,22019,2
22023,22053,2
22023,22113,2
22023,48245,4
22023,48361,4
22025,22009,3
22025,22021,2
22025,22029,13
22025,22041,5
22025,22059,1
22025,22107,1
22027,05027,8
22027,05139,10
22027,22013,1
22027,22061,2
22027,22111,1
22027,22119,3
22029,22009,2
22029,22025,13
22029,22077,1
22029,22107,1
22029,22125,3
22029,28001,45
22029,28157,9
22031,22017,4
22031,22069,2
22031,22081,4
22031,22085,1
22031,48365,8
22031,48419,5
22033,22005,1
22033,22037,2
22033,22047,5
22033,22063,3
22033,22091,1
22033,22121,4
22035,05017,1
22035,22065,2
22035,22083,2
22035,22123,3
22035,28055,50
22035,28149,1
22037,22033,2
22037,22091,2
22037,22121,5
22037,22125,3
22037,28005,2
22037,28157,5
22039,22001,2
22039,22003,2
22039,22009,1
22039,22053,9
22039,22079,4
22039,22097,5
22041,22021,1
22041,22025,5
22041,22065,2
22041,22083,4
22041,22107,2
22043,22059,5
22043,22069,3
22043,22079,3
22043,22127,3
22045,22007,3
22045,22047,1
22045,22055,3
22045,22099,6
22045,22101,3
22045,22113,9
22047,22005,2
22047,22007,1
22047,22033,5
22047,22045,1
22047,22077,1
22047,22099,6
22047,22121,2
22049,22013,2
22049,22021,1
22049,22061,3
22049,22073,3
22049,22127,1
22051,22057,4
22051,22071,8
22051,22075,3
22051,22089,9
22051,22103,1
22051,22105,1
22053,22001,3
22053,22003,4
22053,22011,1
22053,22019,5
22053,22023,2
22053,22039,9
22053,22113,1
22055,22001,1
22055,22045,3
22055,22097,2
22055,22099,4
22055,22113,2
22057,22007,1
22057,22051,4
22057,22089,4
22057,22093,2
22057,22095,1
22057,22109,7
22059,22009,1
22059,22021,1
22059,22025,1
22059,22043,5
22059,22079,1
22059,22127,1
22061,22013,2
22061,22027,2
22061,22049,3
22061,22073,1
22061,22111,4
22063,22005,3
22063,22033,3
22063,22091,1
22063,22095,3
22063,22105,2
22065,22035,2
22065,22041,2
22065,22083,1
22065,22107,3
22065,28149,25
22067,05003,10
22067,05017,1
22067,22073,2
22067,22083,3
22067,22111,1
22067,22123,3
22069,22013,1
22069,22031,2
22069,22043,3
22069,22079,2
22069,22081,4
22069,22085,5
22069,22115,1
22069,22127,3
22071,22051,8
22071,22075,1
22071,22087,4
22071,22103,5
22073,22021,1
22073,22049,3
22073,22061,1
22073,22067,2
22073,22083,2
22073,22111,2
22075,22051,3
22075,22071,1
22075,22087,5
22077,22009,2
22077,22029,1
22077,22047,1
22077,22097,2
22077,22099,1
22077,22121,2
22077,22125,7
22079,22003,1
22079,22009,4
22079,22039,4
22079,22043,3
22079,22059,1
22079,22069,2
22079,22115,3
22081,22013,2
22081,22015,3
22081,22017,1
22081,22031,4
22081,22069,4
22083,22021,2
22083,22035,2
22083,22041,4
22083,22065,1
22083,22067,3
22083,22073,2
22083,22123,2
22085,22031,1
22085,22069,5
22085,22115,4
22085,48351,5
22085,48403,14
22085,48419,5
22087,22071,4
22087,22075,5
22089,22051,9
22089,22057,4
22089,22095,3
22091,22033,1
22091,22037,2
22091,22063,1
22091,22105,2
22091,28005,14
22093,22005,2
22093,22007,2
22093,22057,2
22093,22095,2
22095,22005,2
22095,22057,1
22095,22063,3
22095,22089,3
22095,22093,2
22095,22105,2
22097,22001,3
22097,22009,1
22097,22039,5
22097,22055,2
22097,22077,2
22097,22099,3
22099,22007,3
22099,22045,6
22099,22047,6
22099,22055,4
22099,22077,1
22099,22097,3
22099,22101,4
22101,22007,2
22101,22045,3
22101,22099,4
22101,22109,3
22103,22051,1
22103,22071,5
22103,22105,1
22103,22117,2
22103,28045,10
22103,28109,6
22105,22051,1
22105,22063,2
22105,22091,2
22105,22095,2
22105,22103,1
22105,22117,1
22105,28005,1
22105,28113,12
22107,22025,1
22107,22029,1
22107,22041,2
22107,22065,3
22107,28001,2
22107,28021,3
22107,28063,8
22107,28149,20
22109,22007,1
22109,22057,7
22109,22101,3
22111,05139,12
22111,22027,1
22111,22061,4
22111,22067,1
22111,22073,2
22113,22001,3
22113,22023,2
22113,22045,9
22113,22053,1
22113,22055,2
22115,22003,1
22115,22011,1
22115,22069,1
22115,22079,3
22115,22085,4
22115,48351,7
22117,22103,2
22117,22105,1
22117,28091,7
22117,28109,8
22117,28113,2
22117,28147,16
22119,05027,7
22119,05073,2
22119,22013,3
22119,22015,4
22119,22027,3
22121,22033,4
22121,22037,5
22121,22047,2
22121,22077,2
22121,22125,2
22123,05017,10
22123,22035,3
22123,22067,3
22123,22083,2
22125,22029,3
22125,22037,3
22125,22077,7
22125,22121,2
22125,28157,8
22127,22013,1
22127,22021,1
22127,22043,3
22127,22049,1
22127,22059,1
22127,22069,3
23001,23005,5
23001,23007,2
23001,23011,7
23001,23017,8
23001,23023,5
23003,23019,8
23003,23021,2
23003,23025,1
23003,23029,1
23005,23001,5
23005,23017,8
23005,23023,3
23005,23031,6
23007,23001,2
23007,23011,4
23007,23017,7
23007,23025,10
23009,23019,14
23009,23027,5
23009,23029,4
23011,23001,7
23011,23007,4
23011,23013,2
23011,23015,10
23011,23023,4
23011,23025,9
23011,23027,9
23013,23011,2
23013,23015,3
23013,23027,5
23015,23011,10
23015,23013,3
23015,23023,7
23017,23001,8
23017,23005,8
23017,23007,7
23017,23031,1
23017,33003,8
23017,33007,6
23019,23003,8
23019,23009,14
23019,23021,10
23019,23025,2
23019,23027,4
23019,23029,2
23021,23003,2
23021,23019,10
23021,23025,13
23023,23001,5
23023,23005,3
23023,23011,4
23023,23015,7
23025,23003,1
23025,23007,10
23025,23011,9
23025,23019,2
23025,23021,13
23025,23027,2
23027,23009,5
23027,23011,9
23027,23013,5
23027,23019,4
23027,23025,2
23029,23003,1
23029,23009,4
23029,23019,2
23031,23005,6
23031,23017,1
23031,33003,11
23031,33015,3
23031,33017,32
24001,24023,2
24001,24043,1
24001,42009,1
24001,42057,1
24001,42111,1
24001,54027,3
24001,54057,14
24001,54065,9
24003,24005,9
24003,24009,4
24003,24027,8
24003,24033,3
24003,24510,4
24005,24003,9
24005,24013,7
24005,24025,19
24005,24027,5
24005,24510,49
24005,42133,3
24009,24003,4
24009,24017,2
24009,24033,40
24009,24037,246
24011,10001,9
24011,10005,2
24011,24019,2
24011,24035,3
24011,24041,84
24013,24005,7
24013,24021,4
24013,24027,1
24013,42001,5
24013,42133,5
24015,10003,9
24015,24025,5
24015,24029,440
24015,42029,5
24015,42071,2
24017,24009,2
24017,24033,6
24017,24037,58
24017,51059,5
24019,10005,8
24019,24011,2
24019,24039,1
24019,24041,3
24019,24045,62
24021,24013,4
24021,24027,2
24021,24031,5
24021,24043,2
24021,42001,3
24021,42055,1
24021,51107,11
24023,24001,2
24023,42051,1
24023,42111,1
24023,54023,3
24023,54057,5
24023,54077,8
24025,24005,19
24025,24015,5
24025,42071,1
24025,42133,9
24027,24003,8
24027,24005,5
24027,24013,1
24027,24021,2
24027,24031,3
24027,24033,3
24029,10001,1
24029,10003,2
24029,24015,440
24029,24035,24
24031,11001,8
24031,24021,5
24031,24027,3
24031,24033,14
24031,51059,12
24031,51107,14
24033,11001,11
24033,24003,3
24033,24009,40
24033,24017,6
24033,24027,3
24033,24031,14
24033,51059,4
24033,51510,1
24035,10001,2
24035,24011,3
24035,24029,24
24035,24041,3
24037,24009,246
24037,24017,58
24039,24019,1
24039,24045,2
24039,24047,4
24039,51001,28
24041,24011,84
24041,24019,3
24041,24035,3
24043,24001,1
24043,24021,2
24043,42055,11
24043,42057,12
24043,51107,1
24043,54003,9
24043,54037,8
24043,54065,12
24045,10005,31
24045,24019,62
24045,24039,2
24045,24047,3
24047,10005,14
24047,24039,4
24047,24045,3
24047,51001,10
24510,24003,4
24510,24005,49
25001,25007,6
25001,25023,4
25003,09005,6
25003,25011,3
25003,25013,4
25003,25015,1
25003,36021,3
25003,36027,1
25003,36083,2
25003,50003,2
25005,25021,6
25005,25023,6
25005,44001,2
25005,44005,17
25005,44007,19
25007,25001,6
25009,25017,15
25009,25025,2
25009,33011,1
25009,33015,18
25011,25003,3
25011,25015,10
25011,25027,3
25011,33005,3
25011,50003,1
25011,50025,4
25013,09003,13
25013,09005,1
25013,09013,3
25013,25003,4
25013,25015,11
25013,25027,5
25015,25003,1
25015,25011,10
25015,25013,11
25015,25027,15
25017,25009,15
25017,25021,16
25017,25025,22
25017,25027,34
25017,33011,7
25021,25005,6
25021,25017,16
25021,25023,5
25021,25025,12
25021,25027,7
25021,44007,3
25023,25001,4
25023,25005,6
25023,25021,5
25025,25009,2
25025,25017,22
25025,25021,12
25027,09013,1
25027,09015,3
25027,25011,3
25027,25013,5
25027,25015,15
25027,25017,34
25027,25021,7
25027,33005,3
25027,33011,1
25027,44007,8
26001,26007,1
26001,26069,1
26001,26135,1
26003,26041,1
26003,26095,1
26003,26103,1
26003,26153,4
26005,26015,1
26005,26077,1
26005,26081,2
26005,26139,1
26005,26159,1
26007,26001,1
26007,26119,1
26007,26141,1
26009,26029,3
26009,26055,1
26009,26079,2
26009,26137,1
26011,26017,3
26011,26051,1
26011,26069,1
26011,26129,1
26013,26061,5
26013,26071,1
26013,26103,4
26015,26005,1
26015,26025,1
26015,26045,1
26015,26067,1
26015,26077,1
26015,26081,1
26017,26011,3
26017,26051,1
26017,26111,1
26017,26145,5
26017,26157,2
26019,26055,1
26019,26089,1
26019,26101,1
26021,18091,10
26021,18141,4
26021,26027,1
26021,26159,2
26023,18087,6
26023,18151,13
26023,26025,2
26023,26059,1
26023,26149,1
26025,26015,1
26025,26023,2
26025,26045,1
26025,26059,1
26025,26075,1
26025,26077,3
26027,18039,9
26027,18141,5
26027,26021,1
26027,26149,2
26027,26159,1
26029,26009,3
26029,26031,2
26029,26047,2
26029,26137,2
26031,26029,2
26031,26047,1
26031,26119,1
26031,26137,1
26031,26141,2
26033,26095,1
26033,26097,7
26035,26051,2
26035,26073,1
26035,26113,1
26035,26133,1
26035,26143,1
26037,26045,1
26037,26057,1
26037,26065,2
26037,26067,1
26037,26155,2
26039,26079,1
26039,26135,1
26039,26137,1
26039,26143,1
26041,26003,1
26041,26103,3
26041,26109,3
26041,26153,3
26043,26071,2
26043,26103,2
26043,26109,4
26043,55037,12
26043,55075,5
26045,26015,1
26045,26025,1
26045,26037,1
26045,26065,1
26045,26067,1
26045,26075,1
26047,26029,2
26047,26031,1
26049,26087,1
26049,26093,1
26049,26125,2
26049,26145,4
26049,26155,2
26049,26157,1
26051,26011,1
26051,26017,1
26051,26035,2
26051,26111,1
26051,26129,1
26051,26143,1
26053,26071,1
26053,26131,7
26053,55051,20
26053,55125,15
26055,26009,1
26055,26019,1
26055,26079,1
26055,26089,1
26055,26165,1
26057,26037,1
26057,26073,1
26057,26111,1
26057,26117,1
26057,26145,1
26057,26155,3
26059,18151,7
26059,26023,1
26059,26025,1
26059,26075,1
26059,26091,1
26059,39051,3
26059,39171,2
26061,26013,5
26061,26071,1
26061,26083,3
26061,26131,5
26063,26151,1
26063,26157,2
26065,26037,2
26065,26045,1
26065,26075,1
26065,26093,2
26065,26155,1
26067,26015,1
26067,26037,1
26067,26045,1
26067,26081,1
26067,26117,1
26069,26001,1
26069,26011,1
26069,26129,1
26071,26013,1
26071,26043,2
26071,26053,1
26071,26061,1
26071,26103,1
26071,26131,1
26071,55037,24
26071,55041,8
26071,55125,4
26073,26035,1
26073,26057,1
26073,26107,1
26073,26111,1
26073,26117,1
26075,26025,1
26075,26045,1
26075,26059,1
26075,26065,1
26075,26091,1
26075,26093,1
26075,26161,1
26077,26005,1
26077,26015,1
26077,26025,3
26077,26149,1
26077,26159,1
26079,26009,2
26079,26039,1
26079,26055,1
26079,26113,1
26081,26005,2
26081,26015,1
26081,26067,1
26081,26117,2
26081,26121,1
26081,26123,2
26081,26139,3
26083,26061,3
26085,26101,1
26085,26105,2
26085,26123,1
26085,26133,1
26085,26165,2
26087,26049,1
26087,26099,3
26087,26125,1
26087,26147,1
26087,26151,3
26087,26157,3
26089,26019,1
26089,26055,1
26091,26059,1
26091,26075,1
26091,26115,1
26091,26161,1
26091,39051,2
26091,39095,1
26093,26049,1
26093,26065,2
26093,26075,1
26093,26125,2
26093,26155,1
26093,26161,2
26095,26003,1
26095,26033,1
26095,26097,1
26095,26153,1
26097,26033,7
26097,26095,1
26097,26153,1
26099,26087,3
26099,26125,5
26099,26147,2
26099,26163,1
26101,26019,1
26101,26085,1
26101,26105,1
26101,26165,1
26103,26003,1
26103,26013,4
26103,26041,3
26103,26043,2
26103,26071,1
26103,26109,1
26105,26085,2
26105,26101,1
26105,26127,2
26107,26073,1
26107,26117,1
26107,26123,1
26107,26133,1
26109,26041,3
26109,26043,4
26109,26103,1
26109,55075,40
26111,26017,1
26111,26051,1
26111,26057,1
26111,26073,1
26111,26145,2
26113,26035,1
26113,26079,1
26113,26133,1
26113,26143,2
26113,26165,1
26115,26091,1
26115,26161,1
26115,26163,2
26115,39095,12
26117,26057,1
26117,26067,1
26117,26073,1
26117,26081,2
26117,26107,1
26117,26123,1
26119,26007,1
26119,26031,1
26119,26135,1
26119,26137,1
26119,26141,1
26121,26081,1
26121,26123,2
26121,26127,2
26121,26139,3
26123,26081,2
26123,26085,1
26123,26107,1
26123,26117,1
26123,26121,2
26123,26127,1
26125,26049,2
26125,26087,1
26125,26093,2
26125,26099,5
26125,26161,1
26125,26163,4
26127,26105,2
26127,26121,2
26127,26123,1
26129,26011,1
26129,26051,1
26129,26069,1
26129,26135,1
26129,26143,2
26131,26053,7
26131,26061,5
26131,26071,1
26133,26035,1
26133,26085,1
26133,26107,1
26133,26113,1
26133,26165,1
26135,26001,1
26135,26039,1
26135,26119,1
26135,26129,1
26137,26009,1
26137,26029,2
26137,26031,1
26137,26039,1
26137,26119,1
26139,26005,1
26139,26081,3
26139,26121,3
26141,26007,1
26141,26031,2
26141,26119,1
26143,26035,1
26143,26039,1
26143,26051,1
26143,26113,2
26143,26129,2
26145,26017,5
26145,26049,4
26145,26057,1
26145,26111,2
26145,26155,1
26145,26157,1
26147,26087,1
26147,26099,2
26147,26151,1
26149,18039,5
26149,18087,18
26149,26023,1
26149,26027,2
26149,26077,1
26151,26063,1
26151,26087,3
26151,26147,1
26151,26157,2
26153,26003,4
26153,26041,3
26153,26095,1
26153,26097,1
26155,26037,2
26155,26049,2
26155,26057,3
26155,26065,1
26155,26093,1
26155,26145,1
26157,26017,2
26157,26049,1
26157,26063,2
26157,26087,3
26157,26145,1
26157,26151,2
26159,26005,1
26159,26021,2
26159,26027,1
26159,26077,1
26161,26075,1
26161,26091,1
26161,26093,2
26161,26115,1
26161,26125,1
26161,26163,3
26163,26099,1
26163,26115,2
26163,26125,4
26163,26161,3
26165,26055,1
26165,26085,2
26165,26101,1
26165,26113,1
26165,26133,1
27001,27017,1
27001,27021,1
27001,27035,3
27001,27061,1
27001,27065,1
27001,27095,2
27001,27115,1
27001,27137,1
27003,27025,1
27003,27053,7
27003,27059,1
27003,27123,5
27003,27141,2
27003,27163,2
27005,27027,2
27005,27029,1
27005,27057,1
27005,27087,1
27005,27107,1
27005,27111,2
27005,27159,1
27007,27021,2
27007,27029,4
27007,27057,5
27007,27061,2
27007,27071,2
27007,27077,3
27007,27089,1
27007,27113,2
27007,27135,2
27009,27095,2
27009,27097,2
27009,27141,1
27009,27145,3
27011,27073,2
27011,27149,2
27011,27151,1
27011,27155,1
27011,46051,5
27011,46109,11
27013,27015,1
27013,27043,1
27013,27079,2
27013,27091,1
27013,27103,2
27013,27161,1
27013,27165,1
27015,27013,1
27015,27033,2
27015,27103,3
27015,27127,3
27015,27129,1
27015,27165,1
27017,27001,1
27017,27115,1
27017,27137,2
27017,55031,7
27019,27053,6
27019,27085,1
27019,27139,3
27019,27143,2
27019,27171,1
27021,27001,1
27021,27007,2
27021,27035,4
27021,27057,2
27021,27061,9
27021,27097,3
27021,27153,2
27021,27159,2
27023,27067,1
27023,27073,1
27023,27129,2
27023,27151,1
27023,27173,2
27025,27003,1
27025,27059,3
27025,27115,1
27025,27163,1
27025,55013,4
27025,55095,12
27027,27005,2
27027,27107,1
27027,27111,2
27027,27167,1
27027,38017,10
27027,38077,1
27029,27005,1
27029,27007,4
27029,27057,1
27029,27087,2
27029,27113,1
27029,27119,2
27031,27075,2
27033,27015,2
27033,27063,1
27033,27101,1
27033,27105,1
27033,27127,1
27033,27165,1
27035,27001,3
27035,27021,4
27035,27095,2
27035,27097,2
27037,27049,5
27037,27053,11
27037,27123,2
27037,27131,2
27037,27139,2
27037,27163,5
27037,55093,3
27039,27049,1
27039,27099,1
27039,27109,2
27039,27131,1
27039,27147,2
27041,27051,1
27041,27111,1
27041,27121,1
27041,27145,1
27041,27153,1
27043,19109,5
27043,19189,7
27043,27013,1
27043,27047,1
27043,27091,1
27043,27161,1
27045,19089,12
27045,19191,13
27045,27055,2
27045,27099,2
27045,27109,2
27045,27169,1
27047,19189,7
27047,19195,9
27047,27043,1
27047,27099,1
27047,27147,1
27047,27161,1
27049,27037,5
27049,27039,1
27049,27109,1
27049,27131,1
27049,27157,4
27049,55091,6
27049,55093,11
27051,27041,1
27051,27111,1
27051,27149,1
27051,27155,1
27051,27167,4
27053,27003,7
27053,27019,6
27053,27037,11
27053,27123,2
27053,27139,1
27053,27141,2
27053,27171,9
27055,19005,13
27055,19191,16
27055,27045,2
27055,27169,1
27055,55063,2
27055,55123,4
27057,27005,1
27057,27007,5
27057,27021,2
27057,27029,1
27057,27159,1
27059,27003,1
27059,27025,3
27059,27065,2
27059,27095,2
27059,27141,1
27061,27001,1
27061,27007,2
27061,27021,9
27061,27071,3
27061,27137,3
27063,19059,21
27063,19063,7
27063,19143,4
27063,27033,1
27063,27091,1
27063,27105,1
27063,27165,1
27065,27001,1
27065,27059,2
27065,27095,3
27065,27115,3
27067,27023,1
27067,27093,1
27067,27121,1
27067,27129,1
27067,27145,2
27067,27151,1
27069,27089,1
27069,27135,1
27069,38067,9
27071,27007,2
27071,27061,3
27071,27077,2
27071,27137,2
27073,27011,2
27073,27023,1
27073,27151,5
27073,27173,4
27073,46039,5
27073,46051,12
27075,27031,2
27075,27137,3
27077,27007,3
27077,27071,2
27077,27135,5
27079,27013,2
27079,27103,2
27079,27131,1
27079,27139,1
27079,27143,1
27079,27161,3
27081,27083,1
27081,27117,2
27081,27173,2
27081,46011,29
27081,46039,4
27083,27081,1
27083,27101,1
27083,27117,1
27083,27127,1
27083,27173,2
27085,27019,1
27085,27093,2
27085,27129,2
27085,27143,4
27085,27171,1
27087,27005,1
27087,27029,2
27087,27107,1
27087,27119,2
27089,27007,1
27089,27069,1
27089,27113,1
27089,27119,1
27089,27135,1
27089,38035,1
27089,38067,2
27089,38099,14
27091,19063,6
27091,19109,3
27091,27013,1
27091,27043,1
27091,27063,1
27091,27165,1
27093,27067,1
27093,27085,2
27093,27129,1
27093,27145,3
27093,27171,1
27095,27001,2
27095,27009,2
27095,27035,2
27095,27059,2
27095,27065,3
27095,27097,3
27095,27141,1
27097,27009,2
27097,27021,3
27097,27035,2
27097,27095,3
27097,27145,1
27097,27153,1
27099,19089,2
27099,19131,12
27099,19195,2
27099,27039,1
27099,27045,2
27099,27047,1
27099,27109,1
27099,27147,2
27101,27033,1
27101,27083,1
27101,27105,1
27101,27117,1
27101,27127,1
27101,27133,1
27103,27013,2
27103,27015,3
27103,27079,2
27103,27129,1
27103,27143,1
27105,19119,2
27105,19143,10
27105,27033,1
27105,27063,1
27105,27101,1
27105,27133,1
27107,27005,1
27107,27027,1
27107,27087,1
27107,27119,2
27107,38017,2
27107,38097,3
27109,27039,2
27109,27045,2
27109,27049,1
27109,27099,1
27109,27157,3
27109,27169,1
27111,27005,2
27111,27027,2
27111,27041,1
27111,27051,1
27111,27153,1
27111,27159,1
27111,27167,2
27113,27007,2
27113,27029,1
27113,27089,1
27113,27119,2
27113,27125,2
27115,27001,1
27115,27017,1
27115,27025,1
27115,27065,3
27115,55013,15
27115,55031,13
27117,27081,2
27117,27083,1
27117,27101,1
27117,27133,1
27117,46101,19
27119,27029,2
27119,27087,2
27119,27089,1
27119,27107,2
27119,27113,2
27119,27125,7
27119,38035,8
27119,38097,5
27121,27041,1
27121,27067,1
27121,27145,1
27121,27149,1
27121,27151,1
27123,27003,5
27123,27037,2
27123,27053,2
27123,27163,14
27125,27113,2
27125,27119,7
27127,27015,3
27127,27033,1
27127,27083,1
27127,27101,1
27127,27129,2
27127,27173,2
27129,27015,1
27129,27023,2
27129,27067,1
27129,27085,2
27129,27093,1
27129,27103,1
27129,27127,2
27129,27143,2
27129,27173,1
27131,27037,2
27131,27039,1
27131,27049,1
27131,27079,1
27131,27139,1
27131,27147,1
27131,27161,1
27133,19119,6
27133,27101,1
27133,27105,1
27133,27117,1
27133,46099,9
27135,27007,2
27135,27069,1
27135,27077,5
27135,27089,1
27137,27001,1
27137,27017,2
27137,27061,3
27137,27071,2
27137,27075,3
27137,55031,40
27139,27019,3
27139,27037,2
27139,27053,1
27139,27079,1
27139,27131,1
27139,27143,2
27141,27003,2
27141,27009,1
27141,27053,2
27141,27059,1
27141,27095,1
27141,27145,2
27141,27171,3
27143,27019,2
27143,27079,1
27143,27085,4
27143,27103,1
27143,27129,2
27143,27139,2
27145,27009,3
27145,27041,1
27145,27067,2
27145,27093,3
27145,27097,1
27145,27121,1
27145,27141,2
27145,27153,2
27145,27171,2
27147,27039,2
27147,27047,1
27147,27099,2
27147,27131,1
27147,27161,1
27149,27011,2
27149,27051,1
27149,27121,1
27149,27151,1
27149,27155,1
27151,27011,1
27151,27023,1
27151,27067,1
27151,27073,5
27151,27121,1
27151,27149,1
27153,27021,2
27153,27041,1
27153,27097,1
27153,27111,1
27153,27145,2
27153,27159,1
27155,27011,1
27155,27051,1
27155,27149,1
27155,27167,2
27155,38077,2
27155,46109,27
27157,27049,4
27157,27109,3
27157,27169,2
27157,55011,11
27157,55091,4
27159,27005,1
27159,27021,2
27159,27057,1
27159,27111,1
27159,27153,1
27161,27013,1
27161,27043,1
27161,27047,1
27161,27079,3
27161,27131,1
27161,27147,1
27163,27003,2
27163,27025,1
27163,27037,5
27163,27123,14
27163,55093,4
27163,55095,3
27163,55109,6
27165,27013,1
27165,27015,1
27165,27033,1
27165,27063,1
27165,27091,1
27167,27027,1
27167,27051,4
27167,27111,2
27167,27155,2
27167,38077,16
27169,27045,1
27169,27055,1
27169,27109,1
27169,27157,2
27169,55011,7
27169,55063,4
27169,55121,6
27171,27019,1
27171,27053,9
27171,27085,1
27171,27093,1
27171,27141,3
27171,27145,2
27173,27023,2
27173,27073,4
27173,27081,2
27173,27083,2
27173,27127,2
27173,27129,1
27173,46039,9
28001,22029,45
28001,22107,2
28001,28037,1
28001,28063,3
28001,28157,4
28003,28117,1
28003,28139,3
28003,28141,1
28003,47069,1
28003,47071,1
28003,47109,3
28005,22037,2
28005,22091,14
28005,22105,1
28005,28037,2
28005,28085,1
28005,28113,1
28005,28157,2
28007,28015,1
28007,28019,2
28007,28051,2
28007,28079,3
28007,28089,1
28007,28097,1
28007,28159,1
28009,28093,4
28009,28139,3
28009,28145,2
28009,47047,1
28009,47069,3
28011,05017,2
28011,05041,30
28011,28027,2
28011,28133,3
28011,28151,1
28013,28017,2
28013,28043,1
28013,28071,2
28013,28115,2
28013,28155,2
28013,28161,1
28015,28007,1
28015,28043,1
28015,28051,1
28015,28083,3
28015,28097,3
28017,28013,2
28017,28025,3
28017,28081,2
28017,28095,1
28017,28115,1
28017,28155,1
28019,28007,2
28019,28097,2
28019,28105,1
28019,28155,3
28019,28159,5
28021,22107,3
28021,28029,2
28021,28049,1
28021,28063,4
28021,28149,4
28023,01023,7
28023,28061,1
28023,28075,1
28023,28153,2
28025,28017,3
28025,28087,2
28025,28095,3
28025,28105,2
28025,28155,2
28027,05041,1
28027,05107,17
28027,28011,2
28027,28119,3
28027,28133,1
28027,28135,2
28027,28143,2
28029,28021,2
28029,28049,1
28029,28063,1
28029,28077,1
28029,28085,2
28029,28127,2
28031,28035,2
28031,28065,3
28031,28067,2
28031,28073,1
28031,28127,1
28031,28129,1
28033,05035,4
28033,28093,2
28033,28137,4
28033,28143,2
28033,47157,5
28035,28031,2
28035,28067,1
28035,28073,3
28035,28109,1
28035,28111,1
28035,28131,1
28037,28001,1
28037,28005,2
28037,28063,1
28037,28085,2
28037,28157,1
28039,01097,1
28039,28041,2
28039,28059,1
28039,28111,2
28039,28131,1
28041,01097,3
28041,01129,7
28041,28039,2
28041,28111,2
28041,28153,1
28043,28013,1
28043,28015,1
28043,28083,2
28043,28097,1
28043,28135,3
28043,28155,2
28043,28161,3
28045,22103,10
28045,28047,1
28045,28109,3
28047,28045,1
28047,28059,2
28047,28131,2
28049,28021,1
28049,28029,1
28049,28089,6
28049,28121,3
28049,28149,3
28049,28163,1
28051,28007,2
28051,28015,1
28051,28053,3
28051,28083,2
28051,28163,1
28053,28051,3
28053,28083,3
28053,28125,2
28053,28133,3
28053,28151,2
28053,28163,3
28055,05017,1
28055,22035,50
28055,28125,3
28055,28149,6
28055,28151,1
28055,28163,4
28057,01059,3
28057,01093,3
28057,28081,1
28057,28095,1
28057,28117,1
28057,28141,1
28059,01097,13
28059,28039,1
28059,28047,2
28059,28131,4
28061,28023,1
28061,28067,1
28061,28101,2
28061,28129,3
28061,28153,3
28063,22107,8
28063,28001,3
28063,28021,4
28063,28029,1
28063,28037,1
28063,28085,1
28065,28031,3
28065,28073,1
28065,28077,2
28065,28091,3
28065,28127,1
28067,28031,2
28067,28035,1
28067,28061,1
28067,28111,1
28067,28129,2
28067,28153,1
28069,01119,3
28069,28075,1
28069,28099,1
28069,28103,1
28069,28159,1
28071,28013,2
28071,28093,3
28071,28107,1
28071,28115,1
28071,28137,1
28071,28145,1
28071,28161,2
28073,28031,1
28073,28035,3
28073,28065,1
28073,28091,3
28073,28109,3
28075,01023,1
28075,01119,3
28075,28023,1
28075,28069,1
28075,28101,1
28077,28029,1
28077,28065,2
28077,28085,1
28077,28091,2
28077,28127,1
28077,28147,1
28079,28007,3
28079,28089,2
28079,28099,1
28079,28101,1
28079,28123,2
28081,28017,2
28081,28057,1
28081,28095,2
28081,28115,1
28081,28117,2
28081,28145,2
28083,28015,3
28083,28043,2
28083,28051,2
28083,28053,3
28083,28133,1
28083,28135,5
28085,28005,1
28085,28029,2
28085,28037,2
28085,28063,1
28085,28077,1
28085,28113,1
28085,28147,1
28087,01075,11
28087,01107,4
28087,28025,2
28087,28095,3
28087,28103,1
28087,28105,1
28089,28007,1
28089,28049,6
28089,28079,2
28089,28121,4
28089,28123,4
28089,28163,5
28091,22117,7
28091,28065,3
28091,28073,3
28091,28077,2
28091,28109,1
28091,28147,4
28093,28009,4
28093,28033,2
28093,28071,3
28093,28137,3
28093,28145,4
28093,47047,3
28093,47157,1
28095,01075,4
28095,01093,1
28095,28017,1
28095,28025,3
28095,28057,1
28095,28081,2
28095,28087,3
28097,28007,1
28097,28015,3
28097,28019,2
28097,28043,1
28097,28155,2
28099,28069,1
28099,28079,1
28099,28101,1
28099,28159,1
28101,28061,2
28101,28075,1
28101,28079,1
28101,28099,1
28101,28123,1
28103,01107,1
28103,01119,1
28103,28069,1
28103,28087,1
28103,28105,1
28103,28159,1
28105,28019,1
28105,28025,2
28105,28087,1
28105,28103,1
28105,28155,2
28105,28159,2
28107,28071,1
28107,28119,3
28107,28135,1
28107,28137,1
28107,28143,1
28107,28161,2
28109,22103,6
28109,22117,8
28109,28035,1
28109,28045,3
28109,28073,3
28109,28091,1
28109,28131,1
28111,28035,1
28111,28039,2
28111,28041,2
28111,28067,1
28111,28131,1
28111,28153,1
28113,22105,12
28113,22117,2
28113,28005,1
28113,28085,1
28113,28147,1
28115,28013,2
28115,28017,1
28115,28071,1
28115,28081,1
28115,28145,2
28117,28003,1
28117,28057,1
28117,28081,2
28117,28139,2
28117,28141,2
28117,28145,1
28119,28027,3
28119,28107,3
28119,28135,2
28119,28143,3
28121,28049,3
28121,28089,4
28121,28123,2
28121,28127,1
28121,28129,2
28123,28079,2
28123,28089,4
28123,28101,1
28123,28121,2
28123,28129,1
28125,28053,2
28125,28055,3
28125,28151,2
28125,28163,5
28127,28029,2
28127,28031,1
28127,28065,1
28127,28077,1
28127,28121,1
28127,28129,2
28129,28031,1
28129,28061,3
28129,28067,2
28129,28121,2
28129,28123,1
28129,28127,2
28131,28035,1
28131,28039,1
28131,28047,2
28131,28059,4
28131,28109,1
28131,28111,1
28133,28011,3
28133,28027,1
28133,28053,3
28133,28083,1
28133,28135,2
28133,28151,2
28135,28027,2
28135,28043,3
28135,28083,5
28135,28107,1
28135,28119,2
28135,28133,2
28135,28161,1
28137,28033,4
28137,28071,1
28137,28093,3
28137,28107,1
28137,28143,2
28139,28003,3
28139,28009,3
28139,28117,2
28139,28145,1
28139,47069,1
28141,01033,4
28141,01059,1
28141,01077,2
28141,28003,1
28141,28057,1
28141,28117,2
28141,47071,3
28143,05035,2
28143,05077,23
28143,05107,1
28143,28027,2
28143,28033,2
28143,28107,1
28143,28119,3
28143,28137,2
28145,28009,2
28145,28071,1
28145,28081,2
28145,28093,4
28145,28115,2
28145,28117,1
28145,28139,1
28147,22117,16
28147,28077,1
28147,28085,1
28147,28091,4
28147,28113,1
28149,22035,1
28149,22065,25
28149,22107,20
28149,28021,4
28149,28049,3
28149,28055,6
28149,28163,2
28151,05017,10
28151,28011,1
28151,28053,2
28151,28055,1
28151,28125,2
28151,28133,2
28153,01023,3
28153,01129,4
28153,28023,2
28153,28041,1
28153,28061,3
28153,28067,1
28153,28111,1
28155,28013,2
28155,28017,1
28155,28019,3
28155,28025,2
28155,28043,2
28155,28097,2
28155,28105,2
28157,22029,9
28157,22037,5
28157,22125,8
28157,28001,4
28157,28005,2
28157,28037,1
28159,28007,1
28159,28019,5
28159,28069,1
28159,28099,1
28159,28103,1
28159,28105,2
28161,28013,1
28161,28043,3
28161,28071,2
28161,28107,2
28161,28135,1
28163,28049,1
28163,28051,1
28163,28053,3
28163,28055,4
28163,28089,5
28163,28125,5
28163,28149,2
29001,29103,1
29001,29115,1
29001,29121,1
29001,29171,1
29001,29197,1
29001,29199,2
29001,29211,1
29003,20043,4
29003,29021,2
29003,29063,1
29003,29075,2
29003,29087,1
29003,29147,1
29005,19071,13
29005,19145,10
29005,29087,1
29005,29147,2
29005,31127,10
29005,31131,7
29007,29019,2
29007,29027,1
29007,29137,1
29007,29139,2
29007,29163,1
29007,29173,2
29007,29175,2
29009,05007,5
29009,05015,6
29009,29109,1
29009,29119,1
29009,29145,1
29009,29209,2
29011,20037,24
29011,29039,1
29011,29057,1
29011,29097,1
29011,29217,1
29013,20107,23
29013,20121,3
29013,29037,2
29013,29083,2
29013,29185,1
29013,29217,1
29015,29029,1
29015,29083,1
29015,29085,2
29015,29141,1
29015,29159,3
29015,29185,1
29017,29031,1
29017,29123,2
29017,29157,1
29017,29207,3
29017,29223,3
29019,29007,2
29019,29027,3
29019,29051,2
29019,29053,6
29019,29089,2
29019,29135,2
29019,29175,1
29021,20005,5
29021,20043,6
29021,29003,2
29021,29049,1
29021,29063,1
29021,29165,2
29023,05021,7
29023,29035,1
29023,29069,1
29023,29181,4
29023,29207,3
29023,29223,1
29025,29033,1
29025,29049,1
29025,29061,1
29025,29063,4
29025,29117,1
29025,29177,1
29027,29007,1
29027,29019,3
29027,29051,3
29027,29139,1
29027,29151,2
29029,29015,1
29029,29059,1
29029,29085,1
29029,29105,3
29029,29131,3
29029,29141,3
29029,29169,2
29031,17003,5
29031,17181,14
29031,29017,1
29031,29157,2
29031,29201,2
29031,29207,1
29033,29025,1
29033,29041,2
29033,29107,3
29033,29117,1
29033,29177,2
29033,29195,5
29035,29023,1
29035,29149,2
29035,29179,2
29035,29181,1
29035,29203,2
29035,29223,1
29037,20091,5
29037,20121,11
29037,29013,2
29037,29083,1
29037,29095,3
29037,29101,2
29039,29011,1
29039,29057,1
29039,29167,1
29039,29185,3
29039,29217,1
29041,29033,2
29041,29089,2
29041,29115,2
29041,29117,1
29041,29121,2
29041,29175,2
29041,29195,4
29043,29067,1
29043,29077,1
29043,29109,1
29043,29209,3
29043,29213,2
29043,29225,1
29045,17067,4
29045,19111,9
29045,19177,9
29045,29103,1
29045,29111,1
29045,29199,1
29047,20209,4
29047,29049,2
29047,29095,6
29047,29165,1
29047,29177,1
29049,29021,1
29049,29025,1
29049,29047,2
29049,29063,1
29049,29165,1
29049,29177,2
29051,29019,2
29051,29027,3
29051,29131,3
29051,29135,1
29051,29151,5
29053,29019,6
29053,29089,2
29053,29135,2
29053,29141,2
29053,29159,1
29053,29195,2
29055,29065,3
29055,29071,1
29055,29073,2
29055,29093,2
29055,29161,2
29055,29221,1
29057,29011,1
29057,29039,1
29057,29077,1
29057,29097,2
29057,29109,1
29057,29167,2
29059,29029,1
29059,29077,2
29059,29085,2
29059,29105,1
29059,29167,2
29059,29225,2
29061,29025,1
29061,29063,2
29061,29075,2
29061,29079,1
29061,29081,1
29061,29117,1
29063,29003,1
29063,29021,1
29063,29025,4
29063,29049,1
29063,29061,2
29063,29075,1
29065,29055,3
29065,29093,1
29065,29161,2
29065,29179,4
29065,29203,1
29065,29215,3
29067,29043,1
29067,29091,2
29067,29153,1
29067,29213,1
29067,29215,2
29067,29225,1
29067,29229,1
29069,05021,13
29069,05031,4
29069,05055,4
29069,05093,9
29069,29023,1
29069,29143,1
29069,29155,1
29069,29207,1
29071,29055,1
29071,29073,1
29071,29099,2
29071,29183,2
29071,29189,1
29071,29219,4
29071,29221,1
29073,29055,2
29073,29071,1
29073,29125,2
29073,29139,2
29073,29151,1
29073,29161,4
29073,29219,2
29075,29003,2
29075,29061,2
29075,29063,1
29075,29081,1
29075,29147,2
29075,29227,1
29077,29043,1
29077,29057,1
29077,29059,2
29077,29109,2
29077,29167,1
29077,29225,1
29079,29061,1
29079,29081,1
29079,29115,1
29079,29117,1
29079,29129,1
29079,29211,2
29081,19053,16
29081,19159,6
29081,29061,1
29081,29075,1
29081,29079,1
29081,29129,1
29081,29227,1
29083,29013,2
29083,29015,1
29083,29037,1
29083,29101,1
29083,29159,3
29083,29185,1
29085,29015,2
29085,29029,1
29085,29059,2
29085,29167,2
29085,29185,3
29087,20043,14
29087,29003,1
29087,29005,1
29087,29147,2
29087,31127,1
29087,31147,3
29089,29019,2
29089,29041,2
29089,29053,2
29089,29175,1
29089,29195,2
29091,05049,20
29091,29067,2
29091,29149,2
29091,29153,1
29091,29203,2
29091,29215,1
29093,29055,2
29093,29065,1
29093,29123,1
29093,29179,3
29093,29187,2
29093,29221,1
29093,29223,2
29095,20091,11
29095,20209,4
29095,29037,3
29095,29047,6
29095,29101,2
29095,29107,7
29095,29177,1
29097,20021,23
29097,20037,1
29097,29011,1
29097,29057,2
29097,29109,1
29097,29145,1
29099,17133,9
29099,29071,2
29099,29186,1
29099,29187,2
29099,29189,4
29099,29221,1
29101,29037,2
29101,29083,1
29101,29095,2
29101,29107,3
29101,29159,1
29103,29001,1
29103,29045,1
29103,29111,1
29103,29121,2
29103,29199,1
29103,29205,2
29105,29029,3
29105,29059,1
29105,29169,3
29105,29215,1
29105,29225,2
29105,29229,1
29107,29033,3
29107,29095,7
29107,29101,3
29107,29159,1
29107,29177,3
29107,29195,1
29109,29009,1
29109,29043,1
29109,29057,1
29109,29077,2
29109,29097,1
29109,29145,1
29109,29209,1
29111,17001,5
29111,17067,2
29111,29045,1
29111,29103,1
29111,29127,1
29111,29205,1
29113,17013,6
29113,29139,1
29113,29163,3
29113,29183,3
29113,29219,5
29115,29001,1
29115,29041,2
29115,29079,1
29115,29117,2
29115,29121,1
29115,29211,1
29117,29025,1
29117,29033,1
29117,29041,1
29117,29061,1
29117,29079,1
29117,29115,2
29119,05007,7
29119,29009,1
29119,29145,1
29119,40041,10
29119,40115,3
29121,29001,1
29121,29041,2
29121,29103,2
29121,29115,1
29121,29137,1
29121,29175,1
29121,29205,1
29123,29017,2
29123,29093,1
29123,29157,2
29123,29187,2
29123,29223,1
29125,29073,2
29125,29131,1
29125,29151,1
29125,29161,3
29125,29169,2
29127,17001,4
29127,17149,5
29127,29111,1
29127,29137,1
29127,29173,2
29127,29205,1
29129,19053,19
29129,19185,9
29129,29079,1
29129,29081,1
29129,29171,1
29129,29211,1
29131,29029,3
29131,29051,3
29131,29125,1
29131,29135,2
29131,29141,3
29131,29151,1
29131,29169,1
29133,17003,10
29133,21007,1
29133,21039,6
29133,21075,14
29133,21105,9
29133,29143,1
29133,29201,2
29135,29019,2
29135,29051,1
29135,29053,2
29135,29131,2
29135,29141,2
29137,29007,1
29137,29121,1
29137,29127,1
29137,29173,1
29137,29175,1
29137,29205,3
29139,29007,2
29139,29027,1
29139,29073,2
29139,29113,1
29139,29151,3
29139,29163,1
29139,29219,3
29141,29015,1
29141,29029,3
29141,29053,2
29141,29131,3
29141,29135,2
29141,29159,1
29143,21075,22
29143,29069,1
29143,29133,1
29143,29155,3
29143,29201,1
29143,29207,2
29143,47095,15
29145,20021,3
29145,29009,1
29145,29097,1
29145,29109,1
29145,29119,1
29145,40115,12
29147,19145,13
29147,19173,10
29147,29003,1
29147,29005,2
29147,29075,2
29147,29087,2
29147,29227,1
29149,05049,9
29149,05121,6
29149,05135,5
29149,29035,2
29149,29091,2
29149,29181,1
29149,29203,2
29151,29027,2
29151,29051,5
29151,29073,1
29151,29125,1
29151,29131,1
29151,29139,3
29153,05005,7
29153,05049,2
29153,05089,1
29153,29067,1
29153,29091,1
29153,29213,1
29155,05093,11
29155,29069,1
29155,29143,3
29155,47045,12
29155,47095,21
29157,17077,7
29157,17157,9
29157,17181,1
29157,29017,1
29157,29031,2
29157,29123,2
29157,29186,2
29157,29187,1
29159,29015,3
29159,29053,1
29159,29083,3
29159,29101,1
29159,29107,1
29159,29141,1
29159,29195,2
29161,29055,2
29161,29065,2
29161,29073,4
29161,29125,3
29161,29169,1
29161,29215,1
29163,17013,6
29163,17149,5
29163,29007,1
29163,29113,3
29163,29139,1
29163,29173,2
29165,20005,1
29165,20103,8
29165,20209,6
29165,29021,2
29165,29047,1
29165,29049,1
29167,29039,1
29167,29057,2
29167,29059,2
29167,29077,1
29167,29085,2
29167,29185,1
29169,29029,2
29169,29105,3
29169,29125,2
29169,29131,1
29169,29161,1
29169,29215,1
29171,19007,14
29171,19185,5
29171,29001,1
29171,29129,1
29171,29197,2
29171,29211,2
29173,17149,2
29173,29007,2
29173,29127,2
29173,29137,1
29173,29163,2
29175,29007,2
29175,29019,1
29175,29041,2
29175,29089,1
29175,29121,1
29175,29137,1
29177,29025,1
29177,29033,2
29177,29047,1
29177,29049,2
29177,29095,1
29177,29107,3
29179,29035,2
29179,29065,4
29179,29093,3
29179,29203,4
29179,29223,2
29181,05021,11
29181,05121,12
29181,29023,4
29181,29035,1
29181,29149,1
29183,17013,14
29183,17083,3
29183,17119,8
29183,29071,2
29183,29113,3
29183,29189,14
29183,29219,2
29185,29013,1
29185,29015,1
29185,29039,3
29185,29083,1
29185,29085,3
29185,29167,1
29185,29217,1
29186,17133,2
29186,17157,7
29186,29099,1
29186,29157,2
29186,29187,4
29187,29093,2
29187,29099,2
29187,29123,2
29187,29157,1
29187,29186,4
29187,29221,1
29189,17119,2
29189,17133,4
29189,17163,2
29189,29071,1
29189,29099,4
29189,29183,14
29189,29510,6
29195,29033,5
29195,29041,4
29195,29053,2
29195,29089,2
29195,29107,1
29195,29159,2
29197,19007,4
29197,19051,8
29197,29001,1
29197,29171,2
29197,29199,1
29199,19051,8
29199,19177,10
29199,29001,2
29199,29045,1
29199,29103,1
29199,29197,1
29201,17003,6
29201,29031,2
29201,29133,2
29201,29143,1
29201,29207,3
29203,29035,2
29203,29065,1
29203,29091,2
29203,29149,2
29203,29179,4
29203,29215,1
29205,29103,2
29205,29111,1
29205,29121,1
29205,29127,1
29205,29137,3
29207,29017,3
29207,29023,3
29207,29031,1
29207,29069,1
29207,29143,2
29207,29201,3
29207,29223,1
29209,05015,6
29209,29009,2
29209,29043,3
29209,29109,1
29209,29213,1
29211,29001,1
29211,29079,2
29211,29115,1
29211,29129,1
29211,29171,2
29213,05009,8
29213,05015,1
29213,05089,3
29213,29043,2
29213,29067,1
29213,29153,1
29213,29209,1
29215,29065,3
29215,29067,2
29215,29091,1
29215,29105,1
29215,29161,1
29215,29169,1
29215,29203,1
29215,29229,1
29217,20011,27
29217,20037,2
29217,20107,1
29217,29011,1
29217,29013,1
29217,29039,1
29217,29185,1
29219,29071,4
29219,29073,2
29219,29113,5
29219,29139,3
29219,29183,2
29221,29055,1
29221,29071,1
29221,29093,1
29221,29099,1
29221,29187,1
29223,29017,3
29223,29023,1
29223,29035,1
29223,29093,2
29223,29123,1
29223,29179,2
29223,29207,1
29225,29043,1
29225,29059,2
29225,29067,1
29225,29077,1
29225,29105,2
29225,29229,1
29227,19159,11
29227,19173,8
29227,29075,1
29227,29081,1
29227,29147,1
29229,29067,1
29229,29105,1
29229,29215,1
29229,29225,1
29510,17119,8
29510,17163,10
29510,29189,6
30001,16033,35
30001,16043,5
30001,16059,54
30001,30023,4
30001,30057,14
30001,30081,3
30001,30093,2
30003,30009,5
30003,30075,2
30003,30087,6
30003,30103,7
30003,30111,12
30003,56003,2
30003,56033,7
30005,30015,1
30005,30027,4
30005,30041,7
30005,30071,14
30007,30031,3
30007,30043,3
30007,30049,3
30007,30059,9
30009,30003,5
30009,30067,1
30009,30095,10
30009,30111,2
30009,56003,3
30009,56029,6
30011,30017,3
30011,30025,7
30011,30075,3
30011,46019,2
30011,46063,13
30011,56011,10
30013,30015,7
30013,30045,5
30013,30049,4
30013,30059,11
30013,30099,5
30015,30005,1
30015,30013,7
30015,30027,4
30015,30041,7
30015,30045,1
30015,30051,3
30015,30073,1
30015,30099,1
30017,30011,3
30017,30025,3
30017,30033,1
30017,30075,1
30017,30079,13
30017,30087,7
30019,30085,1
30019,30091,3
30019,30105,4
30021,30055,4
30021,30079,7
30021,30083,8
30021,30109,6
30023,30001,4
30023,30039,4
30023,30043,1
30023,30077,1
30023,30081,2
30023,30093,5
30025,30011,7
30025,30017,3
30025,30079,2
30025,30109,3
30025,38011,2
30025,38033,1
30025,38087,3
30025,46063,1
30027,30005,4
30027,30015,4
30027,30037,2
30027,30045,12
30027,30065,1
30027,30069,7
30027,30071,2
30027,30107,1
30029,30035,11
30029,30047,12
30029,30049,4
30029,30053,11
30029,30063,1
30029,30073,3
30029,30077,1
30029,30089,3
30029,30099,2
30031,16043,7
30031,30007,3
30031,30043,1
30031,30057,4
30031,30059,2
30031,30067,8
30031,56029,4
30031,56039,2
30033,30017,1
30033,30055,9
30033,30069,6
30033,30071,5
30033,30079,1
30033,30087,4
30033,30105,9
30035,30029,11
30035,30073,4
30035,30101,1
30037,30027,2
30037,30065,5
30037,30095,2
30037,30097,2
30037,30107,2
30037,30111,1
30039,30023,4
30039,30063,5
30039,30077,3
30039,30081,9
30041,30005,7
30041,30015,7
30041,30051,1
30043,30007,3
30043,30023,1
30043,30031,1
30043,30049,4
30043,30057,3
30043,30077,1
30043,30093,3
30045,30013,5
30045,30015,1
30045,30027,12
30045,30059,3
30045,30107,2
30047,30029,12
30047,30063,9
30047,30089,8
30049,30007,3
30049,30013,4
30049,30029,4
30049,30043,4
30049,30059,2
30049,30077,11
30049,30099,6
30051,30015,3
30051,30041,1
30051,30073,2
30051,30101,2
30053,16017,1
30053,16021,3
30053,30029,11
30053,30089,11
30055,30021,4
30055,30033,9
30055,30079,5
30055,30083,2
30055,30085,4
30055,30105,4
30057,16043,2
30057,30001,14
30057,30031,4
30057,30043,3
30057,30093,3
30059,30007,9
30059,30013,11
30059,30031,2
30059,30045,3
30059,30049,2
30059,30067,1
30059,30097,1
30059,30107,1
30061,16035,12
30061,16079,16
30061,30063,11
30061,30089,5
30063,16035,10
30063,16049,8
30063,30029,1
30063,30039,5
30063,30047,9
30063,30061,11
30063,30077,3
30063,30081,2
30063,30089,4
30065,30027,1
30065,30037,5
30065,30069,1
30065,30087,2
30065,30111,8
30067,30009,1
30067,30031,8
30067,30059,1
30067,30095,2
30067,30097,4
30067,56029,10
30069,30027,7
30069,30033,6
30069,30065,1
30069,30071,3
30069,30087,1
30071,30005,14
30071,30027,2
30071,30033,5
30071,30069,3
30071,30105,12
30073,30015,1
30073,30029,3
30073,30035,4
30073,30051,2
30073,30099,6
30073,30101,7
30075,30003,2
30075,30011,3
30075,30017,1
30075,30087,4
30075,56005,4
30075,56011,1
30075,56033,1
30077,30023,1
30077,30029,1
30077,30039,3
30077,30043,1
30077,30049,11
30077,30063,3
30079,30017,13
30079,30021,7
30079,30025,2
30079,30033,1
30079,30055,5
30079,30109,1
30081,16049,41
30081,16059,17
30081,30001,3
30081,30023,2
30081,30039,9
30081,30063,2
30083,30021,8
30083,30055,2
30083,30085,11
30083,30109,2
30083,38053,15
30085,30019,1
30085,30055,4
30085,30083,11
30085,30091,5
30085,30105,3
30085,38105,13
30087,30003,6
30087,30017,7
30087,30033,4
30087,30065,2
30087,30069,1
30087,30075,4
30087,30103,7
30087,30111,3
30089,16017,5
30089,16079,17
30089,30029,3
30089,30047,8
30089,30053,11
30089,30061,5
30089,30063,4
30091,30019,3
30091,30085,5
30091,38023,30
30091,38105,21
30093,30001,2
30093,30023,5
30093,30043,3
30093,30057,3
30095,30009,10
30095,30037,2
30095,30067,2
30095,30097,14
30095,30111,3
30097,30037,2
30097,30059,1
30097,30067,4
30097,30095,14
30097,30107,1
30099,30013,5
30099,30015,1
30099,30029,2
30099,30049,6
30099,30073,6
30101,30035,1
30101,30051,2
30101,30073,7
30103,30003,7
30103,30087,7
30103,30111,3
30105,30019,4
30105,30033,9
30105,30055,4
30105,30071,12
30105,30085,3
30107,30027,1
30107,30037,2
30107,30045,2
30107,30059,1
30107,30097,1
30109,30021,6
30109,30025,3
30109,30079,1
30109,30083,2
30109,38033,23
30109,38053,3
30111,30003,12
30111,30009,2
30111,30037,1
30111,30065,8
30111,30087,3
30111,30095,3
30111,30103,3
31001,31019,2
31001,31035,1
31001,31079,1
31001,31081,1
31001,31099,1
31001,31181,1
31003,31011,1
31003,31089,1
31003,31107,1
31003,31119,2
31003,31139,2
31003,31183,2
31005,31069,1
31005,31075,1
31005,31091,1
31005,31101,1
31005,31117,1
31007,31033,2
31007,31105,1
31007,31123,1
31007,31157,1
31007,56015,6
31007,56021,10
31009,31017,1
31009,31031,1
31009,31041,1
31009,31113,1
31009,31115,1
31009,31171,2
31011,31003,1
31011,31077,2
31011,31119,2
31011,31125,3
31011,31141,1
31011,31183,1
31013,31045,2
31013,31123,1
31013,31157,2
31013,31161,3
31013,31165,2
31015,31089,4
31015,31103,2
31015,31107,1
31015,46023,6
31015,46053,26
31017,31009,1
31017,31031,3
31017,31103,2
31017,31115,1
31017,31149,1
31019,31001,2
31019,31041,1
31019,31047,1
31019,31079,1
31019,31093,3
31019,31099,2
31019,31137,1
31019,31163,1
31021,19085,9
31021,19133,11
31021,31039,1
31021,31053,2
31021,31173,2
31021,31177,2
31023,31037,2
31023,31053,3
31023,31109,1
31023,31141,1
31023,31143,1
31023,31155,1
31023,31159,1
31025,19071,2
31025,19129,5
31025,31109,1
31025,31131,1
31025,31153,5
31025,31155,1
31027,31051,2
31027,31107,1
31027,31139,2
31027,31179,2
31027,46027,4
31027,46135,6
31029,08095,3
31029,08125,3
31029,31057,1
31029,31085,1
31029,31135,1
31031,31009,1
31031,31017,3
31031,31075,1
31031,31091,1
31031,31103,1
31031,31161,4
31031,31171,1
31031,46007,5
31031,46121,15
31033,08075,35
31033,08115,1
31033,31007,2
31033,31049,1
31033,31069,2
31033,31105,1
31033,31123,1
31035,31001,1
31035,31059,1
31035,31081,1
31035,31129,1
31035,31181,1
31035,31185,1
31037,31023,2
31037,31039,1
31037,31053,1
31037,31141,1
31037,31167,1
31039,31021,1
31039,31037,1
31039,31053,1
31039,31167,1
31039,31173,2
31039,31179,1
31041,31009,1
31041,31019,1
31041,31047,1
31041,31071,2
31041,31111,3
31041,31113,1
31041,31115,1
31041,31163,1
31041,31175,1
31043,19193,14
31043,31051,2
31043,31173,1
31043,46127,5
31045,31013,2
31045,31161,2
31045,31165,4
31045,46047,5
31045,46113,1
31047,31019,1
31047,31041,1
31047,31063,1
31047,31073,1
31047,31111,1
31047,31137,1
31049,08115,22
31049,31033,1
31049,31069,1
31049,31101,1
31049,31135,1
31051,31027,2
31051,31043,2
31051,31173,2
31051,31179,2
31051,46027,5
31051,46127,7
31053,31021,2
31053,31023,3
31053,31037,1
31053,31039,1
31053,31055,1
31053,31155,2
31053,31177,2
31055,19155,11
31055,31053,1
31055,31153,2
31055,31155,2
31055,31177,2
31057,08125,5
31057,20023,11
31057,20153,5
31057,31029,1
31057,31085,1
31057,31087,2
31059,31035,1
31059,31129,2
31059,31151,1
31059,31169,2
31059,31185,1
31061,20147,6
31061,20183,13
31061,31083,1
31061,31099,1
31061,31181,1
31063,31047,1
31063,31065,1
31063,31073,3
31063,31085,2
31063,31087,2
31063,31111,1
31063,31145,1
31065,20039,3
31065,20137,15
31065,31063,1
31065,31073,1
31065,31083,1
31065,31137,2
31065,31145,1
31067,20117,11
31067,20201,6
31067,31095,2
31067,31097,1
31067,31109,1
31067,31133,1
31067,31151,2
31069,31005,1
31069,31033,2
31069,31049,1
31069,31075,2
31069,31101,2
31069,31123,3
31069,31161,1
31071,31041,2
31071,31089,1
31071,31115,1
31071,31175,1
31071,31183,1
31073,31047,1
31073,31063,3
31073,31065,1
31073,31137,2
31075,31005,1
31075,31031,1
31075,31069,2
31075,31091,1
31075,31161,2
31077,31011,2
31077,31093,1
31077,31125,1
31077,31163,1
31077,31175,1
31077,31183,1
31079,31001,1
31079,31019,1
31079,31081,1
31079,31093,1
31079,31121,2
31081,31001,1
31081,31035,1
31081,31079,1
31081,31121,3
31081,31143,2
31081,31185,1
31083,20137,2
31083,20147,17
31083,31061,1
31083,31065,1
31083,31137,1
31085,31029,1
31085,31057,1
31085,31063,2
31085,31087,1
31085,31111,1
31085,31135,1
31087,20153,13
31087,31057,2
31087,31063,2
31087,31085,1
31087,31145,1
31089,31003,1
31089,31015,4
31089,31071,1
31089,31107,2
31089,31115,2
31089,31149,2
31089,31183,1
31091,31005,1
31091,31031,1
31091,31075,1
31091,31117,1
31091,31171,1
31093,31019,3
31093,31077,1
31093,31079,1
31093,31121,1
31093,31125,1
31093,31163,1
31095,20201,14
31095,31067,2
31095,31151,1
31095,31169,1
31097,31067,1
31097,31127,1
31097,31131,2
31097,31133,1
31099,31001,1
31099,31019,2
31099,31061,1
31099,31137,1
31099,31181,1
31101,31005,1
31101,31049,1
31101,31069,2
31101,31111,2
31101,31117,1
31101,31135,1
31103,31015,2
31103,31017,2
31103,31031,1
31103,31149,2
31103,46053,12
31103,46123,29
31105,08075,5
31105,08123,10
31105,31007,1
31105,31033,1
31105,56021,13
31107,31003,1
31107,31015,1
31107,31027,1
31107,31089,2
31107,31139,1
31107,46009,17
31107,46023,3
31107,46135,2
31109,31023,1
31109,31025,1
31109,31067,1
31109,31131,1
31109,31151,1
31109,31155,2
31109,31159,2
31111,31041,3
31111,31047,1
31111,31063,1
31111,31085,1
31111,31101,2
31111,31113,1
31111,31117,1
31111,31135,1
31113,31009,1
31113,31041,1
31113,31111,1
31113,31117,2
31113,31171,1
31115,31009,1
31115,31017,1
31115,31041,1
31115,31071,1
31115,31089,2
31115,31149,1
31117,31005,1
31117,31091,1
31117,31101,1
31117,31111,1
31117,31113,2
31117,31171,1
31119,31003,2
31119,31011,2
31119,31139,1
31119,31141,1
31119,31167,1
31121,31079,2
31121,31081,3
31121,31093,1
31121,31125,5
31121,31141,2
31121,31143,1
31123,31007,1
31123,31013,1
31123,31033,1
31123,31069,3
31123,31157,1
31123,31161,1
31125,31011,3
31125,31077,1
31125,31093,1
31125,31121,5
31125,31141,2
31127,29005,10
31127,29087,1
31127,31097,1
31127,31131,1
31127,31133,2
31127,31147,1
31129,20089,15
31129,20157,5
31129,31035,1
31129,31059,2
31129,31169,1
31129,31181,2
31131,19071,15
31131,29005,7
31131,31025,1
31131,31097,2
31131,31109,1
31131,31127,1
31133,20117,4
31133,20131,12
31133,31067,1
31133,31097,1
31133,31127,2
31133,31147,1
31135,08095,1
31135,08115,2
31135,31029,1
31135,31049,1
31135,31085,1
31135,31101,1
31135,31111,1
31137,31019,1
31137,31047,1
31137,31065,2
31137,31073,2
31137,31083,1
31137,31099,1
31139,31003,2
31139,31027,2
31139,31107,1
31139,31119,1
31139,31179,1
31141,31011,1
31141,31023,1
31141,31037,1
31141,31119,1
31141,31121,2
31141,31125,2
31141,31143,1
31141,31167,1
31143,31023,1
31143,31081,2
31143,31121,1
31143,31141,1
31143,31185,1
31145,20039,23
31145,20153,2
31145,31063,1
31145,31065,1
31145,31087,1
31147,20013,4
31147,20043,1
31147,20131,3
31147,29087,3
31147,31127,1
31147,31133,1
31149,31017,1
31149,31089,2
31149,31103,2
31149,31115,1
31151,31059,1
31151,31067,2
31151,31095,1
31151,31109,1
31151,31159,1
31153,19129,1
31153,19155,3
31153,31025,5
31153,31055,2
31153,31155,1
31155,31023,1
31155,31025,1
31155,31053,2
31155,31055,2
31155,31109,2
31155,31153,1
31157,31007,1
31157,31013,2
31157,31123,1
31157,31165,1
31157,56015,10
31159,31023,1
31159,31109,2
31159,31151,1
31159,31185,1
31161,31013,3
31161,31031,4
31161,31045,2
31161,31069,1
31161,31075,2
31161,31123,1
31161,46113,3
31163,31019,1
31163,31041,1
31163,31077,1
31163,31093,1
31163,31175,1
31165,31013,2
31165,31045,4
31165,31157,1
31165,46047,8
31165,56015,14
31165,56027,6
31167,31037,1
31167,31039,1
31167,31119,1
31167,31141,1
31167,31179,1
31169,20157,14
31169,31059,2
31169,31095,1
31169,31129,1
31171,31009,2
31171,31031,1
31171,31091,1
31171,31113,1
31171,31117,1
31173,19133,6
31173,19193,6
31173,31021,2
31173,31039,2
31173,31043,1
31173,31051,2
31173,31179,1
31175,31041,1
31175,31071,1
31175,31077,1
31175,31163,1
31175,31183,1
31177,19085,15
31177,19155,3
31177,31021,2
31177,31053,2
31177,31055,2
31179,31027,2
31179,31039,1
31179,31051,2
31179,31139,1
31179,31167,1
31179,31173,1
31181,20089,2
31181,20183,17
31181,31001,1
31181,31035,1
31181,31061,1
31181,31099,1
31181,31129,2
31183,31003,2
31183,31011,1
31183,31071,1
31183,31077,1
31183,31089,1
31183,31175,1
31185,31035,1
31185,31059,1
31185,31081,1
31185,31143,1
31185,31159,1
32001,32015,11
32001,32019,5
32001,32021,1
32001,32023,1
32001,32027,4
32001,32031,3
32003,04015,63
32003,06027,2
32003,06071,19
32003,32017,4
32003,32023,8
32005,06003,3
32005,06017,2
32005,06051,4
32005,06061,1
32005,32019,8
32005,32510,3
32007,16031,7
32007,16073,16
32007,16083,7
32007,32011,4
32007,32013,1
32007,32015,1
32007,32033,2
32007,49003,4
32007,49045,7
32009,06027,2
32009,06051,3
32009,32021,2
32009,32023,5
32011,32007,4
32011,32015,5
32011,32023,1
32011,32033,4
32013,16073,1
32013,32007,1
32013,32015,3
32013,32027,6
32013,32031,6
32013,41025,3
32013,41045,1
32015,32001,11
32015,32007,1
32015,32011,5
32015,32013,3
32015,32023,2
32015,32027,1
32017,04015,1
32017,32003,4
32017,32023,4
32017,32033,1
32017,49001,5
32017,49021,7
32017,49027,1
32017,49053,13
32019,06051,1
32019,32001,5
32019,32005,8
32019,32021,6
32019,32029,3
32019,32031,2
32019,32510,3
32021,06051,3
32021,32001,1
32021,32009,2
32021,32019,6
32021,32023,3
32023,06027,7
32023,32001,1
32023,32003,8
32023,32009,5
32023,32011,1
32023,32015,2
32023,32017,4
32023,32021,3
32023,32033,2
32027,32001,4
32027,32013,6
32027,32015,1
32027,32031,4
32029,32019,3
32029,32031,9
32031,06035,15
32031,06049,1
32031,06057,1
32031,06061,6
32031,06091,2
32031,32001,3
32031,32013,6
32031,32019,2
32031,32027,4
32031,32029,9
32031,32510,2
32031,41025,1
32031,41037,3
32033,32007,2
32033,32011,4
32033,32017,1
32033,32023,2
32033,49023,1
32033,49027,1
32033,49045,1
32510,06061,1
32510,32005,3
32510,32019,3
32510,32031,2
33001,33003,4
33001,33009,4
33001,33013,28
33001,33017,3
33003,23017,8
33003,23031,11
33003,33001,4
33003,33007,10
33003,33009,3
33003,33017,2
33005,25011,3
33005,25027,3
33005,33011,3
33005,33019,3
33005,50025,14
33007,23017,6
33007,33003,10
33007,33009,5
33007,50009,26
33009,33001,4
33009,33003,3
33009,33007,5
33009,33013,4
33009,33019,1
33009,50005,8
33009,50009,4
33009,50017,14
33009,50027,8
33011,25009,1
33011,25017,7
33011,25027,1
33011,33005,3
33011,33013,12
33011,33015,5
33011,33019,3
33013,33001,28
33013,33009,4
33013,33011,12
33013,33015,2
33013,33017,1
33013,33019,3
33015,23031,3
33015,25009,18
33015,33011,5
33015,33013,2
33015,33017,6
33017,23031,32
33017,33001,3
33017,33003,2
33017,33013,1
33017,33015,6
33019,33005,3
33019,33009,1
33019,33011,3
33019,33013,3
33019,50025,2
33019,50027,10
34001,34005,3
34001,34007,2
34001,34009,2
34001,34011,2
34001,34015,2
34001,34029,1
34003,34013,4
34003,34017,3
34003,34031,8
34003,36005,3
34003,36061,3
34003,36087,7
34003,36119,1
34005,34001,3
34005,34007,29
34005,34021,12
34005,34025,1
34005,34029,5
34005,42017,5
34005,42101,3
34007,34001,2
34007,34005,29
34007,34015,3
34007,42101,4
34009,34001,2
34009,34011,1
34011,34001,2
34011,34009,1
34011,34015,1
34011,34033,4
34013,34003,4
34013,34017,13
34013,34027,2
34013,34031,3
34013,34039,24
34015,10003,3
34015,34001,2
34015,34007,3
34015,34011,1
34015,34033,4
34015,42045,6
34015,42101,3
34017,34003,3
34017,34013,13
34017,34039,3
34017,36061,5
34019,34021,2
34019,34027,1
34019,34035,3
34019,34041,2
34019,42017,15
34021,34005,12
34021,34019,2
34021,34023,2
34021,34025,1
34021,34035,4
34021,42017,6
34023,34021,2
34023,34025,8
34023,34035,12
34023,34039,16
34025,34005,1
34025,34021,1
34025,34023,8
34025,34029,5
34027,34013,2
34027,34019,1
34027,34031,5
34027,34035,13
34027,34037,4
34027,34039,1
34027,34041,1
34029,34001,1
34029,34005,5
34029,34025,5
34031,34003,8
34031,34013,3
34031,34027,5
34031,34037,2
34031,36071,1
34031,36087,1
34033,10003,9
34033,34011,4
34033,34015,4
34035,34019,3
34035,34021,4
34035,34023,12
34035,34027,13
34035,34039,4
34037,34027,4
34037,34031,2
34037,34041,3
34037,36071,3
34037,42103,13
34039,34013,24
34039,34017,3
34039,34023,16
34039,34027,1
34039,34035,4
34041,34019,2
34041,34027,1
34041,34037,3
34041,42017,1
34041,42089,10
34041,42095,16
34041,42103,3
35001,35006,1
35001,35043,5
35001,35049,2
35001,35057,4
35001,35061,6
35003,04001,3
35003,04011,5
35003,35006,1
35003,35017,2
35003,35051,2
35003,35053,3
35005,35011,5
35005,35015,4
35005,35025,5
35005,35027,4
35005,35035,4
35005,35041,6
35006,04001,1
35006,35001,1
35006,35003,1
35006,35031,8
35006,35043,2
35006,35053,1
35006,35061,2
35007,08023,1
35007,08071,5
35007,35021,1
35007,35033,3
35007,35055,8
35007,35059,1
35009,35037,9
35009,35041,2
35009,48017,1
35009,48117,4
35009,48369,20
35011,35005,5
35011,35019,4
35011,35027,1
35011,35037,2
35011,35041,1
35013,35029,1
35013,35035,3
35013,35051,4
35013,48141,35
35015,35005,4
35015,35025,3
35015,35035,1
35015,48109,5
35015,48301,1
35015,48389,1
35017,04011,7
35017,35003,2
35017,35023,9
35017,35029,4
35017,35051,8
35019,35011,4
35019,35027,1
35019,35037,1
35019,35047,3
35019,35057,3
35021,35007,1
35021,35033,3
35021,35037,2
35021,35047,4
35021,35059,5
35023,04003,10
35023,04011,5
35023,35017,9
35023,35029,4
35025,35005,5
35025,35015,3
35025,35041,1
35025,48003,3
35025,48079,1
35025,48165,21
35025,48301,1
35025,48495,9
35025,48501,9
35027,35005,4
35027,35011,1
35027,35019,1
35027,35035,4
35027,35051,2
35027,35053,5
35027,35057,2
35028,35039,3
35028,35043,3
35028,35049,3
35029,35013,1
35029,35017,4
35029,35023,4
35029,35051,1
35031,04001,10
35031,35006,8
35031,35043,4
35031,35045,1
35033,35007,3
35033,35021,3
35033,35039,2
35033,35047,5
35033,35049,2
35033,35055,3
35035,35005,4
35035,35013,3
35035,35015,1
35035,35027,4
35035,35051,1
35035,48109,1
35035,48141,6
35035,48229,15
35037,35009,9
35037,35011,2
35037,35019,1
35037,35021,2
35037,35041,1
35037,35047,4
35037,35059,1
35037,48117,9
35037,48205,1
35037,48359,2
35039,08007,8
35039,08021,3
35039,35028,3
35039,35033,2
35039,35043,4
35039,35045,4
35039,35049,4
35039,35055,9
35041,35005,6
35041,35009,2
35041,35011,1
35041,35025,1
35041,35037,1
35041,48017,19
35041,48079,8
35043,35001,5
35043,35006,2
35043,35028,3
35043,35031,4
35043,35039,4
35043,35045,1
35043,35049,6
35045,04001,5
35045,08007,1
35045,08067,5
35045,08083,5
35045,35031,1
35045,35039,4
35045,35043,1
35047,35019,3
35047,35021,4
35047,35033,5
35047,35037,4
35047,35049,1
35047,35057,1
35049,35001,2
35049,35028,3
35049,35033,2
35049,35039,4
35049,35043,6
35049,35047,1
35049,35057,2
35051,35003,2
35051,35013,4
35051,35017,8
35051,35027,2
35051,35029,1
35051,35035,1
35051,35053,2
35053,35003,3
35053,35006,1
35053,35027,5
35053,35051,2
35053,35057,2
35053,35061,3
35055,08021,3
35055,08023,11
35055,35007,8
35055,35033,3
35055,35039,9
35057,35001,4
35057,35019,3
35057,35027,2
35057,35047,1
35057,35049,2
35057,35053,2
35057,35061,5
35059,08009,1
35059,08071,3
35059,35007,1
35059,35021,5
35059,35037,1
35059,40025,8
35059,48111,4
35059,48205,1
35061,35001,6
35061,35006,2
35061,35053,3
35061,35057,5
36001,36039,1
36001,36083,4
36001,36091,4
36001,36093,2
36001,36095,3
36003,36009,1
36003,36051,3
36003,36101,1
36003,36121,2
36003,42083,1
36003,42105,6
36005,34003,3
36005,36061,5
36005,36081,12
36005,36119,8
36007,36017,6
36007,36023,1
36007,36025,8
36007,36107,4
36007,42115,4
36007,42127,4
36009,36003,1
36009,36013,1
36009,36029,4
36009,36121,2
36009,42083,3
36009,42123,2
36011,36023,1
36011,36067,5
36011,36075,2
36011,36099,3
36011,36109,1
36011,36117,2
36013,36009,1
36013,36029,1
36013,42049,12
36013,42123,3
36015,36097,3
36015,36101,1
36015,36107,1
36015,36109,2
36015,42015,6
36015,42117,3
36017,36007,6
36017,36023,1
36017,36025,1
36017,36053,1
36017,36077,4
36019,36031,4
36019,36033,3
36019,50007,2
36019,50013,8
36021,25003,3
36021,36027,3
36021,36039,2
36021,36083,1
36021,36111,2
36023,36007,1
36023,36011,1
36023,36017,1
36023,36053,1
36023,36067,1
36023,36107,1
36023,36109,1
36025,36007,8
36025,36017,1
36025,36039,2
36025,36077,3
36025,36095,2
36025,36105,2
36025,36111,1
36025,42127,5
36027,09001,2
36027,09005,4
36027,25003,1
36027,36021,3
36027,36071,3
36027,36079,2
36027,36111,10
36029,36009,4
36029,36013,1
36029,36037,2
36029,36063,5
36029,36121,1
36031,36019,4
36031,36033,4
36031,36041,5
36031,36113,3
36031,36115,3
36031,50001,14
36031,50007,6
36033,36019,3
36033,36031,4
36033,36041,1
36033,36089,4
36035,36041,4
36035,36043,2
36035,36057,4
36035,36091,1
36037,36029,2
36037,36051,1
36037,36055,3
36037,36063,2
36037,36073,2
36037,36121,1
36039,36001,1
36039,36021,2
36039,36025,2
36039,36095,2
36039,36111,4
36041,36031,5
36041,36033,1
36041,36035,4
36041,36043,3
36041,36089,1
36041,36091,1
36041,36113,2
36043,36035,2
36043,36041,3
36043,36049,1
36043,36057,1
36043,36065,6
36043,36077,5
36043,36089,2
36045,36049,9
36045,36075,3
36045,36089,1
36047,36061,8
36047,36081,18
36049,36043,1
36049,36045,9
36049,36065,2
36049,36075,1
36049,36089,1
36051,36003,3
36051,36037,1
36051,36055,3
36051,36069,4
36051,36101,2
36051,36121,3
36053,36017,1
36053,36023,1
36053,36065,6
36053,36067,85
36053,36075,9
36053,36077,1
36055,36037,3
36055,36051,3
36055,36069,3
36055,36073,3
36055,36117,2
36057,36035,4
36057,36043,1
36057,36077,3
36057,36091,2
36057,36093,2
36057,36095,2
36059,36081,5
36059,36103,7
36061,34003,3
36061,34017,5
36061,36005,5
36061,36047,8
36061,36081,14
36063,36029,5
36063,36037,2
36063,36073,3
36065,36043,6
36065,36049,2
36065,36053,6
36065,36075,3
36065,36077,2
36067,36011,5
36067,36023,1
36067,36053,85
36067,36075,3
36069,36051,4
36069,36055,3
36069,36099,2
36069,36101,1
36069,36117,3
36069,36123,4
36071,34031,1
36071,34037,3
36071,36027,3
36071,36079,1
36071,36087,2
36071,36105,3
36071,36111,3
36071,42103,4
36073,36037,2
36073,36055,3
36073,36063,3
36075,36011,2
36075,36045,3
36075,36049,1
36075,36053,9
36075,36065,3
36075,36067,3
36077,36017,4
36077,36025,3
36077,36043,5
36077,36053,1
36077,36057,3
36077,36065,2
36077,36095,3
36079,09001,16
36079,36027,2
36079,36071,1
36079,36087,1
36079,36119,1
36081,36005,12
36081,36047,18
36081,36059,5
36081,36061,14
36083,25003,2
36083,36001,4
36083,36021,1
36083,36091,6
36083,36115,1
36083,50003,7
36087,34003,7
36087,34031,1
36087,36071,2
36087,36079,1
36087,36119,9
36089,36033,4
36089,36041,1
36089,36043,2
36089,36045,1
36089,36049,1
36091,36001,4
36091,36035,1
36091,36041,1
36091,36057,2
36091,36083,6
36091,36093,2
36091,36113,3
36091,36115,2
36093,36001,2
36093,36057,2
36093,36091,2
36093,36095,2
36095,36001,3
36095,36025,2
36095,36039,2
36095,36057,2
36095,36077,3
36095,36093,2
36097,36015,3
36097,36099,1
36097,36101,2
36097,36109,2
36097,36123,2
36099,36011,3
36099,36069,2
36099,36097,1
36099,36109,2
36099,36117,1
36099,36123,2
36101,36003,1
36101,36015,1
36101,36051,2
36101,36069,1
36101,36097,2
36101,36123,2
36101,42105,1
36101,42117,5
36103,36059,7
36105,36025,2
36105,36071,3
36105,36111,4
36105,42103,8
36105,42127,7
36107,36007,4
36107,36015,1
36107,36023,1
36107,36109,5
36107,42015,5
36107,42115,3
36109,36011,1
36109,36015,2
36109,36023,1
36109,36097,2
36109,36099,2
36109,36107,5
36111,36021,2
36111,36025,1
36111,36027,10
36111,36039,4
36111,36071,3
36111,36105,4
36113,36031,3
36113,36041,2
36113,36091,3
36113,36115,3
36115,36031,3
36115,36083,1
36115,36091,2
36115,36113,3
36115,50001,4
36115,50003,3
36115,50021,19
36117,36011,2
36117,36055,2
36117,36069,3
36117,36099,1
36119,09001,15
36119,34003,1
36119,36005,8
36119,36079,1
36119,36087,9
36121,36003,2
36121,36009,2
36121,36029,1
36121,36037,1
36121,36051,3
36123,36069,4
36123,36097,2
36123,36099,2
36123,36101,2
37001,37033,4
37001,37037,2
37001,37081,2
37001,37135,2
37001,37151,1
37001,37157,2
37003,37027,1
37003,37035,2
37003,37097,7
37003,37193,2
37005,37009,1
37005,37171,2
37005,37193,3
37005,51077,6
37007,37153,5
37007,37167,2
37007,37179,1
37007,45025,7
37009,37005,1
37009,37189,2
37009,37193,3
37009,47091,21
37009,51077,4
37011,37023,2
37011,37027,2
37011,37111,3
37011,37121,2
37011,37189,2
37011,47019,4
37011,47091,1
37013,37049,1
37013,37095,4
37013,37117,2
37013,37137,3
37013,37147,9
37013,37187,1
37015,37041,2
37015,37083,3
37015,37091,2
37015,37117,8
37015,37131,1
37015,37187,1
37017,37047,4
37017,37051,1
37017,37141,2
37017,37155,2
37017,37163,1
37019,37047,7
37019,37129,2
37019,37141,1
37019,45051,1
37021,37087,3
37021,37089,3
37021,37111,2
37021,37115,3
37021,37161,1
37021,37199,2
37023,37011,2
37023,37027,2
37023,37035,1
37023,37045,1
37023,37109,4
37023,37111,4
37023,37161,1
37025,37097,2
37025,37119,9
37025,37159,7
37025,37167,1
37025,37179,2
37027,37003,1
37027,37011,2
37027,37023,2
37027,37035,4
37027,37189,1
37027,37193,1
37029,37053,5
37029,37073,1
37029,37139,3
37029,51550,1
37029,51800,1
37031,37049,4
37031,37103,1
37031,37133,2
37031,37137,1
37033,37001,4
37033,37135,1
37033,37145,1
37033,37157,1
37033,51083,3
37033,51143,3
37033,51590,3
37035,37003,2
37035,37023,1
37035,37027,4
37035,37097,2
37035,37109,2
37037,37001,2
37037,37063,1
37037,37085,1
37037,37105,2
37037,37125,2
37037,37135,1
37037,37151,1
37037,37183,4
37039,13111,2
37039,13291,3
37039,37043,2
37039,37075,3
37039,37113,1
37039,47123,12
37039,47139,3
37041,37015,2
37041,37073,1
37041,37091,2
37041,37143,3
37043,13241,1
37043,13281,3
37043,13291,2
37043,37039,2
37043,37113,2
37045,37023,1
37045,37071,3
37045,37109,1
37045,37161,2
37045,45021,6
37045,45091,1
37047,37017,4
37047,37019,7
37047,37141,1
37047,37155,2
37047,45051,3
37049,37013,1
37049,37031,4
37049,37103,4
37049,37107,1
37049,37137,7
37049,37147,9
37051,37017,1
37051,37085,3
37051,37093,5
37051,37125,4
37051,37155,1
37051,37163,27
37053,37029,5
37053,37055,1
37053,51550,1
37053,51810,19
37055,37053,1
37055,37095,2
37055,37177,1
37057,37059,3
37057,37067,6
37057,37081,4
37057,37123,1
37057,37151,2
37057,37159,8
37059,37057,3
37059,37067,1
37059,37097,1
37059,37159,2
37059,37197,1
37061,37103,3
37061,37107,5
37061,37133,3
37061,37141,1
37061,37163,4
37061,37191,3
37063,37037,1
37063,37077,2
37063,37135,1
37063,37145,2
37063,37183,3
37065,37083,3
37065,37117,2
37065,37127,5
37065,37147,4
37065,37195,2
37067,37057,6
37067,37059,1
37067,37081,1
37067,37169,1
37067,37171,3
37067,37197,3
37069,37077,2
37069,37127,2
37069,37181,2
37069,37183,2
37069,37185,2
37071,37045,3
37071,37109,2
37071,37119,6
37071,45091,6
37073,37029,1
37073,37041,1
37073,37091,3
37073,37139,2
37073,37143,3
37073,51175,1
37073,51800,4
37075,37039,3
37075,37113,13
37075,37173,2
37075,47009,3
37075,47123,13
37077,37063,2
37077,37069,2
37077,37145,2
37077,37181,6
37077,37183,1
37077,51083,3
37077,51117,7
37079,37107,7
37079,37147,2
37079,37191,9
37079,37195,9
37081,37001,2
37081,37057,4
37081,37067,1
37081,37151,2
37081,37157,5
37083,37015,3
37083,37065,3
37083,37117,2
37083,37127,2
37083,37131,9
37083,37185,2
37085,37037,1
37085,37051,3
37085,37101,3
37085,37105,1
37085,37125,2
37085,37163,1
37085,37183,1
37087,37021,3
37087,37089,1
37087,37099,2
37087,37115,1
37087,37173,2
37087,37175,2
37087,47029,9
37087,47155,2
37089,37021,3
37089,37087,1
37089,37149,2
37089,37161,3
37089,37175,2
37089,45045,7
37091,37015,2
37091,37041,2
37091,37073,3
37091,37131,2
37091,51175,1
37093,37051,5
37093,37125,3
37093,37155,2
37093,37165,2
37095,37013,4
37095,37055,2
37095,37177,5
37095,37187,2
37097,37003,7
37097,37025,2
37097,37035,2
37097,37059,1
37097,37109,1
37097,37119,1
37097,37159,3
37097,37193,1
37097,37197,1
37099,13241,1
37099,37087,2
37099,37113,1
37099,37173,2
37099,37175,3
37099,45073,1
37101,37085,3
37101,37127,1
37101,37163,4
37101,37183,3
37101,37191,3
37101,37195,2
37103,37031,1
37103,37049,4
37103,37061,3
37103,37107,6
37103,37133,5
37105,37037,2
37105,37085,1
37105,37125,2
37107,37049,1
37107,37061,5
37107,37079,7
37107,37103,6
37107,37147,4
37107,37191,2
37109,37023,4
37109,37035,2
37109,37045,1
37109,37071,2
37109,37097,1
37109,37119,1
37111,37011,3
37111,37021,2
37111,37023,4
37111,37121,1
37111,37161,3
37111,37199,2
37113,13241,1
37113,37039,1
37113,37043,2
37113,37075,13
37113,37099,1
37113,37173,1
37115,37021,3
37115,37087,1
37115,37199,1
37115,47029,5
37115,47059,11
37115,47171,7
37117,37013,2
37117,37015,8
37117,37065,2
37117,37083,2
37117,37147,1
37117,37187,1
37119,37025,9
37119,37071,6
37119,37097,1
37119,37109,1
37119,37179,2
37119,45057,1
37119,45091,12
37121,37011,2
37121,37111,1
37121,37199,3
37121,47019,7
37121,47171,13
37123,37057,1
37123,37125,2
37123,37151,1
37123,37153,2
37123,37167,3
37125,37037,2
37125,37051,4
37125,37085,2
37125,37093,3
37125,37105,2
37125,37123,2
37125,37151,1
37125,37153,2
37127,37065,5
37127,37069,2
37127,37083,2
37127,37101,1
37127,37195,4
37129,37019,2
37129,37141,2
37131,37015,1
37131,37083,9
37131,37091,2
37131,37185,2
37131,51025,3
37131,51081,1
37131,51175,2
37133,37031,2
37133,37061,3
37133,37103,5
37133,37141,2
37135,37001,2
37135,37033,1
37135,37037,1
37135,37063,1
37135,37145,1
37137,37013,3
37137,37031,1
37137,37049,7
37139,37029,3
37139,37073,2
37139,37143,3
37141,37017,2
37141,37019,1
37141,37047,1
37141,37061,1
37141,37129,2
37141,37133,2
37141,37163,1
37143,37041,3
37143,37073,3
37143,37139,3
37145,37033,1
37145,37063,2
37145,37077,2
37145,37135,1
37145,51083,9
37147,37013,9
37147,37049,9
37147,37065,4
37147,37079,2
37147,37107,4
37147,37117,1
37147,37195,2
37149,37089,2
37149,37161,3
37149,45045,5
37149,45083,5
37151,37001,1
37151,37037,1
37151,37057,2
37151,37081,2
37151,37123,1
37151,37125,1
37153,37007,5
37153,37123,2
37153,37125,2
37153,37165,3
37153,45069,5
37155,37017,2
37155,37047,2
37155,37051,1
37155,37093,2
37155,37165,3
37155,45033,10
37155,45069,3
37157,37001,2
37157,37033,1
37157,37081,5
37157,37169,2
37157,51089,4
37157,51143,3
37159,37025,7
37159,37057,8
37159,37059,2
37159,37097,3
37159,37167,1
37161,37021,1
37161,37023,1
37161,37045,2
37161,37089,3
37161,37111,3
37161,37149,3
37161,45021,2
37161,45083,1
37163,37017,1
37163,37051,27
37163,37061,4
37163,37085,1
37163,37101,4
37163,37141,1
37163,37191,1
37165,37093,2
37165,37153,3
37165,37155,3
37165,45069,13
37167,37007,2
37167,37025,1
37167,37123,3
37167,37159,1
37167,37179,5
37169,37067,1
37169,37157,2
37169,37171,1
37169,51089,1
37169,51141,7
37171,37005,2
37171,37067,3
37171,37169,1
37171,37193,2
37171,37197,3
37171,51035,5
37171,51077,2
37171,51141,1
37173,37075,2
37173,37087,2
37173,37099,2
37173,37113,1
37173,47009,5
37173,47155,10
37175,37087,2
37175,37089,2
37175,37099,3
37175,45045,5
37175,45073,1
37175,45077,7
37177,37055,1
37177,37095,5
37177,37187,3
37179,37007,1
37179,37025,2
37179,37119,2
37179,37167,5
37179,45025,10
37179,45057,12
37181,37069,2
37181,37077,6
37181,37185,2
37181,51117,3
37183,37037,4
37183,37063,3
37183,37069,2
37183,37077,1
37183,37085,1
37183,37101,3
37185,37069,2
37185,37083,2
37185,37131,2
37185,37181,2
37185,51025,3
37185,51117,5
37187,37013,1
37187,37015,1
37187,37095,2
37187,37117,1
37187,37177,3
37189,37009,2
37189,37011,2
37189,37027,1
37189,37193,2
37189,47091,10
37191,37061,3
37191,37079,9
37191,37101,3
37191,37107,2
37191,37163,1
37191,37195,1
37193,37003,2
37193,37005,3
37193,37009,3
37193,37027,1
37193,37097,1
37193,37171,2
37193,37189,2
37193,37197,1
37195,37065,2
37195,37079,9
37195,37101,2
37195,37127,4
37195,37147,2
37195,37191,1
37197,37059,1
37197,37067,3
37197,37097,1
37197,37171,3
37197,37193,1
37199,37021,2
37199,37111,2
37199,37115,1
37199,37121,3
37199,47171,4
38001,38011,1
38001,38037,1
38001,38041,3
38001,38085,1
38001,38087,2
38001,46031,3
38001,46063,3
38001,46105,39
38003,38017,3
38003,38039,1
38003,38045,1
38003,38073,1
38003,38091,1
38003,38093,3
38005,38027,1
38005,38063,1
38005,38069,4
38005,38071,10
38005,38095,1
38005,38103,1
38007,38025,2
38007,38033,3
38007,38053,1
38007,38087,1
38007,38089,2
38009,38049,4
38009,38069,1
38009,38075,4
38009,38079,3
38011,30025,2
38011,38001,1
38011,38087,1
38011,46063,19
38013,38023,2
38013,38061,1
38013,38075,1
38013,38101,4
38013,38105,3
38015,38029,1
38015,38043,3
38015,38055,3
38015,38059,3
38015,38065,2
38015,38083,2
38017,27027,10
38017,27107,2
38017,38003,3
38017,38073,1
38017,38077,1
38017,38091,1
38017,38097,1
38019,38067,2
38019,38071,1
38019,38095,3
38019,38099,1
38021,38045,1
38021,38051,1
38021,38073,2
38021,38081,1
38021,46013,5
38021,46089,4
38023,30091,30
38023,38013,2
38023,38105,1
38025,38007,2
38025,38053,3
38025,38055,3
38025,38057,3
38025,38061,2
38025,38089,3
38027,38005,1
38027,38031,1
38027,38039,1
38027,38063,1
38027,38103,2
38029,38015,1
38029,38043,1
38029,38047,2
38029,38051,1
38029,38059,2
38029,38085,5
38029,46021,21
38029,46031,2
38031,38027,1
38031,38039,1
38031,38093,2
38031,38103,1
38033,30025,1
38033,30109,23
38033,38007,3
38033,38053,1
38033,38087,3
38035,27089,1
38035,27119,8
38035,38063,2
38035,38091,1
38035,38097,1
38035,38099,1
38037,38001,1
38037,38041,3
38037,38059,6
38037,38085,6
38037,38089,2
38039,38003,1
38039,38027,1
38039,38031,1
38039,38063,1
38039,38091,2
38039,38093,2
38041,38001,3
38041,38037,3
38041,38087,2
38041,38089,1
38043,38015,3
38043,38029,1
38043,38047,1
38043,38083,4
38043,38093,3
38043,38103,1
38045,38003,1
38045,38021,1
38045,38047,1
38045,38051,1
38045,38073,1
38045,38093,1
38047,38029,2
38047,38043,1
38047,38045,1
38047,38051,1
38047,38093,1
38049,38009,4
38049,38055,1
38049,38069,5
38049,38075,2
38049,38083,1
38049,38101,4
38051,38021,1
38051,38029,1
38051,38045,1
38051,38047,1
38051,46021,6
38051,46089,23
38053,30083,15
38053,30109,3
38053,38007,1
38053,38025,3
38053,38033,1
38053,38061,4
38053,38105,12
38055,38015,3
38055,38025,3
38055,38049,1
38055,38057,10
38055,38061,2
38055,38065,3
38055,38083,3
38055,38101,1
38057,38025,3
38057,38055,10
38057,38059,1
38057,38065,3
38057,38089,2
38059,38015,3
38059,38029,2
38059,38037,6
38059,38057,1
38059,38065,1
38059,38085,3
38059,38089,2
38061,38013,1
38061,38025,2
38061,38053,4
38061,38055,2
38061,38101,6
38061,38105,3
38063,38005,1
38063,38027,1
38063,38035,2
38063,38039,1
38063,38071,4
38063,38091,1
38063,38099,1
38065,38015,2
38065,38055,3
38065,38057,3
38065,38059,1
38067,27069,9
38067,27089,2
38067,38019,2
38067,38099,2
38069,38005,4
38069,38009,1
38069,38049,5
38069,38079,1
38069,38083,3
38069,38095,2
38069,38103,1
38071,38005,10
38071,38019,1
38071,38063,4
38071,38095,2
38071,38099,1
38073,38003,1
38073,38017,1
38073,38021,2
38073,38045,1
38073,38077,1
38073,38081,1
38075,38009,4
38075,38013,1
38075,38049,2
38075,38101,4
38077,27027,1
38077,27155,2
38077,27167,16
38077,38017,1
38077,38073,1
38077,38081,3
38077,46109,14
38079,38009,3
38079,38069,1
38079,38095,3
38081,38021,1
38081,38073,1
38081,38077,3
38081,46013,2
38081,46091,12
38083,38015,2
38083,38043,4
38083,38049,1
38083,38055,3
38083,38069,3
38083,38103,3
38085,38001,1
38085,38029,5
38085,38037,6
38085,38059,3
38085,46031,52
38087,30025,3
38087,38001,2
38087,38007,1
38087,38011,1
38087,38033,3
38087,38041,2
38087,38089,1
38089,38007,2
38089,38025,3
38089,38037,2
38089,38041,1
38089,38057,2
38089,38059,2
38089,38087,1
38091,38003,1
38091,38017,1
38091,38035,1
38091,38039,2
38091,38063,1
38091,38097,2
38093,38003,3
38093,38031,2
38093,38039,2
38093,38043,3
38093,38045,1
38093,38047,1
38093,38103,1
38095,38005,1
38095,38019,3
38095,38069,2
38095,38071,2
38095,38079,3
38097,27107,3
38097,27119,5
38097,38017,1
38097,38035,1
38097,38091,2
38099,27089,14
38099,38019,1
38099,38035,1
38099,38063,1
38099,38067,2
38099,38071,1
38101,38013,4
38101,38049,4
38101,38055,1
38101,38061,6
38101,38075,4
38103,38005,1
38103,38027,2
38103,38031,1
38103,38043,1
38103,38069,1
38103,38083,3
38103,38093,1
38105,30085,13
38105,30091,21
38105,38013,3
38105,38023,1
38105,38053,12
38105,38061,3
39001,21135,14
39001,21161,5
39001,39015,2
39001,39071,2
39001,39131,1
39001,39145,1
39003,39011,3
39003,39063,1
39003,39065,1
39003,39137,3
39003,39161,2
39005,39075,2
39005,39077,2
39005,39083,1
39005,39093,1
39005,39103,2
39005,39139,5
39005,39169,5
39007,39055,2
39007,39085,2
39007,39155,1
39007,42039,9
39007,42049,4
39009,39073,3
39009,39105,1
39009,39115,2
39009,39127,1
39009,39163,7
39009,39167,3
39009,54107,3
39011,39003,3
39011,39065,1
39011,39091,2
39011,39107,3
39011,39149,3
39011,39161,1
39013,39059,1
39013,39067,2
39013,39081,1
39013,39111,1
39013,39121,1
39013,54051,8
39013,54069,6
39015,21023,6
39015,21161,8
39015,39001,2
39015,39025,2
39015,39027,1
39015,39071,2
39017,18047,6
39017,18161,5
39017,39061,5
39017,39113,2
39017,39135,2
39017,39165,3
39019,39029,3
39019,39067,1
39019,39081,2
39019,39151,3
39019,39157,3
39021,39023,1
39021,39091,1
39021,39097,1
39021,39109,1
39021,39149,1
39021,39159,2
39023,39021,1
39023,39057,3
39023,39097,2
39023,39109,1
39023,39113,5
39025,21023,5
39025,21037,5
39025,21191,3
39025,39015,2
39025,39027,1
39025,39061,2
39025,39165,1
39027,39015,1
39027,39025,1
39027,39047,2
39027,39057,1
39027,39071,2
39027,39165,2
39029,39019,3
39029,39081,1
39029,39099,1
39029,39151,1
39029,42007,5
39029,42073,1
39029,54029,8
39031,39059,1
39031,39075,1
39031,39083,2
39031,39089,2
39031,39119,2
39031,39157,3
39033,39077,1
39033,39101,1
39033,39117,1
39033,39139,1
39033,39147,1
39033,39175,1
39035,39055,1
39035,39085,8
39035,39093,3
39035,39103,1
39035,39153,6
39037,18075,1
39037,18135,11
39037,18177,3
39037,39107,1
39037,39109,1
39037,39113,4
39037,39135,1
39037,39149,1
39039,18003,3
39039,18033,5
39039,39069,2
39039,39125,4
39039,39137,1
39039,39171,1
39041,39049,3
39041,39083,3
39041,39089,1
39041,39101,1
39041,39117,3
39041,39159,3
39043,39077,1
39043,39093,1
39043,39123,5
39043,39143,2
39045,39049,3
39045,39073,5
39045,39089,3
39045,39127,3
39045,39129,2
39047,39027,2
39047,39057,1
39047,39071,2
39047,39097,1
39047,39129,1
39047,39141,2
39049,39041,3
39049,39045,3
39049,39089,1
39049,39097,2
39049,39129,2
39049,39159,2
39051,26059,3
39051,26091,2
39051,39069,1
39051,39095,2
39051,39171,2
39053,39079,2
39053,39087,6
39053,39105,2
39053,39163,1
39053,54011,4
39053,54053,16
39055,39007,2
39055,39035,1
39055,39085,5
39055,39133,1
39055,39155,3
39057,39023,3
39057,39027,1
39057,39047,1
39057,39097,3
39057,39113,4
39057,39165,1
39059,39013,1
39059,39031,1
39059,39067,2
39059,39119,2
39059,39121,5
39059,39157,1
39061,18029,9
39061,21015,10
39061,21037,5
39061,21117,5
39061,39017,5
39061,39025,2
39061,39165,1
39063,39003,1
39063,39065,1
39063,39137,1
39063,39147,1
39063,39173,1
39063,39175,1
39065,39003,1
39065,39011,1
39065,39063,1
39065,39091,1
39065,39101,2
39065,39159,1
39065,39175,2
39067,39013,2
39067,39019,1
39067,39059,2
39067,39081,2
39067,39157,3
39069,39039,2
39069,39051,1
39069,39095,1
39069,39137,1
39069,39171,1
39069,39173,1
39071,39001,2
39071,39015,2
39071,39027,2
39071,39047,2
39071,39131,1
39071,39141,2
39073,39009,3
39073,39045,5
39073,39127,2
39073,39129,1
39073,39141,2
39073,39163,3
39075,39005,2
39075,39031,1
39075,39083,2
39075,39151,2
39075,39157,2
39075,39169,1
39077,39005,2
39077,39033,1
39077,39043,1
39077,39093,1
39077,39139,1
39077,39143,1
39077,39147,1
39079,39053,2
39079,39087,3
39079,39131,1
39079,39141,2
39079,39145,3
39079,39163,3
39081,39013,1
39081,39019,2
39081,39029,1
39081,39067,2
39081,54009,9
39081,54029,5
39081,54069,1
39083,39005,1
39083,39031,2
39083,39041,3
39083,39075,2
39083,39089,4
39083,39117,2
39083,39139,2
39085,39007,2
39085,39035,8
39085,39055,5
39087,21019,1
39087,21089,8
39087,39053,6
39087,39079,3
39087,39145,4
39087,54011,10
39087,54099,3
39089,39031,2
39089,39041,1
39089,39045,3
39089,39049,1
39089,39083,4
39089,39119,2
39089,39127,1
39091,39011,2
39091,39021,1
39091,39065,1
39091,39149,1
39091,39159,1
39093,39005,1
39093,39035,3
39093,39043,1
39093,39077,1
39093,39103,11
39095,26091,1
39095,26115,12
39095,39051,2
39095,39069,1
39095,39123,1
39095,39173,4
39097,39021,1
39097,39023,2
39097,39047,1
39097,39049,2
39097,39057,3
39097,39129,1
39097,39159,1
39099,39029,1
39099,39133,2
39099,39151,9
39099,39155,2
39099,42073,16
39099,42085,2
39101,39033,1
39101,39041,1
39101,39065,2
39101,39117,4
39101,39159,2
39101,39175,2
39103,39005,2
39103,39035,1
39103,39093,11
39103,39153,2
39103,39169,1
39105,39009,1
39105,39053,2
39105,39163,2
39105,54035,11
39105,54053,16
39105,54107,1
39107,18001,8
39107,18075,3
39107,39011,3
39107,39037,1
39107,39149,2
39107,39161,2
39109,39021,1
39109,39023,1
39109,39037,1
39109,39113,7
39109,39149,1
39111,39013,1
39111,39121,3
39111,39167,3
39111,54051,1
39111,54095,2
39111,54103,5
39113,39017,2
39113,39023,5
39113,39037,4
39113,39057,4
39113,39109,7
39113,39135,1
39113,39165,2
39115,39009,2
39115,39119,1
39115,39121,4
39115,39127,2
39115,39167,4
39117,39033,1
39117,39041,3
39117,39083,2
39117,39101,4
39117,39139,2
39119,39031,2
39119,39059,2
39119,39089,2
39119,39115,1
39119,39121,1
39119,39127,4
39121,39013,1
39121,39059,5
39121,39111,3
39121,39115,4
39121,39119,1
39121,39167,4
39123,39043,5
39123,39095,1
39123,39143,2
39123,39173,1
39125,18003,7
39125,39039,4
39125,39137,2
39125,39161,1
39127,39009,1
39127,39045,3
39127,39073,2
39127,39089,1
39127,39115,2
39127,39119,4
39129,39045,2
39129,39047,1
39129,39049,2
39129,39073,1
39129,39097,1
39129,39141,3
39131,39001,1
39131,39071,1
39131,39079,1
39131,39141,1
39131,39145,3
39133,39055,1
39133,39099,2
39133,39151,1
39133,39153,7
39133,39155,2
39135,18161,5
39135,18177,15
39135,39017,2
39135,39037,1
39135,39113,1
39137,39003,3
39137,39039,1
39137,39063,1
39137,39069,1
39137,39125,2
39137,39161,2
39139,39005,5
39139,39033,1
39139,39077,1
39139,39083,2
39139,39117,2
39141,39047,2
39141,39071,2
39141,39073,2
39141,39079,2
39141,39129,3
39141,39131,1
39141,39163,1
39143,39043,2
39143,39077,1
39143,39123,2
39143,39147,1
39143,39173,1
39145,21089,21
39145,21135,5
39145,39001,1
39145,39079,3
39145,39087,4
39145,39131,3
39147,39033,1
39147,39063,1
39147,39077,1
39147,39143,1
39147,39173,1
39147,39175,2
39149,39011,3
39149,39021,1
39149,39037,1
39149,39091,1
39149,39107,2
39149,39109,1
39151,39019,3
39151,39029,1
39151,39075,2
39151,39099,9
39151,39133,1
39151,39153,4
39151,39157,1
39151,39169,1
39153,39035,6
39153,39103,2
39153,39133,7
39153,39151,4
39153,39169,1
39155,39007,1
39155,39055,3
39155,39099,2
39155,39133,2
39155,42039,1
39155,42085,27
39157,39019,3
39157,39031,3
39157,39059,1
39157,39067,3
39157,39075,2
39157,39151,1
39159,39021,2
39159,39041,3
39159,39049,2
39159,39065,1
39159,39091,1
39159,39097,1
39159,39101,2
39161,18001,5
39161,18003,2
39161,39003,2
39161,39011,1
39161,39107,2
39161,39125,1
39161,39137,2
39163,39009,7
39163,39053,1
39163,39073,3
39163,39079,3
39163,39105,2
39163,39141,1
39165,39017,3
39165,39025,1
39165,39027,2
39165,39057,1
39165,39061,1
39165,39113,2
39167,39009,3
39167,39111,3
39167,39115,4
39167,39121,4
39167,54073,8
39167,54095,2
39167,54107,13
39169,39005,5
39169,39075,1
39169,39103,1
39169,39151,1
39169,39153,1
39171,18033,5
39171,18151,6
39171,26059,2
39171,39039,1
39171,39051,2
39171,39069,1
39173,39063,1
39173,39069,1
39173,39095,4
39173,39123,1
39173,39143,1
39173,39147,1
39175,39033,1
39175,39063,1
39175,39065,2
39175,39101,2
39175,39147,2
40001,05007,3
40001,05033,3
40001,05143,26
40001,40021,1
40001,40041,1
40001,40135,1
40003,20007,5
40003,20077,7
40003,40047,1
40003,40053,2
40003,40093,1
40003,40151,1
40005,40013,1
40005,40023,1
40005,40029,4
40005,40069,1
40005,40121,3
40005,40127,3
40007,20025,2
40007,20119,11
40007,20175,10
40007,40045,1
40007,40059,2
40007,40139,1
40007,48295,23
40007,48357,23
40009,40039,1
40009,40055,3
40009,40057,1
40009,40075,2
40009,40129,3
40009,40149,1
40009,48087,1
40009,48483,1
40011,40015,1
40011,40017,2
40011,40039,2
40011,40043,1
40011,40073,1
40011,40093,2
40013,40005,1
40013,40023,4
40013,40069,2
40013,40095,4
40013,48147,13
40013,48181,10
40013,48277,3
40015,40011,1
40015,40017,2
40015,40031,1
40015,40039,1
40015,40051,1
40015,40075,1
40015,40149,1
40017,40011,2
40017,40015,2
40017,40027,1
40017,40051,15
40017,40073,1
40017,40087,1
40017,40109,2
40019,40049,1
40019,40067,2
40019,40069,1
40019,40085,1
40019,40095,1
40019,40099,3
40019,40137,1
40021,40001,1
40021,40041,1
40021,40097,3
40021,40101,2
40021,40135,1
40021,40145,3
40023,40005,1
40023,40013,4
40023,40089,1
40023,40127,1
40023,48277,13
40023,48387,12
40025,08009,11
40025,20129,1
40025,35059,8
40025,40139,1
40025,48111,1
40025,48421,1
40027,40017,1
40027,40087,5
40027,40109,3
40027,40125,1
40029,40005,4
40029,40063,1
40029,40069,2
40029,40121,1
40029,40123,3
40031,40015,1
40031,40033,5
40031,40051,2
40031,40075,2
40031,40137,2
40031,40141,3
40033,40031,5
40033,40067,2
40033,40137,2
40033,40141,2
40033,48077,9
40033,48485,6
40035,20021,5
40035,20099,9
40035,40041,1
40035,40097,1
40035,40105,2
40035,40115,1
40035,40131,2
40037,40081,1
40037,40107,1
40037,40111,2
40037,40117,2
40037,40119,1
40037,40143,4
40039,40009,1
40039,40011,2
40039,40015,1
40039,40043,1
40039,40129,1
40039,40149,1
40041,05007,20
40041,29119,10
40041,40001,1
40041,40021,1
40041,40035,1
40041,40097,1
40041,40115,1
40043,40011,1
40043,40039,1
40043,40045,1
40043,40093,1
40043,40129,1
40043,40153,1
40045,40007,1
40045,40043,1
40045,40059,1
40045,40129,8
40045,40153,2
40045,48211,1
40045,48295,2
40047,40003,1
40047,40053,1
40047,40071,1
40047,40073,1
40047,40083,1
40047,40093,1
40047,40103,1
40049,40019,1
40049,40051,1
40049,40087,1
40049,40099,3
40049,40123,1
40049,40137,2
40051,40015,1
40051,40017,15
40051,40031,2
40051,40049,1
40051,40087,1
40051,40137,2
40053,20077,4
40053,20191,13
40053,40003,2
40053,40047,1
40053,40071,1
40055,40009,3
40055,40057,4
40055,40065,3
40055,40075,3
40057,40009,1
40057,40055,4
40057,40065,2
40057,48075,2
40057,48087,2
40057,48197,8
40059,20025,9
40059,20033,6
40059,40007,2
40059,40045,1
40059,40151,2
40059,40153,2
40061,40077,1
40061,40079,3
40061,40091,1
40061,40101,3
40061,40121,3
40061,40135,3
40063,40029,1
40063,40091,1
40063,40107,1
40063,40121,2
40063,40123,2
40063,40133,3
40065,40055,3
40065,40057,2
40065,40075,4
40065,40141,2
40065,48197,10
40065,48487,8
40067,40019,2
40067,40033,2
40067,40085,1
40067,40137,1
40067,48077,10
40067,48337,19
40069,40005,1
40069,40013,2
40069,40019,1
40069,40029,2
40069,40095,2
40069,40099,3
40069,40123,1
40071,20035,19
40071,20191,3
40071,40047,1
40071,40053,1
40071,40103,1
40071,40113,5
40073,40011,1
40073,40017,1
40073,40047,1
40073,40083,1
40073,40093,1
40075,40009,2
40075,40015,1
40075,40031,2
40075,40055,3
40075,40065,4
40075,40141,3
40075,40149,2
40077,40061,1
40077,40079,5
40077,40121,3
40077,40127,1
40079,05113,5
40079,05127,8
40079,05131,19
40079,40061,3
40079,40077,5
40079,40089,1
40079,40127,2
40079,40135,5
40081,40037,1
40081,40083,1
40081,40107,1
40081,40109,1
40081,40119,1
40081,40125,1
40083,40047,1
40083,40073,1
40083,40081,1
40083,40103,2
40083,40109,1
40083,40119,3
40085,40019,1
40085,40067,1
40085,40095,1
40085,48097,38
40085,48181,1
40085,48337,6
40087,40017,1
40087,40027,5
40087,40049,1
40087,40051,1
40087,40123,2
40087,40125,2
40089,05081,20
40089,05113,6
40089,05133,6
40089,40023,1
40089,40079,1
40089,40127,4
40089,48037,7
40089,48387,9
40091,40061,1
40091,40063,1
40091,40101,2
40091,40107,3
40091,40111,5
40091,40121,5
40093,40003,1
40093,40011,2
40093,40043,1
40093,40047,1
40093,40073,1
40093,40151,5
40093,40153,1
40095,40013,4
40095,40019,1
40095,40069,2
40095,40085,1
40095,48181,24
40097,40021,3
40097,40035,1
40097,40041,1
40097,40131,2
40097,40145,1
40099,40019,3
40099,40049,3
40099,40069,3
40099,40123,3
40101,40021,2
40101,40061,3
40101,40091,2
40101,40111,3
40101,40135,2
40101,40145,3
40103,40047,1
40103,40071,1
40103,40083,2
40103,40113,3
40103,40117,3
40103,40119,3
40105,20099,3
40105,20125,16
40105,40035,2
40105,40131,2
40105,40147,2
40107,40037,1
40107,40063,1
40107,40081,1
40107,40091,3
40107,40111,4
40107,40125,1
40107,40133,3
40109,40017,2
40109,40027,3
40109,40081,1
40109,40083,1
40109,40125,1
40111,40037,2
40111,40091,5
40111,40101,3
40111,40107,4
40111,40143,1
40111,40145,3
40113,20019,14
40113,20035,5
40113,40071,5
40113,40103,3
40113,40117,13
40113,40143,2
40113,40147,1
40115,20021,12
40115,29119,3
40115,29145,12
40115,40035,1
40115,40041,1
40117,40037,2
40117,40103,3
40117,40113,13
40117,40119,3
40117,40143,1
40119,40037,1
40119,40081,1
40119,40083,3
40119,40103,3
40119,40117,3
40121,40005,3
40121,40029,1
40121,40061,3
40121,40063,2
40121,40077,3
40121,40091,5
40121,40127,2
40123,40029,3
40123,40049,1
40123,40063,2
40123,40069,1
40123,40087,2
40123,40099,3
40123,40125,2
40123,40133,3
40125,40027,1
40125,40081,1
40125,40087,2
40125,40107,1
40125,40109,1
40125,40123,2
40125,40133,2
40127,40005,3
40127,40023,1
40127,40077,1
40127,40079,2
40127,40089,4
40127,40121,2
40129,40009,3
40129,40039,1
40129,40043,1
40129,40045,8
40129,48211,1
40129,48483,1
40131,40035,2
40131,40097,2
40131,40105,2
40131,40143,2
40131,40145,10
40131,40147,2
40133,40063,3
40133,40107,3
40133,40123,3
40133,40125,2
40135,05033,5
40135,05131,3
40135,40001,1
40135,40021,1
40135,40061,3
40135,40079,5
40135,40101,2
40137,40019,1
40137,40031,2
40137,40033,2
40137,40049,2
40137,40051,2
40137,40067,1
40139,20129,6
40139,20175,5
40139,20189,11
40139,40007,1
40139,40025,1
40139,48195,1
40139,48357,4
40139,48421,12
40141,40031,3
40141,40033,2
40141,40065,2
40141,40075,3
40141,48485,8
40141,48487,9
40143,40037,4
40143,40111,1
40143,40113,2
40143,40117,1
40143,40131,2
40143,40145,2
40143,40147,1
40145,40021,3
40145,40097,1
40145,40101,3
40145,40111,3
40145,40131,10
40145,40143,2
40147,20019,1
40147,20125,9
40147,40105,2
40147,40113,1
40147,40131,2
40147,40143,1
40149,40009,1
40149,40015,1
40149,40039,1
40149,40075,2
40151,20007,12
40151,20033,6
40151,40003,1
40151,40059,2
40151,40093,5
40151,40153,3
40153,40043,1
40153,40045,2
40153,40059,2
40153,40093,1
40153,40151,3
41001,16003,8
41001,16087,17
41001,41023,12
41001,41045,6
41001,41061,7
41001,41063,1
41003,41039,1
41003,41041,5
41003,41043,7
41003,41053,3
41005,41027,2
41005,41047,5
41005,41051,6
41005,41065,7
41005,41067,2
41005,41071,2
41007,41009,1
41007,41057,2
41007,53069,8
41009,41007,1
41009,41051,1
41009,41067,2
41009,53011,6
41009,53015,7
41009,53069,2
41011,41015,4
41011,41019,12
41013,41017,10
41013,41023,1
41013,41025,3
41013,41031,5
41013,41069,6
41015,06015,5
41015,41011,4
41015,41019,3
41015,41033,10
41017,41013,10
41017,41025,1
41017,41031,1
41017,41035,1
41017,41037,4
41017,41039,8
41017,41043,1
41019,41011,12
41019,41015,3
41019,41029,6
41019,41033,4
41019,41035,6
41019,41039,15
41021,41049,5
41021,41055,7
41021,41065,2
41021,41069,1
41021,53039,12
41023,41001,12
41023,41013,1
41023,41025,4
41023,41045,1
41023,41049,2
41023,41059,1
41023,41061,1
41023,41069,2
41025,32013,3
41025,32031,1
41025,41013,3
41025,41017,1
41025,41023,4
41025,41037,5
41025,41045,4
41027,41005,2
41027,41051,2
41027,41065,4
41027,53039,2
41027,53059,11
41029,06093,7
41029,41019,6
41029,41033,3
41029,41035,4
41031,41013,5
41031,41017,1
41031,41043,1
41031,41047,1
41031,41065,1
41031,41069,1
41033,06015,2
41033,06093,5
41033,41015,10
41033,41019,4
41033,41029,3
41035,06049,10
41035,06093,12
41035,41017,1
41035,41019,6
41035,41029,4
41035,41037,5
41035,41039,2
41037,06049,5
41037,32031,3
41037,41017,4
41037,41025,5
41037,41035,5
41039,41003,1
41039,41017,8
41039,41019,15
41039,41035,2
41039,41041,1
41039,41043,8
41041,41003,5
41041,41039,1
41041,41053,2
41041,41057,1
41043,41003,7
41043,41017,1
41043,41031,1
41043,41039,8
41043,41047,10
41043,41053,3
41045,16027,9
41045,16073,19
41045,16075,4
41045,16087,14
41045,32013,1
41045,41001,6
41045,41023,1
41045,41025,4
41047,41005,5
41047,41031,1
41047,41043,10
41047,41053,5
41047,41065,8
41047,41071,5
41049,41021,5
41049,41023,2
41049,41059,6
41049,41069,2
41049,53005,9
41049,53039,1
41051,41005,6
41051,41009,1
41051,41027,2
41051,41067,11
41051,53011,13
41051,53059,10
41053,41003,3
41053,41041,2
41053,41043,3
41053,41047,5
41053,41057,1
41053,41071,1
41055,41021,7
41055,41065,10
41055,53039,6
41057,41007,2
41057,41041,1
41057,41053,1
41057,41067,5
41057,41071,4
41059,41023,1
41059,41049,6
41059,41061,15
41059,41063,2
41059,53005,11
41059,53013,1
41059,53071,20
41061,41001,7
41061,41023,1
41061,41059,15
41061,41063,13
41063,16003,4
41063,16049,17
41063,16069,4
41063,41001,1
41063,41059,2
41063,41061,13
41063,53003,6
41063,53013,1
41063,53023,2
41065,41005,7
41065,41021,2
41065,41027,4
41065,41031,1
41065,41047,8
41065,41055,10
41065,41069,2
41065,53039,12
41067,41005,2
41067,41009,2
41067,41051,11
41067,41057,5
41067,41071,2
41069,41013,6
41069,41021,1
41069,41023,2
41069,41031,1
41069,41049,2
41069,41065,2
41071,41005,2
41071,41047,5
41071,41053,1
41071,41057,4
41071,41067,2
42001,24013,5
42001,24021,3
42001,42041,3
42001,42055,1
42001,42133,4
42003,42005,1
42003,42007,4
42003,42019,1
42003,42125,13
42003,42129,12
42005,42003,1
42005,42019,6
42005,42031,3
42005,42063,3
42005,42065,1
42005,42129,3
42007,39029,5
42007,42003,4
42007,42019,2
42007,42073,1
42007,42125,2
42007,54029,5
42009,24001,1
42009,42013,4
42009,42021,1
42009,42057,2
42009,42061,2
42009,42111,3
42011,42029,2
42011,42071,4
42011,42075,2
42011,42077,6
42011,42091,2
42011,42107,5
42013,42009,4
42013,42021,3
42013,42027,2
42013,42033,1
42013,42061,4
42015,36015,6
42015,36107,5
42015,42081,1
42015,42113,1
42015,42115,1
42015,42117,4
42015,42131,2
42017,34005,5
42017,34019,15
42017,34021,6
42017,34041,1
42017,42077,5
42017,42091,4
42017,42095,1
42017,42101,10
42019,42003,1
42019,42005,6
42019,42007,2
42019,42031,2
42019,42073,3
42019,42085,1
42019,42121,1
42021,42009,1
42021,42013,3
42021,42033,3
42021,42063,5
42021,42111,5
42021,42129,1
42023,42033,1
42023,42035,2
42023,42047,3
42023,42083,2
42023,42105,2
42025,42077,1
42025,42079,3
42025,42089,3
42025,42095,1
42025,42107,1
42027,42013,2
42027,42033,7
42027,42035,7
42027,42061,3
42027,42087,2
42027,42119,1
42029,10003,8
42029,24015,5
42029,42011,2
42029,42045,4
42029,42071,5
42029,42091,7
42031,42005,3
42031,42019,2
42031,42053,3
42031,42065,1
42031,42121,3
42033,42013,1
42033,42021,3
42033,42023,1
42033,42027,7
42033,42035,2
42033,42047,2
42033,42063,2
42033,42065,2
42035,42023,2
42035,42027,7
42035,42033,2
42035,42081,3
42035,42105,1
42035,42119,2
42037,42079,3
42037,42081,4
42037,42093,3
42037,42097,3
42037,42107,3
42037,42113,2
42039,39007,9
42039,39155,1
42039,42049,1
42039,42085,2
42039,42121,4
42039,42123,2
42041,42001,3
42041,42043,1
42041,42055,1
42041,42099,8
42041,42133,3
42043,42041,1
42043,42071,1
42043,42075,2
42043,42097,2
42043,42099,10
42043,42107,143
42043,42133,1
42045,10003,9
42045,34015,6
42045,42029,4
42045,42091,3
42045,42101,4
42047,42023,3
42047,42033,2
42047,42053,3
42047,42065,3
42047,42083,2
42047,42123,1
42049,36013,12
42049,39007,4
42049,42039,1
42049,42123,1
42051,24023,1
42051,42059,2
42051,42111,10
42051,42125,2
42051,42129,9
42051,54061,3
42051,54077,3
42053,42031,3
42053,42047,3
42053,42065,1
42053,42121,2
42053,42123,2
42055,24021,1
42055,24043,11
42055,42001,1
42055,42041,1
42055,42057,3
42055,42061,1
42055,42067,2
42055,42099,1
42057,24001,1
42057,24043,12
42057,42009,2
42057,42055,3
42057,42061,2
42059,42051,2
42059,42125,3
42059,54051,5
42059,54061,3
42059,54103,1
42061,42009,2
42061,42013,4
42061,42027,3
42061,42055,1
42061,42057,2
42061,42067,1
42061,42087,5
42063,42005,3
42063,42021,5
42063,42033,2
42063,42065,1
42063,42129,11
42065,42005,1
42065,42031,1
42065,42033,2
42065,42047,3
42065,42053,1
42065,42063,1
42067,42055,2
42067,42061,1
42067,42087,5
42067,42097,2
42067,42099,5
42067,42109,3
42069,42079,8
42069,42089,1
42069,42115,2
42069,42127,2
42069,42131,1
42071,24015,2
42071,24025,1
42071,42011,4
42071,42029,5
42071,42043,1
42071,42075,2
42071,42133,4
42073,39029,1
42073,39099,16
42073,42007,1
42073,42019,3
42073,42085,3
42075,42011,2
42075,42043,2
42075,42071,2
42075,42107,1
42077,42011,6
42077,42017,5
42077,42025,1
42077,42091,1
42077,42095,4
42077,42107,1
42079,42025,3
42079,42037,3
42079,42069,8
42079,42089,4
42079,42107,2
42079,42113,2
42079,42131,2
42081,42015,1
42081,42035,3
42081,42037,4
42081,42093,2
42081,42097,4
42081,42105,1
42081,42113,3
42081,42117,2
42081,42119,2
42083,36003,1
42083,36009,3
42083,42023,2
42083,42047,2
42083,42105,1
42083,42123,2
42085,39099,2
42085,39155,27
42085,42019,1
42085,42039,2
42085,42073,3
42085,42121,2
42087,42027,2
42087,42061,5
42087,42067,5
42087,42109,2
42087,42119,2
42089,34041,10
42089,42025,3
42089,42069,1
42089,42079,4
42089,42095,2
42089,42103,3
42089,42127,1
42091,42011,2
42091,42017,4
42091,42029,7
42091,42045,3
42091,42077,1
42091,42101,13
42093,42037,3
42093,42081,2
42093,42097,4
42095,34041,16
42095,42017,1
42095,42025,1
42095,42077,4
42095,42089,2
42097,42037,3
42097,42043,2
42097,42067,2
42097,42081,4
42097,42093,4
42097,42107,1
42097,42109,37
42097,42119,2
42099,42041,8
42099,42043,10
42099,42055,1
42099,42067,5
42101,34005,3
42101,34007,4
42101,34015,3
42101,42017,10
42101,42045,4
42101,42091,13
42103,34037,13
42103,34041,3
42103,36071,4
42103,36105,8
42103,42089,3
42103,42127,2
42105,36003,6
42105,36101,1
42105,42023,2
42105,42035,1
42105,42081,1
42105,42083,1
42105,42117,1
42107,42011,5
42107,42025,1
42107,42037,3
42107,42043,143
42107,42075,1
42107,42077,1
42107,42079,2
42107,42097,1
42109,42067,3
42109,42087,2
42109,42097,37
42109,42119,2
42111,24001,1
42111,24023,1
42111,42009,3
42111,42021,5
42111,42051,10
42111,42129,14
42113,42015,1
42113,42037,2
42113,42079,2
42113,42081,3
42113,42131,2
42115,36007,4
42115,36107,3
42115,42015,1
42115,42069,2
42115,42127,1
42115,42131,1
42117,36015,3
42117,36101,5
42117,42015,4
42117,42081,2
42117,42105,1
42119,42027,1
42119,42035,2
42119,42081,2
42119,42087,2
42119,42097,2
42119,42109,2
42121,42019,1
42121,42031,3
42121,42039,4
42121,42053,2
42121,42085,2
42121,42123,1
42123,36009,2
42123,36013,3
42123,42039,2
42123,42047,1
42123,42049,1
42123,42053,2
42123,42083,2
42123,42121,1
42125,42003,13
42125,42007,2
42125,42051,2
42125,42059,3
42125,42129,1
42125,54009,4
42125,54029,1
42125,54051,3
42125,54069,3
42127,36007,4
42127,36025,5
42127,36105,7
42127,42069,2
42127,42089,1
42127,42103,2
42127,42115,1
42129,42003,12
42129,42005,3
42129,42021,1
42129,42051,9
42129,42063,11
42129,42111,14
42129,42125,1
42131,42015,2
42131,42069,1
42131,42079,2
42131,42113,2
42131,42115,1
42133,24005,3
42133,24013,5
42133,24025,9
42133,42001,4
42133,42041,3
42133,42043,1
42133,42071,4
44001,25005,2
44001,44003,3
44001,44007,3
44003,09011,1
44003,09015,1
44003,44001,3
44003,44007,4
44003,44009,2
44005,25005,17
44007,09015,8
44007,25005,19
44007,25021,3
44007,25027,8
44007,44001,3
44007,44003,4
44009,09011,13
44009,44003,2
45001,13105,12
45001,45007,1
45001,45047,4
45001,45059,1
45001,45065,2
45003,13033,1
45003,13245,8
45003,45011,4
45003,45037,2
45003,45063,18
45003,45075,2
45003,45081,1
45005,13033,1
45005,13251,8
45005,45009,1
45005,45011,3
45005,45049,3
45007,13105,6
45007,13147,8
45007,45001,1
45007,45045,3
45007,45073,1
45007,45077,2
45009,45005,1
45009,45011,2
45009,45029,1
45009,45075,4
45011,13033,3
45011,45003,4
45011,45005,3
45011,45009,2
45011,45075,1
45013,45029,4
45013,45049,2
45013,45053,5
45015,45019,8
45015,45027,1
45015,45035,3
45015,45043,1
45015,45075,2
45015,45089,3
45017,45027,1
45017,45063,3
45017,45075,6
45017,45079,3
45017,45085,1
45019,45015,8
45019,45029,5
45019,45035,6
45019,45043,5
45021,37045,6
45021,37161,2
45021,45083,2
45021,45087,2
45021,45091,3
45023,45039,2
45023,45057,3
45023,45087,1
45023,45091,1
45025,37007,7
45025,37179,10
45025,45031,3
45025,45055,2
45025,45057,1
45025,45069,3
45027,45015,1
45027,45017,1
45027,45041,2
45027,45075,2
45027,45085,5
45027,45089,3
45029,45009,1
45029,45013,4
45029,45019,5
45029,45035,4
45029,45049,2
45029,45075,5
45031,45025,3
45031,45041,3
45031,45055,3
45031,45061,4
45031,45069,4
45033,37155,10
45033,45041,1
45033,45051,1
45033,45067,3
45033,45069,1
45035,45015,3
45035,45019,6
45035,45029,4
45035,45075,3
45037,13073,4
45037,13245,1
45037,45003,2
45037,45047,1
45037,45065,6
45037,45081,3
45039,45023,2
45039,45055,2
45039,45057,1
45039,45071,1
45039,45079,3
45039,45087,6
45041,45027,2
45041,45031,3
45041,45033,1
45041,45061,1
45041,45067,6
45041,45069,4
45041,45085,2
45041,45089,3
45043,45015,1
45043,45019,5
45043,45051,2
45043,45067,60
45043,45089,4
45045,37089,7
45045,37149,5
45045,37175,5
45045,45007,3
45045,45059,3
45045,45077,3
45045,45083,2
45047,45001,4
45047,45037,1
45047,45059,2
45047,45065,5
45047,45071,1
45047,45081,1
45049,13103,4
45049,13251,5
45049,45005,3
45049,45013,2
45049,45029,2
45049,45053,3
45051,37019,1
45051,37047,3
45051,45033,1
45051,45043,2
45051,45067,4
45053,13051,7
45053,13103,9
45053,45013,5
45053,45049,3
45055,45025,2
45055,45031,3
45055,45039,2
45055,45057,5
45055,45061,2
45055,45079,12
45055,45085,4
45057,37119,1
45057,37179,12
45057,45023,3
45057,45025,1
45057,45039,1
45057,45055,5
45057,45091,2
45059,45001,1
45059,45045,3
45059,45047,2
45059,45071,3
45059,45083,2
45059,45087,1
45061,45031,4
45061,45041,1
45061,45055,2
45061,45085,8
45063,45003,18
45063,45017,3
45063,45071,3
45063,45075,2
45063,45079,4
45063,45081,1
45065,13073,6
45065,13105,2
45065,13181,8
45065,45001,2
45065,45037,6
45065,45047,5
45067,45033,3
45067,45041,6
45067,45043,60
45067,45051,4
45067,45089,5
45069,37153,5
45069,37155,3
45069,37165,13
45069,45025,3
45069,45031,4
45069,45033,1
45069,45041,4
45071,45039,1
45071,45047,1
45071,45059,3
45071,45063,3
45071,45079,2
45071,45081,4
45071,45087,2
45073,13119,3
45073,13137,6
45073,13147,5
45073,13241,7
45073,13257,7
45073,37099,1
45073,37175,1
45073,45007,1
45073,45077,3
45075,45003,2
45075,45009,4
45075,45011,1
45075,45015,2
45075,45017,6
45075,45027,2
45075,45029,5
45075,45035,3
45075,45063,2
45077,37175,7
45077,45007,2
45077,45045,3
45077,45073,3
45079,45017,3
45079,45039,3
45079,45055,12
45079,45063,4
45079,45071,2
45079,45085,2
45081,45003,1
45081,45037,3
45081,45047,1
45081,45063,1
45081,45071,4
45083,37149,5
45083,37161,1
45083,45021,2
45083,45045,2
45083,45059,2
45083,45087,2
45085,45017,1
45085,45027,5
45085,45041,2
45085,45055,4
45085,45061,8
45085,45079,2
45087,45021,2
45087,45023,1
45087,45039,6
45087,45059,1
45087,45071,2
45087,45083,2
45087,45091,2
45089,45015,3
45089,45027,3
45089,45041,3
45089,45043,4
45089,45067,5
45091,37045,1
45091,37071,6
45091,37119,12
45091,45021,3
45091,45023,1
45091,45057,2
45091,45087,2
46003,46015,1
46003,46023,2
46003,46035,1
46003,46043,1
46003,46073,1
46003,46111,2
46005,46025,2
46005,46059,1
46005,46073,1
46005,46077,2
46005,46111,1
46005,46115,1
46007,31031,5
46007,46071,1
46007,46113,2
46007,46121,2
46009,31107,17
46009,46023,2
46009,46067,1
46009,46135,1
46011,27081,29
46011,46039,1
46011,46057,1
46011,46077,1
46011,46079,1
46011,46101,1
46013,38021,5
46013,38081,2
46013,46037,1
46013,46045,2
46013,46049,1
46013,46089,1
46013,46091,1
46013,46115,1
46015,46003,1
46015,46017,2
46015,46023,1
46015,46073,1
46015,46085,5
46017,46015,2
46017,46059,1
46017,46069,1
46017,46073,1
46017,46085,3
46019,30011,2
46019,46063,1
46019,46081,2
46019,46093,2
46019,46105,1
46019,56011,8
46021,38029,21
46021,38051,6
46021,46031,3
46021,46089,1
46021,46129,1
46023,31015,6
46023,31107,3
46023,46003,2
46023,46009,2
46023,46015,1
46023,46043,2
46023,46053,9
46023,46067,2
46023,46085,1
46025,46005,2
46025,46029,1
46025,46037,1
46025,46057,1
46025,46077,1
46025,46115,1
46027,31027,4
46027,31051,5
46027,46083,1
46027,46125,1
46027,46127,2
46027,46135,2
46029,46025,1
46029,46037,1
46029,46039,1
46029,46051,2
46029,46057,1
46031,38001,3
46031,38029,2
46031,38085,52
46031,46021,3
46031,46041,2
46031,46105,1
46031,46129,2
46031,46137,1
46033,46047,2
46033,46103,4
46033,46113,3
46033,56027,2
46033,56045,7
46035,46003,1
46035,46043,1
46035,46061,2
46035,46067,1
46035,46111,1
46037,46013,1
46037,46025,1
46037,46029,1
46037,46051,1
46037,46091,2
46037,46109,1
46037,46115,3
46039,27073,5
46039,27081,4
46039,27173,9
46039,46011,1
46039,46029,1
46039,46051,1
46039,46057,1
46041,46031,2
46041,46107,4
46041,46117,3
46041,46119,4
46041,46129,3
46041,46137,4
46043,46003,1
46043,46023,2
46043,46035,1
46043,46067,2
46045,46013,2
46045,46049,1
46045,46089,1
46045,46107,1
46045,46129,1
46047,31045,5
46047,31165,8
46047,46033,2
46047,46113,1
46047,56027,7
46049,46013,1
46049,46045,1
46049,46059,1
46049,46069,1
46049,46107,1
46049,46115,1
46051,27011,5
46051,27073,12
46051,46029,2
46051,46037,1
46051,46039,1
46051,46109,3
46053,31015,26
46053,31103,12
46053,46023,9
46053,46085,2
46053,46123,1
46055,46071,1
46055,46075,2
46055,46093,2
46055,46103,1
46055,46117,3
46055,46137,7
46057,46011,1
46057,46025,1
46057,46029,1
46057,46039,1
46057,46077,1
46059,46005,1
46059,46017,1
46059,46049,1
46059,46069,1
46059,46073,1
46059,46115,2
46061,46035,2
46061,46067,1
46061,46087,1
46061,46097,1
46061,46111,1
46063,30011,13
46063,30025,1
46063,38001,3
46063,38011,19
46063,46019,1
46063,46105,1
46065,46069,2
46065,46085,4
46065,46117,6
46065,46119,1
46067,46009,1
46067,46023,2
46067,46035,1
46067,46043,2
46067,46061,1
46067,46087,1
46067,46125,1
46067,46135,1
46069,46017,1
46069,46049,1
46069,46059,1
46069,46065,2
46069,46085,3
46069,46107,1
46069,46119,1
46071,46007,1
46071,46055,1
46071,46075,1
46071,46095,2
46071,46103,2
46071,46113,2
46073,46003,1
46073,46005,1
46073,46015,1
46073,46017,1
46073,46059,1
46073,46111,1
46075,46055,2
46075,46071,1
46075,46085,2
46075,46095,7
46075,46117,1
46077,46005,2
46077,46011,1
46077,46025,1
46077,46057,1
46077,46079,1
46077,46097,1
46077,46111,2
46079,46011,1
46079,46077,1
46079,46087,1
46079,46097,1
46079,46099,1
46079,46101,1
46081,46019,2
46081,46093,3
46081,46103,1
46081,56011,3
46081,56045,1
46083,19119,19
46083,19167,6
46083,46027,1
46083,46099,1
46083,46125,1
46083,46127,1
46085,46015,5
46085,46017,3
46085,46023,1
46085,46053,2
46085,46065,4
46085,46069,3
46085,46075,2
46085,46095,1
46085,46117,2
46085,46123,11
46087,46061,1
46087,46067,1
46087,46079,1
46087,46097,1
46087,46099,1
46087,46125,1
46089,38021,4
46089,38051,23
46089,46013,1
46089,46021,1
46089,46045,1
46089,46129,1
46091,38081,12
46091,46013,1
46091,46037,2
46091,46109,1
46093,46019,2
46093,46055,2
46093,46081,3
46093,46103,4
46093,46105,1
46093,46137,1
46095,46071,2
46095,46075,7
46095,46085,1
46095,46121,1
46095,46123,1
46097,46061,1
46097,46077,1
46097,46079,1
46097,46087,1
46097,46111,1
46099,19119,2
46099,27133,9
46099,46079,1
46099,46083,1
46099,46087,1
46099,46101,2
46099,46125,1
46101,27117,19
46101,46011,1
46101,46079,1
46101,46099,2
46103,46033,4
46103,46055,1
46103,46071,2
46103,46081,1
46103,46093,4
46103,46113,2
46103,56045,3
46105,38001,39
46105,46019,1
46105,46031,1
46105,46063,1
46105,46093,1
46105,46137,1
46107,46041,4
46107,46045,1
46107,46049,1
46107,46069,1
46107,46119,1
46107,46129,1
46109,27011,11
46109,27155,27
46109,38077,14
46109,46037,1
46109,46051,3
46109,46091,1
46111,46003,2
46111,46005,1
46111,46035,1
46111,46061,1
46111,46073,1
46111,46077,2
46111,46097,1
46113,31045,1
46113,31161,3
46113,46007,2
46113,46033,3
46113,46047,1
46113,46071,2
46113,46103,2
46115,46005,1
46115,46013,1
46115,46025,1
46115,46037,3
46115,46049,1
46115,46059,2
46117,46041,3
46117,46055,3
46117,46065,6
46117,46075,1
46117,46085,2
46117,46119,3
46119,46041,4
46119,46065,1
46119,46069,1
46119,46107,1
46119,46117,3
46121,31031,15
46121,46007,2
46121,46095,1
46121,46123,1
46123,31103,29
46123,46053,1
46123,46085,11
46123,46095,1
46123,46121,1
46125,46027,1
46125,46067,1
46125,46083,1
46125,46087,1
46125,46099,1
46125,46135,2
46127,19149,16
46127,19167,5
46127,19193,7
46127,31043,5
46127,31051,7
46127,46027,2
46127,46083,1
46129,46021,1
46129,46031,2
46129,46041,3
46129,46045,1
46129,46089,1
46129,46107,1
46135,31027,6
46135,31107,2
46135,46009,1
46135,46027,2
46135,46067,1
46135,46125,2
46137,46031,1
46137,46041,4
46137,46055,7
46137,46093,1
46137,46105,1
47001,47013,4
47001,47093,4
47001,47129,1
47001,47145,5
47001,47151,1
47001,47173,1
47003,47031,1
47003,47103,4
47003,47117,2
47003,47127,2
47003,47149,4
47005,47017,2
47005,47039,1
47005,47079,3
47005,47083,1
47005,47085,5
47005,47135,2
47005,47161,3
47007,47035,1
47007,47065,1
47007,47143,2
47007,47153,2
47007,47175,2
47009,37075,3
47009,37173,5
47009,47093,3
47009,47105,2
47009,47123,3
47009,47155,5
47011,13213,3
47011,13313,11
47011,47065,2
47011,47107,1
47011,47121,1
47011,47139,2
47013,21147,1
47013,21235,2
47013,47001,4
47013,47025,1
47013,47151,4
47013,47173,1
47015,47031,2
47015,47041,1
47015,47149,1
47015,47177,2
47015,47189,1
47017,47005,2
47017,47039,2
47017,47053,1
47017,47077,2
47017,47079,2
47017,47113,1
47017,47183,3
47019,37011,4
47019,37121,7
47019,47091,3
47019,47163,2
47019,47171,2
47019,47179,1
47021,47037,2
47021,47043,9
47021,47125,8
47021,47147,2
47021,47187,4
47023,47069,1
47023,47071,5
47023,47077,3
47023,47109,3
47023,47113,2
47025,21013,3
47025,21235,1
47025,47013,1
47025,47057,2
47025,47067,2
47025,47173,3
47025,51105,2
47027,21053,1
47027,21057,1
47027,21171,5
47027,47087,2
47027,47111,1
47027,47133,2
47027,47137,1
47029,37087,9
47029,37115,5
47029,47059,1
47029,47063,1
47029,47089,2
47029,47155,1
47031,47003,1
47031,47015,2
47031,47051,2
47031,47061,1
47031,47127,1
47031,47149,1
47031,47177,1
47033,47045,2
47033,47053,2
47033,47075,2
47033,47097,1
47033,47113,3
47035,47007,1
47035,47049,1
47035,47129,2
47035,47141,2
47035,47143,1
47035,47145,1
47035,47175,4
47035,47185,2
47037,47021,2
47037,47147,2
47037,47149,1
47037,47165,2
47037,47187,11
47037,47189,1
47039,47005,1
47039,47017,2
47039,47071,2
47039,47077,3
47039,47135,5
47039,47181,3
47041,47015,1
47041,47141,1
47041,47159,1
47041,47177,1
47041,47185,2
47041,47189,1
47043,47021,9
47043,47081,1
47043,47083,1
47043,47085,1
47043,47125,1
47043,47187,1
47045,05093,3
47045,29155,12
47045,47033,2
47045,47053,2
47045,47095,1
47045,47097,2
47045,47131,1
47047,28009,1
47047,28093,3
47047,47069,1
47047,47075,1
47047,47157,4
47047,47167,1
47049,47035,1
47049,47129,3
47049,47133,3
47049,47137,3
47049,47141,1
47049,47151,2
47051,01071,1
47051,01089,1
47051,47031,2
47051,47061,5
47051,47103,2
47051,47115,1
47051,47127,1
47053,47017,1
47053,47033,2
47053,47045,2
47053,47113,2
47053,47131,2
47053,47183,2
47055,01077,2
47055,01083,11
47055,47099,1
47055,47103,1
47055,47117,2
47055,47119,2
47057,47025,2
47057,47063,2
47057,47067,1
47057,47073,1
47057,47089,5
47057,47093,1
47057,47173,1
47059,37115,11
47059,47029,1
47059,47063,1
47059,47073,2
47059,47171,2
47059,47179,3
47061,47031,1
47061,47051,5
47061,47115,3
47061,47153,2
47061,47177,1
47063,47029,1
47063,47057,2
47063,47059,1
47063,47073,2
47063,47089,4
47065,13047,12
47065,13083,1
47065,13295,7
47065,13313,1
47065,47007,1
47065,47011,2
47065,47115,2
47065,47121,1
47065,47143,1
47065,47153,2
47067,47025,2
47067,47057,1
47067,47073,3
47067,51105,7
47067,51169,1
47069,28003,1
47069,28009,3
47069,28139,1
47069,47023,1
47069,47047,1
47069,47075,2
47069,47109,2
47069,47113,1
47071,01077,2
47071,28003,1
47071,28141,3
47071,47023,5
47071,47039,2
47071,47077,1
47071,47109,1
47071,47181,2
47073,47057,1
47073,47059,2
47073,47063,2
47073,47067,3
47073,47163,1
47073,47179,2
47073,51169,3
47075,47033,2
47075,47047,1
47075,47069,2
47075,47097,2
47075,47113,1
47075,47167,2
47077,47017,2
47077,47023,3
47077,47039,3
47077,47071,1
47077,47113,1
47079,21035,8
47079,21083,4
47079,47005,3
47079,47017,2
47079,47161,2
47079,47183,1
47081,47043,1
47081,47085,2
47081,47101,3
47081,47119,2
47081,47135,3
47081,47187,5
47083,47005,1
47083,47043,1
47083,47085,2
47083,47125,2
47083,47161,3
47085,47005,5
47085,47043,1
47085,47081,2
47085,47083,2
47085,47135,2
47087,47027,2
47087,47111,4
47087,47133,2
47087,47141,2
47087,47159,2
47089,47029,2
47089,47057,5
47089,47063,4
47089,47093,1
47089,47155,2
47091,37009,21
47091,37011,1
47091,37189,10
47091,47019,3
47091,47163,1
47091,51077,1
47091,51191,1
47093,47001,4
47093,47009,3
47093,47057,1
47093,47089,1
47093,47105,1
47093,47145,2
47093,47155,2
47093,47173,1
47095,21075,8
47095,29143,15
47095,29155,21
47095,47045,1
47095,47131,3
47097,05093,30
47097,47033,1
47097,47045,2
47097,47075,2
47097,47167,3
47099,01077,11
47099,47055,1
47099,47101,3
47099,47119,4
47099,47181,2
47101,47081,3
47101,47099,3
47101,47119,2
47101,47135,1
47101,47181,1
47103,01083,2
47103,01089,15
47103,47003,4
47103,47051,2
47103,47055,1
47103,47117,3
47103,47127,4
47105,47009,2
47105,47093,1
47105,47107,11
47105,47123,2
47105,47145,1
47107,47011,1
47107,47105,11
47107,47121,2
47107,47123,3
47107,47139,1
47107,47145,1
47109,28003,3
47109,47023,3
47109,47069,2
47109,47071,1
47111,21003,8
47111,21171,1
47111,47027,1
47111,47087,4
47111,47159,1
47111,47165,1
47111,47169,2
47113,47017,1
47113,47023,2
47113,47033,3
47113,47053,2
47113,47069,1
47113,47075,1
47113,47077,1
47115,01071,3
47115,13083,1
47115,47051,1
47115,47061,3
47115,47065,2
47115,47153,2
47117,47003,2
47117,47055,2
47117,47103,3
47117,47119,2
47117,47149,5
47117,47187,1
47119,47055,2
47119,47081,2
47119,47099,4
47119,47101,2
47119,47117,2
47119,47187,2
47121,47011,1
47121,47065,1
47121,47107,2
47121,47143,6
47121,47145,3
47123,37039,12
47123,37075,13
47123,47009,3
47123,47105,2
47123,47107,3
47123,47139,1
47125,21047,8
47125,21219,6
47125,47021,8
47125,47043,1
47125,47083,2
47125,47147,1
47125,47161,3
47127,47003,2
47127,47031,1
47127,47051,1
47127,47103,4
47129,47001,1
47129,47035,2
47129,47049,3
47129,47145,3
47129,47151,2
47131,21075,17
47131,21105,2
47131,47045,1
47131,47053,2
47131,47095,3
47131,47183,3
47133,47027,2
47133,47049,3
47133,47087,2
47133,47137,2
47133,47141,3
47135,47005,2
47135,47039,5
47135,47081,3
47135,47085,2
47135,47101,1
47135,47181,2
47137,21053,3
47137,21231,3
47137,47027,1
47137,47049,3
47137,47133,2
47137,47151,2
47139,13111,5
47139,13213,3
47139,37039,3
47139,47011,2
47139,47107,1
47139,47123,1
47141,47035,2
47141,47041,1
47141,47049,1
47141,47087,2
47141,47133,3
47141,47159,1
47141,47185,3
47143,47007,2
47143,47035,1
47143,47065,1
47143,47121,6
47143,47145,1
47145,47001,5
47145,47035,1
47145,47093,2
47145,47105,1
47145,47107,1
47145,47121,3
47145,47129,3
47145,47143,1
47147,21141,8
47147,21213,4
47147,21219,1
47147,47021,2
47147,47037,2
47147,47125,1
47147,47165,2
47149,47003,4
47149,47015,1
47149,47031,1
47149,47037,1
47149,47117,5
47149,47187,2
47149,47189,3
47151,21147,1
47151,21231,2
47151,47001,1
47151,47013,4
47151,47049,2
47151,47129,2
47151,47137,2
47153,47007,2
47153,47061,2
47153,47065,2
47153,47115,2
47153,47175,1
47153,47177,1
47155,37087,2
47155,37173,10
47155,47009,5
47155,47029,1
47155,47089,2
47155,47093,2
47157,05035,29
47157,05093,1
47157,28033,5
47157,28093,1
47157,47047,4
47157,47167,8
47159,47041,1
47159,47087,2
47159,47111,1
47159,47141,1
47159,47169,1
47159,47189,1
47161,21035,9
47161,21047,1
47161,21221,4
47161,47005,3
47161,47079,2
47161,47083,3
47161,47125,3
47163,47019,2
47163,47073,1
47163,47091,1
47163,47179,2
47163,51169,4
47163,51191,4
47163,51520,13
47165,21003,6
47165,21213,6
47165,47037,2
47165,47111,1
47165,47147,2
47165,47169,1
47165,47189,4
47167,05035,8
47167,05093,14
47167,47047,1
47167,47075,2
47167,47097,3
47167,47157,8
47169,47111,2
47169,47159,1
47169,47165,1
47169,47189,4
47171,37115,7
47171,37121,13
47171,37199,4
47171,47019,2
47171,47059,2
47171,47179,3
47173,47001,1
47173,47013,1
47173,47025,3
47173,47057,1
47173,47093,1
47175,47007,2
47175,47035,4
47175,47153,1
47175,47177,2
47175,47185,2
47177,47015,2
47177,47031,1
47177,47041,1
47177,47061,1
47177,47153,1
47177,47175,2
47177,47185,8
47179,47019,1
47179,47059,3
47179,47073,2
47179,47163,2
47179,47171,3
47181,01077,16
47181,47039,3
47181,47071,2
47181,47099,2
47181,47101,1
47181,47135,2
47183,21083,8
47183,21105,2
47183,47017,3
47183,47053,2
47183,47079,1
47183,47131,3
47185,47035,2
47185,47041,2
47185,47141,3
47185,47175,2
47185,47177,8
47187,47021,4
47187,47037,11
47187,47043,1
47187,47081,5
47187,47117,1
47187,47119,2
47187,47149,2
47189,47015,1
47189,47037,1
47189,47041,1
47189,47149,3
47189,47159,1
47189,47165,4
47189,47169,4
48001,48073,4
48001,48161,9
48001,48213,1
48001,48225,2
48001,48289,2
48003,35025,3
48003,48135,1
48003,48165,1
48003,48317,1
48003,48329,1
48003,48495,1
48005,48073,2
48005,48225,22
48005,48241,1
48005,48347,5
48005,48373,1
48005,48405,1
48005,48455,2
48005,48457,1
48007,48057,7
48007,48273,2
48007,48391,4
48007,48409,2
48009,48023,1
48009,48077,2
48009,48237,1
48009,48485,2
48009,48503,1
48011,48045,1
48011,48065,1
48011,48129,1
48011,48381,2
48011,48437,1
48013,48029,1
48013,48163,1
48013,48255,1
48013,48283,1
48013,48297,1
48013,48311,2
48013,48325,1
48013,48493,1
48015,48089,4
48015,48149,1
48015,48157,2
48015,48473,5
48015,48477,2
48015,48481,1
48017,35009,1
48017,35041,19
48017,48079,1
48017,48279,1
48017,48369,1
48019,48029,1
48019,48259,2
48019,48265,2
48019,48325,3
48019,48385,2
48019,48463,1
48021,48055,2
48021,48149,1
48021,48287,3
48021,48453,5
48021,48491,1
48023,48009,1
48023,48155,1
48023,48275,1
48023,48447,1
48023,48487,1
48025,48175,4
48025,48255,2
48025,48297,3
48025,48391,1
48025,48409,2
48027,48053,2
48027,48099,1
48027,48145,1
48027,48281,2
48027,48309,2
48027,48331,2
48027,48491,2
48029,48013,1
48029,48019,1
48029,48091,5
48029,48187,4
48029,48259,1
48029,48325,1
48029,48493,3
48031,48053,1
48031,48091,1
48031,48171,1
48031,48209,1
48031,48259,1
48031,48299,2
48031,48453,1
48033,48115,1
48033,48169,1
48033,48227,1
48033,48305,1
48033,48335,1
48033,48415,1
48035,48099,2
48035,48143,1
48035,48193,1
48035,48217,7
48035,48251,2
48035,48309,2
48035,48425,1
48037,05081,11
48037,05091,15
48037,40089,7
48037,48067,8
48037,48343,1
48037,48387,1
48039,48157,7
48039,48167,16
48039,48201,2
48039,48321,6
48039,48481,2
48041,48051,26
48041,48185,5
48041,48313,1
48041,48395,5
48041,48477,2
48043,48243,1
48043,48371,2
48043,48377,2
48043,48443,2
48045,48011,1
48045,48129,1
48045,48153,1
48045,48191,1
48045,48345,3
48045,48437,1
48047,48131,1
48047,48215,1
48047,48247,4
48047,48249,1
48047,48261,1
48047,48273,1
48047,48427,1
48049,48059,3
48049,48083,1
48049,48093,1
48049,48133,1
48049,48307,1
48049,48333,3
48049,48411,1
48051,48041,26
48051,48287,2
48051,48331,1
48051,48395,4
48051,48477,5
48053,48027,2
48053,48031,1
48053,48281,1
48053,48299,5
48053,48411,1
48053,48453,2
48053,48491,2
48055,48021,2
48055,48149,1
48055,48177,2
48055,48187,2
48055,48209,2
48055,48453,2
48057,48007,7
48057,48239,2
48057,48321,1
48057,48391,1
48057,48469,3
48059,48049,3
48059,48083,1
48059,48133,1
48059,48253,1
48059,48417,1
48059,48441,1
48061,48215,3
48061,48489,8
48063,48159,5
48063,48343,1
48063,48449,2
48063,48459,1
48063,48499,1
48065,48011,1
48065,48179,1
48065,48233,1
48065,48341,1
48065,48375,2
48065,48393,1
48067,05091,12
48067,22017,6
48067,48037,8
48067,48315,3
48067,48343,1
48069,48117,1
48069,48189,1
48069,48279,1
48069,48369,1
48069,48381,1
48069,48437,1
48071,48167,4
48071,48201,2
48071,48245,2
48071,48291,1
48073,48001,4
48073,48005,2
48073,48213,3
48073,48225,3
48073,48347,3
48073,48401,2
48073,48423,1
48075,40057,2
48075,48087,1
48075,48101,1
48075,48191,1
48075,48197,2
48077,40033,9
48077,40067,10
48077,48009,2
48077,48237,1
48077,48337,1
48077,48485,1
48079,35025,1
48079,35041,8
48079,48017,1
48079,48219,1
48079,48501,1
48081,48335,1
48081,48353,1
48081,48399,1
48081,48431,1
48081,48451,1
48083,48049,1
48083,48059,1
48083,48095,1
48083,48307,4
48083,48399,1
48083,48441,1
48085,48113,7
48085,48121,3
48085,48147,2
48085,48181,2
48085,48231,1
48085,48397,1
48087,40009,1
48087,40057,2
48087,48075,1
48087,48129,2
48087,48191,1
48087,48483,1
48089,48015,4
48089,48149,2
48089,48239,3
48089,48285,3
48089,48481,3
48091,48029,5
48091,48031,1
48091,48187,2
48091,48209,2
48091,48259,2
48093,48049,1
48093,48133,2
48093,48143,3
48093,48193,2
48093,48333,2
48095,48083,1
48095,48307,1
48095,48327,1
48095,48399,1
48095,48451,1
48097,40085,38
48097,48121,2
48097,48181,1
48097,48337,1
48097,48497,2
48099,48027,1
48099,48035,2
48099,48193,1
48099,48281,1
48099,48309,1
48101,48075,1
48101,48155,2
48101,48191,3
48101,48197,3
48101,48269,1
48101,48345,1
48103,48105,1
48103,48135,1
48103,48371,3
48103,48461,1
48103,48475,2
48105,48103,1
48105,48235,1
48105,48371,4
48105,48383,1
48105,48413,1
48105,48435,1
48105,48443,5
48105,48461,1
48105,48465,1
48107,48125,1
48107,48153,1
48107,48169,1
48107,48303,1
48109,35015,5
48109,35035,1
48109,48229,4
48109,48243,1
48109,48389,1
48111,35059,4
48111,40025,1
48111,48205,1
48111,48421,2
48113,48085,7
48113,48121,3
48113,48139,2
48113,48257,2
48113,48397,4
48113,48439,2
48115,48033,1
48115,48165,1
48115,48305,1
48115,48317,1
48115,48445,1
48117,35009,4
48117,35037,9
48117,48069,1
48117,48359,1
48117,48369,1
48117,48381,1
48119,48147,1
48119,48159,2
48119,48223,4
48119,48231,1
48119,48277,4
48119,48387,2
48121,48085,3
48121,48097,2
48121,48113,3
48121,48181,1
48121,48439,5
48121,48497,1
48123,48175,2
48123,48177,1
48123,48255,2
48123,48285,1
48123,48469,1
48125,48107,1
48125,48263,1
48125,48269,1
48125,48345,1
48127,48163,1
48127,48283,1
48127,48323,1
48127,48479,1
48127,48507,1
48129,48011,1
48129,48045,1
48129,48087,2
48129,48179,1
48129,48191,1
48131,48047,1
48131,48247,2
48131,48249,1
48131,48297,1
48131,48311,1
48131,48479,1
48133,48049,1
48133,48059,1
48133,48093,2
48133,48143,2
48133,48363,3
48133,48417,1
48133,48429,1
48135,48003,1
48135,48103,1
48135,48329,1
48135,48461,2
48135,48475,1
48135,48495,1
48137,48265,1
48137,48267,1
48137,48271,1
48137,48385,3
48137,48435,2
48137,48463,1
48137,48465,1
48139,48113,2
48139,48213,1
48139,48217,2
48139,48251,1
48139,48257,1
48139,48349,1
48139,48439,2
48141,35013,35
48141,35035,6
48141,48229,1
48143,48035,1
48143,48093,3
48143,48133,2
48143,48193,1
48143,48221,1
48143,48363,1
48143,48425,2
48145,48027,1
48145,48293,1
48145,48309,1
48145,48331,1
48145,48395,1
48147,40013,13
48147,48085,2
48147,48119,1
48147,48181,2
48147,48231,1
48147,48277,1
48149,48015,1
48149,48021,1
48149,48055,1
48149,48089,2
48149,48177,2
48149,48285,1
48149,48287,2
48149,48477,2
48151,48253,1
48151,48263,1
48151,48353,2
48151,48415,1
48151,48433,1
48153,48045,1
48153,48107,1
48153,48189,1
48153,48345,1
48153,48437,1
48155,48023,1
48155,48101,2
48155,48197,4
48155,48269,1
48155,48275,3
48155,48487,1
48157,48015,2
48157,48039,7
48157,48201,9
48157,48473,1
48157,48481,8
48159,48063,5
48159,48119,2
48159,48223,1
48159,48387,1
48159,48449,1
48159,48499,2
48161,48001,9
48161,48213,2
48161,48289,1
48161,48293,1
48161,48349,1
48163,48013,1
48163,48127,1
48163,48283,1
48163,48325,1
48163,48507,1
48165,35025,21
48165,48003,1
48165,48115,1
48165,48317,1
48165,48445,1
48165,48501,1
48167,48039,16
48167,48071,4
48167,48201,2
48169,48033,1
48169,48107,1
48169,48263,1
48169,48305,1
48169,48415,1
48171,48031,1
48171,48259,1
48171,48265,2
48171,48267,1
48171,48299,1
48171,48319,1
48173,48227,1
48173,48317,1
48173,48329,1
48173,48383,1
48173,48431,1
48175,48025,4
48175,48123,2
48175,48255,1
48175,48391,2
48175,48469,4
48177,48055,2
48177,48123,1
48177,48149,2
48177,48187,1
48177,48255,1
48177,48285,2
48177,48493,2
48179,48065,1
48179,48129,1
48179,48393,1
48179,48483,1
48181,40013,10
48181,40085,1
48181,40095,24
48181,48085,2
48181,48097,1
48181,48121,1
48181,48147,2
48183,48203,2
48183,48401,3
48183,48423,2
48183,48459,1
48185,48041,5
48185,48313,1
48185,48339,2
48185,48471,1
48185,48473,5
48185,48477,2
48187,48029,4
48187,48055,2
48187,48091,2
48187,48177,1
48187,48209,1
48187,48493,2
48189,48069,1
48189,48153,1
48189,48279,1
48189,48303,1
48189,48437,1
48191,48045,1
48191,48075,1
48191,48087,1
48191,48101,3
48191,48129,1
48191,48345,1
48193,48035,1
48193,48093,2
48193,48099,1
48193,48143,1
48193,48281,1
48193,48333,1
48195,40139,1
48195,48233,1
48195,48357,1
48195,48393,1
48195,48421,1
48197,40057,8
48197,40065,10
48197,48075,2
48197,48101,3
48197,48155,4
48197,48487,2
48199,48241,3
48199,48245,3
48199,48291,2
48199,48361,1
48199,48373,2
48199,48457,1
48201,48039,2
48201,48071,2
48201,48157,9
48201,48167,2
48201,48291,3
48201,48339,5
48201,48473,2
48203,22017,23
48203,48183,2
48203,48315,4
48203,48365,2
48203,48401,1
48203,48459,1
48205,35037,1
48205,35059,1
48205,48111,1
48205,48341,1
48205,48359,1
48207,48253,1
48207,48275,1
48207,48417,1
48207,48433,1
48207,48447,1
48209,48031,1
48209,48055,2
48209,48091,2
48209,48187,1
48209,48453,2
48211,40045,1
48211,40129,1
48211,48295,1
48211,48393,1
48211,48483,1
48213,48001,1
48213,48073,3
48213,48139,1
48213,48161,2
48213,48257,1
48213,48349,2
48213,48423,2
48213,48467,1
48215,48047,1
48215,48061,3
48215,48261,2
48215,48427,4
48215,48489,3
48217,48035,7
48217,48139,2
48217,48251,1
48217,48293,2
48217,48309,2
48217,48349,1
48219,48079,1
48219,48279,1
48219,48303,1
48219,48445,1
48221,48143,1
48221,48251,1
48221,48363,1
48221,48367,1
48221,48425,2
48223,48119,4
48223,48159,1
48223,48231,2
48223,48379,1
48223,48499,1
48225,48001,2
48225,48005,22
48225,48073,3
48225,48289,3
48225,48313,3
48225,48455,1
48225,48471,1
48227,48033,1
48227,48173,1
48227,48317,1
48227,48335,1
48227,48431,1
48229,35035,15
48229,48109,4
48229,48141,1
48229,48243,2
48231,48085,1
48231,48119,1
48231,48147,1
48231,48223,2
48231,48257,1
48231,48379,3
48231,48397,1
48231,48467,1
48233,48065,1
48233,48195,1
48233,48341,1
48233,48393,1
48235,48105,1
48235,48383,1
48235,48413,1
48235,48451,4
48237,48009,1
48237,48077,1
48237,48337,2
48237,48363,1
48237,48367,1
48237,48497,1
48237,48503,1
48239,48057,2
48239,48089,3
48239,48285,1
48239,48321,1
48239,48469,4
48239,48481,1
48241,48005,1
48241,48199,3
48241,48351,2
48241,48361,1
48241,48403,1
48241,48405,1
48241,48457,10
48243,48043,1
48243,48109,1
48243,48229,2
48243,48371,1
48243,48377,4
48243,48389,1
48245,22023,4
48245,48071,2
48245,48199,3
48245,48291,2
48245,48361,3
48247,48047,4
48247,48131,2
48247,48427,1
48247,48479,2
48247,48505,1
48249,48047,1
48249,48131,1
48249,48273,2
48249,48297,1
48249,48355,2
48249,48409,1
48251,48035,2
48251,48139,1
48251,48217,1
48251,48221,1
48251,48367,1
48251,48425,1
48251,48439,1
48253,48059,1
48253,48151,1
48253,48207,1
48253,48417,1
48253,48433,1
48253,48441,2
48255,48013,1
48255,48025,2
48255,48123,2
48255,48175,1
48255,48177,1
48255,48297,1
48255,48493,1
48257,48113,2
48257,48139,1
48257,48213,1
48257,48231,1
48257,48397,2
48257,48467,2
48259,48019,2
48259,48029,1
48259,48031,1
48259,48091,2
48259,48171,1
48259,48265,1
48261,48047,1
48261,48215,2
48261,48273,3
48261,48489,2
48263,48125,1
48263,48151,1
48263,48169,1
48263,48415,1
48263,48433,1
48265,48019,2
48265,48137,1
48265,48171,2
48265,48259,1
48265,48267,1
48265,48385,3
48267,48137,1
48267,48171,1
48267,48265,1
48267,48319,2
48267,48327,1
48267,48435,1
48269,48101,1
48269,48125,1
48269,48155,1
48269,48275,1
48269,48433,1
48271,48137,1
48271,48323,2
48271,48463,1
48271,48465,3
48273,48007,2
48273,48047,1
48273,48249,2
48273,48261,3
48273,48355,2
48275,48023,1
48275,48155,3
48275,48207,1
48275,48269,1
48277,40013,3
48277,40023,13
48277,48119,4
48277,48147,1
48277,48387,1
48279,48017,1
48279,48069,1
48279,48189,1
48279,48219,1
48279,48369,1
48281,48027,2
48281,48053,1
48281,48099,1
48281,48193,1
48281,48333,2
48281,48411,3
48283,48013,1
48283,48127,1
48283,48163,1
48283,48311,1
48283,48479,2
48285,48089,3
48285,48123,1
48285,48149,1
48285,48177,2
48285,48239,1
48285,48469,4
48287,48021,3
48287,48051,2
48287,48149,2
48287,48331,1
48287,48477,2
48287,48491,1
48289,48001,2
48289,48161,1
48289,48225,3
48289,48293,3
48289,48313,2
48289,48395,2
48291,48071,1
48291,48199,2
48291,48201,3
48291,48245,2
48291,48339,1
48291,48373,2
48291,48407,3
48293,48145,1
48293,48161,1
48293,48217,2
48293,48289,3
48293,48309,1
48293,48349,1
48293,48395,1
48295,40007,23
48295,40045,2
48295,48211,1
48295,48357,1
48295,48393,1
48297,48013,1
48297,48025,3
48297,48131,1
48297,48249,1
48297,48255,1
48297,48311,1
48297,48409,2
48299,48031,2
48299,48053,5
48299,48171,1
48299,48319,2
48299,48411,1
48301,35015,1
48301,35025,1
48301,48389,5
48301,48475,1
48301,48495,1
48303,48107,1
48303,48189,1
48303,48219,1
48303,48305,1
48305,48033,1
48305,48115,1
48305,48169,1
48305,48303,1
48305,48445,1
48307,48049,1
48307,48083,4
48307,48095,1
48307,48319,1
48307,48327,2
48307,48411,1
48309,48027,2
48309,48035,2
48309,48099,1
48309,48145,1
48309,48217,2
48309,48293,1
48311,48013,2
48311,48131,1
48311,48283,1
48311,48297,1
48313,48041,1
48313,48185,1
48313,48225,3
48313,48289,2
48313,48471,1
48315,22017,10
48315,48067,3
48315,48203,4
48315,48343,1
48315,48459,1
48317,48003,1
48317,48115,1
48317,48165,1
48317,48173,1
48317,48227,1
48317,48329,1
48319,48171,1
48319,48267,2
48319,48299,2
48319,48307,1
48319,48327,1
48319,48411,2
48321,48039,6
48321,48057,1
48321,48239,1
48321,48481,2
48323,48127,1
48323,48271,2
48323,48479,1
48323,48507,1
48325,48013,1
48325,48019,3
48325,48029,1
48325,48163,1
48325,48463,1
48327,48095,1
48327,48267,1
48327,48307,2
48327,48319,1
48327,48413,1
48329,48003,1
48329,48135,1
48329,48173,1
48329,48317,1
48329,48461,1
48331,48027,2
48331,48051,1
48331,48145,1
48331,48287,1
48331,48395,4
48331,48491,2
48333,48049,3
48333,48093,2
48333,48193,1
48333,48281,2
48333,48411,7
48335,48033,1
48335,48081,1
48335,48227,1
48335,48353,2
48335,48415,1
48335,48431,1
48337,40067,19
48337,40085,6
48337,48077,1
48337,48097,1
48337,48237,2
48337,48497,2
48339,48185,2
48339,48201,5
48339,48291,1
48339,48407,2
48339,48471,2
48339,48473,1
48341,48065,1
48341,48205,1
48341,48233,1
48341,48359,2
48341,48375,1
48341,48421,1
48343,48037,1
48343,48063,1
48343,48067,1
48343,48315,1
48343,48387,1
48343,48449,1
48343,48459,3
48345,48045,3
48345,48101,1
48345,48125,1
48345,48153,1
48345,48191,1
48347,48005,5
48347,48073,3
48347,48401,1
48347,48405,4
48347,48419,1
48349,48139,1
48349,48161,1
48349,48213,2
48349,48217,1
48349,48293,1
48351,22011,12
48351,22019,7
48351,22085,5
48351,22115,7
48351,48241,2
48351,48361,1
48351,48403,2
48353,48081,1
48353,48151,2
48353,48335,2
48353,48399,1
48353,48441,1
48355,48249,2
48355,48273,2
48355,48409,5
48357,40007,23
48357,40139,4
48357,48195,1
48357,48295,1
48357,48393,1
48359,35037,2
48359,48117,1
48359,48205,1
48359,48341,2
48359,48375,1
48361,22019,6
48361,22023,4
48361,48199,1
48361,48241,1
48361,48245,3
48361,48351,1
48363,48133,3
48363,48143,1
48363,48221,1
48363,48237,1
48363,48367,1
48363,48429,1
48363,48503,2
48365,22017,6
48365,22031,8
48365,48203,2
48365,48401,3
48365,48419,1
48367,48221,1
48367,48237,1
48367,48251,1
48367,48363,1
48367,48439,2
48367,48497,2
48369,35009,20
48369,48017,1
48369,48069,1
48369,48117,1
48369,48279,1
48371,48043,2
48371,48103,3
48371,48105,4
48371,48243,1
48371,48389,1
48371,48443,19
48371,48475,2
48373,48005,1
48373,48199,2
48373,48291,2
48373,48407,6
48373,48455,3
48373,48457,2
48375,48065,2
48375,48341,1
48375,48359,1
48375,48381,1
48377,48043,2
48377,48243,4
48379,48223,1
48379,48231,3
48379,48467,2
48379,48499,1
48381,48011,2
48381,48069,1
48381,48117,1
48381,48375,1
48381,48437,1
48383,48105,1
48383,48173,1
48383,48235,1
48383,48431,1
48383,48451,1
48383,48461,1
48385,48019,2
48385,48137,3
48385,48265,3
48385,48463,1
48387,40023,12
48387,40089,9
48387,48037,1
48387,48119,2
48387,48159,1
48387,48277,1
48387,48343,1
48387,48449,1
48389,35015,1
48389,48109,1
48389,48243,1
48389,48301,5
48389,48371,1
48389,48475,4
48391,48007,4
48391,48025,1
48391,48057,1
48391,48175,2
48391,48409,3
48391,48469,3
48393,48065,1
48393,48179,1
48393,48195,1
48393,48211,1
48393,48233,1
48393,48295,1
48393,48357,1
48395,48041,5
48395,48051,4
48395,48145,1
48395,48289,2
48395,48293,1
48395,48331,4
48397,48085,1
48397,48113,4
48397,48231,1
48397,48257,2
48399,48081,1
48399,48083,1
48399,48095,1
48399,48353,1
48399,48441,1
48399,48451,2
48401,48073,2
48401,48183,3
48401,48203,1
48401,48347,1
48401,48365,3
48401,48419,1
48401,48423,1
48403,22085,14
48403,48241,1
48403,48351,2
48403,48405,3
48403,48419,1
48405,48005,1
48405,48241,1
48405,48347,4
48405,48403,3
48405,48419,2
48407,48291,3
48407,48339,2
48407,48373,6
48407,48455,2
48407,48471,1
48409,48007,2
48409,48025,2
48409,48249,1
48409,48297,2
48409,48355,5
48409,48391,3
48411,48049,1
48411,48053,1
48411,48281,3
48411,48299,1
48411,48307,1
48411,48319,2
48411,48333,7
48413,48105,1
48413,48235,1
48413,48327,1
48413,48435,2
48413,48451,1
48415,48033,1
48415,48151,1
48415,48169,1
48415,48263,1
48415,48335,1
48417,48059,1
48417,48133,1
48417,48207,1
48417,48253,1
48417,48429,1
48417,48447,1
48419,22031,5
48419,22085,5
48419,48347,1
48419,48365,1
48419,48401,1
48419,48403,1
48419,48405,2
48421,40025,1
48421,40139,12
48421,48111,2
48421,48195,1
48421,48341,1
48423,48073,1
48423,48183,2
48423,48213,2
48423,48401,1
48423,48459,1
48423,48467,2
48423,48499,4
48425,48035,1
48425,48143,2
48425,48221,2
48425,48251,1
48427,48047,1
48427,48215,4
48427,48247,1
48427,48505,2
48429,48133,1
48429,48363,1
48429,48417,1
48429,48447,1
48429,48503,1
48431,48081,1
48431,48173,1
48431,48227,1
48431,48335,1
48431,48383,1
48431,48451,3
48433,48151,1
48433,48207,1
48433,48253,1
48433,48263,1
48433,48269,1
48435,48105,1
48435,48137,2
48435,48267,1
48435,48413,2
48435,48465,1
48437,48011,1
48437,48045,1
48437,48069,1
48437,48153,1
48437,48189,1
48437,48381,1
48439,48113,2
48439,48121,5
48439,48139,2
48439,48251,1
48439,48367,2
48439,48497,2
48441,48059,1
48441,48083,1
48441,48253,2
48441,48353,1
48441,48399,1
48443,48043,2
48443,48105,5
48443,48371,19
48443,48465,2
48445,48115,1
48445,48165,1
48445,48219,1
48445,48305,1
48445,48501,1
48447,48023,1
48447,48207,1
48447,48417,1
48447,48429,1
48447,48503,1
48449,48063,2
48449,48159,1
48449,48343,1
48449,48387,1
48451,48081,1
48451,48095,1
48451,48235,4
48451,48383,1
48451,48399,2
48451,48413,1
48451,48431,3
48453,48021,5
48453,48031,1
48453,48053,2
48453,48055,2
48453,48209,2
48453,48491,4
48455,48005,2
48455,48225,1
48455,48373,3
48455,48407,2
48455,48471,3
48457,48005,1
48457,48199,1
48457,48241,10
48457,48373,2
48459,48063,1
48459,48183,1
48459,48203,1
48459,48315,1
48459,48343,3
48459,48423,1
48459,48499,1
48461,48103,1
48461,48105,1
48461,48135,2
48461,48329,1
48461,48383,1
48463,48019,1
48463,48137,1
48463,48271,1
48463,48325,1
48463,48385,1
48463,48507,1
48465,48105,1
48465,48137,1
48465,48271,3
48465,48435,1
48465,48443,2
48467,48213,1
48467,48231,1
48467,48257,2
48467,48379,2
48467,48423,2
48467,48499,6
48469,48057,3
48469,48123,1
48469,48175,4
48469,48239,4
48469,48285,4
48469,48391,3
48471,48185,1
48471,48225,1
48471,48313,1
48471,48339,2
48471,48407,1
48471,48455,3
48473,48015,5
48473,48157,1
48473,48185,5
48473,48201,2
48473,48339,1
48473,48477,3
48475,48103,2
48475,48135,1
48475,48301,1
48475,48371,2
48475,48389,4
48475,48495,2
48477,48015,2
48477,48041,2
48477,48051,5
48477,48149,2
48477,48185,2
48477,48287,2
48477,48473,3
48479,48127,1
48479,48131,1
48479,48247,2
48479,48283,2
48479,48323,1
48479,48505,3
48481,48015,1
48481,48039,2
48481,48089,3
48481,48157,8
48481,48239,1
48481,48321,2
48483,40009,1
48483,40129,1
48483,48087,1
48483,48179,1
48483,48211,1
48485,40033,6
48485,40141,8
48485,48009,2
48485,48077,1
48485,48487,1
48487,40065,8
48487,40141,9
48487,48023,1
48487,48155,1
48487,48197,2
48487,48485,1
48489,48061,8
48489,48215,3
48489,48261,2
48491,48021,1
48491,48027,2
48491,48053,2
48491,48287,1
48491,48331,2
48491,48453,4
48493,48013,1
48493,48029,3
48493,48177,2
48493,48187,2
48493,48255,1
48495,35025,9
48495,48003,1
48495,48135,1
48495,48301,1
48495,48475,2
48497,48097,2
48497,48121,1
48497,48237,1
48497,48337,2
48497,48367,2
48497,48439,2
48499,48063,1
48499,48159,2
48499,48223,1
48499,48379,1
48499,48423,4
48499,48459,1
48499,48467,6
48501,35025,9
48501,48079,1
48501,48165,1
48501,48445,1
48503,48009,1
48503,48237,1
48503,48363,2
48503,48429,1
48503,48447,1
48505,48247,1
48505,48427,2
48505,48479,3
48507,48127,1
48507,48163,1
48507,48323,1
48507,48463,1
49001,32017,5
49001,49017,2
49001,49021,2
49001,49027,4
49001,49031,3
49001,49041,6
49003,16031,7
49003,16071,14
49003,32007,4
49003,49005,5
49003,49045,2
49003,49057,4
49005,16041,4
49005,16071,1
49005,49003,5
49005,49033,4
49005,49057,3
49007,49013,1
49007,49015,4
49007,49039,1
49007,49047,4
49007,49049,1
49009,08081,1
49009,49013,3
49009,49043,1
49009,49047,10
49009,56037,8
49011,49029,2
49011,49035,3
49011,49045,1
49011,49057,2
49013,49007,1
49013,49009,3
49013,49043,4
49013,49047,2
49013,49049,2
49013,49051,1
49015,49007,4
49015,49019,17
49015,49039,3
49015,49041,1
49015,49047,2
49015,49055,2
49017,49001,2
49017,49021,5
49017,49025,4
49017,49031,1
49017,49037,6
49017,49055,3
49019,08045,1
49019,08077,7
49019,49015,17
49019,49037,1
49019,49047,2
49021,32017,7
49021,49001,2
49021,49017,5
49021,49025,2
49021,49053,8
49023,32033,1
49023,49027,7
49023,49039,6
49023,49045,4
49023,49049,8
49025,04005,4
49025,04015,5
49025,49017,4
49025,49021,2
49025,49037,14
49025,49053,1
49027,32017,1
49027,32033,1
49027,49001,4
49027,49023,7
49027,49039,1
49027,49041,7
49029,49011,2
49029,49033,3
49029,49035,1
49029,49043,5
49029,49057,5
49031,49001,3
49031,49017,1
49031,49041,1
49031,49055,2
49033,16007,4
49033,49005,4
49033,49029,3
49033,49043,1
49033,49057,1
49033,56023,1
49033,56041,3
49035,49011,3
49035,49029,1
49035,49043,1
49035,49045,4
49035,49049,5
49035,49051,2
49037,04001,9
49037,04005,4
49037,04017,3
49037,08033,9
49037,08083,9
49037,08085,3
49037,08113,4
49037,49017,6
49037,49019,1
49037,49025,14
49037,49055,3
49039,49007,1
49039,49015,3
49039,49023,6
49039,49027,1
49039,49041,2
49039,49049,1
49041,49001,6
49041,49015,1
49041,49027,7
49041,49031,1
49041,49039,2
49041,49055,2
49043,49009,1
49043,49013,4
49043,49029,5
49043,49033,1
49043,49035,1
49043,49051,6
49043,56037,1
49043,56041,3
49045,32007,7
49045,32033,1
49045,49003,2
49045,49011,1
49045,49023,4
49045,49035,4
49045,49049,4
49047,08045,1
49047,08081,4
49047,08103,5
49047,49007,4
49047,49009,10
49047,49013,2
49047,49015,2
49047,49019,2
49049,49007,1
49049,49013,2
49049,49023,8
49049,49035,5
49049,49039,1
49049,49045,4
49049,49051,12
49051,49013,1
49051,49035,2
49051,49043,6
49051,49049,12
49053,04015,3
49053,32017,13
49053,49021,8
49053,49025,1
49055,49015,2
49055,49017,3
49055,49031,2
49055,49037,3
49055,49041,2
49057,49003,4
49057,49005,3
49057,49011,2
49057,49029,5
49057,49033,1
50001,36031,14
50001,36115,4
50001,50007,2
50001,50017,2
50001,50021,9
50001,50023,2
50001,50027,2
50003,25003,2
50003,25011,1
50003,36083,7
50003,36115,3
50003,50021,1
50003,50025,8
50003,50027,2
50005,33009,8
50005,50009,7
50005,50015,1
50005,50017,3
50005,50019,4
50005,50023,2
50007,36019,2
50007,36031,6
50007,50001,2
50007,50011,2
50007,50013,2
50007,50015,2
50007,50023,5
50009,33007,26
50009,33009,4
50009,50005,7
50009,50019,4
50011,50007,2
50011,50013,6
50011,50015,6
50011,50019,2
50013,36019,8
50013,50007,2
50013,50011,6
50015,50005,1
50015,50007,2
50015,50011,6
50015,50019,3
50015,50023,5
50017,33009,14
50017,50001,2
50017,50005,3
50017,50023,7
50017,50027,7
50019,50005,4
50019,50009,4
50019,50011,2
50019,50015,3
50021,36115,19
50021,50001,9
50021,50003,1
50021,50027,9
50023,50001,2
50023,50005,2
50023,50007,5
50023,50015,5
50023,50017,7
50025,25011,4
50025,33005,14
50025,33019,2
50025,50003,8
50025,50027,2
50027,33009,8
50027,33019,10
50027,50001,2
50027,50003,2
50027,50017,7
50027,50021,9
50027,50025,2
51001,24039,28
51001,24047,10
51001,51131,9
51003,51015,2
51003,51029,2
51003,51065,2
51003,51079,1
51003,51109,2
51003,51125,1
51003,51137,2
51003,51165,1
51003,51540,4
51005,51017,3
51005,51023,3
51005,51045,2
51005,51163,1
51005,51580,17
51005,54025,14
51005,54063,13
51007,51041,3
51007,51049,1
51007,51053,1
51007,51135,2
51007,51145,3
51007,51147,1
51009,51011,1
51009,51019,2
51009,51031,1
51009,51125,4
51009,51163,3
51009,51680,1
51011,51009,1
51011,51029,1
51011,51031,2
51011,51037,1
51011,51125,2
51011,51147,1
51013,11001,6
51013,51059,8
51013,51510,5
51013,51610,1
51015,51003,2
51015,51017,2
51015,51091,2
51015,51125,4
51015,51163,2
51015,51165,1
51015,51790,4
51015,51820,4
51015,54071,15
51017,51005,3
51017,51015,2
51017,51091,2
51017,51163,1
51017,54025,3
51017,54075,15
51019,51009,2
51019,51023,13
51019,51031,2
51019,51067,2
51019,51143,2
51019,51161,1
51019,51163,1
51019,51515,4
51019,51680,2
51021,51071,2
51021,51155,1
51021,51173,1
51021,51185,4
51021,51197,3
51021,54055,7
51023,51005,3
51023,51019,13
51023,51045,2
51023,51161,4
51023,51163,2
51025,37131,3
51025,37185,3
51025,51053,2
51025,51081,2
51025,51111,1
51025,51117,3
51025,51135,1
51027,21195,2
51027,51051,2
51027,51167,2
51027,51185,1
51027,54047,72
51027,54059,1
51029,51003,2
51029,51011,1
51029,51049,2
51029,51065,2
51029,51125,3
51029,51147,1
51031,51009,1
51031,51011,2
51031,51019,2
51031,51037,2
51031,51083,1
51031,51143,4
51031,51680,2
51033,51057,2
51033,51085,4
51033,51097,2
51033,51099,2
51033,51101,2
51033,51177,5
51033,51179,5
51035,37171,5
51035,51063,1
51035,51077,2
51035,51141,3
51035,51155,1
51035,51197,1
51035,51640,4
51036,51041,3
51036,51087,1
51036,51095,2
51036,51127,1
51036,51149,3
51036,51181,2
51037,51011,1
51037,51031,2
51037,51083,2
51037,51111,1
51037,51117,1
51037,51147,3
51041,51007,3
51041,51036,3
51041,51053,1
51041,51087,5
51041,51145,1
51041,51149,10
51041,51570,10
51041,51670,3
51041,51730,6
51041,51760,5
51043,51061,4
51043,51069,1
51043,51107,1
51043,51187,1
51043,54037,2
51045,51005,2
51045,51023,2
51045,51071,1
51045,51121,2
51045,51161,1
51045,54063,11
51047,51061,3
51047,51113,2
51047,51137,2
51047,51157,2
51047,51177,1
51047,51179,5
51049,51007,1
51049,51029,2
51049,51065,1
51049,51075,1
51049,51145,1
51049,51147,2
51051,21195,4
51051,51027,2
51051,51167,1
51051,51195,3
51053,51007,1
51053,51025,2
51053,51041,1
51053,51081,9
51053,51135,2
51053,51149,2
51053,51183,2
51053,51730,1
51057,51033,2
51057,51097,4
51057,51099,7
51057,51119,3
51057,51159,2
51057,51193,2
51059,24017,5
51059,24031,12
51059,24033,4
51059,51013,8
51059,51107,2
51059,51153,4
51059,51510,1
51059,51600,5
51059,51610,6
51061,51043,4
51061,51047,3
51061,51107,2
51061,51153,8
51061,51157,4
51061,51179,2
51061,51187,1
51063,51035,1
51063,51067,2
51063,51121,2
51063,51141,2
51063,51155,1
51063,51161,2
51065,51003,2
51065,51029,2
51065,51049,1
51065,51075,2
51065,51109,1
51067,51019,2
51067,51063,2
51067,51089,7
51067,51141,2
51067,51143,2
51067,51161,3
51069,51043,1
51069,51171,3
51069,51187,1
51069,51840,4
51069,54003,1
51069,54027,19
51069,54031,1
51069,54065,1
51071,51021,2
51071,51045,1
51071,51121,1
51071,51155,1
51071,54055,9
51071,54063,10
51071,54089,1
51073,51095,2
51073,51097,2
51073,51115,1
51073,51119,1
51073,51199,1
51075,51049,1
51075,51065,2
51075,51085,1
51075,51087,1
51075,51109,3
51075,51145,4
51077,37005,6
51077,37009,4
51077,37171,2
51077,47091,1
51077,51035,2
51077,51173,2
51077,51191,2
51077,51197,2
51077,51640,6
51079,51003,1
51079,51113,2
51079,51137,2
51079,51139,12
51079,51165,2
51081,37131,1
51081,51025,2
51081,51053,9
51081,51175,3
51081,51183,3
51081,51595,4
51083,37033,3
51083,37077,3
51083,37145,9
51083,51031,1
51083,51037,2
51083,51117,2
51083,51143,1
51085,51033,4
51085,51075,1
51085,51087,3
51085,51101,2
51085,51109,2
51085,51127,1
51085,51177,18
51087,51036,1
51087,51041,5
51087,51075,1
51087,51085,3
51087,51127,13
51087,51760,3
51089,37157,4
51089,37169,1
51089,51067,7
51089,51141,2
51089,51143,1
51089,51690,14
51091,51015,2
51091,51017,2
51091,54071,6
51091,54075,14
51093,51175,5
51093,51181,2
51093,51620,6
51093,51800,2
51095,51036,2
51095,51073,2
51095,51097,2
51095,51127,2
51095,51181,2
51095,51199,3
51095,51700,2
51095,51830,6
51097,51033,2
51097,51057,4
51097,51073,2
51097,51095,2
51097,51101,4
51097,51119,1
51097,51127,7
51099,51033,2
51099,51057,7
51099,51179,1
51099,51193,1
51101,51033,2
51101,51085,2
51101,51097,4
51101,51127,3
51103,51133,3
51103,51159,1
51105,21013,4
51105,21095,18
51105,47025,2
51105,47067,7
51105,51169,3
51105,51195,1
51107,24021,11
51107,24031,14
51107,24043,1
51107,51043,1
51107,51059,2
51107,51061,2
51107,51153,1
51107,54037,16
51109,51003,2
51109,51065,1
51109,51075,3
51109,51085,2
51109,51137,2
51109,51177,2
51111,51025,1
51111,51037,1
51111,51117,2
51111,51135,2
51111,51147,1
51113,51047,2
51113,51079,2
51113,51137,2
51113,51139,1
51113,51157,1
51115,51073,1
51115,51119,3
51117,37077,7
51117,37181,3
51117,37185,5
51117,51025,3
51117,51037,1
51117,51083,2
51117,51111,2
51119,51057,3
51119,51073,1
51119,51097,1
51119,51115,3
51121,51045,2
51121,51063,2
51121,51071,1
51121,51155,2
51121,51161,3
51121,51750,7
51125,51003,1
51125,51009,4
51125,51011,2
51125,51015,4
51125,51029,3
51125,51163,1
51127,51036,1
51127,51085,1
51127,51087,13
51127,51095,2
51127,51097,7
51127,51101,3
51131,51001,9
51133,51103,3
51133,51159,2
51133,51193,1
51135,51007,2
51135,51025,1
51135,51053,2
51135,51111,2
51135,51147,1
51137,51003,2
51137,51047,2
51137,51079,2
51137,51109,2
51137,51113,2
51137,51177,9
51139,51079,12
51139,51113,1
51139,51157,1
51139,51165,2
51139,51171,3
51139,51187,1
51141,37169,7
51141,37171,1
51141,51035,3
51141,51063,2
51141,51067,2
51141,51089,2
51143,37033,3
51143,37157,3
51143,51019,2
51143,51031,4
51143,51067,2
51143,51083,1
51143,51089,1
51143,51590,6
51145,51007,3
51145,51041,1
51145,51049,1
51145,51075,4
51147,51007,1
51147,51011,1
51147,51029,1
51147,51037,3
51147,51049,2
51147,51111,1
51147,51135,1
51149,51036,3
51149,51041,10
51149,51053,2
51149,51181,1
51149,51183,4
51149,51670,2
51149,51730,1
51153,51059,4
51153,51061,8
51153,51107,1
51153,51179,2
51153,51683,7
51153,51685,9
51155,51021,1
51155,51035,1
51155,51063,1
51155,51071,1
51155,51121,2
51155,51197,1
51155,51750,6
51157,51047,2
51157,51061,4
51157,51113,1
51157,51139,1
51157,51187,3
51159,51057,2
51159,51103,1
51159,51133,2
51159,51193,3
51161,51019,1
51161,51023,4
51161,51045,1
51161,51063,2
51161,51067,3
51161,51121,3
51161,51770,14
51161,51775,2
51163,51005,1
51163,51009,3
51163,51015,2
51163,51017,1
51163,51019,1
51163,51023,2
51163,51125,1
51163,51530,5
51163,51678,4
51165,51003,1
51165,51015,1
51165,51079,2
51165,51139,2
51165,51171,1
51165,51660,4
51165,54031,4
51165,54071,16
51167,51027,2
51167,51051,1
51167,51169,2
51167,51173,2
51167,51185,1
51167,51191,4
51167,51195,2
51169,47067,1
51169,47073,3
51169,47163,4
51169,51105,3
51169,51167,2
51169,51191,2
51169,51195,2
51171,51069,3
51171,51139,3
51171,51165,1
51171,51187,2
51171,54031,16
51173,51021,1
51173,51077,2
51173,51167,2
51173,51185,3
51173,51191,2
51173,51197,1
51175,37073,1
51175,37091,1
51175,37131,2
51175,51081,3
51175,51093,5
51175,51181,1
51175,51183,1
51175,51620,6
51175,51800,1
51177,51033,5
51177,51047,1
51177,51085,18
51177,51109,2
51177,51137,9
51177,51179,4
51177,51630,17
51179,51033,5
51179,51047,5
51179,51061,2
51179,51099,1
51179,51153,2
51179,51177,4
51179,51630,9
51181,51036,2
51181,51093,2
51181,51095,2
51181,51149,1
51181,51175,1
51181,51183,2
51183,51053,2
51183,51081,3
51183,51149,4
51183,51175,1
51183,51181,2
51185,51021,4
51185,51027,1
51185,51167,1
51185,51173,3
51185,54047,26
51185,54055,2
51187,51043,1
51187,51061,1
51187,51069,1
51187,51139,1
51187,51157,3
51187,51171,2
51191,47091,1
51191,47163,4
51191,51077,2
51191,51167,4
51191,51169,2
51191,51173,2
51191,51520,2
51193,51057,2
51193,51099,1
51193,51133,1
51193,51159,3
51195,21095,21
51195,21133,29
51195,21195,2
51195,51051,3
51195,51105,1
51195,51167,2
51195,51169,2
51195,51720,4
51197,51021,3
51197,51035,1
51197,51077,2
51197,51155,1
51197,51173,1
51199,51073,1
51199,51095,3
51199,51650,2
51199,51700,7
51199,51735,2
51199,51830,10
51510,11001,1
51510,24033,1
51510,51013,5
51510,51059,1
51515,51019,4
51520,47163,13
51520,51191,2
51530,51163,5
51540,51003,4
51550,37029,1
51550,37053,1
51550,51710,4
51550,51740,2
51550,51800,2
51550,51810,4
51570,51041,10
51570,51730,6
51580,51005,17
51590,37033,3
51590,51143,6
51595,51081,4
51600,51059,5
51610,51013,1
51610,51059,6
51620,51093,6
51620,51175,6
51630,51177,17
51630,51179,9
51640,51035,4
51640,51077,6
51650,51199,2
51650,51700,7
51650,51735,6
51660,51165,4
51670,51041,3
51670,51149,2
51678,51163,4
51680,51009,1
51680,51019,2
51680,51031,2
51683,51153,7
51683,51685,3
51685,51153,9
51685,51683,3
51690,51089,14
51700,51095,2
51700,51199,7
51700,51650,7
51710,51550,4
51710,51740,6
51710,51810,3
51720,51195,4
51730,51041,6
51730,51053,1
51730,51149,1
51730,51570,6
51735,51199,2
51735,51650,6
51740,51550,2
51740,51710,6
51740,51800,2
51750,51121,7
51750,51155,6
51760,51041,5
51760,51087,3
51770,51161,14
51770,51775,2
51775,51161,2
51775,51770,2
51790,51015,4
51800,37029,1
51800,37073,4
51800,51093,2
51800,51175,1
51800,51550,2
51800,51740,2
51810,37053,19
51810,51550,4
51810,51710,3
51820,51015,4
51830,51095,6
51830,51199,10
51840,51069,4
53001,53021,2
53001,53025,4
53001,53043,2
53001,53075,3
53003,16069,9
53003,41063,6
53003,53023,5
53003,53075,2
53005,41049,9
53005,41059,11
53005,53021,3
53005,53025,3
53005,53039,1
53005,53071,3
53005,53077,1
53007,53017,11
53007,53033,2
53007,53037,4
53007,53047,9
53007,53057,4
53007,53061,7
53009,53031,5
53011,41009,6
53011,41051,13
53011,53015,4
53011,53059,1
53013,41059,1
53013,41063,1
53013,53021,2
53013,53023,5
53013,53071,5
53013,53075,2
53015,41009,7
53015,53011,4
53015,53041,2
53015,53059,2
53015,53069,1
53017,53007,11
53017,53025,12
53017,53037,2
53017,53047,13
53019,53043,5
53019,53047,6
53019,53065,14
53021,53001,2
53021,53005,3
53021,53013,2
53021,53025,2
53021,53071,7
53021,53075,2
53023,41063,2
53023,53003,5
53023,53013,5
53023,53075,5
53025,53001,4
53025,53005,3
53025,53017,12
53025,53021,2
53025,53037,3
53025,53043,2
53025,53047,2
53025,53077,1
53027,53031,2
53027,53041,2
53027,53045,2
53027,53049,1
53027,53067,2
53029,53061,3
53031,53009,5
53031,53027,2
53031,53035,2
53031,53045,2
53033,53007,2
53033,53035,1
53033,53037,6
53033,53053,11
53033,53061,5
53035,53031,2
53035,53033,1
53035,53045,4
53035,53053,1
53037,53007,4
53037,53017,2
53037,53025,3
53037,53033,6
53037,53077,8
53039,41021,12
53039,41027,2
53039,41049,1
53039,41055,6
53039,41065,12
53039,53005,1
53039,53059,4
53039,53077,2
53041,53015,2
53041,53027,2
53041,53049,1
53041,53053,3
53041,53059,2
53041,53067,2
53041,53069,1
53041,53077,4
53043,53001,2
53043,53019,5
53043,53025,2
53043,53047,2
53043,53063,1
53043,53065,4
53043,53075,1
53045,53027,2
53045,53031,2
53045,53035,4
53045,53053,2
53045,53067,5
53047,53007,9
53047,53017,13
53047,53019,6
53047,53025,2
53047,53043,2
53047,53057,1
53047,53073,4
53049,53027,1
53049,53041,1
53049,53069,2
53051,16017,18
53051,16021,1
53051,53063,1
53051,53065,11
53053,53033,11
53053,53035,1
53053,53041,3
53053,53045,2
53053,53067,7
53053,53077,3
53057,53007,4
53057,53047,1
53057,53061,1
53057,53073,3
53059,41027,11
53059,41051,10
53059,53011,1
53059,53015,2
53059,53039,4
53059,53041,2
53059,53077,1
53061,53007,7
53061,53029,3
53061,53033,5
53061,53057,1
53063,16009,2
53063,16017,1
53063,16055,23
53063,53043,1
53063,53051,1
53063,53065,4
53063,53075,1
53065,53019,14
53065,53043,4
53065,53051,11
53065,53063,4
53067,53027,2
53067,53041,2
53067,53045,5
53067,53053,7
53069,41007,8
53069,41009,2
53069,53015,1
53069,53041,1
53069,53049,2
53071,41059,20
53071,53005,3
53071,53013,5
53071,53021,7
53073,53047,4
53073,53057,3
53075,16009,5
53075,16057,3
53075,16069,4
53075,53001,3
53075,53003,2
53075,53013,2
53075,53021,2
53075,53023,5
53075,53043,1
53075,53063,1
53077,53005,1
53077,53025,1
53077,53037,8
53077,53039,2
53077,53041,4
53077,53053,3
53077,53059,1
54001,54033,2
54001,54077,1
54001,54083,2
54001,54091,2
54001,54093,1
54001,54097,3
54003,24043,9
54003,51069,1
54003,54037,2
54003,54065,2
54005,54039,3
54005,54043,2
54005,54045,4
54005,54081,2
54005,54109,1
54007,54013,1
54007,54015,1
54007,54021,2
54007,54041,2
54007,54067,2
54007,54101,2
54009,39081,9
54009,42125,4
54009,54029,2
54009,54069,1
54011,39053,4
54011,39087,10
54011,54043,2
54011,54053,1
54011,54079,1
54011,54099,3
54013,54007,1
54013,54015,1
54013,54021,3
54013,54085,1
54013,54087,3
54013,54105,1
54015,54007,1
54015,54013,1
54015,54039,2
54015,54067,3
54015,54087,2
54017,54021,2
54017,54033,4
54017,54041,1
54017,54085,2
54017,54095,1
54017,54103,1
54019,54025,2
54019,54039,2
54019,54067,3
54019,54081,5
54019,54089,1
54021,54007,2
54021,54013,3
54021,54017,2
54021,54041,2
54021,54085,1
54023,24023,3
54023,54031,3
54023,54057,2
54023,54071,1
54023,54077,1
54023,54083,2
54023,54093,4
54025,51005,14
54025,51017,3
54025,54019,2
54025,54063,2
54025,54067,2
54025,54075,4
54025,54089,1
54025,54101,1
54027,24001,3
54027,51069,19
54027,54031,2
54027,54057,3
54027,54065,1
54029,39029,8
54029,39081,5
54029,42007,5
54029,42125,1
54029,54009,2
54031,51069,1
54031,51165,4
54031,51171,16
54031,54023,3
54031,54027,2
54031,54071,1
54033,54001,2
54033,54017,4
54033,54041,1
54033,54049,2
54033,54091,1
54033,54097,3
54033,54103,4
54035,39105,11
54035,54039,2
54035,54053,1
54035,54079,2
54035,54087,2
54035,54105,1
54035,54107,1
54037,24043,8
54037,51043,2
54037,51107,16
54037,54003,2
54039,54005,3
54039,54015,2
54039,54019,2
54039,54035,2
54039,54043,2
54039,54067,1
54039,54079,4
54039,54081,3
54039,54087,2
54041,54007,2
54041,54017,1
54041,54021,2
54041,54033,1
54041,54097,3
54041,54101,4
54043,54005,2
54043,54011,2
54043,54039,2
54043,54045,1
54043,54059,1
54043,54079,3
54043,54099,3
54045,54005,4
54045,54043,1
54045,54059,5
54045,54109,3
54047,51027,72
54047,51185,26
54047,54055,1
54047,54059,10
54047,54109,4
54049,54033,2
54049,54061,2
54049,54091,2
54049,54103,2
54051,39013,8
54051,39111,1
54051,42059,5
54051,42125,3
54051,54069,1
54051,54103,1
54053,39053,16
54053,39105,16
54053,54011,1
54053,54035,1
54053,54079,3
54055,51021,7
54055,51071,9
54055,51185,2
54055,54047,1
54055,54081,2
54055,54089,1
54055,54109,1
54057,24001,14
54057,24023,5
54057,54023,2
54057,54027,3
54059,21159,3
54059,21195,14
54059,51027,1
54059,54043,1
54059,54045,5
54059,54047,10
54059,54099,1
54059,54109,1
54061,42051,3
54061,42059,3
54061,54049,2
54061,54077,3
54061,54091,1
54061,54103,1
54063,51005,13
54063,51045,11
54063,51071,10
54063,54025,2
54063,54089,2
54065,24001,9
54065,24043,12
54065,51069,1
54065,54003,2
54065,54027,1
54067,54007,2
54067,54015,3
54067,54019,3
54067,54025,2
54067,54039,1
54067,54101,3
54069,39013,6
54069,39081,1
54069,42125,3
54069,54009,1
54069,54051,1
54071,51015,15
54071,51091,6
54071,51165,16
54071,54023,1
54071,54031,1
54071,54075,1
54071,54083,4
54073,39167,8
54073,54085,1
54073,54095,2
54073,54107,1
54075,51017,15
54075,51091,14
54075,54025,4
54075,54071,1
54075,54083,6
54075,54101,2
54077,24023,8
54077,42051,3
54077,54001,1
54077,54023,1
54077,54061,3
54077,54091,1
54077,54093,2
54079,54011,1
54079,54035,2
54079,54039,4
54079,54043,3
54079,54053,3
54081,54005,2
54081,54019,5
54081,54039,3
54081,54055,2
54081,54089,3
54081,54109,3
54083,54001,2
54083,54023,2
54083,54071,4
54083,54075,6
54083,54093,3
54083,54097,3
54083,54101,2
54085,54013,1
54085,54017,2
54085,54021,1
54085,54073,1
54085,54095,2
54085,54105,3
54085,54107,1
54087,54013,3
54087,54015,2
54087,54035,2
54087,54039,2
54087,54105,3
54089,51071,1
54089,54019,1
54089,54025,1
54089,54055,1
54089,54063,2
54089,54081,3
54091,54001,2
54091,54033,1
54091,54049,2
54091,54061,1
54091,54077,1
54093,54001,1
54093,54023,4
54093,54077,2
54093,54083,3
54095,39111,2
54095,39167,2
54095,54017,1
54095,54073,2
54095,54085,2
54095,54103,3
54097,54001,3
54097,54033,3
54097,54041,3
54097,54083,3
54097,54101,1
54099,21019,10
54099,21127,15
54099,21159,4
54099,39087,3
54099,54011,3
54099,54043,3
54099,54059,1
54101,54007,2
54101,54025,1
54101,54041,4
54101,54067,3
54101,54075,2
54101,54083,2
54101,54097,1
54103,39111,5
54103,42059,1
54103,54017,1
54103,54033,4
54103,54049,2
54103,54051,1
54103,54061,1
54103,54095,3
54105,54013,1
54105,54035,1
54105,54085,3
54105,54087,3
54105,54107,2
54107,39009,3
54107,39105,1
54107,39167,13
54107,54035,1
54107,54073,1
54107,54085,1
54107,54105,2
54109,54005,1
54109,54045,3
54109,54047,4
54109,54055,1
54109,54059,1
54109,54081,3
55001,55021,1
55001,55057,7
55001,55077,2
55001,55097,1
55001,55137,1
55001,55141,2
55003,55007,1
55003,55051,5
55003,55099,1
55003,55113,2
55005,55013,1
55005,55017,2
55005,55033,1
55005,55095,1
55005,55107,1
55005,55129,1
55007,55003,1
55007,55031,1
55007,55113,1
55009,55015,1
55009,55061,1
55009,55071,3
55009,55083,1
55009,55087,2
55009,55115,1
55011,27157,11
55011,27169,7
55011,55035,1
55011,55091,2
55011,55121,4
55013,27025,4
55013,27115,15
55013,55005,1
55013,55031,1
55013,55095,4
55013,55129,2
55015,55009,1
55015,55039,3
55015,55071,1
55015,55087,5
55015,55117,1
55015,55139,3
55017,55005,2
55017,55019,5
55017,55033,1
55017,55035,1
55017,55107,1
55017,55119,1
55019,55017,5
55019,55035,1
55019,55053,4
55019,55073,3
55019,55119,1
55019,55141,1
55021,55001,1
55021,55025,1
55021,55027,1
55021,55047,1
55021,55077,1
55021,55111,6
55023,19005,10
55023,19043,3
55023,55043,3
55023,55103,1
55023,55123,1
55025,55021,1
55025,55027,1
55025,55045,2
55025,55049,1
55025,55055,1
55025,55105,1
55025,55111,1
55027,55021,1
55027,55025,1
55027,55039,2
55027,55047,1
55027,55055,2
55027,55131,1
55027,55133,1
55029,55061,2
55031,27017,7
55031,27115,13
55031,27137,40
55031,55007,1
55031,55013,1
55031,55129,1
55033,55005,1
55033,55017,1
55033,55035,1
55033,55091,1
55033,55093,1
55033,55109,2
55035,55011,1
55035,55017,1
55035,55019,1
55035,55033,1
55035,55053,1
55035,55091,3
55035,55121,1
55037,26043,12
55037,26071,24
55037,55041,2
55037,55075,2
55039,55015,3
55039,55027,2
55039,55047,1
55039,55117,1
55039,55131,1
55039,55139,3
55041,26071,8
55041,55037,2
55041,55067,3
55041,55075,1
55041,55083,1
55041,55085,3
55041,55125,3
55043,17085,13
55043,19043,11
55043,19061,9
55043,55023,3
55043,55049,1
55043,55065,1
55043,55103,2
55045,17177,25
55045,17201,1
55045,55025,2
55045,55049,1
55045,55065,1
55045,55105,1
55047,55021,1
55047,55027,1
55047,55039,1
55047,55077,3
55047,55137,1
55047,55139,1
55049,55025,1
55049,55043,1
55049,55045,1
55049,55065,1
55049,55103,2
55049,55111,1
55051,26053,20
55051,55003,5
55051,55099,1
55051,55125,2
55053,55019,4
55053,55035,1
55053,55057,2
55053,55063,1
55053,55081,2
55053,55121,2
55053,55141,1
55055,55025,1
55055,55027,2
55055,55105,1
55055,55127,4
55055,55133,3
55057,55001,7
55057,55053,2
55057,55081,1
55057,55111,7
55057,55123,1
55057,55141,1
55059,17097,8
55059,17111,4
55059,55101,3
55059,55127,1
55061,55009,1
55061,55029,2
55061,55071,1
55063,27055,2
55063,27169,4
55063,55053,1
55063,55081,2
55063,55121,3
55063,55123,1
55065,17085,26
55065,17177,1
55065,55043,1
55065,55045,1
55065,55049,1
55067,55041,3
55067,55069,1
55067,55073,2
55067,55078,2
55067,55083,2
55067,55085,2
55067,55115,2
55069,55067,1
55069,55073,1
55069,55085,2
55069,55099,1
55069,55119,2
55071,55009,3
55071,55015,1
55071,55061,1
55071,55117,1
55073,55019,3
55073,55067,2
55073,55069,1
55073,55097,1
55073,55115,1
55073,55119,3
55073,55141,1
55075,26043,5
55075,26109,40
55075,55037,2
55075,55041,1
55075,55083,9
55077,55001,2
55077,55021,1
55077,55047,3
55077,55137,1
55078,55067,2
55078,55083,2
55078,55115,4
55079,55089,7
55079,55101,1
55079,55133,8
55081,55053,2
55081,55057,1
55081,55063,2
55081,55123,1
55083,55009,1
55083,55041,1
55083,55067,2
55083,55075,9
55083,55078,2
55083,55115,2
55085,55041,3
55085,55067,2
55085,55069,2
55085,55099,3
55085,55125,5
55087,55009,2
55087,55015,5
55087,55115,2
55087,55135,2
55087,55139,1
55089,55079,7
55089,55117,1
55089,55131,1
55091,27049,6
55091,27157,4
55091,55011,2
55091,55033,1
55091,55035,3
55091,55093,2
55093,27037,3
55093,27049,11
55093,27163,4
55093,55033,1
55093,55091,2
55093,55109,1
55095,27025,12
55095,27163,3
55095,55005,1
55095,55013,4
55095,55109,1
55097,55001,1
55097,55073,1
55097,55135,1
55097,55137,1
55097,55141,3
55099,55003,1
55099,55051,1
55099,55069,1
55099,55085,3
55099,55107,1
55099,55113,1
55099,55119,1
55099,55125,1
55101,55059,3
55101,55079,1
55101,55127,1
55101,55133,2
55103,55023,1
55103,55043,2
55103,55049,2
55103,55111,2
55103,55123,2
55105,17007,1
55105,17201,20
55105,55025,1
55105,55045,1
55105,55055,1
55105,55127,2
55107,55005,1
55107,55017,1
55107,55099,1
55107,55113,1
55107,55119,2
55109,27163,6
55109,55033,2
55109,55093,1
55109,55095,1
55111,55021,6
55111,55025,1
55111,55049,1
55111,55057,7
55111,55103,2
55111,55123,3
55113,55003,2
55113,55007,1
55113,55099,1
55113,55107,1
55113,55129,1
55115,55009,1
55115,55067,2
55115,55073,1
55115,55078,4
55115,55083,2
55115,55087,2
55115,55135,2
55117,55015,1
55117,55039,1
55117,55071,1
55117,55089,1
55117,55131,1
55119,55017,1
55119,55019,1
55119,55069,2
55119,55073,3
55119,55099,1
55119,55107,2
55121,27169,6
55121,55011,4
55121,55035,1
55121,55053,2
55121,55063,3
55123,19005,1
55123,27055,4
55123,55023,1
55123,55057,1
55123,55063,1
55123,55081,1
55123,55103,2
55123,55111,3
55125,26053,15
55125,26071,4
55125,55041,3
55125,55051,2
55125,55085,5
55125,55099,1
55127,17007,1
55127,17111,5
55127,55055,4
55127,55059,1
55127,55101,1
55127,55105,2
55127,55133,2
55129,55005,1
55129,55013,2
55129,55031,1
55129,55113,1
55131,55027,1
55131,55039,1
55131,55089,1
55131,55117,1
55131,55133,1
55133,55027,1
55133,55055,3
55133,55079,8
55133,55101,2
55133,55127,2
55133,55131,1
55135,55087,2
55135,55097,1
55135,55115,2
55135,55137,1
55135,55139,1
55137,55001,1
55137,55047,1
55137,55077,1
55137,55097,1
55137,55135,1
55137,55139,1
55139,55015,3
55139,55039,3
55139,55047,1
55139,55087,1
55139,55135,1
55139,55137,1
55141,55001,2
55141,55019,1
55141,55053,1
55141,55057,1
55141,55073,1
55141,55097,3
56001,08057,1
56001,08069,5
56001,56007,4
56001,56009,5
56001,56021,1
56001,56031,2
56003,30003,2
56003,30009,3
56003,56019,4
56003,56029,5
56003,56033,4
56003,56043,1
56005,30075,4
56005,56009,1
56005,56011,2
56005,56019,3
56005,56033,1
56005,56045,1
56007,08057,7
56007,08081,1
56007,08107,2
56007,56001,4
56007,56009,1
56007,56013,1
56007,56025,2
56007,56037,4
56009,56001,5
56009,56005,1
56009,56007,1
56009,56019,2
56009,56025,2
56009,56027,1
56009,56031,2
56009,56045,1
56011,30011,10
56011,30075,1
56011,46019,8
56011,46081,3
56011,56005,2
56011,56045,1
56013,56007,1
56013,56017,14
56013,56025,8
56013,56029,9
56013,56035,13
56013,56037,2
56013,56039,1
56013,56043,1
56015,31007,6
56015,31157,10
56015,31165,14
56015,56021,2
56015,56027,2
56015,56031,2
56017,56013,14
56017,56029,7
56017,56043,14
56019,56003,4
56019,56005,3
56019,56009,2
56019,56025,2
56019,56033,2
56019,56043,2
56021,08069,3
56021,08123,10
56021,31007,10
56021,31105,13
56021,56001,1
56021,56015,2
56021,56031,1
56023,16007,7
56023,16019,19
56023,16029,5
56023,49033,1
56023,56035,6
56023,56037,1
56023,56039,3
56023,56041,2
56025,56007,2
56025,56009,2
56025,56013,8
56025,56019,2
56025,56043,1
56027,31165,6
56027,46033,2
56027,46047,7
56027,56009,1
56027,56015,2
56027,56031,1
56027,56045,1
56029,30009,6
56029,30031,4
56029,30067,10
56029,56003,5
56029,56013,9
56029,56017,7
56029,56039,10
56029,56043,1
56031,56001,2
56031,56009,2
56031,56015,2
56031,56021,1
56031,56027,1
56033,30003,7
56033,30075,1
56033,56003,4
56033,56005,1
56033,56019,2
56035,56013,13
56035,56023,6
56035,56037,2
56035,56039,5
56037,08081,2
56037,49009,8
56037,49043,1
56037,56007,4
56037,56013,2
56037,56023,1
56037,56035,2
56037,56041,1
56039,16019,1
56039,16043,6
56039,16081,10
56039,30031,2
56039,56013,1
56039,56023,3
56039,56029,10
56039,56035,5
56041,49033,3
56041,49043,3
56041,56023,2
56041,56037,1
56043,56003,1
56043,56013,1
56043,56017,14
56043,56019,2
56043,56025,1
56043,56029,1
56045,46033,7
56045,46081,1
56045,46103,3
56045,56005,1
56045,56009,1
56045,56011,1
56045,56027,1
72001,72059,4
72001,72081,1
72001,72111,1
72001,72113,2
72001,72141,2
72001,72153,5
72003,72005,2
72003,72011,4
72003,72099,8
72003,72117,1
72005,72003,2
72005,72071,3
72005,72099,1
72007,72021,2
72007,72025,1
72007,72041,1
72007,72045,7
72007,72061,3
72007,72127,2
72009,72019,1
72009,72035,4
72009,72041,3
72009,72043,1
72009,72123,9
72011,72003,4
72011,72083,3
72011,72097,1
72011,72099,2
72011,72117,3
72011,72131,2
72013,72017,1
72013,72039,2
72013,72054,4
72013,72065,2
72013,72141,1
72015,72057,4
72015,72109,1
72017,72013,1
72017,72054,2
72017,72091,1
72019,72009,1
72019,72041,2
72019,72043,3
72019,72045,1
72019,72047,4
72019,72105,3
72019,72107,1
72021,72007,2
72021,72033,2
72021,72045,4
72021,72061,1
72021,72105,3
72021,72135,5
72021,72137,3
72023,72067,1
72023,72079,1
72023,72097,6
72023,72125,7
72025,72007,1
72025,72035,5
72025,72041,7
72025,72063,1
72025,72127,4
72025,72129,1
72025,72139,3
72027,72065,1
72027,72081,22
72027,72115,1
72027,72131,4
72029,72031,1
72029,72077,3
72029,72085,3
72029,72087,1
72029,72119,1
72031,72029,1
72031,72063,3
72031,72087,1
72031,72127,1
72031,72139,1
72033,72021,2
72033,72061,2
72033,72127,2
72033,72137,6
72035,72009,4
72035,72025,5
72035,72041,2
72035,72057,1
72035,72109,2
72035,72123,1
72035,72129,2
72037,72053,2
72037,72089,5
72037,72103,1
72037,72119,2
72039,72013,2
72039,72054,3
72039,72073,1
72039,72091,5
72039,72101,1
72039,72107,2
72039,72141,3
72041,72007,1
72041,72009,3
72041,72019,2
72041,72025,7
72041,72035,2
72041,72045,1
72043,72009,1
72043,72019,3
72043,72075,6
72043,72107,6
72043,72123,1
72043,72133,1
72043,72149,1
72045,72007,7
72045,72019,1
72045,72021,4
72045,72041,1
72045,72105,5
72047,72019,4
72047,72101,4
72047,72105,1
72047,72107,2
72047,72135,3
72047,72143,1
72051,72135,2
72051,72137,1
72051,72143,1
72053,72037,2
72053,72089,1
72054,72013,4
72054,72017,2
72054,72039,3
72054,72091,2
72055,72079,2
72055,72121,9
72055,72153,2
72057,72015,4
72057,72035,1
72057,72109,1
72057,72123,1
72059,72001,4
72059,72111,1
72059,72153,1
72061,72007,3
72061,72021,1
72061,72033,2
72061,72127,1
72063,72025,1
72063,72031,3
72063,72077,1
72063,72129,3
72063,72139,1
72065,72013,2
72065,72027,1
72065,72081,4
72065,72141,2
72067,72023,1
72067,72097,1
72067,72125,14
72069,72085,1
72069,72103,1
72069,72151,1
72071,72005,3
72071,72099,2
72071,72115,1
72071,72131,1
72073,72039,1
72073,72075,7
72073,72107,5
72073,72113,1
72073,72141,1
72075,72043,6
72075,72073,7
72075,72107,3
72075,72113,1
72075,72133,1
72075,72149,2
72077,72029,3
72077,72063,1
72077,72085,1
72077,72129,1
72079,72023,1
72079,72055,2
72079,72121,3
72079,72125,1
72081,72001,1
72081,72027,22
72081,72065,4
72081,72083,2
72081,72093,4
72081,72131,1
72081,72141,1
72081,72153,4
72083,72011,3
72083,72081,2
72083,72093,1
72083,72097,1
72083,72131,1
72085,72029,3
72085,72069,1
72085,72077,1
72085,72103,7
72085,72119,2
72085,72129,3
72085,72151,2
72087,72029,1
72087,72031,1
72087,72119,6
72089,72037,5
72089,72053,1
72089,72119,1
72091,72017,1
72091,72039,5
72091,72054,2
72091,72101,3
72091,72145,1
72093,72081,4
72093,72083,1
72093,72097,3
72093,72121,8
72093,72125,5
72093,72153,1
72095,72109,1
72095,72151,1
72097,72011,1
72097,72023,6
72097,72067,1
72097,72083,1
72097,72093,3
72097,72125,3
72099,72003,8
72099,72005,1
72099,72011,2
72099,72071,2
72099,72131,1
72101,72039,1
72101,72047,4
72101,72091,3
72101,72107,1
72101,72143,6
72101,72145,1
72103,72037,1
72103,72069,1
72103,72085,7
72103,72119,3
72105,72019,3
72105,72021,3
72105,72045,5
72105,72047,1
72105,72135,1
72107,72019,1
72107,72039,2
72107,72043,6
72107,72047,2
72107,72073,5
72107,72075,3
72107,72101,1
72107,72149,1
72109,72015,1
72109,72035,2
72109,72057,1
72109,72095,1
72109,72129,3
72109,72151,3
72111,72001,1
72111,72059,1
72111,72113,1
72113,72001,2
72113,72073,1
72113,72075,1
72113,72111,1
72113,72141,8
72115,72027,1
72115,72071,1
72115,72131,2
72117,72003,1
72117,72011,3
72119,72029,1
72119,72037,2
72119,72085,2
72119,72087,6
72119,72089,1
72119,72103,3
72121,72055,9
72121,72079,3
72121,72093,8
72121,72125,1
72121,72153,1
72123,72009,9
72123,72035,1
72123,72043,1
72123,72057,1
72123,72133,2
72125,72023,7
72125,72067,14
72125,72079,1
72125,72093,5
72125,72097,3
72125,72121,1
72127,72007,2
72127,72025,4
72127,72031,1
72127,72033,2
72127,72061,1
72127,72139,1
72129,72025,1
72129,72035,2
72129,72063,3
72129,72077,1
72129,72085,3
72129,72109,3
72129,72151,1
72131,72011,2
72131,72027,4
72131,72071,1
72131,72081,1
72131,72083,1
72131,72099,1
72131,72115,2
72133,72043,1
72133,72075,1
72133,72123,2
72135,72021,5
72135,72047,3
72135,72051,2
72135,72105,1
72135,72137,2
72135,72143,2
72137,72021,3
72137,72033,6
72137,72051,1
72137,72135,2
72139,72025,3
72139,72031,1
72139,72063,1
72139,72127,1
72141,72001,2
72141,72013,1
72141,72039,3
72141,72065,2
72141,72073,1
72141,72081,1
72141,72113,8
72143,72047,1
72143,72051,1
72143,72101,6
72143,72135,2
72143,72145,1
72145,72091,1
72145,72101,1
72145,72143,1
72149,72043,1
72149,72075,2
72149,72107,1
72151,72069,1
72151,72085,2
72151,72095,1
72151,72109,3
72151,72129,1
72153,72001,5
72153,72055,2
72153,72059,1
72153,72081,4
72153,72093,1
72153,72121,1
