fips,calibrated_score,has_enacted_restrictive,va_p_lower,va_p_upper,va_width,set_90,set_80,covered_90,covered_80
01001,0.0859,0,0.0743,0.1765,0.1022,none_supported,none_supported,1,1
01003,0.1328,0,0.1707,0.2589,0.0882,none_supported,none_supported,1,1
01005,0.0663,0,0.0234,0.0833,0.0599,none_supported,none_supported,1,1
01007,0.0501,0,0.0106,0.0721,0.0615,none_supported,none_supported,1,1
01009,0.0739,0,0.0661,0.1212,0.0551,none_supported,none_supported,1,1
01011,0.0607,0,0.0234,0.0769,0.0535,none_supported,none_supported,1,1
01013,0.0579,0,0.0234,0.0761,0.0527,none_supported,none_supported,1,1
01015,0.1153,0,0.1304,0.2589,0.1285,none_supported,none_supported,1,1
01017,0.0781,0,0.0465,0.1224,0.0759,none_supported,none_supported,1,1
01019,0.0524,0,0.0106,0.0721,0.0615,none_supported,none_supported,1,1
01021,0.0724,0,0.0465,0.0833,0.0368,none_supported,none_supported,1,1
01023,0.046,0,0.0106,0.0721,0.0615,none_supported,none_supported,1,1
01025,0.058,0,0.0234,0.0787,0.0553,none_supported,none_supported,1,1
01027,0.0388,0,0.0106,0.0718,0.0611,none_supported,none_supported,1,1
01029,0.0415,0,0.0082,0.0708,0.0626,none_supported,none_supported,1,1
01031,0.0813,0,0.0743,0.125,0.0507,none_supported,none_supported,1,1
01033,0.0892,0,0.0743,0.1731,0.0988,none_supported,none_supported,1,1
01035,0.0466,0,0.0106,0.0721,0.0615,none_supported,none_supported,1,1
01037,0.0407,0,0.0,0.0571,0.0571,none_supported,none_supported,1,1
01039,0.0601,0,0.0234,0.08,0.0566,none_supported,none_supported,1,1
01041,0.042,0,0.0106,0.0721,0.0615,none_supported,none_supported,1,1
01043,0.0915,1,0.0743,0.1765,0.1022,none_supported,none_supported,0,0
01045,0.0811,0,0.0743,0.125,0.0507,none_supported,none_supported,1,1
01047,0.0973,0,0.0743,0.1591,0.0848,none_supported,none_supported,1,1
01049,0.0812,0,0.0743,0.1667,0.0924,none_supported,none_supported,1,1
01051,0.3077,0,0.1735,0.5294,0.3559,none_supported,atypical,1,0
01053,0.0662,0,0.0234,0.0833,0.0599,none_supported,none_supported,1,1
01055,0.1142,0,0.0889,0.1875,0.0986,none_supported,none_supported,1,1
01057,0.0434,0,0.0106,0.0721,0.0615,none_supported,none_supported,1,1
01059,0.0608,0,0.0234,0.08,0.0566,none_supported,none_supported,1,1
01061,0.0563,0,0.0106,0.0721,0.0615,none_supported,none_supported,1,1
01063,0.0502,0,0.0234,0.0761,0.0527,none_supported,none_supported,1,1
01065,0.0569,0,0.0234,0.0761,0.0527,none_supported,none_supported,1,1
01067,0.0508,0,0.0106,0.0721,0.0615,none_supported,none_supported,1,1
01069,0.1284,0,0.1667,0.2589,0.0923,none_supported,none_supported,1,1
01071,0.0945,0,0.0743,0.1765,0.1022,none_supported,none_supported,1,1
01073,0.6822,1,0.3333,1.0,0.6667,enacted_supported,atypical,1,0
01075,0.0425,0,0.0082,0.0588,0.0506,none_supported,none_supported,1,1
01077,0.1031,0,0.0743,0.1786,0.1043,none_supported,none_supported,1,1
01079,0.0599,0,0.0234,0.08,0.0566,none_supported,none_supported,1,1
01081,0.3792,0,0.2623,0.5652,0.3029,none_supported,atypical,1,0
01083,0.1168,0,0.1304,0.2589,0.1285,none_supported,none_supported,1,1
01085,0.1772,0,0.1714,0.2787,0.1073,none_supported,none_supported,1,1
01087,0.0806,0,0.0234,0.15,0.1266,none_supported,none_supported,1,1
01089,0.2799,0,0.2,0.4,0.2,none_supported,atypical,1,0
01091,0.0575,0,0.0234,0.0778,0.0544,none_supported,none_supported,1,1
01093,0.0536,0,0.0106,0.0721,0.0615,none_supported,none_supported,1,1
01095,0.0979,0,0.0743,0.1765,0.1022,none_supported,none_supported,1,1
01097,0.506,0,0.2647,0.5652,0.3005,none_supported,atypical,1,0
01099,0.0561,0,0.0234,0.0744,0.051,none_supported,none_supported,1,1
01101,0.6964,0,0.3333,0.8,0.4667,enacted_supported,atypical,0,0
01103,0.1144,0,0.1304,0.2589,0.1285,none_supported,none_supported,1,1
01105,0.0509,0,0.0234,0.0761,0.0527,none_supported,none_supported,1,1
01107,0.057,0,0.0234,0.0744,0.051,none_supported,none_supported,1,1
01109,0.0745,0,0.0465,0.1176,0.0711,none_supported,none_supported,1,1
01111,0.0557,0,0.0106,0.0721,0.0615,none_supported,none_supported,1,1
01113,0.105,0,0.0743,0.2195,0.1452,none_supported,none_supported,1,1
01115,0.0953,0,0.0743,0.1765,0.1022,none_supported,none_supported,1,1
01117,0.4213,1,0.2623,0.5652,0.3029,none_supported,atypical,0,0
01119,0.0559,0,0.0234,0.0854,0.062,none_supported,none_supported,1,1
01121,0.2946,0,0.1735,0.5294,0.3559,none_supported,atypical,1,0
01123,0.0758,0,0.0465,0.1139,0.0674,none_supported,none_supported,1,1
01125,0.1598,0,0.1714,0.2589,0.0875,none_supported,none_supported,1,1
01127,0.0842,0,0.0743,0.125,0.0507,none_supported,none_supported,1,1
01129,0.0435,0,0.0106,0.0721,0.0615,none_supported,none_supported,1,1
01131,0.0551,0,0.0234,0.0761,0.0527,none_supported,none_supported,1,1
01133,0.0533,0,0.0106,0.0721,0.0615,none_supported,none_supported,1,1
02013,0.0226,0,0.0,0.0208,0.0208,none_supported,none_supported,1,1
02016,0.0287,0,0.0,0.0341,0.0341,none_supported,none_supported,1,1
02020,0.1972,1,0.1714,0.2787,0.1073,none_supported,atypical,0,0
02050,0.0319,0,0.0,0.039,0.039,none_supported,none_supported,1,1
02060,0.0139,0,0.0,0.0187,0.0187,none_supported,none_supported,1,1
02063,0.0224,0,0.0,0.0256,0.0256,none_supported,none_supported,1,1
02066,0.0122,0,0.0,0.0187,0.0187,none_supported,none_supported,1,1
02068,0.0095,0,0.0,0.0187,0.0187,none_supported,none_supported,1,1
02070,0.0184,0,0.0,0.0187,0.0187,none_supported,none_supported,1,1
02090,0.0784,0,0.0743,0.1212,0.0469,none_supported,none_supported,1,1
02100,0.0167,0,0.0,0.0187,0.0187,none_supported,none_supported,1,1
02105,0.0143,0,0.0,0.0187,0.0187,none_supported,none_supported,1,1
02110,0.0561,0,0.0234,0.0744,0.051,none_supported,none_supported,1,1
02122,0.0646,0,0.0234,0.08,0.0566,none_supported,none_supported,1,1
02130,0.0352,0,0.0,0.05,0.05,none_supported,none_supported,1,1
02150,0.0359,0,0.0,0.039,0.039,none_supported,none_supported,1,1
02158,0.0209,0,0.0,0.026,0.026,none_supported,none_supported,1,1
02164,0.0083,0,0.0,0.0184,0.0184,none_supported,none_supported,1,1
02170,0.0768,0,0.0465,0.1,0.0535,none_supported,none_supported,1,1
02180,0.0275,0,0.0,0.0294,0.0294,none_supported,none_supported,1,1
02185,0.0214,0,0.0,0.0238,0.0238,none_supported,none_supported,1,1
02188,0.0193,0,0.0,0.0208,0.0208,none_supported,none_supported,1,1
02195,0.0188,0,0.0,0.0196,0.0196,none_supported,none_supported,1,1
02198,0.0244,0,0.0,0.0253,0.0253,none_supported,none_supported,1,1
02220,0.0272,0,0.0,0.039,0.039,none_supported,none_supported,1,1
02230,0.0171,0,0.0,0.0187,0.0187,none_supported,none_supported,1,1
02240,0.0202,0,0.0,0.0208,0.0208,none_supported,none_supported,1,1
02275,0.0149,0,0.0,0.0187,0.0187,none_supported,none_supported,1,1
02282,0.0072,0,0.0,0.0183,0.0183,none_supported,none_supported,1,1
02290,0.0157,0,0.0,0.0187,0.0187,none_supported,none_supported,1,1
04001,0.0896,0,0.0465,0.15,0.1035,none_supported,none_supported,1,1
04003,0.1117,1,0.1304,0.2222,0.0918,none_supported,none_supported,0,0
04005,0.1166,0,0.1304,0.2245,0.0941,none_supported,none_supported,1,1
04007,0.0698,0,0.0234,0.0886,0.0652,none_supported,none_supported,1,1
04009,0.0608,0,0.0234,0.0744,0.051,none_supported,none_supported,1,1
04011,0.0304,0,0.0,0.04,0.04,none_supported,none_supported,1,1
04012,0.0394,0,0.0,0.0571,0.0571,none_supported,none_supported,1,1
04013,0.5601,1,0.3333,0.8,0.4667,enacted_supported,atypical,1,0
04015,0.1124,0,0.0743,0.1829,0.1086,none_supported,none_supported,1,1
04017,0.0874,0,0.0743,0.15,0.0757,none_supported,none_supported,1,1
04019,0.29,0,0.2,0.5294,0.3294,none_supported,atypical,1,0
04021,0.1842,0,0.1714,0.2589,0.0875,none_supported,none_supported,1,1
04023,0.0934,0,0.0743,0.2,0.1257,none_supported,none_supported,1,1
04025,0.1212,0,0.1373,0.2589,0.1217,none_supported,none_supported,1,1
04027,0.1222,0,0.1667,0.2589,0.0923,none_supported,none_supported,1,1
05001,0.048,0,0.0106,0.0721,0.0615,none_supported,none_supported,1,1
05003,0.0506,0,0.0106,0.0721,0.0615,none_supported,none_supported,1,1
05005,0.0767,0,0.0465,0.1176,0.0711,none_supported,none_supported,1,1
05007,0.1851,0,0.1714,0.2589,0.0875,none_supported,atypical,1,0
05009,0.0676,0,0.0234,0.0833,0.0599,none_supported,none_supported,1,1
05011,0.0392,0,0.0106,0.0685,0.0579,none_supported,none_supported,1,1
05013,0.0254,0,0.0,0.0294,0.0294,none_supported,none_supported,1,1
05015,0.065,1,0.0234,0.0833,0.0599,none_supported,none_supported,0,0
05017,0.0479,0,0.0106,0.0726,0.0619,none_supported,none_supported,1,1
05019,0.0595,0,0.0234,0.0787,0.0553,none_supported,none_supported,1,1
05021,0.0396,0,0.0106,0.0721,0.0615,none_supported,none_supported,1,1
05023,0.0565,0,0.0106,0.0721,0.0615,none_supported,none_supported,1,1
05025,0.0347,0,0.0,0.039,0.039,none_supported,none_supported,1,1
05027,0.0591,0,0.0234,0.0761,0.0527,none_supported,none_supported,1,1
05029,0.0581,0,0.0234,0.0744,0.051,none_supported,none_supported,1,1
05031,0.1189,0,0.1304,0.2589,0.1285,none_supported,none_supported,1,1
05033,0.0839,0,0.0743,0.1667,0.0924,none_supported,none_supported,1,1
05035,0.2654,0,0.1735,0.35,0.1765,none_supported,atypical,1,0
05037,0.0488,0,0.0106,0.0721,0.0615,none_supported,none_supported,1,1
05039,0.0307,0,0.0,0.039,0.039,none_supported,none_supported,1,1
05041,0.0484,0,0.0106,0.0721,0.0615,none_supported,none_supported,1,1
05043,0.0518,0,0.0106,0.0721,0.0615,none_supported,none_supported,1,1
05045,0.3399,0,0.2623,0.5294,0.2671,none_supported,atypical,1,0
05047,0.0472,0,0.0106,0.0721,0.0615,none_supported,none_supported,1,1
05049,0.0367,0,0.0082,0.0571,0.0489,none_supported,none_supported,1,1
05051,0.1136,0,0.1304,0.2195,0.0891,none_supported,none_supported,1,1
05053,0.0467,0,0.0106,0.0721,0.0615,none_supported,none_supported,1,1
05055,0.0757,0,0.0661,0.1194,0.0533,none_supported,none_supported,1,1
05057,0.0553,0,0.0234,0.0744,0.051,none_supported,none_supported,1,1
05059,0.0682,0,0.0234,0.0833,0.0599,none_supported,none_supported,1,1
05061,0.0471,0,0.0106,0.0721,0.0615,none_supported,none_supported,1,1
05063,0.0634,0,0.0234,0.0833,0.0599,none_supported,none_supported,1,1
05065,0.0428,0,0.0106,0.0721,0.0615,none_supported,none_supported,1,1
05067,0.0508,0,0.0106,0.0721,0.0615,none_supported,none_supported,1,1
05069,0.118,0,0.1304,0.2245,0.0941,none_supported,none_supported,1,1
05071,0.1718,0,0.1714,0.2787,0.1073,none_supported,atypical,1,0
05073,0.034,0,0.0,0.039,0.039,none_supported,none_supported,1,1
05075,0.0443,0,0.0106,0.0721,0.0615,none_supported,none_supported,1,1
05077,0.0467,0,0.0106,0.0721,0.0615,none_supported,none_supported,1,1
05079,0.0459,0,0.0106,0.0721,0.0615,none_supported,none_supported,1,1
05081,0.0424,0,0.0106,0.0721,0.0615,none_supported,none_supported,1,1
05083,0.0492,0,0.0106,0.0721,0.0615,none_supported,none_supported,1,1
05085,0.095,0,0.0743,0.1765,0.1022,none_supported,none_supported,1,1
05087,0.0423,0,0.0106,0.0721,0.0615,none_supported,none_supported,1,1
05089,0.0452,0,0.0106,0.0721,0.0615,none_supported,none_supported,1,1
05091,0.0763,0,0.0465,0.1212,0.0747,none_supported,none_supported,1,1
05093,0.0752,0,0.0465,0.1212,0.0747,none_supported,none_supported,1,1
05095,0.0393,0,0.0,0.0526,0.0526,none_supported,none_supported,1,1
05097,0.0345,0,0.0,0.039,0.039,none_supported,none_supported,1,1
05099,0.0367,0,0.0,0.05,0.05,none_supported,none_supported,1,1
05101,0.027,0,0.0,0.0361,0.0361,none_supported,none_supported,1,1
05103,0.0633,0,0.0234,0.08,0.0566,none_supported,none_supported,1,1
05105,0.0366,0,0.0,0.0571,0.0571,none_supported,none_supported,1,1
05107,0.0598,0,0.0234,0.08,0.0566,none_supported,none_supported,1,1
05109,0.0373,0,0.0,0.0426,0.0426,none_supported,none_supported,1,1
05111,0.0501,0,0.0106,0.0721,0.0615,none_supported,none_supported,1,1
05113,0.0457,0,0.0106,0.0721,0.0615,none_supported,none_supported,1,1
05115,0.0867,0,0.0743,0.1667,0.0924,none_supported,none_supported,1,1
05117,0.036,0,0.0,0.039,0.039,none_supported,none_supported,1,1
05119,0.5494,1,0.3333,0.7143,0.381,enacted_supported,atypical,1,0
05121,0.0488,0,0.0106,0.0721,0.0615,none_supported,none_supported,1,1
05123,0.0719,0,0.0234,0.1125,0.0891,none_supported,none_supported,1,1
05125,0.124,0,0.1304,0.2589,0.1285,none_supported,none_supported,1,1
05127,0.032,0,0.0,0.039,0.039,none_supported,none_supported,1,1
05129,0.0275,0,0.0,0.039,0.039,none_supported,none_supported,1,1
05131,0.1317,0,0.1667,0.2589,0.0923,none_supported,none_supported,1,1
05133,0.0448,0,0.0106,0.0721,0.0615,none_supported,none_supported,1,1
05135,0.047,0,0.0106,0.0721,0.0615,none_supported,none_supported,1,1
05137,0.0402,0,0.0082,0.0685,0.0603,none_supported,none_supported,1,1
05139,0.0689,0,0.0465,0.1084,0.0619,none_supported,none_supported,1,1
05141,0.041,0,0.0106,0.0721,0.0615,none_supported,none_supported,1,1
05143,0.176,1,0.1714,0.2787,0.1073,none_supported,atypical,0,0
05145,0.0975,0,0.0743,0.1765,0.1022,none_supported,none_supported,1,1
05147,0.034,0,0.0,0.039,0.039,none_supported,none_supported,1,1
05149,0.0506,0,0.0106,0.0721,0.0615,none_supported,none_supported,1,1
06001,0.5098,0,0.2647,0.6667,0.402,enacted_supported,atypical,0,0
06003,0.0248,0,0.0,0.0247,0.0247,none_supported,none_supported,1,1
06005,0.0798,0,0.0743,0.125,0.0507,none_supported,none_supported,1,1
06007,0.1581,0,0.1714,0.2589,0.0875,none_supported,none_supported,1,1
06009,0.0788,0,0.0743,0.125,0.0507,none_supported,none_supported,1,1
06011,0.058,0,0.0234,0.0761,0.0527,none_supported,none_supported,1,1
06013,0.3904,1,0.2623,0.5652,0.3029,none_supported,atypical,0,0
06015,0.0678,0,0.0234,0.0875,0.0641,none_supported,none_supported,1,1
06017,0.148,0,0.1707,0.2589,0.0882,none_supported,none_supported,1,1
06019,0.2662,0,0.1735,0.3333,0.1599,none_supported,atypical,1,0
06021,0.0593,0,0.0234,0.08,0.0566,none_supported,none_supported,1,1
06023,0.1371,0,0.1707,0.2589,0.0882,none_supported,none_supported,1,1
06025,0.133,1,0.1707,0.2589,0.0882,none_supported,none_supported,0,0
06027,0.0385,0,0.0106,0.0721,0.0615,none_supported,none_supported,1,1
06029,0.2101,0,0.1735,0.3,0.1265,none_supported,atypical,1,0
06031,0.1312,0,0.1707,0.2589,0.0882,none_supported,none_supported,1,1
06033,0.1031,0,0.0743,0.2195,0.1452,none_supported,none_supported,1,1
06035,0.0503,0,0.0106,0.0721,0.0615,none_supported,none_supported,1,1
06037,0.6652,1,0.3333,1.0,0.6667,enacted_supported,atypical,1,0
06039,0.1282,0,0.1667,0.2589,0.0923,none_supported,none_supported,1,1
06041,0.256,0,0.1735,0.4,0.2265,none_supported,atypical,1,0
06043,0.0517,0,0.0106,0.0721,0.0615,none_supported,none_supported,1,1
06045,0.1188,0,0.1304,0.2273,0.0968,none_supported,none_supported,1,1
06047,0.1804,0,0.1714,0.2698,0.0984,none_supported,none_supported,1,1
06049,0.0276,0,0.0,0.0333,0.0333,none_supported,none_supported,1,1
06051,0.0503,0,0.0227,0.0744,0.0517,none_supported,none_supported,1,1
06053,0.2127,0,0.1735,0.3,0.1265,none_supported,atypical,1,0
06055,0.1892,0,0.1714,0.2787,0.1073,none_supported,atypical,1,0
06057,0.1366,0,0.1707,0.2589,0.0882,none_supported,none_supported,1,1
06059,0.4828,0,0.2647,0.6,0.3353,indeterminate,atypical,1,0
06061,0.2106,0,0.1735,0.3,0.1265,none_supported,atypical,1,0
06063,0.0518,0,0.0234,0.0744,0.051,none_supported,none_supported,1,1
06065,0.3553,1,0.2623,0.5652,0.3029,none_supported,atypical,0,0
06067,0.4612,0,0.2647,0.5652,0.3005,none_supported,atypical,1,0
06069,0.1075,0,0.0743,0.2195,0.1452,none_supported,none_supported,1,1
06071,0.2999,0,0.25,0.5294,0.2794,none_supported,atypical,1,0
06073,0.4903,0,0.2647,0.6,0.3353,indeterminate,atypical,1,0
06075,0.5271,0,0.325,0.75,0.425,enacted_supported,atypical,0,0
06077,0.2787,0,0.2,0.4118,0.2118,none_supported,atypical,1,0
06079,0.1976,0,0.1714,0.2787,0.1073,none_supported,atypical,1,0
06081,0.3366,0,0.25,0.5294,0.2794,none_supported,atypical,1,0
06083,0.2309,0,0.1735,0.3,0.1265,none_supported,atypical,1,0
06085,0.6258,0,0.3333,0.8,0.4667,enacted_supported,atypical,0,0
06087,0.2396,0,0.1735,0.3333,0.1599,none_supported,atypical,1,0
06089,0.1197,0,0.1304,0.25,0.1196,none_supported,none_supported,1,1
06091,0.022,0,0.0,0.0222,0.0222,none_supported,none_supported,1,1
06093,0.0671,0,0.0234,0.0854,0.062,none_supported,none_supported,1,1
06095,0.2727,0,0.2,0.4375,0.2375,none_supported,atypical,1,0
06097,0.2765,0,0.2,0.4,0.2,none_supported,atypical,1,0
06099,0.2503,0,0.1735,0.3333,0.1599,none_supported,atypical,1,0
06101,0.1159,0,0.1304,0.2195,0.0891,none_supported,none_supported,1,1
06103,0.0761,0,0.0465,0.1212,0.0747,none_supported,none_supported,1,1
06105,0.0453,0,0.0106,0.0721,0.0615,none_supported,none_supported,1,1
06107,0.1855,0,0.1714,0.2787,0.1073,none_supported,atypical,1,0
06109,0.078,0,0.0743,0.125,0.0507,none_supported,none_supported,1,1
06111,0.2771,0,0.25,0.5,0.25,none_supported,atypical,1,0
06113,0.1839,0,0.1735,0.2787,0.1052,none_supported,atypical,1,0
06115,0.1095,0,0.0889,0.2195,0.1306,none_supported,none_supported,1,1
08001,0.2721,0,0.2,0.4,0.2,none_supported,atypical,1,0
08003,0.0589,0,0.0234,0.0761,0.0527,none_supported,none_supported,1,1
08005,0.3994,0,0.2623,0.5652,0.3029,none_supported,atypical,1,0
08007,0.0489,0,0.0106,0.0721,0.0615,none_supported,none_supported,1,1
08009,0.0182,0,0.0,0.0187,0.0187,none_supported,none_supported,1,1
08011,0.0255,0,0.0,0.0312,0.0312,none_supported,none_supported,1,1
08013,0.2449,1,0.2,0.4,0.2,none_supported,atypical,0,0
08014,0.2192,0,0.1735,0.2787,0.1052,none_supported,atypical,1,0
08015,0.062,0,0.0234,0.0984,0.075,none_supported,none_supported,1,1
08017,0.0137,0,0.0,0.0187,0.0187,none_supported,none_supported,1,1
08019,0.055,0,0.0234,0.0761,0.0527,none_supported,none_supported,1,1
08021,0.0373,0,0.0,0.0426,0.0426,none_supported,none_supported,1,1
08023,0.0304,0,0.0,0.0326,0.0326,none_supported,none_supported,1,1
08025,0.0281,0,0.0,0.033,0.033,none_supported,none_supported,1,1
08027,0.0286,0,0.0,0.0326,0.0326,none_supported,none_supported,1,1
08029,0.0638,0,0.0234,0.08,0.0566,none_supported,none_supported,1,1
08031,0.448,1,0.2647,0.5652,0.3005,none_supported,atypical,0,0
08033,0.0179,0,0.0,0.0187,0.0187,none_supported,none_supported,1,1
08035,0.2655,0,0.1735,0.3,0.1265,none_supported,atypical,1,0
08037,0.1013,0,0.0743,0.2195,0.1452,none_supported,none_supported,1,1
08039,0.0525,0,0.0106,0.0721,0.0615,none_supported,none_supported,1,1
08041,0.3128,0,0.25,0.5294,0.2794,none_supported,atypical,1,0
08043,0.0752,0,0.0465,0.1176,0.0711,none_supported,none_supported,1,1
08045,0.0872,0,0.0743,0.15,0.0757,none_supported,none_supported,1,1
08047,0.0463,0,0.0106,0.0721,0.0615,none_supported,none_supported,1,1
08049,0.0526,0,0.0234,0.0744,0.051,none_supported,none_supported,1,1
08051,0.058,0,0.0234,0.0761,0.0527,none_supported,none_supported,1,1
08053,0.0145,0,0.0,0.0187,0.0187,none_supported,none_supported,1,1
08055,0.0345,0,0.0,0.0426,0.0426,none_supported,none_supported,1,1
08057,0.0116,0,0.0,0.0187,0.0187,none_supported,none_supported,1,1
08059,0.2793,0,0.2222,0.4375,0.2153,none_supported,atypical,1,0
08061,0.0116,0,0.0,0.0187,0.0187,none_supported,none_supported,1,1
08063,0.0243,0,0.0,0.0294,0.0294,none_supported,none_supported,1,1
08065,0.0479,0,0.0106,0.0721,0.0615,none_supported,none_supported,1,1
08067,0.0971,0,0.0743,0.2195,0.1452,none_supported,none_supported,1,1
08069,0.2081,1,0.1735,0.2903,0.1169,none_supported,atypical,0,0
08071,0.0402,0,0.0106,0.0718,0.0611,none_supported,none_supported,1,1
08073,0.0204,0,0.0,0.0241,0.0241,none_supported,none_supported,1,1
08075,0.0431,1,0.0106,0.0721,0.0615,none_supported,none_supported,0,0
08077,0.1245,0,0.1304,0.2222,0.0918,none_supported,none_supported,1,1
08079,0.0148,0,0.0,0.0187,0.0187,none_supported,none_supported,1,1
08081,0.0295,0,0.0,0.039,0.039,none_supported,none_supported,1,1
08083,0.0585,0,0.0234,0.0778,0.0544,none_supported,none_supported,1,1
08085,0.0675,0,0.0234,0.0897,0.0664,none_supported,none_supported,1,1
08087,0.0562,0,0.0234,0.0782,0.0548,none_supported,none_supported,1,1
08089,0.0493,0,0.0234,0.0744,0.051,none_supported,none_supported,1,1
08091,0.0412,0,0.0,0.0571,0.0571,none_supported,none_supported,1,1
08093,0.0511,0,0.0106,0.0721,0.0615,none_supported,none_supported,1,1
08095,0.0265,0,0.0,0.0263,0.0263,none_supported,none_supported,1,1
08097,0.0721,0,0.0234,0.1139,0.0905,none_supported,none_supported,1,1
08099,0.0386,0,0.0,0.0526,0.0526,none_supported,none_supported,1,1
08101,0.1366,0,0.1707,0.2589,0.0882,none_supported,none_supported,1,1
08103,0.0244,0,0.0,0.026,0.026,none_supported,none_supported,1,1
08105,0.0435,0,0.0106,0.0721,0.0615,none_supported,none_supported,1,1
08107,0.0629,0,0.0234,0.1,0.0766,none_supported,none_supported,1,1
08109,0.0325,0,0.0,0.039,0.039,none_supported,none_supported,1,1
08111,0.0184,0,0.0,0.0187,0.0187,none_supported,none_supported,1,1
08113,0.0517,0,0.0227,0.0761,0.0534,none_supported,none_supported,1,1
08115,0.019,0,0.0,0.0187,0.0187,none_supported,none_supported,1,1
08117,0.0919,0,0.0743,0.1591,0.0848,none_supported,none_supported,1,1
08119,0.0617,1,0.0234,0.08,0.0566,none_supported,none_supported,0,0
08121,0.0224,0,0.0,0.0204,0.0204,none_supported,none_supported,1,1
08123,0.1627,1,0.1714,0.2589,0.0875,none_supported,none_supported,0,0
08125,0.027,0,0.0,0.039,0.039,none_supported,none_supported,1,1
09110,0.3535,0,0.2623,0.5294,0.2671,none_supported,atypical,1,0
09120,0.2918,0,0.25,0.4375,0.1875,none_supported,atypical,1,0
09130,0.1907,0,0.1714,0.2787,0.1073,none_supported,atypical,1,0
09140,0.2411,0,0.1735,0.3,0.1265,none_supported,atypical,1,0
09150,0.1239,0,0.1667,0.2589,0.0923,none_supported,none_supported,1,1
09160,0.1339,0,0.1707,0.2589,0.0882,none_supported,none_supported,1,1
09170,0.3237,0,0.25,0.5294,0.2794,none_supported,atypical,1,0
09180,0.2186,0,0.1735,0.3,0.1265,none_supported,atypical,1,0
09190,0.3231,0,0.2623,0.5294,0.2671,none_supported,atypical,1,0
10001,0.1768,0,0.1714,0.2589,0.0875,none_supported,none_supported,1,1
10003,0.8725,1,0.6,1.0,0.4,enacted_supported,enacted_supported,1,1
10005,0.1758,0,0.1714,0.2589,0.0875,none_supported,none_supported,1,1
11001,0.4982,0,0.2647,0.6667,0.402,none_supported,atypical,1,0
12001,0.2397,0,0.1735,0.3,0.1265,none_supported,atypical,1,0
12003,0.0549,0,0.0106,0.0748,0.0641,none_supported,none_supported,1,1
12005,0.1424,0,0.1707,0.2589,0.0882,none_supported,none_supported,1,1
12007,0.0645,0,0.0234,0.0833,0.0599,none_supported,none_supported,1,1
12009,0.2326,0,0.1735,0.3,0.1265,none_supported,atypical,1,0
12011,0.4796,0,0.2623,0.5652,0.3029,none_supported,atypical,1,0
12013,0.0391,0,0.0106,0.0714,0.0608,none_supported,none_supported,1,1
12015,0.1521,0,0.1707,0.2589,0.0882,none_supported,none_supported,1,1
12017,0.1301,1,0.1707,0.2589,0.0882,none_supported,none_supported,0,0
12019,0.1607,1,0.1714,0.2589,0.0875,none_supported,none_supported,0,0
12021,0.1833,0,0.1714,0.2589,0.0875,none_supported,none_supported,1,1
12023,0.0889,0,0.0743,0.1765,0.1022,none_supported,none_supported,1,1
12027,0.0729,0,0.0465,0.0875,0.041,none_supported,none_supported,1,1
12029,0.0435,0,0.0106,0.0721,0.0615,none_supported,none_supported,1,1
12031,0.3456,0,0.2623,0.5294,0.2671,none_supported,atypical,1,0
12033,0.2,0,0.1735,0.2812,0.1078,none_supported,atypical,1,0
12035,0.1378,0,0.1707,0.2589,0.0882,none_supported,none_supported,1,1
12037,0.0463,0,0.0106,0.0721,0.0615,none_supported,none_supported,1,1
12039,0.1095,0,0.0743,0.2195,0.1452,none_supported,none_supported,1,1
12041,0.0497,0,0.0106,0.0721,0.0615,none_supported,none_supported,1,1
12043,0.0419,0,0.0106,0.0679,0.0572,none_supported,none_supported,1,1
12045,0.0436,0,0.0106,0.0721,0.0615,none_supported,none_supported,1,1
12047,0.0476,0,0.0106,0.0721,0.0615,none_supported,none_supported,1,1
12049,0.0572,0,0.0234,0.0769,0.0535,none_supported,none_supported,1,1
12051,0.0683,0,0.0465,0.0968,0.0503,none_supported,none_supported,1,1
12053,0.1554,0,0.1714,0.2589,0.0875,none_supported,none_supported,1,1
12055,0.106,0,0.0889,0.2143,0.1254,none_supported,none_supported,1,1
12057,0.4314,0,0.2623,0.5652,0.3029,none_supported,atypical,1,0
12059,0.0505,0,0.0106,0.0721,0.0615,none_supported,none_supported,1,1
12061,0.1513,0,0.1707,0.2589,0.0882,none_supported,none_supported,1,1
12063,0.0777,0,0.0465,0.1212,0.0747,none_supported,none_supported,1,1
12065,0.0506,0,0.0234,0.0744,0.051,none_supported,none_supported,1,1
12067,0.0326,0,0.0,0.039,0.039,none_supported,none_supported,1,1
12069,0.1964,0,0.1735,0.2903,0.1169,none_supported,atypical,1,0
12071,0.2655,0,0.1735,0.4,0.2265,none_supported,atypical,1,0
12073,0.2174,0,0.1735,0.3,0.1265,none_supported,atypical,1,0
12075,0.0736,0,0.0465,0.0875,0.041,none_supported,none_supported,1,1
12077,0.0309,0,0.0,0.039,0.039,none_supported,none_supported,1,1
12079,0.0543,0,0.0234,0.0744,0.051,none_supported,none_supported,1,1
12081,0.2107,0,0.1735,0.3,0.1265,none_supported,atypical,1,0
12083,0.1946,0,0.1714,0.2698,0.0984,none_supported,atypical,1,0
12085,0.1496,0,0.1707,0.2589,0.0882,none_supported,none_supported,1,1
12086,0.4569,0,0.2623,0.5652,0.3029,none_supported,atypical,1,0
12087,0.1073,0,0.0743,0.2195,0.1452,none_supported,none_supported,1,1
12089,0.1103,1,0.0743,0.1875,0.1132,none_supported,none_supported,0,0
12091,0.1514,0,0.1707,0.2589,0.0882,none_supported,none_supported,1,1
12093,0.0702,0,0.0465,0.0833,0.0368,none_supported,none_supported,1,1
12095,0.3912,0,0.2623,0.5652,0.3029,none_supported,atypical,1,0
12097,0.2093,1,0.1735,0.3,0.1265,none_supported,atypical,0,0
12099,0.3323,0,0.25,0.5294,0.2794,none_supported,atypical,1,0
12101,0.2489,0,0.1735,0.3,0.1265,none_supported,atypical,1,0
12103,0.3238,0,0.25,0.5294,0.2794,none_supported,atypical,1,0
12105,0.2863,0,0.1735,0.3415,0.168,none_supported,atypical,1,0
12107,0.0952,0,0.0743,0.1765,0.1022,none_supported,none_supported,1,1
12109,0.1834,0,0.1714,0.2589,0.0875,none_supported,atypical,1,0
12111,0.2108,0,0.1735,0.3,0.1265,none_supported,atypical,1,0
12113,0.1401,0,0.1707,0.2589,0.0882,none_supported,none_supported,1,1
12115,0.24,0,0.1735,0.3,0.1265,none_supported,atypical,1,0
12117,0.2556,0,0.2,0.4,0.2,none_supported,atypical,1,0
12119,0.1334,0,0.1707,0.2589,0.0882,none_supported,none_supported,1,1
12121,0.0739,0,0.0465,0.0952,0.0487,none_supported,none_supported,1,1
12123,0.0483,0,0.0106,0.0721,0.0615,none_supported,none_supported,1,1
12125,0.0508,0,0.0106,0.0721,0.0615,none_supported,none_supported,1,1
12127,0.2396,0,0.1735,0.3,0.1265,none_supported,atypical,1,0
12129,0.0723,0,0.0465,0.0854,0.0389,none_supported,none_supported,1,1
12131,0.0857,0,0.0743,0.1765,0.1022,none_supported,none_supported,1,1
12133,0.0566,0,0.0106,0.0738,0.0631,none_supported,none_supported,1,1
13001,0.0495,0,0.0106,0.0721,0.0615,none_supported,none_supported,1,1
13003,0.0387,0,0.0,0.0526,0.0526,none_supported,none_supported,1,1
13005,0.0402,0,0.0082,0.0625,0.0543,none_supported,none_supported,1,1
13007,0.0268,0,0.0,0.0294,0.0294,none_supported,none_supported,1,1
13009,0.101,0,0.0743,0.2,0.1257,none_supported,none_supported,1,1
13011,0.0541,0,0.0106,0.0721,0.0615,none_supported,none_supported,1,1
13013,0.1225,0,0.1304,0.2589,0.1285,none_supported,none_supported,1,1
13015,0.1211,0,0.1304,0.2589,0.1285,none_supported,none_supported,1,1
13017,0.0616,0,0.0234,0.0787,0.0553,none_supported,none_supported,1,1
13019,0.0439,0,0.0106,0.0721,0.0615,none_supported,none_supported,1,1
13021,0.1866,0,0.1735,0.2787,0.1052,none_supported,atypical,1,0
13023,0.0436,0,0.0106,0.0721,0.0615,none_supported,none_supported,1,1
13025,0.0502,0,0.0106,0.0721,0.0615,none_supported,none_supported,1,1
13027,0.0519,1,0.0234,0.0744,0.051,none_supported,none_supported,0,0
13029,0.0869,0,0.0743,0.1429,0.0686,none_supported,none_supported,1,1
13031,0.106,1,0.0743,0.2195,0.1452,none_supported,none_supported,0,0
13033,0.0669,0,0.0234,0.0897,0.0664,none_supported,none_supported,1,1
13035,0.0729,0,0.0465,0.1176,0.0711,none_supported,none_supported,1,1
13037,0.0437,0,0.0106,0.0718,0.0611,none_supported,none_supported,1,1
13039,0.0886,1,0.0743,0.1765,0.1022,none_supported,none_supported,0,0
13043,0.0457,0,0.0106,0.0721,0.0615,none_supported,none_supported,1,1
13045,0.1249,0,0.1667,0.2589,0.0923,none_supported,none_supported,1,1
13047,0.1115,0,0.0743,0.1875,0.1132,none_supported,none_supported,1,1
13049,0.0382,0,0.0106,0.0688,0.0582,none_supported,none_supported,1,1
13051,0.2461,0,0.1735,0.3,0.1265,none_supported,atypical,1,0
13053,0.0481,0,0.0106,0.0721,0.0615,none_supported,none_supported,1,1
13055,0.0597,0,0.0234,0.08,0.0566,none_supported,none_supported,1,1
13057,0.185,1,0.1714,0.2589,0.0875,none_supported,atypical,0,0
13059,0.1974,1,0.1735,0.2787,0.1052,none_supported,atypical,0,0
13061,0.0338,0,0.0,0.039,0.039,none_supported,none_supported,1,1
13063,0.3159,1,0.25,0.5294,0.2794,none_supported,atypical,0,0
13065,0.0316,0,0.0,0.039,0.039,none_supported,none_supported,1,1
13067,0.3731,1,0.2623,0.5652,0.3029,none_supported,atypical,0,0
13069,0.078,0,0.0741,0.1212,0.0471,none_supported,none_supported,1,1
13071,0.0774,0,0.0741,0.125,0.0509,none_supported,none_supported,1,1
13073,0.1567,0,0.1714,0.2589,0.0875,none_supported,none_supported,1,1
13075,0.058,0,0.0234,0.0744,0.051,none_supported,none_supported,1,1
13077,0.3957,1,0.2623,0.5652,0.3029,none_supported,atypical,0,0
13079,0.0462,1,0.0106,0.0721,0.0615,none_supported,none_supported,0,0
13081,0.0692,0,0.0234,0.0833,0.0599,none_supported,none_supported,1,1
13083,0.0517,0,0.0106,0.0721,0.0615,none_supported,none_supported,1,1
13085,0.0693,0,0.0465,0.0833,0.0368,none_supported,none_supported,1,1
13087,0.0693,1,0.0234,0.1139,0.0905,none_supported,none_supported,0,0
13089,0.376,1,0.2623,0.5652,0.3029,none_supported,atypical,0,0
13091,0.0515,0,0.0106,0.0744,0.0637,none_supported,none_supported,1,1
13093,0.0515,0,0.0234,0.0744,0.051,none_supported,none_supported,1,1
13095,0.1531,1,0.1714,0.2589,0.0875,none_supported,none_supported,0,0
13097,0.2639,1,0.1735,0.3333,0.1599,none_supported,atypical,0,0
13099,0.0503,1,0.0106,0.0721,0.0615,none_supported,none_supported,0,0
13101,0.0208,0,0.0,0.0242,0.0242,none_supported,none_supported,1,1
13103,0.0985,0,0.0743,0.1765,0.1022,none_supported,none_supported,1,1
13105,0.055,0,0.0234,0.0761,0.0527,none_supported,none_supported,1,1
13107,0.0554,0,0.0234,0.0744,0.051,none_supported,none_supported,1,1
13109,0.0493,0,0.0106,0.0721,0.0615,none_supported,none_supported,1,1
13111,0.059,0,0.0234,0.08,0.0566,none_supported,none_supported,1,1
13113,0.19,1,0.1714,0.2787,0.1073,none_supported,atypical,0,0
13115,0.1131,1,0.1304,0.2195,0.0891,none_supported,none_supported,0,0
13117,0.212,1,0.1735,0.3,0.1265,none_supported,atypical,0,0
13119,0.059,0,0.0234,0.0787,0.0553,none_supported,none_supported,1,1
13121,0.5001,1,0.325,0.6,0.275,enacted_supported,atypical,1,0
13123,0.0653,1,0.0234,0.0833,0.0599,none_supported,none_supported,0,0
13125,0.0216,0,0.0,0.0244,0.0244,none_supported,none_supported,1,1
13127,0.1186,1,0.1304,0.2195,0.0891,none_supported,none_supported,0,0
13129,0.0863,1,0.0743,0.1765,0.1022,none_supported,none_supported,0,0
13131,0.0684,0,0.0234,0.0833,0.0599,none_supported,none_supported,1,1
13133,0.0592,0,0.0234,0.08,0.0566,none_supported,none_supported,1,1
13135,0.4434,0,0.2623,0.5652,0.3029,none_supported,atypical,1,0
13137,0.08,0,0.0743,0.125,0.0507,none_supported,none_supported,1,1
13139,0.1587,1,0.1714,0.2589,0.0875,none_supported,none_supported,0,0
13141,0.0577,0,0.0234,0.0761,0.0527,none_supported,none_supported,1,1
13143,0.0678,0,0.0234,0.08,0.0566,none_supported,none_supported,1,1
13145,0.0709,0,0.0465,0.1176,0.0711,none_supported,none_supported,1,1
13147,0.0695,0,0.0234,0.0833,0.0599,none_supported,none_supported,1,1
13149,0.0424,0,0.0082,0.0704,0.0622,none_supported,none_supported,1,1
13151,0.2267,1,0.1735,0.3,0.1265,none_supported,atypical,0,0
13153,0.1644,0,0.1714,0.2589,0.0875,none_supported,none_supported,1,1
13155,0.041,0,0.0,0.0571,0.0571,none_supported,none_supported,1,1
13157,0.1086,0,0.0743,0.1765,0.1022,none_supported,none_supported,1,1
13159,0.0492,0,0.0106,0.0721,0.0615,none_supported,none_supported,1,1
13161,0.0485,0,0.0106,0.0721,0.0615,none_supported,none_supported,1,1
13163,0.0595,0,0.0234,0.0761,0.0527,none_supported,none_supported,1,1
13165,0.0442,0,0.0106,0.0721,0.0615,none_supported,none_supported,1,1
13167,0.038,0,0.0106,0.0694,0.0588,none_supported,none_supported,1,1
13169,0.0705,1,0.0234,0.0854,0.062,none_supported,none_supported,0,0
13171,0.0629,1,0.0234,0.08,0.0566,none_supported,none_supported,0,0
13173,0.046,0,0.0106,0.0721,0.0615,none_supported,none_supported,1,1
13175,0.0817,0,0.0743,0.125,0.0507,none_supported,none_supported,1,1
13177,0.0717,0,0.0465,0.1212,0.0747,none_supported,none_supported,1,1
13179,0.1245,0,0.1304,0.2273,0.0968,none_supported,none_supported,1,1
13181,0.0399,0,0.0,0.0571,0.0571,none_supported,none_supported,1,1
13183,0.059,0,0.0234,0.0761,0.0527,none_supported,none_supported,1,1
13185,0.1395,1,0.1707,0.2589,0.0882,none_supported,none_supported,0,0
13187,0.0705,0,0.0465,0.1139,0.0674,none_supported,none_supported,1,1
13189,0.0684,0,0.0234,0.087,0.0636,none_supported,none_supported,1,1
13191,0.0468,0,0.0106,0.0721,0.0615,none_supported,none_supported,1,1
13193,0.0595,0,0.0234,0.0761,0.0527,none_supported,none_supported,1,1
13195,0.0709,0,0.0465,0.1053,0.0588,none_supported,none_supported,1,1
13197,0.0396,0,0.0,0.0571,0.0571,none_supported,none_supported,1,1
13199,0.0612,0,0.0234,0.08,0.0566,none_supported,none_supported,1,1
13201,0.0354,0,0.0,0.039,0.039,none_supported,none_supported,1,1
13205,0.0667,0,0.0234,0.0833,0.0599,none_supported,none_supported,1,1
13207,0.068,1,0.0234,0.0833,0.0599,none_supported,none_supported,0,0
13209,0.0411,0,0.0,0.0571,0.0571,none_supported,none_supported,1,1
13211,0.057,0,0.0234,0.0782,0.0548,none_supported,none_supported,1,1
13213,0.0692,0,0.0465,0.1139,0.0674,none_supported,none_supported,1,1
13215,0.2503,0,0.1735,0.3333,0.1599,none_supported,atypical,1,0
13217,0.2125,1,0.1735,0.2787,0.1052,none_supported,atypical,0,0
13219,0.0946,0,0.0743,0.1765,0.1022,none_supported,none_supported,1,1
13221,0.0525,0,0.0106,0.0721,0.0615,none_supported,none_supported,1,1
13223,0.1605,0,0.1714,0.2589,0.0875,none_supported,none_supported,1,1
13225,0.0914,0,0.0743,0.1525,0.0783,none_supported,none_supported,1,1
13227,0.0745,0,0.0465,0.1139,0.0674,none_supported,none_supported,1,1
13229,0.0536,0,0.0106,0.0721,0.0615,none_supported,none_supported,1,1
13231,0.0554,1,0.0106,0.0721,0.0615,none_supported,none_supported,0,0
13233,0.0745,1,0.0743,0.125,0.0507,none_supported,none_supported,0,0
13235,0.0452,0,0.0106,0.0721,0.0615,none_supported,none_supported,1,1
13237,0.0599,0,0.0234,0.08,0.0566,none_supported,none_supported,1,1
13239,0.0251,0,0.0,0.0274,0.0274,none_supported,none_supported,1,1
13241,0.0504,0,0.0106,0.0721,0.0615,none_supported,none_supported,1,1
13243,0.0439,0,0.0106,0.0708,0.0601,none_supported,none_supported,1,1
13245,0.2199,1,0.1735,0.3,0.1265,none_supported,atypical,0,0
13247,0.1819,1,0.1735,0.2787,0.1052,none_supported,atypical,0,0
13249,0.0314,0,0.0,0.0341,0.0341,none_supported,none_supported,1,1
13251,0.0502,0,0.0106,0.0721,0.0615,none_supported,none_supported,1,1
13253,0.044,0,0.0106,0.0721,0.0615,none_supported,none_supported,1,1
13255,0.1208,1,0.1304,0.2589,0.1285,none_supported,none_supported,0,0
13257,0.0654,0,0.0465,0.0833,0.0368,none_supported,none_supported,1,1
13259,0.038,0,0.0,0.0571,0.0571,none_supported,none_supported,1,1
13261,0.0826,0,0.0465,0.125,0.0785,none_supported,none_supported,1,1
13263,0.043,0,0.0,0.0694,0.0694,none_supported,none_supported,1,1
13265,0.0269,0,0.0,0.0294,0.0294,none_supported,none_supported,1,1
13267,0.063,0,0.0234,0.0795,0.0562,none_supported,none_supported,1,1
13269,0.037,0,0.0,0.0571,0.0571,none_supported,none_supported,1,1
13271,0.0428,0,0.0106,0.0721,0.0615,none_supported,none_supported,1,1
13273,0.0491,0,0.0234,0.0744,0.051,none_supported,none_supported,1,1
13275,0.0874,1,0.0743,0.1429,0.0686,none_supported,none_supported,0,0
13277,0.0857,0,0.0743,0.1667,0.0924,none_supported,none_supported,1,1
13279,0.0644,0,0.0234,0.0833,0.0599,none_supported,none_supported,1,1
13281,0.0466,0,0.0106,0.0721,0.0615,none_supported,none_supported,1,1
13283,0.0378,0,0.0,0.05,0.05,none_supported,none_supported,1,1
13285,0.1069,1,0.0743,0.2195,0.1452,none_supported,none_supported,0,0
13287,0.0454,0,0.0106,0.0721,0.0615,none_supported,none_supported,1,1
13289,0.0444,0,0.0106,0.0721,0.0615,none_supported,none_supported,1,1
13291,0.058,0,0.0234,0.08,0.0566,none_supported,none_supported,1,1
13293,0.0713,0,0.0465,0.1111,0.0646,none_supported,none_supported,1,1
13295,0.0931,1,0.0743,0.1765,0.1022,none_supported,none_supported,0,0
13297,0.1189,1,0.1304,0.2589,0.1285,none_supported,none_supported,0,0
13299,0.0693,0,0.0234,0.0833,0.0599,none_supported,none_supported,1,1
13301,0.04,0,0.0,0.0571,0.0571,none_supported,none_supported,1,1
13303,0.0654,0,0.0234,0.0833,0.0599,none_supported,none_supported,1,1
13305,0.0653,0,0.0234,0.08,0.0566,none_supported,none_supported,1,1
13307,0.0255,0,0.0,0.0282,0.0282,none_supported,none_supported,1,1
13309,0.0394,0,0.0,0.0526,0.0526,none_supported,none_supported,1,1
13311,0.0591,0,0.0234,0.0833,0.0599,none_supported,none_supported,1,1
13313,0.128,0,0.1304,0.2589,0.1285,none_supported,none_supported,1,1
13315,0.0387,0,0.0,0.0571,0.0571,none_supported,none_supported,1,1
13317,0.0439,0,0.0106,0.0721,0.0615,none_supported,none_supported,1,1
13319,0.0459,0,0.0106,0.0721,0.0615,none_supported,none_supported,1,1
13321,0.0556,0,0.0106,0.0738,0.0631,none_supported,none_supported,1,1
15001,0.1559,0,0.1714,0.2589,0.0875,none_supported,none_supported,1,1
15003,0.3366,0,0.25,0.5294,0.2794,none_supported,atypical,1,0
15005,0.0057,0,0.0,0.0183,0.0183,none_supported,none_supported,1,1
15007,0.1263,0,0.1569,0.2273,0.0704,none_supported,none_supported,1,1
15009,0.1633,0,0.1714,0.2698,0.0984,none_supported,none_supported,1,1
16001,0.2735,1,0.2,0.4,0.2,none_supported,atypical,0,0
16003,0.0242,0,0.0,0.0253,0.0253,none_supported,none_supported,1,1
16005,0.1065,0,0.0743,0.2195,0.1452,none_supported,none_supported,1,1
16007,0.031,0,0.0,0.0366,0.0366,none_supported,none_supported,1,1
16009,0.0338,0,0.0,0.0455,0.0455,none_supported,none_supported,1,1
16011,0.0695,0,0.0234,0.0809,0.0575,none_supported,none_supported,1,1
16013,0.0709,0,0.0234,0.1,0.0766,none_supported,none_supported,1,1
16015,0.0294,0,0.0,0.0357,0.0357,none_supported,none_supported,1,1
16017,0.0712,0,0.0465,0.0971,0.0506,none_supported,none_supported,1,1
16019,0.1073,0,0.0889,0.2,0.1111,none_supported,none_supported,1,1
16021,0.035,0,0.0,0.0526,0.0526,none_supported,none_supported,1,1
16023,0.0148,0,0.0,0.0187,0.0187,none_supported,none_supported,1,1
16025,0.0138,0,0.0,0.0187,0.0187,none_supported,none_supported,1,1
16027,0.1618,0,0.1714,0.2589,0.0875,none_supported,none_supported,1,1
16029,0.026,0,0.0,0.0294,0.0294,none_supported,none_supported,1,1
16031,0.0421,0,0.0106,0.0721,0.0615,none_supported,none_supported,1,1
16033,0.009,0,0.0,0.0185,0.0185,none_supported,none_supported,1,1
16035,0.0268,0,0.0,0.0333,0.0333,none_supported,none_supported,1,1
16037,0.0166,0,0.0,0.0196,0.0196,none_supported,none_supported,1,1
16039,0.0488,0,0.0106,0.0721,0.0615,none_supported,none_supported,1,1
16041,0.0431,0,0.0082,0.0682,0.06,none_supported,none_supported,1,1
16043,0.0358,0,0.0,0.05,0.05,none_supported,none_supported,1,1
16045,0.0481,0,0.0106,0.0721,0.0615,none_supported,none_supported,1,1
16047,0.0472,0,0.0106,0.0721,0.0615,none_supported,none_supported,1,1
16049,0.0296,0,0.0,0.039,0.039,none_supported,none_supported,1,1
16051,0.0571,0,0.0106,0.0726,0.0619,none_supported,none_supported,1,1
16053,0.0609,0,0.0234,0.0773,0.054,none_supported,none_supported,1,1
16055,0.1246,1,0.1667,0.2589,0.0923,none_supported,none_supported,0,0
16057,0.0825,0,0.0743,0.125,0.0507,none_supported,none_supported,1,1
16059,0.0238,0,0.0,0.0297,0.0297,none_supported,none_supported,1,1
16061,0.0209,0,0.0,0.0244,0.0244,none_supported,none_supported,1,1
16063,0.0265,0,0.0,0.0294,0.0294,none_supported,none_supported,1,1
16065,0.0893,0,0.0743,0.1765,0.1022,none_supported,none_supported,1,1
16067,0.0505,0,0.0106,0.0721,0.0615,none_supported,none_supported,1,1
16069,0.0739,0,0.0465,0.1212,0.0747,none_supported,none_supported,1,1
16071,0.0231,0,0.0,0.024,0.024,none_supported,none_supported,1,1
16073,0.0286,0,0.0,0.0326,0.0326,none_supported,none_supported,1,1
16075,0.0609,0,0.0234,0.08,0.0566,none_supported,none_supported,1,1
16077,0.0342,0,0.0,0.039,0.039,none_supported,none_supported,1,1
16079,0.0386,0,0.0,0.0526,0.0526,none_supported,none_supported,1,1
16081,0.0525,0,0.0234,0.0761,0.0527,none_supported,none_supported,1,1
16083,0.0909,0,0.0743,0.1765,0.1022,none_supported,none_supported,1,1
16085,0.0396,0,0.0,0.0571,0.0571,none_supported,none_supported,1,1
16087,0.035,0,0.0,0.0426,0.0426,none_supported,none_supported,1,1
17001,0.0854,0,0.0743,0.1765,0.1022,none_supported,none_supported,1,1
17003,0.0327,0,0.0,0.0465,0.0465,none_supported,none_supported,1,1
17005,0.055,0,0.0106,0.0721,0.0615,none_supported,none_supported,1,1
17007,0.1057,0,0.0743,0.2169,0.1426,none_supported,none_supported,1,1
17009,0.0287,0,0.0,0.039,0.039,none_supported,none_supported,1,1
17011,0.0705,0,0.0234,0.1125,0.0891,none_supported,none_supported,1,1
17013,0.0284,0,0.0,0.0323,0.0323,none_supported,none_supported,1,1
17015,0.057,0,0.0234,0.0744,0.051,none_supported,none_supported,1,1
17017,0.0476,0,0.0106,0.0721,0.0615,none_supported,none_supported,1,1
17019,0.2061,1,0.1735,0.2812,0.1078,none_supported,atypical,0,0
17021,0.0644,0,0.0234,0.0833,0.0599,none_supported,none_supported,1,1
17023,0.0455,0,0.0106,0.0721,0.0615,none_supported,none_supported,1,1
17025,0.0394,0,0.0106,0.0721,0.0615,none_supported,none_supported,1,1
17027,0.0699,0,0.0465,0.1139,0.0674,none_supported,none_supported,1,1
17029,0.0872,0,0.0743,0.1429,0.0686,none_supported,none_supported,1,1
17031,0.6569,0,0.3333,1.0,0.6667,enacted_supported,atypical,0,0
17033,0.0556,0,0.0106,0.0721,0.0615,none_supported,none_supported,1,1
17035,0.0382,0,0.0082,0.0571,0.0489,none_supported,none_supported,1,1
17037,0.1735,0,0.1714,0.2787,0.1073,none_supported,none_supported,1,1
17039,0.0519,0,0.0106,0.0721,0.0615,none_supported,none_supported,1,1
17041,0.0564,0,0.0234,0.0744,0.051,none_supported,none_supported,1,1
17043,0.4716,0,0.2647,0.5652,0.3005,none_supported,atypical,1,0
17045,0.0491,0,0.0106,0.0721,0.0615,none_supported,none_supported,1,1
17047,0.031,0,0.0,0.039,0.039,none_supported,none_supported,1,1
17049,0.0658,0,0.0234,0.0833,0.0599,none_supported,none_supported,1,1
17051,0.0512,0,0.0106,0.0721,0.0615,none_supported,none_supported,1,1
17053,0.0493,0,0.0106,0.0721,0.0615,none_supported,none_supported,1,1
17055,0.0759,0,0.0465,0.1212,0.0747,none_supported,none_supported,1,1
17057,0.0695,0,0.0234,0.1139,0.0905,none_supported,none_supported,1,1
17059,0.0258,0,0.0,0.033,0.033,none_supported,none_supported,1,1
17061,0.0381,0,0.0106,0.0698,0.0591,none_supported,none_supported,1,1
17063,0.0934,0,0.0743,0.1765,0.1022,none_supported,none_supported,1,1
17065,0.0302,0,0.0,0.0392,0.0392,none_supported,none_supported,1,1
17067,0.048,0,0.0106,0.0721,0.0615,none_supported,none_supported,1,1
17069,0.0257,0,0.0,0.0294,0.0294,none_supported,none_supported,1,1
17071,0.0343,0,0.0,0.0426,0.0426,none_supported,none_supported,1,1
17073,0.0848,0,0.0743,0.125,0.0507,none_supported,none_supported,1,1
17075,0.052,0,0.0106,0.0744,0.0637,none_supported,none_supported,1,1
17077,0.1038,0,0.0743,0.2195,0.1452,none_supported,none_supported,1,1
17079,0.0361,0,0.0,0.0465,0.0465,none_supported,none_supported,1,1
17081,0.0728,0,0.0465,0.1125,0.066,none_supported,none_supported,1,1
17083,0.0571,0,0.0234,0.0773,0.054,none_supported,none_supported,1,1
17085,0.065,0,0.0234,0.0816,0.0582,none_supported,none_supported,1,1
17087,0.0443,0,0.0106,0.0721,0.0615,none_supported,none_supported,1,1
17089,0.2616,0,0.2,0.4375,0.2375,none_supported,atypical,1,0
17091,0.1265,1,0.1667,0.2589,0.0923,none_supported,none_supported,0,0
17093,0.1623,0,0.1714,0.2589,0.0875,none_supported,none_supported,1,1
17095,0.0921,0,0.0743,0.1765,0.1022,none_supported,none_supported,1,1
17097,0.3377,0,0.2623,0.5294,0.2671,none_supported,atypical,1,0
17099,0.1168,1,0.1304,0.2195,0.0891,none_supported,none_supported,0,0
17101,0.0511,0,0.0106,0.0721,0.0615,none_supported,none_supported,1,1
17103,0.0762,0,0.0465,0.1212,0.0747,none_supported,none_supported,1,1
17105,0.0638,0,0.0234,0.08,0.0566,none_supported,none_supported,1,1
17107,0.0607,1,0.0234,0.08,0.0566,none_supported,none_supported,0,0
17109,0.0685,0,0.0234,0.1084,0.085,none_supported,none_supported,1,1
17111,0.2247,0,0.1735,0.2903,0.1169,none_supported,atypical,1,0
17113,0.1579,1,0.1714,0.2589,0.0875,none_supported,none_supported,0,0
17115,0.1254,0,0.1667,0.2589,0.0923,none_supported,none_supported,1,1
17117,0.075,0,0.0465,0.1212,0.0747,none_supported,none_supported,1,1
17119,0.2023,1,0.1735,0.2903,0.1169,none_supported,atypical,0,0
17121,0.0722,0,0.0465,0.1098,0.0632,none_supported,none_supported,1,1
17123,0.048,0,0.0106,0.0721,0.0615,none_supported,none_supported,1,1
17125,0.0468,0,0.0106,0.0721,0.0615,none_supported,none_supported,1,1
17127,0.053,0,0.0106,0.0721,0.0615,none_supported,none_supported,1,1
17129,0.0484,0,0.0106,0.0721,0.0615,none_supported,none_supported,1,1
17131,0.0529,0,0.0234,0.0744,0.051,none_supported,none_supported,1,1
17133,0.077,0,0.0741,0.125,0.0509,none_supported,none_supported,1,1
17135,0.0646,0,0.0234,0.08,0.0566,none_supported,none_supported,1,1
17137,0.0713,1,0.0465,0.1143,0.0678,none_supported,none_supported,0,0
17139,0.0528,0,0.0106,0.0721,0.0615,none_supported,none_supported,1,1
17141,0.0862,0,0.0743,0.1304,0.0561,none_supported,none_supported,1,1
17143,0.1721,0,0.1714,0.2589,0.0875,none_supported,none_supported,1,1
17145,0.0576,0,0.0234,0.0744,0.051,none_supported,none_supported,1,1
17147,0.057,0,0.0234,0.0744,0.051,none_supported,none_supported,1,1
17149,0.0432,0,0.0106,0.0721,0.0615,none_supported,none_supported,1,1
17151,0.0214,0,0.0,0.0263,0.0263,none_supported,none_supported,1,1
17153,0.0369,0,0.0,0.0417,0.0417,none_supported,none_supported,1,1
17155,0.04,0,0.0,0.0571,0.0571,none_supported,none_supported,1,1
17157,0.0653,0,0.0234,0.08,0.0566,none_supported,none_supported,1,1
17159,0.0515,0,0.0106,0.0721,0.0615,none_supported,none_supported,1,1
17161,0.1646,0,0.1714,0.2589,0.0875,none_supported,none_supported,1,1
17163,0.1952,0,0.1735,0.2787,0.1052,none_supported,atypical,1,0
17165,0.0598,0,0.0234,0.08,0.0566,none_supported,none_supported,1,1
17167,0.1635,0,0.1714,0.2589,0.0875,none_supported,none_supported,1,1
17169,0.0319,0,0.0,0.039,0.039,none_supported,none_supported,1,1
17171,0.0267,0,0.0,0.0326,0.0326,none_supported,none_supported,1,1
17173,0.0527,0,0.0106,0.0721,0.0615,none_supported,none_supported,1,1
17175,0.0296,0,0.0,0.039,0.039,none_supported,none_supported,1,1
17177,0.0886,0,0.0743,0.1463,0.0721,none_supported,none_supported,1,1
17179,0.1308,1,0.1707,0.2589,0.0882,none_supported,none_supported,0,0
17181,0.052,0,0.0106,0.0726,0.0619,none_supported,none_supported,1,1
17183,0.0965,0,0.0743,0.1765,0.1022,none_supported,none_supported,1,1
17185,0.0438,0,0.0106,0.0721,0.0615,none_supported,none_supported,1,1
17187,0.0565,0,0.0234,0.0744,0.051,none_supported,none_supported,1,1
17189,0.0465,0,0.0106,0.0721,0.0615,none_supported,none_supported,1,1
17191,0.0411,0,0.0106,0.0721,0.0615,none_supported,none_supported,1,1
17193,0.0437,0,0.0106,0.0721,0.0615,none_supported,none_supported,1,1
17195,0.0973,0,0.0743,0.1765,0.1022,none_supported,none_supported,1,1
17197,0.2681,1,0.2222,0.4375,0.2153,none_supported,atypical,0,0
17199,0.1001,0,0.0743,0.1765,0.1022,none_supported,none_supported,1,1
17201,0.2062,1,0.1735,0.2903,0.1169,none_supported,atypical,0,0
17203,0.0752,0,0.0465,0.1212,0.0747,none_supported,none_supported,1,1
18001,0.0712,0,0.0465,0.1212,0.0747,none_supported,none_supported,1,1
18003,0.5377,0,0.2647,0.6,0.3353,indeterminate,atypical,1,0
18005,0.1182,0,0.1304,0.2195,0.0891,none_supported,none_supported,1,1
18007,0.0406,0,0.0,0.0571,0.0571,none_supported,none_supported,1,1
18009,0.0493,0,0.0106,0.0721,0.0615,none_supported,none_supported,1,1
18011,0.295,1,0.2,0.5294,0.3294,none_supported,atypical,0,0
18013,0.057,0,0.0234,0.0744,0.051,none_supported,none_supported,1,1
18015,0.058,0,0.0234,0.0744,0.051,none_supported,none_supported,1,1
18017,0.0784,1,0.0714,0.1212,0.0498,none_supported,none_supported,0,0
18019,0.1427,0,0.1707,0.2589,0.0882,none_supported,none_supported,1,1
18021,0.0609,0,0.0234,0.08,0.0566,none_supported,none_supported,1,1
18023,0.0678,0,0.0465,0.1125,0.066,none_supported,none_supported,1,1
18025,0.045,0,0.0106,0.0721,0.0615,none_supported,none_supported,1,1
18027,0.0679,1,0.0234,0.0833,0.0599,none_supported,none_supported,0,0
18029,0.0884,1,0.0743,0.1765,0.1022,none_supported,none_supported,0,0
18031,0.0599,0,0.0234,0.08,0.0566,none_supported,none_supported,1,1
18033,0.0839,0,0.0743,0.125,0.0507,none_supported,none_supported,1,1
18035,0.1383,0,0.1707,0.2589,0.0882,none_supported,none_supported,1,1
18037,0.0853,0,0.0743,0.125,0.0507,none_supported,none_supported,1,1
18039,0.4366,0,0.2623,0.5652,0.3029,none_supported,atypical,1,0
18041,0.0633,0,0.0234,0.08,0.0566,none_supported,none_supported,1,1
18043,0.1301,1,0.1707,0.2589,0.0882,none_supported,none_supported,0,0
18045,0.0516,0,0.0106,0.0721,0.0615,none_supported,none_supported,1,1
18047,0.057,1,0.0234,0.0744,0.051,none_supported,none_supported,0,0
18049,0.1813,1,0.1714,0.2787,0.1073,none_supported,none_supported,0,0
18051,0.0664,0,0.0234,0.0833,0.0599,none_supported,none_supported,1,1
18053,0.0974,1,0.0743,0.1765,0.1022,none_supported,none_supported,0,0
18055,0.0646,0,0.0234,0.08,0.0566,none_supported,none_supported,1,1
18057,0.2179,0,0.1735,0.3,0.1265,none_supported,atypical,1,0
18059,0.2304,0,0.1735,0.3,0.1265,none_supported,atypical,1,0
18061,0.0758,0,0.0714,0.1212,0.0498,none_supported,none_supported,1,1
18063,0.404,0,0.2623,0.5652,0.3029,none_supported,atypical,1,0
18065,0.2498,0,0.1735,0.3333,0.1599,none_supported,atypical,1,0
18067,0.1186,0,0.1304,0.2566,0.1262,none_supported,none_supported,1,1
18069,0.0753,1,0.0465,0.1212,0.0747,none_supported,none_supported,0,0
18071,0.0796,0,0.0741,0.1224,0.0484,none_supported,none_supported,1,1
18073,0.1956,0,0.1714,0.2787,0.1073,none_supported,atypical,1,0
18075,0.053,1,0.0234,0.0744,0.051,none_supported,none_supported,0,0
18077,0.2393,0,0.1714,0.3,0.1286,none_supported,atypical,1,0
18079,0.0619,0,0.0234,0.08,0.0566,none_supported,none_supported,1,1
18081,0.1518,0,0.1707,0.2589,0.0882,none_supported,none_supported,1,1
18083,0.0708,0,0.0465,0.0909,0.0444,none_supported,none_supported,1,1
18085,0.1032,0,0.0743,0.1765,0.1022,none_supported,none_supported,1,1
18087,0.0751,0,0.0661,0.1212,0.0551,none_supported,none_supported,1,1
18089,0.4462,1,0.2647,0.5652,0.3005,none_supported,atypical,0,0
18091,0.5611,0,0.325,0.6364,0.3114,enacted_supported,atypical,0,0
18093,0.0778,0,0.0743,0.125,0.0507,none_supported,none_supported,1,1
18095,0.1344,1,0.1707,0.2589,0.0882,none_supported,none_supported,0,0
18097,0.8742,1,0.6667,1.0,0.3333,enacted_supported,enacted_supported,1,1
18099,0.083,1,0.0743,0.125,0.0507,none_supported,none_supported,0,0
18101,0.0385,0,0.0,0.0571,0.0571,none_supported,none_supported,1,1
18103,0.0724,0,0.0465,0.1143,0.0678,none_supported,none_supported,1,1
18105,0.2036,0,0.1735,0.2787,0.1052,none_supported,atypical,1,0
18107,0.0756,0,0.0465,0.1176,0.0711,none_supported,none_supported,1,1
18109,0.2769,0,0.1735,0.4,0.2265,none_supported,atypical,1,0
18111,0.0475,0,0.0106,0.0721,0.0615,none_supported,none_supported,1,1
18113,0.0821,0,0.0743,0.125,0.0507,none_supported,none_supported,1,1
18115,0.0387,0,0.0,0.0526,0.0526,none_supported,none_supported,1,1
18117,0.0537,0,0.0234,0.0744,0.051,none_supported,none_supported,1,1
18119,0.0587,0,0.0234,0.0769,0.0535,none_supported,none_supported,1,1
18121,0.0442,0,0.0106,0.0721,0.0615,none_supported,none_supported,1,1
18123,0.0588,0,0.0234,0.08,0.0566,none_supported,none_supported,1,1
18125,0.0425,0,0.0106,0.0721,0.0615,none_supported,none_supported,1,1
18127,0.1673,0,0.1714,0.2589,0.0875,none_supported,none_supported,1,1
18129,0.0661,0,0.0234,0.08,0.0566,none_supported,none_supported,1,1
18131,0.0441,1,0.0106,0.0721,0.0615,none_supported,none_supported,0,0
18133,0.0721,1,0.0465,0.1139,0.0674,none_supported,none_supported,0,0
18135,0.0575,0,0.0234,0.08,0.0566,none_supported,none_supported,1,1
18137,0.0604,0,0.0234,0.08,0.0566,none_supported,none_supported,1,1
18139,0.052,0,0.0106,0.0721,0.0615,none_supported,none_supported,1,1
18141,0.8664,0,0.5455,1.0,0.4545,enacted_supported,enacted_supported,0,0
18143,0.065,0,0.0234,0.0833,0.0599,none_supported,none_supported,1,1
18145,0.0778,1,0.0743,0.125,0.0507,none_supported,none_supported,0,0
18147,0.059,0,0.0234,0.0744,0.051,none_supported,none_supported,1,1
18149,0.0614,1,0.0234,0.08,0.0566,none_supported,none_supported,0,0
18151,0.0767,0,0.0741,0.125,0.0509,none_supported,none_supported,1,1
18153,0.0598,0,0.0234,0.0744,0.051,none_supported,none_supported,1,1
18155,0.0425,0,0.0106,0.0721,0.0615,none_supported,none_supported,1,1
18157,0.2041,0,0.1735,0.2903,0.1169,none_supported,atypical,1,0
18159,0.0544,0,0.0106,0.0721,0.0615,none_supported,none_supported,1,1
18161,0.0377,0,0.0,0.0526,0.0526,none_supported,none_supported,1,1
18163,0.1861,0,0.1714,0.2589,0.0875,none_supported,atypical,1,0
18165,0.0557,0,0.0106,0.0726,0.0619,none_supported,none_supported,1,1
18167,0.1319,0,0.1707,0.2589,0.0882,none_supported,none_supported,1,1
18169,0.0698,0,0.0234,0.0833,0.0599,none_supported,none_supported,1,1
18171,0.0347,0,0.0,0.0513,0.0513,none_supported,none_supported,1,1
18173,0.1,0,0.0743,0.1765,0.1022,none_supported,none_supported,1,1
18175,0.0612,0,0.0234,0.08,0.0566,none_supported,none_supported,1,1
18177,0.1021,0,0.0743,0.1765,0.1022,none_supported,none_supported,1,1
18179,0.0668,0,0.0234,0.08,0.0566,none_supported,none_supported,1,1
18181,0.061,1,0.0234,0.08,0.0566,none_supported,none_supported,0,0
18183,0.0739,0,0.0465,0.1212,0.0747,none_supported,none_supported,1,1
19001,0.1101,1,0.125,0.2589,0.1339,none_supported,none_supported,0,0
19003,0.0258,0,0.0,0.0294,0.0294,none_supported,none_supported,1,1
19005,0.0456,0,0.0106,0.0721,0.0615,none_supported,none_supported,1,1
19007,0.0453,0,0.0106,0.0721,0.0615,none_supported,none_supported,1,1
19009,0.0323,0,0.0,0.039,0.039,none_supported,none_supported,1,1
19011,0.0629,0,0.0234,0.08,0.0566,none_supported,none_supported,1,1
19013,0.1543,0,0.1707,0.2589,0.0882,none_supported,none_supported,1,1
19015,0.0703,0,0.0234,0.0897,0.0664,none_supported,none_supported,1,1
19017,0.0704,0,0.0234,0.0897,0.0664,none_supported,none_supported,1,1
19019,0.0603,0,0.0234,0.0787,0.0553,none_supported,none_supported,1,1
19021,0.0589,0,0.0234,0.0769,0.0535,none_supported,none_supported,1,1
19023,0.0483,0,0.0106,0.0721,0.0615,none_supported,none_supported,1,1
19025,0.0377,0,0.0,0.0571,0.0571,none_supported,none_supported,1,1
19027,0.057,0,0.0234,0.0744,0.051,none_supported,none_supported,1,1
19029,0.0452,0,0.0106,0.0721,0.0615,none_supported,none_supported,1,1
19031,0.0592,0,0.0234,0.0761,0.0527,none_supported,none_supported,1,1
19033,0.0902,0,0.0743,0.15,0.0757,none_supported,none_supported,1,1
19035,0.0428,0,0.0106,0.0721,0.0615,none_supported,none_supported,1,1
19037,0.0466,0,0.0106,0.0721,0.0615,none_supported,none_supported,1,1
19039,0.0426,1,0.0106,0.0701,0.0595,none_supported,none_supported,0,0
19041,0.0529,0,0.0106,0.0721,0.0615,none_supported,none_supported,1,1
19043,0.0519,1,0.0106,0.0721,0.0615,none_supported,none_supported,0,0
19045,0.086,1,0.0743,0.15,0.0757,none_supported,none_supported,0,0
19047,0.0475,0,0.0106,0.0721,0.0615,none_supported,none_supported,1,1
19049,0.2866,0,0.1735,0.35,0.1765,none_supported,atypical,1,0
19051,0.039,0,0.0,0.0526,0.0526,none_supported,none_supported,1,1
19053,0.0351,0,0.0,0.0426,0.0426,none_supported,none_supported,1,1
19055,0.0535,0,0.0106,0.0726,0.0619,none_supported,none_supported,1,1
19057,0.0876,0,0.0743,0.1463,0.0721,none_supported,none_supported,1,1
19059,0.0521,1,0.0234,0.0744,0.051,none_supported,none_supported,0,0
19061,0.1274,1,0.1667,0.2589,0.0923,none_supported,none_supported,0,0
19063,0.0391,0,0.0106,0.0625,0.0519,none_supported,none_supported,1,1
19065,0.0582,0,0.0234,0.0744,0.051,none_supported,none_supported,1,1
19067,0.0544,0,0.0234,0.0744,0.051,none_supported,none_supported,1,1
19069,0.0423,1,0.0106,0.0571,0.0465,none_supported,none_supported,0,0
19071,0.0329,0,0.0,0.039,0.039,none_supported,none_supported,1,1
19073,0.0401,0,0.0,0.0571,0.0571,none_supported,none_supported,1,1
19075,0.048,0,0.0106,0.0721,0.0615,none_supported,none_supported,1,1
19077,0.0413,0,0.0106,0.0721,0.0615,none_supported,none_supported,1,1
19079,0.0509,0,0.0106,0.0721,0.0615,none_supported,none_supported,1,1
19081,0.0407,0,0.0106,0.0679,0.0572,none_supported,none_supported,1,1
19083,0.0538,0,0.0106,0.0721,0.0615,none_supported,none_supported,1,1
19085,0.0487,0,0.0106,0.0721,0.0615,none_supported,none_supported,1,1
19087,0.0608,1,0.0234,0.0787,0.0553,none_supported,none_supported,0,0
19089,0.0439,0,0.0106,0.0721,0.0615,none_supported,none_supported,1,1
19091,0.0375,0,0.0,0.0571,0.0571,none_supported,none_supported,1,1
19093,0.0348,0,0.0,0.039,0.039,none_supported,none_supported,1,1
19095,0.0538,0,0.0234,0.0744,0.051,none_supported,none_supported,1,1
19097,0.0544,1,0.0234,0.0744,0.051,none_supported,none_supported,0,0
19099,0.0761,0,0.0465,0.1212,0.0747,none_supported,none_supported,1,1
19101,0.0548,0,0.0234,0.0769,0.0535,none_supported,none_supported,1,1
19103,0.1942,1,0.1735,0.2787,0.1052,none_supported,atypical,0,0
19105,0.062,1,0.0234,0.08,0.0566,none_supported,none_supported,0,0
19107,0.0364,0,0.0,0.0571,0.0571,none_supported,none_supported,1,1
19109,0.0448,0,0.0106,0.0721,0.0615,none_supported,none_supported,1,1
19111,0.0742,0,0.0465,0.1212,0.0747,none_supported,none_supported,1,1
19113,0.6194,1,0.3333,0.8,0.4667,enacted_supported,atypical,1,0
19115,0.045,0,0.0106,0.0721,0.0615,none_supported,none_supported,1,1
19117,0.0394,0,0.0,0.0571,0.0571,none_supported,none_supported,1,1
19119,0.0379,0,0.0,0.0571,0.0571,none_supported,none_supported,1,1
19121,0.1174,0,0.1304,0.2589,0.1285,none_supported,none_supported,1,1
19123,0.0557,0,0.0234,0.0744,0.051,none_supported,none_supported,1,1
19125,0.0711,0,0.0465,0.1139,0.0674,none_supported,none_supported,1,1
19127,0.0844,0,0.0743,0.125,0.0507,none_supported,none_supported,1,1
19129,0.0516,0,0.0106,0.0721,0.0615,none_supported,none_supported,1,1
19131,0.0411,1,0.0106,0.0721,0.0615,none_supported,none_supported,0,0
19133,0.0382,0,0.0,0.05,0.05,none_supported,none_supported,1,1
19135,0.0355,0,0.0,0.0426,0.0426,none_supported,none_supported,1,1
19137,0.0427,0,0.0106,0.0721,0.0615,none_supported,none_supported,1,1
19139,0.0917,0,0.0743,0.1667,0.0924,none_supported,none_supported,1,1
19141,0.0446,0,0.0106,0.0721,0.0615,none_supported,none_supported,1,1
19143,0.0286,0,0.0,0.039,0.039,none_supported,none_supported,1,1
19145,0.0472,0,0.0106,0.0721,0.0615,none_supported,none_supported,1,1
19147,0.0388,0,0.0,0.0556,0.0556,none_supported,none_supported,1,1
19149,0.0565,0,0.0234,0.0744,0.051,none_supported,none_supported,1,1
19151,0.0316,0,0.0,0.039,0.039,none_supported,none_supported,1,1
19153,0.4753,0,0.2647,0.5652,0.3005,none_supported,atypical,1,0
19155,0.2211,0,0.1714,0.2787,0.1073,none_supported,atypical,1,0
19157,0.0619,0,0.0234,0.0778,0.0544,none_supported,none_supported,1,1
19159,0.0284,0,0.0,0.0303,0.0303,none_supported,none_supported,1,1
19161,0.0389,0,0.0,0.0571,0.0571,none_supported,none_supported,1,1
19163,0.3148,0,0.2623,0.5294,0.2671,none_supported,atypical,1,0
19165,0.0387,1,0.0106,0.0721,0.0615,none_supported,none_supported,0,0
19167,0.0603,0,0.0234,0.08,0.0566,none_supported,none_supported,1,1
19169,0.1394,1,0.1707,0.2589,0.0882,none_supported,none_supported,0,0
19171,0.0527,1,0.0234,0.0744,0.051,none_supported,none_supported,0,0
19173,0.0294,0,0.0,0.0357,0.0357,none_supported,none_supported,1,1
19175,0.0471,0,0.0106,0.0721,0.0615,none_supported,none_supported,1,1
19177,0.0339,0,0.0,0.039,0.039,none_supported,none_supported,1,1
19179,0.0785,0,0.0741,0.125,0.0509,none_supported,none_supported,1,1
19181,0.1969,0,0.1714,0.2787,0.1073,none_supported,atypical,1,0
19183,0.0628,0,0.0234,0.08,0.0566,none_supported,none_supported,1,1
19185,0.0289,0,0.0,0.039,0.039,none_supported,none_supported,1,1
19187,0.0726,0,0.0465,0.1212,0.0747,none_supported,none_supported,1,1
19189,0.0468,0,0.0106,0.0721,0.0615,none_supported,none_supported,1,1
19191,0.0608,0,0.0234,0.08,0.0566,none_supported,none_supported,1,1
19193,0.1191,1,0.1304,0.2195,0.0891,none_supported,none_supported,0,0
19195,0.0351,0,0.0,0.0571,0.0571,none_supported,none_supported,1,1
19197,0.0479,0,0.0106,0.0721,0.0615,none_supported,none_supported,1,1
20001,0.0458,0,0.0106,0.0721,0.0615,none_supported,none_supported,1,1
20003,0.0343,0,0.0,0.039,0.039,none_supported,none_supported,1,1
20005,0.0502,0,0.0106,0.0744,0.0637,none_supported,none_supported,1,1
20007,0.0232,0,0.0,0.0236,0.0236,none_supported,none_supported,1,1
20009,0.0563,0,0.0106,0.0744,0.0637,none_supported,none_supported,1,1
20011,0.0459,1,0.0106,0.0721,0.0615,none_supported,none_supported,0,0
20013,0.0335,1,0.0,0.0571,0.0571,none_supported,none_supported,0,0
20015,0.0846,0,0.0743,0.125,0.0507,none_supported,none_supported,1,1
20017,0.0195,0,0.0,0.0196,0.0196,none_supported,none_supported,1,1
20019,0.0222,0,0.0,0.0231,0.0231,none_supported,none_supported,1,1
20021,0.0547,0,0.0106,0.0721,0.0615,none_supported,none_supported,1,1
20023,0.0175,0,0.0,0.0187,0.0187,none_supported,none_supported,1,1
20025,0.0159,0,0.0,0.0187,0.0187,none_supported,none_supported,1,1
20027,0.0329,0,0.0,0.039,0.039,none_supported,none_supported,1,1
20029,0.0337,0,0.0,0.0426,0.0426,none_supported,none_supported,1,1
20031,0.0342,0,0.0,0.0426,0.0426,none_supported,none_supported,1,1
20033,0.0127,0,0.0,0.0187,0.0187,none_supported,none_supported,1,1
20035,0.0653,0,0.0234,0.08,0.0566,none_supported,none_supported,1,1
20037,0.0771,0,0.0743,0.125,0.0507,none_supported,none_supported,1,1
20039,0.0158,0,0.0,0.0187,0.0187,none_supported,none_supported,1,1
20041,0.0465,0,0.0106,0.0721,0.0615,none_supported,none_supported,1,1
20043,0.0336,0,0.0,0.039,0.039,none_supported,none_supported,1,1
20045,0.1701,1,0.1714,0.2787,0.1073,none_supported,none_supported,0,0
20047,0.0208,0,0.0,0.0196,0.0196,none_supported,none_supported,1,1
20049,0.0174,0,0.0,0.0187,0.0187,none_supported,none_supported,1,1
20051,0.0674,0,0.0465,0.0897,0.0432,none_supported,none_supported,1,1
20053,0.0299,0,0.0,0.039,0.039,none_supported,none_supported,1,1
20055,0.0664,0,0.0234,0.0897,0.0664,none_supported,none_supported,1,1
20057,0.0663,0,0.0234,0.0833,0.0599,none_supported,none_supported,1,1
20059,0.0646,0,0.0234,0.08,0.0566,none_supported,none_supported,1,1
20061,0.0836,0,0.0743,0.125,0.0507,none_supported,none_supported,1,1
20063,0.0178,0,0.0,0.0187,0.0187,none_supported,none_supported,1,1
20065,0.0179,0,0.0,0.0187,0.0187,none_supported,none_supported,1,1
20067,0.0333,0,0.0,0.039,0.039,none_supported,none_supported,1,1
20069,0.0273,0,0.0,0.0294,0.0294,none_supported,none_supported,1,1
20071,0.0132,0,0.0,0.0187,0.0187,none_supported,none_supported,1,1
20073,0.0254,0,0.0,0.0297,0.0297,none_supported,none_supported,1,1
20075,0.019,0,0.0,0.0187,0.0187,none_supported,none_supported,1,1
20077,0.027,0,0.0,0.0294,0.0294,none_supported,none_supported,1,1
20079,0.0781,1,0.0465,0.125,0.0785,none_supported,none_supported,0,0
20081,0.0228,0,0.0,0.0242,0.0242,none_supported,none_supported,1,1
20083,0.015,0,0.0,0.0187,0.0187,none_supported,none_supported,1,1
20085,0.0465,0,0.0106,0.0721,0.0615,none_supported,none_supported,1,1
20087,0.055,0,0.0234,0.0744,0.051,none_supported,none_supported,1,1
20089,0.0196,0,0.0,0.0187,0.0187,none_supported,none_supported,1,1
20091,0.3523,1,0.2623,0.5294,0.2671,none_supported,atypical,0,0
20093,0.0218,0,0.0,0.0237,0.0237,none_supported,none_supported,1,1
20095,0.0315,1,0.0,0.039,0.039,none_supported,none_supported,0,0
20097,0.0179,0,0.0,0.0187,0.0187,none_supported,none_supported,1,1
20099,0.0573,0,0.0234,0.0744,0.051,none_supported,none_supported,1,1
20101,0.0148,0,0.0,0.0187,0.0187,none_supported,none_supported,1,1
20103,0.1142,0,0.1304,0.2195,0.0891,none_supported,none_supported,1,1
20105,0.0211,0,0.0,0.0196,0.0196,none_supported,none_supported,1,1
20107,0.0382,0,0.0,0.0488,0.0488,none_supported,none_supported,1,1
20109,0.0188,0,0.0,0.0187,0.0187,none_supported,none_supported,1,1
20111,0.0728,1,0.0465,0.1212,0.0747,none_supported,none_supported,0,0
20113,0.063,1,0.0234,0.08,0.0566,none_supported,none_supported,0,0
20115,0.0396,1,0.0,0.0571,0.0571,none_supported,none_supported,0,0
20117,0.037,0,0.0,0.0526,0.0526,none_supported,none_supported,1,1
20119,0.0197,0,0.0,0.0236,0.0236,none_supported,none_supported,1,1
20121,0.0715,0,0.0465,0.1139,0.0674,none_supported,none_supported,1,1
20123,0.0237,0,0.0,0.0309,0.0309,none_supported,none_supported,1,1
20125,0.0645,0,0.0234,0.08,0.0566,none_supported,none_supported,1,1
20127,0.0292,0,0.0,0.0326,0.0326,none_supported,none_supported,1,1
20129,0.0162,0,0.0,0.0187,0.0187,none_supported,none_supported,1,1
20131,0.0383,0,0.0,0.0455,0.0455,none_supported,none_supported,1,1
20133,0.0466,0,0.0106,0.0721,0.0615,none_supported,none_supported,1,1
20135,0.0168,0,0.0,0.0187,0.0187,none_supported,none_supported,1,1
20137,0.0278,0,0.0,0.029,0.029,none_supported,none_supported,1,1
20139,0.0483,0,0.0106,0.0721,0.0615,none_supported,none_supported,1,1
20141,0.02,0,0.0,0.0217,0.0217,none_supported,none_supported,1,1
20143,0.0292,0,0.0,0.0303,0.0303,none_supported,none_supported,1,1
20145,0.0316,0,0.0,0.0357,0.0357,none_supported,none_supported,1,1
20147,0.0238,0,0.0,0.0253,0.0253,none_supported,none_supported,1,1
20149,0.0575,0,0.0234,0.0773,0.054,none_supported,none_supported,1,1
20151,0.0325,0,0.0,0.0488,0.0488,none_supported,none_supported,1,1
20153,0.0176,0,0.0,0.0187,0.0187,none_supported,none_supported,1,1
20155,0.0892,0,0.0743,0.125,0.0507,none_supported,none_supported,1,1
20157,0.0234,0,0.0,0.0263,0.0263,none_supported,none_supported,1,1
20159,0.0361,0,0.0,0.0465,0.0465,none_supported,none_supported,1,1
20161,0.1162,1,0.1304,0.2222,0.0918,none_supported,none_supported,0,0
20163,0.0269,0,0.0,0.0253,0.0253,none_supported,none_supported,1,1
20165,0.0214,0,0.0,0.0196,0.0196,none_supported,none_supported,1,1
20167,0.0289,0,0.0,0.033,0.033,none_supported,none_supported,1,1
20169,0.0881,1,0.0743,0.1607,0.0864,none_supported,none_supported,0,0
20171,0.0251,0,0.0,0.0263,0.0263,none_supported,none_supported,1,1
20173,0.2301,1,0.1735,0.3,0.1265,none_supported,atypical,0,0
20175,0.0569,0,0.0234,0.0744,0.051,none_supported,none_supported,1,1
20177,0.1677,0,0.1714,0.2589,0.0875,none_supported,none_supported,1,1
20179,0.0178,0,0.0,0.0187,0.0187,none_supported,none_supported,1,1
20181,0.0261,0,0.0,0.0294,0.0294,none_supported,none_supported,1,1
20183,0.0232,0,0.0,0.0222,0.0222,none_supported,none_supported,1,1
20185,0.0238,0,0.0,0.0242,0.0242,none_supported,none_supported,1,1
20187,0.0179,0,0.0,0.0187,0.0187,none_supported,none_supported,1,1
20189,0.0258,0,0.0,0.0267,0.0267,none_supported,none_supported,1,1
20191,0.0488,0,0.0106,0.0721,0.0615,none_supported,none_supported,1,1
20193,0.0273,0,0.0,0.0375,0.0375,none_supported,none_supported,1,1
20195,0.0195,0,0.0,0.0187,0.0187,none_supported,none_supported,1,1
20197,0.033,0,0.0,0.039,0.039,none_supported,none_supported,1,1
20199,0.0121,0,0.0,0.0187,0.0187,none_supported,none_supported,1,1
20201,0.0265,0,0.0,0.0294,0.0294,none_supported,none_supported,1,1
20203,0.0162,0,0.0,0.0187,0.0187,none_supported,none_supported,1,1
20205,0.0318,0,0.0,0.0408,0.0408,none_supported,none_supported,1,1
20207,0.0244,0,0.0,0.0236,0.0236,none_supported,none_supported,1,1
20209,0.2046,0,0.1735,0.2903,0.1169,none_supported,atypical,1,0
21001,0.0483,0,0.0106,0.0721,0.0615,none_supported,none_supported,1,1
21003,0.0511,0,0.0106,0.0721,0.0615,none_supported,none_supported,1,1
21005,0.0698,0,0.0234,0.0833,0.0599,none_supported,none_supported,1,1
21007,0.0379,0,0.0,0.0465,0.0465,none_supported,none_supported,1,1
21009,0.0765,1,0.0741,0.125,0.0509,none_supported,none_supported,0,0
21011,0.0467,0,0.0106,0.0721,0.0615,none_supported,none_supported,1,1
21013,0.0537,0,0.0234,0.0744,0.051,none_supported,none_supported,1,1
21015,0.1464,0,0.1707,0.2589,0.0882,none_supported,none_supported,1,1
21017,0.0611,0,0.0234,0.08,0.0566,none_supported,none_supported,1,1
21019,0.0966,1,0.0743,0.1765,0.1022,none_supported,none_supported,0,0
21021,0.0831,0,0.0743,0.125,0.0507,none_supported,none_supported,1,1
21023,0.0394,0,0.0,0.0571,0.0571,none_supported,none_supported,1,1
21025,0.0459,0,0.0106,0.0721,0.0615,none_supported,none_supported,1,1
21027,0.0544,1,0.0106,0.0721,0.0615,none_supported,none_supported,0,0
21029,0.114,0,0.0889,0.1875,0.0986,none_supported,none_supported,1,1
21031,0.0429,1,0.0106,0.0711,0.0605,none_supported,none_supported,0,0
21033,0.0426,0,0.0106,0.0721,0.0615,none_supported,none_supported,1,1
21035,0.0778,0,0.0741,0.125,0.0509,none_supported,none_supported,1,1
21037,0.1448,0,0.1707,0.2589,0.0882,none_supported,none_supported,1,1
21039,0.0307,0,0.0,0.0326,0.0326,none_supported,none_supported,1,1
21041,0.0478,0,0.0106,0.0721,0.0615,none_supported,none_supported,1,1
21043,0.1943,0,0.1714,0.2787,0.1073,none_supported,atypical,1,0
21045,0.0467,0,0.0106,0.0721,0.0615,none_supported,none_supported,1,1
21047,0.0998,0,0.0743,0.1765,0.1022,none_supported,none_supported,1,1
21049,0.2458,0,0.1735,0.3333,0.1599,none_supported,atypical,1,0
21051,0.0472,0,0.0106,0.0721,0.0615,none_supported,none_supported,1,1
21053,0.04,0,0.0,0.0571,0.0571,none_supported,none_supported,1,1
21055,0.039,0,0.0,0.05,0.05,none_supported,none_supported,1,1
21057,0.0307,0,0.0,0.0366,0.0366,none_supported,none_supported,1,1
21059,0.1238,1,0.1304,0.2589,0.1285,none_supported,none_supported,0,0
21061,0.0455,0,0.0106,0.0721,0.0615,none_supported,none_supported,1,1
21063,0.0364,0,0.0,0.0465,0.0465,none_supported,none_supported,1,1
21065,0.0488,0,0.0106,0.0721,0.0615,none_supported,none_supported,1,1
21067,0.5101,1,0.325,0.7143,0.3893,enacted_supported,atypical,1,0
21069,0.0507,0,0.0106,0.0721,0.0615,none_supported,none_supported,1,1
21071,0.0793,0,0.0741,0.1607,0.0866,none_supported,none_supported,1,1
21073,0.1101,0,0.0743,0.2195,0.1452,none_supported,none_supported,1,1
21075,0.039,0,0.0,0.0526,0.0526,none_supported,none_supported,1,1
21077,0.047,0,0.0106,0.0721,0.0615,none_supported,none_supported,1,1
21079,0.0501,0,0.0106,0.0721,0.0615,none_supported,none_supported,1,1
21081,0.0638,0,0.0234,0.08,0.0566,none_supported,none_supported,1,1
21083,0.0668,0,0.0234,0.0833,0.0599,none_supported,none_supported,1,1
21085,0.0596,0,0.0234,0.08,0.0566,none_supported,none_supported,1,1
21087,0.0391,0,0.0082,0.0679,0.0597,none_supported,none_supported,1,1
21089,0.0759,0,0.0465,0.1212,0.0747,none_supported,none_supported,1,1
21091,0.1247,1,0.1707,0.2589,0.0882,none_supported,none_supported,0,0
21093,0.1251,0,0.1304,0.2589,0.1285,none_supported,none_supported,1,1
21095,0.0545,0,0.0106,0.0721,0.0615,none_supported,none_supported,1,1
21097,0.0572,0,0.0234,0.0744,0.051,none_supported,none_supported,1,1
21099,0.0525,0,0.0106,0.0721,0.0615,none_supported,none_supported,1,1
21101,0.0894,0,0.0743,0.1304,0.0561,none_supported,none_supported,1,1
21103,0.0538,0,0.0106,0.0721,0.0615,none_supported,none_supported,1,1
21105,0.0294,0,0.0,0.0323,0.0323,none_supported,none_supported,1,1
21107,0.0865,0,0.0743,0.1765,0.1022,none_supported,none_supported,1,1
21109,0.0433,0,0.0082,0.0685,0.0603,none_supported,none_supported,1,1
21111,0.4912,0,0.2647,0.6,0.3353,indeterminate,atypical,1,0
21113,0.1049,0,0.0743,0.1765,0.1022,none_supported,none_supported,1,1
21115,0.0577,0,0.0106,0.0744,0.0637,none_supported,none_supported,1,1
21117,0.171,0,0.1714,0.2589,0.0875,none_supported,none_supported,1,1
21119,0.0456,0,0.0106,0.0721,0.0615,none_supported,none_supported,1,1
21121,0.0633,0,0.0234,0.08,0.0566,none_supported,none_supported,1,1
21123,0.0524,0,0.0106,0.0721,0.0615,none_supported,none_supported,1,1
21125,0.0824,0,0.0743,0.1765,0.1022,none_supported,none_supported,1,1
21127,0.05,0,0.0106,0.0721,0.0615,none_supported,none_supported,1,1
21129,0.038,0,0.0,0.0426,0.0426,none_supported,none_supported,1,1
21131,0.0385,0,0.0,0.05,0.05,none_supported,none_supported,1,1
21133,0.0569,0,0.0106,0.0721,0.0615,none_supported,none_supported,1,1
21135,0.041,0,0.0082,0.0625,0.0543,none_supported,none_supported,1,1
21137,0.0636,0,0.0234,0.08,0.0566,none_supported,none_supported,1,1
21139,0.0364,0,0.0,0.0541,0.0541,none_supported,none_supported,1,1
21141,0.0618,0,0.0234,0.08,0.0566,none_supported,none_supported,1,1
21143,0.0388,0,0.0106,0.0679,0.0572,none_supported,none_supported,1,1
21145,0.1249,0,0.1304,0.2589,0.1285,none_supported,none_supported,1,1
21147,0.0455,0,0.0106,0.0721,0.0615,none_supported,none_supported,1,1
21149,0.0411,0,0.0082,0.0571,0.0489,none_supported,none_supported,1,1
21151,0.1219,0,0.1304,0.2589,0.1285,none_supported,none_supported,1,1
21153,0.0436,0,0.0106,0.0721,0.0615,none_supported,none_supported,1,1
21155,0.0591,0,0.0234,0.0765,0.0531,none_supported,none_supported,1,1
21157,0.0684,0,0.0465,0.0833,0.0368,none_supported,none_supported,1,1
21159,0.0402,0,0.0082,0.0571,0.0489,none_supported,none_supported,1,1
21161,0.1858,0,0.1714,0.2787,0.1073,none_supported,none_supported,1,1
21163,0.0688,1,0.0465,0.0833,0.0368,none_supported,none_supported,0,0
21165,0.0315,0,0.0,0.039,0.039,none_supported,none_supported,1,1
21167,0.1906,1,0.1714,0.2787,0.1073,none_supported,atypical,0,0
21169,0.0411,0,0.0082,0.0625,0.0543,none_supported,none_supported,1,1
21171,0.0402,0,0.0,0.0571,0.0571,none_supported,none_supported,1,1
21173,0.0724,0,0.0465,0.1212,0.0747,none_supported,none_supported,1,1
21175,0.0434,0,0.0106,0.0721,0.0615,none_supported,none_supported,1,1
21177,0.0654,0,0.0234,0.0833,0.0599,none_supported,none_supported,1,1
21179,0.0848,0,0.0743,0.125,0.0507,none_supported,none_supported,1,1
21181,0.0404,0,0.0,0.0571,0.0571,none_supported,none_supported,1,1
21183,0.0567,0,0.0106,0.0744,0.0637,none_supported,none_supported,1,1
21185,0.3088,1,0.25,0.5294,0.2794,none_supported,atypical,0,0
21187,0.0408,0,0.0106,0.0708,0.0601,none_supported,none_supported,1,1
21189,0.0259,0,0.0,0.0294,0.0294,none_supported,none_supported,1,1
21191,0.048,0,0.0106,0.0721,0.0615,none_supported,none_supported,1,1
21193,0.0621,0,0.0234,0.08,0.0566,none_supported,none_supported,1,1
21195,0.0749,0,0.0743,0.1212,0.0469,none_supported,none_supported,1,1
21197,0.0523,0,0.0106,0.0721,0.0615,none_supported,none_supported,1,1
21199,0.0818,0,0.0743,0.1698,0.0955,none_supported,none_supported,1,1
21201,0.0233,0,0.0,0.0244,0.0244,none_supported,none_supported,1,1
21203,0.0512,0,0.0106,0.0721,0.0615,none_supported,none_supported,1,1
21205,0.0751,0,0.0234,0.1176,0.0943,none_supported,none_supported,1,1
21207,0.0521,0,0.0106,0.0721,0.0615,none_supported,none_supported,1,1
21209,0.1056,0,0.0743,0.1765,0.1022,none_supported,none_supported,1,1
21211,0.0889,0,0.0743,0.1765,0.1022,none_supported,none_supported,1,1
21213,0.1979,1,0.1714,0.2787,0.1073,none_supported,atypical,0,0
21215,0.0642,0,0.0234,0.08,0.0566,none_supported,none_supported,1,1
21217,0.0645,0,0.0234,0.0833,0.0599,none_supported,none_supported,1,1
21219,0.0449,0,0.0106,0.0721,0.0615,none_supported,none_supported,1,1
21221,0.0489,0,0.0106,0.0721,0.0615,none_supported,none_supported,1,1
21223,0.0458,0,0.0106,0.0711,0.0605,none_supported,none_supported,1,1
21225,0.0448,0,0.0106,0.0721,0.0615,none_supported,none_supported,1,1
21227,0.143,0,0.1707,0.2589,0.0882,none_supported,none_supported,1,1
21229,0.0426,0,0.0106,0.0721,0.0615,none_supported,none_supported,1,1
21231,0.0505,0,0.0106,0.0721,0.0615,none_supported,none_supported,1,1
21233,0.0467,0,0.0106,0.0721,0.0615,none_supported,none_supported,1,1
21235,0.0696,0,0.0465,0.0833,0.0368,none_supported,none_supported,1,1
21237,0.0337,0,0.0,0.0426,0.0426,none_supported,none_supported,1,1
21239,0.0815,1,0.0743,0.125,0.0507,none_supported,none_supported,0,0
22001,0.0775,0,0.0743,0.125,0.0507,none_supported,none_supported,1,1
22003,0.0501,0,0.0106,0.0721,0.0615,none_supported,none_supported,1,1
22005,0.1399,0,0.1707,0.2589,0.0882,none_supported,none_supported,1,1
22007,0.0629,0,0.0234,0.08,0.0566,none_supported,none_supported,1,1
22009,0.0693,0,0.0465,0.0901,0.0436,none_supported,none_supported,1,1
22011,0.0582,0,0.0234,0.08,0.0566,none_supported,none_supported,1,1
22013,0.0491,0,0.0106,0.0721,0.0615,none_supported,none_supported,1,1
22015,0.1212,0,0.1304,0.2589,0.1285,none_supported,none_supported,1,1
22017,0.1769,1,0.1714,0.2787,0.1073,none_supported,atypical,0,0
22019,0.1471,0,0.1707,0.2589,0.0882,none_supported,none_supported,1,1
22021,0.0359,0,0.0,0.0426,0.0426,none_supported,none_supported,1,1
22023,0.0244,0,0.0,0.0241,0.0241,none_supported,none_supported,1,1
22025,0.0318,0,0.0,0.0435,0.0435,none_supported,none_supported,1,1
22027,0.0458,0,0.0106,0.0721,0.0615,none_supported,none_supported,1,1
22029,0.0576,0,0.0234,0.0744,0.051,none_supported,none_supported,1,1
22031,0.0635,0,0.0234,0.08,0.0566,none_supported,none_supported,1,1
22033,0.2851,0,0.25,0.4375,0.1875,none_supported,atypical,1,0
22035,0.0459,0,0.0106,0.0721,0.0615,none_supported,none_supported,1,1
22037,0.064,0,0.0234,0.08,0.0566,none_supported,none_supported,1,1
22039,0.0649,0,0.0234,0.0833,0.0599,none_supported,none_supported,1,1
22041,0.0567,0,0.0106,0.0721,0.0615,none_supported,none_supported,1,1
22043,0.0476,0,0.0106,0.0721,0.0615,none_supported,none_supported,1,1
22045,0.0991,0,0.0743,0.1765,0.1022,none_supported,none_supported,1,1
22047,0.0786,0,0.0465,0.125,0.0785,none_supported,none_supported,1,1
22049,0.0463,0,0.0106,0.0721,0.0615,none_supported,none_supported,1,1
22051,0.2592,0,0.1735,0.3,0.1265,none_supported,atypical,1,0
22053,0.0635,0,0.0234,0.08,0.0566,none_supported,none_supported,1,1
22055,0.1941,0,0.1714,0.2698,0.0984,none_supported,atypical,1,0
22057,0.0974,0,0.0743,0.1765,0.1022,none_supported,none_supported,1,1
22059,0.0374,0,0.0082,0.0588,0.0506,none_supported,none_supported,1,1
22061,0.0914,0,0.0743,0.1765,0.1022,none_supported,none_supported,1,1
22063,0.1161,0,0.1304,0.2589,0.1285,none_supported,none_supported,1,1
22065,0.0473,0,0.0106,0.0726,0.0619,none_supported,none_supported,1,1
22067,0.0608,0,0.0234,0.0833,0.0599,none_supported,none_supported,1,1
22069,0.0734,0,0.0234,0.1139,0.0905,none_supported,none_supported,1,1
22071,0.296,1,0.25,0.5294,0.2794,none_supported,atypical,0,0
22073,0.1469,0,0.1707,0.2589,0.0882,none_supported,none_supported,1,1
22075,0.0599,0,0.0234,0.0761,0.0527,none_supported,none_supported,1,1
22077,0.0614,0,0.0234,0.0791,0.0557,none_supported,none_supported,1,1
22079,0.1188,0,0.1304,0.2195,0.0891,none_supported,none_supported,1,1
22081,0.0417,0,0.0,0.0571,0.0571,none_supported,none_supported,1,1
22083,0.3042,0,0.1735,0.5294,0.3559,none_supported,atypical,1,0
22085,0.0462,0,0.0106,0.0721,0.0615,none_supported,none_supported,1,1
22087,0.0869,0,0.0743,0.1667,0.0924,none_supported,none_supported,1,1
22089,0.0967,0,0.0743,0.1765,0.1022,none_supported,none_supported,1,1
22091,0.0501,0,0.0234,0.0744,0.051,none_supported,none_supported,1,1
22093,0.0722,0,0.0234,0.1212,0.0978,none_supported,none_supported,1,1
22095,0.1169,0,0.1304,0.2245,0.0941,none_supported,none_supported,1,1
22097,0.1099,0,0.0743,0.2195,0.1452,none_supported,none_supported,1,1
22099,0.0819,0,0.0743,0.125,0.0507,none_supported,none_supported,1,1
22101,0.0859,0,0.0743,0.125,0.0507,none_supported,none_supported,1,1
22103,0.1687,0,0.1714,0.2589,0.0875,none_supported,none_supported,1,1
22105,0.1282,0,0.1667,0.2589,0.0923,none_supported,none_supported,1,1
22107,0.0316,0,0.0,0.039,0.039,none_supported,none_supported,1,1
22109,0.1024,0,0.0743,0.1765,0.1022,none_supported,none_supported,1,1
22111,0.052,0,0.0106,0.0721,0.0615,none_supported,none_supported,1,1
22113,0.0744,0,0.0465,0.1139,0.0674,none_supported,none_supported,1,1
22115,0.0636,0,0.0234,0.0809,0.0575,none_supported,none_supported,1,1
22117,0.0768,0,0.0743,0.125,0.0507,none_supported,none_supported,1,1
22119,0.075,0,0.0465,0.1212,0.0747,none_supported,none_supported,1,1
22121,0.0843,0,0.0743,0.125,0.0507,none_supported,none_supported,1,1
22123,0.0398,0,0.0,0.05,0.05,none_supported,none_supported,1,1
22125,0.0551,0,0.0234,0.0744,0.051,none_supported,none_supported,1,1
22127,0.0422,0,0.0106,0.0711,0.0605,none_supported,none_supported,1,1
23001,0.3502,0,0.2623,0.5294,0.2671,none_supported,atypical,1,0
23003,0.3713,0,0.2623,0.5652,0.3029,none_supported,atypical,1,0
23005,0.2622,1,0.1735,0.4,0.2265,none_supported,atypical,0,0
23007,0.0684,0,0.0234,0.0968,0.0734,none_supported,none_supported,1,1
23009,0.0996,0,0.0743,0.1765,0.1022,none_supported,none_supported,1,1
23011,0.1406,0,0.1707,0.2589,0.0882,none_supported,none_supported,1,1
23013,0.1024,1,0.0743,0.2195,0.1452,none_supported,none_supported,0,0
23015,0.0904,1,0.0743,0.1607,0.0864,none_supported,none_supported,0,0
23017,0.0889,0,0.0743,0.15,0.0757,none_supported,none_supported,1,1
23019,0.1276,1,0.1667,0.2589,0.0923,none_supported,none_supported,0,0
23021,0.0428,0,0.0106,0.0721,0.0615,none_supported,none_supported,1,1
23023,0.1043,0,0.0743,0.2195,0.1452,none_supported,none_supported,1,1
23025,0.0686,0,0.0234,0.1,0.0766,none_supported,none_supported,1,1
23027,0.0884,0,0.0743,0.15,0.0757,none_supported,none_supported,1,1
23029,0.0559,0,0.0234,0.08,0.0566,none_supported,none_supported,1,1
23031,0.409,1,0.2623,0.5652,0.3029,none_supported,atypical,0,0
24001,0.1018,0,0.0743,0.1765,0.1022,none_supported,none_supported,1,1
24003,0.3387,0,0.2623,0.5294,0.2671,none_supported,atypical,1,0
24005,0.6619,1,0.3333,0.8333,0.5,enacted_supported,atypical,1,0
24009,0.1396,0,0.1707,0.2589,0.0882,none_supported,none_supported,1,1
24011,0.0759,0,0.0737,0.125,0.0513,none_supported,none_supported,1,1
24013,0.1541,1,0.1714,0.2589,0.0875,none_supported,none_supported,0,0
24015,0.1331,0,0.1667,0.2589,0.0923,none_supported,none_supported,1,1
24017,0.4901,0,0.2647,0.5652,0.3005,none_supported,atypical,1,0
24019,0.0756,0,0.0465,0.125,0.0785,none_supported,none_supported,1,1
24021,0.3674,1,0.2623,0.5652,0.3029,none_supported,atypical,0,0
24023,0.0615,0,0.0234,0.08,0.0566,none_supported,none_supported,1,1
24025,0.1975,0,0.1735,0.2787,0.1052,none_supported,atypical,1,0
24027,0.3143,1,0.25,0.5294,0.2794,none_supported,atypical,0,0
24029,0.07,0,0.0234,0.1194,0.096,none_supported,none_supported,1,1
24031,0.6047,1,0.3333,0.75,0.4167,enacted_supported,atypical,1,0
24033,0.7515,1,0.5,1.0,0.5,enacted_supported,atypical,1,0
24035,0.093,0,0.0743,0.1765,0.1022,none_supported,none_supported,1,1
24037,0.1411,0,0.1707,0.2589,0.0882,none_supported,none_supported,1,1
24039,0.0713,0,0.0465,0.1212,0.0747,none_supported,none_supported,1,1
24041,0.0959,0,0.0743,0.1765,0.1022,none_supported,none_supported,1,1
24043,0.1465,0,0.1707,0.2589,0.0882,none_supported,none_supported,1,1
24045,0.1379,0,0.1707,0.2589,0.0882,none_supported,none_supported,1,1
24047,0.0954,0,0.0743,0.1765,0.1022,none_supported,none_supported,1,1
24510,0.4842,0,0.2647,0.6667,0.402,indeterminate,atypical,1,0
25001,0.2087,0,0.1735,0.3,0.1265,none_supported,atypical,1,0
25003,0.1634,0,0.1714,0.2698,0.0984,none_supported,none_supported,1,1
25005,0.2707,0,0.2,0.4375,0.2375,none_supported,atypical,1,0
25007,0.1008,0,0.0743,0.2195,0.1452,none_supported,none_supported,1,1
25009,0.371,0,0.2623,0.5294,0.2671,none_supported,atypical,1,0
25011,0.126,1,0.1667,0.2589,0.0923,none_supported,none_supported,0,0
25013,0.7099,1,0.3333,1.0,0.6667,enacted_supported,atypical,1,0
25015,0.1887,0,0.1735,0.2787,0.1052,none_supported,atypical,1,0
25017,0.4376,1,0.2647,0.5652,0.3005,none_supported,atypical,0,0
25019,0.0883,0,0.0743,0.1591,0.0848,none_supported,none_supported,1,1
25021,0.342,0,0.25,0.5294,0.2794,none_supported,atypical,1,0
25023,0.2636,0,0.2,0.4,0.2,none_supported,atypical,1,0
25025,0.4328,0,0.2623,0.5652,0.3029,none_supported,atypical,1,0
25027,0.2967,0,0.25,0.5294,0.2794,none_supported,atypical,1,0
26001,0.0412,0,0.0,0.0571,0.0571,none_supported,none_supported,1,1
26003,0.0398,0,0.0,0.0571,0.0571,none_supported,none_supported,1,1
26005,0.1237,1,0.1667,0.2589,0.0923,none_supported,none_supported,0,0
26007,0.0683,0,0.0234,0.0897,0.0664,none_supported,none_supported,1,1
26009,0.0641,0,0.0234,0.0833,0.0599,none_supported,none_supported,1,1
26011,0.0534,0,0.0106,0.0721,0.0615,none_supported,none_supported,1,1
26013,0.0362,0,0.0,0.05,0.05,none_supported,none_supported,1,1
26015,0.0997,0,0.0743,0.1765,0.1022,none_supported,none_supported,1,1
26017,0.1321,0,0.1667,0.2589,0.0923,none_supported,none_supported,1,1
26019,0.0666,0,0.0234,0.0854,0.062,none_supported,none_supported,1,1
26021,0.3933,1,0.2623,0.5652,0.3029,none_supported,atypical,0,0
26023,0.0832,0,0.0743,0.125,0.0507,none_supported,none_supported,1,1
26025,0.1404,0,0.1707,0.2589,0.0882,none_supported,none_supported,1,1
26027,0.0912,1,0.0743,0.1765,0.1022,none_supported,none_supported,0,0
26029,0.0727,1,0.0465,0.1212,0.0747,none_supported,none_supported,0,0
26031,0.0649,0,0.0234,0.08,0.0566,none_supported,none_supported,1,1
26033,0.0685,1,0.0234,0.0968,0.0734,none_supported,none_supported,0,0
26035,0.069,0,0.0234,0.0854,0.062,none_supported,none_supported,1,1
26037,0.1168,0,0.1304,0.2195,0.0891,none_supported,none_supported,1,1
26039,0.0496,0,0.0106,0.0721,0.0615,none_supported,none_supported,1,1
26041,0.0709,0,0.0234,0.0968,0.0734,none_supported,none_supported,1,1
26043,0.0638,0,0.0234,0.08,0.0566,none_supported,none_supported,1,1
26045,0.1622,0,0.1714,0.2589,0.0875,none_supported,none_supported,1,1
26047,0.0801,0,0.0743,0.125,0.0507,none_supported,none_supported,1,1
26049,0.2527,1,0.1735,0.3333,0.1599,none_supported,atypical,0,0
26051,0.0608,0,0.0234,0.08,0.0566,none_supported,none_supported,1,1
26053,0.0495,0,0.0106,0.0721,0.0615,none_supported,none_supported,1,1
26055,0.1331,0,0.1707,0.2589,0.0882,none_supported,none_supported,1,1
26057,0.0825,0,0.0743,0.125,0.0507,none_supported,none_supported,1,1
26059,0.0766,0,0.0741,0.1212,0.0471,none_supported,none_supported,1,1
26061,0.0744,1,0.0465,0.1212,0.0747,none_supported,none_supported,0,0
26063,0.0633,0,0.0234,0.08,0.0566,none_supported,none_supported,1,1
26065,0.4924,1,0.325,0.6,0.275,enacted_supported,atypical,1,0
26067,0.0966,0,0.0743,0.1765,0.1022,none_supported,none_supported,1,1
26069,0.067,0,0.0234,0.0833,0.0599,none_supported,none_supported,1,1
26071,0.0425,0,0.0106,0.0721,0.0615,none_supported,none_supported,1,1
26073,0.1067,0,0.0743,0.2195,0.1452,none_supported,none_supported,1,1
26075,0.1493,0,0.1707,0.2589,0.0882,none_supported,none_supported,1,1
26077,0.4778,1,0.2647,0.5652,0.3005,none_supported,atypical,0,0
26079,0.1612,0,0.1714,0.2589,0.0875,none_supported,none_supported,1,1
26081,0.5701,1,0.3333,0.7143,0.381,enacted_supported,atypical,1,0
26083,0.0239,0,0.0,0.0222,0.0222,none_supported,none_supported,1,1
26085,0.0493,0,0.0106,0.0721,0.0615,none_supported,none_supported,1,1
26087,0.1063,0,0.0743,0.1807,0.1064,none_supported,none_supported,1,1
26089,0.0745,0,0.0465,0.125,0.0785,none_supported,none_supported,1,1
26091,0.1161,0,0.1304,0.2195,0.0891,none_supported,none_supported,1,1
26093,0.401,1,0.2623,0.5652,0.3029,none_supported,atypical,0,0
26095,0.0262,0,0.0,0.0366,0.0366,none_supported,none_supported,1,1
26097,0.0437,0,0.0106,0.0721,0.0615,none_supported,none_supported,1,1
26099,0.5016,1,0.2647,0.6,0.3353,indeterminate,atypical,1,0
26101,0.0686,0,0.0234,0.0968,0.0734,none_supported,none_supported,1,1
26103,0.1027,0,0.0743,0.2195,0.1452,none_supported,none_supported,1,1
26105,0.0743,0,0.0465,0.1212,0.0747,none_supported,none_supported,1,1
26107,0.0785,1,0.0743,0.125,0.0507,none_supported,none_supported,0,0
26109,0.0594,0,0.0234,0.0761,0.0527,none_supported,none_supported,1,1
26111,0.1197,0,0.1304,0.2195,0.0891,none_supported,none_supported,1,1
26113,0.0473,0,0.0106,0.0721,0.0615,none_supported,none_supported,1,1
26115,0.3981,1,0.2623,0.5652,0.3029,none_supported,atypical,0,0
26117,0.0936,0,0.0743,0.1765,0.1022,none_supported,none_supported,1,1
26119,0.039,0,0.0,0.0571,0.0571,none_supported,none_supported,1,1
26121,0.1732,0,0.1714,0.2589,0.0875,none_supported,none_supported,1,1
26123,0.0811,0,0.0743,0.125,0.0507,none_supported,none_supported,1,1
26125,0.6673,1,0.3333,1.0,0.6667,enacted_supported,atypical,1,0
26127,0.0704,0,0.0234,0.0833,0.0599,none_supported,none_supported,1,1
26129,0.0577,0,0.0234,0.0744,0.051,none_supported,none_supported,1,1
26131,0.0254,0,0.0,0.0349,0.0349,none_supported,none_supported,1,1
26133,0.0599,0,0.0234,0.0769,0.0535,none_supported,none_supported,1,1
26135,0.0382,0,0.0,0.05,0.05,none_supported,none_supported,1,1
26137,0.0623,0,0.0234,0.0833,0.0599,none_supported,none_supported,1,1
26139,0.1929,1,0.1735,0.2787,0.1052,none_supported,atypical,0,0
26141,0.0488,0,0.0106,0.0721,0.0615,none_supported,none_supported,1,1
26143,0.0591,0,0.0234,0.08,0.0566,none_supported,none_supported,1,1
26145,0.1643,1,0.1714,0.2589,0.0875,none_supported,none_supported,0,0
26147,0.1398,0,0.1707,0.2589,0.0882,none_supported,none_supported,1,1
26149,0.0951,0,0.0743,0.1765,0.1022,none_supported,none_supported,1,1
26151,0.0706,0,0.0465,0.0854,0.0389,none_supported,none_supported,1,1
26153,0.0363,0,0.0,0.0426,0.0426,none_supported,none_supported,1,1
26155,0.1065,0,0.0743,0.1765,0.1022,none_supported,none_supported,1,1
26157,0.0835,1,0.0743,0.125,0.0507,none_supported,none_supported,0,0
26159,0.1092,0,0.0889,0.2195,0.1306,none_supported,none_supported,1,1
26161,0.7857,1,0.5455,1.0,0.4545,enacted_supported,atypical,1,0
26163,0.6033,1,0.3333,0.75,0.4167,enacted_supported,atypical,1,0
26165,0.0717,0,0.0465,0.1176,0.0711,none_supported,none_supported,1,1
27001,0.0455,0,0.0106,0.0721,0.0615,none_supported,none_supported,1,1
27003,0.2519,0,0.1735,0.3333,0.1599,none_supported,atypical,1,0
27005,0.0669,0,0.0234,0.0833,0.0599,none_supported,none_supported,1,1
27007,0.0742,0,0.0465,0.1212,0.0747,none_supported,none_supported,1,1
27009,0.0812,0,0.0743,0.125,0.0507,none_supported,none_supported,1,1
27011,0.0311,0,0.0,0.039,0.039,none_supported,none_supported,1,1
27013,0.1097,1,0.0889,0.2195,0.1306,none_supported,none_supported,0,0
27015,0.0637,0,0.0234,0.08,0.0566,none_supported,none_supported,1,1
27017,0.0793,0,0.0743,0.125,0.0507,none_supported,none_supported,1,1
27019,0.1616,1,0.1714,0.2589,0.0875,none_supported,none_supported,0,0
27021,0.0592,0,0.0234,0.08,0.0566,none_supported,none_supported,1,1
27023,0.0422,0,0.0106,0.0721,0.0615,none_supported,none_supported,1,1
27025,0.0966,0,0.0743,0.1765,0.1022,none_supported,none_supported,1,1
27027,0.1035,0,0.0743,0.2195,0.1452,none_supported,none_supported,1,1
27029,0.0352,0,0.0,0.039,0.039,none_supported,none_supported,1,1
27031,0.0409,0,0.0,0.0571,0.0571,none_supported,none_supported,1,1
27033,0.0435,0,0.0106,0.0721,0.0615,none_supported,none_supported,1,1
27035,0.0921,0,0.0743,0.1765,0.1022,none_supported,none_supported,1,1
27037,0.311,1,0.25,0.5294,0.2794,none_supported,atypical,0,0
27039,0.0617,0,0.0234,0.08,0.0566,none_supported,none_supported,1,1
27041,0.0762,0,0.0465,0.1212,0.0747,none_supported,none_supported,1,1
27043,0.046,0,0.0106,0.0721,0.0615,none_supported,none_supported,1,1
27045,0.0575,0,0.0234,0.0761,0.0527,none_supported,none_supported,1,1
27047,0.0718,0,0.0234,0.1139,0.0905,none_supported,none_supported,1,1
27049,0.087,0,0.0743,0.15,0.0757,none_supported,none_supported,1,1
27051,0.0345,0,0.0,0.039,0.039,none_supported,none_supported,1,1
27053,0.4825,1,0.2647,0.5652,0.3005,none_supported,atypical,0,0
27055,0.0612,0,0.0234,0.0795,0.0562,none_supported,none_supported,1,1
27057,0.0576,0,0.0234,0.0761,0.0527,none_supported,none_supported,1,1
27059,0.0788,0,0.0743,0.125,0.0507,none_supported,none_supported,1,1
27061,0.0743,0,0.0234,0.1,0.0766,none_supported,none_supported,1,1
27063,0.0386,0,0.0,0.0571,0.0571,none_supported,none_supported,1,1
27065,0.0519,0,0.0106,0.0721,0.0615,none_supported,none_supported,1,1
27067,0.0775,0,0.0743,0.125,0.0507,none_supported,none_supported,1,1
27069,0.0273,0,0.0,0.0294,0.0294,none_supported,none_supported,1,1
27071,0.0366,0,0.0,0.0571,0.0571,none_supported,none_supported,1,1
27073,0.0335,0,0.0,0.039,0.039,none_supported,none_supported,1,1
27075,0.0427,0,0.0106,0.0721,0.0615,none_supported,none_supported,1,1
27077,0.0228,0,0.0,0.0236,0.0236,none_supported,none_supported,1,1
27079,0.0688,0,0.0234,0.1084,0.085,none_supported,none_supported,1,1
27081,0.0321,0,0.0,0.039,0.039,none_supported,none_supported,1,1
27083,0.0595,0,0.0234,0.08,0.0566,none_supported,none_supported,1,1
27085,0.0755,0,0.0465,0.1212,0.0747,none_supported,none_supported,1,1
27087,0.0369,0,0.0,0.0426,0.0426,none_supported,none_supported,1,1
27089,0.0341,0,0.0,0.039,0.039,none_supported,none_supported,1,1
27091,0.054,0,0.0234,0.0744,0.051,none_supported,none_supported,1,1
27093,0.0589,0,0.0234,0.0787,0.0553,none_supported,none_supported,1,1
27095,0.0638,0,0.0234,0.08,0.0566,none_supported,none_supported,1,1
27097,0.0641,0,0.0234,0.08,0.0566,none_supported,none_supported,1,1
27099,0.0857,0,0.0743,0.1333,0.059,none_supported,none_supported,1,1
27101,0.0338,0,0.0,0.0444,0.0444,none_supported,none_supported,1,1
27103,0.087,0,0.0743,0.15,0.0757,none_supported,none_supported,1,1
27105,0.0592,0,0.0234,0.0761,0.0527,none_supported,none_supported,1,1
27107,0.0352,0,0.0,0.039,0.039,none_supported,none_supported,1,1
27109,0.1841,0,0.1714,0.2787,0.1073,none_supported,atypical,1,0
27111,0.0796,0,0.0743,0.125,0.0507,none_supported,none_supported,1,1
27113,0.0492,0,0.0106,0.0721,0.0615,none_supported,none_supported,1,1
27115,0.0616,0,0.0234,0.08,0.0566,none_supported,none_supported,1,1
27117,0.0415,0,0.0,0.0571,0.0571,none_supported,none_supported,1,1
27119,0.0609,0,0.0234,0.08,0.0566,none_supported,none_supported,1,1
27121,0.0453,0,0.0106,0.0721,0.0615,none_supported,none_supported,1,1
27123,0.3772,0,0.2623,0.5294,0.2671,none_supported,atypical,1,0
27125,0.0249,0,0.0,0.0306,0.0306,none_supported,none_supported,1,1
27127,0.045,0,0.0106,0.0721,0.0615,none_supported,none_supported,1,1
27129,0.0444,0,0.0106,0.0721,0.0615,none_supported,none_supported,1,1
27131,0.1164,1,0.1304,0.2195,0.0891,none_supported,none_supported,0,0
27133,0.0416,0,0.0106,0.0685,0.0579,none_supported,none_supported,1,1
27135,0.0419,0,0.0106,0.0721,0.0615,none_supported,none_supported,1,1
27137,0.1665,0,0.1714,0.2589,0.0875,none_supported,none_supported,1,1
27139,0.1621,0,0.1714,0.2589,0.0875,none_supported,none_supported,1,1
27141,0.1235,0,0.1304,0.2589,0.1285,none_supported,none_supported,1,1
27143,0.0509,0,0.0106,0.0721,0.0615,none_supported,none_supported,1,1
27145,0.1291,1,0.1707,0.2589,0.0882,none_supported,none_supported,0,0
27147,0.0804,0,0.0743,0.125,0.0507,none_supported,none_supported,1,1
27149,0.0427,0,0.0106,0.0721,0.0615,none_supported,none_supported,1,1
27151,0.0364,0,0.0,0.0571,0.0571,none_supported,none_supported,1,1
27153,0.0531,0,0.0234,0.0744,0.051,none_supported,none_supported,1,1
27155,0.0252,0,0.0,0.0267,0.0267,none_supported,none_supported,1,1
27157,0.0637,0,0.0234,0.08,0.0566,none_supported,none_supported,1,1
27159,0.0472,0,0.0106,0.0721,0.0615,none_supported,none_supported,1,1
27161,0.0611,0,0.0234,0.0761,0.0527,none_supported,none_supported,1,1
27163,0.2134,0,0.1735,0.3,0.1265,none_supported,atypical,1,0
27165,0.0466,0,0.0106,0.0721,0.0615,none_supported,none_supported,1,1
27167,0.0323,0,0.0,0.039,0.039,none_supported,none_supported,1,1
27169,0.096,0,0.0743,0.1765,0.1022,none_supported,none_supported,1,1
27171,0.1347,1,0.1707,0.2589,0.0882,none_supported,none_supported,0,0
27173,0.0383,0,0.0,0.0571,0.0571,none_supported,none_supported,1,1
28001,0.0829,0,0.0743,0.15,0.0757,none_supported,none_supported,1,1
28003,0.0653,0,0.0234,0.0833,0.0599,none_supported,none_supported,1,1
28005,0.0466,0,0.0106,0.0721,0.0615,none_supported,none_supported,1,1
28007,0.0551,0,0.0234,0.0744,0.051,none_supported,none_supported,1,1
28009,0.0393,0,0.0,0.0571,0.0571,none_supported,none_supported,1,1
28011,0.0847,0,0.0465,0.15,0.1035,none_supported,none_supported,1,1
28013,0.0447,0,0.0106,0.0721,0.0615,none_supported,none_supported,1,1
28015,0.0387,0,0.0,0.0571,0.0571,none_supported,none_supported,1,1
28017,0.0594,0,0.0234,0.0761,0.0527,none_supported,none_supported,1,1
28019,0.0371,0,0.0,0.0526,0.0526,none_supported,none_supported,1,1
28021,0.0632,0,0.0234,0.1,0.0766,none_supported,none_supported,1,1
28023,0.0508,0,0.0106,0.0721,0.0615,none_supported,none_supported,1,1
28025,0.0689,0,0.0234,0.1143,0.0909,none_supported,none_supported,1,1
28027,0.2584,0,0.1735,0.3,0.1265,none_supported,atypical,1,0
28029,0.071,0,0.0234,0.1176,0.0943,none_supported,none_supported,1,1
28031,0.059,0,0.0234,0.0761,0.0527,none_supported,none_supported,1,1
28033,0.3399,0,0.25,0.5294,0.2794,none_supported,atypical,1,0
28035,0.1144,0,0.1304,0.2195,0.0891,none_supported,none_supported,1,1
28037,0.0321,0,0.0,0.0476,0.0476,none_supported,none_supported,1,1
28039,0.0508,0,0.0106,0.0721,0.0615,none_supported,none_supported,1,1
28041,0.0396,0,0.0082,0.0571,0.0489,none_supported,none_supported,1,1
28043,0.0666,0,0.0234,0.0833,0.0599,none_supported,none_supported,1,1
28045,0.0738,0,0.0741,0.1212,0.0471,none_supported,none_supported,1,1
28047,0.1621,0,0.1714,0.2589,0.0875,none_supported,none_supported,1,1
28049,0.4694,1,0.2647,0.5652,0.3005,none_supported,atypical,0,0
28051,0.077,0,0.0234,0.15,0.1266,none_supported,none_supported,1,1
28053,0.0554,0,0.0234,0.0761,0.0527,none_supported,none_supported,1,1
28055,0.019,0,0.0,0.0187,0.0187,none_supported,none_supported,1,1
28057,0.0553,0,0.0106,0.0721,0.0615,none_supported,none_supported,1,1
28059,0.1316,0,0.1667,0.2589,0.0923,none_supported,none_supported,1,1
28061,0.0595,0,0.0234,0.0761,0.0527,none_supported,none_supported,1,1
28063,0.0533,0,0.0234,0.0761,0.0527,none_supported,none_supported,1,1
28065,0.0557,0,0.0234,0.0761,0.0527,none_supported,none_supported,1,1
28067,0.0912,0,0.0743,0.1765,0.1022,none_supported,none_supported,1,1
28069,0.0461,0,0.0106,0.0726,0.0619,none_supported,none_supported,1,1
28071,0.098,0,0.0743,0.1765,0.1022,none_supported,none_supported,1,1
28073,0.0914,0,0.0743,0.1765,0.1022,none_supported,none_supported,1,1
28075,0.2901,0,0.1735,0.5294,0.3559,none_supported,atypical,1,0
28077,0.0469,0,0.0106,0.0721,0.0615,none_supported,none_supported,1,1
28079,0.0628,0,0.0234,0.08,0.0566,none_supported,none_supported,1,1
28081,0.1074,0,0.0889,0.2169,0.128,none_supported,none_supported,1,1
28083,0.0934,0,0.0743,0.1525,0.0783,none_supported,none_supported,1,1
28085,0.0687,0,0.0465,0.0854,0.0389,none_supported,none_supported,1,1
28087,0.1049,0,0.0743,0.2195,0.1452,none_supported,none_supported,1,1
28089,0.5042,0,0.2647,0.5652,0.3005,none_supported,atypical,1,0
28091,0.0608,0,0.0234,0.08,0.0566,none_supported,none_supported,1,1
28093,0.0792,0,0.0465,0.125,0.0785,none_supported,none_supported,1,1
28095,0.0696,0,0.0234,0.0897,0.0664,none_supported,none_supported,1,1
28097,0.0471,0,0.0106,0.0721,0.0615,none_supported,none_supported,1,1
28099,0.0641,0,0.0234,0.08,0.0566,none_supported,none_supported,1,1
28101,0.0549,0,0.0234,0.0744,0.051,none_supported,none_supported,1,1
28103,0.0562,0,0.0234,0.0761,0.0527,none_supported,none_supported,1,1
28105,0.103,0,0.0743,0.2195,0.1452,none_supported,none_supported,1,1
28107,0.0768,0,0.0465,0.1212,0.0747,none_supported,none_supported,1,1
28109,0.0761,0,0.0741,0.1212,0.0471,none_supported,none_supported,1,1
28111,0.0352,0,0.0,0.0571,0.0571,none_supported,none_supported,1,1
28113,0.0927,0,0.0743,0.1731,0.0988,none_supported,none_supported,1,1
28115,0.0607,0,0.0234,0.08,0.0566,none_supported,none_supported,1,1
28117,0.0578,0,0.0234,0.0773,0.054,none_supported,none_supported,1,1
28119,0.0447,0,0.0106,0.0721,0.0615,none_supported,none_supported,1,1
28121,0.3416,0,0.2623,0.5294,0.2671,none_supported,atypical,1,0
28123,0.0679,0,0.0234,0.0897,0.0664,none_supported,none_supported,1,1
28125,0.0392,0,0.0,0.0526,0.0526,none_supported,none_supported,1,1
28127,0.0661,0,0.0234,0.08,0.0566,none_supported,none_supported,1,1
28129,0.0442,0,0.0106,0.0721,0.0615,none_supported,none_supported,1,1
28131,0.0487,0,0.0106,0.0721,0.0615,none_supported,none_supported,1,1
28133,0.0856,0,0.0465,0.15,0.1035,none_supported,none_supported,1,1
28135,0.055,0,0.0234,0.0761,0.0527,none_supported,none_supported,1,1
28137,0.0658,0,0.0234,0.0833,0.0599,none_supported,none_supported,1,1
28139,0.0532,0,0.0106,0.0721,0.0615,none_supported,none_supported,1,1
28141,0.0509,0,0.0106,0.0721,0.0615,none_supported,none_supported,1,1
28143,0.0539,0,0.0234,0.0761,0.0527,none_supported,none_supported,1,1
28145,0.0602,0,0.0234,0.08,0.0566,none_supported,none_supported,1,1
28147,0.0536,0,0.0106,0.0744,0.0637,none_supported,none_supported,1,1
28149,0.2863,0,0.1735,0.3333,0.1599,none_supported,atypical,1,0
28151,0.106,0,0.0743,0.2195,0.1452,none_supported,none_supported,1,1
28153,0.055,0,0.0234,0.0744,0.051,none_supported,none_supported,1,1
28155,0.0382,0,0.0,0.0556,0.0556,none_supported,none_supported,1,1
28157,0.0504,0,0.0234,0.0744,0.051,none_supported,none_supported,1,1
28159,0.0569,0,0.0234,0.0761,0.0527,none_supported,none_supported,1,1
28161,0.0492,0,0.0106,0.0721,0.0615,none_supported,none_supported,1,1
28163,0.0699,0,0.0234,0.1139,0.0905,none_supported,none_supported,1,1
29001,0.0654,0,0.0234,0.08,0.0566,none_supported,none_supported,1,1
29003,0.056,0,0.0106,0.0721,0.0615,none_supported,none_supported,1,1
29005,0.0244,0,0.0,0.0316,0.0316,none_supported,none_supported,1,1
29007,0.0577,0,0.0234,0.0778,0.0544,none_supported,none_supported,1,1
29009,0.0604,0,0.0234,0.08,0.0566,none_supported,none_supported,1,1
29011,0.033,0,0.0,0.0556,0.0556,none_supported,none_supported,1,1
29013,0.0473,0,0.0106,0.0721,0.0615,none_supported,none_supported,1,1
29015,0.0506,0,0.0106,0.0721,0.0615,none_supported,none_supported,1,1
29017,0.0349,0,0.0,0.0465,0.0465,none_supported,none_supported,1,1
29019,0.1977,1,0.1714,0.2787,0.1073,none_supported,atypical,0,0
29021,0.1155,0,0.1304,0.2195,0.0891,none_supported,none_supported,1,1
29023,0.0697,0,0.0465,0.0833,0.0368,none_supported,none_supported,1,1
29025,0.0407,0,0.0106,0.0694,0.0588,none_supported,none_supported,1,1
29027,0.0735,0,0.0465,0.1212,0.0747,none_supported,none_supported,1,1
29029,0.2222,1,0.1714,0.3,0.1286,none_supported,atypical,0,0
29031,0.1027,0,0.0743,0.1765,0.1022,none_supported,none_supported,1,1
29033,0.0342,0,0.0,0.039,0.039,none_supported,none_supported,1,1
29035,0.0263,0,0.0,0.0294,0.0294,none_supported,none_supported,1,1
29037,0.3282,0,0.25,0.5294,0.2794,none_supported,atypical,1,0
29039,0.0441,0,0.0106,0.0721,0.0615,none_supported,none_supported,1,1
29041,0.0338,0,0.0,0.039,0.039,none_supported,none_supported,1,1
29043,0.1034,0,0.0743,0.1765,0.1022,none_supported,none_supported,1,1
29045,0.0329,0,0.0,0.039,0.039,none_supported,none_supported,1,1
29047,0.502,0,0.2647,0.5652,0.3005,none_supported,atypical,1,0
29049,0.0604,0,0.0234,0.0744,0.051,none_supported,none_supported,1,1
29051,0.1091,0,0.0889,0.2195,0.1306,none_supported,none_supported,1,1
29053,0.0519,0,0.0106,0.0721,0.0615,none_supported,none_supported,1,1
29055,0.0528,0,0.0106,0.0721,0.0615,none_supported,none_supported,1,1
29057,0.0292,0,0.0,0.039,0.039,none_supported,none_supported,1,1
29059,0.051,0,0.0106,0.0721,0.0615,none_supported,none_supported,1,1
29061,0.0327,0,0.0,0.039,0.039,none_supported,none_supported,1,1
29063,0.0371,0,0.0082,0.0588,0.0506,none_supported,none_supported,1,1
29065,0.0412,0,0.0082,0.0704,0.0622,none_supported,none_supported,1,1
29067,0.0338,0,0.0,0.0503,0.0503,none_supported,none_supported,1,1
29069,0.0587,0,0.0234,0.08,0.0566,none_supported,none_supported,1,1
29071,0.4609,1,0.2647,0.5652,0.3005,none_supported,atypical,0,0
29073,0.0438,0,0.0106,0.0721,0.0615,none_supported,none_supported,1,1
29075,0.0315,0,0.0,0.0375,0.0375,none_supported,none_supported,1,1
29077,0.1846,0,0.1714,0.2787,0.1073,none_supported,atypical,1,0
29079,0.0351,0,0.0,0.0541,0.0541,none_supported,none_supported,1,1
29081,0.0337,0,0.0,0.039,0.039,none_supported,none_supported,1,1
29083,0.0567,0,0.0106,0.0738,0.0631,none_supported,none_supported,1,1
29085,0.0354,0,0.0,0.0488,0.0488,none_supported,none_supported,1,1
29087,0.0252,0,0.0,0.0263,0.0263,none_supported,none_supported,1,1
29089,0.0424,0,0.0106,0.0704,0.0598,none_supported,none_supported,1,1
29091,0.068,0,0.0234,0.08,0.0566,none_supported,none_supported,1,1
29093,0.0372,0,0.0,0.05,0.05,none_supported,none_supported,1,1
29095,0.5811,1,0.3333,0.75,0.4167,enacted_supported,atypical,1,0
29097,0.4972,0,0.2647,0.6,0.3353,indeterminate,atypical,1,0
29099,0.3967,0,0.2623,0.5652,0.3029,none_supported,atypical,1,0
29101,0.0842,0,0.0743,0.125,0.0507,none_supported,none_supported,1,1
29103,0.0236,0,0.0,0.025,0.025,none_supported,none_supported,1,1
29105,0.0627,0,0.0234,0.08,0.0566,none_supported,none_supported,1,1
29107,0.0628,0,0.0234,0.0833,0.0599,none_supported,none_supported,1,1
29109,0.068,0,0.0234,0.0833,0.0599,none_supported,none_supported,1,1
29111,0.0383,0,0.0,0.0556,0.0556,none_supported,none_supported,1,1
29113,0.0853,0,0.0743,0.1698,0.0955,none_supported,none_supported,1,1
29115,0.0406,0,0.0106,0.0679,0.0572,none_supported,none_supported,1,1
29117,0.0465,0,0.0106,0.0721,0.0615,none_supported,none_supported,1,1
29119,0.0572,0,0.0106,0.0721,0.0615,none_supported,none_supported,1,1
29121,0.0439,0,0.0106,0.0721,0.0615,none_supported,none_supported,1,1
29123,0.043,0,0.0106,0.0711,0.0605,none_supported,none_supported,1,1
29125,0.0336,0,0.0,0.039,0.039,none_supported,none_supported,1,1
29127,0.0654,0,0.0234,0.08,0.0566,none_supported,none_supported,1,1
29129,0.0223,0,0.0,0.0241,0.0241,none_supported,none_supported,1,1
29131,0.0562,0,0.0106,0.0721,0.0615,none_supported,none_supported,1,1
29133,0.0445,0,0.0106,0.0721,0.0615,none_supported,none_supported,1,1
29135,0.047,0,0.0106,0.0721,0.0615,none_supported,none_supported,1,1
29137,0.0349,0,0.0,0.0417,0.0417,none_supported,none_supported,1,1
29139,0.2314,0,0.1714,0.3,0.1286,none_supported,atypical,1,0
29141,0.0531,0,0.0106,0.0721,0.0615,none_supported,none_supported,1,1
29143,0.0445,0,0.0106,0.0721,0.0615,none_supported,none_supported,1,1
29145,0.0864,0,0.0743,0.1429,0.0686,none_supported,none_supported,1,1
29147,0.1626,0,0.1714,0.2698,0.0984,none_supported,none_supported,1,1
29149,0.0323,0,0.0,0.039,0.039,none_supported,none_supported,1,1
29151,0.0416,0,0.0082,0.0571,0.0489,none_supported,none_supported,1,1
29153,0.032,0,0.0,0.039,0.039,none_supported,none_supported,1,1
29155,0.0493,0,0.0106,0.0721,0.0615,none_supported,none_supported,1,1
29157,0.0508,0,0.0106,0.0721,0.0615,none_supported,none_supported,1,1
29159,0.0763,0,0.0465,0.1212,0.0747,none_supported,none_supported,1,1
29161,0.0747,0,0.0741,0.125,0.0509,none_supported,none_supported,1,1
29163,0.0456,0,0.0106,0.0721,0.0615,none_supported,none_supported,1,1
29165,0.1975,0,0.1714,0.2787,0.1073,none_supported,atypical,1,0
29167,0.0645,0,0.0234,0.08,0.0566,none_supported,none_supported,1,1
29169,0.0828,0,0.0743,0.125,0.0507,none_supported,none_supported,1,1
29171,0.0266,0,0.0,0.0274,0.0274,none_supported,none_supported,1,1
29173,0.0407,0,0.0,0.0571,0.0571,none_supported,none_supported,1,1
29175,0.0583,0,0.0234,0.08,0.0566,none_supported,none_supported,1,1
29177,0.0605,0,0.0234,0.0748,0.0514,none_supported,none_supported,1,1
29179,0.0239,0,0.0,0.0303,0.0303,none_supported,none_supported,1,1
29181,0.0346,0,0.0,0.05,0.05,none_supported,none_supported,1,1
29183,0.5329,1,0.2647,0.6,0.3353,indeterminate,atypical,1,0
29185,0.0362,0,0.0,0.0435,0.0435,none_supported,none_supported,1,1
29186,0.0514,0,0.0106,0.0738,0.0631,none_supported,none_supported,1,1
29187,0.0942,0,0.0743,0.1765,0.1022,none_supported,none_supported,1,1
29189,0.6963,0,0.3333,0.8,0.4667,enacted_supported,atypical,0,0
29195,0.0552,0,0.0234,0.0753,0.0519,none_supported,none_supported,1,1
29197,0.026,0,0.0,0.0294,0.0294,none_supported,none_supported,1,1
29199,0.0256,0,0.0,0.0297,0.0297,none_supported,none_supported,1,1
29201,0.0739,0,0.0465,0.1139,0.0674,none_supported,none_supported,1,1
29203,0.0256,0,0.0,0.0323,0.0323,none_supported,none_supported,1,1
29205,0.0316,0,0.0,0.0326,0.0326,none_supported,none_supported,1,1
29207,0.0523,0,0.0106,0.0721,0.0615,none_supported,none_supported,1,1
29209,0.0625,0,0.0234,0.08,0.0566,none_supported,none_supported,1,1
29211,0.0277,0,0.0,0.0319,0.0319,none_supported,none_supported,1,1
29213,0.0766,0,0.0743,0.125,0.0507,none_supported,none_supported,1,1
29215,0.0512,0,0.0106,0.0721,0.0615,none_supported,none_supported,1,1
29217,0.0506,0,0.0106,0.0721,0.0615,none_supported,none_supported,1,1
29219,0.2246,0,0.1714,0.3,0.1286,none_supported,atypical,1,0
29221,0.0477,0,0.0106,0.0721,0.0615,none_supported,none_supported,1,1
29223,0.0363,0,0.0,0.0465,0.0465,none_supported,none_supported,1,1
29225,0.2096,0,0.1714,0.3,0.1286,none_supported,atypical,1,0
29227,0.0211,0,0.0,0.0187,0.0187,none_supported,none_supported,1,1
29229,0.0477,0,0.0106,0.0721,0.0615,none_supported,none_supported,1,1
29510,0.3941,0,0.2623,0.5294,0.2671,none_supported,atypical,1,0
30001,0.0271,0,0.0,0.0353,0.0353,none_supported,none_supported,1,1
30003,0.0362,0,0.0106,0.0711,0.0605,none_supported,none_supported,1,1
30005,0.0253,0,0.0,0.039,0.039,none_supported,none_supported,1,1
30007,0.0289,0,0.0,0.0337,0.0337,none_supported,none_supported,1,1
30009,0.0374,0,0.0,0.0526,0.0526,none_supported,none_supported,1,1
30011,0.0113,0,0.0,0.0187,0.0187,none_supported,none_supported,1,1
30013,0.0961,0,0.0743,0.1765,0.1022,none_supported,none_supported,1,1
30015,0.0277,0,0.0,0.0294,0.0294,none_supported,none_supported,1,1
30017,0.0339,0,0.0,0.0571,0.0571,none_supported,none_supported,1,1
30019,0.0124,0,0.0,0.0187,0.0187,none_supported,none_supported,1,1
30021,0.0294,0,0.0,0.0353,0.0353,none_supported,none_supported,1,1
30023,0.042,0,0.0106,0.0721,0.0615,none_supported,none_supported,1,1
30025,0.0173,0,0.0,0.0187,0.0187,none_supported,none_supported,1,1
30027,0.0311,0,0.0,0.039,0.039,none_supported,none_supported,1,1
30029,0.092,0,0.0743,0.1765,0.1022,none_supported,none_supported,1,1
30031,0.1203,0,0.1569,0.2273,0.0704,none_supported,none_supported,1,1
30033,0.0072,0,0.0,0.0184,0.0184,none_supported,none_supported,1,1
30035,0.05,0,0.0234,0.0744,0.051,none_supported,none_supported,1,1
30037,0.0108,0,0.0,0.0187,0.0187,none_supported,none_supported,1,1
30039,0.0244,0,0.0,0.0253,0.0253,none_supported,none_supported,1,1
30041,0.0398,0,0.0106,0.0721,0.0615,none_supported,none_supported,1,1
30043,0.0421,0,0.0106,0.0588,0.0482,none_supported,none_supported,1,1
30045,0.0171,0,0.0,0.0187,0.0187,none_supported,none_supported,1,1
30047,0.0662,0,0.0234,0.0897,0.0664,none_supported,none_supported,1,1
30049,0.0927,0,0.0743,0.15,0.0757,none_supported,none_supported,1,1
30051,0.0172,0,0.0,0.0187,0.0187,none_supported,none_supported,1,1
30053,0.0439,0,0.0106,0.0721,0.0615,none_supported,none_supported,1,1
30055,0.014,0,0.0,0.0187,0.0187,none_supported,none_supported,1,1
30057,0.0284,0,0.0,0.038,0.038,none_supported,none_supported,1,1
30059,0.0148,0,0.0,0.0187,0.0187,none_supported,none_supported,1,1
30061,0.0253,0,0.0,0.0278,0.0278,none_supported,none_supported,1,1
30063,0.1271,1,0.1707,0.2589,0.0882,none_supported,none_supported,0,0
30065,0.0228,0,0.0,0.0239,0.0239,none_supported,none_supported,1,1
30067,0.0506,0,0.0234,0.0744,0.051,none_supported,none_supported,1,1
30069,0.0057,0,0.0,0.0183,0.0183,none_supported,none_supported,1,1
30071,0.0183,0,0.0,0.0187,0.0187,none_supported,none_supported,1,1
30073,0.028,0,0.0,0.0319,0.0319,none_supported,none_supported,1,1
30075,0.0118,0,0.0,0.0187,0.0187,none_supported,none_supported,1,1
30077,0.0277,0,0.0,0.0312,0.0312,none_supported,none_supported,1,1
30079,0.0119,0,0.0,0.0187,0.0187,none_supported,none_supported,1,1
30081,0.0665,0,0.0234,0.0854,0.062,none_supported,none_supported,1,1
30083,0.0297,0,0.0,0.039,0.039,none_supported,none_supported,1,1
30085,0.0382,0,0.0,0.0571,0.0571,none_supported,none_supported,1,1
30087,0.0307,0,0.0,0.0326,0.0326,none_supported,none_supported,1,1
30089,0.0352,0,0.0,0.0455,0.0455,none_supported,none_supported,1,1
30091,0.0218,0,0.0,0.0222,0.0222,none_supported,none_supported,1,1
30093,0.0826,0,0.0743,0.15,0.0757,none_supported,none_supported,1,1
30095,0.0292,0,0.0,0.039,0.039,none_supported,none_supported,1,1
30097,0.0219,0,0.0,0.0204,0.0204,none_supported,none_supported,1,1
30099,0.0242,0,0.0,0.03,0.03,none_supported,none_supported,1,1
30101,0.0217,0,0.0,0.025,0.025,none_supported,none_supported,1,1
30103,0.0089,0,0.0,0.0187,0.0187,none_supported,none_supported,1,1
30105,0.0247,0,0.0,0.0294,0.0294,none_supported,none_supported,1,1
30107,0.0181,0,0.0,0.0187,0.0187,none_supported,none_supported,1,1
30109,0.0122,0,0.0,0.0187,0.0187,none_supported,none_supported,1,1
30111,0.1231,0,0.1667,0.2589,0.0923,none_supported,none_supported,1,1
31001,0.0699,0,0.0234,0.0833,0.0599,none_supported,none_supported,1,1
31003,0.0274,0,0.0,0.0294,0.0294,none_supported,none_supported,1,1
31005,0.008,0,0.0,0.0184,0.0184,none_supported,none_supported,1,1
31007,0.0093,0,0.0,0.0185,0.0185,none_supported,none_supported,1,1
31009,0.0085,0,0.0,0.0184,0.0184,none_supported,none_supported,1,1
31011,0.0269,0,0.0,0.0294,0.0294,none_supported,none_supported,1,1
31013,0.0379,0,0.0,0.05,0.05,none_supported,none_supported,1,1
31015,0.0151,0,0.0,0.0187,0.0187,none_supported,none_supported,1,1
31017,0.0179,0,0.0,0.0187,0.0187,none_supported,none_supported,1,1
31019,0.0881,0,0.0743,0.1765,0.1022,none_supported,none_supported,1,1
31021,0.0338,0,0.0,0.039,0.039,none_supported,none_supported,1,1
31023,0.0359,0,0.0,0.0417,0.0417,none_supported,none_supported,1,1
31025,0.0652,0,0.0234,0.0833,0.0599,none_supported,none_supported,1,1
31027,0.0324,0,0.0,0.039,0.039,none_supported,none_supported,1,1
31029,0.0225,0,0.0,0.0213,0.0213,none_supported,none_supported,1,1
31031,0.0217,0,0.0,0.0196,0.0196,none_supported,none_supported,1,1
31033,0.0331,0,0.0,0.039,0.039,none_supported,none_supported,1,1
31035,0.0282,0,0.0,0.0326,0.0326,none_supported,none_supported,1,1
31037,0.0431,0,0.0106,0.0708,0.0601,none_supported,none_supported,1,1
31039,0.0367,0,0.0,0.0426,0.0426,none_supported,none_supported,1,1
31041,0.0267,1,0.0,0.039,0.039,none_supported,none_supported,0,0
31043,0.0672,0,0.0234,0.0833,0.0599,none_supported,none_supported,1,1
31045,0.0334,0,0.0,0.039,0.039,none_supported,none_supported,1,1
31047,0.0525,0,0.0234,0.0744,0.051,none_supported,none_supported,1,1
31049,0.0156,0,0.0,0.0187,0.0187,none_supported,none_supported,1,1
31051,0.0296,0,0.0,0.0326,0.0326,none_supported,none_supported,1,1
31053,0.0735,0,0.0465,0.125,0.0785,none_supported,none_supported,1,1
31055,0.3869,0,0.2623,0.5652,0.3029,none_supported,atypical,1,0
31057,0.0151,0,0.0,0.0187,0.0187,none_supported,none_supported,1,1
31059,0.0314,0,0.0,0.0326,0.0326,none_supported,none_supported,1,1
31061,0.0198,0,0.0,0.0196,0.0196,none_supported,none_supported,1,1
31063,0.0181,0,0.0,0.0187,0.0187,none_supported,none_supported,1,1
31065,0.0252,0,0.0,0.0256,0.0256,none_supported,none_supported,1,1
31067,0.0538,0,0.0234,0.0744,0.051,none_supported,none_supported,1,1
31069,0.0135,0,0.0,0.0187,0.0187,none_supported,none_supported,1,1
31071,0.0169,0,0.0,0.0187,0.0187,none_supported,none_supported,1,1
31073,0.0179,0,0.0,0.0187,0.0187,none_supported,none_supported,1,1
31075,0.0094,0,0.0,0.0185,0.0185,none_supported,none_supported,1,1
31077,0.0187,0,0.0,0.0187,0.0187,none_supported,none_supported,1,1
31079,0.0936,0,0.0743,0.1765,0.1022,none_supported,none_supported,1,1
31081,0.0381,0,0.0,0.05,0.05,none_supported,none_supported,1,1
31083,0.0198,0,0.0,0.0217,0.0217,none_supported,none_supported,1,1
31085,0.0118,0,0.0,0.0187,0.0187,none_supported,none_supported,1,1
31087,0.0182,1,0.0,0.0187,0.0187,none_supported,none_supported,0,0
31089,0.0307,0,0.0,0.0345,0.0345,none_supported,none_supported,1,1
31091,0.0094,0,0.0,0.0186,0.0186,none_supported,none_supported,1,1
31093,0.0283,0,0.0,0.037,0.037,none_supported,none_supported,1,1
31095,0.0322,0,0.0,0.039,0.039,none_supported,none_supported,1,1
31097,0.0288,0,0.0,0.039,0.039,none_supported,none_supported,1,1
31099,0.0319,0,0.0,0.039,0.039,none_supported,none_supported,1,1
31101,0.0318,0,0.0,0.039,0.039,none_supported,none_supported,1,1
31103,0.0122,0,0.0,0.0187,0.0187,none_supported,none_supported,1,1
31105,0.018,0,0.0,0.02,0.02,none_supported,none_supported,1,1
31107,0.034,0,0.0,0.039,0.039,none_supported,none_supported,1,1
31109,0.2061,0,0.1735,0.3,0.1265,none_supported,atypical,1,0
31111,0.0585,0,0.0234,0.0744,0.051,none_supported,none_supported,1,1
31113,0.0107,1,0.0,0.0187,0.0187,none_supported,none_supported,0,0
31115,0.0093,0,0.0,0.0186,0.0186,none_supported,none_supported,1,1
31117,0.0072,0,0.0,0.0184,0.0184,none_supported,none_supported,1,1
31119,0.0669,0,0.0234,0.0833,0.0599,none_supported,none_supported,1,1
31121,0.0333,0,0.0,0.039,0.039,none_supported,none_supported,1,1
31123,0.0193,0,0.0,0.0237,0.0237,none_supported,none_supported,1,1
31125,0.0248,0,0.0,0.0243,0.0243,none_supported,none_supported,1,1
31127,0.0383,0,0.0,0.0426,0.0426,none_supported,none_supported,1,1
31129,0.0213,0,0.0,0.0253,0.0253,none_supported,none_supported,1,1
31131,0.0496,1,0.0106,0.0721,0.0615,none_supported,none_supported,0,0
31133,0.0218,0,0.0,0.0204,0.0204,none_supported,none_supported,1,1
31135,0.0171,0,0.0,0.0187,0.0187,none_supported,none_supported,1,1
31137,0.036,0,0.0,0.0426,0.0426,none_supported,none_supported,1,1
31139,0.031,0,0.0,0.0366,0.0366,none_supported,none_supported,1,1
31141,0.0675,0,0.0234,0.08,0.0566,none_supported,none_supported,1,1
31143,0.0284,0,0.0,0.0319,0.0319,none_supported,none_supported,1,1
31145,0.0378,0,0.0,0.05,0.05,none_supported,none_supported,1,1
31147,0.0353,0,0.0,0.0426,0.0426,none_supported,none_supported,1,1
31149,0.0136,0,0.0,0.0187,0.0187,none_supported,none_supported,1,1
31151,0.0493,0,0.0106,0.0721,0.0615,none_supported,none_supported,1,1
31153,0.2925,0,0.1735,0.3333,0.1599,none_supported,atypical,1,0
31155,0.0532,0,0.0234,0.0744,0.051,none_supported,none_supported,1,1
31157,0.0707,0,0.0234,0.0833,0.0599,none_supported,none_supported,1,1
31159,0.0503,1,0.0106,0.0721,0.0615,none_supported,none_supported,0,0
31161,0.0192,0,0.0,0.0231,0.0231,none_supported,none_supported,1,1
31163,0.0188,0,0.0,0.0227,0.0227,none_supported,none_supported,1,1
31165,0.0103,0,0.0,0.0187,0.0187,none_supported,none_supported,1,1
31167,0.0288,0,0.0,0.0326,0.0326,none_supported,none_supported,1,1
31169,0.0235,0,0.0,0.0294,0.0294,none_supported,none_supported,1,1
31171,0.0091,0,0.0,0.0185,0.0185,none_supported,none_supported,1,1
31173,0.0392,0,0.0,0.0625,0.0625,none_supported,none_supported,1,1
31175,0.0246,0,0.0,0.0256,0.0256,none_supported,none_supported,1,1
31177,0.0603,0,0.0234,0.0791,0.0557,none_supported,none_supported,1,1
31179,0.0408,0,0.0,0.0571,0.0571,none_supported,none_supported,1,1
31181,0.0233,0,0.0,0.0236,0.0236,none_supported,none_supported,1,1
31183,0.0122,0,0.0,0.0187,0.0187,none_supported,none_supported,1,1
31185,0.0459,0,0.0106,0.0721,0.0615,none_supported,none_supported,1,1
32001,0.0415,0,0.0106,0.0721,0.0615,none_supported,none_supported,1,1
32003,0.5012,0,0.2647,0.5652,0.3005,none_supported,atypical,1,0
32005,0.0834,0,0.0743,0.125,0.0507,none_supported,none_supported,1,1
32007,0.0516,0,0.0234,0.0744,0.051,none_supported,none_supported,1,1
32009,0.0094,0,0.0,0.0185,0.0185,none_supported,none_supported,1,1
32011,0.0113,0,0.0,0.0187,0.0187,none_supported,none_supported,1,1
32013,0.0341,0,0.0,0.0426,0.0426,none_supported,none_supported,1,1
32015,0.0219,0,0.0,0.0208,0.0208,none_supported,none_supported,1,1
32017,0.0156,0,0.0,0.0187,0.0187,none_supported,none_supported,1,1
32019,0.0755,0,0.0741,0.1212,0.0471,none_supported,none_supported,1,1
32021,0.0227,0,0.0,0.0238,0.0238,none_supported,none_supported,1,1
32023,0.0533,0,0.0234,0.0769,0.0535,none_supported,none_supported,1,1
32027,0.0215,0,0.0,0.0247,0.0247,none_supported,none_supported,1,1
32029,0.039,0,0.0,0.0571,0.0571,none_supported,none_supported,1,1
32031,0.2699,1,0.1735,0.35,0.1765,none_supported,atypical,0,0
32033,0.0219,0,0.0,0.029,0.029,none_supported,none_supported,1,1
32510,0.1221,0,0.1304,0.2544,0.124,none_supported,none_supported,1,1
33001,0.1078,0,0.0743,0.2195,0.1452,none_supported,none_supported,1,1
33003,0.0949,0,0.0743,0.1765,0.1022,none_supported,none_supported,1,1
33005,0.1207,0,0.1304,0.2273,0.0968,none_supported,none_supported,1,1
33007,0.0649,0,0.0234,0.0897,0.0664,none_supported,none_supported,1,1
33009,0.1258,0,0.1304,0.2273,0.0968,none_supported,none_supported,1,1
33011,0.231,0,0.1735,0.3,0.1265,none_supported,atypical,1,0
33013,0.1517,0,0.1714,0.2589,0.0875,none_supported,none_supported,1,1
33015,0.3351,0,0.2623,0.5294,0.2671,none_supported,atypical,1,0
33017,0.18,0,0.1714,0.2787,0.1073,none_supported,atypical,1,0
33019,0.0935,0,0.0743,0.1765,0.1022,none_supported,none_supported,1,1
34001,0.1999,0,0.1735,0.2903,0.1169,none_supported,atypical,1,0
34003,0.3804,0,0.2623,0.5652,0.3029,none_supported,atypical,1,0
34005,0.2634,1,0.1735,0.3333,0.1599,none_supported,atypical,0,0
34007,0.3045,1,0.25,0.5294,0.2794,none_supported,atypical,0,0
34009,0.1356,0,0.1707,0.2589,0.0882,none_supported,none_supported,1,1
34011,0.5596,1,0.3333,0.7143,0.381,enacted_supported,atypical,1,0
34013,0.5765,0,0.3333,0.75,0.4167,enacted_supported,atypical,0,0
34015,0.5121,0,0.325,0.6364,0.3114,enacted_supported,atypical,0,0
34017,0.5713,0,0.2647,0.7143,0.4496,enacted_supported,atypical,0,0
34019,0.1502,0,0.1707,0.2589,0.0882,none_supported,none_supported,1,1
34021,0.3026,0,0.25,0.5294,0.2794,none_supported,atypical,1,0
34023,0.5163,1,0.2647,0.6,0.3353,enacted_supported,atypical,1,0
34025,0.2961,1,0.25,0.5294,0.2794,none_supported,atypical,0,0
34027,0.2524,0,0.1735,0.4,0.2265,none_supported,atypical,1,0
34029,0.2596,0,0.1735,0.3,0.1265,none_supported,atypical,1,0
34031,0.3409,0,0.2623,0.5294,0.2671,none_supported,atypical,1,0
34033,0.1098,0,0.0743,0.2195,0.1452,none_supported,none_supported,1,1
34035,0.3368,1,0.2623,0.5294,0.2671,none_supported,atypical,0,0
34037,0.3766,0,0.2623,0.5652,0.3029,none_supported,atypical,1,0
34039,0.5208,1,0.325,0.7143,0.3893,enacted_supported,atypical,1,0
34041,0.1342,1,0.1707,0.2589,0.0882,none_supported,none_supported,0,0
35001,0.3651,1,0.2623,0.5294,0.2671,none_supported,atypical,0,0
35003,0.0163,0,0.0,0.0187,0.0187,none_supported,none_supported,1,1
35005,0.0695,0,0.0234,0.0897,0.0664,none_supported,none_supported,1,1
35006,0.0595,0,0.0234,0.0778,0.0544,none_supported,none_supported,1,1
35007,0.0387,0,0.0,0.0571,0.0571,none_supported,none_supported,1,1
35009,0.0722,0,0.0465,0.1139,0.0674,none_supported,none_supported,1,1
35011,0.0148,0,0.0,0.0187,0.0187,none_supported,none_supported,1,1
35013,0.1699,0,0.1714,0.2787,0.1073,none_supported,none_supported,1,1
35015,0.069,0,0.0234,0.0809,0.0575,none_supported,none_supported,1,1
35017,0.0634,0,0.0234,0.08,0.0566,none_supported,none_supported,1,1
35019,0.0269,0,0.0,0.0297,0.0297,none_supported,none_supported,1,1
35021,0.0102,0,0.0,0.0187,0.0187,none_supported,none_supported,1,1
35023,0.0236,0,0.0,0.0238,0.0238,none_supported,none_supported,1,1
35025,0.0718,0,0.0465,0.0971,0.0506,none_supported,none_supported,1,1
35027,0.0407,0,0.0106,0.0721,0.0615,none_supported,none_supported,1,1
35028,0.0902,0,0.0743,0.1591,0.0848,none_supported,none_supported,1,1
35029,0.0527,0,0.0234,0.0761,0.0527,none_supported,none_supported,1,1
35031,0.0936,0,0.0743,0.2195,0.1452,none_supported,none_supported,1,1
35033,0.0303,0,0.0,0.0345,0.0345,none_supported,none_supported,1,1
35035,0.0731,0,0.0465,0.1139,0.0674,none_supported,none_supported,1,1
35037,0.0309,0,0.0,0.039,0.039,none_supported,none_supported,1,1
35039,0.0755,0,0.0234,0.1139,0.0905,none_supported,none_supported,1,1
35041,0.0422,0,0.0106,0.0721,0.0615,none_supported,none_supported,1,1
35043,0.1337,0,0.1707,0.2589,0.0882,none_supported,none_supported,1,1
35045,0.0982,0,0.0743,0.1765,0.1022,none_supported,none_supported,1,1
35047,0.0688,0,0.0234,0.1,0.0766,none_supported,none_supported,1,1
35049,0.1838,1,0.1714,0.2787,0.1073,none_supported,atypical,0,0
35051,0.0374,0,0.0,0.0526,0.0526,none_supported,none_supported,1,1
35053,0.0407,1,0.0106,0.0721,0.0615,none_supported,none_supported,0,0
35055,0.0899,0,0.0465,0.15,0.1035,none_supported,none_supported,1,1
35057,0.0374,0,0.0106,0.0667,0.056,none_supported,none_supported,1,1
35059,0.0211,0,0.0,0.0196,0.0196,none_supported,none_supported,1,1
35061,0.1438,0,0.1707,0.2589,0.0882,none_supported,none_supported,1,1
36001,0.357,0,0.2623,0.5294,0.2671,none_supported,atypical,1,0
36003,0.0727,0,0.0465,0.1212,0.0747,none_supported,none_supported,1,1
36005,0.4964,0,0.2647,0.7143,0.4496,indeterminate,atypical,1,0
36007,0.1713,0,0.1714,0.2589,0.0875,none_supported,none_supported,1,1
36009,0.0932,0,0.0743,0.1765,0.1022,none_supported,none_supported,1,1
36011,0.1111,0,0.0889,0.2195,0.1306,none_supported,none_supported,1,1
36013,0.3504,0,0.2623,0.5294,0.2671,none_supported,atypical,1,0
36015,0.1211,0,0.1304,0.2566,0.1262,none_supported,none_supported,1,1
36017,0.0809,0,0.0743,0.125,0.0507,none_supported,none_supported,1,1
36019,0.1144,0,0.0889,0.2195,0.1306,none_supported,none_supported,1,1
36021,0.115,0,0.0889,0.2222,0.1333,none_supported,none_supported,1,1
36023,0.095,0,0.0743,0.1765,0.1022,none_supported,none_supported,1,1
36025,0.0806,0,0.0465,0.1212,0.0747,none_supported,none_supported,1,1
36027,0.2045,0,0.1735,0.2903,0.1169,none_supported,atypical,1,0
36029,0.4722,0,0.2647,0.5652,0.3005,none_supported,atypical,1,0
36031,0.0773,0,0.0465,0.1212,0.0747,none_supported,none_supported,1,1
36033,0.0817,0,0.0743,0.125,0.0507,none_supported,none_supported,1,1
36035,0.09,0,0.0743,0.1765,0.1022,none_supported,none_supported,1,1
36037,0.2744,0,0.1735,0.35,0.1765,none_supported,atypical,1,0
36039,0.0888,0,0.0743,0.1607,0.0864,none_supported,none_supported,1,1
36041,0.0263,0,0.0,0.0303,0.0303,none_supported,none_supported,1,1
36043,0.2387,0,0.1735,0.3333,0.1599,none_supported,atypical,1,0
36045,0.1199,0,0.1304,0.2195,0.0891,none_supported,none_supported,1,1
36047,0.576,0,0.3333,0.75,0.4167,enacted_supported,atypical,0,0
36049,0.0579,0,0.0234,0.0744,0.051,none_supported,none_supported,1,1
36051,0.1017,0,0.0743,0.1765,0.1022,none_supported,none_supported,1,1
36053,0.1068,0,0.0743,0.2195,0.1452,none_supported,none_supported,1,1
36055,0.3154,0,0.25,0.5294,0.2794,none_supported,atypical,1,0
36057,0.0937,0,0.0743,0.1765,0.1022,none_supported,none_supported,1,1
36059,0.3936,1,0.2623,0.5652,0.3029,none_supported,atypical,0,0
36061,0.6103,0,0.3333,1.0,0.6667,enacted_supported,atypical,0,0
36063,0.295,1,0.25,0.5294,0.2794,none_supported,atypical,0,0
36065,0.162,0,0.1714,0.2589,0.0875,none_supported,none_supported,1,1
36067,0.4284,1,0.2647,0.5652,0.3005,none_supported,atypical,0,0
36069,0.1395,0,0.1707,0.2589,0.0882,none_supported,none_supported,1,1
36071,0.2097,0,0.1735,0.3,0.1265,none_supported,atypical,1,0
36073,0.0807,0,0.0743,0.125,0.0507,none_supported,none_supported,1,1
36075,0.1217,0,0.1304,0.2589,0.1285,none_supported,none_supported,1,1
36077,0.2683,1,0.1735,0.35,0.1765,none_supported,atypical,0,0
36079,0.1387,0,0.1707,0.2589,0.0882,none_supported,none_supported,1,1
36081,0.551,0,0.2647,0.7143,0.4496,indeterminate,atypical,1,0
36083,0.1696,0,0.1714,0.2589,0.0875,none_supported,none_supported,1,1
36085,0.3193,0,0.2623,0.5294,0.2671,none_supported,atypical,1,0
36087,0.3117,0,0.25,0.4375,0.1875,none_supported,atypical,1,0
36089,0.3186,0,0.1735,0.5294,0.3559,none_supported,atypical,1,0
36091,0.1833,0,0.1714,0.2787,0.1073,none_supported,atypical,1,0
36093,0.1829,0,0.1735,0.2787,0.1052,none_supported,atypical,1,0
36095,0.066,0,0.0234,0.0897,0.0664,none_supported,none_supported,1,1
36097,0.0633,0,0.0234,0.08,0.0566,none_supported,none_supported,1,1
36099,0.0862,0,0.0743,0.1304,0.0561,none_supported,none_supported,1,1
36101,0.1039,0,0.0743,0.1765,0.1022,none_supported,none_supported,1,1
36103,0.5372,0,0.325,0.7143,0.3893,enacted_supported,atypical,0,0
36105,0.1052,0,0.0743,0.2195,0.1452,none_supported,none_supported,1,1
36107,0.0896,0,0.0743,0.1731,0.0988,none_supported,none_supported,1,1
36109,0.3959,1,0.2623,0.5652,0.3029,none_supported,atypical,0,0
36111,0.1765,0,0.1714,0.2698,0.0984,none_supported,none_supported,1,1
36113,0.1019,0,0.0743,0.2195,0.1452,none_supported,none_supported,1,1
36115,0.0934,0,0.0743,0.1765,0.1022,none_supported,none_supported,1,1
36117,0.1171,0,0.1304,0.2195,0.0891,none_supported,none_supported,1,1
36119,0.4102,0,0.2623,0.5652,0.3029,none_supported,atypical,1,0
36121,0.0744,0,0.0465,0.1176,0.0711,none_supported,none_supported,1,1
36123,0.0719,0,0.0465,0.1212,0.0747,none_supported,none_supported,1,1
37001,0.1655,0,0.1714,0.2589,0.0875,none_supported,none_supported,1,1
37003,0.0716,0,0.0661,0.1212,0.0551,none_supported,none_supported,1,1
37005,0.0465,0,0.0106,0.0721,0.0615,none_supported,none_supported,1,1
37007,0.0714,0,0.0234,0.1053,0.0819,none_supported,none_supported,1,1
37009,0.0668,0,0.0234,0.0833,0.0599,none_supported,none_supported,1,1
37011,0.0565,0,0.0234,0.0744,0.051,none_supported,none_supported,1,1
37013,0.0799,0,0.0743,0.125,0.0507,none_supported,none_supported,1,1
37015,0.0622,0,0.0234,0.0952,0.0718,none_supported,none_supported,1,1
37017,0.068,0,0.0234,0.0909,0.0675,none_supported,none_supported,1,1
37019,0.1361,0,0.1707,0.2589,0.0882,none_supported,none_supported,1,1
37021,0.2092,1,0.1735,0.3,0.1265,none_supported,atypical,0,0
37023,0.1091,0,0.0889,0.2143,0.1254,none_supported,none_supported,1,1
37025,0.1876,0,0.1735,0.2787,0.1052,none_supported,atypical,1,0
37027,0.3245,0,0.2,0.5294,0.3294,none_supported,atypical,1,0
37029,0.0406,0,0.0106,0.0721,0.0615,none_supported,none_supported,1,1
37031,0.0971,0,0.0743,0.1765,0.1022,none_supported,none_supported,1,1
37033,0.0671,0,0.0234,0.0833,0.0599,none_supported,none_supported,1,1
37035,0.1967,0,0.1714,0.2787,0.1073,none_supported,atypical,1,0
37037,0.1238,1,0.1569,0.2273,0.0704,none_supported,none_supported,0,0
37039,0.1967,0,0.1714,0.2787,0.1073,none_supported,atypical,1,0
37041,0.0584,0,0.0234,0.0761,0.0527,none_supported,none_supported,1,1
37043,0.0436,1,0.0106,0.0721,0.0615,none_supported,none_supported,0,0
37045,0.1333,1,0.1707,0.2589,0.0882,none_supported,none_supported,0,0
37047,0.084,0,0.0743,0.125,0.0507,none_supported,none_supported,1,1
37049,0.1201,0,0.1304,0.2589,0.1285,none_supported,none_supported,1,1
37051,0.8184,1,0.5217,1.0,0.4783,enacted_supported,atypical,1,0
37053,0.0715,0,0.0465,0.1159,0.0694,none_supported,none_supported,1,1
37055,0.0866,0,0.0743,0.125,0.0507,none_supported,none_supported,1,1
37057,0.1413,0,0.1707,0.2589,0.0882,none_supported,none_supported,1,1
37059,0.0854,0,0.0743,0.1636,0.0894,none_supported,none_supported,1,1
37061,0.0847,0,0.0743,0.125,0.0507,none_supported,none_supported,1,1
37063,0.3362,1,0.2623,0.5294,0.2671,none_supported,atypical,0,0
37065,0.4837,0,0.2647,0.5652,0.3005,none_supported,atypical,1,0
37067,0.5712,0,0.325,0.7143,0.3893,enacted_supported,atypical,0,0
37069,0.1123,0,0.0889,0.2195,0.1306,none_supported,none_supported,1,1
37071,0.1835,0,0.1714,0.2589,0.0875,none_supported,atypical,1,0
37073,0.0453,1,0.0106,0.0721,0.0615,none_supported,none_supported,0,0
37075,0.0392,0,0.0,0.0476,0.0476,none_supported,none_supported,1,1
37077,0.105,0,0.0743,0.2195,0.1452,none_supported,none_supported,1,1
37079,0.0693,0,0.0234,0.0897,0.0664,none_supported,none_supported,1,1
37081,0.7401,0,0.5217,1.0,0.4783,enacted_supported,atypical,0,0
37083,0.1023,0,0.0743,0.2195,0.1452,none_supported,none_supported,1,1
37085,0.1372,0,0.1707,0.2589,0.0882,none_supported,none_supported,1,1
37087,0.0984,1,0.0743,0.1765,0.1022,none_supported,none_supported,0,0
37089,0.1436,1,0.1707,0.2589,0.0882,none_supported,none_supported,0,0
37091,0.0815,0,0.0465,0.1364,0.0899,none_supported,none_supported,1,1
37093,0.1109,0,0.0743,0.2195,0.1452,none_supported,none_supported,1,1
37095,0.0295,0,0.0,0.038,0.038,none_supported,none_supported,1,1
37097,0.5796,0,0.3333,0.7143,0.381,enacted_supported,atypical,0,0
37099,0.0904,0,0.0743,0.1698,0.0955,none_supported,none_supported,1,1
37101,0.1754,0,0.1714,0.2589,0.0875,none_supported,none_supported,1,1
37103,0.0424,0,0.0106,0.0721,0.0615,none_supported,none_supported,1,1
37105,0.1136,1,0.0889,0.2195,0.1306,none_supported,none_supported,0,0
37107,0.1071,0,0.0743,0.2195,0.1452,none_supported,none_supported,1,1
37109,0.1158,0,0.1304,0.2589,0.1285,none_supported,none_supported,1,1
37111,0.0819,0,0.0743,0.125,0.0507,none_supported,none_supported,1,1
37113,0.0793,0,0.0465,0.1212,0.0747,none_supported,none_supported,1,1
37115,0.0621,1,0.0234,0.0833,0.0599,none_supported,none_supported,0,0
37117,0.0683,0,0.0234,0.0897,0.0664,none_supported,none_supported,1,1
37119,0.705,1,0.3333,1.0,0.6667,enacted_supported,atypical,1,0
37121,0.0513,0,0.0106,0.0721,0.0615,none_supported,none_supported,1,1
37123,0.0658,0,0.0234,0.0833,0.0599,none_supported,none_supported,1,1
37125,0.1162,0,0.1304,0.2195,0.0891,none_supported,none_supported,1,1
37127,0.1281,0,0.1667,0.2589,0.0923,none_supported,none_supported,1,1
37129,0.2264,0,0.1735,0.3,0.1265,none_supported,atypical,1,0
37131,0.0629,1,0.0234,0.1,0.0766,none_supported,none_supported,0,0
37133,0.1507,0,0.1707,0.2589,0.0882,none_supported,none_supported,1,1
37135,0.1972,1,0.1735,0.2787,0.1052,none_supported,atypical,0,0
37137,0.0498,0,0.0106,0.0721,0.0615,none_supported,none_supported,1,1
37139,0.0984,0,0.0743,0.1765,0.1022,none_supported,none_supported,1,1
37141,0.0908,0,0.0743,0.1765,0.1022,none_supported,none_supported,1,1
37143,0.0491,0,0.0106,0.0721,0.0615,none_supported,none_supported,1,1
37145,0.2461,0,0.1735,0.3333,0.1599,none_supported,atypical,1,0
37147,0.1673,0,0.1714,0.2589,0.0875,none_supported,none_supported,1,1
37149,0.0647,0,0.0234,0.0833,0.0599,none_supported,none_supported,1,1
37151,0.1224,0,0.1304,0.2589,0.1285,none_supported,none_supported,1,1
37153,0.2519,0,0.1735,0.3333,0.1599,none_supported,atypical,1,0
37155,0.1202,0,0.1304,0.2589,0.1285,none_supported,none_supported,1,1
37157,0.2961,0,0.2,0.5294,0.3294,none_supported,atypical,1,0
37159,0.3472,1,0.2623,0.5652,0.3029,none_supported,atypical,0,0
37161,0.1575,0,0.1714,0.2589,0.0875,none_supported,none_supported,1,1
37163,0.0886,0,0.0743,0.1667,0.0924,none_supported,none_supported,1,1
37165,0.0902,0,0.0743,0.15,0.0757,none_supported,none_supported,1,1
37167,0.0966,0,0.0743,0.1765,0.1022,none_supported,none_supported,1,1
37169,0.2233,0,0.1714,0.3,0.1286,none_supported,atypical,1,0
37171,0.0921,1,0.0743,0.1765,0.1022,none_supported,none_supported,0,0
37173,0.0531,1,0.0106,0.0738,0.0631,none_supported,none_supported,0,0
37175,0.0831,0,0.0743,0.125,0.0507,none_supported,none_supported,1,1
37177,0.0284,0,0.0,0.0316,0.0316,none_supported,none_supported,1,1
37179,0.189,0,0.1714,0.2787,0.1073,none_supported,atypical,1,0
37181,0.3067,0,0.2,0.5294,0.3294,none_supported,atypical,1,0
37183,0.5508,1,0.3333,0.75,0.4167,enacted_supported,atypical,1,0
37185,0.0709,0,0.0234,0.1212,0.0978,none_supported,none_supported,1,1
37187,0.0504,0,0.0234,0.0761,0.0527,none_supported,none_supported,1,1
37189,0.116,1,0.0889,0.2195,0.1306,none_supported,none_supported,0,0
37191,0.1369,0,0.1707,0.2589,0.0882,none_supported,none_supported,1,1
37193,0.0818,0,0.0743,0.1698,0.0955,none_supported,none_supported,1,1
37195,0.1274,0,0.1667,0.2589,0.0923,none_supported,none_supported,1,1
37197,0.0733,0,0.0465,0.1139,0.0674,none_supported,none_supported,1,1
37199,0.0585,0,0.0234,0.0795,0.0562,none_supported,none_supported,1,1
38001,0.0183,0,0.0,0.0187,0.0187,none_supported,none_supported,1,1
38003,0.039,0,0.0,0.0571,0.0571,none_supported,none_supported,1,1
38005,0.0331,0,0.0,0.039,0.039,none_supported,none_supported,1,1
38007,0.0108,0,0.0,0.0187,0.0187,none_supported,none_supported,1,1
38009,0.0268,0,0.0,0.0303,0.0303,none_supported,none_supported,1,1
38011,0.0176,0,0.0,0.0187,0.0187,none_supported,none_supported,1,1
38013,0.0163,0,0.0,0.0187,0.0187,none_supported,none_supported,1,1
38015,0.0971,0,0.0743,0.1765,0.1022,none_supported,none_supported,1,1
38017,0.2979,0,0.1735,0.5294,0.3559,none_supported,atypical,1,0
38019,0.0238,0,0.0,0.0217,0.0217,none_supported,none_supported,1,1
38021,0.0593,0,0.0234,0.0761,0.0527,none_supported,none_supported,1,1
38023,0.0168,0,0.0,0.0187,0.0187,none_supported,none_supported,1,1
38025,0.019,1,0.0,0.0196,0.0196,none_supported,none_supported,0,0
38027,0.0201,0,0.0,0.0192,0.0192,none_supported,none_supported,1,1
38029,0.0174,0,0.0,0.0187,0.0187,none_supported,none_supported,1,1
38031,0.025,0,0.0,0.0238,0.0238,none_supported,none_supported,1,1
38033,0.0135,0,0.0,0.0187,0.0187,none_supported,none_supported,1,1
38035,0.0967,0,0.0743,0.1765,0.1022,none_supported,none_supported,1,1
38037,0.0159,0,0.0,0.0187,0.0187,none_supported,none_supported,1,1
38039,0.0199,0,0.0,0.0187,0.0187,none_supported,none_supported,1,1
38041,0.0186,0,0.0,0.0187,0.0187,none_supported,none_supported,1,1
38043,0.0186,0,0.0,0.0187,0.0187,none_supported,none_supported,1,1
38045,0.0239,0,0.0,0.0241,0.0241,none_supported,none_supported,1,1
38047,0.0154,0,0.0,0.0187,0.0187,none_supported,none_supported,1,1
38049,0.0231,0,0.0,0.025,0.025,none_supported,none_supported,1,1
38051,0.0187,0,0.0,0.0187,0.0187,none_supported,none_supported,1,1
38053,0.0359,0,0.0,0.0426,0.0426,none_supported,none_supported,1,1
38055,0.0339,0,0.0,0.039,0.039,none_supported,none_supported,1,1
38057,0.0926,1,0.0743,0.2195,0.1452,none_supported,none_supported,0,0
38059,0.0577,1,0.0234,0.0778,0.0544,none_supported,none_supported,0,0
38061,0.0332,0,0.0,0.0392,0.0392,none_supported,none_supported,1,1
38063,0.0219,0,0.0,0.0233,0.0233,none_supported,none_supported,1,1
38065,0.0513,1,0.0234,0.0761,0.0527,none_supported,none_supported,0,0
38067,0.0316,0,0.0,0.0341,0.0341,none_supported,none_supported,1,1
38069,0.022,0,0.0,0.0241,0.0241,none_supported,none_supported,1,1
38071,0.0375,0,0.0,0.0571,0.0571,none_supported,none_supported,1,1
38073,0.0312,0,0.0,0.039,0.039,none_supported,none_supported,1,1
38075,0.018,0,0.0,0.0187,0.0187,none_supported,none_supported,1,1
38077,0.047,0,0.0106,0.0721,0.0615,none_supported,none_supported,1,1
38079,0.0585,0,0.0234,0.0761,0.0527,none_supported,none_supported,1,1
38081,0.0233,0,0.0,0.0278,0.0278,none_supported,none_supported,1,1
38083,0.0115,0,0.0,0.0187,0.0187,none_supported,none_supported,1,1
38085,0.0343,0,0.0,0.039,0.039,none_supported,none_supported,1,1
38087,0.008,0,0.0,0.0186,0.0186,none_supported,none_supported,1,1
38089,0.059,0,0.0234,0.0773,0.054,none_supported,none_supported,1,1
38091,0.0201,0,0.0,0.0187,0.0187,none_supported,none_supported,1,1
38093,0.0498,0,0.0106,0.0721,0.0615,none_supported,none_supported,1,1
38095,0.0187,0,0.0,0.0187,0.0187,none_supported,none_supported,1,1
38097,0.0377,0,0.0,0.05,0.05,none_supported,none_supported,1,1
38099,0.038,0,0.0,0.0526,0.0526,none_supported,none_supported,1,1
38101,0.0814,0,0.0743,0.125,0.0507,none_supported,none_supported,1,1
38103,0.023,0,0.0,0.0227,0.0227,none_supported,none_supported,1,1
38105,0.3137,1,0.1735,0.5294,0.3559,none_supported,atypical,0,0
39001,0.4703,1,0.2623,0.5652,0.3029,none_supported,atypical,0,0
39003,0.3077,1,0.2623,0.5294,0.2671,none_supported,atypical,0,0
39005,0.0896,0,0.0743,0.1667,0.0924,none_supported,none_supported,1,1
39007,0.1148,0,0.1304,0.2195,0.0891,none_supported,none_supported,1,1
39009,0.1186,0,0.1304,0.2222,0.0918,none_supported,none_supported,1,1
39011,0.079,0,0.0741,0.1212,0.0471,none_supported,none_supported,1,1
39013,0.0925,0,0.0743,0.1765,0.1022,none_supported,none_supported,1,1
39015,0.2232,1,0.1714,0.3,0.1286,none_supported,atypical,0,0
39017,0.4381,1,0.2647,0.5652,0.3005,none_supported,atypical,0,0
39019,0.0645,0,0.0234,0.08,0.0566,none_supported,none_supported,1,1
39021,0.2199,1,0.1714,0.3,0.1286,none_supported,atypical,0,0
39023,0.2954,1,0.1735,0.4,0.2265,none_supported,atypical,0,0
39025,0.1656,0,0.1714,0.2589,0.0875,none_supported,none_supported,1,1
39027,0.2134,1,0.1714,0.3,0.1286,none_supported,atypical,0,0
39029,0.1102,0,0.0889,0.2195,0.1306,none_supported,none_supported,1,1
39031,0.0691,0,0.0465,0.0833,0.0368,none_supported,none_supported,1,1
39033,0.0791,0,0.0741,0.125,0.0509,none_supported,none_supported,1,1
39035,0.5337,1,0.325,0.7143,0.3893,enacted_supported,atypical,1,0
39037,0.0768,0,0.0741,0.1212,0.0471,none_supported,none_supported,1,1
39039,0.0793,0,0.0741,0.125,0.0509,none_supported,none_supported,1,1
39041,0.3502,1,0.2623,0.5294,0.2671,none_supported,atypical,0,0
39043,0.1428,0,0.1707,0.2589,0.0882,none_supported,none_supported,1,1
39045,0.167,0,0.1714,0.2589,0.0875,none_supported,none_supported,1,1
39047,0.062,0,0.0234,0.0816,0.0582,none_supported,none_supported,1,1
39049,0.5763,1,0.325,0.7143,0.3893,enacted_supported,atypical,1,0
39051,0.2371,0,0.1735,0.3,0.1265,none_supported,atypical,1,0
39053,0.0619,0,0.0234,0.08,0.0566,none_supported,none_supported,1,1
39055,0.1243,0,0.1667,0.2589,0.0923,none_supported,none_supported,1,1
39057,0.1589,1,0.1714,0.2589,0.0875,none_supported,none_supported,0,0
39059,0.0716,0,0.0465,0.1139,0.0674,none_supported,none_supported,1,1
39061,0.3644,1,0.2623,0.5652,0.3029,none_supported,atypical,0,0
39063,0.1011,1,0.0743,0.1765,0.1022,none_supported,none_supported,0,0
39065,0.0637,0,0.0234,0.0833,0.0599,none_supported,none_supported,1,1
39067,0.0447,0,0.0106,0.0721,0.0615,none_supported,none_supported,1,1
39069,0.0651,0,0.0234,0.0833,0.0599,none_supported,none_supported,1,1
39071,0.0697,1,0.0465,0.1139,0.0674,none_supported,none_supported,0,0
39073,0.0662,0,0.0234,0.0833,0.0599,none_supported,none_supported,1,1
39075,0.0772,0,0.0661,0.1176,0.0515,none_supported,none_supported,1,1
39077,0.0893,0,0.0743,0.1765,0.1022,none_supported,none_supported,1,1
39079,0.0668,0,0.0234,0.0833,0.0599,none_supported,none_supported,1,1
39081,0.0935,0,0.0743,0.1765,0.1022,none_supported,none_supported,1,1
39083,0.0914,0,0.0743,0.1765,0.1022,none_supported,none_supported,1,1
39085,0.4501,1,0.2647,0.5652,0.3005,none_supported,atypical,0,0
39087,0.2504,1,0.1735,0.3333,0.1599,none_supported,atypical,0,0
39089,0.2769,1,0.2,0.5294,0.3294,none_supported,atypical,0,0
39091,0.0765,0,0.0741,0.125,0.0509,none_supported,none_supported,1,1
39093,0.2097,1,0.1735,0.3,0.1265,none_supported,atypical,0,0
39095,0.2596,1,0.2,0.4375,0.2375,none_supported,atypical,0,0
39097,0.0836,0,0.0743,0.125,0.0507,none_supported,none_supported,1,1
39099,0.218,0,0.1735,0.2903,0.1169,none_supported,atypical,1,0
39101,0.0979,0,0.0743,0.1765,0.1022,none_supported,none_supported,1,1
39103,0.168,0,0.1714,0.2589,0.0875,none_supported,none_supported,1,1
39105,0.0585,0,0.0234,0.0744,0.051,none_supported,none_supported,1,1
39107,0.0734,0,0.0465,0.1139,0.0674,none_supported,none_supported,1,1
39109,0.3594,0,0.2623,0.5294,0.2671,none_supported,atypical,1,0
39111,0.268,0,0.1735,0.3333,0.1599,none_supported,atypical,1,0
39113,0.2602,1,0.2,0.4375,0.2375,none_supported,atypical,0,0
39115,0.0429,0,0.0106,0.0721,0.0615,none_supported,none_supported,1,1
39117,0.0708,0,0.0465,0.0909,0.0444,none_supported,none_supported,1,1
39119,0.1041,0,0.0743,0.1765,0.1022,none_supported,none_supported,1,1
39121,0.0467,0,0.0106,0.0721,0.0615,none_supported,none_supported,1,1
39123,0.0923,0,0.0743,0.1765,0.1022,none_supported,none_supported,1,1
39125,0.0563,0,0.0106,0.0721,0.0615,none_supported,none_supported,1,1
39127,0.071,0,0.0465,0.1139,0.0674,none_supported,none_supported,1,1
39129,0.2542,1,0.1735,0.3333,0.1599,none_supported,atypical,0,0
39131,0.1866,0,0.1714,0.2787,0.1073,none_supported,atypical,1,0
39133,0.1533,0,0.1714,0.2589,0.0875,none_supported,none_supported,1,1
39135,0.077,0,0.0465,0.1212,0.0747,none_supported,none_supported,1,1
39137,0.0655,0,0.0234,0.08,0.0566,none_supported,none_supported,1,1
39139,0.1283,0,0.1667,0.2589,0.0923,none_supported,none_supported,1,1
39141,0.1008,0,0.0743,0.1765,0.1022,none_supported,none_supported,1,1
39143,0.2674,0,0.1735,0.35,0.1765,none_supported,atypical,1,0
39145,0.2861,0,0.1735,0.35,0.1765,none_supported,atypical,1,0
39147,0.0913,1,0.0743,0.1765,0.1022,none_supported,none_supported,0,0
39149,0.244,0,0.1735,0.3,0.1265,none_supported,atypical,1,0
39151,0.4686,1,0.2647,0.5652,0.3005,none_supported,atypical,0,0
39153,0.289,1,0.25,0.5294,0.2794,none_supported,atypical,0,0
39155,0.6257,1,0.3333,0.7143,0.381,enacted_supported,atypical,1,0
39157,0.1069,0,0.0889,0.2,0.1111,none_supported,none_supported,1,1
39159,0.2201,1,0.1714,0.3,0.1286,none_supported,atypical,0,0
39161,0.1808,0,0.1714,0.2787,0.1073,none_supported,atypical,1,0
39163,0.041,0,0.0106,0.0721,0.0615,none_supported,none_supported,1,1
39165,0.2065,0,0.1735,0.2903,0.1169,none_supported,atypical,1,0
39167,0.0882,0,0.0743,0.1765,0.1022,none_supported,none_supported,1,1
39169,0.1247,0,0.1304,0.2589,0.1285,none_supported,none_supported,1,1
39171,0.0713,0,0.0465,0.1212,0.0747,none_supported,none_supported,1,1
39173,0.285,1,0.1735,0.4,0.2265,none_supported,atypical,0,0
39175,0.0614,0,0.0234,0.0748,0.0514,none_supported,none_supported,1,1
40001,0.0498,0,0.0106,0.0721,0.0615,none_supported,none_supported,1,1
40003,0.023,0,0.0,0.0274,0.0274,none_supported,none_supported,1,1
40005,0.0377,0,0.0,0.0571,0.0571,none_supported,none_supported,1,1
40007,0.0231,0,0.0,0.0233,0.0233,none_supported,none_supported,1,1
40009,0.0521,0,0.0106,0.0721,0.0615,none_supported,none_supported,1,1
40011,0.0316,0,0.0,0.039,0.039,none_supported,none_supported,1,1
40013,0.0826,0,0.0743,0.1698,0.0955,none_supported,none_supported,1,1
40015,0.0552,0,0.0234,0.0744,0.051,none_supported,none_supported,1,1
40017,0.1343,1,0.1707,0.2589,0.0882,none_supported,none_supported,0,0
40019,0.0774,0,0.0465,0.1176,0.0711,none_supported,none_supported,1,1
40021,0.0825,0,0.0743,0.125,0.0507,none_supported,none_supported,1,1
40023,0.0431,0,0.0106,0.0711,0.0605,none_supported,none_supported,1,1
40025,0.0142,0,0.0,0.0187,0.0187,none_supported,none_supported,1,1
40027,0.1911,0,0.1735,0.2812,0.1078,none_supported,atypical,1,0
40029,0.0276,0,0.0,0.0294,0.0294,none_supported,none_supported,1,1
40031,0.1252,1,0.1667,0.2589,0.0923,none_supported,none_supported,0,0
40033,0.0286,0,0.0,0.0297,0.0297,none_supported,none_supported,1,1
40035,0.0447,0,0.0106,0.0721,0.0615,none_supported,none_supported,1,1
40037,0.0877,0,0.0743,0.1765,0.1022,none_supported,none_supported,1,1
40039,0.0597,0,0.0234,0.0778,0.0544,none_supported,none_supported,1,1
40041,0.0698,0,0.0465,0.0833,0.0368,none_supported,none_supported,1,1
40043,0.0188,0,0.0,0.024,0.024,none_supported,none_supported,1,1
40045,0.0203,0,0.0,0.0196,0.0196,none_supported,none_supported,1,1
40047,0.0866,0,0.0743,0.125,0.0507,none_supported,none_supported,1,1
40049,0.0539,0,0.0106,0.0721,0.0615,none_supported,none_supported,1,1
40051,0.0725,0,0.0465,0.1139,0.0674,none_supported,none_supported,1,1
40053,0.0216,0,0.0,0.0237,0.0237,none_supported,none_supported,1,1
40055,0.0272,0,0.0,0.0303,0.0303,none_supported,none_supported,1,1
40057,0.0205,0,0.0,0.0189,0.0189,none_supported,none_supported,1,1
40059,0.0195,0,0.0,0.0187,0.0187,none_supported,none_supported,1,1
40061,0.0354,0,0.0,0.0571,0.0571,none_supported,none_supported,1,1
40063,0.0419,0,0.0082,0.0679,0.0597,none_supported,none_supported,1,1
40065,0.0536,0,0.0106,0.0738,0.0631,none_supported,none_supported,1,1
40067,0.0252,0,0.0,0.029,0.029,none_supported,none_supported,1,1
40069,0.0365,0,0.0,0.05,0.05,none_supported,none_supported,1,1
40071,0.0727,0,0.0465,0.1084,0.0619,none_supported,none_supported,1,1
40073,0.0365,0,0.0082,0.0701,0.0619,none_supported,none_supported,1,1
40075,0.0278,0,0.0,0.039,0.039,none_supported,none_supported,1,1
40077,0.0339,0,0.0,0.0426,0.0426,none_supported,none_supported,1,1
40079,0.0701,0,0.0234,0.0809,0.0575,none_supported,none_supported,1,1
40081,0.06,0,0.0234,0.08,0.0566,none_supported,none_supported,1,1
40083,0.0813,0,0.0743,0.125,0.0507,none_supported,none_supported,1,1
40085,0.0371,0,0.0,0.0526,0.0526,none_supported,none_supported,1,1
40087,0.0723,0,0.0465,0.1139,0.0674,none_supported,none_supported,1,1
40089,0.056,0,0.0106,0.0721,0.0615,none_supported,none_supported,1,1
40091,0.05,0,0.0106,0.0721,0.0615,none_supported,none_supported,1,1
40093,0.0276,0,0.0,0.0323,0.0323,none_supported,none_supported,1,1
40095,0.0435,0,0.0106,0.0721,0.0615,none_supported,none_supported,1,1
40097,0.0739,0,0.0465,0.0833,0.0368,none_supported,none_supported,1,1
40099,0.0443,0,0.0106,0.0721,0.0615,none_supported,none_supported,1,1
40101,0.103,0,0.0743,0.2118,0.1375,none_supported,none_supported,1,1
40103,0.0403,0,0.0,0.0571,0.0571,none_supported,none_supported,1,1
40105,0.0354,0,0.0,0.0426,0.0426,none_supported,none_supported,1,1
40107,0.0373,0,0.0,0.0571,0.0571,none_supported,none_supported,1,1
40109,0.3056,1,0.25,0.5294,0.2794,none_supported,atypical,0,0
40111,0.0703,0,0.0465,0.1053,0.0588,none_supported,none_supported,1,1
40113,0.0703,0,0.0234,0.0864,0.063,none_supported,none_supported,1,1
40115,0.0652,0,0.0234,0.0833,0.0599,none_supported,none_supported,1,1
40117,0.0467,0,0.0106,0.0721,0.0615,none_supported,none_supported,1,1
40119,0.1094,0,0.0889,0.2195,0.1306,none_supported,none_supported,1,1
40121,0.065,0,0.0234,0.0809,0.0575,none_supported,none_supported,1,1
40123,0.0732,0,0.0465,0.0897,0.0432,none_supported,none_supported,1,1
40125,0.0951,0,0.0743,0.1765,0.1022,none_supported,none_supported,1,1
40127,0.034,0,0.0,0.039,0.039,none_supported,none_supported,1,1
40129,0.0191,0,0.0,0.0187,0.0187,none_supported,none_supported,1,1
40131,0.1064,0,0.0743,0.1765,0.1022,none_supported,none_supported,1,1
40133,0.0576,0,0.0234,0.0744,0.051,none_supported,none_supported,1,1
40135,0.0711,0,0.0465,0.0833,0.0368,none_supported,none_supported,1,1
40137,0.07,0,0.0465,0.0833,0.0368,none_supported,none_supported,1,1
40139,0.0454,0,0.0106,0.0721,0.0615,none_supported,none_supported,1,1
40141,0.0263,0,0.0,0.0357,0.0357,none_supported,none_supported,1,1
40143,0.3434,1,0.2623,0.5294,0.2671,none_supported,atypical,0,0
40145,0.103,0,0.0743,0.1765,0.1022,none_supported,none_supported,1,1
40147,0.087,0,0.0743,0.1765,0.1022,none_supported,none_supported,1,1
40149,0.0321,0,0.0,0.039,0.039,none_supported,none_supported,1,1
40151,0.0304,0,0.0,0.039,0.039,none_supported,none_supported,1,1
40153,0.0417,0,0.0106,0.0721,0.0615,none_supported,none_supported,1,1
41001,0.0399,0,0.0106,0.0682,0.0575,none_supported,none_supported,1,1
41003,0.1509,0,0.1707,0.2589,0.0882,none_supported,none_supported,1,1
41005,0.2454,0,0.1735,0.3,0.1265,none_supported,atypical,1,0
41007,0.0929,0,0.0743,0.1525,0.0783,none_supported,none_supported,1,1
41009,0.0928,0,0.0743,0.1765,0.1022,none_supported,none_supported,1,1
41011,0.0902,0,0.0743,0.1667,0.0924,none_supported,none_supported,1,1
41013,0.0703,0,0.0562,0.1765,0.1203,none_supported,none_supported,1,1
41015,0.0579,0,0.0234,0.0761,0.0527,none_supported,none_supported,1,1
41017,0.1694,0,0.1714,0.2787,0.1073,none_supported,none_supported,1,1
41019,0.0931,0,0.0743,0.1765,0.1022,none_supported,none_supported,1,1
41021,0.0168,0,0.0,0.0187,0.0187,none_supported,none_supported,1,1
41023,0.0265,0,0.0,0.0267,0.0267,none_supported,none_supported,1,1
41025,0.0195,0,0.0,0.0238,0.0238,none_supported,none_supported,1,1
41027,0.0831,0,0.0465,0.15,0.1035,none_supported,none_supported,1,1
41029,0.1549,0,0.1707,0.2589,0.0882,none_supported,none_supported,1,1
41031,0.0559,0,0.0234,0.0753,0.0519,none_supported,none_supported,1,1
41033,0.114,0,0.0889,0.2195,0.1306,none_supported,none_supported,1,1
41035,0.0757,0,0.0465,0.1,0.0535,none_supported,none_supported,1,1
41037,0.0233,0,0.0,0.0256,0.0256,none_supported,none_supported,1,1
41039,0.2113,0,0.1735,0.3,0.1265,none_supported,atypical,1,0
41041,0.1025,0,0.0743,0.2195,0.1452,none_supported,none_supported,1,1
41043,0.1331,0,0.1667,0.2589,0.0923,none_supported,none_supported,1,1
41045,0.0452,0,0.0106,0.0721,0.0615,none_supported,none_supported,1,1
41047,0.2512,0,0.1735,0.3,0.1265,none_supported,atypical,1,0
41049,0.0648,0,0.0562,0.1667,0.1105,none_supported,none_supported,1,1
41051,0.417,0,0.2623,0.5652,0.3029,none_supported,atypical,1,0
41053,0.1216,0,0.1304,0.2245,0.0941,none_supported,none_supported,1,1
41055,0.018,0,0.0,0.0187,0.0187,none_supported,none_supported,1,1
41057,0.0694,0,0.0234,0.1,0.0766,none_supported,none_supported,1,1
41059,0.1777,0,0.1707,0.2589,0.0882,none_supported,none_supported,1,1
41061,0.0554,0,0.0234,0.0744,0.051,none_supported,none_supported,1,1
41063,0.0262,0,0.0,0.0341,0.0341,none_supported,none_supported,1,1
41065,0.0766,0,0.0465,0.1034,0.0569,none_supported,none_supported,1,1
41067,0.4635,0,0.2647,0.5652,0.3005,none_supported,atypical,1,0
41069,0.0135,0,0.0,0.0187,0.0187,none_supported,none_supported,1,1
41071,0.1316,0,0.1667,0.2589,0.0923,none_supported,none_supported,1,1
42001,0.1225,0,0.1304,0.2589,0.1285,none_supported,none_supported,1,1
42003,0.6101,1,0.3333,0.8,0.4667,enacted_supported,atypical,1,0
42005,0.089,0,0.0743,0.1765,0.1022,none_supported,none_supported,1,1
42007,0.6875,0,0.3333,1.0,0.6667,enacted_supported,atypical,0,0
42009,0.0672,0,0.0465,0.0833,0.0368,none_supported,none_supported,1,1
42011,0.486,0,0.2647,0.6,0.3353,indeterminate,atypical,1,0
42013,0.1275,0,0.1667,0.2589,0.0923,none_supported,none_supported,1,1
42015,0.2423,0,0.1735,0.3333,0.1599,none_supported,atypical,1,0
42017,0.8048,1,0.5455,1.0,0.4545,enacted_supported,enacted_supported,1,1
42019,0.155,0,0.1707,0.2589,0.0882,none_supported,none_supported,1,1
42021,0.1255,0,0.1667,0.2589,0.0923,none_supported,none_supported,1,1
42023,0.0311,0,0.0,0.0319,0.0319,none_supported,none_supported,1,1
42025,0.5645,1,0.3333,0.6667,0.3333,enacted_supported,atypical,1,0
42027,0.15,0,0.1707,0.2589,0.0882,none_supported,none_supported,1,1
42029,0.858,1,0.6667,1.0,0.3333,enacted_supported,enacted_supported,1,1
42031,0.0685,0,0.0465,0.0833,0.0368,none_supported,none_supported,1,1
42033,0.2538,0,0.1735,0.3333,0.1599,none_supported,atypical,1,0
42035,0.0689,0,0.0234,0.0897,0.0664,none_supported,none_supported,1,1
42037,0.2809,0,0.1735,0.4,0.2265,none_supported,atypical,1,0
42039,0.0982,0,0.0743,0.1765,0.1022,none_supported,none_supported,1,1
42041,0.4415,0,0.2647,0.5652,0.3005,none_supported,atypical,1,0
42043,0.6393,1,0.3333,0.8333,0.5,enacted_supported,atypical,1,0
42045,0.3122,0,0.25,0.5294,0.2794,none_supported,atypical,1,0
42047,0.0639,0,0.0234,0.08,0.0566,none_supported,none_supported,1,1
42049,0.1882,0,0.1714,0.2787,0.1073,none_supported,atypical,1,0
42051,0.1205,0,0.1304,0.2589,0.1285,none_supported,none_supported,1,1
42053,0.0321,0,0.0,0.0417,0.0417,none_supported,none_supported,1,1
42055,0.1304,0,0.1707,0.2589,0.0882,none_supported,none_supported,1,1
42057,0.0428,0,0.0106,0.0721,0.0615,none_supported,none_supported,1,1
42059,0.2112,0,0.1714,0.3,0.1286,none_supported,atypical,1,0
42061,0.0686,0,0.0465,0.0943,0.0478,none_supported,none_supported,1,1
42063,0.2738,0,0.1735,0.4,0.2265,none_supported,atypical,1,0
42065,0.0739,0,0.0465,0.1139,0.0674,none_supported,none_supported,1,1
42067,0.0614,0,0.0234,0.0769,0.0535,none_supported,none_supported,1,1
42069,0.9749,1,0.7143,1.0,0.2857,enacted_supported,enacted_supported,1,1
42071,0.558,0,0.2647,0.6,0.3353,enacted_supported,atypical,0,0
42073,0.3171,0,0.25,0.5294,0.2794,none_supported,atypical,1,0
42075,0.3721,0,0.2623,0.5652,0.3029,none_supported,atypical,1,0
42077,0.5751,0,0.3333,0.7143,0.381,enacted_supported,atypical,0,0
42079,0.9317,1,0.6667,1.0,0.3333,enacted_supported,enacted_supported,1,1
42081,0.2903,0,0.1735,0.5294,0.3559,none_supported,atypical,1,0
42083,0.0709,0,0.0234,0.0854,0.062,none_supported,none_supported,1,1
42085,0.3082,0,0.2623,0.5294,0.2671,none_supported,atypical,1,0
42087,0.2197,0,0.1735,0.3,0.1265,none_supported,atypical,1,0
42089,0.5797,0,0.3333,0.7143,0.381,enacted_supported,atypical,0,0
42091,0.7827,1,0.5217,1.0,0.4783,enacted_supported,atypical,1,0
42093,0.2193,0,0.1714,0.2903,0.1189,none_supported,atypical,1,0
42095,0.6696,0,0.3333,1.0,0.6667,enacted_supported,atypical,0,0
42097,0.1117,1,0.0889,0.2195,0.1306,none_supported,none_supported,0,0
42099,0.2337,0,0.1735,0.3,0.1265,none_supported,atypical,1,0
42101,0.5166,0,0.2647,0.7143,0.4496,enacted_supported,atypical,0,0
42103,0.0976,0,0.0743,0.1765,0.1022,none_supported,none_supported,1,1
42105,0.0411,0,0.0106,0.0721,0.0615,none_supported,none_supported,1,1
42107,0.6161,1,0.3333,0.8,0.4667,enacted_supported,atypical,1,0
42109,0.0826,0,0.0743,0.125,0.0507,none_supported,none_supported,1,1
42111,0.0895,0,0.0743,0.1698,0.0955,none_supported,none_supported,1,1
42113,0.0334,0,0.0,0.039,0.039,none_supported,none_supported,1,1
42115,0.0723,0,0.0465,0.0886,0.0421,none_supported,none_supported,1,1
42117,0.2001,0,0.1714,0.2903,0.1189,none_supported,atypical,1,0
42119,0.2517,0,0.1735,0.3333,0.1599,none_supported,atypical,1,0
42121,0.083,0,0.0743,0.125,0.0507,none_supported,none_supported,1,1
42123,0.0728,0,0.0465,0.0909,0.0444,none_supported,none_supported,1,1
42125,0.814,1,0.5217,1.0,0.4783,enacted_supported,atypical,1,0
42127,0.2331,0,0.1735,0.3333,0.1599,none_supported,atypical,1,0
42129,0.4224,0,0.2623,0.5652,0.3029,none_supported,atypical,1,0
42131,0.0666,0,0.0234,0.0833,0.0599,none_supported,none_supported,1,1
42133,0.8059,1,0.6,1.0,0.4,enacted_supported,enacted_supported,1,1
44001,0.1501,0,0.1714,0.2589,0.0875,none_supported,none_supported,1,1
44003,0.1848,0,0.1735,0.2787,0.1052,none_supported,atypical,1,0
44005,0.1708,0,0.1714,0.2589,0.0875,none_supported,none_supported,1,1
44007,0.5746,0,0.3333,0.75,0.4167,enacted_supported,atypical,0,0
44009,0.1714,0,0.1714,0.2589,0.0875,none_supported,none_supported,1,1
45001,0.065,0,0.0234,0.08,0.0566,none_supported,none_supported,1,1
45003,0.1579,0,0.1714,0.2589,0.0875,none_supported,none_supported,1,1
45005,0.0561,0,0.0234,0.0761,0.0527,none_supported,none_supported,1,1
45007,0.1476,0,0.1707,0.2589,0.0882,none_supported,none_supported,1,1
45009,0.0611,0,0.0234,0.0782,0.0548,none_supported,none_supported,1,1
45011,0.0654,0,0.0234,0.08,0.0566,none_supported,none_supported,1,1
45013,0.1721,0,0.1714,0.2589,0.0875,none_supported,none_supported,1,1
45015,0.2377,0,0.1735,0.3,0.1265,none_supported,atypical,1,0
45017,0.0542,0,0.0234,0.0761,0.0527,none_supported,none_supported,1,1
45019,0.2281,0,0.1735,0.3,0.1265,none_supported,atypical,1,0
45021,0.0896,0,0.0743,0.1765,0.1022,none_supported,none_supported,1,1
45023,0.0767,0,0.0465,0.1224,0.0759,none_supported,none_supported,1,1
45025,0.0816,0,0.0743,0.125,0.0507,none_supported,none_supported,1,1
45027,0.0765,0,0.0465,0.1224,0.0759,none_supported,none_supported,1,1
45029,0.0747,1,0.0465,0.1212,0.0747,none_supported,none_supported,0,0
45031,0.1034,0,0.0743,0.2169,0.1426,none_supported,none_supported,1,1
45033,0.0792,0,0.0465,0.125,0.0785,none_supported,none_supported,1,1
45035,0.1541,0,0.1714,0.2589,0.0875,none_supported,none_supported,1,1
45037,0.0699,0,0.0234,0.0833,0.0599,none_supported,none_supported,1,1
45039,0.0652,0,0.0234,0.1139,0.0905,none_supported,none_supported,1,1
45041,0.1437,0,0.1707,0.2589,0.0882,none_supported,none_supported,1,1
45043,0.0988,0,0.0743,0.1765,0.1022,none_supported,none_supported,1,1
45045,0.224,0,0.1735,0.3,0.1265,none_supported,atypical,1,0
45047,0.1055,1,0.0743,0.1765,0.1022,none_supported,none_supported,0,0
45049,0.0682,0,0.0234,0.0909,0.0675,none_supported,none_supported,1,1
45051,0.1993,0,0.1714,0.2903,0.1189,none_supported,atypical,1,0
45053,0.076,0,0.0465,0.1212,0.0747,none_supported,none_supported,1,1
45055,0.0986,0,0.0743,0.1765,0.1022,none_supported,none_supported,1,1
45057,0.1206,0,0.1304,0.2589,0.1285,none_supported,none_supported,1,1
45059,0.0975,0,0.0743,0.1765,0.1022,none_supported,none_supported,1,1
45061,0.0643,0,0.0234,0.1111,0.0877,none_supported,none_supported,1,1
45063,0.1889,0,0.1714,0.2589,0.0875,none_supported,atypical,1,0
45065,0.0493,0,0.0106,0.0721,0.0615,none_supported,none_supported,1,1
45067,0.0833,0,0.0743,0.15,0.0757,none_supported,none_supported,1,1
45069,0.0781,0,0.0465,0.125,0.0785,none_supported,none_supported,1,1
45071,0.0745,1,0.0465,0.1212,0.0747,none_supported,none_supported,0,0
45073,0.1013,0,0.0743,0.1765,0.1022,none_supported,none_supported,1,1
45075,0.1273,0,0.1569,0.2273,0.0704,none_supported,none_supported,1,1
45077,0.1205,0,0.1667,0.2589,0.0923,none_supported,none_supported,1,1
45079,0.2696,0,0.2,0.4,0.2,none_supported,atypical,1,0
45081,0.054,0,0.0234,0.0744,0.051,none_supported,none_supported,1,1
45083,0.1941,0,0.1714,0.2698,0.0984,none_supported,atypical,1,0
45085,0.1361,0,0.1707,0.2589,0.0882,none_supported,none_supported,1,1
45087,0.0688,0,0.0234,0.0833,0.0599,none_supported,none_supported,1,1
45089,0.0842,0,0.0465,0.15,0.1035,none_supported,none_supported,1,1
45091,0.1944,1,0.1714,0.2787,0.1073,none_supported,atypical,0,0
46003,0.0204,0,0.0,0.0192,0.0192,none_supported,none_supported,1,1
46005,0.0506,0,0.0106,0.0721,0.0615,none_supported,none_supported,1,1
46007,0.0247,0,0.0,0.025,0.025,none_supported,none_supported,1,1
46009,0.0299,0,0.0,0.039,0.039,none_supported,none_supported,1,1
46011,0.073,0,0.0465,0.1212,0.0747,none_supported,none_supported,1,1
46013,0.0714,0,0.0234,0.0909,0.0675,none_supported,none_supported,1,1
46015,0.0301,0,0.0,0.0323,0.0323,none_supported,none_supported,1,1
46017,0.0273,0,0.0,0.026,0.026,none_supported,none_supported,1,1
46019,0.0309,0,0.0,0.039,0.039,none_supported,none_supported,1,1
46021,0.0153,0,0.0,0.0187,0.0187,none_supported,none_supported,1,1
46023,0.0358,0,0.0,0.0476,0.0476,none_supported,none_supported,1,1
46025,0.0241,0,0.0,0.0244,0.0244,none_supported,none_supported,1,1
46027,0.0639,0,0.0234,0.0833,0.0599,none_supported,none_supported,1,1
46029,0.0663,0,0.0234,0.08,0.0566,none_supported,none_supported,1,1
46031,0.0244,0,0.0,0.0263,0.0263,none_supported,none_supported,1,1
46033,0.0315,0,0.0,0.039,0.039,none_supported,none_supported,1,1
46035,0.0575,0,0.0234,0.0761,0.0527,none_supported,none_supported,1,1
46037,0.0258,0,0.0,0.0345,0.0345,none_supported,none_supported,1,1
46039,0.0262,0,0.0,0.0294,0.0294,none_supported,none_supported,1,1
46041,0.0262,0,0.0,0.039,0.039,none_supported,none_supported,1,1
46043,0.0207,0,0.0,0.0213,0.0213,none_supported,none_supported,1,1
46045,0.0218,0,0.0,0.0236,0.0236,none_supported,none_supported,1,1
46047,0.0309,0,0.0,0.0333,0.0333,none_supported,none_supported,1,1
46049,0.0161,0,0.0,0.0187,0.0187,none_supported,none_supported,1,1
46051,0.0341,0,0.0,0.039,0.039,none_supported,none_supported,1,1
46053,0.0223,0,0.0,0.024,0.024,none_supported,none_supported,1,1
46055,0.0135,0,0.0,0.0187,0.0187,none_supported,none_supported,1,1
46057,0.031,0,0.0,0.039,0.039,none_supported,none_supported,1,1
46059,0.0208,0,0.0,0.0189,0.0189,none_supported,none_supported,1,1
46061,0.0253,0,0.0,0.025,0.025,none_supported,none_supported,1,1
46063,0.0094,0,0.0,0.0186,0.0186,none_supported,none_supported,1,1
46065,0.0507,0,0.0234,0.0744,0.051,none_supported,none_supported,1,1
46067,0.0302,0,0.0,0.039,0.039,none_supported,none_supported,1,1
46069,0.0122,0,0.0,0.0187,0.0187,none_supported,none_supported,1,1
46071,0.0218,0,0.0,0.0196,0.0196,none_supported,none_supported,1,1
46073,0.0188,0,0.0,0.0187,0.0187,none_supported,none_supported,1,1
46075,0.0116,0,0.0,0.0187,0.0187,none_supported,none_supported,1,1
46077,0.0288,0,0.0,0.0323,0.0323,none_supported,none_supported,1,1
46079,0.044,0,0.0106,0.0721,0.0615,none_supported,none_supported,1,1
46081,0.0639,0,0.0234,0.08,0.0566,none_supported,none_supported,1,1
46083,0.1055,0,0.0743,0.1765,0.1022,none_supported,none_supported,1,1
46085,0.0229,0,0.0,0.0233,0.0233,none_supported,none_supported,1,1
46087,0.0307,0,0.0,0.0366,0.0366,none_supported,none_supported,1,1
46089,0.0146,0,0.0,0.0187,0.0187,none_supported,none_supported,1,1
46091,0.0268,0,0.0,0.0319,0.0319,none_supported,none_supported,1,1
46093,0.0543,0,0.0106,0.0721,0.0615,none_supported,none_supported,1,1
46095,0.0185,0,0.0,0.0187,0.0187,none_supported,none_supported,1,1
46097,0.0181,0,0.0,0.0192,0.0192,none_supported,none_supported,1,1
46099,0.2879,0,0.1735,0.4,0.2265,none_supported,atypical,1,0
46101,0.0355,0,0.0,0.0426,0.0426,none_supported,none_supported,1,1
46102,0.058,0,0.0234,0.1,0.0766,none_supported,none_supported,1,1
46103,0.2909,0,0.1735,0.5294,0.3559,none_supported,atypical,1,0
46105,0.0179,0,0.0,0.0187,0.0187,none_supported,none_supported,1,1
46107,0.0187,0,0.0,0.0187,0.0187,none_supported,none_supported,1,1
46109,0.0386,0,0.0106,0.0682,0.0575,none_supported,none_supported,1,1
46111,0.021,0,0.0,0.0189,0.0189,none_supported,none_supported,1,1
46115,0.0296,0,0.0,0.033,0.033,none_supported,none_supported,1,1
46117,0.0218,0,0.0,0.0196,0.0196,none_supported,none_supported,1,1
46119,0.0145,0,0.0,0.0187,0.0187,none_supported,none_supported,1,1
46121,0.0487,0,0.0234,0.0761,0.0527,none_supported,none_supported,1,1
46123,0.0255,0,0.0,0.0263,0.0263,none_supported,none_supported,1,1
46125,0.0385,0,0.0,0.05,0.05,none_supported,none_supported,1,1
46127,0.0511,0,0.0106,0.0726,0.0619,none_supported,none_supported,1,1
46129,0.0268,0,0.0,0.03,0.03,none_supported,none_supported,1,1
46135,0.062,0,0.0234,0.0833,0.0599,none_supported,none_supported,1,1
46137,0.0213,0,0.0,0.0204,0.0204,none_supported,none_supported,1,1
47001,0.1089,1,0.0889,0.2195,0.1306,none_supported,none_supported,0,0
47003,0.0871,0,0.0743,0.125,0.0507,none_supported,none_supported,1,1
47005,0.0493,0,0.0106,0.0721,0.0615,none_supported,none_supported,1,1
47007,0.0437,0,0.0106,0.0721,0.0615,none_supported,none_supported,1,1
47009,0.1262,0,0.1667,0.2589,0.0923,none_supported,none_supported,1,1
47011,0.1178,0,0.1304,0.2589,0.1285,none_supported,none_supported,1,1
47013,0.0639,0,0.0465,0.0833,0.0368,none_supported,none_supported,1,1
47015,0.0469,0,0.0106,0.0721,0.0615,none_supported,none_supported,1,1
47017,0.0603,0,0.0234,0.08,0.0566,none_supported,none_supported,1,1
47019,0.0863,0,0.0743,0.1765,0.1022,none_supported,none_supported,1,1
47021,0.0872,0,0.0743,0.125,0.0507,none_supported,none_supported,1,1
47023,0.0509,0,0.0106,0.0721,0.0615,none_supported,none_supported,1,1
47025,0.0666,0,0.0234,0.08,0.0566,none_supported,none_supported,1,1
47027,0.0364,0,0.0,0.0435,0.0435,none_supported,none_supported,1,1
47029,0.0662,0,0.0465,0.0833,0.0368,none_supported,none_supported,1,1
47031,0.0888,1,0.0743,0.1765,0.1022,none_supported,none_supported,0,0
47033,0.0467,0,0.0106,0.0721,0.0615,none_supported,none_supported,1,1
47035,0.0879,0,0.0743,0.1636,0.0894,none_supported,none_supported,1,1
47037,0.551,1,0.325,0.7143,0.3893,enacted_supported,atypical,1,0
47039,0.0382,0,0.0082,0.0685,0.0603,none_supported,none_supported,1,1
47041,0.0561,1,0.0106,0.0726,0.0619,none_supported,none_supported,0,0
47043,0.0849,0,0.0743,0.1667,0.0924,none_supported,none_supported,1,1
47045,0.0704,0,0.0465,0.0833,0.0368,none_supported,none_supported,1,1
47047,0.0789,0,0.0465,0.1212,0.0747,none_supported,none_supported,1,1
47049,0.05,0,0.0106,0.0721,0.0615,none_supported,none_supported,1,1
47051,0.0759,0,0.0714,0.1212,0.0498,none_supported,none_supported,1,1
47053,0.0809,0,0.0743,0.125,0.0507,none_supported,none_supported,1,1
47055,0.0653,0,0.0234,0.08,0.0566,none_supported,none_supported,1,1
47057,0.067,0,0.0465,0.08,0.0335,none_supported,none_supported,1,1
47059,0.0834,0,0.0743,0.1765,0.1022,none_supported,none_supported,1,1
47061,0.0447,1,0.0106,0.0721,0.0615,none_supported,none_supported,0,0
47063,0.1028,0,0.0743,0.1765,0.1022,none_supported,none_supported,1,1
47065,0.5292,1,0.2647,0.5652,0.3005,indeterminate,atypical,1,0
47067,0.0285,0,0.0,0.039,0.039,none_supported,none_supported,1,1
47069,0.0657,0,0.0234,0.0833,0.0599,none_supported,none_supported,1,1
47071,0.0545,0,0.0106,0.0726,0.0619,none_supported,none_supported,1,1
47073,0.222,1,0.1735,0.3,0.1265,none_supported,atypical,0,0
47075,0.0632,0,0.0234,0.0833,0.0599,none_supported,none_supported,1,1
47077,0.0544,0,0.0234,0.08,0.0566,none_supported,none_supported,1,1
47079,0.0738,0,0.0571,0.1071,0.05,none_supported,none_supported,1,1
47081,0.0574,0,0.0234,0.0744,0.051,none_supported,none_supported,1,1
47083,0.0392,0,0.0,0.0571,0.0571,none_supported,none_supported,1,1
47085,0.052,0,0.0106,0.0721,0.0615,none_supported,none_supported,1,1
47087,0.0444,0,0.0106,0.0721,0.0615,none_supported,none_supported,1,1
47089,0.0882,0,0.0743,0.1765,0.1022,none_supported,none_supported,1,1
47091,0.1613,0,0.1714,0.2589,0.0875,none_supported,none_supported,1,1
47093,0.2376,1,0.1735,0.3,0.1265,none_supported,atypical,0,0
47095,0.0373,0,0.0,0.05,0.05,none_supported,none_supported,1,1
47097,0.0644,0,0.0234,0.08,0.0566,none_supported,none_supported,1,1
47099,0.2121,0,0.1714,0.3,0.1286,none_supported,atypical,1,0
47101,0.0471,0,0.0106,0.0721,0.0615,none_supported,none_supported,1,1
47103,0.0677,0,0.0234,0.08,0.0566,none_supported,none_supported,1,1
47105,0.0907,1,0.0743,0.1765,0.1022,none_supported,none_supported,0,0
47107,0.0821,0,0.0743,0.125,0.0507,none_supported,none_supported,1,1
47109,0.0534,0,0.0106,0.0732,0.0625,none_supported,none_supported,1,1
47111,0.0597,0,0.0234,0.08,0.0566,none_supported,none_supported,1,1
47113,0.1258,0,0.1667,0.2589,0.0923,none_supported,none_supported,1,1
47115,0.064,0,0.0234,0.08,0.0566,none_supported,none_supported,1,1
47117,0.0717,0,0.0465,0.1139,0.0674,none_supported,none_supported,1,1
47119,0.1152,0,0.1304,0.2195,0.0891,none_supported,none_supported,1,1
47121,0.0448,0,0.0106,0.0721,0.0615,none_supported,none_supported,1,1
47123,0.0726,0,0.0465,0.1139,0.0674,none_supported,none_supported,1,1
47125,0.228,0,0.1735,0.3,0.1265,none_supported,atypical,1,0
47127,0.0376,0,0.0,0.0426,0.0426,none_supported,none_supported,1,1
47129,0.0503,0,0.0106,0.0721,0.0615,none_supported,none_supported,1,1
47131,0.0588,0,0.0234,0.08,0.0566,none_supported,none_supported,1,1
47133,0.0539,0,0.0106,0.0726,0.0619,none_supported,none_supported,1,1
47135,0.0336,0,0.0,0.0426,0.0426,none_supported,none_supported,1,1
47137,0.0301,0,0.0,0.039,0.039,none_supported,none_supported,1,1
47139,0.0476,0,0.0106,0.0721,0.0615,none_supported,none_supported,1,1
47141,0.1055,0,0.0743,0.1875,0.1132,none_supported,none_supported,1,1
47143,0.0648,0,0.0465,0.0833,0.0368,none_supported,none_supported,1,1
47145,0.0981,1,0.0743,0.1765,0.1022,none_supported,none_supported,0,0
47147,0.0967,1,0.0743,0.1765,0.1022,none_supported,none_supported,0,0
47149,0.1982,0,0.1735,0.2903,0.1169,none_supported,atypical,1,0
47151,0.0514,0,0.0106,0.0721,0.0615,none_supported,none_supported,1,1
47153,0.052,0,0.0106,0.0721,0.0615,none_supported,none_supported,1,1
47155,0.102,0,0.0743,0.1765,0.1022,none_supported,none_supported,1,1
47157,0.771,1,0.5217,1.0,0.4783,enacted_supported,atypical,1,0
47159,0.0508,0,0.0106,0.0721,0.0615,none_supported,none_supported,1,1
47161,0.0464,0,0.0106,0.0721,0.0615,none_supported,none_supported,1,1
47163,0.1327,1,0.1707,0.2589,0.0882,none_supported,none_supported,0,0
47165,0.2587,1,0.1735,0.3333,0.1599,none_supported,atypical,0,0
47167,0.0896,0,0.0743,0.1765,0.1022,none_supported,none_supported,1,1
47169,0.0463,0,0.0106,0.0721,0.0615,none_supported,none_supported,1,1
47171,0.0566,0,0.0106,0.0721,0.0615,none_supported,none_supported,1,1
47173,0.0565,0,0.0106,0.0721,0.0615,none_supported,none_supported,1,1
47175,0.0345,0,0.0,0.039,0.039,none_supported,none_supported,1,1
47177,0.0754,1,0.0661,0.1212,0.0551,none_supported,none_supported,0,0
47179,0.1438,1,0.1707,0.2589,0.0882,none_supported,none_supported,0,0
47181,0.0417,0,0.0106,0.0721,0.0615,none_supported,none_supported,1,1
47183,0.0626,0,0.0234,0.08,0.0566,none_supported,none_supported,1,1
47185,0.0567,0,0.0234,0.08,0.0566,none_supported,none_supported,1,1
47187,0.2388,0,0.1735,0.3,0.1265,none_supported,atypical,1,0
47189,0.1367,0,0.1707,0.2589,0.0882,none_supported,none_supported,1,1
48001,0.0758,0,0.0741,0.1212,0.0471,none_supported,none_supported,1,1
48003,0.0406,0,0.0106,0.0721,0.0615,none_supported,none_supported,1,1
48005,0.1094,1,0.0889,0.2589,0.17,none_supported,none_supported,0,0
48007,0.0683,0,0.0234,0.08,0.0566,none_supported,none_supported,1,1
48009,0.0305,0,0.0,0.039,0.039,none_supported,none_supported,1,1
48011,0.0131,0,0.0,0.0187,0.0187,none_supported,none_supported,1,1
48013,0.0755,0,0.0465,0.1212,0.0747,none_supported,none_supported,1,1
48015,0.0613,0,0.0234,0.08,0.0566,none_supported,none_supported,1,1
48017,0.0297,0,0.0,0.0375,0.0375,none_supported,none_supported,1,1
48019,0.0491,0,0.0106,0.0721,0.0615,none_supported,none_supported,1,1
48021,0.1192,0,0.1304,0.2195,0.0891,none_supported,none_supported,1,1
48023,0.021,0,0.0,0.0196,0.0196,none_supported,none_supported,1,1
48025,0.0641,0,0.0234,0.08,0.0566,none_supported,none_supported,1,1
48027,0.1943,1,0.1735,0.2903,0.1169,none_supported,atypical,0,0
48029,0.5699,0,0.325,0.7143,0.3893,enacted_supported,atypical,0,0
48031,0.0401,0,0.0106,0.0694,0.0588,none_supported,none_supported,1,1
48033,0.0085,0,0.0,0.0184,0.0184,none_supported,none_supported,1,1
48035,0.0466,0,0.0106,0.0721,0.0615,none_supported,none_supported,1,1
48037,0.1,0,0.0743,0.1765,0.1022,none_supported,none_supported,1,1
48039,0.1984,0,0.1714,0.2787,0.1073,none_supported,atypical,1,0
48041,0.1667,1,0.1714,0.2589,0.0875,none_supported,none_supported,0,0
48043,0.0313,0,0.0,0.039,0.039,none_supported,none_supported,1,1
48045,0.0099,0,0.0,0.0187,0.0187,none_supported,none_supported,1,1
48047,0.0429,0,0.0,0.0571,0.0571,none_supported,none_supported,1,1
48049,0.0589,0,0.0234,0.08,0.0566,none_supported,none_supported,1,1
48051,0.0484,0,0.0106,0.0721,0.0615,none_supported,none_supported,1,1
48053,0.0774,0,0.0465,0.1176,0.0711,none_supported,none_supported,1,1
48055,0.0921,0,0.0743,0.1765,0.1022,none_supported,none_supported,1,1
48057,0.0539,0,0.0106,0.0721,0.0615,none_supported,none_supported,1,1
48059,0.035,0,0.0,0.0571,0.0571,none_supported,none_supported,1,1
48061,0.2209,1,0.1735,0.3,0.1265,none_supported,atypical,0,0
48063,0.0448,0,0.0106,0.0721,0.0615,none_supported,none_supported,1,1
48065,0.026,0,0.0,0.0267,0.0267,none_supported,none_supported,1,1
48067,0.055,0,0.0106,0.0738,0.0631,none_supported,none_supported,1,1
48069,0.0334,0,0.0,0.039,0.039,none_supported,none_supported,1,1
48071,0.0772,0,0.0661,0.1212,0.0551,none_supported,none_supported,1,1
48073,0.0708,0,0.0465,0.0971,0.0506,none_supported,none_supported,1,1
48075,0.0269,0,0.0,0.0323,0.0323,none_supported,none_supported,1,1
48077,0.0322,0,0.0,0.039,0.039,none_supported,none_supported,1,1
48079,0.0178,0,0.0,0.0187,0.0187,none_supported,none_supported,1,1
48081,0.0186,0,0.0,0.0192,0.0192,none_supported,none_supported,1,1
48083,0.0298,0,0.0,0.0319,0.0319,none_supported,none_supported,1,1
48085,0.452,0,0.2623,0.5652,0.3029,none_supported,atypical,1,0
48087,0.015,0,0.0,0.0187,0.0187,none_supported,none_supported,1,1
48089,0.0489,0,0.0106,0.0721,0.0615,none_supported,none_supported,1,1
48091,0.1467,0,0.1707,0.2589,0.0882,none_supported,none_supported,1,1
48093,0.039,0,0.0,0.0571,0.0571,none_supported,none_supported,1,1
48095,0.0211,0,0.0,0.0192,0.0192,none_supported,none_supported,1,1
48097,0.0649,0,0.0234,0.0816,0.0582,none_supported,none_supported,1,1
48099,0.0976,0,0.0743,0.1765,0.1022,none_supported,none_supported,1,1
48101,0.0125,0,0.0,0.0187,0.0187,none_supported,none_supported,1,1
48103,0.0243,0,0.0,0.025,0.025,none_supported,none_supported,1,1
48105,0.0182,0,0.0,0.0187,0.0187,none_supported,none_supported,1,1
48107,0.029,0,0.0,0.0294,0.0294,none_supported,none_supported,1,1
48109,0.0153,0,0.0,0.0187,0.0187,none_supported,none_supported,1,1
48111,0.028,0,0.0,0.0294,0.0294,none_supported,none_supported,1,1
48113,0.6512,0,0.3333,0.8,0.4667,enacted_supported,atypical,0,0
48115,0.0411,0,0.0,0.0571,0.0571,none_supported,none_supported,1,1
48117,0.0449,0,0.0106,0.0721,0.0615,none_supported,none_supported,1,1
48119,0.0312,0,0.0,0.0337,0.0337,none_supported,none_supported,1,1
48121,0.3358,0,0.2623,0.5294,0.2671,none_supported,atypical,1,0
48123,0.0482,0,0.0106,0.0721,0.0615,none_supported,none_supported,1,1
48125,0.0141,0,0.0,0.0187,0.0187,none_supported,none_supported,1,1
48127,0.0389,0,0.0,0.0691,0.0691,none_supported,none_supported,1,1
48129,0.0172,0,0.0,0.0192,0.0192,none_supported,none_supported,1,1
48131,0.0378,0,0.0,0.0571,0.0571,none_supported,none_supported,1,1
48133,0.0384,0,0.0106,0.0721,0.0615,none_supported,none_supported,1,1
48135,0.1257,0,0.1667,0.2589,0.0923,none_supported,none_supported,1,1
48137,0.0091,0,0.0,0.0187,0.0187,none_supported,none_supported,1,1
48139,0.2137,0,0.1735,0.3,0.1265,none_supported,atypical,1,0
48141,0.3049,0,0.25,0.5294,0.2794,none_supported,atypical,1,0
48143,0.0626,0,0.0234,0.0803,0.0569,none_supported,none_supported,1,1
48145,0.0497,0,0.0106,0.0721,0.0615,none_supported,none_supported,1,1
48147,0.0633,0,0.0234,0.08,0.0566,none_supported,none_supported,1,1
48149,0.0546,0,0.0106,0.0721,0.0615,none_supported,none_supported,1,1
48151,0.0221,0,0.0,0.0236,0.0236,none_supported,none_supported,1,1
48153,0.026,0,0.0,0.0274,0.0274,none_supported,none_supported,1,1
48155,0.012,0,0.0,0.0187,0.0187,none_supported,none_supported,1,1
48157,0.2883,0,0.25,0.5294,0.2794,none_supported,atypical,1,0
48159,0.0413,0,0.0082,0.0571,0.0489,none_supported,none_supported,1,1
48161,0.0497,0,0.0106,0.0721,0.0615,none_supported,none_supported,1,1
48163,0.048,0,0.0234,0.0744,0.051,none_supported,none_supported,1,1
48165,0.045,0,0.0106,0.0721,0.0615,none_supported,none_supported,1,1
48167,0.2105,0,0.1735,0.3,0.1265,none_supported,atypical,1,0
48169,0.0227,0,0.0,0.027,0.027,none_supported,none_supported,1,1
48171,0.0536,0,0.0106,0.0726,0.0619,none_supported,none_supported,1,1
48173,0.0112,0,0.0,0.0187,0.0187,none_supported,none_supported,1,1
48175,0.0317,0,0.0,0.038,0.038,none_supported,none_supported,1,1
48177,0.0485,0,0.0106,0.0721,0.0615,none_supported,none_supported,1,1
48179,0.046,0,0.0106,0.0721,0.0615,none_supported,none_supported,1,1
48181,0.1216,0,0.1304,0.2589,0.1285,none_supported,none_supported,1,1
48183,0.1319,0,0.1707,0.2589,0.0882,none_supported,none_supported,1,1
48185,0.0563,0,0.0234,0.08,0.0566,none_supported,none_supported,1,1
48187,0.1509,0,0.1707,0.2589,0.0882,none_supported,none_supported,1,1
48189,0.0586,0,0.0234,0.08,0.0566,none_supported,none_supported,1,1
48191,0.0176,0,0.0,0.0187,0.0187,none_supported,none_supported,1,1
48193,0.0289,0,0.0,0.039,0.039,none_supported,none_supported,1,1
48195,0.0233,0,0.0,0.0247,0.0247,none_supported,none_supported,1,1
48197,0.0229,0,0.0,0.0231,0.0231,none_supported,none_supported,1,1
48199,0.0734,0,0.0571,0.1053,0.0481,none_supported,none_supported,1,1
48201,0.5659,0,0.325,0.7143,0.3893,enacted_supported,atypical,0,0
48203,0.0875,0,0.0743,0.1765,0.1022,none_supported,none_supported,1,1
48205,0.023,0,0.0,0.0241,0.0241,none_supported,none_supported,1,1
48207,0.0234,0,0.0,0.0267,0.0267,none_supported,none_supported,1,1
48209,0.2006,0,0.1735,0.2787,0.1052,none_supported,atypical,1,0
48211,0.0197,0,0.0,0.0192,0.0192,none_supported,none_supported,1,1
48213,0.0877,0,0.0743,0.1765,0.1022,none_supported,none_supported,1,1
48215,0.2768,0,0.2,0.4375,0.2375,none_supported,atypical,1,0
48217,0.0629,1,0.0234,0.08,0.0566,none_supported,none_supported,0,0
48219,0.0513,0,0.0106,0.0721,0.0615,none_supported,none_supported,1,1
48221,0.0987,0,0.0743,0.1875,0.1132,none_supported,none_supported,1,1
48223,0.0608,0,0.0234,0.08,0.0566,none_supported,none_supported,1,1
48225,0.0495,0,0.0106,0.0721,0.0615,none_supported,none_supported,1,1
48227,0.0637,0,0.0234,0.08,0.0566,none_supported,none_supported,1,1
48229,0.0148,0,0.0,0.0187,0.0187,none_supported,none_supported,1,1
48231,0.1058,0,0.0743,0.1786,0.1043,none_supported,none_supported,1,1
48233,0.0469,0,0.0106,0.0721,0.0615,none_supported,none_supported,1,1
48235,0.0138,0,0.0,0.0187,0.0187,none_supported,none_supported,1,1
48237,0.0296,0,0.0,0.0357,0.0357,none_supported,none_supported,1,1
48239,0.0404,0,0.0082,0.0708,0.0626,none_supported,none_supported,1,1
48241,0.0577,0,0.0234,0.08,0.0566,none_supported,none_supported,1,1
48243,0.0156,0,0.0,0.0187,0.0187,none_supported,none_supported,1,1
48245,0.1754,0,0.1714,0.2742,0.1028,none_supported,atypical,1,0
48247,0.0338,0,0.0,0.039,0.039,none_supported,none_supported,1,1
48249,0.0807,0,0.0465,0.125,0.0785,none_supported,none_supported,1,1
48251,0.1345,0,0.1707,0.2589,0.0882,none_supported,none_supported,1,1
48253,0.049,0,0.0106,0.0721,0.0615,none_supported,none_supported,1,1
48255,0.0441,0,0.0106,0.0721,0.0615,none_supported,none_supported,1,1
48257,0.1441,0,0.1707,0.2589,0.0882,none_supported,none_supported,1,1
48259,0.0777,0,0.0741,0.1212,0.0471,none_supported,none_supported,1,1
48261,0.0031,0,0.0,0.0183,0.0183,none_supported,none_supported,1,1
48263,0.0099,0,0.0,0.0186,0.0186,none_supported,none_supported,1,1
48265,0.0761,0,0.0465,0.1176,0.0711,none_supported,none_supported,1,1
48267,0.0226,0,0.0,0.0234,0.0234,none_supported,none_supported,1,1
48269,0.0046,0,0.0,0.0183,0.0183,none_supported,none_supported,1,1
48271,0.0206,0,0.0,0.02,0.02,none_supported,none_supported,1,1
48273,0.0691,0,0.0234,0.1143,0.0909,none_supported,none_supported,1,1
48275,0.0201,0,0.0,0.0204,0.0204,none_supported,none_supported,1,1
48277,0.0738,0,0.0465,0.1139,0.0674,none_supported,none_supported,1,1
48279,0.0384,0,0.0,0.0571,0.0571,none_supported,none_supported,1,1
48281,0.0562,0,0.0106,0.0721,0.0615,none_supported,none_supported,1,1
48283,0.0326,0,0.0,0.039,0.039,none_supported,none_supported,1,1
48285,0.0439,0,0.0106,0.0721,0.0615,none_supported,none_supported,1,1
48287,0.0457,1,0.0106,0.0721,0.0615,none_supported,none_supported,0,0
48289,0.0394,0,0.0082,0.0571,0.0489,none_supported,none_supported,1,1
48291,0.0944,0,0.0743,0.1765,0.1022,none_supported,none_supported,1,1
48293,0.0487,0,0.0106,0.0721,0.0615,none_supported,none_supported,1,1
48295,0.0191,0,0.0,0.0187,0.0187,none_supported,none_supported,1,1
48297,0.0352,0,0.0,0.0435,0.0435,none_supported,none_supported,1,1
48299,0.0522,0,0.0106,0.0721,0.0615,none_supported,none_supported,1,1
48301,0.0031,0,0.0,0.0183,0.0183,none_supported,none_supported,1,1
48303,0.1742,0,0.1714,0.2589,0.0875,none_supported,none_supported,1,1
48305,0.0257,0,0.0,0.0294,0.0294,none_supported,none_supported,1,1
48307,0.0288,0,0.0,0.0323,0.0323,none_supported,none_supported,1,1
48309,0.1676,0,0.1714,0.2589,0.0875,none_supported,none_supported,1,1
48311,0.0088,0,0.0,0.0184,0.0184,none_supported,none_supported,1,1
48313,0.0404,0,0.0106,0.0721,0.0615,none_supported,none_supported,1,1
48315,0.036,0,0.0,0.0571,0.0571,none_supported,none_supported,1,1
48317,0.0253,0,0.0,0.026,0.026,none_supported,none_supported,1,1
48319,0.0236,0,0.0,0.0239,0.0239,none_supported,none_supported,1,1
48321,0.0633,0,0.0234,0.08,0.0566,none_supported,none_supported,1,1
48323,0.0876,0,0.0743,0.15,0.0757,none_supported,none_supported,1,1
48325,0.0838,0,0.0743,0.1765,0.1022,none_supported,none_supported,1,1
48327,0.0158,0,0.0,0.0187,0.0187,none_supported,none_supported,1,1
48329,0.1274,0,0.1667,0.2589,0.0923,none_supported,none_supported,1,1
48331,0.0641,0,0.0234,0.08,0.0566,none_supported,none_supported,1,1
48333,0.0228,0,0.0,0.0244,0.0244,none_supported,none_supported,1,1
48335,0.0317,0,0.0,0.039,0.039,none_supported,none_supported,1,1
48337,0.0456,0,0.0106,0.0721,0.0615,none_supported,none_supported,1,1
48339,0.253,0,0.1735,0.3333,0.1599,none_supported,atypical,1,0
48341,0.0447,0,0.0106,0.0721,0.0615,none_supported,none_supported,1,1
48343,0.0464,0,0.0106,0.0721,0.0615,none_supported,none_supported,1,1
48345,0.0115,0,0.0,0.0187,0.0187,none_supported,none_supported,1,1
48347,0.0888,0,0.0743,0.1765,0.1022,none_supported,none_supported,1,1
48349,0.0926,0,0.0743,0.1765,0.1022,none_supported,none_supported,1,1
48351,0.0338,0,0.0,0.0526,0.0526,none_supported,none_supported,1,1
48353,0.0453,0,0.0106,0.0721,0.0615,none_supported,none_supported,1,1
48355,0.2119,0,0.1735,0.2903,0.1169,none_supported,atypical,1,0
48357,0.0323,0,0.0,0.039,0.039,none_supported,none_supported,1,1
48359,0.0149,0,0.0,0.0187,0.0187,none_supported,none_supported,1,1
48361,0.0999,0,0.0743,0.1765,0.1022,none_supported,none_supported,1,1
48363,0.0556,0,0.0106,0.0726,0.0619,none_supported,none_supported,1,1
48365,0.0531,0,0.0106,0.0721,0.0615,none_supported,none_supported,1,1
48367,0.1219,0,0.1304,0.2589,0.1285,none_supported,none_supported,1,1
48369,0.0308,0,0.0,0.039,0.039,none_supported,none_supported,1,1
48371,0.0376,0,0.0,0.0526,0.0526,none_supported,none_supported,1,1
48373,0.0755,0,0.0465,0.1139,0.0674,none_supported,none_supported,1,1
48375,0.114,0,0.1304,0.2195,0.0891,none_supported,none_supported,1,1
48377,0.0373,0,0.0,0.0417,0.0417,none_supported,none_supported,1,1
48379,0.0455,0,0.0106,0.0721,0.0615,none_supported,none_supported,1,1
48381,0.1196,0,0.1304,0.2589,0.1285,none_supported,none_supported,1,1
48383,0.0174,0,0.0,0.0192,0.0192,none_supported,none_supported,1,1
48385,0.0197,0,0.0,0.0192,0.0192,none_supported,none_supported,1,1
48387,0.0375,0,0.0,0.0526,0.0526,none_supported,none_supported,1,1
48389,0.0379,0,0.0,0.0571,0.0571,none_supported,none_supported,1,1
48391,0.0323,0,0.0,0.039,0.039,none_supported,none_supported,1,1
48393,0.0094,0,0.0,0.0185,0.0185,none_supported,none_supported,1,1
48395,0.0484,0,0.0106,0.0721,0.0615,none_supported,none_supported,1,1
48397,0.1478,0,0.1707,0.2589,0.0882,none_supported,none_supported,1,1
48399,0.0329,0,0.0,0.039,0.039,none_supported,none_supported,1,1
48401,0.0775,0,0.0661,0.1176,0.0515,none_supported,none_supported,1,1
48403,0.0362,0,0.0,0.0426,0.0426,none_supported,none_supported,1,1
48405,0.0356,0,0.0,0.04,0.04,none_supported,none_supported,1,1
48407,0.0571,0,0.0234,0.08,0.0566,none_supported,none_supported,1,1
48409,0.0969,0,0.0743,0.1765,0.1022,none_supported,none_supported,1,1
48411,0.0252,0,0.0,0.0263,0.0263,none_supported,none_supported,1,1
48413,0.0154,0,0.0,0.0187,0.0187,none_supported,none_supported,1,1
48415,0.0408,0,0.0106,0.0721,0.0615,none_supported,none_supported,1,1
48417,0.0156,0,0.0,0.0187,0.0187,none_supported,none_supported,1,1
48419,0.0507,0,0.0106,0.0721,0.0615,none_supported,none_supported,1,1
48421,0.018,0,0.0,0.0187,0.0187,none_supported,none_supported,1,1
48423,0.1525,0,0.1707,0.2589,0.0882,none_supported,none_supported,1,1
48425,0.0438,0,0.0082,0.0571,0.0489,none_supported,none_supported,1,1
48427,0.0948,0,0.0743,0.1765,0.1022,none_supported,none_supported,1,1
48429,0.0331,0,0.0,0.039,0.039,none_supported,none_supported,1,1
48431,0.0135,0,0.0,0.0187,0.0187,none_supported,none_supported,1,1
48433,0.0142,0,0.0,0.0187,0.0187,none_supported,none_supported,1,1
48435,0.0199,0,0.0,0.0187,0.0187,none_supported,none_supported,1,1
48437,0.0296,0,0.0,0.0337,0.0337,none_supported,none_supported,1,1
48439,0.4765,0,0.2647,0.5652,0.3005,indeterminate,atypical,1,0
48441,0.1206,0,0.1304,0.2589,0.1285,none_supported,none_supported,1,1
48443,0.0098,0,0.0,0.0187,0.0187,none_supported,none_supported,1,1
48445,0.0384,0,0.0,0.0526,0.0526,none_supported,none_supported,1,1
48447,0.0118,0,0.0,0.0187,0.0187,none_supported,none_supported,1,1
48449,0.0698,0,0.0234,0.0833,0.0599,none_supported,none_supported,1,1
48451,0.1036,0,0.0743,0.1852,0.1109,none_supported,none_supported,1,1
48453,0.5077,0,0.325,0.6,0.275,enacted_supported,atypical,0,0
48455,0.0431,0,0.0082,0.0708,0.0626,none_supported,none_supported,1,1
48457,0.048,0,0.0106,0.0721,0.0615,none_supported,none_supported,1,1
48459,0.067,0,0.0465,0.0833,0.0368,none_supported,none_supported,1,1
48461,0.0193,0,0.0,0.0187,0.0187,none_supported,none_supported,1,1
48463,0.0571,0,0.0234,0.0744,0.051,none_supported,none_supported,1,1
48465,0.0679,0,0.0234,0.1,0.0766,none_supported,none_supported,1,1
48467,0.0759,0,0.0661,0.1212,0.0551,none_supported,none_supported,1,1
48469,0.103,0,0.0743,0.1765,0.1022,none_supported,none_supported,1,1
48471,0.0989,0,0.0743,0.1765,0.1022,none_supported,none_supported,1,1
48473,0.098,0,0.0743,0.1765,0.1022,none_supported,none_supported,1,1
48475,0.0392,0,0.0106,0.0708,0.0601,none_supported,none_supported,1,1
48477,0.0725,0,0.0234,0.0833,0.0599,none_supported,none_supported,1,1
48479,0.1621,0,0.1714,0.2589,0.0875,none_supported,none_supported,1,1
48481,0.0663,0,0.0234,0.0833,0.0599,none_supported,none_supported,1,1
48483,0.0199,0,0.0,0.0244,0.0244,none_supported,none_supported,1,1
48485,0.1388,0,0.1707,0.2589,0.0882,none_supported,none_supported,1,1
48487,0.04,0,0.0,0.0571,0.0571,none_supported,none_supported,1,1
48489,0.0642,0,0.0234,0.0875,0.0641,none_supported,none_supported,1,1
48491,0.2485,0,0.1735,0.3333,0.1599,none_supported,atypical,1,0
48493,0.0777,0,0.0741,0.1212,0.0471,none_supported,none_supported,1,1
48495,0.0321,0,0.0,0.0353,0.0353,none_supported,none_supported,1,1
48497,0.0806,0,0.0743,0.1636,0.0894,none_supported,none_supported,1,1
48499,0.0698,0,0.0465,0.0833,0.0368,none_supported,none_supported,1,1
48501,0.0288,0,0.0,0.0366,0.0366,none_supported,none_supported,1,1
48503,0.0397,0,0.0106,0.0721,0.0615,none_supported,none_supported,1,1
48505,0.0439,0,0.0106,0.0721,0.0615,none_supported,none_supported,1,1
48507,0.0474,0,0.0106,0.0721,0.0615,none_supported,none_supported,1,1
49001,0.0267,0,0.0,0.0267,0.0267,none_supported,none_supported,1,1
49003,0.0628,1,0.0234,0.08,0.0566,none_supported,none_supported,0,0
49005,0.124,1,0.1304,0.2589,0.1285,none_supported,none_supported,0,0
49007,0.052,0,0.0106,0.0721,0.0615,none_supported,none_supported,1,1
49009,0.0099,0,0.0,0.0187,0.0187,none_supported,none_supported,1,1
49011,0.2367,0,0.1735,0.3,0.1265,none_supported,atypical,1,0
49013,0.0343,0,0.0,0.0571,0.0571,none_supported,none_supported,1,1
49015,0.0271,0,0.0,0.0306,0.0306,none_supported,none_supported,1,1
49017,0.0217,0,0.0,0.0204,0.0204,none_supported,none_supported,1,1
49019,0.0364,1,0.0,0.0571,0.0571,none_supported,none_supported,0,0
49021,0.0648,1,0.0234,0.0833,0.0599,none_supported,none_supported,0,0
49023,0.0323,0,0.0,0.039,0.039,none_supported,none_supported,1,1
49025,0.0283,0,0.0,0.0319,0.0319,none_supported,none_supported,1,1
49027,0.0267,0,0.0,0.0337,0.0337,none_supported,none_supported,1,1
49029,0.0432,0,0.0106,0.0708,0.0601,none_supported,none_supported,1,1
49031,0.0156,0,0.0,0.0187,0.0187,none_supported,none_supported,1,1
49033,0.0167,0,0.0,0.0187,0.0187,none_supported,none_supported,1,1
49035,0.4349,0,0.2623,0.5652,0.3029,none_supported,atypical,1,0
49037,0.04,0,0.0,0.0571,0.0571,none_supported,none_supported,1,1
49039,0.0504,0,0.0106,0.0721,0.0615,none_supported,none_supported,1,1
49041,0.0452,0,0.0106,0.0721,0.0615,none_supported,none_supported,1,1
49043,0.0877,0,0.0743,0.15,0.0757,none_supported,none_supported,1,1
49045,0.076,0,0.0465,0.1,0.0535,none_supported,none_supported,1,1
49047,0.0573,0,0.0234,0.0744,0.051,none_supported,none_supported,1,1
49049,0.2921,0,0.1735,0.4,0.2265,none_supported,atypical,1,0
49051,0.0704,0,0.0234,0.0984,0.075,none_supported,none_supported,1,1
49053,0.1342,0,0.1707,0.2589,0.0882,none_supported,none_supported,1,1
49055,0.0167,0,0.0,0.0187,0.0187,none_supported,none_supported,1,1
49057,0.1785,0,0.1714,0.2589,0.0875,none_supported,atypical,1,0
50001,0.1007,0,0.0743,0.2195,0.1452,none_supported,none_supported,1,1
50003,0.0969,0,0.0743,0.1591,0.0848,none_supported,none_supported,1,1
50005,0.0837,0,0.0465,0.15,0.1035,none_supported,none_supported,1,1
50007,0.2011,0,0.1735,0.2787,0.1052,none_supported,atypical,1,0
50009,0.0356,0,0.0,0.0426,0.0426,none_supported,none_supported,1,1
50011,0.101,0,0.0743,0.2,0.1257,none_supported,none_supported,1,1
50013,0.0532,0,0.0234,0.08,0.0566,none_supported,none_supported,1,1
50015,0.0886,0,0.0743,0.1525,0.0783,none_supported,none_supported,1,1
50017,0.0863,0,0.0465,0.15,0.1035,none_supported,none_supported,1,1
50019,0.0717,0,0.0234,0.1212,0.0978,none_supported,none_supported,1,1
50021,0.1053,0,0.0743,0.2195,0.1452,none_supported,none_supported,1,1
50023,0.1284,0,0.1569,0.2273,0.0704,none_supported,none_supported,1,1
50025,0.1116,0,0.0743,0.2222,0.1479,none_supported,none_supported,1,1
50027,0.1132,1,0.1304,0.2245,0.0941,none_supported,none_supported,0,0
51001,0.0819,0,0.0743,0.125,0.0507,none_supported,none_supported,1,1
51003,0.1628,0,0.1714,0.2589,0.0875,none_supported,none_supported,1,1
51005,0.0498,0,0.0106,0.0721,0.0615,none_supported,none_supported,1,1
51007,0.0465,0,0.0106,0.0721,0.0615,none_supported,none_supported,1,1
51009,0.0716,0,0.0465,0.1139,0.0674,none_supported,none_supported,1,1
51011,0.0501,0,0.0106,0.0721,0.0615,none_supported,none_supported,1,1
51013,0.3484,0,0.25,0.5294,0.2794,none_supported,atypical,1,0
51015,0.097,0,0.0743,0.1765,0.1022,none_supported,none_supported,1,1
51017,0.0245,0,0.0,0.0286,0.0286,none_supported,none_supported,1,1
51019,0.0958,0,0.0743,0.1765,0.1022,none_supported,none_supported,1,1
51021,0.0273,0,0.0,0.0385,0.0385,none_supported,none_supported,1,1
51023,0.072,0,0.0465,0.0854,0.0389,none_supported,none_supported,1,1
51025,0.0622,0,0.0234,0.08,0.0566,none_supported,none_supported,1,1
51027,0.0471,0,0.0106,0.0721,0.0615,none_supported,none_supported,1,1
51029,0.0514,0,0.0234,0.0744,0.051,none_supported,none_supported,1,1
51031,0.0854,1,0.0743,0.1731,0.0988,none_supported,none_supported,0,0
51033,0.0798,0,0.0465,0.125,0.0785,none_supported,none_supported,1,1
51035,0.0596,0,0.0234,0.08,0.0566,none_supported,none_supported,1,1
51036,0.0436,0,0.0106,0.0721,0.0615,none_supported,none_supported,1,1
51037,0.0477,0,0.0106,0.0721,0.0615,none_supported,none_supported,1,1
51041,0.2364,1,0.1735,0.3,0.1265,none_supported,atypical,0,0
51043,0.0672,0,0.0234,0.0833,0.0599,none_supported,none_supported,1,1
51045,0.0305,0,0.0,0.0319,0.0319,none_supported,none_supported,1,1
51047,0.1121,1,0.0743,0.2195,0.1452,none_supported,none_supported,0,0
51049,0.0453,0,0.0106,0.0721,0.0615,none_supported,none_supported,1,1
51051,0.0431,0,0.0106,0.0721,0.0615,none_supported,none_supported,1,1
51053,0.0711,0,0.0234,0.1139,0.0905,none_supported,none_supported,1,1
51057,0.0518,0,0.0234,0.0744,0.051,none_supported,none_supported,1,1
51059,0.5463,1,0.325,0.7143,0.3893,enacted_supported,atypical,1,0
51061,0.1321,1,0.1707,0.2589,0.0882,none_supported,none_supported,0,0
51063,0.0542,0,0.0106,0.0738,0.0631,none_supported,none_supported,1,1
51065,0.0813,1,0.0743,0.125,0.0507,none_supported,none_supported,0,0
51067,0.0868,0,0.0743,0.125,0.0507,none_supported,none_supported,1,1
51069,0.1336,0,0.1707,0.2589,0.0882,none_supported,none_supported,1,1
51071,0.0515,0,0.0106,0.0721,0.0615,none_supported,none_supported,1,1
51073,0.0878,0,0.0743,0.1636,0.0894,none_supported,none_supported,1,1
51075,0.0761,0,0.0465,0.1224,0.0759,none_supported,none_supported,1,1
51077,0.0493,0,0.0106,0.0721,0.0615,none_supported,none_supported,1,1
51079,0.0748,0,0.0465,0.1212,0.0747,none_supported,none_supported,1,1
51081,0.0579,0,0.0234,0.0761,0.0527,none_supported,none_supported,1,1
51083,0.0728,0,0.0465,0.1194,0.0729,none_supported,none_supported,1,1
51085,0.1292,0,0.1667,0.2589,0.0923,none_supported,none_supported,1,1
51087,0.3562,1,0.2623,0.5294,0.2671,none_supported,atypical,0,0
51089,0.0902,0,0.0743,0.1765,0.1022,none_supported,none_supported,1,1
51091,0.0215,0,0.0,0.0204,0.0204,none_supported,none_supported,1,1
51093,0.0905,0,0.0743,0.1667,0.0924,none_supported,none_supported,1,1
51095,0.1449,0,0.1707,0.2589,0.0882,none_supported,none_supported,1,1
51097,0.0398,0,0.0,0.0571,0.0571,none_supported,none_supported,1,1
51099,0.0839,0,0.0741,0.125,0.0509,none_supported,none_supported,1,1
51101,0.0598,0,0.0234,0.0769,0.0535,none_supported,none_supported,1,1
51103,0.0611,0,0.0234,0.0761,0.0527,none_supported,none_supported,1,1
51105,0.0521,0,0.0106,0.0721,0.0615,none_supported,none_supported,1,1
51107,0.4651,1,0.325,0.6,0.275,indeterminate,atypical,1,0
51109,0.0799,0,0.0743,0.125,0.0507,none_supported,none_supported,1,1
51111,0.0503,0,0.0106,0.0721,0.0615,none_supported,none_supported,1,1
51113,0.0533,0,0.0106,0.0721,0.0615,none_supported,none_supported,1,1
51115,0.05,0,0.0106,0.0721,0.0615,none_supported,none_supported,1,1
51117,0.0788,1,0.0741,0.125,0.0509,none_supported,none_supported,0,0
51119,0.0526,0,0.0234,0.0744,0.051,none_supported,none_supported,1,1
51121,0.1406,0,0.1707,0.2589,0.0882,none_supported,none_supported,1,1
51125,0.0568,0,0.0234,0.0761,0.0527,none_supported,none_supported,1,1
51127,0.075,0,0.0465,0.1212,0.0747,none_supported,none_supported,1,1
51131,0.0637,0,0.0234,0.0833,0.0599,none_supported,none_supported,1,1
51133,0.0579,0,0.0234,0.0744,0.051,none_supported,none_supported,1,1
51135,0.0619,0,0.0234,0.0761,0.0527,none_supported,none_supported,1,1
51137,0.0858,0,0.0743,0.125,0.0507,none_supported,none_supported,1,1
51139,0.0598,0,0.0234,0.08,0.0566,none_supported,none_supported,1,1
51141,0.0501,0,0.0106,0.0721,0.0615,none_supported,none_supported,1,1
51143,0.0839,0,0.0743,0.125,0.0507,none_supported,none_supported,1,1
51145,0.0753,0,0.0465,0.1212,0.0747,none_supported,none_supported,1,1
51147,0.0726,0,0.0234,0.1212,0.0978,none_supported,none_supported,1,1
51149,0.0903,0,0.0743,0.1765,0.1022,none_supported,none_supported,1,1
51153,0.5141,0,0.2647,0.5652,0.3005,none_supported,atypical,1,0
51155,0.0764,0,0.0465,0.1212,0.0747,none_supported,none_supported,1,1
51157,0.042,0,0.0106,0.0721,0.0615,none_supported,none_supported,1,1
51159,0.0417,0,0.0106,0.0721,0.0615,none_supported,none_supported,1,1
51161,0.1354,0,0.1667,0.2589,0.0923,none_supported,none_supported,1,1
51163,0.0616,0,0.0234,0.08,0.0566,none_supported,none_supported,1,1
51165,0.102,0,0.0743,0.1765,0.1022,none_supported,none_supported,1,1
51167,0.0597,0,0.0234,0.0753,0.0519,none_supported,none_supported,1,1
51169,0.0545,0,0.0106,0.0721,0.0615,none_supported,none_supported,1,1
51171,0.0795,0,0.0743,0.125,0.0507,none_supported,none_supported,1,1
51173,0.0667,0,0.0234,0.08,0.0566,none_supported,none_supported,1,1
51175,0.0575,0,0.0234,0.0761,0.0527,none_supported,none_supported,1,1
51177,0.1627,1,0.1714,0.2589,0.0875,none_supported,none_supported,0,0
51179,0.1901,1,0.1714,0.2698,0.0984,none_supported,none_supported,0,0
51181,0.0413,0,0.0106,0.0721,0.0615,none_supported,none_supported,1,1
51183,0.0532,0,0.0234,0.0744,0.051,none_supported,none_supported,1,1
51185,0.0736,0,0.0465,0.0833,0.0368,none_supported,none_supported,1,1
51187,0.0917,1,0.0743,0.1765,0.1022,none_supported,none_supported,0,0
51191,0.0804,0,0.0743,0.125,0.0507,none_supported,none_supported,1,1
51193,0.0675,0,0.0234,0.1,0.0766,none_supported,none_supported,1,1
51195,0.0688,0,0.0465,0.0833,0.0368,none_supported,none_supported,1,1
51197,0.0601,0,0.0234,0.08,0.0566,none_supported,none_supported,1,1
51199,0.1381,0,0.1707,0.2589,0.0882,none_supported,none_supported,1,1
51510,0.2954,0,0.2222,0.4375,0.2153,none_supported,atypical,1,0
51520,0.0873,0,0.0743,0.1607,0.0864,none_supported,none_supported,1,1
51530,0.0605,0,0.0106,0.0816,0.071,none_supported,none_supported,1,1
51540,0.1996,0,0.1735,0.2787,0.1052,none_supported,atypical,1,0
51550,0.2144,0,0.1735,0.3,0.1265,none_supported,atypical,1,0
51570,0.0947,0,0.0743,0.1765,0.1022,none_supported,none_supported,1,1
51580,0.0574,0,0.0234,0.0833,0.0599,none_supported,none_supported,1,1
51590,0.1384,0,0.1707,0.2589,0.0882,none_supported,none_supported,1,1
51595,0.0667,0,0.0234,0.125,0.1016,none_supported,none_supported,1,1
51600,0.1306,0,0.1707,0.2589,0.0882,none_supported,none_supported,1,1
51610,0.1347,0,0.1667,0.2589,0.0923,none_supported,none_supported,1,1
51620,0.0842,0,0.0737,0.1569,0.0832,none_supported,none_supported,1,1
51630,0.1445,0,0.1707,0.2589,0.0882,none_supported,none_supported,1,1
51640,0.061,0,0.0106,0.0721,0.0615,none_supported,none_supported,1,1
51650,0.2372,0,0.1735,0.3,0.1265,none_supported,atypical,1,0
51660,0.183,0,0.1735,0.2787,0.1052,none_supported,atypical,1,0
51670,0.1171,0,0.1304,0.2195,0.0891,none_supported,none_supported,1,1
51678,0.0926,0,0.0743,0.1591,0.0848,none_supported,none_supported,1,1
51680,0.1922,0,0.1714,0.2589,0.0875,none_supported,none_supported,1,1
51683,0.1805,0,0.1714,0.2698,0.0984,none_supported,none_supported,1,1
51685,0.123,0,0.1304,0.2589,0.1285,none_supported,none_supported,1,1
51690,0.1063,0,0.0743,0.1765,0.1022,none_supported,none_supported,1,1
51700,0.2343,0,0.1735,0.3333,0.1599,none_supported,atypical,1,0
51710,0.2753,0,0.2222,0.4375,0.2153,none_supported,atypical,1,0
51720,0.0398,0,0.0106,0.0704,0.0598,none_supported,none_supported,1,1
51730,0.159,0,0.1714,0.2698,0.0984,none_supported,none_supported,1,1
51735,0.0739,0,0.0465,0.1212,0.0747,none_supported,none_supported,1,1
51740,0.2293,0,0.1735,0.2812,0.1078,none_supported,atypical,1,0
51750,0.0926,0,0.0743,0.1765,0.1022,none_supported,none_supported,1,1
51760,0.3034,0,0.25,0.4375,0.1875,none_supported,atypical,1,0
51770,0.1985,0,0.1735,0.2787,0.1052,none_supported,atypical,1,0
51775,0.1075,0,0.0743,0.1837,0.1094,none_supported,none_supported,1,1
51790,0.1215,0,0.0889,0.2195,0.1306,none_supported,none_supported,1,1
51800,0.1519,0,0.1707,0.2589,0.0882,none_supported,none_supported,1,1
51810,0.2597,0,0.2222,0.4375,0.2153,none_supported,atypical,1,0
51820,0.1043,0,0.0743,0.1837,0.1094,none_supported,none_supported,1,1
51830,0.1252,0,0.0743,0.2222,0.1479,none_supported,none_supported,1,1
51840,0.1316,0,0.1667,0.2589,0.0923,none_supported,none_supported,1,1
53001,0.0487,0,0.0106,0.0721,0.0615,none_supported,none_supported,1,1
53003,0.0615,0,0.0234,0.08,0.0566,none_supported,none_supported,1,1
53005,0.1481,0,0.1707,0.2589,0.0882,none_supported,none_supported,1,1
53007,0.119,1,0.1304,0.2589,0.1285,none_supported,none_supported,0,0
53009,0.1111,0,0.0743,0.2195,0.1452,none_supported,none_supported,1,1
53011,0.2538,0,0.1735,0.4,0.2265,none_supported,atypical,1,0
53013,0.0247,0,0.0,0.0263,0.0263,none_supported,none_supported,1,1
53015,0.119,0,0.1304,0.2195,0.0891,none_supported,none_supported,1,1
53017,0.0996,1,0.0743,0.2589,0.1846,none_supported,none_supported,0,0
53019,0.0312,0,0.0,0.039,0.039,none_supported,none_supported,1,1
53021,0.1079,0,0.0889,0.2195,0.1306,none_supported,none_supported,1,1
53023,0.021,0,0.0,0.0187,0.0187,none_supported,none_supported,1,1
53025,0.1668,1,0.1714,0.2787,0.1073,none_supported,atypical,0,0
53027,0.1018,0,0.0743,0.2169,0.1426,none_supported,none_supported,1,1
53029,0.1546,0,0.1707,0.2589,0.0882,none_supported,none_supported,1,1
53031,0.0879,0,0.0465,0.15,0.1035,none_supported,none_supported,1,1
53033,0.5699,1,0.325,0.7143,0.3893,enacted_supported,atypical,1,0
53035,0.2262,0,0.1735,0.3,0.1265,none_supported,atypical,1,0
53037,0.0785,0,0.0465,0.1194,0.0729,none_supported,none_supported,1,1
53039,0.0609,0,0.0234,0.0769,0.0535,none_supported,none_supported,1,1
53041,0.0923,0,0.0743,0.1765,0.1022,none_supported,none_supported,1,1
53043,0.0368,0,0.0,0.0426,0.0426,none_supported,none_supported,1,1
53045,0.107,0,0.0743,0.2195,0.1452,none_supported,none_supported,1,1
53047,0.0591,0,0.0234,0.0909,0.0675,none_supported,none_supported,1,1
53049,0.066,0,0.0234,0.0984,0.075,none_supported,none_supported,1,1
53051,0.0414,0,0.0106,0.0721,0.0615,none_supported,none_supported,1,1
53053,0.3546,0,0.2623,0.5294,0.2671,none_supported,atypical,1,0
53055,0.0926,0,0.0743,0.1591,0.0848,none_supported,none_supported,1,1
53057,0.1328,0,0.1707,0.2589,0.0882,none_supported,none_supported,1,1
53059,0.0449,0,0.0106,0.0721,0.0615,none_supported,none_supported,1,1
53061,0.3361,0,0.2623,0.5294,0.2671,none_supported,atypical,1,0
53063,0.2712,0,0.1735,0.35,0.1765,none_supported,atypical,1,0
53065,0.0667,0,0.0234,0.0816,0.0582,none_supported,none_supported,1,1
53067,0.2421,0,0.1735,0.3,0.1265,none_supported,atypical,1,0
53069,0.0338,0,0.0,0.039,0.039,none_supported,none_supported,1,1
53071,0.0983,1,0.0743,0.1765,0.1022,none_supported,none_supported,0,0
53073,0.1956,0,0.1714,0.2787,0.1073,none_supported,atypical,1,0
53075,0.0864,0,0.0743,0.15,0.0757,none_supported,none_supported,1,1
53077,0.1538,0,0.1707,0.2589,0.0882,none_supported,none_supported,1,1
54001,0.0482,0,0.0106,0.0721,0.0615,none_supported,none_supported,1,1
54003,0.3616,0,0.2623,0.5294,0.2671,none_supported,atypical,1,0
54005,0.0555,0,0.0106,0.0721,0.0615,none_supported,none_supported,1,1
54007,0.0429,0,0.0106,0.0721,0.0615,none_supported,none_supported,1,1
54009,0.0706,0,0.0465,0.1212,0.0747,none_supported,none_supported,1,1
54011,0.1325,0,0.1667,0.2589,0.0923,none_supported,none_supported,1,1
54013,0.0339,0,0.0,0.039,0.039,none_supported,none_supported,1,1
54015,0.0362,0,0.0,0.0426,0.0426,none_supported,none_supported,1,1
54017,0.0373,0,0.0,0.039,0.039,none_supported,none_supported,1,1
54019,0.0745,0,0.0465,0.1212,0.0747,none_supported,none_supported,1,1
54021,0.036,0,0.0,0.0426,0.0426,none_supported,none_supported,1,1
54023,0.0375,0,0.0,0.0508,0.0508,none_supported,none_supported,1,1
54025,0.0642,0,0.0234,0.08,0.0566,none_supported,none_supported,1,1
54027,0.0526,0,0.0106,0.0721,0.0615,none_supported,none_supported,1,1
54029,0.0817,0,0.0743,0.125,0.0507,none_supported,none_supported,1,1
54031,0.0476,0,0.0106,0.0721,0.0615,none_supported,none_supported,1,1
54033,0.0982,0,0.0743,0.1765,0.1022,none_supported,none_supported,1,1
54035,0.0604,0,0.0234,0.08,0.0566,none_supported,none_supported,1,1
54037,0.1121,0,0.0889,0.2195,0.1306,none_supported,none_supported,1,1
54039,0.154,0,0.1707,0.2589,0.0882,none_supported,none_supported,1,1
54041,0.051,0,0.0106,0.0721,0.0615,none_supported,none_supported,1,1
54043,0.0488,0,0.0106,0.0721,0.0615,none_supported,none_supported,1,1
54045,0.2015,0,0.1714,0.2787,0.1073,none_supported,atypical,1,0
54047,0.0528,0,0.0106,0.0721,0.0615,none_supported,none_supported,1,1
54049,0.2802,0,0.1735,0.4,0.2265,none_supported,atypical,1,0
54051,0.0717,0,0.0465,0.0952,0.0487,none_supported,none_supported,1,1
54053,0.1788,0,0.1714,0.2787,0.1073,none_supported,atypical,1,0
54055,0.0896,0,0.0743,0.1765,0.1022,none_supported,none_supported,1,1
54057,0.067,0,0.0234,0.08,0.0566,none_supported,none_supported,1,1
54059,0.1658,0,0.1714,0.2589,0.0875,none_supported,none_supported,1,1
54061,0.1412,0,0.1707,0.2589,0.0882,none_supported,none_supported,1,1
54063,0.0376,1,0.0106,0.0721,0.0615,none_supported,none_supported,0,0
54065,0.0668,0,0.0234,0.08,0.0566,none_supported,none_supported,1,1
54067,0.0524,0,0.0106,0.0744,0.0637,none_supported,none_supported,1,1
54069,0.1039,0,0.0743,0.1765,0.1022,none_supported,none_supported,1,1
54071,0.0296,0,0.0,0.0326,0.0326,none_supported,none_supported,1,1
54073,0.0372,0,0.0,0.0571,0.0571,none_supported,none_supported,1,1
54075,0.0292,0,0.0,0.039,0.039,none_supported,none_supported,1,1
54077,0.0646,0,0.0234,0.08,0.0566,none_supported,none_supported,1,1
54079,0.2638,0,0.1735,0.35,0.1765,none_supported,atypical,1,0
54081,0.0963,0,0.0743,0.1765,0.1022,none_supported,none_supported,1,1
54083,0.0575,0,0.0234,0.0795,0.0562,none_supported,none_supported,1,1
54085,0.0347,0,0.0,0.039,0.039,none_supported,none_supported,1,1
54087,0.0434,0,0.0106,0.0721,0.0615,none_supported,none_supported,1,1
54089,0.0472,0,0.0106,0.0721,0.0615,none_supported,none_supported,1,1
54091,0.0583,0,0.0234,0.0744,0.051,none_supported,none_supported,1,1
54093,0.1124,0,0.0743,0.2195,0.1452,none_supported,none_supported,1,1
54095,0.0371,0,0.0,0.05,0.05,none_supported,none_supported,1,1
54097,0.0597,0,0.0234,0.08,0.0566,none_supported,none_supported,1,1
54099,0.0749,0,0.0465,0.1139,0.0674,none_supported,none_supported,1,1
54101,0.0357,0,0.0,0.039,0.039,none_supported,none_supported,1,1
54103,0.0444,0,0.0106,0.0721,0.0615,none_supported,none_supported,1,1
54105,0.0334,0,0.0,0.0345,0.0345,none_supported,none_supported,1,1
54107,0.1115,0,0.0889,0.2169,0.128,none_supported,none_supported,1,1
54109,0.0508,0,0.0106,0.0721,0.0615,none_supported,none_supported,1,1
55001,0.0598,0,0.0234,0.0791,0.0557,none_supported,none_supported,1,1
55003,0.0522,0,0.0234,0.0761,0.0527,none_supported,none_supported,1,1
55005,0.0798,0,0.0743,0.125,0.0507,none_supported,none_supported,1,1
55007,0.0538,0,0.0234,0.0761,0.0527,none_supported,none_supported,1,1
55009,0.2023,0,0.1735,0.2787,0.1052,none_supported,atypical,1,0
55011,0.0457,0,0.0106,0.0721,0.0615,none_supported,none_supported,1,1
55013,0.0511,0,0.0106,0.0721,0.0615,none_supported,none_supported,1,1
55015,0.1138,0,0.0889,0.2195,0.1306,none_supported,none_supported,1,1
55017,0.0954,0,0.0743,0.1765,0.1022,none_supported,none_supported,1,1
55019,0.0661,0,0.0234,0.08,0.0566,none_supported,none_supported,1,1
55021,0.1111,0,0.0889,0.2195,0.1306,none_supported,none_supported,1,1
55023,0.0582,0,0.0234,0.0761,0.0527,none_supported,none_supported,1,1
55025,0.3249,1,0.25,0.5294,0.2794,none_supported,atypical,0,0
55027,0.1188,1,0.1304,0.2589,0.1285,none_supported,none_supported,0,0
55029,0.0824,0,0.0743,0.1304,0.0561,none_supported,none_supported,1,1
55031,0.0895,0,0.0743,0.15,0.0757,none_supported,none_supported,1,1
55033,0.0959,0,0.0743,0.1765,0.1022,none_supported,none_supported,1,1
55035,0.1422,0,0.1707,0.2589,0.0882,none_supported,none_supported,1,1
55037,0.0288,0,0.0,0.0316,0.0316,none_supported,none_supported,1,1
55039,0.1167,0,0.1304,0.2195,0.0891,none_supported,none_supported,1,1
55041,0.0398,0,0.0,0.0541,0.0541,none_supported,none_supported,1,1
55043,0.0876,1,0.0743,0.15,0.0757,none_supported,none_supported,0,0
55045,0.0876,0,0.0743,0.15,0.0757,none_supported,none_supported,1,1
55047,0.0593,0,0.0234,0.0782,0.0548,none_supported,none_supported,1,1
55049,0.0734,0,0.0234,0.1176,0.0943,none_supported,none_supported,1,1
55051,0.0314,0,0.0,0.039,0.039,none_supported,none_supported,1,1
55053,0.0581,0,0.0234,0.0761,0.0527,none_supported,none_supported,1,1
55055,0.1182,0,0.1304,0.2195,0.0891,none_supported,none_supported,1,1
55057,0.0627,0,0.0234,0.08,0.0566,none_supported,none_supported,1,1
55059,0.1786,0,0.1714,0.2589,0.0875,none_supported,none_supported,1,1
55061,0.06,0,0.0234,0.08,0.0566,none_supported,none_supported,1,1
55063,0.1502,1,0.1707,0.2589,0.0882,none_supported,none_supported,0,0
55065,0.0545,0,0.0234,0.0744,0.051,none_supported,none_supported,1,1
55067,0.0547,0,0.0234,0.0744,0.051,none_supported,none_supported,1,1
55069,0.0667,0,0.0234,0.0833,0.0599,none_supported,none_supported,1,1
55071,0.1095,1,0.0889,0.2195,0.1306,none_supported,none_supported,0,0
55073,0.1242,1,0.1667,0.2589,0.0923,none_supported,none_supported,0,0
55075,0.0704,0,0.0234,0.0897,0.0664,none_supported,none_supported,1,1
55077,0.058,0,0.0234,0.0782,0.0548,none_supported,none_supported,1,1
55078,0.0477,0,0.0227,0.0744,0.0517,none_supported,none_supported,1,1
55079,0.4112,0,0.2623,0.5652,0.3029,none_supported,atypical,1,0
55081,0.0824,0,0.0743,0.125,0.0507,none_supported,none_supported,1,1
55083,0.0666,0,0.0234,0.0897,0.0664,none_supported,none_supported,1,1
55085,0.0755,0,0.0465,0.1212,0.0747,none_supported,none_supported,1,1
55087,0.1645,1,0.1714,0.2589,0.0875,none_supported,none_supported,0,0
55089,0.134,1,0.1707,0.2589,0.0882,none_supported,none_supported,0,0
55091,0.0424,0,0.0106,0.0701,0.0595,none_supported,none_supported,1,1
55093,0.0873,0,0.0743,0.1463,0.0721,none_supported,none_supported,1,1
55095,0.0808,0,0.0743,0.125,0.0507,none_supported,none_supported,1,1
55097,0.1118,0,0.0889,0.2195,0.1306,none_supported,none_supported,1,1
55099,0.0447,0,0.0106,0.0721,0.0615,none_supported,none_supported,1,1
55101,0.1998,0,0.1735,0.2787,0.1052,none_supported,atypical,1,0
55103,0.0553,0,0.0234,0.0761,0.0527,none_supported,none_supported,1,1
55105,0.1647,0,0.1714,0.2589,0.0875,none_supported,none_supported,1,1
55107,0.0469,0,0.0106,0.0721,0.0615,none_supported,none_supported,1,1
55109,0.1187,0,0.1304,0.2195,0.0891,none_supported,none_supported,1,1
55111,0.1071,0,0.0743,0.2195,0.1452,none_supported,none_supported,1,1
55113,0.0561,0,0.0234,0.0744,0.051,none_supported,none_supported,1,1
55115,0.0752,0,0.0465,0.1176,0.0711,none_supported,none_supported,1,1
55117,0.1382,0,0.1707,0.2589,0.0882,none_supported,none_supported,1,1
55119,0.0518,0,0.0106,0.0721,0.0615,none_supported,none_supported,1,1
55121,0.0718,0,0.0234,0.1139,0.0905,none_supported,none_supported,1,1
55123,0.0736,0,0.0465,0.1212,0.0747,none_supported,none_supported,1,1
55125,0.0585,0,0.0234,0.08,0.0566,none_supported,none_supported,1,1
55127,0.1397,0,0.1707,0.2589,0.0882,none_supported,none_supported,1,1
55129,0.054,0,0.0106,0.0744,0.0637,none_supported,none_supported,1,1
55131,0.1369,0,0.1707,0.2589,0.0882,none_supported,none_supported,1,1
55133,0.2416,0,0.1735,0.3,0.1265,none_supported,atypical,1,0
55135,0.0855,0,0.0743,0.125,0.0507,none_supported,none_supported,1,1
55137,0.0607,0,0.0234,0.08,0.0566,none_supported,none_supported,1,1
55139,0.1713,0,0.1714,0.2589,0.0875,none_supported,none_supported,1,1
55141,0.1063,0,0.0743,0.2169,0.1426,none_supported,none_supported,1,1
56001,0.0687,0,0.0234,0.1,0.0766,none_supported,none_supported,1,1
56003,0.0303,0,0.0,0.039,0.039,none_supported,none_supported,1,1
56005,0.0587,0,0.0234,0.08,0.0566,none_supported,none_supported,1,1
56007,0.0331,0,0.0,0.039,0.039,none_supported,none_supported,1,1
56009,0.0316,0,0.0,0.039,0.039,none_supported,none_supported,1,1
56011,0.0251,0,0.0,0.0263,0.0263,none_supported,none_supported,1,1
56013,0.0504,0,0.0234,0.0744,0.051,none_supported,none_supported,1,1
56015,0.036,0,0.0,0.0426,0.0426,none_supported,none_supported,1,1
56017,0.0211,0,0.0,0.0236,0.0236,none_supported,none_supported,1,1
56019,0.0265,0,0.0,0.0297,0.0297,none_supported,none_supported,1,1
56021,0.1589,0,0.1714,0.2589,0.0875,none_supported,none_supported,1,1
56023,0.037,0,0.0082,0.0571,0.0489,none_supported,none_supported,1,1
56025,0.075,0,0.0465,0.1125,0.066,none_supported,none_supported,1,1
56027,0.0136,0,0.0,0.0187,0.0187,none_supported,none_supported,1,1
56029,0.0451,0,0.0106,0.0721,0.0615,none_supported,none_supported,1,1
56031,0.0294,0,0.0,0.0326,0.0326,none_supported,none_supported,1,1
56033,0.0513,0,0.0234,0.0744,0.051,none_supported,none_supported,1,1
56035,0.0252,0,0.0,0.03,0.03,none_supported,none_supported,1,1
56037,0.0496,0,0.0106,0.0721,0.0615,none_supported,none_supported,1,1
56039,0.0658,0,0.0234,0.1,0.0766,none_supported,none_supported,1,1
56041,0.0421,0,0.0106,0.0721,0.0615,none_supported,none_supported,1,1
56043,0.0282,0,0.0,0.0316,0.0316,none_supported,none_supported,1,1
56045,0.0226,0,0.0,0.026,0.026,none_supported,none_supported,1,1
