group_key,group_label,group_n,metric,metric_label,direction,n_obs,mean,median,p10,p25,p75,p90,sd,min,max
dc_absent,Counties with no data center on record,2971,calibrated_score,Restriction resemblance score,up_is_more_restrictive,2895,0.096118,0.065500,0.032640,0.044800,0.105800,0.193220,0.095955,0.005400,0.933300
dc_absent,Counties with no data center on record,2971,va_width,Score interval width,neutral,2895,0.068349,0.055500,0.028600,0.039100,0.075900,0.117800,0.056247,0.021100,0.500000
dc_absent,Counties with no data center on record,2971,population,Population,neutral,2971,60834.92,23149.00,4662.00,10115.00,53701.00,143592.00,128770.08,43.00,2330124.00
dc_absent,Counties with no data center on record,2971,pop_density_sqmi,Population density (per sq mi),neutral,2971,180.5001,41.1500,3.7400,15.0100,104.6200,340.2400,905.5103,0.0400,33650.6500
dc_absent,Counties with no data center on record,2971,median_hh_income,Median household income,neutral,2969,63406.30,62337.00,44791.40,53364.00,71870.00,83036.00,16907.60,16170.00,156000.00
dc_absent,Counties with no data center on record,2971,pct_bachelors_plus,Bachelor's degree or higher (%),neutral,2970,23.0251,21.0000,13.6700,16.7100,27.1200,34.9960,9.1483,4.4000,79.7300
dc_absent,Counties with no data center on record,2971,margin_2024,2024 presidential margin,neutral,2867,-0.380509,-0.440500,-0.700680,-0.605400,-0.216000,0.035060,0.294458,-0.924600,0.727800
dc_absent,Counties with no data center on record,2971,margin_2016,2016 presidential margin,neutral,2885,-0.344396,-0.401000,-0.665360,-0.556200,-0.183600,0.060180,0.290775,-0.916400,0.791300
dc_absent,Counties with no data center on record,2971,land_sqmi,Land area (sq mi),neutral,2971,1102.014,604.194,257.976,420.358,911.976,1781.696,3678.053,2.046,145581.869
dc_absent,Counties with no data center on record,2971,existing_dc_count,Data center records in the atlas,neutral,2971,0.00,0.00,0.00,0.00,0.00,0.00,0.00,0.00,0.00
dc_absent,Counties with no data center on record,2971,n_opposition_events,Opposition events,up_is_more_restrictive,2971,0.34,0.00,0.00,0.00,0.00,1.00,1.18,0.00,27.00
dc_absent,Counties with no data center on record,2971,n_moratorium_events,Moratorium events,up_is_more_restrictive,2971,0.15,0.00,0.00,0.00,0.00,1.00,0.67,0.00,14.00
dc_absent,Counties with no data center on record,2971,n_zoning_events,Zoning events,up_is_more_restrictive,2971,0.07,0.00,0.00,0.00,0.00,0.00,0.35,0.00,6.00
dc_absent,Counties with no data center on record,2971,n_ban_events,Ban events,up_is_more_restrictive,2971,0.00,0.00,0.00,0.00,0.00,0.00,0.03,0.00,1.00
dc_absent,Counties with no data center on record,2971,n_legislation_events,Legislation events,up_is_more_restrictive,2971,0.02,0.00,0.00,0.00,0.00,0.00,0.26,0.00,8.00
dc_absent,Counties with no data center on record,2971,n_lawsuit_events,Lawsuit events,up_is_more_restrictive,2971,0.03,0.00,0.00,0.00,0.00,0.00,0.24,0.00,6.00
dc_absent,Counties with no data center on record,2971,n_enacted_restrictive,Enacted restrictive actions,up_is_more_restrictive,2971,0.12,0.00,0.00,0.00,0.00,0.00,0.46,0.00,12.00
dc_absent,Counties with no data center on record,2971,state_legislation_events,Statewide legislation events,up_is_more_restrictive,2971,2.87,2.00,1.00,1.00,4.00,4.00,2.70,0.00,14.00
dc_absent,Counties with no data center on record,2971,n_projects_tracked,Projects tracked,neutral,2971,0.08,0.00,0.00,0.00,0.00,0.00,0.47,0.00,15.00
dc_absent,Counties with no data center on record,2971,n_projects_opposed,Projects opposed,up_is_more_restrictive,2971,0.05,0.00,0.00,0.00,0.00,0.00,0.31,0.00,8.00
dc_absent,Counties with no data center on record,2971,n_decided,Projects decided,neutral,2971,0.02,0.00,0.00,0.00,0.00,0.00,0.20,0.00,6.00
dc_absent,Counties with no data center on record,2971,n_blocked_confirmed,Projects blocked (confirmed),up_is_more_restrictive,2971,0.01,0.00,0.00,0.00,0.00,0.00,0.16,0.00,6.00
dc_absent,Counties with no data center on record,2971,n_advanced_confirmed,Projects advanced (confirmed),up_is_less_restrictive,2971,0.01,0.00,0.00,0.00,0.00,0.00,0.11,0.00,2.00
dc_absent,Counties with no data center on record,2971,n_restricted_conditional,Projects restricted or conditional,up_is_more_restrictive,2971,0.00,0.00,0.00,0.00,0.00,0.00,0.00,0.00,0.00
dc_absent,Counties with no data center on record,2971,median_days_to_decision,Median days to decision,neutral,5,185.00,98.00,61.80,78.00,206.00,377.60,181.43,51.00,492.00
dc_absent,Counties with no data center on record,2971,opposition_events_per_100k,Opposition events per 100k residents,up_is_more_restrictive,2971,1.05544,0.00000,0.00000,0.00000,0.00000,2.22135,7.75457,0.00000,329.48929
dc_absent,Counties with no data center on record,2971,opposed_share_of_tracked,Share of tracked projects opposed,up_is_more_restrictive,164,0.623103,1.000000,0.000000,0.000000,1.000000,1.000000,0.453634,0.000000,1.000000
dc_absent,Counties with no data center on record,2971,blocked_share_of_decided,Share of decided projects blocked,up_is_more_restrictive,59,0.423729,0.000000,0.000000,0.000000,1.000000,1.000000,0.489665,0.000000,1.000000
dc_present,Counties with a data center on record,251,calibrated_score,Restriction resemblance score,up_is_more_restrictive,249,0.324819,0.315100,0.096580,0.172900,0.453500,0.543960,0.171233,0.035100,0.794600
dc_present,Counties with a data center on record,251,va_width,Score interval width,neutral,249,0.217880,0.170500,0.067700,0.117800,0.261400,0.357100,0.134175,0.030600,0.666700
dc_present,Counties with a data center on record,251,population,Population,neutral,251,617139.01,326296.00,47237.00,104791.50,788939.50,1321635.00,957473.48,3419.00,9848406.00
dc_present,Counties with a data center on record,251,pop_density_sqmi,Population density (per sq mi),neutral,251,1660.5073,488.1500,49.0200,156.8200,1558.6550,2787.6600,5454.4313,1.9800,71841.6500
dc_present,Counties with a data center on record,251,median_hh_income,Median household income,neutral,251,84449.85,80374.00,59076.00,67829.00,97192.00,118411.00,23455.92,26981.00,178707.00
dc_present,Counties with a data center on record,251,pct_bachelors_plus,Bachelor's degree or higher (%),neutral,251,36.9073,36.0100,20.7700,28.3450,45.0200,53.5400,11.9566,9.7900,64.4800
dc_present,Counties with a data center on record,251,margin_2024,2024 presidential margin,neutral,249,-0.017194,-0.016800,-0.479220,-0.252800,0.209700,0.386800,0.329085,-0.770500,0.860700
dc_present,Counties with a data center on record,251,margin_2016,2016 presidential margin,neutral,245,-0.019195,-0.004300,-0.478980,-0.271400,0.197800,0.386240,0.334272,-0.805900,0.887200
dc_present,Counties with a data center on record,251,land_sqmi,Land area (sq mi),neutral,251,1046.375,611.835,224.478,403.435,1019.429,2115.736,1389.318,9.843,9202.016
dc_present,Counties with a data center on record,251,existing_dc_count,Data center records in the atlas,neutral,251,5.89,2.00,1.00,1.00,4.00,14.00,16.27,1.00,213.00
dc_present,Counties with a data center on record,251,n_opposition_events,Opposition events,up_is_more_restrictive,251,1.79,1.00,0.00,0.00,3.00,5.00,2.67,0.00,21.00
dc_present,Counties with a data center on record,251,n_moratorium_events,Moratorium events,up_is_more_restrictive,251,0.45,0.00,0.00,0.00,1.00,1.00,0.89,0.00,5.00
dc_present,Counties with a data center on record,251,n_zoning_events,Zoning events,up_is_more_restrictive,251,0.46,0.00,0.00,0.00,1.00,1.00,1.00,0.00,9.00
dc_present,Counties with a data center on record,251,n_ban_events,Ban events,up_is_more_restrictive,251,0.00,0.00,0.00,0.00,0.00,0.00,0.06,0.00,1.00
dc_present,Counties with a data center on record,251,n_legislation_events,Legislation events,up_is_more_restrictive,251,0.18,0.00,0.00,0.00,0.00,1.00,0.64,0.00,4.00
dc_present,Counties with a data center on record,251,n_lawsuit_events,Lawsuit events,up_is_more_restrictive,251,0.18,0.00,0.00,0.00,0.00,0.00,0.69,0.00,6.00
dc_present,Counties with a data center on record,251,n_enacted_restrictive,Enacted restrictive actions,up_is_more_restrictive,251,0.49,0.00,0.00,0.00,1.00,1.00,0.92,0.00,6.00
dc_present,Counties with a data center on record,251,state_legislation_events,Statewide legislation events,up_is_more_restrictive,251,3.44,3.00,1.00,1.00,4.00,5.00,3.43,0.00,14.00
dc_present,Counties with a data center on record,251,n_projects_tracked,Projects tracked,neutral,251,6.31,2.00,1.00,1.00,5.00,14.00,16.33,0.00,213.00
dc_present,Counties with a data center on record,251,n_projects_opposed,Projects opposed,up_is_more_restrictive,251,0.26,0.00,0.00,0.00,0.00,1.00,0.62,0.00,3.00
dc_present,Counties with a data center on record,251,n_decided,Projects decided,neutral,251,0.22,0.00,0.00,0.00,0.00,1.00,0.73,0.00,7.00
dc_present,Counties with a data center on record,251,n_blocked_confirmed,Projects blocked (confirmed),up_is_more_restrictive,251,0.05,0.00,0.00,0.00,0.00,0.00,0.32,0.00,4.00
dc_present,Counties with a data center on record,251,n_advanced_confirmed,Projects advanced (confirmed),up_is_less_restrictive,251,0.17,0.00,0.00,0.00,0.00,1.00,0.65,0.00,7.00
dc_present,Counties with a data center on record,251,n_restricted_conditional,Projects restricted or conditional,up_is_more_restrictive,251,0.00,0.00,0.00,0.00,0.00,0.00,0.00,0.00,0.00
dc_present,Counties with a data center on record,251,median_days_to_decision,Median days to decision,neutral,1,192.00,192.00,192.00,192.00,192.00,192.00,,192.00,192.00
dc_present,Counties with a data center on record,251,opposition_events_per_100k,Opposition events per 100k residents,up_is_more_restrictive,251,0.77681,0.18368,0.00000,0.00000,0.76769,1.93547,1.83612,0.00000,20.16536
dc_present,Counties with a data center on record,251,opposition_events_per_dc,Opposition events per data center record,up_is_more_restrictive,251,0.97642,0.19231,0.00000,0.00000,1.00000,3.00000,1.79229,0.00000,14.00000
dc_present,Counties with a data center on record,251,opposed_share_of_tracked,Share of tracked projects opposed,up_is_more_restrictive,249,0.068146,0.000000,0.000000,0.000000,0.000000,0.333333,0.169109,0.000000,0.750000
dc_present,Counties with a data center on record,251,blocked_share_of_decided,Share of decided projects blocked,up_is_more_restrictive,34,0.242647,0.000000,0.000000,0.000000,0.187500,1.000000,0.428552,0.000000,1.000000
national,All counties in the frame,3222,calibrated_score,Restriction resemblance score,up_is_more_restrictive,3144,0.114231,0.069900,0.033600,0.046100,0.125400,0.250700,0.120860,0.005400,0.933300
national,All counties in the frame,3222,va_width,Score interval width,neutral,3144,0.080191,0.058600,0.030100,0.040075,0.087000,0.140000,0.077232,0.021100,0.666700
national,All counties in the frame,3222,population,Population,neutral,3222,104172.07,25967.00,5043.60,10985.50,67526.25,215723.70,329668.90,43.00,9848406.00
national,All counties in the frame,3222,pop_density_sqmi,Population density (per sq mi),neutral,3222,295.7955,46.5750,4.0610,16.9625,137.5575,516.0490,1795.1536,0.0400,71841.6500
national,All counties in the frame,3222,median_hh_income,Median household income,neutral,3220,65046.65,63161.50,45454.80,54113.25,73216.25,86398.40,18388.68,16170.00,178707.00
national,All counties in the frame,3222,pct_bachelors_plus,Bachelor's degree or higher (%),neutral,3221,24.1068,21.5300,13.8400,17.0900,28.6800,37.7200,10.1054,4.4000,79.7300
national,All counties in the frame,3222,margin_2024,2024 presidential margin,neutral,3116,-0.351477,-0.419750,-0.696300,-0.595475,-0.173350,0.107600,0.313217,-0.924600,0.860700
national,All counties in the frame,3222,margin_2016,2016 presidential margin,neutral,3130,-0.318941,-0.379850,-0.657560,-0.545975,-0.151700,0.115040,0.307043,-0.916400,0.887200
national,All counties in the frame,3222,land_sqmi,Land area (sq mi),neutral,3222,1097.679,604.443,253.328,418.982,914.850,1818.803,3553.016,2.046,145581.869
national,All counties in the frame,3222,existing_dc_count,Data center records in the atlas,neutral,3222,0.46,0.00,0.00,0.00,0.00,0.00,4.80,0.00,213.00
national,All counties in the frame,3222,n_opposition_events,Opposition events,up_is_more_restrictive,3222,0.45,0.00,0.00,0.00,0.00,1.00,1.41,0.00,27.00
national,All counties in the frame,3222,n_moratorium_events,Moratorium events,up_is_more_restrictive,3222,0.17,0.00,0.00,0.00,0.00,1.00,0.69,0.00,14.00
national,All counties in the frame,3222,n_zoning_events,Zoning events,up_is_more_restrictive,3222,0.10,0.00,0.00,0.00,0.00,0.00,0.45,0.00,9.00
national,All counties in the frame,3222,n_ban_events,Ban events,up_is_more_restrictive,3222,0.00,0.00,0.00,0.00,0.00,0.00,0.04,0.00,1.00
national,All counties in the frame,3222,n_legislation_events,Legislation events,up_is_more_restrictive,3222,0.03,0.00,0.00,0.00,0.00,0.00,0.31,0.00,8.00
national,All counties in the frame,3222,n_lawsuit_events,Lawsuit events,up_is_more_restrictive,3222,0.04,0.00,0.00,0.00,0.00,0.00,0.30,0.00,6.00
national,All counties in the frame,3222,n_enacted_restrictive,Enacted restrictive actions,up_is_more_restrictive,3222,0.15,0.00,0.00,0.00,0.00,1.00,0.52,0.00,12.00
national,All counties in the frame,3222,state_legislation_events,Statewide legislation events,up_is_more_restrictive,3222,2.91,2.00,1.00,1.00,4.00,4.00,2.77,0.00,14.00
national,All counties in the frame,3222,n_projects_tracked,Projects tracked,neutral,3222,0.57,0.00,0.00,0.00,0.00,1.00,4.87,0.00,213.00
national,All counties in the frame,3222,n_projects_opposed,Projects opposed,up_is_more_restrictive,3222,0.07,0.00,0.00,0.00,0.00,0.00,0.35,0.00,8.00
national,All counties in the frame,3222,n_decided,Projects decided,neutral,3222,0.04,0.00,0.00,0.00,0.00,0.00,0.28,0.00,7.00
national,All counties in the frame,3222,n_blocked_confirmed,Projects blocked (confirmed),up_is_more_restrictive,3222,0.01,0.00,0.00,0.00,0.00,0.00,0.18,0.00,6.00
national,All counties in the frame,3222,n_advanced_confirmed,Projects advanced (confirmed),up_is_less_restrictive,3222,0.02,0.00,0.00,0.00,0.00,0.00,0.22,0.00,7.00
national,All counties in the frame,3222,n_restricted_conditional,Projects restricted or conditional,up_is_more_restrictive,3222,0.00,0.00,0.00,0.00,0.00,0.00,0.00,0.00,0.00
national,All counties in the frame,3222,median_days_to_decision,Median days to decision,neutral,6,186.17,145.00,64.50,83.00,202.50,349.00,162.30,51.00,492.00
national,All counties in the frame,3222,opposition_events_per_100k,Opposition events per 100k residents,up_is_more_restrictive,3222,1.03374,0.00000,0.00000,0.00000,0.00000,2.17407,7.46423,0.00000,329.48929
national,All counties in the frame,3222,opposition_events_per_dc,Opposition events per data center record,up_is_more_restrictive,251,0.97642,0.19231,0.00000,0.00000,1.00000,3.00000,1.79229,0.00000,14.00000
national,All counties in the frame,3222,opposed_share_of_tracked,Share of tracked projects opposed,up_is_more_restrictive,413,0.288516,0.000000,0.000000,0.000000,0.600000,1.000000,0.415380,0.000000,1.000000
national,All counties in the frame,3222,blocked_share_of_decided,Share of decided projects blocked,up_is_more_restrictive,93,0.357527,0.000000,0.000000,0.000000,1.000000,1.000000,0.474052,0.000000,1.000000
non_restrictive,Counties with no enacted restriction on record,2863,calibrated_score,Restriction resemblance score,up_is_more_restrictive,2785,0.098777,0.065000,0.032400,0.044300,0.107100,0.208360,0.097786,0.005400,0.786300
non_restrictive,Counties with no enacted restriction on record,2863,va_width,Score interval width,neutral,2785,0.070967,0.054300,0.028420,0.039100,0.078000,0.117800,0.062059,0.021100,0.576900
non_restrictive,Counties with no enacted restriction on record,2863,population,Population,neutral,2863,83617.49,22890.00,4560.20,9903.00,54937.50,163926.40,256521.14,43.00,5185812.00
non_restrictive,Counties with no enacted restriction on record,2863,pop_density_sqmi,Population density (per sq mi),neutral,2863,276.2215,40.5500,3.7320,14.6350,105.5850,415.4640,1886.0307,0.0400,71841.6500
non_restrictive,Counties with no enacted restriction on record,2863,median_hh_income,Median household income,neutral,2861,63828.65,62385.00,44492.00,53102.00,72437.00,84778.00,17822.28,16170.00,159674.00
non_restrictive,Counties with no enacted restriction on record,2863,pct_bachelors_plus,Bachelor's degree or higher (%),neutral,2862,23.2977,21.0450,13.6520,16.6825,27.5100,35.8270,9.5212,4.4000,79.7300
non_restrictive,Counties with no enacted restriction on record,2863,margin_2024,2024 presidential margin,neutral,2757,-0.374435,-0.440500,-0.702840,-0.607600,-0.205100,0.064560,0.303515,-0.924600,0.860700
non_restrictive,Counties with no enacted restriction on record,2863,margin_2016,2016 presidential margin,neutral,2771,-0.337925,-0.399600,-0.667100,-0.557200,-0.166900,0.087200,0.300640,-0.916400,0.887200
non_restrictive,Counties with no enacted restriction on record,2863,land_sqmi,Land area (sq mi),neutral,2863,1124.790,616.318,252.005,420.358,929.349,1854.584,3733.008,2.046,145581.869
non_restrictive,Counties with no enacted restriction on record,2863,existing_dc_count,Data center records in the atlas,neutral,2863,0.29,0.00,0.00,0.00,0.00,0.00,2.58,0.00,75.00
non_restrictive,Counties with no enacted restriction on record,2863,n_opposition_events,Opposition events,up_is_more_restrictive,2863,0.22,0.00,0.00,0.00,0.00,1.00,0.91,0.00,16.00
non_restrictive,Counties with no enacted restriction on record,2863,n_moratorium_events,Moratorium events,up_is_more_restrictive,2863,0.05,0.00,0.00,0.00,0.00,0.00,0.52,0.00,14.00
non_restrictive,Counties with no enacted restriction on record,2863,n_zoning_events,Zoning events,up_is_more_restrictive,2863,0.04,0.00,0.00,0.00,0.00,0.00,0.25,0.00,6.00
non_restrictive,Counties with no enacted restriction on record,2863,n_ban_events,Ban events,up_is_more_restrictive,2863,0.00,0.00,0.00,0.00,0.00,0.00,0.00,0.00,0.00
non_restrictive,Counties with no enacted restriction on record,2863,n_legislation_events,Legislation events,up_is_more_restrictive,2863,0.02,0.00,0.00,0.00,0.00,0.00,0.26,0.00,8.00
non_restrictive,Counties with no enacted restriction on record,2863,n_lawsuit_events,Lawsuit events,up_is_more_restrictive,2863,0.02,0.00,0.00,0.00,0.00,0.00,0.19,0.00,4.00
non_restrictive,Counties with no enacted restriction on record,2863,n_enacted_restrictive,Enacted restrictive actions,up_is_more_restrictive,2863,0.00,0.00,0.00,0.00,0.00,0.00,0.00,0.00,0.00
non_restrictive,Counties with no enacted restriction on record,2863,state_legislation_events,Statewide legislation events,up_is_more_restrictive,2863,2.92,2.00,1.00,1.00,4.00,4.00,2.81,0.00,14.00
non_restrictive,Counties with no enacted restriction on record,2863,n_projects_tracked,Projects tracked,neutral,2863,0.34,0.00,0.00,0.00,0.00,0.00,2.62,0.00,75.00
non_restrictive,Counties with no enacted restriction on record,2863,n_projects_opposed,Projects opposed,up_is_more_restrictive,2863,0.03,0.00,0.00,0.00,0.00,0.00,0.19,0.00,3.00
non_restrictive,Counties with no enacted restriction on record,2863,n_decided,Projects decided,neutral,2863,0.02,0.00,0.00,0.00,0.00,0.00,0.16,0.00,3.00
non_restrictive,Counties with no enacted restriction on record,2863,n_blocked_confirmed,Projects blocked (confirmed),up_is_more_restrictive,2863,0.01,0.00,0.00,0.00,0.00,0.00,0.09,0.00,2.00
non_restrictive,Counties with no enacted restriction on record,2863,n_advanced_confirmed,Projects advanced (confirmed),up_is_less_restrictive,2863,0.01,0.00,0.00,0.00,0.00,0.00,0.14,0.00,3.00
non_restrictive,Counties with no enacted restriction on record,2863,n_restricted_conditional,Projects restricted or conditional,up_is_more_restrictive,2863,0.00,0.00,0.00,0.00,0.00,0.00,0.00,0.00,0.00
non_restrictive,Counties with no enacted restriction on record,2863,median_days_to_decision,Median days to decision,neutral,4,131.75,135.00,59.10,71.25,195.50,201.80,78.64,51.00,206.00
non_restrictive,Counties with no enacted restriction on record,2863,opposition_events_per_100k,Opposition events per 100k residents,up_is_more_restrictive,2863,0.58304,0.00000,0.00000,0.00000,0.00000,0.50579,3.97001,0.00000,92.67841
non_restrictive,Counties with no enacted restriction on record,2863,opposition_events_per_dc,Opposition events per data center record,up_is_more_restrictive,170,0.57879,0.00000,0.00000,0.00000,0.33333,1.50000,1.57197,0.00000,14.00000
non_restrictive,Counties with no enacted restriction on record,2863,opposed_share_of_tracked,Share of tracked projects opposed,up_is_more_restrictive,271,0.217546,0.000000,0.000000,0.000000,0.250000,1.000000,0.389932,0.000000,1.000000
non_restrictive,Counties with no enacted restriction on record,2863,blocked_share_of_decided,Share of decided projects blocked,up_is_more_restrictive,54,0.351852,0.000000,0.000000,0.000000,1.000000,1.000000,0.482032,0.000000,1.000000
restrictive,Counties with an enacted restrictive action on record,359,calibrated_score,Restriction resemblance score,up_is_more_restrictive,359,0.234115,0.164200,0.060340,0.091600,0.330400,0.527540,0.193935,0.021900,0.933300
restrictive,Counties with an enacted restrictive action on record,359,va_width,Score interval width,neutral,359,0.151748,0.109400,0.049600,0.062100,0.244300,0.345100,0.128919,0.027000,0.666700
restrictive,Counties with an enacted restrictive action on record,359,population,Population,neutral,359,268093.48,98592.00,17051.60,36710.50,282652.00,661024.00,649191.41,812.00,9848406.00
restrictive,Counties with an enacted restrictive action on record,359,pop_density_sqmi,Population density (per sq mi),neutral,359,451.8964,162.6600,25.6960,63.1000,493.6100,1269.4300,727.7811,0.9200,5571.3900
restrictive,Counties with an enacted restrictive action on record,359,median_hh_income,Median household income,neutral,359,74753.29,69990.00,55302.00,61623.50,82309.50,101404.60,19914.85,45573.00,178707.00
restrictive,Counties with an enacted restrictive action on record,359,pct_bachelors_plus,Bachelor's degree or higher (%),neutral,359,30.5572,27.6600,17.9960,21.0200,37.7550,48.6780,12.1275,9.5200,64.4800
restrictive,Counties with an enacted restrictive action on record,359,margin_2024,2024 presidential margin,neutral,359,-0.175163,-0.230100,-0.562100,-0.429900,0.064800,0.296700,0.330471,-0.872700,0.751500
restrictive,Counties with an enacted restrictive action on record,359,margin_2016,2016 presidential margin,neutral,359,-0.172409,-0.224800,-0.531360,-0.423950,0.043400,0.296540,0.316739,-0.816000,0.809900
restrictive,Counties with an enacted restrictive action on record,359,land_sqmi,Land area (sq mi),neutral,359,881.472,553.084,286.602,413.820,778.428,1244.231,1456.828,102.766,18181.914
restrictive,Counties with an enacted restrictive action on record,359,existing_dc_count,Data center records in the atlas,neutral,359,1.82,0.00,0.00,0.00,0.00,2.00,12.33,0.00,213.00
restrictive,Counties with an enacted restrictive action on record,359,n_opposition_events,Opposition events,up_is_more_restrictive,359,2.36,1.00,1.00,1.00,3.00,5.00,2.68,1.00,27.00
restrictive,Counties with an enacted restrictive action on record,359,n_moratorium_events,Moratorium events,up_is_more_restrictive,359,1.12,1.00,0.00,1.00,1.00,2.00,1.05,0.00,10.00
restrictive,Counties with an enacted restrictive action on record,359,n_zoning_events,Zoning events,up_is_more_restrictive,359,0.57,0.00,0.00,0.00,1.00,2.00,1.03,0.00,9.00
restrictive,Counties with an enacted restrictive action on record,359,n_ban_events,Ban events,up_is_more_restrictive,359,0.01,0.00,0.00,0.00,0.00,0.00,0.11,0.00,1.00
restrictive,Counties with an enacted restrictive action on record,359,n_legislation_events,Legislation events,up_is_more_restrictive,359,0.11,0.00,0.00,0.00,0.00,0.00,0.57,0.00,5.00
restrictive,Counties with an enacted restrictive action on record,359,n_lawsuit_events,Lawsuit events,up_is_more_restrictive,359,0.19,0.00,0.00,0.00,0.00,0.00,0.71,0.00,6.00
restrictive,Counties with an enacted restrictive action on record,359,n_enacted_restrictive,Enacted restrictive actions,up_is_more_restrictive,359,1.33,1.00,1.00,1.00,1.00,2.00,0.95,1.00,12.00
restrictive,Counties with an enacted restrictive action on record,359,state_legislation_events,Statewide legislation events,up_is_more_restrictive,359,2.87,2.00,1.00,1.00,4.00,4.00,2.43,0.00,14.00
restrictive,Counties with an enacted restrictive action on record,359,n_projects_tracked,Projects tracked,neutral,359,2.34,0.00,0.00,0.00,1.00,3.20,12.44,0.00,213.00
restrictive,Counties with an enacted restrictive action on record,359,n_projects_opposed,Projects opposed,up_is_more_restrictive,359,0.37,0.00,0.00,0.00,0.00,1.00,0.84,0.00,8.00
restrictive,Counties with an enacted restrictive action on record,359,n_decided,Projects decided,neutral,359,0.18,0.00,0.00,0.00,0.00,1.00,0.70,0.00,7.00
restrictive,Counties with an enacted restrictive action on record,359,n_blocked_confirmed,Projects blocked (confirmed),up_is_more_restrictive,359,0.08,0.00,0.00,0.00,0.00,0.00,0.47,0.00,6.00
restrictive,Counties with an enacted restrictive action on record,359,n_advanced_confirmed,Projects advanced (confirmed),up_is_less_restrictive,359,0.11,0.00,0.00,0.00,0.00,0.00,0.51,0.00,7.00
restrictive,Counties with an enacted restrictive action on record,359,n_restricted_conditional,Projects restricted or conditional,up_is_more_restrictive,359,0.00,0.00,0.00,0.00,0.00,0.00,0.00,0.00,0.00
restrictive,Counties with an enacted restrictive action on record,359,median_days_to_decision,Median days to decision,neutral,2,295.00,295.00,137.40,196.50,393.50,452.60,278.60,98.00,492.00
restrictive,Counties with an enacted restrictive action on record,359,opposition_events_per_100k,Opposition events per 100k residents,up_is_more_restrictive,359,4.62803,1.80912,0.36200,0.73891,4.16948,8.17083,18.99204,0.04062,329.48929
restrictive,Counties with an enacted restrictive action on record,359,opposition_events_per_dc,Opposition events per data center record,up_is_more_restrictive,81,1.81096,1.00000,0.14286,0.50000,2.00000,4.00000,1.94348,0.02347,10.50000
restrictive,Counties with an enacted restrictive action on record,359,opposed_share_of_tracked,Share of tracked projects opposed,up_is_more_restrictive,142,0.423959,0.333333,0.000000,0.000000,1.000000,1.000000,0.429945,0.000000,1.000000
restrictive,Counties with an enacted restrictive action on record,359,blocked_share_of_decided,Share of decided projects blocked,up_is_more_restrictive,39,0.365385,0.000000,0.000000,0.000000,1.000000,1.000000,0.468923,0.000000,1.000000
state:AK,AK counties,30,calibrated_score,Restriction resemblance score,up_is_more_restrictive,30,0.059347,0.041850,0.030690,0.034775,0.061600,0.123690,0.049490,0.019200,0.263300
state:AK,AK counties,30,va_width,Score interval width,neutral,30,0.053747,0.044100,0.033090,0.038825,0.063325,0.089790,0.024047,0.024100,0.140000
state:AK,AK counties,30,population,Population,neutral,30,24465.70,6333.00,1277.90,2391.25,12381.25,63414.20,56617.32,506.00,289069.00
state:AK,AK counties,30,pop_density_sqmi,Population density (per sq mi),neutral,30,7.4773,0.7750,0.1060,0.2650,2.6275,5.2140,30.7281,0.0400,169.3400
state:AK,AK counties,30,median_hh_income,Median household income,neutral,30,79407.33,78158.00,62157.90,72628.25,88842.50,100524.20,14504.70,48233.00,107344.00
state:AK,AK counties,30,pct_bachelors_plus,Bachelor's degree or higher (%),neutral,30,23.1663,23.4650,12.7500,17.4675,28.5450,34.6270,8.6220,5.7600,40.4600
state:AK,AK counties,30,margin_2024,2024 presidential margin,neutral,3,0.097400,0.126800,0.035600,0.069800,0.139700,0.147440,0.074393,0.012800,0.152600
state:AK,AK counties,30,margin_2016,2016 presidential margin,neutral,27,-0.151700,-0.151700,-0.151700,-0.151700,-0.151700,-0.151700,0.000000,-0.151700,-0.151700
state:AK,AK counties,30,land_sqmi,Land area (sq mi),neutral,30,19035.055,7480.001,2279.945,3273.878,23616.272,36160.812,29689.708,433.971,145581.869
state:AK,AK counties,30,existing_dc_count,Data center records in the atlas,neutral,30,0.00,0.00,0.00,0.00,0.00,0.00,0.00,0.00,0.00
state:AK,AK counties,30,n_opposition_events,Opposition events,up_is_more_restrictive,30,0.23,0.00,0.00,0.00,0.00,1.00,0.57,0.00,2.00
state:AK,AK counties,30,n_moratorium_events,Moratorium events,up_is_more_restrictive,30,0.03,0.00,0.00,0.00,0.00,0.00,0.18,0.00,1.00
state:AK,AK counties,30,n_zoning_events,Zoning events,up_is_more_restrictive,30,0.03,0.00,0.00,0.00,0.00,0.00,0.18,0.00,1.00
state:AK,AK counties,30,n_ban_events,Ban events,up_is_more_restrictive,30,0.00,0.00,0.00,0.00,0.00,0.00,0.00,0.00,0.00
state:AK,AK counties,30,n_legislation_events,Legislation events,up_is_more_restrictive,30,0.07,0.00,0.00,0.00,0.00,0.00,0.25,0.00,1.00
state:AK,AK counties,30,n_lawsuit_events,Lawsuit events,up_is_more_restrictive,30,0.00,0.00,0.00,0.00,0.00,0.00,0.00,0.00,0.00
state:AK,AK counties,30,n_enacted_restrictive,Enacted restrictive actions,up_is_more_restrictive,30,0.03,0.00,0.00,0.00,0.00,0.00,0.18,0.00,1.00
state:AK,AK counties,30,state_legislation_events,Statewide legislation events,up_is_more_restrictive,30,0.00,0.00,0.00,0.00,0.00,0.00,0.00,0.00,0.00
state:AK,AK counties,30,n_projects_tracked,Projects tracked,neutral,30,0.00,0.00,0.00,0.00,0.00,0.00,0.00,0.00,0.00
state:AK,AK counties,30,n_projects_opposed,Projects opposed,up_is_more_restrictive,30,0.00,0.00,0.00,0.00,0.00,0.00,0.00,0.00,0.00
state:AK,AK counties,30,n_decided,Projects decided,neutral,30,0.00,0.00,0.00,0.00,0.00,0.00,0.00,0.00,0.00
state:AK,AK counties,30,n_blocked_confirmed,Projects blocked (confirmed),up_is_more_restrictive,30,0.00,0.00,0.00,0.00,0.00,0.00,0.00,0.00,0.00
state:AK,AK counties,30,n_advanced_confirmed,Projects advanced (confirmed),up_is_less_restrictive,30,0.00,0.00,0.00,0.00,0.00,0.00,0.00,0.00,0.00
state:AK,AK counties,30,n_restricted_conditional,Projects restricted or conditional,up_is_more_restrictive,30,0.00,0.00,0.00,0.00,0.00,0.00,0.00,0.00,0.00
state:AK,AK counties,30,opposition_events_per_100k,Opposition events per 100k residents,up_is_more_restrictive,30,2.28297,0.00000,0.00000,0.00000,0.00000,0.91783,9.16878,0.00000,47.48338
state:AL,AL counties,67,calibrated_score,Restriction resemblance score,up_is_more_restrictive,67,0.112787,0.062400,0.039000,0.045250,0.106150,0.277280,0.129142,0.025600,0.614900
state:AL,AL counties,67,va_width,Score interval width,neutral,67,0.078294,0.051500,0.034380,0.039100,0.081350,0.140000,0.076268,0.027000,0.434100
state:AL,AL counties,67,population,Population,neutral,67,75436.61,34450.00,11776.40,18128.50,89066.00,197379.80,110673.41,7589.00,669744.00
state:AL,AL counties,67,pop_density_sqmi,Population density (per sq mi),neutral,67,95.1790,48.0400,14.0760,23.1950,132.0150,201.1100,112.9804,11.4400,602.5400
state:AL,AL counties,67,median_hh_income,Median household income,neutral,67,54195.84,51551.00,40885.00,47230.50,60319.00,66851.20,12068.56,31495.00,93543.00
state:AL,AL counties,67,pct_bachelors_plus,Bachelor's degree or higher (%),neutral,67,19.5245,16.8500,12.4860,14.2500,21.4300,30.7860,7.9812,9.0000,46.2000
state:AL,AL counties,67,margin_2024,2024 presidential margin,neutral,67,-0.358137,-0.464300,-0.757240,-0.675050,-0.167550,0.318880,0.388271,-0.836300,0.562900
state:AL,AL counties,67,margin_2016,2016 presidential margin,neutral,67,-0.306237,-0.431600,-0.694260,-0.608000,-0.135950,0.395720,0.394667,-0.814600,0.667900
state:AL,AL counties,67,land_sqmi,Land area (sq mi),neutral,67,755.983,672.067,571.029,606.717,865.843,1049.549,214.341,535.105,1589.863
state:AL,AL counties,67,existing_dc_count,Data center records in the atlas,neutral,67,0.16,0.00,0.00,0.00,0.00,0.00,0.83,0.00,6.00
state:AL,AL counties,67,n_opposition_events,Opposition events,up_is_more_restrictive,67,0.24,0.00,0.00,0.00,0.00,1.00,0.94,0.00,7.00
state:AL,AL counties,67,n_moratorium_events,Moratorium events,up_is_more_restrictive,67,0.04,0.00,0.00,0.00,0.00,0.00,0.21,0.00,1.00
state:AL,AL counties,67,n_zoning_events,Zoning events,up_is_more_restrictive,67,0.06,0.00,0.00,0.00,0.00,0.00,0.30,0.00,2.00
state:AL,AL counties,67,n_ban_events,Ban events,up_is_more_restrictive,67,0.00,0.00,0.00,0.00,0.00,0.00,0.00,0.00,0.00
state:AL,AL counties,67,n_legislation_events,Legislation events,up_is_more_restrictive,67,0.01,0.00,0.00,0.00,0.00,0.00,0.12,0.00,1.00
state:AL,AL counties,67,n_lawsuit_events,Lawsuit events,up_is_more_restrictive,67,0.04,0.00,0.00,0.00,0.00,0.00,0.27,0.00,2.00
state:AL,AL counties,67,n_enacted_restrictive,Enacted restrictive actions,up_is_more_restrictive,67,0.04,0.00,0.00,0.00,0.00,0.00,0.21,0.00,1.00
state:AL,AL counties,67,state_legislation_events,Statewide legislation events,up_is_more_restrictive,67,4.00,4.00,4.00,4.00,4.00,4.00,0.00,4.00,4.00
state:AL,AL counties,67,n_projects_tracked,Projects tracked,neutral,67,0.36,0.00,0.00,0.00,0.00,1.00,1.01,0.00,6.00
state:AL,AL counties,67,n_projects_opposed,Projects opposed,up_is_more_restrictive,67,0.10,0.00,0.00,0.00,0.00,0.00,0.43,0.00,3.00
state:AL,AL counties,67,n_decided,Projects decided,neutral,67,0.07,0.00,0.00,0.00,0.00,0.00,0.26,0.00,1.00
state:AL,AL counties,67,n_blocked_confirmed,Projects blocked (confirmed),up_is_more_restrictive,67,0.01,0.00,0.00,0.00,0.00,0.00,0.12,0.00,1.00
state:AL,AL counties,67,n_advanced_confirmed,Projects advanced (confirmed),up_is_less_restrictive,67,0.06,0.00,0.00,0.00,0.00,0.00,0.24,0.00,1.00
state:AL,AL counties,67,n_restricted_conditional,Projects restricted or conditional,up_is_more_restrictive,67,0.00,0.00,0.00,0.00,0.00,0.00,0.00,0.00,0.00
state:AL,AL counties,67,opposition_events_per_100k,Opposition events per 100k residents,up_is_more_restrictive,67,0.08740,0.00000,0.00000,0.00000,0.00000,0.31779,0.26907,0.00000,1.23198
state:AL,AL counties,67,opposition_events_per_dc,Opposition events per data center record,up_is_more_restrictive,4,1.79167,0.08333,0.00000,0.00000,1.87500,4.95000,3.47311,0.00000,7.00000
state:AL,AL counties,67,opposed_share_of_tracked,Share of tracked projects opposed,up_is_more_restrictive,12,0.312500,0.000000,0.000000,0.000000,0.562500,0.975000,0.414578,0.000000,1.000000
state:AL,AL counties,67,blocked_share_of_decided,Share of decided projects blocked,up_is_more_restrictive,5,0.200000,0.000000,0.000000,0.000000,0.000000,0.600000,0.447214,0.000000,1.000000
state:AR,AR counties,75,calibrated_score,Restriction resemblance score,up_is_more_restrictive,75,0.086527,0.057700,0.038600,0.047750,0.084600,0.162340,0.086700,0.034200,0.529900
state:AR,AR counties,75,va_width,Score interval width,neutral,75,0.061399,0.044100,0.033600,0.035100,0.068600,0.094860,0.046090,0.027000,0.325000
state:AR,AR counties,75,population,Population,neutral,75,40435.35,18111.00,7981.40,12099.00,38244.00,90995.20,64689.73,4717.00,398949.00
state:AR,AR counties,75,pop_density_sqmi,Population density (per sq mi),neutral,75,56.1820,27.6800,11.7620,19.0350,51.9000,129.4540,82.9502,7.5000,526.0600
state:AR,AR counties,75,median_hh_income,Median household income,neutral,75,51155.93,50221.00,40238.20,44751.00,54896.50,60652.60,9427.59,36064.00,89879.00
state:AR,AR counties,75,pct_bachelors_plus,Bachelor's degree or higher (%),neutral,75,17.6123,16.2500,11.9240,14.2850,19.1100,25.1500,5.9215,6.8700,37.3600
state:AR,AR counties,75,margin_2024,2024 presidential margin,neutral,75,-0.444923,-0.514300,-0.658460,-0.620250,-0.336700,-0.055160,0.234813,-0.735200,0.221300
state:AR,AR counties,75,margin_2016,2016 presidential margin,neutral,75,-0.347435,-0.405800,-0.567420,-0.528200,-0.258050,0.029520,0.231914,-0.664500,0.268200
state:AR,AR counties,75,land_sqmi,Land area (sq mi),neutral,75,693.236,647.243,561.107,600.071,764.889,884.648,127.851,529.472,1039.067
state:AR,AR counties,75,existing_dc_count,Data center records in the atlas,neutral,75,0.03,0.00,0.00,0.00,0.00,0.00,0.16,0.00,1.00
state:AR,AR counties,75,n_opposition_events,Opposition events,up_is_more_restrictive,75,0.19,0.00,0.00,0.00,0.00,1.00,0.75,0.00,6.00
state:AR,AR counties,75,n_moratorium_events,Moratorium events,up_is_more_restrictive,75,0.05,0.00,0.00,0.00,0.00,0.00,0.28,0.00,2.00
state:AR,AR counties,75,n_zoning_events,Zoning events,up_is_more_restrictive,75,0.04,0.00,0.00,0.00,0.00,0.00,0.26,0.00,2.00
state:AR,AR counties,75,n_ban_events,Ban events,up_is_more_restrictive,75,0.00,0.00,0.00,0.00,0.00,0.00,0.00,0.00,0.00
state:AR,AR counties,75,n_legislation_events,Legislation events,up_is_more_restrictive,75,0.01,0.00,0.00,0.00,0.00,0.00,0.12,0.00,1.00
state:AR,AR counties,75,n_lawsuit_events,Lawsuit events,up_is_more_restrictive,75,0.00,0.00,0.00,0.00,0.00,0.00,0.00,0.00,0.00
state:AR,AR counties,75,n_enacted_restrictive,Enacted restrictive actions,up_is_more_restrictive,75,0.04,0.00,0.00,0.00,0.00,0.00,0.20,0.00,1.00
state:AR,AR counties,75,state_legislation_events,Statewide legislation events,up_is_more_restrictive,75,1.00,1.00,1.00,1.00,1.00,1.00,0.00,1.00,1.00
state:AR,AR counties,75,n_projects_tracked,Projects tracked,neutral,75,0.12,0.00,0.00,0.00,0.00,0.00,0.46,0.00,3.00
state:AR,AR counties,75,n_projects_opposed,Projects opposed,up_is_more_restrictive,75,0.09,0.00,0.00,0.00,0.00,0.00,0.37,0.00,2.00
state:AR,AR counties,75,n_decided,Projects decided,neutral,75,0.01,0.00,0.00,0.00,0.00,0.00,0.12,0.00,1.00
state:AR,AR counties,75,n_blocked_confirmed,Projects blocked (confirmed),up_is_more_restrictive,75,0.01,0.00,0.00,0.00,0.00,0.00,0.12,0.00,1.00
state:AR,AR counties,75,n_advanced_confirmed,Projects advanced (confirmed),up_is_less_restrictive,75,0.00,0.00,0.00,0.00,0.00,0.00,0.00,0.00,0.00
state:AR,AR counties,75,n_restricted_conditional,Projects restricted or conditional,up_is_more_restrictive,75,0.00,0.00,0.00,0.00,0.00,0.00,0.00,0.00,0.00
state:AR,AR counties,75,opposition_events_per_100k,Opposition events per 100k residents,up_is_more_restrictive,75,0.34211,0.00000,0.00000,0.00000,0.00000,0.63500,1.11393,0.00000,5.52151
state:AR,AR counties,75,opposition_events_per_dc,Opposition events per data center record,up_is_more_restrictive,2,3.00000,3.00000,0.60000,1.50000,4.50000,5.40000,4.24264,0.00000,6.00000
state:AR,AR counties,75,opposed_share_of_tracked,Share of tracked projects opposed,up_is_more_restrictive,6,0.777778,1.000000,0.333333,0.750000,1.000000,1.000000,0.403687,0.000000,1.000000
state:AR,AR counties,75,blocked_share_of_decided,Share of decided projects blocked,up_is_more_restrictive,1,1.000000,1.000000,1.000000,1.000000,1.000000,1.000000,,1.000000,1.000000
state:AZ,AZ counties,15,calibrated_score,Restriction resemblance score,up_is_more_restrictive,15,0.129027,0.083200,0.046040,0.059900,0.127200,0.221720,0.137816,0.032000,0.580600
state:AZ,AZ counties,15,va_width,Score interval width,neutral,15,0.088173,0.063300,0.040200,0.048300,0.072450,0.113760,0.100298,0.033600,0.440500
state:AZ,AZ counties,15,population,Population,neutral,15,484545.00,125458.00,25507.00,50909.50,229538.00,809655.80,1139198.81,9452.00,4491987.00
state:AZ,AZ counties,15,pop_density_sqmi,Population density (per sq mi),neutral,15,58.8020,16.3100,5.4260,8.0900,38.3350,102.0460,122.8935,3.6900,488.1500
state:AZ,AZ counties,15,median_hh_income,Median household income,neutral,15,62662.60,60417.00,50804.40,54706.50,68838.50,76648.40,11786.75,40338.00,85518.00
state:AZ,AZ counties,15,pct_bachelors_plus,Bachelor's degree or higher (%),neutral,15,23.1333,20.4100,14.7100,15.9700,28.6300,35.8660,8.6468,13.8600,39.6200
state:AZ,AZ counties,15,margin_2024,2024 presidential margin,neutral,15,-0.182793,-0.220800,-0.465660,-0.392650,0.058400,0.188480,0.263065,-0.557700,0.198800
state:AZ,AZ counties,15,margin_2016,2016 presidential margin,neutral,15,-0.108800,-0.193200,-0.409320,-0.319000,0.050150,0.299040,0.292304,-0.514500,0.471300
state:AZ,AZ counties,15,land_sqmi,Land area (sq mi),neutral,15,7577.026,6209.863,2904.334,4689.728,9575.754,12478.595,4547.648,1236.260,18616.354
state:AZ,AZ counties,15,existing_dc_count,Data center records in the atlas,neutral,15,4.33,0.00,0.00,0.00,0.00,1.00,16.23,0.00,63.00
state:AZ,AZ counties,15,n_opposition_events,Opposition events,up_is_more_restrictive,15,1.67,0.00,0.00,0.00,1.00,5.00,3.87,0.00,14.00
state:AZ,AZ counties,15,n_moratorium_events,Moratorium events,up_is_more_restrictive,15,0.00,0.00,0.00,0.00,0.00,0.00,0.00,0.00,0.00
state:AZ,AZ counties,15,n_zoning_events,Zoning events,up_is_more_restrictive,15,0.87,0.00,0.00,0.00,0.00,2.20,2.39,0.00,9.00
state:AZ,AZ counties,15,n_ban_events,Ban events,up_is_more_restrictive,15,0.00,0.00,0.00,0.00,0.00,0.00,0.00,0.00,0.00
state:AZ,AZ counties,15,n_legislation_events,Legislation events,up_is_more_restrictive,15,0.07,0.00,0.00,0.00,0.00,0.00,0.26,0.00,1.00
state:AZ,AZ counties,15,n_lawsuit_events,Lawsuit events,up_is_more_restrictive,15,0.27,0.00,0.00,0.00,0.00,0.60,0.80,0.00,3.00
state:AZ,AZ counties,15,n_enacted_restrictive,Enacted restrictive actions,up_is_more_restrictive,15,0.27,0.00,0.00,0.00,0.00,0.60,0.80,0.00,3.00
state:AZ,AZ counties,15,state_legislation_events,Statewide legislation events,up_is_more_restrictive,15,4.00,4.00,4.00,4.00,4.00,4.00,0.00,4.00,4.00
state:AZ,AZ counties,15,n_projects_tracked,Projects tracked,neutral,15,4.33,0.00,0.00,0.00,0.00,1.00,16.23,0.00,63.00
state:AZ,AZ counties,15,n_projects_opposed,Projects opposed,up_is_more_restrictive,15,0.00,0.00,0.00,0.00,0.00,0.00,0.00,0.00,0.00
state:AZ,AZ counties,15,n_decided,Projects decided,neutral,15,0.00,0.00,0.00,0.00,0.00,0.00,0.00,0.00,0.00
state:AZ,AZ counties,15,n_blocked_confirmed,Projects blocked (confirmed),up_is_more_restrictive,15,0.00,0.00,0.00,0.00,0.00,0.00,0.00,0.00,0.00
state:AZ,AZ counties,15,n_advanced_confirmed,Projects advanced (confirmed),up_is_less_restrictive,15,0.00,0.00,0.00,0.00,0.00,0.00,0.00,0.00,0.00
state:AZ,AZ counties,15,n_restricted_conditional,Projects restricted or conditional,up_is_more_restrictive,15,0.00,0.00,0.00,0.00,0.00,0.00,0.00,0.00,0.00
state:AZ,AZ counties,15,opposition_events_per_100k,Opposition events per 100k residents,up_is_more_restrictive,15,0.19413,0.00000,0.00000,0.00000,0.37844,0.68149,0.30329,0.00000,0.79708
state:AZ,AZ counties,15,opposition_events_per_dc,Opposition events per data center record,up_is_more_restrictive,3,2.74074,1.00000,0.37778,0.61111,4.00000,5.80000,3.70907,0.22222,7.00000
state:AZ,AZ counties,15,opposed_share_of_tracked,Share of tracked projects opposed,up_is_more_restrictive,3,0.000000,0.000000,0.000000,0.000000,0.000000,0.000000,0.000000,0.000000,0.000000
state:CA,CA counties,58,calibrated_score,Restriction resemblance score,up_is_more_restrictive,58,0.165962,0.114250,0.038840,0.061800,0.213250,0.394450,0.146779,0.020700,0.618200
state:CA,CA counties,58,va_width,Score interval width,neutral,58,0.121210,0.083750,0.049500,0.064750,0.127000,0.244300,0.108008,0.022200,0.576900
state:CA,CA counties,58,population,Population,neutral,58,676599.74,186926.50,18280.10,48214.50,696887.50,1727353.40,1443820.84,1695.00,9848406.00
state:CA,CA counties,58,pop_density_sqmi,Population density (per sq mi),neutral,58,698.1690,110.8950,6.3090,26.1825,361.7900,1626.3900,2414.6003,1.8400,17908.3700
state:CA,CA counties,58,median_hh_income,Median household income,neutral,58,87001.14,80701.50,60794.50,67888.50,102701.25,117992.70,25546.76,53498.00,159674.00
state:CA,CA counties,58,pct_bachelors_plus,Bachelor's degree or higher (%),neutral,58,29.8641,25.0000,16.3660,20.2725,38.7450,44.3290,12.3548,13.2100,60.4600
state:CA,CA counties,58,margin_2024,2024 presidential margin,neutral,58,0.029193,-0.017550,-0.291910,-0.209950,0.267925,0.418280,0.294788,-0.540100,0.648000
state:CA,CA counties,58,margin_2016,2016 presidential margin,neutral,58,0.070445,0.044400,-0.249120,-0.170625,0.289300,0.493640,0.307921,-0.513300,0.760900
state:CA,CA counties,58,land_sqmi,Land area (sq mi),neutral,58,2687.227,1535.744,623.213,959.640,3455.316,5164.244,3104.498,46.700,20068.167
state:CA,CA counties,58,existing_dc_count,Data center records in the atlas,neutral,58,1.93,0.00,0.00,0.00,0.00,2.60,9.92,0.00,75.00
state:CA,CA counties,58,n_opposition_events,Opposition events,up_is_more_restrictive,58,0.45,0.00,0.00,0.00,0.00,1.00,1.62,0.00,11.00
state:CA,CA counties,58,n_moratorium_events,Moratorium events,up_is_more_restrictive,58,0.17,0.00,0.00,0.00,0.00,0.00,0.73,0.00,5.00
state:CA,CA counties,58,n_zoning_events,Zoning events,up_is_more_restrictive,58,0.10,0.00,0.00,0.00,0.00,0.00,0.41,0.00,2.00
state:CA,CA counties,58,n_ban_events,Ban events,up_is_more_restrictive,58,0.02,0.00,0.00,0.00,0.00,0.00,0.13,0.00,1.00
state:CA,CA counties,58,n_legislation_events,Legislation events,up_is_more_restrictive,58,0.02,0.00,0.00,0.00,0.00,0.00,0.13,0.00,1.00
state:CA,CA counties,58,n_lawsuit_events,Lawsuit events,up_is_more_restrictive,58,0.07,0.00,0.00,0.00,0.00,0.00,0.53,0.00,4.00
state:CA,CA counties,58,n_enacted_restrictive,Enacted restrictive actions,up_is_more_restrictive,58,0.10,0.00,0.00,0.00,0.00,0.00,0.41,0.00,2.00
state:CA,CA counties,58,state_legislation_events,Statewide legislation events,up_is_more_restrictive,58,14.00,14.00,14.00,14.00,14.00,14.00,0.00,14.00,14.00
state:CA,CA counties,58,n_projects_tracked,Projects tracked,neutral,58,1.93,0.00,0.00,0.00,0.00,2.60,9.92,0.00,75.00
state:CA,CA counties,58,n_projects_opposed,Projects opposed,up_is_more_restrictive,58,0.00,0.00,0.00,0.00,0.00,0.00,0.00,0.00,0.00
state:CA,CA counties,58,n_decided,Projects decided,neutral,58,0.00,0.00,0.00,0.00,0.00,0.00,0.00,0.00,0.00
state:CA,CA counties,58,n_blocked_confirmed,Projects blocked (confirmed),up_is_more_restrictive,58,0.00,0.00,0.00,0.00,0.00,0.00,0.00,0.00,0.00
state:CA,CA counties,58,n_advanced_confirmed,Projects advanced (confirmed),up_is_less_restrictive,58,0.00,0.00,0.00,0.00,0.00,0.00,0.00,0.00,0.00
state:CA,CA counties,58,n_restricted_conditional,Projects restricted or conditional,up_is_more_restrictive,58,0.00,0.00,0.00,0.00,0.00,0.00,0.00,0.00,0.00
state:CA,CA counties,58,opposition_events_per_100k,Opposition events per 100k residents,up_is_more_restrictive,58,0.12009,0.00000,0.00000,0.00000,0.00000,0.06868,0.80485,0.00000,6.13432
state:CA,CA counties,58,opposition_events_per_dc,Opposition events per data center record,up_is_more_restrictive,13,0.45308,0.00000,0.00000,0.00000,0.25000,1.68000,0.93966,0.00000,3.00000
state:CA,CA counties,58,opposed_share_of_tracked,Share of tracked projects opposed,up_is_more_restrictive,13,0.000000,0.000000,0.000000,0.000000,0.000000,0.000000,0.000000,0.000000,0.000000
state:CO,CO counties,64,calibrated_score,Restriction resemblance score,up_is_more_restrictive,64,0.109291,0.072500,0.028410,0.038625,0.116725,0.314060,0.113131,0.019000,0.516400
state:CO,CO counties,64,va_width,Score interval width,neutral,64,0.079611,0.061350,0.027000,0.039525,0.087725,0.140000,0.072469,0.023300,0.345100
state:CO,CO counties,64,population,Population,neutral,64,90793.34,15093.00,2357.70,5690.75,44802.50,356706.00,184270.21,690.00,736008.00
state:CO,CO counties,64,pop_density_sqmi,Population density (per sq mi),neutral,64,174.7103,11.0200,1.8220,3.5500,32.9500,410.4180,654.5985,0.7700,4662.6700
state:CO,CO counties,64,median_hh_income,Median household income,neutral,64,74792.34,71230.00,50719.10,57298.00,91369.75,103053.40,22512.98,36519.00,145737.00
state:CO,CO counties,64,pct_bachelors_plus,Bachelor's degree or higher (%),neutral,64,36.0459,30.9600,18.8610,24.9850,47.5400,56.0770,14.4515,12.6600,65.2100
state:CO,CO counties,64,margin_2024,2024 presidential margin,neutral,64,-0.155656,-0.137750,-0.642560,-0.491075,0.164625,0.290200,0.367753,-0.779100,0.561500
state:CO,CO counties,64,margin_2016,2016 presidential margin,neutral,64,-0.193625,-0.210100,-0.655220,-0.473100,0.076025,0.197950,0.343187,-0.744400,0.563800
state:CO,CO counties,64,land_sqmi,Land area (sq mi),neutral,64,1619.329,1431.467,542.882,795.270,2205.369,3102.224,1052.620,32.968,4772.938
state:CO,CO counties,64,existing_dc_count,Data center records in the atlas,neutral,64,0.31,0.00,0.00,0.00,0.00,0.00,1.30,0.00,9.00
state:CO,CO counties,64,n_opposition_events,Opposition events,up_is_more_restrictive,64,0.25,0.00,0.00,0.00,0.00,1.00,0.56,0.00,3.00
state:CO,CO counties,64,n_moratorium_events,Moratorium events,up_is_more_restrictive,64,0.12,0.00,0.00,0.00,0.00,1.00,0.33,0.00,1.00
state:CO,CO counties,64,n_zoning_events,Zoning events,up_is_more_restrictive,64,0.05,0.00,0.00,0.00,0.00,0.00,0.21,0.00,1.00
state:CO,CO counties,64,n_ban_events,Ban events,up_is_more_restrictive,64,0.00,0.00,0.00,0.00,0.00,0.00,0.00,0.00,0.00
state:CO,CO counties,64,n_legislation_events,Legislation events,up_is_more_restrictive,64,0.02,0.00,0.00,0.00,0.00,0.00,0.12,0.00,1.00
state:CO,CO counties,64,n_lawsuit_events,Lawsuit events,up_is_more_restrictive,64,0.00,0.00,0.00,0.00,0.00,0.00,0.00,0.00,0.00
state:CO,CO counties,64,n_enacted_restrictive,Enacted restrictive actions,up_is_more_restrictive,64,0.14,0.00,0.00,0.00,0.00,1.00,0.39,0.00,2.00
state:CO,CO counties,64,state_legislation_events,Statewide legislation events,up_is_more_restrictive,64,2.00,2.00,2.00,2.00,2.00,2.00,0.00,2.00,2.00
state:CO,CO counties,64,n_projects_tracked,Projects tracked,neutral,64,0.31,0.00,0.00,0.00,0.00,0.00,1.30,0.00,9.00
state:CO,CO counties,64,n_projects_opposed,Projects opposed,up_is_more_restrictive,64,0.00,0.00,0.00,0.00,0.00,0.00,0.00,0.00,0.00
state:CO,CO counties,64,n_decided,Projects decided,neutral,64,0.00,0.00,0.00,0.00,0.00,0.00,0.00,0.00,0.00
state:CO,CO counties,64,n_blocked_confirmed,Projects blocked (confirmed),up_is_more_restrictive,64,0.00,0.00,0.00,0.00,0.00,0.00,0.00,0.00,0.00
state:CO,CO counties,64,n_advanced_confirmed,Projects advanced (confirmed),up_is_less_restrictive,64,0.00,0.00,0.00,0.00,0.00,0.00,0.00,0.00,0.00
state:CO,CO counties,64,n_restricted_conditional,Projects restricted or conditional,up_is_more_restrictive,64,0.00,0.00,0.00,0.00,0.00,0.00,0.00,0.00,0.00
state:CO,CO counties,64,opposition_events_per_100k,Opposition events per 100k residents,up_is_more_restrictive,64,0.49287,0.00000,0.00000,0.00000,0.00000,0.38560,1.66799,0.00000,9.49352
state:CO,CO counties,64,opposition_events_per_dc,Opposition events per data center record,up_is_more_restrictive,6,0.37500,0.12500,0.00000,0.00000,0.81250,1.00000,0.49371,0.00000,1.00000
state:CO,CO counties,64,opposed_share_of_tracked,Share of tracked projects opposed,up_is_more_restrictive,6,0.000000,0.000000,0.000000,0.000000,0.000000,0.000000,0.000000,0.000000,0.000000
state:CT,CT counties,9,calibrated_score,Restriction resemblance score,up_is_more_restrictive,9,0.274489,0.260000,0.161720,0.214800,0.340800,0.376760,0.100168,0.134600,0.448600
state:CT,CT counties,9,va_width,Score interval width,neutral,9,0.172678,0.140000,0.106120,0.117800,0.244300,0.261200,0.075155,0.059400,0.261200
state:CT,CT counties,9,population,Population,neutral,9,399816.44,326296.00,109444.20,174983.00,566803.00,690791.40,284818.43,95829.00,969029.00
state:CT,CT counties,9,pop_density_sqmi,Population density (per sq mi),neutral,9,919.2611,943.2300,167.1000,412.5800,1167.4500,1700.5040,714.7887,143.4600,2327.6800
state:CT,CT counties,9,median_hh_income,Median household income,neutral,9,93306.78,87564.00,85849.80,86365.00,91541.00,105804.20,12735.99,84185.00,124553.00
state:CT,CT counties,9,pct_bachelors_plus,Bachelor's degree or higher (%),neutral,9,39.8556,41.0700,32.2640,34.6400,41.6600,47.3700,8.0727,26.1600,55.0500
state:CT,CT counties,9,margin_2024,2024 presidential margin,neutral,9,0.096389,0.134400,-0.089900,-0.012600,0.200700,0.222140,0.141372,-0.154300,0.233100
state:CT,CT counties,9,land_sqmi,Land area (sq mi),neutral,9,538.044,532.127,321.771,412.784,598.135,834.783,255.265,140.181,1027.349
state:CT,CT counties,9,existing_dc_count,Data center records in the atlas,neutral,9,0.56,0.00,0.00,0.00,1.00,1.20,0.73,0.00,2.00
state:CT,CT counties,9,n_opposition_events,Opposition events,up_is_more_restrictive,9,0.00,0.00,0.00,0.00,0.00,0.00,0.00,0.00,0.00
state:CT,CT counties,9,n_moratorium_events,Moratorium events,up_is_more_restrictive,9,0.00,0.00,0.00,0.00,0.00,0.00,0.00,0.00,0.00
state:CT,CT counties,9,n_zoning_events,Zoning events,up_is_more_restrictive,9,0.00,0.00,0.00,0.00,0.00,0.00,0.00,0.00,0.00
state:CT,CT counties,9,n_ban_events,Ban events,up_is_more_restrictive,9,0.00,0.00,0.00,0.00,0.00,0.00,0.00,0.00,0.00
state:CT,CT counties,9,n_legislation_events,Legislation events,up_is_more_restrictive,9,0.00,0.00,0.00,0.00,0.00,0.00,0.00,0.00,0.00
state:CT,CT counties,9,n_lawsuit_events,Lawsuit events,up_is_more_restrictive,9,0.00,0.00,0.00,0.00,0.00,0.00,0.00,0.00,0.00
state:CT,CT counties,9,n_enacted_restrictive,Enacted restrictive actions,up_is_more_restrictive,9,0.00,0.00,0.00,0.00,0.00,0.00,0.00,0.00,0.00
state:CT,CT counties,9,state_legislation_events,Statewide legislation events,up_is_more_restrictive,9,3.00,3.00,3.00,3.00,3.00,3.00,0.00,3.00,3.00
state:CT,CT counties,9,n_projects_tracked,Projects tracked,neutral,9,0.56,0.00,0.00,0.00,1.00,1.20,0.73,0.00,2.00
state:CT,CT counties,9,n_projects_opposed,Projects opposed,up_is_more_restrictive,9,0.00,0.00,0.00,0.00,0.00,0.00,0.00,0.00,0.00
state:CT,CT counties,9,n_decided,Projects decided,neutral,9,0.00,0.00,0.00,0.00,0.00,0.00,0.00,0.00,0.00
state:CT,CT counties,9,n_blocked_confirmed,Projects blocked (confirmed),up_is_more_restrictive,9,0.00,0.00,0.00,0.00,0.00,0.00,0.00,0.00,0.00
state:CT,CT counties,9,n_advanced_confirmed,Projects advanced (confirmed),up_is_less_restrictive,9,0.00,0.00,0.00,0.00,0.00,0.00,0.00,0.00,0.00
state:CT,CT counties,9,n_restricted_conditional,Projects restricted or conditional,up_is_more_restrictive,9,0.00,0.00,0.00,0.00,0.00,0.00,0.00,0.00,0.00
state:CT,CT counties,9,opposition_events_per_100k,Opposition events per 100k residents,up_is_more_restrictive,9,0.00000,0.00000,0.00000,0.00000,0.00000,0.00000,0.00000,0.00000,0.00000
state:CT,CT counties,9,opposition_events_per_dc,Opposition events per data center record,up_is_more_restrictive,4,0.00000,0.00000,0.00000,0.00000,0.00000,0.00000,0.00000,0.00000,0.00000
state:CT,CT counties,9,opposed_share_of_tracked,Share of tracked projects opposed,up_is_more_restrictive,4,0.000000,0.000000,0.000000,0.000000,0.000000,0.000000,0.000000,0.000000,0.000000
state:DC,DC counties,1,calibrated_score,Restriction resemblance score,up_is_more_restrictive,1,0.524700,0.524700,0.524700,0.524700,0.524700,0.524700,,0.524700,0.524700
state:DC,DC counties,1,va_width,Score interval width,neutral,1,0.261400,0.261400,0.261400,0.261400,0.261400,0.261400,,0.261400,0.261400
state:DC,DC counties,1,population,Population,neutral,1,672079.00,672079.00,672079.00,672079.00,672079.00,672079.00,,672079.00,672079.00
state:DC,DC counties,1,pop_density_sqmi,Population density (per sq mi),neutral,1,10994.9800,10994.9800,10994.9800,10994.9800,10994.9800,10994.9800,,10994.9800,10994.9800
state:DC,DC counties,1,median_hh_income,Median household income,neutral,1,106287.00,106287.00,106287.00,106287.00,106287.00,106287.00,,106287.00,106287.00
state:DC,DC counties,1,pct_bachelors_plus,Bachelor's degree or higher (%),neutral,1,63.5600,63.5600,63.5600,63.5600,63.5600,63.5600,,63.5600,63.5600
state:DC,DC counties,1,margin_2024,2024 presidential margin,neutral,1,0.860700,0.860700,0.860700,0.860700,0.860700,0.860700,,0.860700,0.860700
state:DC,DC counties,1,margin_2016,2016 presidential margin,neutral,1,0.887200,0.887200,0.887200,0.887200,0.887200,0.887200,,0.887200,0.887200
state:DC,DC counties,1,land_sqmi,Land area (sq mi),neutral,1,61.126,61.126,61.126,61.126,61.126,61.126,,61.126,61.126
state:DC,DC counties,1,existing_dc_count,Data center records in the atlas,neutral,1,1.00,1.00,1.00,1.00,1.00,1.00,,1.00,1.00
state:DC,DC counties,1,n_opposition_events,Opposition events,up_is_more_restrictive,1,3.00,3.00,3.00,3.00,3.00,3.00,,3.00,3.00
state:DC,DC counties,1,n_moratorium_events,Moratorium events,up_is_more_restrictive,1,0.00,0.00,0.00,0.00,0.00,0.00,,0.00,0.00
state:DC,DC counties,1,n_zoning_events,Zoning events,up_is_more_restrictive,1,0.00,0.00,0.00,0.00,0.00,0.00,,0.00,0.00
state:DC,DC counties,1,n_ban_events,Ban events,up_is_more_restrictive,1,0.00,0.00,0.00,0.00,0.00,0.00,,0.00,0.00
state:DC,DC counties,1,n_legislation_events,Legislation events,up_is_more_restrictive,1,3.00,3.00,3.00,3.00,3.00,3.00,,3.00,3.00
state:DC,DC counties,1,n_lawsuit_events,Lawsuit events,up_is_more_restrictive,1,0.00,0.00,0.00,0.00,0.00,0.00,,0.00,0.00
state:DC,DC counties,1,n_enacted_restrictive,Enacted restrictive actions,up_is_more_restrictive,1,0.00,0.00,0.00,0.00,0.00,0.00,,0.00,0.00
state:DC,DC counties,1,state_legislation_events,Statewide legislation events,up_is_more_restrictive,1,3.00,3.00,3.00,3.00,3.00,3.00,,3.00,3.00
state:DC,DC counties,1,n_projects_tracked,Projects tracked,neutral,1,1.00,1.00,1.00,1.00,1.00,1.00,,1.00,1.00
state:DC,DC counties,1,n_projects_opposed,Projects opposed,up_is_more_restrictive,1,0.00,0.00,0.00,0.00,0.00,0.00,,0.00,0.00
state:DC,DC counties,1,n_decided,Projects decided,neutral,1,0.00,0.00,0.00,0.00,0.00,0.00,,0.00,0.00
state:DC,DC counties,1,n_blocked_confirmed,Projects blocked (confirmed),up_is_more_restrictive,1,0.00,0.00,0.00,0.00,0.00,0.00,,0.00,0.00
state:DC,DC counties,1,n_advanced_confirmed,Projects advanced (confirmed),up_is_less_restrictive,1,0.00,0.00,0.00,0.00,0.00,0.00,,0.00,0.00
state:DC,DC counties,1,n_restricted_conditional,Projects restricted or conditional,up_is_more_restrictive,1,0.00,0.00,0.00,0.00,0.00,0.00,,0.00,0.00
state:DC,DC counties,1,opposition_events_per_100k,Opposition events per 100k residents,up_is_more_restrictive,1,0.44638,0.44638,0.44638,0.44638,0.44638,0.44638,,0.44638,0.44638
state:DC,DC counties,1,opposition_events_per_dc,Opposition events per data center record,up_is_more_restrictive,1,3.00000,3.00000,3.00000,3.00000,3.00000,3.00000,,3.00000,3.00000
state:DC,DC counties,1,opposed_share_of_tracked,Share of tracked projects opposed,up_is_more_restrictive,1,0.000000,0.000000,0.000000,0.000000,0.000000,0.000000,,0.000000,0.000000
state:DE,DE counties,3,calibrated_score,Restriction resemblance score,up_is_more_restrictive,3,0.397200,0.204100,0.179540,0.188750,0.509100,0.692100,0.361372,0.173400,0.814100
state:DE,DE counties,3,va_width,Score interval width,neutral,3,0.200333,0.114400,0.092160,0.100500,0.257200,0.342880,0.173474,0.086600,0.400000
state:DE,DE counties,3,population,Population,neutral,3,335290.67,247799.00,197594.20,216421.00,410414.50,507983.80,208265.63,185043.00,573030.00
state:DE,DE counties,3,pop_density_sqmi,Population density (per sq mi),neutral,3,641.5067,315.7400,274.9080,290.2200,829.9100,1138.4120,608.9813,264.7000,1344.0800
state:DE,DE counties,3,median_hh_income,Median household income,neutral,3,80311.67,78162.00,73930.00,75517.00,84031.50,87553.20,8715.65,72872.00,89901.00
state:DE,DE counties,3,pct_bachelors_plus,Bachelor's degree or higher (%),neutral,3,32.8433,32.5700,27.9060,29.6550,35.8950,37.8900,6.2445,26.7400,39.2200
state:DE,DE counties,3,margin_2024,2024 presidential margin,neutral,3,0.078633,0.020000,-0.083760,-0.044850,0.172800,0.264480,0.223495,-0.109700,0.325600
state:DE,DE counties,3,margin_2016,2016 presidential margin,neutral,3,0.009000,-0.049000,-0.185800,-0.134500,0.123500,0.227000,0.262844,-0.220000,0.296000
state:DE,DE counties,3,land_sqmi,Land area (sq mi),neutral,3,649.515,586.061,458.282,506.199,761.103,866.129,260.761,426.337,936.146
state:DE,DE counties,3,existing_dc_count,Data center records in the atlas,neutral,3,0.00,0.00,0.00,0.00,0.00,0.00,0.00,0.00,0.00
state:DE,DE counties,3,n_opposition_events,Opposition events,up_is_more_restrictive,3,1.33,0.00,0.00,0.00,2.00,3.20,2.31,0.00,4.00
state:DE,DE counties,3,n_moratorium_events,Moratorium events,up_is_more_restrictive,3,0.00,0.00,0.00,0.00,0.00,0.00,0.00,0.00,0.00
state:DE,DE counties,3,n_zoning_events,Zoning events,up_is_more_restrictive,3,1.33,0.00,0.00,0.00,2.00,3.20,2.31,0.00,4.00
state:DE,DE counties,3,n_ban_events,Ban events,up_is_more_restrictive,3,0.00,0.00,0.00,0.00,0.00,0.00,0.00,0.00,0.00
state:DE,DE counties,3,n_legislation_events,Legislation events,up_is_more_restrictive,3,0.00,0.00,0.00,0.00,0.00,0.00,0.00,0.00,0.00
state:DE,DE counties,3,n_lawsuit_events,Lawsuit events,up_is_more_restrictive,3,0.00,0.00,0.00,0.00,0.00,0.00,0.00,0.00,0.00
state:DE,DE counties,3,n_enacted_restrictive,Enacted restrictive actions,up_is_more_restrictive,3,1.00,0.00,0.00,0.00,1.50,2.40,1.73,0.00,3.00
state:DE,DE counties,3,state_legislation_events,Statewide legislation events,up_is_more_restrictive,3,2.00,2.00,2.00,2.00,2.00,2.00,0.00,2.00,2.00
state:DE,DE counties,3,n_projects_tracked,Projects tracked,neutral,3,1.00,0.00,0.00,0.00,1.50,2.40,1.73,0.00,3.00
state:DE,DE counties,3,n_projects_opposed,Projects opposed,up_is_more_restrictive,3,0.67,0.00,0.00,0.00,1.00,1.60,1.15,0.00,2.00
state:DE,DE counties,3,n_decided,Projects decided,neutral,3,0.00,0.00,0.00,0.00,0.00,0.00,0.00,0.00,0.00
state:DE,DE counties,3,n_blocked_confirmed,Projects blocked (confirmed),up_is_more_restrictive,3,0.00,0.00,0.00,0.00,0.00,0.00,0.00,0.00,0.00
state:DE,DE counties,3,n_advanced_confirmed,Projects advanced (confirmed),up_is_less_restrictive,3,0.00,0.00,0.00,0.00,0.00,0.00,0.00,0.00,0.00
state:DE,DE counties,3,n_restricted_conditional,Projects restricted or conditional,up_is_more_restrictive,3,0.00,0.00,0.00,0.00,0.00,0.00,0.00,0.00,0.00
state:DE,DE counties,3,opposition_events_per_100k,Opposition events per 100k residents,up_is_more_restrictive,3,0.23268,0.00000,0.00000,0.00000,0.34902,0.55843,0.40302,0.00000,0.69804
state:DE,DE counties,3,opposed_share_of_tracked,Share of tracked projects opposed,up_is_more_restrictive,1,0.666667,0.666667,0.666667,0.666667,0.666667,0.666667,,0.666667,0.666667
state:FL,FL counties,67,calibrated_score,Restriction resemblance score,up_is_more_restrictive,67,0.181146,0.175800,0.054460,0.073150,0.258600,0.353120,0.119745,0.040400,0.474200
state:FL,FL counties,67,va_width,Score interval width,neutral,67,0.115890,0.094000,0.041300,0.058900,0.140000,0.244300,0.082828,0.033000,0.345100
state:FL,FL counties,67,population,Population,neutral,67,327296.73,137536.00,14748.40,28037.00,393196.50,859841.20,503141.06,7650.00,2685296.00
state:FL,FL counties,67,pop_density_sqmi,Population density (per sq mi),neutral,67,391.6175,194.1500,24.3760,50.0300,464.1950,1137.2440,577.4725,9.1600,3508.5000
state:FL,FL counties,67,median_hh_income,Median household income,neutral,67,65467.91,66154.00,47679.60,54650.50,74358.50,81641.00,13332.28,38905.00,106169.00
state:FL,FL counties,67,pct_bachelors_plus,Bachelor's degree or higher (%),neutral,67,25.2404,25.3100,12.1700,15.2000,34.2250,38.8620,10.8871,7.9000,48.6100
state:FL,FL counties,67,margin_2024,2024 presidential margin,neutral,67,-0.342691,-0.376200,-0.671360,-0.521100,-0.201100,-0.014620,0.254602,-0.802000,0.306700
state:FL,FL counties,67,margin_2016,2016 presidential margin,neutral,67,-0.269534,-0.282500,-0.572460,-0.470150,-0.135800,0.181940,0.272983,-0.778700,0.374700
state:FL,FL counties,67,land_sqmi,Land area (sq mi),neutral,67,800.809,696.529,483.257,562.240,967.582,1174.734,381.055,243.555,1996.848
state:FL,FL counties,67,existing_dc_count,Data center records in the atlas,neutral,67,0.24,0.00,0.00,0.00,0.00,0.40,0.76,0.00,4.00
state:FL,FL counties,67,n_opposition_events,Opposition events,up_is_more_restrictive,67,0.85,0.00,0.00,0.00,1.00,1.00,2.69,0.00,16.00
state:FL,FL counties,67,n_moratorium_events,Moratorium events,up_is_more_restrictive,67,0.57,0.00,0.00,0.00,0.00,1.00,2.40,0.00,14.00
state:FL,FL counties,67,n_zoning_events,Zoning events,up_is_more_restrictive,67,0.06,0.00,0.00,0.00,0.00,0.00,0.24,0.00,1.00
state:FL,FL counties,67,n_ban_events,Ban events,up_is_more_restrictive,67,0.00,0.00,0.00,0.00,0.00,0.00,0.00,0.00,0.00
state:FL,FL counties,67,n_legislation_events,Legislation events,up_is_more_restrictive,67,0.06,0.00,0.00,0.00,0.00,0.00,0.38,0.00,3.00
state:FL,FL counties,67,n_lawsuit_events,Lawsuit events,up_is_more_restrictive,67,0.03,0.00,0.00,0.00,0.00,0.00,0.24,0.00,2.00
state:FL,FL counties,67,n_enacted_restrictive,Enacted restrictive actions,up_is_more_restrictive,67,0.06,0.00,0.00,0.00,0.00,0.00,0.24,0.00,1.00
state:FL,FL counties,67,state_legislation_events,Statewide legislation events,up_is_more_restrictive,67,1.00,1.00,1.00,1.00,1.00,1.00,0.00,1.00,1.00
state:FL,FL counties,67,n_projects_tracked,Projects tracked,neutral,67,0.24,0.00,0.00,0.00,0.00,0.40,0.76,0.00,4.00
state:FL,FL counties,67,n_projects_opposed,Projects opposed,up_is_more_restrictive,67,0.00,0.00,0.00,0.00,0.00,0.00,0.00,0.00,0.00
state:FL,FL counties,67,n_decided,Projects decided,neutral,67,0.00,0.00,0.00,0.00,0.00,0.00,0.00,0.00,0.00
state:FL,FL counties,67,n_blocked_confirmed,Projects blocked (confirmed),up_is_more_restrictive,67,0.00,0.00,0.00,0.00,0.00,0.00,0.00,0.00,0.00
state:FL,FL counties,67,n_advanced_confirmed,Projects advanced (confirmed),up_is_less_restrictive,67,0.00,0.00,0.00,0.00,0.00,0.00,0.00,0.00,0.00
state:FL,FL counties,67,n_restricted_conditional,Projects restricted or conditional,up_is_more_restrictive,67,0.00,0.00,0.00,0.00,0.00,0.00,0.00,0.00,0.00
state:FL,FL counties,67,opposition_events_per_100k,Opposition events per 100k residents,up_is_more_restrictive,67,0.51654,0.00000,0.00000,0.00000,0.40124,1.13780,1.40261,0.00000,9.34789
state:FL,FL counties,67,opposition_events_per_dc,Opposition events per data center record,up_is_more_restrictive,7,0.64286,0.00000,0.00000,0.00000,0.25000,1.90000,1.49204,0.00000,4.00000
state:FL,FL counties,67,opposed_share_of_tracked,Share of tracked projects opposed,up_is_more_restrictive,7,0.000000,0.000000,0.000000,0.000000,0.000000,0.000000,0.000000,0.000000,0.000000
state:GA,GA counties,159,calibrated_score,Restriction resemblance score,up_is_more_restrictive,159,0.088838,0.061200,0.033560,0.041950,0.099100,0.179900,0.081844,0.018000,0.567100
state:GA,GA counties,159,va_width,Score interval width,neutral,159,0.066950,0.049500,0.027640,0.038700,0.065500,0.111320,0.063326,0.021700,0.557100
state:GA,GA counties,159,population,Population,neutral,159,68066.60,23840.00,7291.60,11077.50,57186.00,151365.40,147299.03,1740.00,1068507.00
state:GA,GA counties,159,pop_density_sqmi,Population density (per sq mi),neutral,159,216.2069,68.5200,20.3320,32.5250,161.0250,570.4120,434.7040,8.2500,2847.0400
state:GA,GA counties,159,median_hh_income,Median household income,neutral,159,60487.55,55714.00,43799.60,49716.00,68688.00,84860.80,17330.07,25425.00,138000.00
state:GA,GA counties,159,pct_bachelors_plus,Bachelor's degree or higher (%),neutral,159,20.8486,18.1500,11.3300,13.6550,24.9000,33.7360,9.9353,7.8200,58.0000
state:GA,GA counties,159,margin_2024,2024 presidential margin,neutral,159,-0.318257,-0.404700,-0.653660,-0.540900,-0.165650,0.163180,0.318799,-0.838900,0.692100
state:GA,GA counties,159,margin_2016,2016 presidential margin,neutral,159,-0.302869,-0.375600,-0.656780,-0.520700,-0.126600,0.150340,0.312750,-0.789200,0.719100
state:GA,GA counties,159,land_sqmi,Land area (sq mi),neutral,159,362.997,342.718,192.522,249.322,444.760,530.319,151.689,119.300,899.240
state:GA,GA counties,159,existing_dc_count,Data center records in the atlas,neutral,159,0.24,0.00,0.00,0.00,0.00,0.00,1.45,0.00,16.00
state:GA,GA counties,159,n_opposition_events,Opposition events,up_is_more_restrictive,159,0.52,0.00,0.00,0.00,1.00,2.00,0.95,0.00,6.00
state:GA,GA counties,159,n_moratorium_events,Moratorium events,up_is_more_restrictive,159,0.25,0.00,0.00,0.00,0.00,1.00,0.55,0.00,3.00
state:GA,GA counties,159,n_zoning_events,Zoning events,up_is_more_restrictive,159,0.11,0.00,0.00,0.00,0.00,0.20,0.36,0.00,2.00
state:GA,GA counties,159,n_ban_events,Ban events,up_is_more_restrictive,159,0.00,0.00,0.00,0.00,0.00,0.00,0.00,0.00,0.00
state:GA,GA counties,159,n_legislation_events,Legislation events,up_is_more_restrictive,159,0.02,0.00,0.00,0.00,0.00,0.00,0.24,0.00,3.00
state:GA,GA counties,159,n_lawsuit_events,Lawsuit events,up_is_more_restrictive,159,0.04,0.00,0.00,0.00,0.00,0.00,0.26,0.00,2.00
state:GA,GA counties,159,n_enacted_restrictive,Enacted restrictive actions,up_is_more_restrictive,159,0.28,0.00,0.00,0.00,0.00,1.00,0.55,0.00,3.00
state:GA,GA counties,159,state_legislation_events,Statewide legislation events,up_is_more_restrictive,159,4.00,4.00,4.00,4.00,4.00,4.00,0.00,4.00,4.00
state:GA,GA counties,159,n_projects_tracked,Projects tracked,neutral,159,0.25,0.00,0.00,0.00,0.00,0.00,1.45,0.00,16.00
state:GA,GA counties,159,n_projects_opposed,Projects opposed,up_is_more_restrictive,159,0.01,0.00,0.00,0.00,0.00,0.00,0.08,0.00,1.00
state:GA,GA counties,159,n_decided,Projects decided,neutral,159,0.01,0.00,0.00,0.00,0.00,0.00,0.08,0.00,1.00
state:GA,GA counties,159,n_blocked_confirmed,Projects blocked (confirmed),up_is_more_restrictive,159,0.00,0.00,0.00,0.00,0.00,0.00,0.00,0.00,0.00
state:GA,GA counties,159,n_advanced_confirmed,Projects advanced (confirmed),up_is_less_restrictive,159,0.01,0.00,0.00,0.00,0.00,0.00,0.08,0.00,1.00
state:GA,GA counties,159,n_restricted_conditional,Projects restricted or conditional,up_is_more_restrictive,159,0.00,0.00,0.00,0.00,0.00,0.00,0.00,0.00,0.00
state:GA,GA counties,159,median_days_to_decision,Median days to decision,neutral,1,492.00,492.00,492.00,492.00,492.00,492.00,,492.00,492.00
state:GA,GA counties,159,opposition_events_per_100k,Opposition events per 100k residents,up_is_more_restrictive,159,0.99209,0.00000,0.00000,0.00000,0.97022,3.43990,2.24355,0.00000,12.70810
state:GA,GA counties,159,opposition_events_per_dc,Opposition events per data center record,up_is_more_restrictive,8,0.75521,0.83333,0.26250,0.46875,1.00000,1.15000,0.46635,0.00000,1.50000
state:GA,GA counties,159,opposed_share_of_tracked,Share of tracked projects opposed,up_is_more_restrictive,9,0.111111,0.000000,0.000000,0.000000,0.000000,0.200000,0.333333,0.000000,1.000000
state:GA,GA counties,159,blocked_share_of_decided,Share of decided projects blocked,up_is_more_restrictive,1,0.000000,0.000000,0.000000,0.000000,0.000000,0.000000,,0.000000,0.000000
state:HI,HI counties,5,calibrated_score,Restriction resemblance score,up_is_more_restrictive,5,0.257860,0.193600,0.078280,0.170200,0.226400,0.499820,0.250398,0.017000,0.682100
state:HI,HI counties,5,va_width,Score interval width,neutral,5,0.168800,0.115900,0.047300,0.086600,0.120400,0.348160,0.189345,0.021100,0.500000
state:HI,HI counties,5,population,Population,neutral,5,289127.00,164632.00,29469.80,73610.00,203684.00,683673.20,407241.52,43.00,1003666.00
state:HI,HI counties,5,pop_density_sqmi,Population density (per sq mi),neutral,5,397.0480,118.7600,22.3780,50.5600,141.7400,1059.0500,714.0376,3.5900,1670.5900
state:HI,HI counties,5,median_hh_income,Median household income,neutral,5,91283.40,93612.00,80829.00,86250.00,95076.00,100588.80,10143.44,77215.00,104264.00
state:HI,HI counties,5,pct_bachelors_plus,Bachelor's degree or higher (%),neutral,5,32.2980,30.9000,30.1380,30.2400,32.5600,35.6560,3.1867,30.0700,37.7200
state:HI,HI counties,5,margin_2024,2024 presidential margin,neutral,4,0.238350,0.237700,0.201660,0.211200,0.264850,0.275560,0.039665,0.195300,0.282700
state:HI,HI counties,5,margin_2016,2016 presidential margin,neutral,4,0.347000,0.351800,0.310280,0.327650,0.371150,0.379880,0.037847,0.298700,0.385700
state:HI,HI counties,5,land_sqmi,Land area (sq mi),neutral,5,1284.518,619.840,247.509,600.786,1161.540,2881.675,1586.883,11.991,4028.431
state:HI,HI counties,5,existing_dc_count,Data center records in the atlas,neutral,5,0.00,0.00,0.00,0.00,0.00,0.00,0.00,0.00,0.00
state:HI,HI counties,5,n_opposition_events,Opposition events,up_is_more_restrictive,5,0.00,0.00,0.00,0.00,0.00,0.00,0.00,0.00,0.00
state:HI,HI counties,5,n_moratorium_events,Moratorium events,up_is_more_restrictive,5,0.00,0.00,0.00,0.00,0.00,0.00,0.00,0.00,0.00
state:HI,HI counties,5,n_zoning_events,Zoning events,up_is_more_restrictive,5,0.00,0.00,0.00,0.00,0.00,0.00,0.00,0.00,0.00
state:HI,HI counties,5,n_ban_events,Ban events,up_is_more_restrictive,5,0.00,0.00,0.00,0.00,0.00,0.00,0.00,0.00,0.00
state:HI,HI counties,5,n_legislation_events,Legislation events,up_is_more_restrictive,5,0.00,0.00,0.00,0.00,0.00,0.00,0.00,0.00,0.00
state:HI,HI counties,5,n_lawsuit_events,Lawsuit events,up_is_more_restrictive,5,0.00,0.00,0.00,0.00,0.00,0.00,0.00,0.00,0.00
state:HI,HI counties,5,n_enacted_restrictive,Enacted restrictive actions,up_is_more_restrictive,5,0.00,0.00,0.00,0.00,0.00,0.00,0.00,0.00,0.00
state:HI,HI counties,5,state_legislation_events,Statewide legislation events,up_is_more_restrictive,5,0.00,0.00,0.00,0.00,0.00,0.00,0.00,0.00,0.00
state:HI,HI counties,5,n_projects_tracked,Projects tracked,neutral,5,0.20,0.00,0.00,0.00,0.00,0.60,0.45,0.00,1.00
state:HI,HI counties,5,n_projects_opposed,Projects opposed,up_is_more_restrictive,5,0.00,0.00,0.00,0.00,0.00,0.00,0.00,0.00,0.00
state:HI,HI counties,5,n_decided,Projects decided,neutral,5,0.20,0.00,0.00,0.00,0.00,0.60,0.45,0.00,1.00
state:HI,HI counties,5,n_blocked_confirmed,Projects blocked (confirmed),up_is_more_restrictive,5,0.00,0.00,0.00,0.00,0.00,0.00,0.00,0.00,0.00
state:HI,HI counties,5,n_advanced_confirmed,Projects advanced (confirmed),up_is_less_restrictive,5,0.20,0.00,0.00,0.00,0.00,0.60,0.45,0.00,1.00
state:HI,HI counties,5,n_restricted_conditional,Projects restricted or conditional,up_is_more_restrictive,5,0.00,0.00,0.00,0.00,0.00,0.00,0.00,0.00,0.00
state:HI,HI counties,5,opposition_events_per_100k,Opposition events per 100k residents,up_is_more_restrictive,5,0.00000,0.00000,0.00000,0.00000,0.00000,0.00000,0.00000,0.00000,0.00000
state:HI,HI counties,5,opposed_share_of_tracked,Share of tracked projects opposed,up_is_more_restrictive,1,0.000000,0.000000,0.000000,0.000000,0.000000,0.000000,,0.000000,0.000000
state:HI,HI counties,5,blocked_share_of_decided,Share of decided projects blocked,up_is_more_restrictive,1,0.000000,0.000000,0.000000,0.000000,0.000000,0.000000,,0.000000,0.000000
state:IA,IA counties,99,calibrated_score,Restriction resemblance score,up_is_more_restrictive,99,0.095642,0.059900,0.044700,0.050100,0.082550,0.197260,0.100293,0.035400,0.598800
state:IA,IA counties,99,va_width,Score interval width,neutral,99,0.069612,0.046900,0.034500,0.041500,0.064700,0.117800,0.066202,0.033000,0.500000
state:IA,IA counties,99,population,Population,neutral,99,32282.19,15168.00,7351.20,9911.00,25408.00,61468.60,60109.34,3641.00,497441.00
state:IA,IA counties,99,pop_density_sqmi,Population density (per sq mi),neutral,99,55.7625,26.5900,14.8280,19.3350,46.6650,97.7900,103.0452,8.6000,869.0700
state:IA,IA counties,99,median_hh_income,Median household income,neutral,99,69830.03,68704.00,59987.80,64489.00,74645.50,80498.40,8640.17,51146.00,102349.00
state:IA,IA counties,99,pct_bachelors_plus,Bachelor's degree or higher (%),neutral,99,23.7188,21.5700,18.0760,19.4150,24.5750,32.7160,7.4612,14.4800,54.5700
state:IA,IA counties,99,margin_2024,2024 presidential margin,neutral,99,-0.343788,-0.379500,-0.535280,-0.451900,-0.265800,-0.111740,0.179693,-0.711100,0.380600
state:IA,IA counties,99,margin_2016,2016 presidential margin,neutral,99,-0.278447,-0.295700,-0.457680,-0.401850,-0.194050,-0.063320,0.178296,-0.693300,0.382700
state:IA,IA counties,99,land_sqmi,Land area (sq mi),neutral,99,564.174,569.558,429.364,479.019,587.032,716.284,118.084,380.532,972.731
state:IA,IA counties,99,existing_dc_count,Data center records in the atlas,neutral,99,0.65,0.00,0.00,0.00,0.00,0.00,3.43,0.00,26.00
state:IA,IA counties,99,n_opposition_events,Opposition events,up_is_more_restrictive,99,0.40,0.00,0.00,0.00,1.00,1.00,0.91,0.00,6.00
state:IA,IA counties,99,n_moratorium_events,Moratorium events,up_is_more_restrictive,99,0.30,0.00,0.00,0.00,0.50,1.00,0.66,0.00,5.00
state:IA,IA counties,99,n_zoning_events,Zoning events,up_is_more_restrictive,99,0.03,0.00,0.00,0.00,0.00,0.00,0.22,0.00,2.00
state:IA,IA counties,99,n_ban_events,Ban events,up_is_more_restrictive,99,0.00,0.00,0.00,0.00,0.00,0.00,0.00,0.00,0.00
state:IA,IA counties,99,n_legislation_events,Legislation events,up_is_more_restrictive,99,0.00,0.00,0.00,0.00,0.00,0.00,0.00,0.00,0.00
state:IA,IA counties,99,n_lawsuit_events,Lawsuit events,up_is_more_restrictive,99,0.00,0.00,0.00,0.00,0.00,0.00,0.00,0.00,0.00
state:IA,IA counties,99,n_enacted_restrictive,Enacted restrictive actions,up_is_more_restrictive,99,0.25,0.00,0.00,0.00,0.00,1.00,0.50,0.00,3.00
state:IA,IA counties,99,state_legislation_events,Statewide legislation events,up_is_more_restrictive,99,2.00,2.00,2.00,2.00,2.00,2.00,0.00,2.00,2.00
state:IA,IA counties,99,n_projects_tracked,Projects tracked,neutral,99,0.85,0.00,0.00,0.00,0.00,1.00,3.95,0.00,30.00
state:IA,IA counties,99,n_projects_opposed,Projects opposed,up_is_more_restrictive,99,0.10,0.00,0.00,0.00,0.00,0.20,0.30,0.00,1.00
state:IA,IA counties,99,n_decided,Projects decided,neutral,99,0.06,0.00,0.00,0.00,0.00,0.00,0.37,0.00,3.00
state:IA,IA counties,99,n_blocked_confirmed,Projects blocked (confirmed),up_is_more_restrictive,99,0.00,0.00,0.00,0.00,0.00,0.00,0.00,0.00,0.00
state:IA,IA counties,99,n_advanced_confirmed,Projects advanced (confirmed),up_is_less_restrictive,99,0.06,0.00,0.00,0.00,0.00,0.00,0.37,0.00,3.00
state:IA,IA counties,99,n_restricted_conditional,Projects restricted or conditional,up_is_more_restrictive,99,0.00,0.00,0.00,0.00,0.00,0.00,0.00,0.00,0.00
state:IA,IA counties,99,opposition_events_per_100k,Opposition events per 100k residents,up_is_more_restrictive,99,1.76780,0.00000,0.00000,0.00000,1.18899,6.04747,3.67739,0.00000,17.78726
state:IA,IA counties,99,opposition_events_per_dc,Opposition events per data center record,up_is_more_restrictive,7,0.29286,0.00000,0.00000,0.00000,0.52500,1.00000,0.48342,0.00000,1.00000
state:IA,IA counties,99,opposed_share_of_tracked,Share of tracked projects opposed,up_is_more_restrictive,13,0.369614,0.142857,0.000000,0.033333,0.500000,1.000000,0.408712,0.000000,1.000000
state:IA,IA counties,99,blocked_share_of_decided,Share of decided projects blocked,up_is_more_restrictive,3,0.000000,0.000000,0.000000,0.000000,0.000000,0.000000,0.000000,0.000000,0.000000
state:ID,ID counties,44,calibrated_score,Restriction resemblance score,up_is_more_restrictive,44,0.072127,0.055850,0.030710,0.037525,0.091600,0.135000,0.056089,0.016000,0.332800
state:ID,ID counties,44,va_width,Score interval width,neutral,44,0.057134,0.045400,0.027000,0.037100,0.064800,0.089900,0.038916,0.021300,0.261200
state:ID,ID counties,44,population,Population,neutral,44,43029.45,14208.00,4467.40,8038.25,34254.25,91021.80,86040.62,776.00,508052.00
state:ID,ID counties,44,pop_density_sqmi,Population density (per sq mi),neutral,44,42.8716,9.6300,1.6570,3.9975,35.9700,76.0840,94.8039,0.4400,482.9300
state:ID,ID counties,44,median_hh_income,Median household income,neutral,44,65770.25,65530.50,52540.50,58796.75,72407.00,77254.50,10513.36,43281.00,90740.00
state:ID,ID counties,44,pct_bachelors_plus,Bachelor's degree or higher (%),neutral,44,24.2432,21.6100,14.3300,19.3475,27.7475,38.8320,9.1388,11.5300,48.2500
state:ID,ID counties,44,margin_2024,2024 presidential margin,neutral,44,-0.524436,-0.578300,-0.721060,-0.663875,-0.480600,-0.205300,0.227243,-0.776200,0.316600
state:ID,ID counties,44,margin_2016,2016 presidential margin,neutral,44,-0.460591,-0.532100,-0.638920,-0.597775,-0.413675,-0.191330,0.205885,-0.665300,0.286900
state:ID,ID counties,44,land_sqmi,Land area (sq mi),neutral,44,1878.298,1315.742,567.953,830.473,2129.421,3488.107,1713.481,406.893,8477.499
state:ID,ID counties,44,existing_dc_count,Data center records in the atlas,neutral,44,0.11,0.00,0.00,0.00,0.00,0.00,0.49,0.00,3.00
state:ID,ID counties,44,n_opposition_events,Opposition events,up_is_more_restrictive,44,0.20,0.00,0.00,0.00,0.00,0.00,0.82,0.00,5.00
state:ID,ID counties,44,n_moratorium_events,Moratorium events,up_is_more_restrictive,44,0.07,0.00,0.00,0.00,0.00,0.00,0.33,0.00,2.00
state:ID,ID counties,44,n_zoning_events,Zoning events,up_is_more_restrictive,44,0.05,0.00,0.00,0.00,0.00,0.00,0.21,0.00,1.00
state:ID,ID counties,44,n_ban_events,Ban events,up_is_more_restrictive,44,0.00,0.00,0.00,0.00,0.00,0.00,0.00,0.00,0.00
state:ID,ID counties,44,n_legislation_events,Legislation events,up_is_more_restrictive,44,0.07,0.00,0.00,0.00,0.00,0.00,0.45,0.00,3.00
state:ID,ID counties,44,n_lawsuit_events,Lawsuit events,up_is_more_restrictive,44,0.02,0.00,0.00,0.00,0.00,0.00,0.15,0.00,1.00
state:ID,ID counties,44,n_enacted_restrictive,Enacted restrictive actions,up_is_more_restrictive,44,0.05,0.00,0.00,0.00,0.00,0.00,0.21,0.00,1.00
state:ID,ID counties,44,state_legislation_events,Statewide legislation events,up_is_more_restrictive,44,2.00,2.00,2.00,2.00,2.00,2.00,0.00,2.00,2.00
state:ID,ID counties,44,n_projects_tracked,Projects tracked,neutral,44,0.11,0.00,0.00,0.00,0.00,0.00,0.49,0.00,3.00
state:ID,ID counties,44,n_projects_opposed,Projects opposed,up_is_more_restrictive,44,0.00,0.00,0.00,0.00,0.00,0.00,0.00,0.00,0.00
state:ID,ID counties,44,n_decided,Projects decided,neutral,44,0.00,0.00,0.00,0.00,0.00,0.00,0.00,0.00,0.00
state:ID,ID counties,44,n_blocked_confirmed,Projects blocked (confirmed),up_is_more_restrictive,44,0.00,0.00,0.00,0.00,0.00,0.00,0.00,0.00,0.00
state:ID,ID counties,44,n_advanced_confirmed,Projects advanced (confirmed),up_is_less_restrictive,44,0.00,0.00,0.00,0.00,0.00,0.00,0.00,0.00,0.00
state:ID,ID counties,44,n_restricted_conditional,Projects restricted or conditional,up_is_more_restrictive,44,0.00,0.00,0.00,0.00,0.00,0.00,0.00,0.00,0.00
state:ID,ID counties,44,opposition_events_per_100k,Opposition events per 100k residents,up_is_more_restrictive,44,0.62775,0.00000,0.00000,0.00000,0.00000,0.00000,3.75847,0.00000,24.94388
state:ID,ID counties,44,opposition_events_per_dc,Opposition events per data center record,up_is_more_restrictive,3,0.55556,0.00000,0.00000,0.00000,0.83333,1.33333,0.96225,0.00000,1.66667
state:ID,ID counties,44,opposed_share_of_tracked,Share of tracked projects opposed,up_is_more_restrictive,3,0.000000,0.000000,0.000000,0.000000,0.000000,0.000000,0.000000,0.000000,0.000000
state:IL,IL counties,102,calibrated_score,Restriction resemblance score,up_is_more_restrictive,102,0.091177,0.061400,0.036500,0.047475,0.094725,0.170860,0.093103,0.025400,0.689800
state:IL,IL counties,102,va_width,Score interval width,neutral,102,0.071463,0.056200,0.034500,0.044575,0.075900,0.117460,0.064439,0.027000,0.576900
state:IL,IL counties,102,population,Population,neutral,102,124437.77,25066.50,6287.60,13688.50,52866.50,193678.40,527061.39,3623.00,5185812.00
state:IL,IL counties,102,pop_density_sqmi,Population density (per sq mi),neutral,102,194.1458,45.5400,20.4450,27.9050,90.6500,330.1070,631.4131,10.1900,5488.0700
state:IL,IL counties,102,median_hh_income,Median household income,neutral,102,68579.70,65189.00,54545.90,60796.25,73838.75,85297.50,13954.51,43227.00,110502.00
state:IL,IL counties,102,pct_bachelors_plus,Bachelor's degree or higher (%),neutral,102,23.1370,20.2650,15.6430,18.2425,25.6500,35.1830,8.2371,11.9200,51.4500
state:IL,IL counties,102,margin_2024,2024 presidential margin,neutral,102,-0.349102,-0.421450,-0.603580,-0.522550,-0.197600,0.019420,0.240553,-0.710800,0.420100
state:IL,IL counties,102,margin_2016,2016 presidential margin,neutral,102,-0.320129,-0.378850,-0.579620,-0.494300,-0.158700,0.023670,0.234056,-0.716400,0.529600
state:IL,IL counties,102,land_sqmi,Land area (sq mi),neutral,102,544.247,510.661,289.868,380.077,682.197,862.192,223.119,160.097,1183.248
state:IL,IL counties,102,existing_dc_count,Data center records in the atlas,neutral,102,0.49,0.00,0.00,0.00,0.00,0.00,3.20,0.00,29.00
state:IL,IL counties,102,n_opposition_events,Opposition events,up_is_more_restrictive,102,0.45,0.00,0.00,0.00,0.00,1.00,1.54,0.00,14.00
state:IL,IL counties,102,n_moratorium_events,Moratorium events,up_is_more_restrictive,102,0.26,0.00,0.00,0.00,0.00,1.00,1.42,0.00,14.00
state:IL,IL counties,102,n_zoning_events,Zoning events,up_is_more_restrictive,102,0.07,0.00,0.00,0.00,0.00,0.00,0.25,0.00,1.00
state:IL,IL counties,102,n_ban_events,Ban events,up_is_more_restrictive,102,0.00,0.00,0.00,0.00,0.00,0.00,0.00,0.00,0.00
state:IL,IL counties,102,n_legislation_events,Legislation events,up_is_more_restrictive,102,0.00,0.00,0.00,0.00,0.00,0.00,0.00,0.00,0.00
state:IL,IL counties,102,n_lawsuit_events,Lawsuit events,up_is_more_restrictive,102,0.00,0.00,0.00,0.00,0.00,0.00,0.00,0.00,0.00
state:IL,IL counties,102,n_enacted_restrictive,Enacted restrictive actions,up_is_more_restrictive,102,0.12,0.00,0.00,0.00,0.00,0.00,0.38,0.00,2.00
state:IL,IL counties,102,state_legislation_events,Statewide legislation events,up_is_more_restrictive,102,5.00,5.00,5.00,5.00,5.00,5.00,0.00,5.00,5.00
state:IL,IL counties,102,n_projects_tracked,Projects tracked,neutral,102,0.49,0.00,0.00,0.00,0.00,0.00,3.20,0.00,29.00
state:IL,IL counties,102,n_projects_opposed,Projects opposed,up_is_more_restrictive,102,0.00,0.00,0.00,0.00,0.00,0.00,0.00,0.00,0.00
state:IL,IL counties,102,n_decided,Projects decided,neutral,102,0.00,0.00,0.00,0.00,0.00,0.00,0.00,0.00,0.00
state:IL,IL counties,102,n_blocked_confirmed,Projects blocked (confirmed),up_is_more_restrictive,102,0.00,0.00,0.00,0.00,0.00,0.00,0.00,0.00,0.00
state:IL,IL counties,102,n_advanced_confirmed,Projects advanced (confirmed),up_is_less_restrictive,102,0.00,0.00,0.00,0.00,0.00,0.00,0.00,0.00,0.00
state:IL,IL counties,102,n_restricted_conditional,Projects restricted or conditional,up_is_more_restrictive,102,0.00,0.00,0.00,0.00,0.00,0.00,0.00,0.00,0.00
state:IL,IL counties,102,opposition_events_per_100k,Opposition events per 100k residents,up_is_more_restrictive,102,0.63379,0.00000,0.00000,0.00000,0.00000,0.93414,3.28306,0.00000,31.78784
state:IL,IL counties,102,opposition_events_per_dc,Opposition events per data center record,up_is_more_restrictive,6,0.74938,0.19643,0.05172,0.11330,0.81250,2.00000,1.15967,0.00000,3.00000
state:IL,IL counties,102,opposed_share_of_tracked,Share of tracked projects opposed,up_is_more_restrictive,6,0.000000,0.000000,0.000000,0.000000,0.000000,0.000000,0.000000,0.000000,0.000000
state:IN,IN counties,92,calibrated_score,Restriction resemblance score,up_is_more_restrictive,92,0.150770,0.092750,0.061930,0.074725,0.162425,0.312080,0.144316,0.048100,0.796100
state:IN,IN counties,92,va_width,Score interval width,neutral,92,0.095064,0.063400,0.047170,0.057025,0.090525,0.140000,0.083778,0.033600,0.500000
state:IN,IN counties,92,population,Population,neutral,92,74040.78,34518.00,12582.80,20685.25,72358.25,173133.30,125948.72,5993.00,971822.00
state:IN,IN counties,92,pop_density_sqmi,Population density (per sq mi),neutral,92,186.6124,86.5100,41.9980,55.5750,169.1150,438.4160,304.8375,21.4300,2454.1600
state:IN,IN counties,92,median_hh_income,Median household income,neutral,92,68680.68,66673.50,56686.30,61301.00,72512.00,80298.70,11542.44,47560.00,117957.00
state:IN,IN counties,92,pct_bachelors_plus,Bachelor's degree or higher (%),neutral,92,21.5313,19.5150,13.6520,16.0125,24.7225,33.2410,8.8721,10.0000,61.8300
state:IN,IN counties,92,margin_2024,2024 presidential margin,neutral,92,-0.418741,-0.501150,-0.574440,-0.543850,-0.334400,-0.142770,0.192790,-0.644000,0.276800
state:IN,IN counties,92,margin_2016,2016 presidential margin,neutral,92,-0.399843,-0.463000,-0.552490,-0.514325,-0.339225,-0.170270,0.177794,-0.628300,0.237000
state:IN,IN counties,92,land_sqmi,Land area (sq mi),neutral,92,389.403,396.439,263.794,359.923,443.895,504.072,95.986,86.150,657.146
state:IN,IN counties,92,existing_dc_count,Data center records in the atlas,neutral,92,0.05,0.00,0.00,0.00,0.00,0.00,0.27,0.00,2.00
state:IN,IN counties,92,n_opposition_events,Opposition events,up_is_more_restrictive,92,0.82,0.00,0.00,0.00,1.00,2.00,1.83,0.00,13.00
state:IN,IN counties,92,n_moratorium_events,Moratorium events,up_is_more_restrictive,92,0.35,0.00,0.00,0.00,0.00,1.00,0.97,0.00,8.00
state:IN,IN counties,92,n_zoning_events,Zoning events,up_is_more_restrictive,92,0.18,0.00,0.00,0.00,0.00,1.00,0.55,0.00,4.00
state:IN,IN counties,92,n_ban_events,Ban events,up_is_more_restrictive,92,0.01,0.00,0.00,0.00,0.00,0.00,0.10,0.00,1.00
state:IN,IN counties,92,n_legislation_events,Legislation events,up_is_more_restrictive,92,0.02,0.00,0.00,0.00,0.00,0.00,0.15,0.00,1.00
state:IN,IN counties,92,n_lawsuit_events,Lawsuit events,up_is_more_restrictive,92,0.04,0.00,0.00,0.00,0.00,0.00,0.33,0.00,3.00
state:IN,IN counties,92,n_enacted_restrictive,Enacted restrictive actions,up_is_more_restrictive,92,0.22,0.00,0.00,0.00,0.00,1.00,0.41,0.00,1.00
state:IN,IN counties,92,state_legislation_events,Statewide legislation events,up_is_more_restrictive,92,1.00,1.00,1.00,1.00,1.00,1.00,0.00,1.00,1.00
state:IN,IN counties,92,n_projects_tracked,Projects tracked,neutral,92,0.27,0.00,0.00,0.00,0.00,1.00,0.70,0.00,4.00
state:IN,IN counties,92,n_projects_opposed,Projects opposed,up_is_more_restrictive,92,0.13,0.00,0.00,0.00,0.00,0.90,0.42,0.00,3.00
state:IN,IN counties,92,n_decided,Projects decided,neutral,92,0.10,0.00,0.00,0.00,0.00,0.00,0.36,0.00,2.00
state:IN,IN counties,92,n_blocked_confirmed,Projects blocked (confirmed),up_is_more_restrictive,92,0.03,0.00,0.00,0.00,0.00,0.00,0.23,0.00,2.00
state:IN,IN counties,92,n_advanced_confirmed,Projects advanced (confirmed),up_is_less_restrictive,92,0.07,0.00,0.00,0.00,0.00,0.00,0.29,0.00,2.00
state:IN,IN counties,92,n_restricted_conditional,Projects restricted or conditional,up_is_more_restrictive,92,0.00,0.00,0.00,0.00,0.00,0.00,0.00,0.00,0.00
state:IN,IN counties,92,opposition_events_per_100k,Opposition events per 100k residents,up_is_more_restrictive,92,1.58391,0.00000,0.00000,0.00000,2.19610,3.95531,4.89264,0.00000,45.30158
state:IN,IN counties,92,opposition_events_per_dc,Opposition events per data center record,up_is_more_restrictive,4,1.00000,1.00000,0.00000,0.00000,2.00000,2.00000,1.15470,0.00000,2.00000
state:IN,IN counties,92,opposed_share_of_tracked,Share of tracked projects opposed,up_is_more_restrictive,16,0.484375,0.500000,0.000000,0.000000,1.000000,1.000000,0.451560,0.000000,1.000000
state:IN,IN counties,92,blocked_share_of_decided,Share of decided projects blocked,up_is_more_restrictive,7,0.285714,0.000000,0.000000,0.000000,0.500000,1.000000,0.487950,0.000000,1.000000
state:KS,KS counties,105,calibrated_score,Restriction resemblance score,up_is_more_restrictive,105,0.065774,0.047700,0.029540,0.035000,0.071200,0.108000,0.060429,0.024000,0.503700
state:KS,KS counties,105,va_width,Score interval width,neutral,105,0.051748,0.045400,0.027000,0.033300,0.057200,0.082960,0.035310,0.026000,0.325000
state:KS,KS counties,105,population,Population,neutral,105,27976.85,6961.00,2450.80,3118.00,19949.00,38578.20,81395.45,1296.00,614764.00
state:KS,KS counties,105,pop_density_sqmi,Population density (per sq mi),neutral,105,51.3828,8.4400,2.5920,4.0400,30.6400,61.6480,174.8737,1.6000,1298.0300
state:KS,KS counties,105,median_hh_income,Median household income,neutral,105,64427.95,63136.00,53683.40,57615.00,70495.00,76000.20,9562.36,48152.00,107261.00
state:KS,KS counties,105,pct_bachelors_plus,Bachelor's degree or higher (%),neutral,105,24.9524,23.3500,18.8280,21.0300,27.3900,32.2580,6.8417,12.6600,56.8800
state:KS,KS counties,105,margin_2024,2024 presidential margin,neutral,105,-0.539367,-0.612900,-0.731280,-0.688500,-0.461400,-0.277940,0.218785,-0.847600,0.380100
state:KS,KS counties,105,margin_2016,2016 presidential margin,neutral,105,-0.532850,-0.589100,-0.720660,-0.688600,-0.454400,-0.275160,0.208468,-0.854900,0.327200
state:KS,KS counties,105,land_sqmi,Land area (sq mi),neutral,105,778.653,729.731,541.464,635.461,895.957,1072.462,214.900,151.638,1429.716
state:KS,KS counties,105,existing_dc_count,Data center records in the atlas,neutral,105,0.07,0.00,0.00,0.00,0.00,0.00,0.59,0.00,6.00
state:KS,KS counties,105,n_opposition_events,Opposition events,up_is_more_restrictive,105,0.29,0.00,0.00,0.00,0.00,1.00,1.06,0.00,10.00
state:KS,KS counties,105,n_moratorium_events,Moratorium events,up_is_more_restrictive,105,0.15,0.00,0.00,0.00,0.00,1.00,0.41,0.00,2.00
state:KS,KS counties,105,n_zoning_events,Zoning events,up_is_more_restrictive,105,0.04,0.00,0.00,0.00,0.00,0.00,0.19,0.00,1.00
state:KS,KS counties,105,n_ban_events,Ban events,up_is_more_restrictive,105,0.00,0.00,0.00,0.00,0.00,0.00,0.00,0.00,0.00
state:KS,KS counties,105,n_legislation_events,Legislation events,up_is_more_restrictive,105,0.01,0.00,0.00,0.00,0.00,0.00,0.10,0.00,1.00
state:KS,KS counties,105,n_lawsuit_events,Lawsuit events,up_is_more_restrictive,105,0.07,0.00,0.00,0.00,0.00,0.00,0.59,0.00,6.00
state:KS,KS counties,105,n_enacted_restrictive,Enacted restrictive actions,up_is_more_restrictive,105,0.12,0.00,0.00,0.00,0.00,1.00,0.33,0.00,1.00
state:KS,KS counties,105,state_legislation_events,Statewide legislation events,up_is_more_restrictive,105,1.00,1.00,1.00,1.00,1.00,1.00,0.00,1.00,1.00
state:KS,KS counties,105,n_projects_tracked,Projects tracked,neutral,105,0.07,0.00,0.00,0.00,0.00,0.00,0.59,0.00,6.00
state:KS,KS counties,105,n_projects_opposed,Projects opposed,up_is_more_restrictive,105,0.00,0.00,0.00,0.00,0.00,0.00,0.00,0.00,0.00
state:KS,KS counties,105,n_decided,Projects decided,neutral,105,0.00,0.00,0.00,0.00,0.00,0.00,0.00,0.00,0.00
state:KS,KS counties,105,n_blocked_confirmed,Projects blocked (confirmed),up_is_more_restrictive,105,0.00,0.00,0.00,0.00,0.00,0.00,0.00,0.00,0.00
state:KS,KS counties,105,n_advanced_confirmed,Projects advanced (confirmed),up_is_less_restrictive,105,0.00,0.00,0.00,0.00,0.00,0.00,0.00,0.00,0.00
state:KS,KS counties,105,n_restricted_conditional,Projects restricted or conditional,up_is_more_restrictive,105,0.00,0.00,0.00,0.00,0.00,0.00,0.00,0.00,0.00
state:KS,KS counties,105,opposition_events_per_100k,Opposition events per 100k residents,up_is_more_restrictive,105,0.75814,0.00000,0.00000,0.00000,0.00000,2.41502,2.35906,0.00000,13.72872
state:KS,KS counties,105,opposition_events_per_dc,Opposition events per data center record,up_is_more_restrictive,2,0.83333,0.83333,0.16667,0.41667,1.25000,1.50000,1.17851,0.00000,1.66667
state:KS,KS counties,105,opposed_share_of_tracked,Share of tracked projects opposed,up_is_more_restrictive,2,0.000000,0.000000,0.000000,0.000000,0.000000,0.000000,0.000000,0.000000,0.000000
state:KY,KY counties,120,calibrated_score,Restriction resemblance score,up_is_more_restrictive,120,0.085298,0.061200,0.039270,0.049375,0.091400,0.143150,0.073601,0.028000,0.515800
state:KY,KY counties,120,va_width,Score interval width,neutral,120,0.060295,0.046550,0.033470,0.034950,0.061125,0.090500,0.053274,0.027000,0.500000
state:KY,KY counties,120,population,Population,neutral,120,37589.38,19636.00,8352.10,12205.00,35416.25,67685.60,78631.80,2239.00,777392.00
state:KY,KY counties,120,pop_density_sqmi,Population density (per sq mi),neutral,120,122.4111,59.4550,30.3510,38.8750,98.7050,227.4090,238.0116,18.4500,2041.3100
state:KY,KY counties,120,median_hh_income,Median household income,neutral,120,55909.20,55017.00,39796.10,45503.25,63306.50,70201.60,14350.48,29052.00,121491.00
state:KY,KY counties,120,pct_bachelors_plus,Bachelor's degree or higher (%),neutral,120,18.5359,16.5850,10.7280,13.7125,20.1725,31.8790,7.9660,6.2200,47.3100
state:KY,KY counties,120,margin_2024,2024 presidential margin,neutral,120,-0.540258,-0.582800,-0.726360,-0.651000,-0.472950,-0.293300,0.182385,-0.836100,0.181100
state:KY,KY counties,120,margin_2016,2016 presidential margin,neutral,120,-0.498918,-0.518650,-0.694090,-0.619275,-0.400200,-0.303630,0.166347,-0.805700,0.133400
state:KY,KY counties,120,land_sqmi,Land area (sq mi),neutral,120,329.045,305.961,187.637,234.285,410.290,487.871,129.311,98.281,786.222
state:KY,KY counties,120,existing_dc_count,Data center records in the atlas,neutral,120,0.04,0.00,0.00,0.00,0.00,0.00,0.24,0.00,2.00
state:KY,KY counties,120,n_opposition_events,Opposition events,up_is_more_restrictive,120,0.24,0.00,0.00,0.00,0.00,1.00,0.67,0.00,4.00
state:KY,KY counties,120,n_moratorium_events,Moratorium events,up_is_more_restrictive,120,0.17,0.00,0.00,0.00,0.00,1.00,0.51,0.00,3.00
state:KY,KY counties,120,n_zoning_events,Zoning events,up_is_more_restrictive,120,0.07,0.00,0.00,0.00,0.00,0.00,0.34,0.00,3.00
state:KY,KY counties,120,n_ban_events,Ban events,up_is_more_restrictive,120,0.00,0.00,0.00,0.00,0.00,0.00,0.00,0.00,0.00
state:KY,KY counties,120,n_legislation_events,Legislation events,up_is_more_restrictive,120,0.00,0.00,0.00,0.00,0.00,0.00,0.00,0.00,0.00
state:KY,KY counties,120,n_lawsuit_events,Lawsuit events,up_is_more_restrictive,120,0.03,0.00,0.00,0.00,0.00,0.00,0.22,0.00,2.00
state:KY,KY counties,120,n_enacted_restrictive,Enacted restrictive actions,up_is_more_restrictive,120,0.12,0.00,0.00,0.00,0.00,1.00,0.33,0.00,1.00
state:KY,KY counties,120,state_legislation_events,Statewide legislation events,up_is_more_restrictive,120,2.00,2.00,2.00,2.00,2.00,2.00,0.00,2.00,2.00
state:KY,KY counties,120,n_projects_tracked,Projects tracked,neutral,120,0.11,0.00,0.00,0.00,0.00,0.00,0.38,0.00,3.00
state:KY,KY counties,120,n_projects_opposed,Projects opposed,up_is_more_restrictive,120,0.06,0.00,0.00,0.00,0.00,0.00,0.24,0.00,1.00
state:KY,KY counties,120,n_decided,Projects decided,neutral,120,0.02,0.00,0.00,0.00,0.00,0.00,0.13,0.00,1.00
state:KY,KY counties,120,n_blocked_confirmed,Projects blocked (confirmed),up_is_more_restrictive,120,0.01,0.00,0.00,0.00,0.00,0.00,0.09,0.00,1.00
state:KY,KY counties,120,n_advanced_confirmed,Projects advanced (confirmed),up_is_less_restrictive,120,0.01,0.00,0.00,0.00,0.00,0.00,0.09,0.00,1.00
state:KY,KY counties,120,n_restricted_conditional,Projects restricted or conditional,up_is_more_restrictive,120,0.00,0.00,0.00,0.00,0.00,0.00,0.00,0.00,0.00
state:KY,KY counties,120,opposition_events_per_100k,Opposition events per 100k residents,up_is_more_restrictive,120,0.85681,0.00000,0.00000,0.00000,0.00000,2.34042,2.73876,0.00000,17.52541
state:KY,KY counties,120,opposition_events_per_dc,Opposition events per data center record,up_is_more_restrictive,4,0.37500,0.00000,0.00000,0.00000,0.37500,1.05000,0.75000,0.00000,1.50000
state:KY,KY counties,120,opposed_share_of_tracked,Share of tracked projects opposed,up_is_more_restrictive,11,0.575758,1.000000,0.000000,0.000000,1.000000,1.000000,0.496452,0.000000,1.000000
state:KY,KY counties,120,blocked_share_of_decided,Share of decided projects blocked,up_is_more_restrictive,2,0.500000,0.500000,0.100000,0.250000,0.750000,0.900000,0.707107,0.000000,1.000000
state:LA,LA counties,64,calibrated_score,Restriction resemblance score,up_is_more_restrictive,64,0.092925,0.072200,0.038460,0.054125,0.112675,0.175600,0.062955,0.022900,0.282700
state:LA,LA counties,64,va_width,Score interval width,neutral,64,0.062433,0.057500,0.033870,0.037975,0.080050,0.106280,0.029930,0.027000,0.140000
state:LA,LA counties,64,population,Population,neutral,64,72203.52,32122.50,9662.50,19114.75,72427.50,193742.40,99147.54,3992.00,452821.00
state:LA,LA counties,64,pop_density_sqmi,Population density (per sq mi),neutral,64,161.5192,48.4800,17.3780,26.7025,117.8550,263.5410,355.2885,4.0600,2218.5000
state:LA,LA counties,64,median_hh_income,Median household income,neutral,64,55250.36,53177.00,37363.10,45188.75,64863.00,73863.60,14222.67,28321.00,92266.00
state:LA,LA counties,64,pct_bachelors_plus,Bachelor's degree or higher (%),neutral,64,18.7733,16.6200,11.9960,13.4125,22.2775,28.1910,7.3549,10.7200,41.9500
state:LA,LA counties,64,margin_2024,2024 presidential margin,neutral,64,-0.348612,-0.360350,-0.695890,-0.524575,-0.221875,0.003170,0.282555,-0.862900,0.670100
state:LA,LA counties,64,margin_2016,2016 presidential margin,neutral,64,-0.295183,-0.325950,-0.648770,-0.484050,-0.129975,0.074500,0.282461,-0.796300,0.661600
state:LA,LA counties,64,land_sqmi,Land area (sq mi),neutral,64,675.259,645.940,293.238,454.950,841.002,1130.572,293.967,169.500,1326.726
state:LA,LA counties,64,existing_dc_count,Data center records in the atlas,neutral,64,0.02,0.00,0.00,0.00,0.00,0.00,0.12,0.00,1.00
state:LA,LA counties,64,n_opposition_events,Opposition events,up_is_more_restrictive,64,0.30,0.00,0.00,0.00,0.00,0.70,1.24,0.00,7.00
state:LA,LA counties,64,n_moratorium_events,Moratorium events,up_is_more_restrictive,64,0.05,0.00,0.00,0.00,0.00,0.00,0.28,0.00,2.00
state:LA,LA counties,64,n_zoning_events,Zoning events,up_is_more_restrictive,64,0.03,0.00,0.00,0.00,0.00,0.00,0.18,0.00,1.00
state:LA,LA counties,64,n_ban_events,Ban events,up_is_more_restrictive,64,0.00,0.00,0.00,0.00,0.00,0.00,0.00,0.00,0.00
state:LA,LA counties,64,n_legislation_events,Legislation events,up_is_more_restrictive,64,0.00,0.00,0.00,0.00,0.00,0.00,0.00,0.00,0.00
state:LA,LA counties,64,n_lawsuit_events,Lawsuit events,up_is_more_restrictive,64,0.06,0.00,0.00,0.00,0.00,0.00,0.39,0.00,3.00
state:LA,LA counties,64,n_enacted_restrictive,Enacted restrictive actions,up_is_more_restrictive,64,0.03,0.00,0.00,0.00,0.00,0.00,0.18,0.00,1.00
state:LA,LA counties,64,state_legislation_events,Statewide legislation events,up_is_more_restrictive,64,2.00,2.00,2.00,2.00,2.00,2.00,0.00,2.00,2.00
state:LA,LA counties,64,n_projects_tracked,Projects tracked,neutral,64,0.05,0.00,0.00,0.00,0.00,0.00,0.28,0.00,2.00
state:LA,LA counties,64,n_projects_opposed,Projects opposed,up_is_more_restrictive,64,0.03,0.00,0.00,0.00,0.00,0.00,0.25,0.00,2.00
state:LA,LA counties,64,n_decided,Projects decided,neutral,64,0.02,0.00,0.00,0.00,0.00,0.00,0.12,0.00,1.00
state:LA,LA counties,64,n_blocked_confirmed,Projects blocked (confirmed),up_is_more_restrictive,64,0.00,0.00,0.00,0.00,0.00,0.00,0.00,0.00,0.00
state:LA,LA counties,64,n_advanced_confirmed,Projects advanced (confirmed),up_is_less_restrictive,64,0.02,0.00,0.00,0.00,0.00,0.00,0.12,0.00,1.00
state:LA,LA counties,64,n_restricted_conditional,Projects restricted or conditional,up_is_more_restrictive,64,0.00,0.00,0.00,0.00,0.00,0.00,0.00,0.00,0.00
state:LA,LA counties,64,opposition_events_per_100k,Opposition events per 100k residents,up_is_more_restrictive,64,0.72980,0.00000,0.00000,0.00000,0.00000,0.15459,4.46305,0.00000,35.16174
state:LA,LA counties,64,opposition_events_per_dc,Opposition events per data center record,up_is_more_restrictive,1,1.00000,1.00000,1.00000,1.00000,1.00000,1.00000,,1.00000,1.00000
state:LA,LA counties,64,opposed_share_of_tracked,Share of tracked projects opposed,up_is_more_restrictive,2,0.500000,0.500000,0.100000,0.250000,0.750000,0.900000,0.707107,0.000000,1.000000
state:LA,LA counties,64,blocked_share_of_decided,Share of decided projects blocked,up_is_more_restrictive,1,0.000000,0.000000,0.000000,0.000000,0.000000,0.000000,,0.000000,0.000000
state:MA,MA counties,14,calibrated_score,Restriction resemblance score,up_is_more_restrictive,14,0.349057,0.320500,0.163260,0.200450,0.456925,0.593140,0.167608,0.150400,0.656300
state:MA,MA counties,14,va_width,Score interval width,neutral,14,0.226250,0.192150,0.089050,0.135350,0.261200,0.453530,0.140880,0.067700,0.500000
state:MA,MA counties,14,population,Population,neutral,14,499456.79,497371.00,35802.30,135184.00,767764.00,845342.20,447516.01,14299.00,1622896.00
state:MA,MA counties,14,pop_density_sqmi,Population density (per sq mi),neutral,14,1691.7586,666.9050,157.0260,300.1475,1490.7425,1937.7680,3435.3170,101.4300,13427.1500
state:MA,MA counties,14,median_hh_income,Median household income,neutral,14,96546.29,94006.50,72570.70,84746.25,107860.50,124472.90,18959.08,70535.00,126779.00
state:MA,MA counties,14,pct_bachelors_plus,Bachelor's degree or higher (%),neutral,14,45.2243,44.8600,32.9190,39.3475,50.8125,58.1610,9.6356,28.9300,58.9900
state:MA,MA counties,14,margin_2024,2024 presidential margin,neutral,14,0.285636,0.328300,0.088550,0.125850,0.398100,0.492910,0.169194,0.013000,0.526100
state:MA,MA counties,14,margin_2016,2016 presidential margin,neutral,14,0.294536,0.315550,0.096460,0.140625,0.391325,0.483380,0.170029,0.072300,0.629800
state:MA,MA counties,14,land_sqmi,Land area (sq mi),neutral,14,557.210,540.173,71.738,394.676,689.031,894.172,384.462,46.192,1510.677
state:MA,MA counties,14,existing_dc_count,Data center records in the atlas,neutral,14,0.21,0.00,0.00,0.00,0.00,0.70,0.58,0.00,2.00
state:MA,MA counties,14,n_opposition_events,Opposition events,up_is_more_restrictive,14,0.50,0.00,0.00,0.00,0.00,2.40,1.09,0.00,3.00
state:MA,MA counties,14,n_moratorium_events,Moratorium events,up_is_more_restrictive,14,0.21,0.00,0.00,0.00,0.00,1.00,0.43,0.00,1.00
state:MA,MA counties,14,n_zoning_events,Zoning events,up_is_more_restrictive,14,0.14,0.00,0.00,0.00,0.00,0.70,0.36,0.00,1.00
state:MA,MA counties,14,n_ban_events,Ban events,up_is_more_restrictive,14,0.00,0.00,0.00,0.00,0.00,0.00,0.00,0.00,0.00
state:MA,MA counties,14,n_legislation_events,Legislation events,up_is_more_restrictive,14,0.00,0.00,0.00,0.00,0.00,0.00,0.00,0.00,0.00
state:MA,MA counties,14,n_lawsuit_events,Lawsuit events,up_is_more_restrictive,14,0.07,0.00,0.00,0.00,0.00,0.00,0.27,0.00,1.00
state:MA,MA counties,14,n_enacted_restrictive,Enacted restrictive actions,up_is_more_restrictive,14,0.29,0.00,0.00,0.00,0.00,1.00,0.61,0.00,2.00
state:MA,MA counties,14,state_legislation_events,Statewide legislation events,up_is_more_restrictive,14,1.00,1.00,1.00,1.00,1.00,1.00,0.00,1.00,1.00
state:MA,MA counties,14,n_projects_tracked,Projects tracked,neutral,14,0.43,0.00,0.00,0.00,0.00,1.70,0.94,0.00,3.00
state:MA,MA counties,14,n_projects_opposed,Projects opposed,up_is_more_restrictive,14,0.21,0.00,0.00,0.00,0.00,0.70,0.58,0.00,2.00
state:MA,MA counties,14,n_decided,Projects decided,neutral,14,0.00,0.00,0.00,0.00,0.00,0.00,0.00,0.00,0.00
state:MA,MA counties,14,n_blocked_confirmed,Projects blocked (confirmed),up_is_more_restrictive,14,0.00,0.00,0.00,0.00,0.00,0.00,0.00,0.00,0.00
state:MA,MA counties,14,n_advanced_confirmed,Projects advanced (confirmed),up_is_less_restrictive,14,0.00,0.00,0.00,0.00,0.00,0.00,0.00,0.00,0.00
state:MA,MA counties,14,n_restricted_conditional,Projects restricted or conditional,up_is_more_restrictive,14,0.00,0.00,0.00,0.00,0.00,0.00,0.00,0.00,0.00
state:MA,MA counties,14,opposition_events_per_100k,Opposition events per 100k residents,up_is_more_restrictive,14,0.16021,0.00000,0.00000,0.00000,0.00000,0.50916,0.40029,0.00000,1.41000
state:MA,MA counties,14,opposition_events_per_dc,Opposition events per data center record,up_is_more_restrictive,2,0.75000,0.75000,0.15000,0.37500,1.12500,1.35000,1.06066,0.00000,1.50000
state:MA,MA counties,14,opposed_share_of_tracked,Share of tracked projects opposed,up_is_more_restrictive,3,0.444444,0.333333,0.066667,0.166667,0.666667,0.866667,0.509175,0.000000,1.000000
state:MD,MD counties,24,calibrated_score,Restriction resemblance score,up_is_more_restrictive,24,0.267071,0.169250,0.075660,0.116025,0.442200,0.607560,0.202374,0.063200,0.629400
state:MD,MD counties,24,va_width,Score interval width,neutral,24,0.169558,0.100850,0.059120,0.064050,0.244300,0.357100,0.143922,0.046900,0.500000
state:MD,MD counties,24,population,Population,neutral,24,257114.08,109369.00,29882.70,47640.00,293734.75,771991.00,312780.57,19265.00,1057586.00
state:MD,MD counties,24,pop_density_sqmi,Population density (per sq mi),neutral,24,824.9017,328.8150,71.8450,131.2550,783.0575,1813.3130,1479.7228,44.2400,7130.5900
state:MD,MD counties,24,median_hh_income,Median household income,neutral,24,94152.12,91025.00,59884.60,71903.50,116988.00,126290.70,27530.21,52462.00,146982.00
state:MD,MD counties,24,pct_bachelors_plus,Bachelor's degree or higher (%),neutral,24,34.8754,35.3450,19.4960,26.3350,40.1375,45.1320,11.9483,17.1300,64.4800
state:MD,MD counties,24,margin_2024,2024 presidential margin,neutral,24,-0.005046,-0.124050,-0.358960,-0.234975,0.165800,0.498320,0.352552,-0.540200,0.751500
state:MD,MD counties,24,margin_2016,2016 presidential margin,neutral,24,-0.065929,-0.169550,-0.387330,-0.330825,0.048400,0.489220,0.374868,-0.615000,0.809900
state:MD,MD counties,24,land_sqmi,Land area (sq mi),neutral,24,404.631,418.502,256.232,319.672,471.962,581.080,136.754,80.946,660.621
state:MD,MD counties,24,existing_dc_count,Data center records in the atlas,neutral,24,0.54,0.00,0.00,0.00,1.00,1.00,1.28,0.00,6.00
state:MD,MD counties,24,n_opposition_events,Opposition events,up_is_more_restrictive,24,1.21,0.50,0.00,0.00,2.00,3.70,1.67,0.00,6.00
state:MD,MD counties,24,n_moratorium_events,Moratorium events,up_is_more_restrictive,24,0.71,0.00,0.00,0.00,1.00,2.70,1.20,0.00,4.00
state:MD,MD counties,24,n_zoning_events,Zoning events,up_is_more_restrictive,24,0.17,0.00,0.00,0.00,0.00,0.70,0.48,0.00,2.00
state:MD,MD counties,24,n_ban_events,Ban events,up_is_more_restrictive,24,0.00,0.00,0.00,0.00,0.00,0.00,0.00,0.00,0.00
state:MD,MD counties,24,n_legislation_events,Legislation events,up_is_more_restrictive,24,0.29,0.00,0.00,0.00,0.00,1.00,0.75,0.00,3.00
state:MD,MD counties,24,n_lawsuit_events,Lawsuit events,up_is_more_restrictive,24,0.04,0.00,0.00,0.00,0.00,0.00,0.20,0.00,1.00
state:MD,MD counties,24,n_enacted_restrictive,Enacted restrictive actions,up_is_more_restrictive,24,0.46,0.00,0.00,0.00,1.00,1.00,0.93,0.00,4.00
state:MD,MD counties,24,state_legislation_events,Statewide legislation events,up_is_more_restrictive,24,3.00,3.00,3.00,3.00,3.00,3.00,0.00,3.00,3.00
state:MD,MD counties,24,n_projects_tracked,Projects tracked,neutral,24,0.92,0.00,0.00,0.00,2.00,3.00,1.56,0.00,6.00
state:MD,MD counties,24,n_projects_opposed,Projects opposed,up_is_more_restrictive,24,0.29,0.00,0.00,0.00,0.00,1.00,0.62,0.00,2.00
state:MD,MD counties,24,n_decided,Projects decided,neutral,24,0.08,0.00,0.00,0.00,0.00,0.00,0.28,0.00,1.00
state:MD,MD counties,24,n_blocked_confirmed,Projects blocked (confirmed),up_is_more_restrictive,24,0.00,0.00,0.00,0.00,0.00,0.00,0.00,0.00,0.00
state:MD,MD counties,24,n_advanced_confirmed,Projects advanced (confirmed),up_is_less_restrictive,24,0.08,0.00,0.00,0.00,0.00,0.00,0.28,0.00,1.00
state:MD,MD counties,24,n_restricted_conditional,Projects restricted or conditional,up_is_more_restrictive,24,0.00,0.00,0.00,0.00,0.00,0.00,0.00,0.00,0.00
state:MD,MD counties,24,opposition_events_per_100k,Opposition events per 100k residents,up_is_more_restrictive,24,0.41462,0.08663,0.00000,0.00000,0.52417,0.72682,0.75610,0.00000,3.19860
state:MD,MD counties,24,opposition_events_per_dc,Opposition events per data center record,up_is_more_restrictive,7,2.66667,2.00000,0.66667,1.25000,4.00000,4.80000,2.06155,0.16667,6.00000
state:MD,MD counties,24,opposed_share_of_tracked,Share of tracked projects opposed,up_is_more_restrictive,8,0.375000,0.416667,0.000000,0.000000,0.541667,0.766667,0.364605,0.000000,1.000000
state:MD,MD counties,24,blocked_share_of_decided,Share of decided projects blocked,up_is_more_restrictive,2,0.000000,0.000000,0.000000,0.000000,0.000000,0.000000,0.000000,0.000000,0.000000
state:ME,ME counties,16,calibrated_score,Restriction resemblance score,up_is_more_restrictive,16,0.189144,0.143550,0.080750,0.107625,0.299100,0.339350,0.114858,0.048500,0.419700
state:ME,ME counties,16,va_width,Score interval width,neutral,16,0.115962,0.076850,0.059000,0.068375,0.140000,0.252750,0.073960,0.056500,0.261200
state:ME,ME counties,16,population,Population,neutral,16,86087.50,53468.00,30703.00,36779.75,115645.75,184151.00,79548.97,17125.00,305940.00
state:ME,ME counties,16,pop_density_sqmi,Population density (per sq mi),neutral,16,95.3038,50.0050,11.1400,16.5600,145.1125,228.3350,103.9012,4.3200,365.8700
state:ME,ME counties,16,median_hh_income,Median household income,neutral,16,66872.12,66180.00,54744.00,57499.50,71933.75,82492.00,11607.49,52237.00,92983.00
state:ME,ME counties,16,pct_bachelors_plus,Bachelor's degree or higher (%),neutral,16,31.7244,30.6850,22.0900,23.2050,39.1200,40.5750,9.0345,20.3100,52.1600
state:ME,ME counties,16,margin_2024,2024 presidential margin,neutral,16,-0.024006,-0.044200,-0.266300,-0.155475,0.113800,0.176050,0.190673,-0.291700,0.363100
state:ME,ME counties,16,margin_2016,2016 presidential margin,neutral,16,-0.038656,-0.046050,-0.200100,-0.137950,0.051700,0.109400,0.139625,-0.252100,0.264200
state:ME,ME counties,16,land_sqmi,Land area (sq mi),neutral,16,1927.815,1289.162,410.507,664.474,2771.339,3942.559,1780.288,253.979,6671.136
state:ME,ME counties,16,existing_dc_count,Data center records in the atlas,neutral,16,0.12,0.00,0.00,0.00,0.00,0.00,0.50,0.00,2.00
state:ME,ME counties,16,n_opposition_events,Opposition events,up_is_more_restrictive,16,0.75,0.50,0.00,0.00,1.00,2.00,0.93,0.00,3.00
state:ME,ME counties,16,n_moratorium_events,Moratorium events,up_is_more_restrictive,16,0.44,0.00,0.00,0.00,1.00,1.00,0.81,0.00,3.00
state:ME,ME counties,16,n_zoning_events,Zoning events,up_is_more_restrictive,16,0.06,0.00,0.00,0.00,0.00,0.00,0.25,0.00,1.00
state:ME,ME counties,16,n_ban_events,Ban events,up_is_more_restrictive,16,0.00,0.00,0.00,0.00,0.00,0.00,0.00,0.00,0.00
state:ME,ME counties,16,n_legislation_events,Legislation events,up_is_more_restrictive,16,0.12,0.00,0.00,0.00,0.00,0.00,0.50,0.00,2.00
state:ME,ME counties,16,n_lawsuit_events,Lawsuit events,up_is_more_restrictive,16,0.00,0.00,0.00,0.00,0.00,0.00,0.00,0.00,0.00
state:ME,ME counties,16,n_enacted_restrictive,Enacted restrictive actions,up_is_more_restrictive,16,0.44,0.00,0.00,0.00,1.00,1.00,0.81,0.00,3.00
state:ME,ME counties,16,state_legislation_events,Statewide legislation events,up_is_more_restrictive,16,1.00,1.00,1.00,1.00,1.00,1.00,0.00,1.00,1.00
state:ME,ME counties,16,n_projects_tracked,Projects tracked,neutral,16,0.50,0.00,0.00,0.00,1.00,1.50,0.73,0.00,2.00
state:ME,ME counties,16,n_projects_opposed,Projects opposed,up_is_more_restrictive,16,0.12,0.00,0.00,0.00,0.00,0.50,0.34,0.00,1.00
state:ME,ME counties,16,n_decided,Projects decided,neutral,16,0.12,0.00,0.00,0.00,0.00,0.50,0.34,0.00,1.00
state:ME,ME counties,16,n_blocked_confirmed,Projects blocked (confirmed),up_is_more_restrictive,16,0.12,0.00,0.00,0.00,0.00,0.50,0.34,0.00,1.00
state:ME,ME counties,16,n_advanced_confirmed,Projects advanced (confirmed),up_is_less_restrictive,16,0.00,0.00,0.00,0.00,0.00,0.00,0.00,0.00,0.00
state:ME,ME counties,16,n_restricted_conditional,Projects restricted or conditional,up_is_more_restrictive,16,0.00,0.00,0.00,0.00,0.00,0.00,0.00,0.00,0.00
state:ME,ME counties,16,opposition_events_per_100k,Opposition events per 100k residents,up_is_more_restrictive,16,0.85003,0.32558,0.00000,0.00000,1.13348,2.61878,1.11950,0.00000,3.31730
state:ME,ME counties,16,opposition_events_per_dc,Opposition events per data center record,up_is_more_restrictive,1,1.50000,1.50000,1.50000,1.50000,1.50000,1.50000,,1.50000,1.50000
state:ME,ME counties,16,opposed_share_of_tracked,Share of tracked projects opposed,up_is_more_restrictive,6,0.333333,0.000000,0.000000,0.000000,0.750000,1.000000,0.516398,0.000000,1.000000
state:ME,ME counties,16,blocked_share_of_decided,Share of decided projects blocked,up_is_more_restrictive,2,1.000000,1.000000,1.000000,1.000000,1.000000,1.000000,0.000000,1.000000,1.000000
state:MI,MI counties,83,calibrated_score,Restriction resemblance score,up_is_more_restrictive,83,0.154118,0.098000,0.048180,0.070150,0.156400,0.400560,0.159586,0.036200,0.811800
state:MI,MI counties,83,va_width,Score interval width,neutral,83,0.099686,0.064700,0.038500,0.056850,0.090600,0.244300,0.099030,0.026000,0.500000
state:MI,MI counties,83,population,Population,neutral,83,121103.55,37428.00,10421.00,22864.50,97290.00,248178.20,262737.07,2106.00,1773767.00
state:MI,MI counties,83,pop_density_sqmi,Population density (per sq mi),neutral,83,192.0581,60.1000,13.3640,35.0650,154.0150,441.7900,411.7841,3.9000,2899.0900
state:MI,MI counties,83,median_hh_income,Median household income,neutral,83,64303.95,61868.00,52300.00,56838.00,69937.00,79193.80,11230.10,47777.00,101315.00
state:MI,MI counties,83,pct_bachelors_plus,Bachelor's degree or higher (%),neutral,83,24.7984,21.5600,15.9880,18.1300,28.7100,39.5440,9.4405,12.4900,58.1300
state:MI,MI counties,83,margin_2024,2024 presidential margin,neutral,83,-0.232665,-0.289700,-0.428580,-0.349800,-0.143800,0.030140,0.192538,-0.559600,0.444200
state:MI,MI counties,83,margin_2016,2016 presidential margin,neutral,83,-0.226784,-0.273500,-0.398980,-0.332000,-0.144800,-0.015260,0.177126,-0.523400,0.415000
state:MI,MI counties,83,land_sqmi,Land area (sq mi),neutral,83,682.052,567.781,481.500,541.218,780.877,1019.323,258.346,319.696,1809.051
state:MI,MI counties,83,existing_dc_count,Data center records in the atlas,neutral,83,0.12,0.00,0.00,0.00,0.00,0.00,0.53,0.00,4.00
state:MI,MI counties,83,n_opposition_events,Opposition events,up_is_more_restrictive,83,1.08,0.00,0.00,0.00,1.00,2.00,3.33,0.00,27.00
state:MI,MI counties,83,n_moratorium_events,Moratorium events,up_is_more_restrictive,83,0.65,0.00,0.00,0.00,0.50,2.00,1.57,0.00,10.00
state:MI,MI counties,83,n_zoning_events,Zoning events,up_is_more_restrictive,83,0.16,0.00,0.00,0.00,0.00,0.80,0.55,0.00,4.00
state:MI,MI counties,83,n_ban_events,Ban events,up_is_more_restrictive,83,0.00,0.00,0.00,0.00,0.00,0.00,0.00,0.00,0.00
state:MI,MI counties,83,n_legislation_events,Legislation events,up_is_more_restrictive,83,0.00,0.00,0.00,0.00,0.00,0.00,0.00,0.00,0.00
state:MI,MI counties,83,n_lawsuit_events,Lawsuit events,up_is_more_restrictive,83,0.08,0.00,0.00,0.00,0.00,0.00,0.67,0.00,6.00
state:MI,MI counties,83,n_enacted_restrictive,Enacted restrictive actions,up_is_more_restrictive,83,0.67,0.00,0.00,0.00,0.00,2.00,1.76,0.00,12.00
state:MI,MI counties,83,state_legislation_events,Statewide legislation events,up_is_more_restrictive,83,1.00,1.00,1.00,1.00,1.00,1.00,0.00,1.00,1.00
state:MI,MI counties,83,n_projects_tracked,Projects tracked,neutral,83,0.31,0.00,0.00,0.00,0.00,1.00,0.87,0.00,5.00
state:MI,MI counties,83,n_projects_opposed,Projects opposed,up_is_more_restrictive,83,0.18,0.00,0.00,0.00,0.00,1.00,0.52,0.00,3.00
state:MI,MI counties,83,n_decided,Projects decided,neutral,83,0.07,0.00,0.00,0.00,0.00,0.00,0.30,0.00,2.00
state:MI,MI counties,83,n_blocked_confirmed,Projects blocked (confirmed),up_is_more_restrictive,83,0.06,0.00,0.00,0.00,0.00,0.00,0.29,0.00,2.00
state:MI,MI counties,83,n_advanced_confirmed,Projects advanced (confirmed),up_is_less_restrictive,83,0.01,0.00,0.00,0.00,0.00,0.00,0.11,0.00,1.00
state:MI,MI counties,83,n_restricted_conditional,Projects restricted or conditional,up_is_more_restrictive,83,0.00,0.00,0.00,0.00,0.00,0.00,0.00,0.00,0.00
state:MI,MI counties,83,median_days_to_decision,Median days to decision,neutral,1,98.00,98.00,98.00,98.00,98.00,98.00,,98.00,98.00
state:MI,MI counties,83,opposition_events_per_100k,Opposition events per 100k residents,up_is_more_restrictive,83,1.27019,0.00000,0.00000,0.00000,0.71540,2.70656,5.34948,0.00000,47.48338
state:MI,MI counties,83,opposition_events_per_dc,Opposition events per data center record,up_is_more_restrictive,6,3.16667,2.50000,0.50000,1.25000,5.25000,6.50000,2.78687,0.00000,7.00000
state:MI,MI counties,83,opposed_share_of_tracked,Share of tracked projects opposed,up_is_more_restrictive,13,0.656410,0.666667,0.040000,0.500000,1.000000,1.000000,0.390248,0.000000,1.000000
state:MI,MI counties,83,blocked_share_of_decided,Share of decided projects blocked,up_is_more_restrictive,5,0.800000,1.000000,0.400000,1.000000,1.000000,1.000000,0.447214,0.000000,1.000000
state:MN,MN counties,87,calibrated_score,Restriction resemblance score,up_is_more_restrictive,87,0.092110,0.066000,0.040420,0.049400,0.094300,0.162740,0.079255,0.030200,0.478400
state:MN,MN counties,87,va_width,Score interval width,neutral,87,0.068329,0.057800,0.036720,0.045400,0.069950,0.098240,0.047842,0.027000,0.345100
state:MN,MN counties,87,population,Population,neutral,87,65674.90,22067.00,6289.80,11040.00,44449.00,148344.80,158458.73,3279.00,1268903.00
state:MN,MN counties,87,pop_density_sqmi,Population density (per sq mi),neutral,87,141.7829,26.8800,8.5700,14.5050,63.8550,223.4640,467.1634,2.9300,3575.9700
state:MN,MN counties,87,median_hh_income,Median household income,neutral,87,75757.39,71573.00,65259.80,69100.50,77582.00,94632.00,13041.52,53925.00,123144.00
state:MN,MN counties,87,pct_bachelors_plus,Bachelor's degree or higher (%),neutral,87,26.1277,24.1900,17.9380,19.6200,28.8450,37.0280,8.5857,14.2900,53.3300
state:MN,MN counties,87,margin_2024,2024 presidential margin,neutral,87,-0.258015,-0.316900,-0.431460,-0.384800,-0.183300,-0.001140,0.204518,-0.560400,0.433200
state:MN,MN counties,87,margin_2016,2016 presidential margin,neutral,87,-0.241048,-0.282900,-0.415840,-0.358600,-0.146900,-0.008880,0.178166,-0.529700,0.394400
state:MN,MN counties,87,land_sqmi,Land area (sq mi),neutral,87,915.304,674.554,431.263,522.266,964.001,1793.584,801.515,152.249,6248.116
state:MN,MN counties,87,existing_dc_count,Data center records in the atlas,neutral,87,0.13,0.00,0.00,0.00,0.00,0.00,0.50,0.00,3.00
state:MN,MN counties,87,n_opposition_events,Opposition events,up_is_more_restrictive,87,0.38,0.00,0.00,0.00,0.00,1.00,1.11,0.00,8.00
state:MN,MN counties,87,n_moratorium_events,Moratorium events,up_is_more_restrictive,87,0.13,0.00,0.00,0.00,0.00,1.00,0.37,0.00,2.00
state:MN,MN counties,87,n_zoning_events,Zoning events,up_is_more_restrictive,87,0.05,0.00,0.00,0.00,0.00,0.00,0.21,0.00,1.00
state:MN,MN counties,87,n_ban_events,Ban events,up_is_more_restrictive,87,0.00,0.00,0.00,0.00,0.00,0.00,0.00,0.00,0.00
state:MN,MN counties,87,n_legislation_events,Legislation events,up_is_more_restrictive,87,0.02,0.00,0.00,0.00,0.00,0.00,0.15,0.00,1.00
state:MN,MN counties,87,n_lawsuit_events,Lawsuit events,up_is_more_restrictive,87,0.09,0.00,0.00,0.00,0.00,0.00,0.39,0.00,3.00
state:MN,MN counties,87,n_enacted_restrictive,Enacted restrictive actions,up_is_more_restrictive,87,0.11,0.00,0.00,0.00,0.00,0.00,0.39,0.00,2.00
state:MN,MN counties,87,state_legislation_events,Statewide legislation events,up_is_more_restrictive,87,3.00,3.00,3.00,3.00,3.00,3.00,0.00,3.00,3.00
state:MN,MN counties,87,n_projects_tracked,Projects tracked,neutral,87,0.13,0.00,0.00,0.00,0.00,0.00,0.50,0.00,3.00
state:MN,MN counties,87,n_projects_opposed,Projects opposed,up_is_more_restrictive,87,0.00,0.00,0.00,0.00,0.00,0.00,0.00,0.00,0.00
state:MN,MN counties,87,n_decided,Projects decided,neutral,87,0.00,0.00,0.00,0.00,0.00,0.00,0.00,0.00,0.00
state:MN,MN counties,87,n_blocked_confirmed,Projects blocked (confirmed),up_is_more_restrictive,87,0.00,0.00,0.00,0.00,0.00,0.00,0.00,0.00,0.00
state:MN,MN counties,87,n_advanced_confirmed,Projects advanced (confirmed),up_is_less_restrictive,87,0.00,0.00,0.00,0.00,0.00,0.00,0.00,0.00,0.00
state:MN,MN counties,87,n_restricted_conditional,Projects restricted or conditional,up_is_more_restrictive,87,0.00,0.00,0.00,0.00,0.00,0.00,0.00,0.00,0.00
state:MN,MN counties,87,opposition_events_per_100k,Opposition events per 100k residents,up_is_more_restrictive,87,0.48663,0.00000,0.00000,0.00000,0.00000,1.58838,1.45256,0.00000,8.73362
state:MN,MN counties,87,opposition_events_per_dc,Opposition events per data center record,up_is_more_restrictive,7,1.14286,1.00000,0.00000,0.16667,2.00000,2.26667,1.08623,0.00000,2.66667
state:MN,MN counties,87,opposed_share_of_tracked,Share of tracked projects opposed,up_is_more_restrictive,7,0.000000,0.000000,0.000000,0.000000,0.000000,0.000000,0.000000,0.000000,0.000000
state:MO,MO counties,115,calibrated_score,Restriction resemblance score,up_is_more_restrictive,115,0.110575,0.064600,0.039520,0.047950,0.100150,0.238440,0.123930,0.027600,0.658600
state:MO,MO counties,115,va_width,Score interval width,neutral,115,0.080419,0.052300,0.033300,0.040000,0.068600,0.129200,0.089270,0.027000,0.500000
state:MO,MO counties,115,population,Population,neutral,115,53636.36,18722.00,6124.40,9883.50,39130.00,99681.20,126112.42,1956.00,996618.00
state:MO,MO counties,115,pop_density_sqmi,Population density (per sq mi),neutral,115,131.4615,30.6800,10.8640,17.1850,64.2700,180.9460,492.1214,7.1100,4749.0100
state:MO,MO counties,115,median_hh_income,Median household income,neutral,115,59503.10,57488.00,46960.20,52163.50,64245.50,73713.40,11477.52,35084.00,102912.00
state:MO,MO counties,115,pct_bachelors_plus,Bachelor's degree or higher (%),neutral,115,20.5014,18.0300,13.3560,15.2500,23.4850,32.0740,7.8906,10.6500,51.0000
state:MO,MO counties,115,margin_2024,2024 presidential margin,neutral,115,-0.542127,-0.602200,-0.711680,-0.650800,-0.489650,-0.353480,0.211472,-0.756600,0.647100
state:MO,MO counties,115,margin_2016,2016 presidential margin,neutral,115,-0.505758,-0.554000,-0.662480,-0.612500,-0.458750,-0.346780,0.191380,-0.730300,0.637400
state:MO,MO counties,115,land_sqmi,Land area (sq mi),neutral,115,597.794,592.030,420.546,490.716,693.436,805.569,159.901,61.720,1177.267
state:MO,MO counties,115,existing_dc_count,Data center records in the atlas,neutral,115,0.14,0.00,0.00,0.00,0.00,0.00,0.71,0.00,6.00
state:MO,MO counties,115,n_opposition_events,Opposition events,up_is_more_restrictive,115,0.24,0.00,0.00,0.00,0.00,1.00,0.68,0.00,4.00
state:MO,MO counties,115,n_moratorium_events,Moratorium events,up_is_more_restrictive,115,0.06,0.00,0.00,0.00,0.00,0.00,0.27,0.00,2.00
state:MO,MO counties,115,n_zoning_events,Zoning events,up_is_more_restrictive,115,0.11,0.00,0.00,0.00,0.00,0.00,0.47,0.00,4.00
state:MO,MO counties,115,n_ban_events,Ban events,up_is_more_restrictive,115,0.00,0.00,0.00,0.00,0.00,0.00,0.00,0.00,0.00
state:MO,MO counties,115,n_legislation_events,Legislation events,up_is_more_restrictive,115,0.02,0.00,0.00,0.00,0.00,0.00,0.19,0.00,2.00
state:MO,MO counties,115,n_lawsuit_events,Lawsuit events,up_is_more_restrictive,115,0.03,0.00,0.00,0.00,0.00,0.00,0.18,0.00,1.00
state:MO,MO counties,115,n_enacted_restrictive,Enacted restrictive actions,up_is_more_restrictive,115,0.08,0.00,0.00,0.00,0.00,0.00,0.33,0.00,2.00
state:MO,MO counties,115,state_legislation_events,Statewide legislation events,up_is_more_restrictive,115,1.00,1.00,1.00,1.00,1.00,1.00,0.00,1.00,1.00
state:MO,MO counties,115,n_projects_tracked,Projects tracked,neutral,115,0.30,0.00,0.00,0.00,0.00,1.00,0.97,0.00,6.00
state:MO,MO counties,115,n_projects_opposed,Projects opposed,up_is_more_restrictive,115,0.11,0.00,0.00,0.00,0.00,0.00,0.37,0.00,2.00
state:MO,MO counties,115,n_decided,Projects decided,neutral,115,0.05,0.00,0.00,0.00,0.00,0.00,0.26,0.00,2.00
state:MO,MO counties,115,n_blocked_confirmed,Projects blocked (confirmed),up_is_more_restrictive,115,0.02,0.00,0.00,0.00,0.00,0.00,0.13,0.00,1.00
state:MO,MO counties,115,n_advanced_confirmed,Projects advanced (confirmed),up_is_less_restrictive,115,0.03,0.00,0.00,0.00,0.00,0.00,0.23,0.00,2.00
state:MO,MO counties,115,n_restricted_conditional,Projects restricted or conditional,up_is_more_restrictive,115,0.00,0.00,0.00,0.00,0.00,0.00,0.00,0.00,0.00
state:MO,MO counties,115,opposition_events_per_100k,Opposition events per 100k residents,up_is_more_restrictive,115,0.35523,0.00000,0.00000,0.00000,0.00000,0.84129,1.21657,0.00000,8.75503
state:MO,MO counties,115,opposition_events_per_dc,Opposition events per data center record,up_is_more_restrictive,6,0.66667,0.25000,0.00000,0.04167,1.20833,1.75000,0.86281,0.00000,2.00000
state:MO,MO counties,115,opposed_share_of_tracked,Share of tracked projects opposed,up_is_more_restrictive,17,0.524510,0.500000,0.000000,0.000000,1.000000,1.000000,0.478500,0.000000,1.000000
state:MO,MO counties,115,blocked_share_of_decided,Share of decided projects blocked,up_is_more_restrictive,5,0.400000,0.000000,0.000000,0.000000,1.000000,1.000000,0.547723,0.000000,1.000000
state:MS,MS counties,82,calibrated_score,Restriction resemblance score,up_is_more_restrictive,82,0.085050,0.058100,0.038040,0.045325,0.074850,0.145280,0.083762,0.011400,0.534500
state:MS,MS counties,82,va_width,Score interval width,neutral,82,0.058870,0.045400,0.030930,0.034500,0.059200,0.088030,0.052427,0.021100,0.345100
state:MS,MS counties,82,population,Population,neutral,82,35993.15,21481.50,8423.90,12482.00,34357.00,71469.50,43564.05,1095.00,222494.00
state:MS,MS counties,82,pop_density_sqmi,Population density (per sq mi),neutral,82,62.1156,42.6900,15.8030,22.3025,66.2775,129.4660,70.3126,2.6500,395.9300
state:MS,MS counties,82,median_hh_income,Median household income,neutral,82,48514.35,48207.00,35957.70,40442.25,53855.00,63591.90,10915.07,29271.00,82980.00
state:MS,MS counties,82,pct_bachelors_plus,Bachelor's degree or higher (%),neutral,82,18.9507,17.3350,12.1320,14.5450,20.4800,28.1440,7.6294,4.4000,48.8500
state:MS,MS counties,82,margin_2024,2024 presidential margin,neutral,82,-0.194370,-0.236750,-0.666320,-0.464500,-0.005725,0.382860,0.375434,-0.799900,0.675500
state:MS,MS counties,82,margin_2016,2016 presidential margin,neutral,82,-0.140141,-0.168750,-0.593110,-0.397200,0.128225,0.409130,0.380457,-0.777000,0.738000
state:MS,MS counties,82,land_sqmi,Land area (sq mi),neutral,82,572.248,567.049,410.363,446.605,694.028,764.250,139.316,400.044,922.339
state:MS,MS counties,82,existing_dc_count,Data center records in the atlas,neutral,82,0.02,0.00,0.00,0.00,0.00,0.00,0.16,0.00,1.00
state:MS,MS counties,82,n_opposition_events,Opposition events,up_is_more_restrictive,82,0.20,0.00,0.00,0.00,0.00,0.00,0.88,0.00,7.00
state:MS,MS counties,82,n_moratorium_events,Moratorium events,up_is_more_restrictive,82,0.01,0.00,0.00,0.00,0.00,0.00,0.11,0.00,1.00
state:MS,MS counties,82,n_zoning_events,Zoning events,up_is_more_restrictive,82,0.00,0.00,0.00,0.00,0.00,0.00,0.00,0.00,0.00
state:MS,MS counties,82,n_ban_events,Ban events,up_is_more_restrictive,82,0.00,0.00,0.00,0.00,0.00,0.00,0.00,0.00,0.00
state:MS,MS counties,82,n_legislation_events,Legislation events,up_is_more_restrictive,82,0.00,0.00,0.00,0.00,0.00,0.00,0.00,0.00,0.00
state:MS,MS counties,82,n_lawsuit_events,Lawsuit events,up_is_more_restrictive,82,0.05,0.00,0.00,0.00,0.00,0.00,0.44,0.00,4.00
state:MS,MS counties,82,n_enacted_restrictive,Enacted restrictive actions,up_is_more_restrictive,82,0.01,0.00,0.00,0.00,0.00,0.00,0.11,0.00,1.00
state:MS,MS counties,82,state_legislation_events,Statewide legislation events,up_is_more_restrictive,82,2.00,2.00,2.00,2.00,2.00,2.00,0.00,2.00,2.00
state:MS,MS counties,82,n_projects_tracked,Projects tracked,neutral,82,0.13,0.00,0.00,0.00,0.00,0.00,0.52,0.00,4.00
state:MS,MS counties,82,n_projects_opposed,Projects opposed,up_is_more_restrictive,82,0.10,0.00,0.00,0.00,0.00,0.00,0.40,0.00,3.00
state:MS,MS counties,82,n_decided,Projects decided,neutral,82,0.05,0.00,0.00,0.00,0.00,0.00,0.22,0.00,1.00
state:MS,MS counties,82,n_blocked_confirmed,Projects blocked (confirmed),up_is_more_restrictive,82,0.01,0.00,0.00,0.00,0.00,0.00,0.11,0.00,1.00
state:MS,MS counties,82,n_advanced_confirmed,Projects advanced (confirmed),up_is_less_restrictive,82,0.04,0.00,0.00,0.00,0.00,0.00,0.19,0.00,1.00
state:MS,MS counties,82,n_restricted_conditional,Projects restricted or conditional,up_is_more_restrictive,82,0.00,0.00,0.00,0.00,0.00,0.00,0.00,0.00,0.00
state:MS,MS counties,82,opposition_events_per_100k,Opposition events per 100k residents,up_is_more_restrictive,82,0.20061,0.00000,0.00000,0.00000,0.00000,0.00000,0.78064,0.00000,4.80584
state:MS,MS counties,82,opposition_events_per_dc,Opposition events per data center record,up_is_more_restrictive,2,5.00000,5.00000,3.40000,4.00000,6.00000,6.60000,2.82843,3.00000,7.00000
state:MS,MS counties,82,opposed_share_of_tracked,Share of tracked projects opposed,up_is_more_restrictive,8,0.718750,1.000000,0.000000,0.562500,1.000000,1.000000,0.451930,0.000000,1.000000
state:MS,MS counties,82,blocked_share_of_decided,Share of decided projects blocked,up_is_more_restrictive,4,0.250000,0.000000,0.000000,0.000000,0.250000,0.700000,0.500000,0.000000,1.000000
state:MT,MT counties,56,calibrated_score,Restriction resemblance score,up_is_more_restrictive,56,0.053645,0.041950,0.022500,0.029875,0.053200,0.109250,0.039854,0.014300,0.203700
state:MT,MT counties,56,va_width,Score interval width,neutral,56,0.044936,0.042900,0.026850,0.027000,0.052600,0.068300,0.020566,0.021700,0.117800
state:MT,MT counties,56,population,Population,neutral,56,19733.43,7425.00,1306.00,2626.00,12942.75,59193.50,34984.28,401.00,167340.00
state:MT,MT counties,56,pop_density_sqmi,Population density (per sq mi),neutral,56,8.1396,2.6900,0.7200,1.4250,5.6375,21.4200,13.8025,0.2000,63.5500
state:MT,MT counties,56,median_hh_income,Median household income,neutral,56,62294.55,61857.50,52648.00,56015.50,69464.00,72660.00,9118.84,45129.00,87454.00
state:MT,MT counties,56,pct_bachelors_plus,Bachelor's degree or higher (%),neutral,56,26.4668,25.7050,18.9950,21.2100,29.7850,34.9200,7.3110,16.5200,53.1400
state:MT,MT counties,56,margin_2024,2024 presidential margin,neutral,56,-0.434161,-0.498950,-0.732750,-0.616425,-0.309350,-0.037000,0.266233,-0.896200,0.214300
state:MT,MT counties,56,margin_2016,2016 presidential margin,neutral,56,-0.418364,-0.474250,-0.698600,-0.586025,-0.309075,-0.008800,0.266657,-0.865700,0.297400
state:MT,MT counties,56,land_sqmi,Land area (sq mi),neutral,56,2599.110,2363.264,1205.989,1656.654,3369.953,4801.337,1273.673,717.990,5542.687
state:MT,MT counties,56,existing_dc_count,Data center records in the atlas,neutral,56,0.04,0.00,0.00,0.00,0.00,0.00,0.19,0.00,1.00
state:MT,MT counties,56,n_opposition_events,Opposition events,up_is_more_restrictive,56,0.23,0.00,0.00,0.00,0.00,1.00,0.71,0.00,4.00
state:MT,MT counties,56,n_moratorium_events,Moratorium events,up_is_more_restrictive,56,0.02,0.00,0.00,0.00,0.00,0.00,0.13,0.00,1.00
state:MT,MT counties,56,n_zoning_events,Zoning events,up_is_more_restrictive,56,0.00,0.00,0.00,0.00,0.00,0.00,0.00,0.00,0.00
state:MT,MT counties,56,n_ban_events,Ban events,up_is_more_restrictive,56,0.00,0.00,0.00,0.00,0.00,0.00,0.00,0.00,0.00
state:MT,MT counties,56,n_legislation_events,Legislation events,up_is_more_restrictive,56,0.07,0.00,0.00,0.00,0.00,0.00,0.53,0.00,4.00
state:MT,MT counties,56,n_lawsuit_events,Lawsuit events,up_is_more_restrictive,56,0.04,0.00,0.00,0.00,0.00,0.00,0.19,0.00,1.00
state:MT,MT counties,56,n_enacted_restrictive,Enacted restrictive actions,up_is_more_restrictive,56,0.02,0.00,0.00,0.00,0.00,0.00,0.13,0.00,1.00
state:MT,MT counties,56,state_legislation_events,Statewide legislation events,up_is_more_restrictive,56,1.00,1.00,1.00,1.00,1.00,1.00,0.00,1.00,1.00
state:MT,MT counties,56,n_projects_tracked,Projects tracked,neutral,56,0.04,0.00,0.00,0.00,0.00,0.00,0.19,0.00,1.00
state:MT,MT counties,56,n_projects_opposed,Projects opposed,up_is_more_restrictive,56,0.00,0.00,0.00,0.00,0.00,0.00,0.00,0.00,0.00
state:MT,MT counties,56,n_decided,Projects decided,neutral,56,0.00,0.00,0.00,0.00,0.00,0.00,0.00,0.00,0.00
state:MT,MT counties,56,n_blocked_confirmed,Projects blocked (confirmed),up_is_more_restrictive,56,0.00,0.00,0.00,0.00,0.00,0.00,0.00,0.00,0.00
state:MT,MT counties,56,n_advanced_confirmed,Projects advanced (confirmed),up_is_less_restrictive,56,0.00,0.00,0.00,0.00,0.00,0.00,0.00,0.00,0.00
state:MT,MT counties,56,n_restricted_conditional,Projects restricted or conditional,up_is_more_restrictive,56,0.00,0.00,0.00,0.00,0.00,0.00,0.00,0.00,0.00
state:MT,MT counties,56,opposition_events_per_100k,Opposition events per 100k residents,up_is_more_restrictive,56,2.64914,0.00000,0.00000,0.00000,0.00000,1.18860,12.33490,0.00000,78.92660
state:MT,MT counties,56,opposition_events_per_dc,Opposition events per data center record,up_is_more_restrictive,2,0.00000,0.00000,0.00000,0.00000,0.00000,0.00000,0.00000,0.00000,0.00000
state:MT,MT counties,56,opposed_share_of_tracked,Share of tracked projects opposed,up_is_more_restrictive,2,0.000000,0.000000,0.000000,0.000000,0.000000,0.000000,0.000000,0.000000,0.000000
state:NC,NC counties,100,calibrated_score,Restriction resemblance score,up_is_more_restrictive,100,0.146632,0.103500,0.052430,0.064350,0.163000,0.264700,0.135906,0.026600,0.684700
state:NC,NC counties,100,va_width,Score interval width,neutral,100,0.097150,0.065100,0.039100,0.051500,0.109700,0.141040,0.090618,0.026700,0.500000
state:NC,NC counties,100,population,Population,neutral,100,105843.40,51777.50,13062.90,22492.50,116990.25,231218.80,174681.25,3376.00,1151009.00
state:NC,NC counties,100,pop_density_sqmi,Population density (per sq mi),neutral,100,215.7375,113.8750,36.3220,60.0950,214.4200,411.8220,316.2660,7.5500,2159.8300
state:NC,NC counties,100,median_hh_income,Median household income,neutral,100,61072.21,58949.00,45258.20,51377.50,65662.50,79975.60,13238.93,40318.00,101763.00
state:NC,NC counties,100,pct_bachelors_plus,Bachelor's degree or higher (%),neutral,100,25.1875,21.7950,15.3840,17.7950,29.5075,39.2180,10.4207,10.7900,61.8200
state:NC,NC counties,100,margin_2024,2024 presidential margin,neutral,100,-0.207148,-0.241300,-0.524220,-0.383600,-0.063100,0.158910,0.264582,-0.638300,0.619300
state:NC,NC counties,100,margin_2016,2016 presidential margin,neutral,100,-0.181326,-0.221050,-0.508100,-0.383450,-0.004450,0.209110,0.275377,-0.615300,0.603800
state:NC,NC counties,100,land_sqmi,Land area (sq mi),neutral,100,486.241,460.331,251.890,345.036,579.594,783.303,192.232,172.657,947.295
state:NC,NC counties,100,existing_dc_count,Data center records in the atlas,neutral,100,0.23,0.00,0.00,0.00,0.00,0.00,0.90,0.00,5.00
state:NC,NC counties,100,n_opposition_events,Opposition events,up_is_more_restrictive,100,0.53,0.00,0.00,0.00,1.00,2.00,0.99,0.00,5.00
state:NC,NC counties,100,n_moratorium_events,Moratorium events,up_is_more_restrictive,100,0.32,0.00,0.00,0.00,0.25,1.00,0.62,0.00,3.00
state:NC,NC counties,100,n_zoning_events,Zoning events,up_is_more_restrictive,100,0.11,0.00,0.00,0.00,0.00,0.00,0.42,0.00,3.00
state:NC,NC counties,100,n_ban_events,Ban events,up_is_more_restrictive,100,0.01,0.00,0.00,0.00,0.00,0.00,0.10,0.00,1.00
state:NC,NC counties,100,n_legislation_events,Legislation events,up_is_more_restrictive,100,0.04,0.00,0.00,0.00,0.00,0.00,0.40,0.00,4.00
state:NC,NC counties,100,n_lawsuit_events,Lawsuit events,up_is_more_restrictive,100,0.02,0.00,0.00,0.00,0.00,0.00,0.14,0.00,1.00
state:NC,NC counties,100,n_enacted_restrictive,Enacted restrictive actions,up_is_more_restrictive,100,0.25,0.00,0.00,0.00,0.00,1.00,0.54,0.00,2.00
state:NC,NC counties,100,state_legislation_events,Statewide legislation events,up_is_more_restrictive,100,3.00,3.00,3.00,3.00,3.00,3.00,0.00,3.00,3.00
state:NC,NC counties,100,n_projects_tracked,Projects tracked,neutral,100,0.50,0.00,0.00,0.00,0.00,1.10,1.42,0.00,10.00
state:NC,NC counties,100,n_projects_opposed,Projects opposed,up_is_more_restrictive,100,0.15,0.00,0.00,0.00,0.00,0.10,0.50,0.00,3.00
state:NC,NC counties,100,n_decided,Projects decided,neutral,100,0.16,0.00,0.00,0.00,0.00,1.00,0.55,0.00,4.00
state:NC,NC counties,100,n_blocked_confirmed,Projects blocked (confirmed),up_is_more_restrictive,100,0.02,0.00,0.00,0.00,0.00,0.00,0.14,0.00,1.00
state:NC,NC counties,100,n_advanced_confirmed,Projects advanced (confirmed),up_is_less_restrictive,100,0.14,0.00,0.00,0.00,0.00,0.10,0.47,0.00,3.00
state:NC,NC counties,100,n_restricted_conditional,Projects restricted or conditional,up_is_more_restrictive,100,0.00,0.00,0.00,0.00,0.00,0.00,0.00,0.00,0.00
state:NC,NC counties,100,median_days_to_decision,Median days to decision,neutral,1,78.00,78.00,78.00,78.00,78.00,78.00,,78.00,78.00
state:NC,NC counties,100,opposition_events_per_100k,Opposition events per 100k residents,up_is_more_restrictive,100,1.29558,0.00000,0.00000,0.00000,0.31967,2.72554,5.21477,0.00000,47.90649
state:NC,NC counties,100,opposition_events_per_dc,Opposition events per data center record,up_is_more_restrictive,8,0.30417,0.16667,0.00000,0.00000,0.52500,0.72000,0.37435,0.00000,1.00000
state:NC,NC counties,100,opposed_share_of_tracked,Share of tracked projects opposed,up_is_more_restrictive,20,0.381667,0.083333,0.000000,0.000000,1.000000,1.000000,0.452992,0.000000,1.000000
state:NC,NC counties,100,blocked_share_of_decided,Share of decided projects blocked,up_is_more_restrictive,11,0.113636,0.000000,0.000000,0.000000,0.000000,0.250000,0.303390,0.000000,1.000000
state:ND,ND counties,53,calibrated_score,Restriction resemblance score,up_is_more_restrictive,53,0.067913,0.038200,0.026020,0.029400,0.060100,0.117640,0.089496,0.020300,0.495800
state:ND,ND counties,53,va_width,Score interval width,neutral,53,0.053996,0.042400,0.027000,0.029300,0.053400,0.064700,0.051786,0.023800,0.261200
state:ND,ND counties,53,population,Population,neutral,53,14704.92,3961.00,1826.40,2319.00,10488.00,33406.40,31075.50,795.00,189286.00
state:ND,ND counties,53,pop_density_sqmi,Population density (per sq mi),neutral,53,9.5621,3.6800,1.7280,2.2100,8.0000,18.6360,17.8435,0.6500,107.2500
state:ND,ND counties,53,median_hh_income,Median household income,neutral,53,72537.02,70827.00,60401.40,63214.00,80744.00,87620.80,11331.02,41676.00,96339.00
state:ND,ND counties,53,pct_bachelors_plus,Bachelor's degree or higher (%),neutral,53,24.4575,22.9300,18.9460,20.7600,27.4400,29.9320,5.6595,11.1700,43.2800
state:ND,ND counties,53,margin_2024,2024 presidential margin,neutral,53,-0.506592,-0.550500,-0.728700,-0.681200,-0.431500,-0.259260,0.238935,-0.821700,0.388400
state:ND,ND counties,53,margin_2016,2016 presidential margin,neutral,53,-0.467840,-0.508600,-0.728520,-0.663300,-0.357700,-0.180120,0.245431,-0.747100,0.426500
state:ND,ND counties,53,land_sqmi,Land area (sq mi),neutral,53,1301.779,1161.809,859.161,987.547,1508.401,1991.971,458.231,630.239,2760.133
state:ND,ND counties,53,existing_dc_count,Data center records in the atlas,neutral,53,0.04,0.00,0.00,0.00,0.00,0.00,0.19,0.00,1.00
state:ND,ND counties,53,n_opposition_events,Opposition events,up_is_more_restrictive,53,0.45,0.00,0.00,0.00,0.00,1.00,1.39,0.00,8.00
state:ND,ND counties,53,n_moratorium_events,Moratorium events,up_is_more_restrictive,53,0.13,0.00,0.00,0.00,0.00,1.00,0.34,0.00,1.00
state:ND,ND counties,53,n_zoning_events,Zoning events,up_is_more_restrictive,53,0.00,0.00,0.00,0.00,0.00,0.00,0.00,0.00,0.00
state:ND,ND counties,53,n_ban_events,Ban events,up_is_more_restrictive,53,0.00,0.00,0.00,0.00,0.00,0.00,0.00,0.00,0.00
state:ND,ND counties,53,n_legislation_events,Legislation events,up_is_more_restrictive,53,0.26,0.00,0.00,0.00,0.00,0.00,1.29,0.00,8.00
state:ND,ND counties,53,n_lawsuit_events,Lawsuit events,up_is_more_restrictive,53,0.02,0.00,0.00,0.00,0.00,0.00,0.14,0.00,1.00
state:ND,ND counties,53,n_enacted_restrictive,Enacted restrictive actions,up_is_more_restrictive,53,0.11,0.00,0.00,0.00,0.00,0.80,0.32,0.00,1.00
state:ND,ND counties,53,state_legislation_events,Statewide legislation events,up_is_more_restrictive,53,1.00,1.00,1.00,1.00,1.00,1.00,0.00,1.00,1.00
state:ND,ND counties,53,n_projects_tracked,Projects tracked,neutral,53,0.19,0.00,0.00,0.00,0.00,0.80,0.59,0.00,3.00
state:ND,ND counties,53,n_projects_opposed,Projects opposed,up_is_more_restrictive,53,0.09,0.00,0.00,0.00,0.00,0.00,0.30,0.00,1.00
state:ND,ND counties,53,n_decided,Projects decided,neutral,53,0.06,0.00,0.00,0.00,0.00,0.00,0.23,0.00,1.00
state:ND,ND counties,53,n_blocked_confirmed,Projects blocked (confirmed),up_is_more_restrictive,53,0.00,0.00,0.00,0.00,0.00,0.00,0.00,0.00,0.00
state:ND,ND counties,53,n_advanced_confirmed,Projects advanced (confirmed),up_is_less_restrictive,53,0.06,0.00,0.00,0.00,0.00,0.00,0.23,0.00,1.00
state:ND,ND counties,53,n_restricted_conditional,Projects restricted or conditional,up_is_more_restrictive,53,0.00,0.00,0.00,0.00,0.00,0.00,0.00,0.00,0.00
state:ND,ND counties,53,opposition_events_per_100k,Opposition events per 100k residents,up_is_more_restrictive,53,9.87820,0.00000,0.00000,0.00000,0.00000,16.52708,46.29509,0.00000,329.48929
state:ND,ND counties,53,opposition_events_per_dc,Opposition events per data center record,up_is_more_restrictive,2,1.00000,1.00000,1.00000,1.00000,1.00000,1.00000,0.00000,1.00000,1.00000
state:ND,ND counties,53,opposed_share_of_tracked,Share of tracked projects opposed,up_is_more_restrictive,6,0.555556,0.500000,0.166667,0.375000,0.875000,1.000000,0.389682,0.000000,1.000000
state:ND,ND counties,53,blocked_share_of_decided,Share of decided projects blocked,up_is_more_restrictive,3,0.000000,0.000000,0.000000,0.000000,0.000000,0.000000,0.000000,0.000000,0.000000
state:NE,NE counties,93,calibrated_score,Restriction resemblance score,up_is_more_restrictive,93,0.059340,0.045600,0.022200,0.032300,0.060100,0.094860,0.063672,0.015100,0.463600
state:NE,NE counties,93,va_width,Score interval width,neutral,93,0.048849,0.043500,0.025740,0.027000,0.056500,0.064180,0.041401,0.021500,0.345100
state:NE,NE counties,93,population,Population,neutral,93,21138.99,6084.00,820.40,2601.00,10544.00,33504.40,71002.83,385.00,585461.00
state:NE,NE counties,93,pop_density_sqmi,Population density (per sq mi),neutral,93,46.8340,7.9200,0.9600,3.2100,17.2700,51.7540,205.4063,0.5400,1793.2400
state:NE,NE counties,93,median_hh_income,Median household income,neutral,93,66880.39,65438.00,56630.40,60132.00,72335.00,79162.60,9766.16,44777.00,101402.00
state:NE,NE counties,93,pct_bachelors_plus,Bachelor's degree or higher (%),neutral,93,24.6541,23.8600,18.8560,20.7100,27.0100,32.4800,5.6517,14.0900,42.2400
state:NE,NE counties,93,margin_2024,2024 presidential margin,neutral,93,-0.601335,-0.636800,-0.778360,-0.729100,-0.495900,-0.389560,0.189530,-0.918000,0.101700
state:NE,NE counties,93,margin_2016,2016 presidential margin,neutral,93,-0.593648,-0.627000,-0.777900,-0.725300,-0.493900,-0.384740,0.184488,-0.880700,0.013900
state:NE,NE counties,93,land_sqmi,Land area (sq mi),neutral,93,825.966,575.183,432.626,546.530,857.157,1216.325,713.655,237.997,5960.099
state:NE,NE counties,93,existing_dc_count,Data center records in the atlas,neutral,93,0.28,0.00,0.00,0.00,0.00,0.00,1.86,0.00,15.00
state:NE,NE counties,93,n_opposition_events,Opposition events,up_is_more_restrictive,93,0.13,0.00,0.00,0.00,0.00,1.00,0.34,0.00,1.00
state:NE,NE counties,93,n_moratorium_events,Moratorium events,up_is_more_restrictive,93,0.10,0.00,0.00,0.00,0.00,0.00,0.30,0.00,1.00
state:NE,NE counties,93,n_zoning_events,Zoning events,up_is_more_restrictive,93,0.01,0.00,0.00,0.00,0.00,0.00,0.10,0.00,1.00
state:NE,NE counties,93,n_ban_events,Ban events,up_is_more_restrictive,93,0.00,0.00,0.00,0.00,0.00,0.00,0.00,0.00,0.00
state:NE,NE counties,93,n_legislation_events,Legislation events,up_is_more_restrictive,93,0.03,0.00,0.00,0.00,0.00,0.00,0.18,0.00,1.00
state:NE,NE counties,93,n_lawsuit_events,Lawsuit events,up_is_more_restrictive,93,0.00,0.00,0.00,0.00,0.00,0.00,0.00,0.00,0.00
state:NE,NE counties,93,n_enacted_restrictive,Enacted restrictive actions,up_is_more_restrictive,93,0.06,0.00,0.00,0.00,0.00,0.00,0.25,0.00,1.00
state:NE,NE counties,93,state_legislation_events,Statewide legislation events,up_is_more_restrictive,93,1.00,1.00,1.00,1.00,1.00,1.00,0.00,1.00,1.00
state:NE,NE counties,93,n_projects_tracked,Projects tracked,neutral,93,0.28,0.00,0.00,0.00,0.00,0.00,1.86,0.00,15.00
state:NE,NE counties,93,n_projects_opposed,Projects opposed,up_is_more_restrictive,93,0.00,0.00,0.00,0.00,0.00,0.00,0.00,0.00,0.00
state:NE,NE counties,93,n_decided,Projects decided,neutral,93,0.00,0.00,0.00,0.00,0.00,0.00,0.00,0.00,0.00
state:NE,NE counties,93,n_blocked_confirmed,Projects blocked (confirmed),up_is_more_restrictive,93,0.00,0.00,0.00,0.00,0.00,0.00,0.00,0.00,0.00
state:NE,NE counties,93,n_advanced_confirmed,Projects advanced (confirmed),up_is_less_restrictive,93,0.00,0.00,0.00,0.00,0.00,0.00,0.00,0.00,0.00
state:NE,NE counties,93,n_restricted_conditional,Projects restricted or conditional,up_is_more_restrictive,93,0.00,0.00,0.00,0.00,0.00,0.00,0.00,0.00,0.00
state:NE,NE counties,93,opposition_events_per_100k,Opposition events per 100k residents,up_is_more_restrictive,93,2.48592,0.00000,0.00000,0.00000,0.00000,2.44759,13.56651,0.00000,123.15271
state:NE,NE counties,93,opposition_events_per_dc,Opposition events per data center record,up_is_more_restrictive,3,0.05556,0.06667,0.01333,0.03333,0.08333,0.09333,0.05092,0.00000,0.10000
state:NE,NE counties,93,opposed_share_of_tracked,Share of tracked projects opposed,up_is_more_restrictive,3,0.000000,0.000000,0.000000,0.000000,0.000000,0.000000,0.000000,0.000000,0.000000
state:NH,NH counties,10,calibrated_score,Restriction resemblance score,up_is_more_restrictive,10,0.174360,0.139600,0.100270,0.124125,0.198375,0.269810,0.095440,0.063100,0.398600
state:NH,NH counties,10,va_width,Score interval width,neutral,10,0.105930,0.067000,0.056910,0.059400,0.115775,0.160510,0.090182,0.034500,0.345100
state:NH,NH counties,10,population,Population,neutral,10,138783.40,84352.00,42314.70,54519.25,149199.25,327919.90,130703.31,31386.00,424732.00
state:NH,NH counties,10,pop_density_sqmi,Population density (per sq mi),neutral,10,194.1350,134.4450,50.0790,61.4900,310.4250,458.9370,173.9405,17.4900,484.5600
state:NH,NH counties,10,median_hh_income,Median household income,neutral,10,86520.50,85292.50,74180.00,81491.00,92453.75,101785.10,14727.67,58439.00,113927.00
state:NH,NH counties,10,pct_bachelors_plus,Bachelor's degree or higher (%),neutral,10,36.4180,38.2850,29.4850,33.2575,40.1625,44.7860,7.3484,20.1700,44.8400
state:NH,NH counties,10,margin_2024,2024 presidential margin,neutral,10,0.018280,0.011050,-0.131330,-0.022500,0.086675,0.128570,0.106024,-0.137900,0.199400
state:NH,NH counties,10,margin_2016,2016 presidential margin,neutral,10,0.002950,-0.014250,-0.098990,-0.057975,0.071975,0.132650,0.107569,-0.168200,0.189800
state:NH,NH counties,10,land_sqmi,Land area (sq mi),neutral,10,895.376,791.620,398.409,577.255,932.640,1717.197,494.260,367.470,1794.574
state:NH,NH counties,10,existing_dc_count,Data center records in the atlas,neutral,10,0.30,0.00,0.00,0.00,0.00,1.10,0.67,0.00,2.00
state:NH,NH counties,10,n_opposition_events,Opposition events,up_is_more_restrictive,10,0.10,0.00,0.00,0.00,0.00,0.10,0.32,0.00,1.00
state:NH,NH counties,10,n_moratorium_events,Moratorium events,up_is_more_restrictive,10,0.00,0.00,0.00,0.00,0.00,0.00,0.00,0.00,0.00
state:NH,NH counties,10,n_zoning_events,Zoning events,up_is_more_restrictive,10,0.00,0.00,0.00,0.00,0.00,0.00,0.00,0.00,0.00
state:NH,NH counties,10,n_ban_events,Ban events,up_is_more_restrictive,10,0.00,0.00,0.00,0.00,0.00,0.00,0.00,0.00,0.00
state:NH,NH counties,10,n_legislation_events,Legislation events,up_is_more_restrictive,10,0.00,0.00,0.00,0.00,0.00,0.00,0.00,0.00,0.00
state:NH,NH counties,10,n_lawsuit_events,Lawsuit events,up_is_more_restrictive,10,0.10,0.00,0.00,0.00,0.00,0.10,0.32,0.00,1.00
state:NH,NH counties,10,n_enacted_restrictive,Enacted restrictive actions,up_is_more_restrictive,10,0.00,0.00,0.00,0.00,0.00,0.00,0.00,0.00,0.00
state:NH,NH counties,10,state_legislation_events,Statewide legislation events,up_is_more_restrictive,10,3.00,3.00,3.00,3.00,3.00,3.00,0.00,3.00,3.00
state:NH,NH counties,10,n_projects_tracked,Projects tracked,neutral,10,0.40,0.00,0.00,0.00,0.00,1.20,0.97,0.00,3.00
state:NH,NH counties,10,n_projects_opposed,Projects opposed,up_is_more_restrictive,10,0.00,0.00,0.00,0.00,0.00,0.00,0.00,0.00,0.00
state:NH,NH counties,10,n_decided,Projects decided,neutral,10,0.10,0.00,0.00,0.00,0.00,0.10,0.32,0.00,1.00
state:NH,NH counties,10,n_blocked_confirmed,Projects blocked (confirmed),up_is_more_restrictive,10,0.10,0.00,0.00,0.00,0.00,0.10,0.32,0.00,1.00
state:NH,NH counties,10,n_advanced_confirmed,Projects advanced (confirmed),up_is_less_restrictive,10,0.00,0.00,0.00,0.00,0.00,0.00,0.00,0.00,0.00
state:NH,NH counties,10,n_restricted_conditional,Projects restricted or conditional,up_is_more_restrictive,10,0.00,0.00,0.00,0.00,0.00,0.00,0.00,0.00,0.00
state:NH,NH counties,10,opposition_events_per_100k,Opposition events per 100k residents,up_is_more_restrictive,10,0.19509,0.00000,0.00000,0.00000,0.00000,0.19509,0.61692,0.00000,1.95088
state:NH,NH counties,10,opposition_events_per_dc,Opposition events per data center record,up_is_more_restrictive,2,0.00000,0.00000,0.00000,0.00000,0.00000,0.00000,0.00000,0.00000,0.00000
state:NH,NH counties,10,opposed_share_of_tracked,Share of tracked projects opposed,up_is_more_restrictive,2,0.000000,0.000000,0.000000,0.000000,0.000000,0.000000,0.000000,0.000000,0.000000
state:NH,NH counties,10,blocked_share_of_decided,Share of decided projects blocked,up_is_more_restrictive,1,1.000000,1.000000,1.000000,1.000000,1.000000,1.000000,,1.000000,1.000000
state:NJ,NJ counties,21,calibrated_score,Restriction resemblance score,up_is_more_restrictive,21,0.350776,0.374100,0.165500,0.256100,0.465600,0.508400,0.131827,0.104500,0.527900
state:NJ,NJ counties,21,va_width,Score interval width,neutral,21,0.223633,0.244300,0.117800,0.140000,0.261400,0.306700,0.106035,0.090600,0.563000
state:NJ,NJ counties,21,population,Population,neutral,21,441286.38,464226.00,110238.00,152915.00,643615.00,854130.00,273805.65,64973.00,954717.00
state:NJ,NJ counties,21,pop_density_sqmi,Population density (per sq mi),neutral,21,2377.7733,1107.0400,302.5700,378.6400,2784.5100,5571.3900,3486.5687,195.7800,15380.3100
state:NJ,NJ counties,21,median_hh_income,Median household income,neutral,21,100890.67,99596.00,76819.00,86411.00,114316.00,134929.00,21273.83,64499.00,139453.00
state:NJ,NJ counties,21,pct_bachelors_plus,Bachelor's degree or higher (%),neutral,21,40.6048,38.5600,30.3100,35.2800,47.9000,56.5000,10.6593,17.9400,57.3500
state:NJ,NJ counties,21,margin_2024,2024 presidential margin,neutral,21,0.022429,-0.028000,-0.207000,-0.113900,0.166300,0.280500,0.212586,-0.360200,0.449100
state:NJ,NJ counties,21,margin_2016,2016 presidential margin,neutral,21,0.072033,0.062300,-0.256000,-0.138400,0.217500,0.361700,0.259751,-0.340000,0.563600
state:NJ,NJ counties,21,land_sqmi,Land area (sq mi),neutral,21,350.235,322.008,126.083,224.478,468.204,555.578,185.928,46.194,799.285
state:NJ,NJ counties,21,existing_dc_count,Data center records in the atlas,neutral,21,2.52,0.00,0.00,0.00,1.00,13.00,5.03,0.00,16.00
state:NJ,NJ counties,21,n_opposition_events,Opposition events,up_is_more_restrictive,21,2.10,1.00,0.00,0.00,3.00,6.00,2.49,0.00,9.00
state:NJ,NJ counties,21,n_moratorium_events,Moratorium events,up_is_more_restrictive,21,0.19,0.00,0.00,0.00,0.00,1.00,0.40,0.00,1.00
state:NJ,NJ counties,21,n_zoning_events,Zoning events,up_is_more_restrictive,21,0.90,1.00,0.00,0.00,2.00,2.00,1.04,0.00,3.00
state:NJ,NJ counties,21,n_ban_events,Ban events,up_is_more_restrictive,21,0.00,0.00,0.00,0.00,0.00,0.00,0.00,0.00,0.00
state:NJ,NJ counties,21,n_legislation_events,Legislation events,up_is_more_restrictive,21,0.19,0.00,0.00,0.00,0.00,0.00,0.87,0.00,4.00
state:NJ,NJ counties,21,n_lawsuit_events,Lawsuit events,up_is_more_restrictive,21,0.00,0.00,0.00,0.00,0.00,0.00,0.00,0.00,0.00
state:NJ,NJ counties,21,n_enacted_restrictive,Enacted restrictive actions,up_is_more_restrictive,21,0.57,0.00,0.00,0.00,1.00,2.00,0.87,0.00,3.00
state:NJ,NJ counties,21,state_legislation_events,Statewide legislation events,up_is_more_restrictive,21,5.00,5.00,5.00,5.00,5.00,5.00,0.00,5.00,5.00
state:NJ,NJ counties,21,n_projects_tracked,Projects tracked,neutral,21,2.95,1.00,0.00,0.00,3.00,14.00,5.16,0.00,16.00
state:NJ,NJ counties,21,n_projects_opposed,Projects opposed,up_is_more_restrictive,21,0.38,0.00,0.00,0.00,0.00,2.00,0.74,0.00,2.00
state:NJ,NJ counties,21,n_decided,Projects decided,neutral,21,0.29,0.00,0.00,0.00,0.00,1.00,0.64,0.00,2.00
state:NJ,NJ counties,21,n_blocked_confirmed,Projects blocked (confirmed),up_is_more_restrictive,21,0.19,0.00,0.00,0.00,0.00,1.00,0.51,0.00,2.00
state:NJ,NJ counties,21,n_advanced_confirmed,Projects advanced (confirmed),up_is_less_restrictive,21,0.10,0.00,0.00,0.00,0.00,0.00,0.30,0.00,1.00
state:NJ,NJ counties,21,n_restricted_conditional,Projects restricted or conditional,up_is_more_restrictive,21,0.00,0.00,0.00,0.00,0.00,0.00,0.00,0.00,0.00
state:NJ,NJ counties,21,opposition_events_per_100k,Opposition events per 100k residents,up_is_more_restrictive,21,1.15924,0.43082,0.00000,0.00000,0.68910,1.56541,2.98638,0.00000,13.85191
state:NJ,NJ counties,21,opposition_events_per_dc,Opposition events per data center record,up_is_more_restrictive,10,1.80900,0.44231,0.00000,0.08259,2.75000,6.00000,2.41977,0.00000,6.00000
state:NJ,NJ counties,21,opposed_share_of_tracked,Share of tracked projects opposed,up_is_more_restrictive,12,0.219444,0.000000,0.000000,0.000000,0.375000,0.650000,0.336488,0.000000,1.000000
state:NJ,NJ counties,21,blocked_share_of_decided,Share of decided projects blocked,up_is_more_restrictive,4,0.625000,0.750000,0.150000,0.375000,1.000000,1.000000,0.478714,0.000000,1.000000
state:NM,NM counties,33,calibrated_score,Restriction resemblance score,up_is_more_restrictive,33,0.097200,0.074900,0.030700,0.045900,0.110100,0.201200,0.082602,0.017700,0.410200
state:NM,NM counties,33,va_width,Score interval width,neutral,33,0.074627,0.062100,0.034340,0.040800,0.085700,0.109700,0.057217,0.024700,0.345100
state:NM,NM counties,33,population,Population,neutral,33,64083.88,27036.00,4050.60,11511.00,68235.00,145466.00,121079.05,748.00,674357.00
state:NM,NM counties,33,pop_density_sqmi,Population density (per sq mi),neutral,33,36.8994,7.0300,1.0860,2.7500,16.6600,69.6740,103.6662,0.3500,580.7200
state:NM,NM counties,33,median_hh_income,Median household income,neutral,33,55468.64,51765.00,40893.20,45921.00,56259.00,73501.20,19318.75,37840.00,143188.00
state:NM,NM counties,33,pct_bachelors_plus,Bachelor's degree or higher (%),neutral,33,23.8797,20.8100,14.9520,17.7700,28.7500,36.3280,11.1826,8.3200,68.2500
state:NM,NM counties,33,margin_2024,2024 presidential margin,neutral,33,-0.137076,-0.188900,-0.505740,-0.409000,0.097700,0.272200,0.316446,-0.616100,0.489100
state:NM,NM counties,33,margin_2016,2016 presidential margin,neutral,33,-0.073718,-0.085600,-0.461300,-0.364100,0.179600,0.401940,0.334597,-0.530800,0.520400
state:NM,NM counties,33,land_sqmi,Land area (sq mi),neutral,33,3676.144,3757.976,1506.495,2323.107,4721.515,6025.917,1733.762,109.123,6924.187
state:NM,NM counties,33,existing_dc_count,Data center records in the atlas,neutral,33,0.48,0.00,0.00,0.00,0.00,0.80,1.72,0.00,8.00
state:NM,NM counties,33,n_opposition_events,Opposition events,up_is_more_restrictive,33,0.30,0.00,0.00,0.00,0.00,1.00,0.92,0.00,5.00
state:NM,NM counties,33,n_moratorium_events,Moratorium events,up_is_more_restrictive,33,0.09,0.00,0.00,0.00,0.00,0.00,0.29,0.00,1.00
state:NM,NM counties,33,n_zoning_events,Zoning events,up_is_more_restrictive,33,0.03,0.00,0.00,0.00,0.00,0.00,0.17,0.00,1.00
state:NM,NM counties,33,n_ban_events,Ban events,up_is_more_restrictive,33,0.00,0.00,0.00,0.00,0.00,0.00,0.00,0.00,0.00
state:NM,NM counties,33,n_legislation_events,Legislation events,up_is_more_restrictive,33,0.00,0.00,0.00,0.00,0.00,0.00,0.00,0.00,0.00
state:NM,NM counties,33,n_lawsuit_events,Lawsuit events,up_is_more_restrictive,33,0.06,0.00,0.00,0.00,0.00,0.00,0.35,0.00,2.00
state:NM,NM counties,33,n_enacted_restrictive,Enacted restrictive actions,up_is_more_restrictive,33,0.09,0.00,0.00,0.00,0.00,0.00,0.29,0.00,1.00
state:NM,NM counties,33,state_legislation_events,Statewide legislation events,up_is_more_restrictive,33,0.00,0.00,0.00,0.00,0.00,0.00,0.00,0.00,0.00
state:NM,NM counties,33,n_projects_tracked,Projects tracked,neutral,33,0.48,0.00,0.00,0.00,0.00,0.80,1.72,0.00,8.00
state:NM,NM counties,33,n_projects_opposed,Projects opposed,up_is_more_restrictive,33,0.00,0.00,0.00,0.00,0.00,0.00,0.00,0.00,0.00
state:NM,NM counties,33,n_decided,Projects decided,neutral,33,0.00,0.00,0.00,0.00,0.00,0.00,0.00,0.00,0.00
state:NM,NM counties,33,n_blocked_confirmed,Projects blocked (confirmed),up_is_more_restrictive,33,0.00,0.00,0.00,0.00,0.00,0.00,0.00,0.00,0.00
state:NM,NM counties,33,n_advanced_confirmed,Projects advanced (confirmed),up_is_less_restrictive,33,0.00,0.00,0.00,0.00,0.00,0.00,0.00,0.00,0.00
state:NM,NM counties,33,n_restricted_conditional,Projects restricted or conditional,up_is_more_restrictive,33,0.00,0.00,0.00,0.00,0.00,0.00,0.00,0.00,0.00
state:NM,NM counties,33,opposition_events_per_100k,Opposition events per 100k residents,up_is_more_restrictive,33,0.68025,0.00000,0.00000,0.00000,0.00000,1.93341,1.93819,0.00000,8.10636
state:NM,NM counties,33,opposition_events_per_dc,Opposition events per data center record,up_is_more_restrictive,4,1.53125,0.56250,0.03750,0.09375,2.00000,3.80000,2.35490,0.00000,5.00000
state:NM,NM counties,33,opposed_share_of_tracked,Share of tracked projects opposed,up_is_more_restrictive,4,0.000000,0.000000,0.000000,0.000000,0.000000,0.000000,0.000000,0.000000,0.000000
state:NV,NV counties,17,calibrated_score,Restriction resemblance score,up_is_more_restrictive,17,0.110853,0.061900,0.029240,0.038300,0.111700,0.236480,0.129242,0.023800,0.509900
state:NV,NV counties,17,va_width,Score interval width,neutral,17,0.089200,0.070000,0.034020,0.044100,0.083300,0.173840,0.081174,0.027000,0.325000
state:NV,NV counties,17,population,Population,neutral,17,184764.71,17299.00,3147.40,4557.00,53852.00,233086.00,555612.92,962.00,2293764.00
state:NV,NV counties,17,pop_density_sqmi,Population density (per sq mi),neutral,17,53.3282,2.9300,0.4120,1.0400,30.2700,162.9800,114.9335,0.2700,403.8100
state:NV,NV counties,17,median_hh_income,Median household income,neutral,16,75206.12,73364.00,62735.50,71957.50,83688.75,86809.00,11350.67,50584.00,96000.00
state:NV,NV counties,17,pct_bachelors_plus,Bachelor's degree or higher (%),neutral,17,20.4259,18.6100,12.1900,16.5700,24.5100,31.7980,7.2786,9.3500,33.1800
state:NV,NV counties,17,margin_2024,2024 presidential margin,neutral,17,-0.443506,-0.502300,-0.684660,-0.570200,-0.356000,-0.063560,0.235477,-0.778000,0.026300
state:NV,NV counties,17,margin_2016,2016 presidential margin,neutral,17,-0.410882,-0.487300,-0.634500,-0.546900,-0.321200,-0.079500,0.232644,-0.760000,0.106500
state:NV,NV counties,17,land_sqmi,Land area (sq mi),neutral,17,6462.375,5519.247,531.842,3581.889,8886.665,13249.352,5262.207,144.534,18181.914
state:NV,NV counties,17,existing_dc_count,Data center records in the atlas,neutral,17,2.24,0.00,0.00,0.00,0.00,6.80,6.03,0.00,23.00
state:NV,NV counties,17,n_opposition_events,Opposition events,up_is_more_restrictive,17,1.00,0.00,0.00,0.00,1.00,3.00,1.87,0.00,7.00
state:NV,NV counties,17,n_moratorium_events,Moratorium events,up_is_more_restrictive,17,0.29,0.00,0.00,0.00,0.00,1.00,0.59,0.00,2.00
state:NV,NV counties,17,n_zoning_events,Zoning events,up_is_more_restrictive,17,0.41,0.00,0.00,0.00,0.00,1.20,1.18,0.00,4.00
state:NV,NV counties,17,n_ban_events,Ban events,up_is_more_restrictive,17,0.00,0.00,0.00,0.00,0.00,0.00,0.00,0.00,0.00
state:NV,NV counties,17,n_legislation_events,Legislation events,up_is_more_restrictive,17,0.06,0.00,0.00,0.00,0.00,0.00,0.24,0.00,1.00
state:NV,NV counties,17,n_lawsuit_events,Lawsuit events,up_is_more_restrictive,17,0.06,0.00,0.00,0.00,0.00,0.00,0.24,0.00,1.00
state:NV,NV counties,17,n_enacted_restrictive,Enacted restrictive actions,up_is_more_restrictive,17,0.24,0.00,0.00,0.00,0.00,1.00,0.56,0.00,2.00
state:NV,NV counties,17,state_legislation_events,Statewide legislation events,up_is_more_restrictive,17,0.00,0.00,0.00,0.00,0.00,0.00,0.00,0.00,0.00
state:NV,NV counties,17,n_projects_tracked,Projects tracked,neutral,17,2.24,0.00,0.00,0.00,0.00,6.80,6.03,0.00,23.00
state:NV,NV counties,17,n_projects_opposed,Projects opposed,up_is_more_restrictive,17,0.00,0.00,0.00,0.00,0.00,0.00,0.00,0.00,0.00
state:NV,NV counties,17,n_decided,Projects decided,neutral,17,0.00,0.00,0.00,0.00,0.00,0.00,0.00,0.00,0.00
state:NV,NV counties,17,n_blocked_confirmed,Projects blocked (confirmed),up_is_more_restrictive,17,0.00,0.00,0.00,0.00,0.00,0.00,0.00,0.00,0.00
state:NV,NV counties,17,n_advanced_confirmed,Projects advanced (confirmed),up_is_less_restrictive,17,0.00,0.00,0.00,0.00,0.00,0.00,0.00,0.00,0.00
state:NV,NV counties,17,n_restricted_conditional,Projects restricted or conditional,up_is_more_restrictive,17,0.00,0.00,0.00,0.00,0.00,0.00,0.00,0.00,0.00
state:NV,NV counties,17,opposition_events_per_100k,Opposition events per 100k residents,up_is_more_restrictive,17,4.48722,0.00000,0.00000,0.00000,1.42343,5.28110,14.49299,0.00000,60.24096
state:NV,NV counties,17,opposition_events_per_dc,Opposition events per data center record,up_is_more_restrictive,3,0.25560,0.13043,0.02609,0.06522,0.38340,0.53518,0.33614,0.00000,0.63636
state:NV,NV counties,17,opposed_share_of_tracked,Share of tracked projects opposed,up_is_more_restrictive,3,0.000000,0.000000,0.000000,0.000000,0.000000,0.000000,0.000000,0.000000,0.000000
state:NY,NY counties,62,calibrated_score,Restriction resemblance score,up_is_more_restrictive,62,0.218795,0.137000,0.084970,0.098000,0.282900,0.455430,0.159386,0.035700,0.747400
state:NY,NY counties,62,va_width,Score interval width,neutral,62,0.142460,0.090600,0.054010,0.062100,0.140000,0.343090,0.120302,0.044100,0.557100
state:NY,NY counties,62,population,Population,neutral,62,320521.27,86966.50,37337.90,48444.75,235217.50,992203.60,555885.19,5102.00,2646306.00
state:NY,NY counties,62,pop_density_sqmi,Population density (per sq mi),neutral,62,3140.1047,113.3300,42.8090,72.9575,420.3275,2277.6990,11242.8698,2.9700,71841.6500
state:NY,NY counties,62,median_hh_income,Median household income,neutral,62,76432.69,70695.00,61919.30,65720.50,79497.50,99516.70,18436.69,49036.00,143408.00
state:NY,NY counties,62,pct_bachelors_plus,Bachelor's degree or higher (%),neutral,62,31.2031,27.8850,21.1670,24.5800,37.1400,43.3980,9.8494,17.5000,64.0000
state:NY,NY counties,62,margin_2024,2024 presidential margin,neutral,62,-0.088429,-0.133750,-0.338370,-0.234750,0.011450,0.240480,0.239508,-0.482300,0.648200
state:NY,NY counties,62,margin_2016,2016 presidential margin,neutral,62,-0.091576,-0.134950,-0.360990,-0.275650,0.004300,0.232910,0.276185,-0.509800,0.791300
state:NY,NY counties,62,land_sqmi,Land area (sq mi),neutral,62,760.055,653.654,207.227,441.774,1022.564,1382.275,490.792,22.658,2679.526
state:NY,NY counties,62,existing_dc_count,Data center records in the atlas,neutral,62,0.34,0.00,0.00,0.00,0.00,1.00,0.90,0.00,4.00
state:NY,NY counties,62,n_opposition_events,Opposition events,up_is_more_restrictive,62,0.39,0.00,0.00,0.00,0.00,1.00,0.88,0.00,4.00
state:NY,NY counties,62,n_moratorium_events,Moratorium events,up_is_more_restrictive,62,0.16,0.00,0.00,0.00,0.00,1.00,0.49,0.00,3.00
state:NY,NY counties,62,n_zoning_events,Zoning events,up_is_more_restrictive,62,0.02,0.00,0.00,0.00,0.00,0.00,0.13,0.00,1.00
state:NY,NY counties,62,n_ban_events,Ban events,up_is_more_restrictive,62,0.00,0.00,0.00,0.00,0.00,0.00,0.00,0.00,0.00
state:NY,NY counties,62,n_legislation_events,Legislation events,up_is_more_restrictive,62,0.03,0.00,0.00,0.00,0.00,0.00,0.18,0.00,1.00
state:NY,NY counties,62,n_lawsuit_events,Lawsuit events,up_is_more_restrictive,62,0.10,0.00,0.00,0.00,0.00,0.00,0.47,0.00,3.00
state:NY,NY counties,62,n_enacted_restrictive,Enacted restrictive actions,up_is_more_restrictive,62,0.08,0.00,0.00,0.00,0.00,0.00,0.27,0.00,1.00
state:NY,NY counties,62,state_legislation_events,Statewide legislation events,up_is_more_restrictive,62,2.00,2.00,2.00,2.00,2.00,2.00,0.00,2.00,2.00
state:NY,NY counties,62,n_projects_tracked,Projects tracked,neutral,62,0.52,0.00,0.00,0.00,0.75,2.00,1.07,0.00,4.00
state:NY,NY counties,62,n_projects_opposed,Projects opposed,up_is_more_restrictive,62,0.10,0.00,0.00,0.00,0.00,0.00,0.30,0.00,1.00
state:NY,NY counties,62,n_decided,Projects decided,neutral,62,0.00,0.00,0.00,0.00,0.00,0.00,0.00,0.00,0.00
state:NY,NY counties,62,n_blocked_confirmed,Projects blocked (confirmed),up_is_more_restrictive,62,0.00,0.00,0.00,0.00,0.00,0.00,0.00,0.00,0.00
state:NY,NY counties,62,n_advanced_confirmed,Projects advanced (confirmed),up_is_less_restrictive,62,0.00,0.00,0.00,0.00,0.00,0.00,0.00,0.00,0.00
state:NY,NY counties,62,n_restricted_conditional,Projects restricted or conditional,up_is_more_restrictive,62,0.00,0.00,0.00,0.00,0.00,0.00,0.00,0.00,0.00
state:NY,NY counties,62,opposition_events_per_100k,Opposition events per 100k residents,up_is_more_restrictive,62,0.34296,0.00000,0.00000,0.00000,0.00000,0.86856,1.10617,0.00000,6.90334
state:NY,NY counties,62,opposition_events_per_dc,Opposition events per data center record,up_is_more_restrictive,10,0.68333,0.29167,0.00000,0.06250,1.00000,1.20000,0.91692,0.00000,3.00000
state:NY,NY counties,62,opposed_share_of_tracked,Share of tracked projects opposed,up_is_more_restrictive,16,0.255208,0.000000,0.000000,0.000000,0.375000,1.000000,0.398456,0.000000,1.000000
state:OH,OH counties,88,calibrated_score,Restriction resemblance score,up_is_more_restrictive,88,0.170261,0.114800,0.068640,0.082950,0.224350,0.318520,0.118094,0.045800,0.554700
state:OH,OH counties,88,va_width,Score interval width,neutral,88,0.108686,0.089950,0.050510,0.059400,0.117800,0.244300,0.081577,0.033600,0.557100
state:OH,OH counties,88,population,Population,neutral,88,133864.16,58591.00,26975.30,36816.25,126802.25,266831.20,221391.76,12686.00,1321635.00
state:OH,OH counties,88,pop_density_sqmi,Population density (per sq mi),neutral,88,296.9908,119.1650,59.0560,84.3875,265.5250,643.8540,483.0569,29.2000,2732.6900
state:OH,OH counties,88,median_hh_income,Median household income,neutral,88,68101.23,65182.00,55014.20,58410.50,73660.00,82902.90,13785.44,46701.00,130088.00
state:OH,OH counties,88,pct_bachelors_plus,Bachelor's degree or higher (%),neutral,88,22.7665,19.9950,14.2210,16.3700,28.0725,36.0190,9.0515,10.7300,58.0400
state:OH,OH counties,88,margin_2024,2024 presidential margin,neutral,88,-0.391705,-0.442000,-0.620620,-0.548350,-0.278600,-0.085710,0.224686,-0.691500,0.314700
state:OH,OH counties,88,margin_2016,2016 presidential margin,neutral,88,-0.341995,-0.388700,-0.556160,-0.470950,-0.253225,-0.048520,0.208797,-0.650500,0.349900
state:OH,OH counties,88,land_sqmi,Land area (sq mi),neutral,88,464.305,435.996,401.408,408.077,508.834,588.141,89.183,229.395,702.417
state:OH,OH counties,88,existing_dc_count,Data center records in the atlas,neutral,88,1.06,0.00,0.00,0.00,0.00,1.00,5.09,0.00,34.00
state:OH,OH counties,88,n_opposition_events,Opposition events,up_is_more_restrictive,88,0.95,0.00,0.00,0.00,1.00,3.00,1.65,0.00,9.00
state:OH,OH counties,88,n_moratorium_events,Moratorium events,up_is_more_restrictive,88,0.53,0.00,0.00,0.00,1.00,2.00,1.11,0.00,6.00
state:OH,OH counties,88,n_zoning_events,Zoning events,up_is_more_restrictive,88,0.17,0.00,0.00,0.00,0.00,1.00,0.41,0.00,2.00
state:OH,OH counties,88,n_ban_events,Ban events,up_is_more_restrictive,88,0.00,0.00,0.00,0.00,0.00,0.00,0.00,0.00,0.00
state:OH,OH counties,88,n_legislation_events,Legislation events,up_is_more_restrictive,88,0.07,0.00,0.00,0.00,0.00,0.00,0.45,0.00,4.00
state:OH,OH counties,88,n_lawsuit_events,Lawsuit events,up_is_more_restrictive,88,0.05,0.00,0.00,0.00,0.00,0.00,0.21,0.00,1.00
state:OH,OH counties,88,n_enacted_restrictive,Enacted restrictive actions,up_is_more_restrictive,88,0.56,0.00,0.00,0.00,1.00,2.00,1.12,0.00,6.00
state:OH,OH counties,88,state_legislation_events,Statewide legislation events,up_is_more_restrictive,88,3.00,3.00,3.00,3.00,3.00,3.00,0.00,3.00,3.00
state:OH,OH counties,88,n_projects_tracked,Projects tracked,neutral,88,1.51,0.00,0.00,0.00,1.00,2.00,5.81,0.00,41.00
state:OH,OH counties,88,n_projects_opposed,Projects opposed,up_is_more_restrictive,88,0.30,0.00,0.00,0.00,0.00,1.00,0.61,0.00,3.00
state:OH,OH counties,88,n_decided,Projects decided,neutral,88,0.23,0.00,0.00,0.00,0.00,1.00,0.83,0.00,7.00
state:OH,OH counties,88,n_blocked_confirmed,Projects blocked (confirmed),up_is_more_restrictive,88,0.02,0.00,0.00,0.00,0.00,0.00,0.15,0.00,1.00
state:OH,OH counties,88,n_advanced_confirmed,Projects advanced (confirmed),up_is_less_restrictive,88,0.20,0.00,0.00,0.00,0.00,1.00,0.82,0.00,7.00
state:OH,OH counties,88,n_restricted_conditional,Projects restricted or conditional,up_is_more_restrictive,88,0.00,0.00,0.00,0.00,0.00,0.00,0.00,0.00,0.00
state:OH,OH counties,88,opposition_events_per_100k,Opposition events per 100k residents,up_is_more_restrictive,88,1.01745,0.00000,0.00000,0.00000,0.95618,3.16531,2.22031,0.00000,14.54017
state:OH,OH counties,88,opposition_events_per_dc,Opposition events per data center record,up_is_more_restrictive,14,0.88261,0.33636,0.00000,0.01471,1.00000,2.70000,1.25874,0.00000,4.00000
state:OH,OH counties,88,opposed_share_of_tracked,Share of tracked projects opposed,up_is_more_restrictive,32,0.476980,0.500000,0.000000,0.000000,1.000000,1.000000,0.466857,0.000000,1.000000
state:OH,OH counties,88,blocked_share_of_decided,Share of decided projects blocked,up_is_more_restrictive,13,0.153846,0.000000,0.000000,0.000000,0.000000,0.800000,0.375534,0.000000,1.000000
state:OK,OK counties,77,calibrated_score,Restriction resemblance score,up_is_more_restrictive,77,0.069594,0.054500,0.030760,0.040300,0.079700,0.112540,0.052181,0.022100,0.311000
state:OK,OK counties,77,va_width,Score interval width,neutral,77,0.052781,0.045400,0.027000,0.034500,0.059900,0.070060,0.036037,0.026000,0.261200
state:OK,OK counties,77,population,Population,neutral,77,51886.49,20880.00,5181.40,9495.00,45963.00,76722.60,120643.81,2247.00,800487.00
state:OK,OK counties,77,pop_density_sqmi,Population density (per sq mi),neutral,77,73.4851,27.6000,5.7600,10.2300,58.6800,116.3460,190.9868,1.2200,1181.4400
state:OK,OK counties,77,median_hh_income,Median household income,neutral,77,58272.97,57551.00,47731.80,50512.00,61980.00,70289.40,9710.77,41048.00,85427.00
state:OK,OK counties,77,pct_bachelors_plus,Bachelor's degree or higher (%),neutral,77,20.8709,19.4900,14.9300,15.7400,24.1700,30.9400,6.3862,10.4100,40.1100
state:OK,OK counties,77,margin_2024,2024 presidential margin,neutral,77,-0.586805,-0.615000,-0.755140,-0.677300,-0.532500,-0.409900,0.156845,-0.849200,-0.016800
state:OK,OK counties,77,margin_2016,2016 presidential margin,neutral,77,-0.553596,-0.563200,-0.736500,-0.626400,-0.502200,-0.351320,0.145030,-0.828200,-0.105100
state:OK,OK counties,77,land_sqmi,Land area (sq mi),neutral,77,890.865,802.653,552.705,639.285,1000.740,1294.094,373.843,371.490,2246.682
state:OK,OK counties,77,existing_dc_count,Data center records in the atlas,neutral,77,0.08,0.00,0.00,0.00,0.00,0.00,0.39,0.00,3.00
state:OK,OK counties,77,n_opposition_events,Opposition events,up_is_more_restrictive,77,0.19,0.00,0.00,0.00,0.00,1.00,0.56,0.00,3.00
state:OK,OK counties,77,n_moratorium_events,Moratorium events,up_is_more_restrictive,77,0.06,0.00,0.00,0.00,0.00,0.00,0.41,0.00,3.00
state:OK,OK counties,77,n_zoning_events,Zoning events,up_is_more_restrictive,77,0.04,0.00,0.00,0.00,0.00,0.00,0.19,0.00,1.00
state:OK,OK counties,77,n_ban_events,Ban events,up_is_more_restrictive,77,0.00,0.00,0.00,0.00,0.00,0.00,0.00,0.00,0.00
state:OK,OK counties,77,n_legislation_events,Legislation events,up_is_more_restrictive,77,0.00,0.00,0.00,0.00,0.00,0.00,0.00,0.00,0.00
state:OK,OK counties,77,n_lawsuit_events,Lawsuit events,up_is_more_restrictive,77,0.03,0.00,0.00,0.00,0.00,0.00,0.16,0.00,1.00
state:OK,OK counties,77,n_enacted_restrictive,Enacted restrictive actions,up_is_more_restrictive,77,0.09,0.00,0.00,0.00,0.00,0.00,0.43,0.00,3.00
state:OK,OK counties,77,state_legislation_events,Statewide legislation events,up_is_more_restrictive,77,3.00,3.00,3.00,3.00,3.00,3.00,0.00,3.00,3.00
state:OK,OK counties,77,n_projects_tracked,Projects tracked,neutral,77,0.08,0.00,0.00,0.00,0.00,0.00,0.39,0.00,3.00
state:OK,OK counties,77,n_projects_opposed,Projects opposed,up_is_more_restrictive,77,0.00,0.00,0.00,0.00,0.00,0.00,0.00,0.00,0.00
state:OK,OK counties,77,n_decided,Projects decided,neutral,77,0.00,0.00,0.00,0.00,0.00,0.00,0.00,0.00,0.00
state:OK,OK counties,77,n_blocked_confirmed,Projects blocked (confirmed),up_is_more_restrictive,77,0.00,0.00,0.00,0.00,0.00,0.00,0.00,0.00,0.00
state:OK,OK counties,77,n_advanced_confirmed,Projects advanced (confirmed),up_is_less_restrictive,77,0.00,0.00,0.00,0.00,0.00,0.00,0.00,0.00,0.00
state:OK,OK counties,77,n_restricted_conditional,Projects restricted or conditional,up_is_more_restrictive,77,0.00,0.00,0.00,0.00,0.00,0.00,0.00,0.00,0.00
state:OK,OK counties,77,opposition_events_per_100k,Opposition events per 100k residents,up_is_more_restrictive,77,0.19771,0.00000,0.00000,0.00000,0.00000,0.69764,0.57039,0.00000,2.70841
state:OK,OK counties,77,opposition_events_per_dc,Opposition events per data center record,up_is_more_restrictive,4,1.25000,1.00000,0.30000,0.75000,1.50000,2.40000,1.25831,0.00000,3.00000
state:OK,OK counties,77,opposed_share_of_tracked,Share of tracked projects opposed,up_is_more_restrictive,4,0.000000,0.000000,0.000000,0.000000,0.000000,0.000000,0.000000,0.000000,0.000000
state:OR,OR counties,36,calibrated_score,Restriction resemblance score,up_is_more_restrictive,36,0.154222,0.121350,0.038050,0.078975,0.192325,0.285800,0.125136,0.026800,0.559200
state:OR,OR counties,36,va_width,Score interval width,neutral,36,0.105958,0.088600,0.043650,0.059350,0.111850,0.140000,0.082845,0.027000,0.450000
state:OR,OR counties,36,population,Population,neutral,36,117742.06,45987.50,7376.50,21796.25,109043.25,364580.00,180299.25,1434.00,803863.00
state:OR,OR counties,36,pop_density_sqmi,Population density (per sq mi),neutral,36,122.4117,24.9050,1.6300,5.8900,80.1600,188.3850,332.2034,0.7400,1865.0300
state:OR,OR counties,36,median_hh_income,Median household income,neutral,36,69965.44,67628.00,58413.50,60184.75,77337.75,86721.50,13190.90,48338.00,104434.00
state:OR,OR counties,36,pct_bachelors_plus,Bachelor's degree or higher (%),neutral,36,26.6156,23.3550,17.0600,19.9425,30.5925,41.5300,10.2463,9.7900,54.3600
state:OR,OR counties,36,margin_2024,2024 presidential margin,neutral,36,-0.176425,-0.221350,-0.538700,-0.446425,0.014200,0.285600,0.324891,-0.653000,0.621200
state:OR,OR counties,36,margin_2016,2016 presidential margin,neutral,36,-0.203439,-0.259400,-0.538000,-0.440875,-0.046925,0.228050,0.302534,-0.622200,0.583300
state:OR,OR counties,36,land_sqmi,Land area (sq mi),neutral,36,2666.576,1826.203,695.574,942.797,3087.450,5492.786,2473.361,431.019,10134.438
state:OR,OR counties,36,existing_dc_count,Data center records in the atlas,neutral,36,3.03,0.00,0.00,0.00,1.00,7.50,8.07,0.00,31.00
state:OR,OR counties,36,n_opposition_events,Opposition events,up_is_more_restrictive,36,0.36,0.00,0.00,0.00,0.00,1.00,0.96,0.00,5.00
state:OR,OR counties,36,n_moratorium_events,Moratorium events,up_is_more_restrictive,36,0.06,0.00,0.00,0.00,0.00,0.00,0.23,0.00,1.00
state:OR,OR counties,36,n_zoning_events,Zoning events,up_is_more_restrictive,36,0.00,0.00,0.00,0.00,0.00,0.00,0.00,0.00,0.00
state:OR,OR counties,36,n_ban_events,Ban events,up_is_more_restrictive,36,0.00,0.00,0.00,0.00,0.00,0.00,0.00,0.00,0.00
state:OR,OR counties,36,n_legislation_events,Legislation events,up_is_more_restrictive,36,0.11,0.00,0.00,0.00,0.00,0.00,0.40,0.00,2.00
state:OR,OR counties,36,n_lawsuit_events,Lawsuit events,up_is_more_restrictive,36,0.06,0.00,0.00,0.00,0.00,0.00,0.23,0.00,1.00
state:OR,OR counties,36,n_enacted_restrictive,Enacted restrictive actions,up_is_more_restrictive,36,0.00,0.00,0.00,0.00,0.00,0.00,0.00,0.00,0.00
state:OR,OR counties,36,state_legislation_events,Statewide legislation events,up_is_more_restrictive,36,0.00,0.00,0.00,0.00,0.00,0.00,0.00,0.00,0.00
state:OR,OR counties,36,n_projects_tracked,Projects tracked,neutral,36,3.03,0.00,0.00,0.00,1.00,7.50,8.07,0.00,31.00
state:OR,OR counties,36,n_projects_opposed,Projects opposed,up_is_more_restrictive,36,0.00,0.00,0.00,0.00,0.00,0.00,0.00,0.00,0.00
state:OR,OR counties,36,n_decided,Projects decided,neutral,36,0.00,0.00,0.00,0.00,0.00,0.00,0.00,0.00,0.00
state:OR,OR counties,36,n_blocked_confirmed,Projects blocked (confirmed),up_is_more_restrictive,36,0.00,0.00,0.00,0.00,0.00,0.00,0.00,0.00,0.00
state:OR,OR counties,36,n_advanced_confirmed,Projects advanced (confirmed),up_is_less_restrictive,36,0.00,0.00,0.00,0.00,0.00,0.00,0.00,0.00,0.00
state:OR,OR counties,36,n_restricted_conditional,Projects restricted or conditional,up_is_more_restrictive,36,0.00,0.00,0.00,0.00,0.00,0.00,0.00,0.00,0.00
state:OR,OR counties,36,opposition_events_per_100k,Opposition events per 100k residents,up_is_more_restrictive,36,0.63198,0.00000,0.00000,0.00000,0.00000,1.04080,1.91874,0.00000,8.16393
state:OR,OR counties,36,opposition_events_per_dc,Opposition events per data center record,up_is_more_restrictive,12,0.27169,0.01613,0.00000,0.00000,0.39423,1.00000,0.44246,0.00000,1.00000
state:OR,OR counties,36,opposed_share_of_tracked,Share of tracked projects opposed,up_is_more_restrictive,12,0.000000,0.000000,0.000000,0.000000,0.000000,0.000000,0.000000,0.000000,0.000000
state:PA,PA counties,67,calibrated_score,Restriction resemblance score,up_is_more_restrictive,67,0.288578,0.200900,0.070720,0.088100,0.441000,0.677760,0.249273,0.029700,0.933300
state:PA,PA counties,67,va_width,Score interval width,neutral,67,0.165549,0.117800,0.052460,0.064700,0.252750,0.357100,0.130603,0.027000,0.500000
state:PA,PA counties,67,population,Population,neutral,67,193828.63,83213.00,25012.60,41824.00,212806.00,491945.60,279710.34,4475.00,1582432.00
state:PA,PA counties,67,pop_density_sqmi,Population density (per sq mi),neutral,67,480.6681,138.7200,39.4400,63.8600,355.0850,774.1420,1486.2485,11.2900,11777.9000
state:PA,PA counties,67,median_hh_income,Median household income,neutral,67,69613.63,64758.00,58800.80,60683.00,76371.50,84475.40,13647.56,47681.00,123041.00
state:PA,PA counties,67,pct_bachelors_plus,Bachelor's degree or higher (%),neutral,67,25.7942,23.2900,17.2220,19.5600,29.8850,39.0080,9.3562,11.2500,56.5800
state:PA,PA counties,67,margin_2024,2024 presidential margin,neutral,67,-0.303457,-0.379500,-0.544740,-0.470150,-0.199400,0.028060,0.251951,-0.726100,0.588100
state:PA,PA counties,67,margin_2016,2016 presidential margin,neutral,67,-0.307319,-0.375500,-0.545100,-0.468650,-0.198750,0.030520,0.250478,-0.707700,0.669100
state:PA,PA counties,67,land_sqmi,Land area (sq mi),neutral,67,667.794,653.321,360.057,443.745,865.801,1046.645,270.580,130.331,1228.920
state:PA,PA counties,67,existing_dc_count,Data center records in the atlas,neutral,67,0.13,0.00,0.00,0.00,0.00,0.00,0.60,0.00,4.00
state:PA,PA counties,67,n_opposition_events,Opposition events,up_is_more_restrictive,67,1.34,0.00,0.00,0.00,1.50,4.40,2.37,0.00,11.00
state:PA,PA counties,67,n_moratorium_events,Moratorium events,up_is_more_restrictive,67,0.09,0.00,0.00,0.00,0.00,0.00,0.38,0.00,2.00
state:PA,PA counties,67,n_zoning_events,Zoning events,up_is_more_restrictive,67,0.55,0.00,0.00,0.00,1.00,1.40,1.22,0.00,6.00
state:PA,PA counties,67,n_ban_events,Ban events,up_is_more_restrictive,67,0.00,0.00,0.00,0.00,0.00,0.00,0.00,0.00,0.00
state:PA,PA counties,67,n_legislation_events,Legislation events,up_is_more_restrictive,67,0.09,0.00,0.00,0.00,0.00,0.00,0.54,0.00,4.00
state:PA,PA counties,67,n_lawsuit_events,Lawsuit events,up_is_more_restrictive,67,0.15,0.00,0.00,0.00,0.00,0.40,0.50,0.00,3.00
state:PA,PA counties,67,n_enacted_restrictive,Enacted restrictive actions,up_is_more_restrictive,67,0.28,0.00,0.00,0.00,0.00,1.00,0.67,0.00,3.00
state:PA,PA counties,67,state_legislation_events,Statewide legislation events,up_is_more_restrictive,67,3.00,3.00,3.00,3.00,3.00,3.00,0.00,3.00,3.00
state:PA,PA counties,67,n_projects_tracked,Projects tracked,neutral,67,1.42,1.00,0.00,0.00,1.00,4.00,2.69,0.00,15.00
state:PA,PA counties,67,n_projects_opposed,Projects opposed,up_is_more_restrictive,67,0.69,0.00,0.00,0.00,1.00,2.00,1.37,0.00,8.00
state:PA,PA counties,67,n_decided,Projects decided,neutral,67,0.36,0.00,0.00,0.00,0.00,1.00,1.00,0.00,6.00
state:PA,PA counties,67,n_blocked_confirmed,Projects blocked (confirmed),up_is_more_restrictive,67,0.28,0.00,0.00,0.00,0.00,1.00,0.97,0.00,6.00
state:PA,PA counties,67,n_advanced_confirmed,Projects advanced (confirmed),up_is_less_restrictive,67,0.07,0.00,0.00,0.00,0.00,0.00,0.26,0.00,1.00
state:PA,PA counties,67,n_restricted_conditional,Projects restricted or conditional,up_is_more_restrictive,67,0.00,0.00,0.00,0.00,0.00,0.00,0.00,0.00,0.00
state:PA,PA counties,67,median_days_to_decision,Median days to decision,neutral,3,149.67,192.00,79.20,121.50,199.00,203.20,85.73,51.00,206.00
state:PA,PA counties,67,opposition_events_per_100k,Opposition events per 100k residents,up_is_more_restrictive,67,0.95096,0.00000,0.00000,0.00000,1.18415,2.52145,1.92515,0.00000,11.06256
state:PA,PA counties,67,opposition_events_per_dc,Opposition events per data center record,up_is_more_restrictive,4,1.37500,1.50000,0.30000,0.75000,2.12500,2.35000,1.10868,0.00000,2.50000
state:PA,PA counties,67,opposed_share_of_tracked,Share of tracked projects opposed,up_is_more_restrictive,35,0.495397,0.533333,0.000000,0.000000,1.000000,1.000000,0.437326,0.000000,1.000000
state:PA,PA counties,67,blocked_share_of_decided,Share of decided projects blocked,up_is_more_restrictive,13,0.653846,1.000000,0.000000,0.000000,1.000000,1.000000,0.473665,0.000000,1.000000
state:PR,PR counties,78,population,Population,neutral,78,41729.29,30691.00,14236.90,20399.25,41019.00,72472.90,46534.33,1281.00,338661.00
state:PR,PR counties,78,pop_density_sqmi,Population density (per sq mi),neutral,78,1090.3679,767.2050,333.6180,494.9725,1177.2350,2246.6950,1123.8119,109.9900,7072.2300
state:PR,PR counties,78,median_hh_income,Median household income,neutral,78,23699.32,22430.50,18278.00,20498.25,25714.25,29787.50,5397.22,16170.00,46048.00
state:PR,PR counties,78,pct_bachelors_plus,Bachelor's degree or higher (%),neutral,78,24.6390,23.7450,17.6930,21.0150,27.6275,31.6150,6.4096,11.5100,49.1200
state:PR,PR counties,78,land_sqmi,Land area (sq mi),neutral,78,43.902,42.024,20.343,28.014,55.035,68.220,22.555,4.832,125.940
state:PR,PR counties,78,existing_dc_count,Data center records in the atlas,neutral,78,0.03,0.00,0.00,0.00,0.00,0.00,0.16,0.00,1.00
state:PR,PR counties,78,n_opposition_events,Opposition events,up_is_more_restrictive,78,0.00,0.00,0.00,0.00,0.00,0.00,0.00,0.00,0.00
state:PR,PR counties,78,n_moratorium_events,Moratorium events,up_is_more_restrictive,78,0.00,0.00,0.00,0.00,0.00,0.00,0.00,0.00,0.00
state:PR,PR counties,78,n_zoning_events,Zoning events,up_is_more_restrictive,78,0.00,0.00,0.00,0.00,0.00,0.00,0.00,0.00,0.00
state:PR,PR counties,78,n_ban_events,Ban events,up_is_more_restrictive,78,0.00,0.00,0.00,0.00,0.00,0.00,0.00,0.00,0.00
state:PR,PR counties,78,n_legislation_events,Legislation events,up_is_more_restrictive,78,0.00,0.00,0.00,0.00,0.00,0.00,0.00,0.00,0.00
state:PR,PR counties,78,n_lawsuit_events,Lawsuit events,up_is_more_restrictive,78,0.00,0.00,0.00,0.00,0.00,0.00,0.00,0.00,0.00
state:PR,PR counties,78,n_enacted_restrictive,Enacted restrictive actions,up_is_more_restrictive,78,0.00,0.00,0.00,0.00,0.00,0.00,0.00,0.00,0.00
state:PR,PR counties,78,state_legislation_events,Statewide legislation events,up_is_more_restrictive,78,0.00,0.00,0.00,0.00,0.00,0.00,0.00,0.00,0.00
state:PR,PR counties,78,n_projects_tracked,Projects tracked,neutral,78,0.00,0.00,0.00,0.00,0.00,0.00,0.00,0.00,0.00
state:PR,PR counties,78,n_projects_opposed,Projects opposed,up_is_more_restrictive,78,0.00,0.00,0.00,0.00,0.00,0.00,0.00,0.00,0.00
state:PR,PR counties,78,n_decided,Projects decided,neutral,78,0.00,0.00,0.00,0.00,0.00,0.00,0.00,0.00,0.00
state:PR,PR counties,78,n_blocked_confirmed,Projects blocked (confirmed),up_is_more_restrictive,78,0.00,0.00,0.00,0.00,0.00,0.00,0.00,0.00,0.00
state:PR,PR counties,78,n_advanced_confirmed,Projects advanced (confirmed),up_is_less_restrictive,78,0.00,0.00,0.00,0.00,0.00,0.00,0.00,0.00,0.00
state:PR,PR counties,78,n_restricted_conditional,Projects restricted or conditional,up_is_more_restrictive,78,0.00,0.00,0.00,0.00,0.00,0.00,0.00,0.00,0.00
state:PR,PR counties,78,opposition_events_per_100k,Opposition events per 100k residents,up_is_more_restrictive,78,0.00000,0.00000,0.00000,0.00000,0.00000,0.00000,0.00000,0.00000,0.00000
state:PR,PR counties,78,opposition_events_per_dc,Opposition events per data center record,up_is_more_restrictive,2,0.00000,0.00000,0.00000,0.00000,0.00000,0.00000,0.00000,0.00000,0.00000
state:RI,RI counties,5,calibrated_score,Restriction resemblance score,up_is_more_restrictive,5,0.305020,0.232300,0.226400,0.227900,0.270500,0.449600,0.148704,0.225400,0.569000
state:RI,RI counties,5,va_width,Score interval width,neutral,5,0.207560,0.140000,0.126680,0.140000,0.140000,0.356000,0.163761,0.117800,0.500000
state:RI,RI counties,5,population,Population,neutral,5,219074.20,130073.00,64378.80,85095.00,170658.00,463649.40,250062.28,50568.00,658977.00
state:RI,RI counties,5,pop_density_sqmi,Population density (per sq mi),neutral,5,1188.5860,1012.4000,569.3120,830.7500,1609.2900,1900.9980,668.6302,395.0200,2095.4700
state:RI,RI counties,5,median_hh_income,Median household income,neutral,5,96749.00,100859.00,83433.60,91278.00,102478.00,107546.80,12495.50,78204.00,110926.00
state:RI,RI counties,5,pct_bachelors_plus,Bachelor's degree or higher (%),neutral,5,44.3560,50.4800,33.0400,34.3000,51.7500,52.5300,10.2060,32.2000,53.0500
state:RI,RI counties,5,margin_2024,2024 presidential margin,neutral,5,0.166320,0.150100,0.069000,0.144300,0.254900,0.260060,0.099750,0.018800,0.263500
state:RI,RI counties,5,margin_2016,2016 presidential margin,neutral,5,0.145360,0.193800,0.035920,0.100300,0.212000,0.221420,0.098503,-0.007000,0.227700
state:RI,RI counties,5,land_sqmi,Land area (sq mi),neutral,5,206.778,168.568,55.452,102.431,329.279,377.401,159.533,24.132,409.482
state:RI,RI counties,5,existing_dc_count,Data center records in the atlas,neutral,5,0.00,0.00,0.00,0.00,0.00,0.00,0.00,0.00,0.00
state:RI,RI counties,5,n_opposition_events,Opposition events,up_is_more_restrictive,5,0.40,0.00,0.00,0.00,0.00,1.20,0.89,0.00,2.00
state:RI,RI counties,5,n_moratorium_events,Moratorium events,up_is_more_restrictive,5,0.00,0.00,0.00,0.00,0.00,0.00,0.00,0.00,0.00
state:RI,RI counties,5,n_zoning_events,Zoning events,up_is_more_restrictive,5,0.00,0.00,0.00,0.00,0.00,0.00,0.00,0.00,0.00
state:RI,RI counties,5,n_ban_events,Ban events,up_is_more_restrictive,5,0.00,0.00,0.00,0.00,0.00,0.00,0.00,0.00,0.00
state:RI,RI counties,5,n_legislation_events,Legislation events,up_is_more_restrictive,5,0.00,0.00,0.00,0.00,0.00,0.00,0.00,0.00,0.00
state:RI,RI counties,5,n_lawsuit_events,Lawsuit events,up_is_more_restrictive,5,0.00,0.00,0.00,0.00,0.00,0.00,0.00,0.00,0.00
state:RI,RI counties,5,n_enacted_restrictive,Enacted restrictive actions,up_is_more_restrictive,5,0.00,0.00,0.00,0.00,0.00,0.00,0.00,0.00,0.00
state:RI,RI counties,5,state_legislation_events,Statewide legislation events,up_is_more_restrictive,5,2.00,2.00,2.00,2.00,2.00,2.00,0.00,2.00,2.00
state:RI,RI counties,5,n_projects_tracked,Projects tracked,neutral,5,0.20,0.00,0.00,0.00,0.00,0.60,0.45,0.00,1.00
state:RI,RI counties,5,n_projects_opposed,Projects opposed,up_is_more_restrictive,5,0.20,0.00,0.00,0.00,0.00,0.60,0.45,0.00,1.00
state:RI,RI counties,5,n_decided,Projects decided,neutral,5,0.00,0.00,0.00,0.00,0.00,0.00,0.00,0.00,0.00
state:RI,RI counties,5,n_blocked_confirmed,Projects blocked (confirmed),up_is_more_restrictive,5,0.00,0.00,0.00,0.00,0.00,0.00,0.00,0.00,0.00
state:RI,RI counties,5,n_advanced_confirmed,Projects advanced (confirmed),up_is_less_restrictive,5,0.00,0.00,0.00,0.00,0.00,0.00,0.00,0.00,0.00
state:RI,RI counties,5,n_restricted_conditional,Projects restricted or conditional,up_is_more_restrictive,5,0.00,0.00,0.00,0.00,0.00,0.00,0.00,0.00,0.00
state:RI,RI counties,5,opposition_events_per_100k,Opposition events per 100k residents,up_is_more_restrictive,5,0.06070,0.00000,0.00000,0.00000,0.00000,0.18210,0.13573,0.00000,0.30350
state:RI,RI counties,5,opposed_share_of_tracked,Share of tracked projects opposed,up_is_more_restrictive,1,1.000000,1.000000,1.000000,1.000000,1.000000,1.000000,,1.000000,1.000000
state:SC,SC counties,46,calibrated_score,Restriction resemblance score,up_is_more_restrictive,46,0.118513,0.093450,0.053000,0.060275,0.159775,0.230150,0.073437,0.032300,0.292900
state:SC,SC counties,46,va_width,Score interval width,neutral,46,0.071670,0.060800,0.033600,0.037900,0.093225,0.124800,0.035060,0.027000,0.140000
state:SC,SC counties,46,population,Population,neutral,46,113321.17,59526.50,17442.50,26628.50,157471.75,319233.00,131169.59,7738.00,537575.00
state:SC,SC counties,46,pop_density_sqmi,Population density (per sq mi),neutral,46,156.6496,77.2050,33.3000,47.4950,208.1550,420.9750,160.0718,18.9600,683.9900
state:SC,SC counties,46,median_hh_income,Median household income,neutral,46,57005.70,55753.50,42429.50,47083.75,64668.00,75955.00,13794.17,31603.00,84819.00
state:SC,SC counties,46,pct_bachelors_plus,Bachelor's degree or higher (%),neutral,46,23.2611,22.3000,13.0200,15.6950,28.2175,35.6100,9.3476,8.7300,49.0300
state:SC,SC counties,46,margin_2024,2024 presidential margin,neutral,46,-0.154772,-0.171550,-0.433800,-0.324875,-0.002300,0.164650,0.233484,-0.526700,0.447200
state:SC,SC counties,46,margin_2016,2016 presidential margin,neutral,46,-0.079563,-0.136550,-0.372650,-0.253475,0.108750,0.283100,0.252538,-0.527300,0.540500
state:SC,SC counties,46,land_sqmi,Land area (sq mi),neutral,46,653.570,616.886,406.586,492.630,778.778,995.326,212.374,358.890,1133.159
state:SC,SC counties,46,existing_dc_count,Data center records in the atlas,neutral,46,0.26,0.00,0.00,0.00,0.00,0.00,1.48,0.00,10.00
state:SC,SC counties,46,n_opposition_events,Opposition events,up_is_more_restrictive,46,0.57,0.00,0.00,0.00,1.00,1.00,1.15,0.00,6.00
state:SC,SC counties,46,n_moratorium_events,Moratorium events,up_is_more_restrictive,46,0.26,0.00,0.00,0.00,0.00,1.00,0.61,0.00,3.00
state:SC,SC counties,46,n_zoning_events,Zoning events,up_is_more_restrictive,46,0.07,0.00,0.00,0.00,0.00,0.00,0.25,0.00,1.00
state:SC,SC counties,46,n_ban_events,Ban events,up_is_more_restrictive,46,0.00,0.00,0.00,0.00,0.00,0.00,0.00,0.00,0.00
state:SC,SC counties,46,n_legislation_events,Legislation events,up_is_more_restrictive,46,0.07,0.00,0.00,0.00,0.00,0.00,0.44,0.00,3.00
state:SC,SC counties,46,n_lawsuit_events,Lawsuit events,up_is_more_restrictive,46,0.13,0.00,0.00,0.00,0.00,0.00,0.54,0.00,3.00
state:SC,SC counties,46,n_enacted_restrictive,Enacted restrictive actions,up_is_more_restrictive,46,0.11,0.00,0.00,0.00,0.00,0.50,0.31,0.00,1.00
state:SC,SC counties,46,state_legislation_events,Statewide legislation events,up_is_more_restrictive,46,2.00,2.00,2.00,2.00,2.00,2.00,0.00,2.00,2.00
state:SC,SC counties,46,n_projects_tracked,Projects tracked,neutral,46,0.26,0.00,0.00,0.00,0.00,0.00,1.48,0.00,10.00
state:SC,SC counties,46,n_projects_opposed,Projects opposed,up_is_more_restrictive,46,0.00,0.00,0.00,0.00,0.00,0.00,0.00,0.00,0.00
state:SC,SC counties,46,n_decided,Projects decided,neutral,46,0.00,0.00,0.00,0.00,0.00,0.00,0.00,0.00,0.00
state:SC,SC counties,46,n_blocked_confirmed,Projects blocked (confirmed),up_is_more_restrictive,46,0.00,0.00,0.00,0.00,0.00,0.00,0.00,0.00,0.00
state:SC,SC counties,46,n_advanced_confirmed,Projects advanced (confirmed),up_is_less_restrictive,46,0.00,0.00,0.00,0.00,0.00,0.00,0.00,0.00,0.00
state:SC,SC counties,46,n_restricted_conditional,Projects restricted or conditional,up_is_more_restrictive,46,0.00,0.00,0.00,0.00,0.00,0.00,0.00,0.00,0.00
state:SC,SC counties,46,opposition_events_per_100k,Opposition events per 100k residents,up_is_more_restrictive,46,0.92224,0.00000,0.00000,0.00000,0.68949,2.45906,2.22027,0.00000,10.35652
state:SC,SC counties,46,opposition_events_per_dc,Opposition events per data center record,up_is_more_restrictive,3,0.66667,1.00000,0.20000,0.50000,1.00000,1.00000,0.57735,0.00000,1.00000
state:SC,SC counties,46,opposed_share_of_tracked,Share of tracked projects opposed,up_is_more_restrictive,3,0.000000,0.000000,0.000000,0.000000,0.000000,0.000000,0.000000,0.000000,0.000000
state:SD,SD counties,66,calibrated_score,Restriction resemblance score,up_is_more_restrictive,66,0.049932,0.036300,0.019650,0.025475,0.051700,0.082800,0.048364,0.017800,0.285500
state:SD,SD counties,66,va_width,Score interval width,neutral,66,0.043748,0.037600,0.024700,0.027000,0.051400,0.071500,0.024682,0.021300,0.140000
state:SD,SD counties,66,population,Population,neutral,66,13624.15,5279.50,1801.00,2823.75,10458.25,27565.00,28858.54,1030.00,200689.00
state:SD,SD counties,66,pop_density_sqmi,Population density (per sq mi),neutral,66,15.6109,5.4450,1.5200,2.4075,12.3675,38.5450,34.3254,0.4100,248.7300
state:SD,SD counties,66,median_hh_income,Median household income,neutral,66,66925.77,70045.50,49348.50,61306.50,74414.00,79268.50,12520.10,26686.00,96552.00
state:SD,SD counties,66,pct_bachelors_plus,Bachelor's degree or higher (%),neutral,66,24.7039,24.2950,16.4400,19.9475,29.3050,34.3300,7.5724,6.9900,45.9500
state:SD,SD counties,66,margin_2024,2024 presidential margin,neutral,66,-0.399248,-0.446400,-0.672150,-0.588450,-0.275775,-0.122900,0.281015,-0.861000,0.705700
state:SD,SD counties,66,margin_2016,2016 presidential margin,neutral,65,-0.394892,-0.421500,-0.635620,-0.549000,-0.258200,-0.146620,0.242311,-0.853100,0.479100
state:SD,SD counties,66,land_sqmi,Land area (sq mi),neutral,66,1148.604,909.325,513.199,618.483,1488.732,2171.806,693.203,412.022,3470.934
state:SD,SD counties,66,existing_dc_count,Data center records in the atlas,neutral,66,0.03,0.00,0.00,0.00,0.00,0.00,0.25,0.00,2.00
state:SD,SD counties,66,n_opposition_events,Opposition events,up_is_more_restrictive,66,0.12,0.00,0.00,0.00,0.00,0.50,0.37,0.00,2.00
state:SD,SD counties,66,n_moratorium_events,Moratorium events,up_is_more_restrictive,66,0.03,0.00,0.00,0.00,0.00,0.00,0.17,0.00,1.00
state:SD,SD counties,66,n_zoning_events,Zoning events,up_is_more_restrictive,66,0.05,0.00,0.00,0.00,0.00,0.00,0.21,0.00,1.00
state:SD,SD counties,66,n_ban_events,Ban events,up_is_more_restrictive,66,0.00,0.00,0.00,0.00,0.00,0.00,0.00,0.00,0.00
state:SD,SD counties,66,n_legislation_events,Legislation events,up_is_more_restrictive,66,0.02,0.00,0.00,0.00,0.00,0.00,0.12,0.00,1.00
state:SD,SD counties,66,n_lawsuit_events,Lawsuit events,up_is_more_restrictive,66,0.00,0.00,0.00,0.00,0.00,0.00,0.00,0.00,0.00
state:SD,SD counties,66,n_enacted_restrictive,Enacted restrictive actions,up_is_more_restrictive,66,0.00,0.00,0.00,0.00,0.00,0.00,0.00,0.00,0.00
state:SD,SD counties,66,state_legislation_events,Statewide legislation events,up_is_more_restrictive,66,3.00,3.00,3.00,3.00,3.00,3.00,0.00,3.00,3.00
state:SD,SD counties,66,n_projects_tracked,Projects tracked,neutral,66,0.08,0.00,0.00,0.00,0.00,0.00,0.40,0.00,3.00
state:SD,SD counties,66,n_projects_opposed,Projects opposed,up_is_more_restrictive,66,0.03,0.00,0.00,0.00,0.00,0.00,0.17,0.00,1.00
state:SD,SD counties,66,n_decided,Projects decided,neutral,66,0.02,0.00,0.00,0.00,0.00,0.00,0.12,0.00,1.00
state:SD,SD counties,66,n_blocked_confirmed,Projects blocked (confirmed),up_is_more_restrictive,66,0.02,0.00,0.00,0.00,0.00,0.00,0.12,0.00,1.00
state:SD,SD counties,66,n_advanced_confirmed,Projects advanced (confirmed),up_is_less_restrictive,66,0.00,0.00,0.00,0.00,0.00,0.00,0.00,0.00,0.00
state:SD,SD counties,66,n_restricted_conditional,Projects restricted or conditional,up_is_more_restrictive,66,0.00,0.00,0.00,0.00,0.00,0.00,0.00,0.00,0.00
state:SD,SD counties,66,opposition_events_per_100k,Opposition events per 100k residents,up_is_more_restrictive,66,0.65254,0.00000,0.00000,0.00000,0.00000,0.24914,3.09984,0.00000,23.15887
state:SD,SD counties,66,opposition_events_per_dc,Opposition events per data center record,up_is_more_restrictive,1,0.50000,0.50000,0.50000,0.50000,0.50000,0.50000,,0.50000,0.50000
state:SD,SD counties,66,opposed_share_of_tracked,Share of tracked projects opposed,up_is_more_restrictive,3,0.444444,0.333333,0.066667,0.166667,0.666667,0.866667,0.509175,0.000000,1.000000
state:SD,SD counties,66,blocked_share_of_decided,Share of decided projects blocked,up_is_more_restrictive,1,1.000000,1.000000,1.000000,1.000000,1.000000,1.000000,,1.000000,1.000000
state:TN,TN counties,95,calibrated_score,Restriction resemblance score,up_is_more_restrictive,95,0.113885,0.073100,0.045300,0.056400,0.121850,0.214740,0.110913,0.033200,0.682400
state:TN,TN counties,95,va_width,Score interval width,neutral,95,0.075378,0.058600,0.034500,0.041250,0.086800,0.117800,0.069227,0.027000,0.500000
state:TN,TN counties,95,population,Population,neutral,95,73537.71,32221.00,11835.80,17740.50,58193.00,147251.00,135690.27,5062.00,922195.00
state:TN,TN counties,95,pop_density_sqmi,Population density (per sq mi),neutral,95,153.4598,73.7100,36.2280,46.3650,144.1000,383.2120,227.9671,20.6400,1409.8900
state:TN,TN counties,95,median_hh_income,Median household income,neutral,95,58994.19,57408.00,46179.80,50413.00,63099.50,74429.00,13583.82,30500.00,131202.00
state:TN,TN counties,95,pct_bachelors_plus,Bachelor's degree or higher (%),neutral,95,19.6337,17.5000,11.8100,13.8500,21.8400,30.7080,8.6414,8.5800,61.8400
state:TN,TN counties,95,margin_2024,2024 presidential margin,neutral,95,-0.557905,-0.618000,-0.703340,-0.673500,-0.529200,-0.337320,0.194387,-0.798100,0.274500
state:TN,TN counties,95,margin_2016,2016 presidential margin,neutral,95,-0.491865,-0.527500,-0.643980,-0.597200,-0.448650,-0.293760,0.182352,-0.739000,0.276300
state:TN,TN counties,95,land_sqmi,Land area (sq mi),neutral,95,434.029,436.135,225.859,307.977,555.835,612.871,151.583,114.342,761.263
state:TN,TN counties,95,existing_dc_count,Data center records in the atlas,neutral,95,0.23,0.00,0.00,0.00,0.00,0.00,0.90,0.00,5.00
state:TN,TN counties,95,n_opposition_events,Opposition events,up_is_more_restrictive,95,0.56,0.00,0.00,0.00,0.00,1.00,2.29,0.00,21.00
state:TN,TN counties,95,n_moratorium_events,Moratorium events,up_is_more_restrictive,95,0.21,0.00,0.00,0.00,0.00,1.00,0.54,0.00,3.00
state:TN,TN counties,95,n_zoning_events,Zoning events,up_is_more_restrictive,95,0.08,0.00,0.00,0.00,0.00,0.00,0.35,0.00,2.00
state:TN,TN counties,95,n_ban_events,Ban events,up_is_more_restrictive,95,0.01,0.00,0.00,0.00,0.00,0.00,0.10,0.00,1.00
state:TN,TN counties,95,n_legislation_events,Legislation events,up_is_more_restrictive,95,0.01,0.00,0.00,0.00,0.00,0.00,0.10,0.00,1.00
state:TN,TN counties,95,n_lawsuit_events,Lawsuit events,up_is_more_restrictive,95,0.03,0.00,0.00,0.00,0.00,0.00,0.31,0.00,3.00
state:TN,TN counties,95,n_enacted_restrictive,Enacted restrictive actions,up_is_more_restrictive,95,0.21,0.00,0.00,0.00,0.00,1.00,0.50,0.00,3.00
state:TN,TN counties,95,state_legislation_events,Statewide legislation events,up_is_more_restrictive,95,2.00,2.00,2.00,2.00,2.00,2.00,0.00,2.00,2.00
state:TN,TN counties,95,n_projects_tracked,Projects tracked,neutral,95,0.39,0.00,0.00,0.00,0.00,1.00,1.27,0.00,6.00
state:TN,TN counties,95,n_projects_opposed,Projects opposed,up_is_more_restrictive,95,0.07,0.00,0.00,0.00,0.00,0.00,0.39,0.00,3.00
state:TN,TN counties,95,n_decided,Projects decided,neutral,95,0.08,0.00,0.00,0.00,0.00,0.00,0.38,0.00,3.00
state:TN,TN counties,95,n_blocked_confirmed,Projects blocked (confirmed),up_is_more_restrictive,95,0.03,0.00,0.00,0.00,0.00,0.00,0.18,0.00,1.00
state:TN,TN counties,95,n_advanced_confirmed,Projects advanced (confirmed),up_is_less_restrictive,95,0.05,0.00,0.00,0.00,0.00,0.00,0.34,0.00,3.00
state:TN,TN counties,95,n_restricted_conditional,Projects restricted or conditional,up_is_more_restrictive,95,0.00,0.00,0.00,0.00,0.00,0.00,0.00,0.00,0.00
state:TN,TN counties,95,opposition_events_per_100k,Opposition events per 100k residents,up_is_more_restrictive,95,0.63870,0.00000,0.00000,0.00000,0.00000,1.74901,2.08082,0.00000,15.12630
state:TN,TN counties,95,opposition_events_per_dc,Opposition events per data center record,up_is_more_restrictive,8,1.67708,0.12500,0.00000,0.00000,1.16667,4.31667,3.61721,0.00000,10.50000
state:TN,TN counties,95,opposed_share_of_tracked,Share of tracked projects opposed,up_is_more_restrictive,14,0.145238,0.000000,0.000000,0.000000,0.150000,0.450000,0.291652,0.000000,1.000000
state:TN,TN counties,95,blocked_share_of_decided,Share of decided projects blocked,up_is_more_restrictive,6,0.500000,0.500000,0.000000,0.000000,1.000000,1.000000,0.547723,0.000000,1.000000
state:TX,TX counties,254,calibrated_score,Restriction resemblance score,up_is_more_restrictive,254,0.079747,0.050600,0.021590,0.032425,0.087250,0.162600,0.091283,0.005400,0.533300
state:TX,TX counties,254,va_width,Score interval width,neutral,254,0.056990,0.045400,0.024670,0.027000,0.063300,0.091510,0.047927,0.021100,0.345100
state:TX,TX counties,254,population,Population,neutral,254,116694.26,18502.50,2459.80,6205.50,52564.50,185684.40,414356.99,52.00,4758579.00
state:TX,TX counties,254,pop_density_sqmi,Population density (per sq mi),neutral,254,124.2185,21.6600,1.8290,5.9100,67.5850,257.1990,361.6326,0.0400,2981.9200
state:TX,TX counties,254,median_hh_income,Median household income,neutral,253,64736.90,63367.00,47080.60,55305.00,71420.00,84342.80,15635.00,29014.00,124917.00
state:TX,TX counties,254,pct_bachelors_plus,Bachelor's degree or higher (%),neutral,253,21.5505,19.6900,12.4220,15.6400,25.1800,32.4820,8.6399,6.2300,55.5100
state:TX,TX counties,254,margin_2024,2024 presidential margin,neutral,254,-0.549443,-0.622600,-0.790340,-0.727075,-0.451950,-0.147500,0.253977,-0.924600,0.393200
state:TX,TX counties,254,margin_2016,2016 presidential margin,neutral,254,-0.467169,-0.561300,-0.766510,-0.675275,-0.402800,0.055140,0.322708,-0.916400,0.601100
state:TX,TX counties,254,land_sqmi,Land area (sq mi),neutral,254,1028.622,908.684,599.225,835.681,1043.449,1426.736,658.565,127.209,6183.763
state:TX,TX counties,254,existing_dc_count,Data center records in the atlas,neutral,254,0.50,0.00,0.00,0.00,0.00,0.00,3.09,0.00,33.00
state:TX,TX counties,254,n_opposition_events,Opposition events,up_is_more_restrictive,254,0.30,0.00,0.00,0.00,0.00,1.00,0.94,0.00,9.00
state:TX,TX counties,254,n_moratorium_events,Moratorium events,up_is_more_restrictive,254,0.05,0.00,0.00,0.00,0.00,0.00,0.25,0.00,2.00
state:TX,TX counties,254,n_zoning_events,Zoning events,up_is_more_restrictive,254,0.09,0.00,0.00,0.00,0.00,0.00,0.36,0.00,3.00
state:TX,TX counties,254,n_ban_events,Ban events,up_is_more_restrictive,254,0.00,0.00,0.00,0.00,0.00,0.00,0.00,0.00,0.00
state:TX,TX counties,254,n_legislation_events,Legislation events,up_is_more_restrictive,254,0.00,0.00,0.00,0.00,0.00,0.00,0.00,0.00,0.00
state:TX,TX counties,254,n_lawsuit_events,Lawsuit events,up_is_more_restrictive,254,0.03,0.00,0.00,0.00,0.00,0.00,0.21,0.00,2.00
state:TX,TX counties,254,n_enacted_restrictive,Enacted restrictive actions,up_is_more_restrictive,254,0.02,0.00,0.00,0.00,0.00,0.00,0.15,0.00,1.00
state:TX,TX counties,254,state_legislation_events,Statewide legislation events,up_is_more_restrictive,254,4.00,4.00,4.00,4.00,4.00,4.00,0.00,4.00,4.00
state:TX,TX counties,254,n_projects_tracked,Projects tracked,neutral,254,0.50,0.00,0.00,0.00,0.00,0.00,3.09,0.00,33.00
state:TX,TX counties,254,n_projects_opposed,Projects opposed,up_is_more_restrictive,254,0.00,0.00,0.00,0.00,0.00,0.00,0.00,0.00,0.00
state:TX,TX counties,254,n_decided,Projects decided,neutral,254,0.00,0.00,0.00,0.00,0.00,0.00,0.00,0.00,0.00
state:TX,TX counties,254,n_blocked_confirmed,Projects blocked (confirmed),up_is_more_restrictive,254,0.00,0.00,0.00,0.00,0.00,0.00,0.00,0.00,0.00
state:TX,TX counties,254,n_advanced_confirmed,Projects advanced (confirmed),up_is_less_restrictive,254,0.00,0.00,0.00,0.00,0.00,0.00,0.00,0.00,0.00
state:TX,TX counties,254,n_restricted_conditional,Projects restricted or conditional,up_is_more_restrictive,254,0.00,0.00,0.00,0.00,0.00,0.00,0.00,0.00,0.00
state:TX,TX counties,254,opposition_events_per_100k,Opposition events per 100k residents,up_is_more_restrictive,254,1.00832,0.00000,0.00000,0.00000,0.00000,0.85229,6.39819,0.00000,92.67841
state:TX,TX counties,254,opposition_events_per_dc,Opposition events per data center record,up_is_more_restrictive,16,0.73262,0.01515,0.00000,0.00000,1.00000,2.00000,1.33687,0.00000,5.00000
state:TX,TX counties,254,opposed_share_of_tracked,Share of tracked projects opposed,up_is_more_restrictive,16,0.000000,0.000000,0.000000,0.000000,0.000000,0.000000,0.000000,0.000000,0.000000
state:UT,UT counties,29,calibrated_score,Restriction resemblance score,up_is_more_restrictive,29,0.106917,0.063500,0.031300,0.042700,0.132000,0.228100,0.107379,0.014400,0.435400
state:UT,UT counties,29,va_width,Score interval width,neutral,29,0.079462,0.056500,0.027000,0.044100,0.087000,0.133840,0.068970,0.021100,0.345100
state:UT,UT counties,29,population,Population,neutral,29,114868.52,20446.00,2581.80,9697.00,60201.00,286294.80,251355.99,747.00,1184689.00
state:UT,UT counties,29,pop_density_sqmi,Population density (per sq mi),neutral,29,133.5100,10.3300,1.6940,2.2500,22.8300,359.9640,356.7800,1.0000,1573.6000
state:UT,UT counties,29,median_hh_income,Median household income,neutral,29,80175.72,75000.00,57978.00,67459.00,89803.00,109475.60,21626.54,44650.00,137058.00
state:UT,UT counties,29,pct_bachelors_plus,Bachelor's degree or higher (%),neutral,29,28.5807,25.1900,17.1360,20.2400,34.7300,41.1040,10.7164,11.5900,58.0700
state:UT,UT counties,29,margin_2024,2024 presidential margin,neutral,29,-0.486079,-0.570000,-0.758720,-0.735700,-0.344300,-0.111580,0.275060,-0.789200,0.148000
state:UT,UT counties,29,margin_2016,2016 presidential margin,neutral,29,-0.436628,-0.514300,-0.698620,-0.622300,-0.277000,-0.094880,0.249439,-0.820100,0.153500
state:UT,UT counties,29,land_sqmi,Land area (sq mi),neutral,29,2848.127,2427.589,679.422,1164.687,3994.140,5982.140,2112.052,324.716,7823.765
state:UT,UT counties,29,existing_dc_count,Data center records in the atlas,neutral,29,0.52,0.00,0.00,0.00,0.00,1.00,1.68,0.00,7.00
state:UT,UT counties,29,n_opposition_events,Opposition events,up_is_more_restrictive,29,0.55,0.00,0.00,0.00,1.00,1.20,1.27,0.00,6.00
state:UT,UT counties,29,n_moratorium_events,Moratorium events,up_is_more_restrictive,29,0.17,0.00,0.00,0.00,0.00,1.00,0.38,0.00,1.00
state:UT,UT counties,29,n_zoning_events,Zoning events,up_is_more_restrictive,29,0.14,0.00,0.00,0.00,0.00,0.20,0.44,0.00,2.00
state:UT,UT counties,29,n_ban_events,Ban events,up_is_more_restrictive,29,0.00,0.00,0.00,0.00,0.00,0.00,0.00,0.00,0.00
state:UT,UT counties,29,n_legislation_events,Legislation events,up_is_more_restrictive,29,0.00,0.00,0.00,0.00,0.00,0.00,0.00,0.00,0.00
state:UT,UT counties,29,n_lawsuit_events,Lawsuit events,up_is_more_restrictive,29,0.07,0.00,0.00,0.00,0.00,0.00,0.37,0.00,2.00
state:UT,UT counties,29,n_enacted_restrictive,Enacted restrictive actions,up_is_more_restrictive,29,0.17,0.00,0.00,0.00,0.00,1.00,0.38,0.00,1.00
state:UT,UT counties,29,state_legislation_events,Statewide legislation events,up_is_more_restrictive,29,2.00,2.00,2.00,2.00,2.00,2.00,0.00,2.00,2.00
state:UT,UT counties,29,n_projects_tracked,Projects tracked,neutral,29,0.52,0.00,0.00,0.00,0.00,1.00,1.68,0.00,7.00
state:UT,UT counties,29,n_projects_opposed,Projects opposed,up_is_more_restrictive,29,0.00,0.00,0.00,0.00,0.00,0.00,0.00,0.00,0.00
state:UT,UT counties,29,n_decided,Projects decided,neutral,29,0.00,0.00,0.00,0.00,0.00,0.00,0.00,0.00,0.00
state:UT,UT counties,29,n_blocked_confirmed,Projects blocked (confirmed),up_is_more_restrictive,29,0.00,0.00,0.00,0.00,0.00,0.00,0.00,0.00,0.00
state:UT,UT counties,29,n_advanced_confirmed,Projects advanced (confirmed),up_is_less_restrictive,29,0.00,0.00,0.00,0.00,0.00,0.00,0.00,0.00,0.00
state:UT,UT counties,29,n_restricted_conditional,Projects restricted or conditional,up_is_more_restrictive,29,0.00,0.00,0.00,0.00,0.00,0.00,0.00,0.00,0.00
state:UT,UT counties,29,opposition_events_per_100k,Opposition events per 100k residents,up_is_more_restrictive,29,2.51207,0.00000,0.00000,0.00000,0.43884,8.07947,7.61757,0.00000,39.10833
state:UT,UT counties,29,opposition_events_per_dc,Opposition events per data center record,up_is_more_restrictive,4,0.10714,0.00000,0.00000,0.00000,0.10714,0.30000,0.21429,0.00000,0.42857
state:UT,UT counties,29,opposed_share_of_tracked,Share of tracked projects opposed,up_is_more_restrictive,4,0.000000,0.000000,0.000000,0.000000,0.000000,0.000000,0.000000,0.000000,0.000000
state:VA,VA counties,133,calibrated_score,Restriction resemblance score,up_is_more_restrictive,133,0.100601,0.068800,0.035920,0.048300,0.119800,0.190800,0.093045,0.021100,0.597000
state:VA,VA counties,133,va_width,Score interval width,neutral,133,0.093829,0.075900,0.030320,0.054900,0.117800,0.162360,0.079158,0.023500,0.666700
state:VA,VA counties,133,population,Population,neutral,133,65093.98,25765.00,7578.40,14777.00,53913.00,142567.60,128211.46,2265.00,1144474.00
state:VA,VA counties,133,pop_density_sqmi,Population density (per sq mi),neutral,133,902.3301,105.5900,31.6640,49.6100,1027.0300,2880.6560,1685.5529,5.4600,10498.0200
state:VA,VA counties,133,median_hh_income,Median household income,neutral,133,74957.23,66718.00,48492.20,55933.00,88225.00,113043.80,26877.71,38497.00,178707.00
state:VA,VA counties,133,pct_bachelors_plus,Bachelor's degree or higher (%),neutral,133,29.1214,26.2700,15.2660,18.1700,35.6000,46.9500,14.0331,9.6000,79.7300
state:VA,VA counties,133,margin_2024,2024 presidential margin,neutral,133,-0.155077,-0.222000,-0.585340,-0.431400,0.089800,0.315740,0.342751,-0.720500,0.727800
state:VA,VA counties,133,margin_2016,2016 presidential margin,neutral,133,-0.142747,-0.178000,-0.546540,-0.393800,0.092800,0.301480,0.329025,-0.678300,0.769600
state:VA,VA counties,133,land_sqmi,Land area (sq mi),neutral,133,296.858,310.017,9.709,53.275,461.952,557.210,227.261,2.046,969.003
state:VA,VA counties,133,existing_dc_count,Data center records in the atlas,neutral,133,2.40,0.00,0.00,0.00,0.00,0.00,19.34,0.00,213.00
state:VA,VA counties,133,n_opposition_events,Opposition events,up_is_more_restrictive,133,0.53,0.00,0.00,0.00,1.00,2.00,1.23,0.00,9.00
state:VA,VA counties,133,n_moratorium_events,Moratorium events,up_is_more_restrictive,133,0.05,0.00,0.00,0.00,0.00,0.00,0.21,0.00,1.00
state:VA,VA counties,133,n_zoning_events,Zoning events,up_is_more_restrictive,133,0.26,0.00,0.00,0.00,0.00,1.00,0.77,0.00,6.00
state:VA,VA counties,133,n_ban_events,Ban events,up_is_more_restrictive,133,0.00,0.00,0.00,0.00,0.00,0.00,0.00,0.00,0.00
state:VA,VA counties,133,n_legislation_events,Legislation events,up_is_more_restrictive,133,0.02,0.00,0.00,0.00,0.00,0.00,0.12,0.00,1.00
state:VA,VA counties,133,n_lawsuit_events,Lawsuit events,up_is_more_restrictive,133,0.02,0.00,0.00,0.00,0.00,0.00,0.12,0.00,1.00
state:VA,VA counties,133,n_enacted_restrictive,Enacted restrictive actions,up_is_more_restrictive,133,0.11,0.00,0.00,0.00,0.00,0.00,0.35,0.00,2.00
state:VA,VA counties,133,state_legislation_events,Statewide legislation events,up_is_more_restrictive,133,12.00,12.00,12.00,12.00,12.00,12.00,0.00,12.00,12.00
state:VA,VA counties,133,n_projects_tracked,Projects tracked,neutral,133,2.40,0.00,0.00,0.00,0.00,0.00,19.34,0.00,213.00
state:VA,VA counties,133,n_projects_opposed,Projects opposed,up_is_more_restrictive,133,0.00,0.00,0.00,0.00,0.00,0.00,0.00,0.00,0.00
state:VA,VA counties,133,n_decided,Projects decided,neutral,133,0.00,0.00,0.00,0.00,0.00,0.00,0.00,0.00,0.00
state:VA,VA counties,133,n_blocked_confirmed,Projects blocked (confirmed),up_is_more_restrictive,133,0.00,0.00,0.00,0.00,0.00,0.00,0.00,0.00,0.00
state:VA,VA counties,133,n_advanced_confirmed,Projects advanced (confirmed),up_is_less_restrictive,133,0.00,0.00,0.00,0.00,0.00,0.00,0.00,0.00,0.00
state:VA,VA counties,133,n_restricted_conditional,Projects restricted or conditional,up_is_more_restrictive,133,0.00,0.00,0.00,0.00,0.00,0.00,0.00,0.00,0.00
state:VA,VA counties,133,opposition_events_per_100k,Opposition events per 100k residents,up_is_more_restrictive,133,0.99226,0.00000,0.00000,0.00000,0.87964,3.27252,2.47334,0.00000,17.75253
state:VA,VA counties,133,opposition_events_per_dc,Opposition events per data center record,up_is_more_restrictive,11,0.75779,0.14286,0.00000,0.01174,1.33333,2.00000,1.03302,0.00000,3.00000
state:VA,VA counties,133,opposed_share_of_tracked,Share of tracked projects opposed,up_is_more_restrictive,11,0.000000,0.000000,0.000000,0.000000,0.000000,0.000000,0.000000,0.000000,0.000000
state:VT,VT counties,14,calibrated_score,Restriction resemblance score,up_is_more_restrictive,14,0.129036,0.121400,0.091330,0.102675,0.141775,0.161170,0.055091,0.040700,0.288900
state:VT,VT counties,14,va_width,Score interval width,neutral,14,0.073964,0.071900,0.053500,0.059250,0.088000,0.090600,0.025302,0.033300,0.140000
state:VT,VT counties,14,population,Population,neutral,14,46089.57,37404.50,12985.90,28017.50,56070.75,60326.20,39367.83,5972.00,168831.00
state:VT,VT counties,14,pop_density_sqmi,Population density (per sq mi),neutral,14,75.3214,57.4350,40.6300,47.3775,76.1300,89.4680,71.8974,9.0200,314.4900
state:VT,VT counties,14,median_hh_income,Median household income,neutral,14,75042.50,73370.50,65167.10,66824.75,79659.25,89980.90,10544.73,58985.00,94310.00
state:VT,VT counties,14,pct_bachelors_plus,Bachelor's degree or higher (%),neutral,14,38.5186,41.5350,28.6320,32.3450,43.3975,46.0590,8.9647,21.1800,55.8000
state:VT,VT counties,14,margin_2024,2024 presidential margin,neutral,14,0.224207,0.218000,-0.001910,0.070700,0.358675,0.431560,0.199770,-0.160100,0.536500
state:VT,VT counties,14,margin_2016,2016 presidential margin,neutral,14,0.197529,0.204300,0.010740,0.049000,0.332675,0.404790,0.186408,-0.180000,0.468100
state:VT,VT counties,14,land_sqmi,Land area (sq mi),neutral,14,658.376,680.622,483.933,635.524,748.386,887.173,212.809,81.770,969.144
state:VT,VT counties,14,existing_dc_count,Data center records in the atlas,neutral,14,0.00,0.00,0.00,0.00,0.00,0.00,0.00,0.00,0.00
state:VT,VT counties,14,n_opposition_events,Opposition events,up_is_more_restrictive,14,0.14,0.00,0.00,0.00,0.00,0.70,0.36,0.00,1.00
state:VT,VT counties,14,n_moratorium_events,Moratorium events,up_is_more_restrictive,14,0.07,0.00,0.00,0.00,0.00,0.00,0.27,0.00,1.00
state:VT,VT counties,14,n_zoning_events,Zoning events,up_is_more_restrictive,14,0.00,0.00,0.00,0.00,0.00,0.00,0.00,0.00,0.00
state:VT,VT counties,14,n_ban_events,Ban events,up_is_more_restrictive,14,0.00,0.00,0.00,0.00,0.00,0.00,0.00,0.00,0.00
state:VT,VT counties,14,n_legislation_events,Legislation events,up_is_more_restrictive,14,0.07,0.00,0.00,0.00,0.00,0.00,0.27,0.00,1.00
state:VT,VT counties,14,n_lawsuit_events,Lawsuit events,up_is_more_restrictive,14,0.00,0.00,0.00,0.00,0.00,0.00,0.00,0.00,0.00
state:VT,VT counties,14,n_enacted_restrictive,Enacted restrictive actions,up_is_more_restrictive,14,0.07,0.00,0.00,0.00,0.00,0.00,0.27,0.00,1.00
state:VT,VT counties,14,state_legislation_events,Statewide legislation events,up_is_more_restrictive,14,1.00,1.00,1.00,1.00,1.00,1.00,0.00,1.00,1.00
state:VT,VT counties,14,n_projects_tracked,Projects tracked,neutral,14,0.00,0.00,0.00,0.00,0.00,0.00,0.00,0.00,0.00
state:VT,VT counties,14,n_projects_opposed,Projects opposed,up_is_more_restrictive,14,0.00,0.00,0.00,0.00,0.00,0.00,0.00,0.00,0.00
state:VT,VT counties,14,n_decided,Projects decided,neutral,14,0.00,0.00,0.00,0.00,0.00,0.00,0.00,0.00,0.00
state:VT,VT counties,14,n_blocked_confirmed,Projects blocked (confirmed),up_is_more_restrictive,14,0.00,0.00,0.00,0.00,0.00,0.00,0.00,0.00,0.00
state:VT,VT counties,14,n_advanced_confirmed,Projects advanced (confirmed),up_is_less_restrictive,14,0.00,0.00,0.00,0.00,0.00,0.00,0.00,0.00,0.00
state:VT,VT counties,14,n_restricted_conditional,Projects restricted or conditional,up_is_more_restrictive,14,0.00,0.00,0.00,0.00,0.00,0.00,0.00,0.00,0.00
state:VT,VT counties,14,opposition_events_per_100k,Opposition events per 100k residents,up_is_more_restrictive,14,0.24235,0.00000,0.00000,0.00000,0.00000,1.16748,0.61615,0.00000,1.72509
state:WA,WA counties,39,calibrated_score,Restriction resemblance score,up_is_more_restrictive,39,0.154241,0.121200,0.049680,0.077600,0.178000,0.311220,0.121093,0.032900,0.628700
state:WA,WA counties,39,va_width,Score interval width,neutral,39,0.105879,0.073600,0.043540,0.060750,0.109700,0.146060,0.093512,0.030300,0.500000
state:WA,WA counties,39,population,Population,neutral,39,198486.77,66968.00,10482.00,22753.00,170315.50,517277.40,401380.39,2326.00,2262713.00
state:WA,WA counties,39,pop_density_sqmi,Population density (per sq mi),neutral,39,150.4690,37.4800,6.8960,17.9300,106.7000,443.6860,251.1355,3.2700,1069.4700
state:WA,WA counties,39,median_hh_income,Median household income,neutral,39,76363.38,71528.00,61938.60,67702.00,84578.00,95284.80,14832.48,52893.00,122148.00
state:WA,WA counties,39,pct_bachelors_plus,Bachelor's degree or higher (%),neutral,39,29.0662,28.1500,18.2800,21.8200,34.1150,39.1240,9.8806,15.4300,55.9300
state:WA,WA counties,39,margin_2024,2024 presidential margin,neutral,39,-0.079677,-0.094700,-0.433000,-0.263100,0.089150,0.217280,0.267919,-0.505700,0.516900
state:WA,WA counties,39,margin_2016,2016 presidential margin,neutral,39,-0.112228,-0.144800,-0.399660,-0.286600,0.018350,0.168520,0.239037,-0.501900,0.504300
state:WA,WA counties,39,land_sqmi,Land area (sq mi),neutral,39,1703.985,1738.773,581.821,946.463,2137.499,2517.592,1025.907,173.914,5266.193
state:WA,WA counties,39,existing_dc_count,Data center records in the atlas,neutral,39,2.10,0.00,0.00,0.00,0.00,3.20,6.86,0.00,39.00
state:WA,WA counties,39,n_opposition_events,Opposition events,up_is_more_restrictive,39,0.31,0.00,0.00,0.00,0.50,1.00,0.57,0.00,2.00
state:WA,WA counties,39,n_moratorium_events,Moratorium events,up_is_more_restrictive,39,0.13,0.00,0.00,0.00,0.00,1.00,0.34,0.00,1.00
state:WA,WA counties,39,n_zoning_events,Zoning events,up_is_more_restrictive,39,0.10,0.00,0.00,0.00,0.00,0.20,0.31,0.00,1.00
state:WA,WA counties,39,n_ban_events,Ban events,up_is_more_restrictive,39,0.00,0.00,0.00,0.00,0.00,0.00,0.00,0.00,0.00
state:WA,WA counties,39,n_legislation_events,Legislation events,up_is_more_restrictive,39,0.03,0.00,0.00,0.00,0.00,0.00,0.16,0.00,1.00
state:WA,WA counties,39,n_lawsuit_events,Lawsuit events,up_is_more_restrictive,39,0.00,0.00,0.00,0.00,0.00,0.00,0.00,0.00,0.00
state:WA,WA counties,39,n_enacted_restrictive,Enacted restrictive actions,up_is_more_restrictive,39,0.15,0.00,0.00,0.00,0.00,1.00,0.37,0.00,1.00
state:WA,WA counties,39,state_legislation_events,Statewide legislation events,up_is_more_restrictive,39,1.00,1.00,1.00,1.00,1.00,1.00,0.00,1.00,1.00
state:WA,WA counties,39,n_projects_tracked,Projects tracked,neutral,39,2.10,0.00,0.00,0.00,0.00,3.20,6.86,0.00,39.00
state:WA,WA counties,39,n_projects_opposed,Projects opposed,up_is_more_restrictive,39,0.00,0.00,0.00,0.00,0.00,0.00,0.00,0.00,0.00
state:WA,WA counties,39,n_decided,Projects decided,neutral,39,0.00,0.00,0.00,0.00,0.00,0.00,0.00,0.00,0.00
state:WA,WA counties,39,n_blocked_confirmed,Projects blocked (confirmed),up_is_more_restrictive,39,0.00,0.00,0.00,0.00,0.00,0.00,0.00,0.00,0.00
state:WA,WA counties,39,n_advanced_confirmed,Projects advanced (confirmed),up_is_less_restrictive,39,0.00,0.00,0.00,0.00,0.00,0.00,0.00,0.00,0.00
state:WA,WA counties,39,n_restricted_conditional,Projects restricted or conditional,up_is_more_restrictive,39,0.00,0.00,0.00,0.00,0.00,0.00,0.00,0.00,0.00
state:WA,WA counties,39,opposition_events_per_100k,Opposition events per 100k residents,up_is_more_restrictive,39,0.26676,0.00000,0.00000,0.00000,0.02210,1.04811,0.63507,0.00000,2.61790
state:WA,WA counties,39,opposition_events_per_dc,Opposition events per data center record,up_is_more_restrictive,9,0.26880,0.07692,0.00000,0.02564,0.33333,0.73333,0.34978,0.00000,1.00000
state:WA,WA counties,39,opposed_share_of_tracked,Share of tracked projects opposed,up_is_more_restrictive,9,0.000000,0.000000,0.000000,0.000000,0.000000,0.000000,0.000000,0.000000,0.000000
state:WI,WI counties,72,calibrated_score,Restriction resemblance score,up_is_more_restrictive,72,0.101351,0.081200,0.047840,0.056425,0.127050,0.177610,0.066070,0.032100,0.356700
state:WI,WI counties,72,va_width,Score interval width,neutral,72,0.074522,0.063400,0.039100,0.046900,0.087000,0.116990,0.048254,0.027000,0.345100
state:WI,WI counties,72,population,Population,neutral,72,81833.65,41417.00,14302.00,19396.00,89699.75,167966.10,135308.95,4256.00,927656.00
state:WI,WI counties,72,pop_density_sqmi,Population density (per sq mi),neutral,72,168.1335,50.4100,15.3720,28.5675,139.6375,386.6670,466.6541,8.1300,3841.9100
state:WI,WI counties,72,median_hh_income,Median household income,neutral,72,71715.49,70946.50,59547.90,64135.75,76190.75,83320.50,10327.57,57258.00,104100.00
state:WI,WI counties,72,pct_bachelors_plus,Bachelor's degree or higher (%),neutral,72,25.7031,23.6550,16.6910,19.9650,30.5800,34.9700,8.1542,13.4200,54.4500
state:WI,WI counties,72,margin_2024,2024 presidential margin,neutral,72,-0.168712,-0.199450,-0.363090,-0.309325,-0.072025,0.070940,0.204306,-0.498100,0.617000
state:WI,WI counties,72,margin_2016,2016 presidential margin,neutral,72,-0.146065,-0.192800,-0.336820,-0.267125,-0.052125,0.086080,0.192223,-0.464400,0.573900
state:WI,WI counties,72,land_sqmi,Land area (sq mi),neutral,72,752.323,752.956,350.351,554.006,904.066,1191.534,302.881,232.008,1545.194
state:WI,WI counties,72,existing_dc_count,Data center records in the atlas,neutral,72,0.18,0.00,0.00,0.00,0.00,1.00,0.51,0.00,3.00
state:WI,WI counties,72,n_opposition_events,Opposition events,up_is_more_restrictive,72,0.97,0.00,0.00,0.00,1.00,2.00,2.72,0.00,16.00
state:WI,WI counties,72,n_moratorium_events,Moratorium events,up_is_more_restrictive,72,0.28,0.00,0.00,0.00,0.00,1.00,0.68,0.00,4.00
state:WI,WI counties,72,n_zoning_events,Zoning events,up_is_more_restrictive,72,0.15,0.00,0.00,0.00,0.00,0.90,0.49,0.00,3.00
state:WI,WI counties,72,n_ban_events,Ban events,up_is_more_restrictive,72,0.00,0.00,0.00,0.00,0.00,0.00,0.00,0.00,0.00
state:WI,WI counties,72,n_legislation_events,Legislation events,up_is_more_restrictive,72,0.14,0.00,0.00,0.00,0.00,0.00,0.68,0.00,4.00
state:WI,WI counties,72,n_lawsuit_events,Lawsuit events,up_is_more_restrictive,72,0.11,0.00,0.00,0.00,0.00,0.00,0.59,0.00,4.00
state:WI,WI counties,72,n_enacted_restrictive,Enacted restrictive actions,up_is_more_restrictive,72,0.22,0.00,0.00,0.00,0.00,1.00,0.68,0.00,4.00
state:WI,WI counties,72,state_legislation_events,Statewide legislation events,up_is_more_restrictive,72,4.00,4.00,4.00,4.00,4.00,4.00,0.00,4.00,4.00
state:WI,WI counties,72,n_projects_tracked,Projects tracked,neutral,72,0.18,0.00,0.00,0.00,0.00,1.00,0.51,0.00,3.00
state:WI,WI counties,72,n_projects_opposed,Projects opposed,up_is_more_restrictive,72,0.00,0.00,0.00,0.00,0.00,0.00,0.00,0.00,0.00
state:WI,WI counties,72,n_decided,Projects decided,neutral,72,0.00,0.00,0.00,0.00,0.00,0.00,0.00,0.00,0.00
state:WI,WI counties,72,n_blocked_confirmed,Projects blocked (confirmed),up_is_more_restrictive,72,0.00,0.00,0.00,0.00,0.00,0.00,0.00,0.00,0.00
state:WI,WI counties,72,n_advanced_confirmed,Projects advanced (confirmed),up_is_less_restrictive,72,0.00,0.00,0.00,0.00,0.00,0.00,0.00,0.00,0.00
state:WI,WI counties,72,n_restricted_conditional,Projects restricted or conditional,up_is_more_restrictive,72,0.00,0.00,0.00,0.00,0.00,0.00,0.00,0.00,0.00
state:WI,WI counties,72,opposition_events_per_100k,Opposition events per 100k residents,up_is_more_restrictive,72,0.98183,0.00000,0.00000,0.00000,0.72879,2.44302,2.54502,0.00000,17.32633
state:WI,WI counties,72,opposition_events_per_dc,Opposition events per data center record,up_is_more_restrictive,10,2.13333,0.16667,0.00000,0.00000,1.75000,5.00000,4.36654,0.00000,14.00000
state:WI,WI counties,72,opposed_share_of_tracked,Share of tracked projects opposed,up_is_more_restrictive,10,0.000000,0.000000,0.000000,0.000000,0.000000,0.000000,0.000000,0.000000,0.000000
state:WV,WV counties,55,calibrated_score,Restriction resemblance score,up_is_more_restrictive,55,0.092213,0.059100,0.035300,0.041350,0.094650,0.217260,0.087748,0.027000,0.380100
state:WV,WV counties,55,va_width,Score interval width,neutral,55,0.069960,0.049500,0.028600,0.038800,0.064200,0.140000,0.063234,0.027000,0.345100
state:WV,WV counties,55,population,Population,neutral,55,32444.76,22053.00,7650.00,12089.00,36351.00,70362.40,33300.74,5131.00,178198.00
state:WV,WV counties,55,pop_density_sqmi,Population density (per sq mi),neutral,55,94.3851,46.1500,21.8940,26.4750,110.1650,266.7340,103.8030,8.3500,395.9600
state:WV,WV counties,55,median_hh_income,Median household income,neutral,55,54746.25,53475.00,42642.40,48627.50,60314.00,63364.60,10393.88,29980.00,95523.00
state:WV,WV counties,55,pct_bachelors_plus,Bachelor's degree or higher (%),neutral,55,18.6731,17.4600,11.8880,14.0150,21.7650,27.3960,7.2823,5.7500,47.9400
state:WV,WV counties,55,margin_2024,2024 presidential margin,neutral,55,-0.529033,-0.568000,-0.671160,-0.611700,-0.465800,-0.330600,0.150583,-0.789700,-0.043900
state:WV,WV counties,55,margin_2016,2016 presidential margin,neutral,55,-0.507224,-0.527900,-0.660780,-0.571300,-0.447000,-0.349680,0.132252,-0.774100,-0.103800
state:WV,WV counties,55,land_sqmi,Land area (sq mi),neutral,55,437.113,418.962,217.207,320.435,508.370,656.460,210.758,82.610,1039.700
state:WV,WV counties,55,existing_dc_count,Data center records in the atlas,neutral,55,0.02,0.00,0.00,0.00,0.00,0.00,0.13,0.00,1.00
state:WV,WV counties,55,n_opposition_events,Opposition events,up_is_more_restrictive,55,0.16,0.00,0.00,0.00,0.00,1.00,0.46,0.00,2.00
state:WV,WV counties,55,n_moratorium_events,Moratorium events,up_is_more_restrictive,55,0.02,0.00,0.00,0.00,0.00,0.00,0.13,0.00,1.00
state:WV,WV counties,55,n_zoning_events,Zoning events,up_is_more_restrictive,55,0.02,0.00,0.00,0.00,0.00,0.00,0.13,0.00,1.00
state:WV,WV counties,55,n_ban_events,Ban events,up_is_more_restrictive,55,0.00,0.00,0.00,0.00,0.00,0.00,0.00,0.00,0.00
state:WV,WV counties,55,n_legislation_events,Legislation events,up_is_more_restrictive,55,0.04,0.00,0.00,0.00,0.00,0.00,0.19,0.00,1.00
state:WV,WV counties,55,n_lawsuit_events,Lawsuit events,up_is_more_restrictive,55,0.04,0.00,0.00,0.00,0.00,0.00,0.19,0.00,1.00
state:WV,WV counties,55,n_enacted_restrictive,Enacted restrictive actions,up_is_more_restrictive,55,0.02,0.00,0.00,0.00,0.00,0.00,0.13,0.00,1.00
state:WV,WV counties,55,state_legislation_events,Statewide legislation events,up_is_more_restrictive,55,4.00,4.00,4.00,4.00,4.00,4.00,0.00,4.00,4.00
state:WV,WV counties,55,n_projects_tracked,Projects tracked,neutral,55,0.22,0.00,0.00,0.00,0.00,1.00,0.46,0.00,2.00
state:WV,WV counties,55,n_projects_opposed,Projects opposed,up_is_more_restrictive,55,0.09,0.00,0.00,0.00,0.00,0.00,0.29,0.00,1.00
state:WV,WV counties,55,n_decided,Projects decided,neutral,55,0.04,0.00,0.00,0.00,0.00,0.00,0.19,0.00,1.00
state:WV,WV counties,55,n_blocked_confirmed,Projects blocked (confirmed),up_is_more_restrictive,55,0.00,0.00,0.00,0.00,0.00,0.00,0.00,0.00,0.00
state:WV,WV counties,55,n_advanced_confirmed,Projects advanced (confirmed),up_is_less_restrictive,55,0.04,0.00,0.00,0.00,0.00,0.00,0.19,0.00,1.00
state:WV,WV counties,55,n_restricted_conditional,Projects restricted or conditional,up_is_more_restrictive,55,0.00,0.00,0.00,0.00,0.00,0.00,0.00,0.00,0.00
state:WV,WV counties,55,opposition_events_per_100k,Opposition events per 100k residents,up_is_more_restrictive,55,0.92592,0.00000,0.00000,0.00000,0.00000,1.74889,4.19163,0.00000,29.85966
state:WV,WV counties,55,opposition_events_per_dc,Opposition events per data center record,up_is_more_restrictive,1,0.00000,0.00000,0.00000,0.00000,0.00000,0.00000,,0.00000,0.00000
state:WV,WV counties,55,opposed_share_of_tracked,Share of tracked projects opposed,up_is_more_restrictive,11,0.454545,0.000000,0.000000,0.000000,1.000000,1.000000,0.522233,0.000000,1.000000
state:WV,WV counties,55,blocked_share_of_decided,Share of decided projects blocked,up_is_more_restrictive,2,0.000000,0.000000,0.000000,0.000000,0.000000,0.000000,0.000000,0.000000,0.000000
state:WY,WY counties,23,calibrated_score,Restriction resemblance score,up_is_more_restrictive,23,0.065274,0.050500,0.035620,0.040150,0.075200,0.107660,0.038958,0.022000,0.200300
state:WY,WY counties,23,va_width,Score interval width,neutral,23,0.056091,0.046900,0.038860,0.044100,0.061250,0.068780,0.027610,0.025600,0.170300
state:WY,WY counties,23,population,Population,neutral,23,25207.00,14549.00,6935.80,8604.00,34649.00,45971.60,24498.55,2415.00,100661.00
state:WY,WY counties,23,pop_density_sqmi,Population density (per sq mi),neutral,23,6.5839,4.1300,1.8860,2.7100,7.3300,11.9960,7.6520,0.9200,37.4800
state:WY,WY counties,23,median_hh_income,Median household income,neutral,23,73360.04,70855.00,60967.20,64510.50,80918.00,87254.40,13681.58,48987.00,112681.00
state:WY,WY counties,23,pct_bachelors_plus,Bachelor's degree or higher (%),neutral,23,27.8204,24.1200,19.7400,21.6750,30.7000,34.6440,10.7435,18.0400,61.2200
state:WY,WY counties,23,margin_2024,2024 presidential margin,neutral,23,-0.554091,-0.612100,-0.769720,-0.704100,-0.516200,-0.334080,0.262828,-0.809800,0.352800
state:WY,WY counties,23,margin_2016,2016 presidential margin,neutral,23,-0.558183,-0.612100,-0.779160,-0.679700,-0.519550,-0.350060,0.248837,-0.815700,0.278700
state:WY,WY counties,23,land_sqmi,Land area (sq mi),neutral,23,4221.241,3996.846,2110.499,2460.683,4844.273,7706.005,2357.660,2004.431,10426.980
state:WY,WY counties,23,existing_dc_count,Data center records in the atlas,neutral,23,0.83,0.00,0.00,0.00,0.00,0.00,3.75,0.00,18.00
state:WY,WY counties,23,n_opposition_events,Opposition events,up_is_more_restrictive,23,0.26,0.00,0.00,0.00,0.00,0.00,1.05,0.00,5.00
state:WY,WY counties,23,n_moratorium_events,Moratorium events,up_is_more_restrictive,23,0.00,0.00,0.00,0.00,0.00,0.00,0.00,0.00,0.00
state:WY,WY counties,23,n_zoning_events,Zoning events,up_is_more_restrictive,23,0.00,0.00,0.00,0.00,0.00,0.00,0.00,0.00,0.00
state:WY,WY counties,23,n_ban_events,Ban events,up_is_more_restrictive,23,0.00,0.00,0.00,0.00,0.00,0.00,0.00,0.00,0.00
state:WY,WY counties,23,n_legislation_events,Legislation events,up_is_more_restrictive,23,0.00,0.00,0.00,0.00,0.00,0.00,0.00,0.00,0.00
state:WY,WY counties,23,n_lawsuit_events,Lawsuit events,up_is_more_restrictive,23,0.00,0.00,0.00,0.00,0.00,0.00,0.00,0.00,0.00
state:WY,WY counties,23,n_enacted_restrictive,Enacted restrictive actions,up_is_more_restrictive,23,0.00,0.00,0.00,0.00,0.00,0.00,0.00,0.00,0.00
state:WY,WY counties,23,state_legislation_events,Statewide legislation events,up_is_more_restrictive,23,2.00,2.00,2.00,2.00,2.00,2.00,0.00,2.00,2.00
state:WY,WY counties,23,n_projects_tracked,Projects tracked,neutral,23,0.83,0.00,0.00,0.00,0.00,0.00,3.75,0.00,18.00
state:WY,WY counties,23,n_projects_opposed,Projects opposed,up_is_more_restrictive,23,0.00,0.00,0.00,0.00,0.00,0.00,0.00,0.00,0.00
state:WY,WY counties,23,n_decided,Projects decided,neutral,23,0.00,0.00,0.00,0.00,0.00,0.00,0.00,0.00,0.00
state:WY,WY counties,23,n_blocked_confirmed,Projects blocked (confirmed),up_is_more_restrictive,23,0.00,0.00,0.00,0.00,0.00,0.00,0.00,0.00,0.00
state:WY,WY counties,23,n_advanced_confirmed,Projects advanced (confirmed),up_is_less_restrictive,23,0.00,0.00,0.00,0.00,0.00,0.00,0.00,0.00,0.00
state:WY,WY counties,23,n_restricted_conditional,Projects restricted or conditional,up_is_more_restrictive,23,0.00,0.00,0.00,0.00,0.00,0.00,0.00,0.00,0.00
state:WY,WY counties,23,opposition_events_per_100k,Opposition events per 100k residents,up_is_more_restrictive,23,0.42697,0.00000,0.00000,0.00000,0.00000,0.00000,1.41475,0.00000,4.96717
state:WY,WY counties,23,opposition_events_per_dc,Opposition events per data center record,up_is_more_restrictive,2,0.13889,0.13889,0.02778,0.06944,0.20833,0.25000,0.19642,0.00000,0.27778
state:WY,WY counties,23,opposed_share_of_tracked,Share of tracked projects opposed,up_is_more_restrictive,2,0.000000,0.000000,0.000000,0.000000,0.000000,0.000000,0.000000,0.000000,0.000000
tracked_activity,Counties with at least one tracked opposition event,701,calibrated_score,Restriction resemblance score,up_is_more_restrictive,701,0.217312,0.156500,0.056700,0.086700,0.284900,0.501200,0.177906,0.014300,0.933300
tracked_activity,Counties with at least one tracked opposition event,701,va_width,Score interval width,neutral,701,0.141147,0.090600,0.046900,0.060800,0.145700,0.333300,0.120170,0.021100,0.666700
tracked_activity,Counties with at least one tracked opposition event,701,population,Population,neutral,701,239787.25,83531.00,16067.00,33479.00,229463.00,585461.00,552443.11,812.00,9848406.00
tracked_activity,Counties with at least one tracked opposition event,701,pop_density_sqmi,Population density (per sq mi),neutral,701,565.4140,140.9400,21.9000,52.9800,396.3100,1129.2000,2958.1490,0.1200,71841.6500
tracked_activity,Counties with at least one tracked opposition event,701,median_hh_income,Median household income,neutral,701,74213.86,70147.00,54829.00,61346.00,81797.00,100678.00,19318.73,34501.00,178707.00
tracked_activity,Counties with at least one tracked opposition event,701,pct_bachelors_plus,Bachelor's degree or higher (%),neutral,701,29.2773,26.9800,17.0500,20.5500,35.6600,45.6300,11.3154,9.5200,68.2500
tracked_activity,Counties with at least one tracked opposition event,701,margin_2024,2024 presidential margin,neutral,697,-0.208681,-0.249600,-0.583980,-0.450300,-0.007800,0.244640,0.318337,-0.872700,0.860700
tracked_activity,Counties with at least one tracked opposition event,701,margin_2016,2016 presidential margin,neutral,701,-0.199267,-0.242800,-0.552000,-0.432300,-0.010700,0.246100,0.308918,-0.848900,0.887200
tracked_activity,Counties with at least one tracked opposition event,701,land_sqmi,Land area (sq mi),neutral,701,1097.162,568.409,283.855,413.135,868.230,1730.231,3748.518,6.904,88823.624
tracked_activity,Counties with at least one tracked opposition event,701,existing_dc_count,Data center records in the atlas,neutral,701,1.70,0.00,0.00,0.00,0.00,2.00,10.02,0.00,213.00
tracked_activity,Counties with at least one tracked opposition event,701,n_opposition_events,Opposition events,up_is_more_restrictive,701,2.09,1.00,1.00,1.00,2.00,4.00,2.39,1.00,27.00
tracked_activity,Counties with at least one tracked opposition event,701,n_moratorium_events,Moratorium events,up_is_more_restrictive,701,0.78,1.00,0.00,0.00,1.00,2.00,1.31,0.00,14.00
tracked_activity,Counties with at least one tracked opposition event,701,n_zoning_events,Zoning events,up_is_more_restrictive,701,0.46,0.00,0.00,0.00,1.00,1.00,0.88,0.00,9.00
tracked_activity,Counties with at least one tracked opposition event,701,n_ban_events,Ban events,up_is_more_restrictive,701,0.01,0.00,0.00,0.00,0.00,0.00,0.08,0.00,1.00
tracked_activity,Counties with at least one tracked opposition event,701,n_legislation_events,Legislation events,up_is_more_restrictive,701,0.15,0.00,0.00,0.00,0.00,0.00,0.65,0.00,8.00
tracked_activity,Counties with at least one tracked opposition event,701,n_lawsuit_events,Lawsuit events,up_is_more_restrictive,701,0.18,0.00,0.00,0.00,0.00,1.00,0.63,0.00,6.00
tracked_activity,Counties with at least one tracked opposition event,701,n_enacted_restrictive,Enacted restrictive actions,up_is_more_restrictive,701,0.68,1.00,0.00,0.00,1.00,1.00,0.95,0.00,12.00
tracked_activity,Counties with at least one tracked opposition event,701,state_legislation_events,Statewide legislation events,up_is_more_restrictive,701,3.04,3.00,1.00,1.00,4.00,5.00,2.72,0.00,14.00
tracked_activity,Counties with at least one tracked opposition event,701,n_projects_tracked,Projects tracked,neutral,701,2.11,0.00,0.00,0.00,1.00,3.00,10.08,0.00,213.00
tracked_activity,Counties with at least one tracked opposition event,701,n_projects_opposed,Projects opposed,up_is_more_restrictive,701,0.30,0.00,0.00,0.00,0.00,1.00,0.70,0.00,8.00
tracked_activity,Counties with at least one tracked opposition event,701,n_decided,Projects decided,neutral,701,0.14,0.00,0.00,0.00,0.00,1.00,0.55,0.00,7.00
tracked_activity,Counties with at least one tracked opposition event,701,n_blocked_confirmed,Projects blocked (confirmed),up_is_more_restrictive,701,0.06,0.00,0.00,0.00,0.00,0.00,0.36,0.00,6.00
tracked_activity,Counties with at least one tracked opposition event,701,n_advanced_confirmed,Projects advanced (confirmed),up_is_less_restrictive,701,0.09,0.00,0.00,0.00,0.00,0.00,0.41,0.00,7.00
tracked_activity,Counties with at least one tracked opposition event,701,n_restricted_conditional,Projects restricted or conditional,up_is_more_restrictive,701,0.00,0.00,0.00,0.00,0.00,0.00,0.00,0.00,0.00
tracked_activity,Counties with at least one tracked opposition event,701,median_days_to_decision,Median days to decision,neutral,5,213.20,192.00,86.00,98.00,206.00,377.60,165.67,78.00,492.00
tracked_activity,Counties with at least one tracked opposition event,701,opposition_events_per_100k,Opposition events per 100k residents,up_is_more_restrictive,701,4.75136,1.90771,0.33470,0.73831,4.14267,8.55469,15.44921,0.04062,329.48929
tracked_activity,Counties with at least one tracked opposition event,701,opposition_events_per_dc,Opposition events per data center record,up_is_more_restrictive,151,1.62306,1.00000,0.10345,0.33333,2.00000,4.00000,2.07299,0.02347,14.00000
tracked_activity,Counties with at least one tracked opposition event,701,opposed_share_of_tracked,Share of tracked projects opposed,up_is_more_restrictive,276,0.412673,0.225000,0.000000,0.000000,1.000000,1.000000,0.442861,0.000000,1.000000
tracked_activity,Counties with at least one tracked opposition event,701,blocked_share_of_decided,Share of decided projects blocked,up_is_more_restrictive,71,0.355634,0.000000,0.000000,0.000000,1.000000,1.000000,0.471816,0.000000,1.000000
