fips,state,county,report_year,n_utilities,utilities,ba_codes,regions,primary_region,region_split
01001,AL,Autauga,2023,3,"Alabama Power Co; Central Alabama Electric Coop; Pioneer Electric Coop, Inc - (AL)",SOCO,Southeast (non-RTO),Southeast (non-RTO),no
01003,AL,Baldwin,2023,6,"Alabama Power Co; Baldwin County El Member Corp; City of Fairhope - (AL); City of Robertsdale; Foley Board of Utilities; Southern Pine Elec Coop, Inc",SOCO,Southeast (non-RTO),Southeast (non-RTO),no
01005,AL,Barbour,2023,4,Alabama Power Co; Dixie Electric Coop - (AL); Pea River Electric Coop; Tallapoosa River Elec Coop Inc,SOCO,Southeast (non-RTO),Southeast (non-RTO),no
01007,AL,Bibb,2023,2,Alabama Power Co; Central Alabama Electric Coop,SOCO,Southeast (non-RTO),Southeast (non-RTO),no
01009,AL,Blount,2023,1,Alabama Power Co,SOCO,Southeast (non-RTO),Southeast (non-RTO),no
01011,AL,Bullock,2023,3,"Alabama Power Co; Dixie Electric Coop - (AL); South Alabama Elec Coop, Inc",SOCO,Southeast (non-RTO),Southeast (non-RTO),no
01013,AL,Butler,2023,3,"Alabama Power Co; Pioneer Electric Coop, Inc - (AL); South Alabama Elec Coop, Inc",SOCO,Southeast (non-RTO),Southeast (non-RTO),no
01015,AL,Calhoun,2023,4,Alabama Power Co; Cherokee Electric Coop - (AL); City of Piedmont - (AL); Coosa Valley Electric Coop Inc,SOCO; TVA,Southeast (non-RTO),Southeast (non-RTO),no
01017,AL,Chambers,2023,5,Alabama Power Co; City of Lafayette - (AL); City of Lanett - (AL); Diverse Power Incorporated; Tallapoosa River Elec Coop Inc,SOCO,Southeast (non-RTO),Southeast (non-RTO),no
01019,AL,Cherokee,2023,2,Alabama Power Co; Cherokee Electric Coop - (AL),SOCO; TVA,Southeast (non-RTO),Southeast (non-RTO),no
01021,AL,Chilton,2023,2,Alabama Power Co; Central Alabama Electric Coop,SOCO,Southeast (non-RTO),Southeast (non-RTO),no
01023,AL,Choctaw,2023,2,Alabama Power Co; Black Warrior Elec Member Corp,SOCO,Southeast (non-RTO),Southeast (non-RTO),no
01025,AL,Clarke,2023,3,Alabama Power Co; Black Warrior Elec Member Corp; Clarke-Washington E M C,SOCO,Southeast (non-RTO),Southeast (non-RTO),no
01027,AL,Clay,2023,3,Alabama Power Co; Coosa Valley Electric Coop Inc; Tallapoosa River Elec Coop Inc,SOCO,Southeast (non-RTO),Southeast (non-RTO),no
01029,AL,Cleburne,2023,2,Alabama Power Co; Tallapoosa River Elec Coop Inc,SOCO,Southeast (non-RTO),Southeast (non-RTO),no
01031,AL,Coffee,2023,6,"Alabama Power Co; City of Elba - (AL); Covington Electric Coop, Inc; Pea River Electric Coop; South Alabama Elec Coop, Inc; Wiregrass Electric Coop, Inc",SOCO,Southeast (non-RTO),Southeast (non-RTO),no
01033,AL,Colbert,2023,4,City of Muscle Shoals; City of Tuscumbia; Franklin Electric Coop - (AL); Sheffield Utilities,TVA,Southeast (non-RTO),Southeast (non-RTO),no
01035,AL,Conecuh,2023,4,"Alabama Power Co; City of Evergreen - (AL); Pioneer Electric Coop, Inc - (AL); Southern Pine Elec Coop, Inc",SOCO,Southeast (non-RTO),Southeast (non-RTO),no
01037,AL,Coosa,2023,2,Alabama Power Co; Central Alabama Electric Coop,SOCO,Southeast (non-RTO),Southeast (non-RTO),no
01039,AL,Covington,2023,7,"Alabama Power Co; City of Andalusia; City of Opp - (AL); Covington Electric Coop, Inc; Pioneer Electric Coop, Inc - (AL); Southern Pine Elec Coop, Inc; Wiregrass Electric Coop, Inc",SOCO,Southeast (non-RTO),Southeast (non-RTO),no
01041,AL,Crenshaw,2023,5,"Alabama Power Co; City of Luverne - (AL); Covington Electric Coop, Inc; Pioneer Electric Coop, Inc - (AL); South Alabama Elec Coop, Inc",SOCO,Southeast (non-RTO),Southeast (non-RTO),no
01043,AL,Cullman,2023,4,"Alabama Power Co; Arab Electric Coop Inc; Cullman Electric Coop, Inc; Cullman Power Board",TVA; SOCO,Southeast (non-RTO),Southeast (non-RTO),no
01045,AL,Dale,2023,6,"Alabama Power Co; City of Dothan - (AL); Covington Electric Coop, Inc; Pea River Electric Coop; South Alabama Elec Coop, Inc; Wiregrass Electric Coop, Inc",SOCO,Southeast (non-RTO),Southeast (non-RTO),no
01047,AL,Dallas,2023,4,"Alabama Power Co; Black Warrior Elec Member Corp; Central Alabama Electric Coop; Pioneer Electric Coop, Inc - (AL)",SOCO,Southeast (non-RTO),Southeast (non-RTO),no
01049,AL,DeKalb,2023,4,Cherokee Electric Coop - (AL); Fort Payne Improvement Authority; Marshall-De Kalb Electric Coop; Sand Mountain Electric Coop,TVA,Southeast (non-RTO),Southeast (non-RTO),no
01051,AL,Elmore,2023,2,Alabama Power Co; Central Alabama Electric Coop,SOCO,Southeast (non-RTO),Southeast (non-RTO),no
01053,AL,Escambia,2023,3,"Alabama Power Co; Covington Electric Coop, Inc; Southern Pine Elec Coop, Inc",SOCO,Southeast (non-RTO),Southeast (non-RTO),no
01055,AL,Etowah,2023,4,Alabama Power Co; Cherokee Electric Coop - (AL); Coosa Valley Electric Coop Inc; Marshall-De Kalb Electric Coop,SOCO; TVA,Southeast (non-RTO),Southeast (non-RTO),no
01057,AL,Fayette,2023,2,"Alabama Power Co; Tombigbee Electric Coop, Inc",SOCO,Southeast (non-RTO),Southeast (non-RTO),no
01059,AL,Franklin,2023,3,Alabama Power Co; City of Russellville - (AL); Franklin Electric Coop - (AL),TVA; SOCO,Southeast (non-RTO),Southeast (non-RTO),no
01061,AL,Geneva,2023,4,"Alabama Power Co; City of Hartford - (AL); Covington Electric Coop, Inc; Wiregrass Electric Coop, Inc",SOCO,Southeast (non-RTO),Southeast (non-RTO),no
01063,AL,Greene,2023,2,Alabama Power Co; Black Warrior Elec Member Corp,SOCO,Southeast (non-RTO),Southeast (non-RTO),no
01065,AL,Hale,2023,2,Alabama Power Co; Black Warrior Elec Member Corp,SOCO,Southeast (non-RTO),Southeast (non-RTO),no
01067,AL,Henry,2023,3,"Alabama Power Co; Pea River Electric Coop; Wiregrass Electric Coop, Inc",SOCO,Southeast (non-RTO),Southeast (non-RTO),no
01069,AL,Houston,2023,3,"Alabama Power Co; City of Dothan - (AL); Wiregrass Electric Coop, Inc",SOCO,Southeast (non-RTO),Southeast (non-RTO),no
01071,AL,Jackson,2023,3,City of Scottsboro - (AL); North Alabama Electric Coop; Sand Mountain Electric Coop,TVA,Southeast (non-RTO),Southeast (non-RTO),no
01073,AL,Jefferson,2023,3,Alabama Power Co; City of Bessemer Utilities; City of Tarrant,TVA; SOCO,Southeast (non-RTO),Southeast (non-RTO),no
01075,AL,Lamar,2023,2,"Alabama Power Co; Tombigbee Electric Coop, Inc",SOCO,Southeast (non-RTO),Southeast (non-RTO),no
01077,AL,Lauderdale,2023,1,City of Florence - (AL),TVA,Southeast (non-RTO),Southeast (non-RTO),no
01079,AL,Lawrence,2023,4,"Alabama Power Co; City of Courtland; Cullman Electric Coop, Inc; Joe Wheeler Elec Member Corp",TVA; SOCO,Southeast (non-RTO),Southeast (non-RTO),no
01081,AL,Lee,2023,4,Alabama Power Co; City of Opelika - (AL); Dixie Electric Coop - (AL); Tallapoosa River Elec Coop Inc,SOCO,Southeast (non-RTO),Southeast (non-RTO),no
01083,AL,Limestone,2023,1,City of Athens - (AL),TVA,Southeast (non-RTO),Southeast (non-RTO),no
01085,AL,Lowndes,2023,5,"Alabama Power Co; Central Alabama Electric Coop; Dixie Electric Coop - (AL); Pioneer Electric Coop, Inc - (AL); South Alabama Elec Coop, Inc",SOCO,Southeast (non-RTO),Southeast (non-RTO),no
01087,AL,Macon,2023,3,Alabama Power Co; City of Tuskegee; Dixie Electric Coop - (AL),SOCO,Southeast (non-RTO),Southeast (non-RTO),no
01089,AL,Madison,2023,1,City of Huntsville - (AL),TVA,Southeast (non-RTO),Southeast (non-RTO),no
01091,AL,Marengo,2023,2,Alabama Power Co; Black Warrior Elec Member Corp,SOCO,Southeast (non-RTO),Southeast (non-RTO),no
01093,AL,Marion,2023,2,"Alabama Power Co; Tombigbee Electric Coop, Inc",SOCO,Southeast (non-RTO),Southeast (non-RTO),no
01095,AL,Marshall,2023,8,Alabama Power Co; Albertville Municipal Utilities Board; Arab Electric Coop Inc; Cherokee Electric Coop - (AL); Guntersville Electric Board; Marshall-De Kalb Electric Coop; North Alabama Electric Coop; Sand Mountain Electric Coop,TVA; SOCO,Southeast (non-RTO),Southeast (non-RTO),no
01097,AL,Mobile,2023,2,Alabama Power Co; Singing River Elec Cooperative,SOCO,Southeast (non-RTO),Southeast (non-RTO),no
01099,AL,Monroe,2023,5,"Alabama Power Co; Baldwin County El Member Corp; Clarke-Washington E M C; Pioneer Electric Coop, Inc - (AL); Southern Pine Elec Coop, Inc",SOCO,Southeast (non-RTO),Southeast (non-RTO),no
01101,AL,Montgomery,2023,3,"Alabama Power Co; Dixie Electric Coop - (AL); South Alabama Elec Coop, Inc",SOCO,Southeast (non-RTO),Southeast (non-RTO),no
01103,AL,Morgan,2023,4,"City of Hartselle; Cullman Electric Coop, Inc; Decatur Utilities; Joe Wheeler Elec Member Corp",TVA,Southeast (non-RTO),Southeast (non-RTO),no
01105,AL,Perry,2023,3,Alabama Power Co; Black Warrior Elec Member Corp; Central Alabama Electric Coop,SOCO,Southeast (non-RTO),Southeast (non-RTO),no
01107,AL,Pickens,2023,2,Alabama Power Co; Black Warrior Elec Member Corp,SOCO,Southeast (non-RTO),Southeast (non-RTO),no
01109,AL,Pike,2023,4,"City of Brundidge - (AL); City of Troy - (AL); Dixie Electric Coop - (AL); South Alabama Elec Coop, Inc",SOCO,Southeast (non-RTO),Southeast (non-RTO),no
01111,AL,Randolph,2023,2,Alabama Power Co; Tallapoosa River Elec Coop Inc,SOCO,Southeast (non-RTO),Southeast (non-RTO),no
01113,AL,Russell,2023,2,Alabama Power Co; Tallapoosa River Elec Coop Inc,SOCO,Southeast (non-RTO),Southeast (non-RTO),no
01115,AL,St. Clair,2023,2,Alabama Power Co; Coosa Valley Electric Coop Inc,SOCO,Southeast (non-RTO),Southeast (non-RTO),no
01117,AL,Shelby,2023,2,Alabama Power Co; Coosa Valley Electric Coop Inc,SOCO,Southeast (non-RTO),Southeast (non-RTO),no
01119,AL,Sumter,2023,2,Alabama Power Co; Black Warrior Elec Member Corp,SOCO,Southeast (non-RTO),Southeast (non-RTO),no
01121,AL,Talladega,2023,4,Alabama Power Co; Central Alabama Electric Coop; Coosa Valley Electric Coop Inc; Sylacauga Utilities Board,SOCO,Southeast (non-RTO),Southeast (non-RTO),no
01123,AL,Tallapoosa,2023,5,Alabama Power Co; Central Alabama Electric Coop; City of Alexander City; Dixie Electric Coop - (AL); Tallapoosa River Elec Coop Inc,SOCO,Southeast (non-RTO),Southeast (non-RTO),no
01125,AL,Tuscaloosa,2023,2,Alabama Power Co; Black Warrior Elec Member Corp,SOCO,Southeast (non-RTO),Southeast (non-RTO),no
01127,AL,Walker,2023,1,Alabama Power Co,SOCO,Southeast (non-RTO),Southeast (non-RTO),no
01129,AL,Washington,2023,4,Alabama Power Co; Black Warrior Elec Member Corp; Clarke-Washington E M C; Singing River Elec Cooperative,SOCO,Southeast (non-RTO),Southeast (non-RTO),no
01131,AL,Wilcox,2023,4,"Alabama Power Co; Black Warrior Elec Member Corp; Clarke-Washington E M C; Pioneer Electric Coop, Inc - (AL)",SOCO,Southeast (non-RTO),Southeast (non-RTO),no
01133,AL,Winston,2023,2,"Alabama Power Co; Cullman Electric Coop, Inc",SOCO; TVA,Southeast (non-RTO),Southeast (non-RTO),no
02013,AK,Aleutians East,2023,4,City of Akutan - (AK); City of King Cove; City of Unalaska - (AK); Nelson Lagoon Elec Coop Inc,,,,no
02016,AK,Aleutians West,2023,2,City of Atka - (AK); City of Saint Paul - (AK),,,,no
02020,AK,Anchorage,2023,2,Chugach Electric Assn Inc; Matanuska Electric Assn Inc,CEA,Southeast (non-RTO),Southeast (non-RTO),no
02050,AK,Bethel,2023,10,"Akiachak Native Community Electric; Alaska Village Elec Coop, Inc; Aniak Light & Power Co Inc; Atmautluak Tribal Utilities; City of Chefornak; Kuiggluum Kallugvia; Kwig Power Company; Middle Kuskokwim Elec Coop Inc",,,,no
02060,AK,Bristol Bay,2023,1,"Naknek Electric Assn, Inc",,,,no
02068,AK,Denali,2023,1,Golden Valley Elec Assn Inc,,,,no
02070,AK,Dillingham,2023,3,"Alaska Village Elec Coop, Inc; Manokotak Power Company; Nushagak Electric Coop, Inc",,,,no
02090,AK,Fairbanks North Star,2023,2,"G & K, Inc; Golden Valley Elec Assn Inc",,,,no
02100,AK,Haines,2023,2,"Alaska Power and Telephone Co; Inside Passage Elec Coop, Inc",,,,no
02105,AK,Hoonah-Angoon,2023,5,"Alaska Power and Telephone Co; City of Elfin Cove - (AK); City of Tenakee Springs - (AK); Inside Passage Elec Coop, Inc; Pelican Utility",,,,no
02110,AK,Juneau,2023,1,Alaska Electric Light & Power Co.,,,,no
02122,AK,Kenai Peninsula,2023,3,Chugach Electric Assn Inc; City of Seward - (AK); Homer Electric Assn Inc,CEA,Southeast (non-RTO),Southeast (non-RTO),no
02130,AK,Ketchikan Gateway,2023,1,Ketchikan Public Utilities,,,,no
02150,AK,Kodiak Island,2023,4,"Alaska Village Elec Coop, Inc; City of Larsen Bay - (AK); City of Ouzinkie - (AK); Kodiak Electric Assn Inc",AMPL,Southeast (non-RTO),Southeast (non-RTO),no
02158,AK,Kusilvak,2023,1,"Alaska Village Elec Coop, Inc",,,,no
02164,AK,Lake and Peninsula,2023,6,"City of Egegik - (AK); I-N-N Electric Coop, Inc; Igiugig Electric Company; Kokhanok Village Council; Native Village of Perryville - (AK); Pedro Bay Village Council - (AK)",,,,no
02170,AK,Matanuska-Susitna,2023,1,Matanuska Electric Assn Inc,,,,no
02180,AK,Nome,2023,4,"Alaska Village Elec Coop, Inc; City of White Mountain - (AK); Nome Joint Utility Systems; Unalakleet Valley Elec Coop",,,,no
02185,AK,North Slope,2023,3,"Barrow Utils & Elec Coop, Inc; North Slope Borough Power & Light; TDX North Slope Generating Co",,,,no
02188,AK,Northwest Arctic,2023,3,"Alaska Village Elec Coop, Inc; Ipnatchiaq Electric Company; Kotzebue Electric Assn Inc",,,,no
02198,AK,Prince of Wales-Hyder,2023,2,Alaska Power and Telephone Co; Metlakatla Power & Light,,,,no
02220,AK,Sitka,2023,1,City & Borough of Sitka - (AK),,,,no
02240,AK,Southeast Fairbanks,2023,1,Golden Valley Elec Assn Inc,,,,no
02261,AK,Valdez-Cordova,2023,5,"Birch Creek Village Elec Util - (AK); Chitina Electric Inc; Copper Valley Elec Assn, Inc; Cordova Electric Coop, Inc; Tatitlek Electric Utility",,,,no
02275,AK,Wrangell,2023,4,"City of Chignik - (AK); City of Wrangell - (AK); Inside Passage Elec Coop, Inc; Petersburg Borough - (AK)",,,,no
02282,AK,Yakutat,2023,1,"Alaska Village Elec Coop, Inc",,,,no
02290,AK,Yukon-Koyukuk,2023,10,"Alaska Power and Telephone Co; Alaska Village Elec Coop, Inc; Galena Electric Utility; Gold Country Energy; Golden Valley Elec Assn Inc; Gwitchyaa Zhee Utility Co; Hughes Power & Light Co; McGrath Light & Power Co",,,,no
04001,AZ,Apache,2023,4,"Arizona Public Service Co; Navajo Tribal Utility Authority; Navopache Electric Coop, Inc; WAPA-- Western Area Power Administration",AZPS; PACE; TEPC; WALC,West (non-RTO),West (non-RTO),no
04003,AZ,Cochise,2023,5,"Arizona Public Service Co; Columbus Electric Coop, Inc; Sulphur Springs Valley E C Inc; Tucson Electric Power Co; WAPA-- Western Area Power Administration",WALC; AZPS; PNM; TEPC,West (non-RTO),West (non-RTO),no
04005,AZ,Coconino,2023,8,"Arizona Public Service Co; City of Fredonia - (AZ); City of Williams - AZ; Garkane Energy Coop, Inc; Mohave Electric Cooperative, Inc.; Navajo Tribal Utility Authority; Page Utility Enterprises; WAPA-- Western Area Power Administration",WALC; AZPS; PACE,West (non-RTO),West (non-RTO),no
04007,AZ,Gila,2023,5,"Arizona Public Service Co; Navopache Electric Coop, Inc; Salt River Project; USBIA-San Carlos Project; WAPA-- Western Area Power Administration",WALC; AZPS; TEPC; SRP,West (non-RTO),West (non-RTO),no
04009,AZ,Graham,2023,7,"Arizona Public Service Co; City of Safford - (AZ); Duncan Valley Elec Coop, Inc; Graham County Electric Coop Inc; Sulphur Springs Valley E C Inc; Town of Thatcher- (AZ); USBIA-San Carlos Project",WALC; AZPS,West (non-RTO),West (non-RTO),no
04011,AZ,Greenlee,2023,4,"Arizona Public Service Co; Duncan Valley Elec Coop, Inc; Morenci Water and Electric; Navopache Electric Coop, Inc",WALC; AZPS; TEPC,West (non-RTO),West (non-RTO),no
04012,AZ,La Paz,2023,4,Colorado River Indian Irr Proj; McMullen Valley Water C&D Dist; Southern California Edison Co; WAPA-- Western Area Power Administration,WALC; AZPS,West (non-RTO),West (non-RTO),no
04013,AZ,Maricopa,2023,13,Arizona Public Service Co; Buckeye Water C&D District; City of Mesa - (AZ); Electrical Dist No8 Maricopa; Gila River Indian Utility Authority (GRICUA); Harquahala Valley Pwr District; Maricopa County M W C Dist #1; Ocotillo Water Conserv. Dist.,AZPS; WALC; SRP,West (non-RTO),West (non-RTO),no
04015,AZ,Mohave,2023,7,"Aha Macav Power Service; Arizona Public Service Co; Dixie Escalante R E A, Inc; Garkane Energy Coop, Inc; Mohave Electric Cooperative, Inc.; UNS Electric, Inc; WAPA-- Western Area Power Administration",WALC; AZPS; TEPC; PACE,West (non-RTO),West (non-RTO),no
04017,AZ,Navajo,2023,4,"Arizona Public Service Co; Navajo Tribal Utility Authority; Navopache Electric Coop, Inc; WAPA-- Western Area Power Administration",AZPS; PACE; TEPC; WALC,West (non-RTO),West (non-RTO),no
04019,AZ,Pima,2023,8,Ajo Improvement Co; Arizona Public Service Co; Sulphur Springs Valley E C Inc; Tohono O'Odham Utility Authority; Trico Electric Cooperative Inc; Tucson Electric Power Co; USBIA-San Carlos Project; WAPA-- Western Area Power Administration,WALC; AZPS; TEPC,West (non-RTO),West (non-RTO),no
04021,AZ,Pinal,2023,12,Ak-Chin Electric Utility Authority; Arizona Public Service Co; Electrical Dist No2 Pinal County; Electrical Dist No3 Pinal County; Electrical Dist No4 Pinal County; Gila River Indian Utility Authority (GRICUA); Hohokam Irr & Drain Dist; Salt River Project,WALC; AZPS; SRP,West (non-RTO),West (non-RTO),no
04023,AZ,Santa Cruz,2023,4,"Arizona Public Service Co; Sulphur Springs Valley E C Inc; Trico Electric Cooperative Inc; UNS Electric, Inc",WALC; AZPS; TEPC,West (non-RTO),West (non-RTO),no
04025,AZ,Yavapai,2023,3,"Arizona Public Service Co; Mohave Electric Cooperative, Inc.; WAPA-- Western Area Power Administration",WALC; AZPS,West (non-RTO),West (non-RTO),no
04027,AZ,Yuma,2023,3,Arizona Public Service Co; WAPA-- Western Area Power Administration; Wellton-Mohawk Irr & Drain Dist,WALC; AZPS,West (non-RTO),West (non-RTO),no
05001,AR,Arkansas,2023,3,C & L Electric Coop Corp; Entergy Arkansas LLC; First Electric Coop Corp,MISO,MISO,MISO,no
05003,AR,Ashley,2023,2,"Ashley Chicot Elec Coop, Inc; Entergy Arkansas LLC",MISO,MISO,MISO,no
05005,AR,Baxter,2023,2,"Entergy Arkansas LLC; North Arkansas Elec Coop, Inc",MISO,MISO,MISO,no
05007,AR,Benton,2023,6,Carroll Electric Coop Corp - (AR); City of Bentonville - (AR); City of Siloam Springs - (AR); Empire District Electric Co; Ozarks Electric Coop Corp - (AR); Southwestern Electric Power Co,SWPP,SPP,SPP,no
05009,AR,Boone,2023,2,Carroll Electric Coop Corp - (AR); Entergy Arkansas LLC,MISO; SWPP,MISO; SPP,MISO,yes
05011,AR,Bradley,2023,3,C & L Electric Coop Corp; Entergy Arkansas LLC; Ouachita Electric Coop Corp,MISO,MISO,MISO,no
05013,AR,Calhoun,2023,2,Entergy Arkansas LLC; Ouachita Electric Coop Corp,MISO,MISO,MISO,no
05015,AR,Carroll,2023,3,Carroll Electric Coop Corp - (AR); Entergy Arkansas LLC; Southwestern Electric Power Co,SWPP; MISO,SPP; MISO,SPP,yes
05017,AR,Chicot,2023,2,"Ashley Chicot Elec Coop, Inc; Entergy Arkansas LLC",MISO,MISO,MISO,no
05019,AR,Clark,2023,2,"Entergy Arkansas LLC; South Central Ark El Coop, Inc",MISO,MISO,MISO,no
05021,AR,Clay,2023,3,City of Piggott - (AR); Clay County Electric Coop Corp - (AR); Entergy Arkansas LLC,MISO; SPA,MISO; Southeast (non-RTO),MISO,yes
05023,AR,Cleburne,2023,3,Entergy Arkansas LLC; First Electric Coop Corp; Petit Jean Electric Coop Corp,MISO,MISO,MISO,no
05025,AR,Cleveland,2023,2,C & L Electric Coop Corp; Entergy Arkansas LLC,MISO,MISO,MISO,no
05027,AR,Columbia,2023,2,Entergy Arkansas LLC; Southwest Arkansas E C C,MISO,MISO,MISO,no
05029,AR,Conway,2023,3,Entergy Arkansas LLC; First Electric Coop Corp; Petit Jean Electric Coop Corp,MISO,MISO,MISO,no
05031,AR,Craighead,2023,3,City Water and Light Plant; Craighead Electric Coop Corp; Entergy Arkansas LLC,MISO,MISO,MISO,no
05033,AR,Crawford,2023,3,Arkansas Valley Elec Coop Corp; Oklahoma Gas & Electric Co; Ozarks Electric Coop Corp - (AR),SWPP,SPP,SPP,no
05035,AR,Crittenden,2023,3,City of West Memphis - (AR); Craighead Electric Coop Corp; Entergy Arkansas LLC,MISO; AECI,MISO; Southeast (non-RTO),MISO,yes
05037,AR,Cross,2023,2,Entergy Arkansas LLC; Woodruff Electric Coop Corp,MISO,MISO,MISO,no
05039,AR,Dallas,2023,4,"C & L Electric Coop Corp; Entergy Arkansas LLC; Ouachita Electric Coop Corp; South Central Ark El Coop, Inc",MISO,MISO,MISO,no
05041,AR,Desha,2023,2,C & L Electric Coop Corp; Entergy Arkansas LLC,MISO,MISO,MISO,no
05043,AR,Drew,2023,3,"Ashley Chicot Elec Coop, Inc; C & L Electric Coop Corp; Entergy Arkansas LLC",MISO,MISO,MISO,no
05045,AR,Faulkner,2023,4,Conway Corporation; Entergy Arkansas LLC; First Electric Coop Corp; Petit Jean Electric Coop Corp,MISO,MISO,MISO,no
05047,AR,Franklin,2023,3,Arkansas Valley Elec Coop Corp; Oklahoma Gas & Electric Co; Ozarks Electric Coop Corp - (AR),SWPP,SPP,SPP,no
05049,AR,Fulton,2023,2,"Entergy Arkansas LLC; North Arkansas Elec Coop, Inc",MISO,MISO,MISO,no
05051,AR,Garland,2023,2,Entergy Arkansas LLC; First Electric Coop Corp,MISO,MISO,MISO,no
05053,AR,Grant,2023,3,C & L Electric Coop Corp; Entergy Arkansas LLC; First Electric Coop Corp,MISO,MISO,MISO,no
05055,AR,Greene,2023,4,Clay County Electric Coop Corp - (AR); Craighead Electric Coop Corp; Entergy Arkansas LLC; Paragould Light & Water Comm,MISO; SPA,MISO; Southeast (non-RTO),MISO,yes
05057,AR,Hempstead,2023,5,"City of Hope - (AR); Entergy Arkansas LLC; South Central Ark El Coop, Inc; Southwest Arkansas E C C; Southwestern Electric Power Co",MISO; SWPP,MISO; SPP,MISO,yes
05059,AR,Hot Spring,2023,2,"Entergy Arkansas LLC; South Central Ark El Coop, Inc",MISO,MISO,MISO,no
05061,AR,Howard,2023,4,"Rich Mountain Elec Coop, Inc; South Central Ark El Coop, Inc; Southwest Arkansas E C C; Southwestern Electric Power Co",MISO; SWPP,MISO; SPP,MISO,yes
05063,AR,Independence,2023,4,Craighead Electric Coop Corp; Entergy Arkansas LLC; Farmers Electric Coop Corp - (AR); First Electric Coop Corp,MISO,MISO,MISO,no
05065,AR,Izard,2023,2,"Entergy Arkansas LLC; North Arkansas Elec Coop, Inc",MISO,MISO,MISO,no
05067,AR,Jackson,2023,2,Entergy Arkansas LLC; Farmers Electric Coop Corp - (AR),MISO,MISO,MISO,no
05069,AR,Jefferson,2023,3,C & L Electric Coop Corp; Entergy Arkansas LLC; First Electric Coop Corp,MISO,MISO,MISO,no
05071,AR,Johnson,2023,4,Arkansas Valley Elec Coop Corp; Clarksville Connected Utilities; Entergy Arkansas LLC; Oklahoma Gas & Electric Co,SWPP; MISO,SPP; MISO,SPP,yes
05073,AR,Lafayette,2023,3,Entergy Arkansas LLC; Southwest Arkansas E C C; Southwestern Electric Power Co,MISO; SWPP,MISO; SPP,MISO,yes
05075,AR,Lawrence,2023,3,"Craighead Electric Coop Corp; Entergy Arkansas LLC; North Arkansas Elec Coop, Inc",MISO,MISO,MISO,no
05077,AR,Lee,2023,2,Entergy Arkansas LLC; Woodruff Electric Coop Corp,MISO,MISO,MISO,no
05079,AR,Lincoln,2023,2,C & L Electric Coop Corp; Entergy Arkansas LLC,MISO,MISO,MISO,no
05081,AR,Little River,2023,2,Southwest Arkansas E C C; Southwestern Electric Power Co,MISO; SWPP,MISO; SPP,MISO,yes
05083,AR,Logan,2023,5,Arkansas Valley Elec Coop Corp; City of Paris - (AR); Entergy Arkansas LLC; Oklahoma Gas & Electric Co; Southwestern Electric Power Co,SWPP; MISO,SPP; MISO,SPP,yes
05085,AR,Lonoke,2023,2,Entergy Arkansas LLC; First Electric Coop Corp,MISO,MISO,MISO,no
05087,AR,Madison,2023,3,Arkansas Valley Elec Coop Corp; Carroll Electric Coop Corp - (AR); Ozarks Electric Coop Corp - (AR),SWPP,SPP,SPP,no
05089,AR,Marion,2023,3,"Entergy Arkansas LLC; North Arkansas Elec Coop, Inc; Petit Jean Electric Coop Corp",MISO,MISO,MISO,no
05091,AR,Miller,2023,3,Entergy Arkansas LLC; Southwest Arkansas E C C; Southwestern Electric Power Co,MISO; SWPP,MISO; SPP,MISO,yes
05093,AR,Mississippi,2023,3,City of Osceola - (AR); Entergy Arkansas LLC; Mississippi County Electric Co,MISO,MISO,MISO,no
05095,AR,Monroe,2023,3,Entergy Arkansas LLC; First Electric Coop Corp; Woodruff Electric Coop Corp,MISO,MISO,MISO,no
05097,AR,Montgomery,2023,3,"Entergy Arkansas LLC; Rich Mountain Elec Coop, Inc; South Central Ark El Coop, Inc",MISO,MISO,MISO,no
05099,AR,Nevada,2023,4,"City of Prescott - (AR); Entergy Arkansas LLC; Ouachita Electric Coop Corp; South Central Ark El Coop, Inc",MISO,MISO,MISO,no
05101,AR,Newton,2023,4,Arkansas Valley Elec Coop Corp; Carroll Electric Coop Corp - (AR); Entergy Arkansas LLC; Petit Jean Electric Coop Corp,MISO; SWPP,MISO; SPP,MISO,yes
05103,AR,Ouachita,2023,2,Entergy Arkansas LLC; Ouachita Electric Coop Corp,MISO,MISO,MISO,no
05105,AR,Perry,2023,2,Entergy Arkansas LLC; First Electric Coop Corp,MISO,MISO,MISO,no
05107,AR,Phillips,2023,2,Entergy Arkansas LLC; Woodruff Electric Coop Corp,MISO,MISO,MISO,no
05109,AR,Pike,2023,3,"Entergy Arkansas LLC; South Central Ark El Coop, Inc; Southwestern Electric Power Co",MISO; SWPP,MISO; SPP,MISO,yes
05111,AR,Poinsett,2023,3,Craighead Electric Coop Corp; Entergy Arkansas LLC; Farmers Electric Coop Corp - (AR),MISO,MISO,MISO,no
05113,AR,Polk,2023,3,"Rich Mountain Elec Coop, Inc; Southwest Arkansas E C C; Southwestern Electric Power Co",MISO; SWPP,MISO; SPP,MISO,yes
05115,AR,Pope,2023,4,Arkansas Valley Elec Coop Corp; Carroll Electric Coop Corp - (AR); Entergy Arkansas LLC; Petit Jean Electric Coop Corp,MISO; SWPP,MISO; SPP,MISO,yes
05117,AR,Prairie,2023,3,Entergy Arkansas LLC; First Electric Coop Corp; Woodruff Electric Coop Corp,MISO,MISO,MISO,no
05119,AR,Pulaski,2023,3,City of North Little Rock - (AR); Entergy Arkansas LLC; First Electric Coop Corp,MISO,MISO,MISO,no
05121,AR,Randolph,2023,3,Clay County Electric Coop Corp - (AR); Craighead Electric Coop Corp; Entergy Arkansas LLC,MISO,MISO,MISO,no
05123,AR,St. Francis,2023,2,Entergy Arkansas LLC; Woodruff Electric Coop Corp,MISO,MISO,MISO,no
05125,AR,Saline,2023,3,City of Benton - (AR); Entergy Arkansas LLC; First Electric Coop Corp,MISO,MISO,MISO,no
05127,AR,Scott,2023,4,Arkansas Valley Elec Coop Corp; Entergy Arkansas LLC; Oklahoma Gas & Electric Co; Southwestern Electric Power Co,SWPP; MISO,SPP; MISO,SPP,yes
05129,AR,Searcy,2023,2,Entergy Arkansas LLC; Petit Jean Electric Coop Corp,MISO,MISO,MISO,no
05131,AR,Sebastian,2023,3,Arkansas Valley Elec Coop Corp; Oklahoma Gas & Electric Co; Southwestern Electric Power Co,SWPP,SPP,SPP,no
05133,AR,Sevier,2023,3,"Rich Mountain Elec Coop, Inc; Southwest Arkansas E C C; Southwestern Electric Power Co",MISO; SWPP,MISO; SPP,MISO,yes
05135,AR,Sharp,2023,4,"Clay County Electric Coop Corp - (AR); Craighead Electric Coop Corp; Entergy Arkansas LLC; North Arkansas Elec Coop, Inc",MISO,MISO,MISO,no
05137,AR,Stone,2023,4,"Entergy Arkansas LLC; First Electric Coop Corp; North Arkansas Elec Coop, Inc; Petit Jean Electric Coop Corp",MISO,MISO,MISO,no
05139,AR,Union,2023,1,Entergy Arkansas LLC,MISO,MISO,MISO,no
05141,AR,Van Buren,2023,2,Entergy Arkansas LLC; Petit Jean Electric Coop Corp,MISO,MISO,MISO,no
05143,AR,Washington,2023,5,Arkansas Valley Elec Coop Corp; Carroll Electric Coop Corp - (AR); Oklahoma Gas & Electric Co; Ozarks Electric Coop Corp - (AR); Southwestern Electric Power Co,SWPP,SPP,SPP,no
05145,AR,White,2023,3,Entergy Arkansas LLC; Farmers Electric Coop Corp - (AR); First Electric Coop Corp,MISO,MISO,MISO,no
05147,AR,Woodruff,2023,4,City of Augusta - (AR); Entergy Arkansas LLC; Farmers Electric Coop Corp - (AR); Woodruff Electric Coop Corp,MISO,MISO,MISO,no
05149,AR,Yell,2023,3,Arkansas Valley Elec Coop Corp; Entergy Arkansas LLC; First Electric Coop Corp,MISO; SWPP,MISO; SPP,MISO,yes
06001,CA,Alameda,2023,4,Alameda Municipal Power; Pacific Gas & Electric Co.; Port of Oakland; WAPA-- Western Area Power Administration,CISO; WALC,CAISO; West (non-RTO),CAISO,yes
06003,CA,Alpine,2023,3,Kirkwood Meadows PUD; Liberty Utilities; Pacific Gas & Electric Co.,CISO,CAISO,CAISO,no
06005,CA,Amador,2023,2,Kirkwood Meadows PUD; Pacific Gas & Electric Co.,CISO,CAISO,CAISO,no
06007,CA,Butte,2023,4,City of Biggs - (CA); City of Gridley - (CA); Pacific Gas & Electric Co.; WAPA-- Western Area Power Administration,CISO; WALC,CAISO; West (non-RTO),CAISO,yes
06009,CA,Calaveras,2023,2,Pacific Gas & Electric Co.; WAPA-- Western Area Power Administration,CISO; WALC,CAISO; West (non-RTO),CAISO,yes
06011,CA,Colusa,2023,2,Pacific Gas & Electric Co.; WAPA-- Western Area Power Administration,CISO; WALC,CAISO; West (non-RTO),CAISO,yes
06013,CA,Contra Costa,2023,2,Pacific Gas & Electric Co.; WAPA-- Western Area Power Administration,CISO; WALC,CAISO; West (non-RTO),CAISO,yes
06015,CA,Del Norte,2023,1,PacifiCorp,PACW,West (non-RTO),West (non-RTO),no
06017,CA,El Dorado,2023,2,Liberty Utilities; Pacific Gas & Electric Co.,CISO,CAISO,CAISO,no
06019,CA,Fresno,2023,4,Kings River Conservation Dist; Pacific Gas & Electric Co.; Southern California Edison Co; WAPA-- Western Area Power Administration,CISO; WALC,CAISO; West (non-RTO),CAISO,yes
06021,CA,Glenn,2023,2,Pacific Gas & Electric Co.; WAPA-- Western Area Power Administration,CISO; WALC,CAISO; West (non-RTO),CAISO,yes
06023,CA,Humboldt,2023,2,Pacific Gas & Electric Co.; Shelter Cove Resort Improvement Dist No. 1,CISO,CAISO,CAISO,no
06025,CA,Imperial,2023,3,Imperial Irrigation District; Southern California Edison Co; WAPA-- Western Area Power Administration,IID; CISO; WALC,West (non-RTO); CAISO,West (non-RTO),yes
06027,CA,Inyo,2023,3,"Los Angeles Department of Water & Power; Southern California Edison Co; Valley Electric Assn, Inc",LDWP; CISO; NEVP,West (non-RTO); CAISO,West (non-RTO),yes
06029,CA,Kern,2023,2,Pacific Gas & Electric Co.; Southern California Edison Co,CISO,CAISO,CAISO,no
06031,CA,Kings,2023,2,Pacific Gas & Electric Co.; Southern California Edison Co,CISO,CAISO,CAISO,no
06033,CA,Lake,2023,1,Pacific Gas & Electric Co.,CISO,CAISO,CAISO,no
06035,CA,Lassen,2023,5,Lassen Municipal Utility District; Pacific Gas & Electric Co.; Plumas-Sierra Rural Elec Coop; Surprise Valley Electrification; WAPA-- Western Area Power Administration,CISO; PACW; WALC,CAISO; West (non-RTO),CAISO,yes
06037,CA,Los Angeles,2023,7,City of Azusa; City of Burbank Water and Power; City of Glendale - (CA); City of Pasadena - (CA); City of Vernon; Los Angeles Department of Water & Power; Southern California Edison Co,CISO; LDWP,CAISO; West (non-RTO),CAISO,yes
06039,CA,Madera,2023,3,Pacific Gas & Electric Co.; Southern California Edison Co; WAPA-- Western Area Power Administration,CISO; WALC,CAISO; West (non-RTO),CAISO,yes
06041,CA,Marin,2023,1,Pacific Gas & Electric Co.,CISO,CAISO,CAISO,no
06043,CA,Mariposa,2023,1,Pacific Gas & Electric Co.,CISO,CAISO,CAISO,no
06045,CA,Mendocino,2023,2,City of Ukiah - (CA); Pacific Gas & Electric Co.,CISO,CAISO,CAISO,no
06047,CA,Merced,2023,4,Merced Irrigation District; Pacific Gas & Electric Co.; Turlock Irrigation District; WAPA-- Western Area Power Administration,CISO; TIDC; WALC,CAISO; West (non-RTO),CAISO,yes
06049,CA,Modoc,2023,4,PacifiCorp; Pacific Gas & Electric Co.; Surprise Valley Electrification; WAPA-- Western Area Power Administration,PACW; CISO; WALC,West (non-RTO); CAISO,West (non-RTO),yes
06051,CA,Mono,2023,3,"Liberty Utilities; Southern California Edison Co; Valley Electric Assn, Inc",CISO; NEVP,CAISO; West (non-RTO),CAISO,yes
06053,CA,Monterey,2023,2,Central Coast Community Energy; Pacific Gas & Electric Co.,CISO,CAISO,CAISO,no
06055,CA,Napa,2023,1,Pacific Gas & Electric Co.,CISO,CAISO,CAISO,no
06057,CA,Nevada,2023,3,Liberty Utilities; Pacific Gas & Electric Co.; Truckee Donner P U D,CISO; NEVP,CAISO; West (non-RTO),CAISO,yes
06059,CA,Orange,2023,3,City of Anaheim - (CA); San Diego Gas & Electric Co; Southern California Edison Co,CISO,CAISO,CAISO,no
06061,CA,Placer,2023,6,City of Roseville - (CA); Liberty Utilities; Pacific Gas & Electric Co.; Sacramento Municipal Util Dist; Truckee Donner P U D; WAPA-- Western Area Power Administration,CISO; BANC; NEVP; WALC,West (non-RTO); CAISO,West (non-RTO),yes
06063,CA,Plumas,2023,3,Liberty Utilities; Pacific Gas & Electric Co.; Plumas-Sierra Rural Elec Coop,CISO,CAISO,CAISO,no
06065,CA,Riverside,2023,8,Anza Electric Coop Inc; City of Banning - (CA); City of Corona - (CA); City of Moreno Valley - (CA); City of Riverside - (CA); Imperial Irrigation District; Southern California Edison Co; WAPA-- Western Area Power Administration,CISO; WALC; IID,CAISO; West (non-RTO),CAISO,yes
06067,CA,Sacramento,2023,3,Pacific Gas & Electric Co.; Sacramento Municipal Util Dist; WAPA-- Western Area Power Administration,CISO; BANC; WALC,West (non-RTO); CAISO,West (non-RTO),yes
06069,CA,San Benito,2023,2,Central Coast Community Energy; Pacific Gas & Electric Co.,CISO,CAISO,CAISO,no
06071,CA,San Bernardino,2023,11,Aha Macav Power Service; Bear Valley Electric Service; City of Colton - (CA); City of Needles - (CA); City of Victorville - (CA); Colorado River Indian Irr Proj; DOD USMC Marine Air Ground Combat; Pacific Gas & Electric Co.,CISO; WALC,CAISO; West (non-RTO),CAISO,yes
06073,CA,San Diego,2023,5,City of Escondido - (CA); Imperial Irrigation District; Pacific Gas & Electric Co.; San Diego Gas & Electric Co; Southern California Edison Co,CISO; IID,CAISO; West (non-RTO),CAISO,yes
06075,CA,San Francisco,2023,2,City & County of San Francisco; Pacific Gas & Electric Co.,CISO,CAISO,CAISO,no
06077,CA,San Joaquin,2023,6,City of Lodi - (CA); Lathrop Irrigation District; Modesto Irrigation District; Pacific Gas & Electric Co.; Port of Stockton - (CA); WAPA-- Western Area Power Administration,CISO; BANC; WALC,CAISO; West (non-RTO),CAISO,yes
06079,CA,San Luis Obispo,2023,2,Central Coast Community Energy; Pacific Gas & Electric Co.,CISO,CAISO,CAISO,no
06081,CA,San Mateo,2023,2,City & County of San Francisco; Pacific Gas & Electric Co.,CISO,CAISO,CAISO,no
06083,CA,Santa Barbara,2023,4,Central Coast Community Energy; City of Lompoc - (CA); Pacific Gas & Electric Co.; Southern California Edison Co,CISO,CAISO,CAISO,no
06085,CA,Santa Clara,2023,4,City of Palo Alto - (CA); City of Santa Clara - (CA); Pacific Gas & Electric Co.; WAPA-- Western Area Power Administration,CISO; WALC,CAISO; West (non-RTO),CAISO,yes
06087,CA,Santa Cruz,2023,2,Central Coast Community Energy; Pacific Gas & Electric Co.,CISO,CAISO,CAISO,no
06089,CA,Shasta,2023,5,City of Redding - (CA); City of Shasta Lake - (CA); PacifiCorp; Pacific Gas & Electric Co.; WAPA-- Western Area Power Administration,BANC; CISO; PACW; WALC,West (non-RTO); CAISO,West (non-RTO),yes
06091,CA,Sierra,2023,3,Liberty Utilities; Pacific Gas & Electric Co.; Plumas-Sierra Rural Elec Coop,CISO,CAISO,CAISO,no
06093,CA,Siskiyou,2023,4,Bonneville Power Administration; PacifiCorp; Pacific Gas & Electric Co.; WAPA-- Western Area Power Administration,CISO; PACW; WALC,West (non-RTO); CAISO,West (non-RTO),yes
06095,CA,Solano,2023,3,Pacific Gas & Electric Co.; Pittsburg Power Company; WAPA-- Western Area Power Administration,CISO; WALC,CAISO; West (non-RTO),CAISO,yes
06097,CA,Sonoma,2023,2,City of Healdsburg - (CA); Pacific Gas & Electric Co.,CISO,CAISO,CAISO,no
06099,CA,Stanislaus,2023,3,Modesto Irrigation District; Pacific Gas & Electric Co.; Turlock Irrigation District,BANC; CISO; TIDC,West (non-RTO); CAISO,West (non-RTO),yes
06101,CA,Sutter,2023,2,Pacific Gas & Electric Co.; WAPA-- Western Area Power Administration,CISO; WALC,CAISO; West (non-RTO),CAISO,yes
06103,CA,Tehama,2023,2,Pacific Gas & Electric Co.; WAPA-- Western Area Power Administration,CISO; WALC,CAISO; West (non-RTO),CAISO,yes
06105,CA,Trinity,2023,3,Pacific Gas & Electric Co.; Trinity Public Utilities Dist; WAPA-- Western Area Power Administration,CISO; BANC; WALC,West (non-RTO); CAISO,West (non-RTO),yes
06107,CA,Tulare,2023,2,Pacific Gas & Electric Co.; Southern California Edison Co,CISO,CAISO,CAISO,no
06109,CA,Tuolumne,2023,5,Pacific Gas & Electric Co.; Southern California Edison Co; Tuolumne County Pub Power Agny; Turlock Irrigation District; WAPA-- Western Area Power Administration,CISO; TIDC; WALC,CAISO; West (non-RTO),CAISO,yes
06111,CA,Ventura,2023,1,Southern California Edison Co,CISO,CAISO,CAISO,no
06113,CA,Yolo,2023,2,Pacific Gas & Electric Co.; WAPA-- Western Area Power Administration,CISO; WALC,CAISO; West (non-RTO),CAISO,yes
06115,CA,Yuba,2023,2,Pacific Gas & Electric Co.; WAPA-- Western Area Power Administration,CISO; WALC,CAISO; West (non-RTO),CAISO,yes
08001,CO,Adams,2023,4,"CORE Electric Cooperative; Morgan County Rural Elec Assn; Public Service Co of Colorado; United Power, Inc",PSCO; WACM,West (non-RTO),West (non-RTO),no
08003,CO,Alamosa,2023,2,"Public Service Co of Colorado; San Luis Valley R E C, Inc",PSCO; WACM,West (non-RTO),West (non-RTO),no
08005,CO,Arapahoe,2023,4,"CORE Electric Cooperative; Morgan County Rural Elec Assn; Mountain View Elec Assn, Inc; Public Service Co of Colorado",PSCO; WACM,West (non-RTO),West (non-RTO),no
08007,CO,Archuleta,2023,2,"La Plata Electric Assn, Inc; Public Service Co of Colorado",WACM; PSCO,West (non-RTO),West (non-RTO),no
08009,CO,Baca,2023,4,"City of Springfield - (CO); Public Service Co of Colorado; Southeast Colorado Power Assn; Tri-County Electric Coop, Inc (OK)",WACM; PSCO; SWPP,West (non-RTO); SPP,West (non-RTO),yes
08011,CO,Bent,2023,4,City of Lamar - (CO); City of Las Animas - (CO); Public Service Co of Colorado; Southeast Colorado Power Assn,PSCO; WACM,West (non-RTO),West (non-RTO),no
08013,CO,Boulder,2023,7,"City of Longmont; Poudre Valley REA, Inc; Public Service Co of Colorado; Town of Estes Park; Town of Lyons - (CO); United Power, Inc; WAPA-- Western Area Power Administration",PSCO; WACM,West (non-RTO),West (non-RTO),no
08014,CO,Broomfield,2023,2,"United Power, Inc; WAPA-- Western Area Power Administration",WACM,West (non-RTO),West (non-RTO),no
08015,CO,Chaffee,2023,4,CORE Electric Cooperative; Public Service Co of Colorado; Sangre De Cristo Elec Assn Inc; WAPA-- Western Area Power Administration,PSCO; WACM,West (non-RTO),West (non-RTO),no
08017,CO,Cheyenne,2023,3,"K C Electric Association; Southeast Colorado Power Assn; Wheatland Electric Coop, Inc",WACM; SWPP,West (non-RTO); SPP,West (non-RTO),yes
08019,CO,Clear Creek,2023,3,CORE Electric Cooperative; Public Service Co of Colorado; WAPA-- Western Area Power Administration,PSCO; WACM,West (non-RTO),West (non-RTO),no
08021,CO,Conejos,2023,2,"Public Service Co of Colorado; San Luis Valley R E C, Inc",PSCO; WACM,West (non-RTO),West (non-RTO),no
08023,CO,Costilla,2023,3,"Public Service Co of Colorado; San Isabel Electric Assn, Inc; San Luis Valley R E C, Inc",WACM; PSCO,West (non-RTO),West (non-RTO),no
08025,CO,Crowley,2023,4,"Black Hills Colorado Electric, LLC; Mountain View Elec Assn, Inc; Public Service Co of Colorado; Southeast Colorado Power Assn",WACM; PSCO,West (non-RTO),West (non-RTO),no
08027,CO,Custer,2023,5,"Black Hills Colorado Electric, LLC; Public Service Co of Colorado; San Isabel Electric Assn, Inc; Sangre De Cristo Elec Assn Inc; WAPA-- Western Area Power Administration",WACM; PSCO,West (non-RTO),West (non-RTO),no
08029,CO,Delta,2023,5,City of Delta - (CO); Delta Montrose Electric Assn; Grand Valley Power; Public Service Co of Colorado; WAPA-- Western Area Power Administration,WACM; PSCO,West (non-RTO),West (non-RTO),no
08031,CO,Denver,2023,1,Public Service Co of Colorado,PSCO,West (non-RTO),West (non-RTO),no
08033,CO,Dolores,2023,4,"Empire Electric Assn, Inc; Public Service Co of Colorado; San Miguel Power Assn, Inc; WAPA-- Western Area Power Administration",WACM; PSCO,West (non-RTO),West (non-RTO),no
08035,CO,Douglas,2023,3,"CORE Electric Cooperative; Mountain View Elec Assn, Inc; Public Service Co of Colorado",PSCO; WACM,West (non-RTO),West (non-RTO),no
08037,CO,Eagle,2023,3,"Holy Cross Electric Assn, Inc; Public Service Co of Colorado; Yampa Valley Electric Assn Inc",PSCO,West (non-RTO),West (non-RTO),no
08039,CO,Elbert,2023,3,"CORE Electric Cooperative; Mountain View Elec Assn, Inc; Public Service Co of Colorado",PSCO; WACM,West (non-RTO),West (non-RTO),no
08041,CO,El Paso,2023,8,"Black Hills Colorado Electric, LLC; CORE Electric Cooperative; City of Colorado Springs - (CO); City of Fountain; Mountain View Elec Assn, Inc; Public Service Co of Colorado; Southeast Colorado Power Assn; WAPA-- Western Area Power Administration",WACM; PSCO,West (non-RTO),West (non-RTO),no
08043,CO,Fremont,2023,6,"Black Hills Colorado Electric, LLC; CORE Electric Cooperative; Public Service Co of Colorado; San Isabel Electric Assn, Inc; Sangre De Cristo Elec Assn Inc; WAPA-- Western Area Power Administration",PSCO; WACM,West (non-RTO),West (non-RTO),no
08045,CO,Garfield,2023,7,"City of Glenwood Springs - (CO); Grand Valley Power; Holy Cross Electric Assn, Inc; Moon Lake Electric Assn Inc; Public Service Co of Colorado; WAPA-- Western Area Power Administration; White River Electric Assn, Inc",PSCO; WACM,West (non-RTO),West (non-RTO),no
08047,CO,Gilpin,2023,2,"Public Service Co of Colorado; United Power, Inc",PSCO; WACM,West (non-RTO),West (non-RTO),no
08049,CO,Grand,2023,4,"Mountain Parks Electric, Inc; Public Service Co of Colorado; WAPA-- Western Area Power Administration; Yampa Valley Electric Assn Inc",WACM; PSCO,West (non-RTO),West (non-RTO),no
08051,CO,Gunnison,2023,6,"City of Gunnison - (CO); Delta Montrose Electric Assn; Gunnison County Elec Assn.; Holy Cross Electric Assn, Inc; Public Service Co of Colorado; WAPA-- Western Area Power Administration",WACM; PSCO,West (non-RTO),West (non-RTO),no
08053,CO,Hinsdale,2023,4,"Gunnison County Elec Assn.; La Plata Electric Assn, Inc; Public Service Co of Colorado; San Luis Valley R E C, Inc",WACM; PSCO,West (non-RTO),West (non-RTO),no
08055,CO,Huerfano,2023,2,"Public Service Co of Colorado; San Isabel Electric Assn, Inc",PSCO; WACM,West (non-RTO),West (non-RTO),no
08057,CO,Jackson,2023,2,"Mountain Parks Electric, Inc; WAPA-- Western Area Power Administration",WACM,West (non-RTO),West (non-RTO),no
08059,CO,Jefferson,2023,4,"CORE Electric Cooperative; Public Service Co of Colorado; United Power, Inc; WAPA-- Western Area Power Administration",PSCO; WACM,West (non-RTO),West (non-RTO),no
08061,CO,Kiowa,2023,4,"K C Electric Association; Public Service Co of Colorado; Southeast Colorado Power Assn; Wheatland Electric Coop, Inc",WACM; PSCO; SWPP,West (non-RTO); SPP,West (non-RTO),yes
08063,CO,Kit Carson,2023,2,City of Burlington - (CO); K C Electric Association,WACM,West (non-RTO),West (non-RTO),no
08065,CO,Lake,2023,3,Public Service Co of Colorado; Sangre De Cristo Elec Assn Inc; WAPA-- Western Area Power Administration,WACM; PSCO,West (non-RTO),West (non-RTO),no
08067,CO,La Plata,2023,3,"La Plata Electric Assn, Inc; Public Service Co of Colorado; WAPA-- Western Area Power Administration",WACM; PSCO,West (non-RTO),West (non-RTO),no
08069,CO,Larimer,2023,8,"City of Fort Collins - (CO); City of Loveland - (CO); High West Energy, Inc; Mountain Parks Electric, Inc; Poudre Valley REA, Inc; Public Service Co of Colorado; Town of Estes Park; WAPA-- Western Area Power Administration",PSCO; WACM,West (non-RTO),West (non-RTO),no
08071,CO,Las Animas,2023,5,"City of Trinidad - (CO); Public Service Co of Colorado; San Isabel Electric Assn, Inc; Southeast Colorado Power Assn; Southwestern Electric Coop Inc - (NM)",WACM; PSCO; PNM,West (non-RTO),West (non-RTO),no
08073,CO,Lincoln,2023,4,"K C Electric Association; Mountain View Elec Assn, Inc; Southeast Colorado Power Assn; WAPA-- Western Area Power Administration",WACM,West (non-RTO),West (non-RTO),no
08075,CO,Logan,2023,6,"High West Energy, Inc; Highline Electric Assn; Morgan County Rural Elec Assn; Public Service Co of Colorado; Town of Fleming - (CO); WAPA-- Western Area Power Administration",WACM; PSCO,West (non-RTO),West (non-RTO),no
08077,CO,Mesa,2023,5,"Grand Valley Power; Holy Cross Electric Assn, Inc; Public Service Co of Colorado; San Miguel Power Assn, Inc; WAPA-- Western Area Power Administration",PSCO; WACM,West (non-RTO),West (non-RTO),no
08079,CO,Mineral,2023,3,"La Plata Electric Assn, Inc; Public Service Co of Colorado; San Luis Valley R E C, Inc",WACM; PSCO,West (non-RTO),West (non-RTO),no
08081,CO,Moffat,2023,5,"Moon Lake Electric Assn Inc; Public Service Co of Colorado; WAPA-- Western Area Power Administration; White River Electric Assn, Inc; Yampa Valley Electric Assn Inc",WACM; PSCO,West (non-RTO),West (non-RTO),no
08083,CO,Montezuma,2023,3,"Empire Electric Assn, Inc; Public Service Co of Colorado; WAPA-- Western Area Power Administration",WACM; PSCO,West (non-RTO),West (non-RTO),no
08085,CO,Montrose,2023,4,"Delta Montrose Electric Assn; Public Service Co of Colorado; San Miguel Power Assn, Inc; WAPA-- Western Area Power Administration",WACM; PSCO,West (non-RTO),West (non-RTO),no
08087,CO,Morgan,2023,5,City of Fort Morgan; Highline Electric Assn; Morgan County Rural Elec Assn; Public Service Co of Colorado; WAPA-- Western Area Power Administration,WACM; PSCO,West (non-RTO),West (non-RTO),no
08089,CO,Otero,2023,5,"Black Hills Colorado Electric, LLC; City of La Junta - (CO); Public Service Co of Colorado; San Isabel Electric Assn, Inc; Southeast Colorado Power Assn",PSCO; WACM,West (non-RTO),West (non-RTO),no
08091,CO,Ouray,2023,4,"Delta Montrose Electric Assn; Public Service Co of Colorado; San Miguel Power Assn, Inc; WAPA-- Western Area Power Administration",WACM; PSCO,West (non-RTO),West (non-RTO),no
08093,CO,Park,2023,2,CORE Electric Cooperative; Public Service Co of Colorado,PSCO,West (non-RTO),West (non-RTO),no
08095,CO,Phillips,2023,4,City of Holyoke - (CO); Highline Electric Assn; Town of Haxtun - (CO); WAPA-- Western Area Power Administration,WACM,West (non-RTO),West (non-RTO),no
08097,CO,Pitkin,2023,3,"City of Aspen- (CO); Holy Cross Electric Assn, Inc; Public Service Co of Colorado",PSCO,West (non-RTO),West (non-RTO),no
08099,CO,Prowers,2023,6,"City of Lamar - (CO); Public Service Co of Colorado; Southeast Colorado Power Assn; Town of Granada - (CO); Town of Holly - (CO); Wheatland Electric Coop, Inc",WACM; PSCO; SWPP,West (non-RTO); SPP,West (non-RTO),yes
08101,CO,Pueblo,2023,6,"Black Hills Colorado Electric, LLC; Mountain View Elec Assn, Inc; Public Service Co of Colorado; San Isabel Electric Assn, Inc; Southeast Colorado Power Assn; WAPA-- Western Area Power Administration",WACM; PSCO,West (non-RTO),West (non-RTO),no
08103,CO,Rio Blanco,2023,6,"Deseret Generation & Tran Coop; Moon Lake Electric Assn Inc; Public Service Co of Colorado; WAPA-- Western Area Power Administration; White River Electric Assn, Inc; Yampa Valley Electric Assn Inc",WACM; PSCO; PACE,West (non-RTO),West (non-RTO),no
08105,CO,Rio Grande,2023,3,"City of Center - (CO); Public Service Co of Colorado; San Luis Valley R E C, Inc",PSCO; WACM,West (non-RTO),West (non-RTO),no
08107,CO,Routt,2023,5,"Mountain Parks Electric, Inc; Public Service Co of Colorado; Town of Oak Creek - (CO); WAPA-- Western Area Power Administration; Yampa Valley Electric Assn Inc",WACM; PSCO,West (non-RTO),West (non-RTO),no
08109,CO,Saguache,2023,6,"City of Center - (CO); Gunnison County Elec Assn.; Public Service Co of Colorado; San Luis Valley R E C, Inc; Sangre De Cristo Elec Assn Inc; WAPA-- Western Area Power Administration",WACM; PSCO,West (non-RTO),West (non-RTO),no
08111,CO,San Juan,2023,2,"La Plata Electric Assn, Inc; San Miguel Power Assn, Inc",WACM,West (non-RTO),West (non-RTO),no
08113,CO,San Miguel,2023,4,"Empire Electric Assn, Inc; Public Service Co of Colorado; San Miguel Power Assn, Inc; WAPA-- Western Area Power Administration",WACM; PSCO,West (non-RTO),West (non-RTO),no
08115,CO,Sedgwick,2023,3,City of Julesburg - (CO); Highline Electric Assn; WAPA-- Western Area Power Administration,WACM,West (non-RTO),West (non-RTO),no
08117,CO,Summit,2023,3,"Mountain Parks Electric, Inc; Public Service Co of Colorado; WAPA-- Western Area Power Administration",WACM; PSCO,West (non-RTO),West (non-RTO),no
08119,CO,Teller,2023,4,"Black Hills Colorado Electric, LLC; CORE Electric Cooperative; City of Colorado Springs - (CO); Public Service Co of Colorado",PSCO; WACM,West (non-RTO),West (non-RTO),no
08121,CO,Washington,2023,6,"Highline Electric Assn; Morgan County Rural Elec Assn; Mountain View Elec Assn, Inc; Public Service Co of Colorado; WAPA-- Western Area Power Administration; Y-W Electric Assn Inc",WACM; PSCO,West (non-RTO),West (non-RTO),no
08123,CO,Weld,2023,8,"City of Longmont; High West Energy, Inc; Highline Electric Assn; Morgan County Rural Elec Assn; Poudre Valley REA, Inc; Public Service Co of Colorado; United Power, Inc; WAPA-- Western Area Power Administration",WACM; PSCO,West (non-RTO),West (non-RTO),no
08125,CO,Yuma,2023,6,City of Wray; City of Yuma - (CO); Highline Electric Assn; Public Service Co of Colorado; WAPA-- Western Area Power Administration; Y-W Electric Assn Inc,WACM; PSCO,West (non-RTO),West (non-RTO),no
09001,CT,Fairfield,2023,4,City of South Norwalk - (CT); Connecticut Light & Power Co; Norwalk Third Taxing District; United Illuminating Co,ISNE,ISO-NE,ISO-NE,no
09003,CT,Hartford,2023,2,Connecticut Light & Power Co; Farmington River Power Company,ISNE,ISO-NE,ISO-NE,no
09005,CT,Litchfield,2023,1,Connecticut Light & Power Co,ISNE,ISO-NE,ISO-NE,no
09007,CT,Middlesex,2023,1,Connecticut Light & Power Co,ISNE,ISO-NE,ISO-NE,no
09009,CT,New Haven,2023,3,Connecticut Light & Power Co; Town of Wallingford - (CT); United Illuminating Co,ISNE,ISO-NE,ISO-NE,no
09011,CT,New London,2023,6,Bozrah Light & Power Company; City of Jewett City - (CT); City of Norwich - (CT); Connecticut Light & Power Co; Groton Dept of Utilities - (CT); Mohegan Tribal Utility Authority,ISNE,ISO-NE,ISO-NE,no
09013,CT,Tolland,2023,1,Connecticut Light & Power Co,ISNE,ISO-NE,ISO-NE,no
09015,CT,Windham,2023,1,Connecticut Light & Power Co,ISNE,ISO-NE,ISO-NE,no
10001,DE,Kent,2023,6,City of Dover - (DE); City of Milford - (DE); Delaware Electric Cooperative; Delmarva Power; Town of Clayton - (DE); Town of Smyrna - (DE),PJM,PJM,PJM,no
10003,DE,New Castle,2023,5,City of Newark - (DE); Delmarva Power; New Castle Municipal Serv Comm; Town of Middletown - (DE); Town of Smyrna - (DE),PJM,PJM,PJM,no
10005,DE,Sussex,2023,5,City of Lewes - (DE); City of Milford - (DE); City of Seaford- (DE); Delaware Electric Cooperative; Delmarva Power,PJM,PJM,PJM,no
11001,DC,District of Columbia,2023,1,Potomac Electric Power Co,PJM,PJM,PJM,no
12001,FL,Alachua,2023,7,"Central Florida Elec Coop, Inc; City of Alachua - (FL); City of Newberry - (FL); Clay Electric Cooperative, Inc - (FL); Duke Energy Florida, LLC; Florida Power & Light Co; Gainesville Regional Utilities",FPC; SEC; FPL; GVL,Southeast (non-RTO),Southeast (non-RTO),no
12003,FL,Baker,2023,3,"Clay Electric Cooperative, Inc - (FL); Florida Power & Light Co; Okefenoke Rural El Member Corp",SEC; FPL; SOCO,Southeast (non-RTO),Southeast (non-RTO),no
12005,FL,Bay,2023,3,"Duke Energy Florida, LLC; Florida Power & Light Co; Gulf Coast Electric Coop, Inc",FPL; FPC; SOCO,Southeast (non-RTO),Southeast (non-RTO),no
12007,FL,Bradford,2023,3,"City of Starke - (FL); Clay Electric Cooperative, Inc - (FL); Florida Power & Light Co",FPL; SEC,Southeast (non-RTO),Southeast (non-RTO),no
12009,FL,Brevard,2023,3,"Duke Energy Florida, LLC; Florida Power & Light Co; Peace River Electric Coop, Inc",FPL; FPC; SEC,Southeast (non-RTO),Southeast (non-RTO),no
12011,FL,Broward,2023,2,"Florida Power & Light Co; Lee County Electric Coop, Inc - (FL)",FPL,Southeast (non-RTO),Southeast (non-RTO),no
12013,FL,Calhoun,2023,4,"City of Blountstown - (FL); Florida Public Utilities Co; Gulf Coast Electric Coop, Inc; West Florida El Coop Assn, Inc",SOCO; JEA,Southeast (non-RTO),Southeast (non-RTO),no
12015,FL,Charlotte,2023,2,"Florida Power & Light Co; Lee County Electric Coop, Inc - (FL)",FPL,Southeast (non-RTO),Southeast (non-RTO),no
12017,FL,Citrus,2023,3,"Duke Energy Florida, LLC; Sumter Electric Coop, Inc; Withlacoochee River Elec Coop",SEC; FPC,Southeast (non-RTO),Southeast (non-RTO),no
12019,FL,Clay,2023,4,"City of Green Cove Springs; Clay Electric Cooperative, Inc - (FL); Florida Power & Light Co; JEA",SEC; FPL; FMPP; JEA,Southeast (non-RTO),Southeast (non-RTO),no
12021,FL,Collier,2023,2,"Florida Power & Light Co; Lee County Electric Coop, Inc - (FL)",FPL,Southeast (non-RTO),Southeast (non-RTO),no
12023,FL,Columbia,2023,4,"Clay Electric Cooperative, Inc - (FL); Duke Energy Florida, LLC; Florida Power & Light Co; Suwannee Valley Elec Coop Inc",SEC; FPL; FPC,Southeast (non-RTO),Southeast (non-RTO),no
12027,FL,DeSoto,2023,2,"Florida Power & Light Co; Peace River Electric Coop, Inc",FPL; SEC,Southeast (non-RTO),Southeast (non-RTO),no
12029,FL,Dixie,2023,3,"Central Florida Elec Coop, Inc; Duke Energy Florida, LLC; Tri-County Electric Coop, Inc (FL)",SEC; FPC,Southeast (non-RTO),Southeast (non-RTO),no
12031,FL,Duval,2023,4,"Beaches Energy Services; Clay Electric Cooperative, Inc - (FL); Florida Power & Light Co; JEA",FPL; SEC; JEA,Southeast (non-RTO),Southeast (non-RTO),no
12033,FL,Escambia,2023,2,"Escambia River Elec Coop, Inc; Florida Power & Light Co",SOCO; FPL,Southeast (non-RTO),Southeast (non-RTO),no
12035,FL,Flagler,2023,3,"Clay Electric Cooperative, Inc - (FL); Duke Energy Florida, LLC; Florida Power & Light Co",SEC; FPL; FPC,Southeast (non-RTO),Southeast (non-RTO),no
12037,FL,Franklin,2023,1,"Duke Energy Florida, LLC",FPC,Southeast (non-RTO),Southeast (non-RTO),no
12039,FL,Gadsden,2023,4,"City of Chattahoochee - (FL); City of Quincy - (FL); Havana Power & Light Company; Talquin Electric Coop, Inc",FPC; SEC,Southeast (non-RTO),Southeast (non-RTO),no
12041,FL,Gilchrist,2023,3,"Central Florida Elec Coop, Inc; Clay Electric Cooperative, Inc - (FL); Duke Energy Florida, LLC",SEC; FPC,Southeast (non-RTO),Southeast (non-RTO),no
12043,FL,Glades,2023,3,"City of Moore Haven - (FL); Florida Power & Light Co; Glades Electric Coop, Inc",FPL; SEC,Southeast (non-RTO),Southeast (non-RTO),no
12045,FL,Gulf,2023,2,"Duke Energy Florida, LLC; Gulf Coast Electric Coop, Inc",FPC; SOCO,Southeast (non-RTO),Southeast (non-RTO),no
12047,FL,Hamilton,2023,2,"Duke Energy Florida, LLC; Suwannee Valley Elec Coop Inc",FPC; SEC,Southeast (non-RTO),Southeast (non-RTO),no
12049,FL,Hardee,2023,3,"City of Wauchula - (FL); Florida Power & Light Co; Peace River Electric Coop, Inc",FPL; SEC; FPC; TEC,Southeast (non-RTO),Southeast (non-RTO),no
12051,FL,Hendry,2023,4,"City of Clewiston; Florida Power & Light Co; Glades Electric Coop, Inc; Lee County Electric Coop, Inc - (FL)",FPL; FPC; SEC,Southeast (non-RTO),Southeast (non-RTO),no
12053,FL,Hernando,2023,3,"Duke Energy Florida, LLC; Sumter Electric Coop, Inc; Withlacoochee River Elec Coop",SEC; FPC,Southeast (non-RTO),Southeast (non-RTO),no
12055,FL,Highlands,2023,4,"Duke Energy Florida, LLC; Florida Power & Light Co; Glades Electric Coop, Inc; Peace River Electric Coop, Inc",SEC; FPL; FPC,Southeast (non-RTO),Southeast (non-RTO),no
12057,FL,Hillsborough,2023,3,"Duke Energy Florida, LLC; Peace River Electric Coop, Inc; Tampa Electric Co",FPC; SEC; TEC,Southeast (non-RTO),Southeast (non-RTO),no
12059,FL,Holmes,2023,3,"Choctawhatche Elec Coop, Inc; Florida Power & Light Co; West Florida El Coop Assn, Inc",SOCO; FPL,Southeast (non-RTO),Southeast (non-RTO),no
12061,FL,Indian River,2023,2,"Florida Power & Light Co; Peace River Electric Coop, Inc",FPL; SEC,Southeast (non-RTO),Southeast (non-RTO),no
12063,FL,Jackson,2023,4,"Florida Power & Light Co; Florida Public Utilities Co; Gulf Coast Electric Coop, Inc; West Florida El Coop Assn, Inc",SOCO; FPL; JEA,Southeast (non-RTO),Southeast (non-RTO),no
12065,FL,Jefferson,2023,2,"Duke Energy Florida, LLC; Tri-County Electric Coop, Inc (FL)",FPC; SEC,Southeast (non-RTO),Southeast (non-RTO),no
12067,FL,Lafayette,2023,3,"Central Florida Elec Coop, Inc; Duke Energy Florida, LLC; Suwannee Valley Elec Coop Inc",SEC; FPC,Southeast (non-RTO),Southeast (non-RTO),no
12069,FL,Lake,2023,5,"City of Leesburg - (FL); City of Mount Dora - (FL); Clay Electric Cooperative, Inc - (FL); Duke Energy Florida, LLC; Sumter Electric Coop, Inc",FPC; SEC,Southeast (non-RTO),Southeast (non-RTO),no
12071,FL,Lee,2023,2,"Florida Power & Light Co; Lee County Electric Coop, Inc - (FL)",FPL,Southeast (non-RTO),Southeast (non-RTO),no
12073,FL,Leon,2023,3,"City of Tallahassee - (FL); Duke Energy Florida, LLC; Talquin Electric Coop, Inc",FPC; TAL; SEC,Southeast (non-RTO),Southeast (non-RTO),no
12075,FL,Levy,2023,5,"Central Florida Elec Coop, Inc; City of Williston - (FL); Clay Electric Cooperative, Inc - (FL); Duke Energy Florida, LLC; Sumter Electric Coop, Inc",SEC; FPC,Southeast (non-RTO),Southeast (non-RTO),no
12077,FL,Liberty,2023,2,"Florida Public Utilities Co; Talquin Electric Coop, Inc",JEA; SEC,Southeast (non-RTO),Southeast (non-RTO),no
12079,FL,Madison,2023,2,"Duke Energy Florida, LLC; Tri-County Electric Coop, Inc (FL)",FPC; SEC,Southeast (non-RTO),Southeast (non-RTO),no
12081,FL,Manatee,2023,2,"Florida Power & Light Co; Peace River Electric Coop, Inc",FPL; SEC,Southeast (non-RTO),Southeast (non-RTO),no
12083,FL,Marion,2023,5,"Central Florida Elec Coop, Inc; City of Ocala; Clay Electric Cooperative, Inc - (FL); Duke Energy Florida, LLC; Sumter Electric Coop, Inc",SEC; FPC; FMPP,Southeast (non-RTO),Southeast (non-RTO),no
12085,FL,Martin,2023,1,Florida Power & Light Co,FPL,Southeast (non-RTO),Southeast (non-RTO),no
12086,FL,Miami-Dade,2023,2,City of Homestead - (FL); Florida Power & Light Co,FPL; HST,Southeast (non-RTO),Southeast (non-RTO),no
12087,FL,Monroe,2023,4,"Florida Keys El Coop Assn, Inc; Florida Power & Light Co; Lee County Electric Coop, Inc - (FL); Utility Board of the City of Key West, F",FPL; FMPP,Southeast (non-RTO),Southeast (non-RTO),no
12089,FL,Nassau,2023,4,Florida Power & Light Co; Florida Public Utilities Co; JEA; Okefenoke Rural El Member Corp,JEA; FPL; SOCO,Southeast (non-RTO),Southeast (non-RTO),no
12091,FL,Okaloosa,2023,2,"Choctawhatche Elec Coop, Inc; Florida Power & Light Co",SOCO; FPL,Southeast (non-RTO),Southeast (non-RTO),no
12093,FL,Okeechobee,2023,2,"Florida Power & Light Co; Glades Electric Coop, Inc",FPL; SEC,Southeast (non-RTO),Southeast (non-RTO),no
12095,FL,Orange,2023,5,"Central Florida Tourism Oversight District; City of Winter Park - (FL); Duke Energy Florida, LLC; Florida Power & Light Co; Orlando Utilities Comm",FPC; FPL; FMPP,Southeast (non-RTO),Southeast (non-RTO),no
12097,FL,Osceola,2023,6,"Central Florida Tourism Oversight District; Duke Energy Florida, LLC; Florida Power & Light Co; Kissimmee Utility Authority; Orlando Utilities Comm; Peace River Electric Coop, Inc",FPC; FMPP; FPL; SEC,Southeast (non-RTO),Southeast (non-RTO),no
12099,FL,Palm Beach,2023,2,City of Lake Worth Beach - (FL); Florida Power & Light Co,FPL; FMPP,Southeast (non-RTO),Southeast (non-RTO),no
12101,FL,Pasco,2023,4,"Duke Energy Florida, LLC; Sumter Electric Coop, Inc; Tampa Electric Co; Withlacoochee River Elec Coop",SEC; FPC; TEC,Southeast (non-RTO),Southeast (non-RTO),no
12103,FL,Pinellas,2023,2,"Duke Energy Florida, LLC; Tampa Electric Co",FPC; TEC,Southeast (non-RTO),Southeast (non-RTO),no
12105,FL,Polk,2023,7,"City of Bartow - (FL); City of Fort Meade - (FL); City of Lakeland - (FL); Duke Energy Florida, LLC; Peace River Electric Coop, Inc; Tampa Electric Co; Withlacoochee River Elec Coop",FPC; SEC; FMPP; TEC,Southeast (non-RTO),Southeast (non-RTO),no
12107,FL,Putnam,2023,2,"Clay Electric Cooperative, Inc - (FL); Florida Power & Light Co",SEC; FPL,Southeast (non-RTO),Southeast (non-RTO),no
12109,FL,St. Johns,2023,3,Beaches Energy Services; Florida Power & Light Co; JEA,FPL; JEA,Southeast (non-RTO),Southeast (non-RTO),no
12111,FL,St. Lucie,2023,2,Florida Power & Light Co; Fort Pierce Utilities Authority,FPL; FMPP,Southeast (non-RTO),Southeast (non-RTO),no
12113,FL,Santa Rosa,2023,3,"Choctawhatche Elec Coop, Inc; Escambia River Elec Coop, Inc; Florida Power & Light Co",SOCO; FPL,Southeast (non-RTO),Southeast (non-RTO),no
12115,FL,Sarasota,2023,2,"Florida Power & Light Co; Peace River Electric Coop, Inc",FPL; SEC,Southeast (non-RTO),Southeast (non-RTO),no
12117,FL,Seminole,2023,2,"Duke Energy Florida, LLC; Florida Power & Light Co",FPL; FPC,Southeast (non-RTO),Southeast (non-RTO),no
12119,FL,Sumter,2023,5,"City of Bushnell - (FL); City of Leesburg - (FL); Duke Energy Florida, LLC; Sumter Electric Coop, Inc; Withlacoochee River Elec Coop",FPC; SEC,Southeast (non-RTO),Southeast (non-RTO),no
12121,FL,Suwannee,2023,4,"Clay Electric Cooperative, Inc - (FL); Duke Energy Florida, LLC; Florida Power & Light Co; Suwannee Valley Elec Coop Inc",SEC; FPL; FPC,Southeast (non-RTO),Southeast (non-RTO),no
12123,FL,Taylor,2023,2,"Duke Energy Florida, LLC; Tri-County Electric Coop, Inc (FL)",FPC; SEC,Southeast (non-RTO),Southeast (non-RTO),no
12125,FL,Union,2023,2,"Clay Electric Cooperative, Inc - (FL); Florida Power & Light Co",SEC; FPL,Southeast (non-RTO),Southeast (non-RTO),no
12127,FL,Volusia,2023,4,"Clay Electric Cooperative, Inc - (FL); Duke Energy Florida, LLC; Florida Power & Light Co; New Smyrna Beach City of",FPL; SEC; FPC,Southeast (non-RTO),Southeast (non-RTO),no
12129,FL,Wakulla,2023,2,"Duke Energy Florida, LLC; Talquin Electric Coop, Inc",FPC; SEC,Southeast (non-RTO),Southeast (non-RTO),no
12131,FL,Walton,2023,3,"Choctawhatche Elec Coop, Inc; Florida Power & Light Co; Gulf Coast Electric Coop, Inc",SOCO; FPL,Southeast (non-RTO),Southeast (non-RTO),no
12133,FL,Washington,2023,3,"Florida Power & Light Co; Gulf Coast Electric Coop, Inc; West Florida El Coop Assn, Inc",SOCO; FPL,Southeast (non-RTO),Southeast (non-RTO),no
13001,GA,Appling,2023,2,Georgia Power Co; Satilla Rural Elec Member Corporation,SOCO,Southeast (non-RTO),Southeast (non-RTO),no
13003,GA,Atkinson,2023,2,Georgia Power Co; Satilla Rural Elec Member Corporation,SOCO,Southeast (non-RTO),Southeast (non-RTO),no
13005,GA,Bacon,2023,2,Georgia Power Co; Satilla Rural Elec Member Corporation,SOCO,Southeast (non-RTO),Southeast (non-RTO),no
13007,GA,Baker,2023,3,Georgia Power Co; Mitchell Electric Member Corp; Three Notch Elec Member Corp,SOCO; SEPA,Southeast (non-RTO),Southeast (non-RTO),no
13009,GA,Baldwin,2023,4,Georgia Power Co; Oconee Electric Member Corp; Tri-County Elec Member Corp (GA); Washington Elec Member Corp,SOCO,Southeast (non-RTO),Southeast (non-RTO),no
13011,GA,Banks,2023,3,Georgia Power Co; Hart Electric Member Corp; Jackson Electric Member Corp - (GA),SOCO,Southeast (non-RTO),Southeast (non-RTO),no
13013,GA,Barrow,2023,3,Georgia Power Co; Jackson Electric Member Corp - (GA); Walton Electric Member Corp,SOCO,Southeast (non-RTO),Southeast (non-RTO),no
13015,GA,Bartow,2023,6,Amicalola Electric Member Corp; City of Acworth - (GA); City of Cartersville - (GA); Cobb Electric Membership Corp; Georgia Power Co; GreyStone Power Corporation,SOCO,Southeast (non-RTO),Southeast (non-RTO),no
13017,GA,Ben Hill,2023,5,Fitzgerald Wtr Lgt & Bond Comm; Georgia Power Co; Irwin Electric Membership Corp; Middle Georgia El Member Corp; Satilla Rural Elec Member Corporation,SOCO,Southeast (non-RTO),Southeast (non-RTO),no
13019,GA,Berrien,2023,4,Colquitt Electric Membership Corp; Georgia Power Co; Irwin Electric Membership Corp; Slash Pine Elec Member Corp,SOCO,Southeast (non-RTO),Southeast (non-RTO),no
13021,GA,Bibb,2023,6,Central Georgia El Member Corp; Flint Electric Membership Corp; Georgia Power Co; Oconee Electric Member Corp; Southern Rivers Energy; Tri-County Elec Member Corp (GA),SOCO,Southeast (non-RTO),Southeast (non-RTO),no
13023,GA,Bleckley,2023,3,Georgia Power Co; Ocmulgee Electric Member Corp; Oconee Electric Member Corp,SOCO,Southeast (non-RTO),Southeast (non-RTO),no
13025,GA,Brantley,2023,3,Georgia Power Co; Okefenoke Rural El Member Corp; Satilla Rural Elec Member Corporation,SOCO,Southeast (non-RTO),Southeast (non-RTO),no
13027,GA,Brooks,2023,4,City of Quitman; Colquitt Electric Membership Corp; Georgia Power Co; Grady Electric Membership Corp,SOCO,Southeast (non-RTO),Southeast (non-RTO),no
13029,GA,Bryan,2023,4,Canoochee Electric Member Corp; Coastal Electric Member Corp - (GA); Excelsior Electric Member Corp; Georgia Power Co,SOCO,Southeast (non-RTO),Southeast (non-RTO),no
13031,GA,Bulloch,2023,4,Canoochee Electric Member Corp; Excelsior Electric Member Corp; Georgia Power Co; Planters Electric Member Corp,SOCO,Southeast (non-RTO),Southeast (non-RTO),no
13033,GA,Burke,2023,3,Georgia Power Co; Jefferson Electric Member Corp; Planters Electric Member Corp,SOCO,Southeast (non-RTO),Southeast (non-RTO),no
13035,GA,Butts,2023,4,Central Georgia El Member Corp; City of Jackson - (GA); Georgia Power Co; Snapping Shoals El Member Corp,SOCO,Southeast (non-RTO),Southeast (non-RTO),no
13037,GA,Calhoun,2023,4,Cobb Electric Membership Corp; Diverse Power Incorporated; Georgia Power Co; Mitchell Electric Member Corp,SOCO,Southeast (non-RTO),Southeast (non-RTO),no
13039,GA,Camden,2023,2,Georgia Power Co; Okefenoke Rural El Member Corp,SOCO,Southeast (non-RTO),Southeast (non-RTO),no
13043,GA,Candler,2023,2,Excelsior Electric Member Corp; Georgia Power Co,SOCO,Southeast (non-RTO),Southeast (non-RTO),no
13045,GA,Carroll,2023,3,Carroll Electric Member Corp - (GA); Georgia Power Co; GreyStone Power Corporation,SOCO,Southeast (non-RTO),Southeast (non-RTO),no
13047,GA,Catoosa,2023,3,City of Chattanooga - (TN); Georgia Power Co; North Georgia Elec Member Corp,TVA; SOCO,Southeast (non-RTO),Southeast (non-RTO),no
13049,GA,Charlton,2023,3,Georgia Power Co; Okefenoke Rural El Member Corp; Slash Pine Elec Member Corp,SOCO,Southeast (non-RTO),Southeast (non-RTO),no
13051,GA,Chatham,2023,1,Canoochee Electric Member Corp,SOCO,Southeast (non-RTO),Southeast (non-RTO),no
13053,GA,Chattahoochee,2023,3,Flint Electric Membership Corp; Georgia Power Co; Sumter Electric Member Corp,SOCO,Southeast (non-RTO),Southeast (non-RTO),no
13055,GA,Chattooga,2023,2,Georgia Power Co; North Georgia Elec Member Corp,SOCO; TVA,Southeast (non-RTO),Southeast (non-RTO),no
13057,GA,Cherokee,2023,4,Amicalola Electric Member Corp; Cobb Electric Membership Corp; Georgia Power Co; Sawnee Electric Membership Corporation,SOCO,Southeast (non-RTO),Southeast (non-RTO),no
13059,GA,Clarke,2023,4,Georgia Power Co; Jackson Electric Member Corp - (GA); Rayle Electric Membership Corp; Walton Electric Member Corp,SOCO,Southeast (non-RTO),Southeast (non-RTO),no
13061,GA,Clay,2023,3,Diverse Power Incorporated; Georgia Power Co; Three Notch Elec Member Corp,SOCO; SEPA,Southeast (non-RTO),Southeast (non-RTO),no
13063,GA,Clayton,2023,4,Central Georgia El Member Corp; City of College Park - (GA); Coweta-Fayette El Member Corp; Georgia Power Co,SOCO,Southeast (non-RTO),Southeast (non-RTO),no
13065,GA,Clinch,2023,2,Georgia Power Co; Slash Pine Elec Member Corp,SOCO,Southeast (non-RTO),Southeast (non-RTO),no
13067,GA,Cobb,2023,5,City of Acworth - (GA); City of Marietta - (GA); Cobb Electric Membership Corp; Georgia Power Co; GreyStone Power Corporation,SOCO,Southeast (non-RTO),Southeast (non-RTO),no
13069,GA,Coffee,2023,4,City of Douglas; Georgia Power Co; Irwin Electric Membership Corp; Satilla Rural Elec Member Corporation,SOCO,Southeast (non-RTO),Southeast (non-RTO),no
13071,GA,Colquitt,2023,6,City of Doerun - (GA); City of Moultrie - (GA); Colquitt Electric Membership Corp; Georgia Power Co; Grady Electric Membership Corp; Mitchell Electric Member Corp,SOCO,Southeast (non-RTO),Southeast (non-RTO),no
13073,GA,Columbia,2023,2,Georgia Power Co; Jefferson Electric Member Corp,SOCO,Southeast (non-RTO),Southeast (non-RTO),no
13075,GA,Cook,2023,3,City of Adel- (GA); Colquitt Electric Membership Corp; Georgia Power Co,SOCO,Southeast (non-RTO),Southeast (non-RTO),no
13077,GA,Coweta,2023,8,"City of Grantville - (GA); City of Palmetto - (GA); Coweta-Fayette El Member Corp; Diverse Power Incorporated; Georgia Power Co; GreyStone Power Corporation; Newnan Wtr, Sewer & Light Comm; Southern Rivers Energy",SOCO,Southeast (non-RTO),Southeast (non-RTO),no
13079,GA,Crawford,2023,5,Flint Electric Membership Corp; Fort Valley Utility Comm; Georgia Power Co; Southern Rivers Energy; Upson Elec Member Corp,SOCO; SEPA,Southeast (non-RTO),Southeast (non-RTO),no
13081,GA,Crisp,2023,2,Crisp County Power Comm; Georgia Power Co,SOCO,Southeast (non-RTO),Southeast (non-RTO),no
13083,GA,Dade,2023,2,City of Chattanooga - (TN); Georgia Power Co,TVA; SOCO,Southeast (non-RTO),Southeast (non-RTO),no
13085,GA,Dawson,2023,3,Amicalola Electric Member Corp; Georgia Power Co; Sawnee Electric Membership Corporation,SOCO,Southeast (non-RTO),Southeast (non-RTO),no
13087,GA,Decatur,2023,5,Georgia Power Co; Grady Electric Membership Corp; Mitchell Electric Member Corp; Three Notch Elec Member Corp; Town of Brinson - (GA),SOCO; SEPA,Southeast (non-RTO),Southeast (non-RTO),no
13089,GA,DeKalb,2023,4,City of Norcross- (GA); Georgia Power Co; Snapping Shoals El Member Corp; Walton Electric Member Corp,SOCO,Southeast (non-RTO),Southeast (non-RTO),no
13091,GA,Dodge,2023,4,Georgia Power Co; Little Ocmulgee El Member Corp; Ocmulgee Electric Member Corp; Oconee Electric Member Corp,SOCO,Southeast (non-RTO),Southeast (non-RTO),no
13093,GA,Dooly,2023,4,Crisp County Power Comm; Flint Electric Membership Corp; Georgia Power Co; Middle Georgia El Member Corp,SOCO,Southeast (non-RTO),Southeast (non-RTO),no
13095,GA,Dougherty,2023,5,Albany Utility Board; Diverse Power Incorporated; Georgia Power Co; Mitchell Electric Member Corp; Sumter Electric Member Corp,SOCO,Southeast (non-RTO),Southeast (non-RTO),no
13097,GA,Douglas,2023,2,Georgia Power Co; GreyStone Power Corporation,SOCO,Southeast (non-RTO),Southeast (non-RTO),no
13099,GA,Early,2023,5,City of Blakely - (GA); Diverse Power Incorporated; Georgia Power Co; Mitchell Electric Member Corp; Three Notch Elec Member Corp,SOCO; SEPA,Southeast (non-RTO),Southeast (non-RTO),no
13101,GA,Echols,2023,3,Colquitt Electric Membership Corp; Georgia Power Co; Slash Pine Elec Member Corp,SOCO,Southeast (non-RTO),Southeast (non-RTO),no
13103,GA,Effingham,2023,3,Excelsior Electric Member Corp; Georgia Power Co; Planters Electric Member Corp,SOCO,Southeast (non-RTO),Southeast (non-RTO),no
13105,GA,Elbert,2023,3,City of Elberton; Georgia Power Co; Hart Electric Member Corp,SOCO,Southeast (non-RTO),Southeast (non-RTO),no
13107,GA,Emanuel,2023,7,Altamaha Electric Member Corp; Canoochee Electric Member Corp; Excelsior Electric Member Corp; Georgia Power Co; Jefferson Electric Member Corp; Planters Electric Member Corp; Washington Elec Member Corp,SOCO,Southeast (non-RTO),Southeast (non-RTO),no
13109,GA,Evans,2023,3,Canoochee Electric Member Corp; Excelsior Electric Member Corp; Georgia Power Co,SOCO,Southeast (non-RTO),Southeast (non-RTO),no
13111,GA,Fannin,2023,3,Amicalola Electric Member Corp; Blue Ridge Mountain EMC - (GA); Tri-State Electric Member Corp,TVA; SOCO,Southeast (non-RTO),Southeast (non-RTO),no
13113,GA,Fayette,2023,4,Central Georgia El Member Corp; Coweta-Fayette El Member Corp; Georgia Power Co; GreyStone Power Corporation,SOCO,Southeast (non-RTO),Southeast (non-RTO),no
13115,GA,Floyd,2023,3,Carroll Electric Member Corp - (GA); Georgia Power Co; North Georgia Elec Member Corp,SOCO; TVA,Southeast (non-RTO),Southeast (non-RTO),no
13117,GA,Forsyth,2023,4,Amicalola Electric Member Corp; City of Norcross- (GA); Georgia Power Co; Sawnee Electric Membership Corporation,SOCO,Southeast (non-RTO),Southeast (non-RTO),no
13119,GA,Franklin,2023,3,Georgia Power Co; Hart Electric Member Corp; Jackson Electric Member Corp - (GA),SOCO,Southeast (non-RTO),Southeast (non-RTO),no
13121,GA,Fulton,2023,9,City of College Park - (GA); City of East Point - (GA); City of Fairburn - (GA); City of Palmetto - (GA); Cobb Electric Membership Corp; Coweta-Fayette El Member Corp; Georgia Power Co; GreyStone Power Corporation,SOCO,Southeast (non-RTO),Southeast (non-RTO),no
13123,GA,Gilmer,2023,3,Amicalola Electric Member Corp; Blue Ridge Mountain EMC - (GA); Georgia Power Co,SOCO; TVA,Southeast (non-RTO),Southeast (non-RTO),no
13125,GA,Glascock,2023,3,Georgia Power Co; Jefferson Electric Member Corp; Washington Elec Member Corp,SOCO,Southeast (non-RTO),Southeast (non-RTO),no
13127,GA,Glynn,2023,2,Georgia Power Co; Okefenoke Rural El Member Corp,SOCO,Southeast (non-RTO),Southeast (non-RTO),no
13129,GA,Gordon,2023,4,Amicalola Electric Member Corp; City of Calhoun - (GA); Georgia Power Co; North Georgia Elec Member Corp,SOCO; TVA,Southeast (non-RTO),Southeast (non-RTO),no
13131,GA,Grady,2023,6,City of Cairo - (GA); City of Thomasville - (GA); City of Whigham - (GA); Georgia Power Co; Grady Electric Membership Corp; Mitchell Electric Member Corp,SOCO,Southeast (non-RTO),Southeast (non-RTO),no
13133,GA,Greene,2023,3,Georgia Power Co; Rayle Electric Membership Corp; Walton Electric Member Corp,SOCO,Southeast (non-RTO),Southeast (non-RTO),no
13135,GA,Gwinnett,2023,7,City of Buford; City of Lawrenceville - (GA); City of Norcross- (GA); Georgia Power Co; Jackson Electric Member Corp - (GA); Sawnee Electric Membership Corporation; Walton Electric Member Corp,SOCO,Southeast (non-RTO),Southeast (non-RTO),no
13137,GA,Habersham,2023,2,Georgia Power Co; Habersham Electric Membership Corp,SOCO,Southeast (non-RTO),Southeast (non-RTO),no
13139,GA,Hall,2023,5,City of Buford; Georgia Power Co; Habersham Electric Membership Corp; Jackson Electric Member Corp - (GA); Sawnee Electric Membership Corporation,SOCO,Southeast (non-RTO),Southeast (non-RTO),no
13141,GA,Hancock,2023,3,Georgia Power Co; Rayle Electric Membership Corp; Washington Elec Member Corp,SOCO,Southeast (non-RTO),Southeast (non-RTO),no
13143,GA,Haralson,2023,2,Carroll Electric Member Corp - (GA); Georgia Power Co,SOCO,Southeast (non-RTO),Southeast (non-RTO),no
13145,GA,Harris,2023,4,City of West Point - (GA); Diverse Power Incorporated; Flint Electric Membership Corp; Georgia Power Co,SOCO,Southeast (non-RTO),Southeast (non-RTO),no
13147,GA,Hart,2023,2,Georgia Power Co; Hart Electric Member Corp,SOCO,Southeast (non-RTO),Southeast (non-RTO),no
13149,GA,Heard,2023,4,Carroll Electric Member Corp - (GA); Coweta-Fayette El Member Corp; Diverse Power Incorporated; Georgia Power Co,SOCO,Southeast (non-RTO),Southeast (non-RTO),no
13151,GA,Henry,2023,5,Central Georgia El Member Corp; City of College Park - (GA); City of Hampton - (GA); Georgia Power Co; Snapping Shoals El Member Corp,SOCO,Southeast (non-RTO),Southeast (non-RTO),no
13153,GA,Houston,2023,3,Flint Electric Membership Corp; Georgia Power Co; Middle Georgia El Member Corp,SOCO,Southeast (non-RTO),Southeast (non-RTO),no
13155,GA,Irwin,2023,3,Georgia Power Co; Irwin Electric Membership Corp; Satilla Rural Elec Member Corporation,SOCO,Southeast (non-RTO),Southeast (non-RTO),no
13157,GA,Jackson,2023,3,City of Commerce - (GA); Georgia Power Co; Jackson Electric Member Corp - (GA),SOCO,Southeast (non-RTO),Southeast (non-RTO),no
13159,GA,Jasper,2023,5,Central Georgia El Member Corp; City of Monticello - (GA); Georgia Power Co; Snapping Shoals El Member Corp; Tri-County Elec Member Corp (GA),SOCO,Southeast (non-RTO),Southeast (non-RTO),no
13161,GA,Jeff Davis,2023,2,Georgia Power Co; Satilla Rural Elec Member Corporation,SOCO,Southeast (non-RTO),Southeast (non-RTO),no
13163,GA,Jefferson,2023,3,Georgia Power Co; Jefferson Electric Member Corp; Washington Elec Member Corp,SOCO,Southeast (non-RTO),Southeast (non-RTO),no
13165,GA,Jenkins,2023,4,Excelsior Electric Member Corp; Georgia Power Co; Jefferson Electric Member Corp; Planters Electric Member Corp,SOCO,Southeast (non-RTO),Southeast (non-RTO),no
13167,GA,Johnson,2023,4,Altamaha Electric Member Corp; Georgia Power Co; Jefferson Electric Member Corp; Washington Elec Member Corp,SOCO,Southeast (non-RTO),Southeast (non-RTO),no
13169,GA,Jones,2023,3,Central Georgia El Member Corp; Georgia Power Co; Tri-County Elec Member Corp (GA),SOCO,Southeast (non-RTO),Southeast (non-RTO),no
13171,GA,Lamar,2023,5,Central Georgia El Member Corp; City of Barnesville - (GA); City of Griffin - (GA); Georgia Power Co; Southern Rivers Energy,SOCO,Southeast (non-RTO),Southeast (non-RTO),no
13173,GA,Lanier,2023,3,Colquitt Electric Membership Corp; Georgia Power Co; Slash Pine Elec Member Corp,SOCO,Southeast (non-RTO),Southeast (non-RTO),no
13175,GA,Laurens,2023,6,Altamaha Electric Member Corp; Georgia Power Co; Little Ocmulgee El Member Corp; Ocmulgee Electric Member Corp; Oconee Electric Member Corp; Washington Elec Member Corp,SOCO,Southeast (non-RTO),Southeast (non-RTO),no
13177,GA,Lee,2023,4,Albany Utility Board; Georgia Power Co; Mitchell Electric Member Corp; Sumter Electric Member Corp,SOCO,Southeast (non-RTO),Southeast (non-RTO),no
13179,GA,Liberty,2023,3,Canoochee Electric Member Corp; Coastal Electric Member Corp - (GA); Georgia Power Co,SOCO,Southeast (non-RTO),Southeast (non-RTO),no
13181,GA,Lincoln,2023,2,Georgia Power Co; Rayle Electric Membership Corp,SOCO,Southeast (non-RTO),Southeast (non-RTO),no
13183,GA,Long,2023,3,Canoochee Electric Member Corp; Coastal Electric Member Corp - (GA); Georgia Power Co,SOCO,Southeast (non-RTO),Southeast (non-RTO),no
13185,GA,Lowndes,2023,3,Colquitt Electric Membership Corp; Georgia Power Co; Slash Pine Elec Member Corp,SOCO,Southeast (non-RTO),Southeast (non-RTO),no
13187,GA,Lumpkin,2023,5,Amicalola Electric Member Corp; Georgia Power Co; Habersham Electric Membership Corp; Jackson Electric Member Corp - (GA); Sawnee Electric Membership Corporation,SOCO,Southeast (non-RTO),Southeast (non-RTO),no
13189,GA,McDuffie,2023,2,Georgia Power Co; Jefferson Electric Member Corp,SOCO,Southeast (non-RTO),Southeast (non-RTO),no
13191,GA,McIntosh,2023,2,Coastal Electric Member Corp - (GA); Georgia Power Co,SOCO,Southeast (non-RTO),Southeast (non-RTO),no
13193,GA,Macon,2023,3,Flint Electric Membership Corp; Georgia Power Co; Middle Georgia El Member Corp,SOCO,Southeast (non-RTO),Southeast (non-RTO),no
13195,GA,Madison,2023,4,Georgia Power Co; Hart Electric Member Corp; Jackson Electric Member Corp - (GA); Rayle Electric Membership Corp,SOCO,Southeast (non-RTO),Southeast (non-RTO),no
13197,GA,Marion,2023,3,Flint Electric Membership Corp; Georgia Power Co; Sumter Electric Member Corp,SOCO,Southeast (non-RTO),Southeast (non-RTO),no
13199,GA,Meriwether,2023,6,City of Grantville - (GA); Coweta-Fayette El Member Corp; Diverse Power Incorporated; Georgia Power Co; Southern Rivers Energy; Upson Elec Member Corp,SOCO,Southeast (non-RTO),Southeast (non-RTO),no
13201,GA,Miller,2023,3,Georgia Power Co; Mitchell Electric Member Corp; Three Notch Elec Member Corp,SOCO; SEPA,Southeast (non-RTO),Southeast (non-RTO),no
13205,GA,Mitchell,2023,4,City of Camilla; Georgia Power Co; Grady Electric Membership Corp; Mitchell Electric Member Corp,SOCO,Southeast (non-RTO),Southeast (non-RTO),no
13207,GA,Monroe,2023,5,Central Georgia El Member Corp; City of Forsyth - (GA); Flint Electric Membership Corp; Georgia Power Co; Southern Rivers Energy,SOCO,Southeast (non-RTO),Southeast (non-RTO),no
13209,GA,Montgomery,2023,3,Altamaha Electric Member Corp; Georgia Power Co; Little Ocmulgee El Member Corp,SOCO,Southeast (non-RTO),Southeast (non-RTO),no
13211,GA,Morgan,2023,6,Central Georgia El Member Corp; Georgia Power Co; Rayle Electric Membership Corp; Snapping Shoals El Member Corp; Tri-County Elec Member Corp (GA); Walton Electric Member Corp,SOCO,Southeast (non-RTO),Southeast (non-RTO),no
13213,GA,Murray,2023,4,Amicalola Electric Member Corp; Central Georgia El Member Corp; Georgia Power Co; North Georgia Elec Member Corp,SOCO; TVA,Southeast (non-RTO),Southeast (non-RTO),no
13215,GA,Muscogee,2023,3,Diverse Power Incorporated; Flint Electric Membership Corp; Georgia Power Co,SOCO,Southeast (non-RTO),Southeast (non-RTO),no
13217,GA,Newton,2023,7,Central Georgia El Member Corp; City of Covington - (GA); City of Mansfield - (GA); City of Oxford - (GA); Georgia Power Co; Snapping Shoals El Member Corp; Walton Electric Member Corp,SOCO,Southeast (non-RTO),Southeast (non-RTO),no
13219,GA,Oconee,2023,4,Georgia Power Co; Jackson Electric Member Corp - (GA); Rayle Electric Membership Corp; Walton Electric Member Corp,SOCO,Southeast (non-RTO),Southeast (non-RTO),no
13221,GA,Oglethorpe,2023,3,Georgia Power Co; Jackson Electric Member Corp - (GA); Rayle Electric Membership Corp,SOCO,Southeast (non-RTO),Southeast (non-RTO),no
13223,GA,Paulding,2023,4,Carroll Electric Member Corp - (GA); Cobb Electric Membership Corp; Georgia Power Co; GreyStone Power Corporation,SOCO,Southeast (non-RTO),Southeast (non-RTO),no
13225,GA,Peach,2023,3,Flint Electric Membership Corp; Fort Valley Utility Comm; Georgia Power Co,SOCO; SEPA,Southeast (non-RTO),Southeast (non-RTO),no
13227,GA,Pickens,2023,2,Amicalola Electric Member Corp; Georgia Power Co,SOCO,Southeast (non-RTO),Southeast (non-RTO),no
13229,GA,Pierce,2023,2,Georgia Power Co; Satilla Rural Elec Member Corporation,SOCO,Southeast (non-RTO),Southeast (non-RTO),no
13231,GA,Pike,2023,5,Central Georgia El Member Corp; City of Griffin - (GA); Georgia Power Co; Southern Rivers Energy; Upson Elec Member Corp,SOCO,Southeast (non-RTO),Southeast (non-RTO),no
13233,GA,Polk,2023,2,Carroll Electric Member Corp - (GA); Georgia Power Co,SOCO,Southeast (non-RTO),Southeast (non-RTO),no
13235,GA,Pulaski,2023,3,Georgia Power Co; Middle Georgia El Member Corp; Ocmulgee Electric Member Corp,SOCO,Southeast (non-RTO),Southeast (non-RTO),no
13237,GA,Putnam,2023,3,Central Georgia El Member Corp; Georgia Power Co; Tri-County Elec Member Corp (GA),SOCO,Southeast (non-RTO),Southeast (non-RTO),no
13239,GA,Quitman,2023,3,Diverse Power Incorporated; Georgia Power Co; Sumter Electric Member Corp,SOCO,Southeast (non-RTO),Southeast (non-RTO),no
13241,GA,Rabun,2023,3,Georgia Power Co; Habersham Electric Membership Corp; Haywood Electric Member Corp,SOCO; DUK,Southeast (non-RTO),Southeast (non-RTO),no
13243,GA,Randolph,2023,3,Diverse Power Incorporated; Georgia Power Co; Sumter Electric Member Corp,SOCO,Southeast (non-RTO),Southeast (non-RTO),no
13245,GA,Richmond,2023,4,City of Sylvania - (GA); Georgia Power Co; Jefferson Electric Member Corp; Planters Electric Member Corp,SOCO,Southeast (non-RTO),Southeast (non-RTO),no
13247,GA,Rockdale,2023,3,Georgia Power Co; Snapping Shoals El Member Corp; Walton Electric Member Corp,SOCO,Southeast (non-RTO),Southeast (non-RTO),no
13249,GA,Schley,2023,4,City of Ellaville; Flint Electric Membership Corp; Georgia Power Co; Sumter Electric Member Corp,SOCO,Southeast (non-RTO),Southeast (non-RTO),no
13251,GA,Screven,2023,3,City of Sylvania - (GA); Georgia Power Co; Planters Electric Member Corp,SOCO,Southeast (non-RTO),Southeast (non-RTO),no
13253,GA,Seminole,2023,2,Georgia Power Co; Three Notch Elec Member Corp,SOCO; SEPA,Southeast (non-RTO),Southeast (non-RTO),no
13255,GA,Spalding,2023,5,Central Georgia El Member Corp; City of Griffin - (GA); Coweta-Fayette El Member Corp; Georgia Power Co; Southern Rivers Energy,SOCO,Southeast (non-RTO),Southeast (non-RTO),no
13257,GA,Stephens,2023,3,Georgia Power Co; Habersham Electric Membership Corp; Hart Electric Member Corp,SOCO,Southeast (non-RTO),Southeast (non-RTO),no
13259,GA,Stewart,2023,3,Diverse Power Incorporated; Georgia Power Co; Sumter Electric Member Corp,SOCO,Southeast (non-RTO),Southeast (non-RTO),no
13261,GA,Sumter,2023,3,Flint Electric Membership Corp; Georgia Power Co; Sumter Electric Member Corp,SOCO,Southeast (non-RTO),Southeast (non-RTO),no
13263,GA,Talbot,2023,3,Flint Electric Membership Corp; Georgia Power Co; Upson Elec Member Corp,SOCO,Southeast (non-RTO),Southeast (non-RTO),no
13265,GA,Taliaferro,2023,2,Georgia Power Co; Rayle Electric Membership Corp,SOCO,Southeast (non-RTO),Southeast (non-RTO),no
13267,GA,Tattnall,2023,5,Altamaha Electric Member Corp; Canoochee Electric Member Corp; Excelsior Electric Member Corp; Georgia Power Co; Satilla Rural Elec Member Corporation,SOCO,Southeast (non-RTO),Southeast (non-RTO),no
13269,GA,Taylor,2023,3,Flint Electric Membership Corp; Georgia Power Co; Upson Elec Member Corp,SOCO,Southeast (non-RTO),Southeast (non-RTO),no
13271,GA,Telfair,2023,3,Georgia Power Co; Little Ocmulgee El Member Corp; Ocmulgee Electric Member Corp,SOCO,Southeast (non-RTO),Southeast (non-RTO),no
13273,GA,Terrell,2023,3,Diverse Power Incorporated; Georgia Power Co; Sumter Electric Member Corp,SOCO,Southeast (non-RTO),Southeast (non-RTO),no
13275,GA,Thomas,2023,5,City of Thomasville - (GA); Colquitt Electric Membership Corp; Georgia Power Co; Grady Electric Membership Corp; Mitchell Electric Member Corp,SOCO,Southeast (non-RTO),Southeast (non-RTO),no
13277,GA,Tift,2023,5,City of Adel- (GA); Colquitt Electric Membership Corp; Georgia Power Co; Irwin Electric Membership Corp; Mitchell Electric Member Corp,SOCO,Southeast (non-RTO),Southeast (non-RTO),no
13279,GA,Toombs,2023,3,Altamaha Electric Member Corp; Canoochee Electric Member Corp; Georgia Power Co,SOCO,Southeast (non-RTO),Southeast (non-RTO),no
13281,GA,Towns,2023,1,Blue Ridge Mountain EMC - (GA),TVA,Southeast (non-RTO),Southeast (non-RTO),no
13283,GA,Treutlen,2023,2,Altamaha Electric Member Corp; Georgia Power Co,SOCO,Southeast (non-RTO),Southeast (non-RTO),no
13285,GA,Troup,2023,7,Carroll Electric Member Corp - (GA); City of Hogansville - (GA); City of La Grange - (GA); City of West Point - (GA); Coweta-Fayette El Member Corp; Diverse Power Incorporated; Georgia Power Co,SOCO,Southeast (non-RTO),Southeast (non-RTO),no
13287,GA,Turner,2023,5,Crisp County Power Comm; Georgia Power Co; Irwin Electric Membership Corp; Middle Georgia El Member Corp; Mitchell Electric Member Corp,SOCO,Southeast (non-RTO),Southeast (non-RTO),no
13289,GA,Twiggs,2023,4,Flint Electric Membership Corp; Georgia Power Co; Oconee Electric Member Corp; Tri-County Elec Member Corp (GA),SOCO,Southeast (non-RTO),Southeast (non-RTO),no
13291,GA,Union,2023,1,Blue Ridge Mountain EMC - (GA),TVA,Southeast (non-RTO),Southeast (non-RTO),no
13293,GA,Upson,2023,5,City of Thomaston - (GA); Flint Electric Membership Corp; Georgia Power Co; Southern Rivers Energy; Upson Elec Member Corp,SOCO,Southeast (non-RTO),Southeast (non-RTO),no
13295,GA,Walker,2023,6,City of Chattanooga - (TN); City of Chickamauga; City of LaFayette - (GA); Georgia Power Co; North Georgia Elec Member Corp; Tennessee Valley Authority,TVA; SOCO,Southeast (non-RTO),Southeast (non-RTO),no
13297,GA,Walton,2023,5,City of Covington - (GA); City of Monroe - (GA); Georgia Power Co; Snapping Shoals El Member Corp; Walton Electric Member Corp,SOCO,Southeast (non-RTO),Southeast (non-RTO),no
13299,GA,Ware,2023,4,Georgia Power Co; Okefenoke Rural El Member Corp; Satilla Rural Elec Member Corporation; Slash Pine Elec Member Corp,SOCO,Southeast (non-RTO),Southeast (non-RTO),no
13301,GA,Warren,2023,3,Georgia Power Co; Jefferson Electric Member Corp; Washington Elec Member Corp,SOCO,Southeast (non-RTO),Southeast (non-RTO),no
13303,GA,Washington,2023,4,City of Sandersville - (GA); Georgia Power Co; Jefferson Electric Member Corp; Washington Elec Member Corp,SOCO,Southeast (non-RTO),Southeast (non-RTO),no
13305,GA,Wayne,2023,3,Georgia Power Co; Okefenoke Rural El Member Corp; Satilla Rural Elec Member Corporation,SOCO,Southeast (non-RTO),Southeast (non-RTO),no
13307,GA,Webster,2023,2,Georgia Power Co; Sumter Electric Member Corp,SOCO,Southeast (non-RTO),Southeast (non-RTO),no
13309,GA,Wheeler,2023,2,Georgia Power Co; Little Ocmulgee El Member Corp,SOCO,Southeast (non-RTO),Southeast (non-RTO),no
13311,GA,White,2023,3,Georgia Power Co; Habersham Electric Membership Corp; Jackson Electric Member Corp - (GA),SOCO,Southeast (non-RTO),Southeast (non-RTO),no
13313,GA,Whitfield,2023,3,Dalton Utilities; Georgia Power Co; North Georgia Elec Member Corp,SOCO; TVA,Southeast (non-RTO),Southeast (non-RTO),no
13315,GA,Wilcox,2023,4,Crisp County Power Comm; Georgia Power Co; Irwin Electric Membership Corp; Middle Georgia El Member Corp,SOCO,Southeast (non-RTO),Southeast (non-RTO),no
13317,GA,Wilkes,2023,3,City of Washington - (GA); Georgia Power Co; Rayle Electric Membership Corp,SOCO,Southeast (non-RTO),Southeast (non-RTO),no
13319,GA,Wilkinson,2023,4,Georgia Power Co; Oconee Electric Member Corp; Tri-County Elec Member Corp (GA); Washington Elec Member Corp,SOCO,Southeast (non-RTO),Southeast (non-RTO),no
13321,GA,Worth,2023,6,City of Sylvester - (GA); Colquitt Electric Membership Corp; Crisp County Power Comm; Georgia Power Co; Irwin Electric Membership Corp; Mitchell Electric Member Corp,SOCO,Southeast (non-RTO),Southeast (non-RTO),no
15001,HI,Hawaii,2023,1,Hawaii Electric Light Co Inc,,,,no
15003,HI,Honolulu,2023,1,Hawaiian Electric Co Inc,HECO,Southeast (non-RTO),Southeast (non-RTO),no
15005,HI,Kalawao,2023,1,Maui Electric Co Ltd,,,,no
15007,HI,Kauai,2023,1,Kauai Island Utility Cooperative,,,,no
15009,HI,Maui,2023,1,Maui Electric Co Ltd,,,,no
16001,ID,Ada,2023,1,Idaho Power Co,IPCO,West (non-RTO),West (non-RTO),no
16003,ID,Adams,2023,1,Idaho Power Co,IPCO,West (non-RTO),West (non-RTO),no
16005,ID,Bannock,2023,2,Idaho Power Co; PacifiCorp,IPCO; PACE,West (non-RTO),West (non-RTO),no
16007,ID,Bear Lake,2023,1,PacifiCorp,PACE,West (non-RTO),West (non-RTO),no
16009,ID,Benewah,2023,5,Avista Corp; City of Plummer - (ID); Clearwater Power Company; Inland Power & Light Company; Kootenai Electric Cooperative,AVA; BPAT,West (non-RTO),West (non-RTO),no
16011,ID,Bingham,2023,3,Bonneville Power Administration; Idaho Power Co; PacifiCorp,IPCO; PACE,West (non-RTO),West (non-RTO),no
16013,ID,Blaine,2023,3,Idaho Power Co; Lost River Electric Coop Inc; Salmon River Electric Coop Inc,IPCO; PACE,West (non-RTO),West (non-RTO),no
16015,ID,Boise,2023,1,Idaho Power Co,IPCO,West (non-RTO),West (non-RTO),no
16017,ID,Bonner,2023,5,"Avista Corp; Bonneville Power Administration; Inland Power & Light Company; Kootenai Electric Cooperative; Northern Lights, Inc",BPAT; AVA,West (non-RTO),West (non-RTO),no
16019,ID,Bonneville,2023,3,City of Idaho Falls - (ID); Lower Valley Energy Inc; PacifiCorp,PACE; BPAT,West (non-RTO),West (non-RTO),no
16021,ID,Boundary,2023,2,"City of Bonners Ferry; Northern Lights, Inc",BPAT,West (non-RTO),West (non-RTO),no
16023,ID,Butte,2023,3,Bonneville Power Administration; Lost River Electric Coop Inc; PacifiCorp,PACE,West (non-RTO),West (non-RTO),no
16025,ID,Camas,2023,1,Idaho Power Co,IPCO,West (non-RTO),West (non-RTO),no
16027,ID,Canyon,2023,1,Idaho Power Co,IPCO,West (non-RTO),West (non-RTO),no
16029,ID,Caribou,2023,3,City of Soda Springs - (ID); Lower Valley Energy Inc; PacifiCorp,PACE; BPAT,West (non-RTO),West (non-RTO),no
16031,ID,Cassia,2023,8,"City of Albion - (ID); City of Burley - (ID); City of Declo - (ID); East End Mutual Elec Co Ltd; Idaho Power Co; Raft Rural Elec Coop Inc; South Side Electric, Inc; United Electric Co-op, Inc - (ID)",BPAT; IPCO,West (non-RTO),West (non-RTO),no
16033,ID,Clark,2023,3,"Fall River Rural Elec Coop Inc; PacifiCorp; Vigilante Electric Coop, Inc",BPAT; PACE; NWMT,West (non-RTO),West (non-RTO),no
16035,ID,Clearwater,2023,3,Avista Corp; Bonneville Power Administration; Clearwater Power Company,AVA,West (non-RTO),West (non-RTO),no
16037,ID,Custer,2023,3,Bonneville Power Administration; Lost River Electric Coop Inc; Salmon River Electric Coop Inc,PACE; IPCO,West (non-RTO),West (non-RTO),no
16039,ID,Elmore,2023,2,Bonneville Power Administration; Idaho Power Co,IPCO,West (non-RTO),West (non-RTO),no
16041,ID,Franklin,2023,1,PacifiCorp,PACE,West (non-RTO),West (non-RTO),no
16043,ID,Fremont,2023,3,Bonneville Power Administration; Fall River Rural Elec Coop Inc; PacifiCorp,BPAT; PACE,West (non-RTO),West (non-RTO),no
16045,ID,Gem,2023,2,Bonneville Power Administration; Idaho Power Co,IPCO,West (non-RTO),West (non-RTO),no
16047,ID,Gooding,2023,1,Idaho Power Co,IPCO,West (non-RTO),West (non-RTO),no
16049,ID,Idaho,2023,5,"Avista Corp; Clearwater Power Company; Idaho County L&P Coop Assn, Inc; Idaho Power Co; Missoula Electric Coop, Inc",AVA; IPCO; BPAT,West (non-RTO),West (non-RTO),no
16051,ID,Jefferson,2023,3,Bonneville Power Administration; Fall River Rural Elec Coop Inc; PacifiCorp,BPAT; PACE,West (non-RTO),West (non-RTO),no
16053,ID,Jerome,2023,1,Idaho Power Co,IPCO,West (non-RTO),West (non-RTO),no
16055,ID,Kootenai,2023,5,"Avista Corp; Bonneville Power Administration; Inland Power & Light Company; Kootenai Electric Cooperative; Northern Lights, Inc",BPAT; AVA,West (non-RTO),West (non-RTO),no
16057,ID,Latah,2023,3,Avista Corp; Bonneville Power Administration; Clearwater Power Company,AVA,West (non-RTO),West (non-RTO),no
16059,ID,Lemhi,2023,2,Idaho Power Co; Salmon River Electric Coop Inc,IPCO,West (non-RTO),West (non-RTO),no
16061,ID,Lewis,2023,3,"Avista Corp; Clearwater Power Company; Idaho County L&P Coop Assn, Inc",AVA,West (non-RTO),West (non-RTO),no
16063,ID,Lincoln,2023,1,Idaho Power Co,IPCO,West (non-RTO),West (non-RTO),no
16065,ID,Madison,2023,3,Bonneville Power Administration; Fall River Rural Elec Coop Inc; PacifiCorp,BPAT; PACE,West (non-RTO),West (non-RTO),no
16067,ID,Minidoka,2023,9,"City of Burley - (ID); City of Heyburn - (ID); City of Minidoka - (ID); City of Rupert - (ID); East End Mutual Elec Co Ltd; Farmers Electric Company, Ltd - (ID); Idaho Power Co; Riverside Electric Cooperative",BPAT; IPCO,West (non-RTO),West (non-RTO),no
16069,ID,Nez Perce,2023,3,Avista Corp; Bonneville Power Administration; Clearwater Power Company,AVA,West (non-RTO),West (non-RTO),no
16071,ID,Oneida,2023,3,Idaho Power Co; PacifiCorp; Raft Rural Elec Coop Inc,IPCO; PACE; BPAT,West (non-RTO),West (non-RTO),no
16073,ID,Owyhee,2023,2,Idaho Power Co; Raft Rural Elec Coop Inc,IPCO; BPAT,West (non-RTO),West (non-RTO),no
16075,ID,Payette,2023,1,Idaho Power Co,IPCO,West (non-RTO),West (non-RTO),no
16077,ID,Power,2023,4,Bonneville Power Administration; Idaho Power Co; PacifiCorp; Raft Rural Elec Coop Inc,IPCO; PACE; BPAT,West (non-RTO),West (non-RTO),no
16079,ID,Shoshone,2023,3,Avista Corp; Bonneville Power Administration; Clearwater Power Company,AVA,West (non-RTO),West (non-RTO),no
16081,ID,Teton,2023,3,Bonneville Power Administration; Fall River Rural Elec Coop Inc; PacifiCorp,BPAT; PACE,West (non-RTO),West (non-RTO),no
16083,ID,Twin Falls,2023,1,Idaho Power Co,IPCO,West (non-RTO),West (non-RTO),no
16085,ID,Valley,2023,1,Idaho Power Co,IPCO,West (non-RTO),West (non-RTO),no
16087,ID,Washington,2023,2,City of Weiser - (ID); Idaho Power Co,IPCO; BPAT,West (non-RTO),West (non-RTO),no
17001,IL,Adams,2023,4,Adams Electric Coop; Ameren Illinois Company; Illinois Rural Electric Coop; Western Illinois Elec Coop,MISO; PJM,MISO; PJM,MISO,yes
17003,IL,Alexander,2023,3,Ameren Illinois Company; Cairo Public Utility Company; Southern Illinois Elec Coop,MISO,MISO,MISO,no
17005,IL,Bond,2023,4,Ameren Illinois Company; City of Highland; M J M Electric Cooperative Inc; Southwestern Electric Coop Inc - (IL),MISO,MISO,MISO,no
17007,IL,Boone,2023,2,Commonwealth Edison Co; Rock Energy Cooperative,PJM; MISO,PJM; MISO,PJM,yes
17009,IL,Brown,2023,3,Adams Electric Coop; Ameren Illinois Company; Illinois Rural Electric Coop,MISO; PJM,MISO; PJM,MISO,yes
17011,IL,Bureau,2023,5,Ameren Illinois Company; City of Princeton - (IL); Commonwealth Edison Co; Corn Belt Energy Corporation; Village of Ladd - (IL),MISO; PJM,MISO; PJM,MISO,yes
17013,IL,Calhoun,2023,2,Ameren Illinois Company; Illinois Rural Electric Coop,MISO; PJM,MISO; PJM,MISO,yes
17015,IL,Carroll,2023,2,"Commonwealth Edison Co; Jo-Carroll Energy, Inc",PJM; MISO,PJM; MISO,PJM,yes
17017,IL,Cass,2023,3,Ameren Illinois Company; Illinois Rural Electric Coop; Menard Electric Coop,MISO; PJM,MISO; PJM,MISO,yes
17019,IL,Champaign,2023,5,Ameren Illinois Company; Corn Belt Energy Corporation; Eastern Illinois Elec Coop; University of Illinois; Village of Rantoul - (IL),MISO; PJM,MISO; PJM,MISO,yes
17021,IL,Christian,2023,3,"Ameren Illinois Company; Rural Electric Conven Coop - (IL); Shelby Electric Coop, Inc - (IL)",MISO,MISO,MISO,no
17023,IL,Clark,2023,6,Ameren Illinois Company; City of Casey - (IL); City of Marshall - (IL); Coles-Moultrie Electric Coop; Enerstar Power Corp; Norris Electric Coop,MISO,MISO,MISO,no
17025,IL,Clay,2023,7,"Ameren Illinois Company; City of Flora - (IL); Clay Electric Coop Inc - (IL); Norris Electric Coop; Southwestern Electric Coop Inc - (IL); Tri-County Electric Coop, Inc (IL); Wayne-White Counties Elec Coop",MISO,MISO,MISO,no
17027,IL,Clinton,2023,7,"Ameren Illinois Company; City of Breese - (IL); City of Carlyle - (IL); City of Highland; Clinton County Elec Coop, Inc; Southwestern Electric Coop Inc - (IL); Tri-County Electric Coop, Inc (IL)",MISO,MISO,MISO,no
17029,IL,Coles,2023,3,Ameren Illinois Company; Coles-Moultrie Electric Coop; Enerstar Power Corp,MISO,MISO,MISO,no
17031,IL,Cook,2023,3,Commonwealth Edison Co; University of Illinois; Village of Winnetka - (IL),PJM,PJM,PJM,no
17033,IL,Crawford,2023,2,Ameren Illinois Company; Norris Electric Coop,MISO,MISO,MISO,no
17035,IL,Cumberland,2023,5,"Ameren Illinois Company; Coles-Moultrie Electric Coop; Norris Electric Coop; Shelby Electric Coop, Inc - (IL); Village of Greenup - (IL)",MISO,MISO,MISO,no
17037,IL,DeKalb,2023,1,Commonwealth Edison Co,PJM,PJM,PJM,no
17039,IL,De Witt,2023,3,Ameren Illinois Company; City of Farmer City - (IL); Corn Belt Energy Corporation,MISO,MISO,MISO,no
17041,IL,Douglas,2023,4,Ameren Illinois Company; Coles-Moultrie Electric Coop; Eastern Illinois Elec Coop; Enerstar Power Corp,MISO,MISO,MISO,no
17043,IL,DuPage,2023,3,City of Naperville - (IL); City of St Charles - (IL); Commonwealth Edison Co,PJM,PJM,PJM,no
17045,IL,Edgar,2023,4,Ameren Illinois Company; Coles-Moultrie Electric Coop; Eastern Illinois Elec Coop; Enerstar Power Corp,MISO,MISO,MISO,no
17047,IL,Edwards,2023,2,Ameren Illinois Company; Wayne-White Counties Elec Coop,MISO,MISO,MISO,no
17049,IL,Effingham,2023,6,"Ameren Illinois Company; City of Altamont - (IL); Clay Electric Coop Inc - (IL); Norris Electric Coop; Shelby Electric Coop, Inc - (IL); Southwestern Electric Coop Inc - (IL)",MISO,MISO,MISO,no
17051,IL,Fayette,2023,6,"Ameren Illinois Company; Clay Electric Coop Inc - (IL); Clinton County Elec Coop, Inc; M J M Electric Cooperative Inc; Shelby Electric Coop, Inc - (IL); Southwestern Electric Coop Inc - (IL)",MISO,MISO,MISO,no
17053,IL,Ford,2023,4,Ameren Illinois Company; Commonwealth Edison Co; Corn Belt Energy Corporation; Eastern Illinois Elec Coop,MISO; PJM,MISO; PJM,MISO,yes
17055,IL,Franklin,2023,5,"Ameren Illinois Company; Egyptian Electric Coop Assn; Southeastern IL Elec Coop, Inc; Tri-County Electric Coop, Inc (IL); Wayne-White Counties Elec Coop",MISO,MISO,MISO,no
17057,IL,Fulton,2023,3,"Ameren Illinois Company; McDonough Power Coop; Spoon River Electric Coop, Inc",MISO,MISO,MISO,no
17059,IL,Gallatin,2023,3,"Ameren Illinois Company; Southeastern IL Elec Coop, Inc; Wayne-White Counties Elec Coop",MISO,MISO,MISO,no
17061,IL,Greene,2023,4,Ameren Illinois Company; City of Roodhouse - (IL); Illinois Rural Electric Coop; M J M Electric Cooperative Inc,MISO; PJM,MISO; PJM,MISO,yes
17063,IL,Grundy,2023,1,Commonwealth Edison Co,PJM,PJM,PJM,no
17065,IL,Hamilton,2023,4,"City of McLeansboro - (IL); Southeastern IL Elec Coop, Inc; Tri-County Electric Coop, Inc (IL); Wayne-White Counties Elec Coop",MISO,MISO,MISO,no
17067,IL,Hancock,2023,4,Adams Electric Coop; Ameren Illinois Company; McDonough Power Coop; Western Illinois Elec Coop,MISO,MISO,MISO,no
17069,IL,Hardin,2023,1,"Southeastern IL Elec Coop, Inc",MISO,MISO,MISO,no
17071,IL,Henderson,2023,3,Ameren Illinois Company; McDonough Power Coop; Western Illinois Elec Coop,MISO,MISO,MISO,no
17073,IL,Henry,2023,5,"Ameren Illinois Company; City of Geneseo - (IL); Corn Belt Energy Corporation; Jo-Carroll Energy, Inc; MidAmerican Energy Co",MISO,MISO,MISO,no
17075,IL,Iroquois,2023,2,Ameren Illinois Company; Eastern Illinois Elec Coop,MISO,MISO,MISO,no
17077,IL,Jackson,2023,3,Ameren Illinois Company; Egyptian Electric Coop Assn; Southern Illinois Elec Coop,MISO,MISO,MISO,no
17079,IL,Jasper,2023,4,Ameren Illinois Company; City of Newton - (IL); Clay Electric Coop Inc - (IL); Norris Electric Coop,MISO,MISO,MISO,no
17081,IL,Jefferson,2023,3,"Ameren Illinois Company; Tri-County Electric Coop, Inc (IL); Wayne-White Counties Elec Coop",MISO,MISO,MISO,no
17083,IL,Jersey,2023,3,Ameren Illinois Company; Illinois Rural Electric Coop; M J M Electric Cooperative Inc,MISO; PJM,MISO; PJM,MISO,yes
17085,IL,Jo Daviess,2023,3,"Commonwealth Edison Co; Jo-Carroll Energy, Inc; Scenic Rivers Energy Coop",MISO; PJM,MISO; PJM,MISO,yes
17087,IL,Johnson,2023,4,"Ameren Illinois Company; Egyptian Electric Coop Assn; Southeastern IL Elec Coop, Inc; Southern Illinois Elec Coop",MISO,MISO,MISO,no
17089,IL,Kane,2023,4,City of Batavia - (IL); City of Geneva- (IL); City of St Charles - (IL); Commonwealth Edison Co,PJM,PJM,PJM,no
17091,IL,Kankakee,2023,1,Commonwealth Edison Co,PJM,PJM,PJM,no
17093,IL,Kendall,2023,3,Ameren Illinois Company; Commonwealth Edison Co; Corn Belt Energy Corporation,MISO; PJM,MISO; PJM,MISO,yes
17095,IL,Knox,2023,4,"Ameren Illinois Company; Corn Belt Energy Corporation; McDonough Power Coop; Spoon River Electric Coop, Inc",MISO,MISO,MISO,no
17097,IL,Lake,2023,1,Commonwealth Edison Co,PJM,PJM,PJM,no
17099,IL,LaSalle,2023,5,Ameren Illinois Company; City of Oglesby - (IL); City of Peru - (IL); Commonwealth Edison Co; Corn Belt Energy Corporation,MISO; PJM,MISO; PJM,MISO,yes
17101,IL,Lawrence,2023,2,Ameren Illinois Company; Norris Electric Coop,MISO,MISO,MISO,no
17103,IL,Lee,2023,2,Commonwealth Edison Co; Rochelle Municipal Utilities,PJM,PJM,PJM,no
17105,IL,Livingston,2023,4,Ameren Illinois Company; Commonwealth Edison Co; Corn Belt Energy Corporation; Eastern Illinois Elec Coop,MISO; PJM,MISO; PJM,MISO,yes
17107,IL,Logan,2023,3,Ameren Illinois Company; Corn Belt Energy Corporation; Menard Electric Coop,MISO,MISO,MISO,no
17109,IL,McDonough,2023,6,"Adams Electric Coop; Ameren Illinois Company; City of Bushnell - (IL); McDonough Power Coop; Spoon River Electric Coop, Inc; Western Illinois Elec Coop",MISO,MISO,MISO,no
17111,IL,McHenry,2023,2,Commonwealth Edison Co; Rock Energy Cooperative,PJM; MISO,PJM; MISO,PJM,yes
17113,IL,McLean,2023,3,Ameren Illinois Company; Corn Belt Energy Corporation; Eastern Illinois Elec Coop,MISO,MISO,MISO,no
17115,IL,Macon,2023,4,"Ameren Illinois Company; Corn Belt Energy Corporation; Menard Electric Coop; Shelby Electric Coop, Inc - (IL)",MISO,MISO,MISO,no
17117,IL,Macoupin,2023,5,Ameren Illinois Company; Illinois Rural Electric Coop; M J M Electric Cooperative Inc; Rural Electric Conven Coop - (IL); Southwestern Electric Coop Inc - (IL),MISO; PJM,MISO; PJM,MISO,yes
17119,IL,Madison,2023,5,"Ameren Illinois Company; City of Highland; Clinton County Elec Coop, Inc; M J M Electric Cooperative Inc; Southwestern Electric Coop Inc - (IL)",MISO,MISO,MISO,no
17121,IL,Marion,2023,6,"Ameren Illinois Company; Clay Electric Coop Inc - (IL); Clinton County Elec Coop, Inc; Southwestern Electric Coop Inc - (IL); Tri-County Electric Coop, Inc (IL); Wayne-White Counties Elec Coop",MISO,MISO,MISO,no
17123,IL,Marshall,2023,3,Ameren Illinois Company; Commonwealth Edison Co; Corn Belt Energy Corporation,MISO; PJM,MISO; PJM,MISO,yes
17125,IL,Mason,2023,2,Ameren Illinois Company; Menard Electric Coop,MISO,MISO,MISO,no
17127,IL,Massac,2023,4,"Ameren Illinois Company; City of Metropolis - (IL); Southeastern IL Elec Coop, Inc; Southern Illinois Elec Coop",MISO,MISO,MISO,no
17129,IL,Menard,2023,2,Ameren Illinois Company; Menard Electric Coop,MISO,MISO,MISO,no
17131,IL,Mercer,2023,2,Ameren Illinois Company; MidAmerican Energy Co,MISO,MISO,MISO,no
17133,IL,Monroe,2023,4,"Ameren Illinois Company; City of Waterloo - (IL); Egyptian Electric Coop Assn; Monroe County Elec Coop, Inc",MISO,MISO,MISO,no
17135,IL,Montgomery,2023,5,"Ameren Illinois Company; M J M Electric Cooperative Inc; Rural Electric Conven Coop - (IL); Shelby Electric Coop, Inc - (IL); Southwestern Electric Coop Inc - (IL)",MISO,MISO,MISO,no
17137,IL,Morgan,2023,4,Ameren Illinois Company; Illinois Rural Electric Coop; Menard Electric Coop; Rural Electric Conven Coop - (IL),MISO; PJM,MISO; PJM,MISO,yes
17139,IL,Moultrie,2023,6,"Ameren Illinois Company; City of Sullivan - (IL); Coles-Moultrie Electric Coop; Eastern Illinois Elec Coop; Shelby Electric Coop, Inc - (IL); Village of Bethany - (IL)",MISO,MISO,MISO,no
17141,IL,Ogle,2023,2,Commonwealth Edison Co; Rochelle Municipal Utilities,PJM,PJM,PJM,no
17143,IL,Peoria,2023,2,"Ameren Illinois Company; Spoon River Electric Coop, Inc",MISO,MISO,MISO,no
17145,IL,Perry,2023,3,"Ameren Illinois Company; Egyptian Electric Coop Assn; Tri-County Electric Coop, Inc (IL)",MISO,MISO,MISO,no
17147,IL,Piatt,2023,4,Ameren Illinois Company; Coles-Moultrie Electric Coop; Corn Belt Energy Corporation; Eastern Illinois Elec Coop,MISO,MISO,MISO,no
17149,IL,Pike,2023,3,Adams Electric Coop; Ameren Illinois Company; Illinois Rural Electric Coop,MISO; PJM,MISO; PJM,MISO,yes
17151,IL,Pope,2023,2,"Southeastern IL Elec Coop, Inc; Southern Illinois Elec Coop",MISO,MISO,MISO,no
17153,IL,Pulaski,2023,3,Ameren Illinois Company; Cairo Public Utility Company; Southern Illinois Elec Coop,MISO,MISO,MISO,no
17155,IL,Putnam,2023,2,Ameren Illinois Company; Corn Belt Energy Corporation,MISO,MISO,MISO,no
17157,IL,Randolph,2023,4,"Ameren Illinois Company; City of Red Bud - (IL); Egyptian Electric Coop Assn; Monroe County Elec Coop, Inc",MISO,MISO,MISO,no
17159,IL,Richland,2023,4,Ameren Illinois Company; Clay Electric Coop Inc - (IL); Norris Electric Coop; Wayne-White Counties Elec Coop,MISO,MISO,MISO,no
17161,IL,Rock Island,2023,1,MidAmerican Energy Co,MISO,MISO,MISO,no
17163,IL,St. Clair,2023,9,"Ameren Illinois Company; City of Highland; City of Mascoutah - (IL); Clinton County Elec Coop, Inc; Egyptian Electric Coop Assn; Monroe County Elec Coop, Inc; Southwestern Electric Coop Inc - (IL); Tri-County Electric Coop, Inc (IL)",MISO,MISO,MISO,no
17165,IL,Saline,2023,2,"Ameren Illinois Company; Southeastern IL Elec Coop, Inc",MISO,MISO,MISO,no
17167,IL,Sangamon,2023,7,"Ameren Illinois Company; City of Springfield - (IL); Menard Electric Coop; Rural Electric Conven Coop - (IL); Shelby Electric Coop, Inc - (IL); Village of Chatham - (IL); Village of Riverton - (IL)",MISO,MISO,MISO,no
17169,IL,Schuyler,2023,4,"Adams Electric Coop; Ameren Illinois Company; McDonough Power Coop; Spoon River Electric Coop, Inc",MISO,MISO,MISO,no
17171,IL,Scott,2023,2,Ameren Illinois Company; Illinois Rural Electric Coop,MISO; PJM,MISO; PJM,MISO,yes
17173,IL,Shelby,2023,5,"Ameren Illinois Company; Coles-Moultrie Electric Coop; Norris Electric Coop; Shelby Electric Coop, Inc - (IL); Southwestern Electric Coop Inc - (IL)",MISO,MISO,MISO,no
17175,IL,Stark,2023,2,Ameren Illinois Company; Corn Belt Energy Corporation,MISO,MISO,MISO,no
17177,IL,Stephenson,2023,3,Commonwealth Edison Co; Rock Energy Cooperative; Scenic Rivers Energy Coop,MISO; PJM,MISO; PJM,MISO,yes
17179,IL,Tazewell,2023,3,Ameren Illinois Company; Corn Belt Energy Corporation; Menard Electric Coop,MISO,MISO,MISO,no
17181,IL,Union,2023,3,Ameren Illinois Company; Egyptian Electric Coop Assn; Southern Illinois Elec Coop,MISO,MISO,MISO,no
17183,IL,Vermilion,2023,3,Ameren Illinois Company; Eastern Illinois Elec Coop; Enerstar Power Corp,MISO,MISO,MISO,no
17185,IL,Wabash,2023,5,Ameren Illinois Company; City of Allendale- (IL); Mt Carmel Public Utility Co; Norris Electric Coop; Wayne-White Counties Elec Coop,MISO,MISO,MISO,no
17187,IL,Warren,2023,2,Ameren Illinois Company; McDonough Power Coop,MISO,MISO,MISO,no
17189,IL,Washington,2023,4,"Ameren Illinois Company; Clinton County Elec Coop, Inc; Egyptian Electric Coop Assn; Tri-County Electric Coop, Inc (IL)",MISO,MISO,MISO,no
17191,IL,Wayne,2023,5,"Ameren Illinois Company; City of Fairfield- (IL); Clay Electric Coop Inc - (IL); Tri-County Electric Coop, Inc (IL); Wayne-White Counties Elec Coop",MISO,MISO,MISO,no
17193,IL,White,2023,4,"Ameren Illinois Company; City of Carmi - (IL); Southeastern IL Elec Coop, Inc; Wayne-White Counties Elec Coop",MISO,MISO,MISO,no
17195,IL,Whiteside,2023,4,"City of Albany - (IL); City of Rock Falls - (IL); Commonwealth Edison Co; Jo-Carroll Energy, Inc",MISO; PJM,MISO; PJM,MISO,yes
17197,IL,Will,2023,2,City of Naperville - (IL); Commonwealth Edison Co,PJM,PJM,PJM,no
17199,IL,Williamson,2023,4,"Ameren Illinois Company; Egyptian Electric Coop Assn; Southeastern IL Elec Coop, Inc; Southern Illinois Elec Coop",MISO,MISO,MISO,no
17201,IL,Winnebago,2023,2,Commonwealth Edison Co; Rock Energy Cooperative,PJM; MISO,PJM; MISO,PJM,yes
17203,IL,Woodford,2023,3,Ameren Illinois Company; Commonwealth Edison Co; Corn Belt Energy Corporation,MISO; PJM,MISO; PJM,MISO,yes
18001,IN,Adams,2023,4,"Heartland REMC; Indiana Michigan Power Co; Jay County Rural E M C; Paulding-Putman Elec Coop, Inc",PJM,PJM,PJM,no
18003,IN,Allen,2023,5,"Heartland REMC; Indiana Michigan Power Co; Noble County R E M C; Northeastern Rural E M C; Paulding-Putman Elec Coop, Inc",PJM,PJM,PJM,no
18005,IN,Bartholomew,2023,7,"AES Indiana; Bartholomew County Rural E M C; Decatur County Rural E M C; Duke Energy Indiana, LLC; Edinburgh Municipal Utilities; Jackson County Rural E M C - (IN); RushShelby Energy",MISO,MISO,MISO,no
18007,IN,Benton,2023,6,"Carroll-White REMC; Duke Energy Indiana, LLC; Newton County Rural E M C; Northern Indiana Pub Serv Co; Tipmont Rural Elec Member Corp; Warren County Rural E M C",MISO,MISO,MISO,no
18009,IN,Blackford,2023,2,Indiana Michigan Power Co; Jay County Rural E M C,PJM,PJM,PJM,no
18011,IN,Boone,2023,9,"AES Indiana; Boone County Rural EMC; City of Frankfort - (IN); City of Lebanon - (IN); City of Thorntown - (IN); Duke Energy Indiana, LLC; Tipmont Rural Elec Member Corp; Town of Advance - (IN)",MISO,MISO,MISO,no
18013,IN,Brown,2023,4,"Duke Energy Indiana, LLC; Jackson County Rural E M C - (IN); Johnson County Rural E M C; South Central Indiana REMC",MISO,MISO,MISO,no
18015,IN,Carroll,2023,5,"Carroll-White REMC; Duke Energy Indiana, LLC; Flora Utilities; Northern Indiana Pub Serv Co; Tipmont Rural Elec Member Corp",MISO; PJM,MISO; PJM,MISO,yes
18017,IN,Cass,2023,6,"Carroll-White REMC; City of Logansport - (IN); City of Peru - (IN); Duke Energy Indiana, LLC; Fulton County Rural E M C; Miami-Cass County Rural E M C",MISO,MISO,MISO,no
18019,IN,Clark,2023,4,"Clark County Rural E M C - (IN); Duke Energy Indiana, LLC; Harrison County Rural E M C; Jackson County Rural E M C - (IN)",MISO,MISO,MISO,no
18021,IN,Clay,2023,5,"Duke Energy Indiana, LLC; Parke County Rural E M C; South Central Indiana REMC; Utilities Dist-Western IN REMC; Western Indiana Energy REMC",MISO,MISO,MISO,no
18023,IN,Clinton,2023,5,"Boone County Rural EMC; Carroll-White REMC; City of Frankfort - (IN); Duke Energy Indiana, LLC; Tipmont Rural Elec Member Corp",MISO,MISO,MISO,no
18025,IN,Crawford,2023,4,"Dubois Rural Electric Coop Inc; Duke Energy Indiana, LLC; Harrison County Rural E M C; Orange County Rural E M C",MISO,MISO,MISO,no
18027,IN,Daviess,2023,5,"AES Indiana; City of Washington - (IN); Daviess Martin County R E M C; Duke Energy Indiana, LLC; Utilities Dist-Western IN REMC",MISO; PJM,MISO; PJM,MISO,yes
18029,IN,Dearborn,2023,6,"City of Greendale; City of Rising Sun - (IN); Duke Energy Indiana, LLC; Lawrenceburg Municipal Utils; Southeastern Indiana R E M C; Whitewater Valley Rural EMC",MISO,MISO,MISO,no
18031,IN,Decatur,2023,4,"Bartholomew County Rural E M C; Decatur County Rural E M C; Duke Energy Indiana, LLC; RushShelby Energy",MISO,MISO,MISO,no
18033,IN,DeKalb,2023,6,City of Auburn - (IN); City of Garrett; Indiana Michigan Power Co; Noble County R E M C; Northern Indiana Pub Serv Co; Steuben County Rural E M C,PJM; MISO,PJM; MISO,PJM,yes
18035,IN,Delaware,2023,4,"Duke Energy Indiana, LLC; Henry County Rural E M C; Indiana Michigan Power Co; Jay County Rural E M C",MISO; PJM,MISO; PJM,MISO,yes
18037,IN,Dubois,2023,7,"City of Huntingburg - (IN); City of Jasper - (IN); Dubois Rural Electric Coop Inc; Duke Energy Indiana, LLC; Southern Indiana Gas & Elec Co; Southern Indiana R E C, Inc; Town of Ferdinand - (IN)",MISO,MISO,MISO,no
18039,IN,Elkhart,2023,6,Indiana Michigan Power Co; Lagrange County Rural E M C; Marshall County Rural E M C; Midwest Energy Cooperative - (MI); Noble County R E M C; Northern Indiana Pub Serv Co,PJM; MISO,PJM; MISO,PJM,yes
18041,IN,Fayette,2023,4,"Duke Energy Indiana, LLC; Henry County Rural E M C; RushShelby Energy; Whitewater Valley Rural EMC",MISO,MISO,MISO,no
18043,IN,Floyd,2023,3,"Clark County Rural E M C - (IN); Duke Energy Indiana, LLC; Harrison County Rural E M C",MISO,MISO,MISO,no
18045,IN,Fountain,2023,5,"City of Covington - (IN); Duke Energy Indiana, LLC; Parke County Rural E M C; Tipmont Rural Elec Member Corp; Town of Veedersburg - (IN)",MISO,MISO,MISO,no
18047,IN,Franklin,2023,6,"Butler Rural Electric Coop Inc - (OH); Decatur County Rural E M C; Duke Energy Indiana, LLC; RushShelby Energy; Southeastern Indiana R E M C; Whitewater Valley Rural EMC",MISO,MISO,MISO,no
18049,IN,Fulton,2023,5,"Duke Energy Indiana, LLC; Fulton County Rural E M C; Kosciusko County Rural E M C; Marshall County Rural E M C; Northern Indiana Pub Serv Co",MISO,MISO,MISO,no
18051,IN,Gibson,2023,4,"AES Indiana; Duke Energy Indiana, LLC; Southern Indiana Gas & Elec Co; Western Indiana Energy REMC",MISO,MISO,MISO,no
18053,IN,Grant,2023,4,"City of Gas City - (IN); Duke Energy Indiana, LLC; Heartland REMC; Indiana Michigan Power Co",PJM; MISO,PJM; MISO,PJM,yes
18055,IN,Greene,2023,6,"AES Indiana; City of Linton - (IN); Daviess Martin County R E M C; Duke Energy Indiana, LLC; Utilities Dist-Western IN REMC; Western Indiana Energy REMC",MISO,MISO,MISO,no
18057,IN,Hamilton,2023,6,"AES Indiana; Boone County Rural EMC; City of Frankfort - (IN); Duke Energy Indiana, LLC; Indiana Michigan Power Co; NineStar Connect",MISO; PJM,MISO; PJM,MISO,yes
18059,IN,Hancock,2023,6,"AES Indiana; City of Greenfield - (IN); Duke Energy Indiana, LLC; Henry County Rural E M C; NineStar Connect; RushShelby Energy",MISO,MISO,MISO,no
18061,IN,Harrison,2023,2,"Duke Energy Indiana, LLC; Harrison County Rural E M C",MISO,MISO,MISO,no
18063,IN,Hendricks,2023,7,"AES Indiana; Boone County Rural EMC; Duke Energy Indiana, LLC; Hendricks County Rural E M C; Town of Coatesville - (IN); Town of Jamestown - (IN); Town of Pittsboro - (IN)",MISO; PJM,MISO; PJM,MISO,yes
18065,IN,Henry,2023,10,"City of Lewisville - (IN); Duke Energy Indiana, LLC; Henry County Rural E M C; Indiana Michigan Power Co; RushShelby Energy; Town of Dunreith - (IN); Town of Knightstown - (IN); Town of Middletown - (IN)",MISO; PJM,MISO; PJM,MISO,yes
18067,IN,Howard,2023,3,"Carroll-White REMC; Duke Energy Indiana, LLC; Indiana Michigan Power Co",MISO; PJM,MISO; PJM,MISO,yes
18069,IN,Huntington,2023,5,"Duke Energy Indiana, LLC; Heartland REMC; Indiana Michigan Power Co; Northeastern Rural E M C; Town of Warren - (IN)",PJM; MISO,PJM; MISO,PJM,yes
18071,IN,Jackson,2023,3,"Bartholomew County Rural E M C; Duke Energy Indiana, LLC; Jackson County Rural E M C - (IN)",MISO,MISO,MISO,no
18073,IN,Jasper,2023,5,Carroll-White REMC; City of Rensselaer - (IN); Jasper County Rural E M C; Newton County Rural E M C; Northern Indiana Pub Serv Co,MISO,MISO,MISO,no
18075,IN,Jay,2023,2,Indiana Michigan Power Co; Jay County Rural E M C,PJM,PJM,PJM,no
18077,IN,Jefferson,2023,4,"Clark County Rural E M C - (IN); Duke Energy Indiana, LLC; Jackson County Rural E M C - (IN); Southeastern Indiana R E M C",MISO,MISO,MISO,no
18079,IN,Jennings,2023,5,"Bartholomew County Rural E M C; Decatur County Rural E M C; Duke Energy Indiana, LLC; Jackson County Rural E M C - (IN); Southeastern Indiana R E M C",MISO,MISO,MISO,no
18081,IN,Johnson,2023,7,"AES Indiana; Duke Energy Indiana, LLC; Edinburgh Municipal Utilities; Johnson County Rural E M C; RushShelby Energy; South Central Indiana REMC; Town of Bargersville - (IN)",MISO,MISO,MISO,no
18083,IN,Knox,2023,4,"AES Indiana; Duke Energy Indiana, LLC; Utilities Dist-Western IN REMC; Western Indiana Energy REMC",MISO,MISO,MISO,no
18085,IN,Kosciusko,2023,9,"Duke Energy Indiana, LLC; Fulton County Rural E M C; Heartland REMC; Kosciusko County Rural E M C; Marshall County Rural E M C; Noble County R E M C; Northeastern Rural E M C; Northern Indiana Pub Serv Co",MISO; PJM,MISO; PJM,MISO,yes
18087,IN,Lagrange,2023,6,Indiana Michigan Power Co; Lagrange County Rural E M C; Midwest Energy Cooperative - (MI); Noble County R E M C; Northern Indiana Pub Serv Co; Steuben County Rural E M C,PJM; MISO,PJM; MISO,PJM,yes
18089,IN,Lake,2023,2,Kankakee Valley Rural E M C; Northern Indiana Pub Serv Co,MISO,MISO,MISO,no
18091,IN,LaPorte,2023,4,Indiana Michigan Power Co; Kankakee Valley Rural E M C; Northern Indiana Pub Serv Co; Town of Kingsford Heights,MISO; PJM,MISO; PJM,MISO,yes
18093,IN,Lawrence,2023,5,"Daviess Martin County R E M C; Duke Energy Indiana, LLC; Jackson County Rural E M C - (IN); Orange County Rural E M C; Utilities Dist-Western IN REMC",MISO,MISO,MISO,no
18095,IN,Madison,2023,8,"AES Indiana; City of Anderson - (IN); Duke Energy Indiana, LLC; Henry County Rural E M C; Indiana Michigan Power Co; NineStar Connect; Town of Frankton - (IN); Town of Pendleton - (IN)",MISO; PJM,MISO; PJM,MISO,yes
18097,IN,Marion,2023,2,"AES Indiana; Duke Energy Indiana, LLC",MISO,MISO,MISO,no
18099,IN,Marshall,2023,7,Bremen Electric Light & Power Co; Fulton County Rural E M C; Indiana Michigan Power Co; Kankakee Valley Rural E M C; Marshall County Rural E M C; Northern Indiana Pub Serv Co; Town of Argos,MISO; PJM,MISO; PJM,MISO,yes
18101,IN,Martin,2023,6,"Daviess Martin County R E M C; Dubois Rural Electric Coop Inc; Duke Energy Indiana, LLC; Orange County Rural E M C; Town of Crane - (IN); Utilities Dist-Western IN REMC",MISO,MISO,MISO,no
18103,IN,Miami,2023,6,"City of Peru - (IN); Duke Energy Indiana, LLC; Fulton County Rural E M C; Heartland REMC; Indiana Michigan Power Co; Miami-Cass County Rural E M C",MISO; PJM,MISO; PJM,MISO,yes
18105,IN,Monroe,2023,5,"AES Indiana; Duke Energy Indiana, LLC; Jackson County Rural E M C - (IN); South Central Indiana REMC; Utilities Dist-Western IN REMC",MISO,MISO,MISO,no
18107,IN,Montgomery,2023,10,"Boone County Rural EMC; City of New Ross - (IN); City of Waynetown - (IN); Crawfordsville Elec, Lgt & Pwr; Darlington Light & Power Co; Duke Energy Indiana, LLC; Hendricks County Rural E M C; Parke County Rural E M C",MISO; PJM,MISO; PJM,MISO,yes
18109,IN,Morgan,2023,6,"AES Indiana; Duke Energy Indiana, LLC; Hendricks County Rural E M C; Johnson County Rural E M C; South Central Indiana REMC; Town of Brooklyn",MISO,MISO,MISO,no
18111,IN,Newton,2023,3,Jasper County Rural E M C; Newton County Rural E M C; Northern Indiana Pub Serv Co,MISO,MISO,MISO,no
18113,IN,Noble,2023,7,City of Columbia City - (IN); Indiana Michigan Power Co; Lagrange County Rural E M C; Noble County R E M C; Northeastern Rural E M C; Northern Indiana Pub Serv Co; Town of Avilla - (IN),PJM; MISO,PJM; MISO,PJM,yes
18115,IN,Ohio,2023,3,"City of Rising Sun - (IN); Duke Energy Indiana, LLC; Southeastern Indiana R E M C",MISO,MISO,MISO,no
18117,IN,Orange,2023,4,"Dubois Rural Electric Coop Inc; Duke Energy Indiana, LLC; Orange County Rural E M C; Town of Paoli - (IN)",MISO,MISO,MISO,no
18119,IN,Owen,2023,4,"AES Indiana; Duke Energy Indiana, LLC; South Central Indiana REMC; Utilities Dist-Western IN REMC",MISO,MISO,MISO,no
18121,IN,Parke,2023,4,"Duke Energy Indiana, LLC; Parke County Rural E M C; Town of Montezuma - (IN); Town of Rockville - (IN)",MISO,MISO,MISO,no
18123,IN,Perry,2023,5,"Cannelton Utilities; City of Tell City - (IN); City of Troy - (IN); Dubois Rural Electric Coop Inc; Southern Indiana R E C, Inc",MISO,MISO,MISO,no
18125,IN,Pike,2023,5,"AES Indiana; Dubois Rural Electric Coop Inc; Duke Energy Indiana, LLC; Southern Indiana Gas & Elec Co; Western Indiana Energy REMC",MISO,MISO,MISO,no
18127,IN,Porter,2023,3,Jasper County Rural E M C; Kankakee Valley Rural E M C; Northern Indiana Pub Serv Co,MISO,MISO,MISO,no
18129,IN,Posey,2023,3,"Duke Energy Indiana, LLC; Southern Indiana Gas & Elec Co; Western Indiana Energy REMC",MISO,MISO,MISO,no
18131,IN,Pulaski,2023,6,Carroll-White REMC; Fulton County Rural E M C; Jasper County Rural E M C; Kankakee Valley Rural E M C; Northern Indiana Pub Serv Co; Town of Winamac - (IN),MISO,MISO,MISO,no
18133,IN,Putnam,2023,7,"AES Indiana; Duke Energy Indiana, LLC; Hendricks County Rural E M C; Parke County Rural E M C; South Central Indiana REMC; Town of Bainbridge - (IN); Utilities Dist-Western IN REMC",MISO,MISO,MISO,no
18135,IN,Randolph,2023,5,"Duke Energy Indiana, LLC; Henry County Rural E M C; Indiana Michigan Power Co; Jay County Rural E M C; Whitewater Valley Rural EMC",MISO; PJM,MISO; PJM,MISO,yes
18137,IN,Ripley,2023,3,"Decatur County Rural E M C; Duke Energy Indiana, LLC; Southeastern Indiana R E M C",MISO,MISO,MISO,no
18139,IN,Rush,2023,6,"Decatur County Rural E M C; Duke Energy Indiana, LLC; Henry County Rural E M C; NineStar Connect; RushShelby Energy; Town of Knightstown - (IN)",MISO; PJM,MISO; PJM,MISO,yes
18141,IN,St. Joseph,2023,8,City of Mishawaka; Indiana Michigan Power Co; Kankakee Valley Rural E M C; Marshall County Rural E M C; Midwest Energy Cooperative - (MI); Northern Indiana Pub Serv Co; Town of New Carlisle- (IN); Town of Walkerton - (IN),MISO; PJM,MISO; PJM,MISO,yes
18143,IN,Scott,2023,4,"City of Scottsburg - (IN); Clark County Rural E M C - (IN); Duke Energy Indiana, LLC; Jackson County Rural E M C - (IN)",MISO,MISO,MISO,no
18145,IN,Shelby,2023,5,"AES Indiana; Duke Energy Indiana, LLC; Edinburgh Municipal Utilities; Johnson County Rural E M C; RushShelby Energy",MISO,MISO,MISO,no
18147,IN,Spencer,2023,4,"City of Owensboro - (KY); City of Troy - (IN); Southern Indiana Gas & Elec Co; Southern Indiana R E C, Inc",MISO,MISO,MISO,no
18149,IN,Starke,2023,5,Fulton County Rural E M C; Jasper County Rural E M C; Kankakee Valley Rural E M C; Marshall County Rural E M C; Northern Indiana Pub Serv Co,MISO,MISO,MISO,no
18151,IN,Steuben,2023,5,Indiana Michigan Power Co; Lagrange County Rural E M C; Noble County R E M C; Northern Indiana Pub Serv Co; Steuben County Rural E M C,MISO; PJM,MISO; PJM,MISO,yes
18153,IN,Sullivan,2023,4,"AES Indiana; Duke Energy Indiana, LLC; Utilities Dist-Western IN REMC; Western Indiana Energy REMC",MISO,MISO,MISO,no
18155,IN,Switzerland,2023,3,"AES Indiana; Duke Energy Indiana, LLC; Southeastern Indiana R E M C",MISO,MISO,MISO,no
18157,IN,Tippecanoe,2023,4,"Carroll-White REMC; Duke Energy Indiana, LLC; Tipmont Rural Elec Member Corp; Warren County Rural E M C",MISO,MISO,MISO,no
18159,IN,Tipton,2023,4,"City of Frankfort - (IN); Duke Energy Indiana, LLC; Indiana Michigan Power Co; Tipton Municipal Electric Util",MISO; PJM,MISO; PJM,MISO,yes
18161,IN,Union,2023,2,"Duke Energy Indiana, LLC; Whitewater Valley Rural EMC",MISO,MISO,MISO,no
18163,IN,Vanderburgh,2023,1,Southern Indiana Gas & Elec Co,MISO,MISO,MISO,no
18165,IN,Vermillion,2023,2,"Duke Energy Indiana, LLC; Warren County Rural E M C",MISO,MISO,MISO,no
18167,IN,Vigo,2023,4,"Duke Energy Indiana, LLC; Parke County Rural E M C; Utilities Dist-Western IN REMC; Western Indiana Energy REMC",MISO,MISO,MISO,no
18169,IN,Wabash,2023,6,"Duke Energy Indiana, LLC; Heartland REMC; Indiana Michigan Power Co; Kosciusko County Rural E M C; Miami-Cass County Rural E M C; Northeastern Rural E M C",PJM; MISO,PJM; MISO,PJM,yes
18171,IN,Warren,2023,4,"City of Williamsport - (IN); Duke Energy Indiana, LLC; Northern Indiana Pub Serv Co; Warren County Rural E M C",MISO,MISO,MISO,no
18173,IN,Warrick,2023,4,"AGC Division of APGI Inc; Duke Energy Indiana, LLC; Southern Indiana Gas & Elec Co; Southern Indiana R E C, Inc",MISO,MISO,MISO,no
18175,IN,Washington,2023,5,"Clark County Rural E M C - (IN); Duke Energy Indiana, LLC; Harrison County Rural E M C; Jackson County Rural E M C - (IN); Orange County Rural E M C",MISO,MISO,MISO,no
18177,IN,Wayne,2023,7,"City of Hagerstown - (IN); City of Richmond - (IN); Dublin Municipal Electric Util; Duke Energy Indiana, LLC; Henry County Rural E M C; Town of Centerville - (IN); Whitewater Valley Rural EMC",MISO; PJM,MISO; PJM,MISO,yes
18179,IN,Wells,2023,4,"City of Bluffton - (IN); Duke Energy Indiana, LLC; Indiana Michigan Power Co; Jay County Rural E M C",PJM; MISO,PJM; MISO,PJM,yes
18181,IN,White,2023,8,"Carroll-White REMC; Duke Energy Indiana, LLC; Jasper County Rural E M C; Northern Indiana Pub Serv Co; Tipmont Rural Elec Member Corp; Town of Brookston - (IN); Town of Chalmers - (IN); Warren County Rural E M C",MISO,MISO,MISO,no
18183,IN,Whitley,2023,8,"City of Columbia City - (IN); Duke Energy Indiana, LLC; Heartland REMC; Indiana Michigan Power Co; Kosciusko County Rural E M C; Noble County R E M C; Northeastern Rural E M C; Town of South Whitley - (IN)",PJM; MISO,PJM; MISO,PJM,yes
19001,IA,Adair,2023,11,"City of Fontanelle - (IA); City of Greenfield - (IA); City of Orient - (IA); City of Stuart - (IA); Farmers Electric Coop, Inc - (IA); Guthrie County Rural E C A; Interstate Power and Light Co; MidAmerican Energy Co",MISO,MISO,MISO,no
19003,IA,Adams,2023,4,City of Corning - (IA); Interstate Power and Light Co; MidAmerican Energy Co; Southwest Iowa Rural Elec Coop,MISO,MISO,MISO,no
19005,IA,Allamakee,2023,3,"Allamakee-Clayton El Coop, Inc; Interstate Power and Light Co; MiEnergy Cooperative",MISO,MISO,MISO,no
19007,IA,Appanoose,2023,3,"Chariton Valley Elec Coop, Inc; Interstate Power and Light Co; Southern Iowa Elec Coop, Inc",AECI; MISO,Southeast (non-RTO); MISO,Southeast (non-RTO),yes
19009,IA,Audubon,2023,9,"Atlantic Municipal Utilities; City of Kimballton - (IA); Farmers Electric Coop, Inc - (IA); Guthrie County Rural E C A; MidAmerican Energy Co; Nishnabotna Valley R E C; Raccoon Valley Electric Cooperative; WAPA-- Western Area Power Administration",MISO; SWPP,MISO; SPP,MISO,yes
19011,IA,Benton,2023,6,City of Traer - (IA); City of Vinton - (IA); East-Central Iowa Rural Elec Coop; Interstate Power and Light Co; Linn County REC; T I P Rural Electric Coop,MISO,MISO,MISO,no
19013,IA,Black Hawk,2023,6,Cedar Falls Utilities; East-Central Iowa Rural Elec Coop; Grundy County Rural Elec Coop; Interstate Power and Light Co; La Porte City Utilities; MidAmerican Energy Co,MISO,MISO,MISO,no
19015,IA,Boone,2023,4,City of Ogden - (IA); City of Story City - (IA); Interstate Power and Light Co; Midland Power Coop,MISO,MISO,MISO,no
19017,IA,Bremer,2023,9,"Allamakee-Clayton El Coop, Inc; Butler County Rural Elec Coop - (IA); City of Denver - (IA); City of Readlyn - (IA); City of Sumner - (IA); East-Central Iowa Rural Elec Coop; Interstate Power and Light Co; MidAmerican Energy Co",MISO; SWPP,MISO; SPP,MISO,yes
19019,IA,Buchanan,2023,6,City of Fairbank - (IA); City of Independence - (IA); East-Central Iowa Rural Elec Coop; Interstate Power and Light Co; Maquoketa Valley Rrl Elec Coop; MidAmerican Energy Co,MISO,MISO,MISO,no
19021,IA,Buena Vista,2023,6,City of Alta - (IA); City of Marathon - (IA); Interstate Power and Light Co; Iowa Lakes Electric Coop; MidAmerican Energy Co; Raccoon Valley Electric Cooperative,MISO; SWPP,MISO; SPP,MISO,yes
19023,IA,Butler,2023,7,Butler County Rural Elec Coop - (IA); Cedar Falls Utilities; City of Aplington; Franklin Rural Electric Coop - (IA); Grundy County Rural Elec Coop; Interstate Power and Light Co; MidAmerican Energy Co,MISO; SWPP,MISO; SPP,MISO,yes
19025,IA,Calhoun,2023,5,Calhoun County Elec Coop Assn; City of Farnhamville - (IA); MidAmerican Energy Co; Midland Power Coop; Raccoon Valley Electric Cooperative,MISO,MISO,MISO,no
19027,IA,Carroll,2023,8,City of Breda - (IA); City of Coon Rapids; City of Glidden - (IA); City of Manning; Interstate Power and Light Co; MidAmerican Energy Co; Raccoon Valley Electric Cooperative; Western Iowa Power Coop,MISO; SWPP,MISO; SPP,MISO,yes
19029,IA,Cass,2023,10,"Atlantic Municipal Utilities; City of Anita - (IA); Farmers Electric Coop, Inc - (IA); Guthrie County Rural E C A; Interstate Power and Light Co; MidAmerican Energy Co; Nishnabotna Valley R E C; Southwest Iowa Rural Elec Coop",MISO; SWPP,MISO; SPP,MISO,yes
19031,IA,Cedar,2023,7,City of Durant - (IA); City of Tipton - (IA); City of Wilton - (IA); Eastern Iowa Light & Power Coop; Interstate Power and Light Co; Linn County REC; Maquoketa Valley Rrl Elec Coop,MISO,MISO,MISO,no
19033,IA,Cerro Gordo,2023,6,Butler County Rural Elec Coop - (IA); Franklin Rural Electric Coop - (IA); Heartland Power Coop; Interstate Power and Light Co; MidAmerican Energy Co; Prairie Energy Coop,MISO; SWPP,MISO; SPP,MISO,yes
19035,IA,Cherokee,2023,7,City of Aurelia - (IA); Interstate Power and Light Co; Iowa Lakes Electric Coop; MidAmerican Energy Co; North West Rural Electric Coop; WAPA-- Western Area Power Administration; Woodbury County Rural E C A,MISO; SWPP,MISO; SPP,MISO,yes
19037,IA,Chickasaw,2023,10,"Allamakee-Clayton El Coop, Inc; Butler County Rural Elec Coop - (IA); City of Alta Vista- (IA); City of Fredericksburg - (IA); City of Lawler - (IA); City of New Hampton - (IA); Heartland Power Coop; Interstate Power and Light Co",MISO; SWPP,MISO; SPP,MISO,yes
19039,IA,Clarke,2023,2,Clarke Electric Coop Inc - (IA); Interstate Power and Light Co,MISO,MISO,MISO,no
19041,IA,Clay,2023,5,City of Spencer - (IA); Interstate Power and Light Co; Iowa Lakes Electric Coop; North West Rural Electric Coop; WAPA-- Western Area Power Administration,MISO; SWPP,MISO; SPP,MISO,yes
19043,IA,Clayton,2023,7,"Allamakee-Clayton El Coop, Inc; City of Guttenberg; City of McGregor- (IA); City of Strawberry Point; East-Central Iowa Rural Elec Coop; Interstate Power and Light Co; Maquoketa Valley Rrl Elec Coop",MISO,MISO,MISO,no
19045,IA,Clinton,2023,5,City of Maquoketa - (IA); Eastern Iowa Light & Power Coop; Interstate Power and Light Co; Maquoketa Valley Rrl Elec Coop; MidAmerican Energy Co,MISO,MISO,MISO,no
19047,IA,Crawford,2023,9,City of Denison - (IA); Harrison County Rrl Elec Coop; MidAmerican Energy Co; Nishnabotna Valley R E C; North West Rural Electric Coop; Raccoon Valley Electric Cooperative; Town of Manilla - (IA); WAPA-- Western Area Power Administration,SWPP; MISO,SPP; MISO,SPP,yes
19049,IA,Dallas,2023,5,Guthrie County Rural E C A; Interstate Power and Light Co; MidAmerican Energy Co; Midland Power Coop; Waverly Municipal Elec Utility,MISO,MISO,MISO,no
19051,IA,Davis,2023,5,"Access Energy Coop; Chariton Valley Elec Coop, Inc; City of Bloomfield - (IA); Interstate Power and Light Co; Southern Iowa Elec Coop, Inc",AECI; MISO,Southeast (non-RTO); MISO,Southeast (non-RTO),yes
19053,IA,Decatur,2023,5,"City of Lamoni - (IA); Clarke Electric Coop Inc - (IA); Grundy Electric Coop, Inc; Interstate Power and Light Co; Southwest Iowa Rural Elec Coop",MISO; AECI,MISO; Southeast (non-RTO),MISO,yes
19055,IA,Delaware,2023,6,"Allamakee-Clayton El Coop, Inc; City of Earlville - (IA); City of Hopkinton - (IA); East-Central Iowa Rural Elec Coop; Interstate Power and Light Co; Maquoketa Valley Rrl Elec Coop",MISO,MISO,MISO,no
19057,IA,Des Moines,2023,5,Access Energy Coop; City of Danville - (IA); Eastern Iowa Light & Power Coop; Interstate Power and Light Co; New London Municipal Utilities,MISO; AECI,MISO; Southeast (non-RTO),MISO,yes
19059,IA,Dickinson,2023,6,"City of Lake Park - (IA); City of Milford - (IA); Federated Rural Electric Assn; Interstate Power and Light Co; Iowa Lakes Electric Coop; Osceola Electric Coop, Inc",MISO; SWPP,MISO; SPP,MISO,yes
19061,IA,Dubuque,2023,4,"Allamakee-Clayton El Coop, Inc; Cascade Municipal Utilities; Interstate Power and Light Co; Maquoketa Valley Rrl Elec Coop",MISO,MISO,MISO,no
19063,IA,Emmet,2023,4,City of Estherville - (IA); Federated Rural Electric Assn; Interstate Power and Light Co; Iowa Lakes Electric Coop,SWPP; MISO,SPP; MISO,SPP,yes
19065,IA,Fayette,2023,6,"Allamakee-Clayton El Coop, Inc; Butler County Rural Elec Coop - (IA); City of Fairbank - (IA); East-Central Iowa Rural Elec Coop; Interstate Power and Light Co; MiEnergy Cooperative",MISO; SWPP,MISO; SPP,MISO,yes
19067,IA,Floyd,2023,6,Butler County Rural Elec Coop - (IA); City of Rockford- (IA); Franklin Rural Electric Coop - (IA); Heartland Power Coop; Interstate Power and Light Co; MidAmerican Energy Co,MISO; SWPP,MISO; SPP,MISO,yes
19069,IA,Franklin,2023,6,Butler County Rural Elec Coop - (IA); Franklin Rural Electric Coop - (IA); Interstate Power and Light Co; MidAmerican Energy Co; Midland Power Coop; Prairie Energy Coop,MISO; SWPP,MISO; SPP,MISO,yes
19071,IA,Fremont,2023,3,Atchison-Holt Electric Coop; MidAmerican Energy Co; Southwest Iowa Rural Elec Coop,MISO; AECI,MISO; Southeast (non-RTO),MISO,yes
19073,IA,Greene,2023,7,Calhoun County Elec Coop Assn; City of Grand Junction - (IA); City of Paton - (IA); Guthrie County Rural E C A; Interstate Power and Light Co; Midland Power Coop; Raccoon Valley Electric Cooperative,MISO,MISO,MISO,no
19075,IA,Grundy,2023,6,Cedar Falls Utilities; City of Dike; Grundy Center Mun Light & Power; Grundy County Rural Elec Coop; Interstate Power and Light Co; Midland Power Coop,MISO,MISO,MISO,no
19077,IA,Guthrie,2023,8,"City of Coon Rapids; City of Panora - (IA); City of Stuart - (IA); Farmers Electric Coop, Inc - (IA); Guthrie County Rural E C A; Interstate Power and Light Co; Midland Power Coop; Raccoon Valley Electric Cooperative",MISO; SWPP,MISO; SPP,MISO,yes
19079,IA,Hamilton,2023,11,Cass Electric Coop; City of Ellsworth - (IA); City of Stanhope - (IA); City of Story City - (IA); City of Stratford - (IA); City of Webster City - (IA); Interstate Power and Light Co; MidAmerican Energy Co,MISO; SWPP,MISO; SPP,MISO,yes
19081,IA,Hancock,2023,6,Boone Valley Electric Coop; City of Corwith - (IA); City of Forest City- (IA); Heartland Power Coop; Interstate Power and Light Co; Prairie Energy Coop,MISO; SWPP,MISO; SPP,MISO,yes
19083,IA,Hardin,2023,6,Franklin Rural Electric Coop - (IA); Grundy County Rural Elec Coop; Interstate Power and Light Co; MidAmerican Energy Co; Midland Power Coop; Prairie Energy Coop,MISO; SWPP,MISO; SPP,MISO,yes
19085,IA,Harrison,2023,5,City of Woodbine - (IA); Harrison County Rrl Elec Coop; MidAmerican Energy Co; Nishnabotna Valley R E C; Western Iowa Power Coop,SWPP; MISO,SPP; MISO,SPP,yes
19087,IA,Henry,2023,6,Access Energy Coop; City of Danville - (IA); City of Mt Pleasant - (IA); Eastern Iowa Light & Power Coop; Interstate Power and Light Co; New London Municipal Utilities,MISO; AECI,MISO; Southeast (non-RTO),MISO,yes
19089,IA,Howard,2023,3,Heartland Power Coop; Interstate Power and Light Co; MiEnergy Cooperative,MISO,MISO,MISO,no
19091,IA,Humboldt,2023,7,Boone Valley Electric Coop; City of Livermore- (IA); City of Renwick - (IA); City of West Bend; MidAmerican Energy Co; Midland Power Coop; Prairie Energy Coop,MISO; SWPP,MISO; SPP,MISO,yes
19093,IA,Ida,2023,6,Iowa Lakes Electric Coop; MidAmerican Energy Co; North West Rural Electric Coop; Raccoon Valley Electric Cooperative; Western Iowa Power Coop; Woodbury County Rural E C A,SWPP; MISO,SPP; MISO,SPP,yes
19095,IA,Iowa,2023,6,Amana Society Service Co; East-Central Iowa Rural Elec Coop; Farmers Electric Coop - (IA); Interstate Power and Light Co; Linn County REC; T I P Rural Electric Coop,MISO,MISO,MISO,no
19097,IA,Jackson,2023,7,City of Bellevue - (IA); City of Maquoketa - (IA); City of Preston; City of Sabula - (IA); Eastern Iowa Light & Power Coop; Interstate Power and Light Co; Maquoketa Valley Rrl Elec Coop,MISO,MISO,MISO,no
19099,IA,Jasper,2023,4,Consumers Energy Coop - (IA); Interstate Power and Light Co; MidAmerican Energy Co; Pella Cooperative Elec Assn,MISO,MISO,MISO,no
19101,IA,Jefferson,2023,3,Access Energy Coop; Interstate Power and Light Co; T I P Rural Electric Coop,MISO; AECI,MISO; Southeast (non-RTO),MISO,yes
19103,IA,Johnson,2023,7,East-Central Iowa Rural Elec Coop; Eastern Iowa Light & Power Coop; Farmers Electric Coop - (IA); Interstate Power and Light Co; Linn County REC; MidAmerican Energy Co; T I P Rural Electric Coop,MISO,MISO,MISO,no
19105,IA,Jones,2023,5,Cascade Municipal Utilities; Eastern Iowa Light & Power Coop; Interstate Power and Light Co; Linn County REC; Maquoketa Valley Rrl Elec Coop,MISO,MISO,MISO,no
19107,IA,Keokuk,2023,3,Access Energy Coop; Interstate Power and Light Co; T I P Rural Electric Coop,MISO; AECI,MISO; Southeast (non-RTO),MISO,yes
19109,IA,Kossuth,2023,12,Bancroft Municipal Utilities; City of Algona - (IA); City of Burt; City of West Bend; City of Whittemore - (IA); Federated Rural Electric Assn; Heartland Power Coop; Interstate Power and Light Co,MISO; SWPP,MISO; SPP,MISO,yes
19111,IA,Lee,2023,3,Access Energy Coop; Interstate Power and Light Co; West Point Utility System,MISO; AECI,MISO; Southeast (non-RTO),MISO,yes
19113,IA,Linn,2023,6,City of Coggon - (IA); East-Central Iowa Rural Elec Coop; Eastern Iowa Light & Power Coop; Interstate Power and Light Co; Linn County REC; Maquoketa Valley Rrl Elec Coop,MISO,MISO,MISO,no
19115,IA,Louisa,2023,4,Access Energy Coop; Eastern Iowa Light & Power Coop; Interstate Power and Light Co; Waverly Municipal Elec Utility,MISO; AECI,MISO; Southeast (non-RTO),MISO,yes
19117,IA,Lucas,2023,3,"Chariton Valley Elec Coop, Inc; Clarke Electric Coop Inc - (IA); Interstate Power and Light Co",MISO; AECI,MISO; Southeast (non-RTO),MISO,yes
19119,IA,Lyon,2023,9,"City of Larchwood - (IA); Interstate Power and Light Co; Lyon Rural Electric Coop; MidAmerican Energy Co; Nobles Cooperative Electric; North West Rural Electric Coop; Osceola Electric Coop, Inc; Rock Rapids Municipal Utility",MISO; SWPP,MISO; SPP,MISO,yes
19121,IA,Madison,2023,6,"City of Winterset - (IA); Clarke Electric Coop Inc - (IA); Farmers Electric Coop, Inc - (IA); Interstate Power and Light Co; MidAmerican Energy Co; Waverly Municipal Elec Utility",MISO,MISO,MISO,no
19123,IA,Mahaska,2023,5,City of Pella - (IA); Interstate Power and Light Co; MidAmerican Energy Co; Pella Cooperative Elec Assn; T I P Rural Electric Coop,MISO,MISO,MISO,no
19125,IA,Marion,2023,5,"Chariton Valley Elec Coop, Inc; City of Pella - (IA); Interstate Power and Light Co; MidAmerican Energy Co; Pella Cooperative Elec Assn",MISO; AECI,MISO; Southeast (non-RTO),MISO,yes
19127,IA,Marshall,2023,5,City of State Center - (IA); Consumers Energy Coop - (IA); Grundy County Rural Elec Coop; Interstate Power and Light Co; Midland Power Coop,MISO,MISO,MISO,no
19129,IA,Mills,2023,2,MidAmerican Energy Co; Southwest Iowa Rural Elec Coop,MISO,MISO,MISO,no
19131,IA,Mitchell,2023,4,City of Osage - (IA); Heartland Power Coop; Interstate Power and Light Co; MiEnergy Cooperative,MISO,MISO,MISO,no
19133,IA,Monona,2023,7,City of Mapleton- (IA); City of Onawa - (IA); Harrison County Rrl Elec Coop; MidAmerican Energy Co; WAPA-- Western Area Power Administration; Western Iowa Power Coop; Woodbury County Rural E C A,SWPP; MISO,SPP; MISO,SPP,yes
19135,IA,Monroe,2023,3,"Chariton Valley Elec Coop, Inc; Interstate Power and Light Co; MidAmerican Energy Co",MISO; AECI,MISO; Southeast (non-RTO),MISO,yes
19137,IA,Montgomery,2023,5,City of Stanton - (IA); City of Villisca - (IA); Interstate Power and Light Co; MidAmerican Energy Co; Southwest Iowa Rural Elec Coop,MISO,MISO,MISO,no
19139,IA,Muscatine,2023,8,Board of Water Electric & Communications; City of Durant - (IA); City of West Liberty - (IA); City of Wilton - (IA); Eastern Iowa Light & Power Coop; Interstate Power and Light Co; MidAmerican Energy Co; Waverly Municipal Elec Utility,MISO,MISO,MISO,no
19141,IA,O'Brien,2023,10,City of Hartley - (IA); City of Paullina - (IA); City of Primghar - (IA); City of Sanborn - (IA); Interstate Power and Light Co; Iowa Lakes Electric Coop; MidAmerican Energy Co; North West Rural Electric Coop,SWPP; MISO,SPP; MISO,SPP,yes
19143,IA,Osceola,2023,9,City of Bigelow - (MN); City of Sibley - (IA); Federated Rural Electric Assn; Interstate Power and Light Co; Iowa Lakes Electric Coop; Lyon Rural Electric Coop; Nobles Cooperative Electric; North West Rural Electric Coop,MISO; SWPP,MISO; SPP,MISO,yes
19145,IA,Page,2023,4,"Atchison-Holt Electric Coop; MidAmerican Energy Co; Southwest Iowa Rural Elec Coop; United Electric Coop, Inc - (MO)",AECI; MISO,Southeast (non-RTO); MISO,Southeast (non-RTO),yes
19147,IA,Palo Alto,2023,5,City of Graettinger - (IA); City of West Bend; Interstate Power and Light Co; Iowa Lakes Electric Coop; MidAmerican Energy Co,MISO; SWPP,MISO; SPP,MISO,yes
19149,IA,Plymouth,2023,9,City of Akron - (IA); City of Hinton; City of Remsen - (IA); Iowa Lakes Electric Coop; MidAmerican Energy Co; North West Rural Electric Coop; Town of Westfield - (IA); WAPA-- Western Area Power Administration,MISO; SWPP,MISO; SPP,MISO,yes
19151,IA,Pocahontas,2023,8,Calhoun County Elec Coop Assn; City of Fonda - (IA); City of Laurens - (IA); City of Pocahontas - (IA); Interstate Power and Light Co; Iowa Lakes Electric Coop; MidAmerican Energy Co; Midland Power Coop,MISO; SWPP,MISO; SPP,MISO,yes
19153,IA,Polk,2023,5,Consumers Energy Coop - (IA); Interstate Power and Light Co; MidAmerican Energy Co; Midland Power Coop; Waverly Municipal Elec Utility,MISO,MISO,MISO,no
19155,IA,Pottawattamie,2023,8,Atlantic Municipal Utilities; City of Neola - (IA); City of Shelby - (IA); Harrison County Rrl Elec Coop; MidAmerican Energy Co; Nishnabotna Valley R E C; Omaha Public Power District; Waverly Municipal Elec Utility,MISO; SWPP,MISO; SPP,MISO,yes
19157,IA,Poweshiek,2023,6,City of Brooklyn - (IA); City of Montezuma - (IA); Interstate Power and Light Co; MidAmerican Energy Co; Pella Cooperative Elec Assn; T I P Rural Electric Coop,MISO,MISO,MISO,no
19159,IA,Ringgold,2023,6,"Clarke Electric Coop Inc - (IA); Grundy Electric Coop, Inc; Interstate Power and Light Co; Southwest Iowa Rural Elec Coop; United Electric Coop, Inc - (MO); WAPA-- Western Area Power Administration",MISO; AECI,MISO; Southeast (non-RTO),MISO,yes
19161,IA,Sac,2023,9,Calhoun County Elec Coop Assn; City of Auburn - (IA); City of Lake View - (IA); City of Wall Lake - (IA); Iowa Lakes Electric Coop; MidAmerican Energy Co; North West Rural Electric Coop; Raccoon Valley Electric Cooperative,MISO; SWPP,MISO; SPP,MISO,yes
19163,IA,Scott,2023,7,City of Buffalo - (IA); City of Durant - (IA); City of Long Grove - (IA); Eastern Iowa Light & Power Coop; Eldridge City Utilities; Interstate Power and Light Co; MidAmerican Energy Co,MISO,MISO,MISO,no
19165,IA,Shelby,2023,8,Atlantic Municipal Utilities; City of Shelby - (IA); Harlan Municipal Utilities - (IA); Harrison County Rrl Elec Coop; MidAmerican Energy Co; Nishnabotna Valley R E C; WAPA-- Western Area Power Administration; Western Iowa Power Coop,SWPP; MISO,SPP; MISO,SPP,yes
19167,IA,Sioux,2023,9,City of Alton; City of Hawarden - (IA); City of Orange City - (IA); City of Sioux Center; Interstate Power and Light Co; Lyon Rural Electric Coop; MidAmerican Energy Co; North West Rural Electric Coop,MISO; SWPP,MISO; SPP,MISO,yes
19169,IA,Story,2023,6,City of Ames - (IA); City of State Center - (IA); City of Story City - (IA); Consumers Energy Coop - (IA); Interstate Power and Light Co; Midland Power Coop,MISO,MISO,MISO,no
19171,IA,Tama,2023,7,City of Dysart - (IA); City of Traer - (IA); Consumers Energy Coop - (IA); East-Central Iowa Rural Elec Coop; Grundy County Rural Elec Coop; Interstate Power and Light Co; T I P Rural Electric Coop,MISO,MISO,MISO,no
19173,IA,Taylor,2023,6,"City of Lenox - (IA); Interstate Power and Light Co; MidAmerican Energy Co; Southwest Iowa Rural Elec Coop; United Electric Coop, Inc - (MO); WAPA-- Western Area Power Administration",MISO; AECI,MISO; Southeast (non-RTO),MISO,yes
19175,IA,Union,2023,6,"City of Afton- (IA); Clarke Electric Coop Inc - (IA); Farmers Electric Coop, Inc - (IA); Interstate Power and Light Co; Southwest Iowa Rural Elec Coop; WAPA-- Western Area Power Administration",MISO,MISO,MISO,no
19177,IA,Van Buren,2023,4,"Access Energy Coop; Interstate Power and Light Co; Keosauqua Municipal Light & Pwr; Southern Iowa Elec Coop, Inc",AECI; MISO; SWPP,Southeast (non-RTO); MISO; SPP,Southeast (non-RTO),yes
19179,IA,Wapello,2023,5,"Access Energy Coop; Chariton Valley Elec Coop, Inc; Interstate Power and Light Co; Southern Iowa Elec Coop, Inc; T I P Rural Electric Coop",AECI; MISO,Southeast (non-RTO); MISO,Southeast (non-RTO),yes
19181,IA,Warren,2023,6,City of Carlisle- (IA); Clarke Electric Coop Inc - (IA); Indianola Municipal Utilities; Interstate Power and Light Co; MidAmerican Energy Co; Pella Cooperative Elec Assn,MISO,MISO,MISO,no
19183,IA,Washington,2023,7,Access Energy Coop; Eastern Iowa Light & Power Coop; Farmers Electric Coop - (IA); Interstate Power and Light Co; MidAmerican Energy Co; T I P Rural Electric Coop; Waverly Municipal Elec Utility,MISO; AECI,MISO; Southeast (non-RTO),MISO,yes
19185,IA,Wayne,2023,4,"Chariton Valley Elec Coop, Inc; Clarke Electric Coop Inc - (IA); Grundy Electric Coop, Inc; Interstate Power and Light Co",AECI; MISO,Southeast (non-RTO); MISO,Southeast (non-RTO),yes
19187,IA,Webster,2023,10,Calhoun County Elec Coop Assn; City of Callender - (IA); City of Dayton - (IA); City of Lehigh - (IA); City of Stratford - (IA); Gowrie Municipal Utilities; Interstate Power and Light Co; MidAmerican Energy Co,MISO; SWPP,MISO; SPP,MISO,yes
19189,IA,Winnebago,2023,5,City of Forest City- (IA); City of Lake Mills; Heartland Power Coop; Interstate Power and Light Co; Prairie Energy Coop,MISO; SWPP,MISO; SPP,MISO,yes
19191,IA,Winneshiek,2023,3,"Allamakee-Clayton El Coop, Inc; Interstate Power and Light Co; MiEnergy Cooperative",MISO,MISO,MISO,no
19193,IA,Woodbury,2023,7,City of Anthon - (IA); City of Sergeant Bluff - (IA); MidAmerican Energy Co; North West Rural Electric Coop; WAPA-- Western Area Power Administration; Western Iowa Power Coop; Woodbury County Rural E C A,SWPP; MISO,SPP; MISO,SPP,yes
19195,IA,Worth,2023,5,Freeborn Mower Electric Cooperative; Grafton Electric - (IA); Heartland Power Coop; Interstate Power and Light Co; Prairie Energy Coop,MISO; SWPP,MISO; SPP,MISO,yes
19197,IA,Wright,2023,8,Boone Valley Electric Coop; Cass Electric Coop; City of Woolstock - (IA); Franklin Rural Electric Coop - (IA); Interstate Power and Light Co; MidAmerican Energy Co; Midland Power Coop; Prairie Energy Coop,MISO; SWPP,MISO; SPP,MISO,yes
20001,KS,Allen,2023,7,"City of Elsmore - (KS); City of Iola - (KS); City of La Harpe - (KS); City of Moran - (KS); City of Savonburg - (KS); Evergy Kansas South, Inc; Heartland Rural Elec Coop, Inc",SWPP,SPP,SPP,no
20003,KS,Anderson,2023,4,"City of Garnett - (KS); Evergy Kansas South, Inc; Evergy Metro; Heartland Rural Elec Coop, Inc",SWPP,SPP,SPP,no
20005,KS,Atchison,2023,6,"Brown-Atchison E C A Inc; City of Horton - (KS); City of Muscotah; Doniphan Elec Coop Assn, Inc; Evergy Kansas Central, Inc; FreeState Electric Coop",SWPP,SPP,SPP,no
20007,KS,Barber,2023,6,"Alfalfa Electric Coop, Inc; CMS Electric Coop Inc; City of Isabel - (KS); City of Kiowa - (KS); Ninnescah Rural E C A Inc; Southern Pioneer Electric Company",SWPP,SPP,SPP,no
20009,KS,Barton,2023,7,"Ark Valley Elec Coop Assn, Inc; City of Ellinwood - (KS); City of Hoisington - (KS); Midwest Energy Inc - (KS); Rolling Hills Electric Coop; Western Coop Electric Assn Inc; Wheatland Electric Coop, Inc",SWPP,SPP,SPP,no
20011,KS,Bourbon,2023,4,"City of Bronson; Evergy Kansas South, Inc; Evergy Metro; Heartland Rural Elec Coop, Inc",SWPP,SPP,SPP,no
20013,KS,Brown,2023,7,"Brown-Atchison E C A Inc; City of Horton - (KS); City of Morrill - (KS); City of Robinson - (KS); City of Sabetha - (KS); Doniphan Elec Coop Assn, Inc; Evergy Kansas Central, Inc",SWPP,SPP,SPP,no
20015,KS,Butler,2023,6,"Butler Rural El Coop Assn, Inc - (KS); Caney Valley El Coop Assn, Inc; City of Augusta - (KS); Evergy Kansas Central, Inc; Evergy Kansas South, Inc; Sumner-Cowley Elec Coop, Inc",SWPP,SPP,SPP,no
20017,KS,Chase,2023,3,"Butler Rural El Coop Assn, Inc - (KS); Evergy Kansas Central, Inc; Flint Hills Rural E C A, Inc",SWPP,SPP,SPP,no
20019,KS,Chautauqua,2023,2,"Caney Valley El Coop Assn, Inc; Evergy Kansas South, Inc",SWPP,SPP,SPP,no
20021,KS,Cherokee,2023,4,"Empire District Electric Co; Evergy Kansas South, Inc; Heartland Rural Elec Coop, Inc; Twin Valley Electric Coop Inc",SWPP,SPP,SPP,no
20023,KS,Cheyenne,2023,3,City of St Francis - (KS); Midwest Energy Inc - (KS); Prairie Land Electric Coop Inc,SWPP,SPP,SPP,no
20025,KS,Clark,2023,4,CMS Electric Coop Inc; City of Ashland - (KS); Southern Pioneer Electric Company; Victory Electric Coop Assn Inc,SWPP,SPP,SPP,no
20027,KS,Clay,2023,5,"Bluestem Electric Coop Inc; City of Clay Center - (KS); Evergy Kansas Central, Inc; Prairie Land Electric Coop Inc; Rolling Hills Electric Coop",SWPP,SPP,SPP,no
20029,KS,Cloud,2023,6,"Bluestem Electric Coop Inc; City of Glasco - (KS); DS&O Electric Cooperative, Inc.; Evergy Kansas Central, Inc; Prairie Land Electric Coop Inc; Rolling Hills Electric Coop",SWPP,SPP,SPP,no
20031,KS,Coffey,2023,5,"City of Burlington - (KS); Evergy Kansas Central, Inc; Evergy Kansas South, Inc; Evergy Metro; Heartland Rural Elec Coop, Inc",SWPP,SPP,SPP,no
20033,KS,Comanche,2023,3,CMS Electric Coop Inc; Ninnescah Rural E C A Inc; Southern Pioneer Electric Company,SWPP,SPP,SPP,no
20035,KS,Cowley,2023,6,"Butler Rural El Coop Assn, Inc - (KS); Caney Valley El Coop Assn, Inc; City of Udall - (KS); City of Winfield - (KS); Evergy Kansas South, Inc; Sumner-Cowley Elec Coop, Inc",SWPP,SPP,SPP,no
20037,KS,Crawford,2023,6,"City of Arcadia - (KS); City of Arma - (KS); City of Girard - (KS); City of Mulberry - (KS); Evergy Kansas South, Inc; Heartland Rural Elec Coop, Inc",SWPP,SPP,SPP,no
20039,KS,Decatur,2023,3,City of Oberlin - (KS); Midwest Energy Inc - (KS); Prairie Land Electric Coop Inc,SWPP,SPP,SPP,no
20041,KS,Dickinson,2023,7,"Bluestem Electric Coop Inc; City of Chapman - (KS); City of Enterprise - (KS); City of Herington - (KS); DS&O Electric Cooperative, Inc.; Evergy Kansas Central, Inc; Flint Hills Rural E C A, Inc",SWPP,SPP,SPP,no
20043,KS,Doniphan,2023,6,"Brown-Atchison E C A Inc; City of Elwood - (KS); City of Troy - (KS); City of Wathena - (KS); Doniphan Elec Coop Assn, Inc; Evergy Kansas Central, Inc",SWPP,SPP,SPP,no
20045,KS,Douglas,2023,5,"City of Baldwin City- (KS); City of Eudora - (KS); Evergy Kansas Central, Inc; Evergy Metro; FreeState Electric Coop",SWPP,SPP,SPP,no
20047,KS,Edwards,2023,3,Midwest Energy Inc - (KS); Ninnescah Rural E C A Inc; Victory Electric Coop Assn Inc,SWPP,SPP,SPP,no
20049,KS,Elk,2023,3,"Caney Valley El Coop Assn, Inc; Evergy Kansas Central, Inc; Evergy Kansas South, Inc",SWPP,SPP,SPP,no
20051,KS,Ellis,2023,2,Midwest Energy Inc - (KS); Western Coop Electric Assn Inc,SWPP,SPP,SPP,no
20053,KS,Ellsworth,2023,7,"Ark Valley Elec Coop Assn, Inc; City of Holyrood - (KS); DS&O Electric Cooperative, Inc.; Evergy Kansas Central, Inc; Midwest Energy Inc - (KS); Rolling Hills Electric Coop; Western Coop Electric Assn Inc",SWPP,SPP,SPP,no
20055,KS,Finney,2023,5,"City of Garden City; Lane-Scott Electric Coop, Inc; Pioneer Electric Coop, Inc - (KS); Victory Electric Coop Assn Inc; Wheatland Electric Coop, Inc",SWPP,SPP,SPP,no
20057,KS,Ford,2023,2,CMS Electric Coop Inc; Victory Electric Coop Assn Inc,SWPP,SPP,SPP,no
20059,KS,Franklin,2023,4,"City of Ottawa - (KS); City of Pomona - (KS); Evergy Kansas Central, Inc; Evergy Metro",SWPP,SPP,SPP,no
20061,KS,Geary,2023,4,"Bluestem Electric Coop Inc; DS&O Electric Cooperative, Inc.; Evergy Kansas Central, Inc; Flint Hills Rural E C A, Inc",SWPP,SPP,SPP,no
20063,KS,Gove,2023,3,"Lane-Scott Electric Coop, Inc; Midwest Energy Inc - (KS); Western Coop Electric Assn Inc",SWPP,SPP,SPP,no
20065,KS,Graham,2023,4,City of Hill City; Midwest Energy Inc - (KS); Prairie Land Electric Coop Inc; Western Coop Electric Assn Inc,SWPP,SPP,SPP,no
20067,KS,Grant,2023,1,"Pioneer Electric Coop, Inc - (KS)",SWPP,SPP,SPP,no
20069,KS,Gray,2023,6,"CMS Electric Coop Inc; City of Cimarron - (KS); City of Montezuma - (KS); Pioneer Electric Coop, Inc - (KS); Victory Electric Coop Assn Inc; Wheatland Electric Coop, Inc",SWPP,SPP,SPP,no
20071,KS,Greeley,2023,2,"Midwest Energy Inc - (KS); Wheatland Electric Coop, Inc",SWPP,SPP,SPP,no
20073,KS,Greenwood,2023,3,"Butler Rural El Coop Assn, Inc - (KS); Evergy Kansas Central, Inc; Evergy Kansas South, Inc",SWPP,SPP,SPP,no
20075,KS,Hamilton,2023,2,"Pioneer Electric Coop, Inc - (KS); Wheatland Electric Coop, Inc",SWPP,SPP,SPP,no
20077,KS,Harper,2023,7,"Alfalfa Electric Coop, Inc; City of Anthony - (KS); City of Attica - (KS); Ninnescah Rural E C A Inc; Southern Pioneer Electric Company; Sumner-Cowley Elec Coop, Inc; Wheatland Electric Coop, Inc",SWPP,SPP,SPP,no
20079,KS,Harvey,2023,5,"Ark Valley Elec Coop Assn, Inc; Butler Rural El Coop Assn, Inc - (KS); Evergy Kansas South, Inc; Flint Hills Rural E C A, Inc; Sedgwick County El Coop Assn Inc",SWPP,SPP,SPP,no
20081,KS,Haskell,2023,4,"CMS Electric Coop Inc; Pioneer Electric Coop, Inc - (KS); Southern Pioneer Electric Company; Victory Electric Coop Assn Inc",SWPP,SPP,SPP,no
20083,KS,Hodgeman,2023,4,"City of Jetmore; Lane-Scott Electric Coop, Inc; Midwest Energy Inc - (KS); Victory Electric Coop Assn Inc",SWPP,SPP,SPP,no
20085,KS,Jackson,2023,6,"Bluestem Electric Coop Inc; Brown-Atchison E C A Inc; City of Holton - (KS); Evergy Kansas Central, Inc; FreeState Electric Coop; Nemaha-Marshall E C A, Inc",SWPP,SPP,SPP,no
20087,KS,Jefferson,2023,3,"Brown-Atchison E C A Inc; Evergy Kansas Central, Inc; FreeState Electric Coop",SWPP,SPP,SPP,no
20089,KS,Jewell,2023,4,City of Mankato - (KS); Prairie Land Electric Coop Inc; Rolling Hills Electric Coop; WAPA-- Western Area Power Administration,SWPP; WACM,SPP; Southeast (non-RTO),SPP,yes
20091,KS,Johnson,2023,3,"City of Gardner - (KS); Evergy Kansas Central, Inc; Evergy Metro",SWPP,SPP,SPP,no
20093,KS,Kearny,2023,3,"City of Lakin - (KS); Pioneer Electric Coop, Inc - (KS); Wheatland Electric Coop, Inc",SWPP,SPP,SPP,no
20095,KS,Kingman,2023,8,"Ark Valley Elec Coop Assn, Inc; City of Kingman - (KS); Evergy Kansas South, Inc; Ninnescah Rural E C A Inc; Sedgwick County El Coop Assn Inc; Southern Pioneer Electric Company; Sumner-Cowley Elec Coop, Inc; Wheatland Electric Coop, Inc",SWPP,SPP,SPP,no
20097,KS,Kiowa,2023,5,CMS Electric Coop Inc; City of Greensburg - (KS); Ninnescah Rural E C A Inc; Southern Pioneer Electric Company; Victory Electric Coop Assn Inc,SWPP,SPP,SPP,no
20099,KS,Labette,2023,7,"City of Altamont - (KS); City of Chetopa - (KS); City of Coffeyville - (KS); Evergy Kansas Central, Inc; Evergy Kansas South, Inc; Heartland Rural Elec Coop, Inc; Twin Valley Electric Coop Inc",SWPP,SPP,SPP,no
20101,KS,Lane,2023,3,"City of Dighton - (KS); Lane-Scott Electric Coop, Inc; Midwest Energy Inc - (KS)",SWPP,SPP,SPP,no
20103,KS,Leavenworth,2023,3,"Evergy Kansas Central, Inc; Evergy Metro; FreeState Electric Coop",SWPP,SPP,SPP,no
20105,KS,Lincoln,2023,5,"City of Lincoln Center - (KS); Evergy Kansas Central, Inc; Midwest Energy Inc - (KS); Rolling Hills Electric Coop; Western Coop Electric Assn Inc",SWPP,SPP,SPP,no
20107,KS,Linn,2023,5,"City of Blue Mound - (KS); City of Prescott - (KS); Evergy Kansas South, Inc; Evergy Metro; Heartland Rural Elec Coop, Inc",SWPP,SPP,SPP,no
20109,KS,Logan,2023,3,"Lane-Scott Electric Coop, Inc; Midwest Energy Inc - (KS); Wheatland Electric Coop, Inc",SWPP,SPP,SPP,no
20111,KS,Lyon,2023,2,"Evergy Kansas Central, Inc; Flint Hills Rural E C A, Inc",SWPP,SPP,SPP,no
20113,KS,McPherson,2023,10,"Ark Valley Elec Coop Assn, Inc; City of Galva - (KS); City of Lindsborg - (KS); City of McPherson - (KS); City of Moundridge - (KS); DS&O Electric Cooperative, Inc.; Evergy Kansas Central, Inc; Evergy Kansas South, Inc",SWPP,SPP,SPP,no
20115,KS,Marion,2023,7,"Butler Rural El Coop Assn, Inc - (KS); City of Hillsboro - (KS); City of Marion - (KS); DS&O Electric Cooperative, Inc.; Evergy Kansas Central, Inc; Evergy Kansas South, Inc; Flint Hills Rural E C A, Inc",SWPP,SPP,SPP,no
20117,KS,Marshall,2023,7,"Bluestem Electric Coop Inc; City of Axtell - (KS); City of Summerfield - (KS); City of Vermillion - (KS); City of Waterville - (KS); Evergy Kansas Central, Inc; Nemaha-Marshall E C A, Inc",SWPP,SPP,SPP,no
20119,KS,Meade,2023,4,CMS Electric Coop Inc; City of Meade - (KS); Southern Pioneer Electric Company; Victory Electric Coop Assn Inc,SWPP,SPP,SPP,no
20121,KS,Miami,2023,3,"City of Osawatomie - (KS); Evergy Metro; Heartland Rural Elec Coop, Inc",SWPP,SPP,SPP,no
20123,KS,Mitchell,2023,5,City of Beloit - (KS); City of Cawker City - (KS); City of Glen Elder - (KS); Prairie Land Electric Coop Inc; Rolling Hills Electric Coop,SWPP,SPP,SPP,no
20125,KS,Montgomery,2023,4,"Caney Valley El Coop Assn, Inc; City of Coffeyville - (KS); Evergy Kansas South, Inc; Twin Valley Electric Coop Inc",SWPP,SPP,SPP,no
20127,KS,Morris,2023,4,"City of Herington - (KS); DS&O Electric Cooperative, Inc.; Evergy Kansas Central, Inc; Flint Hills Rural E C A, Inc",SWPP,SPP,SPP,no
20129,KS,Morton,2023,2,"Pioneer Electric Coop, Inc - (KS); Tri-County Electric Coop, Inc (OK)",SWPP,SPP,SPP,no
20131,KS,Nemaha,2023,6,"Brown-Atchison E C A Inc; City of Centralia - (KS); City of Sabetha - (KS); City of Seneca - (KS); Evergy Kansas Central, Inc; Nemaha-Marshall E C A, Inc",SWPP,SPP,SPP,no
20133,KS,Neosho,2023,6,"City of Chanute; City of Erie - (KS); Evergy Kansas Central, Inc; Evergy Kansas South, Inc; Heartland Rural Elec Coop, Inc; Twin Valley Electric Coop Inc",SWPP,SPP,SPP,no
20135,KS,Ness,2023,3,"Lane-Scott Electric Coop, Inc; Midwest Energy Inc - (KS); Western Coop Electric Assn Inc",SWPP,SPP,SPP,no
20137,KS,Norton,2023,3,City of Norton; Midwest Energy Inc - (KS); Prairie Land Electric Coop Inc,SWPP; WACM,SPP; Southeast (non-RTO),SPP,yes
20139,KS,Osage,2023,6,"City of Burlingame - (KS); City of Osage City - (KS); City of Scranton - (KS); Evergy Kansas Central, Inc; Evergy Metro; FreeState Electric Coop",SWPP,SPP,SPP,no
20141,KS,Osborne,2023,5,City of Osborne - (KS); Midwest Energy Inc - (KS); Prairie Land Electric Coop Inc; Rolling Hills Electric Coop; Western Coop Electric Assn Inc,SWPP,SPP,SPP,no
20143,KS,Ottawa,2023,5,"Bluestem Electric Coop Inc; City of Minneapolis - (KS); DS&O Electric Cooperative, Inc.; Evergy Kansas Central, Inc; Rolling Hills Electric Coop",SWPP,SPP,SPP,no
20145,KS,Pawnee,2023,3,City of Larned - (KS); Midwest Energy Inc - (KS); Ninnescah Rural E C A Inc,SWPP,SPP,SPP,no
20147,KS,Phillips,2023,3,Midwest Energy Inc - (KS); Prairie Land Electric Coop Inc; Rolling Hills Electric Coop,SWPP,SPP,SPP,no
20149,KS,Pottawatomie,2023,6,"Bluestem Electric Coop Inc; City of St Marys - (KS); City of Wamego - (KS); Evergy Kansas Central, Inc; FreeState Electric Coop; Nemaha-Marshall E C A, Inc",SWPP,SPP,SPP,no
20151,KS,Pratt,2023,5,City of Iuka - (KS); City of Pratt- (KS); Midwest Energy Inc - (KS); Ninnescah Rural E C A Inc; Southern Pioneer Electric Company,SWPP,SPP,SPP,no
20153,KS,Rawlins,2023,3,City of Herndon; Midwest Energy Inc - (KS); Prairie Land Electric Coop Inc,SWPP,SPP,SPP,no
20155,KS,Reno,2023,9,"Ark Valley Elec Coop Assn, Inc; City of Haven - (KS); City of Sterling - (KS); Evergy Kansas Central, Inc; Evergy Kansas South, Inc; Midwest Energy Inc - (KS); Ninnescah Rural E C A Inc; Sedgwick County El Coop Assn Inc",SWPP,SPP,SPP,no
20157,KS,Republic,2023,3,City of Belleville - (KS); Prairie Land Electric Coop Inc; Rolling Hills Electric Coop,SWPP,SPP,SPP,no
20159,KS,Rice,2023,5,"Ark Valley Elec Coop Assn, Inc; City of Sterling - (KS); DS&O Electric Cooperative, Inc.; Evergy Kansas Central, Inc; Midwest Energy Inc - (KS)",SWPP,SPP,SPP,no
20161,KS,Riley,2023,3,"Bluestem Electric Coop Inc; Evergy Kansas Central, Inc; Flint Hills Rural E C A, Inc",SWPP,SPP,SPP,no
20163,KS,Rooks,2023,5,City of Stockton - (KS); Midwest Energy Inc - (KS); Prairie Land Electric Coop Inc; Rolling Hills Electric Coop; Western Coop Electric Assn Inc,SWPP,SPP,SPP,no
20165,KS,Rush,2023,4,"City of La Crosse - (KS); Lane-Scott Electric Coop, Inc; Midwest Energy Inc - (KS); Western Coop Electric Assn Inc",SWPP,SPP,SPP,no
20167,KS,Russell,2023,6,City of Lucas- (KS); City of Luray - (KS); City of Russell - (KS); Midwest Energy Inc - (KS); Rolling Hills Electric Coop; Western Coop Electric Assn Inc,SWPP; MISO,SPP; MISO,SPP,yes
20169,KS,Saline,2023,5,"Ark Valley Elec Coop Assn, Inc; DS&O Electric Cooperative, Inc.; Evergy Kansas Central, Inc; Midwest Energy Inc - (KS); Rolling Hills Electric Coop",SWPP,SPP,SPP,no
20171,KS,Scott,2023,3,"Lane-Scott Electric Coop, Inc; Midwest Energy Inc - (KS); Wheatland Electric Coop, Inc",SWPP,SPP,SPP,no
20173,KS,Sedgwick,2023,6,"Butler Rural El Coop Assn, Inc - (KS); City of Mount Hope - (KS); City of Mulvane - (KS); Evergy Kansas South, Inc; Sedgwick County El Coop Assn Inc; Sumner-Cowley Elec Coop, Inc",SWPP,SPP,SPP,no
20175,KS,Seward,2023,4,"CMS Electric Coop Inc; Pioneer Electric Coop, Inc - (KS); Southern Pioneer Electric Company; Tri-County Electric Coop, Inc (OK)",SWPP,SPP,SPP,no
20177,KS,Shawnee,2023,2,"Evergy Kansas Central, Inc; FreeState Electric Coop",SWPP,SPP,SPP,no
20179,KS,Sheridan,2023,3,Midwest Energy Inc - (KS); Prairie Land Electric Coop Inc; Western Coop Electric Assn Inc,SWPP,SPP,SPP,no
20181,KS,Sherman,2023,3,City of Goodland - (KS); Midwest Energy Inc - (KS); Prairie Land Electric Coop Inc,SWPP,SPP,SPP,no
20183,KS,Smith,2023,3,Prairie Land Electric Coop Inc; Rolling Hills Electric Coop; Southern Public Power District,SWPP,SPP,SPP,no
20185,KS,Stafford,2023,6,"Ark Valley Elec Coop Assn, Inc; City of Radium - (KS); City of St. John - (KS); City of Stafford - (KS); Midwest Energy Inc - (KS); Ninnescah Rural E C A Inc",SWPP,SPP,SPP,no
20187,KS,Stanton,2023,2,"City of Johnson - (KS); Pioneer Electric Coop, Inc - (KS)",SWPP,SPP,SPP,no
20189,KS,Stevens,2023,3,"CMS Electric Coop Inc; City of Hugoton - (KS); Pioneer Electric Coop, Inc - (KS)",SWPP,SPP,SPP,no
20191,KS,Sumner,2023,6,"City of Mulvane - (KS); City of Oxford - (KS); City of Wellington - (KS); Evergy Kansas South, Inc; Sedgwick County El Coop Assn Inc; Sumner-Cowley Elec Coop, Inc",SWPP,SPP,SPP,no
20193,KS,Thomas,2023,3,City of Colby - (KS); Midwest Energy Inc - (KS); Prairie Land Electric Coop Inc,SWPP,SPP,SPP,no
20195,KS,Trego,2023,2,Midwest Energy Inc - (KS); Western Coop Electric Assn Inc,SWPP,SPP,SPP,no
20197,KS,Wabaunsee,2023,5,"Bluestem Electric Coop Inc; City of Alma - (KS); Evergy Kansas Central, Inc; Flint Hills Rural E C A, Inc; FreeState Electric Coop",SWPP,SPP,SPP,no
20199,KS,Wallace,2023,3,"City of Sharon Springs - (KS); Midwest Energy Inc - (KS); Wheatland Electric Coop, Inc",SWPP,SPP,SPP,no
20201,KS,Washington,2023,6,"Bluestem Electric Coop Inc; City of Washington - (KS); Evergy Kansas Central, Inc; Nemaha-Marshall E C A, Inc; Prairie Land Electric Coop Inc; Rolling Hills Electric Coop",SWPP,SPP,SPP,no
20203,KS,Wichita,2023,1,"Wheatland Electric Coop, Inc",SWPP,SPP,SPP,no
20205,KS,Wilson,2023,5,"City of Fredonia - (KS); City of Neodesha - (KS); Evergy Kansas Central, Inc; Evergy Kansas South, Inc; Heartland Rural Elec Coop, Inc",SWPP,SPP,SPP,no
20207,KS,Woodson,2023,4,"City of Toronto - (KS); Evergy Kansas Central, Inc; Evergy Kansas South, Inc; Heartland Rural Elec Coop, Inc",SWPP,SPP,SPP,no
20209,KS,Wyandotte,2023,3,"City of Kansas City - (KS); Evergy Kansas Central, Inc; Evergy Metro",SWPP,SPP,SPP,no
21001,KY,Adair,2023,5,Farmers Rural Electric Coop Corp - (KY); Kentucky Utilities Co; South Kentucky Rural E C C; Taylor County Rural E C C; Tri-County Elec Member Corp (TN),PJM; LGEE; TVA,PJM; Southeast (non-RTO),PJM,yes
21003,KY,Allen,2023,1,Tri-County Elec Member Corp (TN),TVA,Southeast (non-RTO),Southeast (non-RTO),no
21005,KY,Anderson,2023,4,"Blue Grass Energy Coop Corp; Kentucky Utilities Co; Salt River Electric Coop Corp; Shelby Energy Coop, Inc - (KY)",PJM; LGEE,PJM; Southeast (non-RTO),PJM,yes
21007,KY,Ballard,2023,2,Jackson Purchase Energy Corporation; Kentucky Utilities Co,MISO; LGEE,MISO; Southeast (non-RTO),MISO,yes
21009,KY,Barren,2023,5,City of Glasgow - (KY); Farmers Rural Electric Coop Corp - (KY); Kentucky Utilities Co; Tri-County Elec Member Corp (TN); Warren Rural Elec Coop Corp,TVA; PJM; LGEE,Southeast (non-RTO); PJM,Southeast (non-RTO),yes
21011,KY,Bath,2023,3,Clark Energy Coop Inc - (KY); Fleming-Mason Energy Coop Inc; Kentucky Utilities Co,PJM; LGEE,PJM; Southeast (non-RTO),PJM,yes
21013,KY,Bell,2023,2,"Cumberland Valley Electric, Inc.; Kentucky Utilities Co",PJM; LGEE,PJM; Southeast (non-RTO),PJM,yes
21015,KY,Boone,2023,2,Duke Energy Kentucky; Owen Electric Coop Inc,PJM,PJM,PJM,no
21017,KY,Bourbon,2023,4,Blue Grass Energy Coop Corp; City of Paris - (KY); Clark Energy Coop Inc - (KY); Kentucky Utilities Co,PJM; LGEE,PJM; Southeast (non-RTO),PJM,yes
21019,KY,Boyd,2023,1,Kentucky Power Co,PJM,PJM,PJM,no
21021,KY,Boyle,2023,2,Inter County Energy Coop Corp - (KY); Kentucky Utilities Co,PJM; LGEE,PJM; Southeast (non-RTO),PJM,yes
21023,KY,Bracken,2023,3,Blue Grass Energy Coop Corp; Fleming-Mason Energy Coop Inc; Kentucky Utilities Co,PJM; LGEE,PJM; Southeast (non-RTO),PJM,yes
21025,KY,Breathitt,2023,4,Big Sandy Rural Elec Coop Corp; Jackson Energy Coop Corp - (KY); Kentucky Power Co; Licking Valley Rural E C C,PJM,PJM,PJM,no
21027,KY,Breckinridge,2023,3,Kenergy Corp; Meade County Rural E C C; Nolin Rural Electric Coop Corp,MISO; PJM,MISO; PJM,MISO,yes
21029,KY,Bullitt,2023,4,Kentucky Utilities Co; Louisville Gas & Electric Co; Nolin Rural Electric Coop Corp; Salt River Electric Coop Corp,LGEE; PJM,Southeast (non-RTO); PJM,Southeast (non-RTO),yes
21031,KY,Butler,2023,2,Pennyrile Rural Electric Coop; Warren Rural Elec Coop Corp,TVA,Southeast (non-RTO),Southeast (non-RTO),no
21033,KY,Caldwell,2023,3,City of Princeton - (KY); Kenergy Corp; Kentucky Utilities Co,LGEE; MISO,Southeast (non-RTO); MISO,Southeast (non-RTO),yes
21035,KY,Calloway,2023,2,City of Murray - (KY); West Kentucky Rural E C C,TVA,Southeast (non-RTO),Southeast (non-RTO),no
21037,KY,Campbell,2023,3,Duke Energy Kentucky; Kentucky Utilities Co; Owen Electric Coop Inc,PJM; LGEE,PJM; Southeast (non-RTO),PJM,yes
21039,KY,Carlisle,2023,5,City of Bardwell - (KY); Gibson Electric Members Corp; Jackson Purchase Energy Corporation; Kentucky Utilities Co; West Kentucky Rural E C C,LGEE; TVA; MISO,Southeast (non-RTO); MISO,Southeast (non-RTO),yes
21041,KY,Carroll,2023,3,"Kentucky Utilities Co; Owen Electric Coop Inc; Shelby Energy Coop, Inc - (KY)",PJM; LGEE,PJM; Southeast (non-RTO),PJM,yes
21043,KY,Carter,2023,3,City of Olive Hill - (KY); Grayson Rural Electric Coop Corp; Kentucky Power Co,PJM,PJM,PJM,no
21045,KY,Casey,2023,4,Inter County Energy Coop Corp - (KY); Kentucky Utilities Co; South Kentucky Rural E C C; Taylor County Rural E C C,PJM; LGEE,PJM; Southeast (non-RTO),PJM,yes
21047,KY,Christian,2023,3,City of Hopkinsville; Kentucky Utilities Co; Pennyrile Rural Electric Coop,TVA; LGEE,Southeast (non-RTO),Southeast (non-RTO),no
21049,KY,Clark,2023,2,Clark Energy Coop Inc - (KY); Kentucky Utilities Co,PJM; LGEE,PJM; Southeast (non-RTO),PJM,yes
21051,KY,Clay,2023,4,"Cumberland Valley Electric, Inc.; Jackson Energy Coop Corp - (KY); Kentucky Power Co; Kentucky Utilities Co",PJM; LGEE,PJM; Southeast (non-RTO),PJM,yes
21053,KY,Clinton,2023,2,South Kentucky Rural E C C; Tri-County Elec Member Corp (TN),PJM; TVA,PJM; Southeast (non-RTO),PJM,yes
21055,KY,Crittenden,2023,2,Kenergy Corp; Kentucky Utilities Co,MISO; LGEE,MISO; Southeast (non-RTO),MISO,yes
21057,KY,Cumberland,2023,3,South Kentucky Rural E C C; Taylor County Rural E C C; Tri-County Elec Member Corp (TN),PJM; TVA,PJM; Southeast (non-RTO),PJM,yes
21059,KY,Daviess,2023,3,City of Owensboro - (KY); Kenergy Corp; Kentucky Utilities Co,LGEE; MISO,Southeast (non-RTO); MISO,Southeast (non-RTO),yes
21061,KY,Edmonson,2023,3,Farmers Rural Electric Coop Corp - (KY); Kentucky Utilities Co; Warren Rural Elec Coop Corp,PJM; LGEE; TVA,Southeast (non-RTO); PJM,Southeast (non-RTO),yes
21063,KY,Elliott,2023,3,Grayson Rural Electric Coop Corp; Kentucky Power Co; Licking Valley Rural E C C,PJM,PJM,PJM,no
21065,KY,Estill,2023,4,Blue Grass Energy Coop Corp; Clark Energy Coop Inc - (KY); Jackson Energy Coop Corp - (KY); Kentucky Utilities Co,PJM; LGEE,PJM; Southeast (non-RTO),PJM,yes
21067,KY,Fayette,2023,3,Blue Grass Energy Coop Corp; Clark Energy Coop Inc - (KY); Kentucky Utilities Co,PJM; LGEE,PJM; Southeast (non-RTO),PJM,yes
21069,KY,Fleming,2023,2,Fleming-Mason Energy Coop Inc; Kentucky Utilities Co,PJM; LGEE,PJM; Southeast (non-RTO),PJM,yes
21071,KY,Floyd,2023,2,Big Sandy Rural Elec Coop Corp; Kentucky Power Co,PJM,PJM,PJM,no
21073,KY,Franklin,2023,4,"Blue Grass Energy Coop Corp; City of Frankfort - (KY); Kentucky Utilities Co; Shelby Energy Coop, Inc - (KY)",PJM; LGEE,PJM; Southeast (non-RTO),PJM,yes
21075,KY,Fulton,2023,4,City of Fulton - (KY); City of Hickman; Gibson Electric Members Corp; Kentucky Utilities Co,TVA; LGEE,Southeast (non-RTO),Southeast (non-RTO),no
21077,KY,Gallatin,2023,3,Duke Energy Kentucky; Kentucky Utilities Co; Owen Electric Coop Inc,PJM; LGEE,PJM; Southeast (non-RTO),PJM,yes
21079,KY,Garrard,2023,4,Blue Grass Energy Coop Corp; Inter County Energy Coop Corp - (KY); Jackson Energy Coop Corp - (KY); Kentucky Utilities Co,PJM; LGEE,PJM; Southeast (non-RTO),PJM,yes
21081,KY,Grant,2023,6,Blue Grass Energy Coop Corp; Duke Energy Kentucky; Kentucky Utilities Co; Owen Electric Coop Inc; Pennyrile Rural Electric Coop; Williamstown Utility Comm,PJM; LGEE; TVA,PJM; Southeast (non-RTO),PJM,yes
21083,KY,Graves,2023,4,City of Mayfield Plant Board; Gibson Electric Members Corp; Jackson Purchase Energy Corporation; West Kentucky Rural E C C,TVA; MISO,Southeast (non-RTO); MISO,Southeast (non-RTO),yes
21085,KY,Grayson,2023,5,Farmers Rural Electric Coop Corp - (KY); Kentucky Utilities Co; Meade County Rural E C C; Nolin Rural Electric Coop Corp; Warren Rural Elec Coop Corp,PJM; LGEE; MISO; TVA,PJM; Southeast (non-RTO); MISO,PJM,yes
21087,KY,Green,2023,4,Farmers Rural Electric Coop Corp - (KY); Kentucky Utilities Co; Nolin Rural Electric Coop Corp; Taylor County Rural E C C,PJM; LGEE,PJM; Southeast (non-RTO),PJM,yes
21089,KY,Greenup,2023,2,Grayson Rural Electric Coop Corp; Kentucky Power Co,PJM,PJM,PJM,no
21091,KY,Hancock,2023,2,Kenergy Corp; Meade County Rural E C C,MISO,MISO,MISO,no
21093,KY,Hardin,2023,5,Farmers Rural Electric Coop Corp - (KY); Kentucky Utilities Co; Louisville Gas & Electric Co; Meade County Rural E C C; Nolin Rural Electric Coop Corp,PJM; LGEE; MISO,PJM; Southeast (non-RTO); MISO,PJM,yes
21095,KY,Harlan,2023,4,"City of Benham; Cumberland Valley Electric, Inc.; Kentucky Utilities Co; Tri-County Elec Member Corp (TN)",LGEE; PJM; TVA,Southeast (non-RTO); PJM,Southeast (non-RTO),yes
21097,KY,Harrison,2023,2,Blue Grass Energy Coop Corp; Kentucky Utilities Co,PJM; LGEE,PJM; Southeast (non-RTO),PJM,yes
21099,KY,Hart,2023,4,Farmers Rural Electric Coop Corp - (KY); Kentucky Utilities Co; Nolin Rural Electric Coop Corp; Taylor County Rural E C C,PJM; LGEE,PJM; Southeast (non-RTO),PJM,yes
21101,KY,Henderson,2023,3,Henderson City Utility Comm; Kenergy Corp; Kentucky Utilities Co,MISO; LGEE,MISO; Southeast (non-RTO),MISO,yes
21103,KY,Henry,2023,4,"Blue Grass Energy Coop Corp; Kentucky Utilities Co; Louisville Gas & Electric Co; Shelby Energy Coop, Inc - (KY)",PJM; LGEE,PJM; Southeast (non-RTO),PJM,yes
21105,KY,Hickman,2023,3,Gibson Electric Members Corp; Kentucky Utilities Co; West Kentucky Rural E C C,TVA; LGEE,Southeast (non-RTO),Southeast (non-RTO),no
21107,KY,Hopkins,2023,4,Kenergy Corp; Kentucky Utilities Co; Madisonville Municipal Utils; Tri-County Elec Member Corp (TN),LGEE; MISO; TVA,Southeast (non-RTO); MISO,Southeast (non-RTO),yes
21109,KY,Jackson,2023,2,Blue Grass Energy Coop Corp; Jackson Energy Coop Corp - (KY),PJM,PJM,PJM,no
21111,KY,Jefferson,2023,3,"Louisville Gas & Electric Co; Salt River Electric Coop Corp; Shelby Energy Coop, Inc - (KY)",PJM; LGEE,PJM; Southeast (non-RTO),PJM,yes
21113,KY,Jessamine,2023,3,Blue Grass Energy Coop Corp; City of Nicholasville - (KY); Kentucky Utilities Co,LGEE; PJM,Southeast (non-RTO); PJM,Southeast (non-RTO),yes
21115,KY,Johnson,2023,2,Big Sandy Rural Elec Coop Corp; Kentucky Power Co,PJM,PJM,PJM,no
21117,KY,Kenton,2023,2,Duke Energy Kentucky; Owen Electric Coop Inc,PJM,PJM,PJM,no
21119,KY,Knott,2023,2,Big Sandy Rural Elec Coop Corp; Kentucky Power Co,PJM,PJM,PJM,no
21121,KY,Knox,2023,4,"Barbourville Utility Comm; Corbin City Utilities Comm; Cumberland Valley Electric, Inc.; Kentucky Utilities Co",LGEE; PJM,Southeast (non-RTO); PJM,Southeast (non-RTO),yes
21123,KY,Larue,2023,5,Farmers Rural Electric Coop Corp - (KY); Inter County Energy Coop Corp - (KY); Kentucky Utilities Co; Nolin Rural Electric Coop Corp; Salt River Electric Coop Corp,PJM; LGEE,PJM; Southeast (non-RTO),PJM,yes
21125,KY,Laurel,2023,4,"Cumberland Valley Electric, Inc.; Jackson Energy Coop Corp - (KY); Kentucky Utilities Co; South Kentucky Rural E C C",PJM; LGEE,PJM; Southeast (non-RTO),PJM,yes
21127,KY,Lawrence,2023,3,Big Sandy Rural Elec Coop Corp; Grayson Rural Electric Coop Corp; Kentucky Power Co,PJM,PJM,PJM,no
21129,KY,Lee,2023,3,Jackson Energy Coop Corp - (KY); Kentucky Utilities Co; Licking Valley Rural E C C,PJM; LGEE,PJM; Southeast (non-RTO),PJM,yes
21131,KY,Leslie,2023,3,"Cumberland Valley Electric, Inc.; Jackson Energy Coop Corp - (KY); Kentucky Power Co",PJM,PJM,PJM,no
21133,KY,Letcher,2023,2,"Cumberland Valley Electric, Inc.; Kentucky Power Co",PJM,PJM,PJM,no
21135,KY,Lewis,2023,4,City of Vanceburg; Fleming-Mason Energy Coop Inc; Grayson Rural Electric Coop Corp; Kentucky Power Co,PJM,PJM,PJM,no
21137,KY,Lincoln,2023,4,Inter County Energy Coop Corp - (KY); Jackson Energy Coop Corp - (KY); Kentucky Utilities Co; South Kentucky Rural E C C,PJM; LGEE,PJM; Southeast (non-RTO),PJM,yes
21139,KY,Livingston,2023,5,Jackson Purchase Energy Corporation; Kenergy Corp; Kentucky Utilities Co; Pennyrile Rural Electric Coop; West Kentucky Rural E C C,MISO; TVA; LGEE,Southeast (non-RTO); MISO,Southeast (non-RTO),yes
21141,KY,Logan,2023,3,City of Russellville - (KY); Pennyrile Rural Electric Coop; Warren Rural Elec Coop Corp,TVA,Southeast (non-RTO),Southeast (non-RTO),no
21143,KY,Lyon,2023,2,Kenergy Corp; Kentucky Utilities Co,MISO; LGEE,MISO; Southeast (non-RTO),MISO,yes
21145,KY,McCracken,2023,3,City of Paducah - (KY); Jackson Purchase Energy Corporation; Kentucky Utilities Co,MISO; LGEE; TVA,Southeast (non-RTO); MISO,Southeast (non-RTO),yes
21147,KY,McCreary,2023,3,"Cumberland Valley Electric, Inc.; Kentucky Utilities Co; South Kentucky Rural E C C",PJM; LGEE,PJM; Southeast (non-RTO),PJM,yes
21149,KY,McLean,2023,2,Kenergy Corp; Kentucky Utilities Co,MISO; LGEE,MISO; Southeast (non-RTO),MISO,yes
21151,KY,Madison,2023,6,Blue Grass Energy Coop Corp; City of Berea Municipal Utility; Clark Energy Coop Inc - (KY); Inter County Energy Coop Corp - (KY); Jackson Energy Coop Corp - (KY); Kentucky Utilities Co,PJM; LGEE,PJM; Southeast (non-RTO),PJM,yes
21153,KY,Magoffin,2023,3,Big Sandy Rural Elec Coop Corp; Kentucky Power Co; Licking Valley Rural E C C,PJM,PJM,PJM,no
21155,KY,Marion,2023,4,Inter County Energy Coop Corp - (KY); Kentucky Utilities Co; Salt River Electric Coop Corp; Taylor County Rural E C C,PJM; LGEE,PJM; Southeast (non-RTO),PJM,yes
21157,KY,Marshall,2023,4,City of Benton - (KY); Jackson Purchase Energy Corporation; Tennessee Valley Authority; West Kentucky Rural E C C,TVA; MISO,Southeast (non-RTO); MISO,Southeast (non-RTO),yes
21159,KY,Martin,2023,2,Big Sandy Rural Elec Coop Corp; Kentucky Power Co,PJM,PJM,PJM,no
21161,KY,Mason,2023,2,Fleming-Mason Energy Coop Inc; Kentucky Utilities Co,PJM; LGEE,PJM; Southeast (non-RTO),PJM,yes
21163,KY,Meade,2023,3,Louisville Gas & Electric Co; Meade County Rural E C C; Nolin Rural Electric Coop Corp,LGEE; MISO; PJM,Southeast (non-RTO); MISO; PJM,Southeast (non-RTO),yes
21165,KY,Menifee,2023,2,Clark Energy Coop Inc - (KY); Licking Valley Rural E C C,PJM,PJM,PJM,no
21167,KY,Mercer,2023,4,Blue Grass Energy Coop Corp; Inter County Energy Coop Corp - (KY); Kentucky Utilities Co; Salt River Electric Coop Corp,PJM; LGEE,PJM; Southeast (non-RTO),PJM,yes
21169,KY,Metcalfe,2023,3,Farmers Rural Electric Coop Corp - (KY); Taylor County Rural E C C; Tri-County Elec Member Corp (TN),PJM; TVA,PJM; Southeast (non-RTO),PJM,yes
21171,KY,Monroe,2023,2,Farmers Rural Electric Coop Corp - (KY); Tri-County Elec Member Corp (TN),PJM; TVA,PJM; Southeast (non-RTO),PJM,yes
21173,KY,Montgomery,2023,2,Clark Energy Coop Inc - (KY); Kentucky Utilities Co,PJM; LGEE,PJM; Southeast (non-RTO),PJM,yes
21175,KY,Morgan,2023,4,Big Sandy Rural Elec Coop Corp; Clark Energy Coop Inc - (KY); Kentucky Power Co; Licking Valley Rural E C C,PJM,PJM,PJM,no
21177,KY,Muhlenberg,2023,3,Kenergy Corp; Kentucky Utilities Co; Pennyrile Rural Electric Coop,MISO; LGEE; TVA,Southeast (non-RTO); MISO,Southeast (non-RTO),yes
21179,KY,Nelson,2023,5,Blue Grass Energy Coop Corp; City of Bardstown - (KY); Inter County Energy Coop Corp - (KY); Kentucky Utilities Co; Salt River Electric Coop Corp,PJM; LGEE,PJM; Southeast (non-RTO),PJM,yes
21181,KY,Nicholas,2023,3,Blue Grass Energy Coop Corp; Fleming-Mason Energy Coop Inc; Kentucky Utilities Co,PJM; LGEE,PJM; Southeast (non-RTO),PJM,yes
21183,KY,Ohio,2023,4,Kenergy Corp; Kentucky Utilities Co; Meade County Rural E C C; Warren Rural Elec Coop Corp,MISO; LGEE; TVA,MISO; Southeast (non-RTO),MISO,yes
21185,KY,Oldham,2023,3,"Kentucky Utilities Co; Louisville Gas & Electric Co; Shelby Energy Coop, Inc - (KY)",LGEE; PJM,Southeast (non-RTO); PJM,Southeast (non-RTO),yes
21187,KY,Owen,2023,3,"Kentucky Utilities Co; Owen Electric Coop Inc; Shelby Energy Coop, Inc - (KY)",PJM; LGEE,PJM; Southeast (non-RTO),PJM,yes
21189,KY,Owsley,2023,2,Jackson Energy Coop Corp - (KY); Kentucky Power Co,PJM,PJM,PJM,no
21191,KY,Pendleton,2023,5,Blue Grass Energy Coop Corp; City of Falmouth - (KY); Duke Energy Kentucky; Kentucky Utilities Co; Owen Electric Coop Inc,PJM; LGEE,PJM; Southeast (non-RTO),PJM,yes
21193,KY,Perry,2023,1,Kentucky Power Co,PJM,PJM,PJM,no
21195,KY,Pike,2023,1,Kentucky Power Co,PJM,PJM,PJM,no
21197,KY,Powell,2023,2,Clark Energy Coop Inc - (KY); Jackson Energy Coop Corp - (KY),PJM,PJM,PJM,no
21199,KY,Pulaski,2023,3,Jackson Energy Coop Corp - (KY); Kentucky Utilities Co; South Kentucky Rural E C C,PJM; LGEE,PJM; Southeast (non-RTO),PJM,yes
21201,KY,Robertson,2023,3,Blue Grass Energy Coop Corp; Fleming-Mason Energy Coop Inc; Kentucky Utilities Co,PJM; LGEE,PJM; Southeast (non-RTO),PJM,yes
21203,KY,Rockcastle,2023,4,Inter County Energy Coop Corp - (KY); Jackson Energy Coop Corp - (KY); Kentucky Utilities Co; South Kentucky Rural E C C,PJM; LGEE,PJM; Southeast (non-RTO),PJM,yes
21205,KY,Rowan,2023,5,Clark Energy Coop Inc - (KY); Fleming-Mason Energy Coop Inc; Grayson Rural Electric Coop Corp; Kentucky Power Co; Kentucky Utilities Co,PJM; LGEE,PJM; Southeast (non-RTO),PJM,yes
21207,KY,Russell,2023,3,Kentucky Utilities Co; South Kentucky Rural E C C; Taylor County Rural E C C,PJM; LGEE,PJM; Southeast (non-RTO),PJM,yes
21209,KY,Scott,2023,3,Blue Grass Energy Coop Corp; Kentucky Utilities Co; Owen Electric Coop Inc,PJM; LGEE,PJM; Southeast (non-RTO),PJM,yes
21211,KY,Shelby,2023,6,"Blue Grass Energy Coop Corp; City of Frankfort - (KY); Kentucky Utilities Co; Louisville Gas & Electric Co; Salt River Electric Coop Corp; Shelby Energy Coop, Inc - (KY)",PJM; LGEE,PJM; Southeast (non-RTO),PJM,yes
21213,KY,Simpson,2023,2,City of Franklin - (KY); Warren Rural Elec Coop Corp,TVA,Southeast (non-RTO),Southeast (non-RTO),no
21215,KY,Spencer,2023,5,"Blue Grass Energy Coop Corp; Kentucky Utilities Co; Louisville Gas & Electric Co; Salt River Electric Coop Corp; Shelby Energy Coop, Inc - (KY)",PJM; LGEE,PJM; Southeast (non-RTO),PJM,yes
21217,KY,Taylor,2023,4,Inter County Energy Coop Corp - (KY); Kentucky Utilities Co; Nolin Rural Electric Coop Corp; Taylor County Rural E C C,PJM; LGEE,PJM; Southeast (non-RTO),PJM,yes
21219,KY,Todd,2023,1,Pennyrile Rural Electric Coop,TVA,Southeast (non-RTO),Southeast (non-RTO),no
21221,KY,Trigg,2023,1,Pennyrile Rural Electric Coop,TVA,Southeast (non-RTO),Southeast (non-RTO),no
21223,KY,Trimble,2023,3,"Kentucky Utilities Co; Louisville Gas & Electric Co; Shelby Energy Coop, Inc - (KY)",LGEE; PJM,Southeast (non-RTO); PJM,Southeast (non-RTO),yes
21225,KY,Union,2023,2,Kenergy Corp; Kentucky Utilities Co,MISO; LGEE,MISO; Southeast (non-RTO),MISO,yes
21227,KY,Warren,2023,3,City of Bowling Green - (KY); Farmers Rural Electric Coop Corp - (KY); Warren Rural Elec Coop Corp,TVA; PJM,Southeast (non-RTO); PJM,Southeast (non-RTO),yes
21229,KY,Washington,2023,4,Blue Grass Energy Coop Corp; Inter County Energy Coop Corp - (KY); Kentucky Utilities Co; Salt River Electric Coop Corp,PJM; LGEE,PJM; Southeast (non-RTO),PJM,yes
21231,KY,Wayne,2023,1,South Kentucky Rural E C C,PJM,PJM,PJM,no
21233,KY,Webster,2023,3,City of Providence - (KY); Kenergy Corp; Kentucky Utilities Co,LGEE; MISO,Southeast (non-RTO); MISO,Southeast (non-RTO),yes
21235,KY,Whitley,2023,4,"City of Jellico; Corbin City Utilities Comm; Cumberland Valley Electric, Inc.; Kentucky Utilities Co",LGEE; PJM; TVA,Southeast (non-RTO); PJM,Southeast (non-RTO),yes
21237,KY,Wolfe,2023,2,Jackson Energy Coop Corp - (KY); Licking Valley Rural E C C,PJM,PJM,PJM,no
21239,KY,Woodford,2023,3,Blue Grass Energy Coop Corp; City of Frankfort - (KY); Kentucky Utilities Co,LGEE; PJM,Southeast (non-RTO); PJM,Southeast (non-RTO),yes
22001,LA,Acadia,2023,4,City of Rayne - (LA); Cleco Power LLC; Entergy Louisiana LLC; Southwest Louisiana E M C,MISO,MISO,MISO,no
22003,LA,Allen,2023,4,"Beauregard Electric Coop, Inc; Cleco Power LLC; Entergy Louisiana LLC; Jefferson Davis Elec Coop, Inc",MISO,MISO,MISO,no
22005,LA,Ascension,2023,2,Dixie Electric Membership Corp - (LA); Entergy Louisiana LLC,MISO,MISO,MISO,no
22007,LA,Assumption,2023,2,Entergy Louisiana LLC; South Louisiana Elec Coop Assn,MISO,MISO,MISO,no
22009,LA,Avoyelles,2023,3,Cleco Power LLC; Entergy Louisiana LLC; Southwest Louisiana E M C,MISO,MISO,MISO,no
22011,LA,Beauregard,2023,3,"Beauregard Electric Coop, Inc; Cleco Power LLC; Entergy Louisiana LLC",MISO,MISO,MISO,no
22013,LA,Bienville,2023,3,"Claiborne Electric Coop, Inc; Entergy Louisiana LLC; Southwestern Electric Power Co",MISO; SWPP,MISO; SPP,MISO,yes
22015,LA,Bossier,2023,2,Entergy Louisiana LLC; Southwestern Electric Power Co,MISO; SWPP,MISO; SPP,MISO,yes
22017,LA,Caddo,2023,2,"Panola-Harrison Elec Coop, Inc; Southwestern Electric Power Co",SWPP,SPP,SPP,no
22019,LA,Calcasieu,2023,6,"Beauregard Electric Coop, Inc; Cleco Power LLC; Entergy Louisiana LLC; Jefferson Davis Elec Coop, Inc; Town of Vinton - (LA); Vinton Public Power Authority",MISO,MISO,MISO,no
22021,LA,Caldwell,2023,2,"Concordia Electric Coop, Inc; Entergy Louisiana LLC",MISO,MISO,MISO,no
22023,LA,Cameron,2023,3,"Entergy Louisiana LLC; Jefferson Davis Elec Coop, Inc; Southwest Louisiana E M C",MISO,MISO,MISO,no
22025,LA,Catahoula,2023,4,"City of Jonesville - (LA); Cleco Power LLC; Concordia Electric Coop, Inc; Entergy Louisiana LLC",MISO,MISO,MISO,no
22027,LA,Claiborne,2023,2,"Claiborne Electric Coop, Inc; Entergy Louisiana LLC",MISO,MISO,MISO,no
22029,LA,Concordia,2023,3,"Concordia Electric Coop, Inc; Entergy Louisiana LLC; Town of Vidalia - (LA)",MISO,MISO,MISO,no
22031,LA,De Soto,2023,3,"Cleco Power LLC; Panola-Harrison Elec Coop, Inc; Southwestern Electric Power Co",SWPP; MISO,SPP; MISO,SPP,yes
22033,LA,East Baton Rouge,2023,2,Dixie Electric Membership Corp - (LA); Entergy Louisiana LLC,MISO,MISO,MISO,no
22035,LA,East Carroll,2023,2,Entergy Louisiana LLC; Northeast Louisiana Power Coop Inc.,MISO,MISO,MISO,no
22037,LA,East Feliciana,2023,2,Dixie Electric Membership Corp - (LA); Entergy Louisiana LLC,MISO,MISO,MISO,no
22039,LA,Evangeline,2023,3,"Beauregard Electric Coop, Inc; Cleco Power LLC; Southwest Louisiana E M C",MISO,MISO,MISO,no
22041,LA,Franklin,2023,3,"Concordia Electric Coop, Inc; Entergy Louisiana LLC; Northeast Louisiana Power Coop Inc.",MISO,MISO,MISO,no
22043,LA,Grant,2023,4,"Cleco Power LLC; Concordia Electric Coop, Inc; Entergy Louisiana LLC; Southwestern Electric Power Co",MISO; SWPP,MISO; SPP,MISO,yes
22045,LA,Iberia,2023,3,Cleco Power LLC; Entergy Louisiana LLC; Southwest Louisiana E M C,MISO,MISO,MISO,no
22047,LA,Iberville,2023,3,City of Plaquemine - (LA); Entergy Louisiana LLC; Pointe Coupee Elec Member Corp,MISO,MISO,MISO,no
22049,LA,Jackson,2023,1,Entergy Louisiana LLC,MISO,MISO,MISO,no
22051,LA,Jefferson,2023,1,Entergy Louisiana LLC,MISO,MISO,MISO,no
22053,LA,Jefferson Davis,2023,5,"Beauregard Electric Coop, Inc; Cleco Power LLC; Entergy Louisiana LLC; Jefferson Davis Elec Coop, Inc; Town of Welsh - (LA)",MISO,MISO,MISO,no
22055,LA,Lafayette,2023,3,City of Lafayette - (LA); Entergy Louisiana LLC; Southwest Louisiana E M C,MISO,MISO,MISO,no
22057,LA,Lafourche,2023,2,Entergy Louisiana LLC; South Louisiana Elec Coop Assn,MISO,MISO,MISO,no
22059,LA,La Salle,2023,3,"Cleco Power LLC; Concordia Electric Coop, Inc; Entergy Louisiana LLC",MISO,MISO,MISO,no
22061,LA,Lincoln,2023,3,"City of Ruston - (LA); Claiborne Electric Coop, Inc; Entergy Louisiana LLC",MISO,MISO,MISO,no
22063,LA,Livingston,2023,2,Dixie Electric Membership Corp - (LA); Entergy Louisiana LLC,MISO,MISO,MISO,no
22065,LA,Madison,2023,2,Entergy Louisiana LLC; Northeast Louisiana Power Coop Inc.,MISO,MISO,MISO,no
22067,LA,Morehouse,2023,3,"Ashley Chicot Elec Coop, Inc; Entergy Louisiana LLC; Northeast Louisiana Power Coop Inc.",MISO,MISO,MISO,no
22069,LA,Natchitoches,2023,4,City of Natchitoches; Cleco Power LLC; Entergy Louisiana LLC; Southwestern Electric Power Co,MISO; SWPP,MISO; SPP,MISO,yes
22071,LA,Orleans,2023,2,"Entergy Louisiana LLC; Entergy New Orleans, LLC",MISO,MISO,MISO,no
22073,LA,Ouachita,2023,2,"Claiborne Electric Coop, Inc; Entergy Louisiana LLC",MISO,MISO,MISO,no
22075,LA,Plaquemines,2023,1,Entergy Louisiana LLC,MISO,MISO,MISO,no
22077,LA,Pointe Coupee,2023,4,City of New Roads - (LA); Cleco Power LLC; Entergy Louisiana LLC; Pointe Coupee Elec Member Corp,MISO,MISO,MISO,no
22079,LA,Rapides,2023,6,"Beauregard Electric Coop, Inc; City of Alexandria - (LA); Cleco Power LLC; Concordia Electric Coop, Inc; Entergy Louisiana LLC; Town of Boyce",MISO,MISO,MISO,no
22081,LA,Red River,2023,3,Cleco Power LLC; Entergy Louisiana LLC; Southwestern Electric Power Co,MISO; SWPP,MISO; SPP,MISO,yes
22083,LA,Richland,2023,2,Entergy Louisiana LLC; Northeast Louisiana Power Coop Inc.,MISO,MISO,MISO,no
22085,LA,Sabine,2023,3,Cleco Power LLC; Entergy Louisiana LLC; Southwestern Electric Power Co,MISO; SWPP,MISO; SPP,MISO,yes
22087,LA,St. Bernard,2023,1,Entergy Louisiana LLC,MISO,MISO,MISO,no
22089,LA,St. Charles,2023,1,Entergy Louisiana LLC,MISO,MISO,MISO,no
22091,LA,St. Helena,2023,2,Dixie Electric Membership Corp - (LA); Entergy Louisiana LLC,MISO,MISO,MISO,no
22093,LA,St. James,2023,1,Entergy Louisiana LLC,MISO,MISO,MISO,no
22095,LA,St. John The Baptist,2023,1,Entergy Louisiana LLC,MISO,MISO,MISO,no
22097,LA,St. Landry,2023,3,Cleco Power LLC; Entergy Louisiana LLC; Southwest Louisiana E M C,MISO,MISO,MISO,no
22099,LA,St. Martin,2023,5,City of St Martinville - (LA); Cleco Power LLC; Entergy Louisiana LLC; South Louisiana Elec Coop Assn; Southwest Louisiana E M C,MISO,MISO,MISO,no
22101,LA,St. Mary,2023,3,Cleco Power LLC; Morgan City - (LA); South Louisiana Elec Coop Assn,MISO,MISO,MISO,no
22103,LA,St. Tammany,2023,3,"Cleco Power LLC; Entergy Louisiana LLC; Washington-St Tammany E C, Inc",MISO,MISO,MISO,no
22105,LA,Tangipahoa,2023,3,"Dixie Electric Membership Corp - (LA); Entergy Louisiana LLC; Washington-St Tammany E C, Inc",MISO,MISO,MISO,no
22107,LA,Tensas,2023,3,"Concordia Electric Coop, Inc; Entergy Louisiana LLC; Northeast Louisiana Power Coop Inc.",MISO,MISO,MISO,no
22109,LA,Terrebonne,2023,3,Entergy Louisiana LLC; South Louisiana Elec Coop Assn; Terrebonne Parish Consol Gov't,MISO,MISO,MISO,no
22111,LA,Union,2023,2,"Claiborne Electric Coop, Inc; Entergy Louisiana LLC",MISO,MISO,MISO,no
22113,LA,Vermilion,2023,8,"City of Abbeville - (LA); City of Erath - (LA); City of Kaplan - (LA); Cleco Power LLC; Entergy Louisiana LLC; Jefferson Davis Elec Coop, Inc; Southwest Louisiana E M C; Town of Gueydan",MISO,MISO,MISO,no
22115,LA,Vernon,2023,4,"Beauregard Electric Coop, Inc; Cleco Power LLC; Entergy Louisiana LLC; Southwestern Electric Power Co",MISO; SWPP,MISO; SPP,MISO,yes
22117,LA,Washington,2023,3,"Cleco Power LLC; Entergy Louisiana LLC; Washington-St Tammany E C, Inc",MISO,MISO,MISO,no
22119,LA,Webster,2023,4,"City of Minden - (LA); Claiborne Electric Coop, Inc; Entergy Louisiana LLC; Southwestern Electric Power Co",MISO; SWPP,MISO; SPP,MISO,yes
22121,LA,West Baton Rouge,2023,2,Entergy Louisiana LLC; Pointe Coupee Elec Member Corp,MISO,MISO,MISO,no
22123,LA,West Carroll,2023,2,Entergy Louisiana LLC; Northeast Louisiana Power Coop Inc.,MISO,MISO,MISO,no
22125,LA,West Feliciana,2023,2,Dixie Electric Membership Corp - (LA); Entergy Louisiana LLC,MISO,MISO,MISO,no
22127,LA,Winn,2023,3,City of Winnfield - (LA); Entergy Louisiana LLC; Southwestern Electric Power Co,MISO; SWPP,MISO; SPP,MISO,yes
23001,ME,Androscoggin,2023,1,Central Maine Power Co,ISNE,ISO-NE,ISO-NE,no
23003,ME,Aroostook,2023,4,Eastern Maine Electric Coop; Houlton Water Company; Van Buren Light & Power Dist; Versant Power,NBSO; ISNE,Southeast (non-RTO); ISO-NE,Southeast (non-RTO),yes
23005,ME,Cumberland,2023,1,Central Maine Power Co,ISNE,ISO-NE,ISO-NE,no
23007,ME,Franklin,2023,1,Central Maine Power Co,ISNE,ISO-NE,ISO-NE,no
23009,ME,Hancock,2023,2,Central Maine Power Co; Versant Power,ISNE; NBSO,ISO-NE; Southeast (non-RTO),ISO-NE,yes
23011,ME,Kennebec,2023,1,Central Maine Power Co,ISNE,ISO-NE,ISO-NE,no
23013,ME,Knox,2023,3,"Central Maine Power Co; Fox Islands Electric Coop, Inc; Matinicus Plantation Elec Co",ISNE,ISO-NE,ISO-NE,no
23015,ME,Lincoln,2023,1,Central Maine Power Co,ISNE,ISO-NE,ISO-NE,no
23017,ME,Oxford,2023,1,Central Maine Power Co,ISNE,ISO-NE,ISO-NE,no
23019,ME,Penobscot,2023,3,Central Maine Power Co; Eastern Maine Electric Coop; Versant Power,ISNE; NBSO,ISO-NE; Southeast (non-RTO),ISO-NE,yes
23021,ME,Piscataquis,2023,2,Central Maine Power Co; Versant Power,ISNE; NBSO,ISO-NE; Southeast (non-RTO),ISO-NE,yes
23023,ME,Sagadahoc,2023,1,Central Maine Power Co,ISNE,ISO-NE,ISO-NE,no
23025,ME,Somerset,2023,2,Central Maine Power Co; Town of Madison - (ME),ISNE,ISO-NE,ISO-NE,no
23027,ME,Waldo,2023,2,Central Maine Power Co; Versant Power,ISNE; NBSO,ISO-NE; Southeast (non-RTO),ISO-NE,yes
23029,ME,Washington,2023,2,Eastern Maine Electric Coop; Versant Power,NBSO; ISNE,Southeast (non-RTO); ISO-NE,Southeast (non-RTO),yes
23031,ME,York,2023,2,Central Maine Power Co; Kennebunk Light & Power Dist,ISNE,ISO-NE,ISO-NE,no
24001,MD,Allegany,2023,1,The Potomac Edison Company,PJM,PJM,PJM,no
24003,MD,Anne Arundel,2023,1,Baltimore Gas & Electric Co,PJM,PJM,PJM,no
24009,MD,Calvert,2023,2,Baltimore Gas & Electric Co; Southern Maryland Elec Coop Inc,PJM,PJM,PJM,no
24011,MD,Caroline,2023,2,"Choptank Electric Cooperative, Inc; Delmarva Power",PJM,PJM,PJM,no
24013,MD,Carroll,2023,2,Baltimore Gas & Electric Co; The Potomac Edison Company,PJM,PJM,PJM,no
24015,MD,Cecil,2023,2,"Choptank Electric Cooperative, Inc; Delmarva Power",PJM,PJM,PJM,no
24017,MD,Charles,2023,1,Southern Maryland Elec Coop Inc,PJM,PJM,PJM,no
24019,MD,Dorchester,2023,2,"Choptank Electric Cooperative, Inc; Delmarva Power",PJM,PJM,PJM,no
24021,MD,Frederick,2023,2,The Potomac Edison Company; Thurmont Municipal Light Co,PJM,PJM,PJM,no
24023,MD,Garrett,2023,1,The Potomac Edison Company,PJM,PJM,PJM,no
24025,MD,Harford,2023,2,Baltimore Gas & Electric Co; Delmarva Power,PJM,PJM,PJM,no
24027,MD,Howard,2023,2,Baltimore Gas & Electric Co; The Potomac Edison Company,PJM,PJM,PJM,no
24029,MD,Kent,2023,2,"Choptank Electric Cooperative, Inc; Delmarva Power",PJM,PJM,PJM,no
24031,MD,Montgomery,2023,3,Baltimore Gas & Electric Co; Potomac Electric Power Co; The Potomac Edison Company,PJM,PJM,PJM,no
24033,MD,Prince Georges,2023,3,Baltimore Gas & Electric Co; Potomac Electric Power Co; Southern Maryland Elec Coop Inc,PJM,PJM,PJM,no
24035,MD,Queen Annes,2023,2,"Choptank Electric Cooperative, Inc; Delmarva Power",PJM,PJM,PJM,no
24037,MD,St. Marys,2023,1,Southern Maryland Elec Coop Inc,PJM,PJM,PJM,no
24039,MD,Somerset,2023,3,"A & N Electric Coop; Choptank Electric Cooperative, Inc; Delmarva Power",PJM,PJM,PJM,no
24041,MD,Talbot,2023,3,"Choptank Electric Cooperative, Inc; Delmarva Power; Easton Utilities Comm",PJM,PJM,PJM,no
24043,MD,Washington,2023,3,Hagerstown Light Department; The Potomac Edison Company; Town of Williamsport - (MD),PJM,PJM,PJM,no
24045,MD,Wicomico,2023,2,"Choptank Electric Cooperative, Inc; Delmarva Power",PJM,PJM,PJM,no
24047,MD,Worcester,2023,3,"Choptank Electric Cooperative, Inc; Delmarva Power; Town of Berlin - (MD)",PJM,PJM,PJM,no
24510,MD,Baltimore,2023,1,Baltimore Gas & Electric Co,PJM,PJM,PJM,no
25001,MA,Barnstable,2023,2,Massachusetts Electric Co; NSTAR Electric Company,ISNE,ISO-NE,ISO-NE,no
25003,MA,Berkshire,2023,3,Massachusetts Electric Co; NSTAR Electric Company; Town of Chester,ISNE,ISO-NE,ISO-NE,no
25005,MA,Bristol,2023,5,City of Taunton; Massachusetts Electric Co; NSTAR Electric Company; Town of Mansfield - (MA); Town of North Attleborough - (MA),ISNE,ISO-NE,ISO-NE,no
25007,MA,Dukes,2023,1,NSTAR Electric Company,ISNE,ISO-NE,ISO-NE,no
25009,MA,Essex,2023,10,City of Peabody - (MA); Massachusetts Electric Co; Town of Danvers; Town of Georgetown - (MA); Town of Groveland - (MA); Town of Ipswich - (MA); Town of Marblehead - (MA); Town of Merrimac - (MA),ISNE,ISO-NE,ISO-NE,no
25011,MA,Franklin,2023,2,Massachusetts Electric Co; NSTAR Electric Company,ISNE,ISO-NE,ISO-NE,no
25013,MA,Hampden,2023,7,City of Chicopee - (MA); City of Holyoke - (MA); City of Russell - (MA); City of Westfield - (MA); Massachusetts Electric Co; NSTAR Electric Company; Town of Chester,ISNE,ISO-NE,ISO-NE,no
25015,MA,Hampshire,2023,3,Massachusetts Electric Co; NSTAR Electric Company; Town of South Hadley - (MA),ISNE,ISO-NE,ISO-NE,no
25017,MA,Middlesex,2023,11,Fitchburg Gas & Elec Light Co; Massachusetts Bay Trans Authority; Massachusetts Electric Co; NSTAR Electric Company; Town of Belmont - (MA); Town of Concord - (MA); Town of Groton - (MA); Town of Hudson - (MA),ISNE,ISO-NE,ISO-NE,no
25019,MA,Nantucket,2023,1,Nantucket Electric Co,ISNE,ISO-NE,ISO-NE,no
25021,MA,Norfolk,2023,6,City of Norwood - (MA); Massachusetts Bay Trans Authority; Massachusetts Electric Co; NSTAR Electric Company; Town of Braintree - (MA); Town of Wellesley - (MA),ISNE,ISO-NE,ISO-NE,no
25023,MA,Plymouth,2023,5,City of Hingham - (MA); Hull Municipal Light Plant; Massachusetts Electric Co; NSTAR Electric Company; Town of Middleborough - (MA),ISNE,ISO-NE,ISO-NE,no
25025,MA,Suffolk,2023,3,Massachusetts Bay Trans Authority; Massachusetts Electric Co; NSTAR Electric Company,ISNE,ISO-NE,ISO-NE,no
25027,MA,Worcester,2023,11,Fitchburg Gas & Elec Light Co; Massachusetts Electric Co; Town of Ashburnham - (MA); Town of Boylston - (MA); Town of Holden - (MA); Town of Paxton - (MA); Town of Princeton - (MA); Town of Shrewsbury - (MA),ISNE,ISO-NE,ISO-NE,no
26001,MI,Alcona,2023,3,Alpena Power Co; Consumers Energy Co - (MI); Presque Isle Elec & Gas Coop,MISO,MISO,MISO,no
26003,MI,Alger,2023,3,Alger-Delta Coop Electric Assn; Upper Michigan Energy Resources Corp.; Upper Peninsula Power Company,MISO,MISO,MISO,no
26005,MI,Allegan,2023,6,City of Holland; City of South Haven - (MI); Consumers Energy Co - (MI); Great Lakes Energy Coop; Indiana Michigan Power Co; Wolverine Power Supply Coop,MISO; PJM,MISO; PJM,MISO,yes
26007,MI,Alpena,2023,3,Alpena Power Co; Presque Isle Elec & Gas Coop; Wolverine Power Supply Coop,MISO,MISO,MISO,no
26009,MI,Antrim,2023,3,Consumers Energy Co - (MI); Great Lakes Energy Coop; Wolverine Power Supply Coop,MISO,MISO,MISO,no
26011,MI,Arenac,2023,1,Consumers Energy Co - (MI),MISO,MISO,MISO,no
26013,MI,Baraga,2023,5,Ontonagon County R E A; Upper Michigan Energy Resources Corp.; Upper Peninsula Power Company; Village of Baraga - (MI); Village of L'Anse - (MI),MISO,MISO,MISO,no
26015,MI,Barry,2023,4,Consumers Energy Co - (MI); Great Lakes Energy Coop; Tri-County Electric Coop (MI); Wolverine Power Supply Coop,MISO,MISO,MISO,no
26017,MI,Bay,2023,3,City of Bay City - (MI); Consumers Energy Co - (MI); DTE Electric Company,MISO,MISO,MISO,no
26019,MI,Benzie,2023,3,Cherryland Electric Coop Inc; Consumers Energy Co - (MI); Wolverine Power Supply Coop,MISO,MISO,MISO,no
26021,MI,Berrien,2023,3,City of Niles - (MI); Indiana Michigan Power Co; Midwest Energy Cooperative - (MI),PJM,PJM,PJM,no
26023,MI,Branch,2023,4,Coldwater Board of Public Util; Consumers Energy Co - (MI); DTE Electric Company; Village of Union City - (MI),MISO,MISO,MISO,no
26025,MI,Calhoun,2023,2,City of Marshall - (MI); Consumers Energy Co - (MI),MISO,MISO,MISO,no
26027,MI,Cass,2023,4,City of Dowagiac; Indiana Michigan Power Co; Midwest Energy Cooperative - (MI); Wolverine Power Supply Coop,PJM,PJM,PJM,no
26029,MI,Charlevoix,2023,4,City of Charlevoix - (MI); Consumers Energy Co - (MI); Great Lakes Energy Coop; Wolverine Power Supply Coop,MISO,MISO,MISO,no
26031,MI,Cheboygan,2023,4,Consumers Energy Co - (MI); Great Lakes Energy Coop; Presque Isle Elec & Gas Coop; Wolverine Power Supply Coop,MISO,MISO,MISO,no
26033,MI,Chippewa,2023,1,Cloverland Electric Co-op,MISO,MISO,MISO,no
26035,MI,Clare,2023,3,Consumers Energy Co - (MI); Great Lakes Energy Coop; Tri-County Electric Coop (MI),MISO,MISO,MISO,no
26037,MI,Clinton,2023,4,City of Lansing - (MI); Consumers Energy Co - (MI); Tri-County Electric Coop (MI); Wolverine Power Supply Coop,MISO,MISO,MISO,no
26039,MI,Crawford,2023,3,Consumers Energy Co - (MI); Great Lakes Energy Coop; Wolverine Power Supply Coop,MISO,MISO,MISO,no
26041,MI,Delta,2023,7,Alger-Delta Coop Electric Assn; City of Escanaba; City of Gladstone; Cloverland Electric Co-op; DTE Electric Company; Upper Michigan Energy Resources Corp.; Upper Peninsula Power Company,MISO,MISO,MISO,no
26043,MI,Dickinson,2023,4,Alger-Delta Coop Electric Assn; City of Norway; Upper Michigan Energy Resources Corp.; Upper Peninsula Power Company,MISO,MISO,MISO,no
26045,MI,Eaton,2023,5,City of Eaton Rapids - (MI); City of Lansing - (MI); Consumers Energy Co - (MI); Tri-County Electric Coop (MI); Wolverine Power Supply Coop,MISO,MISO,MISO,no
26047,MI,Emmet,2023,6,City of Harbor Springs - (MI); City of Petoskey - (MI); Consumers Energy Co - (MI); Great Lakes Energy Coop; Presque Isle Elec & Gas Coop; Wolverine Power Supply Coop,MISO,MISO,MISO,no
26049,MI,Genesee,2023,2,Consumers Energy Co - (MI); DTE Electric Company,MISO,MISO,MISO,no
26051,MI,Gladwin,2023,1,Consumers Energy Co - (MI),MISO,MISO,MISO,no
26053,MI,Gogebic,2023,5,"Bayfield Electric Coop, Inc; City of Wakefield - (MI); Northern States Power Co; Ontonagon County R E A; Upper Michigan Energy Resources Corp.",MISO,MISO,MISO,no
26055,MI,Grand Traverse,2023,5,Cherryland Electric Coop Inc; City of Traverse City - (MI); Consumers Energy Co - (MI); Great Lakes Energy Coop; Wolverine Power Supply Coop,MISO,MISO,MISO,no
26057,MI,Gratiot,2023,4,City of St Louis - (MI); Consumers Energy Co - (MI); DTE Electric Company; Tri-County Electric Coop (MI),MISO,MISO,MISO,no
26059,MI,Hillsdale,2023,2,Consumers Energy Co - (MI); Hillsdale Board of Public Wks,MISO,MISO,MISO,no
26061,MI,Houghton,2023,3,Ontonagon County R E A; Upper Michigan Energy Resources Corp.; Upper Peninsula Power Company,MISO,MISO,MISO,no
26063,MI,Huron,2023,3,DTE Electric Company; Thumb Electric Coop of Mich; Village of Sebewaing - (MI),MISO,MISO,MISO,no
26065,MI,Ingham,2023,5,City of Lansing - (MI); Consumers Energy Co - (MI); DTE Electric Company; Tri-County Electric Coop (MI); Wolverine Power Supply Coop,MISO,MISO,MISO,no
26067,MI,Ionia,2023,4,City of Portland - (MI); Consumers Energy Co - (MI); Tri-County Electric Coop (MI); Wolverine Power Supply Coop,MISO,MISO,MISO,no
26069,MI,Iosco,2023,1,Consumers Energy Co - (MI),MISO,MISO,MISO,no
26071,MI,Iron,2023,3,City of Crystal Falls; Upper Michigan Energy Resources Corp.; Upper Peninsula Power Company,MISO,MISO,MISO,no
26073,MI,Isabella,2023,4,Consumers Energy Co - (MI); DTE Electric Company; Tri-County Electric Coop (MI); Wolverine Power Supply Coop,MISO,MISO,MISO,no
26075,MI,Jackson,2023,2,Consumers Energy Co - (MI); Tri-County Electric Coop (MI),MISO,MISO,MISO,no
26077,MI,Kalamazoo,2023,4,Consumers Energy Co - (MI); Indiana Michigan Power Co; Midwest Energy Cooperative - (MI); Wolverine Power Supply Coop,PJM; MISO,PJM; MISO,PJM,yes
26079,MI,Kalkaska,2023,4,Cherryland Electric Coop Inc; Consumers Energy Co - (MI); Great Lakes Energy Coop; Wolverine Power Supply Coop,MISO,MISO,MISO,no
26081,MI,Kent,2023,3,City of Lowell - (MI); Consumers Energy Co - (MI); Great Lakes Energy Coop,MISO,MISO,MISO,no
26083,MI,Keweenaw,2023,2,Ontonagon County R E A; Upper Peninsula Power Company,MISO,MISO,MISO,no
26085,MI,Lake,2023,3,Consumers Energy Co - (MI); Great Lakes Energy Coop; Wolverine Power Supply Coop,MISO,MISO,MISO,no
26087,MI,Lapeer,2023,2,Consumers Energy Co - (MI); DTE Electric Company,MISO,MISO,MISO,no
26089,MI,Leelanau,2023,4,Cherryland Electric Coop Inc; City of Traverse City - (MI); Consumers Energy Co - (MI); Wolverine Power Supply Coop,MISO,MISO,MISO,no
26091,MI,Lenawee,2023,4,Consumers Energy Co - (MI); DTE Electric Company; Midwest Energy Cooperative - (MI); Village of Clinton - (MI),MISO; PJM,MISO; PJM,MISO,yes
26093,MI,Livingston,2023,2,Consumers Energy Co - (MI); DTE Electric Company,MISO,MISO,MISO,no
26095,MI,Luce,2023,2,Cloverland Electric Co-op; Newberry Water & Light Board,MISO,MISO,MISO,no
26097,MI,Mackinac,2023,2,Cloverland Electric Co-op; Presque Isle Elec & Gas Coop,MISO,MISO,MISO,no
26099,MI,Macomb,2023,1,DTE Electric Company,MISO,MISO,MISO,no
26101,MI,Manistee,2023,4,Cherryland Electric Coop Inc; Consumers Energy Co - (MI); Great Lakes Energy Coop; Wolverine Power Supply Coop,MISO,MISO,MISO,no
26103,MI,Marquette,2023,5,Alger-Delta Coop Electric Assn; City of Marquette - (MI); City of Negaunee; Upper Michigan Energy Resources Corp.; Upper Peninsula Power Company,MISO,MISO,MISO,no
26105,MI,Mason,2023,3,Consumers Energy Co - (MI); Great Lakes Energy Coop; Wolverine Power Supply Coop,MISO,MISO,MISO,no
26107,MI,Mecosta,2023,4,Consumers Energy Co - (MI); Great Lakes Energy Coop; Tri-County Electric Coop (MI); Wolverine Power Supply Coop,MISO,MISO,MISO,no
26109,MI,Menominee,2023,5,Alger-Delta Coop Electric Assn; City of Stephenson - (MI); Upper Michigan Energy Resources Corp.; Upper Peninsula Power Company; Village of Daggett - (MI),MISO,MISO,MISO,no
26111,MI,Midland,2023,2,Consumers Energy Co - (MI); DTE Electric Company,MISO,MISO,MISO,no
26113,MI,Missaukee,2023,3,Consumers Energy Co - (MI); Great Lakes Energy Coop; Wolverine Power Supply Coop,MISO,MISO,MISO,no
26115,MI,Monroe,2023,3,Consumers Energy Co - (MI); DTE Electric Company; Midwest Energy Cooperative - (MI),MISO; PJM,MISO; PJM,MISO,yes
26117,MI,Montcalm,2023,5,Consumers Energy Co - (MI); DTE Electric Company; Great Lakes Energy Coop; Tri-County Electric Coop (MI); Wolverine Power Supply Coop,MISO,MISO,MISO,no
26119,MI,Montmorency,2023,5,Alpena Power Co; Consumers Energy Co - (MI); Great Lakes Energy Coop; Presque Isle Elec & Gas Coop; Wolverine Power Supply Coop,MISO,MISO,MISO,no
26121,MI,Muskegon,2023,3,Consumers Energy Co - (MI); Great Lakes Energy Coop; Wolverine Power Supply Coop,MISO,MISO,MISO,no
26123,MI,Newaygo,2023,3,Consumers Energy Co - (MI); Great Lakes Energy Coop; Wolverine Power Supply Coop,MISO,MISO,MISO,no
26125,MI,Oakland,2023,2,Consumers Energy Co - (MI); DTE Electric Company,MISO,MISO,MISO,no
26127,MI,Oceana,2023,4,City of Hart Hydro - (MI); Consumers Energy Co - (MI); Great Lakes Energy Coop; Wolverine Power Supply Coop,MISO,MISO,MISO,no
26129,MI,Ogemaw,2023,1,Consumers Energy Co - (MI),MISO,MISO,MISO,no
26131,MI,Ontonagon,2023,4,Northern States Power Co; Ontonagon County R E A; Upper Michigan Energy Resources Corp.; Upper Peninsula Power Company,MISO,MISO,MISO,no
26133,MI,Osceola,2023,4,Consumers Energy Co - (MI); Great Lakes Energy Coop; Tri-County Electric Coop (MI); Wolverine Power Supply Coop,MISO,MISO,MISO,no
26135,MI,Oscoda,2023,3,Consumers Energy Co - (MI); Great Lakes Energy Coop; Presque Isle Elec & Gas Coop,MISO,MISO,MISO,no
26137,MI,Otsego,2023,4,Consumers Energy Co - (MI); Great Lakes Energy Coop; Presque Isle Elec & Gas Coop; Wolverine Power Supply Coop,MISO,MISO,MISO,no
26139,MI,Ottawa,2023,6,City of Grand Haven - (MI); City of Holland; City of Zeeland - (MI); Consumers Energy Co - (MI); Great Lakes Energy Coop; Wolverine Power Supply Coop,MISO,MISO,MISO,no
26141,MI,Presque Isle,2023,4,Alpena Power Co; Consumers Energy Co - (MI); Presque Isle Elec & Gas Coop; Wolverine Power Supply Coop,MISO,MISO,MISO,no
26143,MI,Roscommon,2023,1,Consumers Energy Co - (MI),MISO,MISO,MISO,no
26145,MI,Saginaw,2023,3,Consumers Energy Co - (MI); DTE Electric Company; Tri-County Electric Coop (MI),MISO,MISO,MISO,no
26147,MI,St. Clair,2023,1,DTE Electric Company,MISO,MISO,MISO,no
26149,MI,St. Joseph,2023,4,City of Sturgis - (MI); Consumers Energy Co - (MI); Indiana Michigan Power Co; Midwest Energy Cooperative - (MI),PJM; MISO,PJM; MISO,PJM,yes
26151,MI,Sanilac,2023,3,City of Croswell - (MI); DTE Electric Company; Thumb Electric Coop of Mich,MISO,MISO,MISO,no
26153,MI,Schoolcraft,2023,3,Alger-Delta Coop Electric Assn; Cloverland Electric Co-op; Upper Peninsula Power Company,MISO,MISO,MISO,no
26155,MI,Shiawassee,2023,2,Consumers Energy Co - (MI); DTE Electric Company,MISO,MISO,MISO,no
26157,MI,Tuscola,2023,3,Consumers Energy Co - (MI); DTE Electric Company; Thumb Electric Coop of Mich,MISO,MISO,MISO,no
26159,MI,Van Buren,2023,5,City of South Haven - (MI); Consumers Energy Co - (MI); Indiana Michigan Power Co; Midwest Energy Cooperative - (MI); Village of Paw Paw - (MI),PJM; MISO,PJM; MISO,PJM,yes
26161,MI,Washtenaw,2023,4,Consumers Energy Co - (MI); DTE Electric Company; Village of Chelsea - (MI); Village of Clinton - (MI),MISO,MISO,MISO,no
26163,MI,Wayne,2023,2,DTE Electric Company; Wyandotte Municipal Serv Comm,MISO,MISO,MISO,no
26165,MI,Wexford,2023,3,Cherryland Electric Coop Inc; Consumers Energy Co - (MI); Great Lakes Energy Coop,MISO,MISO,MISO,no
27001,MN,Aitkin,2023,5,"ALLETE, Inc.; Aitkin Public Utilities Comm; East Central Energy; Lake Country Power; Mille Lacs Energy Cooperative",MISO,MISO,MISO,no
27003,MN,Anoka,2023,3,City of Anoka; Connexus Energy; Northern States Power Co - Minnesota,MISO,MISO,MISO,no
27005,MN,Becker,2023,7,"City of Detroit Lakes - (MN); City of Lake Park - (MN); Itasca-Mantrap Co-op Electrical Assn; Lake Region Electric Cooperative - (MN); Otter Tail Power Co; Todd-Wadena Electric Coop; Wild Rice Electric Coop, Inc",MISO,MISO,MISO,no
27007,MN,Beltrami,2023,6,"Beltrami Electric Coop, Inc; Clearwater-Polk Elec Coop Inc; North Itasca Electric Coop Inc; Otter Tail Power Co; Red Lake Electric Coop, Inc; Roseau Electric Coop, Inc",MISO,MISO,MISO,no
27009,MN,Benton,2023,3,"ALLETE, Inc.; East Central Energy; Northern States Power Co - Minnesota",MISO,MISO,MISO,no
27011,MN,Big Stone,2023,4,"Agralite Electric Coop; City of Ortonville - (MN); Otter Tail Power Co; Traverse Electric Coop, Inc",MISO; SWPP,MISO; SPP,MISO,yes
27013,MN,Blue Earth,2023,7,BENCO Electric Cooperative; Brown County Rural Elec Assn; City of Lake Crystal - (MN); Minnesota Valley Electric Coop; Northern States Power Co - Minnesota; South Central Electric Assn; Steele-Waseca Cooperative Electric,MISO,MISO,MISO,no
27015,MN,Brown,2023,7,Brown County Rural Elec Assn; New Ulm Public Utilities Comm; Northern States Power Co - Minnesota; Redwood Electric Coop; Sleepy Eye Public Utility Comm; South Central Electric Assn; Springfield Public Utils Comm - (MN),MISO,MISO,MISO,no
27017,MN,Carlton,2023,3,"ALLETE, Inc.; Lake Country Power; Moose Lake Water & Light Comm",MISO,MISO,MISO,no
27019,MN,Carver,2023,5,City of Chaska - (MN); McLeod Cooperative Power Assn; Minnesota Valley Electric Coop; Northern States Power Co - Minnesota; Wright-Hennepin Coop Elec Assn,MISO,MISO,MISO,no
27021,MN,Cass,2023,7,"ALLETE, Inc.; Beltrami Electric Coop, Inc; Crow Wing Cooperative Power & Light Comp; Itasca-Mantrap Co-op Electrical Assn; Lake Country Power; Otter Tail Power Co; Todd-Wadena Electric Coop",MISO,MISO,MISO,no
27023,MN,Chippewa,2023,8,Agralite Electric Coop; City of Granite Falls - (MN); Kandiyohi Power Coop; Minnesota Valley Coop L&P Assn; Northern States Power Co - Minnesota; Otter Tail Power Co; Renville-Sibley Coop Pwr Assn; WAPA-- Western Area Power Administration,MISO; SWPP,MISO; SPP,MISO,yes
27025,MN,Chisago,2023,4,Connexus Energy; East Central Energy; North Branch Water & Light Comm; Northern States Power Co - Minnesota,MISO,MISO,MISO,no
27027,MN,Clay,2023,9,City of Barnesville - (MN); City of Moorhead - (MN); Hawley Public Utilities Comm; Lake Region Electric Cooperative - (MN); Northern States Power Co - Minnesota; Otter Tail Power Co; Red River Valley Coop Pwr Assn; WAPA-- Western Area Power Administration,MISO; SWPP,MISO; SPP,MISO,yes
27029,MN,Clearwater,2023,7,"Bagley Public Utilities Comm; Beltrami Electric Coop, Inc; Clearwater-Polk Elec Coop Inc; Itasca-Mantrap Co-op Electrical Assn; Otter Tail Power Co; Red Lake Electric Coop, Inc; Wild Rice Electric Coop, Inc",MISO,MISO,MISO,no
27031,MN,Cook,2023,3,"ALLETE, Inc.; Arrowhead Electric Coop, Inc; City of Grand Marais - (MN)",MISO,MISO,MISO,no
27033,MN,Cottonwood,2023,8,Brown County Rural Elec Assn; City of Mountain Lake - (MN); City of Westbrook; City of Windom; Federated Rural Electric Assn; Nobles Cooperative Electric; Redwood Electric Coop; South Central Electric Assn,MISO,MISO,MISO,no
27035,MN,Crow Wing,2023,4,"ALLETE, Inc.; Brainerd Public Utilities; Crow Wing Cooperative Power & Light Comp; Mille Lacs Energy Cooperative",MISO,MISO,MISO,no
27037,MN,Dakota,2023,4,Dakota Electric Association; Goodhue County Coop Elec Assn; Minnesota Valley Electric Coop; Northern States Power Co - Minnesota,MISO,MISO,MISO,no
27039,MN,Dodge,2023,7,City of Blooming Prairie - (MN); City of Kasson; Freeborn Mower Electric Cooperative; Goodhue County Coop Elec Assn; Northern States Power Co - Minnesota; People's Cooperative Services; Steele-Waseca Cooperative Electric,MISO,MISO,MISO,no
27041,MN,Douglas,2023,7,City of Alexandria - (MN); Lake Region Electric Cooperative - (MN); Northern States Power Co - Minnesota; Otter Tail Power Co; Runestone Electric Assn; Stearns Cooperative Elec Assn; Todd-Wadena Electric Coop,MISO,MISO,MISO,no
27043,MN,Faribault,2023,8,BENCO Electric Cooperative; Blue Earth Light & Water; City of Wells - (MN); Federated Rural Electric Assn; Freeborn Mower Electric Cooperative; Heartland Power Coop; Northern States Power Co - Minnesota; Steele-Waseca Cooperative Electric,MISO,MISO,MISO,no
27045,MN,Fillmore,2023,11,City of Harmony - (MN); City of Mabel - (MN); City of Peterson - (MN); City of Rushford - (MN); City of Whalan - (MN); Freeborn Mower Electric Cooperative; Lanesboro Public Utility Comm; MiEnergy Cooperative,MISO,MISO,MISO,no
27047,MN,Freeborn,2023,4,Freeborn Mower Electric Cooperative; Heartland Power Coop; Northern States Power Co - Minnesota; Steele-Waseca Cooperative Electric,MISO,MISO,MISO,no
27049,MN,Goodhue,2023,6,City of Lake City - (MN); Dakota Electric Association; Goodhue County Coop Elec Assn; Kenyon Municipal Utilities; Northern States Power Co - Minnesota; Steele-Waseca Cooperative Electric,MISO,MISO,MISO,no
27051,MN,Grant,2023,6,"City of Elbow Lake - (MN); Lake Region Electric Cooperative - (MN); Otter Tail Power Co; Runestone Electric Assn; Traverse Electric Coop, Inc; WAPA-- Western Area Power Administration",MISO; SWPP,MISO; SPP,MISO,yes
27053,MN,Hennepin,2023,6,City of Anoka; City of Elk River; Connexus Energy; Minnesota Valley Electric Coop; Northern States Power Co - Minnesota; Wright-Hennepin Coop Elec Assn,MISO,MISO,MISO,no
27055,MN,Houston,2023,5,City of Caledonia - (MN); City of Eitzen - (MN); City of Spring Grove; MiEnergy Cooperative; Northern States Power Co - Minnesota,MISO,MISO,MISO,no
27057,MN,Hubbard,2023,5,"ALLETE, Inc.; Beltrami Electric Coop, Inc; Clearwater-Polk Elec Coop Inc; Itasca-Mantrap Co-op Electrical Assn; Todd-Wadena Electric Coop",MISO,MISO,MISO,no
27059,MN,Isanti,2023,2,Connexus Energy; East Central Energy,MISO,MISO,MISO,no
27061,MN,Itasca,2023,7,"ALLETE, Inc.; Beltrami Electric Coop, Inc; City of Nashwauk - (MN); Grand Rapids Public Util Comm; Keewatin Public Utilities; Lake Country Power; North Itasca Electric Coop Inc",MISO,MISO,MISO,no
27063,MN,Jackson,2023,6,City of Alpha - (MN); City of Jackson - (MN); City of Lakefield - (MN); Federated Rural Electric Assn; Nobles Cooperative Electric; South Central Electric Assn,MISO,MISO,MISO,no
27065,MN,Kanabec,2023,2,City of Mora - (MN); East Central Energy,MISO,MISO,MISO,no
27067,MN,Kandiyohi,2023,9,Agralite Electric Coop; Kandiyohi Power Coop; McLeod Cooperative Power Assn; Meeker Coop Light & Power Assn; Northern States Power Co - Minnesota; Otter Tail Power Co; Renville-Sibley Coop Pwr Assn; Stearns Cooperative Elec Assn,MISO,MISO,MISO,no
27069,MN,Kittson,2023,2,"Otter Tail Power Co; P K M Electric Coop, Inc",MISO,MISO,MISO,no
27071,MN,Koochiching,2023,5,"ALLETE, Inc.; Beltrami Electric Coop, Inc; Lake Country Power; North Itasca Electric Coop Inc; North Star Electric Coop, Inc",MISO,MISO,MISO,no
27073,MN,Lac Qui Parle,2023,6,City of Madison - (MN); H-D Electric Coop Inc; Minnesota Valley Coop L&P Assn; Northern States Power Co - Minnesota; Otter Tail Power Co; WAPA-- Western Area Power Administration,MISO; SWPP,MISO; SPP,MISO,yes
27075,MN,Lake,2023,5,"ALLETE, Inc.; Arrowhead Electric Coop, Inc; City of Two Harbors- (MN); Cooperative L&P Assn Lake County; Lake Country Power",MISO,MISO,MISO,no
27077,MN,Lake of The Woods,2023,3,"City of Baudette - (MN); North Star Electric Coop, Inc; Roseau Electric Coop, Inc",MISO,MISO,MISO,no
27079,MN,Le Sueur,2023,8,BENCO Electric Cooperative; City of Kasota - (MN); City of Le Sueur - (MN); City of Saint Peter; Minnesota Valley Electric Coop; New Prague Utilities Comm; Northern States Power Co - Minnesota; Steele-Waseca Cooperative Electric,MISO,MISO,MISO,no
27081,MN,Lincoln,2023,7,"City of Tyler - (MN); Lyon Electric Cooperative, Inc.; Minnesota Valley Coop L&P Assn; Nobles Cooperative Electric; Northern States Power Co - Minnesota; Otter Tail Power Co; Sioux Valley SW Elec Coop",MISO; SWPP,MISO; SPP,MISO,yes
27083,MN,Lyon,2023,7,"City of Marshall - (MN); Lyon Electric Cooperative, Inc.; Minnesota Valley Coop L&P Assn; Nobles Cooperative Electric; Northern States Power Co - Minnesota; Otter Tail Power Co; Redwood Electric Coop",MISO; SWPP,MISO; SPP,MISO,yes
27085,MN,McLeod,2023,7,City of Brownton - (MN); Glencoe Light & Power Comm; Hutchinson Utilities Comm; McLeod Cooperative Power Assn; Meeker Coop Light & Power Assn; Northern States Power Co - Minnesota; Wright-Hennepin Coop Elec Assn,MISO,MISO,MISO,no
27087,MN,Mahnomen,2023,3,"Clearwater-Polk Elec Coop Inc; Otter Tail Power Co; Wild Rice Electric Coop, Inc",MISO,MISO,MISO,no
27089,MN,Marshall,2023,8,"City of Alvarado - (MN); City of Newfolden - (MN); City of Stephen - (MN); City of Warren - (MN); Otter Tail Power Co; P K M Electric Coop, Inc; Red Lake Electric Coop, Inc; Roseau Electric Coop, Inc",MISO,MISO,MISO,no
27091,MN,Martin,2023,6,City of Ceylon - (MN); City of Dunnell - (MN); Fairmont Public Utilities Comm; Federated Rural Electric Assn; South Central Electric Assn; Truman Public Utilities Comm,MISO,MISO,MISO,no
27093,MN,Meeker,2023,6,City of Grove City; Litchfield Public Utilities; McLeod Cooperative Power Assn; Meeker Coop Light & Power Assn; Northern States Power Co - Minnesota; Wright-Hennepin Coop Elec Assn,MISO,MISO,MISO,no
27095,MN,Mille Lacs,2023,3,East Central Energy; Mille Lacs Energy Cooperative; Princeton Public Utils Comm,MISO,MISO,MISO,no
27097,MN,Morrison,2023,7,"ALLETE, Inc.; City of Pierz - (MN); City of Randall - (MN); Crow Wing Cooperative Power & Light Comp; East Central Energy; Stearns Cooperative Elec Assn; Todd-Wadena Electric Coop",MISO,MISO,MISO,no
27099,MN,Mower,2023,6,City of Austin - (MN); Freeborn Mower Electric Cooperative; Heartland Power Coop; MiEnergy Cooperative; Northern States Power Co - Minnesota; People's Cooperative Services,MISO,MISO,MISO,no
27101,MN,Murray,2023,7,"Federated Rural Electric Assn; Lyon Electric Cooperative, Inc.; Nobles Cooperative Electric; Northern States Power Co - Minnesota; Redwood Electric Coop; Sioux Valley SW Elec Coop; South Central Electric Assn",MISO; SWPP,MISO; SPP,MISO,yes
27103,MN,Nicollet,2023,5,BENCO Electric Cooperative; Brown County Rural Elec Assn; City of Saint Peter; Northern States Power Co - Minnesota; Renville-Sibley Coop Pwr Assn,MISO,MISO,MISO,no
27105,MN,Nobles,2023,10,Adrian Public Utilities Comm; City of Bigelow - (MN); City of Brewster - (MN); City of Round Lake - (MN); City of Rushmore - (MN); City of Worthington - (MN); Federated Rural Electric Assn; Nobles Cooperative Electric,MISO; SWPP,MISO; SPP,MISO,yes
27107,MN,Norman,2023,6,City of Ada - (MN); City of Halstad - (MN); City of Shelly - (MN); Northern States Power Co - Minnesota; Otter Tail Power Co; Red River Valley Coop Pwr Assn,MISO,MISO,MISO,no
27109,MN,Olmsted,2023,6,Freeborn Mower Electric Cooperative; Goodhue County Coop Elec Assn; MiEnergy Cooperative; Northern States Power Co - Minnesota; People's Cooperative Services; Rochester Public Utilities,MISO,MISO,MISO,no
27111,MN,Otter Tail,2023,8,"ALLETE, Inc.; City of Henning - (MN); City of Wadena - (MN); Lake Region Electric Cooperative - (MN); Otter Tail Power Co; Runestone Electric Assn; Todd-Wadena Electric Coop; WAPA-- Western Area Power Administration",MISO; SWPP,MISO; SPP,MISO,yes
27113,MN,Pennington,2023,3,"City of Thief River Falls; Otter Tail Power Co; Red Lake Electric Coop, Inc",MISO,MISO,MISO,no
27115,MN,Pine,2023,5,"ALLETE, Inc.; East Central Energy; Lake Country Power; Northern States Power Co - Minnesota; Northwestern Wisconsin Elec Co",MISO,MISO,MISO,no
27117,MN,Pipestone,2023,4,"Lyon Electric Cooperative, Inc.; Nobles Cooperative Electric; Northern States Power Co - Minnesota; Sioux Valley SW Elec Coop",SWPP; MISO,SPP; MISO,SPP,yes
27119,MN,Polk,2023,11,"City of East Grand Forks - (MN); City of Fosston - (MN); City of Nielsville - (MN); Clearwater-Polk Elec Coop Inc; Northern States Power Co - Minnesota; Otter Tail Power Co; P K M Electric Coop, Inc; Red Lake Electric Coop, Inc",MISO; SWPP,MISO; SPP,MISO,yes
27121,MN,Pope,2023,5,Agralite Electric Coop; Northern States Power Co - Minnesota; Otter Tail Power Co; Runestone Electric Assn; Stearns Cooperative Elec Assn,MISO,MISO,MISO,no
27123,MN,Ramsey,2023,3,City of North St Paul - (MN); Connexus Energy; Northern States Power Co - Minnesota,MISO,MISO,MISO,no
27125,MN,Red Lake,2023,3,"Clearwater-Polk Elec Coop Inc; Otter Tail Power Co; Red Lake Electric Coop, Inc",MISO,MISO,MISO,no
27127,MN,Redwood,2023,9,Brown County Rural Elec Assn; Minnesota Valley Coop L&P Assn; Nobles Cooperative Electric; Northern States Power Co - Minnesota; Otter Tail Power Co; Redwood Electric Coop; Redwood Falls Public Util Comm; Renville-Sibley Coop Pwr Assn,MISO,MISO,MISO,no
27129,MN,Renville,2023,8,Brown County Rural Elec Assn; City of Fairfax - (MN); City of Olivia - (MN); McLeod Cooperative Power Assn; Meeker Coop Light & Power Assn; Minnesota Valley Coop L&P Assn; Northern States Power Co - Minnesota; Renville-Sibley Coop Pwr Assn,MISO,MISO,MISO,no
27131,MN,Rice,2023,5,Dakota Electric Association; Goodhue County Coop Elec Assn; Minnesota Valley Electric Coop; Northern States Power Co - Minnesota; Steele-Waseca Cooperative Electric,MISO,MISO,MISO,no
27133,MN,Rock,2023,4,City of Luverne - (MN); Nobles Cooperative Electric; Northern States Power Co - Minnesota; Sioux Valley SW Elec Coop,SWPP; MISO,SPP; MISO,SPP,yes
27135,MN,Roseau,2023,5,"City of Roseau - (MN); City of Warroad; North Star Electric Coop, Inc; Otter Tail Power Co; Roseau Electric Coop, Inc",MISO,MISO,MISO,no
27137,MN,St. Louis,2023,12,"ALLETE, Inc.; City of Biwabik - (MN); City of Buhl - (MN); City of Ely - (MN); City of Gilbert; City of Mountain Iron - (MN); City of Virginia - (MN); Cooperative L&P Assn Lake County",MISO,MISO,MISO,no
27139,MN,Scott,2023,5,Dakota Electric Association; Minnesota Valley Electric Coop; New Prague Utilities Comm; Northern States Power Co - Minnesota; Shakopee Public Utilities Comm,MISO,MISO,MISO,no
27141,MN,Sherburne,2023,6,City of Elk River; Connexus Energy; East Central Energy; Northern States Power Co - Minnesota; Princeton Public Utils Comm; Wright-Hennepin Coop Elec Assn,MISO,MISO,MISO,no
27143,MN,Sibley,2023,9,BENCO Electric Cooperative; Brown County Rural Elec Assn; City of Arlington - (MN); City of Le Sueur - (MN); City of Winthrop - (MN); McLeod Cooperative Power Assn; Minnesota Valley Electric Coop; Northern States Power Co - Minnesota,MISO,MISO,MISO,no
27145,MN,Stearns,2023,9,"ALLETE, Inc.; City of Sauk Centre - (MN); Kandiyohi Power Coop; Meeker Coop Light & Power Assn; Melrose Public Utilities; Northern States Power Co - Minnesota; Runestone Electric Assn; Stearns Cooperative Elec Assn",MISO,MISO,MISO,no
27147,MN,Steele,2023,5,City of Blooming Prairie - (MN); City of Owatonna - (MN); Freeborn Mower Electric Cooperative; Northern States Power Co - Minnesota; Steele-Waseca Cooperative Electric,MISO,MISO,MISO,no
27149,MN,Stevens,2023,5,"Agralite Electric Coop; Otter Tail Power Co; Runestone Electric Assn; Traverse Electric Coop, Inc; WAPA-- Western Area Power Administration",MISO; SWPP,MISO; SPP,MISO,yes
27151,MN,Swift,2023,6,Agralite Electric Coop; City of Benson - (MN); Kandiyohi Power Coop; Minnesota Valley Coop L&P Assn; Otter Tail Power Co; WAPA-- Western Area Power Administration,MISO; SWPP,MISO; SPP,MISO,yes
27153,MN,Todd,2023,8,"ALLETE, Inc.; City of Staples- (MN); Crow Wing Cooperative Power & Light Comp; Lake Region Electric Cooperative - (MN); Northern States Power Co - Minnesota; Runestone Electric Assn; Stearns Cooperative Elec Assn; Todd-Wadena Electric Coop",MISO,MISO,MISO,no
27155,MN,Traverse,2023,2,"Otter Tail Power Co; Traverse Electric Coop, Inc",MISO; SWPP,MISO; SPP,MISO,yes
27157,MN,Wabasha,2023,4,City of Lake City - (MN); Goodhue County Coop Elec Assn; Northern States Power Co - Minnesota; People's Cooperative Services,MISO,MISO,MISO,no
27159,MN,Wadena,2023,5,"ALLETE, Inc.; City of Wadena - (MN); Itasca-Mantrap Co-op Electrical Assn; Lake Region Electric Cooperative - (MN); Todd-Wadena Electric Coop",MISO,MISO,MISO,no
27161,MN,Waseca,2023,5,City of Janesville - (MN); City of Waseca - (MN); Minnesota Valley Electric Coop; Northern States Power Co - Minnesota; Steele-Waseca Cooperative Electric,MISO,MISO,MISO,no
27163,MN,Washington,2023,4,City of North St Paul - (MN); Connexus Energy; East Central Energy; Northern States Power Co - Minnesota,MISO,MISO,MISO,no
27165,MN,Watonwan,2023,6,Brown County Rural Elec Assn; City of Madelia - (MN); City of St James - (MN); Federated Rural Electric Assn; Northern States Power Co - Minnesota; South Central Electric Assn,MISO,MISO,MISO,no
27167,MN,Wilkin,2023,6,"City of Breckenridge- (MN); Lake Region Electric Cooperative - (MN); Northern States Power Co - Minnesota; Otter Tail Power Co; Traverse Electric Coop, Inc; WAPA-- Western Area Power Administration",MISO; SWPP,MISO; SPP,MISO,yes
27169,MN,Winona,2023,4,City of St Charles - (MN); MiEnergy Cooperative; Northern States Power Co - Minnesota; People's Cooperative Services,MISO,MISO,MISO,no
27171,MN,Wright,2023,7,City of Buffalo - (MN); City of Elk River; Delano Municipal Utilities; McLeod Cooperative Power Assn; Meeker Coop Light & Power Assn; Northern States Power Co - Minnesota; Wright-Hennepin Coop Elec Assn,MISO,MISO,MISO,no
27173,MN,Yellow Medicine,2023,7,"City of Granite Falls - (MN); H-D Electric Coop Inc; Lyon Electric Cooperative, Inc.; Minnesota Valley Coop L&P Assn; Northern States Power Co - Minnesota; Otter Tail Power Co; WAPA-- Western Area Power Administration",MISO; SWPP,MISO; SPP,MISO,yes
28001,MS,Adams,2023,2,Entergy Mississippi LLC; Southwest Mississippi E P A,MISO,MISO,MISO,no
28003,MS,Alcorn,2023,1,Alcorn County Elec Power Assn,TVA,Southeast (non-RTO),Southeast (non-RTO),no
28005,MS,Amite,2023,3,Entergy Mississippi LLC; Magnolia Electric Power Assn; Southwest Mississippi E P A,MISO,MISO,MISO,no
28007,MS,Attala,2023,5,Central Electric Power Assn - (MS); City of Kosciusko - (MS); Delta Electric Power Assn; East Mississippi Elec Pwr Assn; Entergy Mississippi LLC,MISO; TVA,MISO; Southeast (non-RTO),MISO,yes
28009,MS,Benton,2023,2,City of Holly Springs; City of New Albany - (MS),TVA,Southeast (non-RTO),Southeast (non-RTO),no
28011,MS,Bolivar,2023,3,Coahoma Electric Power Assn; Delta Electric Power Assn; Entergy Mississippi LLC,MISO,MISO,MISO,no
28013,MS,Calhoun,2023,3,Entergy Mississippi LLC; Natchez Trace Elec Power Assn; Pontotoc Electric Power Assn,TVA; MISO,Southeast (non-RTO); MISO,Southeast (non-RTO),yes
28015,MS,Carroll,2023,3,Delta Electric Power Assn; Entergy Mississippi LLC; Greenwood Utilities Comm,MISO,MISO,MISO,no
28017,MS,Chickasaw,2023,2,City of Okolona; Natchez Trace Elec Power Assn,TVA,Southeast (non-RTO),Southeast (non-RTO),no
28019,MS,Choctaw,2023,3,4-County Electric Power Assn; Delta Electric Power Assn; Entergy Mississippi LLC,MISO; TVA,MISO; Southeast (non-RTO),MISO,yes
28021,MS,Claiborne,2023,2,Entergy Mississippi LLC; Southwest Mississippi E P A,MISO,MISO,MISO,no
28023,MS,Clarke,2023,3,Dixie Electric Power Assn - (MS); East Mississippi Elec Pwr Assn; Mississippi Power Co,MISO; TVA; SOCO,Southeast (non-RTO); MISO,Southeast (non-RTO),yes
28025,MS,Clay,2023,3,4-County Electric Power Assn; City of West Point - (MS); Entergy Mississippi LLC,TVA; MISO,Southeast (non-RTO); MISO,Southeast (non-RTO),yes
28027,MS,Coahoma,2023,3,Clarksdale Public Utilities; Coahoma Electric Power Assn; Entergy Mississippi LLC,MISO,MISO,MISO,no
28029,MS,Copiah,2023,3,Entergy Mississippi LLC; Southern Pine Electric Cooperative; Southwest Mississippi E P A,MISO,MISO,MISO,no
28031,MS,Covington,2023,6,City of Collins - (MS); Dixie Electric Power Assn - (MS); Entergy Mississippi LLC; Mississippi Power Co; Pearl River Valley El Pwr Assn; Southern Pine Electric Cooperative,MISO; SOCO,MISO; Southeast (non-RTO),MISO,yes
28033,MS,DeSoto,2023,3,Coahoma Electric Power Assn; Entergy Mississippi LLC; Northcentral Mississippi E P A,MISO; TVA,MISO; Southeast (non-RTO),MISO,yes
28035,MS,Forrest,2023,4,Dixie Electric Power Assn - (MS); Mississippi Power Co; Pearl River Valley El Pwr Assn; Southern Pine Electric Cooperative,MISO; SOCO,MISO; Southeast (non-RTO),MISO,yes
28037,MS,Franklin,2023,3,Entergy Mississippi LLC; Magnolia Electric Power Assn; Southwest Mississippi E P A,MISO,MISO,MISO,no
28039,MS,George,2023,3,Mississippi Power Co; Pearl River Valley El Pwr Assn; Singing River Elec Cooperative,MISO; SOCO,MISO; Southeast (non-RTO),MISO,yes
28041,MS,Greene,2023,2,Mississippi Power Co; Singing River Elec Cooperative,SOCO; MISO,Southeast (non-RTO); MISO,Southeast (non-RTO),yes
28043,MS,Grenada,2023,2,Delta Electric Power Assn; Entergy Mississippi LLC,MISO,MISO,MISO,no
28045,MS,Hancock,2023,2,Coast Electric Power Assn - (MS); Mississippi Power Co,SOCO,Southeast (non-RTO),Southeast (non-RTO),no
28047,MS,Harrison,2023,3,Coast Electric Power Assn - (MS); Mississippi Power Co; Singing River Elec Cooperative,SOCO; MISO,Southeast (non-RTO); MISO,Southeast (non-RTO),yes
28049,MS,Hinds,2023,2,Entergy Mississippi LLC; Southwest Mississippi E P A,MISO,MISO,MISO,no
28051,MS,Holmes,2023,4,City of Durant - (MS); Delta Electric Power Assn; Entergy Mississippi LLC; Yazoo Valley Elec Power Assn,MISO,MISO,MISO,no
28053,MS,Humphreys,2023,4,Delta Electric Power Assn; Entergy Mississippi LLC; Twin County Electric Pwr Assn; Yazoo Valley Elec Power Assn,MISO,MISO,MISO,no
28055,MS,Issaquena,2023,3,Entergy Mississippi LLC; Twin County Electric Pwr Assn; Yazoo Valley Elec Power Assn,MISO,MISO,MISO,no
28057,MS,Itawamba,2023,1,Tombigbee Electric Power Assn,TVA,Southeast (non-RTO),Southeast (non-RTO),no
28059,MS,Jackson,2023,3,Mississippi Power Co; Pearl River Valley El Pwr Assn; Singing River Elec Cooperative,MISO; SOCO,MISO; Southeast (non-RTO),MISO,yes
28061,MS,Jasper,2023,4,Dixie Electric Power Assn - (MS); East Mississippi Elec Pwr Assn; Mississippi Power Co; Southern Pine Electric Cooperative,MISO; TVA; SOCO,MISO; Southeast (non-RTO),MISO,yes
28063,MS,Jefferson,2023,2,Entergy Mississippi LLC; Southwest Mississippi E P A,MISO,MISO,MISO,no
28065,MS,Jefferson Davis,2023,4,Entergy Mississippi LLC; Mississippi Power Co; Pearl River Valley El Pwr Assn; Southern Pine Electric Cooperative,MISO; SOCO,MISO; Southeast (non-RTO),MISO,yes
28067,MS,Jones,2023,2,Dixie Electric Power Assn - (MS); Mississippi Power Co,MISO; SOCO,MISO; Southeast (non-RTO),MISO,yes
28069,MS,Kemper,2023,1,East Mississippi Elec Pwr Assn,TVA,Southeast (non-RTO),Southeast (non-RTO),no
28071,MS,Lafayette,2023,3,City of Oxford - (MS); North East Mississippi EPA; Tallahatchie Valley E P A,TVA,Southeast (non-RTO),Southeast (non-RTO),no
28073,MS,Lamar,2023,2,Mississippi Power Co; Pearl River Valley El Pwr Assn,SOCO; MISO,Southeast (non-RTO); MISO,Southeast (non-RTO),yes
28075,MS,Lauderdale,2023,2,East Mississippi Elec Pwr Assn; Mississippi Power Co,TVA; SOCO,Southeast (non-RTO),Southeast (non-RTO),no
28077,MS,Lawrence,2023,4,Entergy Mississippi LLC; Magnolia Electric Power Assn; Pearl River Valley El Pwr Assn; Southern Pine Electric Cooperative,MISO,MISO,MISO,no
28079,MS,Leake,2023,3,Central Electric Power Assn - (MS); Entergy Mississippi LLC; Mississippi Power Co,TVA; MISO; SOCO,Southeast (non-RTO); MISO,Southeast (non-RTO),yes
28081,MS,Lee,2023,3,City of Tupelo - (MS); Prentiss County Elec Pwr Assn; Tombigbee Electric Power Assn,TVA,Southeast (non-RTO),Southeast (non-RTO),no
28083,MS,Leflore,2023,5,City of Itta Bena - (MS); Delta Electric Power Assn; Entergy Mississippi LLC; Greenwood Utilities Comm; Twin County Electric Pwr Assn,MISO,MISO,MISO,no
28085,MS,Lincoln,2023,3,Entergy Mississippi LLC; Magnolia Electric Power Assn; Southwest Mississippi E P A,MISO,MISO,MISO,no
28087,MS,Lowndes,2023,3,4-County Electric Power Assn; City of Columbus - (MS); Monroe County Elec Power Assn,TVA,Southeast (non-RTO),Southeast (non-RTO),no
28089,MS,Madison,2023,2,Canton Municipal Utilities; Entergy Mississippi LLC,MISO,MISO,MISO,no
28091,MS,Marion,2023,2,Mississippi Power Co; Pearl River Valley El Pwr Assn,SOCO; MISO,Southeast (non-RTO); MISO,Southeast (non-RTO),yes
28093,MS,Marshall,2023,4,City of Holly Springs; City of New Albany - (MS); North East Mississippi EPA; Northcentral Mississippi E P A,TVA,Southeast (non-RTO),Southeast (non-RTO),no
28095,MS,Monroe,2023,4,4-County Electric Power Assn; City of Aberdeen - (MS); City of Amory; Monroe County Elec Power Assn,TVA,Southeast (non-RTO),Southeast (non-RTO),no
28097,MS,Montgomery,2023,2,Delta Electric Power Assn; Entergy Mississippi LLC,MISO,MISO,MISO,no
28099,MS,Neshoba,2023,3,City of Philadelphia - (MS); East Mississippi Elec Pwr Assn; Mississippi Power Co,TVA; SOCO,Southeast (non-RTO),Southeast (non-RTO),no
28101,MS,Newton,2023,4,Central Electric Power Assn - (MS); East Mississippi Elec Pwr Assn; Mississippi Power Co; Southern Pine Electric Cooperative,TVA; SOCO; MISO,Southeast (non-RTO); MISO,Southeast (non-RTO),yes
28103,MS,Noxubee,2023,3,4-County Electric Power Assn; City of Macon - (MS); East Mississippi Elec Pwr Assn,TVA,Southeast (non-RTO),Southeast (non-RTO),no
28105,MS,Oktibbeha,2023,2,4-County Electric Power Assn; City of Starkville,TVA,Southeast (non-RTO),Southeast (non-RTO),no
28107,MS,Panola,2023,2,Entergy Mississippi LLC; Tallahatchie Valley E P A,MISO; TVA,MISO; Southeast (non-RTO),MISO,yes
28109,MS,Pearl River,2023,3,Coast Electric Power Assn - (MS); Mississippi Power Co; Pearl River Valley El Pwr Assn,SOCO; MISO,Southeast (non-RTO); MISO,Southeast (non-RTO),yes
28111,MS,Perry,2023,4,Dixie Electric Power Assn - (MS); Mississippi Power Co; Pearl River Valley El Pwr Assn; Singing River Elec Cooperative,MISO; SOCO,MISO; Southeast (non-RTO),MISO,yes
28113,MS,Pike,2023,2,Entergy Mississippi LLC; Magnolia Electric Power Assn,MISO,MISO,MISO,no
28115,MS,Pontotoc,2023,3,North East Mississippi EPA; Pontotoc Electric Power Assn; Tombigbee Electric Power Assn,TVA,Southeast (non-RTO),Southeast (non-RTO),no
28117,MS,Prentiss,2023,3,Prentiss County Elec Pwr Assn; Tishomingo County E P A; Tombigbee Electric Power Assn,TVA,Southeast (non-RTO),Southeast (non-RTO),no
28119,MS,Quitman,2023,2,Coahoma Electric Power Assn; Entergy Mississippi LLC,MISO,MISO,MISO,no
28121,MS,Rankin,2023,3,Central Electric Power Assn - (MS); Entergy Mississippi LLC; Southern Pine Electric Cooperative,MISO; TVA,MISO; Southeast (non-RTO),MISO,yes
28123,MS,Scott,2023,4,Central Electric Power Assn - (MS); Entergy Mississippi LLC; Mississippi Power Co; Southern Pine Electric Cooperative,MISO; TVA; SOCO,Southeast (non-RTO); MISO,Southeast (non-RTO),yes
28125,MS,Sharkey,2023,3,Entergy Mississippi LLC; Twin County Electric Pwr Assn; Yazoo Valley Elec Power Assn,MISO,MISO,MISO,no
28127,MS,Simpson,2023,2,Entergy Mississippi LLC; Southern Pine Electric Cooperative,MISO,MISO,MISO,no
28129,MS,Smith,2023,3,Entergy Mississippi LLC; Mississippi Power Co; Southern Pine Electric Cooperative,MISO; SOCO,MISO; Southeast (non-RTO),MISO,yes
28131,MS,Stone,2023,3,Mississippi Power Co; Pearl River Valley El Pwr Assn; Singing River Elec Cooperative,MISO; SOCO,MISO; Southeast (non-RTO),MISO,yes
28133,MS,Sunflower,2023,4,Coahoma Electric Power Assn; Delta Electric Power Assn; Entergy Mississippi LLC; Twin County Electric Pwr Assn,MISO,MISO,MISO,no
28135,MS,Tallahatchie,2023,4,Coahoma Electric Power Assn; Delta Electric Power Assn; Entergy Mississippi LLC; Tallahatchie Valley E P A,MISO; TVA,MISO; Southeast (non-RTO),MISO,yes
28137,MS,Tate,2023,3,Central Electric Power Assn - (MS); Entergy Mississippi LLC; Tallahatchie Valley E P A,TVA; MISO,Southeast (non-RTO); MISO,Southeast (non-RTO),yes
28139,MS,Tippah,2023,2,City of New Albany - (MS); Tippah Electric Power Assn,TVA,Southeast (non-RTO),Southeast (non-RTO),no
28141,MS,Tishomingo,2023,1,Tishomingo County E P A,TVA,Southeast (non-RTO),Southeast (non-RTO),no
28143,MS,Tunica,2023,2,Coahoma Electric Power Assn; Entergy Mississippi LLC,MISO,MISO,MISO,no
28145,MS,Union,2023,2,City of New Albany - (MS); North East Mississippi EPA,TVA,Southeast (non-RTO),Southeast (non-RTO),no
28147,MS,Walthall,2023,3,Entergy Mississippi LLC; Magnolia Electric Power Assn; Pearl River Valley El Pwr Assn,MISO,MISO,MISO,no
28149,MS,Warren,2023,3,Entergy Mississippi LLC; Twin County Electric Pwr Assn; Yazoo Valley Elec Power Assn,MISO,MISO,MISO,no
28151,MS,Washington,2023,4,City of Leland - (MS); Delta Electric Power Assn; Entergy Mississippi LLC; Twin County Electric Pwr Assn,MISO,MISO,MISO,no
28153,MS,Wayne,2023,4,Dixie Electric Power Assn - (MS); East Mississippi Elec Pwr Assn; Mississippi Power Co; Singing River Elec Cooperative,MISO; TVA; SOCO,MISO; Southeast (non-RTO),MISO,yes
28155,MS,Webster,2023,4,4-County Electric Power Assn; Delta Electric Power Assn; Entergy Mississippi LLC; Natchez Trace Elec Power Assn,TVA; MISO,Southeast (non-RTO); MISO,Southeast (non-RTO),yes
28157,MS,Wilkinson,2023,2,Entergy Mississippi LLC; Southwest Mississippi E P A,MISO,MISO,MISO,no
28159,MS,Winston,2023,2,East Mississippi Elec Pwr Assn; Louisville Electric System,TVA,Southeast (non-RTO),Southeast (non-RTO),no
28161,MS,Yalobusha,2023,3,City of Water Valley - (MS); Entergy Mississippi LLC; Tallahatchie Valley E P A,TVA; MISO,Southeast (non-RTO); MISO,Southeast (non-RTO),yes
28163,MS,Yazoo,2023,3,Entergy Mississippi LLC; Public Serv Comm of Yazoo City; Yazoo Valley Elec Power Assn,MISO,MISO,MISO,no
29001,MO,Adair,2023,4,Lewis County Rural E C A; Macon Electric Coop; Tri-County Electric Coop Assn (MO); Union Electric Co - (MO),AECI; MISO,Southeast (non-RTO); MISO,Southeast (non-RTO),yes
29003,MO,Andrew,2023,2,"Evergy Missouri West; United Electric Coop, Inc - (MO)",SWPP; AECI,SPP; Southeast (non-RTO),SPP,yes
29005,MO,Atchison,2023,4,"Atchison-Holt Electric Coop; City of Rockport - (MO); Evergy Missouri West; United Electric Coop, Inc - (MO)",AECI; SWPP,Southeast (non-RTO); SPP,Southeast (non-RTO),yes
29007,MO,Audrain,2023,6,Boone Electric Coop; Callaway Electric Cooperative; City of Vandalia - (MO); Consolidated Electric Coop; Ralls County Electric Coop; Union Electric Co - (MO),AECI; MISO,Southeast (non-RTO); MISO,Southeast (non-RTO),yes
29009,MO,Barry,2023,6,"Barry Electric Coop; Carroll Electric Coop Corp - (AR); City of Monett - (MO); Empire District Electric Co; New-Mac Electric Coop, Inc; Ozark Electric Coop Inc - (MO)",AECI; SWPP,Southeast (non-RTO); SPP,Southeast (non-RTO),yes
29011,MO,Barton,2023,7,"Barton County Elec Coop, Inc; City of Lamar - (MO); City of Liberal - (MO); City of Mindenmines - (MO); Empire District Electric Co; Evergy Missouri West; Sac-Osage Electric Coop Inc",SWPP; AECI,SPP; Southeast (non-RTO),SPP,yes
29013,MO,Bates,2023,4,City of Butler - (MO); Evergy Metro; Evergy Missouri West; Osage Valley Elec Coop Assn,SWPP; AECI,SPP; Southeast (non-RTO),SPP,yes
29015,MO,Benton,2023,6,"Central Missouri Elec Coop Inc; Co-Mo Electric Coop Inc; Evergy Missouri West; Osage Valley Elec Coop Assn; Sac-Osage Electric Coop Inc; Southwest Electric Coop, Inc",AECI; SWPP,Southeast (non-RTO); SPP,Southeast (non-RTO),yes
29017,MO,Bollinger,2023,5,Black River Electric Coop - (MO); Citizens Electric Corporation - (MO); Ozark Border Electric Coop; SEMO Electric Cooperative; Union Electric Co - (MO),AECI; MISO,Southeast (non-RTO); MISO,Southeast (non-RTO),yes
29019,MO,Boone,2023,7,Boone Electric Coop; Callaway Electric Cooperative; City of Centralia - (MO); City of Columbia - (MO); Consolidated Electric Coop; Howard Electric Coop; Union Electric Co - (MO),AECI; MISO,Southeast (non-RTO); MISO,Southeast (non-RTO),yes
29021,MO,Buchanan,2023,4,"City of Easton - (MO); Evergy Missouri West; Platte-Clay Electric Coop, Inc; United Electric Coop, Inc - (MO)",AECI; SWPP,Southeast (non-RTO); SPP,Southeast (non-RTO),yes
29023,MO,Butler,2023,4,City of Poplar Bluff - (MO); Clay County Electric Coop Corp - (AR); Ozark Border Electric Coop; Union Electric Co - (MO),MISO; AECI; SPA,MISO; Southeast (non-RTO),MISO,yes
29025,MO,Caldwell,2023,3,"Farmers Electric Coop, Inc - (MO); Platte-Clay Electric Coop, Inc; Union Electric Co - (MO)",AECI; MISO,Southeast (non-RTO); MISO,Southeast (non-RTO),yes
29027,MO,Callaway,2023,5,Boone Electric Coop; Callaway Electric Cooperative; City of Fulton - (MO); Consolidated Electric Coop; Union Electric Co - (MO),AECI; MISO,Southeast (non-RTO); MISO,Southeast (non-RTO),yes
29029,MO,Camden,2023,6,"City of Richland - (MO); Co-Mo Electric Coop Inc; Gascosage Electric Coop; Laclede Electric Coop, Inc; Southwest Electric Coop, Inc; Union Electric Co - (MO)",AECI; MISO,Southeast (non-RTO); MISO,Southeast (non-RTO),yes
29031,MO,Cape Girardeau,2023,5,Black River Electric Coop - (MO); Citizens Electric Corporation - (MO); City of Jackson - (MO); SEMO Electric Cooperative; Union Electric Co - (MO),MISO; AECI,MISO; Southeast (non-RTO),MISO,yes
29033,MO,Carroll,2023,4,"Carrollton Board of Public Wks; Evergy Metro; Evergy Missouri West; Farmers Electric Coop, Inc - (MO)",SWPP; AECI,SPP; Southeast (non-RTO),SPP,yes
29035,MO,Carter,2023,1,Ozark Border Electric Coop,AECI,Southeast (non-RTO),Southeast (non-RTO),no
29037,MO,Cass,2023,5,City of Harrisonville - (MO); Evergy Metro; Evergy Missouri West; Osage Valley Elec Coop Assn; West Central Electric Coop Inc - (MO),SWPP; AECI,SPP; Southeast (non-RTO),SPP,yes
29039,MO,Cedar,2023,6,"Barton County Elec Coop, Inc; City of El Dorado Springs - (MO); Empire District Electric Co; Evergy Missouri West; Sac-Osage Electric Coop Inc; Southwest Electric Coop, Inc",AECI; SWPP,Southeast (non-RTO); SPP,Southeast (non-RTO),yes
29041,MO,Chariton,2023,6,"City of Salisbury - (MO); Evergy Metro; Farmers Electric Coop, Inc - (MO); Howard Electric Coop; Macon Electric Coop; Union Electric Co - (MO)",AECI; SWPP; MISO,Southeast (non-RTO); SPP; MISO,Southeast (non-RTO),yes
29043,MO,Christian,2023,5,City of Nixa - (MO); Empire District Electric Co; Ozark Electric Coop Inc - (MO); Webster Electric Coop; White River Valley El Coop Inc,AECI; SWPP,Southeast (non-RTO); SPP,Southeast (non-RTO),yes
29045,MO,Clark,2023,4,City of Kahoka; Lewis County Rural E C A; Tri-County Electric Coop Assn (MO); Union Electric Co - (MO),MISO; AECI,MISO; Southeast (non-RTO),MISO,yes
29047,MO,Clay,2023,4,"Evergy Metro; Evergy Missouri West; Platte-Clay Electric Coop, Inc; Union Electric Co - (MO)",SWPP; AECI; MISO,SPP; Southeast (non-RTO); MISO,SPP,yes
29049,MO,Clinton,2023,6,"City of Cameron; Evergy Missouri West; Farmers Electric Coop, Inc - (MO); Platte-Clay Electric Coop, Inc; Union Electric Co - (MO); United Electric Coop, Inc - (MO)",AECI; SWPP; MISO,Southeast (non-RTO); SPP; MISO,Southeast (non-RTO),yes
29051,MO,Cole,2023,3,Co-Mo Electric Coop Inc; Three Rivers Electric Coop; Union Electric Co - (MO),AECI; MISO,Southeast (non-RTO); MISO,Southeast (non-RTO),yes
29053,MO,Cooper,2023,2,Co-Mo Electric Coop Inc; Union Electric Co - (MO),AECI; MISO,Southeast (non-RTO); MISO,Southeast (non-RTO),yes
29055,MO,Crawford,2023,6,"City of Cuba - (MO); City of Steelville; City of Sullivan - (MO); Crawford Electric Coop, Inc; Intercounty Electric Coop Assn - (MO); Union Electric Co - (MO)",AECI; MISO,Southeast (non-RTO); MISO,Southeast (non-RTO),yes
29057,MO,Dade,2023,7,"Barton County Elec Coop, Inc; Empire District Electric Co; Evergy Missouri West; Lockwood Water & Light Company; Ozark Electric Coop Inc - (MO); Sac-Osage Electric Coop Inc; Southwest Electric Coop, Inc",AECI; SWPP,Southeast (non-RTO); SPP,Southeast (non-RTO),yes
29059,MO,Dallas,2023,4,"Empire District Electric Co; Laclede Electric Coop, Inc; Southwest Electric Coop, Inc; Webster Electric Coop",AECI; SWPP,Southeast (non-RTO); SPP,Southeast (non-RTO),yes
29061,MO,Daviess,2023,6,"City of Gallatin - (MO); Evergy Missouri West; Farmers Electric Coop, Inc - (MO); Grundy Electric Coop, Inc; Union Electric Co - (MO); United Electric Coop, Inc - (MO)",AECI; SWPP; MISO,Southeast (non-RTO); SPP; MISO,Southeast (non-RTO),yes
29063,MO,DeKalb,2023,6,"City of Cameron; Evergy Missouri West; Farmers Electric Coop, Inc - (MO); Platte-Clay Electric Coop, Inc; Union Electric Co - (MO); United Electric Coop, Inc - (MO)",AECI; SWPP; MISO,Southeast (non-RTO); SPP; MISO,Southeast (non-RTO),yes
29065,MO,Dent,2023,4,"Black River Electric Coop - (MO); City of Salem - (MO); Crawford Electric Coop, Inc; Intercounty Electric Coop Assn - (MO)",AECI,Southeast (non-RTO),Southeast (non-RTO),no
29067,MO,Douglas,2023,5,"City of Ava - (MO); Howell-Oregon Elec Coop, Inc; SE-MA-NO Electric Coop; Webster Electric Coop; White River Valley El Coop Inc",AECI,Southeast (non-RTO),Southeast (non-RTO),no
29069,MO,Dunklin,2023,6,City of Kennett - (MO); City of Malden - (MO); Entergy Arkansas LLC; Ozark Border Electric Coop; Pemiscot-Dunklin Elec Coop Inc; Union Electric Co - (MO),SWPP; AECI; MISO,SPP; Southeast (non-RTO); MISO,SPP,yes
29071,MO,Franklin,2023,4,"City of Sullivan - (MO); Crawford Electric Coop, Inc; Three Rivers Electric Coop; Union Electric Co - (MO)",AECI; MISO,Southeast (non-RTO); MISO,Southeast (non-RTO),yes
29073,MO,Gasconade,2023,5,"City of Hermann; Crawford Electric Coop, Inc; Intercounty Electric Coop Assn - (MO); Three Rivers Electric Coop; Union Electric Co - (MO)",AECI; MISO,Southeast (non-RTO); MISO,Southeast (non-RTO),yes
29075,MO,Gentry,2023,6,"City of Albany - (MO); City of Stanberry - (MO); Evergy Missouri West; Grundy Electric Coop, Inc; Union Electric Co - (MO); United Electric Coop, Inc - (MO)",SWPP; AECI; MISO,SPP; Southeast (non-RTO); MISO,SPP,yes
29077,MO,Greene,2023,5,"City Utilities of Springfield - (MO); Empire District Electric Co; Ozark Electric Coop Inc - (MO); Southwest Electric Coop, Inc; Webster Electric Coop",AECI; SWPP,Southeast (non-RTO); SPP,Southeast (non-RTO),yes
29079,MO,Grundy,2023,3,"Evergy Missouri West; Grundy Electric Coop, Inc; Trenton Municipal Utilities - (MO)",SWPP; AECI,SPP; Southeast (non-RTO),SPP,yes
29081,MO,Harrison,2023,6,"City of Bethany - (MO); City of Gilman City - (MO); Evergy Missouri West; Farmers Electric Coop, Inc - (MO); Grundy Electric Coop, Inc; United Electric Coop, Inc - (MO)",AECI; SWPP; SPA,Southeast (non-RTO); SPP,Southeast (non-RTO),yes
29083,MO,Henry,2023,3,Evergy Missouri West; Osage Valley Elec Coop Assn; Sac-Osage Electric Coop Inc,AECI; SWPP,Southeast (non-RTO); SPP,Southeast (non-RTO),yes
29085,MO,Hickory,2023,3,"Empire District Electric Co; Sac-Osage Electric Coop Inc; Southwest Electric Coop, Inc",AECI; SWPP,Southeast (non-RTO); SPP,Southeast (non-RTO),yes
29087,MO,Holt,2023,3,"Atchison-Holt Electric Coop; Evergy Missouri West; United Electric Coop, Inc - (MO)",AECI; SWPP,Southeast (non-RTO); SPP,Southeast (non-RTO),yes
29089,MO,Howard,2023,5,Boone Electric Coop; City of Fayette - (MO); Evergy Metro; Howard Electric Coop; Union Electric Co - (MO),AECI; SWPP; MISO,Southeast (non-RTO); SPP; MISO,Southeast (non-RTO),yes
29091,MO,Howell,2023,4,"City of Mountain View - (MO); City of West Plains - (MO); City of Willow Springs - (MO); Howell-Oregon Elec Coop, Inc",AECI; SWPP,Southeast (non-RTO); SPP,Southeast (non-RTO),yes
29093,MO,Iron,2023,2,Black River Electric Coop - (MO); Union Electric Co - (MO),AECI; MISO,Southeast (non-RTO); MISO,Southeast (non-RTO),yes
29095,MO,Jackson,2023,4,City of Independence - (MO); Evergy Metro; Evergy Missouri West; West Central Electric Coop Inc - (MO),SWPP; AECI,SPP; Southeast (non-RTO),SPP,yes
29097,MO,Jasper,2023,5,"Barton County Elec Coop, Inc; City of Carthage - (MO); Empire District Electric Co; New-Mac Electric Coop, Inc; Ozark Electric Coop Inc - (MO)",AECI; SWPP,Southeast (non-RTO); SPP,Southeast (non-RTO),yes
29099,MO,Jefferson,2023,3,"Citizens Electric Corporation - (MO); Crawford Electric Coop, Inc; Union Electric Co - (MO)",MISO; AECI,MISO; Southeast (non-RTO),MISO,yes
29101,MO,Johnson,2023,4,Evergy Metro; Evergy Missouri West; Osage Valley Elec Coop Assn; West Central Electric Coop Inc - (MO),SWPP; AECI,SPP; Southeast (non-RTO),SPP,yes
29103,MO,Knox,2023,4,Lewis County Rural E C A; Macon Electric Coop; Tri-County Electric Coop Assn (MO); Union Electric Co - (MO),AECI; MISO,Southeast (non-RTO); MISO,Southeast (non-RTO),yes
29105,MO,Laclede,2023,5,"City of Lebanon - (MO); City of Richland - (MO); Laclede Electric Coop, Inc; Southwest Electric Coop, Inc; Webster Electric Coop",AECI,Southeast (non-RTO),Southeast (non-RTO),no
29107,MO,Lafayette,2023,6,City of Ava - (MO); City of Higginsville - (MO); City of Odessa - (MO); Evergy Metro; Evergy Missouri West; West Central Electric Coop Inc - (MO),SWPP; AECI,SPP; Southeast (non-RTO),SPP,yes
29109,MO,Lawrence,2023,5,"City of Monett - (MO); City of Mount Vernon - (MO); Empire District Electric Co; New-Mac Electric Coop, Inc; Ozark Electric Coop Inc - (MO)",SWPP; AECI,SPP; Southeast (non-RTO),SPP,yes
29111,MO,Lewis,2023,2,Lewis County Rural E C A; Union Electric Co - (MO),AECI; MISO,Southeast (non-RTO); MISO,Southeast (non-RTO),yes
29113,MO,Lincoln,2023,3,Consolidated Electric Coop; Cuivre River Electric Coop Inc; Union Electric Co - (MO),AECI; MISO,Southeast (non-RTO); MISO,Southeast (non-RTO),yes
29115,MO,Linn,2023,8,"City of Linneus - (MO); City of Marceline - (MO); City of Meadville - (MO); Farmers Electric Coop, Inc - (MO); Grundy Electric Coop, Inc; Macon Electric Coop; North Central MO Elec Coop Inc; Union Electric Co - (MO)",AECI; MISO,Southeast (non-RTO); MISO,Southeast (non-RTO),yes
29117,MO,Livingston,2023,6,"Chillicothe Municipal Utils; Evergy Metro; Evergy Missouri West; Farmers Electric Coop, Inc - (MO); Grundy Electric Coop, Inc; Union Electric Co - (MO)",SWPP; AECI; MISO,SPP; Southeast (non-RTO); MISO,SPP,yes
29119,MO,McDonald,2023,4,"Barry Electric Coop; Carroll Electric Coop Corp - (AR); Empire District Electric Co; New-Mac Electric Coop, Inc",AECI; SWPP,Southeast (non-RTO); SPP,Southeast (non-RTO),yes
29121,MO,Macon,2023,5,City of La Plata - (MO); City of Macon - (MO); Macon Electric Coop; Tri-County Electric Coop Assn (MO); Union Electric Co - (MO),AECI; SWPP; MISO,Southeast (non-RTO); SPP; MISO,Southeast (non-RTO),yes
29123,MO,Madison,2023,3,Black River Electric Coop - (MO); City of Fredericktown - (MO); Union Electric Co - (MO),AECI; SWPP; MISO,Southeast (non-RTO); SPP; MISO,Southeast (non-RTO),yes
29125,MO,Maries,2023,4,Gascosage Electric Coop; Intercounty Electric Coop Assn - (MO); Three Rivers Electric Coop; Union Electric Co - (MO),AECI; MISO,Southeast (non-RTO); MISO,Southeast (non-RTO),yes
29127,MO,Marion,2023,7,City of Hannibal - (MO); City of Monroe City - (MO); City of Palmyra - (MO); Lewis County Rural E C A; Missouri Rural Electric Coop; Ralls County Electric Coop; Union Electric Co - (MO),AECI; MISO; SWPP,Southeast (non-RTO); MISO; SPP,Southeast (non-RTO),yes
29129,MO,Mercer,2023,2,"Evergy Missouri West; Grundy Electric Coop, Inc",AECI; SWPP,Southeast (non-RTO); SPP,Southeast (non-RTO),yes
29131,MO,Miller,2023,4,Co-Mo Electric Coop Inc; Gascosage Electric Coop; Three Rivers Electric Coop; Union Electric Co - (MO),AECI; MISO,Southeast (non-RTO); MISO,Southeast (non-RTO),yes
29133,MO,Mississippi,2023,2,SEMO Electric Cooperative; Union Electric Co - (MO),AECI; MISO,Southeast (non-RTO); MISO,Southeast (non-RTO),yes
29135,MO,Moniteau,2023,4,City of California - (MO); Co-Mo Electric Coop Inc; Three Rivers Electric Coop; Union Electric Co - (MO),MISO; AECI,MISO; Southeast (non-RTO),MISO,yes
29137,MO,Monroe,2023,8,Boone Electric Coop; City of Monroe City - (MO); City of Paris - (MO); Consolidated Electric Coop; Macon Electric Coop; Missouri Rural Electric Coop; Ralls County Electric Coop; Union Electric Co - (MO),AECI; MISO,Southeast (non-RTO); MISO,Southeast (non-RTO),yes
29139,MO,Montgomery,2023,4,Callaway Electric Cooperative; Consolidated Electric Coop; Cuivre River Electric Coop Inc; Union Electric Co - (MO),AECI; MISO,Southeast (non-RTO); MISO,Southeast (non-RTO),yes
29141,MO,Morgan,2023,2,Co-Mo Electric Coop Inc; Union Electric Co - (MO),AECI; MISO,Southeast (non-RTO); MISO,Southeast (non-RTO),yes
29143,MO,New Madrid,2023,7,City of New Madrid - (MO); City of Sikeston - (MO); Entergy Arkansas LLC; Ozark Border Electric Coop; Pemiscot-Dunklin Elec Coop Inc; SEMO Electric Cooperative; Union Electric Co - (MO),AECI; MISO; SPA,Southeast (non-RTO); MISO,Southeast (non-RTO),yes
29145,MO,Newton,2023,3,"Empire District Electric Co; New-Mac Electric Coop, Inc; Ozark Electric Coop Inc - (MO)",AECI; SWPP,Southeast (non-RTO); SPP,Southeast (non-RTO),yes
29147,MO,Nodaway,2023,4,"Atchison-Holt Electric Coop; Evergy Missouri West; United Electric Coop, Inc - (MO); WAPA-- Western Area Power Administration",AECI; SWPP,Southeast (non-RTO); SPP,Southeast (non-RTO),yes
29149,MO,Oregon,2023,5,"City of Thayer - (MO); Clay County Electric Coop Corp - (AR); Entergy Arkansas LLC; Howell-Oregon Elec Coop, Inc; Ozark Border Electric Coop",MISO; AECI,MISO; Southeast (non-RTO),MISO,yes
29151,MO,Osage,2023,2,Three Rivers Electric Coop; Union Electric Co - (MO),AECI; MISO,Southeast (non-RTO); MISO,Southeast (non-RTO),yes
29153,MO,Ozark,2023,2,"Howell-Oregon Elec Coop, Inc; White River Valley El Coop Inc",AECI,Southeast (non-RTO),Southeast (non-RTO),no
29155,MO,Pemiscot,2023,3,Entergy Arkansas LLC; Pemiscot-Dunklin Elec Coop Inc; Union Electric Co - (MO),AECI; MISO,Southeast (non-RTO); MISO,Southeast (non-RTO),yes
29157,MO,Perry,2023,2,Citizens Electric Corporation - (MO); Union Electric Co - (MO),MISO,MISO,MISO,no
29159,MO,Pettis,2023,6,Central Missouri Elec Coop Inc; Co-Mo Electric Coop Inc; Evergy Metro; Evergy Missouri West; Union Electric Co - (MO); West Central Electric Coop Inc - (MO),AECI; SWPP; MISO,Southeast (non-RTO); SPP; MISO,Southeast (non-RTO),yes
29161,MO,Phelps,2023,7,"City of Newburg - (MO); City of Rolla - (MO); City of St James - (MO); Crawford Electric Coop, Inc; Gascosage Electric Coop; Intercounty Electric Coop Assn - (MO); Union Electric Co - (MO)",AECI; MISO,Southeast (non-RTO); MISO,Southeast (non-RTO),yes
29163,MO,Pike,2023,4,Consolidated Electric Coop; Cuivre River Electric Coop Inc; Ralls County Electric Coop; Union Electric Co - (MO),AECI; MISO,Southeast (non-RTO); MISO,Southeast (non-RTO),yes
29165,MO,Platte,2023,4,"Evergy Metro; Evergy Missouri West; Platte-Clay Electric Coop, Inc; United Electric Coop, Inc - (MO)",SWPP; AECI,SPP; Southeast (non-RTO),SPP,yes
29167,MO,Polk,2023,4,"Empire District Electric Co; Ozark Electric Coop Inc - (MO); Sac-Osage Electric Coop Inc; Southwest Electric Coop, Inc",AECI; SWPP,Southeast (non-RTO); SPP,Southeast (non-RTO),yes
29169,MO,Pulaski,2023,7,"City of Richland - (MO); City of St Robert - (MO); City of Waynesville - (MO); Gascosage Electric Coop; Intercounty Electric Coop Assn - (MO); Laclede Electric Coop, Inc; Union Electric Co - (MO)",AECI; MISO,Southeast (non-RTO); MISO,Southeast (non-RTO),yes
29171,MO,Putnam,2023,4,"City of Unionville - (MO); Grundy Electric Coop, Inc; North Central MO Elec Coop Inc; Tri-County Electric Coop Assn (MO)",AECI,Southeast (non-RTO),Southeast (non-RTO),no
29173,MO,Ralls,2023,6,City of Hannibal - (MO); City of Monroe City - (MO); City of Perry - (MO); Consolidated Electric Coop; Ralls County Electric Coop; Union Electric Co - (MO),AECI; MISO,Southeast (non-RTO); MISO,Southeast (non-RTO),yes
29175,MO,Randolph,2023,5,Boone Electric Coop; Evergy Metro; Howard Electric Coop; Macon Electric Coop; Union Electric Co - (MO),AECI; SWPP; MISO,Southeast (non-RTO); SPP; MISO,Southeast (non-RTO),yes
29177,MO,Ray,2023,4,"Evergy Missouri West; Farmers Electric Coop, Inc - (MO); Platte-Clay Electric Coop, Inc; Union Electric Co - (MO)",AECI; SWPP; MISO,Southeast (non-RTO); SPP; MISO,Southeast (non-RTO),yes
29179,MO,Reynolds,2023,3,Black River Electric Coop - (MO); Ozark Border Electric Coop; Union Electric Co - (MO),AECI; MISO,Southeast (non-RTO); MISO,Southeast (non-RTO),yes
29181,MO,Ripley,2023,2,Clay County Electric Coop Corp - (AR); Ozark Border Electric Coop,MISO; AECI,MISO; Southeast (non-RTO),MISO,yes
29183,MO,St. Charles,2023,2,Cuivre River Electric Coop Inc; Union Electric Co - (MO),AECI; MISO,Southeast (non-RTO); MISO,Southeast (non-RTO),yes
29185,MO,St. Clair,2023,6,"City of Osceola - (MO); Empire District Electric Co; Evergy Missouri West; Osage Valley Elec Coop Assn; Sac-Osage Electric Coop Inc; Southwest Electric Coop, Inc",SWPP; AECI,SPP; Southeast (non-RTO),SPP,yes
29186,MO,Ste. Genevieve,2023,2,Citizens Electric Corporation - (MO); Union Electric Co - (MO),MISO,MISO,MISO,no
29187,MO,St. Francois,2023,3,Citizens Electric Corporation - (MO); City of Farmington - (MO); Union Electric Co - (MO),MISO,MISO,MISO,no
29195,MO,Saline,2023,6,Central Missouri Elec Coop Inc; City of Marshall - (MO); City of Slater - (MO); Co-Mo Electric Coop Inc; Evergy Metro; Union Electric Co - (MO),SWPP; AECI; MISO,SPP; Southeast (non-RTO); MISO,SPP,yes
29197,MO,Schuyler,2023,2,Tri-County Electric Coop Assn (MO); Union Electric Co - (MO),AECI; MISO,Southeast (non-RTO); MISO,Southeast (non-RTO),yes
29199,MO,Scotland,2023,4,City of Memphis - (MO); Lewis County Rural E C A; Tri-County Electric Coop Assn (MO); Union Electric Co - (MO),AECI; MISO,Southeast (non-RTO); MISO,Southeast (non-RTO),yes
29201,MO,Scott,2023,3,City of Sikeston - (MO); SEMO Electric Cooperative; Union Electric Co - (MO),AECI; SPA; MISO,Southeast (non-RTO); MISO,Southeast (non-RTO),yes
29203,MO,Shannon,2023,5,"Black River Electric Coop - (MO); City of Winona - (MO); Howell-Oregon Elec Coop, Inc; Intercounty Electric Coop Assn - (MO); Ozark Border Electric Coop",AECI,Southeast (non-RTO),Southeast (non-RTO),no
29205,MO,Shelby,2023,5,City of Hunnewell - (MO); City of Shelbina - (MO); Lewis County Rural E C A; Macon Electric Coop; Missouri Rural Electric Coop,AECI,Southeast (non-RTO),Southeast (non-RTO),no
29207,MO,Stoddard,2023,3,Ozark Border Electric Coop; SEMO Electric Cooperative; Union Electric Co - (MO),AECI; MISO,Southeast (non-RTO); MISO,Southeast (non-RTO),yes
29209,MO,Stone,2023,5,Carroll Electric Coop Corp - (AR); City of Crane - (MO); Empire District Electric Co; Ozark Electric Coop Inc - (MO); White River Valley El Coop Inc,AECI; SWPP,Southeast (non-RTO); SPP,Southeast (non-RTO),yes
29211,MO,Sullivan,2023,6,"City of Milan - (MO); Grundy Electric Coop, Inc; Macon Electric Coop; North Central MO Elec Coop Inc; Tri-County Electric Coop Assn (MO); Union Electric Co - (MO)",AECI; SWPP; MISO,Southeast (non-RTO); SPP; MISO,Southeast (non-RTO),yes
29213,MO,Taney,2023,5,"Carroll Electric Coop Corp - (AR); Empire District Electric Co; Entergy Arkansas LLC; Howell-Oregon Elec Coop, Inc; White River Valley El Coop Inc",SWPP; AECI,SPP; Southeast (non-RTO),SPP,yes
29215,MO,Texas,2023,5,"City of Cabool - (MO); City of Houston - (MO); Howell-Oregon Elec Coop, Inc; Intercounty Electric Coop Assn - (MO); SE-MA-NO Electric Coop",AECI,Southeast (non-RTO),Southeast (non-RTO),no
29217,MO,Vernon,2023,4,"Barton County Elec Coop, Inc; Evergy Missouri West; Osage Valley Elec Coop Assn; Sac-Osage Electric Coop Inc",AECI; SWPP,Southeast (non-RTO); SPP,Southeast (non-RTO),yes
29219,MO,Warren,2023,3,Callaway Electric Cooperative; Cuivre River Electric Coop Inc; Union Electric Co - (MO),AECI; MISO,Southeast (non-RTO); MISO,Southeast (non-RTO),yes
29221,MO,Washington,2023,2,"Crawford Electric Coop, Inc; Union Electric Co - (MO)",AECI; MISO,Southeast (non-RTO); MISO,Southeast (non-RTO),yes
29223,MO,Wayne,2023,2,Black River Electric Coop - (MO); Ozark Border Electric Coop,AECI,Southeast (non-RTO),Southeast (non-RTO),no
29225,MO,Webster,2023,5,"City of Seymour - (MO); Laclede Electric Coop, Inc; SE-MA-NO Electric Coop; Southwest Electric Coop, Inc; Webster Electric Coop",AECI,Southeast (non-RTO),Southeast (non-RTO),no
29227,MO,Worth,2023,2,"Evergy Missouri West; United Electric Coop, Inc - (MO)",SWPP; AECI,SPP; Southeast (non-RTO),SPP,yes
29229,MO,Wright,2023,5,"City of Mansfield - (MO); Intercounty Electric Coop Assn - (MO); Laclede Electric Coop, Inc; SE-MA-NO Electric Coop; Webster Electric Coop",AECI,Southeast (non-RTO),Southeast (non-RTO),no
29510,MO,St. Louis,2023,2,City of Kirkwood - (MO); Union Electric Co - (MO),MISO,MISO,MISO,no
30001,MT,Beaverhead,2023,2,"NorthWestern Energy LLC - (MT); Vigilante Electric Coop, Inc",NWMT,West (non-RTO),West (non-RTO),no
30003,MT,Big Horn,2023,8,"Big Horn County Elec Coop, Inc; Big Horn Rural Electric Co; Mid-Yellowstone Elec Coop, Inc; NorthWestern Energy LLC - (MT); Powder River Energy Corp; Tongue River Electric Coop Inc; WAPA-- Western Area Power Administration; Yellowstone Valley Elec Co-op",NWMT; WACM; WAUW; SWPP,West (non-RTO); SPP,West (non-RTO),yes
30005,MT,Blaine,2023,5,"Big Flat Electric Coop Inc; Fergus Electric Coop, Inc; Hill County Electric Coop, Inc; NorthWestern Energy LLC - (MT); WAPA-- Western Area Power Administration",NWMT; WAUW; SWPP,West (non-RTO); SPP,West (non-RTO),yes
30007,MT,Broadwater,2023,3,"Bonneville Power Administration; NorthWestern Energy LLC - (MT); Vigilante Electric Coop, Inc",NWMT,West (non-RTO),West (non-RTO),no
30009,MT,Carbon,2023,6,"Beartooth Electric Coop, Inc; Big Horn Rural Electric Co; Flathead Electric Coop Inc; NorthWestern Energy LLC - (MT); WAPA-- Western Area Power Administration; Yellowstone Valley Elec Co-op",NWMT; WACM; BPAT; WAUW; SWPP,West (non-RTO); SPP,West (non-RTO),yes
30011,MT,Carter,2023,4,"Black Hills Power, Inc.; Grand Electric Coop, Inc; Southeast Electric Coop, Inc; Tongue River Electric Coop Inc",SWPP; WAUW; NWMT; WACM,West (non-RTO); SPP,West (non-RTO),yes
30013,MT,Cascade,2023,4,"Fergus Electric Coop, Inc; NorthWestern Energy LLC - (MT); Sun River Electric Coop, Inc; WAPA-- Western Area Power Administration",WAUW; NWMT; SWPP,West (non-RTO); SPP,West (non-RTO),yes
30015,MT,Chouteau,2023,5,"Fergus Electric Coop, Inc; Hill County Electric Coop, Inc; NorthWestern Energy LLC - (MT); Sun River Electric Coop, Inc; WAPA-- Western Area Power Administration",NWMT; WAUW; SWPP,West (non-RTO); SPP,West (non-RTO),yes
30017,MT,Custer,2023,6,"McCone Electric Coop Inc; Mid-Yellowstone Elec Coop, Inc; Montana-Dakota Utilities Co; Southeast Electric Coop, Inc; Tongue River Electric Coop Inc; WAPA-- Western Area Power Administration",WAUW; SWPP; NWMT,West (non-RTO); SPP,West (non-RTO),yes
30019,MT,Daniels,2023,3,"Montana-Dakota Utilities Co; NorVal Electric Cooperative, Inc; Sheridan Electric Coop, Inc",SWPP,SPP,SPP,no
30021,MT,Dawson,2023,6,"Goldenwest Electric Coop, Inc; Lower Yellowstone R E A, Inc; McCone Electric Coop Inc; Montana-Dakota Utilities Co; Tongue River Electric Coop Inc; WAPA-- Western Area Power Administration",SWPP; WAUW; NWMT,SPP; West (non-RTO),SPP,yes
30023,MT,Deer Lodge,2023,3,"Bonneville Power Administration; NorthWestern Energy LLC - (MT); Vigilante Electric Coop, Inc",NWMT,West (non-RTO),West (non-RTO),no
30025,MT,Fallon,2023,5,"Goldenwest Electric Coop, Inc; Montana-Dakota Utilities Co; Southeast Electric Coop, Inc; Tongue River Electric Coop Inc; WAPA-- Western Area Power Administration",SWPP; WAUW; NWMT,SPP; West (non-RTO),SPP,yes
30027,MT,Fergus,2023,3,"Fergus Electric Coop, Inc; Hill County Electric Coop, Inc; NorthWestern Energy LLC - (MT)",NWMT; WAUW,West (non-RTO),West (non-RTO),no
30029,MT,Flathead,2023,4,"Flathead Electric Coop Inc; Glacier Electric Coop, Inc; Lincoln Electric Coop, Inc; USBIA-Mission Valley Power",BPAT; NWMT,West (non-RTO),West (non-RTO),no
30031,MT,Gallatin,2023,4,"Fall River Rural Elec Coop Inc; NorthWestern Energy LLC - (MT); Park Electric Coop Inc; Vigilante Electric Coop, Inc",NWMT; BPAT,West (non-RTO),West (non-RTO),no
30033,MT,Garfield,2023,2,McCone Electric Coop Inc; WAPA-- Western Area Power Administration,WAUW; SWPP,West (non-RTO); SPP,West (non-RTO),yes
30035,MT,Glacier,2023,1,"Glacier Electric Coop, Inc",NWMT,West (non-RTO),West (non-RTO),no
30037,MT,Golden Valley,2023,2,"Fergus Electric Coop, Inc; NorthWestern Energy LLC - (MT)",NWMT; WAUW,West (non-RTO),West (non-RTO),no
30039,MT,Granite,2023,3,"Bonneville Power Administration; Missoula Electric Coop, Inc; NorthWestern Energy LLC - (MT)",BPAT; NWMT,West (non-RTO),West (non-RTO),no
30041,MT,Hill,2023,3,"Hill County Electric Coop, Inc; NorthWestern Energy LLC - (MT); WAPA-- Western Area Power Administration",NWMT; SWPP,West (non-RTO); SPP,West (non-RTO),yes
30043,MT,Jefferson,2023,3,"Bonneville Power Administration; NorthWestern Energy LLC - (MT); Vigilante Electric Coop, Inc",NWMT,West (non-RTO),West (non-RTO),no
30045,MT,Judith Basin,2023,3,"Fergus Electric Coop, Inc; NorthWestern Energy LLC - (MT); Sun River Electric Coop, Inc",WAUW; NWMT,West (non-RTO),West (non-RTO),no
30047,MT,Lake,2023,3,"Flathead Electric Coop Inc; Missoula Electric Coop, Inc; USBIA-Mission Valley Power",BPAT; NWMT,West (non-RTO),West (non-RTO),no
30049,MT,Lewis and Clark,2023,4,"NorthWestern Energy LLC - (MT); Sun River Electric Coop, Inc; Vigilante Electric Coop, Inc; WAPA-- Western Area Power Administration",NWMT; WAUW; SWPP,West (non-RTO); SPP,West (non-RTO),yes
30051,MT,Liberty,2023,5,"Hill County Electric Coop, Inc; Marias River Electric Coop Inc; NorthWestern Energy LLC - (MT); Sun River Electric Coop, Inc; WAPA-- Western Area Power Administration",NWMT; WAUW; SWPP,West (non-RTO); SPP,West (non-RTO),yes
30053,MT,Lincoln,2023,4,"City of Troy - (MT); Flathead Electric Coop Inc; Lincoln Electric Coop, Inc; Northern Lights, Inc",BPAT,West (non-RTO),West (non-RTO),no
30055,MT,McCone,2023,4,"McCone Electric Coop Inc; Montana-Dakota Utilities Co; NorVal Electric Cooperative, Inc; WAPA-- Western Area Power Administration",SWPP; WAUW,SPP; West (non-RTO),SPP,yes
30057,MT,Madison,2023,2,"NorthWestern Energy LLC - (MT); Vigilante Electric Coop, Inc",NWMT,West (non-RTO),West (non-RTO),no
30059,MT,Meagher,2023,4,"Fergus Electric Coop, Inc; NorthWestern Energy LLC - (MT); Park Electric Coop Inc; Vigilante Electric Coop, Inc",NWMT; WAUW,West (non-RTO),West (non-RTO),no
30061,MT,Mineral,2023,3,"Bonneville Power Administration; Missoula Electric Coop, Inc; NorthWestern Energy LLC - (MT)",BPAT; NWMT,West (non-RTO),West (non-RTO),no
30063,MT,Missoula,2023,5,"Bonneville Power Administration; Missoula Electric Coop, Inc; NorthWestern Energy LLC - (MT); Ravalli County Elec Coop, Inc; USBIA-Mission Valley Power",NWMT; BPAT,West (non-RTO),West (non-RTO),no
30065,MT,Musselshell,2023,3,"Fergus Electric Coop, Inc; NorthWestern Energy LLC - (MT); Yellowstone Valley Elec Co-op",WAUW; NWMT,West (non-RTO),West (non-RTO),no
30067,MT,Park,2023,3,Flathead Electric Coop Inc; NorthWestern Energy LLC - (MT); Park Electric Coop Inc,NWMT; BPAT,West (non-RTO),West (non-RTO),no
30069,MT,Petroleum,2023,2,"Fergus Electric Coop, Inc; McCone Electric Coop Inc",WAUW,West (non-RTO),West (non-RTO),no
30071,MT,Phillips,2023,4,"Big Flat Electric Coop Inc; NorVal Electric Cooperative, Inc; NorthWestern Energy LLC - (MT); WAPA-- Western Area Power Administration",NWMT; SWPP,West (non-RTO); SPP,West (non-RTO),yes
30073,MT,Pondera,2023,5,"Glacier Electric Coop, Inc; Marias River Electric Coop Inc; NorthWestern Energy LLC - (MT); Sun River Electric Coop, Inc; WAPA-- Western Area Power Administration",NWMT; WAUW; SWPP,West (non-RTO); SPP,West (non-RTO),yes
30075,MT,Powder River,2023,4,"Black Hills Power, Inc.; Powder River Energy Corp; Southeast Electric Coop, Inc; Tongue River Electric Coop Inc",WACM; WAUW; NWMT,West (non-RTO),West (non-RTO),no
30077,MT,Powell,2023,3,"Bonneville Power Administration; Missoula Electric Coop, Inc; NorthWestern Energy LLC - (MT)",BPAT; NWMT,West (non-RTO),West (non-RTO),no
30079,MT,Prairie,2023,4,McCone Electric Coop Inc; Montana-Dakota Utilities Co; Tongue River Electric Coop Inc; WAPA-- Western Area Power Administration,SWPP; WAUW; NWMT,West (non-RTO); SPP,West (non-RTO),yes
30081,MT,Ravalli,2023,3,"Missoula Electric Coop, Inc; NorthWestern Energy LLC - (MT); Ravalli County Elec Coop, Inc",NWMT; BPAT,West (non-RTO),West (non-RTO),no
30083,MT,Richland,2023,5,"Lower Yellowstone R E A, Inc; McCone Electric Coop Inc; McKenzie Electric Coop Inc; Montana-Dakota Utilities Co; WAPA-- Western Area Power Administration",SWPP; WAUW,SPP; West (non-RTO),SPP,yes
30085,MT,Roosevelt,2023,6,"Lower Yellowstone R E A, Inc; McCone Electric Coop Inc; Montana-Dakota Utilities Co; NorVal Electric Cooperative, Inc; Sheridan Electric Coop, Inc; WAPA-- Western Area Power Administration",SWPP; WAUW,SPP; West (non-RTO),SPP,yes
30087,MT,Rosebud,2023,6,"McCone Electric Coop Inc; Mid-Yellowstone Elec Coop, Inc; Montana-Dakota Utilities Co; NorthWestern Energy LLC - (MT); Tongue River Electric Coop Inc; WAPA-- Western Area Power Administration",WAUW; SWPP; NWMT,West (non-RTO); SPP,West (non-RTO),yes
30089,MT,Sanders,2023,5,"Avista Corp; Flathead Electric Coop Inc; NorthWestern Energy LLC - (MT); Northern Lights, Inc; USBIA-Mission Valley Power",BPAT; NWMT; AVA,West (non-RTO),West (non-RTO),no
30091,MT,Sheridan,2023,2,"Montana-Dakota Utilities Co; Sheridan Electric Coop, Inc",SWPP,SPP,SPP,no
30093,MT,Silver Bow,2023,3,"Bonneville Power Administration; NorthWestern Energy LLC - (MT); Vigilante Electric Coop, Inc",NWMT,West (non-RTO),West (non-RTO),no
30095,MT,Stillwater,2023,4,"Beartooth Electric Coop, Inc; Fergus Electric Coop, Inc; NorthWestern Energy LLC - (MT); Yellowstone Valley Elec Co-op",NWMT; WAUW,West (non-RTO),West (non-RTO),no
30097,MT,Sweet Grass,2023,4,"Beartooth Electric Coop, Inc; Fergus Electric Coop, Inc; NorthWestern Energy LLC - (MT); Park Electric Coop Inc",NWMT; WAUW,West (non-RTO),West (non-RTO),no
30099,MT,Teton,2023,3,"NorthWestern Energy LLC - (MT); Sun River Electric Coop, Inc; WAPA-- Western Area Power Administration",NWMT; WAUW; SWPP,West (non-RTO); SPP,West (non-RTO),yes
30101,MT,Toole,2023,4,"Glacier Electric Coop, Inc; Marias River Electric Coop Inc; Sun River Electric Coop, Inc; WAPA-- Western Area Power Administration",NWMT; WAUW; SWPP,West (non-RTO); SPP,West (non-RTO),yes
30103,MT,Treasure,2023,4,"Fergus Electric Coop, Inc; Mid-Yellowstone Elec Coop, Inc; WAPA-- Western Area Power Administration; Yellowstone Valley Elec Co-op",WAUW; SWPP,West (non-RTO); SPP,West (non-RTO),yes
30105,MT,Valley,2023,4,"Big Flat Electric Coop Inc; NorVal Electric Cooperative, Inc; NorthWestern Energy LLC - (MT); WAPA-- Western Area Power Administration",NWMT; SWPP,West (non-RTO); SPP,West (non-RTO),yes
30107,MT,Wheatland,2023,2,"Fergus Electric Coop, Inc; NorthWestern Energy LLC - (MT)",NWMT; WAUW,West (non-RTO),West (non-RTO),no
30109,MT,Wibaux,2023,4,"Goldenwest Electric Coop, Inc; McKenzie Electric Coop Inc; Montana-Dakota Utilities Co; WAPA-- Western Area Power Administration",SWPP,SPP,SPP,no
30111,MT,Yellowstone,2023,5,"Fergus Electric Coop, Inc; Mid-Yellowstone Elec Coop, Inc; NorthWestern Energy LLC - (MT); WAPA-- Western Area Power Administration; Yellowstone Valley Elec Co-op",WAUW; NWMT; SWPP,West (non-RTO); SPP,West (non-RTO),yes
31001,NE,Adams,2023,3,City of Hastings - (NE); South Central Public Pwr Dist; Southern Public Power District,SWPP,SPP,SPP,no
31003,NE,Antelope,2023,5,City of Neligh - (NE); Elkhorn Rural Public Pwr Dist; Nebraska Public Power District; North Central Public Pwr Dist; WAPA-- Western Area Power Administration,SWPP; WACM,SPP; Southeast (non-RTO),SPP,yes
31005,NE,Arthur,2023,2,Panhandle Rural El Member Assn; Wheat Belt Public Power Dist,WACM,Southeast (non-RTO),Southeast (non-RTO),no
31007,NE,Banner,2023,6,"Chimney Rock Public Power Dist; High West Energy, Inc; Roosevelt Public Power Dist; WAPA-- Western Area Power Administration; Wheat Belt Public Power Dist; Wyrulec Company",WACM,Southeast (non-RTO),Southeast (non-RTO),no
31009,NE,Blaine,2023,1,Custer Public Power District,SWPP,SPP,SPP,no
31011,NE,Boone,2023,4,Cornhusker Public Power Dist; Elkhorn Rural Public Pwr Dist; Loup River Public Power Dist; WAPA-- Western Area Power Administration,SWPP; WACM,SPP; Southeast (non-RTO),SPP,yes
31013,NE,Box Butte,2023,7,Chimney Rock Public Power Dist; City of Alliance- (NE); Nebraska Public Power District; Northwest Rural Pub Pwr Dist; Panhandle Rural El Member Assn; Village of Hemingford - (NE); WAPA-- Western Area Power Administration,WACM; SWPP,Southeast (non-RTO); SPP,Southeast (non-RTO),yes
31015,NE,Boyd,2023,4,City of Spencer - (NE); Nebraska Public Power District; Niobrara Valley El Member Corp; WAPA-- Western Area Power Administration,SWPP; WACM,SPP; Southeast (non-RTO),SPP,yes
31017,NE,Brown,2023,3,Custer Public Power District; KBR Rural Public Power District; Nebraska Public Power District,SWPP,SPP,SPP,no
31019,NE,Buffalo,2023,4,Custer Public Power District; Dawson Power District; Nebraska Public Power District; Southern Public Power District,SWPP,SPP,SPP,no
31021,NE,Burt,2023,6,Burt County Public Power Dist; City of Lyons - (NE); Cuming County Public Pwr Dist; Nebraska Public Power District; Omaha Public Power District; Village of Decatur - (NE),SWPP,SPP,SPP,no
31023,NE,Butler,2023,4,Butler Public Power District - (NE); City of David City; Polk County Rural Pub Pwr Dist; Village of Brainard - (NE),SWPP,SPP,SPP,no
31025,NE,Cass,2023,3,Nebraska Public Power District; Omaha Public Power District; Village of Greenwood - (NE),SWPP,SPP,SPP,no
31027,NE,Cedar,2023,5,Cedar-Knox Public Power Dist; City of Laurel - (NE); City of Randolph - (NE); Nebraska Public Power District; WAPA-- Western Area Power Administration,SWPP; WACM,SPP; Southeast (non-RTO),SPP,yes
31029,NE,Chase,2023,5,City of Imperial; Highline Electric Assn; Midwest Electric Member Corp - (NE); Southwest Public Power Dist; Village of Wauneta - (NE),SWPP; WACM,SPP; Southeast (non-RTO),SPP,yes
31031,NE,Cherry,2023,8,"Cherry-Todd Electric Coop, Inc; City of Valentine - (NE); Custer Public Power District; KBR Rural Public Power District; LaCreek Electric Assn, Inc; Nebraska Public Power District; Northwest Rural Pub Pwr Dist; Panhandle Rural El Member Assn",SWPP; WACM,SPP; Southeast (non-RTO),SPP,yes
31033,NE,Cheyenne,2023,5,"City of Lodgepole - (NE); City of Sidney - (NE); High West Energy, Inc; WAPA-- Western Area Power Administration; Wheat Belt Public Power Dist",WACM; SWPP,Southeast (non-RTO); SPP,Southeast (non-RTO),yes
31035,NE,Clay,2023,5,City of Hastings - (NE); City of Sutton - (NE); Perennial Public Power Dist; South Central Public Pwr Dist; Southern Public Power District,SWPP,SPP,SPP,no
31037,NE,Colfax,2023,7,Burt County Public Power Dist; City of Schuyler - (NE); Cornhusker Public Power Dist; Cuming County Public Pwr Dist; Loup River Public Power Dist; Omaha Public Power District; Stanton County Public Pwr Dist,SWPP; WACM,SPP; Southeast (non-RTO),SPP,yes
31039,NE,Cuming,2023,5,Burt County Public Power Dist; City of West Point - (NE); City of Wisner; Cuming County Public Pwr Dist; Stanton County Public Pwr Dist,SWPP,SPP,SPP,no
31041,NE,Custer,2023,8,City of Ansley - (NE); City of Broken Bow - (NE); City of Sargent - (NE); Custer Public Power District; Dawson Power District; Loup Valleys Rural P P D; Village of Arnold - (NE); Village of Callaway - (NE),SWPP,SPP,SPP,no
31043,NE,Dakota,2023,5,City of Emerson - (NE); City of South Sioux City; Nebraska Public Power District; Northeast Power; WAPA-- Western Area Power Administration,SWPP; WACM,SPP; Southeast (non-RTO),SPP,yes
31045,NE,Dawes,2023,4,"Nebraska Public Power District; Niobrara Electric Assn, Inc; Northwest Rural Pub Pwr Dist; WAPA-- Western Area Power Administration",WACM; SWPP,Southeast (non-RTO); SPP,Southeast (non-RTO),yes
31047,NE,Dawson,2023,6,City of Gothenburg - (NE); City of Lexington - (NE); Cozad Board of Public Works; Custer Public Power District; Dawson Power District; Southern Public Power District,SWPP,SPP,SPP,no
31049,NE,Deuel,2023,5,City of Chappell - (NE); Highline Electric Assn; Nebraska Public Power District; WAPA-- Western Area Power Administration; Wheat Belt Public Power Dist,WACM; SWPP,Southeast (non-RTO); SPP,Southeast (non-RTO),yes
31051,NE,Dixon,2023,4,Cedar-Knox Public Power Dist; City of Emerson - (NE); City of Wakefield - (NE); Northeast Power,SWPP,SPP,SPP,no
31053,NE,Dodge,2023,6,Burt County Public Power Dist; City of Fremont - (NE); City of Scribner - (NE); City of Snyder - (NE); Cuming County Public Pwr Dist; Omaha Public Power District,SWPP,SPP,SPP,no
31055,NE,Douglas,2023,1,Omaha Public Power District,SWPP,SPP,SPP,no
31057,NE,Dundy,2023,4,City of Benkelman - (NE); Highline Electric Assn; Southwest Public Power Dist; Y-W Electric Assn Inc,SWPP; WACM,SPP; Southeast (non-RTO),SPP,yes
31059,NE,Fillmore,2023,5,Nebraska Public Power District; Perennial Public Power Dist; South Central Public Pwr Dist; Village of Fairmont - (NE); Village of Shickley - (NE),SWPP,SPP,SPP,no
31061,NE,Franklin,2023,4,City of Franklin - (NE); Southern Public Power District; Village of Campbell - (NE); Village of Hildreth - (NE),SWPP,SPP,SPP,no
31063,NE,Frontier,2023,5,City of Curtis - (NE); Dawson Power District; McCook Public Power District; Southwest Public Power Dist; Twin Valleys Public Power Dist,SWPP,SPP,SPP,no
31065,NE,Furnas,2023,5,City of Arapahoe - (NE); City of Beaver City - (NE); City of Cambridge - (NE); Twin Valleys Public Power Dist; Village of Oxford - (NE),SWPP,SPP,SPP,no
31067,NE,Gage,2023,6,City of Beatrice - (NE); City of Fairbury; City of Wymore - (NE); Nebraska Public Power District; Norris Public Power District; Village of De Witt - (NE),SWPP,SPP,SPP,no
31069,NE,Garden,2023,3,Nebraska Public Power District; Panhandle Rural El Member Assn; Wheat Belt Public Power Dist,WACM; SWPP,Southeast (non-RTO); SPP,Southeast (non-RTO),yes
31071,NE,Garfield,2023,4,City of Burwell - (NE); Custer Public Power District; Loup Valleys Rural P P D; Niobrara Valley El Member Corp,SWPP,SPP,SPP,no
31073,NE,Gosper,2023,4,Dawson Power District; McCook Public Power District; Southern Public Power District; Twin Valleys Public Power Dist,SWPP,SPP,SPP,no
31075,NE,Grant,2023,2,Custer Public Power District; Panhandle Rural El Member Assn,SWPP; WACM,SPP; Southeast (non-RTO),SPP,yes
31077,NE,Greeley,2023,5,Cornhusker Public Power Dist; Howard Greeley Rural P P D; Loup Valleys Rural P P D; Village of Spalding - (NE); WAPA-- Western Area Power Administration,SWPP; WACM,SPP; Southeast (non-RTO),SPP,yes
31079,NE,Hall,2023,4,City of Grand Island - (NE); City of Wood River- (NE); Nebraska Public Power District; Southern Public Power District,SWPP,SPP,SPP,no
31081,NE,Hamilton,2023,7,City of Giltner - (NE); Nebraska Public Power District; Perennial Public Power Dist; Polk County Rural Pub Pwr Dist; South Central Public Pwr Dist; Southern Public Power District; Village of Hampton - (NE),SWPP,SPP,SPP,no
31083,NE,Harlan,2023,3,Southern Public Power District; Twin Valleys Public Power Dist; Village of Oxford - (NE),SWPP,SPP,SPP,no
31085,NE,Hayes,2023,3,McCook Public Power District; Midwest Electric Member Corp - (NE); Southwest Public Power Dist,SWPP; WACM,SPP; Southeast (non-RTO),SPP,yes
31087,NE,Hitchcock,2023,4,City of Stratton - (NE); City of Trenton - (NE); McCook Public Power District; Southwest Public Power Dist,SWPP,SPP,SPP,no
31089,NE,Holt,2023,7,City of Stuart - (NE); Elkhorn Rural Public Pwr Dist; KBR Rural Public Power District; Nebraska Public Power District; Niobrara Valley El Member Corp; North Central Public Pwr Dist; WAPA-- Western Area Power Administration,SWPP; WACM,SPP; Southeast (non-RTO),SPP,yes
31091,NE,Hooker,2023,3,Custer Public Power District; Panhandle Rural El Member Assn; Village of Mullen - (NE),SWPP; WACM,SPP; Southeast (non-RTO),SPP,yes
31093,NE,Howard,2023,4,City of St Paul - (NE); Howard Greeley Rural P P D; Nebraska Public Power District; Southern Public Power District,SWPP,SPP,SPP,no
31095,NE,Jefferson,2023,4,City of Fairbury; Norris Public Power District; Village of Endicott - (NE); Village of Reynolds - (NE),SWPP,SPP,SPP,no
31097,NE,Johnson,2023,5,Auburn Board of Public Works; City of Tecumseh; Nebraska Public Power District; Omaha Public Power District; Village of Elk Creek - (NE),SWPP,SPP,SPP,no
31099,NE,Kearney,2023,3,City of Minden - (NE); Southern Public Power District; Village of Wilcox - (NE),SWPP,SPP,SPP,no
31101,NE,Keith,2023,4,Midwest Electric Member Corp - (NE); Nebraska Public Power District; WAPA-- Western Area Power Administration; Wheat Belt Public Power Dist,WACM; SWPP,Southeast (non-RTO); SPP,Southeast (non-RTO),yes
31103,NE,Keya Paha,2023,2,"Cherry-Todd Electric Coop, Inc; KBR Rural Public Power District",SWPP,SPP,SPP,no
31105,NE,Kimball,2023,3,"City of Kimball - (NE); High West Energy, Inc; WAPA-- Western Area Power Administration",WACM,Southeast (non-RTO),Southeast (non-RTO),no
31107,NE,Knox,2023,4,Cedar-Knox Public Power Dist; Nebraska Public Power District; Niobrara Valley El Member Corp; North Central Public Pwr Dist,SWPP,SPP,SPP,no
31109,NE,Lancaster,2023,6,City of Hickman - (NE); City of Nebraska City; Lincoln Electric System; Nebraska Public Power District; Norris Public Power District; Omaha Public Power District,SWPP,SPP,SPP,no
31111,NE,Lincoln,2023,6,City of North Platte; Custer Public Power District; Dawson Power District; McCook Public Power District; Midwest Electric Member Corp - (NE); Nebraska Public Power District,SWPP; WACM,SPP; Southeast (non-RTO),SPP,yes
31113,NE,Logan,2023,1,Custer Public Power District,SWPP,SPP,SPP,no
31115,NE,Loup,2023,3,Custer Public Power District; KBR Rural Public Power District; Loup Valleys Rural P P D,SWPP,SPP,SPP,no
31117,NE,McPherson,2023,2,Custer Public Power District; Panhandle Rural El Member Assn,SWPP; WACM,SPP; Southeast (non-RTO),SPP,yes
31119,NE,Madison,2023,6,City of Battle Creek- (NE); City of Madison - (NE); Elkhorn Rural Public Pwr Dist; Loup River Public Power Dist; Nebraska Public Power District; Stanton County Public Pwr Dist,SWPP,SPP,SPP,no
31121,NE,Merrick,2023,5,City of Central City; City of Grand Island - (NE); Polk County Rural Pub Pwr Dist; Southern Public Power District; WAPA-- Western Area Power Administration,SWPP; WACM,SPP; Southeast (non-RTO),SPP,yes
31123,NE,Morrill,2023,9,"Chimney Rock Public Power Dist; City of Alliance- (NE); City of Bayard - (NE); City of Bridgeport Utilities - (NE); High West Energy, Inc; Nebraska Public Power District; Panhandle Rural El Member Assn; WAPA-- Western Area Power Administration",WACM; SWPP,Southeast (non-RTO); SPP,Southeast (non-RTO),yes
31125,NE,Nance,2023,5,Cornhusker Public Power Dist; Loup River Public Power Dist; Polk County Rural Pub Pwr Dist; Southern Public Power District; WAPA-- Western Area Power Administration,SWPP; WACM,SPP; Southeast (non-RTO),SPP,yes
31127,NE,Nemaha,2023,4,Auburn Board of Public Works; City of Nebraska City; Nebraska Public Power District; Omaha Public Power District,SWPP,SPP,SPP,no
31129,NE,Nuckolls,2023,3,City of Nelson - (NE); City of Superior - (NE); South Central Public Pwr Dist,SWPP,SPP,SPP,no
31131,NE,Otoe,2023,5,City of Nebraska City; City of Syracuse - (NE); Nebraska Public Power District; Omaha Public Power District; Village of Talmage - (NE),SWPP,SPP,SPP,no
31133,NE,Pawnee,2023,2,Nebraska Public Power District; Omaha Public Power District,SWPP,SPP,SPP,no
31135,NE,Perkins,2023,4,City of Grant - (NE); Highline Electric Assn; Midwest Electric Member Corp - (NE); Nebraska Public Power District,SWPP; WACM,SPP; Southeast (non-RTO),SPP,yes
31137,NE,Phelps,2023,3,City of Holdrege; Southern Public Power District; Twin Valleys Public Power Dist,SWPP,SPP,SPP,no
31139,NE,Pierce,2023,7,Cedar-Knox Public Power Dist; City of Pierce - (NE); City of Randolph - (NE); Elkhorn Rural Public Pwr Dist; Nebraska Public Power District; North Central Public Pwr Dist; Northeast Power,SWPP,SPP,SPP,no
31141,NE,Platte,2023,3,Cornhusker Public Power Dist; Elkhorn Rural Public Pwr Dist; Loup River Public Power Dist,SWPP,SPP,SPP,no
31143,NE,Polk,2023,3,City of Stromsburg - (NE); Polk County Rural Pub Pwr Dist; Village of Polk - (NE),SWPP,SPP,SPP,no
31145,NE,Red Willow,2023,6,City of Indianola - (NE); McCook Public Power District; Nebraska Public Power District; Southwest Public Power Dist; Twin Valleys Public Power Dist; Village of Bartley - (NE),SWPP,SPP,SPP,no
31147,NE,Richardson,2023,4,Auburn Board of Public Works; City of Falls City - (NE); Nebraska Public Power District; Omaha Public Power District,SWPP,SPP,SPP,no
31149,NE,Rock,2023,2,KBR Rural Public Power District; Nebraska Public Power District,SWPP,SPP,SPP,no
31151,NE,Saline,2023,5,City of Crete; City of Wilber; Norris Public Power District; Village of De Witt - (NE); Village of Dorchester - (NE),SWPP; WACM,SPP; Southeast (non-RTO),SPP,yes
31153,NE,Sarpy,2023,1,Omaha Public Power District,SWPP,SPP,SPP,no
31155,NE,Saunders,2023,4,Butler Public Power District - (NE); City of Wahoo - (NE); Omaha Public Power District; Village of Prague - (NE),SWPP,SPP,SPP,no
31157,NE,Scotts Bluff,2023,9,Chimney Rock Public Power Dist; City of Gering - (NE); City of Mitchell - (NE); Nebraska Public Power District; Roosevelt Public Power Dist; Village of Lyman - (NE); Village of Morrill - (NE); WAPA-- Western Area Power Administration,WACM; SWPP,Southeast (non-RTO); SPP,Southeast (non-RTO),yes
31159,NE,Seward,2023,4,City of Seward - (NE); Nebraska Public Power District; Norris Public Power District; Perennial Public Power Dist,SWPP,SPP,SPP,no
31161,NE,Sheridan,2023,3,Nebraska Public Power District; Northwest Rural Pub Pwr Dist; Panhandle Rural El Member Assn,WACM; SWPP,Southeast (non-RTO); SPP,Southeast (non-RTO),yes
31163,NE,Sherman,2023,4,Custer Public Power District; Dawson Power District; Loup Valleys Rural P P D; Nebraska Public Power District,SWPP,SPP,SPP,no
31165,NE,Sioux,2023,9,"Chimney Rock Public Power Dist; Nebraska Public Power District; Niobrara Electric Assn, Inc; Northwest Rural Pub Pwr Dist; Panhandle Rural El Member Assn; Roosevelt Public Power Dist; Village of Morrill - (NE); WAPA-- Western Area Power Administration",WACM; SWPP,Southeast (non-RTO); SPP,Southeast (non-RTO),yes
31167,NE,Stanton,2023,4,Cuming County Public Pwr Dist; Elkhorn Rural Public Pwr Dist; Northeast Power; Stanton County Public Pwr Dist,SWPP,SPP,SPP,no
31169,NE,Thayer,2023,7,City of Deshler - (NE); City of Fairbury; City of Hubbell- (NE); Norris Public Power District; South Central Public Pwr Dist; Village of Chester - (NE); Village of Davenport - (NE),SWPP,SPP,SPP,no
31171,NE,Thomas,2023,1,Custer Public Power District,SWPP,SPP,SPP,no
31173,NE,Thurston,2023,7,Burt County Public Power Dist; City of Emerson - (NE); City of Pender - (NE); Cuming County Public Pwr Dist; Nebraska Public Power District; Northeast Power; Village of Walthill - (NE),SWPP,SPP,SPP,no
31175,NE,Valley,2023,3,City of Ord - (NE); Custer Public Power District; Loup Valleys Rural P P D,SWPP,SPP,SPP,no
31177,NE,Washington,2023,2,Burt County Public Power Dist; Omaha Public Power District,SWPP,SPP,SPP,no
31179,NE,Wayne,2023,7,Cedar-Knox Public Power Dist; City of Wakefield - (NE); City of Wayne; Cuming County Public Pwr Dist; Northeast Power; Stanton County Public Pwr Dist; Village of Winside - (NE),SWPP,SPP,SPP,no
31181,NE,Webster,2023,4,City of Blue Hill - (NE); City of Red Cloud - (NE); South Central Public Pwr Dist; Southern Public Power District,SWPP,SPP,SPP,no
31183,NE,Wheeler,2023,5,Cornhusker Public Power Dist; Elkhorn Rural Public Pwr Dist; Loup Valleys Rural P P D; Niobrara Valley El Member Corp; WAPA-- Western Area Power Administration,SWPP; WACM,SPP; Southeast (non-RTO),SPP,yes
31185,NE,York,2023,5,Nebraska Public Power District; Perennial Public Power Dist; Polk County Rural Pub Pwr Dist; Southern Public Power District; Village of Bradshaw - (NE),SWPP,SPP,SPP,no
32001,NV,Churchill,2023,2,City of Fallon - (NV); Sierra Pacific Power Co,NEVP,West (non-RTO),West (non-RTO),no
32003,NV,Clark,2023,8,"Aha Macav Power Service; City of Boulder City - (NV); Colorado River Comm of Nevada; Nevada Power Co; Overton Power District No 5; Southern California Edison Co; Valley Electric Assn, Inc; WAPA-- Western Area Power Administration",NEVP; WALC,West (non-RTO),West (non-RTO),no
32005,NV,Douglas,2023,1,Sierra Pacific Power Co,NEVP,West (non-RTO),West (non-RTO),no
32007,NV,Elko,2023,4,"Mt Wheeler Power, Inc; Raft Rural Elec Coop Inc; Sierra Pacific Power Co; Wells Rural Electric Co",NEVP; BPAT,West (non-RTO),West (non-RTO),no
32009,NV,Esmeralda,2023,2,"Sierra Pacific Power Co; Valley Electric Assn, Inc",NEVP,West (non-RTO),West (non-RTO),no
32011,NV,Eureka,2023,3,"Mt Wheeler Power, Inc; Sierra Pacific Power Co; Wells Rural Electric Co",NEVP,West (non-RTO),West (non-RTO),no
32013,NV,Humboldt,2023,2,"Harney Electric Coop, Inc; Sierra Pacific Power Co",BPAT; NEVP,West (non-RTO),West (non-RTO),no
32015,NV,Lander,2023,1,Sierra Pacific Power Co,NEVP,West (non-RTO),West (non-RTO),no
32017,NV,Lincoln,2023,3,Alamo Power District No 3; City of Caliente - (NV); Lincoln County Power Dist No 1,NEVP,West (non-RTO),West (non-RTO),no
32019,NV,Lyon,2023,1,Sierra Pacific Power Co,NEVP,West (non-RTO),West (non-RTO),no
32021,NV,Mineral,2023,1,Sierra Pacific Power Co,NEVP,West (non-RTO),West (non-RTO),no
32023,NV,Nye,2023,4,"Mt Wheeler Power, Inc; Nevada Power Co; Sierra Pacific Power Co; Valley Electric Assn, Inc",NEVP,West (non-RTO),West (non-RTO),no
32027,NV,Pershing,2023,1,Sierra Pacific Power Co,NEVP,West (non-RTO),West (non-RTO),no
32029,NV,Storey,2023,1,Sierra Pacific Power Co,NEVP,West (non-RTO),West (non-RTO),no
32031,NV,Washoe,2023,3,Plumas-Sierra Rural Elec Coop; Sierra Pacific Power Co; Surprise Valley Electrification,CISO; NEVP; PACW,West (non-RTO); CAISO,West (non-RTO),yes
32033,NV,White Pine,2023,1,"Mt Wheeler Power, Inc",NEVP,West (non-RTO),West (non-RTO),no
32510,NV,Carson City,2023,1,Sierra Pacific Power Co,NEVP,West (non-RTO),West (non-RTO),no
33001,NH,Belknap,2023,4,New Hampshire Elec Coop Inc; New Hampton Village Precinct; Public Service Co of NH; Town of Wolfeboro - (NH),ISNE,ISO-NE,ISO-NE,no
33003,NH,Carroll,2023,3,New Hampshire Elec Coop Inc; Public Service Co of NH; Town of Wolfeboro - (NH),ISNE,ISO-NE,ISO-NE,no
33005,NH,Cheshire,2023,3,Liberty Utilities (Granite State Electri; New Hampshire Elec Coop Inc; Public Service Co of NH,ISNE,ISO-NE,ISO-NE,no
33007,NH,Coos,2023,2,New Hampshire Elec Coop Inc; Public Service Co of NH,ISNE,ISO-NE,ISO-NE,no
33009,NH,Grafton,2023,6,Liberty Utilities (Granite State Electri; New Hampshire Elec Coop Inc; Precinct of Woodsville; Public Service Co of NH; Town of Ashland; Town of Littleton - (NH),ISNE,ISO-NE,ISO-NE,no
33011,NH,Hillsborough,2023,2,Liberty Utilities (Granite State Electri; Public Service Co of NH,ISNE,ISO-NE,ISO-NE,no
33013,NH,Merrimack,2023,3,New Hampshire Elec Coop Inc; Public Service Co of NH; Unitil Energy Systems,ISNE,ISO-NE,ISO-NE,no
33015,NH,Rockingham,2023,4,Liberty Utilities (Granite State Electri; New Hampshire Elec Coop Inc; Public Service Co of NH; Unitil Energy Systems,ISNE,ISO-NE,ISO-NE,no
33017,NH,Strafford,2023,2,New Hampshire Elec Coop Inc; Public Service Co of NH,ISNE,ISO-NE,ISO-NE,no
33019,NH,Sullivan,2023,3,Liberty Utilities (Granite State Electri; New Hampshire Elec Coop Inc; Public Service Co of NH,ISNE,ISO-NE,ISO-NE,no
34001,NJ,Atlantic,2023,1,Atlantic City Electric Co,PJM,PJM,PJM,no
34003,NJ,Bergen,2023,3,Borough of Park Ridge - (NJ); Public Service Elec & Gas Co; Rockland Electric Co,PJM; NYIS,PJM; NYISO,PJM,yes
34005,NJ,Burlington,2023,4,Atlantic City Electric Co; Borough of Pemberton - (NJ); Jersey Central Power & Lt Co; Public Service Elec & Gas Co,PJM,PJM,PJM,no
34007,NJ,Camden,2023,2,Atlantic City Electric Co; Public Service Elec & Gas Co,PJM,PJM,PJM,no
34009,NJ,Cape May,2023,1,Atlantic City Electric Co,PJM,PJM,PJM,no
34011,NJ,Cumberland,2023,2,Atlantic City Electric Co; City of Vineland - (NJ),PJM,PJM,PJM,no
34013,NJ,Essex,2023,2,Jersey Central Power & Lt Co; Public Service Elec & Gas Co,PJM,PJM,PJM,no
34015,NJ,Gloucester,2023,2,Atlantic City Electric Co; Public Service Elec & Gas Co,PJM,PJM,PJM,no
34017,NJ,Hudson,2023,1,Public Service Elec & Gas Co,PJM,PJM,PJM,no
34019,NJ,Hunterdon,2023,1,Jersey Central Power & Lt Co,PJM,PJM,PJM,no
34021,NJ,Mercer,2023,2,Jersey Central Power & Lt Co; Public Service Elec & Gas Co,PJM,PJM,PJM,no
34023,NJ,Middlesex,2023,4,Borough of Milltown - (NJ); Borough of South River - (NJ); Jersey Central Power & Lt Co; Public Service Elec & Gas Co,PJM,PJM,PJM,no
34025,NJ,Monmouth,2023,2,Jersey Central Power & Lt Co; Public Service Elec & Gas Co,PJM,PJM,PJM,no
34027,NJ,Morris,2023,4,Borough of Butler - (NJ); Borough of Madison - (NJ); Jersey Central Power & Lt Co; Public Service Elec & Gas Co,PJM,PJM,PJM,no
34029,NJ,Ocean,2023,4,Atlantic City Electric Co; Borough of Lavallette - (NJ); Jersey Central Power & Lt Co; Seaside Heights Municipal Utility,PJM,PJM,PJM,no
34031,NJ,Passaic,2023,4,Borough of Butler - (NJ); Jersey Central Power & Lt Co; Public Service Elec & Gas Co; Rockland Electric Co,PJM; NYIS,PJM; NYISO,PJM,yes
34033,NJ,Salem,2023,2,Atlantic City Electric Co; Public Service Elec & Gas Co,PJM,PJM,PJM,no
34035,NJ,Somerset,2023,2,Jersey Central Power & Lt Co; Public Service Elec & Gas Co,PJM,PJM,PJM,no
34037,NJ,Sussex,2023,3,Jersey Central Power & Lt Co; Rockland Electric Co; Sussex Rural Electric Coop Inc,PJM; NYIS,PJM; NYISO,PJM,yes
34039,NJ,Union,2023,2,Jersey Central Power & Lt Co; Public Service Elec & Gas Co,PJM,PJM,PJM,no
34041,NJ,Warren,2023,1,Jersey Central Power & Lt Co,PJM,PJM,PJM,no
35001,NM,Bernalillo,2023,3,"Central New Mexico El Coop, Inc; Continental Divide El Coop Inc; Public Service Co of NM",PNM,West (non-RTO),West (non-RTO),no
35003,NM,Catron,2023,4,"Navopache Electric Coop, Inc; Public Service Co of NM; Sierra Electric Coop, Inc; Socorro Electric Coop, Inc",PNM; TEPC,West (non-RTO),West (non-RTO),no
35005,NM,Chaves,2023,6,"Central New Mexico El Coop, Inc; Central Valley Elec Coop, Inc; Lea County Electric Coop, Inc - (NM); Otero County Electric Coop Inc; Roosevelt County Elec Coop Inc; Southwestern Public Service Co",SWPP; PNM,SPP; West (non-RTO),SPP,yes
35006,NM,Cibola,2023,3,"Continental Divide El Coop Inc; Public Service Co of NM; Socorro Electric Coop, Inc",PNM,West (non-RTO),West (non-RTO),no
35007,NM,Colfax,2023,5,"Kit Carson Electric Coop, Inc; Raton Public Service Company; Southwestern Electric Coop Inc - (NM); Springer Electric Coop, Inc; Town of Springer - (NM)",PNM; PSCO,West (non-RTO),West (non-RTO),no
35009,NM,Curry,2023,4,"Farmers Electric Coop, Inc - (NM); Public Service Co of NM; Roosevelt County Elec Coop Inc; Southwestern Public Service Co",SWPP; PNM,SPP; West (non-RTO),SPP,yes
35011,NM,De Baca,2023,3,"Central New Mexico El Coop, Inc; Farmers Electric Coop, Inc - (NM); Roosevelt County Elec Coop Inc",SWPP; PNM,SPP; West (non-RTO),SPP,yes
35013,NM,Dona Ana,2023,3,"Columbus Electric Coop, Inc; El Paso Electric Co; Public Service Co of NM",PNM; EPE,West (non-RTO),West (non-RTO),no
35015,NM,Eddy,2023,4,"Central Valley Elec Coop, Inc; Lea County Electric Coop, Inc - (NM); Rio Grande Electric Coop, Inc; Southwestern Public Service Co",SWPP; EPE,SPP; West (non-RTO),SPP,yes
35017,NM,Grant,2023,3,"Columbus Electric Coop, Inc; Duncan Valley Elec Coop, Inc; Public Service Co of NM",PNM; WALC,West (non-RTO),West (non-RTO),no
35019,NM,Guadalupe,2023,3,"Central New Mexico El Coop, Inc; Farmers Electric Coop, Inc - (NM); Mora-San Miguel Elec Coop",PNM; SWPP,West (non-RTO); SPP,West (non-RTO),yes
35021,NM,Harding,2023,3,"Farmers Electric Coop, Inc - (NM); Southwestern Electric Coop Inc - (NM); Springer Electric Coop, Inc",PNM; SWPP,West (non-RTO); SPP,West (non-RTO),yes
35023,NM,Hidalgo,2023,3,"Columbus Electric Coop, Inc; Duncan Valley Elec Coop, Inc; Public Service Co of NM",PNM; WALC,West (non-RTO),West (non-RTO),no
35025,NM,Lea,2023,3,"Central Valley Elec Coop, Inc; Lea County Electric Coop, Inc - (NM); Southwestern Public Service Co",SWPP,SPP,SPP,no
35027,NM,Lincoln,2023,4,"Central New Mexico El Coop, Inc; Otero County Electric Coop Inc; Public Service Co of NM; Socorro Electric Coop, Inc",PNM,West (non-RTO),West (non-RTO),no
35028,NM,Los Alamos,2023,1,Los Alamos County,PNM,West (non-RTO),West (non-RTO),no
35029,NM,Luna,2023,4,"Columbus Electric Coop, Inc; El Paso Electric Co; Public Service Co of NM; Sierra Electric Coop, Inc",PNM; EPE,West (non-RTO),West (non-RTO),no
35031,NM,McKinley,2023,5,"City of Gallup - (NM); Continental Divide El Coop Inc; Jemez Mountains Elec Coop, Inc; Navajo Tribal Utility Authority; Public Service Co of NM",PNM; WALC; PACE,West (non-RTO),West (non-RTO),no
35033,NM,Mora,2023,2,"Mora-San Miguel Elec Coop; Springer Electric Coop, Inc",PNM,West (non-RTO),West (non-RTO),no
35035,NM,Otero,2023,5,"Central Valley Elec Coop, Inc; El Paso Electric Co; Otero County Electric Coop Inc; Public Service Co of NM; Rio Grande Electric Coop, Inc",EPE; PNM; SWPP,West (non-RTO); SPP,West (non-RTO),yes
35037,NM,Quay,2023,3,"Farmers Electric Coop, Inc - (NM); Southwestern Electric Coop Inc - (NM); Southwestern Public Service Co",SWPP; PNM,SPP; West (non-RTO),SPP,yes
35039,NM,Rio Arriba,2023,4,"City of Farmington - (NM); Jemez Mountains Elec Coop, Inc; Kit Carson Electric Coop, Inc; Northern Rio Arriba E Coop Inc",PNM; WACM; WALC,West (non-RTO),West (non-RTO),no
35041,NM,Roosevelt,2023,3,"Farmers Electric Coop, Inc - (NM); Roosevelt County Elec Coop Inc; Southwestern Public Service Co",SWPP,SPP,SPP,no
35043,NM,Sandoval,2023,4,"Central New Mexico El Coop, Inc; Continental Divide El Coop Inc; Jemez Mountains Elec Coop, Inc; Public Service Co of NM",PNM; WALC,West (non-RTO),West (non-RTO),no
35045,NM,San Juan,2023,6,"City of Aztec - (NM); City of Farmington - (NM); Jemez Mountains Elec Coop, Inc; Navajo Tribal Utility Authority; Public Service Co of NM; WAPA-- Western Area Power Administration",WACM; WALC; PACE; PNM,West (non-RTO),West (non-RTO),no
35047,NM,San Miguel,2023,5,"Central New Mexico El Coop, Inc; Farmers Electric Coop, Inc - (NM); Mora-San Miguel Elec Coop; Public Service Co of NM; Springer Electric Coop, Inc",PNM; SWPP,West (non-RTO); SPP,West (non-RTO),yes
35049,NM,Santa Fe,2023,4,"Central New Mexico El Coop, Inc; Jemez Mountains Elec Coop, Inc; Mora-San Miguel Elec Coop; Public Service Co of NM",PNM; WALC,West (non-RTO),West (non-RTO),no
35051,NM,Sierra,2023,4,"City of Truth or Consequences - (NM); El Paso Electric Co; Sierra Electric Coop, Inc; Socorro Electric Coop, Inc",PNM; EPE,West (non-RTO),West (non-RTO),no
35053,NM,Socorro,2023,5,"Central New Mexico El Coop, Inc; Otero County Electric Coop Inc; Public Service Co of NM; Sierra Electric Coop, Inc; Socorro Electric Coop, Inc",PNM,West (non-RTO),West (non-RTO),no
35055,NM,Taos,2023,1,"Kit Carson Electric Coop, Inc",PNM,West (non-RTO),West (non-RTO),no
35057,NM,Torrance,2023,3,"Central New Mexico El Coop, Inc; Public Service Co of NM; Socorro Electric Coop, Inc",PNM,West (non-RTO),West (non-RTO),no
35059,NM,Union,2023,4,"Public Service Co of NM; Southwestern Electric Coop Inc - (NM); Springer Electric Coop, Inc; Tri-County Electric Coop, Inc (OK)",PNM; SWPP,West (non-RTO); SPP,West (non-RTO),yes
35061,NM,Valencia,2023,4,"Central New Mexico El Coop, Inc; Continental Divide El Coop Inc; Public Service Co of NM; Socorro Electric Coop, Inc",PNM,West (non-RTO),West (non-RTO),no
36001,NY,Albany,2023,3,Central Hudson Gas & Elec Corp; Niagara Mohawk Power Corp.; Village of Green Island - (NY),NYIS,NYISO,NYISO,no
36003,NY,Allegany,2023,6,New York State Elec & Gas Corp; Niagara Mohawk Power Corp.; Rochester Gas & Electric Corp; Village of Andover - (NY); Village of Angelica - (NY); Village of Wellsville - (NY),NYIS,NYISO,NYISO,no
36005,NY,Bronx,2023,1,Consolidated Edison Co-NY Inc,NYIS,NYISO,NYISO,no
36007,NY,Broome,2023,3,New York State Elec & Gas Corp; Village of Endicott - (NY); Village of Marathon - (NY),NYIS,NYISO,NYISO,no
36009,NY,Cattaraugus,2023,6,"City of Salamanca - (NY); New York State Elec & Gas Corp; Niagara Mohawk Power Corp.; Steuben Rural Elec Coop, Inc; Village of Arcade - (NY); Village of Little Valley - (NY)",NYIS,NYISO,NYISO,no
36011,NY,Cayuga,2023,2,New York State Elec & Gas Corp; Niagara Mohawk Power Corp.,NYIS,NYISO,NYISO,no
36013,NY,Chautauqua,2023,7,"Jamestown Board of Public Util; New York State Elec & Gas Corp; Niagara Mohawk Power Corp.; Steuben Rural Elec Coop, Inc; Village of Brocton - (NY); Village of Mayville - (NY); Village of Westfield - (NY)",NYIS,NYISO,NYISO,no
36015,NY,Chemung,2023,2,New York State Elec & Gas Corp; Pennsylvania Electric Co,NYIS; PJM,NYISO; PJM,NYISO,yes
36017,NY,Chenango,2023,6,"Delaware County Elec Coop Inc; New York State Elec & Gas Corp; Niagara Mohawk Power Corp.; Otsego Electric Coop, Inc; Village of Greene - (NY); Village of Sherburne - (NY)",NYIS,NYISO,NYISO,no
36019,NY,Clinton,2023,4,City of Plattsburgh - (NY); New York State Elec & Gas Corp; Niagara Mohawk Power Corp.; Village of Rouses Point - (NY),NYIS,NYISO,NYISO,no
36021,NY,Columbia,2023,3,Central Hudson Gas & Elec Corp; New York State Elec & Gas Corp; Niagara Mohawk Power Corp.,NYIS,NYISO,NYISO,no
36023,NY,Cortland,2023,3,New York State Elec & Gas Corp; Niagara Mohawk Power Corp.; Village of Marathon - (NY),NYIS,NYISO,NYISO,no
36025,NY,Delaware,2023,2,Delaware County Elec Coop Inc; New York State Elec & Gas Corp,NYIS,NYISO,NYISO,no
36027,NY,Dutchess,2023,2,Central Hudson Gas & Elec Corp; New York State Elec & Gas Corp,NYIS,NYISO,NYISO,no
36029,NY,Erie,2023,5,New York State Elec & Gas Corp; Niagara Mohawk Power Corp.; Village of Akron - (NY); Village of Arcade - (NY); Village of Springville - (NY),NYIS,NYISO,NYISO,no
36031,NY,Essex,2023,3,"Lake Placid Village, Inc - (NY); New York State Elec & Gas Corp; Niagara Mohawk Power Corp.",NYIS,NYISO,NYISO,no
36033,NY,Franklin,2023,3,New York State Elec & Gas Corp; Niagara Mohawk Power Corp.; Village of Tupper Lake - (NY),NYIS,NYISO,NYISO,no
36035,NY,Fulton,2023,1,Niagara Mohawk Power Corp.,NYIS,NYISO,NYISO,no
36037,NY,Genesee,2023,3,Niagara Mohawk Power Corp.; Rochester Gas & Electric Corp; Village of Bergen - (NY),NYIS,NYISO,NYISO,no
36039,NY,Greene,2023,2,Central Hudson Gas & Elec Corp; New York State Elec & Gas Corp,NYIS,NYISO,NYISO,no
36041,NY,Hamilton,2023,2,New York State Elec & Gas Corp; Niagara Mohawk Power Corp.,NYIS,NYISO,NYISO,no
36043,NY,Herkimer,2023,6,"Mohawk Municipal Comm; New York State Elec & Gas Corp; Niagara Mohawk Power Corp.; Otsego Electric Coop, Inc; Village of Frankfort - (NY); Village of Ilion - (NY)",NYIS,NYISO,NYISO,no
36045,NY,Jefferson,2023,3,Niagara Mohawk Power Corp.; Village of Philadelphia - (NY); Village of Theresa - (NY),NYIS,NYISO,NYISO,no
36047,NY,Kings,2023,1,Consolidated Edison Co-NY Inc,NYIS,NYISO,NYISO,no
36049,NY,Lewis,2023,3,New York State Elec & Gas Corp; Niagara Mohawk Power Corp.; Village of Boonville - (NY),NYIS,NYISO,NYISO,no
36051,NY,Livingston,2023,3,New York State Elec & Gas Corp; Niagara Mohawk Power Corp.; Rochester Gas & Electric Corp,NYIS,NYISO,NYISO,no
36053,NY,Madison,2023,6,"City of Sherrill - (NY); New York State Elec & Gas Corp; Niagara Mohawk Power Corp.; Oneida-Madison Elec Coop, Inc; Otsego Electric Coop, Inc; Village of Hamilton - (NY)",NYIS,NYISO,NYISO,no
36055,NY,Monroe,2023,5,Niagara Mohawk Power Corp.; Rochester Gas & Electric Corp; Village of Churchville - (NY); Village of Fairport - (NY); Village of Spencerport - (NY),NYIS,NYISO,NYISO,no
36057,NY,Montgomery,2023,1,Niagara Mohawk Power Corp.,NYIS,NYISO,NYISO,no
36059,NY,Nassau,2023,3,Long Island Power Authority; Village of Freeport - (NY); Village of Rockville Centre - (NY),NYIS,NYISO,NYISO,no
36061,NY,New York,2023,1,Consolidated Edison Co-NY Inc,NYIS,NYISO,NYISO,no
36063,NY,Niagara,2023,2,New York State Elec & Gas Corp; Niagara Mohawk Power Corp.,NYIS,NYISO,NYISO,no
36065,NY,Oneida,2023,5,"City of Sherrill - (NY); New York State Elec & Gas Corp; Niagara Mohawk Power Corp.; Oneida-Madison Elec Coop, Inc; Village of Boonville - (NY)",NYIS,NYISO,NYISO,no
36067,NY,Onondaga,2023,4,New York State Elec & Gas Corp; Niagara Mohawk Power Corp.; Village of Skaneateles - (NY); Village of Solvay - (NY),NYIS,NYISO,NYISO,no
36069,NY,Ontario,2023,3,New York State Elec & Gas Corp; Niagara Mohawk Power Corp.; Rochester Gas & Electric Corp,NYIS,NYISO,NYISO,no
36071,NY,Orange,2023,3,Central Hudson Gas & Elec Corp; New York State Elec & Gas Corp; Orange & Rockland Utils Inc,NYIS,NYISO,NYISO,no
36073,NY,Orleans,2023,3,New York State Elec & Gas Corp; Niagara Mohawk Power Corp.; Village of Holley - (NY),NYIS,NYISO,NYISO,no
36075,NY,Oswego,2023,1,Niagara Mohawk Power Corp.,NYIS,NYISO,NYISO,no
36077,NY,Otsego,2023,4,"Delaware County Elec Coop Inc; New York State Elec & Gas Corp; Niagara Mohawk Power Corp.; Otsego Electric Coop, Inc",NYIS,NYISO,NYISO,no
36079,NY,Putnam,2023,2,Central Hudson Gas & Elec Corp; New York State Elec & Gas Corp,NYIS,NYISO,NYISO,no
36081,NY,Queens,2023,3,Consolidated Edison Co-NY Inc; Long Island Power Authority; North Shore Towers Apts Inc,NYIS,NYISO,NYISO,no
36083,NY,Rensselaer,2023,2,New York State Elec & Gas Corp; Niagara Mohawk Power Corp.,NYIS,NYISO,NYISO,no
36085,NY,Richmond,2023,1,Consolidated Edison Co-NY Inc,NYIS,NYISO,NYISO,no
36087,NY,Rockland,2023,1,Orange & Rockland Utils Inc,NYIS,NYISO,NYISO,no
36089,NY,St. Lawrence,2023,2,Niagara Mohawk Power Corp.; Town of Massena - (NY),NYIS,NYISO,NYISO,no
36091,NY,Saratoga,2023,2,New York State Elec & Gas Corp; Niagara Mohawk Power Corp.,NYIS,NYISO,NYISO,no
36093,NY,Schenectady,2023,1,Niagara Mohawk Power Corp.,NYIS,NYISO,NYISO,no
36095,NY,Schoharie,2023,4,Delaware County Elec Coop Inc; New York State Elec & Gas Corp; Niagara Mohawk Power Corp.; Village of Richmondville - (NY),NYIS,NYISO,NYISO,no
36097,NY,Schuyler,2023,3,"New York State Elec & Gas Corp; Steuben Rural Elec Coop, Inc; Village of Watkins Glen - (NY)",NYIS,NYISO,NYISO,no
36099,NY,Seneca,2023,1,New York State Elec & Gas Corp,NYIS,NYISO,NYISO,no
36101,NY,Steuben,2023,3,"Bath Electric Gas & Water; New York State Elec & Gas Corp; Steuben Rural Elec Coop, Inc",NYIS,NYISO,NYISO,no
36103,NY,Suffolk,2023,3,Fishers Island Utility Co Inc; Long Island Power Authority; Village of Greenport - (NY),NYIS; ISNE,NYISO; ISO-NE,NYISO,yes
36105,NY,Sullivan,2023,2,New York State Elec & Gas Corp; Orange & Rockland Utils Inc,NYIS,NYISO,NYISO,no
36107,NY,Tioga,2023,2,New York State Elec & Gas Corp; Pennsylvania Electric Co,NYIS; PJM,NYISO; PJM,NYISO,yes
36109,NY,Tompkins,2023,2,New York State Elec & Gas Corp; Village of Groton - (NY),NYIS,NYISO,NYISO,no
36111,NY,Ulster,2023,2,Central Hudson Gas & Elec Corp; New York State Elec & Gas Corp,NYIS,NYISO,NYISO,no
36113,NY,Warren,2023,1,Niagara Mohawk Power Corp.,NYIS,NYISO,NYISO,no
36115,NY,Washington,2023,2,New York State Elec & Gas Corp; Niagara Mohawk Power Corp.,NYIS,NYISO,NYISO,no
36117,NY,Wayne,2023,2,New York State Elec & Gas Corp; Rochester Gas & Electric Corp,NYIS,NYISO,NYISO,no
36119,NY,Westchester,2023,2,Consolidated Edison Co-NY Inc; New York State Elec & Gas Corp,NYIS,NYISO,NYISO,no
36121,NY,Wyoming,2023,6,New York State Elec & Gas Corp; Niagara Mohawk Power Corp.; Rochester Gas & Electric Corp; Village of Arcade - (NY); Village of Castile - (NY); Village of Silver Springs - (NY),NYIS,NYISO,NYISO,no
36123,NY,Yates,2023,2,New York State Elec & Gas Corp; Village of Penn Yan - (NY),NYIS,NYISO,NYISO,no
37001,NC,Alamance,2023,4,"Duke Energy Carolinas, LLC; Duke Energy Progress - (NC); Piedmont Electric Member Corp; Randolph Electric Member Corp",CPLE; DUK,Southeast (non-RTO),Southeast (non-RTO),no
37003,NC,Alexander,2023,3,"Blue Ridge Elec Member Corp - (NC); Duke Energy Carolinas, LLC; EnergyUnited Elec Member Corp",DUK,Southeast (non-RTO),Southeast (non-RTO),no
37005,NC,Alleghany,2023,1,Blue Ridge Elec Member Corp - (NC),DUK,Southeast (non-RTO),Southeast (non-RTO),no
37007,NC,Anson,2023,3,"Duke Energy Carolinas, LLC; Duke Energy Progress - (NC); Pee Dee Electric Member Corp",CPLE; DUK,Southeast (non-RTO),Southeast (non-RTO),no
37009,NC,Ashe,2023,1,Blue Ridge Elec Member Corp - (NC),DUK,Southeast (non-RTO),Southeast (non-RTO),no
37011,NC,Avery,2023,3,"Blue Ridge Elec Member Corp - (NC); Duke Energy Progress - (NC); Mountain Electric Coop, Inc",DUK; CPLE; TVA,Southeast (non-RTO),Southeast (non-RTO),no
37013,NC,Beaufort,2023,6,City of Washington - (NC); Duke Energy Progress - (NC); Edgecombe-Martin County E M C; Tideland Electric Member Corp; Town of Belhaven - (NC); Virginia Electric & Power Co,CPLE; PJM,Southeast (non-RTO); PJM,Southeast (non-RTO),yes
37015,NC,Bertie,2023,4,Edgecombe-Martin County E M C; Roanoke Electric Member Corp; Town of Windsor- (NC); Virginia Electric & Power Co,PJM,PJM,PJM,no
37017,NC,Bladen,2023,4,Brunswick Electric Member Corp; Duke Energy Progress - (NC); Four County Elec Member Corp; South River Elec Member Corp,CPLE,Southeast (non-RTO),Southeast (non-RTO),no
37019,NC,Brunswick,2023,4,Brunswick Electric Member Corp; City of Southport - (NC); Duke Energy Progress - (NC); Virginia Electric & Power Co,CPLE; PJM,Southeast (non-RTO); PJM,Southeast (non-RTO),yes
37021,NC,Buncombe,2023,4,"Duke Energy Carolinas, LLC; Duke Energy Progress - (NC); French Broad Elec Member Corp; Haywood Electric Member Corp",CPLE; DUK,Southeast (non-RTO),Southeast (non-RTO),no
37023,NC,Burke,2023,5,"City of Morganton - (NC); Duke Energy Carolinas, LLC; Mountain Electric Coop, Inc; Rutherford Elec Member Corp; Town of Drexel - (NC)",DUK; TVA,Southeast (non-RTO),Southeast (non-RTO),no
37025,NC,Cabarrus,2023,5,"City of Concord - (NC); Duke Energy Carolinas, LLC; EnergyUnited Elec Member Corp; Union Electric Membership Corp - (NC); Virginia Electric & Power Co",DUK; PJM,Southeast (non-RTO); PJM,Southeast (non-RTO),yes
37027,NC,Caldwell,2023,5,"Blue Ridge Elec Member Corp - (NC); Duke Energy Carolinas, LLC; EnergyUnited Elec Member Corp; Rutherford Elec Member Corp; Town of Granite Falls - (NC)",DUK,Southeast (non-RTO),Southeast (non-RTO),no
37029,NC,Camden,2023,2,Albemarle Electric Member Corp; Virginia Electric & Power Co,PJM,PJM,PJM,no
37031,NC,Carteret,2023,2,Carteret-Craven El Member Corp; Duke Energy Progress - (NC),CPLE,Southeast (non-RTO),Southeast (non-RTO),no
37033,NC,Caswell,2023,3,"Duke Energy Carolinas, LLC; Duke Energy Progress - (NC); Piedmont Electric Member Corp",DUK; CPLE,Southeast (non-RTO),Southeast (non-RTO),no
37035,NC,Catawba,2023,5,"City of Newton - (NC); Duke Energy Carolinas, LLC; EnergyUnited Elec Member Corp; Rutherford Elec Member Corp; Town of Maiden - (NC)",DUK,Southeast (non-RTO),Southeast (non-RTO),no
37037,NC,Chatham,2023,5,"Central Electric Membership Corp. - (NC); Duke Energy Carolinas, LLC; Duke Energy Progress - (NC); Piedmont Electric Member Corp; Randolph Electric Member Corp",CPLE; DUK,Southeast (non-RTO),Southeast (non-RTO),no
37039,NC,Cherokee,2023,4,"Blue Ridge Mountain EMC - (GA); Duke Energy Carolinas, LLC; Town of Murphy - (NC); Tri-State Electric Member Corp",TVA; DUK,Southeast (non-RTO),Southeast (non-RTO),no
37041,NC,Chowan,2023,4,Albemarle Electric Member Corp; Roanoke Electric Member Corp; Town of Edenton - (NC); Virginia Electric & Power Co,PJM; CPLE,PJM; Southeast (non-RTO),PJM,yes
37043,NC,Clay,2023,1,"Duke Energy Carolinas, LLC",DUK,Southeast (non-RTO),Southeast (non-RTO),no
37045,NC,Cleveland,2023,5,"Broad River Electric Coop, Inc; City of Kings Mountain - (NC); City of Shelby - (NC); Duke Energy Carolinas, LLC; Rutherford Elec Member Corp",DUK,Southeast (non-RTO),Southeast (non-RTO),no
37047,NC,Columbus,2023,3,Brunswick Electric Member Corp; Duke Energy Progress - (NC); Four County Elec Member Corp,CPLE,Southeast (non-RTO),Southeast (non-RTO),no
37049,NC,Craven,2023,5,Carteret-Craven El Member Corp; City of New Bern - (NC); Duke Energy Progress - (NC); Jones-Onslow Elec Member Corp; Tideland Electric Member Corp,CPLE; PJM,Southeast (non-RTO); PJM,Southeast (non-RTO),yes
37051,NC,Cumberland,2023,5,Duke Energy Progress - (NC); Fayetteville Public Works Commission; Lumbee River Elec Member Corp; South River Elec Member Corp; Virginia Electric & Power Co,CPLE; PJM,Southeast (non-RTO); PJM,Southeast (non-RTO),yes
37053,NC,Currituck,2023,2,Albemarle Electric Member Corp; Virginia Electric & Power Co,PJM,PJM,PJM,no
37055,NC,Dare,2023,3,Cape Hatteras Elec Member Corp; Tideland Electric Member Corp; Virginia Electric & Power Co,PJM,PJM,PJM,no
37057,NC,Davidson,2023,4,"City of Lexington - (NC); Duke Energy Carolinas, LLC; EnergyUnited Elec Member Corp; Town of High Point",DUK,Southeast (non-RTO),Southeast (non-RTO),no
37059,NC,Davie,2023,2,"Duke Energy Carolinas, LLC; EnergyUnited Elec Member Corp",DUK,Southeast (non-RTO),Southeast (non-RTO),no
37061,NC,Duplin,2023,4,Duke Energy Progress - (NC); Four County Elec Member Corp; Jones-Onslow Elec Member Corp; Tri-County Elec Member Corp (NC),CPLE,Southeast (non-RTO),Southeast (non-RTO),no
37063,NC,Durham,2023,4,"Duke Energy Carolinas, LLC; Duke Energy Progress - (NC); Piedmont Electric Member Corp; Wake Electric Membership Corp",CPLE; DUK,Southeast (non-RTO),Southeast (non-RTO),no
37065,NC,Edgecombe,2023,10,City of Rocky Mount - (NC); City of Wilson - (NC); Duke Energy Progress - (NC); Edgecombe-Martin County E M C; Pitt & Greene Elec Member Corp; Town of MacClesfield - (NC); Town of Pinetops - (NC); Town of Sharpsburg - (NC),CPLE; PJM,Southeast (non-RTO); PJM,Southeast (non-RTO),yes
37067,NC,Forsyth,2023,4,"Duke Energy Carolinas, LLC; EnergyUnited Elec Member Corp; Surry-Yadkin Elec Member Corp; Town of High Point",DUK,Southeast (non-RTO),Southeast (non-RTO),no
37069,NC,Franklin,2023,3,Duke Energy Progress - (NC); Town of Louisburg - (NC); Wake Electric Membership Corp,CPLE,Southeast (non-RTO),Southeast (non-RTO),no
37071,NC,Gaston,2023,8,"City of Cherryville - (NC); City of Gastonia - (NC); City of Kings Mountain - (NC); Duke Energy Carolinas, LLC; EnergyUnited Elec Member Corp; Rutherford Elec Member Corp; Town of Dallas - (NC); York Electric Coop Inc",DUK,Southeast (non-RTO),Southeast (non-RTO),no
37073,NC,Gates,2023,2,Roanoke Electric Member Corp; Virginia Electric & Power Co,PJM,PJM,PJM,no
37075,NC,Graham,2023,2,"Duke Energy Carolinas, LLC; Tennessee Valley Authority",DUK; TVA,Southeast (non-RTO),Southeast (non-RTO),no
37077,NC,Granville,2023,6,"Duke Energy Carolinas, LLC; Duke Energy Progress - (NC); Mecklenburg Electric Cooperative; Piedmont Electric Member Corp; Virginia Electric & Power Co; Wake Electric Membership Corp",CPLE; DUK; PJM,Southeast (non-RTO); PJM,Southeast (non-RTO),yes
37079,NC,Greene,2023,6,City of Wilson - (NC); Duke Energy Progress - (NC); Pitt & Greene Elec Member Corp; Town of Hookerton - (NC); Town of Stantonsburg - (NC); Town of Walstonburg,CPLE,Southeast (non-RTO),Southeast (non-RTO),no
37081,NC,Guilford,2023,4,"Duke Energy Carolinas, LLC; Duke Energy Progress - (NC); EnergyUnited Elec Member Corp; Town of High Point",DUK; CPLE,Southeast (non-RTO),Southeast (non-RTO),no
37083,NC,Halifax,2023,8,Duke Energy Progress - (NC); Edgecombe-Martin County E M C; Halifax Electric Member Corp; Roanoke Electric Member Corp; Town of Enfield - (NC); Town of Hobgood; Town of Scotland Neck - (NC); Virginia Electric & Power Co,CPLE; PJM,Southeast (non-RTO); PJM,Southeast (non-RTO),yes
37085,NC,Harnett,2023,3,Central Electric Membership Corp. - (NC); Duke Energy Progress - (NC); South River Elec Member Corp,CPLE,Southeast (non-RTO),Southeast (non-RTO),no
37087,NC,Haywood,2023,3,Duke Energy Progress - (NC); Haywood Electric Member Corp; Town of Waynesville - (NC),DUK; CPLE,Southeast (non-RTO),Southeast (non-RTO),no
37089,NC,Henderson,2023,2,"Duke Energy Carolinas, LLC; Duke Energy Progress - (NC)",CPLE; DUK,Southeast (non-RTO),Southeast (non-RTO),no
37091,NC,Hertford,2023,2,Roanoke Electric Member Corp; Virginia Electric & Power Co,PJM,PJM,PJM,no
37093,NC,Hoke,2023,2,Duke Energy Progress - (NC); Lumbee River Elec Member Corp,CPLE,Southeast (non-RTO),Southeast (non-RTO),no
37095,NC,Hyde,2023,2,Tideland Electric Member Corp; Virginia Electric & Power Co,PJM,PJM,PJM,no
37097,NC,Iredell,2023,3,"City of Statesville - (NC); Duke Energy Carolinas, LLC; EnergyUnited Elec Member Corp",DUK,Southeast (non-RTO),Southeast (non-RTO),no
37099,NC,Jackson,2023,4,"City of Highlands - (NC); Duke Energy Carolinas, LLC; Duke Energy Progress - (NC); Haywood Electric Member Corp",DUK; CPLE,Southeast (non-RTO),Southeast (non-RTO),no
37101,NC,Johnston,2023,9,City of Wilson - (NC); Duke Energy Progress - (NC); South River Elec Member Corp; Town of Benson - (NC); Town of Clayton - (NC); Town of Selma - (NC); Town of Smithfield - (NC); Tri-County Elec Member Corp (NC),CPLE,Southeast (non-RTO),Southeast (non-RTO),no
37103,NC,Jones,2023,5,Carteret-Craven El Member Corp; City of New Bern - (NC); Duke Energy Progress - (NC); Jones-Onslow Elec Member Corp; Tri-County Elec Member Corp (NC),CPLE,Southeast (non-RTO),Southeast (non-RTO),no
37105,NC,Lee,2023,2,Central Electric Membership Corp. - (NC); Duke Energy Progress - (NC),CPLE,Southeast (non-RTO),Southeast (non-RTO),no
37107,NC,Lenoir,2023,6,City of Kinston - (NC); Duke Energy Progress - (NC); Jones-Onslow Elec Member Corp; Pitt & Greene Elec Member Corp; Town of La Grange - (NC); Tri-County Elec Member Corp (NC),CPLE,Southeast (non-RTO),Southeast (non-RTO),no
37109,NC,Lincoln,2023,4,"City of Lincolnton - (NC); Duke Energy Carolinas, LLC; EnergyUnited Elec Member Corp; Rutherford Elec Member Corp",DUK,Southeast (non-RTO),Southeast (non-RTO),no
37111,NC,McDowell,2023,4,"Duke Energy Carolinas, LLC; Duke Energy Progress - (NC); French Broad Elec Member Corp; Rutherford Elec Member Corp",CPLE; DUK,Southeast (non-RTO),Southeast (non-RTO),no
37113,NC,Macon,2023,3,"City of Highlands - (NC); Duke Energy Carolinas, LLC; Haywood Electric Member Corp",DUK,Southeast (non-RTO),Southeast (non-RTO),no
37115,NC,Madison,2023,3,Duke Energy Progress - (NC); French Broad Elec Member Corp; Haywood Electric Member Corp,CPLE; DUK,Southeast (non-RTO),Southeast (non-RTO),no
37117,NC,Martin,2023,7,City of Robersonville - (NC); City of Washington - (NC); Edgecombe-Martin County E M C; Halifax Electric Member Corp; Town of Hamilton - (NC); Town of Oak City - (NC); Virginia Electric & Power Co,PJM; CPLE,PJM; Southeast (non-RTO),PJM,yes
37119,NC,Mecklenburg,2023,7,"Duke Energy Carolinas, LLC; EnergyUnited Elec Member Corp; Town of Cornelius - (NC); Town of Huntersville - (NC); Town of Pineville - (NC); Union Electric Membership Corp - (NC); York Electric Coop Inc",DUK,Southeast (non-RTO),Southeast (non-RTO),no
37121,NC,Mitchell,2023,3,Duke Energy Progress - (NC); French Broad Elec Member Corp; Rutherford Elec Member Corp,CPLE; DUK,Southeast (non-RTO),Southeast (non-RTO),no
37123,NC,Montgomery,2023,4,Duke Energy Progress - (NC); EnergyUnited Elec Member Corp; Pee Dee Electric Member Corp; Randolph Electric Member Corp,CPLE; DUK,Southeast (non-RTO),Southeast (non-RTO),no
37125,NC,Moore,2023,5,Central Electric Membership Corp. - (NC); Duke Energy Progress - (NC); Lumbee River Elec Member Corp; Pee Dee Electric Member Corp; Randolph Electric Member Corp,CPLE,Southeast (non-RTO),Southeast (non-RTO),no
37127,NC,Nash,2023,8,City of Rocky Mount - (NC); City of Wilson - (NC); Duke Energy Progress - (NC); Edgecombe-Martin County E M C; Halifax Electric Member Corp; Town of Sharpsburg - (NC); Virginia Electric & Power Co; Wake Electric Membership Corp,CPLE; PJM,Southeast (non-RTO); PJM,Southeast (non-RTO),yes
37129,NC,New Hanover,2023,1,Duke Energy Progress - (NC),CPLE,Southeast (non-RTO),Southeast (non-RTO),no
37131,NC,Northampton,2023,3,Mecklenburg Electric Cooperative; Roanoke Electric Member Corp; Virginia Electric & Power Co,PJM,PJM,PJM,no
37133,NC,Onslow,2023,4,Carteret-Craven El Member Corp; Duke Energy Progress - (NC); Four County Elec Member Corp; Jones-Onslow Elec Member Corp,CPLE,Southeast (non-RTO),Southeast (non-RTO),no
37135,NC,Orange,2023,3,"Duke Energy Carolinas, LLC; Duke Energy Progress - (NC); Piedmont Electric Member Corp",DUK; CPLE,Southeast (non-RTO),Southeast (non-RTO),no
37137,NC,Pamlico,2023,2,Duke Energy Progress - (NC); Tideland Electric Member Corp,CPLE; PJM,Southeast (non-RTO); PJM,Southeast (non-RTO),yes
37139,NC,Pasquotank,2023,3,Albemarle Electric Member Corp; City of Elizabeth City - (NC); Virginia Electric & Power Co,PJM; CPLE,PJM; Southeast (non-RTO),PJM,yes
37141,NC,Pender,2023,3,Duke Energy Progress - (NC); Four County Elec Member Corp; Jones-Onslow Elec Member Corp,CPLE,Southeast (non-RTO),Southeast (non-RTO),no
37143,NC,Perquimans,2023,4,Albemarle Electric Member Corp; City of Hertford - (NC); Roanoke Electric Member Corp; Virginia Electric & Power Co,PJM; CPLE,PJM; Southeast (non-RTO),PJM,yes
37145,NC,Person,2023,5,"Duke Energy Carolinas, LLC; Duke Energy Progress - (NC); Mecklenburg Electric Cooperative; Piedmont Electric Member Corp; Virginia Electric & Power Co",DUK; PJM; CPLE,Southeast (non-RTO); PJM,Southeast (non-RTO),yes
37147,NC,Pitt,2023,11,City of Washington - (NC); City of Wilson - (NC); City of Winterville - (NC); Duke Energy Progress - (NC); Edgecombe-Martin County E M C; Greenville Utilities Comm; Pitt & Greene Elec Member Corp; Town of Ayden - (NC),CPLE; PJM,Southeast (non-RTO); PJM,Southeast (non-RTO),yes
37149,NC,Polk,2023,3,"Broad River Electric Coop, Inc; Duke Energy Carolinas, LLC; Rutherford Elec Member Corp",DUK,Southeast (non-RTO),Southeast (non-RTO),no
37151,NC,Randolph,2023,6,"Central Electric Membership Corp. - (NC); Duke Energy Carolinas, LLC; Duke Energy Progress - (NC); EnergyUnited Elec Member Corp; Randolph Electric Member Corp; Town of High Point",CPLE; DUK,Southeast (non-RTO),Southeast (non-RTO),no
37153,NC,Richmond,2023,2,Duke Energy Progress - (NC); Pee Dee Electric Member Corp,CPLE,Southeast (non-RTO),Southeast (non-RTO),no
37155,NC,Robeson,2023,5,Brunswick Electric Member Corp; City of Lumberton - (NC); Duke Energy Progress - (NC); Lumbee River Elec Member Corp; Town of Red Springs - (NC),CPLE,Southeast (non-RTO),Southeast (non-RTO),no
37157,NC,Rockingham,2023,2,"Duke Energy Carolinas, LLC; EnergyUnited Elec Member Corp",DUK,Southeast (non-RTO),Southeast (non-RTO),no
37159,NC,Rowan,2023,4,"Duke Energy Carolinas, LLC; EnergyUnited Elec Member Corp; Town of Landis - (NC); Union Electric Membership Corp - (NC)",DUK,Southeast (non-RTO),Southeast (non-RTO),no
37161,NC,Rutherford,2023,6,"Broad River Electric Coop, Inc; Duke Energy Carolinas, LLC; Duke Energy Progress - (NC); Rutherford Elec Member Corp; Town of Bostic - (NC); Town of Forest City",DUK; CPLE,Southeast (non-RTO),Southeast (non-RTO),no
37163,NC,Sampson,2023,4,Duke Energy Progress - (NC); Four County Elec Member Corp; South River Elec Member Corp; Tri-County Elec Member Corp (NC),CPLE,Southeast (non-RTO),Southeast (non-RTO),no
37165,NC,Scotland,2023,4,City of Laurinburg - (NC); Duke Energy Progress - (NC); Lumbee River Elec Member Corp; Pee Dee Electric Member Corp,CPLE,Southeast (non-RTO),Southeast (non-RTO),no
37167,NC,Stanly,2023,5,"City of Albemarle - (NC); Duke Energy Carolinas, LLC; Duke Energy Progress - (NC); Pee Dee Electric Member Corp; Union Electric Membership Corp - (NC)",DUK; CPLE,Southeast (non-RTO),Southeast (non-RTO),no
37169,NC,Stokes,2023,3,"Duke Energy Carolinas, LLC; EnergyUnited Elec Member Corp; Surry-Yadkin Elec Member Corp",DUK,Southeast (non-RTO),Southeast (non-RTO),no
37171,NC,Surry,2023,2,"Duke Energy Carolinas, LLC; Surry-Yadkin Elec Member Corp",DUK,Southeast (non-RTO),Southeast (non-RTO),no
37173,NC,Swain,2023,1,"Duke Energy Carolinas, LLC",DUK,Southeast (non-RTO),Southeast (non-RTO),no
37175,NC,Transylvania,2023,2,"Duke Energy Carolinas, LLC; Haywood Electric Member Corp",DUK,Southeast (non-RTO),Southeast (non-RTO),no
37177,NC,Tyrrell,2023,1,Virginia Electric & Power Co,PJM,PJM,PJM,no
37179,NC,Union,2023,4,"City of Monroe - (NC); Duke Energy Carolinas, LLC; Pee Dee Electric Member Corp; Union Electric Membership Corp - (NC)",DUK; CPLE,Southeast (non-RTO),Southeast (non-RTO),no
37181,NC,Vance,2023,3,Duke Energy Progress - (NC); Mecklenburg Electric Cooperative; Wake Electric Membership Corp,CPLE; PJM,Southeast (non-RTO); PJM,Southeast (non-RTO),yes
37183,NC,Wake,2023,6,"Duke Energy Carolinas, LLC; Duke Energy Progress - (NC); North Carolina Eastern M P A; Town of Apex- (NC); Town of Wake Forest - (NC); Wake Electric Membership Corp",CPLE; DUK,Southeast (non-RTO),Southeast (non-RTO),no
37185,NC,Warren,2023,4,Duke Energy Progress - (NC); Halifax Electric Member Corp; Mecklenburg Electric Cooperative; Virginia Electric & Power Co,CPLE; PJM,Southeast (non-RTO); PJM,Southeast (non-RTO),yes
37187,NC,Washington,2023,2,Tideland Electric Member Corp; Virginia Electric & Power Co,PJM,PJM,PJM,no
37189,NC,Watauga,2023,3,"Blue Ridge Elec Member Corp - (NC); Mountain Electric Coop, Inc; New River Light & Power Co",DUK; TVA,Southeast (non-RTO),Southeast (non-RTO),no
37191,NC,Wayne,2023,7,City of Wilson - (NC); Duke Energy Progress - (NC); Pitt & Greene Elec Member Corp; Town of Fremont - (NC); Town of Pikeville - (NC); Town of Stantonsburg - (NC); Tri-County Elec Member Corp (NC),CPLE,Southeast (non-RTO),Southeast (non-RTO),no
37193,NC,Wilkes,2023,4,"Blue Ridge Elec Member Corp - (NC); Duke Energy Carolinas, LLC; EnergyUnited Elec Member Corp; Surry-Yadkin Elec Member Corp",DUK,Southeast (non-RTO),Southeast (non-RTO),no
37195,NC,Wilson,2023,9,City of Wilson - (NC); Duke Energy Progress - (NC); Edgecombe-Martin County E M C; Pitt & Greene Elec Member Corp; Town of Black Creek - (NC); Town of Lucama - (NC); Town of Sharpsburg - (NC); Town of Stantonsburg - (NC),CPLE; PJM,Southeast (non-RTO); PJM,Southeast (non-RTO),yes
37197,NC,Yadkin,2023,3,"Duke Energy Carolinas, LLC; EnergyUnited Elec Member Corp; Surry-Yadkin Elec Member Corp",DUK,Southeast (non-RTO),Southeast (non-RTO),no
37199,NC,Yancey,2023,2,Duke Energy Progress - (NC); French Broad Elec Member Corp,CPLE,Southeast (non-RTO),Southeast (non-RTO),no
38001,ND,Adams,2023,2,Montana-Dakota Utilities Co; Slope Electric Coop Inc,MISO; SWPP,MISO; SPP,MISO,yes
38003,ND,Barnes,2023,6,Cass County Elec Coop Inc; City of Valley City; Nodak Electric Coop Inc; Northern Plains Electric Coop; Otter Tail Power Co; WAPA-- Western Area Power Administration,MISO; SWPP,MISO; SPP,MISO,yes
38005,ND,Benson,2023,5,City of Maddock - (ND); Nodak Electric Coop Inc; Northern Plains Electric Coop; Otter Tail Power Co; WAPA-- Western Area Power Administration,MISO; SWPP,MISO; SPP,MISO,yes
38007,ND,Billings,2023,4,"Goldenwest Electric Coop, Inc; McKenzie Electric Coop Inc; Roughrider Electric Cooperativ; WAPA-- Western Area Power Administration",SWPP,SPP,SPP,no
38009,ND,Bottineau,2023,4,"Montana-Dakota Utilities Co; North Central Elec Coop, Inc - (ND); Otter Tail Power Co; Verendrye Electric Coop Inc",MISO,MISO,MISO,no
38011,ND,Bowman,2023,2,Montana-Dakota Utilities Co; Slope Electric Coop Inc,MISO; SWPP,MISO; SPP,MISO,yes
38013,ND,Burke,2023,3,Burke-Divide Electric Coop Inc; Montana-Dakota Utilities Co; Mountrail-Williams Elec Coop,SWPP; MISO,SPP; MISO,SPP,yes
38015,ND,Burleigh,2023,5,"Capital Electric Coop, Inc; KEM Electric Coop Inc; Montana-Dakota Utilities Co; Otter Tail Power Co; WAPA-- Western Area Power Administration",SWPP; MISO,SPP; MISO,SPP,yes
38017,ND,Cass,2023,5,Cass County Elec Coop Inc; Nodak Electric Coop Inc; Northern States Power Co - Minnesota; Otter Tail Power Co; WAPA-- Western Area Power Administration,MISO; SWPP,MISO; SPP,MISO,yes
38019,ND,Cavalier,2023,3,"Cavalier Rural Elec Coop, Inc; Nodak Electric Coop Inc; Otter Tail Power Co",MISO,MISO,MISO,no
38021,ND,Dickey,2023,6,"Cass County Elec Coop Inc; Dakota Valley Elec Coop Inc; Montana-Dakota Utilities Co; Northern Electric Coop, Inc; Otter Tail Power Co; WAPA-- Western Area Power Administration",MISO; SWPP,MISO; SPP,MISO,yes
38023,ND,Divide,2023,4,"Burke-Divide Electric Coop Inc; Montana-Dakota Utilities Co; Mountrail-Williams Elec Coop; Sheridan Electric Coop, Inc",SWPP; MISO,SPP; MISO,SPP,yes
38025,ND,Dunn,2023,4,McKenzie Electric Coop Inc; Montana-Dakota Utilities Co; Roughrider Electric Cooperativ; WAPA-- Western Area Power Administration,SWPP; MISO,SPP; MISO,SPP,yes
38027,ND,Eddy,2023,4,Nodak Electric Coop Inc; Northern Plains Electric Coop; Otter Tail Power Co; WAPA-- Western Area Power Administration,MISO; SWPP,MISO; SPP,MISO,yes
38029,ND,Emmons,2023,4,"Capital Electric Coop, Inc; KEM Electric Coop Inc; Montana-Dakota Utilities Co; WAPA-- Western Area Power Administration",SWPP; MISO,SPP; MISO,SPP,yes
38031,ND,Foster,2023,3,Northern Plains Electric Coop; Otter Tail Power Co; WAPA-- Western Area Power Administration,MISO; SWPP,MISO; SPP,MISO,yes
38033,ND,Golden Valley,2023,5,"Goldenwest Electric Coop, Inc; McKenzie Electric Coop Inc; Montana-Dakota Utilities Co; Roughrider Electric Cooperativ; WAPA-- Western Area Power Administration",SWPP; MISO,SPP; MISO,SPP,yes
38035,ND,Grand Forks,2023,5,City of Northwood - (ND); Nodak Electric Coop Inc; Northern States Power Co - Minnesota; Otter Tail Power Co; WAPA-- Western Area Power Administration,MISO; SWPP,MISO; SPP,MISO,yes
38037,ND,Grant,2023,3,Montana-Dakota Utilities Co; Mor-Gran-Sou Electric Coop Inc; WAPA-- Western Area Power Administration,SWPP; MISO,SPP; MISO,SPP,yes
38039,ND,Griggs,2023,4,Nodak Electric Coop Inc; Northern Plains Electric Coop; Otter Tail Power Co; WAPA-- Western Area Power Administration,MISO; SWPP,MISO; SPP,MISO,yes
38041,ND,Hettinger,2023,4,Montana-Dakota Utilities Co; Mor-Gran-Sou Electric Coop Inc; Roughrider Electric Cooperativ; Slope Electric Coop Inc,SWPP; MISO,SPP; MISO,SPP,yes
38043,ND,Kidder,2023,6,"Capital Electric Coop, Inc; KEM Electric Coop Inc; Montana-Dakota Utilities Co; Northern Plains Electric Coop; Otter Tail Power Co; WAPA-- Western Area Power Administration",SWPP; MISO,SPP; MISO,SPP,yes
38045,ND,LaMoure,2023,5,Cass County Elec Coop Inc; Dakota Valley Elec Coop Inc; Montana-Dakota Utilities Co; Otter Tail Power Co; WAPA-- Western Area Power Administration,MISO; SWPP,MISO; SPP,MISO,yes
38047,ND,Logan,2023,4,Dakota Valley Elec Coop Inc; KEM Electric Coop Inc; Montana-Dakota Utilities Co; Otter Tail Power Co,MISO; SWPP,MISO; SPP,MISO,yes
38049,ND,McHenry,2023,6,"McLean Electric Coop, Inc; North Central Elec Coop, Inc - (ND); Northern States Power Co - Minnesota; Otter Tail Power Co; Verendrye Electric Coop Inc; WAPA-- Western Area Power Administration",MISO; SWPP,MISO; SPP,MISO,yes
38051,ND,McIntosh,2023,3,Dakota Valley Elec Coop Inc; KEM Electric Coop Inc; Montana-Dakota Utilities Co,MISO; SWPP,MISO; SPP,MISO,yes
38053,ND,McKenzie,2023,4,"Lower Yellowstone R E A, Inc; McKenzie Electric Coop Inc; Montana-Dakota Utilities Co; WAPA-- Western Area Power Administration",SWPP; MISO,SPP; MISO,SPP,yes
38055,ND,McLean,2023,7,"Capital Electric Coop, Inc; City of Riverdale - (ND); McLean Electric Coop, Inc; Mountrail-Williams Elec Coop; Otter Tail Power Co; Verendrye Electric Coop Inc; WAPA-- Western Area Power Administration",SWPP; MISO,SPP; MISO,SPP,yes
38057,ND,Mercer,2023,7,Basin Electric Power Coop; City of Stanton - (ND); McKenzie Electric Coop Inc; Montana-Dakota Utilities Co; Mor-Gran-Sou Electric Coop Inc; Roughrider Electric Cooperativ; WAPA-- Western Area Power Administration,SWPP; MISO; WACM,SPP; MISO; Southeast (non-RTO),SPP,yes
38059,ND,Morton,2023,3,Montana-Dakota Utilities Co; Mor-Gran-Sou Electric Coop Inc; WAPA-- Western Area Power Administration,SWPP; MISO,SPP; MISO,SPP,yes
38061,ND,Mountrail,2023,6,"Burke-Divide Electric Coop Inc; McLean Electric Coop, Inc; Montana-Dakota Utilities Co; Mountrail-Williams Elec Coop; Otter Tail Power Co; Verendrye Electric Coop Inc",MISO; SWPP,MISO; SPP,MISO,yes
38063,ND,Nelson,2023,4,City of Lakota - (ND); Nodak Electric Coop Inc; Otter Tail Power Co; WAPA-- Western Area Power Administration,SWPP; MISO,SPP; MISO,SPP,yes
38065,ND,Oliver,2023,4,Montana-Dakota Utilities Co; Mor-Gran-Sou Electric Coop Inc; Roughrider Electric Cooperativ; WAPA-- Western Area Power Administration,SWPP; MISO,SPP; MISO,SPP,yes
38067,ND,Pembina,2023,3,City of Cavalier - (ND); Nodak Electric Coop Inc; Otter Tail Power Co,MISO,MISO,MISO,no
38069,ND,Pierce,2023,5,"North Central Elec Coop, Inc - (ND); Northern Plains Electric Coop; Otter Tail Power Co; Verendrye Electric Coop Inc; WAPA-- Western Area Power Administration",MISO; SWPP,MISO; SPP,MISO,yes
38071,ND,Ramsey,2023,5,"Cavalier Rural Elec Coop, Inc; Nodak Electric Coop Inc; Northern Plains Electric Coop; Otter Tail Power Co; WAPA-- Western Area Power Administration",MISO; SWPP,MISO; SPP,MISO,yes
38073,ND,Ransom,2023,4,Cass County Elec Coop Inc; Dakota Valley Elec Coop Inc; Otter Tail Power Co; WAPA-- Western Area Power Administration,MISO; SWPP,MISO; SPP,MISO,yes
38075,ND,Renville,2023,5,"Burke-Divide Electric Coop Inc; Montana-Dakota Utilities Co; North Central Elec Coop, Inc - (ND); Otter Tail Power Co; Verendrye Electric Coop Inc",MISO; SWPP,MISO; SPP,MISO,yes
38077,ND,Richland,2023,4,"Cass County Elec Coop Inc; Dakota Valley Elec Coop Inc; Otter Tail Power Co; Traverse Electric Coop, Inc",MISO; SWPP,MISO; SPP,MISO,yes
38079,ND,Rolette,2023,3,"North Central Elec Coop, Inc - (ND); Northern Plains Electric Coop; Otter Tail Power Co",MISO,MISO,MISO,no
38081,ND,Sargent,2023,5,"Cass County Elec Coop Inc; Dakota Valley Elec Coop Inc; Northern Electric Coop, Inc; Otter Tail Power Co; WAPA-- Western Area Power Administration",MISO; SWPP,MISO; SPP,MISO,yes
38083,ND,Sheridan,2023,4,"Capital Electric Coop, Inc; McLean Electric Coop, Inc; Otter Tail Power Co; Verendrye Electric Coop Inc",MISO; SWPP,MISO; SPP,MISO,yes
38085,ND,Sioux,2023,2,Montana-Dakota Utilities Co; Mor-Gran-Sou Electric Coop Inc,MISO; SWPP,MISO; SPP,MISO,yes
38087,ND,Slope,2023,5,"Goldenwest Electric Coop, Inc; Montana-Dakota Utilities Co; Roughrider Electric Cooperativ; Slope Electric Coop Inc; WAPA-- Western Area Power Administration",SWPP; MISO,SPP; MISO,SPP,yes
38089,ND,Stark,2023,3,Montana-Dakota Utilities Co; Roughrider Electric Cooperativ; WAPA-- Western Area Power Administration,SWPP; MISO,SPP; MISO,SPP,yes
38091,ND,Steele,2023,5,City of Hope - (ND); City of Sharon- (ND); Nodak Electric Coop Inc; Otter Tail Power Co; WAPA-- Western Area Power Administration,MISO; SWPP,MISO; SPP,MISO,yes
38093,ND,Stutsman,2023,4,Dakota Valley Elec Coop Inc; Northern Plains Electric Coop; Otter Tail Power Co; WAPA-- Western Area Power Administration,MISO; SWPP,MISO; SPP,MISO,yes
38095,ND,Towner,2023,3,Northern Plains Electric Coop; Otter Tail Power Co; WAPA-- Western Area Power Administration,MISO; SWPP,MISO; SPP,MISO,yes
38097,ND,Traill,2023,6,Cass County Elec Coop Inc; City of Hillsboro - (ND); Nodak Electric Coop Inc; Northern States Power Co - Minnesota; Otter Tail Power Co; WAPA-- Western Area Power Administration,MISO; SWPP,MISO; SPP,MISO,yes
38099,ND,Walsh,2023,4,City of Grafton - (ND); City of Park River - (ND); Nodak Electric Coop Inc; Otter Tail Power Co,MISO,MISO,MISO,no
38101,ND,Ward,2023,8,"Burke-Divide Electric Coop Inc; McLean Electric Coop, Inc; Montana-Dakota Utilities Co; Mountrail-Williams Elec Coop; Northern States Power Co - Minnesota; Otter Tail Power Co; Verendrye Electric Coop Inc; WAPA-- Western Area Power Administration",MISO; SWPP,MISO; SPP,MISO,yes
38103,ND,Wells,2023,4,Northern Plains Electric Coop; Otter Tail Power Co; Verendrye Electric Coop Inc; WAPA-- Western Area Power Administration,MISO; SWPP,MISO; SPP,MISO,yes
38105,ND,Williams,2023,6,"Burke-Divide Electric Coop Inc; Lower Yellowstone R E A, Inc; Montana-Dakota Utilities Co; Mountrail-Williams Elec Coop; Sheridan Electric Coop, Inc; WAPA-- Western Area Power Administration",SWPP; MISO,SPP; MISO,SPP,yes
39001,OH,Adams,2023,4,"Adams Rural Electric Coop, Inc; Duke Energy Ohio Inc; Ohio Power Co; South Central Power Company",PJM,PJM,PJM,no
39003,OH,Allen,2023,5,"Hancock-Wood Electric Coop Inc; Mid-Ohio Energy Coop, Inc; Midwest Electric, Inc - (OH); Ohio Power Co; Paulding-Putman Elec Coop, Inc",PJM,PJM,PJM,no
39005,OH,Ashland,2023,6,"Firelands Electric Coop, Inc; Holmes-Wayne Electric Coop Inc; Licking Rural Electric Inc; Lorain-Medina R E C, Inc; Ohio Edison Co; Ohio Power Co",PJM,PJM,PJM,no
39007,OH,Ashtabula,2023,2,Cleveland Electric Illum Co; Ohio Edison Co,PJM,PJM,PJM,no
39009,OH,Athens,2023,4,"Buckeye Rural Elec Coop, Inc; Ohio Power Co; Village of Glouster - (OH); Washington Electric Coop - (OH)",PJM,PJM,PJM,no
39011,OH,Auglaize,2023,12,"City of Celina - (OH); City of St Marys - (OH); City of Wapakoneta - (OH); Dayton Power & Light Co; Mid-Ohio Energy Coop, Inc; Midwest Electric, Inc - (OH); Ohio Power Co; Pioneer Rural Elec Coop, Inc - (OH)",PJM,PJM,PJM,no
39013,OH,Belmont,2023,3,City of St Clairsville - (OH); Ohio Power Co; South Central Power Company,PJM,PJM,PJM,no
39015,OH,Brown,2023,7,"Adams Rural Electric Coop, Inc; Dayton Power & Light Co; Duke Energy Ohio Inc; South Central Power Company; Village of Georgetown - (OH); Village of Hamersville - (OH); Village of Ripley - (OH)",PJM,PJM,PJM,no
39017,OH,Butler,2023,4,Butler Rural Electric Coop Inc - (OH); City of Hamilton - (OH); Dayton Power & Light Co; Duke Energy Ohio Inc,PJM,PJM,PJM,no
39019,OH,Carroll,2023,4,"Carroll Electric Coop, Inc - (OH); Ohio Edison Co; Ohio Power Co; South Central Power Company",PJM,PJM,PJM,no
39021,OH,Champaign,2023,4,"Dayton Power & Light Co; Ohio Edison Co; Pioneer Rural Elec Coop, Inc - (OH); Union Rural Electric Coop, Inc",PJM,PJM,PJM,no
39023,OH,Clark,2023,5,"Dayton Power & Light Co; Duke Energy Ohio Inc; Ohio Edison Co; Pioneer Rural Elec Coop, Inc - (OH); South Vienna Corporation",PJM,PJM,PJM,no
39025,OH,Clermont,2023,3,Duke Energy Ohio Inc; South Central Power Company; Village of Bethel - (OH),PJM,PJM,PJM,no
39027,OH,Clinton,2023,4,Dayton Power & Light Co; Duke Energy Ohio Inc; South Central Power Company; Village of Blanchester - (OH),PJM,PJM,PJM,no
39029,OH,Columbiana,2023,4,"Carroll Electric Coop, Inc - (OH); City of Columbiana - (OH); Ohio Edison Co; Ohio Power Co",PJM,PJM,PJM,no
39031,OH,Coshocton,2023,6,Duke Energy Ohio Inc; Frontier Power Company; Guernsey-Muskingum El Coop Inc; Holmes-Wayne Electric Coop Inc; Licking Rural Electric Inc; Ohio Power Co,PJM,PJM,PJM,no
39033,OH,Crawford,2023,5,"City of Galion; Mid-Ohio Energy Coop, Inc; North Central Elec Coop, Inc - (OH); Ohio Edison Co; Ohio Power Co",PJM,PJM,PJM,no
39035,OH,Cuyahoga,2023,3,City of Cleveland - (OH); Cleveland Electric Illum Co; Ohio Edison Co,PJM,PJM,PJM,no
39037,OH,Darke,2023,7,"City of Arcanum - (OH); Darke Rural Electric Coop, Inc; Dayton Power & Light Co; Midwest Electric, Inc - (OH); Ohio Power Co; Pioneer Rural Elec Coop, Inc - (OH); Village of Versailles - (OH)",PJM,PJM,PJM,no
39039,OH,Defiance,2023,4,"North Western Elec Coop, Inc; Ohio Power Co; Paulding-Putman Elec Coop, Inc; The Toledo Edison Co",PJM,PJM,PJM,no
39041,OH,Delaware,2023,9,City of Westerville - (OH); Consolidated Cooperative; Dayton Power & Light Co; Duke Energy Ohio Inc; Licking Rural Electric Inc; Ohio Edison Co; Ohio Power Co; Prospect Corporation,PJM,PJM,PJM,no
39043,OH,Erie,2023,4,"Hancock-Wood Electric Coop Inc; Lorain-Medina R E C, Inc; Ohio Edison Co; Village of Milan - (OH)",PJM,PJM,PJM,no
39045,OH,Fairfield,2023,3,Duke Energy Ohio Inc; Ohio Power Co; South Central Power Company,PJM,PJM,PJM,no
39047,OH,Fayette,2023,3,Dayton Power & Light Co; Ohio Edison Co; South Central Power Company,PJM,PJM,PJM,no
39049,OH,Franklin,2023,9,City of Columbus - (OH); City of Westerville - (OH); Consolidated Cooperative; Duke Energy Ohio Inc; Licking Rural Electric Inc; Ohio Edison Co; Ohio Power Co; South Central Power Company,PJM,PJM,PJM,no
39051,OH,Fulton,2023,4,"City of Napoleon - (OH); Midwest Energy Cooperative - (MI); The Toledo Edison Co; Tricounty Rural Elec Coop, Inc - (OH)",PJM,PJM,PJM,no
39053,OH,Gallia,2023,2,"Buckeye Rural Elec Coop, Inc; Ohio Power Co",PJM,PJM,PJM,no
39055,OH,Geauga,2023,2,Cleveland Electric Illum Co; Ohio Edison Co,PJM,PJM,PJM,no
39057,OH,Greene,2023,4,Dayton Power & Light Co; Duke Energy Ohio Inc; Ohio Edison Co; Village of Yellow Springs - (OH),PJM,PJM,PJM,no
39059,OH,Guernsey,2023,4,Frontier Power Company; Guernsey-Muskingum El Coop Inc; Ohio Power Co; Washington Electric Coop - (OH),PJM,PJM,PJM,no
39061,OH,Hamilton,2023,2,Butler Rural Electric Coop Inc - (OH); Duke Energy Ohio Inc,PJM,PJM,PJM,no
39063,OH,Hancock,2023,5,"Hancock-Wood Electric Coop Inc; Mid-Ohio Energy Coop, Inc; North Central Elec Coop, Inc - (OH); Ohio Power Co; Village of Arcadia - (OH)",PJM,PJM,PJM,no
39065,OH,Hardin,2023,6,"Dayton Power & Light Co; Hancock-Wood Electric Coop Inc; Logan County Coop Power & Light; Mid-Ohio Energy Coop, Inc; Ohio Power Co; Union Rural Electric Coop, Inc",PJM,PJM,PJM,no
39067,OH,Harrison,2023,4,"Carroll Electric Coop, Inc - (OH); Guernsey-Muskingum El Coop Inc; Ohio Power Co; South Central Power Company",PJM,PJM,PJM,no
39069,OH,Henry,2023,7,"City of Napoleon - (OH); Hancock-Wood Electric Coop Inc; North Western Elec Coop, Inc; Ohio Power Co; The Toledo Edison Co; Tricounty Rural Elec Coop, Inc - (OH); Village of Deshler - (OH)",PJM,PJM,PJM,no
39071,OH,Highland,2023,4,"Adams Rural Electric Coop, Inc; Dayton Power & Light Co; Duke Energy Ohio Inc; South Central Power Company",PJM,PJM,PJM,no
39073,OH,Hocking,2023,2,Ohio Power Co; South Central Power Company,PJM,PJM,PJM,no
39075,OH,Holmes,2023,4,Frontier Power Company; Holmes-Wayne Electric Coop Inc; Ohio Edison Co; Ohio Power Co,PJM,PJM,PJM,no
39077,OH,Huron,2023,8,"Firelands Electric Coop, Inc; Lorain-Medina R E C, Inc; North Central Elec Coop, Inc - (OH); Ohio Edison Co; Ohio Power Co; Village of Greenwich - (OH); Village of Milan - (OH); Village of Monroeville - (OH)",PJM,PJM,PJM,no
39079,OH,Jackson,2023,3,"Buckeye Rural Elec Coop, Inc; City of Jackson - (OH); Ohio Power Co",PJM,PJM,PJM,no
39081,OH,Jefferson,2023,3,"Carroll Electric Coop, Inc - (OH); Ohio Power Co; South Central Power Company",PJM,PJM,PJM,no
39083,OH,Knox,2023,6,Consolidated Cooperative; Frontier Power Company; Holmes-Wayne Electric Coop Inc; Licking Rural Electric Inc; Ohio Edison Co; Ohio Power Co,PJM,PJM,PJM,no
39085,OH,Lake,2023,2,City of Painesville; Cleveland Electric Illum Co,PJM,PJM,PJM,no
39087,OH,Lawrence,2023,2,"Buckeye Rural Elec Coop, Inc; Ohio Power Co",PJM,PJM,PJM,no
39089,OH,Licking,2023,7,Consolidated Cooperative; Duke Energy Ohio Inc; Frontier Power Company; Guernsey-Muskingum El Coop Inc; Licking Rural Electric Inc; Ohio Power Co; South Central Power Company,PJM,PJM,PJM,no
39091,OH,Logan,2023,7,"Dayton Power & Light Co; Logan County Coop Power & Light; Mid-Ohio Energy Coop, Inc; Ohio Power Co; Pioneer Rural Elec Coop, Inc - (OH); Union Rural Electric Coop, Inc; Village of Lakeview - (OH)",PJM,PJM,PJM,no
39093,OH,Lorain,2023,8,"City of Amherst- (OH); City of Oberlin - (OH); Cleveland Electric Illum Co; Firelands Electric Coop, Inc; Lorain-Medina R E C, Inc; Ohio Edison Co; Village of Grafton - (OH); Village of Wellington - (OH)",PJM,PJM,PJM,no
39095,OH,Lucas,2023,2,"The Toledo Edison Co; Tricounty Rural Elec Coop, Inc - (OH)",PJM,PJM,PJM,no
39097,OH,Madison,2023,5,"Dayton Power & Light Co; Duke Energy Ohio Inc; Ohio Edison Co; Pioneer Rural Elec Coop, Inc - (OH); South Central Power Company",PJM,PJM,PJM,no
39099,OH,Mahoning,2023,2,City of Columbiana - (OH); Ohio Edison Co,PJM,PJM,PJM,no
39101,OH,Marion,2023,6,"Consolidated Cooperative; Mid-Ohio Energy Coop, Inc; Ohio Edison Co; Ohio Power Co; Prospect Corporation; Union Rural Electric Coop, Inc",PJM,PJM,PJM,no
39103,OH,Medina,2023,6,"City of Wadsworth - (OH); Cleveland Electric Illum Co; Lorain-Medina R E C, Inc; Ohio Edison Co; Seville Board of Public Affairs; Village of Lodi - (OH)",PJM,PJM,PJM,no
39105,OH,Meigs,2023,2,"Buckeye Rural Elec Coop, Inc; Ohio Power Co",PJM,PJM,PJM,no
39107,OH,Mercer,2023,6,"City of Celina - (OH); City of Mendon - (OH); Darke Rural Electric Coop, Inc; Dayton Power & Light Co; Midwest Electric, Inc - (OH); Pioneer Rural Elec Coop, Inc - (OH)",PJM,PJM,PJM,no
39109,OH,Miami,2023,5,"City of Piqua - (OH); City of Tipp City - (OH); Dayton Power & Light Co; Ohio Edison Co; Pioneer Rural Elec Coop, Inc - (OH)",PJM,PJM,PJM,no
39111,OH,Monroe,2023,4,City of Woodsfield - (OH); Ohio Power Co; South Central Power Company; Washington Electric Coop - (OH),PJM,PJM,PJM,no
39113,OH,Montgomery,2023,4,"Butler Rural Electric Coop Inc - (OH); Dayton Power & Light Co; Duke Energy Ohio Inc; Pioneer Rural Elec Coop, Inc - (OH)",PJM,PJM,PJM,no
39115,OH,Morgan,2023,3,Guernsey-Muskingum El Coop Inc; Ohio Power Co; Washington Electric Coop - (OH),PJM,PJM,PJM,no
39117,OH,Morrow,2023,5,"City of Galion; Consolidated Cooperative; Mid-Ohio Energy Coop, Inc; Ohio Edison Co; Ohio Power Co",PJM,PJM,PJM,no
39119,OH,Muskingum,2023,6,Duke Energy Ohio Inc; Frontier Power Company; Guernsey-Muskingum El Coop Inc; Licking Rural Electric Inc; Ohio Power Co; South Central Power Company,PJM,PJM,PJM,no
39121,OH,Noble,2023,4,Guernsey-Muskingum El Coop Inc; Ohio Power Co; South Central Power Company; Washington Electric Coop - (OH),PJM,PJM,PJM,no
39123,OH,Ottawa,2023,6,Hancock-Wood Electric Coop Inc; Ohio Edison Co; The Toledo Edison Co; Village of Elmore - (OH); Village of Genoa - (OH); Village of Oak Harbor - (OH),PJM,PJM,PJM,no
39125,OH,Paulding,2023,3,"North Western Elec Coop, Inc; Ohio Power Co; Paulding-Putman Elec Coop, Inc",PJM,PJM,PJM,no
39127,OH,Perry,2023,4,Guernsey-Muskingum El Coop Inc; Licking Rural Electric Inc; Ohio Power Co; South Central Power Company,PJM,PJM,PJM,no
39129,OH,Pickaway,2023,4,Dayton Power & Light Co; Duke Energy Ohio Inc; Ohio Power Co; South Central Power Company,PJM,PJM,PJM,no
39131,OH,Pike,2023,5,"Adams Rural Electric Coop, Inc; Buckeye Rural Elec Coop, Inc; Duke Energy Ohio Inc; Ohio Valley Electric Corp; South Central Power Company",PJM,PJM,PJM,no
39133,OH,Portage,2023,2,Cleveland Electric Illum Co; Ohio Edison Co,PJM,PJM,PJM,no
39135,OH,Preble,2023,5,"Butler Rural Electric Coop Inc - (OH); Darke Rural Electric Coop, Inc; Dayton Power & Light Co; Duke Energy Ohio Inc; Village of Eldorado - (OH)",PJM,PJM,PJM,no
39137,OH,Putnam,2023,6,"Hancock-Wood Electric Coop Inc; Midwest Electric, Inc - (OH); Ohio Power Co; Paulding-Putman Elec Coop, Inc; The Toledo Edison Co; Tricounty Rural Elec Coop, Inc - (OH)",PJM,PJM,PJM,no
39139,OH,Richland,2023,11,"City of Galion; City of Shelby - (OH); Consolidated Cooperative; Firelands Electric Coop, Inc; Licking Rural Electric Inc; North Central Elec Coop, Inc - (OH); Ohio Edison Co; Ohio Power Co",PJM,PJM,PJM,no
39141,OH,Ross,2023,4,"Buckeye Rural Elec Coop, Inc; Dayton Power & Light Co; Duke Energy Ohio Inc; South Central Power Company",PJM,PJM,PJM,no
39143,OH,Sandusky,2023,7,"Clyde Light & Power; Hancock-Wood Electric Coop Inc; North Central Elec Coop, Inc - (OH); Ohio Edison Co; Ohio Power Co; The Toledo Edison Co; Village of Woodville - (OH)",PJM,PJM,PJM,no
39145,OH,Scioto,2023,5,"Adams Rural Electric Coop, Inc; Buckeye Rural Elec Coop, Inc; Duke Energy Ohio Inc; Ohio Power Co; South Central Power Company",PJM,PJM,PJM,no
39147,OH,Seneca,2023,7,"Firelands Electric Coop, Inc; Hancock-Wood Electric Coop Inc; North Central Elec Coop, Inc - (OH); Ohio Edison Co; Ohio Power Co; The Toledo Edison Co; Village of Republic - (OH)",PJM,PJM,PJM,no
39149,OH,Shelby,2023,6,"Dayton Power & Light Co; Logan County Coop Power & Light; Midwest Electric, Inc - (OH); Pioneer Rural Elec Coop, Inc - (OH); Village of Jackson Center - (OH); Village of Minster - (OH)",PJM,PJM,PJM,no
39151,OH,Stark,2023,7,"Carroll Electric Coop, Inc - (OH); City of Orrville - (OH); Holmes-Wayne Electric Coop Inc; Ohio Edison Co; Ohio Power Co; Village of Beach City - (OH); Village of Brewster - (OH)",PJM,PJM,PJM,no
39153,OH,Summit,2023,6,City of Cuyahoga Falls - (OH); City of Hudson - (OH); City of Wadsworth - (OH); Cleveland Electric Illum Co; Ohio Edison Co; Ohio Power Co,PJM,PJM,PJM,no
39155,OH,Trumbull,2023,5,City of Hubbard; City of Newton Falls - (OH); City of Niles - (OH); Cleveland Electric Illum Co; Ohio Edison Co,PJM,PJM,PJM,no
39157,OH,Tuscarawas,2023,8,"Carroll Electric Coop, Inc - (OH); City of Dover - (OH); Frontier Power Company; Guernsey-Muskingum El Coop Inc; Holmes-Wayne Electric Coop Inc; Ohio Edison Co; Ohio Power Co; Village of Beach City - (OH)",PJM,PJM,PJM,no
39159,OH,Union,2023,7,"Consolidated Cooperative; Dayton Power & Light Co; Mid-Ohio Energy Coop, Inc; Ohio Edison Co; Ohio Power Co; Pioneer Rural Elec Coop, Inc - (OH); Union Rural Electric Coop, Inc",PJM,PJM,PJM,no
39161,OH,Van Wert,2023,5,"Dayton Power & Light Co; Midwest Electric, Inc - (OH); Ohio Power Co; Paulding-Putman Elec Coop, Inc; Village of Ohio City - (OH)",PJM,PJM,PJM,no
39163,OH,Vinton,2023,2,"Buckeye Rural Elec Coop, Inc; South Central Power Company",PJM,PJM,PJM,no
39165,OH,Warren,2023,3,City of Lebanon - (OH); Dayton Power & Light Co; Duke Energy Ohio Inc,PJM,PJM,PJM,no
39167,OH,Washington,2023,2,Ohio Power Co; Washington Electric Coop - (OH),PJM,PJM,PJM,no
39169,OH,Wayne,2023,6,"City of Orrville - (OH); Holmes-Wayne Electric Coop Inc; Lorain-Medina R E C, Inc; Ohio Edison Co; Ohio Power Co; Village of Marshallville - (OH)",PJM,PJM,PJM,no
39171,OH,Williams,2023,7,"City of Bryan - (OH); Midwest Energy Cooperative - (MI); North Western Elec Coop, Inc; The Toledo Edison Co; Village of Edgerton - (OH); Village of Montpelier - (OH); Village of Pioneer - (OH)",PJM,PJM,PJM,no
39173,OH,Wood,2023,14,"City of Bowling Green - (OH); City of Custar; Hancock-Wood Electric Coop Inc; North Central Elec Coop, Inc - (OH); Ohio Power Co; The Toledo Edison Co; Tricounty Rural Elec Coop, Inc - (OH); Village of Bloomdale - (OH)",PJM,PJM,PJM,no
39175,OH,Wyandot,2023,8,"Hancock-Wood Electric Coop Inc; Mid-Ohio Energy Coop, Inc; North Central Elec Coop, Inc - (OH); Ohio Edison Co; Ohio Power Co; Village of Carey - (OH); Village of Sycamore - (OH); Village of Wharton - (OH)",PJM,PJM,PJM,no
40001,OK,Adair,2023,7,"Arkansas Valley Elec Coop Corp; City of Stilwell - (OK); Cookson Hills Elec Coop, Inc; Lake Region Electric Coop, Inc - (OK); Northeast Oklahoma Electric Co; Oklahoma Gas & Electric Co; Ozarks Electric Coop Corp - (AR)",SWPP; AECI,SPP; Southeast (non-RTO),SPP,yes
40003,OK,Alfalfa,2023,4,"Alfalfa Electric Coop, Inc; City of Burlington - (OK); Goltry Public Works Authority; Oklahoma Gas & Electric Co",SWPP,SPP,SPP,no
40005,OK,Atoka,2023,6,"Choctaw Electric Coop Inc; Kiamichi Electric Coop, Inc; Oklahoma Gas & Electric Co; People's Electric Cooperative; Public Service Co of Oklahoma; Southeastern Electric Coop Inc - (OK)",SWPP; AECI,SPP; Southeast (non-RTO),SPP,yes
40007,OK,Beaver,2023,3,"Northwestern Electric Coop Inc - (OK); Oklahoma Gas & Electric Co; Tri-County Electric Coop, Inc (OK)",SWPP,SPP,SPP,no
40009,OK,Beckham,2023,4,"Harmon Electric Assn Inc; Northfork Electric Coop, Inc; Oklahoma Gas & Electric Co; Public Service Co of Oklahoma",SWPP,SPP,SPP,no
40011,OK,Blaine,2023,7,CKenergy Electric Cooperative; Cimarron Electric Coop; City of Geary - (OK); City of Watonga - (OK); Okeene Public Works Authority; Oklahoma Gas & Electric Co; Public Service Co of Oklahoma,SWPP,SPP,SPP,no
40013,OK,Bryan,2023,3,Choctaw Electric Coop Inc; Oklahoma Gas & Electric Co; Southeastern Electric Coop Inc - (OK),SWPP,SPP,SPP,no
40015,OK,Caddo,2023,6,"Anadarko Public Works Authority; CKenergy Electric Cooperative; Cotton Electric Coop, Inc; Oklahoma Electric Coop Inc; Oklahoma Gas & Electric Co; Public Service Co of Oklahoma",SWPP,SPP,SPP,no
40017,OK,Canadian,2023,4,CKenergy Electric Cooperative; Cimarron Electric Coop; Oklahoma Electric Coop Inc; Oklahoma Gas & Electric Co,SWPP,SPP,SPP,no
40019,OK,Carter,2023,5,"Cotton Electric Coop, Inc; Oklahoma Gas & Electric Co; People's Electric Cooperative; Red River Valley Rrl Elec Assn; Rural Electric Coop, Inc - (OK)",SWPP,SPP,SPP,no
40021,OK,Cherokee,2023,7,"Cookson Hills Elec Coop, Inc; Lake Region Electric Coop, Inc - (OK); Northeast Oklahoma Electric Co; Oklahoma Gas & Electric Co; Ozarks Electric Coop Corp - (AR); Public Service Co of Oklahoma; Tahlequah Public Works Authority",SWPP; AECI,SPP; Southeast (non-RTO),SPP,yes
40023,OK,Choctaw,2023,4,Choctaw Electric Coop Inc; Oklahoma Gas & Electric Co; Public Service Co of Oklahoma; Southeastern Electric Coop Inc - (OK),SWPP,SPP,SPP,no
40025,OK,Cimarron,2023,2,"Southwestern Electric Coop Inc - (NM); Tri-County Electric Coop, Inc (OK)",PNM; SWPP,Southeast (non-RTO); SPP,Southeast (non-RTO),yes
40027,OK,Cleveland,2023,4,"Canadian Valley Elec Coop, Inc; City of Lexington - (OK); Oklahoma Electric Coop Inc; Oklahoma Gas & Electric Co",SWPP,SPP,SPP,no
40029,OK,Coal,2023,4,Oklahoma Gas & Electric Co; People's Electric Cooperative; Public Service Co of Oklahoma; Southeastern Electric Coop Inc - (OK),SWPP,SPP,SPP,no
40031,OK,Comanche,2023,4,"CKenergy Electric Cooperative; Cotton Electric Coop, Inc; Public Service Co of Oklahoma; Rural Electric Coop, Inc - (OK)",SWPP,SPP,SPP,no
40033,OK,Cotton,2023,3,"Cotton Electric Coop, Inc; Public Service Co of Oklahoma; Walters Public Works Authority",SWPP,SPP,SPP,no
40035,OK,Craig,2023,3,Empire District Electric Co; Northeast Oklahoma Electric Co; Public Service Co of Oklahoma,SWPP,SPP,SPP,no
40037,OK,Creek,2023,7,"Canadian Valley Elec Coop, Inc; Central Rural Electric Cooperative, Inc; East Central Oklahoma Elec Coop Inc; Indian Electric Coop, Inc; Oklahoma Gas & Electric Co; Public Service Co of Oklahoma; Town of Mannford - (OK)",SWPP; AECI,SPP; Southeast (non-RTO),SPP,yes
40039,OK,Custer,2023,5,"CKenergy Electric Cooperative; Cimarron Electric Coop; Northfork Electric Coop, Inc; Oklahoma Gas & Electric Co; Public Service Co of Oklahoma",SWPP,SPP,SPP,no
40041,OK,Delaware,2023,5,"Empire District Electric Co; Lake Region Electric Coop, Inc - (OK); Northeast Oklahoma Electric Co; Ozarks Electric Coop Corp - (AR); Public Service Co of Oklahoma",SWPP; AECI,SPP; Southeast (non-RTO),SPP,yes
40043,OK,Dewey,2023,6,"CKenergy Electric Cooperative; Cimarron Electric Coop; Northfork Electric Coop, Inc; Northwestern Electric Coop Inc - (OK); Oklahoma Gas & Electric Co; Public Service Co of Oklahoma",SWPP,SPP,SPP,no
40045,OK,Ellis,2023,2,Northwestern Electric Coop Inc - (OK); Oklahoma Gas & Electric Co,SWPP,SPP,SPP,no
40047,OK,Garfield,2023,5,"Alfalfa Electric Coop, Inc; Central Rural Electric Cooperative, Inc; Cimarron Electric Coop; Kay Electric Coop; Oklahoma Gas & Electric Co",SWPP; AECI,SPP; Southeast (non-RTO),SPP,yes
40049,OK,Garvin,2023,5,"City of Lindsay - (OK); City of Wynnewood - (OK); Oklahoma Gas & Electric Co; People's Electric Cooperative; Rural Electric Coop, Inc - (OK)",SWPP; SPA,SPP; Southeast (non-RTO),SPP,yes
40051,OK,Grady,2023,7,"CKenergy Electric Cooperative; City of Marlow - (OK); Cotton Electric Coop, Inc; Oklahoma Electric Coop Inc; Oklahoma Gas & Electric Co; Public Service Co of Oklahoma; Rural Electric Coop, Inc - (OK)",SWPP,SPP,SPP,no
40053,OK,Grant,2023,4,"Alfalfa Electric Coop, Inc; City of Pond Creek - (OK); Kay Electric Coop; Oklahoma Gas & Electric Co",SWPP,SPP,SPP,no
40055,OK,Greer,2023,6,"City of Granite - (OK); City of Mangum - (OK); Harmon Electric Assn Inc; Northfork Electric Coop, Inc; Public Service Co of Oklahoma; Southwest Rural Elec Assn Inc",SWPP,SPP,SPP,no
40057,OK,Harmon,2023,3,"Harmon Electric Assn Inc; Northfork Electric Coop, Inc; Public Service Co of Oklahoma",SWPP,SPP,SPP,no
40059,OK,Harper,2023,3,Northwestern Electric Coop Inc - (OK); Oklahoma Gas & Electric Co; Town of Laverne - (OK),SWPP,SPP,SPP,no
40061,OK,Haskell,2023,3,"Cookson Hills Elec Coop, Inc; Oklahoma Gas & Electric Co; Public Service Co of Oklahoma",SWPP; AECI,SPP; Southeast (non-RTO),SPP,yes
40063,OK,Hughes,2023,5,"Canadian Valley Elec Coop, Inc; City of Wetumka - (OK); Oklahoma Gas & Electric Co; People's Electric Cooperative; Public Service Co of Oklahoma",SWPP,SPP,SPP,no
40065,OK,Jackson,2023,6,City of Altus - (OK); City of Eldorado - (OK); City of Olustee; Harmon Electric Assn Inc; Public Service Co of Oklahoma; Southwest Rural Elec Assn Inc,SWPP,SPP,SPP,no
40067,OK,Jefferson,2023,5,"Cotton Electric Coop, Inc; Oklahoma Gas & Electric Co; Public Service Co of Oklahoma; Red River Valley Rrl Elec Assn; Town of Ryan - (OK)",SWPP,SPP,SPP,no
40069,OK,Johnston,2023,5,Oklahoma Gas & Electric Co; People's Electric Cooperative; Public Service Co of Oklahoma; Red River Valley Rrl Elec Assn; Southeastern Electric Coop Inc - (OK),SWPP,SPP,SPP,no
40071,OK,Kay,2023,9,"City of Blackwell - (OK); City of Newkirk - (OK); City of Ponca City - (OK); City of Tonkawa - (OK); Indian Electric Coop, Inc; Kay Electric Coop; Oklahoma Gas & Electric Co; Public Service Co of Oklahoma",SWPP,SPP,SPP,no
40073,OK,Kingfisher,2023,3,Cimarron Electric Coop; City of Kingfisher - (OK); Oklahoma Gas & Electric Co,SWPP; AECI,SPP; Southeast (non-RTO),SPP,yes
40075,OK,Kiowa,2023,4,CKenergy Electric Cooperative; Harmon Electric Assn Inc; Public Service Co of Oklahoma; Southwest Rural Elec Assn Inc,SWPP,SPP,SPP,no
40077,OK,Latimer,2023,3,"Cookson Hills Elec Coop, Inc; Kiamichi Electric Coop, Inc; Public Service Co of Oklahoma",AECI; SWPP,Southeast (non-RTO); SPP,Southeast (non-RTO),yes
40079,OK,Le Flore,2023,8,"Arkansas Valley Elec Coop Corp; Choctaw Electric Coop Inc; Cookson Hills Elec Coop, Inc; Kiamichi Electric Coop, Inc; Oklahoma Gas & Electric Co; Public Service Co of Oklahoma; Rich Mountain Elec Coop, Inc; Town of Spiro - (OK)",SWPP; AECI; MISO,SPP; Southeast (non-RTO); MISO,SPP,yes
40081,OK,Lincoln,2023,6,"Canadian Valley Elec Coop, Inc; Central Rural Electric Cooperative, Inc; City of Stroud - (OK); East Central Oklahoma Elec Coop Inc; Oklahoma Gas & Electric Co; Prague Public Works Authority",SWPP; AECI,SPP; Southeast (non-RTO),SPP,yes
40083,OK,Logan,2023,4,"Central Rural Electric Cooperative, Inc; Cimarron Electric Coop; City of Orlando - (OK); Oklahoma Gas & Electric Co",SWPP; AECI,SPP; Southeast (non-RTO),SPP,yes
40085,OK,Love,2023,2,Oklahoma Gas & Electric Co; Red River Valley Rrl Elec Assn,SWPP,SPP,SPP,no
40087,OK,McClain,2023,6,"City of Purcell - (OK); Oklahoma Electric Coop Inc; Oklahoma Gas & Electric Co; People's Electric Cooperative; Public Service Co of Oklahoma; Rural Electric Coop, Inc - (OK)",SWPP; SPA,SPP; Southeast (non-RTO),SPP,yes
40089,OK,McCurtain,2023,4,"Choctaw Electric Coop Inc; Public Service Co of Oklahoma; Rich Mountain Elec Coop, Inc; Southwest Arkansas E C C",SWPP; MISO,SPP; MISO,SPP,yes
40091,OK,McIntosh,2023,4,"Canadian Valley Elec Coop, Inc; East Central Oklahoma Elec Coop Inc; Oklahoma Gas & Electric Co; Public Service Co of Oklahoma",SWPP; AECI,SPP; Southeast (non-RTO),SPP,yes
40093,OK,Major,2023,5,"Alfalfa Electric Coop, Inc; Cimarron Electric Coop; City of Fairview - (OK); Northwestern Electric Coop Inc - (OK); Oklahoma Gas & Electric Co",SWPP,SPP,SPP,no
40095,OK,Marshall,2023,2,Oklahoma Gas & Electric Co; Red River Valley Rrl Elec Assn,SWPP,SPP,SPP,no
40097,OK,Mayes,2023,5,"City of Pryor - (OK); Grand River Dam Authority; Lake Region Electric Coop, Inc - (OK); Northeast Oklahoma Electric Co; Public Service Co of Oklahoma",SWPP; AECI,SPP; Southeast (non-RTO),SPP,yes
40099,OK,Murray,2023,2,Oklahoma Gas & Electric Co; People's Electric Cooperative,SWPP,SPP,SPP,no
40101,OK,Muskogee,2023,4,"Cookson Hills Elec Coop, Inc; East Central Oklahoma Elec Coop Inc; Lake Region Electric Coop, Inc - (OK); Oklahoma Gas & Electric Co",AECI; SWPP,Southeast (non-RTO); SPP,Southeast (non-RTO),yes
40103,OK,Noble,2023,5,"Central Rural Electric Cooperative, Inc; City of Perry - (OK); Indian Electric Coop, Inc; Kay Electric Coop; Oklahoma Gas & Electric Co",SWPP; AECI,SPP; Southeast (non-RTO),SPP,yes
40105,OK,Nowata,2023,4,Northeast Oklahoma Electric Co; Public Service Co of Oklahoma; Town of South Coffeyville - (OK); Verdigris Valley Elec Coop Inc,SWPP; AECI,SPP; Southeast (non-RTO),SPP,yes
40107,OK,Okfuskee,2023,4,"Canadian Valley Elec Coop, Inc; East Central Oklahoma Elec Coop Inc; Oklahoma Gas & Electric Co; Public Service Co of Oklahoma",SWPP; AECI,SPP; Southeast (non-RTO),SPP,yes
40109,OK,Oklahoma,2023,6,"Canadian Valley Elec Coop, Inc; Central Rural Electric Cooperative, Inc; Cimarron Electric Coop; City of Edmond - (OK); Oklahoma Electric Coop Inc; Oklahoma Gas & Electric Co",SWPP; AECI,SPP; Southeast (non-RTO),SPP,yes
40111,OK,Okmulgee,2023,4,"Canadian Valley Elec Coop, Inc; East Central Oklahoma Elec Coop Inc; Oklahoma Gas & Electric Co; Public Service Co of Oklahoma",SWPP; AECI,SPP; Southeast (non-RTO),SPP,yes
40113,OK,Osage,2023,9,"City of Hominy - (OK); City of Pawhuska - (OK); City of Ponca City - (OK); City of Skiatook - (OK); Indian Electric Coop, Inc; Kay Electric Coop; Oklahoma Gas & Electric Co; Public Service Co of Oklahoma",SWPP; AECI,SPP; Southeast (non-RTO),SPP,yes
40115,OK,Ottawa,2023,4,City of Miami - (OK); Empire District Electric Co; Northeast Oklahoma Electric Co; Public Service Co of Oklahoma,SWPP,SPP,SPP,no
40117,OK,Pawnee,2023,4,"Central Rural Electric Cooperative, Inc; City of Pawnee - (OK); Indian Electric Coop, Inc; Oklahoma Gas & Electric Co",SWPP; AECI,SPP; Southeast (non-RTO),SPP,yes
40119,OK,Payne,2023,6,"Central Rural Electric Cooperative, Inc; City of Cushing - (OK); City of Yale - (OK); Indian Electric Coop, Inc; Oklahoma Gas & Electric Co; Stillwater Utilities Authority",SWPP; AECI,SPP; Southeast (non-RTO),SPP,yes
40121,OK,Pittsburg,2023,5,"Cookson Hills Elec Coop, Inc; Kiamichi Electric Coop, Inc; Oklahoma Gas & Electric Co; People's Electric Cooperative; Public Service Co of Oklahoma",SWPP; AECI,SPP; Southeast (non-RTO),SPP,yes
40123,OK,Pontotoc,2023,3,Oklahoma Gas & Electric Co; People's Electric Cooperative; Public Service Co of Oklahoma,SWPP,SPP,SPP,no
40125,OK,Pottawatomie,2023,4,"Canadian Valley Elec Coop, Inc; Oklahoma Electric Coop Inc; Oklahoma Gas & Electric Co; Tecumseh Utility Authority",SWPP,SPP,SPP,no
40127,OK,Pushmataha,2023,3,"Choctaw Electric Coop Inc; Kiamichi Electric Coop, Inc; Public Service Co of Oklahoma",SWPP; AECI,SPP; Southeast (non-RTO),SPP,yes
40129,OK,Roger Mills,2023,3,"Northfork Electric Coop, Inc; Oklahoma Gas & Electric Co; Public Service Co of Oklahoma",SWPP,SPP,SPP,no
40131,OK,Rogers,2023,5,"City of Claremore; Lake Region Electric Coop, Inc - (OK); Northeast Oklahoma Electric Co; Public Service Co of Oklahoma; Verdigris Valley Elec Coop Inc",SWPP; AECI,SPP; Southeast (non-RTO),SPP,yes
40133,OK,Seminole,2023,4,"Canadian Valley Elec Coop, Inc; East Central Oklahoma Elec Coop Inc; Oklahoma Gas & Electric Co; People's Electric Cooperative",SWPP; AECI,SPP; Southeast (non-RTO),SPP,yes
40135,OK,Sequoyah,2023,5,"Arkansas Valley Elec Coop Corp; City of Sallisaw - (OK); Cookson Hills Elec Coop, Inc; Oklahoma Gas & Electric Co; Ozarks Electric Coop Corp - (AR)",SWPP; AECI,SPP; Southeast (non-RTO),SPP,yes
40137,OK,Stephens,2023,7,"City of Comanche - (OK); City of Duncan - (OK); City of Marlow - (OK); Cotton Electric Coop, Inc; Oklahoma Gas & Electric Co; Public Service Co of Oklahoma; Rural Electric Coop, Inc - (OK)",SWPP,SPP,SPP,no
40139,OK,Texas,2023,1,"Tri-County Electric Coop, Inc (OK)",SWPP,SPP,SPP,no
40141,OK,Tillman,2023,5,"City of Frederick - (OK); City of Manitou - (OK); Cotton Electric Coop, Inc; Public Service Co of Oklahoma; Southwest Rural Elec Assn Inc",SWPP,SPP,SPP,no
40143,OK,Tulsa,2023,7,"City of Collinsville - (OK); City of Skiatook - (OK); East Central Oklahoma Elec Coop Inc; Indian Electric Coop, Inc; Oklahoma Gas & Electric Co; Public Service Co of Oklahoma; Verdigris Valley Elec Coop Inc",SWPP; AECI,SPP; Southeast (non-RTO),SPP,yes
40145,OK,Wagoner,2023,5,"East Central Oklahoma Elec Coop Inc; Lake Region Electric Coop, Inc - (OK); Oklahoma Gas & Electric Co; Public Service Co of Oklahoma; Wagoner Public Works Authority",SWPP; AECI,SPP; Southeast (non-RTO),SPP,yes
40147,OK,Washington,2023,3,Copan Public Works Authority; Public Service Co of Oklahoma; Verdigris Valley Elec Coop Inc,SWPP; AECI,SPP; Southeast (non-RTO),SPP,yes
40149,OK,Washita,2023,5,"CKenergy Electric Cooperative; City of New Cordell - (OK); Northfork Electric Coop, Inc; Oklahoma Gas & Electric Co; Public Service Co of Oklahoma",SWPP,SPP,SPP,no
40151,OK,Woods,2023,4,"Alfalfa Electric Coop, Inc; City of Waynoka - (OK); Northwestern Electric Coop Inc - (OK); Oklahoma Gas & Electric Co",SWPP,SPP,SPP,no
40153,OK,Woodward,2023,4,City of Mooreland - (OK); Northwestern Electric Coop Inc - (OK); Oklahoma Gas & Electric Co; Town of Fort Supply - (OK),SWPP,SPP,SPP,no
41001,OR,Baker,2023,3,"Bonneville Power Administration; Idaho Power Co; Oregon Trail El Cons Coop, Inc",BPAT; IPCO,West (non-RTO),West (non-RTO),no
41003,OR,Benton,2023,3,"Consumers Power, Inc; Emerald People's Utility Dist; PacifiCorp",BPAT; PACW,West (non-RTO),West (non-RTO),no
41005,OR,Clackamas,2023,3,Bonneville Power Administration; Canby Utility Board; Portland General Electric Co,PGE; BPAT,West (non-RTO),West (non-RTO),no
41007,OR,Clatsop,2023,5,Bonneville Power Administration; Clatskanie Peoples Util Dist; PacifiCorp; Tillamook Peoples Utility Dist; West Oregon Electric Coop Inc,BPAT; PACW,West (non-RTO),West (non-RTO),no
41009,OR,Columbia,2023,5,Bonneville Power Administration; Clatskanie Peoples Util Dist; Columbia River Peoples Ut Dist; Portland General Electric Co; West Oregon Electric Coop Inc,BPAT; PGE,West (non-RTO),West (non-RTO),no
41011,OR,Coos,2023,6,"Bonneville Power Administration; Central Lincoln People's Ut Dt; City of Bandon - (OR); Coos-Curry Electric Coop, Inc; Douglas Electric Coop - (OR); PacifiCorp",BPAT; PACW,West (non-RTO),West (non-RTO),no
41013,OR,Crook,2023,4,"Bonneville Power Administration; Central Electric Coop Inc - (OR); Harney Electric Coop, Inc; PacifiCorp",BPAT; PACW,West (non-RTO),West (non-RTO),no
41015,OR,Curry,2023,3,"Bonneville Power Administration; City of Bandon - (OR); Coos-Curry Electric Coop, Inc",BPAT,West (non-RTO),West (non-RTO),no
41017,OR,Deschutes,2023,5,"Bonneville Power Administration; Central Electric Coop Inc - (OR); Harney Electric Coop, Inc; Midstate Electric Coop, Inc; PacifiCorp",BPAT; PACW,West (non-RTO),West (non-RTO),no
41019,OR,Douglas,2023,8,"Bonneville Power Administration; Central Lincoln People's Ut Dt; City of Drain - (OR); Coos-Curry Electric Coop, Inc; Douglas Electric Coop - (OR); Emerald People's Utility Dist; PacifiCorp; Umpqua Indian Utility Cooperative",BPAT; PACW,West (non-RTO),West (non-RTO),no
41021,OR,Gilliam,2023,4,"Bonneville Power Administration; Columbia Basin Elec Cooperative, Inc; PacifiCorp; Wasco Electric Coop, Inc",BPAT; PACW,West (non-RTO),West (non-RTO),no
41023,OR,Grant,2023,4,"Central Electric Coop Inc - (OR); Columbia Power Coop Assn Inc - (OR); Idaho Power Co; Oregon Trail El Cons Coop, Inc",BPAT; IPCO,West (non-RTO),West (non-RTO),no
41025,OR,Harney,2023,3,"Harney Electric Coop, Inc; Idaho Power Co; Oregon Trail El Cons Coop, Inc",BPAT; IPCO,West (non-RTO),West (non-RTO),no
41027,OR,Hood River,2023,4,Bonneville Power Administration; City of Cascade Locks - (OR); Hood River Electric Coop; PacifiCorp,BPAT; PACW,West (non-RTO),West (non-RTO),no
41029,OR,Jackson,2023,2,City of Ashland - (OR); PacifiCorp,PACW,West (non-RTO),West (non-RTO),no
41031,OR,Jefferson,2023,4,"Bonneville Power Administration; Central Electric Coop Inc - (OR); PacifiCorp; Wasco Electric Coop, Inc",BPAT; PACW,West (non-RTO),West (non-RTO),no
41033,OR,Josephine,2023,1,PacifiCorp,PACW,West (non-RTO),West (non-RTO),no
41035,OR,Klamath,2023,4,"Bonneville Power Administration; Midstate Electric Coop, Inc; PacifiCorp; WAPA-- Western Area Power Administration",BPAT; PACW,West (non-RTO),West (non-RTO),no
41037,OR,Lake,2023,5,"Bonneville Power Administration; Harney Electric Coop, Inc; Midstate Electric Coop, Inc; PacifiCorp; Surprise Valley Electrification",BPAT; PACW,West (non-RTO),West (non-RTO),no
41039,OR,Lane,2023,11,"Blachly-Lane County Coop El Assn; Bonneville Power Administration; Central Lincoln People's Ut Dt; City of Eugene - (OR); City of Springfield - (OR); Consumers Power, Inc; Douglas Electric Coop - (OR); Emerald People's Utility Dist",BPAT; PACW,West (non-RTO),West (non-RTO),no
41041,OR,Lincoln,2023,4,"Bonneville Power Administration; Central Lincoln People's Ut Dt; Consumers Power, Inc; PacifiCorp",BPAT; PACW,West (non-RTO),West (non-RTO),no
41043,OR,Linn,2023,5,"Bonneville Power Administration; Central Electric Coop Inc - (OR); Consumers Power, Inc; Emerald People's Utility Dist; PacifiCorp",BPAT; PACW,West (non-RTO),West (non-RTO),no
41045,OR,Malheur,2023,2,"Harney Electric Coop, Inc; Idaho Power Co",IPCO; BPAT,West (non-RTO),West (non-RTO),no
41047,OR,Marion,2023,5,"Bonneville Power Administration; Consumers Power, Inc; PacifiCorp; Portland General Electric Co; Salem Electric - (OR)",BPAT; PACW; PGE,West (non-RTO),West (non-RTO),no
41049,OR,Morrow,2023,4,"Bonneville Power Administration; Columbia Basin Elec Cooperative, Inc; PacifiCorp; Umatilla Electric Coop Assn",BPAT; PACW,West (non-RTO),West (non-RTO),no
41051,OR,Multnomah,2023,5,Bonneville Power Administration; City of Cascade Locks - (OR); Columbia River Peoples Ut Dist; PacifiCorp; Portland General Electric Co,BPAT; PACW; PGE,West (non-RTO),West (non-RTO),no
41053,OR,Polk,2023,6,"Bonneville Power Administration; City of Monmouth - (OR); Consumers Power, Inc; PacifiCorp; Portland General Electric Co; Salem Electric - (OR)",BPAT; PACW; PGE,West (non-RTO),West (non-RTO),no
41055,OR,Sherman,2023,4,"Bonneville Power Administration; Columbia Basin Elec Cooperative, Inc; PacifiCorp; Wasco Electric Coop, Inc",BPAT; PACW,West (non-RTO),West (non-RTO),no
41057,OR,Tillamook,2023,4,Bonneville Power Administration; PacifiCorp; Tillamook Peoples Utility Dist; West Oregon Electric Coop Inc,BPAT; PACW,West (non-RTO),West (non-RTO),no
41059,OR,Umatilla,2023,8,"Bonneville Power Administration; City of Hermiston; City of Milton-Freewater- (OR); Columbia Basin Elec Cooperative, Inc; Columbia Power Coop Assn Inc - (OR); Columbia Rural Elec Assn, Inc; PacifiCorp; Umatilla Electric Coop Assn",BPAT; PACW,West (non-RTO),West (non-RTO),no
41061,OR,Union,2023,3,"Bonneville Power Administration; Oregon Trail El Cons Coop, Inc; Umatilla Electric Coop Assn",BPAT,West (non-RTO),West (non-RTO),no
41063,OR,Wallowa,2023,3,Clearwater Power Company; Idaho Power Co; PacifiCorp,BPAT; IPCO; PACW,West (non-RTO),West (non-RTO),no
41065,OR,Wasco,2023,5,"Bonneville Power Administration; Central Electric Coop Inc - (OR); Northern Wasco County PUD; PacifiCorp; Wasco Electric Coop, Inc",BPAT; PACW,West (non-RTO),West (non-RTO),no
41067,OR,Washington,2023,4,Bonneville Power Administration; City of Forest Grove; Portland General Electric Co; West Oregon Electric Coop Inc,BPAT; PGE,West (non-RTO),West (non-RTO),no
41069,OR,Wheeler,2023,3,"Columbia Basin Elec Cooperative, Inc; Columbia Power Coop Assn Inc - (OR); Wasco Electric Coop, Inc",BPAT,West (non-RTO),West (non-RTO),no
41071,OR,Yamhill,2023,5,Bonneville Power Administration; City of McMinnville - (OR); Portland General Electric Co; Tillamook Peoples Utility Dist; West Oregon Electric Coop Inc,BPAT; PGE,West (non-RTO),West (non-RTO),no
42001,PA,Adams,2023,3,Adams Electric Cooperative Inc; Metropolitan Edison Co; West Penn Power Company,PJM,PJM,PJM,no
42003,PA,Allegheny,2023,6,"Borough of Pitcairn - (PA); Borough of Tarentum - (PA); Central Electric Coop, Inc - (PA); Duquesne Light Co; Pennsylvania Power Co; West Penn Power Company",PJM,PJM,PJM,no
42005,PA,Armstrong,2023,5,"Central Electric Coop, Inc - (PA); Pennsylvania Electric Co; REA Energy Coop Inc; United Electric Coop, Inc - (PA); West Penn Power Company",PJM,PJM,PJM,no
42007,PA,Beaver,2023,3,Borough of Ellwood City - (PA); Duquesne Light Co; Pennsylvania Power Co,PJM,PJM,PJM,no
42009,PA,Bedford,2023,6,"Bedford Rural Elec Coop, Inc; New Enterprise R E C, Inc; Pennsylvania Electric Co; Somerset Rural Elec Coop, Inc; Valley Rural Electric Coop Inc; West Penn Power Company",PJM,PJM,PJM,no
42011,PA,Berks,2023,3,Borough of Kutztown - (PA); Metropolitan Edison Co; PPL Electric Utilities Corp,PJM,PJM,PJM,no
42013,PA,Blair,2023,4,Pennsylvania Electric Co; REA Energy Coop Inc; Valley Rural Electric Coop Inc; West Penn Power Company,PJM,PJM,PJM,no
42015,PA,Bradford,2023,5,"Claverack Rural Elec Coop Inc; PPL Electric Utilities Corp; Pennsylvania Electric Co; Sullivan County R E C, Inc - (PA); Tri-County Rural Elec Coop Inc (PA)",PJM,PJM,PJM,no
42017,PA,Bucks,2023,5,Borough of Perkasie - (PA); Borough of Quakertown - (PA); Metropolitan Edison Co; PECO Energy Co; PPL Electric Utilities Corp,PJM,PJM,PJM,no
42019,PA,Butler,2023,5,"Borough of Zelienople - (PA); Central Electric Coop, Inc - (PA); Pennsylvania Electric Co; Pennsylvania Power Co; West Penn Power Company",PJM,PJM,PJM,no
42021,PA,Cambria,2023,5,"Borough of East Conemaugh; Borough of Summerhill - (PA); Pennsylvania Electric Co; REA Energy Coop Inc; United Electric Coop, Inc - (PA)",PJM,PJM,PJM,no
42023,PA,Cameron,2023,2,Tri-County Rural Elec Coop Inc (PA); West Penn Power Company,PJM,PJM,PJM,no
42025,PA,Carbon,2023,3,Borough of Lehighton - (PA); Borough of Weatherly - (PA); PPL Electric Utilities Corp,PJM,PJM,PJM,no
42027,PA,Centre,2023,5,"PPL Electric Utilities Corp; Pennsylvania Electric Co; United Electric Coop, Inc - (PA); Valley Rural Electric Coop Inc; West Penn Power Company",PJM,PJM,PJM,no
42029,PA,Chester,2023,3,Metropolitan Edison Co; PECO Energy Co; PPL Electric Utilities Corp,PJM,PJM,PJM,no
42031,PA,Clarion,2023,4,"Central Electric Coop, Inc - (PA); Pennsylvania Electric Co; United Electric Coop, Inc - (PA); West Penn Power Company",PJM,PJM,PJM,no
42033,PA,Clearfield,2023,3,"Pennsylvania Electric Co; REA Energy Coop Inc; United Electric Coop, Inc - (PA)",PJM,PJM,PJM,no
42035,PA,Clinton,2023,4,"PPL Electric Utilities Corp; Tri-County Rural Elec Coop Inc (PA); United Electric Coop, Inc - (PA); West Penn Power Company",PJM,PJM,PJM,no
42037,PA,Columbia,2023,2,Borough of Catawissa; PPL Electric Utilities Corp,PJM,PJM,PJM,no
42039,PA,Crawford,2023,4,"Northwestern Rural E C A, Inc - (PA); Pennsylvania Electric Co; Pennsylvania Power Co; Warren Electric Coop Inc",PJM,PJM,PJM,no
42041,PA,Cumberland,2023,4,Adams Electric Cooperative Inc; Metropolitan Edison Co; PPL Electric Utilities Corp; Pennsylvania Electric Co,PJM,PJM,PJM,no
42043,PA,Dauphin,2023,4,Borough of Middletown - (PA); Borough of Royalton - (PA); Metropolitan Edison Co; PPL Electric Utilities Corp,PJM,PJM,PJM,no
42045,PA,Delaware,2023,1,PECO Energy Co,PJM,PJM,PJM,no
42047,PA,Elk,2023,2,"United Electric Coop, Inc - (PA); West Penn Power Company",PJM,PJM,PJM,no
42049,PA,Erie,2023,4,"Borough of Girard - (PA); Northwestern Rural E C A, Inc - (PA); Pennsylvania Electric Co; Warren Electric Coop Inc",PJM,PJM,PJM,no
42051,PA,Fayette,2023,2,"Somerset Rural Elec Coop, Inc; West Penn Power Company",PJM,PJM,PJM,no
42053,PA,Forest,2023,4,"Central Electric Coop, Inc - (PA); Pennsylvania Electric Co; United Electric Coop, Inc - (PA); Warren Electric Coop Inc",PJM,PJM,PJM,no
42055,PA,Franklin,2023,6,Adams Electric Cooperative Inc; Borough of Chambersburg; Mont Alto Borough; Pennsylvania Electric Co; Valley Rural Electric Coop Inc; West Penn Power Company,PJM,PJM,PJM,no
42057,PA,Fulton,2023,4,"Bedford Rural Elec Coop, Inc; New Enterprise R E C, Inc; Valley Rural Electric Coop Inc; West Penn Power Company",PJM,PJM,PJM,no
42059,PA,Greene,2023,1,West Penn Power Company,PJM,PJM,PJM,no
42061,PA,Huntingdon,2023,4,"New Enterprise R E C, Inc; Pennsylvania Electric Co; Valley Rural Electric Coop Inc; West Penn Power Company",PJM,PJM,PJM,no
42063,PA,Indiana,2023,4,"Pennsylvania Electric Co; REA Energy Coop Inc; United Electric Coop, Inc - (PA); West Penn Power Company",PJM,PJM,PJM,no
42065,PA,Jefferson,2023,4,"Pennsylvania Electric Co; REA Energy Coop Inc; United Electric Coop, Inc - (PA); West Penn Power Company",PJM,PJM,PJM,no
42067,PA,Juniata,2023,3,PPL Electric Utilities Corp; Pennsylvania Electric Co; Valley Rural Electric Coop Inc,PJM,PJM,PJM,no
42069,PA,Lackawanna,2023,4,Borough of Blakely - (PA); Borough of Olyphant - (PA); Claverack Rural Elec Coop Inc; PPL Electric Utilities Corp,PJM,PJM,PJM,no
42071,PA,Lancaster,2023,3,Borough of Ephrata - (PA); Metropolitan Edison Co; PPL Electric Utilities Corp,PJM,PJM,PJM,no
42073,PA,Lawrence,2023,4,Borough of Ellwood City - (PA); Borough of New Wilmington - (PA); Borough of Wampum; Pennsylvania Power Co,PJM,PJM,PJM,no
42075,PA,Lebanon,2023,3,Metropolitan Edison Co; PPL Electric Utilities Corp; Pennsylvania Electric Co,PJM,PJM,PJM,no
42077,PA,Lehigh,2023,2,Metropolitan Edison Co; PPL Electric Utilities Corp,PJM,PJM,PJM,no
42079,PA,Luzerne,2023,3,"Claverack Rural Elec Coop Inc; PPL Electric Utilities Corp; UGI Utilities, Inc",PJM,PJM,PJM,no
42081,PA,Lycoming,2023,6,"Claverack Rural Elec Coop Inc; PPL Electric Utilities Corp; Pennsylvania Electric Co; Sullivan County R E C, Inc - (PA); Tri-County Rural Elec Coop Inc (PA); West Penn Power Company",PJM,PJM,PJM,no
42083,PA,McKean,2023,4,Borough of Smethport - (PA); Pennsylvania Electric Co; Tri-County Rural Elec Coop Inc (PA); West Penn Power Company,PJM,PJM,PJM,no
42085,PA,Mercer,2023,4,"Borough of Grove City - (PA); Central Electric Coop, Inc - (PA); Northwestern Rural E C A, Inc - (PA); Pennsylvania Power Co",PJM,PJM,PJM,no
42087,PA,Mifflin,2023,3,PPL Electric Utilities Corp; Pennsylvania Electric Co; Valley Rural Electric Coop Inc,PJM,PJM,PJM,no
42089,PA,Monroe,2023,2,Metropolitan Edison Co; PPL Electric Utilities Corp,PJM,PJM,PJM,no
42091,PA,Montgomery,2023,5,Borough of Hatfield- (PA); Borough of Lansdale; Metropolitan Edison Co; PECO Energy Co; PPL Electric Utilities Corp,PJM,PJM,PJM,no
42093,PA,Montour,2023,1,PPL Electric Utilities Corp,PJM,PJM,PJM,no
42095,PA,Northampton,2023,2,Metropolitan Edison Co; PPL Electric Utilities Corp,PJM,PJM,PJM,no
42097,PA,Northumberland,2023,3,Borough of Watsontown - (PA); Citizens Electric Co - (PA); PPL Electric Utilities Corp,PJM,PJM,PJM,no
42099,PA,Perry,2023,3,Borough of Duncannon - (PA); PPL Electric Utilities Corp; Pennsylvania Electric Co,PJM,PJM,PJM,no
42101,PA,Philadelphia,2023,2,PECO Energy Co; Philadelphia Authority for Industrial Development,PJM,PJM,PJM,no
42103,PA,Pike,2023,3,Metropolitan Edison Co; PPL Electric Utilities Corp; Pike County Light & Power Co,PJM; NYIS,PJM; NYISO,PJM,yes
42105,PA,Potter,2023,3,Pennsylvania Electric Co; Tri-County Rural Elec Coop Inc (PA); West Penn Power Company,PJM,PJM,PJM,no
42107,PA,Schuylkill,2023,3,Borough of Schuylkill Haven - (PA); Borough of St Clair - (PA); PPL Electric Utilities Corp,PJM,PJM,PJM,no
42109,PA,Snyder,2023,1,PPL Electric Utilities Corp,PJM,PJM,PJM,no
42111,PA,Somerset,2023,6,"Bedford Rural Elec Coop, Inc; Borough of Berlin - (PA); Hooversville Boro Elec Lgt Co; Pennsylvania Electric Co; Somerset Rural Elec Coop, Inc; West Penn Power Company",PJM,PJM,PJM,no
42113,PA,Sullivan,2023,4,"Claverack Rural Elec Coop Inc; PPL Electric Utilities Corp; Pennsylvania Electric Co; Sullivan County R E C, Inc - (PA)",PJM,PJM,PJM,no
42115,PA,Susquehanna,2023,3,Claverack Rural Elec Coop Inc; PPL Electric Utilities Corp; Pennsylvania Electric Co,PJM,PJM,PJM,no
42117,PA,Tioga,2023,4,Claverack Rural Elec Coop Inc; Pennsylvania Electric Co; Tri-County Rural Elec Coop Inc (PA); Wellsborough Electric Co,PJM,PJM,PJM,no
42119,PA,Union,2023,3,Borough of Mifflinburg - (PA); Citizens Electric Co - (PA); PPL Electric Utilities Corp,PJM,PJM,PJM,no
42121,PA,Venango,2023,4,"Central Electric Coop, Inc - (PA); Northwestern Rural E C A, Inc - (PA); Pennsylvania Electric Co; Warren Electric Coop Inc",PJM,PJM,PJM,no
42123,PA,Warren,2023,3,"Northwestern Rural E C A, Inc - (PA); Pennsylvania Electric Co; Warren Electric Coop Inc",PJM,PJM,PJM,no
42125,PA,Washington,2023,1,West Penn Power Company,PJM,PJM,PJM,no
42127,PA,Wayne,2023,2,PPL Electric Utilities Corp; Pennsylvania Electric Co,PJM,PJM,PJM,no
42129,PA,Westmoreland,2023,5,"Duquesne Light Co; Pennsylvania Electric Co; REA Energy Coop Inc; Somerset Rural Elec Coop, Inc; West Penn Power Company",PJM,PJM,PJM,no
42131,PA,Wyoming,2023,4,"Claverack Rural Elec Coop Inc; PPL Electric Utilities Corp; Pennsylvania Electric Co; UGI Utilities, Inc",PJM,PJM,PJM,no
42133,PA,York,2023,6,Adams Electric Cooperative Inc; Borough of Goldsboro - (PA); Borough of Lewisberry - (PA); Metropolitan Edison Co; PECO Energy Co; PPL Electric Utilities Corp,PJM,PJM,PJM,no
44001,RI,Bristol,2023,1,The Narragansett Electric Co,ISNE,ISO-NE,ISO-NE,no
44003,RI,Kent,2023,1,The Narragansett Electric Co,ISNE,ISO-NE,ISO-NE,no
44005,RI,Newport,2023,1,The Narragansett Electric Co,ISNE,ISO-NE,ISO-NE,no
44007,RI,Providence,2023,2,Pascoag Utility District; The Narragansett Electric Co,ISNE,ISO-NE,ISO-NE,no
44009,RI,Washington,2023,2,Block Island Utility District; The Narragansett Electric Co,ISNE,ISO-NE,ISO-NE,no
45001,SC,Abbeville,2023,5,"City of Abbeville - (SC); City of Due West - (SC); Duke Energy Carolinas, LLC; Laurens Electric Coop, Inc; Little River Electric Coop Inc",DUK,Southeast (non-RTO),Southeast (non-RTO),no
45003,SC,Aiken,2023,3,"Aiken Electric Coop Inc; Dominion Energy South Carolina, Inc; Mid-Carolina Electric Coop Inc",SC; SCEG,Southeast (non-RTO),Southeast (non-RTO),no
45005,SC,Allendale,2023,3,"Dominion Energy South Carolina, Inc; Edisto Electric Coop, Inc; Palmetto Electric Coop Inc",SC; SCEG,Southeast (non-RTO),Southeast (non-RTO),no
45007,SC,Anderson,2023,4,"Blue Ridge Electric Coop Inc - (SC); Duke Energy Carolinas, LLC; Laurens Electric Coop, Inc; Little River Electric Coop Inc",DUK,Southeast (non-RTO),Southeast (non-RTO),no
45009,SC,Bamberg,2023,3,"Bamberg Board of Public Works; Coastal Electric Coop, Inc - (SC); Edisto Electric Coop, Inc",SC,Southeast (non-RTO),Southeast (non-RTO),no
45011,SC,Barnwell,2023,2,"Aiken Electric Coop Inc; Edisto Electric Coop, Inc",SC,Southeast (non-RTO),Southeast (non-RTO),no
45013,SC,Beaufort,2023,2,"Dominion Energy South Carolina, Inc; Palmetto Electric Coop Inc",SC; SCEG,Southeast (non-RTO),Southeast (non-RTO),no
45015,SC,Berkeley,2023,4,"Berkeley Electric Coop Inc; Dominion Energy South Carolina, Inc; Edisto Electric Coop, Inc; South Carolina Public Service Authority",SC; SCEG,Southeast (non-RTO),Southeast (non-RTO),no
45017,SC,Calhoun,2023,2,"Aiken Electric Coop Inc; Tri-County Electric Coop, Inc (SC)",SC,Southeast (non-RTO),Southeast (non-RTO),no
45019,SC,Charleston,2023,2,"Berkeley Electric Coop Inc; Dominion Energy South Carolina, Inc",SC; SCEG,Southeast (non-RTO),Southeast (non-RTO),no
45021,SC,Cherokee,2023,5,"Broad River Electric Coop, Inc; City of Gaffney - (SC); Duke Energy Carolinas, LLC; Lockhart Power Co; York Electric Coop Inc",DUK,Southeast (non-RTO),Southeast (non-RTO),no
45023,SC,Chester,2023,4,"Duke Energy Carolinas, LLC; Fairfield Electric Coop, Inc; Lockhart Power Co; York Electric Coop Inc",DUK; SC,Southeast (non-RTO),Southeast (non-RTO),no
45025,SC,Chesterfield,2023,3,"Duke Energy Progress - (NC); Lynches River Elec Coop, Inc; MPD Electric Cooperative",SC; CPLE,Southeast (non-RTO),Southeast (non-RTO),no
45027,SC,Clarendon,2023,3,"Black River Electric Coop, Inc - (SC); Duke Energy Progress - (NC); Santee Electric Coop, Inc",SC; CPLE,Southeast (non-RTO),Southeast (non-RTO),no
45029,SC,Colleton,2023,3,"Coastal Electric Coop, Inc - (SC); Dominion Energy South Carolina, Inc; Edisto Electric Coop, Inc",SC; SCEG,Southeast (non-RTO),Southeast (non-RTO),no
45031,SC,Darlington,2023,2,Duke Energy Progress - (NC); MPD Electric Cooperative,CPLE; SC,Southeast (non-RTO),Southeast (non-RTO),no
45033,SC,Dillon,2023,2,Duke Energy Progress - (NC); MPD Electric Cooperative,CPLE; SC,Southeast (non-RTO),Southeast (non-RTO),no
45035,SC,Dorchester,2023,4,"Berkeley Electric Coop Inc; Coastal Electric Coop, Inc - (SC); Dominion Energy South Carolina, Inc; Edisto Electric Coop, Inc",SC; SCEG,Southeast (non-RTO),Southeast (non-RTO),no
45037,SC,Edgefield,2023,2,"Aiken Electric Coop Inc; Duke Energy Carolinas, LLC",SC; DUK,Southeast (non-RTO),Southeast (non-RTO),no
45039,SC,Fairfield,2023,5,"Dominion Energy South Carolina, Inc; Duke Energy Carolinas, LLC; Fairfield Electric Coop, Inc; Newberry Electric Coop, Inc; Town of Winnsboro - (SC)",SC; SCEG; DUK,Southeast (non-RTO),Southeast (non-RTO),no
45041,SC,Florence,2023,3,"Duke Energy Progress - (NC); MPD Electric Cooperative; Santee Electric Coop, Inc",SC; CPLE,Southeast (non-RTO),Southeast (non-RTO),no
45043,SC,Georgetown,2023,4,"City of Georgetown - (SC); Duke Energy Progress - (NC); Santee Electric Coop, Inc; South Carolina Public Service Authority",SC; CPLE,Southeast (non-RTO),Southeast (non-RTO),no
45045,SC,Greenville,2023,4,"Blue Ridge Electric Coop Inc - (SC); Duke Energy Carolinas, LLC; Greer Commission of Public Wks; Laurens Electric Coop, Inc",DUK,Southeast (non-RTO),Southeast (non-RTO),no
45047,SC,Greenwood,2023,4,"Aiken Electric Coop Inc; Duke Energy Carolinas, LLC; Greenwood CPW; Little River Electric Coop Inc",DUK; SC,Southeast (non-RTO),Southeast (non-RTO),no
45049,SC,Hampton,2023,3,"Dominion Energy South Carolina, Inc; Edisto Electric Coop, Inc; Palmetto Electric Coop Inc",SC; SCEG,Southeast (non-RTO),Southeast (non-RTO),no
45051,SC,Horry,2023,3,Duke Energy Progress - (NC); Horry Electric Coop Inc; South Carolina Public Service Authority,SC; CPLE,Southeast (non-RTO),Southeast (non-RTO),no
45053,SC,Jasper,2023,2,"Dominion Energy South Carolina, Inc; Palmetto Electric Coop Inc",SC; SCEG,Southeast (non-RTO),Southeast (non-RTO),no
45055,SC,Kershaw,2023,7,"Black River Electric Coop, Inc - (SC); City of Camden; Duke Energy Carolinas, LLC; Duke Energy Progress - (NC); Fairfield Electric Coop, Inc; Lynches River Elec Coop, Inc; Tri-County Electric Coop, Inc (SC)",SC; CPLE; DUK,Southeast (non-RTO),Southeast (non-RTO),no
45057,SC,Lancaster,2023,3,"Duke Energy Carolinas, LLC; Lynches River Elec Coop, Inc; York Electric Coop Inc",DUK; SC,Southeast (non-RTO),Southeast (non-RTO),no
45059,SC,Laurens,2023,5,"City of Laurens - (SC); Clinton Combined Utility Sys; Duke Energy Carolinas, LLC; Laurens Electric Coop, Inc; Newberry Electric Coop, Inc",DUK; SC,Southeast (non-RTO),Southeast (non-RTO),no
45061,SC,Lee,2023,4,"Black River Electric Coop, Inc - (SC); City of Camden; Duke Energy Progress - (NC); MPD Electric Cooperative",SC; CPLE,Southeast (non-RTO),Southeast (non-RTO),no
45063,SC,Lexington,2023,5,"Aiken Electric Coop Inc; Dominion Energy South Carolina, Inc; Mid-Carolina Electric Coop Inc; Newberry Electric Coop, Inc; Tri-County Electric Coop, Inc (SC)",SC; SCEG,Southeast (non-RTO),Southeast (non-RTO),no
45065,SC,McCormick,2023,4,"Aiken Electric Coop Inc; Duke Energy Carolinas, LLC; Little River Electric Coop Inc; Town of McCormick - (SC)",DUK; SC; SCEG,Southeast (non-RTO),Southeast (non-RTO),no
45067,SC,Marion,2023,2,Duke Energy Progress - (NC); MPD Electric Cooperative,CPLE; SC,Southeast (non-RTO),Southeast (non-RTO),no
45069,SC,Marlboro,2023,3,City of Bennettsville - (SC); Duke Energy Progress - (NC); MPD Electric Cooperative,SC; CPLE,Southeast (non-RTO),Southeast (non-RTO),no
45071,SC,Newberry,2023,7,"Broad River Electric Coop, Inc; City of Newberry - (SC); Duke Energy Carolinas, LLC; Laurens Electric Coop, Inc; Mid-Carolina Electric Coop Inc; Newberry Electric Coop, Inc; Town of Prosperity - (SC)",DUK; SC,Southeast (non-RTO),Southeast (non-RTO),no
45073,SC,Oconee,2023,5,"Blue Ridge Electric Coop Inc - (SC); City of Seneca - (SC); City of Westminster - (SC); Duke Energy Carolinas, LLC; Haywood Electric Member Corp",DUK,Southeast (non-RTO),Southeast (non-RTO),no
45075,SC,Orangeburg,2023,5,"Aiken Electric Coop Inc; City of Orangeburg - (SC); Dominion Energy South Carolina, Inc; Edisto Electric Coop, Inc; Tri-County Electric Coop, Inc (SC)",SC; SCEG,Southeast (non-RTO),Southeast (non-RTO),no
45077,SC,Pickens,2023,3,"Blue Ridge Electric Coop Inc - (SC); Duke Energy Carolinas, LLC; Easley Combined Utility System",DUK,Southeast (non-RTO),Southeast (non-RTO),no
45079,SC,Richland,2023,4,"Dominion Energy South Carolina, Inc; Fairfield Electric Coop, Inc; Mid-Carolina Electric Coop Inc; Tri-County Electric Coop, Inc (SC)",SC; SCEG,Southeast (non-RTO),Southeast (non-RTO),no
45081,SC,Saluda,2023,3,"Aiken Electric Coop Inc; Duke Energy Carolinas, LLC; Mid-Carolina Electric Coop Inc",SC; DUK,Southeast (non-RTO),Southeast (non-RTO),no
45083,SC,Spartanburg,2023,6,"Blue Ridge Electric Coop Inc - (SC); Broad River Electric Coop, Inc; Duke Energy Carolinas, LLC; Greer Commission of Public Wks; Laurens Electric Coop, Inc; Lockhart Power Co",DUK,Southeast (non-RTO),Southeast (non-RTO),no
45085,SC,Sumter,2023,4,"Black River Electric Coop, Inc - (SC); City of Camden; Duke Energy Progress - (NC); Tri-County Electric Coop, Inc (SC)",SC; CPLE,Southeast (non-RTO),Southeast (non-RTO),no
45087,SC,Union,2023,5,"Broad River Electric Coop, Inc; City of Union - (SC); Duke Energy Carolinas, LLC; Laurens Electric Coop, Inc; Lockhart Power Co",DUK,Southeast (non-RTO),Southeast (non-RTO),no
45089,SC,Williamsburg,2023,2,"Duke Energy Progress - (NC); Santee Electric Coop, Inc",CPLE; SC,Southeast (non-RTO),Southeast (non-RTO),no
45091,SC,York,2023,6,"Broad River Electric Coop, Inc; City of Rock Hill - (SC); Duke Energy Carolinas, LLC; Fairfield Electric Coop, Inc; Lockhart Power Co; York Electric Coop Inc",DUK; SC,Southeast (non-RTO),Southeast (non-RTO),no
46003,SD,Aurora,2023,5,"Central Electric Coop, Inc - (SD); City of Plankinton - (SD); Douglas Electric Coop, Inc; NorthWestern Energy - (SD); WAPA-- Western Area Power Administration",SWPP; WACM,SPP; Southeast (non-RTO),SPP,yes
46005,SD,Beadle,2023,6,"Codington-Clark Elec Coop, Inc; Dakota Energy Coop Inc; Kingsbury Electric Coop, Inc; NorthWestern Energy - (SD); Northern Electric Coop, Inc; WAPA-- Western Area Power Administration",SWPP; WACM,SPP; Southeast (non-RTO),SPP,yes
46007,SD,Bennett,2023,2,"LaCreek Electric Assn, Inc; WAPA-- Western Area Power Administration",WACM,Southeast (non-RTO),Southeast (non-RTO),no
46009,SD,Bon Homme,2023,6,"Bon Homme Yankton El Assn, Inc; Charles Mix Electric Assn, Inc; City of Tyndall - (SD); NorthWestern Energy - (SD); Southeastern Electric Coop Inc - (SD); WAPA-- Western Area Power Administration",SWPP; WACM,SPP; Southeast (non-RTO),SPP,yes
46011,SD,Brookings,2023,10,"City of Arlington - (SD); City of Aurora - (SD); City of Brookings - (SD); City of Volga - (SD); City of White - (SD); H-D Electric Coop Inc; Kingsbury Electric Coop, Inc; Otter Tail Power Co",SWPP; WACM; MISO,SPP; Southeast (non-RTO); MISO,SPP,yes
46013,SD,Brown,2023,7,"City of Groton - (SD); City of Hecla; Lake Region Electric Assn, Inc - (SD); Montana-Dakota Utilities Co; NorthWestern Energy - (SD); Northern Electric Coop, Inc; WAPA-- Western Area Power Administration",SWPP; WACM; MISO,SPP; Southeast (non-RTO); MISO,SPP,yes
46015,SD,Brule,2023,4,"Central Electric Coop, Inc - (SD); Charles Mix Electric Assn, Inc; NorthWestern Energy - (SD); WAPA-- Western Area Power Administration",WACM; SWPP,Southeast (non-RTO); SPP,Southeast (non-RTO),yes
46017,SD,Buffalo,2023,3,"Central Electric Coop, Inc - (SD); Dakota Energy Coop Inc; WAPA-- Western Area Power Administration",WACM,Southeast (non-RTO),Southeast (non-RTO),no
46019,SD,Butte,2023,4,"Black Hills Power, Inc.; Butte Electric Coop, Inc; Grand Electric Coop, Inc; WAPA-- Western Area Power Administration",WACM; SWPP,Southeast (non-RTO); SPP,Southeast (non-RTO),yes
46021,SD,Campbell,2023,3,"Cam Wal Electric Coop, Inc; Montana-Dakota Utilities Co; WAPA-- Western Area Power Administration",SWPP; MISO; WACM,SPP; MISO; Southeast (non-RTO),SPP,yes
46023,SD,Charles Mix,2023,5,"Charles Mix Electric Assn, Inc; Douglas Electric Coop, Inc; NorthWestern Energy - (SD); Town of Pickstown - (SD); WAPA-- Western Area Power Administration",SWPP; WACM,SPP; Southeast (non-RTO),SPP,yes
46025,SD,Clark,2023,6,"Codington-Clark Elec Coop, Inc; H-D Electric Coop Inc; Kingsbury Electric Coop, Inc; NorthWestern Energy - (SD); Northern Electric Coop, Inc; WAPA-- Western Area Power Administration",SWPP; WACM,SPP; Southeast (non-RTO),SPP,yes
46027,SD,Clay,2023,4,City of Vermillion - (SD); Clay-Union Electric Corp; Southeastern Electric Coop Inc - (SD); WAPA-- Western Area Power Administration,SWPP; WACM,SPP; Southeast (non-RTO),SPP,yes
46029,SD,Codington,2023,7,"Codington-Clark Elec Coop, Inc; H-D Electric Coop Inc; NorthWestern Energy - (SD); Otter Tail Power Co; WAPA-- Western Area Power Administration; Watertown Municipal Utilities; Whetstone Valley Elec Coop Inc",SWPP; MISO; WACM,SPP; MISO; Southeast (non-RTO),SPP,yes
46031,SD,Corson,2023,4,"City of McLaughlin - (SD); Grand Electric Coop, Inc; Montana-Dakota Utilities Co; Moreau-Grand Electric Coop Inc",SWPP; MISO,SPP; MISO,SPP,yes
46033,SD,Custer,2023,3,"Black Hills Electric Coop, Inc; Black Hills Power, Inc.; WAPA-- Western Area Power Administration",WACM; SWPP,Southeast (non-RTO); SPP,Southeast (non-RTO),yes
46035,SD,Davison,2023,4,"Central Electric Coop, Inc - (SD); Douglas Electric Coop, Inc; NorthWestern Energy - (SD); WAPA-- Western Area Power Administration",WACM; SWPP,Southeast (non-RTO); SPP,Southeast (non-RTO),yes
46037,SD,Day,2023,6,"Codington-Clark Elec Coop, Inc; Lake Region Electric Assn, Inc - (SD); NorthWestern Energy - (SD); Northern Electric Coop, Inc; Otter Tail Power Co; WAPA-- Western Area Power Administration",SWPP; WACM; MISO,SPP; Southeast (non-RTO); MISO,SPP,yes
46039,SD,Deuel,2023,7,"Codington-Clark Elec Coop, Inc; H-D Electric Coop Inc; NorthWestern Energy - (SD); Otter Tail Power Co; Sioux Valley SW Elec Coop; WAPA-- Western Area Power Administration; Whetstone Valley Elec Coop Inc",SWPP; MISO; WACM,SPP; MISO; Southeast (non-RTO),SPP,yes
46041,SD,Dewey,2023,2,Moreau-Grand Electric Coop Inc; WAPA-- Western Area Power Administration,SWPP; WACM,SPP; Southeast (non-RTO),SPP,yes
46043,SD,Douglas,2023,5,"Charles Mix Electric Assn, Inc; Douglas Electric Coop, Inc; NorthWestern Energy - (SD); Southeastern Electric Coop Inc - (SD); WAPA-- Western Area Power Administration",SWPP; WACM,SPP; Southeast (non-RTO),SPP,yes
46045,SD,Edmunds,2023,4,"FEM Electric Assn, Inc; Montana-Dakota Utilities Co; NorthWestern Energy - (SD); Northern Electric Coop, Inc",SWPP; MISO,SPP; MISO,SPP,yes
46047,SD,Fall River,2023,4,"Black Hills Electric Coop, Inc; Black Hills Power, Inc.; Niobrara Electric Assn, Inc; WAPA-- Western Area Power Administration",WACM; SWPP,Southeast (non-RTO); SPP,Southeast (non-RTO),yes
46049,SD,Faulk,2023,5,"Dakota Energy Coop Inc; FEM Electric Assn, Inc; Montana-Dakota Utilities Co; NorthWestern Energy - (SD); Northern Electric Coop, Inc",SWPP; WACM; MISO,SPP; Southeast (non-RTO); MISO,SPP,yes
46051,SD,Grant,2023,6,"City of Big Stone City - (SD); Codington-Clark Elec Coop, Inc; H-D Electric Coop Inc; Otter Tail Power Co; WAPA-- Western Area Power Administration; Whetstone Valley Elec Coop Inc",SWPP; MISO; WACM,SPP; MISO; Southeast (non-RTO),SPP,yes
46053,SD,Gregory,2023,3,City of Burke - (SD); Rosebud Electric Coop Inc; WAPA-- Western Area Power Administration,SWPP; WACM,SPP; Southeast (non-RTO),SPP,yes
46055,SD,Haakon,2023,3,WAPA-- Western Area Power Administration; West Central Electric Coop Inc - (SD); West River Electric Assn Inc,SWPP; WACM,SPP; Southeast (non-RTO),SPP,yes
46057,SD,Hamlin,2023,9,"City of Bryant - (SD); City of Estelline - (SD); Codington-Clark Elec Coop, Inc; H-D Electric Coop Inc; Kingsbury Electric Coop, Inc; NorthWestern Energy - (SD); Otter Tail Power Co; Sioux Valley SW Elec Coop",SWPP; MISO; WACM,SPP; MISO; Southeast (non-RTO),SPP,yes
46059,SD,Hand,2023,5,"City of Miller - (SD); Dakota Energy Coop Inc; NorthWestern Energy - (SD); Northern Electric Coop, Inc; WAPA-- Western Area Power Administration",SWPP; WACM,SPP; Southeast (non-RTO),SPP,yes
46061,SD,Hanson,2023,5,"Central Electric Coop, Inc - (SD); NorthWestern Energy - (SD); Northern States Power Co - Minnesota; Southeastern Electric Coop Inc - (SD); WAPA-- Western Area Power Administration",WACM; SWPP; MISO,Southeast (non-RTO); SPP; MISO,Southeast (non-RTO),yes
46063,SD,Harding,2023,3,"Grand Electric Coop, Inc; Montana-Dakota Utilities Co; Southeast Electric Coop, Inc",SWPP; MISO,SPP; MISO,SPP,yes
46065,SD,Hughes,2023,4,City of Pierre - (SD); NorthWestern Energy - (SD); Oahe Electric Coop Inc; WAPA-- Western Area Power Administration,SWPP; WACM,SPP; Southeast (non-RTO),SPP,yes
46067,SD,Hutchinson,2023,4,"Douglas Electric Coop, Inc; NorthWestern Energy - (SD); Northern States Power Co - Minnesota; Southeastern Electric Coop Inc - (SD)",SWPP; MISO,SPP; MISO,SPP,yes
46069,SD,Hyde,2023,3,Dakota Energy Coop Inc; NorthWestern Energy - (SD); WAPA-- Western Area Power Administration,WACM; SWPP,Southeast (non-RTO); SPP,Southeast (non-RTO),yes
46071,SD,Jackson,2023,4,"LaCreek Electric Assn, Inc; WAPA-- Western Area Power Administration; West Central Electric Coop Inc - (SD); West River Electric Assn Inc",WACM; SWPP,Southeast (non-RTO); SPP,Southeast (non-RTO),yes
46073,SD,Jerauld,2023,5,"Central Electric Coop, Inc - (SD); City of Wessington Springs; Dakota Energy Coop Inc; NorthWestern Energy - (SD); WAPA-- Western Area Power Administration",WACM; SWPP,Southeast (non-RTO); SPP,Southeast (non-RTO),yes
46075,SD,Jones,2023,2,WAPA-- Western Area Power Administration; West Central Electric Coop Inc - (SD),SWPP; WACM,SPP; Southeast (non-RTO),SPP,yes
46077,SD,Kingsbury,2023,8,"City of Arlington - (SD); City of Badger - (SD); Codington-Clark Elec Coop, Inc; Dakota Energy Coop Inc; Kingsbury Electric Coop, Inc; NorthWestern Energy - (SD); Otter Tail Power Co; Sioux Valley SW Elec Coop",SWPP; MISO; WACM,SPP; MISO; Southeast (non-RTO),SPP,yes
46079,SD,Lake,2023,5,City of Madison - (SD); Northern States Power Co - Minnesota; Otter Tail Power Co; Sioux Valley SW Elec Coop; Southeastern Electric Coop Inc - (SD),MISO; SWPP,MISO; SPP,MISO,yes
46081,SD,Lawrence,2023,3,"Black Hills Electric Coop, Inc; Black Hills Power, Inc.; Butte Electric Coop, Inc",WACM; SWPP,Southeast (non-RTO); SPP,Southeast (non-RTO),yes
46083,SD,Lincoln,2023,6,City of Beresford; Clay-Union Electric Corp; MidAmerican Energy Co; Northern States Power Co - Minnesota; Southeastern Electric Coop Inc - (SD); WAPA-- Western Area Power Administration,SWPP; MISO; WACM,SPP; MISO; Southeast (non-RTO),SPP,yes
46085,SD,Lyman,2023,3,Rosebud Electric Coop Inc; WAPA-- Western Area Power Administration; West Central Electric Coop Inc - (SD),SWPP; WACM,SPP; Southeast (non-RTO),SPP,yes
46087,SD,McCook,2023,4,Northern States Power Co - Minnesota; Sioux Valley SW Elec Coop; Southeastern Electric Coop Inc - (SD); WAPA-- Western Area Power Administration,SWPP; MISO; WACM,SPP; MISO; Southeast (non-RTO),SPP,yes
46089,SD,McPherson,2023,3,"FEM Electric Assn, Inc; Montana-Dakota Utilities Co; Northern Electric Coop, Inc",SWPP; MISO,SPP; MISO,SPP,yes
46091,SD,Marshall,2023,7,"Lake Region Electric Assn, Inc - (SD); NorthWestern Energy - (SD); Northern Electric Coop, Inc; Otter Tail Power Co; Town of Langford- (SD); Traverse Electric Coop, Inc; WAPA-- Western Area Power Administration",SWPP; WACM; MISO,SPP; Southeast (non-RTO); MISO,SPP,yes
46093,SD,Meade,2023,7,"Black Hills Electric Coop, Inc; Black Hills Power, Inc.; Butte Electric Coop, Inc; City of Faith - (SD); Grand Electric Coop, Inc; WAPA-- Western Area Power Administration; West River Electric Assn Inc",SWPP; WACM,SPP; Southeast (non-RTO),SPP,yes
46095,SD,Mellette,2023,4,"Cherry-Todd Electric Coop, Inc; LaCreek Electric Assn, Inc; Rosebud Electric Coop Inc; West Central Electric Coop Inc - (SD)",SWPP; WACM,SPP; Southeast (non-RTO),SPP,yes
46097,SD,Miner,2023,6,"Central Electric Coop, Inc - (SD); City of Howard - (SD); Dakota Energy Coop Inc; Northern States Power Co - Minnesota; Sioux Valley SW Elec Coop; Southeastern Electric Coop Inc - (SD)",WACM; MISO; SWPP,Southeast (non-RTO); MISO; SPP,Southeast (non-RTO),yes
46099,SD,Minnehaha,2023,5,City of Sioux Falls - (SD); Northern States Power Co - Minnesota; Sioux Valley SW Elec Coop; Southeastern Electric Coop Inc - (SD); WAPA-- Western Area Power Administration,MISO; SWPP; WACM,MISO; SPP; Southeast (non-RTO),MISO,yes
46101,SD,Moody,2023,6,City of Colman - (SD); City of Flandreau; Northern States Power Co - Minnesota; Otter Tail Power Co; Sioux Valley SW Elec Coop; WAPA-- Western Area Power Administration,MISO; SWPP; WACM,MISO; SPP; Southeast (non-RTO),MISO,yes
46102,SD,Oglala Lakota,2023,4,"Black Hills Electric Coop, Inc; LaCreek Electric Assn, Inc; Nebraska Public Power District; West River Electric Assn Inc",SWPP; WACM,SPP; Southeast (non-RTO),SPP,yes
46103,SD,Pennington,2023,4,"Black Hills Electric Coop, Inc; Black Hills Power, Inc.; WAPA-- Western Area Power Administration; West River Electric Assn Inc",SWPP; WACM,SPP; Southeast (non-RTO),SPP,yes
46105,SD,Perkins,2023,3,"Grand Electric Coop, Inc; Montana-Dakota Utilities Co; WAPA-- Western Area Power Administration",SWPP; MISO; WACM,SPP; MISO; Southeast (non-RTO),SPP,yes
46107,SD,Potter,2023,3,"Cam Wal Electric Coop, Inc; Montana-Dakota Utilities Co; WAPA-- Western Area Power Administration",SWPP; MISO; WACM,SPP; MISO; Southeast (non-RTO),SPP,yes
46109,SD,Roberts,2023,6,"Codington-Clark Elec Coop, Inc; Lake Region Electric Assn, Inc - (SD); Otter Tail Power Co; Traverse Electric Coop, Inc; WAPA-- Western Area Power Administration; Whetstone Valley Elec Coop Inc",SWPP; WACM; MISO,SPP; Southeast (non-RTO); MISO,SPP,yes
46111,SD,Sanborn,2023,5,"Central Electric Coop, Inc - (SD); Dakota Energy Coop Inc; NorthWestern Energy - (SD); Northern States Power Co - Minnesota; WAPA-- Western Area Power Administration",WACM; MISO; SWPP,Southeast (non-RTO); MISO; SPP,Southeast (non-RTO),yes
46115,SD,Spink,2023,6,"Codington-Clark Elec Coop, Inc; Dakota Energy Coop Inc; Lake Region Electric Assn, Inc - (SD); NorthWestern Energy - (SD); Northern Electric Coop, Inc; WAPA-- Western Area Power Administration",SWPP; WACM,SPP; Southeast (non-RTO),SPP,yes
46117,SD,Stanley,2023,3,City of Fort Pierre - (SD); WAPA-- Western Area Power Administration; West Central Electric Coop Inc - (SD),SWPP; WACM,SPP; Southeast (non-RTO),SPP,yes
46119,SD,Sully,2023,4,City of Onida - (SD); Dakota Energy Coop Inc; Oahe Electric Coop Inc; WAPA-- Western Area Power Administration,WACM; SWPP,Southeast (non-RTO); SPP,Southeast (non-RTO),yes
46121,SD,Todd,2023,3,"Cherry-Todd Electric Coop, Inc; LaCreek Electric Assn, Inc; WAPA-- Western Area Power Administration",WACM; SWPP,Southeast (non-RTO); SPP,Southeast (non-RTO),yes
46123,SD,Tripp,2023,3,Rosebud Electric Coop Inc; WAPA-- Western Area Power Administration; Winner Municipal Utility,SWPP; WACM,SPP; Southeast (non-RTO),SPP,yes
46125,SD,Turner,2023,7,City of Parker - (SD); Clay-Union Electric Corp; NorthWestern Energy - (SD); Northern States Power Co - Minnesota; Sioux Valley SW Elec Coop; Southeastern Electric Coop Inc - (SD); WAPA-- Western Area Power Administration,SWPP; MISO; WACM,SPP; MISO; Southeast (non-RTO),SPP,yes
46127,SD,Union,2023,7,City of Beresford; City of Elk Point; Clay-Union Electric Corp; MidAmerican Energy Co; Southeastern Electric Coop Inc - (SD); Union County Electric Coop Inc; WAPA-- Western Area Power Administration,SWPP; MISO; WACM,SPP; MISO; Southeast (non-RTO),SPP,yes
46129,SD,Walworth,2023,3,"Cam Wal Electric Coop, Inc; Montana-Dakota Utilities Co; WAPA-- Western Area Power Administration",SWPP; MISO; WACM,SPP; MISO; Southeast (non-RTO),SPP,yes
46135,SD,Yankton,2023,5,"Bon Homme Yankton El Assn, Inc; Clay-Union Electric Corp; NorthWestern Energy - (SD); Southeastern Electric Coop Inc - (SD); WAPA-- Western Area Power Administration",SWPP; WACM,SPP; Southeast (non-RTO),SPP,yes
46137,SD,Ziebach,2023,4,"Grand Electric Coop, Inc; Moreau-Grand Electric Coop Inc; WAPA-- Western Area Power Administration; West River Electric Assn Inc",SWPP; WACM,SPP; Southeast (non-RTO),SPP,yes
47001,TN,Anderson,2023,3,City of Clinton - (TN); City of Oak Ridge; Knoxville Utilities Board,TVA,Southeast (non-RTO),Southeast (non-RTO),no
47003,TN,Bedford,2023,2,City of Shelbyville - (TN); Duck River Elec Member Corp,TVA,Southeast (non-RTO),Southeast (non-RTO),no
47005,TN,Benton,2023,1,Benton County,TVA,Southeast (non-RTO),Southeast (non-RTO),no
47007,TN,Bledsoe,2023,4,City of Chattanooga - (TN); City of Dayton - (TN); Sequachee Valley Electric Coop; Volunteer Electric Coop,TVA,Southeast (non-RTO),Southeast (non-RTO),no
47009,TN,Blount,2023,5,City of Alcoa Utilities; Fort Loudoun Electric Coop; Knoxville Utilities Board; Maryville Utilities; Sevier County Electric System,TVA,Southeast (non-RTO),Southeast (non-RTO),no
47011,TN,Bradley,2023,3,City of Chattanooga - (TN); City of Cleveland - (TN); Volunteer Electric Coop,TVA,Southeast (non-RTO),Southeast (non-RTO),no
47013,TN,Campbell,2023,4,"City of Clinton - (TN); City of Jellico; City of LaFollette; Cumberland Valley Electric, Inc.",TVA; PJM,Southeast (non-RTO); PJM,Southeast (non-RTO),yes
47015,TN,Cannon,2023,2,"Caney Fork Electric Coop, Inc; Middle Tennessee E M C",TVA,Southeast (non-RTO),Southeast (non-RTO),no
47017,TN,Carroll,2023,3,Carroll County - (TN); City of Lexington - (TN); City of Milan - (TN),TVA,Southeast (non-RTO),Southeast (non-RTO),no
47019,TN,Carter,2023,4,"City of Elizabethton - (TN); Johnson City - (TN); Mountain Electric Coop, Inc; Town of Erwin - (TN)",TVA,Southeast (non-RTO),Southeast (non-RTO),no
47021,TN,Cheatham,2023,3,City of Dickson; Cumberland Elec Member Corp; Nashville Electric Service,TVA,Southeast (non-RTO),Southeast (non-RTO),no
47023,TN,Chester,2023,2,Pickwick Electric Coop; Southwest Tennessee E M C,TVA,Southeast (non-RTO),Southeast (non-RTO),no
47025,TN,Claiborne,2023,3,"City of LaFollette; Cumberland Valley Electric, Inc.; Powell Valley Electric Coop",TVA; PJM,Southeast (non-RTO); PJM,Southeast (non-RTO),yes
47027,TN,Clay,2023,2,Tri-County Elec Member Corp (TN); Upper Cumberland E M C,TVA,Southeast (non-RTO),Southeast (non-RTO),no
47029,TN,Cocke,2023,2,City of Newport - (TN); French Broad Elec Member Corp,TVA,Southeast (non-RTO),Southeast (non-RTO),no
47031,TN,Coffee,2023,4,"Caney Fork Electric Coop, Inc; Duck River Elec Member Corp; Sequachee Valley Electric Coop; Tullahoma Board-Public Utils",TVA,Southeast (non-RTO),Southeast (non-RTO),no
47033,TN,Crockett,2023,3,"Forked Deer Electric Coop, Inc; Gibson Electric Members Corp; Southwest Tennessee E M C",TVA,Southeast (non-RTO),Southeast (non-RTO),no
47035,TN,Cumberland,2023,1,Volunteer Electric Coop,TVA,Southeast (non-RTO),Southeast (non-RTO),no
47037,TN,Davidson,2023,1,Nashville Electric Service,TVA,Southeast (non-RTO),Southeast (non-RTO),no
47039,TN,Decatur,2023,1,City of Lexington - (TN),TVA,Southeast (non-RTO),Southeast (non-RTO),no
47041,TN,DeKalb,2023,4,"Caney Fork Electric Coop, Inc; City of Smithville - (TN); Middle Tennessee E M C; Upper Cumberland E M C",TVA,Southeast (non-RTO),Southeast (non-RTO),no
47043,TN,Dickson,2023,2,City of Dickson; Cumberland Elec Member Corp,TVA,Southeast (non-RTO),Southeast (non-RTO),no
47045,TN,Dyer,2023,4,"City of Dyersburg; City of Newbern; Forked Deer Electric Coop, Inc; Gibson Electric Members Corp",TVA,Southeast (non-RTO),Southeast (non-RTO),no
47047,TN,Fayette,2023,3,"Bolivar Energy Authority; Chickasaw Electric Coop, Inc; Southwest Tennessee E M C",TVA,Southeast (non-RTO),Southeast (non-RTO),no
47049,TN,Fentress,2023,1,Volunteer Electric Coop,TVA,Southeast (non-RTO),Southeast (non-RTO),no
47051,TN,Franklin,2023,4,City of Fayetteville; City of Winchester - (TN); Duck River Elec Member Corp; Tullahoma Board-Public Utils,TVA,Southeast (non-RTO),Southeast (non-RTO),no
47053,TN,Gibson,2023,5,City of Humboldt; City of Milan - (TN); City of Trenton - (TN); Gibson Electric Members Corp; Weakley County Mun Elec Sys,TVA,Southeast (non-RTO),Southeast (non-RTO),no
47055,TN,Giles,2023,3,City of Fayetteville; City of Pulaski - (TN); Duck River Elec Member Corp,TVA,Southeast (non-RTO),Southeast (non-RTO),no
47057,TN,Grainger,2023,3,Appalachian Electric Coop; Knoxville Utilities Board; Powell Valley Electric Coop,TVA,Southeast (non-RTO),Southeast (non-RTO),no
47059,TN,Greene,2023,2,City of Greeneville - (TN); Johnson City - (TN),TVA,Southeast (non-RTO),Southeast (non-RTO),no
47061,TN,Grundy,2023,3,"Caney Fork Electric Coop, Inc; Duck River Elec Member Corp; Sequachee Valley Electric Coop",TVA,Southeast (non-RTO),Southeast (non-RTO),no
47063,TN,Hamblen,2023,3,"Appalachian Electric Coop; City of Morristown - (TN); Holston Electric Coop, Inc",TVA,Southeast (non-RTO),Southeast (non-RTO),no
47065,TN,Hamilton,2023,3,City of Chattanooga - (TN); Sequachee Valley Electric Coop; Volunteer Electric Coop,TVA,Southeast (non-RTO),Southeast (non-RTO),no
47067,TN,Hancock,2023,1,Powell Valley Electric Coop,TVA,Southeast (non-RTO),Southeast (non-RTO),no
47069,TN,Hardeman,2023,4,"Bolivar Energy Authority; Chickasaw Electric Coop, Inc; Pickwick Electric Coop; Southwest Tennessee E M C",TVA,Southeast (non-RTO),Southeast (non-RTO),no
47071,TN,Hardin,2023,3,City of Lexington - (TN); Pickwick Electric Coop; Tennessee Valley Electric Coop,TVA,Southeast (non-RTO),Southeast (non-RTO),no
47073,TN,Hawkins,2023,3,"Holston Electric Coop, Inc; Kingsport Power Co; Powell Valley Electric Coop",TVA; PJM,Southeast (non-RTO); PJM,Southeast (non-RTO),yes
47075,TN,Haywood,2023,5,"Chickasaw Electric Coop, Inc; City of Brownsville; Forked Deer Electric Coop, Inc; Gibson Electric Members Corp; Southwest Tennessee E M C",TVA,Southeast (non-RTO),Southeast (non-RTO),no
47077,TN,Henderson,2023,3,Carroll County - (TN); City of Lexington - (TN); Southwest Tennessee E M C,TVA,Southeast (non-RTO),Southeast (non-RTO),no
47079,TN,Henry,2023,1,City of Paris - (TN),TVA,Southeast (non-RTO),Southeast (non-RTO),no
47081,TN,Hickman,2023,2,City of Dickson; Meriwether Lewis Electric Coop,TVA,Southeast (non-RTO),Southeast (non-RTO),no
47083,TN,Houston,2023,2,City of Dickson; Meriwether Lewis Electric Coop,TVA,Southeast (non-RTO),Southeast (non-RTO),no
47085,TN,Humphreys,2023,1,Meriwether Lewis Electric Coop,TVA,Southeast (non-RTO),Southeast (non-RTO),no
47087,TN,Jackson,2023,2,Tri-County Elec Member Corp (TN); Upper Cumberland E M C,TVA,Southeast (non-RTO),Southeast (non-RTO),no
47089,TN,Jefferson,2023,3,Appalachian Electric Coop; City of Newport - (TN); Knoxville Utilities Board,TVA,Southeast (non-RTO),Southeast (non-RTO),no
47091,TN,Johnson,2023,1,"Mountain Electric Coop, Inc",TVA,Southeast (non-RTO),Southeast (non-RTO),no
47093,TN,Knox,2023,3,City of Clinton - (TN); City of Lenoir - (TN); Knoxville Utilities Board,TVA,Southeast (non-RTO),Southeast (non-RTO),no
47095,TN,Lake,2023,1,Gibson Electric Members Corp,TVA,Southeast (non-RTO),Southeast (non-RTO),no
47097,TN,Lauderdale,2023,4,"City of Ripley - (TN); Forked Deer Electric Coop, Inc; Gibson Electric Members Corp; Southwest Tennessee E M C",TVA,Southeast (non-RTO),Southeast (non-RTO),no
47099,TN,Lawrence,2023,3,City of Lawrenceburg; City of Mt Pleasant - (TN); Duck River Elec Member Corp,TVA,Southeast (non-RTO),Southeast (non-RTO),no
47101,TN,Lewis,2023,2,Duck River Elec Member Corp; Meriwether Lewis Electric Coop,TVA,Southeast (non-RTO),Southeast (non-RTO),no
47103,TN,Lincoln,2023,3,City of Fayetteville; City of Pulaski - (TN); Duck River Elec Member Corp,TVA,Southeast (non-RTO),Southeast (non-RTO),no
47105,TN,Loudon,2023,3,City of Lenoir - (TN); Fort Loudoun Electric Coop; Loudon Utilities Board,TVA,Southeast (non-RTO),Southeast (non-RTO),no
47107,TN,McMinn,2023,3,Athens Utility Board; City of Etowah; Volunteer Electric Coop,TVA,Southeast (non-RTO),Southeast (non-RTO),no
47109,TN,McNairy,2023,1,Pickwick Electric Coop,TVA,Southeast (non-RTO),Southeast (non-RTO),no
47111,TN,Macon,2023,2,Tri-County Elec Member Corp (TN); Upper Cumberland E M C,TVA,Southeast (non-RTO),Southeast (non-RTO),no
47113,TN,Madison,2023,4,City of Jackson - (TN); City of Milan - (TN); Gibson Electric Members Corp; Southwest Tennessee E M C,TVA,Southeast (non-RTO),Southeast (non-RTO),no
47115,TN,Marion,2023,3,City of Chattanooga - (TN); Duck River Elec Member Corp; Sequachee Valley Electric Coop,TVA,Southeast (non-RTO),Southeast (non-RTO),no
47117,TN,Marshall,2023,3,City of Fayetteville; City of Lewisburg - (TN); Duck River Elec Member Corp,TVA,Southeast (non-RTO),Southeast (non-RTO),no
47119,TN,Maury,2023,4,City of Mt Pleasant - (TN); Columbia Power System - (TN); Duck River Elec Member Corp; Middle Tennessee E M C,TVA,Southeast (non-RTO),Southeast (non-RTO),no
47121,TN,Meigs,2023,1,Volunteer Electric Coop,TVA,Southeast (non-RTO),Southeast (non-RTO),no
47123,TN,Monroe,2023,2,City of Sweetwater; Fort Loudoun Electric Coop,TVA,Southeast (non-RTO),Southeast (non-RTO),no
47125,TN,Montgomery,2023,3,City of Clarksville - (TN); City of Dickson; Cumberland Elec Member Corp,TVA,Southeast (non-RTO),Southeast (non-RTO),no
47127,TN,Moore,2023,2,Duck River Elec Member Corp; Tullahoma Board-Public Utils,TVA,Southeast (non-RTO),Southeast (non-RTO),no
47129,TN,Morgan,2023,3,City of Clinton - (TN); City of Harriman - (TN); Plateau Electric Cooperative,TVA,Southeast (non-RTO),Southeast (non-RTO),no
47131,TN,Obion,2023,3,City of Union City; Gibson Electric Members Corp; Weakley County Mun Elec Sys,TVA,Southeast (non-RTO),Southeast (non-RTO),no
47133,TN,Overton,2023,3,Tri-County Elec Member Corp (TN); Upper Cumberland E M C; Volunteer Electric Coop,TVA,Southeast (non-RTO),Southeast (non-RTO),no
47135,TN,Perry,2023,1,Meriwether Lewis Electric Coop,TVA,Southeast (non-RTO),Southeast (non-RTO),no
47137,TN,Pickett,2023,3,South Kentucky Rural E C C; Upper Cumberland E M C; Volunteer Electric Coop,TVA; PJM,Southeast (non-RTO); PJM,Southeast (non-RTO),yes
47139,TN,Polk,2023,2,Tri-State Electric Member Corp; Volunteer Electric Coop,TVA,Southeast (non-RTO),Southeast (non-RTO),no
47141,TN,Putnam,2023,4,"Caney Fork Electric Coop, Inc; City of Cookeville - (TN); Upper Cumberland E M C; Volunteer Electric Coop",TVA,Southeast (non-RTO),Southeast (non-RTO),no
47143,TN,Rhea,2023,4,City of Chattanooga - (TN); City of Dayton - (TN); Sequachee Valley Electric Coop; Volunteer Electric Coop,TVA,Southeast (non-RTO),Southeast (non-RTO),no
47145,TN,Roane,2023,5,City of Clinton - (TN); City of Harriman - (TN); City of Lenoir - (TN); City of Rockwood - (TN); Volunteer Electric Coop,TVA,Southeast (non-RTO),Southeast (non-RTO),no
47147,TN,Robertson,2023,3,City of Springfield - (TN); Cumberland Elec Member Corp; Nashville Electric Service,TVA,Southeast (non-RTO),Southeast (non-RTO),no
47149,TN,Rutherford,2023,3,Duck River Elec Member Corp; Middle Tennessee E M C; Nashville Electric Service,TVA,Southeast (non-RTO),Southeast (non-RTO),no
47151,TN,Scott,2023,3,Plateau Electric Cooperative; South Kentucky Rural E C C; Volunteer Electric Coop,TVA; PJM,Southeast (non-RTO); PJM,Southeast (non-RTO),yes
47153,TN,Sequatchie,2023,2,City of Chattanooga - (TN); Sequachee Valley Electric Coop,TVA,Southeast (non-RTO),Southeast (non-RTO),no
47155,TN,Sevier,2023,4,Appalachian Electric Coop; City of Newport - (TN); Knoxville Utilities Board; Sevier County Electric System,TVA,Southeast (non-RTO),Southeast (non-RTO),no
47157,TN,Shelby,2023,1,City of Memphis - (TN),TVA,Southeast (non-RTO),Southeast (non-RTO),no
47159,TN,Smith,2023,3,Middle Tennessee E M C; Tri-County Elec Member Corp (TN); Upper Cumberland E M C,TVA,Southeast (non-RTO),Southeast (non-RTO),no
47161,TN,Stewart,2023,1,Cumberland Elec Member Corp,TVA,Southeast (non-RTO),Southeast (non-RTO),no
47163,TN,Sullivan,2023,4,City of Bristol - (TN); City of Elizabethton - (TN); Johnson City - (TN); Kingsport Power Co,TVA; PJM,Southeast (non-RTO); PJM,Southeast (non-RTO),yes
47165,TN,Sumner,2023,4,City of Gallatin - (TN); Cumberland Elec Member Corp; Nashville Electric Service; Tri-County Elec Member Corp (TN),TVA,Southeast (non-RTO),Southeast (non-RTO),no
47167,TN,Tipton,2023,3,City of Covington - (TN); Entergy Arkansas LLC; Southwest Tennessee E M C,TVA; MISO,Southeast (non-RTO); MISO,Southeast (non-RTO),yes
47169,TN,Trousdale,2023,2,Middle Tennessee E M C; Tri-County Elec Member Corp (TN),TVA,Southeast (non-RTO),Southeast (non-RTO),no
47171,TN,Unicoi,2023,4,"City of Elizabethton - (TN); French Broad Elec Member Corp; Mountain Electric Coop, Inc; Town of Erwin - (TN)",TVA,Southeast (non-RTO),Southeast (non-RTO),no
47173,TN,Union,2023,4,City of Clinton - (TN); City of LaFollette; Knoxville Utilities Board; Powell Valley Electric Coop,TVA,Southeast (non-RTO),Southeast (non-RTO),no
47175,TN,Van Buren,2023,2,"Caney Fork Electric Coop, Inc; Sequachee Valley Electric Coop",TVA,Southeast (non-RTO),Southeast (non-RTO),no
47177,TN,Warren,2023,2,"Caney Fork Electric Coop, Inc; McMinnville Electric System",TVA,Southeast (non-RTO),Southeast (non-RTO),no
47179,TN,Washington,2023,4,City of Elizabethton - (TN); Johnson City - (TN); Kingsport Power Co; Town of Erwin - (TN),TVA; PJM,Southeast (non-RTO); PJM,Southeast (non-RTO),yes
47181,TN,Wayne,2023,1,Tennessee Valley Electric Coop,TVA,Southeast (non-RTO),Southeast (non-RTO),no
47183,TN,Weakley,2023,3,Carroll County - (TN); Gibson Electric Members Corp; Weakley County Mun Elec Sys,TVA,Southeast (non-RTO),Southeast (non-RTO),no
47185,TN,White,2023,4,"Caney Fork Electric Coop, Inc; City of Sparta; Upper Cumberland E M C; Volunteer Electric Coop",TVA,Southeast (non-RTO),Southeast (non-RTO),no
47187,TN,Williamson,2023,4,Columbia Power System - (TN); Duck River Elec Member Corp; Middle Tennessee E M C; Nashville Electric Service,TVA,Southeast (non-RTO),Southeast (non-RTO),no
47189,TN,Wilson,2023,2,Middle Tennessee E M C; Nashville Electric Service,TVA,Southeast (non-RTO),Southeast (non-RTO),no
48001,TX,Anderson,2023,4,"Houston County Elec Coop Inc; Lyntegar Electric Coop, Inc; Oncor Electric Delivery Company LLC; Trinity Valley Elec Coop Inc",ERCO; SWPP,ERCOT; SPP,ERCOT,yes
48003,TX,Andrews,2023,3,"Lyntegar Electric Coop, Inc; Oncor Electric Delivery Company LLC; Southwestern Public Service Co",SWPP; ERCO,SPP; ERCOT,SPP,yes
48005,TX,Angelina,2023,4,"Houston County Elec Coop Inc; Jasper-Newton Elec Coop, Inc; Oncor Electric Delivery Company LLC; Sam Houston Electric Coop Inc",ERCO; MISO,ERCOT; MISO,ERCOT,yes
48007,TX,Aransas,2023,2,AEP Texas Central Company; San Patricio Electric Coop Inc,ERCO,ERCOT,ERCOT,no
48009,TX,Archer,2023,7,"AEP Texas North Company; Fort Belknap Electric Coop Inc; J-A-C Electric Coop Inc; Oncor Electric Delivery Company LLC; Southwest Rural Elec Assn Inc; Texas-New Mexico Power Co; Tri-County Electric Coop, Inc (TX)",ERCO; SWPP,ERCOT; SPP,ERCOT,yes
48011,TX,Armstrong,2023,3,"Greenbelt Electric Coop, Inc; Southwestern Public Service Co; Swisher Electric Coop, Inc",SWPP; ERCO,SPP; ERCOT,SPP,yes
48013,TX,Atascosa,2023,4,"AEP Texas Central Company; City of San Antonio - (TX); Karnes Electric Coop Inc; Medina Electric Coop, Inc",ERCO,ERCOT,ERCOT,no
48015,TX,Austin,2023,5,"Bluebonnet Electric Coop, Inc; CenterPoint Energy; City of Bellville - (TX); Fayette Electric Coop, Inc; San Bernard Electric Coop, Inc",ERCO,ERCOT,ERCOT,no
48017,TX,Bailey,2023,3,"Bailey County Elec Coop Assn; Lamb County Electric Coop, Inc; Southwestern Public Service Co",SWPP,SPP,SPP,no
48019,TX,Bandera,2023,2,"Bandera Electric Coop, Inc; City of San Antonio - (TX)",ERCO,ERCOT,ERCOT,no
48021,TX,Bastrop,2023,5,"Bluebonnet Electric Coop, Inc; City of Bastrop - (TX); City of Smithville - (TX); Fayette Electric Coop, Inc; Oncor Electric Delivery Company LLC",ERCO,ERCOT,ERCOT,no
48023,TX,Baylor,2023,6,"AEP Texas North Company; City of Seymour - (TX); Oncor Electric Delivery Company LLC; Southwest Rural Elec Assn Inc; Texas-New Mexico Power Co; Tri-County Electric Coop, Inc (TX)",ERCO; SWPP,ERCOT; SPP,ERCOT,yes
48025,TX,Bee,2023,3,AEP Texas Central Company; Karnes Electric Coop Inc; San Patricio Electric Coop Inc,ERCO,ERCOT,ERCOT,no
48027,TX,Bell,2023,5,"Bartlett Electric Coop, Inc; City of Bartlett - (TX); Heart of Texas Electric Coop; Oncor Electric Delivery Company LLC; Pedernales Electric Coop, Inc",ERCO,ERCOT,ERCOT,no
48029,TX,Bexar,2023,5,"Bandera Electric Coop, Inc; City of San Antonio - (TX); Guadalupe Valley Elec Coop Inc; Karnes Electric Coop Inc; Pedernales Electric Coop, Inc",ERCO,ERCOT,ERCOT,no
48031,TX,Blanco,2023,2,"Central Texas Elec Coop, Inc; Pedernales Electric Coop, Inc",ERCO,ERCOT,ERCOT,no
48033,TX,Borden,2023,4,"Big Country Electric Coop, Inc; Lyntegar Electric Coop, Inc; Oncor Electric Delivery Company LLC; Southwestern Public Service Co",ERCO; SWPP,ERCOT; SPP,ERCOT,yes
48035,TX,Bosque,2023,4,Heart of Texas Electric Coop; Oncor Electric Delivery Company LLC; Texas-New Mexico Power Co; United Electric Coop Service Inc - (TX),ERCO,ERCOT,ERCOT,no
48037,TX,Bowie,2023,3,"Bowie-Cass Electric Coop, Inc; Southwest Arkansas E C C; Southwestern Electric Power Co",SWPP; MISO,SPP; MISO,SPP,yes
48039,TX,Brazoria,2023,3,"CenterPoint Energy; Jackson Electric Coop, Inc - (TX); Texas-New Mexico Power Co",ERCO,ERCOT,ERCOT,no
48041,TX,Brazos,2023,5,"City of Bryan - (TX); City of College Station - (TX); Entergy Texas Inc.; Mid-South Electric Coop Assn; Navasota Valley Elec Coop, Inc",ERCO; MISO,ERCOT; MISO,ERCOT,yes
48043,TX,Brewster,2023,2,"AEP Texas North Company; Rio Grande Electric Coop, Inc",ERCO,ERCOT,ERCOT,no
48045,TX,Briscoe,2023,4,"AEP Texas North Company; Lighthouse Electric Coop, Inc; Southwestern Public Service Co; Swisher Electric Coop, Inc",ERCO; SWPP,ERCOT; SPP,ERCOT,yes
48047,TX,Brooks,2023,4,"AEP Texas Central Company; Magic Valley Electric Coop Inc; Medina Electric Coop, Inc; Nueces Electric Cooperative",ERCO,ERCOT,ERCOT,no
48049,TX,Brown,2023,4,"AEP Texas North Company; Coleman County Elec Coop, Inc; Comanche County Elec Coop Assn; Oncor Electric Delivery Company LLC",ERCO,ERCOT,ERCOT,no
48051,TX,Burleson,2023,5,"Bartlett Electric Coop, Inc; Bluebonnet Electric Coop, Inc; City of Bryan - (TX); City of Caldwell; Entergy Texas Inc.",ERCO; MISO,ERCOT; MISO,ERCOT,yes
48053,TX,Burnet,2023,3,"City of Burnet - (TX); Oncor Electric Delivery Company LLC; Pedernales Electric Coop, Inc",ERCO,ERCOT,ERCOT,no
48055,TX,Caldwell,2023,6,"AEP Texas Central Company; Bluebonnet Electric Coop, Inc; City of Lockhart - (TX); City of Luling - (TX); Guadalupe Valley Elec Coop Inc; Pedernales Electric Coop, Inc",ERCO,ERCOT,ERCOT,no
48057,TX,Calhoun,2023,3,"AEP Texas Central Company; Jackson Electric Coop, Inc - (TX); Victoria Electric Coop, Inc",ERCO,ERCOT,ERCOT,no
48059,TX,Callahan,2023,4,"AEP Texas North Company; Coleman County Elec Coop, Inc; Comanche County Elec Coop Assn; Taylor Electric Coop Inc - (TX)",ERCO,ERCOT,ERCOT,no
48061,TX,Cameron,2023,3,AEP Texas Central Company; Brownsville Public Utilities Board; Magic Valley Electric Coop Inc,ERCO,ERCOT,ERCOT,no
48063,TX,Camp,2023,3,"Southwestern Electric Power Co; Upshur Rural Elec Coop Corp; Wood County Electric Coop, Inc",SWPP,SPP,SPP,no
48065,TX,Carson,2023,1,Southwestern Public Service Co,SWPP,SPP,SPP,no
48067,TX,Cass,2023,4,"Bowie-Cass Electric Coop, Inc; Southwest Arkansas E C C; Southwestern Electric Power Co; Upshur Rural Elec Coop Corp",SWPP; MISO,SPP; MISO,SPP,yes
48069,TX,Castro,2023,5,"Bailey County Elec Coop Assn; Deaf Smith Electric Coop, Inc; Lamb County Electric Coop, Inc; Southwestern Public Service Co; Swisher Electric Coop, Inc",SWPP,SPP,SPP,no
48071,TX,Chambers,2023,2,CenterPoint Energy; Entergy Texas Inc.,ERCO; MISO,ERCOT; MISO,ERCOT,yes
48073,TX,Cherokee,2023,3,Cherokee County Elec Coop Assn - (TX); Houston County Elec Coop Inc; Oncor Electric Delivery Company LLC,ERCO,ERCOT,ERCOT,no
48075,TX,Childress,2023,6,"AEP Texas North Company; Greenbelt Electric Coop, Inc; Harmon Electric Assn Inc; Lighthouse Electric Coop, Inc; South Plains Electric Coop Inc; Southwestern Electric Power Co",ERCO; SWPP,ERCOT; SPP,ERCOT,yes
48077,TX,Clay,2023,4,J-A-C Electric Coop Inc; Oncor Electric Delivery Company LLC; Texas-New Mexico Power Co; Wise Electric Coop Inc,ERCO,ERCOT,ERCOT,no
48079,TX,Cochran,2023,4,"Bailey County Elec Coop Assn; Lamb County Electric Coop, Inc; Lea County Electric Coop, Inc - (NM); Southwestern Public Service Co",SWPP,SPP,SPP,no
48081,TX,Coke,2023,5,"AEP Texas North Company; Coleman County Elec Coop, Inc; Concho Valley Elec Coop Inc; Oncor Electric Delivery Company LLC; Taylor Electric Coop Inc - (TX)",ERCO,ERCOT,ERCOT,no
48083,TX,Coleman,2023,5,"AEP Texas North Company; City of Coleman - (TX); Coleman County Elec Coop, Inc; Oncor Electric Delivery Company LLC; Taylor Electric Coop Inc - (TX)",ERCO,ERCOT,ERCOT,no
48085,TX,Collin,2023,7,"City of Farmersville - (TX); Denton County Elec Coop, Inc; Fannin County Electric Coop; Farmers Electric Coop, Inc - (TX); Grayson-Collin Elec Coop, Inc; Oncor Electric Delivery Company LLC; Texas-New Mexico Power Co",ERCO,ERCOT,ERCOT,no
48087,TX,Collingsworth,2023,3,"Greenbelt Electric Coop, Inc; Lighthouse Electric Coop, Inc; Southwestern Electric Power Co",ERCO; SWPP,ERCOT; SPP,ERCOT,yes
48089,TX,Colorado,2023,7,"AEP Texas Central Company; Bluebonnet Electric Coop, Inc; CenterPoint Energy; City of Weimar - (TX); Fayette Electric Coop, Inc; San Bernard Electric Coop, Inc; Wharton County Elec Coop, Inc",ERCO,ERCOT,ERCOT,no
48091,TX,Comal,2023,4,"City of New Braunfels - (TX); City of San Antonio - (TX); Guadalupe Valley Elec Coop Inc; Pedernales Electric Coop, Inc",ERCO,ERCOT,ERCOT,no
48093,TX,Comanche,2023,5,Comanche County Elec Coop Assn; Hamilton County Elec Coop Assn; Oncor Electric Delivery Company LLC; Texas-New Mexico Power Co; United Electric Coop Service Inc - (TX),ERCO,ERCOT,ERCOT,no
48095,TX,Concho,2023,5,"AEP Texas North Company; Coleman County Elec Coop, Inc; Concho Valley Elec Coop Inc; Oncor Electric Delivery Company LLC; Southwest Texas Elec Coop, Inc",ERCO,ERCOT,ERCOT,no
48097,TX,Cooke,2023,6,"Cooke County Elec Coop Assn; Denton County Elec Coop, Inc; Grayson-Collin Elec Coop, Inc; Oncor Electric Delivery Company LLC; Texas-New Mexico Power Co; Wise Electric Coop Inc",ERCO,ERCOT,ERCOT,no
48099,TX,Coryell,2023,5,Hamilton County Elec Coop Assn; Heart of Texas Electric Coop; Oncor Electric Delivery Company LLC; Texas-New Mexico Power Co; United Electric Coop Service Inc - (TX),ERCO,ERCOT,ERCOT,no
48101,TX,Cottle,2023,4,"AEP Texas North Company; Lighthouse Electric Coop, Inc; South Plains Electric Coop Inc; Southwestern Public Service Co",ERCO; SWPP,ERCOT; SPP,ERCOT,yes
48103,TX,Crane,2023,2,AEP Texas North Company; Oncor Electric Delivery Company LLC,ERCO,ERCOT,ERCOT,no
48105,TX,Crockett,2023,4,"AEP Texas North Company; Rio Grande Electric Coop, Inc; Southwest Texas Elec Coop, Inc; Texas-New Mexico Power Co",ERCO,ERCOT,ERCOT,no
48107,TX,Crosby,2023,3,"Lighthouse Electric Coop, Inc; South Plains Electric Coop Inc; Southwestern Public Service Co",ERCO; SWPP,ERCOT; SPP,ERCOT,yes
48109,TX,Culberson,2023,3,"El Paso Electric Co; Oncor Electric Delivery Company LLC; Rio Grande Electric Coop, Inc",ERCO; EPE,ERCOT; West (non-RTO),ERCOT,yes
48111,TX,Dallam,2023,4,"Rita Blanca Electric Coop, Inc; Southwestern Electric Coop Inc - (NM); Southwestern Public Service Co; Tri-County Electric Coop, Inc (OK)",SWPP; PNM,SPP; West (non-RTO),SPP,yes
48113,TX,Dallas,2023,6,"City of Garland - (TX); Farmers Electric Coop, Inc - (TX); HILCO Electric Cooperative, Inc.; Oncor Electric Delivery Company LLC; Texas-New Mexico Power Co; Trinity Valley Elec Coop Inc",ERCO,ERCOT,ERCOT,no
48115,TX,Dawson,2023,3,"Lyntegar Electric Coop, Inc; Oncor Electric Delivery Company LLC; Southwestern Public Service Co",SWPP; ERCO,SPP; ERCOT,SPP,yes
48117,TX,Deaf Smith,2023,3,"Deaf Smith Electric Coop, Inc; Farmers Electric Coop, Inc - (NM); Southwestern Public Service Co",SWPP,SPP,SPP,no
48119,TX,Delta,2023,3,"Farmers Electric Coop, Inc - (TX); Lamar County Elec Coop Assn; Oncor Electric Delivery Company LLC",ERCO,ERCOT,ERCOT,no
48121,TX,Denton,2023,8,"City of Denton - (TX); City of Sanger - (TX); Cooke County Elec Coop Assn; Denton County Elec Coop, Inc; Oncor Electric Delivery Company LLC; Texas-New Mexico Power Co; Tri-County Electric Coop, Inc (TX); Wise Electric Coop Inc",ERCO,ERCOT,ERCOT,no
48123,TX,DeWitt,2023,6,"AEP Texas Central Company; City of Cuero - (TX); City of Yoakum - (TX); Guadalupe Valley Elec Coop Inc; Karnes Electric Coop Inc; Victoria Electric Coop, Inc",ERCO,ERCOT,ERCOT,no
48125,TX,Dickens,2023,3,"AEP Texas North Company; Lighthouse Electric Coop, Inc; South Plains Electric Coop Inc",ERCO; SWPP,ERCOT; SPP,ERCOT,yes
48127,TX,Dimmit,2023,3,"AEP Texas Central Company; Medina Electric Coop, Inc; Rio Grande Electric Coop, Inc",ERCO,ERCOT,ERCOT,no
48129,TX,Donley,2023,4,"Greenbelt Electric Coop, Inc; Lighthouse Electric Coop, Inc; Southwestern Electric Power Co; Southwestern Public Service Co",ERCO; SWPP,ERCOT; SPP,ERCOT,yes
48131,TX,Duval,2023,3,"AEP Texas Central Company; Medina Electric Coop, Inc; Nueces Electric Cooperative",ERCO,ERCOT,ERCOT,no
48133,TX,Eastland,2023,6,AEP Texas North Company; Comanche County Elec Coop Assn; Oncor Electric Delivery Company LLC; Taylor Electric Coop Inc - (TX); Texas-New Mexico Power Co; United Electric Coop Service Inc - (TX),ERCO,ERCOT,ERCOT,no
48135,TX,Ector,2023,3,City of Goldsmith - (TX); Oncor Electric Delivery Company LLC; Southwestern Public Service Co,ERCO; SWPP,ERCOT; SPP,ERCOT,yes
48137,TX,Edwards,2023,6,"AEP Texas Central Company; AEP Texas North Company; Medina Electric Coop, Inc; Pedernales Electric Coop, Inc; Rio Grande Electric Coop, Inc; Southwest Texas Elec Coop, Inc",ERCO,ERCOT,ERCOT,no
48139,TX,Ellis,2023,4,"HILCO Electric Cooperative, Inc.; Navarro County Elec Coop, Inc; Oncor Electric Delivery Company LLC; United Electric Coop Service Inc - (TX)",ERCO,ERCOT,ERCOT,no
48141,TX,El Paso,2023,2,"El Paso Electric Co; Rio Grande Electric Coop, Inc",EPE; ERCO,West (non-RTO); ERCOT,West (non-RTO),yes
48143,TX,Erath,2023,3,Oncor Electric Delivery Company LLC; Texas-New Mexico Power Co; United Electric Coop Service Inc - (TX),ERCO,ERCOT,ERCOT,no
48145,TX,Falls,2023,4,"Entergy Texas Inc.; Heart of Texas Electric Coop; Navasota Valley Elec Coop, Inc; Oncor Electric Delivery Company LLC",ERCO; MISO,ERCOT; MISO,ERCOT,yes
48147,TX,Fannin,2023,6,"Fannin County Electric Coop; Farmers Electric Coop, Inc - (TX); Grayson-Collin Elec Coop, Inc; Lamar County Elec Coop Assn; Oncor Electric Delivery Company LLC; Texas-New Mexico Power Co",ERCO,ERCOT,ERCOT,no
48149,TX,Fayette,2023,7,"Bluebonnet Electric Coop, Inc; City of Flatonia - (TX); City of La Grange - (TX); City of Schulenburg - (TX); Fayette Electric Coop, Inc; Guadalupe Valley Elec Coop Inc; San Bernard Electric Coop, Inc",ERCO,ERCOT,ERCOT,no
48151,TX,Fisher,2023,4,"AEP Texas North Company; Big Country Electric Coop, Inc; Oncor Electric Delivery Company LLC; Taylor Electric Coop Inc - (TX)",ERCO,ERCOT,ERCOT,no
48153,TX,Floyd,2023,4,"City of Floydada - (TX); Lighthouse Electric Coop, Inc; South Plains Electric Coop Inc; Southwestern Public Service Co",SWPP; ERCO,SPP; ERCOT,SPP,yes
48155,TX,Foard,2023,5,"AEP Texas North Company; South Plains Electric Coop Inc; Southwest Rural Elec Assn Inc; Southwestern Public Service Co; Tri-County Electric Coop, Inc (TX)",ERCO; SWPP,ERCOT; SPP,ERCOT,yes
48157,TX,Fort Bend,2023,1,CenterPoint Energy,ERCO,ERCOT,ERCOT,no
48159,TX,Franklin,2023,5,"Bowie-Cass Electric Coop, Inc; Farmers Electric Coop, Inc - (TX); Southwestern Electric Power Co; Texas-New Mexico Power Co; Wood County Electric Coop, Inc",SWPP; ERCO,SPP; ERCOT,SPP,yes
48161,TX,Freestone,2023,4,"Houston County Elec Coop Inc; Navarro County Elec Coop, Inc; Navasota Valley Elec Coop, Inc; Oncor Electric Delivery Company LLC",ERCO,ERCOT,ERCOT,no
48163,TX,Frio,2023,3,"AEP Texas Central Company; Karnes Electric Coop Inc; Medina Electric Coop, Inc",ERCO,ERCOT,ERCOT,no
48165,TX,Gaines,2023,4,"Lea County Electric Coop, Inc - (NM); Lyntegar Electric Coop, Inc; Oncor Electric Delivery Company LLC; Southwestern Public Service Co",SWPP; ERCO,SPP; ERCOT,SPP,yes
48167,TX,Galveston,2023,3,CenterPoint Energy; Entergy Texas Inc.; Texas-New Mexico Power Co,ERCO; MISO,ERCOT; MISO,ERCOT,yes
48169,TX,Garza,2023,4,"Big Country Electric Coop, Inc; Lyntegar Electric Coop, Inc; South Plains Electric Coop Inc; Southwestern Public Service Co",SWPP; ERCO,SPP; ERCOT,SPP,yes
48171,TX,Gillespie,2023,4,"AEP Texas North Company; Central Texas Elec Coop, Inc; City of Fredericksburg - (TX); Pedernales Electric Coop, Inc",ERCO,ERCOT,ERCOT,no
48173,TX,Glasscock,2023,2,Concho Valley Elec Coop Inc; Oncor Electric Delivery Company LLC,ERCO,ERCOT,ERCOT,no
48175,TX,Goliad,2023,5,"AEP Texas Central Company; Guadalupe Valley Elec Coop Inc; Karnes Electric Coop Inc; San Patricio Electric Coop Inc; Victoria Electric Coop, Inc",ERCO,ERCOT,ERCOT,no
48177,TX,Gonzales,2023,7,"AEP Texas Central Company; Bluebonnet Electric Coop, Inc; City of Flatonia - (TX); City of Gonzales - (TX); City of Waelder - (TX); Fayette Electric Coop, Inc; Guadalupe Valley Elec Coop Inc",ERCO,ERCOT,ERCOT,no
48179,TX,Gray,2023,3,"Greenbelt Electric Coop, Inc; Southwestern Electric Power Co; Southwestern Public Service Co",SWPP; ERCO,SPP; ERCOT,SPP,yes
48181,TX,Grayson,2023,7,"City of Whitesboro - (TX); Cooke County Elec Coop Assn; Denton County Elec Coop, Inc; Fannin County Electric Coop; Grayson-Collin Elec Coop, Inc; Oncor Electric Delivery Company LLC; Texas-New Mexico Power Co",ERCO,ERCOT,ERCOT,no
48183,TX,Gregg,2023,3,"Rusk County Electric Coop, Inc; Southwestern Electric Power Co; Upshur Rural Elec Coop Corp",SWPP,SPP,SPP,no
48185,TX,Grimes,2023,3,"Entergy Texas Inc.; Mid-South Electric Coop Assn; San Bernard Electric Coop, Inc",ERCO; MISO,ERCOT; MISO,ERCOT,yes
48187,TX,Guadalupe,2023,7,"AEP Texas Central Company; Bluebonnet Electric Coop, Inc; City of New Braunfels - (TX); City of San Antonio - (TX); City of Seguin - (TX); Guadalupe Valley Elec Coop Inc; Pedernales Electric Coop, Inc",ERCO,ERCOT,ERCOT,no
48189,TX,Hale,2023,5,"Lamb County Electric Coop, Inc; Lighthouse Electric Coop, Inc; South Plains Electric Coop Inc; Southwestern Public Service Co; Swisher Electric Coop, Inc",SWPP; ERCO,SPP; ERCOT,SPP,yes
48191,TX,Hall,2023,4,"AEP Texas North Company; Lighthouse Electric Coop, Inc; South Plains Electric Coop Inc; Southwestern Electric Power Co",ERCO; SWPP,ERCOT; SPP,ERCOT,yes
48193,TX,Hamilton,2023,4,Hamilton County Elec Coop Assn; Heart of Texas Electric Coop; Texas-New Mexico Power Co; United Electric Coop Service Inc - (TX),ERCO,ERCOT,ERCOT,no
48195,TX,Hansford,2023,4,"North Plains Electric Coop Inc; Rita Blanca Electric Coop, Inc; Southwestern Public Service Co; Tri-County Electric Coop, Inc (OK)",SWPP,SPP,SPP,no
48197,TX,Hardeman,2023,4,AEP Texas North Company; Harmon Electric Assn Inc; South Plains Electric Coop Inc; Southwest Rural Elec Assn Inc,SWPP; ERCO,SPP; ERCOT,SPP,yes
48199,TX,Hardin,2023,2,Entergy Texas Inc.; Sam Houston Electric Coop Inc,MISO,MISO,MISO,no
48201,TX,Harris,2023,3,"CenterPoint Energy; Entergy Texas Inc.; San Bernard Electric Coop, Inc",ERCO; MISO,ERCOT; MISO,ERCOT,yes
48203,TX,Harrison,2023,3,"Panola-Harrison Elec Coop, Inc; Southwestern Electric Power Co; Upshur Rural Elec Coop Corp",SWPP,SPP,SPP,no
48205,TX,Hartley,2023,3,"Rita Blanca Electric Coop, Inc; Southwestern Electric Coop Inc - (NM); Southwestern Public Service Co",SWPP; PNM,SPP; West (non-RTO),SPP,yes
48207,TX,Haskell,2023,3,"AEP Texas North Company; Big Country Electric Coop, Inc; Tri-County Electric Coop, Inc (TX)",ERCO,ERCOT,ERCOT,no
48209,TX,Hays,2023,3,"Bluebonnet Electric Coop, Inc; City of San Marcos - (TX); Pedernales Electric Coop, Inc",ERCO,ERCOT,ERCOT,no
48211,TX,Hemphill,2023,3,"Greenbelt Electric Coop, Inc; North Plains Electric Coop Inc; Southwestern Public Service Co",SWPP; ERCO,SPP; ERCOT,SPP,yes
48213,TX,Henderson,2023,2,Oncor Electric Delivery Company LLC; Trinity Valley Elec Coop Inc,ERCO,ERCOT,ERCOT,no
48215,TX,Hidalgo,2023,3,AEP Texas Central Company; Magic Valley Electric Coop Inc; Oncor Electric Delivery Company LLC,ERCO,ERCOT,ERCOT,no
48217,TX,Hill,2023,5,"HILCO Electric Cooperative, Inc.; Navarro County Elec Coop, Inc; Navasota Valley Elec Coop, Inc; Oncor Electric Delivery Company LLC; Texas-New Mexico Power Co",ERCO,ERCOT,ERCOT,no
48219,TX,Hockley,2023,4,"Lamb County Electric Coop, Inc; Lyntegar Electric Coop, Inc; South Plains Electric Coop Inc; Southwestern Public Service Co",SWPP; ERCO,SPP; ERCOT,SPP,yes
48221,TX,Hood,2023,5,"City of Granbury - (TX); Oncor Electric Delivery Company LLC; Texas-New Mexico Power Co; Tri-County Electric Coop, Inc (TX); United Electric Coop Service Inc - (TX)",ERCO,ERCOT,ERCOT,no
48223,TX,Hopkins,2023,4,"Farmers Electric Coop, Inc - (TX); Oncor Electric Delivery Company LLC; Southwestern Electric Power Co; Wood County Electric Coop, Inc",ERCO; SWPP,ERCOT; SPP,ERCOT,yes
48225,TX,Houston,2023,3,Entergy Texas Inc.; Houston County Elec Coop Inc; Oncor Electric Delivery Company LLC,ERCO; MISO,ERCOT; MISO,ERCOT,yes
48227,TX,Howard,2023,1,Oncor Electric Delivery Company LLC,ERCO,ERCOT,ERCOT,no
48229,TX,Hudspeth,2023,2,"El Paso Electric Co; Rio Grande Electric Coop, Inc",EPE; ERCO,West (non-RTO); ERCOT,West (non-RTO),yes
48231,TX,Hunt,2023,6,"City of Greenville - (TX); Fannin County Electric Coop; Farmers Electric Coop, Inc - (TX); Oncor Electric Delivery Company LLC; Texas-New Mexico Power Co; Trinity Valley Elec Coop Inc",ERCO,ERCOT,ERCOT,no
48233,TX,Hutchinson,2023,3,"North Plains Electric Coop Inc; Rita Blanca Electric Coop, Inc; Southwestern Public Service Co",SWPP,SPP,SPP,no
48235,TX,Irion,2023,4,"AEP Texas North Company; Concho Valley Elec Coop Inc; Oncor Electric Delivery Company LLC; Southwest Texas Elec Coop, Inc",ERCO,ERCOT,ERCOT,no
48237,TX,Jack,2023,6,"Fort Belknap Electric Coop Inc; J-A-C Electric Coop Inc; Oncor Electric Delivery Company LLC; Texas-New Mexico Power Co; Tri-County Electric Coop, Inc (TX); Wise Electric Coop Inc",ERCO,ERCOT,ERCOT,no
48239,TX,Jackson,2023,5,"AEP Texas Central Company; Guadalupe Valley Elec Coop Inc; Jackson Electric Coop, Inc - (TX); Victoria Electric Coop, Inc; Wharton County Elec Coop, Inc",ERCO,ERCOT,ERCOT,no
48241,TX,Jasper,2023,6,"City of Jasper - (TX); Deep East Texas Elec Coop Inc; Entergy Texas Inc.; Jasper-Newton Elec Coop, Inc; Kirbyville Light & Power Co; Sam Houston Electric Coop Inc",MISO,MISO,MISO,no
48243,TX,Jeff Davis,2023,2,"AEP Texas North Company; Rio Grande Electric Coop, Inc",ERCO,ERCOT,ERCOT,no
48245,TX,Jefferson,2023,1,Entergy Texas Inc.,MISO,MISO,MISO,no
48247,TX,Jim Hogg,2023,2,"AEP Texas Central Company; Medina Electric Coop, Inc",ERCO,ERCOT,ERCOT,no
48249,TX,Jim Wells,2023,3,AEP Texas Central Company; Nueces Electric Cooperative; San Patricio Electric Coop Inc,ERCO,ERCOT,ERCOT,no
48251,TX,Johnson,2023,4,"HILCO Electric Cooperative, Inc.; Oncor Electric Delivery Company LLC; Texas-New Mexico Power Co; United Electric Coop Service Inc - (TX)",ERCO,ERCOT,ERCOT,no
48253,TX,Jones,2023,3,"AEP Texas North Company; Big Country Electric Coop, Inc; Taylor Electric Coop Inc - (TX)",ERCO,ERCOT,ERCOT,no
48255,TX,Karnes,2023,4,AEP Texas Central Company; City of Floresville; Guadalupe Valley Elec Coop Inc; Karnes Electric Coop Inc,ERCO,ERCOT,ERCOT,no
48257,TX,Kaufman,2023,3,"Farmers Electric Coop, Inc - (TX); Oncor Electric Delivery Company LLC; Trinity Valley Elec Coop Inc",ERCO,ERCOT,ERCOT,no
48259,TX,Kendall,2023,5,"Bandera Electric Coop, Inc; Central Texas Elec Coop, Inc; City of Boerne; City of San Antonio - (TX); Pedernales Electric Coop, Inc",ERCO,ERCOT,ERCOT,no
48261,TX,Kenedy,2023,3,AEP Texas Central Company; Magic Valley Electric Coop Inc; Nueces Electric Cooperative,ERCO,ERCOT,ERCOT,no
48263,TX,Kent,2023,4,"AEP Texas North Company; Big Country Electric Coop, Inc; Oncor Electric Delivery Company LLC; South Plains Electric Coop Inc",ERCO; SWPP,ERCOT; SPP,ERCOT,yes
48265,TX,Kerr,2023,4,"Bandera Electric Coop, Inc; Central Texas Elec Coop, Inc; Kerrville Public Utility Board; Pedernales Electric Coop, Inc",ERCO,ERCOT,ERCOT,no
48267,TX,Kimble,2023,3,"AEP Texas North Company; Central Texas Elec Coop, Inc; Pedernales Electric Coop, Inc",ERCO,ERCOT,ERCOT,no
48269,TX,King,2023,3,"AEP Texas North Company; South Plains Electric Coop Inc; Tri-County Electric Coop, Inc (TX)",ERCO; SWPP,ERCOT; SPP,ERCOT,yes
48271,TX,Kinney,2023,4,"AEP Texas Central Company; Medina Electric Coop, Inc; Pedernales Electric Coop, Inc; Rio Grande Electric Coop, Inc",ERCO,ERCOT,ERCOT,no
48273,TX,Kleberg,2023,2,AEP Texas Central Company; Nueces Electric Cooperative,ERCO,ERCOT,ERCOT,no
48275,TX,Knox,2023,2,"AEP Texas North Company; Tri-County Electric Coop, Inc (TX)",ERCO,ERCOT,ERCOT,no
48277,TX,Lamar,2023,4,Fannin County Electric Coop; Lamar County Elec Coop Assn; Oncor Electric Delivery Company LLC; Texas-New Mexico Power Co,ERCO,ERCOT,ERCOT,no
48279,TX,Lamb,2023,4,"Bailey County Elec Coop Assn; Lamb County Electric Coop, Inc; South Plains Electric Coop Inc; Southwestern Public Service Co",SWPP; ERCO,SPP; ERCOT,SPP,yes
48281,TX,Lampasas,2023,4,"City of Lampasas - (TX); Hamilton County Elec Coop Assn; Oncor Electric Delivery Company LLC; Pedernales Electric Coop, Inc",ERCO,ERCOT,ERCOT,no
48283,TX,La Salle,2023,3,"AEP Texas Central Company; Karnes Electric Coop Inc; Medina Electric Coop, Inc",ERCO,ERCOT,ERCOT,no
48285,TX,Lavaca,2023,9,"City of Hallettsville - (TX); City of Moulton - (TX); City of Schulenburg - (TX); City of Shiner - (TX); City of Yoakum - (TX); Fayette Electric Coop, Inc; Guadalupe Valley Elec Coop Inc; Jackson Electric Coop, Inc - (TX)",ERCO,ERCOT,ERCOT,no
48287,TX,Lee,2023,5,"Bartlett Electric Coop, Inc; Bluebonnet Electric Coop, Inc; City of Giddings - (TX); City of Lexington - (TX); Fayette Electric Coop, Inc",ERCO,ERCOT,ERCOT,no
48289,TX,Leon,2023,4,"Entergy Texas Inc.; Houston County Elec Coop Inc; Navasota Valley Elec Coop, Inc; Oncor Electric Delivery Company LLC",ERCO; MISO,ERCOT; MISO,ERCOT,yes
48291,TX,Liberty,2023,4,CenterPoint Energy; City of Liberty - (TX); Entergy Texas Inc.; Sam Houston Electric Coop Inc,MISO; ERCO,MISO; ERCOT,MISO,yes
48293,TX,Limestone,2023,4,"Entergy Texas Inc.; Navarro County Elec Coop, Inc; Navasota Valley Elec Coop, Inc; Oncor Electric Delivery Company LLC",ERCO; MISO,ERCOT; MISO,ERCOT,yes
48295,TX,Lipscomb,2023,2,North Plains Electric Coop Inc; Southwestern Public Service Co,SWPP,SPP,SPP,no
48297,TX,Live Oak,2023,4,AEP Texas Central Company; Karnes Electric Coop Inc; Nueces Electric Cooperative; San Patricio Electric Coop Inc,ERCO,ERCOT,ERCOT,no
48299,TX,Llano,2023,4,"Central Texas Elec Coop, Inc; City of Llano - (TX); Hamilton County Elec Coop Assn; Pedernales Electric Coop, Inc",ERCO,ERCOT,ERCOT,no
48301,TX,Loving,2023,1,Oncor Electric Delivery Company LLC,ERCO,ERCOT,ERCOT,no
48303,TX,Lubbock,2023,4,"City of Lubbock - (TX); Lyntegar Electric Coop, Inc; South Plains Electric Coop Inc; Southwestern Public Service Co",SWPP; ERCO,SPP; ERCOT,SPP,yes
48305,TX,Lynn,2023,4,"Lyntegar Electric Coop, Inc; Oncor Electric Delivery Company LLC; South Plains Electric Coop Inc; Southwestern Public Service Co",SWPP; ERCO,SPP; ERCOT,SPP,yes
48307,TX,McCulloch,2023,4,"AEP Texas North Company; Central Texas Elec Coop, Inc; City of Brady - (TX); Oncor Electric Delivery Company LLC",ERCO,ERCOT,ERCOT,no
48309,TX,McLennan,2023,5,"HILCO Electric Cooperative, Inc.; Heart of Texas Electric Coop; Navasota Valley Elec Coop, Inc; Oncor Electric Delivery Company LLC; Texas-New Mexico Power Co",ERCO,ERCOT,ERCOT,no
48311,TX,McMullen,2023,5,"AEP Texas Central Company; Karnes Electric Coop Inc; Medina Electric Coop, Inc; Nueces Electric Cooperative; San Patricio Electric Coop Inc",ERCO,ERCOT,ERCOT,no
48313,TX,Madison,2023,4,"Entergy Texas Inc.; Houston County Elec Coop Inc; Mid-South Electric Coop Assn; Navasota Valley Elec Coop, Inc",ERCO; MISO,ERCOT; MISO,ERCOT,yes
48315,TX,Marion,2023,2,Southwestern Electric Power Co; Upshur Rural Elec Coop Corp,SWPP,SPP,SPP,no
48317,TX,Martin,2023,2,"Lyntegar Electric Coop, Inc; Oncor Electric Delivery Company LLC",SWPP; ERCO,SPP; ERCOT,SPP,yes
48319,TX,Mason,2023,5,"AEP Texas North Company; Central Texas Elec Coop, Inc; City of Mason - (TX); Oncor Electric Delivery Company LLC; Pedernales Electric Coop, Inc",ERCO,ERCOT,ERCOT,no
48321,TX,Matagorda,2023,5,"AEP Texas Central Company; CenterPoint Energy; Jackson Electric Coop, Inc - (TX); Texas-New Mexico Power Co; Wharton County Elec Coop, Inc",ERCO,ERCOT,ERCOT,no
48323,TX,Maverick,2023,2,"AEP Texas Central Company; Rio Grande Electric Coop, Inc",ERCO,ERCOT,ERCOT,no
48325,TX,Medina,2023,7,"AEP Texas Central Company; Bandera Electric Coop, Inc; City of Castroville - (TX); City of Hondo - (TX); City of San Antonio - (TX); Karnes Electric Coop Inc; Medina Electric Coop, Inc",ERCO,ERCOT,ERCOT,no
48327,TX,Menard,2023,5,"AEP Texas North Company; Central Texas Elec Coop, Inc; Oncor Electric Delivery Company LLC; Pedernales Electric Coop, Inc; Southwest Texas Elec Coop, Inc",ERCO,ERCOT,ERCOT,no
48329,TX,Midland,2023,2,Oncor Electric Delivery Company LLC; Southwestern Public Service Co,SWPP; ERCO,SPP; ERCOT,SPP,yes
48331,TX,Milam,2023,5,"Bartlett Electric Coop, Inc; Bluebonnet Electric Coop, Inc; Entergy Texas Inc.; Heart of Texas Electric Coop; Oncor Electric Delivery Company LLC",ERCO; MISO,ERCOT; MISO,ERCOT,yes
48333,TX,Mills,2023,4,City of Goldthwaite - (TX); Comanche County Elec Coop Assn; Hamilton County Elec Coop Assn; Oncor Electric Delivery Company LLC,ERCO,ERCOT,ERCOT,no
48335,TX,Mitchell,2023,4,"Big Country Electric Coop, Inc; Concho Valley Elec Coop Inc; Oncor Electric Delivery Company LLC; Taylor Electric Coop Inc - (TX)",ERCO,ERCOT,ERCOT,no
48337,TX,Montague,2023,6,City of Bowie - (TX); Cooke County Elec Coop Assn; J-A-C Electric Coop Inc; Oncor Electric Delivery Company LLC; Texas-New Mexico Power Co; Wise Electric Coop Inc,ERCO,ERCOT,ERCOT,no
48339,TX,Montgomery,2023,5,"CenterPoint Energy; Entergy Texas Inc.; Mid-South Electric Coop Assn; Sam Houston Electric Coop Inc; San Bernard Electric Coop, Inc",ERCO; MISO,ERCOT; MISO,ERCOT,yes
48341,TX,Moore,2023,2,"Rita Blanca Electric Coop, Inc; Southwestern Public Service Co",SWPP,SPP,SPP,no
48343,TX,Morris,2023,3,"Bowie-Cass Electric Coop, Inc; Southwestern Electric Power Co; Upshur Rural Elec Coop Corp",SWPP,SPP,SPP,no
48345,TX,Motley,2023,4,"AEP Texas North Company; Lighthouse Electric Coop, Inc; South Plains Electric Coop Inc; Southwestern Public Service Co",ERCO; SWPP,ERCOT; SPP,ERCOT,yes
48347,TX,Nacogdoches,2023,4,"Cherokee County Elec Coop Assn - (TX); Deep East Texas Elec Coop Inc; Oncor Electric Delivery Company LLC; Rusk County Electric Coop, Inc",ERCO; MISO; SWPP,ERCOT; MISO; SPP,ERCOT,yes
48349,TX,Navarro,2023,2,"Navarro County Elec Coop, Inc; Oncor Electric Delivery Company LLC",ERCO,ERCOT,ERCOT,no
48351,TX,Newton,2023,4,"City of Newton - (TX); Deep East Texas Elec Coop Inc; Entergy Texas Inc.; Jasper-Newton Elec Coop, Inc",MISO,MISO,MISO,no
48353,TX,Nolan,2023,5,"AEP Texas North Company; Big Country Electric Coop, Inc; Concho Valley Elec Coop Inc; Oncor Electric Delivery Company LLC; Taylor Electric Coop Inc - (TX)",ERCO,ERCOT,ERCOT,no
48355,TX,Nueces,2023,4,AEP Texas Central Company; City of Robstown - (TX); Nueces Electric Cooperative; San Patricio Electric Coop Inc,ERCO,ERCOT,ERCOT,no
48357,TX,Ochiltree,2023,2,North Plains Electric Coop Inc; Southwestern Public Service Co,SWPP,SPP,SPP,no
48359,TX,Oldham,2023,4,"Deaf Smith Electric Coop, Inc; Farmers Electric Coop, Inc - (NM); Rita Blanca Electric Coop, Inc; Southwestern Public Service Co",SWPP,SPP,SPP,no
48361,TX,Orange,2023,2,"Entergy Texas Inc.; Jasper-Newton Elec Coop, Inc",MISO,MISO,MISO,no
48363,TX,Palo Pinto,2023,5,"Fort Belknap Electric Coop Inc; Oncor Electric Delivery Company LLC; Texas-New Mexico Power Co; Tri-County Electric Coop, Inc (TX); United Electric Coop Service Inc - (TX)",ERCO,ERCOT,ERCOT,no
48365,TX,Panola,2023,4,"Deep East Texas Elec Coop Inc; Panola-Harrison Elec Coop, Inc; Rusk County Electric Coop, Inc; Southwestern Electric Power Co",SWPP; MISO,SPP; MISO,SPP,yes
48367,TX,Parker,2023,4,"Oncor Electric Delivery Company LLC; Tri-County Electric Coop, Inc (TX); Weatherford Mun Utility System; Wise Electric Coop Inc",ERCO,ERCOT,ERCOT,no
48369,TX,Parmer,2023,4,"Bailey County Elec Coop Assn; Deaf Smith Electric Coop, Inc; Farmers Electric Coop, Inc - (NM); Southwestern Public Service Co",SWPP,SPP,SPP,no
48371,TX,Pecos,2023,5,"AEP Texas North Company; Oncor Electric Delivery Company LLC; Rio Grande Electric Coop, Inc; Southwest Texas Elec Coop, Inc; Texas-New Mexico Power Co",ERCO,ERCOT,ERCOT,no
48373,TX,Polk,2023,3,City of Livingston - (TX); Entergy Texas Inc.; Sam Houston Electric Coop Inc,MISO,MISO,MISO,no
48375,TX,Potter,2023,2,"Rita Blanca Electric Coop, Inc; Southwestern Public Service Co",SWPP,SPP,SPP,no
48377,TX,Presidio,2023,2,"AEP Texas North Company; Rio Grande Electric Coop, Inc",ERCO,ERCOT,ERCOT,no
48379,TX,Rains,2023,4,"Farmers Electric Coop, Inc - (TX); Southwestern Electric Power Co; Texas-New Mexico Power Co; Wood County Electric Coop, Inc",ERCO; SWPP,ERCOT; SPP,ERCOT,yes
48381,TX,Randall,2023,3,"Greenbelt Electric Coop, Inc; Southwestern Public Service Co; Swisher Electric Coop, Inc",SWPP; ERCO,SPP; ERCOT,SPP,yes
48383,TX,Reagan,2023,4,"AEP Texas North Company; Concho Valley Elec Coop Inc; Oncor Electric Delivery Company LLC; Southwest Texas Elec Coop, Inc",ERCO,ERCOT,ERCOT,no
48385,TX,Real,2023,5,"AEP Texas Central Company; Bandera Electric Coop, Inc; Central Texas Elec Coop, Inc; Medina Electric Coop, Inc; Pedernales Electric Coop, Inc",ERCO,ERCOT,ERCOT,no
48387,TX,Red River,2023,5,"Bowie-Cass Electric Coop, Inc; Lamar County Elec Coop Assn; Oncor Electric Delivery Company LLC; Southwestern Electric Power Co; Texas-New Mexico Power Co",ERCO; SWPP,ERCOT; SPP,ERCOT,yes
48389,TX,Reeves,2023,4,"AEP Texas North Company; Oncor Electric Delivery Company LLC; Rio Grande Electric Coop, Inc; Texas-New Mexico Power Co",ERCO,ERCOT,ERCOT,no
48391,TX,Refugio,2023,3,"AEP Texas Central Company; San Patricio Electric Coop Inc; Victoria Electric Coop, Inc",ERCO,ERCOT,ERCOT,no
48393,TX,Roberts,2023,3,"Greenbelt Electric Coop, Inc; North Plains Electric Coop Inc; Southwestern Public Service Co",SWPP; ERCO,SPP; ERCOT,SPP,yes
48395,TX,Robertson,2023,5,"City of Bryan - (TX); City of Hearne - (TX); Entergy Texas Inc.; Navasota Valley Elec Coop, Inc; Texas-New Mexico Power Co",ERCO; MISO,ERCOT; MISO,ERCOT,yes
48397,TX,Rockwall,2023,2,"Farmers Electric Coop, Inc - (TX); Oncor Electric Delivery Company LLC",ERCO,ERCOT,ERCOT,no
48399,TX,Runnels,2023,4,"AEP Texas North Company; Coleman County Elec Coop, Inc; Concho Valley Elec Coop Inc; Taylor Electric Coop Inc - (TX)",ERCO,ERCOT,ERCOT,no
48401,TX,Rusk,2023,6,"Cherokee County Elec Coop Assn - (TX); Deep East Texas Elec Coop Inc; Oncor Electric Delivery Company LLC; Rusk County Electric Coop, Inc; Southwestern Electric Power Co; Upshur Rural Elec Coop Corp",SWPP; ERCO; MISO,SPP; ERCOT; MISO,SPP,yes
48403,TX,Sabine,2023,3,"City of Hemphill - (TX); Deep East Texas Elec Coop Inc; Jasper-Newton Elec Coop, Inc",MISO,MISO,MISO,no
48405,TX,San Augustine,2023,2,City of San Augustine - (TX); Deep East Texas Elec Coop Inc,MISO,MISO,MISO,no
48407,TX,San Jacinto,2023,2,Entergy Texas Inc.; Sam Houston Electric Coop Inc,MISO,MISO,MISO,no
48409,TX,San Patricio,2023,2,AEP Texas Central Company; San Patricio Electric Coop Inc,ERCO,ERCOT,ERCOT,no
48411,TX,San Saba,2023,5,"Central Texas Elec Coop, Inc; City of San Saba - (TX); Hamilton County Elec Coop Assn; Oncor Electric Delivery Company LLC; Pedernales Electric Coop, Inc",ERCO,ERCOT,ERCOT,no
48413,TX,Schleicher,2023,3,"AEP Texas North Company; Pedernales Electric Coop, Inc; Southwest Texas Elec Coop, Inc",ERCO,ERCOT,ERCOT,no
48415,TX,Scurry,2023,2,"Big Country Electric Coop, Inc; Oncor Electric Delivery Company LLC",ERCO,ERCOT,ERCOT,no
48417,TX,Shackelford,2023,6,"AEP Texas North Company; Big Country Electric Coop, Inc; Comanche County Elec Coop Assn; Fort Belknap Electric Coop Inc; Oncor Electric Delivery Company LLC; Taylor Electric Coop Inc - (TX)",ERCO,ERCOT,ERCOT,no
48419,TX,Shelby,2023,4,"City of Timpson - (TX); Deep East Texas Elec Coop Inc; Rusk County Electric Coop, Inc; Southwestern Electric Power Co",SWPP; MISO; ERCO,SPP; MISO; ERCOT,SPP,yes
48421,TX,Sherman,2023,3,"Rita Blanca Electric Coop, Inc; Southwestern Public Service Co; Tri-County Electric Coop, Inc (OK)",SWPP,SPP,SPP,no
48423,TX,Smith,2023,5,"Cherokee County Elec Coop Assn - (TX); Oncor Electric Delivery Company LLC; Southwestern Electric Power Co; Upshur Rural Elec Coop Corp; Wood County Electric Coop, Inc",SWPP; ERCO,SPP; ERCOT,SPP,yes
48425,TX,Somervell,2023,3,Oncor Electric Delivery Company LLC; Texas-New Mexico Power Co; United Electric Coop Service Inc - (TX),ERCO,ERCOT,ERCOT,no
48427,TX,Starr,2023,3,"AEP Texas Central Company; Magic Valley Electric Coop Inc; Medina Electric Coop, Inc",ERCO,ERCOT,ERCOT,no
48429,TX,Stephens,2023,6,AEP Texas North Company; Comanche County Elec Coop Assn; Fort Belknap Electric Coop Inc; Oncor Electric Delivery Company LLC; Texas-New Mexico Power Co; United Electric Coop Service Inc - (TX),ERCO,ERCOT,ERCOT,no
48431,TX,Sterling,2023,3,AEP Texas North Company; Concho Valley Elec Coop Inc; Oncor Electric Delivery Company LLC,ERCO,ERCOT,ERCOT,no
48433,TX,Stonewall,2023,4,"AEP Texas North Company; Big Country Electric Coop, Inc; South Plains Electric Coop Inc; Tri-County Electric Coop, Inc (TX)",ERCO; SWPP,ERCOT; SPP,ERCOT,yes
48435,TX,Sutton,2023,3,"AEP Texas North Company; Pedernales Electric Coop, Inc; Southwest Texas Elec Coop, Inc",ERCO,ERCOT,ERCOT,no
48437,TX,Swisher,2023,4,"City of Tulia; Lighthouse Electric Coop, Inc; Southwestern Public Service Co; Swisher Electric Coop, Inc",SWPP; ERCO,SPP; ERCOT,SPP,yes
48439,TX,Tarrant,2023,4,"Denton County Elec Coop, Inc; Oncor Electric Delivery Company LLC; Tri-County Electric Coop, Inc (TX); United Electric Coop Service Inc - (TX)",ERCO,ERCOT,ERCOT,no
48441,TX,Taylor,2023,3,"AEP Texas North Company; Coleman County Elec Coop, Inc; Taylor Electric Coop Inc - (TX)",ERCO,ERCOT,ERCOT,no
48443,TX,Terrell,2023,2,"Rio Grande Electric Coop, Inc; Texas-New Mexico Power Co",ERCO,ERCOT,ERCOT,no
48445,TX,Terry,2023,4,"City of Brownfield - (TX); Lyntegar Electric Coop, Inc; Oncor Electric Delivery Company LLC; Southwestern Public Service Co",SWPP; ERCO,SPP; ERCOT,SPP,yes
48447,TX,Throckmorton,2023,4,"AEP Texas North Company; Big Country Electric Coop, Inc; Fort Belknap Electric Coop Inc; Tri-County Electric Coop, Inc (TX)",ERCO,ERCOT,ERCOT,no
48449,TX,Titus,2023,4,"Bowie-Cass Electric Coop, Inc; Southwestern Electric Power Co; Texas-New Mexico Power Co; Wood County Electric Coop, Inc",SWPP; ERCO,SPP; ERCOT,SPP,yes
48451,TX,Tom Green,2023,5,"AEP Texas North Company; Coleman County Elec Coop, Inc; Concho Valley Elec Coop Inc; Oncor Electric Delivery Company LLC; Southwest Texas Elec Coop, Inc",ERCO,ERCOT,ERCOT,no
48453,TX,Travis,2023,4,"Austin Energy; Bluebonnet Electric Coop, Inc; Oncor Electric Delivery Company LLC; Pedernales Electric Coop, Inc",ERCO,ERCOT,ERCOT,no
48455,TX,Trinity,2023,4,Entergy Texas Inc.; Houston County Elec Coop Inc; Oncor Electric Delivery Company LLC; Sam Houston Electric Coop Inc,ERCO; MISO,ERCOT; MISO,ERCOT,yes
48457,TX,Tyler,2023,2,Entergy Texas Inc.; Sam Houston Electric Coop Inc,MISO,MISO,MISO,no
48459,TX,Upshur,2023,3,"Southwestern Electric Power Co; Upshur Rural Elec Coop Corp; Wood County Electric Coop, Inc",SWPP,SPP,SPP,no
48461,TX,Upton,2023,3,"AEP Texas North Company; Oncor Electric Delivery Company LLC; Southwest Texas Elec Coop, Inc",ERCO,ERCOT,ERCOT,no
48463,TX,Uvalde,2023,4,"AEP Texas Central Company; Bandera Electric Coop, Inc; Medina Electric Coop, Inc; Rio Grande Electric Coop, Inc",ERCO,ERCOT,ERCOT,no
48465,TX,Val Verde,2023,3,"AEP Texas Central Company; Rio Grande Electric Coop, Inc; Southwest Texas Elec Coop, Inc",ERCO,ERCOT,ERCOT,no
48467,TX,Van Zandt,2023,6,"Farmers Electric Coop, Inc - (TX); Oncor Electric Delivery Company LLC; Southwestern Electric Power Co; Texas-New Mexico Power Co; Trinity Valley Elec Coop Inc; Wood County Electric Coop, Inc",ERCO; SWPP,ERCOT; SPP,ERCOT,yes
48469,TX,Victoria,2023,3,"AEP Texas Central Company; Guadalupe Valley Elec Coop Inc; Victoria Electric Coop, Inc",ERCO,ERCOT,ERCOT,no
48471,TX,Walker,2023,4,Entergy Texas Inc.; Houston County Elec Coop Inc; Mid-South Electric Coop Assn; Sam Houston Electric Coop Inc,ERCO; MISO,ERCOT; MISO,ERCOT,yes
48473,TX,Waller,2023,5,"CenterPoint Energy; City of Hempstead - (TX); Entergy Texas Inc.; Mid-South Electric Coop Assn; San Bernard Electric Coop, Inc",ERCO; MISO,ERCOT; MISO,ERCOT,yes
48475,TX,Ward,2023,2,Oncor Electric Delivery Company LLC; Texas-New Mexico Power Co,ERCO,ERCOT,ERCOT,no
48477,TX,Washington,2023,4,"Bluebonnet Electric Coop, Inc; City of Brenham - (TX); Entergy Texas Inc.; Fayette Electric Coop, Inc",ERCO; MISO,ERCOT; MISO,ERCOT,yes
48479,TX,Webb,2023,3,"AEP Texas Central Company; Medina Electric Coop, Inc; Rio Grande Electric Coop, Inc",ERCO,ERCOT,ERCOT,no
48481,TX,Wharton,2023,4,"AEP Texas Central Company; CenterPoint Energy; Jackson Electric Coop, Inc - (TX); Wharton County Elec Coop, Inc",ERCO,ERCOT,ERCOT,no
48483,TX,Wheeler,2023,4,"Greenbelt Electric Coop, Inc; North Plains Electric Coop Inc; Southwestern Electric Power Co; Southwestern Public Service Co",SWPP; ERCO,SPP; ERCOT,SPP,yes
48485,TX,Wichita,2023,4,AEP Texas North Company; City of Electra - (TX); Oncor Electric Delivery Company LLC; Southwest Rural Elec Assn Inc,SWPP; ERCO,SPP; ERCOT,SPP,yes
48487,TX,Wilbarger,2023,5,"AEP Texas North Company; Oncor Electric Delivery Company LLC; Southwest Rural Elec Assn Inc; Southwestern Public Service Co; Tri-County Electric Coop, Inc (TX)",ERCO; SWPP,ERCOT; SPP,ERCOT,yes
48489,TX,Willacy,2023,2,AEP Texas Central Company; Magic Valley Electric Coop Inc,ERCO,ERCOT,ERCOT,no
48491,TX,Williamson,2023,7,"Austin Energy; Bartlett Electric Coop, Inc; Bluebonnet Electric Coop, Inc; City of Bartlett - (TX); City of Georgetown - (TX); Oncor Electric Delivery Company LLC; Pedernales Electric Coop, Inc",ERCO,ERCOT,ERCOT,no
48493,TX,Wilson,2023,5,AEP Texas Central Company; City of Floresville; City of San Antonio - (TX); Guadalupe Valley Elec Coop Inc; Karnes Electric Coop Inc,ERCO,ERCOT,ERCOT,no
48495,TX,Winkler,2023,2,Oncor Electric Delivery Company LLC; Texas-New Mexico Power Co,ERCO,ERCOT,ERCOT,no
48497,TX,Wise,2023,6,"City of Bridgeport - (TX); Cooke County Elec Coop Assn; Denton County Elec Coop, Inc; Oncor Electric Delivery Company LLC; Tri-County Electric Coop, Inc (TX); Wise Electric Coop Inc",ERCO,ERCOT,ERCOT,no
48499,TX,Wood,2023,5,"Farmers Electric Coop, Inc - (TX); Oncor Electric Delivery Company LLC; Southwestern Electric Power Co; Upshur Rural Elec Coop Corp; Wood County Electric Coop, Inc",SWPP; ERCO,SPP; ERCOT,SPP,yes
48501,TX,Yoakum,2023,3,"Lea County Electric Coop, Inc - (NM); Lyntegar Electric Coop, Inc; Southwestern Public Service Co",SWPP,SPP,SPP,no
48503,TX,Young,2023,4,Fort Belknap Electric Coop Inc; Oncor Electric Delivery Company LLC; Texas-New Mexico Power Co; United Electric Coop Service Inc - (TX),ERCO,ERCOT,ERCOT,no
48505,TX,Zapata,2023,2,"AEP Texas Central Company; Medina Electric Coop, Inc",ERCO,ERCOT,ERCOT,no
48507,TX,Zavala,2023,3,"AEP Texas Central Company; Medina Electric Coop, Inc; Rio Grande Electric Coop, Inc",ERCO,ERCOT,ERCOT,no
49001,UT,Beaver,2023,2,Beaver City Corporation; PacifiCorp,PACE,West (non-RTO),West (non-RTO),no
49003,UT,Box Elder,2023,3,Brigham City Corporation; PacifiCorp; Raft Rural Elec Coop Inc,PACE; BPAT,West (non-RTO),West (non-RTO),no
49005,UT,Cache,2023,3,City of Logan - (UT); Hyrum City Corporation; PacifiCorp,PACE,West (non-RTO),West (non-RTO),no
49007,UT,Carbon,2023,3,City of Helper - (UT); PacifiCorp; Price Municipal Corporation,PACE,West (non-RTO),West (non-RTO),no
49009,UT,Daggett,2023,3,"Bridger Valley Elec Assn, Inc; Moon Lake Electric Assn Inc; WAPA-- Western Area Power Administration",WACM; WALC,West (non-RTO),West (non-RTO),no
49011,UT,Davis,2023,3,City of Bountiful; Kaysville City Corporation; PacifiCorp,PACE,West (non-RTO),West (non-RTO),no
49013,UT,Duchesne,2023,2,Moon Lake Electric Assn Inc; PacifiCorp,WACM; PACE,West (non-RTO),West (non-RTO),no
49015,UT,Emery,2023,1,PacifiCorp,PACE,West (non-RTO),West (non-RTO),no
49017,UT,Garfield,2023,3,"Garkane Energy Coop, Inc; PacifiCorp; Ticaboo Electric Improvement District",WACM; PACE; WALC,West (non-RTO),West (non-RTO),no
49019,UT,Grand,2023,1,PacifiCorp,PACE,West (non-RTO),West (non-RTO),no
49021,UT,Iron,2023,5,"Dixie Escalante R E A, Inc; Garkane Energy Coop, Inc; PacifiCorp; Parowan City Corporation; Town of Paragonah - (UT)",PACE; WACM,West (non-RTO),West (non-RTO),no
49023,UT,Juab,2023,4,"Levan Town Corporation - (UT); Mt Wheeler Power, Inc; Nephi City Corporation; PacifiCorp",PACE; NEVP,West (non-RTO),West (non-RTO),no
49025,UT,Kane,2023,1,"Garkane Energy Coop, Inc",WACM,West (non-RTO),West (non-RTO),no
49027,UT,Millard,2023,8,"Dixie Escalante R E A, Inc; Fillmore City Corporation; Kanosh Town Corporation; Meadow Town Corporation; Mt Wheeler Power, Inc; PacifiCorp; Town of Holden - (UT); Town of Oak City - (UT)",PACE; NEVP,West (non-RTO),West (non-RTO),no
49029,UT,Morgan,2023,2,Morgan City - (UT); PacifiCorp,PACE,West (non-RTO),West (non-RTO),no
49031,UT,Piute,2023,2,"Garkane Energy Coop, Inc; PacifiCorp",WACM; PACE,West (non-RTO),West (non-RTO),no
49033,UT,Rich,2023,1,PacifiCorp,PACE,West (non-RTO),West (non-RTO),no
49035,UT,Salt Lake,2023,3,City of Murray - (UT); PacifiCorp; WAPA-- Western Area Power Administration,PACE; WALC,West (non-RTO),West (non-RTO),no
49037,UT,San Juan,2023,5,"City of Blanding - (UT); Empire Electric Assn, Inc; Navajo Tribal Utility Authority; PacifiCorp; WAPA-- Western Area Power Administration",PACE; WACM; WALC,West (non-RTO),West (non-RTO),no
49039,UT,Sanpete,2023,6,City of Ephraim - (UT); City of Manti - (UT); City of Mt Pleasant - (UT); Fairview City Corporation; PacifiCorp; Spring City Corporation,PACE,West (non-RTO),West (non-RTO),no
49041,UT,Sevier,2023,3,"City of Monroe - (UT); Garkane Energy Coop, Inc; PacifiCorp",PACE; WACM,West (non-RTO),West (non-RTO),no
49043,UT,Summit,2023,2,"Bridger Valley Elec Assn, Inc; PacifiCorp",WACM; PACE,West (non-RTO),West (non-RTO),no
49045,UT,Tooele,2023,3,"Mt Wheeler Power, Inc; PacifiCorp; Wells Rural Electric Co",NEVP; PACE,West (non-RTO),West (non-RTO),no
49047,UT,Uintah,2023,3,Moon Lake Electric Assn Inc; PacifiCorp; WAPA-- Western Area Power Administration,WACM; PACE; WALC,West (non-RTO),West (non-RTO),no
49049,UT,Utah,2023,8,City of Springville - (UT); Lehi City Corporation; PacifiCorp; Payson City Corporation; Provo City Corp; Salem City Corporation - (UT); Spanish Fork City Corporation; Strawberry Electric Serv Dist,PACE,West (non-RTO),West (non-RTO),no
49051,UT,Wasatch,2023,3,Heber Light & Power Company; Moon Lake Electric Assn Inc; PacifiCorp,PACE; WACM,West (non-RTO),West (non-RTO),no
49053,UT,Washington,2023,8,"City of Enterprise - (UT); City of Santa Clara - (UT); City of St George; City of Washington - (UT); Dixie Escalante R E A, Inc; Garkane Energy Coop, Inc; Hurricane City Power; PacifiCorp",PACE; WACM,West (non-RTO),West (non-RTO),no
49055,UT,Wayne,2023,1,"Garkane Energy Coop, Inc",WACM,West (non-RTO),West (non-RTO),no
49057,UT,Weber,2023,1,PacifiCorp,PACE,West (non-RTO),West (non-RTO),no
50001,VT,Addison,2023,2,"Green Mountain Power Corp; Vermont Electric Cooperative, Inc",ISNE,ISO-NE,ISO-NE,no
50003,VT,Bennington,2023,1,Green Mountain Power Corp,ISNE,ISO-NE,ISO-NE,no
50005,VT,Caledonia,2023,5,"Green Mountain Power Corp; The Town of Lyndon Electric Department; Town of Hardwick; Vermont Electric Cooperative, Inc; Washington Electric Coop - (VT)",ISNE,ISO-NE,ISO-NE,no
50007,VT,Chittenden,2023,3,"City of Burlington Electric - (VT); Green Mountain Power Corp; Vermont Electric Cooperative, Inc",ISNE,ISO-NE,ISO-NE,no
50009,VT,Essex,2023,3,"Green Mountain Power Corp; The Town of Lyndon Electric Department; Vermont Electric Cooperative, Inc",ISNE,ISO-NE,ISO-NE,no
50011,VT,Franklin,2023,4,"Green Mountain Power Corp; Vermont Electric Cooperative, Inc; Village of Enosburg Falls - (VT); Village of Swanton - (VT)",ISNE,ISO-NE,ISO-NE,no
50013,VT,Grand Isle,2023,1,"Vermont Electric Cooperative, Inc",ISNE,ISO-NE,ISO-NE,no
50015,VT,Lamoille,2023,7,"Green Mountain Power Corp; Town of Hardwick; Town of Stowe- (VT); Vermont Electric Cooperative, Inc; Village of Hyde Park - (VT); Village of Johnson - (VT); Village of Morrisville - (VT)",ISNE,ISO-NE,ISO-NE,no
50017,VT,Orange,2023,2,Green Mountain Power Corp; Washington Electric Coop - (VT),ISNE,ISO-NE,ISO-NE,no
50019,VT,Orleans,2023,7,"Barton Village, Inc; Green Mountain Power Corp; The Town of Lyndon Electric Department; Town of Hardwick; Vermont Electric Cooperative, Inc; Village of Orleans - (VT); Washington Electric Coop - (VT)",ISNE,ISO-NE,ISO-NE,no
50021,VT,Rutland,2023,1,Green Mountain Power Corp,ISNE,ISO-NE,ISO-NE,no
50023,VT,Washington,2023,4,Green Mountain Power Corp; Town of Hardwick; Village of Northfield - (VT); Washington Electric Coop - (VT),ISNE,ISO-NE,ISO-NE,no
50025,VT,Windham,2023,2,Green Mountain Power Corp; Village of Jacksonville - (VT),ISNE,ISO-NE,ISO-NE,no
50027,VT,Windsor,2023,2,Green Mountain Power Corp; Village of Ludlow - (VT),ISNE,ISO-NE,ISO-NE,no
51001,VA,Accomack,2023,2,A & N Electric Coop; Virginia Electric & Power Co,PJM,PJM,PJM,no
51003,VA,Albemarle,2023,4,Appalachian Power Co; Central Virginia Electric Coop; Rappahannock Electric Coop; Virginia Electric & Power Co,PJM,PJM,PJM,no
51005,VA,Alleghany,2023,3,BARC Electric Coop Inc; Craig-Botetourt Electric Coop; Virginia Electric & Power Co,PJM,PJM,PJM,no
51007,VA,Amelia,2023,2,"Southside Electric Coop, Inc; Virginia Electric & Power Co",PJM,PJM,PJM,no
51009,VA,Amherst,2023,3,Appalachian Power Co; Central Virginia Electric Coop; Virginia Electric & Power Co,PJM,PJM,PJM,no
51011,VA,Appomattox,2023,4,"Appalachian Power Co; Central Virginia Electric Coop; Southside Electric Coop, Inc; Virginia Electric & Power Co",PJM,PJM,PJM,no
51013,VA,Arlington,2023,1,Virginia Electric & Power Co,PJM,PJM,PJM,no
51015,VA,Augusta,2023,4,BARC Electric Coop Inc; Central Virginia Electric Coop; Shenandoah Valley Elec Coop; Virginia Electric & Power Co,PJM,PJM,PJM,no
51017,VA,Bath,2023,2,BARC Electric Coop Inc; Virginia Electric & Power Co,PJM,PJM,PJM,no
51021,VA,Bland,2023,1,Appalachian Power Co,PJM,PJM,PJM,no
51023,VA,Botetourt,2023,3,Appalachian Power Co; Craig-Botetourt Electric Coop; Virginia Electric & Power Co,PJM,PJM,PJM,no
51025,VA,Brunswick,2023,3,"Mecklenburg Electric Cooperative; Southside Electric Coop, Inc; Virginia Electric & Power Co",PJM,PJM,PJM,no
51027,VA,Buchanan,2023,2,Appalachian Power Co; Virginia Electric & Power Co,PJM,PJM,PJM,no
51029,VA,Buckingham,2023,4,"Appalachian Power Co; Central Virginia Electric Coop; Southside Electric Coop, Inc; Virginia Electric & Power Co",PJM,PJM,PJM,no
51031,VA,Campbell,2023,4,"Appalachian Power Co; Central Virginia Electric Coop; Southside Electric Coop, Inc; Virginia Electric & Power Co",PJM,PJM,PJM,no
51033,VA,Caroline,2023,2,Rappahannock Electric Coop; Virginia Electric & Power Co,PJM,PJM,PJM,no
51035,VA,Carroll,2023,2,Appalachian Power Co; Virginia Electric & Power Co,PJM,PJM,PJM,no
51036,VA,Charles City,2023,1,Virginia Electric & Power Co,PJM,PJM,PJM,no
51037,VA,Charlotte,2023,3,"Mecklenburg Electric Cooperative; Southside Electric Coop, Inc; Virginia Electric & Power Co",PJM,PJM,PJM,no
51041,VA,Chesterfield,2023,2,"Southside Electric Coop, Inc; Virginia Electric & Power Co",PJM,PJM,PJM,no
51043,VA,Clarke,2023,4,Northern Virginia Elec Coop; Rappahannock Electric Coop; Shenandoah Valley Elec Coop; Virginia Electric & Power Co,PJM,PJM,PJM,no
51045,VA,Craig,2023,2,Appalachian Power Co; Craig-Botetourt Electric Coop,PJM,PJM,PJM,no
51047,VA,Culpeper,2023,3,Rappahannock Electric Coop; Town of Culpeper- (VA); Virginia Electric & Power Co,PJM,PJM,PJM,no
51049,VA,Cumberland,2023,3,"Central Virginia Electric Coop; Southside Electric Coop, Inc; Virginia Electric & Power Co",PJM,PJM,PJM,no
51051,VA,Dickenson,2023,2,Appalachian Power Co; Kentucky Utilities Co,PJM; LGEE,PJM; Southeast (non-RTO),PJM,yes
51053,VA,Dinwiddie,2023,3,"Prince George Electric Coop; Southside Electric Coop, Inc; Virginia Electric & Power Co",PJM,PJM,PJM,no
51057,VA,Essex,2023,2,Rappahannock Electric Coop; Virginia Electric & Power Co,PJM,PJM,PJM,no
51061,VA,Fauquier,2023,3,Northern Virginia Elec Coop; Rappahannock Electric Coop; Virginia Electric & Power Co,PJM,PJM,PJM,no
51063,VA,Floyd,2023,1,Appalachian Power Co,PJM,PJM,PJM,no
51065,VA,Fluvanna,2023,3,Appalachian Power Co; Central Virginia Electric Coop; Virginia Electric & Power Co,PJM,PJM,PJM,no
51069,VA,Frederick,2023,2,Rappahannock Electric Coop; Shenandoah Valley Elec Coop,PJM,PJM,PJM,no
51071,VA,Giles,2023,2,Appalachian Power Co; Craig-Botetourt Electric Coop,PJM,PJM,PJM,no
51073,VA,Gloucester,2023,1,Virginia Electric & Power Co,PJM,PJM,PJM,no
51075,VA,Goochland,2023,3,Central Virginia Electric Coop; Rappahannock Electric Coop; Virginia Electric & Power Co,PJM,PJM,PJM,no
51077,VA,Grayson,2023,1,Appalachian Power Co,PJM,PJM,PJM,no
51079,VA,Greene,2023,4,Central Virginia Electric Coop; Rappahannock Electric Coop; Shenandoah Valley Elec Coop; Virginia Electric & Power Co,PJM,PJM,PJM,no
51081,VA,Greensville,2023,2,Mecklenburg Electric Cooperative; Virginia Electric & Power Co,PJM,PJM,PJM,no
51083,VA,Halifax,2023,3,City of Danville - (VA); Mecklenburg Electric Cooperative; Virginia Electric & Power Co,PJM,PJM,PJM,no
51085,VA,Hanover,2023,2,Rappahannock Electric Coop; Virginia Electric & Power Co,PJM,PJM,PJM,no
51087,VA,Henrico,2023,1,Virginia Electric & Power Co,PJM,PJM,PJM,no
51089,VA,Henry,2023,4,Appalachian Power Co; City of Danville - (VA); City of Martinsville - (VA); Virginia Electric & Power Co,PJM,PJM,PJM,no
51091,VA,Highland,2023,2,BARC Electric Coop Inc; Shenandoah Valley Elec Coop,PJM,PJM,PJM,no
51093,VA,Isle of Wight,2023,4,City of Franklin - (VA); Community Electric Coop; Prince George Electric Coop; Virginia Electric & Power Co,PJM,PJM,PJM,no
51095,VA,James City,2023,1,Virginia Electric & Power Co,PJM,PJM,PJM,no
51097,VA,King and Queen,2023,2,Rappahannock Electric Coop; Virginia Electric & Power Co,PJM,PJM,PJM,no
51099,VA,King George,2023,2,"Northern Neck Elec Coop, Inc; Virginia Electric & Power Co",PJM,PJM,PJM,no
51101,VA,King William,2023,2,Rappahannock Electric Coop; Virginia Electric & Power Co,PJM,PJM,PJM,no
51103,VA,Lancaster,2023,2,"Northern Neck Elec Coop, Inc; Virginia Electric & Power Co",PJM,PJM,PJM,no
51105,VA,Lee,2023,2,Kentucky Utilities Co; Powell Valley Electric Coop,LGEE; TVA,Southeast (non-RTO),Southeast (non-RTO),no
51107,VA,Loudoun,2023,2,Northern Virginia Elec Coop; Virginia Electric & Power Co,PJM,PJM,PJM,no
51109,VA,Louisa,2023,3,Central Virginia Electric Coop; Rappahannock Electric Coop; Virginia Electric & Power Co,PJM,PJM,PJM,no
51111,VA,Lunenburg,2023,3,"Mecklenburg Electric Cooperative; Southside Electric Coop, Inc; Virginia Electric & Power Co",PJM,PJM,PJM,no
51113,VA,Madison,2023,2,Rappahannock Electric Coop; Virginia Electric & Power Co,PJM,PJM,PJM,no
51115,VA,Mathews,2023,1,Virginia Electric & Power Co,PJM,PJM,PJM,no
51117,VA,Mecklenburg,2023,3,"Mecklenburg Electric Cooperative; Southside Electric Coop, Inc; Virginia Electric & Power Co",PJM,PJM,PJM,no
51119,VA,Middlesex,2023,1,Virginia Electric & Power Co,PJM,PJM,PJM,no
51121,VA,Montgomery,2023,4,Appalachian Power Co; City of Radford - (VA); Craig-Botetourt Electric Coop; Virginia Tech Electric Service,PJM,PJM,PJM,no
51125,VA,Nelson,2023,4,Appalachian Power Co; Central Virginia Electric Coop; Shenandoah Valley Elec Coop; Virginia Electric & Power Co,PJM,PJM,PJM,no
51127,VA,New Kent,2023,1,Virginia Electric & Power Co,PJM,PJM,PJM,no
51131,VA,Northampton,2023,1,A & N Electric Coop,PJM,PJM,PJM,no
51133,VA,Northumberland,2023,2,"Northern Neck Elec Coop, Inc; Virginia Electric & Power Co",PJM,PJM,PJM,no
51135,VA,Nottoway,2023,3,"Southside Electric Coop, Inc; Town of Blackstone - (VA); Virginia Electric & Power Co",PJM,PJM,PJM,no
51137,VA,Orange,2023,3,Central Virginia Electric Coop; Rappahannock Electric Coop; Virginia Electric & Power Co,PJM,PJM,PJM,no
51139,VA,Page,2023,3,Rappahannock Electric Coop; Shenandoah Valley Elec Coop; Virginia Electric & Power Co,PJM,PJM,PJM,no
51141,VA,Patrick,2023,2,Appalachian Power Co; City of Danville - (VA),PJM,PJM,PJM,no
51143,VA,Pittsylvania,2023,5,"Appalachian Power Co; City of Danville - (VA); Mecklenburg Electric Cooperative; Southside Electric Coop, Inc; Virginia Electric & Power Co",PJM,PJM,PJM,no
51145,VA,Powhatan,2023,2,"Southside Electric Coop, Inc; Virginia Electric & Power Co",PJM,PJM,PJM,no
51147,VA,Prince Edward,2023,3,"Central Virginia Electric Coop; Southside Electric Coop, Inc; Virginia Electric & Power Co",PJM,PJM,PJM,no
51149,VA,Prince George,2023,3,"Prince George Electric Coop; Southside Electric Coop, Inc; Virginia Electric & Power Co",PJM,PJM,PJM,no
51153,VA,Prince William,2023,2,Northern Virginia Elec Coop; Virginia Electric & Power Co,PJM,PJM,PJM,no
51155,VA,Pulaski,2023,2,Appalachian Power Co; City of Radford - (VA),PJM,PJM,PJM,no
51157,VA,Rappahannock,2023,1,Rappahannock Electric Coop,PJM,PJM,PJM,no
51163,VA,Rockbridge,2023,3,BARC Electric Coop Inc; Shenandoah Valley Elec Coop; Virginia Electric & Power Co,PJM,PJM,PJM,no
51165,VA,Rockingham,2023,5,City of Harrisonburg - (VA); Rappahannock Electric Coop; Shenandoah Valley Elec Coop; Town of Elkton; Virginia Electric & Power Co,PJM,PJM,PJM,no
51167,VA,Russell,2023,2,Appalachian Power Co; Kentucky Utilities Co,PJM; LGEE,PJM; Southeast (non-RTO),PJM,yes
51169,VA,Scott,2023,4,Appalachian Power Co; Bristol Virginia Utilities; Kentucky Utilities Co; Powell Valley Electric Coop,TVA; PJM; LGEE,Southeast (non-RTO); PJM,Southeast (non-RTO),yes
51171,VA,Shenandoah,2023,3,Rappahannock Electric Coop; Shenandoah Valley Elec Coop; Virginia Electric & Power Co,PJM,PJM,PJM,no
51173,VA,Smyth,2023,1,Appalachian Power Co,PJM,PJM,PJM,no
51175,VA,Southampton,2023,5,City of Franklin - (VA); Community Electric Coop; Mecklenburg Electric Cooperative; Prince George Electric Coop; Virginia Electric & Power Co,PJM,PJM,PJM,no
51177,VA,Spotsylvania,2023,2,Rappahannock Electric Coop; Virginia Electric & Power Co,PJM,PJM,PJM,no
51179,VA,Stafford,2023,4,"Northern Neck Elec Coop, Inc; Northern Virginia Elec Coop; Rappahannock Electric Coop; Virginia Electric & Power Co",PJM,PJM,PJM,no
51181,VA,Surry,2023,3,Community Electric Coop; Prince George Electric Coop; Virginia Electric & Power Co,PJM,PJM,PJM,no
51183,VA,Sussex,2023,6,"Community Electric Coop; Mecklenburg Electric Cooperative; Prince George Electric Coop; Southside Electric Coop, Inc; Town of Wakefield - (VA); Virginia Electric & Power Co",PJM,PJM,PJM,no
51185,VA,Tazewell,2023,3,Appalachian Power Co; Town of Richlands - (VA); Virginia Electric & Power Co,PJM,PJM,PJM,no
51187,VA,Warren,2023,4,Rappahannock Electric Coop; Shenandoah Valley Elec Coop; Town of Front Royal; Virginia Electric & Power Co,PJM,PJM,PJM,no
51191,VA,Washington,2023,2,Appalachian Power Co; Bristol Virginia Utilities,PJM; TVA,PJM; Southeast (non-RTO),PJM,yes
51193,VA,Westmoreland,2023,2,"Northern Neck Elec Coop, Inc; Virginia Electric & Power Co",PJM,PJM,PJM,no
51195,VA,Wise,2023,3,Appalachian Power Co; Kentucky Utilities Co; Powell Valley Electric Coop,PJM; LGEE; TVA,Southeast (non-RTO); PJM,Southeast (non-RTO),yes
51197,VA,Wythe,2023,1,Appalachian Power Co,PJM,PJM,PJM,no
51199,VA,York,2023,1,Virginia Electric & Power Co,PJM,PJM,PJM,no
51510,VA,Alexandria City,2023,1,Virginia Electric & Power Co,PJM,PJM,PJM,no
51515,VA,Bedford,2023,4,"Appalachian Power Co; Southside Electric Coop, Inc; Town of Bedford - (VA); Virginia Electric & Power Co",PJM,PJM,PJM,no
51520,VA,Bristol City,2023,2,Bristol Virginia Utilities; Virginia Electric & Power Co,TVA; PJM,Southeast (non-RTO); PJM,Southeast (non-RTO),yes
51530,VA,Buena Vista City,2023,1,Virginia Electric & Power Co,PJM,PJM,PJM,no
51540,VA,Charlottesville City,2023,1,Virginia Electric & Power Co,PJM,PJM,PJM,no
51550,VA,Chesapeake City,2023,1,Virginia Electric & Power Co,PJM,PJM,PJM,no
51570,VA,Colonial Heights City,2023,1,Virginia Electric & Power Co,PJM,PJM,PJM,no
51580,VA,Covington City,2023,1,Virginia Electric & Power Co,PJM,PJM,PJM,no
51590,VA,Danville City,2023,1,City of Danville - (VA),PJM,PJM,PJM,no
51595,VA,Emporia City,2023,1,Virginia Electric & Power Co,PJM,PJM,PJM,no
51600,VA,Fairfax,2023,2,Northern Virginia Elec Coop; Virginia Electric & Power Co,PJM,PJM,PJM,no
51610,VA,Falls Church City,2023,1,Virginia Electric & Power Co,PJM,PJM,PJM,no
51620,VA,Franklin,2023,3,Appalachian Power Co; City of Franklin - (VA); Virginia Electric & Power Co,PJM,PJM,PJM,no
51630,VA,Fredericksburg City,2023,1,Virginia Electric & Power Co,PJM,PJM,PJM,no
51640,VA,Galax City,2023,1,Appalachian Power Co,PJM,PJM,PJM,no
51650,VA,Hampton City,2023,1,Virginia Electric & Power Co,PJM,PJM,PJM,no
51660,VA,Harrisonburg City,2023,1,Virginia Electric & Power Co,PJM,PJM,PJM,no
51670,VA,Hopewell City,2023,1,Virginia Electric & Power Co,PJM,PJM,PJM,no
51678,VA,Lexington City,2023,1,Virginia Electric & Power Co,PJM,PJM,PJM,no
51680,VA,Lynchburg City,2023,1,Appalachian Power Co,PJM,PJM,PJM,no
51683,VA,Manassas City,2023,2,City of Manassas - (VA); Virginia Electric & Power Co,PJM,PJM,PJM,no
51685,VA,Manassas Park City,2023,2,Northern Virginia Elec Coop; Virginia Electric & Power Co,PJM,PJM,PJM,no
51690,VA,Martinsville City,2023,1,City of Martinsville - (VA),PJM,PJM,PJM,no
51700,VA,Newport News City,2023,1,Virginia Electric & Power Co,PJM,PJM,PJM,no
51710,VA,Norfolk City,2023,1,Virginia Electric & Power Co,PJM,PJM,PJM,no
51720,VA,Norton City,2023,1,Kentucky Utilities Co,LGEE,Southeast (non-RTO),Southeast (non-RTO),no
51730,VA,Petersburg City,2023,1,Virginia Electric & Power Co,PJM,PJM,PJM,no
51735,VA,Poquoson City,2023,1,Virginia Electric & Power Co,PJM,PJM,PJM,no
51740,VA,Portsmouth City,2023,1,Virginia Electric & Power Co,PJM,PJM,PJM,no
51750,VA,Radford City,2023,1,City of Radford - (VA),PJM,PJM,PJM,no
51760,VA,Richmond,2023,2,"Northern Neck Elec Coop, Inc; Virginia Electric & Power Co",PJM,PJM,PJM,no
51770,VA,Roanoke,2023,3,Appalachian Power Co; City of Salem - (VA); Craig-Botetourt Electric Coop,PJM,PJM,PJM,no
51775,VA,Salem City,2023,1,City of Salem - (VA),PJM,PJM,PJM,no
51790,VA,Staunton City,2023,1,Virginia Electric & Power Co,PJM,PJM,PJM,no
51800,VA,Suffolk City,2023,3,City of Franklin - (VA); Community Electric Coop; Virginia Electric & Power Co,PJM,PJM,PJM,no
51810,VA,Virginia Beach City,2023,1,Virginia Electric & Power Co,PJM,PJM,PJM,no
51820,VA,Waynesboro City,2023,1,Virginia Electric & Power Co,PJM,PJM,PJM,no
51830,VA,Williamsburg City,2023,1,Virginia Electric & Power Co,PJM,PJM,PJM,no
51840,VA,Winchester City,2023,1,Shenandoah Valley Elec Coop,PJM,PJM,PJM,no
53001,WA,Adams,2023,5,"Avista Corp; Big Bend Electric Coop, Inc; Bonneville Power Administration; Inland Power & Light Company; PUD No 2 of Grant County",BPAT; GCPD; AVA,West (non-RTO),West (non-RTO),no
53003,WA,Asotin,2023,4,Avista Corp; Clearwater Power Company; Inland Power & Light Company; PUD No 1 of Asotin County,AVA; BPAT,West (non-RTO),West (non-RTO),no
53005,WA,Benton,2023,6,Benton Rural Electric Assn; Bonneville Power Administration; City of Richland - (WA); PUD No 1 of Benton County; PUD No 1 of Klickitat County; PacifiCorp,BPAT; PACW,West (non-RTO),West (non-RTO),no
53007,WA,Chelan,2023,2,Bonneville Power Administration; PUD No 1 of Chelan County,BPAT; CHPD,West (non-RTO),West (non-RTO),no
53009,WA,Clallam,2023,3,Bonneville Power Administration; City of Port Angeles - (WA); PUD No 1 of Clallam County,BPAT,West (non-RTO),West (non-RTO),no
53011,WA,Clark,2023,2,Bonneville Power Administration; PUD No 1 of Clark County - (WA),BPAT,West (non-RTO),West (non-RTO),no
53013,WA,Columbia,2023,3,"Columbia Rural Elec Assn, Inc; Inland Power & Light Company; PacifiCorp",BPAT; PACW,West (non-RTO),West (non-RTO),no
53015,WA,Cowlitz,2023,4,Bonneville Power Administration; PUD No 1 of Cowlitz County; PUD No 1 of Lewis County; PacifiCorp,BPAT; PACW,West (non-RTO),West (non-RTO),no
53017,WA,Douglas,2023,5,"Bonneville Power Administration; City of Coulee Dam - (WA); Nespelem Valley Elec Coop, Inc; PUD No 1 of Douglas County; PUD No 2 of Grant County",BPAT; DOPD; GCPD,West (non-RTO),West (non-RTO),no
53019,WA,Ferry,2023,4,"Avista Corp; Bonneville Power Administration; Nespelem Valley Elec Coop, Inc; PUD No 1 of Ferry County",BPAT; AVA,West (non-RTO),West (non-RTO),no
53021,WA,Franklin,2023,4,"Big Bend Electric Coop, Inc; Bonneville Power Administration; Inland Power & Light Company; PUD No 1 of Franklin County",BPAT,West (non-RTO),West (non-RTO),no
53023,WA,Garfield,2023,3,Clearwater Power Company; Inland Power & Light Company; PacifiCorp,AVA; BPAT; PACW,West (non-RTO),West (non-RTO),no
53025,WA,Grant,2023,5,"Avista Corp; Big Bend Electric Coop, Inc; Bonneville Power Administration; City of Coulee Dam - (WA); PUD No 2 of Grant County",BPAT; GCPD; AVA,West (non-RTO),West (non-RTO),no
53027,WA,Grays Harbor,2023,6,Bonneville Power Administration; City of McCleary - (WA); PUD No 1 of Grays Harbor County; PUD No 1 of Lewis County; PUD No 2 of Pacific County; PUD No 3 of Mason County,BPAT,West (non-RTO),West (non-RTO),no
53029,WA,Island,2023,2,PUD No 1 of Snohomish County; Puget Sound Energy Inc,PSEI; BPAT,West (non-RTO),West (non-RTO),no
53031,WA,Jefferson,2023,5,Bonneville Power Administration; PUD No 1 of Clallam County; PUD No 1 of Grays Harbor County; PUD No 1 of Jefferson County; PUD No 1 of Mason County,BPAT,West (non-RTO),West (non-RTO),no
53033,WA,King,2023,7,Bonneville Power Administration; City of Milton - (WA); City of Seattle - (WA); City of Tacoma - (WA); PUD No 1 of Chelan County; Puget Sound Energy Inc; Tanner Electric Coop,BPAT; CHPD; PSEI; SCL; TPWR,West (non-RTO),West (non-RTO),no
53035,WA,Kitsap,2023,4,Bonneville Power Administration; PUD No 3 of Mason County; Peninsula Light Company; Puget Sound Energy Inc,BPAT; PSEI,West (non-RTO),West (non-RTO),no
53037,WA,Kittitas,2023,6,Bonneville Power Administration; City of Ellensburg - (WA); PUD No 1 of Chelan County; PUD No 1 of Kittitas County; PUD No 2 of Grant County; Puget Sound Energy Inc,BPAT; CHPD; GCPD; PSEI,West (non-RTO),West (non-RTO),no
53039,WA,Klickitat,2023,3,Bonneville Power Administration; PUD No 1 of Klickitat County; Yakama Power,BPAT,West (non-RTO),West (non-RTO),no
53041,WA,Lewis,2023,6,Benton Rural Electric Assn; Bonneville Power Administration; City of Centralia - (WA); City of Tacoma - (WA); PUD No 1 of Grays Harbor County; PUD No 1 of Lewis County,BPAT; TPWR,West (non-RTO),West (non-RTO),no
53043,WA,Lincoln,2023,5,"Avista Corp; Big Bend Electric Coop, Inc; Bonneville Power Administration; Inland Power & Light Company; PUD No 2 of Grant County",BPAT; GCPD; AVA,West (non-RTO),West (non-RTO),no
53045,WA,Mason,2023,3,City of Tacoma - (WA); PUD No 1 of Mason County; PUD No 3 of Mason County,BPAT; TPWR,West (non-RTO),West (non-RTO),no
53047,WA,Okanogan,2023,7,"Bonneville Power Administration; City of Coulee Dam - (WA); Nespelem Valley Elec Coop, Inc; Okanogan County Elec Coop, Inc; PUD No 1 of Chelan County; PUD No 1 of Ferry County; PUD No 1 of Okanogan County",BPAT; CHPD; DOPD,West (non-RTO),West (non-RTO),no
53049,WA,Pacific,2023,4,Bonneville Power Administration; PUD No 1 of Grays Harbor County; PUD No 1 of Lewis County; PUD No 2 of Pacific County,BPAT,West (non-RTO),West (non-RTO),no
53051,WA,Pend Oreille,2023,4,"Avista Corp; Bonneville Power Administration; Northern Lights, Inc; PUD No 1 of Pend Oreille County",BPAT; AVA,West (non-RTO),West (non-RTO),no
53053,WA,Pierce,2023,15,"Bonneville Power Administration; City of Milton - (WA); City of Tacoma - (WA); Elmhurst Mutual Power & Light Co; Lakeview Light & Power; Ohop Mutual Light Company, Inc; PUD No 1 of Lewis County; PUD No 3 of Mason County",BPAT; TPWR; PSEI,West (non-RTO),West (non-RTO),no
53055,WA,San Juan,2023,1,Orcas Power & Light Coop,BPAT,West (non-RTO),West (non-RTO),no
53057,WA,Skagit,2023,2,Bonneville Power Administration; Puget Sound Energy Inc,BPAT; PSEI,West (non-RTO),West (non-RTO),no
53059,WA,Skamania,2023,2,PUD No 1 of Klickitat County; PUD No 1 of Skamania Co,BPAT,West (non-RTO),West (non-RTO),no
53061,WA,Snohomish,2023,2,Bonneville Power Administration; PUD No 1 of Snohomish County,BPAT,West (non-RTO),West (non-RTO),no
53063,WA,Spokane,2023,7,Avista Corp; Bonneville Power Administration; City of Cheney - (WA); Inland Power & Light Company; Kootenai Electric Cooperative; Modern Electric Water Company; Vera Irrigation District #15,AVA; BPAT,West (non-RTO),West (non-RTO),no
53065,WA,Stevens,2023,4,Avista Corp; Bonneville Power Administration; City of Chewelah; Inland Power & Light Company,BPAT; AVA,West (non-RTO),West (non-RTO),no
53067,WA,Thurston,2023,5,Bonneville Power Administration; PUD No 1 of Grays Harbor County; PUD No 1 of Lewis County; Puget Sound Energy Inc; Tanner Electric Coop,BPAT; PSEI,West (non-RTO),West (non-RTO),no
53069,WA,Wahkiakum,2023,2,PUD No 1 of Wahkiakum County; PUD No 2 of Pacific County,BPAT,West (non-RTO),West (non-RTO),no
53071,WA,Walla Walla,2023,4,"Bonneville Power Administration; Columbia Rural Elec Assn, Inc; Inland Power & Light Company; PacifiCorp",BPAT; PACW,West (non-RTO),West (non-RTO),no
53073,WA,Whatcom,2023,5,Bonneville Power Administration; City of Blaine - (WA); City of Sumas - (WA); PUD No 1 of Whatcom County; Puget Sound Energy Inc,PSEI; BPAT,West (non-RTO),West (non-RTO),no
53075,WA,Whitman,2023,4,"Avista Corp; Big Bend Electric Coop, Inc; Clearwater Power Company; Inland Power & Light Company",BPAT; AVA,West (non-RTO),West (non-RTO),no
53077,WA,Yakima,2023,5,Benton Rural Electric Assn; Bonneville Power Administration; PUD No 1 of Klickitat County; PacifiCorp; Yakama Power,BPAT; PACW,West (non-RTO),West (non-RTO),no
54001,WV,Barbour,2023,3,"Harrison Rural Elec Assn, Inc; Monongahela Power Co; Philippi Municipal Electric",PJM,PJM,PJM,no
54003,WV,Berkeley,2023,1,The Potomac Edison Company,PJM,PJM,PJM,no
54005,WV,Boone,2023,1,Appalachian Power Co,PJM,PJM,PJM,no
54007,WV,Braxton,2023,1,Monongahela Power Co,PJM,PJM,PJM,no
54009,WV,Brooke,2023,2,Monongahela Power Co; Wheeling Power Co,PJM,PJM,PJM,no
54011,WV,Cabell,2023,1,Appalachian Power Co,PJM,PJM,PJM,no
54013,WV,Calhoun,2023,1,Monongahela Power Co,PJM,PJM,PJM,no
54015,WV,Clay,2023,3,Appalachian Power Co; Black Diamond Power Co; Monongahela Power Co,PJM,PJM,PJM,no
54017,WV,Doddridge,2023,2,"Harrison Rural Elec Assn, Inc; Monongahela Power Co",PJM,PJM,PJM,no
54019,WV,Fayette,2023,1,Appalachian Power Co,PJM,PJM,PJM,no
54021,WV,Gilmer,2023,1,Monongahela Power Co,PJM,PJM,PJM,no
54023,WV,Grant,2023,2,Monongahela Power Co; The Potomac Edison Company,PJM,PJM,PJM,no
54025,WV,Greenbrier,2023,2,Appalachian Power Co; Monongahela Power Co,PJM,PJM,PJM,no
54027,WV,Hampshire,2023,1,The Potomac Edison Company,PJM,PJM,PJM,no
54029,WV,Hancock,2023,1,Monongahela Power Co,PJM,PJM,PJM,no
54031,WV,Hardy,2023,1,The Potomac Edison Company,PJM,PJM,PJM,no
54033,WV,Harrison,2023,2,"Harrison Rural Elec Assn, Inc; Monongahela Power Co",PJM,PJM,PJM,no
54035,WV,Jackson,2023,2,Appalachian Power Co; Monongahela Power Co,PJM,PJM,PJM,no
54037,WV,Jefferson,2023,1,The Potomac Edison Company,PJM,PJM,PJM,no
54039,WV,Kanawha,2023,2,Appalachian Power Co; Black Diamond Power Co,PJM,PJM,PJM,no
54041,WV,Lewis,2023,2,"Harrison Rural Elec Assn, Inc; Monongahela Power Co",PJM,PJM,PJM,no
54043,WV,Lincoln,2023,1,Appalachian Power Co,PJM,PJM,PJM,no
54045,WV,Logan,2023,1,Appalachian Power Co,PJM,PJM,PJM,no
54047,WV,McDowell,2023,1,Appalachian Power Co,PJM,PJM,PJM,no
54049,WV,Marion,2023,2,"Harrison Rural Elec Assn, Inc; Monongahela Power Co",PJM,PJM,PJM,no
54051,WV,Marshall,2023,1,Wheeling Power Co,PJM,PJM,PJM,no
54053,WV,Mason,2023,1,Appalachian Power Co,PJM,PJM,PJM,no
54055,WV,Mercer,2023,1,Appalachian Power Co,PJM,PJM,PJM,no
54057,WV,Mineral,2023,2,Monongahela Power Co; The Potomac Edison Company,PJM,PJM,PJM,no
54059,WV,Mingo,2023,1,Appalachian Power Co,PJM,PJM,PJM,no
54061,WV,Monongalia,2023,1,Monongahela Power Co,PJM,PJM,PJM,no
54063,WV,Monroe,2023,3,Appalachian Power Co; Craig-Botetourt Electric Coop; Monongahela Power Co,PJM,PJM,PJM,no
54065,WV,Morgan,2023,1,The Potomac Edison Company,PJM,PJM,PJM,no
54067,WV,Nicholas,2023,2,Appalachian Power Co; Monongahela Power Co,PJM,PJM,PJM,no
54069,WV,Ohio,2023,1,Wheeling Power Co,PJM,PJM,PJM,no
54071,WV,Pendleton,2023,2,Monongahela Power Co; The Potomac Edison Company,PJM,PJM,PJM,no
54073,WV,Pleasants,2023,1,Monongahela Power Co,PJM,PJM,PJM,no
54075,WV,Pocahontas,2023,1,Monongahela Power Co,PJM,PJM,PJM,no
54077,WV,Preston,2023,1,Monongahela Power Co,PJM,PJM,PJM,no
54079,WV,Putnam,2023,1,Appalachian Power Co,PJM,PJM,PJM,no
54081,WV,Raleigh,2023,2,Appalachian Power Co; Black Diamond Power Co,PJM,PJM,PJM,no
54083,WV,Randolph,2023,1,Monongahela Power Co,PJM,PJM,PJM,no
54085,WV,Ritchie,2023,1,Monongahela Power Co,PJM,PJM,PJM,no
54087,WV,Roane,2023,2,Appalachian Power Co; Monongahela Power Co,PJM,PJM,PJM,no
54089,WV,Summers,2023,2,Appalachian Power Co; Monongahela Power Co,PJM,PJM,PJM,no
54091,WV,Taylor,2023,2,"Harrison Rural Elec Assn, Inc; Monongahela Power Co",PJM,PJM,PJM,no
54093,WV,Tucker,2023,1,Monongahela Power Co,PJM,PJM,PJM,no
54095,WV,Tyler,2023,1,Monongahela Power Co,PJM,PJM,PJM,no
54097,WV,Upshur,2023,2,"Harrison Rural Elec Assn, Inc; Monongahela Power Co",PJM,PJM,PJM,no
54099,WV,Wayne,2023,1,Appalachian Power Co,PJM,PJM,PJM,no
54101,WV,Webster,2023,1,Monongahela Power Co,PJM,PJM,PJM,no
54103,WV,Wetzel,2023,3,City of New Martinsville - (WV); Monongahela Power Co; Wheeling Power Co,PJM,PJM,PJM,no
54105,WV,Wirt,2023,1,Monongahela Power Co,PJM,PJM,PJM,no
54107,WV,Wood,2023,1,Monongahela Power Co,PJM,PJM,PJM,no
54109,WV,Wyoming,2023,2,Appalachian Power Co; Black Diamond Power Co,PJM,PJM,PJM,no
55001,WI,Adams,2023,4,Adams-Columbia Electric Coop; Pioneer Power and Light Co; Wisconsin Dells Electric Util; Wisconsin Power & Light Co,MISO,MISO,MISO,no
55003,WI,Ashland,2023,4,"Bayfield Electric Coop, Inc; North Central Power Co Inc; Northern States Power Co; Price Electric Coop Inc",MISO,MISO,MISO,no
55005,WI,Barron,2023,10,Barron Electric Coop; Chippewa Valley Electric Coop; City of Barron - (WI); City of Cumberland - (WI); Dunn County Electric Coop; Jump River Electric Coop Inc; North Central Power Co Inc; Northern States Power Co,MISO,MISO,MISO,no
55007,WI,Bayfield,2023,3,"Bayfield Electric Coop, Inc; Dahlberg Light & Power Co; Northern States Power Co",MISO,MISO,MISO,no
55009,WI,Brown,2023,2,Wisconsin Electric Power Co; Wisconsin Public Service Corp,MISO,MISO,MISO,no
55011,WI,Buffalo,2023,4,Eau Claire Electric Coop; Northern States Power Co; Pierce-Pepin Coop Services; Riverland Energy Cooperative,MISO,MISO,MISO,no
55013,WI,Burnett,2023,4,Barron Electric Coop; East Central Energy; Northwestern Wisconsin Elec Co; Polk-Burnett Electric Coop,MISO,MISO,MISO,no
55015,WI,Calumet,2023,4,City of Menasha - (WI); City of New Holstein - (WI); Wisconsin Electric Power Co; Wisconsin Public Service Corp,MISO,MISO,MISO,no
55017,WI,Chippewa,2023,10,Barron Electric Coop; Bloomer Electric & Water Co; Chippewa Valley Electric Coop; City of Cornell; Clark Electric Coop - (WI); Dunn County Electric Coop; Eau Claire Electric Coop; Jump River Electric Coop Inc,MISO,MISO,MISO,no
55019,WI,Clark,2023,6,"City of Marshfield - (WI); Clark Electric Coop - (WI); Eau Claire Electric Coop; Jackson Electric Coop, Inc - (WI); Northern States Power Co; Taylor Electric Coop - (WI)",MISO,MISO,MISO,no
55021,WI,Columbia,2023,7,Adams-Columbia Electric Coop; City of Columbus - (WI); City of Lodi - (WI); Village of Pardeeville - (WI); Wisconsin Dells Electric Util; Wisconsin Electric Power Co; Wisconsin Power & Light Co,MISO,MISO,MISO,no
55023,WI,Crawford,2023,4,Northern States Power Co; Richland Electric Coop; Scenic Rivers Energy Coop; Vernon Electric Coop,MISO,MISO,MISO,no
55025,WI,Dane,2023,11,Adams-Columbia Electric Coop; City of Stoughton - (WI); Madison Gas & Electric Co; Rock Energy Cooperative; Sun Prairie Utilities; Village of Black Earth - (WI); Village of Mazomanie - (WI); Village of Mt. Horeb - (WI),MISO,MISO,MISO,no
55027,WI,Dodge,2023,8,Adams-Columbia Electric Coop; City of Columbus - (WI); Hartford Electric; Hustisford Utilities; Juneau Utility Comm; Waupun Utilities; Wisconsin Electric Power Co; Wisconsin Power & Light Co,MISO,MISO,MISO,no
55029,WI,Door,2023,3,"City of Sturgeon Bay - (WI); Washington Island El Coop, Inc; Wisconsin Public Service Corp",MISO,MISO,MISO,no
55031,WI,Douglas,2023,4,"Bayfield Electric Coop, Inc; Dahlberg Light & Power Co; East Central Energy; Superior Water and Light Co",MISO,MISO,MISO,no
55033,WI,Dunn,2023,7,Barron Electric Coop; Chippewa Valley Electric Coop; Dunn County Electric Coop; Eau Claire Electric Coop; Northern States Power Co; Polk-Burnett Electric Coop; St Croix Electric Coop,MISO,MISO,MISO,no
55035,WI,Eau Claire,2023,4,"Eau Claire Electric Coop; Jackson Electric Coop, Inc - (WI); Northern States Power Co; Riverland Energy Cooperative",MISO,MISO,MISO,no
55037,WI,Florence,2023,3,Florence Utility Comm; Wisconsin Electric Power Co; Wisconsin Public Service Corp,MISO,MISO,MISO,no
55039,WI,Fond Du Lac,2023,5,City of Plymouth - (WI); Waupun Utilities; Wisconsin Electric Power Co; Wisconsin Power & Light Co; Wisconsin Public Service Corp,MISO,MISO,MISO,no
55041,WI,Forest,2023,2,Wisconsin Electric Power Co; Wisconsin Public Service Corp,MISO,MISO,MISO,no
55043,WI,Grant,2023,8,City of Boscobel - (WI); City of Cuba City; City of Fennimore - (WI); Scenic Rivers Energy Coop; Village of Hazel Green - (WI); Village of Muscoda - (WI); Wisconsin Electric Power Co; Wisconsin Power & Light Co,MISO,MISO,MISO,no
55045,WI,Green,2023,6,Brodhead Water & Lighting Comm; City of Evansville; Rock Energy Cooperative; Scenic Rivers Energy Coop; Village of New Glarus - (WI); Wisconsin Power & Light Co,MISO,MISO,MISO,no
55047,WI,Green Lake,2023,3,Adams-Columbia Electric Coop; City of Princeton - (WI); Wisconsin Power & Light Co,MISO,MISO,MISO,no
55049,WI,Iowa,2023,4,Scenic Rivers Energy Coop; Village of Black Earth - (WI); Village of Muscoda - (WI); Wisconsin Power & Light Co,MISO,MISO,MISO,no
55051,WI,Iron,2023,4,"Bayfield Electric Coop, Inc; Northern States Power Co; Price Electric Coop Inc; Wisconsin Public Service Corp",MISO,MISO,MISO,no
55053,WI,Jackson,2023,8,"City of Black River Falls; Clark Electric Coop - (WI); Eau Claire Electric Coop; Jackson Electric Coop, Inc - (WI); Northern States Power Co; Oakdale Electric Coop; Riverland Energy Cooperative; Village of Merrillan - (WI)",MISO,MISO,MISO,no
55055,WI,Jefferson,2023,6,Adams-Columbia Electric Coop; Jefferson Utilities; Lake Mills Light & Water; Waterloo Light & Water Comm; Wisconsin Electric Power Co; Wisconsin Power & Light Co,MISO,MISO,MISO,no
55057,WI,Juneau,2023,6,City of Elroy - (WI); City of New Lisbon; Oakdale Electric Coop; Vernon Electric Coop; Wisconsin Power & Light Co; Wonewoc Electric & Water Util,MISO,MISO,MISO,no
55059,WI,Kenosha,2023,1,Wisconsin Electric Power Co,MISO,MISO,MISO,no
55061,WI,Kewaunee,2023,2,Algoma Utility Comm; Wisconsin Public Service Corp,MISO,MISO,MISO,no
55063,WI,La Crosse,2023,5,"Jackson Electric Coop, Inc - (WI); Northern States Power Co; Riverland Energy Cooperative; Vernon Electric Coop; Village of Bangor - (WI)",MISO,MISO,MISO,no
55065,WI,Lafayette,2023,8,City of Argyle - (WI); City of Cuba City; City of Shullsburg - (WI); Scenic Rivers Energy Coop; Village of Belmont - (WI); Village of Benton - (WI); Village of Hazel Green - (WI); Wisconsin Power & Light Co,MISO,MISO,MISO,no
55067,WI,Langlade,2023,1,Wisconsin Public Service Corp,MISO,MISO,MISO,no
55069,WI,Lincoln,2023,4,Northern States Power Co; Price Electric Coop Inc; Taylor Electric Coop - (WI); Wisconsin Public Service Corp,MISO,MISO,MISO,no
55071,WI,Manitowoc,2023,5,City of Kiel - (WI); Manitowoc Public Utilities; Two Rivers Water & Light; Wisconsin Electric Power Co; Wisconsin Public Service Corp,MISO,MISO,MISO,no
55073,WI,Marathon,2023,7,Central Wisconsin Elec Coop; City of Marshfield - (WI); Clark Electric Coop - (WI); Northern States Power Co; Taylor Electric Coop - (WI); Village of Stratford - (WI); Wisconsin Public Service Corp,MISO,MISO,MISO,no
55075,WI,Marinette,2023,3,Oconto Electric Cooperative; Wisconsin Electric Power Co; Wisconsin Public Service Corp,MISO,MISO,MISO,no
55077,WI,Marquette,2023,4,Adams-Columbia Electric Coop; Pioneer Power and Light Co; Westfield Electric Company; Wisconsin Power & Light Co,MISO,MISO,MISO,no
55078,WI,Menominee,2023,1,Oconto Electric Cooperative,MISO,MISO,MISO,no
55079,WI,Milwaukee,2023,1,Wisconsin Electric Power Co,MISO,MISO,MISO,no
55081,WI,Monroe,2023,7,"Jackson Electric Coop, Inc - (WI); Northern States Power Co; Oakdale Electric Coop; Vernon Electric Coop; Village of Bangor - (WI); Village of Cashton - (WI); Wisconsin Power & Light Co",MISO,MISO,MISO,no
55083,WI,Oconto,2023,4,Oconto Electric Cooperative; Oconto Falls Water & Light Comm; Wisconsin Electric Power Co; Wisconsin Public Service Corp,MISO,MISO,MISO,no
55085,WI,Oneida,2023,3,Northern States Power Co; Price Electric Coop Inc; Wisconsin Public Service Corp,MISO,MISO,MISO,no
55087,WI,Outagamie,2023,4,City of Kaukauna; New London Electric&Water Util; Wisconsin Electric Power Co; Wisconsin Public Service Corp,MISO,MISO,MISO,no
55089,WI,Ozaukee,2023,2,Cedarburg Light & Water Comm; Wisconsin Electric Power Co,MISO,MISO,MISO,no
55091,WI,Pepin,2023,5,Dunn County Electric Coop; Eau Claire Electric Coop; Northern States Power Co; Pierce-Pepin Coop Services; Riverland Energy Cooperative,MISO,MISO,MISO,no
55093,WI,Pierce,2023,5,City of River Falls; Dunn County Electric Coop; Northern States Power Co; Pierce-Pepin Coop Services; St Croix Electric Coop,MISO,MISO,MISO,no
55095,WI,Polk,2023,5,Barron Electric Coop; Northern States Power Co; Northwestern Wisconsin Elec Co; Polk-Burnett Electric Coop; St Croix Electric Coop,MISO,MISO,MISO,no
55097,WI,Portage,2023,6,Adams-Columbia Electric Coop; Central Wisconsin Elec Coop; Consolidated Water Power Co; Wisconsin Power & Light Co; Wisconsin Public Service Corp; Wisconsin Rapids W W & L Comm,MISO,MISO,MISO,no
55099,WI,Price,2023,3,Jump River Electric Coop Inc; Northern States Power Co; Price Electric Coop Inc,MISO,MISO,MISO,no
55101,WI,Racine,2023,1,Wisconsin Electric Power Co,MISO,MISO,MISO,no
55103,WI,Richland,2023,7,City of Richland Center - (WI); Richland Electric Coop; Scenic Rivers Energy Coop; Vernon Electric Coop; Village of Muscoda - (WI); Village of Viola - (WI); Wisconsin Power & Light Co,MISO,MISO,MISO,no
55105,WI,Rock,2023,6,Brodhead Water & Lighting Comm; City of Evansville; City of Stoughton - (WI); Rock Energy Cooperative; Wisconsin Electric Power Co; Wisconsin Power & Light Co,MISO,MISO,MISO,no
55107,WI,Rusk,2023,6,Barron Electric Coop; Chippewa Valley Electric Coop; Jump River Electric Coop Inc; North Central Power Co Inc; Northern States Power Co; Price Electric Coop Inc,MISO,MISO,MISO,no
55109,WI,St. Croix,2023,7,City of New Richmond; City of River Falls; Dunn County Electric Coop; Northern States Power Co; Pierce-Pepin Coop Services; Polk-Burnett Electric Coop; St Croix Electric Coop,MISO,MISO,MISO,no
55111,WI,Sauk,2023,9,Adams-Columbia Electric Coop; Oakdale Electric Coop; Reedsburg Utility Comm; Richland Electric Coop; Vernon Electric Coop; Village of Prairie Du Sac - (WI); Village of Sauk City - (WI); Wisconsin Dells Electric Util,MISO,MISO,MISO,no
55113,WI,Sawyer,2023,6,"Barron Electric Coop; Bayfield Electric Coop, Inc; Jump River Electric Coop Inc; North Central Power Co Inc; Northern States Power Co; Price Electric Coop Inc",MISO,MISO,MISO,no
55115,WI,Shawano,2023,8,Badger Power Marketing Authority; Central Wisconsin Elec Coop; Oconto Electric Cooperative; Shawano Municipal Utilities; Village of Gresham - (WI); Wisconsin Electric Power Co; Wisconsin Power & Light Co; Wisconsin Public Service Corp,MISO,MISO,MISO,no
55117,WI,Sheboygan,2023,3,City of Plymouth - (WI); City of Sheboygan Falls - (WI); Wisconsin Electric Power Co,MISO,MISO,MISO,no
55119,WI,Taylor,2023,7,Chippewa Valley Electric Coop; City of Medford - (WI); Clark Electric Coop - (WI); Jump River Electric Coop Inc; Northern States Power Co; Price Electric Coop Inc; Taylor Electric Coop - (WI),MISO,MISO,MISO,no
55121,WI,Trempealeau,2023,7,"City of Arcadia - (WI); Eau Claire Electric Coop; Jackson Electric Coop, Inc - (WI); Northern States Power Co; Riverland Energy Cooperative; Village of Trempealeau - (WI); Whitehall Electric Utility",MISO,MISO,MISO,no
55123,WI,Vernon,2023,8,City of Westby; La Farge Municipal Electric Co; Northern States Power Co; Richland Electric Coop; Scenic Rivers Energy Coop; Vernon Electric Coop; Village of Viola - (WI); Wisconsin Power & Light Co,MISO,MISO,MISO,no
55125,WI,Vilas,2023,6,"Bayfield Electric Coop, Inc; City of Eagle River - (WI); Northern States Power Co; Price Electric Coop Inc; Wisconsin Electric Power Co; Wisconsin Public Service Corp",MISO,MISO,MISO,no
55127,WI,Walworth,2023,3,City of Elkhorn - (WI); Rock Energy Cooperative; Wisconsin Electric Power Co,MISO,MISO,MISO,no
55129,WI,Washburn,2023,7,Barron Electric Coop; City of Spooner - (WI); Dahlberg Light & Power Co; East Central Energy; North Central Power Co Inc; Northern States Power Co; Polk-Burnett Electric Coop,MISO,MISO,MISO,no
55131,WI,Washington,2023,3,Hartford Electric; Slinger Utilities; Wisconsin Electric Power Co,MISO,MISO,MISO,no
55133,WI,Waukesha,2023,2,Oconomowoc Utilities; Wisconsin Electric Power Co,MISO,MISO,MISO,no
55135,WI,Waupaca,2023,7,Adams-Columbia Electric Coop; Central Wisconsin Elec Coop; City of Clintonville - (WI); New London Electric&Water Util; Wisconsin Electric Power Co; Wisconsin Power & Light Co; Wisconsin Public Service Corp,MISO,MISO,MISO,no
55137,WI,Waushara,2023,5,Adams-Columbia Electric Coop; Pioneer Power and Light Co; Wisconsin Electric Power Co; Wisconsin Power & Light Co; Wisconsin Public Service Corp,MISO,MISO,MISO,no
55139,WI,Winnebago,2023,4,City of Menasha - (WI); Wisconsin Electric Power Co; Wisconsin Power & Light Co; Wisconsin Public Service Corp,MISO,MISO,MISO,no
55141,WI,Wood,2023,6,Adams-Columbia Electric Coop; City of Marshfield - (WI); Clark Electric Coop - (WI); Consolidated Water Power Co; Oakdale Electric Coop; Wisconsin Rapids W W & L Comm,MISO,MISO,MISO,no
56001,WY,Albany,2023,6,"Carbon Power & Light, Inc; Cheyenne Light Fuel & Power; High West Energy, Inc; PacifiCorp; WAPA-- Western Area Power Administration; Wheatland Rural Elec Assn, Inc",WACM; PACE,West (non-RTO),West (non-RTO),no
56003,WY,Big Horn,2023,7,Big Horn Rural Electric Co; City of Deaver - (WY); Garland Light & Power Company; High Plains Power Inc; PacifiCorp; Town of Basin - (WY); WAPA-- Western Area Power Administration,WACM; PACE,West (non-RTO),West (non-RTO),no
56005,WY,Campbell,2023,3,"Black Hills Power, Inc.; City of Gillette - (WY); Powder River Energy Corp",WACM; WAUW,West (non-RTO),West (non-RTO),no
56007,WY,Carbon,2023,5,"Carbon Power & Light, Inc; High Plains Power Inc; PacifiCorp; WAPA-- Western Area Power Administration; Yampa Valley Electric Assn Inc",WACM; PACE; PSCO,West (non-RTO),West (non-RTO),no
56009,WY,Converse,2023,3,"Niobrara Electric Assn, Inc; PacifiCorp; WAPA-- Western Area Power Administration",WACM; PACE,West (non-RTO),West (non-RTO),no
56011,WY,Crook,2023,4,"Black Hills Power, Inc.; City of Gillette - (WY); Powder River Energy Corp; Southeast Electric Coop, Inc",WAUW; WACM,West (non-RTO),West (non-RTO),no
56013,WY,Fremont,2023,4,High Plains Power Inc; Midvale Irrigation District; PacifiCorp; WAPA-- Western Area Power Administration,WACM; PACE,West (non-RTO),West (non-RTO),no
56015,WY,Goshen,2023,7,"City of Torrington - (WY); Niobrara Electric Assn, Inc; Town of Fort Laramie- (WY); Town of Lingle - (WY); WAPA-- Western Area Power Administration; Wheatland Rural Elec Assn, Inc; Wyrulec Company",WACM,West (non-RTO),West (non-RTO),no
56017,WY,Hot Springs,2023,3,High Plains Power Inc; PacifiCorp; WAPA-- Western Area Power Administration,WACM; PACE,West (non-RTO),West (non-RTO),no
56019,WY,Johnson,2023,5,Big Horn Rural Electric Co; High Plains Power Inc; Montana-Dakota Utilities Co; PacifiCorp; Powder River Energy Corp,WACM; PACE,West (non-RTO),West (non-RTO),no
56021,WY,Laramie,2023,6,"Cheyenne Light Fuel & Power; City of Pine Bluffs - (WY); High West Energy, Inc; WAPA-- Western Area Power Administration; Wheatland Rural Elec Assn, Inc; Wyrulec Company",WACM,West (non-RTO),West (non-RTO),no
56023,WY,Lincoln,2023,4,"Bridger Valley Elec Assn, Inc; Lower Valley Energy Inc; PacifiCorp; WAPA-- Western Area Power Administration",WACM; BPAT; PACE,West (non-RTO),West (non-RTO),no
56025,WY,Natrona,2023,3,High Plains Power Inc; PacifiCorp; WAPA-- Western Area Power Administration,WACM; PACE,West (non-RTO),West (non-RTO),no
56027,WY,Niobrara,2023,3,"Niobrara Electric Assn, Inc; Town of Lusk - (WY); WAPA-- Western Area Power Administration",WACM,West (non-RTO),West (non-RTO),no
56029,WY,Park,2023,10,"Beartooth Electric Coop, Inc; Big Horn Rural Electric Co; City of Cody; City of Powell - (WY); Garland Light & Power Company; High Plains Power Inc; NorthWestern Energy LLC - (MT); PacifiCorp",WACM; NWMT; PACE,West (non-RTO),West (non-RTO),no
56031,WY,Platte,2023,7,"Niobrara Electric Assn, Inc; PacifiCorp; Town of Guernsey - (WY); Town of Wheatland - (WY); WAPA-- Western Area Power Administration; Wheatland Rural Elec Assn, Inc; Wyrulec Company",WACM; PACE,West (non-RTO),West (non-RTO),no
56033,WY,Sheridan,2023,4,"Big Horn County Elec Coop, Inc; Big Horn Rural Electric Co; Montana-Dakota Utilities Co; Powder River Energy Corp",WACM; NWMT,West (non-RTO),West (non-RTO),no
56035,WY,Sublette,2023,2,Lower Valley Energy Inc; PacifiCorp,BPAT; PACE,West (non-RTO),West (non-RTO),no
56037,WY,Sweetwater,2023,3,"Bridger Valley Elec Assn, Inc; PacifiCorp; WAPA-- Western Area Power Administration",WACM; PACE,West (non-RTO),West (non-RTO),no
56039,WY,Teton,2023,4,Fall River Rural Elec Coop Inc; High Plains Power Inc; Lower Valley Energy Inc; NorthWestern Energy LLC - (MT),BPAT; WACM; NWMT,West (non-RTO),West (non-RTO),no
56041,WY,Uinta,2023,2,"Bridger Valley Elec Assn, Inc; PacifiCorp",WACM; PACE,West (non-RTO),West (non-RTO),no
56043,WY,Washakie,2023,4,Big Horn Rural Electric Co; High Plains Power Inc; PacifiCorp; WAPA-- Western Area Power Administration,WACM; PACE,West (non-RTO),West (non-RTO),no
56045,WY,Weston,2023,3,"Black Hills Power, Inc.; Niobrara Electric Assn, Inc; Powder River Energy Corp",WACM,West (non-RTO),West (non-RTO),no
