state,county,search_term,case_name,court,date_filed,docket_number,docket_url
,Beaver,tax increment,Sears Holdings Corporation,Bankr. S.D.N.Y.,2018-10-15,18-23538,https://www.courtlistener.com/docket/8026527/sears-holdings-corporation/
,Beaver,tax increment,Citizens for a Healthy Community v. United States Bureau of Land Management,D. Colo.,2020-08-19,1:20-cv-02484,https://www.courtlistener.com/docket/17459258/citizens-for-a-healthy-community-v-united-states-bureau-of-land-management/
,Beaver,tax increment,Summit Mountain Holding Group v. Summit Village Development Lender 1,D. Utah,2021-08-04,1:21-cv-00110,https://www.courtlistener.com/docket/60111840/summit-mountain-holding-group-v-summit-village-development-lender-1/
,Beaver,tax increment,"Sun Lakes Highland, LLC v. City of Banning",C.D. Cal.,2024-12-06,5:24-cv-02603,https://www.courtlistener.com/docket/69446391/sun-lakes-highland-llc-v-city-of-banning/
,Beaver,tax increment,"Specialty Retail Shops Holding Corp. and Pamida Transportation, LLC",Bankr. D. Neb.,2019-01-16,19-80064,https://www.courtlistener.com/docket/8504728/specialty-retail-shops-holding-corp-and-pamida-transportation-llc/
,Beaver,tax increment,Walters v. Flint,E.D. Mich.,2017-01-18,5:17-cv-10164,https://www.courtlistener.com/docket/6689315/walters-v-flint/
,Beaver,tax increment,Magnetation LLC,Bankr. D. Minn.,2015-05-05,15-50307,https://www.courtlistener.com/docket/4294481/magnetation-llc/
,Beaver,tax increment,Packard Square LLC v. Canyon Partners LLC,E.D. Mich.,2019-02-07,2:19-cv-10374,https://www.courtlistener.com/docket/14541774/packard-square-llc-v-canyon-partners-llc/
,Beaver,tax increment,"MBSC Property South LLC v. Myrtle Beach South Carolina, The City of",D.S.C.,2025-03-10,4:25-cv-01475,https://www.courtlistener.com/docket/69720314/mbsc-property-south-llc-v-myrtle-beach-south-carolina-the-city-of/
,Beaver,tax increment,"City of Detroit, Michigan",Bankr. E.D. Mich.,2013-07-18,13-53846,https://www.courtlistener.com/docket/4290108/city-of-detroit-michigan/
,Beaver,tax increment,Sizmek Inc.,Bankr. S.D.N.Y.,2019-03-29,19-10971,https://www.courtlistener.com/docket/14841259/sizmek-inc/
,Beaver,tax increment,The New York Times Company v. Microsoft Corporation,S.D.N.Y.,2023-12-27,1:23-cv-11195,https://www.courtlistener.com/docket/68117049/the-new-york-times-company-v-microsoft-corporation/
,Beaver,tax increment,Thomson Reuters Enterprise Centre GmbH v. ROSS Intelligence Inc.,D. Del.,2020-05-06,1:20-cv-00613,https://www.courtlistener.com/docket/17131648/thomson-reuters-enterprise-centre-gmbh-v-ross-intelligence-inc/
,Beaver,abatement,Beidler v. United States,N.D. Ill.,2025-05-30,1:25-cv-06074,https://www.courtlistener.com/docket/70415228/beidler-v-united-states/
,Beaver,abatement,Phyllis J. Haney,Bankr. W.D. Pa.,2018-06-29,18-22636,https://www.courtlistener.com/docket/7321497/phyllis-j-haney/
,Beaver,abatement,Mallinckrodt plc,Bankr. D. Del.,2020-10-12,20-12522,https://www.courtlistener.com/docket/18527517/mallinckrodt-plc/
,Beaver,abatement,"City of Huntington, West Virginia v. AmerisourceBergen Drug Corporation",S.D.W. Va,2020-01-24,3:17-cv-01362,https://www.courtlistener.com/docket/16758858/city-of-huntington-west-virginia-v-amerisourcebergen-drug-corporation/
,Beaver,abatement,USA v. Wayne Cnty,E.D. Mich.,1987-03-18,2:87-cv-70992,https://www.courtlistener.com/docket/4293030/usa-v-wayne-cnty/
,Beaver,abatement,United States v. A & G Coal Corp.,W.D. Va.,2023-05-30,7:23-cv-00318,https://www.courtlistener.com/docket/67453714/united-states-v-a-g-coal-corp/
,Beaver,abatement,HOOKER v. United States,Fed. Cl.,2003-06-17,1:03-cv-01501,https://www.courtlistener.com/docket/4197197/hooker-v-united-states/
,Beaver,abatement,"AL HAMILTON CONTRACTING, CO. v. KEMPTHORNE",W.D. Pa.,2007-08-29,3:07-cv-00212,https://www.courtlistener.com/docket/4374869/al-hamilton-contracting-co-v-kempthorne/
,Beaver,abatement,"COMMONWEALTH OF PENNSYLVANIA, DEPARTMENT OF ENVIROMENTAL PROTECTION v. ONE BREWERY PLACE, INC.",W.D. Pa.,2023-05-25,2:23-cv-00873,https://www.courtlistener.com/docket/67424553/commonwealth-of-pennsylvania-department-of-enviromental-protection-v-one/
,Beaver,abatement,"Bank of America, N.A. v. Westtrop Association",D. Nev.,2016-06-21,2:16-cv-01451,https://www.courtlistener.com/docket/6114223/bank-of-america-na-v-westtrop-association/
,Beaver,abatement,"GILL v. COMPREHENSIVE HEALTHCARE MANAGEMENT SERVICES, LLC",W.D. Pa.,2020-11-12,2:20-cv-01754,https://www.courtlistener.com/docket/18638424/gill-v-comprehensive-healthcare-management-services-llc/
,Beaver,abatement,Citizens for a Healthy Community v. United States Bureau of Land Management,D. Colo.,2020-08-19,1:20-cv-02484,https://www.courtlistener.com/docket/17459258/citizens-for-a-healthy-community-v-united-states-bureau-of-land-management/
,Beaver,abatement,MARINKOVIC v. NIAGARA MOHAWK,Bankr. D. Ariz.,2005-05-12,4:05-ap-00182,https://www.courtlistener.com/docket/4634429/marinkovic-v-niagara-mohawk/
,Beaver,abatement,"H&J Solutions, LLC v. Eastpointe, City of",E.D. Mich.,2018-02-02,2:18-cv-10409,https://www.courtlistener.com/docket/7410791/hj-solutions-llc-v-eastpointe-city-of/
,Beaver,abatement,Kentucky Waterways Alliance v. Kentucky Utilities Co.,E.D. Ky.,2017-07-12,5:17-cv-00292,https://www.courtlistener.com/docket/6134987/kentucky-waterways-alliance-v-kentucky-utilities-co/
,Beaver,abatement,United States v. Floarea,E.D. Mich.,2014-10-03,2:14-cr-20614,https://www.courtlistener.com/docket/5442322/united-states-v-floarea/
,Beaver,abatement,Sears Holdings Corporation,Bankr. S.D.N.Y.,2018-10-15,18-23538,https://www.courtlistener.com/docket/8026527/sears-holdings-corporation/
,Beaver,abatement,"DPH Holdings Corp., et al.",Bankr. S.D.N.Y.,2005-10-08,05-44481,https://www.courtlistener.com/docket/4718045/dph-holdings-corp-et-al/
,Beaver,abatement,"Armstrong Coal Co., Inc. v. United States Department of Labor, Mine Safety and Health Administration",W.D. Ky.,2012-09-04,4:12-cv-00101,https://www.courtlistener.com/docket/5028047/armstrong-coal-co-inc-v-united-states-department-of-labor-mine-safety/
,Beaver,abatement,McGlone v. Centrus Energy Corp.,S.D. Ohio,2020-05-15,2:20-cv-02467,https://www.courtlistener.com/docket/17167576/mcglone-v-centrus-energy-corp/
,Beaver,development agreement,"City of Detroit, Michigan",Bankr. E.D. Mich.,2013-07-18,13-53846,https://www.courtlistener.com/docket/4290108/city-of-detroit-michigan/
,Beaver,development agreement,Sears Holdings Corporation,Bankr. S.D.N.Y.,2018-10-15,18-23538,https://www.courtlistener.com/docket/8026527/sears-holdings-corporation/
,Beaver,development agreement,Detroit Planning and Development Department v. Daughters of Union Veterans of the Civil War,E.D. Mich.,2005-06-13,2:05-cv-72328,https://www.courtlistener.com/docket/4774468/detroit-planning-and-development-department-v-daughters-of-union-veterans/
,Beaver,development agreement,Robert Halpin,Bankr. W.D. Pa.,2018-05-21,18-22057,https://www.courtlistener.com/docket/6816501/robert-halpin/
,Beaver,development agreement,Murphy v. Spencer,Bankr. D.N.M.,2015-07-06,15-01052,https://www.courtlistener.com/docket/5400435/murphy-v-spencer/
,Beaver,development agreement,"Empire State Ethanol and Energy, LLC v. BBI International",N.D.N.Y.,2008-06-13,1:08-cv-00623,https://www.courtlistener.com/docket/5467633/empire-state-ethanol-and-energy-llc-v-bbi-international/
,Beaver,development agreement,"Marquez-Warner v. Campus Crest at Louisville, LLC",W.D. Ky.,2015-02-25,3:15-cv-00172,https://www.courtlistener.com/docket/5233902/marquez-warner-v-campus-crest-at-louisville-llc/
,Beaver,development agreement,Tyree v. LaHood,D. Mass.,2012-08-28,1:12-cv-11605,https://www.courtlistener.com/docket/4274794/tyree-v-lahood/
,Beaver,development agreement,"DPH Holdings Corp., et al.",Bankr. S.D.N.Y.,2005-10-08,05-44481,https://www.courtlistener.com/docket/4718045/dph-holdings-corp-et-al/
,Beaver,development agreement,"Stonebridge Equity LLC v. China Automotive Systems, Incorporated",E.D. Mich.,2009-04-24,2:09-cv-11541,https://www.courtlistener.com/docket/5217528/stonebridge-equity-llc-v-china-automotive-systems-incorporated/
,Beaver,development agreement,"Achaogen, Inc.",Bankr. D. Del.,2019-04-15,19-10844,https://www.courtlistener.com/docket/14933974/achaogen-inc/
,Beaver,development agreement,Lehman Brothers Holdings Inc.,Bankr. S.D.N.Y.,2008-09-15,08-13555,https://www.courtlistener.com/docket/4326736/lehman-brothers-holdings-inc/
,Beaver,development agreement,"BARK U, LLC v. TERWISSCHA CONSTRUCTION, INC.",E.D. Pa.,2024-04-11,2:24-cv-01508,https://www.courtlistener.com/docket/68428467/bark-u-llc-v-terwisscha-construction-inc/
,Beaver,development agreement,"Pope & Talbot, Inc. and PricewaterhouseCoopers Inc., as duly recognized fo",Bankr. D. Del.,2007-11-19,07-11738,https://www.courtlistener.com/docket/7242221/pope-talbot-inc-and-pricewaterhousecoopers-inc-as-duly-recognized-fo/
,Beaver,development agreement,JuxtaComm Tech Inc. v. Ascential Software Corp,E.D. Tex.,2007-08-17,2:07-cv-00359,https://www.courtlistener.com/docket/4384796/juxtacomm-tech-inc-v-ascential-software-corp/
,Beaver,development agreement,"Lowe's Home Centers, Inc. v. THF Clarksburg Development Two Limited Liability Company",N.D.W. Va.,2012-04-26,1:12-cv-00072,https://www.courtlistener.com/docket/5550824/lowes-home-centers-inc-v-thf-clarksburg-development-two-limited/
,Beaver,development agreement,"RGN-Group Holdings, LLC",Bankr. D. Del.,2020-08-17,20-11961,https://www.courtlistener.com/docket/17449267/rgn-group-holdings-llc/
,Beaver,development agreement,Shapes/Arch Holdings L.L.C.,Bankr. D.N.J.,2008-03-16,08-14631,https://www.courtlistener.com/docket/4306956/shapesarch-holdings-llc/
,Beaver,development agreement,"Per III, LLC v. New Buffalo, Township of",W.D. Mich.,2026-04-13,1:26-cv-01198,https://www.courtlistener.com/docket/73183435/per-iii-llc-v-new-buffalo-township-of/
,Beaver,development agreement,"Insight Terminal Solutions, LLC. and Reorganized Debtor - Insight Terminal Solutions, L - Adversary Proceeding",Bankr. W.D. Ky.,2024-03-11,24-03007,https://www.courtlistener.com/docket/68326645/insight-terminal-solutions-llc-and-reorganized-debtor-insight-terminal/
,Beaver,clawback,"Beaver v. Ready Wire Electrical Contractors, LLC",S.D. Ohio,2020-09-29,2:20-cv-05109,https://www.courtlistener.com/docket/18483798/beaver-v-ready-wire-electrical-contractors-llc/
,Beaver,clawback,"City of Detroit, Michigan",Bankr. E.D. Mich.,2013-07-18,13-53846,https://www.courtlistener.com/docket/4290108/city-of-detroit-michigan/
,Beaver,clawback,Steffens v. Seendripu,S.D. Cal.,2025-02-12,3:25-cv-00324,https://www.courtlistener.com/docket/69635726/steffens-v-seendripu/
,Beaver,clawback,Negron v. Cigna Health and Life Insurance Company,D. Conn.,2016-10-13,3:16-cv-01702,https://www.courtlistener.com/docket/4552511/negron-v-cigna-health-and-life-insurance-company/
,Beaver,clawback,Doshi v. General Cable Corporation,E.D. Ky.,2014-02-14,2:14-cv-00022,https://www.courtlistener.com/docket/4560248/doshi-v-general-cable-corporation/
,Beaver,clawback,"Cherri v. Mueller, III",E.D. Mich.,2012-04-12,2:12-cv-11656,https://www.courtlistener.com/docket/4291982/cherri-v-mueller-iii/
,Beaver,clawback,Rodriguez v. Google LLC,N.D. Cal.,2020-07-14,3:20-cv-04688,https://www.courtlistener.com/docket/17348463/rodriguez-v-google-llc/
,Beaver,clawback,"Residential Capital, LLC",Bankr. S.D.N.Y.,2012-05-14,12-12020,https://www.courtlistener.com/docket/4327483/residential-capital-llc/
,Beaver,clawback,FTX Trading Ltd.,Bankr. D. Del.,2022-11-11,22-11068,https://www.courtlistener.com/docket/65748821/ftx-trading-ltd/
,Beaver,clawback,MCCOMAS v. UNIFIED GOVERNMENT OF ATHENS CLARKE COUNTY,M.D. Ga.,2024-09-09,3:24-cv-00089,https://www.courtlistener.com/docket/69364975/mccomas-v-unified-government-of-athens-clarke-county/
,Beaver,clawback,Manzanares v. New York Power Authority,S.D.N.Y.,2022-01-28,7:22-cv-00754,https://www.courtlistener.com/docket/62636555/manzanares-v-new-york-power-authority/
,Beaver,clawback,"Alexander Associates, Incorporated v. Whirlaway Corporation",E.D. Mich.,2012-01-18,2:12-cv-10226,https://www.courtlistener.com/docket/5239775/alexander-associates-incorporated-v-whirlaway-corporation/
,Beaver,clawback,Genie Investments NV Inc.,Bankr. M.D. Fla.,2024-02-21,3:24-bk-00496,https://www.courtlistener.com/docket/68268920/genie-investments-nv-inc/
,Beaver,clawback,"Buc-ee's, Ltd. v. Teddys Market, LLC",N.D. Ga.,2026-05-01,1:26-cv-02478,https://www.courtlistener.com/docket/73290962/buc-ees-ltd-v-teddys-market-llc/
,Beaver,clawback,Kristensen v. Credit Payment Services Inc.,D. Nev.,2012-03-29,2:12-cv-00528,https://www.courtlistener.com/docket/4519334/kristensen-v-credit-payment-services-inc/
,Beaver,clawback,TANG v. SCHEDULE A,W.D. Pa.,2025-12-01,2:25-cv-01850,https://www.courtlistener.com/docket/71977598/tang-v-schedule-a/
,Beaver,clawback,Sears Holdings Corporation,Bankr. S.D.N.Y.,2018-10-15,18-23538,https://www.courtlistener.com/docket/8026527/sears-holdings-corporation/
,Beaver,clawback,Scott A. Saveraid Trust for Scott A. Saveraid Revocable Trust v. QBE Specialty Insurance Company,M.D. Fla.,2025-05-14,2:25-cv-00394,https://www.courtlistener.com/docket/70263970/scott-a-saveraid-trust-for-scott-a-saveraid-revocable-trust-v-qbe/
,Beaver,clawback,"Blue Cross Blue Shield of Michigan v. Bond Pharmacy, Inc. d/b/a Advanced Infusion Solutions",E.D. Mich.,2021-01-11,2:21-cv-10076,https://www.courtlistener.com/docket/29095889/blue-cross-blue-shield-of-michigan-v-bond-pharmacy-inc-dba-advanced/
,Beaver,clawback,"Federal Trade Commission v. Financial Education Services, Inc",E.D. Mich.,2022-05-23,2:22-cv-11120,https://www.courtlistener.com/docket/63343121/federal-trade-commission-v-financial-education-services-inc/
,Beaver,recapture,SEWICKLEY VALLEY HOSPITAL v. MICHAEL O. LEAVITT,W.D. Pa.,2007-06-22,2:07-cv-00869,https://www.courtlistener.com/docket/4892659/sewickley-valley-hospital-v-michael-o-leavitt/
,Beaver,recapture,United States v. Smith,S.D. Ala.,2012-08-06,1:12-cv-00498,https://www.courtlistener.com/docket/5029690/united-states-v-smith/
,Beaver,recapture,"WPEngine, Inc. v. Automattic Inc.",N.D. Cal.,2024-10-02,4:24-cv-06917,https://www.courtlistener.com/docket/69221176/wpengine-inc-v-automattic-inc/
,Beaver,recapture,Norwood v. Burke County Sheriff's Department Detention Center-Jail,W.D.N.C.,2024-07-16,1:24-cv-00191,https://www.courtlistener.com/docket/68951411/norwood-v-burke-county-sheriffs-department-detention-center-jail/
,Beaver,recapture,United States v. WALKER,W.D. Pa.,2016-10-03,2:16-cv-01524,https://www.courtlistener.com/docket/13362043/united-states-v-walker/
,Beaver,recapture,"In Re: Oil Spill by the Oil Rig ""Deepwater Horizon"" in the Gulf of Mexico, on April 20, 2010",E.D. La.,2010-08-10,2:10-md-02179,https://www.courtlistener.com/docket/4510515/in-re-oil-spill-by-the-oil-rig-deepwater-horizon-in-the-gulf-of-mexico/
,Beaver,recapture,United States v. The State of Alaska,D. Alaska,2022-05-17,1:22-cv-00054,https://www.courtlistener.com/docket/63318060/united-states-v-the-state-of-alaska/
,Beaver,recapture,United States v. Carman,W.D. Ky.,2020-01-14,4:20-cv-00007,https://www.courtlistener.com/docket/16689976/united-states-v-carman/
,Beaver,recapture,"Northpoint Village of Utica, LLC",Bankr. E.D. Mich.,2008-05-29,08-53097,https://www.courtlistener.com/docket/4288734/northpoint-village-of-utica-llc/
,Beaver,recapture,IANNINI v. DEUTSCHE NATIONAL TRUST COMPANY,W.D. Pa.,2010-01-14,2:10-cv-00055,https://www.courtlistener.com/docket/5010447/iannini-v-deutsche-national-trust-company/
,Beaver,recapture,"Hologram USA, Inc. v. Pulse Evolution Corporation",D. Nev.,2014-05-15,2:14-cv-00772,https://www.courtlistener.com/docket/4315882/hologram-usa-inc-v-pulse-evolution-corporation/
,Beaver,recapture,United States v. BRACE,W.D. Pa.,2017-01-09,1:17-cv-00006,https://www.courtlistener.com/docket/7060334/united-states-v-brace/
,Beaver,recapture,Sears Holdings Corporation - Adversary Proceeding,Bankr. S.D.N.Y.,2019-04-17,19-08250,https://www.courtlistener.com/docket/14956959/sears-holdings-corporation-adversary-proceeding/
,Beaver,recapture,United States v. Stoess,W.D. Ky.,2020-01-14,3:20-cv-00030,https://www.courtlistener.com/docket/16692627/united-states-v-stoess/
,Beaver,recapture,Sears Holdings Corporation,Bankr. S.D.N.Y.,2018-10-15,18-23538,https://www.courtlistener.com/docket/8026527/sears-holdings-corporation/
,Beaver,recapture,CENTRAL IOWA HOSPITAL CORPORATION v. LEAVITT,D.D.C.,2007-02-08,1:07-cv-00295,https://www.courtlistener.com/docket/4206590/central-iowa-hospital-corporation-v-leavitt/
,Beaver,recapture,FORSYTH MEMORIAL HOSPITAL INC v. LEAVITT,D.D.C.,2007-10-10,1:07-cv-01828,https://www.courtlistener.com/docket/4208204/forsyth-memorial-hospital-inc-v-leavitt/
,Beaver,recapture,"Vail Anglers, LLC",Bankr.D. Colo.,2011-09-16,11-32059,https://www.courtlistener.com/docket/4194240/vail-anglers-llc/
,Beaver,recapture,U.S.A. v. BRACE,W.D. Pa.,1990-10-04,1:90-cv-00229,https://www.courtlistener.com/docket/6672875/usa-v-brace/
,Beaver,recapture,Green v. City of Cleveland,N.D. Ohio,2003-05-15,1:03-cv-00906,https://www.courtlistener.com/docket/11795322/green-v-city-of-cleveland/
,Benton,tax increment,"Newell Rubbermaid, Inc. v. Bosgraaf",W.D. Mich.,2015-06-09,1:15-cv-00597,https://www.courtlistener.com/docket/13292876/newell-rubbermaid-inc-v-bosgraaf/
,Benton,tax increment,"Staco Electric Construction Co. v. City of Kansas City, MO",W.D. Mo.,2020-03-04,4:20-cv-00165,https://www.courtlistener.com/docket/16931101/staco-electric-construction-co-v-city-of-kansas-city-mo/
,Benton,tax increment,Securities and Exchange Commission v. City of Victorville,C.D. Cal.,2013-04-29,5:13-cv-00776,https://www.courtlistener.com/docket/4150043/securities-and-exchange-commission-v-city-of-victorville/
,Benton,tax increment,Rethink35 v. Texas Department of Transportation (TXDOT),W.D. Tex.,2024-01-26,1:24-cv-00092,https://www.courtlistener.com/docket/68199197/rethink35-v-texas-department-of-transportation-txdot/
,Benton,tax increment,Bouricius v. Mesa County,D. Colo.,2018-05-11,1:18-cv-01144,https://www.courtlistener.com/docket/6674422/bouricius-v-mesa-county/
,Benton,tax increment,Latinos for Trump v. Sessions,W.D. Tex.,2021-01-18,6:21-cv-00043,https://www.courtlistener.com/docket/29347542/latinos-for-trump-v-sessions/
,Benton,tax increment,Citizens for a Healthy Community v. United States Bureau of Land Management,D. Colo.,2020-08-19,1:20-cv-02484,https://www.courtlistener.com/docket/17459258/citizens-for-a-healthy-community-v-united-states-bureau-of-land-management/
,Benton,tax increment,MONTANA ENVIRONMENTAL INFORMATION CENTER v. JOHANNS,D.D.C.,2007-07-23,1:07-cv-01311,https://www.courtlistener.com/docket/4207635/montana-environmental-information-center-v-johanns/
,Benton,tax increment,Independent Living Center of Southern California v. City of Los Angeles California,C.D. Cal.,2012-01-13,2:12-cv-00551,https://www.courtlistener.com/docket/4148055/independent-living-center-of-southern-california-v-city-of-los-angeles/
,Benton,tax increment,Second Amendment Arms v. City of Chicago,N.D. Ill.,2010-07-09,1:10-cv-04257,https://www.courtlistener.com/docket/4259571/second-amendment-arms-v-city-of-chicago/
,Benton,tax increment,Veasey v. Abbott,S.D. Tex.,2013-06-26,2:13-cv-00193,https://www.courtlistener.com/docket/4393299/veasey-v-abbott/
,Benton,tax increment,Barber v. Vance,D. Or.,2016-11-01,3:16-cv-02105,https://www.courtlistener.com/docket/4546033/barber-v-vance/
,Benton,tax increment,Thomson Reuters Enterprise Centre GmbH v. ROSS Intelligence Inc.,D. Del.,2020-05-06,1:20-cv-00613,https://www.courtlistener.com/docket/17131648/thomson-reuters-enterprise-centre-gmbh-v-ross-intelligence-inc/
,Benton,tax increment,United States v. Mosby,D. Maryland,2022-01-13,1:22-cr-00007,https://www.courtlistener.com/docket/62594728/united-states-v-mosby/
,Benton,abatement,"Central Laborers' Pension Welfare and Annuity Funds v. A&A Abatement, LLC",S.D. Ill.,2014-04-03,3:14-cv-00411,https://www.courtlistener.com/docket/5298002/central-laborers-pension-welfare-and-annuity-funds-v-aa-abatement-llc/
,Benton,abatement,King v. Benton,S.D. Ga.,2022-06-27,4:22-cv-00157,https://www.courtlistener.com/docket/63556192/king-v-benton/
,Benton,abatement,United States v. BENTON,D.D.C.,2021-09-09,1:21-cr-00569,https://www.courtlistener.com/docket/60415335/united-states-v-benton/
,Benton,abatement,"Reilly-Benton Company, Inc.",Bankr. E.D. La.,2017-10-25,17-12870,https://www.courtlistener.com/docket/7508816/reilly-benton-company-inc/
,Benton,abatement,"Ross v. Reilly-Benton, Inc.",E.D. La.,2014-05-21,2:14-cv-01161,https://www.courtlistener.com/docket/4270418/ross-v-reilly-benton-inc/
,Benton,abatement,Benton v. City of Port Wentworth,S.D. Ga.,2025-09-09,4:25-cv-00210,https://www.courtlistener.com/docket/71307833/benton-v-city-of-port-wentworth/
,Benton,abatement,Mallinckrodt plc,Bankr. D. Del.,2020-10-12,20-12522,https://www.courtlistener.com/docket/18527517/mallinckrodt-plc/
,Benton,abatement,United States v. Youngquist,D. Or.,2011-04-01,3:11-cv-06113,https://www.courtlistener.com/docket/5442858/united-states-v-youngquist/
,Benton,abatement,"Benton County, Mississippi v. Amerisourcebergen Drug Corporation",N.D. Ohio,2018-01-30,1:18-op-45119,https://www.courtlistener.com/docket/13523280/benton-county-mississippi-v-amerisourcebergen-drug-corporation/
,Benton,abatement,IA Migrant Movement for Justice v. Brenna Bird,8th Cir.,2024-06-20,24-2263,https://www.courtlistener.com/docket/68926169/ia-migrant-movement-for-justice-v-brenna-bird/
,Benton,abatement,United States v. State of Iowa,8th Cir.,2024-06-20,24-2265,https://www.courtlistener.com/docket/68978564/united-states-v-state-of-iowa/
,Benton,abatement,Keller v. City of Mountlake Terrace,W.D. Wash.,2025-05-27,2:25-cv-01005,https://www.courtlistener.com/docket/70439141/keller-v-city-of-mountlake-terrace/
,Benton,abatement,Grant v. U.S. Environmental Protection Agency,W.D. Mich.,2022-03-02,1:22-cv-00186,https://www.courtlistener.com/docket/63132164/grant-v-us-environmental-protection-agency/
,Benton,abatement,MOYLER v. SMITHSONIAN NATIONAL POSTAL MUSEUM,D.D.C.,2025-05-08,1:25-cv-01408,https://www.courtlistener.com/docket/70226511/moyler-v-smithsonian-national-postal-museum/
,Benton,abatement,RODRIGUEZ v. BUREAU OF PRISONS,D.D.C.,2006-01-11,1:06-cv-00034,https://www.courtlistener.com/docket/4203823/rodriguez-v-bureau-of-prisons/
,Benton,abatement,Williams v. Lockheed Martin Corporation,E.D. La.,2009-01-08,2:09-cv-00065,https://www.courtlistener.com/docket/5317356/williams-v-lockheed-martin-corporation/
,Benton,abatement,USA v. Wayne Cnty,E.D. Mich.,1987-03-18,2:87-cv-70992,https://www.courtlistener.com/docket/4293030/usa-v-wayne-cnty/
,Benton,abatement,"Morris v. Thomas Petroleum, Inc.",S.D. Tex.,2009-04-20,4:09-mc-00165,https://www.courtlistener.com/docket/4397333/morris-v-thomas-petroleum-inc/
,Benton,abatement,"Hendrickson Transportation, LLC v. Rust Constructors, Inc.",W.D. Mo.,2023-06-22,5:23-cv-06077,https://www.courtlistener.com/docket/67616438/hendrickson-transportation-llc-v-rust-constructors-inc/
,Benton,abatement,"Environmental Waste Solutions, LLC",Bankr. M.D. Tenn.,2017-04-18,3:17-bk-02675,https://www.courtlistener.com/docket/6077877/environmental-waste-solutions-llc/
,Benton,development agreement,Benton v. City of Port Wentworth,S.D. Ga.,2025-09-09,4:25-cv-00210,https://www.courtlistener.com/docket/71307833/benton-v-city-of-port-wentworth/
,Benton,development agreement,In Re: Kia Hyundai Vehicle Theft Litigation,C.D. Cal.,2022-12-22,8:22-ml-03052,https://www.courtlistener.com/docket/66678516/in-re-kia-hyundai-vehicle-theft-litigation/
,Benton,development agreement,"Targgart v. Next Bridge Hydrocarbons, Inc.",N.D. Tex.,2024-08-12,4:24-cv-00767,https://www.courtlistener.com/docket/69040419/targgart-v-next-bridge-hydrocarbons-inc/
,Benton,development agreement,"In Re: Oil Spill by the Oil Rig ""Deepwater Horizon"" in the Gulf of Mexico, on April 20, 2010",E.D. La.,2010-08-10,2:10-md-02179,https://www.courtlistener.com/docket/4510515/in-re-oil-spill-by-the-oil-rig-deepwater-horizon-in-the-gulf-of-mexico/
,Benton,development agreement,Candy v. 474 Club LLC,D. Idaho,2006-10-09,1:06-cv-00400,https://www.courtlistener.com/docket/4698089/candy-v-474-club-llc/
,Benton,development agreement,"Parkridge Limited v. Indyzen, Inc.",N.D. Cal.,2016-12-29,4:16-cv-07387,https://www.courtlistener.com/docket/4560235/parkridge-limited-v-indyzen-inc/
,Benton,development agreement,Akorn Holding Company LLC,Bankr. D. Del.,2023-02-23,23-10253,https://www.courtlistener.com/docket/66841819/akorn-holding-company-llc/
,Benton,development agreement,Steele v. City of Port Wentworth,S.D. Ga.,2005-08-03,4:05-cv-00135,https://www.courtlistener.com/docket/5103523/steele-v-city-of-port-wentworth/
,Benton,development agreement,"Navcom Technology, Inc v. OKI Semiconductor America, Inc",N.D. Cal.,2012-08-08,5:12-cv-04175,https://www.courtlistener.com/docket/4494932/navcom-technology-inc-v-oki-semiconductor-america-inc/
,Benton,development agreement,"Winn-Dixie Stores, Inc",Bankr. M.D. Fla.,2005-02-21,3:05-bk-03817,https://www.courtlistener.com/docket/4223608/winn-dixie-stores-inc/
,Benton,development agreement,Smith v. Riverwalk Entertainment L L C,W.D. La.,2005-08-09,5:05-cv-01416,https://www.courtlistener.com/docket/4936965/smith-v-riverwalk-entertainment-l-l-c/
,Benton,development agreement,Gjovik v. Apple Inc.,N.D. Cal.,2023-09-07,3:23-cv-04597,https://www.courtlistener.com/docket/67772913/gjovik-v-apple-inc/
,Benton,development agreement,Lone Star State Development 1 LLC v. Multi-Housing Tax Credit Partners LII LP,N.D. Tex.,2009-09-02,2:09-cv-00221,https://www.courtlistener.com/docket/14205037/lone-star-state-development-1-llc-v-multi-housing-tax-credit-partners-lii/
,Benton,development agreement,"JLG Enterprises, Inc. v. Excalibur Sires, Inc.",E.D. Cal.,2010-11-15,1:10-cv-02138,https://www.courtlistener.com/docket/5871066/jlg-enterprises-inc-v-excalibur-sires-inc/
,Benton,development agreement,Enviva Inc.,Bankr. E.D. Va.,2024-03-12,24-10453,https://www.courtlistener.com/docket/68334537/enviva-inc/
,Benton,development agreement,Lehman Brothers Holdings Inc.,Bankr. S.D.N.Y.,2008-09-15,08-13555,https://www.courtlistener.com/docket/4326736/lehman-brothers-holdings-inc/
,Benton,development agreement,"Therma-Flite Manufacturing, LLC",Bankr. S.D. Tex.,2016-07-08,16-33470,https://www.courtlistener.com/docket/4532281/therma-flite-manufacturing-llc/
,Benton,development agreement,"Google LLC v. Sonos, Inc.",N.D. Cal.,2020-09-28,3:20-cv-06754,https://www.courtlistener.com/docket/18483005/google-llc-v-sonos-inc/
,Benton,development agreement,Center for Biological Diversity v. Rural Utilities Services,N.D. Cal.,2008-03-03,3:08-cv-01240,https://www.courtlistener.com/docket/4172295/center-for-biological-diversity-v-rural-utilities-services/
,Benton,development agreement,"Sierra Nevada SW Enterprises, Ltd. v. Douglas County, Nevada",D. Nev.,2010-06-11,3:10-cv-00354,https://www.courtlistener.com/docket/6039542/sierra-nevada-sw-enterprises-ltd-v-douglas-county-nevada/
,Benton,clawback,Partie v. Ethicon Women's Health and Urology,D. Nev.,2021-07-20,2:21-cv-01366,https://www.courtlistener.com/docket/60410544/partie-v-ethicon-womens-health-and-urology/
,Benton,clawback,Grae v. Corrections Corporation of America,M.D. Tenn.,2016-08-23,3:16-cv-02267,https://www.courtlistener.com/docket/4530353/grae-v-corrections-corporation-of-america/
,Benton,clawback,"KENT RIES, CHAPTER 7 TRUSTEE FOR THE BANKRUPTCY ES v. ANGELA ROBINSON",Bankr. N.D. Tex.,2025-03-02,25-02003,https://www.courtlistener.com/docket/69696667/kent-ries-chapter-7-trustee-for-the-bankruptcy-es-v-angela-robinson/
,Benton,clawback,"Bolthouse Farms, Inc. v. Atkinson Staffing, Inc.",E.D. Cal.,2019-11-01,1:19-cv-01560,https://www.courtlistener.com/docket/16634307/bolthouse-farms-inc-v-atkinson-staffing-inc/
,Benton,clawback,"McClain Feed Yard, Inc.",Bankr. N.D. Tex.,2023-04-28,23-20084,https://www.courtlistener.com/docket/67289168/mcclain-feed-yard-inc/
,Benton,clawback,"In Re: Oil Spill by the Oil Rig ""Deepwater Horizon"" in the Gulf of Mexico, on April 20, 2010",E.D. La.,2010-08-10,2:10-md-02179,https://www.courtlistener.com/docket/4510515/in-re-oil-spill-by-the-oil-rig-deepwater-horizon-in-the-gulf-of-mexico/
,Benton,clawback,"In RE: Hair Relaxer Marketing, Sales Practices, And Products Liability Litigation",N.D. Ill.,2023-02-09,1:23-cv-00818,https://www.courtlistener.com/docket/66801859/in-re-hair-relaxer-marketing-sales-practices-and-products-liability/
,Benton,clawback,v.,N.D. Ga.,2022-12-21,1:23-mi-99999,https://www.courtlistener.com/docket/66774464/v/
,Benton,clawback,"Residential Capital, LLC",Bankr. S.D.N.Y.,2012-05-14,12-12020,https://www.courtlistener.com/docket/4327483/residential-capital-llc/
,Benton,clawback,Cruz v. Guevara,N.D. Ill.,2023-07-04,1:23-cv-04268,https://www.courtlistener.com/docket/67556147/cruz-v-guevara/
,Benton,clawback,Camenisch v. Umpqua Bank,N.D. Cal.,2020-08-21,5:20-cv-05905,https://www.courtlistener.com/docket/17470165/camenisch-v-umpqua-bank/
,Benton,clawback,"Securities Investor Protection Corporation v. Bernard L. Madoff Investment Securities, LLC. et a",Bankr. S.D.N.Y.,2008-12-11,08-01789,https://www.courtlistener.com/docket/4326756/securities-investor-protection-corporation-v-bernard-l-madoff-investment/
,Benton,clawback,"Stoebner v. Opportunity Finance, LLC",D. Minnesota,2016-02-08,0:16-cv-00314,https://www.courtlistener.com/docket/5304797/stoebner-v-opportunity-finance-llc/
,Benton,clawback,"Turner Grain Merchandising, Inc.",Bankr. E.D. Ark.,2014-10-23,2:14-bk-15687,https://www.courtlistener.com/docket/6387115/turner-grain-merchandising-inc/
,Benton,clawback,"AT&T Corp. v. Level 3 Communications, LLC",D. Colo.,2018-01-16,1:18-cv-00112,https://www.courtlistener.com/docket/7184635/att-corp-v-level-3-communications-llc/
,Benton,clawback,Kennewick Liquidation Trust v. University of Puget Sound,Bankr. E.D. Wash.,2017-11-03,17-80042,https://www.courtlistener.com/docket/6881422/kennewick-liquidation-trust-v-university-of-puget-sound/
,Benton,clawback,"Chinos Holdings, Inc.",Bankr. E.D. Va.,2020-05-04,20-32181,https://www.courtlistener.com/docket/17123915/chinos-holdings-inc/
,Benton,clawback,"Deep Fix, LLC v. Marine Well Containment Company LLC",S.D. Tex.,2018-03-26,4:18-cv-00948,https://www.courtlistener.com/docket/6422869/deep-fix-llc-v-marine-well-containment-company-llc/
,Benton,clawback,FamilyCare Inc. v. Oregon Health Authority,D. Or.,2018-02-15,6:18-cv-00296,https://www.courtlistener.com/docket/6657349/familycare-inc-v-oregon-health-authority/
,Benton,clawback,Ries v. Community Financial Services Bank,Bankr. N.D. Tex.,2025-03-14,25-02005,https://www.courtlistener.com/docket/69738775/ries-v-community-financial-services-bank/
,Benton,recapture,Taylor v. United States,E.D. Tenn.,2019-05-14,1:19-cv-00147,https://www.courtlistener.com/docket/15568776/taylor-v-united-states/
,Benton,recapture,United States v. Jordan,S.D. Ill.,2014-02-03,3:14-cv-00121,https://www.courtlistener.com/docket/5263252/united-states-v-jordan/
,Benton,recapture,United States v. McGuire,W.D. Ky.,2011-06-07,5:11-cv-00097,https://www.courtlistener.com/docket/4268725/united-states-v-mcguire/
,Benton,recapture,Iovate Health Sciences International Inc.,Bankr. S.D.N.Y.,2025-09-09,25-11958,https://www.courtlistener.com/docket/71301647/iovate-health-sciences-international-inc/
,Benton,recapture,"Targgart v. Next Bridge Hydrocarbons, Inc.",N.D. Tex.,2024-08-12,4:24-cv-00767,https://www.courtlistener.com/docket/69040419/targgart-v-next-bridge-hydrocarbons-inc/
,Benton,recapture,United States v. Fairley,S.D. Miss.,2016-03-10,2:16-cr-00003,https://www.courtlistener.com/docket/4516135/united-states-v-fairley/
,Benton,recapture,United States v. Demond,S.D. Ill.,2008-08-26,3:08-cv-00609,https://www.courtlistener.com/docket/4929205/united-states-v-demond/
,Benton,recapture,Cameron County v. Evans,S.D. Tex.,2001-05-10,1:01-cv-00082,https://www.courtlistener.com/docket/4396091/cameron-county-v-evans/
,Benton,recapture,"BOUDER v. PRUDENTIAL FINANCIAL, INC.",D.N.J.,2006-09-15,2:06-cv-04359,https://www.courtlistener.com/docket/4309085/bouder-v-prudential-financial-inc/
,Benton,recapture,Walton v. NM State Land Office,10th Cir.,2014-09-18,14-2166,https://www.courtlistener.com/docket/67244088/walton-v-nm-state-land-office/
,Benton,recapture,United States v. Thompson,W.D. Ky.,2019-10-01,5:19-cv-00145,https://www.courtlistener.com/docket/16283385/united-states-v-thompson/
,Benton,recapture,Zalaski v. Hartford,D. Conn.,2008-04-21,3:08-cv-00601,https://www.courtlistener.com/docket/4955772/zalaski-v-hartford/
,Benton,recapture,"Garritty v. Blaze Media, L.L.C.",W.D. Ark.,2023-12-05,5:23-cv-05225,https://www.courtlistener.com/docket/68067518/garritty-v-blaze-media-llc/
,Benton,recapture,WILSON v. INGRAM,N.D. Fla.,2023-09-18,5:23-cv-00253,https://www.courtlistener.com/docket/68502036/wilson-v-ingram/
,Benton,recapture,United States v. Nelson,W.D. Ky.,2019-03-13,5:19-cv-00041,https://www.courtlistener.com/docket/14697967/united-states-v-nelson/
,Benton,recapture,United States v. Burgess,W.D. Ky.,2019-02-11,5:19-cv-00016,https://www.courtlistener.com/docket/14545215/united-states-v-burgess/
,Benton,recapture,Citizens for a Healthy Community v. United States Bureau of Land Management,D. Colo.,2020-08-19,1:20-cv-02484,https://www.courtlistener.com/docket/17459258/citizens-for-a-healthy-community-v-united-states-bureau-of-land-management/
,Benton,recapture,"Tanseer Kazi v. PNC, Bank, N.A.",N.D. Cal.,2018-08-08,3:18-cv-04810,https://www.courtlistener.com/docket/7626090/tanseer-kazi-v-pnc-bank-na/
,Benton,recapture,"Dimanche, Jr. v. Secretary, Department of Corrections",M.D. Fla.,2011-06-06,6:11-cv-00944,https://www.courtlistener.com/docket/5194145/dimanche-jr-v-secretary-department-of-corrections/
,Benton,recapture,Bed Bath & Beyond Inc.,Bankr. D.N.J.,2023-04-23,23-13359,https://www.courtlistener.com/docket/67249230/bed-bath-beyond-inc/
,Brown,tax increment,Tax Increment Finance Authority v. Liberty Mutual Insurance Company,E.D. Mich.,2010-10-12,2:10-cv-14078,https://www.courtlistener.com/docket/5138655/tax-increment-finance-authority-v-liberty-mutual-insurance-company/
,Brown,tax increment,Sears Holdings Corporation,Bankr. S.D.N.Y.,2018-10-15,18-23538,https://www.courtlistener.com/docket/8026527/sears-holdings-corporation/
,Brown,tax increment,United States v. Brown,W.D. Ky.,2022-04-06,3:22-cr-00033,https://www.courtlistener.com/docket/63222393/united-states-v-brown/
,Brown,tax increment,Clinton Brown v. Clark R. Taylor,C.D. Cal.,2022-12-17,2:22-cv-09203,https://www.courtlistener.com/docket/66672958/clinton-brown-v-clark-r-taylor/
,Brown,tax increment,USA COMMERCIAL MORTGAGE COMPANY,Bankr. D. Nev.,2006-04-13,06-10725,https://www.courtlistener.com/docket/4313903/usa-commercial-mortgage-company/
,Brown,tax increment,Tadros v. Village of Hazel Crest,N.D. Ill.,2007-07-23,1:07-cv-04132,https://www.courtlistener.com/docket/5465340/tadros-v-village-of-hazel-crest/
,Brown,tax increment,Veasey v. Abbott,S.D. Tex.,2013-06-26,2:13-cv-00193,https://www.courtlistener.com/docket/4393299/veasey-v-abbott/
,Brown,tax increment,University Square Real Estate Holdings LLC,Bankr. N.D. Ohio,2023-07-10,23-12301,https://www.courtlistener.com/docket/67975703/university-square-real-estate-holdings-llc/
,Brown,tax increment,"The Metropolitan Government of Nashville and Davidson County, Tennessee v. BellSouth Telecommunications, Inc.",M.D. Tenn.,2006-04-05,3:06-cv-00321,https://www.courtlistener.com/docket/4698854/the-metropolitan-government-of-nashville-and-davidson-county-tennessee-v/
,Brown,tax increment,Davis v. Detroit Public Schools Community District,E.D. Mich.,2017-06-27,2:17-cv-12100,https://www.courtlistener.com/docket/6084879/davis-v-detroit-public-schools-community-district/
,Brown,tax increment,"Newell Rubbermaid, Inc. v. Bosgraaf",W.D. Mich.,2015-06-09,1:15-cv-00597,https://www.courtlistener.com/docket/13292876/newell-rubbermaid-inc-v-bosgraaf/
,Brown,tax increment,"City of Detroit, Michigan",Bankr. E.D. Mich.,2013-07-18,13-53846,https://www.courtlistener.com/docket/4290108/city-of-detroit-michigan/
,Brown,tax increment,Hill v. United States Department of Energy,N.D. Okla.,2026-08-27,4:26-cv-00534,https://www.courtlistener.com/docket/74711251/hill-v-united-states-department-of-energy/
,Brown,tax increment,Haynes v. City Of Chicago,N.D. Ill.,2012-04-23,1:12-cv-02980,https://www.courtlistener.com/docket/5605185/haynes-v-city-of-chicago/
,Brown,tax increment,"MATRIX DEVELOPMENT GROUP v. CITY OF NEWARK, NEW JERSEY",D.N.J.,2020-03-23,2:20-cv-03166,https://www.courtlistener.com/docket/17004133/matrix-development-group-v-city-of-newark-new-jersey/
,Brown,tax increment,"United States v. 4821 Bond Ave., Alorton, IL 62207",S.D. Ill.,2012-01-04,3:12-mj-03001,https://www.courtlistener.com/docket/4264355/united-states-v-4821-bond-ave-alorton-il-62207/
,Brown,tax increment,"Scarlato v. Village of Bellwood, Illinois",N.D. Ill.,2008-01-24,1:08-cv-00546,https://www.courtlistener.com/docket/4253738/scarlato-v-village-of-bellwood-illinois/
,Brown,tax increment,"Elvis Presley Enterprises, Inc. v. City of Memphis",W.D. Tenn.,2018-10-16,2:18-cv-02718,https://www.courtlistener.com/docket/16054697/elvis-presley-enterprises-inc-v-city-of-memphis/
,Brown,tax increment,Hodak v. City of St. Peters,E.D. Mo.,2004-08-19,4:04-cv-01099,https://www.courtlistener.com/docket/5492687/hodak-v-city-of-st-peters/
,Brown,tax increment,The City of Fort Lauderdale v. Hezzekiah Scott,S.D. Fla.,2010-07-01,0:10-cv-61122,https://www.courtlistener.com/docket/4233176/the-city-of-fort-lauderdale-v-hezzekiah-scott/
,Brown,abatement,"Asbestos Abatement, Inc. v. Iley",Bankr.D. Colo.,2016-08-15,16-01311,https://www.courtlistener.com/docket/50629629/asbestos-abatement-inc-v-iley/
,Brown,abatement,"Connolly v. Asbestos Abatement, Inc.",Bankr.D. Colo.,2017-11-07,17-01519,https://www.courtlistener.com/docket/7762098/connolly-v-asbestos-abatement-inc/
,Brown,abatement,"American Empire Surplus Lines Insurance Company v. Empire Control Abatement, Inc.",E.D.N.Y,2021-02-22,2:21-cv-00953,https://www.courtlistener.com/docket/59672713/american-empire-surplus-lines-insurance-company-v-empire-control/
,Brown,abatement,Rentalease Inc v. US Abatement Corp,E.D. La.,1991-09-16,2:91-cv-03503,https://www.courtlistener.com/docket/9778494/rentalease-inc-v-us-abatement-corp/
,Brown,abatement,United States Abatement Corporation,Bankr. E.D. La.,1992-03-13,92-11123,https://www.courtlistener.com/docket/25587147/united-states-abatement-corporation/
,Brown,abatement,Andrews v. Brown,E.D. Va.,2023-04-19,3:23-cv-00264,https://www.courtlistener.com/docket/67638404/andrews-v-brown/
,Brown,abatement,United States v. Brown,D.N.H.,2009-01-21,1:09-cr-00030,https://www.courtlistener.com/docket/5553786/united-states-v-brown/
,Brown,abatement,In Re: US Abatement Corp v.,E.D. La.,1993-02-02,2:93-cv-00386,https://www.courtlistener.com/docket/9537566/in-re-us-abatement-corp-v/
,Brown,abatement,US Abatement Corp v. Mobil Exploration,E.D. La.,1993-07-30,2:93-cv-01913,https://www.courtlistener.com/docket/9565720/us-abatement-corp-v-mobil-exploration/
,Brown,abatement,In Re: US Abatement Corp v.,E.D. La.,1993-03-01,2:93-cv-00691,https://www.courtlistener.com/docket/9565643/in-re-us-abatement-corp-v/
,Brown,abatement,United States v. Brown,D.N.H.,2009-01-21,1:09-cr-00030,https://www.courtlistener.com/docket/6162461/united-states-v-brown/
,Brown,abatement,Brown v. Suthers,D. Colo.,2001-07-10,1:01-cv-01287,https://www.courtlistener.com/docket/11487908/brown-v-suthers/
,Brown,abatement,United States v. Brown,D.N.H.,2009-01-21,1:09-cr-00030,https://www.courtlistener.com/docket/16247707/united-states-v-brown/
,Brown,abatement,In Re: US Abatement Corp v.,E.D. La.,1993-03-01,2:93-cv-00690,https://www.courtlistener.com/docket/9565642/in-re-us-abatement-corp-v/
,Brown,abatement,In Re: US Abatement Corp v.,E.D. La.,1993-03-01,2:93-cv-00689,https://www.courtlistener.com/docket/9565641/in-re-us-abatement-corp-v/
,Brown,abatement,Mobil Exploration v. US Abatement Corp,E.D. La.,1990-11-28,2:90-cv-04678,https://www.courtlistener.com/docket/9363384/mobil-exploration-v-us-abatement-corp/
,Brown,abatement,"Technologies Holdings Corp. v. Abatement Technologies, Inc.",Fed. Cir.,2013-09-19,13-1661,https://www.courtlistener.com/docket/4161804/technologies-holdings-corp-v-abatement-technologies-inc/
,Brown,abatement,United States v. Brown,D. Utah,2022-06-29,2:22-cr-00239,https://www.courtlistener.com/docket/65356120/united-states-v-brown/
,Brown,abatement,Brown v. Henderson County Sheriff's Office,W.D.N.C.,2023-09-14,1:23-cv-00270,https://www.courtlistener.com/docket/67798992/brown-v-henderson-county-sheriffs-office/
,Brown,abatement,"The Magnolia Center, Inc. v. General Insurance Company of America",M.D. Fla.,2011-05-12,8:11-cv-01057,https://www.courtlistener.com/docket/5045707/the-magnolia-center-inc-v-general-insurance-company-of-america/
,Brown,development agreement,Purdue Pharma L.P.,Bankr. S.D.N.Y.,2019-09-15,19-23649,https://www.courtlistener.com/docket/16199040/purdue-pharma-lp/
,Brown,development agreement,"G.R. Technology, Inc. v. Brown, Olson & Gould, P.C.",D.N.H.,2008-02-25,1:08-cv-00068,https://www.courtlistener.com/docket/5541050/gr-technology-inc-v-brown-olson-gould-pc/
,Brown,development agreement,Anthony v. Van Over,E.D. Tenn.,2022-11-18,3:22-cv-00416,https://www.courtlistener.com/docket/65770378/anthony-v-van-over/
,Brown,development agreement,Clinton Brown v. Clark R. Taylor,C.D. Cal.,2022-12-17,2:22-cv-09203,https://www.courtlistener.com/docket/66672958/clinton-brown-v-clark-r-taylor/
,Brown,development agreement,"Brown v. Wireless Networks, Inc.",N.D. Cal.,2007-08-21,3:07-cv-04301,https://www.courtlistener.com/docket/4168657/brown-v-wireless-networks-inc/
,Brown,development agreement,Clinton Brown v. Steve Smead,C.D. Cal.,2023-04-19,2:23-cv-02938,https://www.courtlistener.com/docket/67232938/clinton-brown-v-steve-smead/
,Brown,development agreement,Brown v. Brightline Trains Florida LLC,S.D. Fla.,2025-12-16,9:25-cv-81571,https://www.courtlistener.com/docket/72043385/brown-v-brightline-trains-florida-llc/
,Brown,development agreement,Sears Holdings Corporation,Bankr. S.D.N.Y.,2018-10-15,18-23538,https://www.courtlistener.com/docket/8026527/sears-holdings-corporation/
,Brown,development agreement,McIntosh v. Nothern California Universal Enterprises Company,E.D. Cal.,2007-07-26,1:07-cv-01080,https://www.courtlistener.com/docket/4159163/mcintosh-v-nothern-california-universal-enterprises-company/
,Brown,development agreement,BROWN PONTIAC-OLDS INC v. GENERAL MOTORS CORPORATION,D. Me.,2005-10-28,2:05-cv-00204,https://www.courtlistener.com/docket/4659173/brown-pontiac-olds-inc-v-general-motors-corporation/
,Brown,development agreement,"Glenroy Coachella, LLC",Bankr. C.D. Cal.,2021-02-15,2:21-bk-11188,https://www.courtlistener.com/docket/59292241/glenroy-coachella-llc/
,Brown,development agreement,"Worley Brown, LLC v. The Mississippi Department of Archives and History",S.D. Miss.,2010-07-13,3:10-cv-00394,https://www.courtlistener.com/docket/5053213/worley-brown-llc-v-the-mississippi-department-of-archives-and-history/
,Brown,development agreement,Dunkin' Donuts Franchised Restaurants LLC v. Wometco Donas Inc.,D. Mass.,2014-01-23,1:14-cv-10162,https://www.courtlistener.com/docket/5078434/dunkin-donuts-franchised-restaurants-llc-v-wometco-donas-inc/
,Brown,development agreement,NRP Holdings LLC v. City of Buffalo,W.D.N.Y.,2011-06-06,1:11-cv-00472,https://www.courtlistener.com/docket/4358284/nrp-holdings-llc-v-city-of-buffalo/
,Brown,development agreement,"Brown v. The Hain Celestial Group, Inc.",N.D. Cal.,2011-06-22,3:11-cv-03082,https://www.courtlistener.com/docket/4178316/brown-v-the-hain-celestial-group-inc/
,Brown,development agreement,"Power Block Coin, LLC - Adversary Proceeding",Bankr. D. Utah,2025-01-02,25-02000,https://www.courtlistener.com/docket/69513545/power-block-coin-llc-adversary-proceeding/
,Brown,development agreement,Arroyo Vista Tenants Association v. City of Dublin,N.D. Cal.,2007-11-14,3:07-cv-05794,https://www.courtlistener.com/docket/4170193/arroyo-vista-tenants-association-v-city-of-dublin/
,Brown,development agreement,"City of Detroit, Michigan",Bankr. E.D. Mich.,2013-07-18,13-53846,https://www.courtlistener.com/docket/4290108/city-of-detroit-michigan/
,Brown,development agreement,"HVI Cat Canyon, Inc.",Bankr. C.D. Cal.,2019-07-25,9:19-bk-11573,https://www.courtlistener.com/docket/16203274/hvi-cat-canyon-inc/
,Brown,development agreement,"Hodell-Natco Industries, Inc. v. SAP America, Inc.",N.D. Ohio,2008-11-21,1:08-cv-02755,https://www.courtlistener.com/docket/5677475/hodell-natco-industries-inc-v-sap-america-inc/
,Brown,clawback,"Brown v. Aeroterm Management, LLC",D. Maryland,2018-01-26,1:18-cv-00257,https://www.courtlistener.com/docket/49957496/brown-v-aeroterm-management-llc/
,Brown,clawback,Brown v. Google LLC,N.D. Cal.,2020-06-02,4:20-cv-03664,https://www.courtlistener.com/docket/17216783/brown-v-google-llc/
,Brown,clawback,Brown v. Cover Girl Cosmetics,S.D.N.Y.,2022-04-01,1:22-cv-02696,https://www.courtlistener.com/docket/63208503/brown-v-cover-girl-cosmetics/
,Brown,clawback,Brown v. Montefiore Medical Center,S.D.N.Y.,2019-12-16,1:19-cv-11474,https://www.courtlistener.com/docket/16589229/brown-v-montefiore-medical-center/
,Brown,clawback,"BROWN v. JOHN C. BONEWICZ, P.C.",S.D. Ind.,2012-12-28,1:12-cv-01884,https://www.courtlistener.com/docket/4266616/brown-v-john-c-bonewicz-pc/
,Brown,clawback,"Brown v. Gentiva Health Services, Inc.",N.D. Ga.,2015-04-16,1:15-cv-01194,https://www.courtlistener.com/docket/4505193/brown-v-gentiva-health-services-inc/
,Brown,clawback,"Brown v. Gentiva Health Services, Inc.",N.D. Ga.,2015-05-05,1:15-cv-01562,https://www.courtlistener.com/docket/7448698/brown-v-gentiva-health-services-inc/
,Brown,clawback,Brown v. Property and Casualty Insurance Company of Hartford,E.D. Cal.,2020-02-05,1:20-cv-00186,https://www.courtlistener.com/docket/17012947/brown-v-property-and-casualty-insurance-company-of-hartford/
,Brown,clawback,BROWN v. GOVERNMENT OF THE DISTRICT OF COLUMBIA,D.D.C.,2013-04-25,1:13-cv-00569,https://www.courtlistener.com/docket/4211974/brown-v-government-of-the-district-of-columbia/
,Brown,clawback,"Brown v. Gentiva Health Services, Inc.",N.D. Ga.,2015-05-05,1:15-cv-01565,https://www.courtlistener.com/docket/7426896/brown-v-gentiva-health-services-inc/
,Brown,clawback,"Brown v. Gentiva Health Services, Inc.",N.D. Ga.,2015-05-05,1:15-cv-01560,https://www.courtlistener.com/docket/7448581/brown-v-gentiva-health-services-inc/
,Brown,clawback,"Brown v. Montefiore Health System, Inc.",S.D.N.Y.,2023-08-25,1:23-cv-07551,https://www.courtlistener.com/docket/67728435/brown-v-montefiore-health-system-inc/
,Brown,clawback,Brown-Pinero v. Esurance Insurance Company,M.D. Fla.,2010-10-28,8:10-cv-02422,https://www.courtlistener.com/docket/8258854/brown-pinero-v-esurance-insurance-company/
,Brown,clawback,"Brown v. Gentiva Health Services, Inc.",N.D. Ga.,2015-04-16,1:15-cv-01193,https://www.courtlistener.com/docket/7480658/brown-v-gentiva-health-services-inc/
,Brown,clawback,"Brown v. Gentiva Health Services, Inc.",N.D. Ga.,2015-04-16,1:15-cv-01195,https://www.courtlistener.com/docket/7480839/brown-v-gentiva-health-services-inc/
,Brown,clawback,Carver v. Nassau County Interim Finance Authority,E.D.N.Y,2011-04-01,2:11-cv-01614,https://www.courtlistener.com/docket/5661077/carver-v-nassau-county-interim-finance-authority/
,Brown,clawback,RAYNOR v. DISTRICT OF COLUMBIA,D.D.C.,2014-04-29,1:14-cv-00750,https://www.courtlistener.com/docket/4212695/raynor-v-district-of-columbia/
,Brown,clawback,Lane v. Brown,D. Or.,2012-01-25,3:12-cv-00138,https://www.courtlistener.com/docket/4365719/lane-v-brown/
,Brown,clawback,Brown v. VOCA Corporation,S.D. Ohio,2018-06-04,2:18-cv-00542,https://www.courtlistener.com/docket/7022563/brown-v-voca-corporation/
,Brown,clawback,Capannari v. Galemmo,S.D. Ohio,2013-12-03,1:13-cv-00883,https://www.courtlistener.com/docket/4363480/capannari-v-galemmo/
,Brown,recapture,Andrew J Mickey and Sherryl L Mickey,Bankr. W.D. Wash.,2007-04-24,07-41294,https://www.courtlistener.com/docket/16022315/andrew-j-mickey-and-sherryl-l-mickey/
,Brown,recapture,Joseph R Dawson,Bankr. W.D. Wash.,2007-02-21,07-40507,https://www.courtlistener.com/docket/50496132/joseph-r-dawson/
,Brown,recapture,Timo Beckmann,Bankr. W.D. Wash.,2006-09-29,06-42356,https://www.courtlistener.com/docket/50391907/timo-beckmann/
,Brown,recapture,"REINIG v. RBS CITIZENS, N.A.",W.D. Pa.,2015-11-23,2:15-cv-01541,https://www.courtlistener.com/docket/5351385/reinig-v-rbs-citizens-na/
,Brown,recapture,United States v. BROWN,E.D. Pa.,2013-08-06,5:13-cv-04530,https://www.courtlistener.com/docket/5137858/united-states-v-brown/
,Brown,recapture,United States v. Brown,D. Kan.,2005-07-08,2:05-cv-02287,https://www.courtlistener.com/docket/4697192/united-states-v-brown/
,Brown,recapture,United States v. BROWN,W.D. Pa.,2007-06-25,2:07-cv-00878,https://www.courtlistener.com/docket/4853413/united-states-v-brown/
,Brown,recapture,"Alfonso Cioffi v. Google, LLC",E.D. Tex.,2013-02-05,2:13-cv-00103,https://www.courtlistener.com/docket/4386090/alfonso-cioffi-v-google-llc/
,Brown,recapture,United States v. Roberts,M.D. Tenn.,2009-09-04,3:09-cv-00812,https://www.courtlistener.com/docket/4383235/united-states-v-roberts/
,Brown,recapture,BAILEM v. BROWN,N.D. Fla.,2015-12-03,4:15-cv-00590,https://www.courtlistener.com/docket/5241288/bailem-v-brown/
,Brown,recapture,"Brown v. Latin American Music Co., Inc.",D.P.R.,2024-11-08,3:24-cv-01523,https://www.courtlistener.com/docket/69364752/brown-v-latin-american-music-co-inc/
,Brown,recapture,Russell v. Brown,W.D. Ky.,2020-12-04,3:20-cv-00811,https://www.courtlistener.com/docket/18720075/russell-v-brown/
,Brown,recapture,Calvert v. Brown,Bankr. W.D. Wash.,2012-06-19,12-01476,https://www.courtlistener.com/docket/5005277/calvert-v-brown/
,Brown,recapture,United States v. Brown,D. Minnesota,2023-04-26,0:23-cr-00160,https://www.courtlistener.com/docket/68010088/united-states-v-brown/
,Brown,recapture,Paris v. Brown,D. Or.,2024-04-16,1:24-cv-00648,https://www.courtlistener.com/docket/68441998/paris-v-brown/
,Brown,recapture,Brown v. United States,M.D. Fla.,2023-09-27,3:23-cv-01093,https://www.courtlistener.com/docket/67833790/brown-v-united-states/
,Brown,recapture,Brown v. Google LLC,N.D. Cal.,2020-06-02,4:20-cv-03664,https://www.courtlistener.com/docket/17216783/brown-v-google-llc/
,Brown,recapture,United States v. Estate of Clorine Brown,W.D. Ky.,2019-07-02,1:19-cv-00086,https://www.courtlistener.com/docket/15871673/united-states-v-estate-of-clorine-brown/
,Brown,recapture,Demaree v. Babcock & Brown Holdings Inc,W.D. Wash.,2005-11-07,2:05-cv-01849,https://www.courtlistener.com/docket/4806948/demaree-v-babcock-brown-holdings-inc/
,Brown,recapture,Simpson v. Brown,N.D. Ind.,2018-03-06,1:18-cv-00052,https://www.courtlistener.com/docket/6941031/simpson-v-brown/
,Buffalo,tax increment,Sears Holdings Corporation,Bankr. S.D.N.Y.,2018-10-15,18-23538,https://www.courtlistener.com/docket/8026527/sears-holdings-corporation/
,Buffalo,tax increment,Lawrence Eugene Redman and Joy Ann Redman,Bankr. C.D. Cal.,2008-08-04,2:08-bk-21925,https://www.courtlistener.com/docket/4139946/lawrence-eugene-redman-and-joy-ann-redman/
,Buffalo,tax increment,Veasey v. Abbott,S.D. Tex.,2013-06-26,2:13-cv-00193,https://www.courtlistener.com/docket/4393299/veasey-v-abbott/
,Buffalo,tax increment,Citizens for a Healthy Community v. United States Bureau of Land Management,D. Colo.,2020-08-19,1:20-cv-02484,https://www.courtlistener.com/docket/17459258/citizens-for-a-healthy-community-v-united-states-bureau-of-land-management/
,Buffalo,tax increment,"Residents Against Flooding v. Reinvestment Zone Number Seventeen, City of Houston, Texas",S.D. Tex.,2016-05-25,4:16-cv-01458,https://www.courtlistener.com/docket/4395763/residents-against-flooding-v-reinvestment-zone-number-seventeen-city-of/
,Buffalo,tax increment,NEW JERSEY EDUCATION ASSOCIATION v. STATE OF NEW JERSEY,D.N.J.,2011-08-31,3:11-cv-05024,https://www.courtlistener.com/docket/5796765/new-jersey-education-association-v-state-of-new-jersey/
,Buffalo,tax increment,"Galante v. Watermark Services IV, LLC",W.D.N.Y.,2023-04-26,6:23-cv-06227,https://www.courtlistener.com/docket/67277272/galante-v-watermark-services-iv-llc/
,Buffalo,tax increment,COMMONWEALTH OF PUERTO RICO and Puerto Rico Public Buildings Authority (PBA),Bankr. D.P.R.,2017-05-03,17-03283,https://www.courtlistener.com/docket/6061354/commonwealth-of-puerto-rico-and-puerto-rico-public-buildings-authority/
,Buffalo,tax increment,"H&R Block, Inc. v. Block, Inc.",W.D. Mo.,2021-12-16,4:21-cv-00913,https://www.courtlistener.com/docket/61621689/hr-block-inc-v-block-inc/
,Buffalo,tax increment,Curtis v. Wilks,N.D. Ill.,2008-06-19,1:08-cv-03527,https://www.courtlistener.com/docket/4256842/curtis-v-wilks/
,Buffalo,tax increment,The Cincinnati Insurance Company v. Savarino Construction Corporation,S.D. Ohio,2008-11-10,2:08-cv-01061,https://www.courtlistener.com/docket/4974005/the-cincinnati-insurance-company-v-savarino-construction-corporation/
,Buffalo,tax increment,"General Growth Properties, Inc.",Bankr. S.D.N.Y.,2009-04-16,09-11977,https://www.courtlistener.com/docket/4326798/general-growth-properties-inc/
,Buffalo,tax increment,Summit Mountain Holding Group v. Summit Village Development Lender 1,D. Utah,2021-08-04,1:21-cv-00110,https://www.courtlistener.com/docket/60111840/summit-mountain-holding-group-v-summit-village-development-lender-1/
,Buffalo,tax increment,Allen v. United States,E.D. Mo.,2007-01-08,4:07-cv-00027,https://www.courtlistener.com/docket/5515065/allen-v-united-states/
,Buffalo,tax increment,"Arizona, State of v. Yellen",D. Ariz.,2021-03-25,2:21-cv-00514,https://www.courtlistener.com/docket/59764774/arizona-state-of-v-yellen/
,Buffalo,tax increment,Bed Bath & Beyond Inc.,Bankr. D.N.J.,2023-04-23,23-13359,https://www.courtlistener.com/docket/67249230/bed-bath-beyond-inc/
,Buffalo,tax increment,Blick v. Ann Arbor Public School District,E.D. Mich.,2019-07-20,2:19-cv-12127,https://www.courtlistener.com/docket/15945750/blick-v-ann-arbor-public-school-district/
,Buffalo,tax increment,Fremont General Corporation,Bankr. C.D. Cal.,2008-06-18,8:08-bk-13421,https://www.courtlistener.com/docket/4139928/fremont-general-corporation/
,Buffalo,tax increment,JOANN Inc.,Bankr. D. Del.,2025-01-15,25-10068,https://www.courtlistener.com/docket/69545727/joann-inc/
,Buffalo,tax increment,"Palm Springs Mile Associates, LTD. v. Ross Dress for Less, Inc.",S.D. Fla.,2020-05-04,1:20-cv-21865,https://www.courtlistener.com/docket/17127880/palm-springs-mile-associates-ltd-v-ross-dress-for-less-inc/
,Buffalo,abatement,"Bond Safeguard Insurance Company v. LR Buffalo Creek, LLC",W.D.N.C.,2008-09-12,1:08-cv-00434,https://www.courtlistener.com/docket/5453114/bond-safeguard-insurance-company-v-lr-buffalo-creek-llc/
,Buffalo,abatement,Buffalo Laborers Welfare Fund,W.D.N.Y.,2011-06-06,1:11-cv-00473,https://www.courtlistener.com/docket/8250275/buffalo-laborers-welfare-fund/
,Buffalo,abatement,Nakajima v. City of Buffalo,W.D.N.Y.,2026-06-25,1:26-cv-01305,https://www.courtlistener.com/docket/73534459/nakajima-v-city-of-buffalo/
,Buffalo,abatement,"SFP Works, LLC v. Buffalo Armory, LLC",E.D. Mich.,2014-09-16,2:14-cv-13575,https://www.courtlistener.com/docket/4292540/sfp-works-llc-v-buffalo-armory-llc/
,Buffalo,abatement,Levin v. City of Buffalo,W.D.N.Y.,2020-10-19,1:20-cv-01511,https://www.courtlistener.com/docket/34528126/levin-v-city-of-buffalo/
,Buffalo,abatement,The Campaign for Buffalo-History Architecture & Culture v. Buffalo and Fort Erie Public Bridge Authority,W.D.N.Y.,2012-06-27,1:12-cv-00605,https://www.courtlistener.com/docket/5077174/the-campaign-for-buffalo-history-architecture-culture-v-buffalo-and-fort/
,Buffalo,abatement,"Williams-Rogers v. Buffalo Pumps, Inc.",S.D. Tex.,2009-07-01,4:09-cv-02091,https://www.courtlistener.com/docket/60951884/williams-rogers-v-buffalo-pumps-inc/
,Buffalo,abatement,Black Love Resists v. City of Buffalo,W.D.N.Y.,2018-06-28,1:18-cv-00719,https://www.courtlistener.com/docket/7317496/black-love-resists-v-city-of-buffalo/
,Buffalo,abatement,"New Buffalo Area Schools v. Altria Group, Inc.",N.D. Cal.,2023-03-16,3:23-cv-01204,https://www.courtlistener.com/docket/67024599/new-buffalo-area-schools-v-altria-group-inc/
,Buffalo,abatement,"Mahany v. City of Buffalo Police Department, State of New York",W.D.N.Y.,2014-08-22,1:14-cv-00693,https://www.courtlistener.com/docket/6363481/mahany-v-city-of-buffalo-police-department-state-of-new-york/
,Buffalo,abatement,NRP Holdings LLC v. City of Buffalo,W.D.N.Y.,2011-06-06,1:11-cv-00472,https://www.courtlistener.com/docket/4358284/nrp-holdings-llc-v-city-of-buffalo/
,Buffalo,abatement,"The Diocese of Buffalo, N.Y.",Bankr. W.D.N.Y.,2020-02-28,1-20-10322,https://www.courtlistener.com/docket/16902764/the-diocese-of-buffalo-ny/
,Buffalo,abatement,"South Buffalo Development, LLC v. PVS Chemical Solutions, Inc.",W.D.N.Y.,2021-11-02,1:21-cv-01184,https://www.courtlistener.com/docket/63355965/south-buffalo-development-llc-v-pvs-chemical-solutions-inc/
,Buffalo,abatement,"City of Buffalo, et al. v. Hyundai Motor America, Inc., et al.",9th Cir.,2024-04-15,24-2350,https://www.courtlistener.com/docket/69718850/city-of-buffalo-et-al-v-hyundai-motor-america-inc-et-al/
,Buffalo,abatement,"Panek v. Johnson Contracting of WNY, Inc.",W.D.N.Y.,2010-07-01,1:10-cv-00577,https://www.courtlistener.com/docket/8250290/panek-v-johnson-contracting-of-wny-inc/
,Buffalo,abatement,Mallinckrodt plc,Bankr. D. Del.,2020-10-12,20-12522,https://www.courtlistener.com/docket/18527517/mallinckrodt-plc/
,Buffalo,abatement,"The City Of Rochester v. Smith & Wesson Brands, Inc.",W.D.N.Y.,2023-01-24,6:23-cv-06061,https://www.courtlistener.com/docket/66767690/the-city-of-rochester-v-smith-wesson-brands-inc/
,Buffalo,abatement,"The City of Buffalo v. Smith & Wesson Brands, Inc.",W.D.N.Y.,2023-01-23,1:23-cv-00066,https://www.courtlistener.com/docket/66767689/the-city-of-buffalo-v-smith-wesson-brands-inc/
,Buffalo,abatement,Purdue Pharma L.P.,Bankr. S.D.N.Y.,2019-09-15,19-23649,https://www.courtlistener.com/docket/16199040/purdue-pharma-lp/
,Buffalo,abatement,"W.R. Grace & Co., et al.",Bankr. D. Del.,2001-04-02,01-01139,https://www.courtlistener.com/docket/4216072/wr-grace-co-et-al/
,Buffalo,development agreement,NRP Holdings LLC v. City of Buffalo,W.D.N.Y.,2011-06-06,1:11-cv-00472,https://www.courtlistener.com/docket/4358284/nrp-holdings-llc-v-city-of-buffalo/
,Buffalo,development agreement,"Rockin' Jump Franchise, LLC v. Jump Buffalo Grove, LLC",N.D. Ill.,2021-04-28,1:21-cv-02293,https://www.courtlistener.com/docket/61057346/rockin-jump-franchise-llc-v-jump-buffalo-grove-llc/
,Buffalo,development agreement,"Per III, LLC v. New Buffalo, Township of",W.D. Mich.,2026-04-13,1:26-cv-01198,https://www.courtlistener.com/docket/73183435/per-iii-llc-v-new-buffalo-township-of/
,Buffalo,development agreement,DEMING v. FRED'S STORES OF TENNESSEE INC,M.D. Ga.,2012-06-18,1:12-cv-00086,https://www.courtlistener.com/docket/5288983/deming-v-freds-stores-of-tennessee-inc/
,Buffalo,development agreement,Sears Holdings Corporation,Bankr. S.D.N.Y.,2018-10-15,18-23538,https://www.courtlistener.com/docket/8026527/sears-holdings-corporation/
,Buffalo,development agreement,Bennigans Franchising Company LP v. Swigonski,N.D. Tex.,2006-12-13,3:06-cv-02300,https://www.courtlistener.com/docket/4837053/bennigans-franchising-company-lp-v-swigonski/
,Buffalo,development agreement,Chesapeake Exploration LLC v. GASTAR EXPLORATION LTD.,S.D. Tex.,2012-10-01,4:12-cv-02922,https://www.courtlistener.com/docket/4392887/chesapeake-exploration-llc-v-gastar-exploration-ltd/
,Buffalo,development agreement,FAT Brands Inc. and Twin Hospitality Group Inc.,Bankr. S.D. Tex.,2026-01-26,26-90126,https://www.courtlistener.com/docket/72190554/fat-brands-inc-and-twin-hospitality-group-inc/
,Buffalo,development agreement,"NEURAGENEX TREATMENT CENTERS, LLC",Bankr. D. Ariz.,2024-01-26,2:24-bk-00631,https://www.courtlistener.com/docket/68199292/neuragenex-treatment-centers-llc/
,Buffalo,development agreement,"In Re: Oil Spill by the Oil Rig ""Deepwater Horizon"" in the Gulf of Mexico, on April 20, 2010",E.D. La.,2010-08-10,2:10-md-02179,https://www.courtlistener.com/docket/4510515/in-re-oil-spill-by-the-oil-rig-deepwater-horizon-in-the-gulf-of-mexico/
,Buffalo,development agreement,"Spencer Franchise Services of Georgia, Inc. v. WOW Cafe and Wingery Franchising Account, LLC",E.D. La.,2013-05-31,2:13-cv-04688,https://www.courtlistener.com/docket/4270265/spencer-franchise-services-of-georgia-inc-v-wow-cafe-and-wingery/
,Buffalo,development agreement,JMAC Energy Services LLC v. Badger Mining Corporation,D.N.D.,2024-05-13,1:24-cv-00080,https://www.courtlistener.com/docket/68762282/jmac-energy-services-llc-v-badger-mining-corporation/
,Buffalo,development agreement,Dubash v. Houston,S.D. Tex.,2023-09-20,4:23-cv-03556,https://www.courtlistener.com/docket/67814359/dubash-v-houston/
,Buffalo,development agreement,"United States v. Johnson Contracting of WNY, Inc.",W.D.N.Y.,2011-08-03,1:11-cr-00241,https://www.courtlistener.com/docket/5051668/united-states-v-johnson-contracting-of-wny-inc/
,Buffalo,development agreement,Horizon Tower Limited LLC v. Park County,D. Wyo.,2023-03-09,2:23-cv-00037,https://www.courtlistener.com/docket/66978100/horizon-tower-limited-llc-v-park-county/
,Buffalo,development agreement,Ubiquiti Inc. v. Peraso Technologies Inc.,S.D.N.Y.,2020-02-14,1:20-cv-01312,https://www.courtlistener.com/docket/16846365/ubiquiti-inc-v-peraso-technologies-inc/
,Buffalo,development agreement,Rutherford County v. Bond Safeguard Insurance Company,W.D.N.C.,2009-07-31,1:09-cv-00292,https://www.courtlistener.com/docket/5489402/rutherford-county-v-bond-safeguard-insurance-company/
,Buffalo,development agreement,"Deel, LLC",Bankr. D. Del.,2010-04-21,10-11310,https://www.courtlistener.com/docket/4215361/deel-llc/
,Buffalo,development agreement,Mining Project Wind Down Holdings Inc. and Relm Insurance Ltd.,Bankr. S.D. Tex.,2022-09-22,22-90273,https://www.courtlistener.com/docket/65369396/mining-project-wind-down-holdings-inc-and-relm-insurance-ltd/
,Buffalo,development agreement,"MALA GEOSCIENCE AB v. WITTEN TECHNOLOGIES, INC.",D.D.C.,2006-07-28,1:06-cv-01343,https://www.courtlistener.com/docket/4205298/mala-geoscience-ab-v-witten-technologies-inc/
,Buffalo,clawback,BUFFALO GROVE POLICE PENSION FUND v. DIEFENDERFER,E.D. Pa.,2019-01-04,2:19-cv-00062,https://www.courtlistener.com/docket/8483115/buffalo-grove-police-pension-fund-v-diefenderfer/
,Buffalo,clawback,Kiana Tamez v. Buffalo Wild Wings,C.D. Cal.,2015-12-18,2:15-cv-09754,https://www.courtlistener.com/docket/5925208/kiana-tamez-v-buffalo-wild-wings/
,Buffalo,clawback,Black Love Resists v. City of Buffalo,W.D.N.Y.,2018-06-28,1:18-cv-00719,https://www.courtlistener.com/docket/7317496/black-love-resists-v-city-of-buffalo/
,Buffalo,clawback,"Commonwealth Scientific and Industrial Research Organisation v. Buffalo Technology (USA), Inc",E.D. Tex.,2005-02-02,6:06-cv-00324,https://www.courtlistener.com/docket/4389388/commonwealth-scientific-and-industrial-research-organisation-v-buffalo/
,Buffalo,clawback,June v. Power Authority of the State of New York,W.D.N.Y.,2019-07-23,1:19-cv-00963,https://www.courtlistener.com/docket/18387244/june-v-power-authority-of-the-state-of-new-york/
,Buffalo,clawback,"Al Otro Lado, Inc. v. McAleenan",S.D. Cal.,2017-11-22,3:17-cv-02366,https://www.courtlistener.com/docket/6242774/al-otro-lado-inc-v-mcaleenan/
,Buffalo,clawback,IN RE UPSTREAM ADDICKS AND BARKER (TEXAS) FLOOD-CONTROL RESERVOIRS v. United States,Fed. Cl.,2017-12-05,1:17-cv-09001,https://www.courtlistener.com/docket/8108539/in-re-upstream-addicks-and-barker-texas-flood-control-reservoirs-v/
,Buffalo,clawback,"Moog Inc. v. Skyryse, Inc.",W.D.N.Y.,2022-03-07,1:22-cv-00187,https://www.courtlistener.com/docket/63144047/moog-inc-v-skyryse-inc/
,Buffalo,clawback,DOE v. UNITED STATES IMMIGRATION AND CUSTOMS ENFORCEMENT,D.D.C.,2024-03-04,1:24-cv-00617,https://www.courtlistener.com/docket/68308922/doe-v-united-states-immigration-and-customs-enforcement/
,Buffalo,clawback,COMMONWEALTH OF PUERTO RICO and Puerto Rico Public Buildings Authority (PBA),Bankr. D.P.R.,2017-05-03,17-03283,https://www.courtlistener.com/docket/6061354/commonwealth-of-puerto-rico-and-puerto-rico-public-buildings-authority/
,Buffalo,clawback,Intel Corporation v. Commonwealth Scientific and Industrial Research Organisation,E.D. Tex.,2006-12-26,6:06-cv-00551,https://www.courtlistener.com/docket/4820192/intel-corporation-v-commonwealth-scientific-and-industrial-research/
,Buffalo,clawback,"Securities Investor Protection Corporation v. Bernard L. Madoff Investment Securities, LLC. et a",Bankr. S.D.N.Y.,2008-12-11,08-01789,https://www.courtlistener.com/docket/4326756/securities-investor-protection-corporation-v-bernard-l-madoff-investment/
,Buffalo,clawback,"Moog Inc. v. Skyryse, Inc.",C.D. Cal.,2022-12-15,2:22-cv-09094,https://www.courtlistener.com/docket/66667482/moog-inc-v-skyryse-inc/
,Buffalo,clawback,In re National Football Leagues Sunday Ticket Antitrust Litigation,C.D. Cal.,2015-12-10,2:15-ml-02668,https://www.courtlistener.com/docket/5923341/in-re-national-football-leagues-sunday-ticket-antitrust-litigation/
,Buffalo,clawback,Microsoft Corporation v. Commonwealth Scientific and Industrial Research Organisation,E.D. Tex.,2006-12-22,6:06-cv-00549,https://www.courtlistener.com/docket/4820197/microsoft-corporation-v-commonwealth-scientific-and-industrial-research/
,Buffalo,clawback,Otis Worldwide Corporation v. Smith,S.D. Fla.,2025-06-30,9:25-cv-80825,https://www.courtlistener.com/docket/70676822/otis-worldwide-corporation-v-smith/
,Buffalo,clawback,In Re UnitedHealth Group PBM Litigation,D. Minnesota,2016-10-04,0:16-cv-03352,https://www.courtlistener.com/docket/4514379/in-re-unitedhealth-group-pbm-litigation/
,Buffalo,clawback,"Securities and Exchange Commission v. WG Trading Investors, L.P.",S.D.N.Y.,2009-02-25,2:09-cv-01750,https://www.courtlistener.com/docket/4346154/securities-and-exchange-commission-v-wg-trading-investors-lp/
,Buffalo,clawback,CAUSER v. OLEAN GENERAL HOSPITAL,W.D. Pa.,2023-09-21,1:23-cv-00280,https://www.courtlistener.com/docket/67846945/causer-v-olean-general-hospital/
,Buffalo,clawback,"Commonwealth Scientific and Industrial Research Organisation v. Toshiba America Information Systems, Inc.",E.D. Tex.,2006-12-22,6:06-cv-00550,https://www.courtlistener.com/docket/4384684/commonwealth-scientific-and-industrial-research-organisation-v-toshiba/
,Buffalo,recapture,NRP Holdings LLC v. City of Buffalo,W.D.N.Y.,2011-06-06,1:11-cv-00472,https://www.courtlistener.com/docket/4358284/nrp-holdings-llc-v-city-of-buffalo/
,Buffalo,recapture,"SFP Works, LLC v. Buffalo Armory, LLC",E.D. Mich.,2014-09-16,2:14-cv-13575,https://www.courtlistener.com/docket/4292540/sfp-works-llc-v-buffalo-armory-llc/
,Buffalo,recapture,The Campaign for Buffalo-History Architecture & Culture v. Buffalo and Fort Erie Public Bridge Authority,W.D.N.Y.,2012-06-27,1:12-cv-00605,https://www.courtlistener.com/docket/5077174/the-campaign-for-buffalo-history-architecture-culture-v-buffalo-and-fort/
,Buffalo,recapture,United States v. Barber,D. Neb.,2005-04-11,8:05-cv-00160,https://www.courtlistener.com/docket/5642201/united-states-v-barber/
,Buffalo,recapture,United States v. Yandow,N.D.N.Y.,2019-09-16,5:19-cv-01142,https://www.courtlistener.com/docket/16202469/united-states-v-yandow/
,Buffalo,recapture,United States v. Woodard,N.D.N.Y.,2020-01-03,1:20-cv-00001,https://www.courtlistener.com/docket/16650671/united-states-v-woodard/
,Buffalo,recapture,United States v. Percoco,S.D.N.Y.,2016-11-22,1:16-cr-00776,https://www.courtlistener.com/docket/4545051/united-states-v-percoco/
,Buffalo,recapture,United States v. Pickett,N.D.N.Y.,2019-08-09,5:19-cv-00978,https://www.courtlistener.com/docket/16038441/united-states-v-pickett/
,Buffalo,recapture,United States v. Copp,W.D.N.Y.,2023-07-26,1:23-cv-00745,https://www.courtlistener.com/docket/69341324/united-states-v-copp/
,Buffalo,recapture,United States v. Lombardo,W.D.N.Y.,2016-11-29,1:16-cr-00140,https://www.courtlistener.com/docket/32362416/united-states-v-lombardo/
,Buffalo,recapture,"State of Oklahoma v. Tyson Foods, Inc.",N.D. Okla.,2005-06-13,4:05-cv-00329,https://www.courtlistener.com/docket/4568133/state-of-oklahoma-v-tyson-foods-inc/
,Buffalo,recapture,United States v. Sommer,N.D.N.Y.,2019-09-25,6:19-cv-01194,https://www.courtlistener.com/docket/16256802/united-states-v-sommer/
,Buffalo,recapture,Johnson v. County of Chautauqua,Bankr. W.D.N.Y.,2010-07-14,1-10-01067,https://www.courtlistener.com/docket/4875022/johnson-v-county-of-chautauqua/
,Buffalo,recapture,Mark Lettieri and Susan Lettieri,Bankr. W.D.N.Y.,2008-06-03,1-08-12443,https://www.courtlistener.com/docket/5032575/mark-lettieri-and-susan-lettieri/
,Buffalo,recapture,United States v. Witt,S.D.N.Y.,2019-10-17,7:19-cv-09609,https://www.courtlistener.com/docket/16346751/united-states-v-witt/
,Buffalo,recapture,United States v. Medema,N.D.N.Y.,2019-10-08,8:19-cv-01239,https://www.courtlistener.com/docket/16311010/united-states-v-medema/
,Buffalo,recapture,"City of Huntington, West Virginia v. AmerisourceBergen Drug Corporation",S.D.W. Va,2020-01-24,3:17-cv-01362,https://www.courtlistener.com/docket/16758858/city-of-huntington-west-virginia-v-amerisourcebergen-drug-corporation/
,Buffalo,recapture,United States v. Savoy,S.D.N.Y.,2019-12-27,7:19-cv-11853,https://www.courtlistener.com/docket/16631227/united-states-v-savoy/
,Buffalo,recapture,United States v. Gwenn Wycoff,C.D. Cal.,2010-08-06,2:10-cv-05856,https://www.courtlistener.com/docket/4146014/united-states-v-gwenn-wycoff/
,Buffalo,recapture,United States v. Householder,S.D. Ohio,2020-07-30,1:20-cr-00077,https://www.courtlistener.com/docket/17395369/united-states-v-householder/
,Butler,tax increment,Sears Holdings Corporation,Bankr. S.D.N.Y.,2018-10-15,18-23538,https://www.courtlistener.com/docket/8026527/sears-holdings-corporation/
,Butler,tax increment,"Westmore Equities, LLC v. City of Mounds",S.D. Ill.,2015-02-02,3:15-cv-00109,https://www.courtlistener.com/docket/5337238/westmore-equities-llc-v-city-of-mounds/
,Butler,tax increment,"DPH Holdings Corp., et al.",Bankr. S.D.N.Y.,2005-10-08,05-44481,https://www.courtlistener.com/docket/4718045/dph-holdings-corp-et-al/
,Butler,tax increment,"Johnson v. City of Moss Point, Mississippi",S.D. Miss.,2025-04-14,1:25-cv-00114,https://www.courtlistener.com/docket/69891333/johnson-v-city-of-moss-point-mississippi/
,Butler,tax increment,Rethink35 v. Texas Department of Transportation (TXDOT),W.D. Tex.,2024-01-26,1:24-cv-00092,https://www.courtlistener.com/docket/68199197/rethink35-v-texas-department-of-transportation-txdot/
,Butler,tax increment,"Safeway Acquisition Company, LLC v. Huron, Charter Township of",E.D. Mich.,2023-03-27,2:23-cv-10709,https://www.courtlistener.com/docket/67093575/safeway-acquisition-company-llc-v-huron-charter-township-of/
,Butler,tax increment,"City of Detroit, Michigan",Bankr. E.D. Mich.,2013-07-18,13-53846,https://www.courtlistener.com/docket/4290108/city-of-detroit-michigan/
,Butler,tax increment,Perkins v. Neal,N.D. Ill.,2007-02-13,1:07-cv-00841,https://www.courtlistener.com/docket/5450434/perkins-v-neal/
,Butler,tax increment,The Committee v. City of Modesto,E.D. Cal.,2004-08-18,1:04-cv-06121,https://www.courtlistener.com/docket/5675246/the-committee-v-city-of-modesto/
,Butler,tax increment,COMMONWEALTH OF PUERTO RICO and Puerto Rico Public Buildings Authority (PBA),Bankr. D.P.R.,2017-05-03,17-03283,https://www.courtlistener.com/docket/6061354/commonwealth-of-puerto-rico-and-puerto-rico-public-buildings-authority/
,Butler,tax increment,West v. Seiffert,Bankr. S.D. Tex.,2006-06-02,06-03415,https://www.courtlistener.com/docket/4753029/west-v-seiffert/
,Butler,tax increment,City of San Jose v. Office of the Commissioner of Baseball,N.D. Cal.,2013-06-18,5:13-cv-02787,https://www.courtlistener.com/docket/4180136/city-of-san-jose-v-office-of-the-commissioner-of-baseball/
,Butler,tax increment,Walden v. City of Providence,D.R.I.,2004-07-20,1:04-cv-00304,https://www.courtlistener.com/docket/4380506/walden-v-city-of-providence/
,Butler,tax increment,Cleveland Browns Football Company LLC v. City of Cleveland,N.D. Ohio,2024-10-24,1:24-cv-01857,https://www.courtlistener.com/docket/69308690/cleveland-browns-football-company-llc-v-city-of-cleveland/
,Butler,tax increment,Thomson v. Smith,N.D. Iowa,2020-06-17,6:20-cv-02041,https://www.courtlistener.com/docket/17301682/thomson-v-smith/
,Butler,tax increment,Shiferaw v. City and County of San Francisco,N.D. Cal.,2018-11-09,3:18-cv-06830,https://www.courtlistener.com/docket/14739774/shiferaw-v-city-and-county-of-san-francisco/
,Butler,tax increment,Westport Property Investment v. Neil Ruther,4th Cir.,2015-06-18,15-1671,https://www.courtlistener.com/docket/4137943/westport-property-investment-v-neil-ruther/
,Butler,tax increment,"HUNT CONSTRUCTION GROUP, INC. v. POOLE AND KENT CORPORATION",D.D.C.,2006-10-30,1:06-cv-01850,https://www.courtlistener.com/docket/4205875/hunt-construction-group-inc-v-poole-and-kent-corporation/
,Butler,tax increment,Securities and Exchange Commission v. Barton,N.D. Tex.,2022-09-23,3:22-cv-02118,https://www.courtlistener.com/docket/65371595/securities-and-exchange-commission-v-barton/
,Butler,tax increment,In Re: National Prescription Opiate Litigation,N.D. Ohio,2022-11-04,1:17-md-02804,https://www.courtlistener.com/docket/6240169/in-re-national-prescription-opiate-litigation/
,Butler,abatement,Butler v. Ledbetter,E.D. Okla.,2023-12-21,6:23-cv-00433,https://www.courtlistener.com/docket/68230171/butler-v-ledbetter/
,Butler,abatement,Sabrina Renee Butler,Bankr. D. Kan.,2017-09-21,17-41125,https://www.courtlistener.com/docket/6542108/sabrina-renee-butler/
,Butler,abatement,Butler v. Branscum,E.D. Okla.,2023-10-12,6:23-cv-00344,https://www.courtlistener.com/docket/68662738/butler-v-branscum/
,Butler,abatement,Butler v. State of Kansas,10th Cir.,2020-07-10,20-3139,https://www.courtlistener.com/docket/63658791/butler-v-state-of-kansas/
,Butler,abatement,Butler v. Collins,N.D. Tex.,2018-01-05,3:18-cv-00037,https://www.courtlistener.com/docket/6351966/butler-v-collins/
,Butler,abatement,Allan Butler and Donna Butler,Bankr. D. Minn.,2009-10-09,09-46805,https://www.courtlistener.com/docket/4293913/allan-butler-and-donna-butler/
,Butler,abatement,Butler v. Lingold,M.D. Fla.,2019-07-31,3:19-cv-00890,https://www.courtlistener.com/docket/16002519/butler-v-lingold/
,Butler,abatement,Butler v. Williams,D. Nev.,2013-01-30,2:13-cv-00158,https://www.courtlistener.com/docket/6044912/butler-v-williams/
,Butler,abatement,Sanders v. Butler,W.D. Ark.,2010-03-02,1:10-cv-01014,https://www.courtlistener.com/docket/5320329/sanders-v-butler/
,Butler,abatement,United States v. PALFREY,D.D.C.,2007-03-01,1:07-cr-00046,https://www.courtlistener.com/docket/4206721/united-states-v-palfrey/
,Butler,abatement,Butler v. Beaton,D. Mass.,2004-09-10,1:04-cv-11971,https://www.courtlistener.com/docket/4279837/butler-v-beaton/
,Butler,abatement,Amaya v. Butler,S.D. Ill.,2016-12-27,3:16-cv-01390,https://www.courtlistener.com/docket/6101265/amaya-v-butler/
,Butler,abatement,Butler v. Bessent,S.D. Ala.,2025-03-24,1:25-cv-00115,https://www.courtlistener.com/docket/69781851/butler-v-bessent/
,Butler,abatement,(PS) Butler v. Dozier,E.D. Cal.,2022-02-03,2:22-cv-00226,https://www.courtlistener.com/docket/62654633/ps-butler-v-dozier/
,Butler,abatement,Potter v. Butler,D.R.I.,2025-07-09,1:25-cv-00323,https://www.courtlistener.com/docket/70744023/potter-v-butler/
,Butler,abatement,"Trustees for The Mason Tenders District Council Welfare Fund, Pension Fund, Annuity Fund, and Training Program Fund v. Shannon Abatement, Inc.",S.D.N.Y.,2012-03-16,1:12-cv-01988,https://www.courtlistener.com/docket/8262565/trustees-for-the-mason-tenders-district-council-welfare-fund-pension-fund/
,Butler,abatement,United States v. Butler,M.D. Fla.,2018-10-10,3:18-cr-00180,https://www.courtlistener.com/docket/14512672/united-states-v-butler/
,Butler,abatement,(PC) Tabarez v. Butler,E.D. Cal.,2004-02-19,2:04-cv-00360,https://www.courtlistener.com/docket/5681381/pc-tabarez-v-butler/
,Butler,abatement,Phillip Anthony Butler,Bankr. N.D. Ga.,2025-07-29,25-58447,https://www.courtlistener.com/docket/70954613/phillip-anthony-butler/
,Butler,abatement,Butler v. Denka Performance Elastomer LLC,E.D. La.,2018-07-13,2:18-cv-06685,https://www.courtlistener.com/docket/7434235/butler-v-denka-performance-elastomer-llc/
,Butler,development agreement,"KLD Energy Technologies, Inc.",Bankr. W.D. Tex.,2016-03-25,16-10345,https://www.courtlistener.com/docket/4534363/kld-energy-technologies-inc/
,Butler,development agreement,"Butler v. Adoption Media, LLC",N.D. Cal.,2004-01-12,4:04-cv-00135,https://www.courtlistener.com/docket/4165530/butler-v-adoption-media-llc/
,Butler,development agreement,"DPH Holdings Corp., et al.",Bankr. S.D.N.Y.,2005-10-08,05-44481,https://www.courtlistener.com/docket/4718045/dph-holdings-corp-et-al/
,Butler,development agreement,Sears Holdings Corporation,Bankr. S.D.N.Y.,2018-10-15,18-23538,https://www.courtlistener.com/docket/8026527/sears-holdings-corporation/
,Butler,development agreement,"Glenroy Coachella, LLC",Bankr. C.D. Cal.,2021-02-15,2:21-bk-11188,https://www.courtlistener.com/docket/59292241/glenroy-coachella-llc/
,Butler,development agreement,"UDR of Tennessee, L.P. v. MDG Zaremba Sammytown, LLC",M.D. Fla.,2012-10-31,8:12-cv-02462,https://www.courtlistener.com/docket/4500441/udr-of-tennessee-lp-v-mdg-zaremba-sammytown-llc/
,Butler,development agreement,Bloomington Partners LLC v. City of Bloomington,C.D. Ill.,2004-12-10,2:04-cv-02287,https://www.courtlistener.com/docket/4630255/bloomington-partners-llc-v-city-of-bloomington/
,Butler,development agreement,"Radian Asset Assurance Inc. v. Madison County, Mississippi",S.D. Miss.,2013-11-01,3:13-cv-00686,https://www.courtlistener.com/docket/4516013/radian-asset-assurance-inc-v-madison-county-mississippi/
,Butler,development agreement,"Perez v. Utility Constructors, Inc.",E.D. La.,2015-09-24,2:15-cv-04675,https://www.courtlistener.com/docket/4270674/perez-v-utility-constructors-inc/
,Butler,development agreement,"Roku, Inc. v. Quanta Computer Inc.",N.D. Cal.,2026-06-16,5:26-cv-05911,https://www.courtlistener.com/docket/73493385/roku-inc-v-quanta-computer-inc/
,Butler,development agreement,"Thomas v. Papa John's International, Inc.",S.D. Ohio,2017-06-16,1:17-cv-00411,https://www.courtlistener.com/docket/6176193/thomas-v-papa-johns-international-inc/
,Butler,development agreement,Akorn Holding Company LLC,Bankr. D. Del.,2023-02-23,23-10253,https://www.courtlistener.com/docket/66841819/akorn-holding-company-llc/
,Butler,development agreement,"Northeast Land Development, LLC v. City of Scranton",M.D. Penn.,2008-02-14,3:08-cv-00290,https://www.courtlistener.com/docket/4611241/northeast-land-development-llc-v-city-of-scranton/
,Butler,development agreement,COMMUNITY MARITIME PARK ASSOCIATES INC v. MARITIME PARK DEVELOPMENT PARTNERS LLC,N.D. Fla.,2011-02-04,3:11-cv-00060,https://www.courtlistener.com/docket/4957410/community-maritime-park-associates-inc-v-maritime-park-development/
,Butler,development agreement,"TWC Liquidation Trust, LLC",Bankr. D. Del.,2018-03-19,18-10601,https://www.courtlistener.com/docket/6338425/twc-liquidation-trust-llc/
,Butler,development agreement,Ogden UT Soleco Return v. Soleco,D. Utah,2014-04-22,1:14-cv-00050,https://www.courtlistener.com/docket/5142815/ogden-ut-soleco-return-v-soleco/
,Butler,development agreement,In Re: Allstate Life Insurance Company Litigation,D. Ariz.,2009-09-18,3:09-cv-08162,https://www.courtlistener.com/docket/4132799/in-re-allstate-life-insurance-company-litigation/
,Butler,development agreement,CarbonCharge Technologies LLC v. Talafous-Favetta,S.D.N.Y.,2024-01-17,7:24-cv-00361,https://www.courtlistener.com/docket/68167834/carboncharge-technologies-llc-v-talafous-favetta/
,Butler,development agreement,Dreamcatcher v. Pop Warner Little,D. Conn.,2001-05-08,3:01-cv-00808,https://www.courtlistener.com/docket/4199958/dreamcatcher-v-pop-warner-little/
,Butler,development agreement,"Spencer Franchise Services of Georgia, Inc. v. WOW Cafe and Wingery Franchising Account, LLC",E.D. La.,2013-05-31,2:13-cv-04688,https://www.courtlistener.com/docket/4270265/spencer-franchise-services-of-georgia-inc-v-wow-cafe-and-wingery/
,Butler,clawback,"Reed-Butler v. Gentiva Health Services, Inc.",N.D. Ga.,2015-06-02,1:15-cv-01989,https://www.courtlistener.com/docket/7393573/reed-butler-v-gentiva-health-services-inc/
,Butler,clawback,"Butler v. Village Caregiving, LLC",S.D. Ohio,2022-12-12,2:22-cv-04359,https://www.courtlistener.com/docket/66630610/butler-v-village-caregiving-llc/
,Butler,clawback,Butler v. City of Caldwell,D. Idaho,2025-02-06,1:25-cv-00067,https://www.courtlistener.com/docket/69621075/butler-v-city-of-caldwell/
,Butler,clawback,Hartford v. Monsanto Company,D. Conn.,2015-10-23,3:15-cv-01544,https://www.courtlistener.com/docket/4539424/hartford-v-monsanto-company/
,Butler,clawback,Mills v. Butler Snow LLP,S.D. Miss.,2018-12-19,3:18-cv-00866,https://www.courtlistener.com/docket/8433398/mills-v-butler-snow-llp/
,Butler,clawback,"Yvette Butler v. Wal-Mart Associates, Inc.",C.D. Cal.,2023-01-31,5:23-cv-00166,https://www.courtlistener.com/docket/66776769/yvette-butler-v-wal-mart-associates-inc/
,Butler,clawback,Nolan v. The City of New York,E.D.N.Y,2019-01-09,1:19-cv-00187,https://www.courtlistener.com/docket/14716178/nolan-v-the-city-of-new-york/
,Butler,clawback,Spectrum Dynamics Medical Limited v. General Electric Company,S.D.N.Y.,2018-12-06,1:18-cv-11386,https://www.courtlistener.com/docket/8365456/spectrum-dynamics-medical-limited-v-general-electric-company/
,Butler,clawback,"Butler v. American Cable & Telephone, LLC",N.D. Ill.,2009-08-28,1:09-cv-05336,https://www.courtlistener.com/docket/4259007/butler-v-american-cable-telephone-llc/
,Butler,clawback,Bleick v. Maxfield,S.D. Ohio,2025-10-02,2:25-cv-01140,https://www.courtlistener.com/docket/71530597/bleick-v-maxfield/
,Butler,clawback,"State of Ohio, ex rel. Dave Yost Attorney General of Ohio v. Ascent Health Services LLC",S.D. Ohio,2023-04-27,2:23-cv-01450,https://www.courtlistener.com/docket/67282082/state-of-ohio-ex-rel-dave-yost-attorney-general-of-ohio-v-ascent-health/
,Butler,clawback,"Consigli & Associates, LLC v. Maplewood Senior Living, LLC",S.D.N.Y.,2020-09-18,1:20-cv-07712,https://www.courtlistener.com/docket/18453152/consigli-associates-llc-v-maplewood-senior-living-llc/
,Butler,clawback,Securities and Exchange Commission v. Merrill,D. Maryland,2018-09-13,1:18-cv-02844,https://www.courtlistener.com/docket/7899615/securities-and-exchange-commission-v-merrill/
,Butler,clawback,Fairfield Sentry Limited and Nomura International plc - Adversary Proceeding,Bankr. S.D.N.Y.,2010-09-21,10-03635,https://www.courtlistener.com/docket/4568783/fairfield-sentry-limited-and-nomura-international-plc-adversary/
,Butler,clawback,COMMONWEALTH OF PUERTO RICO and Puerto Rico Public Buildings Authority (PBA),Bankr. D.P.R.,2017-05-03,17-03283,https://www.courtlistener.com/docket/6061354/commonwealth-of-puerto-rico-and-puerto-rico-public-buildings-authority/
,Butler,clawback,United States of America v. Fluor Corporation Inc,D.S.C.,2013-09-09,6:13-cv-02428,https://www.courtlistener.com/docket/13475768/united-states-of-america-v-fluor-corporation-inc/
,Butler,clawback,Grae v. Corrections Corporation of America,M.D. Tenn.,2016-08-23,3:16-cv-02267,https://www.courtlistener.com/docket/4530353/grae-v-corrections-corporation-of-america/
,Butler,clawback,"Securities Investor Protection Corporation v. Bernard L. Madoff Investment Securities, LLC. et a",Bankr. S.D.N.Y.,2008-12-11,08-01789,https://www.courtlistener.com/docket/4326756/securities-investor-protection-corporation-v-bernard-l-madoff-investment/
,Butler,clawback,"DPH Holdings Corp., et al.",Bankr. S.D.N.Y.,2005-10-08,05-44481,https://www.courtlistener.com/docket/4718045/dph-holdings-corp-et-al/
,Butler,clawback,United States v. Wessell,S.D. Fla.,2022-05-24,0:22-cv-60988,https://www.courtlistener.com/docket/63334306/united-states-v-wessell/
,Butler,recapture,Butler v. King,D.S.C.,2018-09-12,2:18-cv-02522,https://www.courtlistener.com/docket/7923840/butler-v-king/
,Butler,recapture,United States v. Colburn,D. Neb.,2005-08-03,4:05-cv-03190,https://www.courtlistener.com/docket/5647555/united-states-v-colburn/
,Butler,recapture,Mohammad Rimi v. Barack Obama,D.C. Cir.,2010-01-29,10-5021,https://www.courtlistener.com/docket/4155135/mohammad-rimi-v-barack-obama/
,Butler,recapture,"DPH Holdings Corp., et al.",Bankr. S.D.N.Y.,2005-10-08,05-44481,https://www.courtlistener.com/docket/4718045/dph-holdings-corp-et-al/
,Butler,recapture,United States v. Oberuch,D. Neb.,2005-04-15,4:05-cv-03093,https://www.courtlistener.com/docket/5640286/united-states-v-oberuch/
,Butler,recapture,The Ray Charles Foundation v. Raenee Robinson,C.D. Cal.,2012-03-29,2:12-cv-02725,https://www.courtlistener.com/docket/4148328/the-ray-charles-foundation-v-raenee-robinson/
,Butler,recapture,"ServiceLink NLS, LLC v. Butler & Hosch P.A.",W.D. Wash.,2015-02-06,2:15-cv-00173,https://www.courtlistener.com/docket/4411532/servicelink-nls-llc-v-butler-hosch-pa/
,Butler,recapture,Spectrum Dynamics Medical Limited v. General Electric Company,S.D.N.Y.,2018-12-06,1:18-cv-11386,https://www.courtlistener.com/docket/8365456/spectrum-dynamics-medical-limited-v-general-electric-company/
,Butler,recapture,"KLD Energy Technologies, Inc.",Bankr. W.D. Tex.,2016-03-25,16-10345,https://www.courtlistener.com/docket/4534363/kld-energy-technologies-inc/
,Butler,recapture,United States v. Daly,D. Kan.,2018-09-04,5:18-cv-04108,https://www.courtlistener.com/docket/7799039/united-states-v-daly/
,Butler,recapture,"Epic Games, Inc. v. Apple, Inc.",9th Cir.,2021-10-14,21-16695,https://www.courtlistener.com/docket/67256505/epic-games-inc-v-apple-inc/
,Butler,recapture,ASICS AMERICA CORPORATION v. AKEVA L.L.C.,M.D.N.C.,2009-02-21,1:09-cv-00135,https://www.courtlistener.com/docket/5114449/asics-america-corporation-v-akeva-llc/
,Butler,recapture,Motors Liquidation Company,Bankr. S.D.N.Y.,2009-06-01,09-50026,https://www.courtlistener.com/docket/4327513/motors-liquidation-company/
,Butler,recapture,Lee v. Thomas (INMATE1),M.D. Ala.,2008-01-08,2:08-cv-00018,https://www.courtlistener.com/docket/4125458/lee-v-thomas-inmate1/
,Butler,recapture,"EdgeMarc Energy Holdings, LLC",Bankr. D. Del.,2019-05-15,19-11104,https://www.courtlistener.com/docket/15566023/edgemarc-energy-holdings-llc/
,Butler,recapture,United States v. RAYNOVICH,W.D. Pa.,2021-04-29,2:21-cv-00564,https://www.courtlistener.com/docket/59864407/united-states-v-raynovich/
,Butler,recapture,Reneau v. Oakwood Mobile Homes,N.D. Ala.,1997-01-02,4:97-cv-00014,https://www.courtlistener.com/docket/5130500/reneau-v-oakwood-mobile-homes/
,Butler,recapture,United States v. Quario,N.D. Iowa,2017-07-19,3:17-cv-03064,https://www.courtlistener.com/docket/6201730/united-states-v-quario/
,Butler,recapture,"Tavenner, as Chapter 7 Trustee v. ULX Partners, LLC",Bankr. E.D. Va.,2020-10-26,20-03142,https://www.courtlistener.com/docket/18575002/tavenner-as-chapter-7-trustee-v-ulx-partners-llc/
,Butler,recapture,"Seff Enterprises & Holdings, LLC",Bankr. D.N.H.,2009-09-15,09-13568,https://www.courtlistener.com/docket/4757078/seff-enterprises-holdings-llc/
,Butte,tax increment,Citizens for a Healthy Community v. United States Bureau of Land Management,D. Colo.,2020-08-19,1:20-cv-02484,https://www.courtlistener.com/docket/17459258/citizens-for-a-healthy-community-v-united-states-bureau-of-land-management/
,Butte,tax increment,"GT Advanced Technologies, Inc. and GT Advanced Equipment Holding LLC",Bankr. D.N.H.,2014-10-06,14-11916,https://www.courtlistener.com/docket/4306377/gt-advanced-technologies-inc-and-gt-advanced-equipment-holding-llc/
,Butte,tax increment,Motors Liquidation Company,Bankr. S.D.N.Y.,2009-06-01,09-50026,https://www.courtlistener.com/docket/4327513/motors-liquidation-company/
,Butte,tax increment,MONTANA ENVIRONMENTAL INFORMATION CENTER v. JOHANNS,D.D.C.,2007-07-23,1:07-cv-01311,https://www.courtlistener.com/docket/4207635/montana-environmental-information-center-v-johanns/
,Butte,tax increment,Thomson Reuters Enterprise Centre GmbH v. ROSS Intelligence Inc.,D. Del.,2020-05-06,1:20-cv-00613,https://www.courtlistener.com/docket/17131648/thomson-reuters-enterprise-centre-gmbh-v-ross-intelligence-inc/
,Butte,abatement,Lozano v. Butte County,E.D. Cal.,2022-07-25,2:22-cv-01313,https://www.courtlistener.com/docket/64434013/lozano-v-butte-county/
,Butte,abatement,Atlantic Specialty Insurance Company v. Black Butte Coal Company,S.D.N.Y.,2025-11-18,1:25-cv-09611,https://www.courtlistener.com/docket/71926295/atlantic-specialty-insurance-company-v-black-butte-coal-company/
,Butte,abatement,County of Butte v. Amerisourcebergen Drug Corporation,E.D. Cal.,2018-05-09,2:18-cv-01151,https://www.courtlistener.com/docket/6608859/county-of-butte-v-amerisourcebergen-drug-corporation/
,Butte,abatement,County of Butte v. Amerisourcebergen Drug Corporation,N.D. Ohio,2018-06-01,1:18-op-45627,https://www.courtlistener.com/docket/7017532/county-of-butte-v-amerisourcebergen-drug-corporation/
,Butte,abatement,"Walnut Hill Estate Enterprises, LLC v. County of Butte",E.D. Cal.,2009-02-20,2:09-cv-00500,https://www.courtlistener.com/docket/5820691/walnut-hill-estate-enterprises-llc-v-county-of-butte/
,Butte,abatement,CA Open Lands v. Butte County Dept. of Public Works,E.D. Cal.,2020-01-16,2:20-cv-00123,https://www.courtlistener.com/docket/16759159/ca-open-lands-v-butte-county-dept-of-public-works/
,Butte,abatement,Staton v. City and County of Butte-Silver Bow,D. Mont.,2020-11-18,2:20-cv-00060,https://www.courtlistener.com/docket/18644626/staton-v-city-and-county-of-butte-silver-bow/
,Butte,abatement,Mallinckrodt plc,Bankr. D. Del.,2020-10-12,20-12522,https://www.courtlistener.com/docket/18527517/mallinckrodt-plc/
,Butte,abatement,Bellamy (ID 53454) v. State of Kansas,D. Kan.,2023-02-17,5:23-cv-03051,https://www.courtlistener.com/docket/66828610/bellamy-id-53454-v-state-of-kansas/
,Butte,abatement,"Arellano v. The J.M. Smucker, Co.",E.D. Cal.,2023-07-27,2:23-cv-01540,https://www.courtlistener.com/docket/67646551/arellano-v-the-jm-smucker-co/
,Butte,abatement,United States v. Atlantic Richfield,D. Mont.,1989-06-23,2:89-cv-00039,https://www.courtlistener.com/docket/5171624/united-states-v-atlantic-richfield/
,Butte,abatement,Allen v. County of Lake,N.D. Cal.,2014-08-29,3:14-cv-03934,https://www.courtlistener.com/docket/4667938/allen-v-county-of-lake/
,Butte,abatement,United States v. Pacific Gas and Electric Company,N.D. Cal.,2014-04-01,3:14-cr-00175,https://www.courtlistener.com/docket/4180753/united-states-v-pacific-gas-and-electric-company/
,Butte,abatement,In Re: United States of America & State of NM v. A & R Productions,D.N.M.,2001-01-19,6:01-cv-00072,https://www.courtlistener.com/docket/5025025/in-re-united-states-of-america-state-of-nm-v-a-r-productions/
,Butte,abatement,"Borge Development, Inc. v. City of Chico",E.D. Cal.,2006-10-09,2:06-cv-02228,https://www.courtlistener.com/docket/5756465/borge-development-inc-v-city-of-chico/
,Butte,abatement,PG&E Corporation,Bankr. N.D. Cal.,2019-01-29,19-30088,https://www.courtlistener.com/docket/327360/pge-corporation/
,Butte,abatement,Unified United States Common Law Grand Jury v. NYS Legislators,S.D.N.Y.,2024-09-16,7:24-cv-07084,https://www.courtlistener.com/docket/69186876/unified-united-states-common-law-grand-jury-v-nys-legislators/
,Butte,abatement,"United States v. U.S. Minerals, Inc.",D. Mont.,2021-08-02,2:21-cr-00025,https://www.courtlistener.com/docket/60104620/united-states-v-us-minerals-inc/
,Butte,abatement,Pacific Gas & Electric Company v. Liberty Mutual Fire Insurance Company,N.D. Cal.,2016-12-28,3:16-cv-07365,https://www.courtlistener.com/docket/8005115/pacific-gas-electric-company-v-liberty-mutual-fire-insurance-company/
,Butte,abatement,Snowden v. County of Calaveras,E.D. Cal.,2018-11-16,1:18-cv-01595,https://www.courtlistener.com/docket/8344009/snowden-v-county-of-calaveras/
,Butte,development agreement,"BUTTE COUNTY, CALIFORNIA v. HOGEN",D.D.C.,2008-03-26,1:08-cv-00519,https://www.courtlistener.com/docket/4209363/butte-county-california-v-hogen/
,Butte,development agreement,"Courtesy Automotive Group, Inc. v. Subaru of America, Inc.",E.D. Cal.,2022-06-08,2:22-cv-00997,https://www.courtlistener.com/docket/63371686/courtesy-automotive-group-inc-v-subaru-of-america-inc/
,Butte,development agreement,"Moonrise Partners, LLC v. Town of West Yellowstone",D. Mont.,2020-04-14,2:20-cv-00016,https://www.courtlistener.com/docket/17072227/moonrise-partners-llc-v-town-of-west-yellowstone/
,Butte,development agreement,OROVILLE HOSPITAL,Bankr. E.D. Cal.,2025-12-08,25-26876,https://www.courtlistener.com/docket/72005142/oroville-hospital/
,Butte,development agreement,HINESLEY FAMILY LIMITED PARTNERSHIP NO. 1,Bankr. D. Mont.,2010-07-27,10-61822,https://www.courtlistener.com/docket/4787002/hinesley-family-limited-partnership-no-1/
,Butte,development agreement,"SILVER STATE LAND, LLC v. BEAUDREAU",D.D.C.,2013-05-15,1:13-cv-00717,https://www.courtlistener.com/docket/5103244/silver-state-land-llc-v-beaudreau/
,Butte,development agreement,SOLENEX LLC v. BERNHARDT,D.D.C.,2013-06-28,1:13-cv-00993,https://www.courtlistener.com/docket/4212069/solenex-llc-v-bernhardt/
,Butte,development agreement,Rancho San Juan Opposition Coalition v. Board of Supervisors of the County of Monterey,N.D. Cal.,2006-04-04,5:06-cv-02369,https://www.courtlistener.com/docket/5758915/rancho-san-juan-opposition-coalition-v-board-of-supervisors-of-the-county/
,Butte,development agreement,"Branta, LLC v. Newfield Production Company",D. Colo.,2015-02-27,1:15-cv-00416,https://www.courtlistener.com/docket/4196532/branta-llc-v-newfield-production-company/
,Butte,development agreement,Ute Indian Tribe of the Uintah and Ouray Reservation v. Lawrence,D. Utah,2016-06-13,2:16-cv-00579,https://www.courtlistener.com/docket/6289264/ute-indian-tribe-of-the-uintah-and-ouray-reservation-v-lawrence/
,Butte,development agreement,STAND UP FOR CALIFORNIA! v. U.S. DEPARTMENT OF THE INTERIOR,D.D.C.,2012-12-19,1:12-cv-02039,https://www.courtlistener.com/docket/4211811/stand-up-for-california-v-us-department-of-the-interior/
,Butte,development agreement,EP Energy Corporation,Bankr. S.D. Tex.,2019-10-03,19-35654,https://www.courtlistener.com/docket/16292162/ep-energy-corporation/
,Butte,development agreement,Monster Energy Company v. Beastup LLC,E.D. Cal.,2017-08-02,2:17-cv-01605,https://www.courtlistener.com/docket/6132721/monster-energy-company-v-beastup-llc/
,Butte,development agreement,PG&E Corporation,Bankr. N.D. Cal.,2019-01-29,19-30088,https://www.courtlistener.com/docket/327360/pge-corporation/
,Butte,development agreement,"Service Employees International Union, Local 715 v. Stanford Hospital and Clinics and Lucile Packard Children's Hospital",N.D. Cal.,2008-03-31,5:08-cv-01726,https://www.courtlistener.com/docket/4172820/service-employees-international-union-local-715-v-stanford-hospital-and/
,Butte,development agreement,"Service Employees International Union, Local 715 v. Stanford Hospital & Clinics and Lucile Packard Children's Hospital",N.D. Cal.,2008-01-11,5:08-cv-00216,https://www.courtlistener.com/docket/4172117/service-employees-international-union-local-715-v-stanford-hospital/
,Butte,development agreement,"Service Employees International Union, Local 715 v. Stanford Hospital and Clinics and Lucile Packard Children's Hospital",N.D. Cal.,2008-03-31,5:08-cv-01727,https://www.courtlistener.com/docket/4172818/service-employees-international-union-local-715-v-stanford-hospital-and/
,Butte,development agreement,"Service Employees International Union, Local 715 v. Stanford Hospital and Clinics and Lucile Packard Children's Hospital",N.D. Cal.,2008-01-11,5:08-cv-00215,https://www.courtlistener.com/docket/4172215/service-employees-international-union-local-715-v-stanford-hospital-and/
,Butte,development agreement,FAT Brands Inc. and Twin Hospitality Group Inc.,Bankr. S.D. Tex.,2026-01-26,26-90126,https://www.courtlistener.com/docket/72190554/fat-brands-inc-and-twin-hospitality-group-inc/
,Butte,development agreement,"Service Employees International Union, Local 715 v. Stanford Hospital and Clinics and Lucile Packard Children's Hospital",N.D. Cal.,2008-01-11,5:08-cv-00213,https://www.courtlistener.com/docket/4172047/service-employees-international-union-local-715-v-stanford-hospital-and/
,Butte,clawback,City and County of Butte-Silver Bow v. 3M Company,D. Mont.,2025-04-03,2:25-cv-00036,https://www.courtlistener.com/docket/69843998/city-and-county-of-butte-silver-bow-v-3m-company/
,Butte,clawback,CA Open Lands v. Butte County Dept. of Public Works,E.D. Cal.,2020-01-16,2:20-cv-00123,https://www.courtlistener.com/docket/16759159/ca-open-lands-v-butte-county-dept-of-public-works/
,Butte,clawback,Reynolds v. Spruill,D. Del.,2023-12-14,1:23-cv-01433,https://www.courtlistener.com/docket/68087989/reynolds-v-spruill/
,Butte,clawback,"In Re: Snowflake, Inc., Data Security Breach Litigation",D. Mont.,2024-10-08,2:24-md-03126,https://www.courtlistener.com/docket/69235006/in-re-snowflake-inc-data-security-breach-litigation/
,Butte,clawback,Google Ireland Limited v. OOO Google,N.D. Cal.,2025-01-24,5:25-cv-00851,https://www.courtlistener.com/docket/69577545/google-ireland-limited-v-ooo-google/
,Butte,clawback,"Fansteel Metals, Inc. v. Citigroup Inc.",E.D. Okla.,2022-12-14,6:22-cv-00366,https://www.courtlistener.com/docket/66957182/fansteel-metals-inc-v-citigroup-inc/
,Butte,clawback,"METAx LLC v. Meta Platforms, Inc.",S.D.N.Y.,2022-07-19,1:22-cv-06125,https://www.courtlistener.com/docket/63601020/metax-llc-v-meta-platforms-inc/
,Butte,clawback,PG&E Corporation,Bankr. N.D. Cal.,2019-01-29,19-30088,https://www.courtlistener.com/docket/327360/pge-corporation/
,Butte,clawback,Santelices v. Apttus Corporation,N.D. Cal.,2019-11-08,4:19-cv-07414,https://www.courtlistener.com/docket/16450393/santelices-v-apttus-corporation/
,Butte,clawback,"RCA Laboratory Services, LLC v. The Springs Living, LLC",E.D. Va.,2023-08-29,3:23-cv-00551,https://www.courtlistener.com/docket/67774703/rca-laboratory-services-llc-v-the-springs-living-llc/
,Butte,clawback,"White v. Just Energy Group, Inc.",S.D. Tex.,2020-02-20,4:20-cv-00590,https://www.courtlistener.com/docket/16868441/white-v-just-energy-group-inc/
,Butte,clawback,LTL Management LLC,Bankr. D.N.J.,2023-04-04,23-12825,https://www.courtlistener.com/docket/67134504/ltl-management-llc/
,Butte,clawback,In re Portland General Electric Company Securities Litigation,D. Or.,2020-09-11,3:20-cv-01583,https://www.courtlistener.com/docket/18432294/in-re-portland-general-electric-company-securities-litigation/
,Butte,clawback,"BAKKEN RESOURCES, INC.",Bankr. D. Nev.,2018-12-07,18-17254,https://www.courtlistener.com/docket/8375394/bakken-resources-inc/
,Butte,clawback,Doe v. Roblox Corporation,N.D. Cal.,2026-04-24,3:26-cv-03513,https://www.courtlistener.com/docket/73242980/doe-v-roblox-corporation/
,Butte,clawback,Meland v. Weber,E.D. Cal.,2019-11-13,2:19-cv-02288,https://www.courtlistener.com/docket/16474389/meland-v-weber/
,Butte,clawback,Public Employees' Retirement System of Mississippi v. Portland General Electric Company,D. Or.,2020-10-16,3:20-cv-01786,https://www.courtlistener.com/docket/18545426/public-employees-retirement-system-of-mississippi-v-portland-general/
,Butte,clawback,"Westmoreland Coal Company and Ethel Nadine Mead, Trust",Bankr. S.D. Tex.,2018-10-09,18-35672,https://www.courtlistener.com/docket/7998512/westmoreland-coal-company-and-ethel-nadine-mead-trust/
,Butte,clawback,"Residential Capital, LLC",Bankr. S.D.N.Y.,2012-05-14,12-12020,https://www.courtlistener.com/docket/4327483/residential-capital-llc/
,Butte,clawback,"Julian Vargas v. Quest Diagnostics Clinical Laboratories, Inc.",C.D. Cal.,2019-09-18,2:19-cv-08108,https://www.courtlistener.com/docket/16221283/julian-vargas-v-quest-diagnostics-clinical-laboratories-inc/
,Butte,recapture,United States v. Elephant Butte Irr,D.N.M.,1997-06-12,1:97-cv-00803,https://www.courtlistener.com/docket/4846279/united-states-v-elephant-butte-irr/
,Butte,recapture,"BUTTE COUNTY, CALIFORNIA v. HOGEN",D.D.C.,2008-03-26,1:08-cv-00519,https://www.courtlistener.com/docket/4209363/butte-county-california-v-hogen/
,Butte,recapture,CA Open Lands v. Butte County Dept. of Public Works,E.D. Cal.,2020-01-16,2:20-cv-00123,https://www.courtlistener.com/docket/16759159/ca-open-lands-v-butte-county-dept-of-public-works/
,Butte,recapture,"BRIDGER STEEL, INC.",Bankr. D. Mont.,2023-02-24,2:23-bk-20019,https://www.courtlistener.com/docket/66864692/bridger-steel-inc/
,Butte,recapture,"Widen v. Horne International, Inc.",E.D. Cal.,2022-10-24,2:22-cv-01893,https://www.courtlistener.com/docket/70905451/widen-v-horne-international-inc/
,Butte,recapture,"Anchor Sales & Marketing, Inc. v. Richloom Fabrics Group, Inc.",S.D.N.Y.,2015-06-09,1:15-cv-04442,https://www.courtlistener.com/docket/4355338/anchor-sales-marketing-inc-v-richloom-fabrics-group-inc/
,Butte,recapture,FISHER v. PENSION BENEFIT GUARANTY CORPORATION,D.D.C.,2014-07-25,1:14-cv-01275,https://www.courtlistener.com/docket/5201507/fisher-v-pension-benefit-guaranty-corporation/
,Butte,recapture,Lo v. County of Siskiyou,E.D. Cal.,2021-06-04,2:21-cv-00999,https://www.courtlistener.com/docket/59996063/lo-v-county-of-siskiyou/
,Butte,recapture,(HC) Gilbert v. McDonald,E.D. Cal.,2010-12-09,2:10-cv-03336,https://www.courtlistener.com/docket/5933595/hc-gilbert-v-mcdonald/
,Butte,recapture,Johnson v. Mid-Century Insurance Company,D. Mont.,2022-07-29,2:22-cv-00053,https://www.courtlistener.com/docket/64688586/johnson-v-mid-century-insurance-company/
,Butte,recapture,United States v. Smith,S.D. Ala.,2012-08-06,1:12-cv-00498,https://www.courtlistener.com/docket/5029690/united-states-v-smith/
,Butte,recapture,Harrington v. State of Oregon,D. Or.,2016-02-04,1:16-cv-00200,https://www.courtlistener.com/docket/4527425/harrington-v-state-of-oregon/
,Butte,recapture,Engel v. United States,D. Nev.,2022-06-30,2:22-cv-01040,https://www.courtlistener.com/docket/63571509/engel-v-united-states/
,Butte,recapture,American Wild Horse Campaign v. Haaland,D. Colo.,2021-08-09,1:21-cv-02146,https://www.courtlistener.com/docket/60973578/american-wild-horse-campaign-v-haaland/
,Butte,recapture,Barbara A. Bowen,Bankr. D. Ariz.,2025-04-30,2:25-bk-03839,https://www.courtlistener.com/docket/70005600/barbara-a-bowen/
,Butte,recapture,"SVS Holdings, Inc.",Bankr.D. Colo.,2010-06-08,10-24238,https://www.courtlistener.com/docket/18718488/svs-holdings-inc/
,Butte,recapture,"Center for Biological Diversity, et al. v. United States Forest Service, et al.",9th Cir.,2023-10-18,23-2882,https://www.courtlistener.com/docket/69060722/center-for-biological-diversity-et-al-v-united-states-forest-service-et/
,Butte,recapture,Pacific Gas and Electric Company,Bankr. N.D. Cal.,2019-01-29,19-30089,https://www.courtlistener.com/docket/325574/pacific-gas-and-electric-company/
,Butte,recapture,"ROMAN CATHOLIC BISHOP OF GREAT FALLS, MONTANA, A MONTANA RELIGIOUS CORPORATE SOLE",Bankr. D. Mont.,2017-03-31,2:17-bk-60271,https://www.courtlistener.com/docket/4668331/roman-catholic-bishop-of-great-falls-montana-a-montana-religious/
,Butte,recapture,Grand Canyon Trust v. U.S. Bureau of Reclamation,D. Ariz.,2007-12-07,3:07-cv-08164,https://www.courtlistener.com/docket/4132337/grand-canyon-trust-v-us-bureau-of-reclamation/
,Caddo,tax increment,"General Growth Properties, Inc.",Bankr. S.D.N.Y.,2009-04-16,09-11977,https://www.courtlistener.com/docket/4326798/general-growth-properties-inc/
,Caddo,tax increment,"State of Texas v. Janet Yellen, in her official capacity as Secretary of the Treasury",N.D. Tex.,2021-05-03,2:21-cv-00079,https://www.courtlistener.com/docket/59877666/state-of-texas-v-janet-yellen-in-her-official-capacity-as-secretary-of/
,Caddo,tax increment,Thomson Reuters Enterprise Centre GmbH v. ROSS Intelligence Inc.,D. Del.,2020-05-06,1:20-cv-00613,https://www.courtlistener.com/docket/17131648/thomson-reuters-enterprise-centre-gmbh-v-ross-intelligence-inc/
,Caddo,abatement,Mallinckrodt plc,Bankr. D. Del.,2020-10-12,20-12522,https://www.courtlistener.com/docket/18527517/mallinckrodt-plc/
,Caddo,abatement,W.R. Grace & Co.,Bankr. D. Del.,2001-04-02,01-01139,https://www.courtlistener.com/docket/4216072/wr-grace-co/
,Caddo,abatement,Roberts v. Citation Oil & Gas Corporation,W.D. Okla.,2023-05-11,5:23-cv-00413,https://www.courtlistener.com/docket/67367123/roberts-v-citation-oil-gas-corporation/
,Caddo,abatement,"Beauregard Parish Police Jury v. McKinsey Holdings, Inc.",N.D. Cal.,2022-11-18,3:22-cv-07278,https://www.courtlistener.com/docket/65768506/beauregard-parish-police-jury-v-mckinsey-holdings-inc/
,Caddo,abatement,Rice v. United Property & Casualty Insurance Co,W.D. La.,2019-10-23,5:19-cv-01377,https://www.courtlistener.com/docket/16371185/rice-v-united-property-casualty-insurance-co/
,Caddo,abatement,"Westfield National Insurance Company v. Quest Pharmaceuticals, Inc.",W.D. Ky.,2019-06-11,5:19-cv-00083,https://www.courtlistener.com/docket/15758977/westfield-national-insurance-company-v-quest-pharmaceuticals-inc/
,Caddo,abatement,"Navistar Leasing Company v. Tango Transport, LLC",E.D. Tex.,2015-12-23,4:15-cv-00866,https://www.courtlistener.com/docket/5321146/navistar-leasing-company-v-tango-transport-llc/
,Caddo,abatement,United States v. Porter,W.D. La.,2023-09-27,5:23-cr-00238,https://www.courtlistener.com/docket/67836417/united-states-v-porter/
,Caddo,abatement,Fort Cobb City of v. Purdue Pharma LP,W.D. Okla.,2019-09-04,5:19-cv-00816,https://www.courtlistener.com/docket/16154454/fort-cobb-city-of-v-purdue-pharma-lp/
,Caddo,abatement,Cade v. Goodwin,W.D. La.,2015-03-27,5:15-cv-00946,https://www.courtlistener.com/docket/6340488/cade-v-goodwin/
,Caddo,abatement,Scott v. Cupp,W.D. La.,2024-05-17,5:24-cv-00671,https://www.courtlistener.com/docket/68554102/scott-v-cupp/
,Caddo,abatement,Purdue Pharma L.P.,Bankr. S.D.N.Y.,2019-09-15,19-23649,https://www.courtlistener.com/docket/16199040/purdue-pharma-lp/
,Caddo,abatement,Brand Energy Solutions L L C v. Gilley,W.D. La.,2016-07-12,2:16-cv-01025,https://www.courtlistener.com/docket/4559743/brand-energy-solutions-l-l-c-v-gilley/
,Caddo,abatement,Anadarko City of v. Purdue Pharma LP,W.D. Okla.,2019-09-04,5:19-cv-00815,https://www.courtlistener.com/docket/16153920/anadarko-city-of-v-purdue-pharma-lp/
,Caddo,abatement,Jackson v. Lake Bethlehem Baptist Church,W.D. La.,2026-07-10,5:26-cv-02480,https://www.courtlistener.com/docket/73610022/jackson-v-lake-bethlehem-baptist-church/
,Caddo,abatement,Rethink35 v. Texas Department of Transportation (TXDOT),W.D. Tex.,2024-01-26,1:24-cv-00092,https://www.courtlistener.com/docket/68199197/rethink35-v-texas-department-of-transportation-txdot/
,Caddo,abatement,NEW JERSEY DEPARTMENT OF ENVIRONMENTAL PROTECTION v. E.I DUPONT DE NEMOURS AND COMPANY,D.N.J.,2019-07-05,1:19-cv-14766,https://www.courtlistener.com/docket/15887419/new-jersey-department-of-environmental-protection-v-ei-dupont-de-nemours/
,Caddo,abatement,Levron v. Miller,W.D. La.,2021-01-15,5:21-cv-00140,https://www.courtlistener.com/docket/30139516/levron-v-miller/
,Caddo,abatement,City of Anadarko v. Purdue Pharma LP,N.D. Ohio,2020-01-16,1:20-op-45022,https://www.courtlistener.com/docket/16702384/city-of-anadarko-v-purdue-pharma-lp/
,Caddo,abatement,"U.S. Bancorp Equipment Finance, Inc. v. Loews Express, L.L.C.",E.D. La.,2006-12-14,2:06-cv-10944,https://www.courtlistener.com/docket/4805350/us-bancorp-equipment-finance-inc-v-loews-express-llc/
,Caddo,development agreement,B P America Production Co. v. R D Briscoe Inc,W.D. La.,2008-12-04,5:08-cv-01895,https://www.courtlistener.com/docket/5116246/b-p-america-production-co-v-r-d-briscoe-inc/
,Caddo,development agreement,Smith v. Riverwalk Entertainment L L C,W.D. La.,2005-08-09,5:05-cv-01416,https://www.courtlistener.com/docket/4936965/smith-v-riverwalk-entertainment-l-l-c/
,Caddo,development agreement,FSS Development Company LLC v. Apache Tribe of Oklahoma,W.D. Okla.,2017-06-16,5:17-cv-00661,https://www.courtlistener.com/docket/6421300/fss-development-company-llc-v-apache-tribe-of-oklahoma/
,Caddo,development agreement,Sweet Lake Land & Oil Co L L C v. Exxon Mobil Corp,W.D. La.,2009-07-01,2:09-cv-01100,https://www.courtlistener.com/docket/5132292/sweet-lake-land-oil-co-l-l-c-v-exxon-mobil-corp/
,Caddo,development agreement,Samson Resources Corporation,Bankr. D. Del.,2015-09-16,15-11934,https://www.courtlistener.com/docket/4215897/samson-resources-corporation/
,Caddo,development agreement,"Camelot Event Driven Fund, A Series of Frank Funds Trust v. Alta Mesa Resources, Inc. f/k/a Silver Run Acquisition Corporation II",S.D. Tex.,2019-03-14,4:19-cv-00957,https://www.courtlistener.com/docket/14714003/camelot-event-driven-fund-a-series-of-frank-funds-trust-v-alta-mesa/
,Caddo,development agreement,"EXCO Services, Inc.",Bankr. S.D. Tex.,2018-01-15,18-30167,https://www.courtlistener.com/docket/16053185/exco-services-inc/
,Caddo,development agreement,"EXCO Resources, Inc. and Committee Members",Bankr. S.D. Tex.,2018-01-15,18-30155,https://www.courtlistener.com/docket/6297034/exco-resources-inc-and-committee-members/
,Caddo,development agreement,Hexion Inc.,Bankr. D. Del.,2019-04-01,19-10687,https://www.courtlistener.com/docket/14845452/hexion-inc/
,Caddo,development agreement,"Youngevity International, Corp. v. Smith",S.D. Cal.,2016-03-23,3:16-cv-00704,https://www.courtlistener.com/docket/4496463/youngevity-international-corp-v-smith/
,Caddo,development agreement,"Serta Simmons Bedding, LLC and World of Sleep Outlets, LLC <b><font color=""red"">File only in Remaining Case 23-90024.</font></b>",Bankr. S.D. Tex.,2023-01-23,23-90020,https://www.courtlistener.com/docket/66752635/serta-simmons-bedding-llc-and-world-of-sleep-outlets-llc-bfont/
,Caddo,development agreement,Nortel Networks Inc. and Wind-Down Debtors and Debtor-In-Possession,Bankr. D. Del.,2009-01-14,09-10138,https://www.courtlistener.com/docket/4215217/nortel-networks-inc-and-wind-down-debtors-and-debtor-in-possession/
,Caddo,development agreement,"Netlist, Inc. v. SAMSUNG ELECTRONICS CO., LTD.",E.D. Tex.,2021-12-20,2:21-cv-00463,https://www.courtlistener.com/docket/61631188/netlist-inc-v-samsung-electronics-co-ltd/
,Caddo,development agreement,"CASH CLOUD, INC.",Bankr. D. Nev.,2023-02-07,23-10423,https://www.courtlistener.com/docket/66794474/cash-cloud-inc/
,Caddo,development agreement,"MD America Energy, LLC and MD America Energy Holdings, Inc.",Bankr. S.D. Tex.,2020-10-12,20-34966,https://www.courtlistener.com/docket/18528281/md-america-energy-llc-and-md-america-energy-holdings-inc/
,Caddo,development agreement,Purdue Pharma L.P.,Bankr. S.D.N.Y.,2019-09-15,19-23649,https://www.courtlistener.com/docket/16199040/purdue-pharma-lp/
,Caddo,development agreement,"TWC Liquidation Trust, LLC",Bankr. D. Del.,2018-03-19,18-10601,https://www.courtlistener.com/docket/6338425/twc-liquidation-trust-llc/
,Caddo,development agreement,Eastman Kodak Company,Bankr. S.D.N.Y.,2012-01-19,12-10202,https://www.courtlistener.com/docket/4951609/eastman-kodak-company/
,Caddo,development agreement,Boy Scouts of America,Bankr. D. Del.,2020-02-18,20-10343,https://www.courtlistener.com/docket/16854880/boy-scouts-of-america/
,Caddo,development agreement,"Samson Lone Star, LLC",Bankr. D. Del.,2015-09-16,15-11941,https://www.courtlistener.com/docket/4215899/samson-lone-star-llc/
,Caddo,clawback,"Caddo Systems, Inc. v. Siemens Aktiengesellschaft (AG)",N.D. Ill.,2020-10-05,1:20-cv-05927,https://www.courtlistener.com/docket/18528924/caddo-systems-inc-v-siemens-aktiengesellschaft-ag/
,Caddo,clawback,Medley LLC,Bankr. D. Del.,2021-03-07,21-10526,https://www.courtlistener.com/docket/59711562/medley-llc/
,Caddo,clawback,COMMONWEALTH OF PUERTO RICO and Puerto Rico Public Buildings Authority (PBA),Bankr. D.P.R.,2017-05-03,17-03283,https://www.courtlistener.com/docket/6061354/commonwealth-of-puerto-rico-and-puerto-rico-public-buildings-authority/
,Caddo,clawback,"QVC Group, Inc.",Bankr. S.D. Tex.,2026-04-16,26-90447,https://www.courtlistener.com/docket/73205273/qvc-group-inc/
,Caddo,clawback,In Re: National Prescription Opiate Litigation,N.D. Ohio,2022-11-04,1:17-md-02804,https://www.courtlistener.com/docket/6240169/in-re-national-prescription-opiate-litigation/
,Caddo,clawback,"Julian Vargas v. Quest Diagnostics Clinical Laboratories, Inc.",C.D. Cal.,2019-09-18,2:19-cv-08108,https://www.courtlistener.com/docket/16221283/julian-vargas-v-quest-diagnostics-clinical-laboratories-inc/
,Caddo,clawback,Purdue Pharma L.P.,Bankr. S.D.N.Y.,2019-09-15,19-23649,https://www.courtlistener.com/docket/16199040/purdue-pharma-lp/
,Caddo,clawback,"Youngevity International, Corp. v. Smith",S.D. Cal.,2016-03-23,3:16-cv-00704,https://www.courtlistener.com/docket/4496463/youngevity-international-corp-v-smith/
,Caddo,clawback,"United States v. ALDEN LEEDS, INC.",D.N.J.,2022-12-16,2:22-cv-07326,https://www.courtlistener.com/docket/66654930/united-states-v-alden-leeds-inc/
,Caddo,clawback,"Chesapeake Energy Corporation and CHK NGV Leasing Company, LLC",Bankr. S.D. Tex.,2020-06-28,20-33233,https://www.courtlistener.com/docket/17301624/chesapeake-energy-corporation-and-chk-ngv-leasing-company-llc/
,Caddo,clawback,Mallinckrodt plc,Bankr. D. Del.,2020-10-12,20-12522,https://www.courtlistener.com/docket/18527517/mallinckrodt-plc/
,Caddo,recapture,"Sklar Exploration Company, LLC and Sklarco, LLC",Bankr.D. Colo.,2020-04-01,20-12377,https://www.courtlistener.com/docket/17035263/sklar-exploration-company-llc-and-sklarco-llc/
,Caddo,recapture,Motors Liquidation Company,Bankr. S.D.N.Y.,2009-06-01,09-50026,https://www.courtlistener.com/docket/4327513/motors-liquidation-company/
,Caddo,recapture,Robinson v. Ardoin,M.D. La.,2022-03-30,3:22-cv-00211,https://www.courtlistener.com/docket/63201015/robinson-v-ardoin/
,Caddo,recapture,"Center for Biological Diversity, Inc. v. Haaland",N.D. Ill.,2020-02-20,1:20-cv-01227,https://www.courtlistener.com/docket/16867633/center-for-biological-diversity-inc-v-haaland/
,Caddo,recapture,Brown Water Towing v.,S.D. Tex.,2001-09-15,1:01-cv-00157,https://www.courtlistener.com/docket/4397248/brown-water-towing-v/
,Caddo,recapture,Laura Larson v. Warner Bros Entertainment,9th Cir.,2013-07-16,13-56243,https://www.courtlistener.com/docket/72099537/laura-larson-v-warner-bros-entertainment/
,Caddo,recapture,"Goodrich Petroleum Corporation and Goodrich Petroleum Company, L.L.C.",Bankr. S.D. Tex.,2016-04-15,16-31975,https://www.courtlistener.com/docket/4392780/goodrich-petroleum-corporation-and-goodrich-petroleum-company-llc/
,Caddo,recapture,"Dodd v. J.S. Held, LLC",E.D. La.,2020-11-25,2:20-cv-03231,https://www.courtlistener.com/docket/18693678/dodd-v-js-held-llc/
,Caddo,recapture,"KrisJenn Ranch, LLC - Adversary Proceeding",Bankr. W.D. Tex.,2020-05-01,20-05027,https://www.courtlistener.com/docket/17122176/krisjenn-ranch-llc-adversary-proceeding/
,Caddo,recapture,"CARBO Ceramics, Inc. and Official Committee of Unsecured Creditors of CARBO <b><font color=""red"">Jointly Administered under 20-31975.</font></b>",Bankr. S.D. Tex.,2020-03-29,20-31973,https://www.courtlistener.com/docket/17022152/carbo-ceramics-inc-and-official-committee-of-unsecured-creditors-of-carbo/
,Caddo,recapture,"BUTTE COUNTY, CALIFORNIA v. HOGEN",D.D.C.,2008-03-26,1:08-cv-00519,https://www.courtlistener.com/docket/4209363/butte-county-california-v-hogen/
,Caddo,recapture,"State of Texas v. Janet Yellen, in her official capacity as Secretary of the Treasury",N.D. Tex.,2021-05-03,2:21-cv-00079,https://www.courtlistener.com/docket/59877666/state-of-texas-v-janet-yellen-in-her-official-capacity-as-secretary-of/
,Caddo,recapture,"MD America Energy, LLC and MD America Energy Holdings, Inc.",Bankr. S.D. Tex.,2020-10-12,20-34966,https://www.courtlistener.com/docket/18528281/md-america-energy-llc-and-md-america-energy-holdings-inc/
,Caddo,recapture,Citizens for a Healthy Community v. United States Bureau of Land Management,D. Colo.,2020-08-19,1:20-cv-02484,https://www.courtlistener.com/docket/17459258/citizens-for-a-healthy-community-v-united-states-bureau-of-land-management/
,Caddo,recapture,Tribune Media Company,Bankr. D. Del.,2008-12-08,08-13141,https://www.courtlistener.com/docket/4499201/tribune-media-company/
,Caddo,recapture,Prison Legal News v. Ryan,D. Ariz.,2015-11-06,2:15-cv-02245,https://www.courtlistener.com/docket/4134392/prison-legal-news-v-ryan/
,Caddo,recapture,Energy Future Holdings Corp.,Bankr. D. Del.,2014-04-29,14-10979,https://www.courtlistener.com/docket/4215726/energy-future-holdings-corp/
,Caddo,recapture,CENTER FOR BIOLOGICAL DIVERSITY v. ANDREW WHEELER,D.D.C.,2021-01-14,1:21-cv-00119,https://www.courtlistener.com/docket/29105598/center-for-biological-diversity-v-andrew-wheeler/
,Caddo,recapture,Miller v. Becerra,S.D. Cal.,2019-08-15,3:19-cv-01537,https://www.courtlistener.com/docket/16069141/miller-v-becerra/
,Caddo,recapture,Association of New Jersey Rifle and Pistol Clubs I v. Attorney General New Jersey,3rd Cir.,2024-08-06,24-2415,https://www.courtlistener.com/docket/69020207/association-of-new-jersey-rifle-and-pistol-clubs-i-v-attorney-general-new/
,Cass County,tax increment,Lauve v. Winfrey,E.D. Mich.,2017-08-20,2:17-cv-12726,https://www.courtlistener.com/docket/6148508/lauve-v-winfrey/
,Cass County,tax increment,"The Weitz Company, L.L.C. v. Great Western Bank of Omaha, Nebraska",Bankr. D. Neb.,2007-06-08,07-08048,https://www.courtlistener.com/docket/4789779/the-weitz-company-llc-v-great-western-bank-of-omaha-nebraska/
,Cass County,tax increment,SECURITIES AND EXCHANGE COMMISSION v. J.P. MORGAN SECURITIES LLC,D.N.J.,2011-07-07,2:11-cv-03877,https://www.courtlistener.com/docket/12720906/securities-and-exchange-commission-v-jp-morgan-securities-llc/
,Cass County,tax increment,"Newell Rubbermaid, Inc. v. Bosgraaf",W.D. Mich.,2015-06-09,1:15-cv-00597,https://www.courtlistener.com/docket/13292876/newell-rubbermaid-inc-v-bosgraaf/
,Cass County,tax increment,"City of Detroit, Michigan",Bankr. E.D. Mich.,2013-07-18,13-53846,https://www.courtlistener.com/docket/4290108/city-of-detroit-michigan/
,Cass County,tax increment,City of San Jose v. Office of the Commissioner of Baseball,N.D. Cal.,2013-06-18,5:13-cv-02787,https://www.courtlistener.com/docket/4180136/city-of-san-jose-v-office-of-the-commissioner-of-baseball/
,Cass County,tax increment,Osher v. City of St. Louis,E.D. Mo.,2026-06-25,4:26-cv-01025,https://www.courtlistener.com/docket/73535802/osher-v-city-of-st-louis/
,Cass County,tax increment,"Specialty Retail Shops Holding Corp. and Pamida Transportation, LLC",Bankr. D. Neb.,2019-01-16,19-80064,https://www.courtlistener.com/docket/8504728/specialty-retail-shops-holding-corp-and-pamida-transportation-llc/
,Cass County,tax increment,Sears Holdings Corporation,Bankr. S.D.N.Y.,2018-10-15,18-23538,https://www.courtlistener.com/docket/8026527/sears-holdings-corporation/
,Cass County,tax increment,"Lifestyle Communities, Ltd. v. City of Worthington, Ohio",S.D. Ohio,2022-03-24,2:22-cv-01775,https://www.courtlistener.com/docket/63185702/lifestyle-communities-ltd-v-city-of-worthington-ohio/
,Cass County,tax increment,"The Ruins, LLC",Bankr. D.N.D.,2025-01-06,25-30004,https://www.courtlistener.com/docket/69518085/the-ruins-llc/
,Cass County,tax increment,Cross v. City of Sarasota,M.D. Fla.,2015-10-06,8:15-cv-02364,https://www.courtlistener.com/docket/5386584/cross-v-city-of-sarasota/
,Cass County,tax increment,Jaiyeola v. Garmin International,10th Cir.,2021-06-28,21-3114,https://www.courtlistener.com/docket/63264125/jaiyeola-v-garmin-international/
,Cass County,tax increment,Citizens for a Healthy Community v. United States Bureau of Land Management,D. Colo.,2020-08-19,1:20-cv-02484,https://www.courtlistener.com/docket/17459258/citizens-for-a-healthy-community-v-united-states-bureau-of-land-management/
,Cass County,tax increment,Veasey v. Abbott,S.D. Tex.,2013-06-26,2:13-cv-00193,https://www.courtlistener.com/docket/4393299/veasey-v-abbott/
,Cass County,tax increment,Thomson Reuters Enterprise Centre GmbH v. ROSS Intelligence Inc.,D. Del.,2020-05-06,1:20-cv-00613,https://www.courtlistener.com/docket/17131648/thomson-reuters-enterprise-centre-gmbh-v-ross-intelligence-inc/
,Cass County,tax increment,State of Washington v. United States Department of State,W.D. Wash.,2020-01-23,2:20-cv-00111,https://www.courtlistener.com/docket/16753994/state-of-washington-v-united-states-department-of-state/
,Cass County,abatement,Welenc v. Abatement Professionals,S.D.N.Y.,2008-07-30,1:08-cv-06806,https://www.courtlistener.com/docket/4344960/welenc-v-abatement-professionals/
,Cass County,abatement,"Cane v. Cass County, Minnesota",D. Minnesota,2026-01-09,0:26-cv-00132,https://www.courtlistener.com/docket/72125927/cane-v-cass-county-minnesota/
,Cass County,abatement,Mallinckrodt plc,Bankr. D. Del.,2020-10-12,20-12522,https://www.courtlistener.com/docket/18527517/mallinckrodt-plc/
,Cass County,abatement,Strickland v. Dart,N.D. Ill.,2019-04-18,1:19-cv-02621,https://www.courtlistener.com/docket/14959820/strickland-v-dart/
,Cass County,abatement,United States v. Kozak,D. Neb.,2012-10-17,8:12-cr-00344,https://www.courtlistener.com/docket/4306104/united-states-v-kozak/
,Cass County,abatement,"Leech Lake Band of Ojibwe v. 3M Company<font color=""red"">DO NOT DOCKET. CASE HAS BEEN TRANSFERRED OUT.</font>",D. Minnesota,2025-10-13,0:25-cv-03930,https://www.courtlistener.com/docket/71634880/leech-lake-band-of-ojibwe-v-3m-companyfont-colorreddo-not-docket/
,Cass County,abatement,Erik Autor v. Penny Pritzker,D.C. Cir.,2012-11-28,12-5379,https://www.courtlistener.com/docket/4155305/erik-autor-v-penny-pritzker/
,Cass County,abatement,"City Of Cincinnati v. Deutsche Bank National Trust Company, as Trustee",S.D. Ohio,2012-02-03,1:12-cv-00104,https://www.courtlistener.com/docket/4363230/city-of-cincinnati-v-deutsche-bank-national-trust-company-as-trustee/
,Cass County,abatement,"Hendrickson Transportation, LLC v. Rust Constructors, Inc.",W.D. Mo.,2023-06-22,5:23-cv-06077,https://www.courtlistener.com/docket/67616438/hendrickson-transportation-llc-v-rust-constructors-inc/
,Cass County,abatement,IN RE: Asbestos Products Liability Litigation (No. VI),J.P.M.L.,1991-01-17,MDL No. 875,https://www.courtlistener.com/docket/1245688/in-re-asbestos-products-liability-litigation-no-vi/
,Cass County,abatement,White (ID 2000046191) v. Parks,D. Kan.,2024-02-12,5:24-cv-03023,https://www.courtlistener.com/docket/68243787/white-id-2000046191-v-parks/
,Cass County,abatement,Cane v. Austad,D. Minnesota,2025-07-14,0:25-cv-02835,https://www.courtlistener.com/docket/70792191/cane-v-austad/
,Cass County,abatement,Cole v. Marathon Oil Corporation,E.D. Mich.,2016-02-22,2:16-cv-10642,https://www.courtlistener.com/docket/5479957/cole-v-marathon-oil-corporation/
,Cass County,abatement,Frachey v. Planned Parenthood/Chicago Area,N.D. Ill.,2008-02-25,1:08-cv-01148,https://www.courtlistener.com/docket/4254360/frachey-v-planned-parenthoodchicago-area/
,Cass County,abatement,"UHS of Delaware, Inc. v. Secretary of Labor",11th Cir.,2023-04-26,23-11327,https://www.courtlistener.com/docket/69579850/uhs-of-delaware-inc-v-secretary-of-labor/
,Cass County,abatement,Coffie v. Florida Crystals Corporation,S.D. Fla.,2019-06-04,9:19-cv-80730,https://www.courtlistener.com/docket/15722965/coffie-v-florida-crystals-corporation/
,Cass County,abatement,"United States of America, Environmental Protection Agency v. Louisiana Generating, LLC",M.D. La.,2009-02-18,3:09-cv-00100,https://www.courtlistener.com/docket/4271097/united-states-of-america-environmental-protection-agency-v-louisiana/
,Cass County,abatement,"The Shane Group, Inc. v. Blue Cross Blue Shield of Michigan",E.D. Mich.,2010-10-29,2:10-cv-14360,https://www.courtlistener.com/docket/4291774/the-shane-group-inc-v-blue-cross-blue-shield-of-michigan/
,Cass County,abatement,"City of Detroit, Michigan",Bankr. E.D. Mich.,2013-07-18,13-53846,https://www.courtlistener.com/docket/4290108/city-of-detroit-michigan/
,Cass County,abatement,Martin v. Reyna,N.D. Tex.,2023-08-15,1:23-cv-00168,https://www.courtlistener.com/docket/67694194/martin-v-reyna/
,Cass County,development agreement,"City of Detroit, Michigan",Bankr. E.D. Mich.,2013-07-18,13-53846,https://www.courtlistener.com/docket/4290108/city-of-detroit-michigan/
,Cass County,development agreement,Detroit Planning and Development Department v. Daughters of Union Veterans of the Civil War,E.D. Mich.,2005-06-13,2:05-cv-72328,https://www.courtlistener.com/docket/4774468/detroit-planning-and-development-department-v-daughters-of-union-veterans/
,Cass County,development agreement,"BlueRadios, Inc. v. Hamilton, Brook, Smith & Reynolds, P.C.",D. Mass.,2021-03-22,1:21-cv-10488,https://www.courtlistener.com/docket/59753951/blueradios-inc-v-hamilton-brook-smith-reynolds-pc/
,Cass County,development agreement,Memry Corporation v. Kentucy Oil NV,N.D. Cal.,2004-09-13,5:04-cv-03843,https://www.courtlistener.com/docket/5723678/memry-corporation-v-kentucy-oil-nv/
,Cass County,development agreement,Amiga Inc v. Hyperion VOF,W.D. Wash.,2007-04-26,2:07-cv-00631,https://www.courtlistener.com/docket/4410119/amiga-inc-v-hyperion-vof/
,Cass County,development agreement,"City of Sioux City, Iowa v. Civic Partners Sioux City, LLC",Bankr. D. Iowa,2011-06-27,11-09045,https://www.courtlistener.com/docket/5103380/city-of-sioux-city-iowa-v-civic-partners-sioux-city-llc/
,Cass County,development agreement,"University Accounting Service, LLC v. Schulton",D. Or.,2018-08-10,3:18-cv-01486,https://www.courtlistener.com/docket/7644627/university-accounting-service-llc-v-schulton/
,Cass County,development agreement,"Main St Properties LLC v. City of Bellevue, Nebraska",D. Neb.,2020-07-13,8:20-cv-00278,https://www.courtlistener.com/docket/17344040/main-st-properties-llc-v-city-of-bellevue-nebraska/
,Cass County,development agreement,LG.Philips LCD Co. v. Tatung Co.,D. Del.,2004-05-27,1:04-cv-00343,https://www.courtlistener.com/docket/4221244/lgphilips-lcd-co-v-tatung-co/
,Cass County,development agreement,Lauve v. Winfrey,E.D. Mich.,2017-08-20,2:17-cv-12726,https://www.courtlistener.com/docket/6148508/lauve-v-winfrey/
,Cass County,development agreement,WALT DISNEY PARKS AND RESORTS US INC v. DESANTIS,N.D. Fla.,2023-04-26,4:23-cv-00163,https://www.courtlistener.com/docket/67271062/walt-disney-parks-and-resorts-us-inc-v-desantis/
,Cass County,development agreement,"BlueRadios, Inc. v. Hamilton, Brook, Smith & Reynolds, P.C.",1st Cir.,2024-10-24,24-1942,https://www.courtlistener.com/docket/69306276/blueradios-inc-v-hamilton-brook-smith-reynolds-pc/
,Cass County,development agreement,"Ambient Consulting, LLC v. FPT Software Company Limited",D. Minnesota,2018-08-20,0:18-cv-02430,https://www.courtlistener.com/docket/7699092/ambient-consulting-llc-v-fpt-software-company-limited/
,Cass County,development agreement,Husted v. Goel,Bankr. E.D. Cal.,2019-12-04,19-02146,https://www.courtlistener.com/docket/16550634/husted-v-goel/
,Cass County,development agreement,FAT Brands Inc. and Twin Hospitality Group Inc.,Bankr. S.D. Tex.,2026-01-26,26-90126,https://www.courtlistener.com/docket/72190554/fat-brands-inc-and-twin-hospitality-group-inc/
,Cass County,development agreement,Ute Indian Tribe of the Uintah and Ouray Reservation v. Lawrence,D. Utah,2016-06-13,2:16-cv-00579,https://www.courtlistener.com/docket/6289264/ute-indian-tribe-of-the-uintah-and-ouray-reservation-v-lawrence/
,Cass County,development agreement,McIntosh v. Nothern California Universal Enterprises Company,E.D. Cal.,2007-07-26,1:07-cv-01080,https://www.courtlistener.com/docket/4159163/mcintosh-v-nothern-california-universal-enterprises-company/
,Cass County,development agreement,"DPH Holdings Corp., et al.",Bankr. S.D.N.Y.,2005-10-08,05-44481,https://www.courtlistener.com/docket/4718045/dph-holdings-corp-et-al/
,Cass County,development agreement,"Airport Road Development, LLC v. Lithia Real Estate Inc",E.D. Cal.,2008-06-25,2:08-cv-01458,https://www.courtlistener.com/docket/5799047/airport-road-development-llc-v-lithia-real-estate-inc/
,Cass County,development agreement,"Adrian G. Mongeli v. Terayon Communication Systems, Inc",N.D. Cal.,2006-06-23,4:06-cv-03936,https://www.courtlistener.com/docket/4171914/adrian-g-mongeli-v-terayon-communication-systems-inc/
,Cass County,clawback,"Barber v. Cass Information Systems, Inc.",S.D. Ohio,2021-04-30,2:21-cv-02137,https://www.courtlistener.com/docket/59869099/barber-v-cass-information-systems-inc/
,Cass County,clawback,Baumann v. Law Office of the Cook County Public Defender,N.D. Ill.,2023-01-24,1:23-cv-00435,https://www.courtlistener.com/docket/66755241/baumann-v-law-office-of-the-cook-county-public-defender/
,Cass County,clawback,"Jeffery Kidd v. Directv, LLC",C.D. Cal.,2016-03-03,2:16-cv-01506,https://www.courtlistener.com/docket/5933738/jeffery-kidd-v-directv-llc/
,Cass County,clawback,"David Varas v. Directv, LLC",C.D. Cal.,2016-02-29,2:16-cv-01395,https://www.courtlistener.com/docket/5933737/david-varas-v-directv-llc/
,Cass County,clawback,"Securities Investor Protection Corporation v. Bernard L. Madoff Investment Securities, LLC. et a",Bankr. S.D.N.Y.,2008-12-11,08-01789,https://www.courtlistener.com/docket/4326756/securities-investor-protection-corporation-v-bernard-l-madoff-investment/
,Cass County,clawback,"Interlogic Outsourcing, Inc.",Bankr. W.D. Mich.,2019-08-10,20-00325,https://www.courtlistener.com/docket/1798629/interlogic-outsourcing-inc/
,Cass County,clawback,"Airbnb, Inc. v. Schneiderman",S.D.N.Y.,2016-10-21,1:16-cv-08239,https://www.courtlistener.com/docket/4524871/airbnb-inc-v-schneiderman/
,Cass County,clawback,"Star Auto Sales of Bayside, Inc. v. Voynow, Bayard, Whyte and Company, LLP",E.D.N.Y,2018-10-16,1:18-cv-05775,https://www.courtlistener.com/docket/8395066/star-auto-sales-of-bayside-inc-v-voynow-bayard-whyte-and-company-llp/
,Cass County,clawback,"McClain Feed Yard, Inc.",Bankr. N.D. Tex.,2023-04-28,23-20084,https://www.courtlistener.com/docket/67289168/mcclain-feed-yard-inc/
,Cass County,clawback,"California Capital Insurance Company v. Maiden Reinsurance North America, Inc.",C.D. Cal.,2020-02-07,2:20-cv-01264,https://www.courtlistener.com/docket/16821361/california-capital-insurance-company-v-maiden-reinsurance-north-america/
,Cass County,clawback,"In Re: Oil Spill by the Oil Rig ""Deepwater Horizon"" in the Gulf of Mexico, on April 20, 2010",E.D. La.,2010-08-10,2:10-md-02179,https://www.courtlistener.com/docket/4510515/in-re-oil-spill-by-the-oil-rig-deepwater-horizon-in-the-gulf-of-mexico/
,Cass County,clawback,"Shopnomix, LLC v. Ganti",S.D.N.Y.,2025-10-10,1:25-cv-08403,https://www.courtlistener.com/docket/71608598/shopnomix-llc-v-ganti/
,Cass County,clawback,"SRC Liquidation, LLC",Bankr. D. Del.,2015-03-12,15-10541,https://www.courtlistener.com/docket/4215813/src-liquidation-llc/
,Cass County,clawback,"Abaxis, Inc. v. Cepheid",N.D. Cal.,2010-06-28,5:10-cv-02840,https://www.courtlistener.com/docket/4177428/abaxis-inc-v-cepheid/
,Cass County,clawback,"RoyaltyStat, LLC v. IntangibleSpring, Corp.",D. Maryland,2015-12-23,8:15-cv-03940,https://www.courtlistener.com/docket/4287660/royaltystat-llc-v-intangiblespring-corp/
,Cass County,clawback,"Sklar Exploration Company, LLC and Sklarco, LLC",Bankr.D. Colo.,2020-04-01,20-12377,https://www.courtlistener.com/docket/17035263/sklar-exploration-company-llc-and-sklarco-llc/
,Cass County,clawback,"City of Detroit, Michigan",Bankr. E.D. Mich.,2013-07-18,13-53846,https://www.courtlistener.com/docket/4290108/city-of-detroit-michigan/
,Cass County,clawback,Sears Holdings Corporation,Bankr. S.D.N.Y.,2018-10-15,18-23538,https://www.courtlistener.com/docket/8026527/sears-holdings-corporation/
,Cass County,clawback,"EIG Energy Fund XIV, L.P. v. Keppel Offshore & Marine LTD.",S.D.N.Y.,2018-02-06,1:18-cv-01047,https://www.courtlistener.com/docket/6303734/eig-energy-fund-xiv-lp-v-keppel-offshore-marine-ltd/
,Cass County,clawback,Tribune Media Company,Bankr. D. Del.,2008-12-08,08-13141,https://www.courtlistener.com/docket/4499201/tribune-media-company/
,Cass County,recapture,UNITED STATES v. CASS,W.D. Pa.,2004-10-12,1:04-cv-00301,https://www.courtlistener.com/docket/4374640/united-states-v-cass/
,Cass County,recapture,United States v. Kraenow,D. Neb.,2005-02-15,8:05-cv-00069,https://www.courtlistener.com/docket/5640381/united-states-v-kraenow/
,Cass County,recapture,United States v. Shera,D. Neb.,2008-04-14,8:08-cv-00167,https://www.courtlistener.com/docket/5695738/united-states-v-shera/
,Cass County,recapture,United States v. Smithberg,D. Neb.,2019-05-15,8:19-cv-00216,https://www.courtlistener.com/docket/15566321/united-states-v-smithberg/
,Cass County,recapture,United States v. Fouch,N.D. Ind.,2019-05-24,3:19-cv-00404,https://www.courtlistener.com/docket/15674200/united-states-v-fouch/
,Cass County,recapture,United States v. Heirs and Devisees of Judith K. Pifer,N.D. Ind.,2019-03-28,3:19-cv-00249,https://www.courtlistener.com/docket/14827914/united-states-v-heirs-and-devisees-of-judith-k-pifer/
,Cass County,recapture,United States v. Corbin,D. Neb.,2006-05-23,8:06-cv-00378,https://www.courtlistener.com/docket/5661747/united-states-v-corbin/
,Cass County,recapture,United States v. Story,D. Neb.,2006-05-01,8:06-cv-00346,https://www.courtlistener.com/docket/5662505/united-states-v-story/
,Cass County,recapture,United States v. Mitchell,D. Neb.,2008-01-29,8:08-cv-00040,https://www.courtlistener.com/docket/5689987/united-states-v-mitchell/
,Cass County,recapture,United States v. Gaytan,D. Neb.,2006-05-23,8:06-cv-00379,https://www.courtlistener.com/docket/5661154/united-states-v-gaytan/
,Cass County,recapture,United States v. Anderson,D. Neb.,2007-08-01,8:07-cv-00290,https://www.courtlistener.com/docket/5683203/united-states-v-anderson/
,Cass County,recapture,United States v. Cherek,D. Neb.,2008-05-28,8:08-cv-00222,https://www.courtlistener.com/docket/5697023/united-states-v-cherek/
,Cass County,recapture,Seakeeper Inc. v. Dometic Corporation,D. Del.,2025-04-21,1:25-cv-00484,https://www.courtlistener.com/docket/69923929/seakeeper-inc-v-dometic-corporation/
,Cass County,recapture,United States v. Ihrke,S.D. Iowa,2018-04-11,1:18-cv-00014,https://www.courtlistener.com/docket/6360233/united-states-v-ihrke/
,Cass County,recapture,"ATLANTIC COAST LIFE INSURANCE COMPANY v. A.M. BEST RATING SERVICES, INC.",D.N.J.,2024-04-23,3:24-cv-05470,https://www.courtlistener.com/docket/68461478/atlantic-coast-life-insurance-company-v-am-best-rating-services-inc/
,Cass County,recapture,Najeeb Ahmed Khan,Bankr. W.D. Mich.,2019-10-08,19-04258,https://www.courtlistener.com/docket/1726294/najeeb-ahmed-khan/
,Cass County,recapture,United States v. Schneider,D. Mont.,2017-06-22,1:17-cr-00077,https://www.courtlistener.com/docket/6160927/united-states-v-schneider/
,Cass County,recapture,United States v. VANDERPOOL,E.D. Pa.,2016-11-09,5:16-cv-05815,https://www.courtlistener.com/docket/7041826/united-states-v-vanderpool/
,Cass County,recapture,Benedict v. Formgen Inc,S.D. Cal.,1996-08-02,3:96-cv-03435,https://www.courtlistener.com/docket/10857018/benedict-v-formgen-inc/
,Cass County,recapture,Doe A v. Whitmer,E.D. Mich.,2022-02-02,2:22-cv-10209,https://www.courtlistener.com/docket/62646259/doe-a-v-whitmer/
,Charlotte,tax increment,Sears Holdings Corporation,Bankr. S.D.N.Y.,2018-10-15,18-23538,https://www.courtlistener.com/docket/8026527/sears-holdings-corporation/
,Charlotte,tax increment,"DCB Nashville, LLC v. The Metropolitan Government of Nashville and Davidson County",M.D. Tenn.,2026-08-11,3:26-cv-01143,https://www.courtlistener.com/docket/74637961/dcb-nashville-llc-v-the-metropolitan-government-of-nashville-and-davidson/
,Charlotte,tax increment,"Newell Rubbermaid, Inc. v. Bosgraaf",W.D. Mich.,2015-06-09,1:15-cv-00597,https://www.courtlistener.com/docket/13292876/newell-rubbermaid-inc-v-bosgraaf/
,Charlotte,tax increment,Rethink35 v. Texas Department of Transportation (TXDOT),W.D. Tex.,2024-01-26,1:24-cv-00092,https://www.courtlistener.com/docket/68199197/rethink35-v-texas-department-of-transportation-txdot/
,Charlotte,tax increment,Securities and Exchange Commission v. Barton,N.D. Tex.,2022-09-23,3:22-cv-02118,https://www.courtlistener.com/docket/65371595/securities-and-exchange-commission-v-barton/
,Charlotte,tax increment,United States v. Moore,E.D. Va.,2021-05-04,3:21-cr-00042,https://www.courtlistener.com/docket/60670608/united-states-v-moore/
,Charlotte,tax increment,"General Growth Properties, Inc.",Bankr. S.D.N.Y.,2009-04-16,09-11977,https://www.courtlistener.com/docket/4326798/general-growth-properties-inc/
,Charlotte,tax increment,In Re: National Prescription Opiate Litigation,N.D. Ohio,2022-11-04,1:17-md-02804,https://www.courtlistener.com/docket/6240169/in-re-national-prescription-opiate-litigation/
,Charlotte,tax increment,In Re: Katrina Canal Breaches Litigation,E.D. La.,2005-09-19,2:05-cv-04182,https://www.courtlistener.com/docket/4715020/in-re-katrina-canal-breaches-litigation/
,Charlotte,tax increment,"Boston Generating, LLC",Bankr. S.D.N.Y.,2010-08-18,10-14419,https://www.courtlistener.com/docket/4327150/boston-generating-llc/
,Charlotte,tax increment,AmFin Financial Corporation,Bankr. N.D. Ohio,2009-11-30,09-21323,https://www.courtlistener.com/docket/4358837/amfin-financial-corporation/
,Charlotte,tax increment,Job Creators Network v. Office of the Commissioner of Baseball,S.D.N.Y.,2021-05-31,1:21-cv-04818,https://www.courtlistener.com/docket/59950486/job-creators-network-v-office-of-the-commissioner-of-baseball/
,Charlotte,tax increment,Jorge G. Tirado and Hannah L. Levine,Bankr. D. Minn.,2011-01-30,11-40640,https://www.courtlistener.com/docket/4562426/jorge-g-tirado-and-hannah-l-levine/
,Charlotte,tax increment,Walters v. J.P. Morgan Chase & Co.,E.D. Mich.,2020-10-07,5:20-cv-12726,https://www.courtlistener.com/docket/18513305/walters-v-jp-morgan-chase-co/
,Charlotte,tax increment,"American Board of Cardiovascular Medicine, Inc. v. John Wiley & Sons, Inc.",M.D. Fla.,2016-02-26,8:16-cv-00469,https://www.courtlistener.com/docket/5411832/american-board-of-cardiovascular-medicine-inc-v-john-wiley-sons-inc/
,Charlotte,tax increment,In re: Keurig Green Mountain Single-Serve Coffee Antitrust Litigation,S.D.N.Y.,2014-06-05,1:14-md-02542,https://www.courtlistener.com/docket/4353695/in-re-keurig-green-mountain-single-serve-coffee-antitrust-litigation/
,Charlotte,tax increment,Blick v. Ann Arbor Public School District,E.D. Mich.,2019-07-20,2:19-cv-12127,https://www.courtlistener.com/docket/15945750/blick-v-ann-arbor-public-school-district/
,Charlotte,tax increment,"Hinds County, Mississippi v. Wachovia Bank N.A.",S.D.N.Y.,2008-03-13,1:08-cv-02516,https://www.courtlistener.com/docket/4340770/hinds-county-mississippi-v-wachovia-bank-na/
,Charlotte,tax increment,King County v. Turner,W.D. Wash.,2025-05-02,2:25-cv-00814,https://www.courtlistener.com/docket/70062174/king-county-v-turner/
,Charlotte,tax increment,Cross v. City of Sarasota,M.D. Fla.,2015-10-06,8:15-cv-02364,https://www.courtlistener.com/docket/5386584/cross-v-city-of-sarasota/
,Charlotte,abatement,Charlotte,D. Colo.,2004-11-22,1:04-mc-00097,https://www.courtlistener.com/docket/30175684/charlotte/
,Charlotte,abatement,v. Charlotte,D. Colo.,2004-11-22,1:04-mc-00098,https://www.courtlistener.com/docket/30175818/v-charlotte/
,Charlotte,abatement,"SD-Charlotte, LLC",Bankr. W.D.N.C.,2020-02-07,20-30149,https://www.courtlistener.com/docket/16817806/sd-charlotte-llc/
,Charlotte,abatement,Porter v. Waters Incorporated of Charlotte,D.S.C.,2010-10-21,3:10-cv-02723,https://www.courtlistener.com/docket/4997383/porter-v-waters-incorporated-of-charlotte/
,Charlotte,abatement,"D.R. Horton, Inc. v. City of Charlotte",W.D.N.C.,2019-01-11,3:19-cv-00015,https://www.courtlistener.com/docket/14596202/dr-horton-inc-v-city-of-charlotte/
,Charlotte,abatement,Aylward v. City of Charlotte,W.D.N.C.,2021-05-19,3:21-cv-00232,https://www.courtlistener.com/docket/59917803/aylward-v-city-of-charlotte/
,Charlotte,abatement,Eschert v. City of Charlotte,W.D.N.C.,2016-06-06,3:16-cv-00295,https://www.courtlistener.com/docket/5646743/eschert-v-city-of-charlotte/
,Charlotte,abatement,Harris v. City of Charlotte,W.D.N.C.,2016-03-24,3:16-cv-00146,https://www.courtlistener.com/docket/5651436/harris-v-city-of-charlotte/
,Charlotte,abatement,"Forbes v. Best Buy Co., Inc.",D. Colo.,2023-06-21,1:23-cv-01574,https://www.courtlistener.com/docket/67603542/forbes-v-best-buy-co-inc/
,Charlotte,abatement,"United States v. 6441 Hendry Road, Suite B, Charlotte, North Carolina",W.D.N.C.,2020-01-22,3:20-mj-00018,https://www.courtlistener.com/docket/16927350/united-states-v-6441-hendry-road-suite-b-charlotte-north-carolina/
,Charlotte,abatement,Anderson v. Wade,W.D.N.C.,2005-01-24,3:05-cv-00033,https://www.courtlistener.com/docket/5278576/anderson-v-wade/
,Charlotte,abatement,Mallinckrodt plc,Bankr. D. Del.,2020-10-12,20-12522,https://www.courtlistener.com/docket/18527517/mallinckrodt-plc/
,Charlotte,abatement,"United States v. BARRY, JR.",D.N.J.,2020-09-02,1:20-cr-00744,https://www.courtlistener.com/docket/18561754/united-states-v-barry-jr/
,Charlotte,abatement,Johnson v. Charlotte-Mecklenburg Board of Education,W.D.N.C.,2022-01-31,3:22-cv-00045,https://www.courtlistener.com/docket/62639205/johnson-v-charlotte-mecklenburg-board-of-education/
,Charlotte,abatement,United States Fire Insurance Company v. Weishorn,W.D.N.C.,2008-05-13,3:08-cv-00226,https://www.courtlistener.com/docket/5440832/united-states-fire-insurance-company-v-weishorn/
,Charlotte,abatement,"City of Fort Collins v. Open International, LLC",D. Colo.,2021-07-30,1:21-cv-02063,https://www.courtlistener.com/docket/60099941/city-of-fort-collins-v-open-international-llc/
,Charlotte,abatement,"Charlotte County, Virginia v. Purdue Pharma L.P.",W.D. Va.,2019-06-21,4:19-cv-00029,https://www.courtlistener.com/docket/15819259/charlotte-county-virginia-v-purdue-pharma-lp/
,Charlotte,abatement,"Charlotte-Mecklenburg Board of Education v. Meta Platforms, Inc.",N.D. Cal.,2023-09-29,4:23-cv-05025,https://www.courtlistener.com/docket/67844659/charlotte-mecklenburg-board-of-education-v-meta-platforms-inc/
,Charlotte,abatement,"Charlotte-Mecklenburg Board of Education v. Meta Platforms, Inc.",W.D.N.C.,2023-08-24,3:23-cv-00535,https://www.courtlistener.com/docket/67726166/charlotte-mecklenburg-board-of-education-v-meta-platforms-inc/
,Charlotte,abatement,Sealed 1 v. Patriot Front,E.D. Va.,2022-10-18,3:22-cv-00670,https://www.courtlistener.com/docket/65587824/sealed-1-v-patriot-front/
,Charlotte,development agreement,"SD-Charlotte, LLC",Bankr. W.D.N.C.,2020-02-07,20-30149,https://www.courtlistener.com/docket/16817806/sd-charlotte-llc/
,Charlotte,development agreement,"Dorchester Holdings I, LLC v. US Developments, LLC",W.D.N.C.,2025-07-24,3:25-cv-00546,https://www.courtlistener.com/docket/70903885/dorchester-holdings-i-llc-v-us-developments-llc/
,Charlotte,development agreement,"SLLR Enterprises, LLC v. 3MJ Fitness, Inc.",W.D.N.C.,2025-08-27,3:25-cv-00648,https://www.courtlistener.com/docket/71210374/sllr-enterprises-llc-v-3mj-fitness-inc/
,Charlotte,development agreement,Sears Holdings Corporation,Bankr. S.D.N.Y.,2018-10-15,18-23538,https://www.courtlistener.com/docket/8026527/sears-holdings-corporation/
,Charlotte,development agreement,"VETERAN FIBER RESOURCES, LLC v. TRUELINE INFRASTRUCTURE SOLUTIONS, LLC, f/k/a ATLANTIC ENGINEERING GROUP, LLC, d/b/a ATLANTIC ENGINEERING GROUP, LLC / AEG",S.D. Ind.,2025-03-14,1:25-cv-00500,https://www.courtlistener.com/docket/69740685/veteran-fiber-resources-llc-v-trueline-infrastructure-solutions-llc/
,Charlotte,development agreement,"York County v. Appaloosa Management, LP",D.S.C.,2022-07-07,0:22-cv-02167,https://www.courtlistener.com/docket/63577426/york-county-v-appaloosa-management-lp/
,Charlotte,development agreement,"In Re: Oil Spill by the Oil Rig ""Deepwater Horizon"" in the Gulf of Mexico, on April 20, 2010",E.D. La.,2010-08-10,2:10-md-02179,https://www.courtlistener.com/docket/4510515/in-re-oil-spill-by-the-oil-rig-deepwater-horizon-in-the-gulf-of-mexico/
,Charlotte,development agreement,"KAM Development, LLC v. Marco's Franchising, LLC",N.D. Ohio,2020-09-09,3:20-cv-02024,https://www.courtlistener.com/docket/18422282/kam-development-llc-v-marcos-franchising-llc/
,Charlotte,development agreement,"Lockhart v. Board of County Commissioners of the County of Jefferson, Colorado, The",D. Colo.,2024-04-09,1:24-cv-00951,https://www.courtlistener.com/docket/68420171/lockhart-v-board-of-county-commissioners-of-the-county-of-jefferson/
,Charlotte,development agreement,Uniroyal Chemical Co v. Syngenta Crop,D. Conn.,2002-12-19,3:02-cv-02253,https://www.courtlistener.com/docket/4200810/uniroyal-chemical-co-v-syngenta-crop/
,Charlotte,development agreement,"Design Gaps, Inc. v. Hall",W.D.N.C.,2023-03-29,3:23-cv-00186,https://www.courtlistener.com/docket/67106812/design-gaps-inc-v-hall/
,Charlotte,development agreement,"K STREET DEVELOPERS, LLC v. TEACHERS INSURANCE AND ANNUITY ASSOCIATION OF AMERICA",D.D.C.,2012-04-26,1:12-cv-00666,https://www.courtlistener.com/docket/4211540/k-street-developers-llc-v-teachers-insurance-and-annuity-association-of/
,Charlotte,development agreement,Stark v. Seattle Seahawks,W.D. Wash.,2006-11-29,2:06-cv-01719,https://www.courtlistener.com/docket/4410063/stark-v-seattle-seahawks/
,Charlotte,development agreement,"DPH Holdings Corp., et al.",Bankr. S.D.N.Y.,2005-10-08,05-44481,https://www.courtlistener.com/docket/4718045/dph-holdings-corp-et-al/
,Charlotte,development agreement,The Krystal Company,Bankr. N.D. Ga.,2020-01-19,20-61065,https://www.courtlistener.com/docket/16729472/the-krystal-company/
,Charlotte,development agreement,"TELLIS SOFTWARE INC v. POKERTEK, INC DO NOT DOCKET. CASE HAS BEEN TRANSFERRED OUT.",S.D. Tex.,2007-02-05,3:07-cv-00072,https://www.courtlistener.com/docket/5446009/tellis-software-inc-v-pokertek-inc-do-not-docket-case-has-been/
,Charlotte,development agreement,Morningstar Fellowship Church v. The Hon. Greg Suskin,D.S.C.,2022-11-04,0:22-cv-03855,https://www.courtlistener.com/docket/65693405/morningstar-fellowship-church-v-the-hon-greg-suskin/
,Charlotte,development agreement,"Metropolitan Partnership, Ltd. v. Harris",W.D.N.C.,2006-12-20,3:06-cv-00522,https://www.courtlistener.com/docket/5382801/metropolitan-partnership-ltd-v-harris/
,Charlotte,development agreement,"Gold Hill Enterprises, LLC",Bankr. D.S.C.,2011-04-14,11-02458,https://www.courtlistener.com/docket/4380861/gold-hill-enterprises-llc/
,Charlotte,development agreement,"Leon Capital Group, LLC v. Schwarz Beteiligungs-GMBH",E.D.N.C.,2018-06-08,7:18-cv-00104,https://www.courtlistener.com/docket/7102690/leon-capital-group-llc-v-schwarz-beteiligungs-gmbh/
,Charlotte,clawback,Roe v. Charlotte-Mecklenburg Board of Education,W.D.N.C.,2019-12-20,3:19-cv-00694,https://www.courtlistener.com/docket/16613471/roe-v-charlotte-mecklenburg-board-of-education/
,Charlotte,clawback,Akstin v. City of Charlotte,W.D.N.C.,2022-06-23,3:22-cv-00284,https://www.courtlistener.com/docket/63408129/akstin-v-city-of-charlotte/
,Charlotte,clawback,Debhi v. City of Charlotte,W.D.N.C.,2022-07-07,3:22-cv-00305,https://www.courtlistener.com/docket/63576568/debhi-v-city-of-charlotte/
,Charlotte,clawback,Allen v. Evolve Vacation Rental Network Inc.,D. Colo.,2024-08-30,1:24-cv-02404,https://www.courtlistener.com/docket/69118592/allen-v-evolve-vacation-rental-network-inc/
,Charlotte,clawback,Benjamin v. Charlotte Mecklenburg Board of Education,W.D.N.C.,2021-05-03,3:21-cv-00202,https://www.courtlistener.com/docket/59875901/benjamin-v-charlotte-mecklenburg-board-of-education/
,Charlotte,clawback,Doe v. Charlotte Mecklenburg Board of Education,W.D.N.C.,2018-11-01,3:18-cv-00586,https://www.courtlistener.com/docket/8121362/doe-v-charlotte-mecklenburg-board-of-education/
,Charlotte,clawback,Greene v. Charlotte-Mecklenburg Board of Education,W.D.N.C.,2021-06-04,3:21-cv-00263,https://www.courtlistener.com/docket/59963689/greene-v-charlotte-mecklenburg-board-of-education/
,Charlotte,clawback,Galle v. Charlotte-Mecklenburg Hospital Authority,W.D.N.C.,2020-07-16,3:20-cv-00391,https://www.courtlistener.com/docket/17357034/galle-v-charlotte-mecklenburg-hospital-authority/
,Charlotte,clawback,Kasey v. The Charlotte-Mecklenburg Hospital Authority,W.D.N.C.,2020-12-14,3:20-cv-00695,https://www.courtlistener.com/docket/18741584/kasey-v-the-charlotte-mecklenburg-hospital-authority/
,Charlotte,clawback,Williams v. The Charlotte-Mecklenburg Hospital Authority,W.D.N.C.,2020-04-23,3:20-cv-00242,https://www.courtlistener.com/docket/17095794/williams-v-the-charlotte-mecklenburg-hospital-authority/
,Charlotte,clawback,Rowell v. The Charlotte-Mecklenburg Hospital Authority,W.D.N.C.,2020-02-27,3:20-cv-00122,https://www.courtlistener.com/docket/16896824/rowell-v-the-charlotte-mecklenburg-hospital-authority/
,Charlotte,clawback,"Calliste v. The City of Charlotte, North Carolina",W.D.N.C.,2021-08-30,3:21-cv-00455,https://www.courtlistener.com/docket/60322445/calliste-v-the-city-of-charlotte-north-carolina/
,Charlotte,clawback,"Vanhorn v. Republic Services of North Carolina, LLC",W.D.N.C.,2018-11-05,5:18-cv-00179,https://www.courtlistener.com/docket/8136609/vanhorn-v-republic-services-of-north-carolina-llc/
,Charlotte,clawback,"Curtis Park Group, LLC v. Allied World Specialty Insurance Company",D. Colo.,2020-02-27,1:20-cv-00552,https://www.courtlistener.com/docket/16904679/curtis-park-group-llc-v-allied-world-specialty-insurance-company/
,Charlotte,clawback,Jensen v. Thornell,D. Ariz.,2012-03-22,2:12-cv-00601,https://www.courtlistener.com/docket/4133612/jensen-v-thornell/
,Charlotte,clawback,"Kingate Global Fund, Ltd. and Paul Pretlove and Charlotte Caufield",Bankr. S.D.N.Y.,2019-09-05,19-12853,https://www.courtlistener.com/docket/16160182/kingate-global-fund-ltd-and-paul-pretlove-and-charlotte-caufield/
,Charlotte,clawback,"Compass-Charlotte 1031, LLC v. Prime Capital Ventures, LLC",N.D.N.Y.,2024-01-12,1:24-cv-00055,https://www.courtlistener.com/docket/68158212/compass-charlotte-1031-llc-v-prime-capital-ventures-llc/
,Charlotte,clawback,X CORP. v. ADEIA INC.,N.D. Cal.,2023-11-28,3:23-cv-06151,https://www.courtlistener.com/docket/68041847/x-corp-v-adeia-inc/
,Charlotte,clawback,"South Carolina State Conference of the NAACP, The v. Alexander",D.S.C.,2021-10-12,3:21-cv-03302,https://www.courtlistener.com/docket/60656841/south-carolina-state-conference-of-the-naacp-the-v-alexander/
,Charlotte,clawback,Blendtec v. Blendjet,D. Utah,2025-02-11,2:25-cv-00096,https://www.courtlistener.com/docket/69632442/blendtec-v-blendjet/
,Charlotte,recapture,Charlotte Denise Ayres-Haley,Bankr. E.D. Va.,2007-02-12,07-10314,https://www.courtlistener.com/docket/4724792/charlotte-denise-ayres-haley/
,Charlotte,recapture,"SD-Charlotte, LLC",Bankr. W.D.N.C.,2020-02-07,20-30149,https://www.courtlistener.com/docket/16817806/sd-charlotte-llc/
,Charlotte,recapture,"TSI Holdings, LLC",Bankr. W.D.N.C.,2017-01-27,17-30132,https://www.courtlistener.com/docket/6127841/tsi-holdings-llc/
,Charlotte,recapture,Philip R. Castiglione,Bankr. E.D. Cal.,2007-05-03,07-11278,https://www.courtlistener.com/docket/43476874/philip-r-castiglione/
,Charlotte,recapture,Shannon v. Whirlpool Corporation,W.D. Mich.,2018-02-26,1:18-cv-00198,https://www.courtlistener.com/docket/7278483/shannon-v-whirlpool-corporation/
,Charlotte,recapture,"Scottish Holdings, Inc.",Bankr. D. Del.,2018-01-28,18-10160,https://www.courtlistener.com/docket/6285860/scottish-holdings-inc/
,Charlotte,recapture,NORTH CAROLINA MUTUAL LIFE INSURANCE COMPANY v. FICKES,M.D.N.C.,2022-06-30,1:22-cv-00501,https://www.courtlistener.com/docket/63564072/north-carolina-mutual-life-insurance-company-v-fickes/
,Charlotte,recapture,United States v. Lindberg,W.D.N.C.,2023-02-23,3:23-cr-00048,https://www.courtlistener.com/docket/66858068/united-states-v-lindberg/
,Charlotte,recapture,"PSEG Renewable Transmission LLC v. Arentz Family, LP",D. Maryland,2025-04-15,1:25-cv-01235,https://www.courtlistener.com/docket/69912702/pseg-renewable-transmission-llc-v-arentz-family-lp/
,Charlotte,recapture,"KAM Development, LLC v. Marco's Franchising, LLC",N.D. Ohio,2020-09-09,3:20-cv-02024,https://www.courtlistener.com/docket/18422282/kam-development-llc-v-marcos-franchising-llc/
,Charlotte,recapture,Grant C. Didier and Rebecca S. Didier,Bankr. N.D. Ill.,2015-04-27,15-14825,https://www.courtlistener.com/docket/15484149/grant-c-didier-and-rebecca-s-didier/
,Charlotte,recapture,Byrd v. Primoris Service Corporation,N.D. Tex.,2024-11-01,3:24-cv-02767,https://www.courtlistener.com/docket/69338627/byrd-v-primoris-service-corporation/
,Charlotte,recapture,"Alarm Funding Associates, LLC v. Republic Alarm Group, LLC",N.D. Tex.,2018-12-26,4:18-cv-01010,https://www.courtlistener.com/docket/16661676/alarm-funding-associates-llc-v-republic-alarm-group-llc/
,Charlotte,recapture,In Re: Tasigna (Nilotinib) Products Liability Litigation,M.D. Fla.,2021-08-10,6:21-md-03006,https://www.courtlistener.com/docket/60122193/in-re-tasigna-nilotinib-products-liability-litigation/
,Charlotte,recapture,"Securities and Exchange Commission v. Rex Venture Group, LLC",W.D.N.C.,2012-08-17,3:12-cv-00519,https://www.courtlistener.com/docket/4516928/securities-and-exchange-commission-v-rex-venture-group-llc/
,Charlotte,recapture,Sears Holdings Corporation,Bankr. S.D.N.Y.,2018-10-15,18-23538,https://www.courtlistener.com/docket/8026527/sears-holdings-corporation/
,Charlotte,recapture,Belk v. USDA,W.D.N.C.,1999-04-23,3:99-cv-00156,https://www.courtlistener.com/docket/5293306/belk-v-usda/
,Charlotte,recapture,"Klein v. Meta Platforms, Inc.",N.D. Cal.,2020-12-03,3:20-cv-08570,https://www.courtlistener.com/docket/18714274/klein-v-meta-platforms-inc/
,Charlotte,recapture,Genco Importing Inc.,Bankr. S.D.N.Y.,2011-05-26,11-12521,https://www.courtlistener.com/docket/4327403/genco-importing-inc/
,Charlotte,recapture,Talentscale Inc v. Aery Aviation LLC,11th Cir.,2026-04-01,26-11055,https://www.courtlistener.com/docket/73530668/talentscale-inc-v-aery-aviation-llc/
,Cheyenne,tax increment,Citizens for a Healthy Community v. United States Bureau of Land Management,D. Colo.,2020-08-19,1:20-cv-02484,https://www.courtlistener.com/docket/17459258/citizens-for-a-healthy-community-v-united-states-bureau-of-land-management/
,Cheyenne,tax increment,"General Growth Properties, Inc.",Bankr. S.D.N.Y.,2009-04-16,09-11977,https://www.courtlistener.com/docket/4326798/general-growth-properties-inc/
,Cheyenne,tax increment,King County v. Turner,W.D. Wash.,2025-05-02,2:25-cv-00814,https://www.courtlistener.com/docket/70062174/king-county-v-turner/
,Cheyenne,tax increment,Turlington Homes Inc v. Sinwelski,N.D. Ill.,2026-03-03,1:26-cv-02390,https://www.courtlistener.com/docket/72358047/turlington-homes-inc-v-sinwelski/
,Cheyenne,tax increment,"City of Detroit, Michigan",Bankr. E.D. Mich.,2013-07-18,13-53846,https://www.courtlistener.com/docket/4290108/city-of-detroit-michigan/
,Cheyenne,tax increment,Thomson Reuters Enterprise Centre GmbH v. ROSS Intelligence Inc.,D. Del.,2020-05-06,1:20-cv-00613,https://www.courtlistener.com/docket/17131648/thomson-reuters-enterprise-centre-gmbh-v-ross-intelligence-inc/
,Cheyenne,tax increment,State of Washington v. United States Department of State,W.D. Wash.,2020-01-23,2:20-cv-00111,https://www.courtlistener.com/docket/16753994/state-of-washington-v-united-states-department-of-state/
,Cheyenne,abatement,Smith v. Cheyenne Mountain School District 12,D. Colo.,2014-09-25,1:14-cv-02651,https://www.courtlistener.com/docket/5520947/smith-v-cheyenne-mountain-school-district-12/
,Cheyenne,abatement,Cheyenne & Arapaho Tribes v. Watson Laboratories Inc,W.D. Okla.,2019-01-15,5:19-cv-00042,https://www.courtlistener.com/docket/14628251/cheyenne-arapaho-tribes-v-watson-laboratories-inc/
,Cheyenne,abatement,BCB Cheyenne LLC v. MineOne Wyoming Data Center LLC,D. Wyo.,2023-05-03,1:23-cv-00079,https://www.courtlistener.com/docket/67320886/bcb-cheyenne-llc-v-mineone-wyoming-data-center-llc/
,Cheyenne,abatement,Northern Cheyenne Tribe v. Purdue Pharma L.P.,N.D. Ohio,2019-01-17,1:19-op-45010,https://www.courtlistener.com/docket/16046426/northern-cheyenne-tribe-v-purdue-pharma-lp/
,Cheyenne,abatement,Mallinckrodt plc,Bankr. D. Del.,2020-10-12,20-12522,https://www.courtlistener.com/docket/18527517/mallinckrodt-plc/
,Cheyenne,abatement,Anderson v. Starbucks Corporation,N.D. Cal.,2020-02-14,3:20-cv-01178,https://www.courtlistener.com/docket/16851609/anderson-v-starbucks-corporation/
,Cheyenne,abatement,Purdue Pharma L.P.,Bankr. S.D.N.Y.,2019-09-15,19-23649,https://www.courtlistener.com/docket/16199040/purdue-pharma-lp/
,Cheyenne,abatement,Dennis Meyer Danzik,Bankr. D. Wyo.,2016-01-04,16-20002,https://www.courtlistener.com/docket/4669123/dennis-meyer-danzik/
,Cheyenne,abatement,Celsius Network Inc.,Bankr. S.D.N.Y.,2022-07-13,22-10965,https://www.courtlistener.com/docket/63590770/celsius-network-inc/
,Cheyenne,abatement,Celsius Network LLC,Bankr. S.D.N.Y.,2022-07-13,22-10964,https://www.courtlistener.com/docket/63590715/celsius-network-llc/
,Cheyenne,abatement,United States v. Rimmasch,D. Wyo.,2021-11-18,1:21-cr-00138,https://www.courtlistener.com/docket/61596946/united-states-v-rimmasch/
,Cheyenne,abatement,"Phillips v. Front Range Home Improvements, Ltd.",D. Colo.,2006-05-17,1:06-cv-00927,https://www.courtlistener.com/docket/4844709/phillips-v-front-range-home-improvements-ltd/
,Cheyenne,abatement,United States v. Rimmasch,D. Wyo.,2021-11-18,1:21-cr-00138,https://www.courtlistener.com/docket/67923901/united-states-v-rimmasch/
,Cheyenne,abatement,In Re: Chinese-Manufactured Drywall Products Liability Litigation,E.D. La.,2009-06-15,2:09-md-02047,https://www.courtlistener.com/docket/4510502/in-re-chinese-manufactured-drywall-products-liability-litigation/
,Cheyenne,abatement,Citizens for a Healthy Community v. United States Bureau of Land Management,D. Colo.,2020-08-19,1:20-cv-02484,https://www.courtlistener.com/docket/17459258/citizens-for-a-healthy-community-v-united-states-bureau-of-land-management/
,Cheyenne,abatement,"Curry v. Revolution Laboratories, LLC",N.D. Ill.,2017-03-24,1:17-cv-02283,https://www.courtlistener.com/docket/6191607/curry-v-revolution-laboratories-llc/
,Cheyenne,abatement,Humane Society of The United States v. U.S. Fish and Wildlife Service,D. Mont.,2017-08-29,9:17-cv-00117,https://www.courtlistener.com/docket/6152591/humane-society-of-the-united-states-v-us-fish-and-wildlife-service/
,Cheyenne,abatement,K.E. v. Chiquita Canyon LLC,C.D. Cal.,2024-11-22,2:24-cv-10107,https://www.courtlistener.com/docket/69405640/ke-v-chiquita-canyon-llc/
,Cheyenne,abatement,Lisa Corson v. Achee Restoration and Construction LLC,C.D. Cal.,2026-08-26,5:26-cv-04886,https://www.courtlistener.com/docket/74702640/lisa-corson-v-achee-restoration-and-construction-llc/
,Cheyenne,abatement,Pardini v. Schriro,D. Ariz.,2008-03-04,2:08-cv-01509,https://www.courtlistener.com/docket/4801219/pardini-v-schriro/
,Cheyenne,development agreement,Purdue Pharma L.P.,Bankr. S.D.N.Y.,2019-09-15,19-23649,https://www.courtlistener.com/docket/16199040/purdue-pharma-lp/
,Cheyenne,development agreement,Wildcat Coal LLC v. Pacific Minerals Inc,D. Wyo.,2022-05-06,2:22-cv-00102,https://www.courtlistener.com/docket/63293725/wildcat-coal-llc-v-pacific-minerals-inc/
,Cheyenne,development agreement,"Zero Carbon Holdings, LLC v. Aspiration Partners, Inc.",S.D.N.Y.,2023-06-21,1:23-cv-05262,https://www.courtlistener.com/docket/67518304/zero-carbon-holdings-llc-v-aspiration-partners-inc/
,Cheyenne,development agreement,"BDD Group, LLC v. Crave Franchising, LLC",E.D. Mich.,2024-01-05,5:24-cv-10035,https://www.courtlistener.com/docket/68140090/bdd-group-llc-v-crave-franchising-llc/
,Cheyenne,development agreement,Righthaven LLC v. Pahrump Life,D. Nev.,2010-09-14,2:10-cv-01575,https://www.courtlistener.com/docket/4316845/righthaven-llc-v-pahrump-life/
,Cheyenne,development agreement,"THE RHODES COMPANIES, LLC",Bankr. D. Nev.,2009-03-31,09-14814,https://www.courtlistener.com/docket/4314046/the-rhodes-companies-llc/
,Cheyenne,development agreement,Horizon Tower Limited LLC v. Park County,D. Wyo.,2023-03-09,2:23-cv-00037,https://www.courtlistener.com/docket/66978100/horizon-tower-limited-llc-v-park-county/
,Cheyenne,development agreement,"CheyTac USA, LLC. v. Nextgen Tactical, LLC",S.D. Fla.,2017-05-09,0:17-cv-60925,https://www.courtlistener.com/docket/6061810/cheytac-usa-llc-v-nextgen-tactical-llc/
,Cheyenne,development agreement,"The Summit Church-Homestead Heights Baptist Church v. Chatham County, North Carolina Board of Commission",4th Cir.,2025-07-22,25-1832,https://www.courtlistener.com/docket/70907303/the-summit-church-homestead-heights-baptist-church-v-chatham-county-north/
,Cheyenne,development agreement,"United States of America v. Main Building Maintenance, Inc.",W.D. Tex.,2016-06-08,5:16-cv-00523,https://www.courtlistener.com/docket/14497110/united-states-of-america-v-main-building-maintenance-inc/
,Cheyenne,development agreement,"Rocky Mountain Christian Church v. Boulder County, Colorado Board of County Commissioners",D. Colo.,2006-03-27,1:06-cv-00554,https://www.courtlistener.com/docket/4745077/rocky-mountain-christian-church-v-boulder-county-colorado-board-of-county/
,Cheyenne,development agreement,"Gasconade Oil Co. v. Ultra Resources, Inc.",Bankr. S.D. Tex.,2017-01-05,17-03019,https://www.courtlistener.com/docket/6980585/gasconade-oil-co-v-ultra-resources-inc/
,Cheyenne,development agreement,Range 2 Poke LLC v. LemonShark Franchising LLC,C.D. Cal.,2022-05-09,8:22-cv-00949,https://www.courtlistener.com/docket/63297828/range-2-poke-llc-v-lemonshark-franchising-llc/
,Cheyenne,development agreement,"Church of the Rock, Inc. v. Town of Castle Rock, Colorado, The",D. Colo.,2024-05-13,1:24-cv-01340,https://www.courtlistener.com/docket/68525534/church-of-the-rock-inc-v-town-of-castle-rock-colorado-the/
,Cheyenne,development agreement,"Analytical Technologies, LLC v. Five Guys Properties, LLC PURSUANT TO COURT ORDER DOCKET IN THE LEAD CASE AS DIRECTED",E.D. Tex.,2024-05-01,2:24-cv-00307,https://www.courtlistener.com/docket/68493672/analytical-technologies-llc-v-five-guys-properties-llc-pursuant-to-court/
,Cheyenne,development agreement,Fieldwood Energy LLC and The Official Committee of Unsecured Creditors,Bankr. S.D. Tex.,2020-08-03,20-33948,https://www.courtlistener.com/docket/17411371/fieldwood-energy-llc-and-the-official-committee-of-unsecured-creditors/
,Cheyenne,development agreement,FAT Brands Inc. and Twin Hospitality Group Inc.,Bankr. S.D. Tex.,2026-01-26,26-90126,https://www.courtlistener.com/docket/72190554/fat-brands-inc-and-twin-hospitality-group-inc/
,Cheyenne,development agreement,AXION CORPORATION v. United States,Fed. Cl.,2003-11-06,1:03-cv-02644,https://www.courtlistener.com/docket/4197273/axion-corporation-v-united-states/
,Cheyenne,development agreement,"CFA, INC. v. CONDUENT STATE & LOCAL SOLUTIONS, INC.",S.D. Ind.,2022-08-09,1:22-cv-01575,https://www.courtlistener.com/docket/64879297/cfa-inc-v-conduent-state-local-solutions-inc/
,Cheyenne,development agreement,Ute Indian Tribe of the Uintah and Ouray Reservation v. Lawrence,D. Utah,2016-06-13,2:16-cv-00579,https://www.courtlistener.com/docket/6289264/ute-indian-tribe-of-the-uintah-and-ouray-reservation-v-lawrence/
,Cheyenne,clawback,Lilly v. Cheyenne Medical LLC,D. Nev.,2020-06-12,2:20-cv-01051,https://www.courtlistener.com/docket/17247635/lilly-v-cheyenne-medical-llc/
,Cheyenne,clawback,Uhouse v. Bureau of Reclamation,D. Nev.,2008-05-23,3:08-cv-00285,https://www.courtlistener.com/docket/6035225/uhouse-v-bureau-of-reclamation/
,Cheyenne,clawback,Kroshus v. United States of America,D. Nev.,2008-05-07,3:08-cv-00246,https://www.courtlistener.com/docket/6035224/kroshus-v-united-states-of-america/
,Cheyenne,clawback,Moore v. United States,D. Nev.,2009-04-01,3:09-cv-00167,https://www.courtlistener.com/docket/6036804/moore-v-united-states/
,Cheyenne,clawback,"Adamson v. United States of America, Departmment of the Interior through its Bureau of Reclamation",D. Nev.,2009-12-07,3:09-cv-00715,https://www.courtlistener.com/docket/6036509/adamson-v-united-states-of-america-departmment-of-the-interior-through/
,Cheyenne,clawback,Kroshus v. United States,D. Nev.,2009-12-07,3:09-cv-00713,https://www.courtlistener.com/docket/6036508/kroshus-v-united-states/
,Cheyenne,clawback,"Adgett v. United States of America, Department of Interior",D. Nev.,2009-11-03,3:09-cv-00649,https://www.courtlistener.com/docket/6036816/adgett-v-united-states-of-america-department-of-interior/
,Cheyenne,clawback,Bill Adamson v. United States,D. Nev.,2008-11-24,3:08-cv-00621,https://www.courtlistener.com/docket/6036491/bill-adamson-v-united-states/
,Cheyenne,clawback,Herrera v. Buckingham,D. Wyo.,2015-08-05,2:15-cv-00128,https://www.courtlistener.com/docket/7119184/herrera-v-buckingham/
,Cheyenne,clawback,"Foskaris v. Allied Collection Services, Inc.",D. Nev.,2016-05-06,2:16-cv-01027,https://www.courtlistener.com/docket/6053991/foskaris-v-allied-collection-services-inc/
,Cheyenne,clawback,Florence v. Cenlar Federal Savings and Loan,D. Nev.,2016-03-16,2:16-cv-00587,https://www.courtlistener.com/docket/6053714/florence-v-cenlar-federal-savings-and-loan/
,Cheyenne,clawback,Liborio Jr. v. First Hawaiian Bank,D. Nev.,2016-09-13,2:16-cv-02153,https://www.courtlistener.com/docket/6055140/liborio-jr-v-first-hawaiian-bank/
,Cheyenne,clawback,"Randall v. Coast To Coast Financial Solutions, Inc.",D. Nev.,2016-07-13,2:16-cv-01653,https://www.courtlistener.com/docket/6054612/randall-v-coast-to-coast-financial-solutions-inc/
,Cheyenne,clawback,Doe v. County of Clark,D. Nev.,2023-11-20,2:23-cv-01929,https://www.courtlistener.com/docket/68024121/doe-v-county-of-clark/
,Cheyenne,clawback,"Van Zandt v. Quantum Collections, Inc.",D. Nev.,2016-05-18,2:16-cv-01116,https://www.courtlistener.com/docket/6054037/van-zandt-v-quantum-collections-inc/
,Cheyenne,clawback,"Cousino v. Whole Foods Market, Inc.",D. Nev.,2017-09-28,2:17-cv-02531,https://www.courtlistener.com/docket/6163098/cousino-v-whole-foods-market-inc/
,Cheyenne,clawback,"Warciak v. One, Inc.",N.D. Ill.,2016-07-21,1:16-cv-07426,https://www.courtlistener.com/docket/4263881/warciak-v-one-inc/
,Cheyenne,clawback,"Winters Jr. v. AFNI, Inc.",D. Nev.,2016-06-23,2:16-cv-01501,https://www.courtlistener.com/docket/4519203/winters-jr-v-afni-inc/
,Cheyenne,clawback,"Florence v. Realtime Resolutions, Inc.",D. Nev.,2016-03-30,2:16-cv-00692,https://www.courtlistener.com/docket/6053599/florence-v-realtime-resolutions-inc/
,Cheyenne,clawback,"Beltran v. Interexchange, Inc.",D. Colo.,2014-11-13,1:14-cv-03074,https://www.courtlistener.com/docket/4196479/beltran-v-interexchange-inc/
,Cheyenne,recapture,United States v. West,D. Neb.,2005-05-06,8:05-cv-00208,https://www.courtlistener.com/docket/5644506/united-states-v-west/
,Cheyenne,recapture,RED SENSE LLC v. BOHUSLAVSKIY,D.N.J.,2025-06-27,2:25-cv-12281,https://www.courtlistener.com/docket/70656393/red-sense-llc-v-bohuslavskiy/
,Cheyenne,recapture,Righthaven LLC v. Hoehn,D. Nev.,2011-01-11,2:11-cv-00050,https://www.courtlistener.com/docket/4316951/righthaven-llc-v-hoehn/
,Cheyenne,recapture,United States v. Heath,D. Neb.,2019-05-03,8:19-cv-00196,https://www.courtlistener.com/docket/15048323/united-states-v-heath/
,Cheyenne,recapture,United States Securities and Exchange Commission v. AmeriStar LLC,D. Wyo.,2024-09-04,2:24-cv-00169,https://www.courtlistener.com/docket/69128485/united-states-securities-and-exchange-commission-v-ameristar-llc/
,Cheyenne,recapture,United States v. Robertson,C.D. Ill.,2018-08-06,3:18-cv-03196,https://www.courtlistener.com/docket/7603174/united-states-v-robertson/
,Cheyenne,recapture,United States v. Gwenn Wycoff,C.D. Cal.,2010-08-06,2:10-cv-05856,https://www.courtlistener.com/docket/4146014/united-states-v-gwenn-wycoff/
,Cheyenne,recapture,LOVERN v. PRUDENTIAL INSURANCE COMPANY OF AMERICA,D.D.C.,2012-05-02,1:12-cv-00704,https://www.courtlistener.com/docket/7021409/lovern-v-prudential-insurance-company-of-america/
,Cheyenne,recapture,"Righthaven LLC v. Hush-Hush Entertainment, Inc.",D. Nev.,2010-08-18,2:10-cv-01404,https://www.courtlistener.com/docket/4316811/righthaven-llc-v-hush-hush-entertainment-inc/
,Cheyenne,recapture,Righthaven LLC v. Smith,D. Nev.,2010-06-25,2:10-cv-01031,https://www.courtlistener.com/docket/4316750/righthaven-llc-v-smith/
,Cheyenne,recapture,Righthaven LLC v. Newsblaze LLC,D. Nev.,2011-05-05,2:11-cv-00720,https://www.courtlistener.com/docket/4317025/righthaven-llc-v-newsblaze-llc/
,Cheyenne,recapture,"Trico Millworks, Inc.",Bankr. D. Me.,2025-09-15,25-20222,https://www.courtlistener.com/docket/71347515/trico-millworks-inc/
,Cheyenne,recapture,Ernest Wachs and Audrey Wachs,Bankr. N.D. Ill.,2013-04-05,13-14290,https://www.courtlistener.com/docket/15390907/ernest-wachs-and-audrey-wachs/
,Cheyenne,recapture,ABC IP LLC v. Peak Tactical LLC,D. Wyo.,2026-01-15,2:26-cv-00018,https://www.courtlistener.com/docket/72151771/abc-ip-llc-v-peak-tactical-llc/
,Cheyenne,recapture,"JRS Partners, GP v. Warren",M.D. Tenn.,2017-09-13,3:17-cv-01258,https://www.courtlistener.com/docket/6153580/jrs-partners-gp-v-warren/
,Cheyenne,recapture,"Greene v. Ben Carson, in his official capacity as Secretary of the U.S. Department of Housing and Urban Development",S.D.N.Y.,2014-05-22,1:14-cv-03676,https://www.courtlistener.com/docket/4522909/greene-v-ben-carson-in-his-official-capacity-as-secretary-of-the-us/
,Cheyenne,recapture,Citizens for a Healthy Community v. United States Bureau of Land Management,D. Colo.,2020-08-19,1:20-cv-02484,https://www.courtlistener.com/docket/17459258/citizens-for-a-healthy-community-v-united-states-bureau-of-land-management/
,Cheyenne,recapture,Montana Wildlife Federation v. Bernhardt,D. Mont.,2018-04-30,4:18-cv-00069,https://www.courtlistener.com/docket/6381526/montana-wildlife-federation-v-bernhardt/
,Cheyenne,recapture,MARANDOLA v. United States,Fed. Cl.,2005-02-25,1:05-cv-00252,https://www.courtlistener.com/docket/4197664/marandola-v-united-states/
,Cheyenne,recapture,"American Home Mortgage Holdings, Inc.",Bankr. D. Del.,2007-08-06,07-11047,https://www.courtlistener.com/docket/4499194/american-home-mortgage-holdings-inc/
,Clinton,abatement,"71 Clinton, Inc.",Bankr. S.D.N.Y.,2014-10-07,14-12830,https://www.courtlistener.com/docket/4327802/71-clinton-inc/
,Clinton,abatement,RODEARMEL v. CLINTON,D.D.C.,2009-01-29,1:09-cv-00171,https://www.courtlistener.com/docket/4210534/rodearmel-v-clinton/
,Clinton,abatement,Clinton Brown v. Clark R. Taylor,C.D. Cal.,2022-12-17,2:22-cv-09203,https://www.courtlistener.com/docket/66672958/clinton-brown-v-clark-r-taylor/
,Clinton,abatement,Clinton Brown v. Steve Smead,C.D. Cal.,2023-04-19,2:23-cv-02938,https://www.courtlistener.com/docket/67232938/clinton-brown-v-steve-smead/
,Clinton,abatement,United States v. Banks,D. Colo.,2009-06-09,1:09-cr-00266,https://www.courtlistener.com/docket/15749840/united-states-v-banks/
,Clinton,abatement,Clinton Brown v. Emil Assentato,C.D. Cal.,2023-04-20,2:23-cv-02972,https://www.courtlistener.com/docket/67233233/clinton-brown-v-emil-assentato/
,Clinton,abatement,United States v. Banks,D. Colo.,2009-06-09,1:09-cr-00266,https://www.courtlistener.com/docket/32745003/united-states-v-banks/
,Clinton,abatement,Clinton Solar LLC v. Stoll,S.D. Ohio,2023-04-14,1:23-cv-00206,https://www.courtlistener.com/docket/67191412/clinton-solar-llc-v-stoll/
,Clinton,abatement,Mallinckrodt plc,Bankr. D. Del.,2020-10-12,20-12522,https://www.courtlistener.com/docket/18527517/mallinckrodt-plc/
,Clinton,abatement,United States v. Banks,D. Colo.,2009-06-09,1:09-cr-00266,https://www.courtlistener.com/docket/15749839/united-states-v-banks/
,Clinton,abatement,United States v. Banks,D. Colo.,2009-06-09,1:09-cr-00266,https://www.courtlistener.com/docket/4985102/united-states-v-banks/
,Clinton,abatement,United States v. Banks,D. Colo.,2009-06-09,1:09-cr-00266,https://www.courtlistener.com/docket/15749841/united-states-v-banks/
,Clinton,abatement,"Clinton County, Missouri v. Allergan PLC",E.D. Mo.,2019-11-27,4:19-cv-03169,https://www.courtlistener.com/docket/16528381/clinton-county-missouri-v-allergan-plc/
,Clinton,abatement,United States v. Banks,D. Colo.,2009-06-09,1:09-cr-00266,https://www.courtlistener.com/docket/15749843/united-states-v-banks/
,Clinton,abatement,United States v. Banks,D. Colo.,2009-06-09,1:09-cr-00266,https://www.courtlistener.com/docket/15749838/united-states-v-banks/
,Clinton,abatement,Halmos v. Insurance Company of North America,S.D. Fla.,2008-10-22,4:08-cv-10084,https://www.courtlistener.com/docket/4232295/halmos-v-insurance-company-of-north-america/
,Clinton,abatement,Miller v. State Automobile Mutual Insurance Company,N.D. Tex.,2016-03-17,2:16-cv-00058,https://www.courtlistener.com/docket/14461864/miller-v-state-automobile-mutual-insurance-company/
,Clinton,abatement,"Domus Development, LLC v. Titan Development, LLC",M.D. Tenn.,2018-06-20,2:18-cv-00052,https://www.courtlistener.com/docket/7310103/domus-development-llc-v-titan-development-llc/
,Clinton,abatement,"City of Huntington, West Virginia v. AmerisourceBergen Drug Corporation",S.D.W. Va,2020-01-24,3:17-cv-01362,https://www.courtlistener.com/docket/16758858/city-of-huntington-west-virginia-v-amerisourcebergen-drug-corporation/
,Clinton,abatement,"CSI Aviation, Inc. v. United States",D.N.M.,2020-03-30,1:20-cv-00281,https://www.courtlistener.com/docket/17024445/csi-aviation-inc-v-united-states/
,Clinton,development agreement,Clinton County YMCA v. Suddes and Associates Inc,S.D. Ohio,2005-03-03,1:05-cv-00137,https://www.courtlistener.com/docket/14154343/clinton-county-ymca-v-suddes-and-associates-inc/
,Clinton,development agreement,Clinton Brown v. Clark R. Taylor,C.D. Cal.,2022-12-17,2:22-cv-09203,https://www.courtlistener.com/docket/66672958/clinton-brown-v-clark-r-taylor/
,Clinton,development agreement,Clinton Brown v. Steve Smead,C.D. Cal.,2023-04-19,2:23-cv-02938,https://www.courtlistener.com/docket/67232938/clinton-brown-v-steve-smead/
,Clinton,development agreement,"RGN-USF, LLC v. Megatron Workspaces of Michigan, LLC",E.D. Mich.,2025-04-03,2:25-cv-10967,https://www.courtlistener.com/docket/69841611/rgn-usf-llc-v-megatron-workspaces-of-michigan-llc/
,Clinton,development agreement,Sears Holdings Corporation,Bankr. S.D.N.Y.,2018-10-15,18-23538,https://www.courtlistener.com/docket/8026527/sears-holdings-corporation/
,Clinton,development agreement,MCCD Ventures Management LLC v. Herzog,N.D. Tex.,2018-07-11,3:18-cv-01787,https://www.courtlistener.com/docket/13517603/mccd-ventures-management-llc-v-herzog/
,Clinton,development agreement,"Three Rivers Landing of Gulfport, LP v. Three Rivers Landing, LLC",W.D. Va.,2011-01-21,7:11-cv-00025,https://www.courtlistener.com/docket/4408123/three-rivers-landing-of-gulfport-lp-v-three-rivers-landing-llc/
,Clinton,development agreement,"NIKISH SOFTWARE CORPORATION v. MANATRON, INCORPORATED",S.D. Ind.,2007-03-16,1:07-cv-00358,https://www.courtlistener.com/docket/4266352/nikish-software-corporation-v-manatron-incorporated/
,Clinton,development agreement,"Inamdar v. Massage Luxe International, LLC",E.D. Mo.,2026-05-27,4:26-cv-00832,https://www.courtlistener.com/docket/73396030/inamdar-v-massage-luxe-international-llc/
,Clinton,development agreement,"Lower Town Project, LLC v. Lawyers Title Insurance Corporation",E.D. Mich.,2010-04-21,2:10-cv-11615,https://www.courtlistener.com/docket/4291680/lower-town-project-llc-v-lawyers-title-insurance-corporation/
,Clinton,development agreement,Amgen Inc. v. Sanofi,D. Del.,2014-10-17,1:14-cv-01317,https://www.courtlistener.com/docket/4220704/amgen-inc-v-sanofi/
,Clinton,development agreement,"JDI Cumberland Inlet, LLC",Bankr. N.D. Ga.,2025-05-05,25-55072,https://www.courtlistener.com/docket/70148379/jdi-cumberland-inlet-llc/
,Clinton,development agreement,BANNEKER VENTURES LLC v. GRAHAM,D.D.C.,2013-03-25,1:13-cv-00391,https://www.courtlistener.com/docket/4211928/banneker-ventures-llc-v-graham/
,Clinton,development agreement,3RD MILLENNIUM SURGERY CENTER LLC,Bankr. D.P.R.,2023-06-06,23-01737,https://www.courtlistener.com/docket/67480511/3rd-millennium-surgery-center-llc/
,Clinton,development agreement,VIRBAC CORPORATION v. CHANELLE PHARMACEUTICALS MANUFACTURING LTD.,D.D.C.,2005-06-07,1:05-cv-01128,https://www.courtlistener.com/docket/4202198/virbac-corporation-v-chanelle-pharmaceuticals-manufacturing-ltd/
,Clinton,development agreement,Amgen Inc. v. Sanofi,D. Del.,2014-10-28,1:14-cv-01349,https://www.courtlistener.com/docket/13351793/amgen-inc-v-sanofi/
,Clinton,development agreement,Skorupska v. 525 West 52 Property Owner LLC,S.D.N.Y.,2020-04-02,1:20-cv-02831,https://www.courtlistener.com/docket/17048456/skorupska-v-525-west-52-property-owner-llc/
,Clinton,development agreement,"MGM Resorts International Global Gaming Development, LLC v. Malloy",D. Conn.,2015-08-04,3:15-cv-01182,https://www.courtlistener.com/docket/6153985/mgm-resorts-international-global-gaming-development-llc-v-malloy/
,Clinton,development agreement,Uniroyal Chemical Co v. Syngenta Crop,D. Conn.,2002-12-19,3:02-cv-02253,https://www.courtlistener.com/docket/4200810/uniroyal-chemical-co-v-syngenta-crop/
,Clinton,development agreement,"Analytical Technologies, LLC v. Five Guys Properties, LLC PURSUANT TO COURT ORDER DOCKET IN THE LEAD CASE AS DIRECTED",E.D. Tex.,2024-05-01,2:24-cv-00307,https://www.courtlistener.com/docket/68493672/analytical-technologies-llc-v-five-guys-properties-llc-pursuant-to-court/
,Clinton,clawback,Buckles v. Green Tree Servicing LLC,D. Nev.,2015-08-18,2:15-cv-01581,https://www.courtlistener.com/docket/6052435/buckles-v-green-tree-servicing-llc/
,Clinton,clawback,"Securities Investor Protection Corporation v. Bernard L. Madoff Investment Securities, LLC. et a",Bankr. S.D.N.Y.,2008-12-11,08-01789,https://www.courtlistener.com/docket/4326756/securities-investor-protection-corporation-v-bernard-l-madoff-investment/
,Clinton,clawback,"J.C. v. Google, LLC",C.D. Ill.,2021-04-20,1:21-cv-01122,https://www.courtlistener.com/docket/59839209/jc-v-google-llc/
,Clinton,clawback,United States v. Wessell,S.D. Fla.,2022-05-24,0:22-cv-60988,https://www.courtlistener.com/docket/63334306/united-states-v-wessell/
,Clinton,clawback,Grae v. Corrections Corporation of America,M.D. Tenn.,2016-08-23,3:16-cv-02267,https://www.courtlistener.com/docket/4530353/grae-v-corrections-corporation-of-america/
,Clinton,clawback,"City of Detroit, Michigan",Bankr. E.D. Mich.,2013-07-18,13-53846,https://www.courtlistener.com/docket/4290108/city-of-detroit-michigan/
,Clinton,clawback,Feierstein v. Correvio Pharma Corp.,S.D.N.Y.,2019-12-12,1:19-cv-11361,https://www.courtlistener.com/docket/16577981/feierstein-v-correvio-pharma-corp/
,Clinton,clawback,"Haymount Urgent Care PC v. GoFund Advance, LLC",S.D.N.Y.,2022-02-14,1:22-cv-01245,https://www.courtlistener.com/docket/63000626/haymount-urgent-care-pc-v-gofund-advance-llc/
,Clinton,clawback,"Michael S. Goldberg, L.L.C and Michael S. Goldberg",Bankr. D. Conn.,2009-11-18,09-23370,https://www.courtlistener.com/docket/4198795/michael-s-goldberg-llc-and-michael-s-goldberg/
,Clinton,clawback,United States v. Black,D. Kan.,2016-05-04,2:16-cr-20032,https://www.courtlistener.com/docket/14873041/united-states-v-black/
,Clinton,clawback,In Re: Purdue Pharma L.P.,S.D.N.Y.,2025-11-20,7:25-cv-09681,https://www.courtlistener.com/docket/71942618/in-re-purdue-pharma-lp/
,Clinton,clawback,United States v. Black,D. Kan.,2016-05-04,2:16-cr-20032,https://www.courtlistener.com/docket/6438955/united-states-v-black/
,Clinton,clawback,Kleeberg v. Eber,S.D.N.Y.,2016-12-09,1:16-cv-09517,https://www.courtlistener.com/docket/4565729/kleeberg-v-eber/
,Clinton,clawback,Howrey LLP,Bankr. N.D. Cal.,2011-04-11,11-31376,https://www.courtlistener.com/docket/4164274/howrey-llp/
,Clinton,clawback,Irving H. Picard v. Eastside Investment Limited,S.D.N.Y.,2012-04-06,1:12-cv-02643,https://www.courtlistener.com/docket/13053224/irving-h-picard-v-eastside-investment-limited/
,Clinton,clawback,"Residential Capital, LLC",Bankr. S.D.N.Y.,2012-05-14,12-12020,https://www.courtlistener.com/docket/4327483/residential-capital-llc/
,Clinton,clawback,STATE OF NEW MEXICO v. MUSK,D.D.C.,2025-02-13,1:25-cv-00429,https://www.courtlistener.com/docket/69638651/state-of-new-mexico-v-musk/
,Clinton,clawback,"PCS & Build, LLC v. Star Building Systems",S.D. Tex.,2022-11-23,4:22-cv-04091,https://www.courtlistener.com/docket/65886293/pcs-build-llc-v-star-building-systems/
,Clinton,clawback,"PCS & Build, LLC v. Star Building Systems",S.D. Ohio,2022-05-25,1:22-cv-00521,https://www.courtlistener.com/docket/65021443/pcs-build-llc-v-star-building-systems/
,Clinton,clawback,"American Proteins, Inc. v. River Valley Ingredients, LLC",N.D. Ga.,2022-05-11,2:22-cv-00091,https://www.courtlistener.com/docket/63315044/american-proteins-inc-v-river-valley-ingredients-llc/
,Clinton,recapture,Clinton v. Security Benefit Life Insurance Company,D. Kan.,2020-07-22,5:20-cv-04038,https://www.courtlistener.com/docket/17370740/clinton-v-security-benefit-life-insurance-company/
,Clinton,recapture,"Worrell v. Thang, Inc.",E.D. Mich.,2022-05-10,4:22-cv-11009,https://www.courtlistener.com/docket/63301038/worrell-v-thang-inc/
,Clinton,recapture,United States v. Koch,D. Neb.,2005-07-11,8:05-cv-00328,https://www.courtlistener.com/docket/5649415/united-states-v-koch/
,Clinton,recapture,Motors Liquidation Company,Bankr. S.D.N.Y.,2009-06-01,09-50026,https://www.courtlistener.com/docket/4327513/motors-liquidation-company/
,Clinton,recapture,"James S. Pendergraft, IV",Bankr. M.D. Fla.,2018-10-18,6:18-bk-06437,https://www.courtlistener.com/docket/8046327/james-s-pendergraft-iv/
,Clinton,recapture,United States v. Parks,W.D.N.Y.,2017-12-05,1:17-cv-01262,https://www.courtlistener.com/docket/8138925/united-states-v-parks/
,Clinton,recapture,"Vita-Mix Corporation v. Back to Basics Products, Inc.",N.D. Ohio,2006-10-30,1:06-cv-02622,https://www.courtlistener.com/docket/5658128/vita-mix-corporation-v-back-to-basics-products-inc/
,Clinton,recapture,"JUDICIAL WATCH, INC. v. U.S. DEPARTMENT OF STATE",D.D.C.,2015-05-06,1:15-cv-00687,https://www.courtlistener.com/docket/4213655/judicial-watch-inc-v-us-department-of-state/
,Clinton,recapture,"Breach v. Prison Health Services, Inc. (INMATE1)",M.D. Ala.,2006-12-22,2:06-cv-01133,https://www.courtlistener.com/docket/4124579/breach-v-prison-health-services-inc-inmate1/
,Clinton,recapture,"JOHN C. FLOOD OF VIRGINIA, INC. v. JOHN C. FLOOD, INC.",D.D.C.,2006-07-25,1:06-cv-01311,https://www.courtlistener.com/docket/4205293/john-c-flood-of-virginia-inc-v-john-c-flood-inc/
,Clinton,recapture,"United States v. Kutz, Sr.",S.D. Ill.,2005-03-16,3:05-cv-00193,https://www.courtlistener.com/docket/4804720/united-states-v-kutz-sr/
,Clinton,recapture,United States v. Yandow,N.D.N.Y.,2019-09-16,5:19-cv-01142,https://www.courtlistener.com/docket/16202469/united-states-v-yandow/
,Clinton,recapture,"United States of America Acting Through Farmers Home Adminstration, United States Department of Agriculture v. Estate of Karen E. Davis",N.D.N.Y.,2018-09-07,3:18-cv-01075,https://www.courtlistener.com/docket/7832800/united-states-of-america-acting-through-farmers-home-adminstration-united/
,Clinton,recapture,In Re: Sears Holdings Corporation,S.D.N.Y.,2019-10-02,7:19-cv-09140,https://www.courtlistener.com/docket/16283285/in-re-sears-holdings-corporation/
,Clinton,recapture,"KLAYMAN v. JUDICIAL WATCH, INC.",D.D.C.,2006-04-12,1:06-cv-00670,https://www.courtlistener.com/docket/4204543/klayman-v-judicial-watch-inc/
,Clinton,recapture,Fermin Aguas Marquez v. United States Department of State,C.D. Cal.,2023-06-28,8:23-cv-01154,https://www.courtlistener.com/docket/67536070/fermin-aguas-marquez-v-united-states-department-of-state/
,Clinton,recapture,"DEMOCRATIC LEADERSHIP COUNCIL, INC. v. United States",D.D.C.,2005-05-27,1:05-cv-01067,https://www.courtlistener.com/docket/4202129/democratic-leadership-council-inc-v-united-states/
,Clinton,recapture,"Basulto v. Netflix, Inc.",S.D. Fla.,2022-06-10,1:22-cv-21796,https://www.courtlistener.com/docket/63378170/basulto-v-netflix-inc/
,Clinton,recapture,Cher v. Mary Bono,C.D. Cal.,2021-10-13,2:21-cv-08157,https://www.courtlistener.com/docket/60645363/cher-v-mary-bono/
,Clinton,recapture,785 Partners LLC,Bankr. S.D.N.Y.,2011-08-03,11-13702,https://www.courtlistener.com/docket/4327430/785-partners-llc/
,Croix County,tax increment,"H.D.V.I. Holding Company, Inc v. CDP, LLC, a US Virgin Islands limited liability company",D.V.I.,2013-12-23,1:13-cv-00118,https://www.courtlistener.com/docket/7324043/hdvi-holding-company-inc-v-cdp-llc-a-us-virgin-islands-limited/
,Croix County,tax increment,Committee on Jobs Candidate Advocacy Fund v. Herrera,N.D. Cal.,2007-06-18,3:07-cv-03199,https://www.courtlistener.com/docket/4167609/committee-on-jobs-candidate-advocacy-fund-v-herrera/
,Croix County,tax increment,R3 Composites Corporation v. G&S Sales Corp.,N.D. Ind.,2016-11-14,1:16-cv-00387,https://www.courtlistener.com/docket/5532189/r3-composites-corporation-v-gs-sales-corp/
,Croix County,tax increment,"Specialty Retail Shops Holding Corp. and Pamida Transportation, LLC",Bankr. D. Neb.,2019-01-16,19-80064,https://www.courtlistener.com/docket/8504728/specialty-retail-shops-holding-corp-and-pamida-transportation-llc/
,Croix County,tax increment,State of Washington v. United States Department of State,W.D. Wash.,2020-01-23,2:20-cv-00111,https://www.courtlistener.com/docket/16753994/state-of-washington-v-united-states-department-of-state/
,Croix County,abatement,"Rodriguez, Sr. v. Turner St. Croix Maintenance, Inc.",D.V.I.,2012-10-09,1:12-cv-00100,https://www.courtlistener.com/docket/5303289/rodriguez-sr-v-turner-st-croix-maintenance-inc/
,Croix County,abatement,"St. Croix Chippewa Indians of Wisconsin v. McKinsey & Company, Inc.",N.D. Cal.,2022-09-30,3:22-cv-05640,https://www.courtlistener.com/docket/65390601/st-croix-chippewa-indians-of-wisconsin-v-mckinsey-company-inc/
,Croix County,abatement,Committee on Jobs Candidate Advocacy Fund v. Herrera,N.D. Cal.,2007-06-18,3:07-cv-03199,https://www.courtlistener.com/docket/4167609/committee-on-jobs-candidate-advocacy-fund-v-herrera/
,Croix County,abatement,"Henry, Josephat (Harvey) v. St. Croix Alumina, LLC",D.V.I.,1999-03-05,1:99-cv-00036,https://www.courtlistener.com/docket/4643992/henry-josephat-harvey-v-st-croix-alumina-llc/
,Croix County,abatement,Mallinckrodt plc,Bankr. D. Del.,2020-10-12,20-12522,https://www.courtlistener.com/docket/18527517/mallinckrodt-plc/
,Croix County,abatement,Cole v. Kramlinger,D. Minnesota,2024-09-03,0:24-cv-03521,https://www.courtlistener.com/docket/69322273/cole-v-kramlinger/
,Croix County,abatement,"Bennington Foods, L.L.C. Dba Bennington Group v. St. Croix Renaissance Group L.L.P.",D.V.I.,2006-11-27,1:06-cv-00154,https://www.courtlistener.com/docket/5006967/bennington-foods-llc-dba-bennington-group-v-st-croix-renaissance/
,Croix County,abatement,Lac Courte Oreilles Band of Lake Superior Chippewa Indians v. State of Wisconsin,W.D. Wis.,1983-11-01,3:74-cv-00313,https://www.courtlistener.com/docket/5580006/lac-courte-oreilles-band-of-lake-superior-chippewa-indians-v-state-of/
,Croix County,abatement,"GOVT. OF V.I. v. GONZALVES, GARY",D.V.I.,2005-08-15,1:05-cr-00042,https://www.courtlistener.com/docket/5171042/govt-of-vi-v-gonzalves-gary/
,Croix County,abatement,"United States v. Robl, Lloyd",W.D. Wis.,2018-10-10,3:18-cr-00136,https://www.courtlistener.com/docket/8012039/united-states-v-robl-lloyd/
,Croix County,abatement,"Quinlan v. Jetall Companies, Inc.",Bankr. S.D. Tex.,2023-08-01,23-03141,https://www.courtlistener.com/docket/67656147/quinlan-v-jetall-companies-inc/
,Croix County,abatement,"Commissioner of the Department of Licensing and Consumer Affairs v. Pepsico, Inc.",D.V.I.,2025-05-19,1:25-cv-00024,https://www.courtlistener.com/docket/70312512/commissioner-of-the-department-of-licensing-and-consumer-affairs-v/
,Croix County,abatement,"GOVT v. THOMAS,RAY",D.V.I.,2003-01-09,3:03-cr-00012,https://www.courtlistener.com/docket/5054768/govt-v-thomasray/
,Croix County,abatement,"Madison Capital Company, LLC v. Smith",E.D. Ky.,2007-02-07,7:07-cv-00027,https://www.courtlistener.com/docket/4808837/madison-capital-company-llc-v-smith/
,Croix County,abatement,"Sonny v. HOVENSA, L.L.C.",D.V.I.,2012-10-12,1:12-cv-00104,https://www.courtlistener.com/docket/5303295/sonny-v-hovensa-llc/
,Croix County,abatement,"Arno v. HOVENSA, L.L.C.",D.V.I.,2012-10-10,1:12-cv-00101,https://www.courtlistener.com/docket/5303293/arno-v-hovensa-llc/
,Croix County,abatement,"Williams v. VINGN, Inc.",D.V.I.,2023-02-17,1:23-cv-00008,https://www.courtlistener.com/docket/67402956/williams-v-vingn-inc/
,Croix County,abatement,NEW JERSEY DEPARTMENT OF ENVIRONMENTAL PROTECTION v. E.I DUPONT DE NEMOURS AND COMPANY,D.N.J.,2019-07-05,1:19-cv-14766,https://www.courtlistener.com/docket/15887419/new-jersey-department-of-environmental-protection-v-ei-dupont-de-nemours/
,Croix County,abatement,Duke and King Acquisition Corp,Bankr. D. Minn.,2010-12-04,10-38652,https://www.courtlistener.com/docket/4294077/duke-and-king-acquisition-corp/
,Croix County,abatement,"IN RE: EQUIFAX, INC., Customer Data Security Breach Litigation",N.D. Ga.,2017-12-06,1:17-md-02800,https://www.courtlistener.com/docket/6239202/in-re-equifax-inc-customer-data-security-breach-litigation/
,Croix County,clawback,"Government of The United States Virgin Islands v. Ocwen USVI Services, LLC",D.V.I.,2025-05-23,1:25-cv-00025,https://www.courtlistener.com/docket/70350217/government-of-the-united-states-virgin-islands-v-ocwen-usvi-services-llc/
,Croix County,clawback,"Government of The United States Virgin Islands v. Ocwen USVI Services, LLC",D.V.I.,2026-01-28,3:26-cv-00004,https://www.courtlistener.com/docket/72204633/government-of-the-united-states-virgin-islands-v-ocwen-usvi-services-llc/
,Croix County,clawback,"United Property, Inc. v. RoyalStar Assurance, Ltd.",D.V.I.,2026-04-27,3:26-cv-00019,https://www.courtlistener.com/docket/73247711/united-property-inc-v-royalstar-assurance-ltd/
,Croix County,clawback,Wooten v. Limetree Bay Terminals,D.V.I.,2023-03-17,1:23-cv-00012,https://www.courtlistener.com/docket/67038729/wooten-v-limetree-bay-terminals/
,Croix County,clawback,Guerrero v. Adams County Colorado,D. Colo.,2024-03-28,1:24-cv-00855,https://www.courtlistener.com/docket/68404532/guerrero-v-adams-county-colorado/
,Croix County,clawback,"Wallis, Terilyn v. National Rural Utilities Cooperative Finance Corporation",E.D. Va.,2022-07-25,1:22-cv-00838,https://www.courtlistener.com/docket/64435529/wallis-terilyn-v-national-rural-utilities-cooperative-finance-corporation/
,Croix County,clawback,Principal Life Insurance Company v. United States,S.D. Iowa,2008-03-03,4:08-cv-00082,https://www.courtlistener.com/docket/130779/principal-life-insurance-company-v-united-states/
,Croix County,clawback,Securities and Exchange Commission v. Stanford International Bank Ltd,N.D. Tex.,2009-02-17,3:09-cv-00298,https://www.courtlistener.com/docket/4390290/securities-and-exchange-commission-v-stanford-international-bank-ltd/
,Croix County,clawback,COMMONWEALTH OF PUERTO RICO and Puerto Rico Public Buildings Authority (PBA),Bankr. D.P.R.,2017-05-03,17-03283,https://www.courtlistener.com/docket/6061354/commonwealth-of-puerto-rico-and-puerto-rico-public-buildings-authority/
,Croix County,clawback,"Boynes v. Limetree Bay Ventures, LLC",D.V.I.,2021-06-09,1:21-cv-00253,https://www.courtlistener.com/docket/59976707/boynes-v-limetree-bay-ventures-llc/
,Croix County,clawback,Purdue Pharma L.P.,Bankr. S.D.N.Y.,2019-09-15,19-23649,https://www.courtlistener.com/docket/16199040/purdue-pharma-lp/
,Croix County,clawback,Fort Worth Employees' Retirement Fund v. JP Morgan Chase & Co.,S.D.N.Y.,2009-04-10,1:09-cv-03701,https://www.courtlistener.com/docket/4346335/fort-worth-employees-retirement-fund-v-jp-morgan-chase-co/
,Croix County,clawback,"In re: Babcock & Wilcox Enterprises, Inc. Shareholder Derivative Litigation",D. Del.,2018-02-16,1:18-cv-00281,https://www.courtlistener.com/docket/6322063/in-re-babcock-wilcox-enterprises-inc-shareholder-derivative-litigation/
,Croix County,clawback,"Atlantic Basin Refining, Inc. v. JP Energy Partners, LP",D.V.I.,2015-11-16,1:15-cv-00071,https://www.courtlistener.com/docket/4685503/atlantic-basin-refining-inc-v-jp-energy-partners-lp/
,Croix County,clawback,In re Stanford International Bank Ltd. Debtor in a Foreign Proceeding,N.D. Tex.,2009-04-20,3:09-cv-00721,https://www.courtlistener.com/docket/6279081/in-re-stanford-international-bank-ltd-debtor-in-a-foreign-proceeding/
,Croix County,clawback,American University of Antigua College of Medicine v. The Medical Board of California,E.D. Cal.,2010-04-15,2:10-mc-00041,https://www.courtlistener.com/docket/5859181/american-university-of-antigua-college-of-medicine-v-the-medical-board-of/
,Croix County,clawback,Janvey v. Barnes,N.D. Tex.,2010-03-15,3:10-cv-00527,https://www.courtlistener.com/docket/12649144/janvey-v-barnes/
,Croix County,clawback,In Re: National Prescription Opiate Litigation,N.D. Ohio,2022-11-04,1:17-md-02804,https://www.courtlistener.com/docket/6240169/in-re-national-prescription-opiate-litigation/
,Croix County,clawback,Securities and Exchange Commission v. Agridime LLC,N.D. Tex.,2023-12-11,4:23-cv-01224,https://www.courtlistener.com/docket/68086971/securities-and-exchange-commission-v-agridime-llc/
,Croix County,clawback,Luo v. Sogou Inc.,S.D.N.Y.,2019-01-09,1:19-cv-00230-LJL,https://www.courtlistener.com/docket/8502437/luo-v-sogou-inc/
,Croix County,recapture,United States of America (Rural Development) v. Simon,D.V.I.,2019-08-12,1:19-cv-00035,https://www.courtlistener.com/docket/16220994/united-states-of-america-rural-development-v-simon/
,Croix County,recapture,"United States of Amercia v. O'reilly, Kendel C.",D.V.I.,2000-11-17,1:00-cv-00170,https://www.courtlistener.com/docket/5003879/united-states-of-amercia-v-oreilly-kendel-c/
,Croix County,recapture,USA Rural Development v. Martin,D.V.I.,2018-06-07,1:18-cv-00016,https://www.courtlistener.com/docket/8207309/usa-rural-development-v-martin/
,Croix County,recapture,"United States Department of Agricultur F/K/A Farmers Home Administration v. Acosta-Ramos, Josefina,Aka Josephina Vivian,Aka Josephina Vivican",D.V.I.,2006-02-08,1:06-cv-00018,https://www.courtlistener.com/docket/5135982/united-states-department-of-agricultur-fka-farmers-home-administration-v/
,Croix County,recapture,"United States Department of Agriculture Farmers Home Administration v. Lee, Roosevelt A.",D.V.I.,2004-07-28,1:04-cv-00099,https://www.courtlistener.com/docket/5112432/united-states-department-of-agriculture-farmers-home-administration-v-lee/
,Croix County,recapture,United States v. Dublin,D.V.I.,2014-12-15,1:14-cv-00108,https://www.courtlistener.com/docket/5365883/united-states-v-dublin/
,Croix County,recapture,United States v. Bridgewater,D.V.I.,2014-11-21,1:14-cv-00099,https://www.courtlistener.com/docket/5368112/united-states-v-bridgewater/
,Croix County,recapture,USA v. HOVENSA LLC,D.V.I.,2011-01-26,1:11-cv-00006,https://www.courtlistener.com/docket/16087613/usa-v-hovensa-llc/
,Croix County,recapture,United States v. Carl F Christopher,D.V.I.,1999-12-01,1:99-cv-00196,https://www.courtlistener.com/docket/5003877/united-states-v-carl-f-christopher/
,Croix County,recapture,United States v. Solomon,D.V.I.,2018-07-02,1:18-cv-00026,https://www.courtlistener.com/docket/8099820/united-states-v-solomon/
,Croix County,recapture,United States v. Hamilton,D.V.I.,2010-12-30,1:10-cv-00125,https://www.courtlistener.com/docket/5281790/united-states-v-hamilton/
,Croix County,recapture,United States of America (Rural Development) v. Soto,D.V.I.,2019-08-13,1:19-cv-00038,https://www.courtlistener.com/docket/16738107/united-states-of-america-rural-development-v-soto/
,Croix County,recapture,United States v. Virgin Islands Housing Finance Authority,D.V.I.,2014-09-29,1:14-cv-00070,https://www.courtlistener.com/docket/5357486/united-states-v-virgin-islands-housing-finance-authority/
,Croix County,recapture,United States v. Smith,D.V.I.,2014-10-24,1:14-cv-00085,https://www.courtlistener.com/docket/5361463/united-states-v-smith/
,Croix County,recapture,United States v. Edney,D.V.I.,2014-09-29,1:14-cv-00071,https://www.courtlistener.com/docket/5357488/united-states-v-edney/
,Croix County,recapture,United States v. Mauldin,D.V.I.,2018-07-27,1:18-cv-00033,https://www.courtlistener.com/docket/8074202/united-states-v-mauldin/
,Croix County,recapture,"Nevada Partners Fund, LLC v. United States",S.D. Miss.,2006-07-13,3:06-cv-00388,https://www.courtlistener.com/docket/4939241/nevada-partners-fund-llc-v-united-states/
,Croix County,recapture,United States of America (Rural Development) v. PICKARD,D.V.I.,2014-08-04,1:14-cv-00044,https://www.courtlistener.com/docket/5357480/united-states-of-america-rural-development-v-pickard/
,Croix County,recapture,United States v. Davidson,D.V.I.,2015-12-07,1:15-cv-00074,https://www.courtlistener.com/docket/6343336/united-states-v-davidson/
,Croix County,recapture,Avaya Inc. v. SNMP Research International Inc.,D. Del.,2012-02-14,1:12-cv-00191,https://www.courtlistener.com/docket/4219590/avaya-inc-v-snmp-research-international-inc/
,Dallas,tax increment,Dallas Roof Gardens Inc v. The City of Dallas Texas,N.D. Tex.,2007-04-23,3:07-cv-00696,https://www.courtlistener.com/docket/4964479/dallas-roof-gardens-inc-v-the-city-of-dallas-texas/
,Dallas,tax increment,Sears Holdings Corporation,Bankr. S.D.N.Y.,2018-10-15,18-23538,https://www.courtlistener.com/docket/8026527/sears-holdings-corporation/
,Dallas,tax increment,"Lockey v. City of Dallas, Texas",N.D. Tex.,2011-02-22,3:11-cv-00354,https://www.courtlistener.com/docket/5222058/lockey-v-city-of-dallas-texas/
,Dallas,tax increment,Veasey v. Abbott,S.D. Tex.,2013-06-26,2:13-cv-00193,https://www.courtlistener.com/docket/4393299/veasey-v-abbott/
,Dallas,tax increment,"Colfin 2019-H Industrial Owner, LLC v. Village of University Park",N.D. Ill.,2019-08-06,1:19-cv-05309,https://www.courtlistener.com/docket/16022995/colfin-2019-h-industrial-owner-llc-v-village-of-university-park/
,Dallas,tax increment,Defense Distributed v. Elik,S.D. Fla.,2025-09-25,9:25-cv-81197,https://www.courtlistener.com/docket/71458669/defense-distributed-v-elik/
,Dallas,tax increment,Louisiana Community Development Capital Fund Inc v. Grambling Legends Square Taxing District,W.D. La.,2014-06-30,3:14-cv-02212,https://www.courtlistener.com/docket/5410495/louisiana-community-development-capital-fund-inc-v-grambling-legends/
,Dallas,tax increment,City Wide Community Development Corporation,Bankr. N.D. Tex.,2021-04-30,21-30847,https://www.courtlistener.com/docket/59874226/city-wide-community-development-corporation/
,Dallas,tax increment,Rethink35 v. Texas Department of Transportation (TXDOT),W.D. Tex.,2024-01-26,1:24-cv-00092,https://www.courtlistener.com/docket/68199197/rethink35-v-texas-department-of-transportation-txdot/
,Dallas,tax increment,United States of America v. Moayedi,N.D. Tex.,2020-11-23,3:20-cv-03474,https://www.courtlistener.com/docket/60107165/united-states-of-america-v-moayedi/
,Dallas,tax increment,Securities and Exchange Commission v. City of Victorville,C.D. Cal.,2013-04-29,5:13-cv-00776,https://www.courtlistener.com/docket/4150043/securities-and-exchange-commission-v-city-of-victorville/
,Dallas,tax increment,Lawrence Eugene Redman and Joy Ann Redman,Bankr. C.D. Cal.,2008-08-04,2:08-bk-21925,https://www.courtlistener.com/docket/4139946/lawrence-eugene-redman-and-joy-ann-redman/
,Dallas,tax increment,"Residents Against Flooding v. Reinvestment Zone Number Seventeen, City of Houston, Texas",S.D. Tex.,2016-05-25,4:16-cv-01458,https://www.courtlistener.com/docket/4395763/residents-against-flooding-v-reinvestment-zone-number-seventeen-city-of/
,Dallas,tax increment,Generations on 1st LLC,Bankr. D.N.D.,2025-01-06,25-30002,https://www.courtlistener.com/docket/69518083/generations-on-1st-llc/
,Dallas,tax increment,"Trilogy Development Company, LLC",Bankr. W.D. Mo.,2009-05-15,09-42219,https://www.courtlistener.com/docket/4300365/trilogy-development-company-llc/
,Dallas,tax increment,Citizens for a Healthy Community v. United States Bureau of Land Management,D. Colo.,2020-08-19,1:20-cv-02484,https://www.courtlistener.com/docket/17459258/citizens-for-a-healthy-community-v-united-states-bureau-of-land-management/
,Dallas,tax increment,Energy Future Holdings Corp.,Bankr. D. Del.,2014-04-29,14-10979,https://www.courtlistener.com/docket/4215726/energy-future-holdings-corp/
,Dallas,tax increment,"DLH Master Land Holding, LLC",Bankr. N.D. Tex.,2010-01-25,10-30561,https://www.courtlistener.com/docket/4389587/dlh-master-land-holding-llc/
,Dallas,tax increment,"Elvis Presley Enterprises, Inc. v. City of Memphis",W.D. Tenn.,2018-10-16,2:18-cv-02718,https://www.courtlistener.com/docket/16054697/elvis-presley-enterprises-inc-v-city-of-memphis/
,Dallas,tax increment,"Landscape Consultants of Texas, Inc. v. City of Houston, Texas",S.D. Tex.,2023-09-19,4:23-cv-03516,https://www.courtlistener.com/docket/67807100/landscape-consultants-of-texas-inc-v-city-of-houston-texas/
,Dallas,abatement,Kimmins Abatement Co v. Dallas/Fort Worth In,N.D. Tex.,1990-11-14,4:90-cv-00870,https://www.courtlistener.com/docket/9006362/kimmins-abatement-co-v-dallasfort-worth-in/
,Dallas,abatement,"Bradley Dallas Paddock, LLC v. Finan",Bankr. E.D. Tex.,2022-05-26,22-02002,https://www.courtlistener.com/docket/63340612/bradley-dallas-paddock-llc-v-finan/
,Dallas,abatement,Rocky Mountain Wild v. Dallas,D. Colo.,2015-06-24,1:15-cv-01342,https://www.courtlistener.com/docket/5564059/rocky-mountain-wild-v-dallas/
,Dallas,abatement,"Everest Heights Dallas Real Estate, Inc. - Adversary Proceeding",Bankr. N.D. Tex.,2011-02-28,11-03132,https://www.courtlistener.com/docket/47595374/everest-heights-dallas-real-estate-inc-adversary-proceeding/
,Dallas,abatement,TURNER v. DALLAS COUNTY,D.D.C.,2022-11-02,1:22-cv-03361,https://www.courtlistener.com/docket/65737348/turner-v-dallas-county/
,Dallas,abatement,Johnson v. Dallas Housing Authority,N.D. Tex.,2026-08-04,3:26-cv-02577,https://www.courtlistener.com/docket/73718652/johnson-v-dallas-housing-authority/
,Dallas,abatement,"Longoria v. County of Dallas, TX",N.D. Tex.,2014-08-29,3:14-cv-03111,https://www.courtlistener.com/docket/5365865/longoria-v-county-of-dallas-tx/
,Dallas,abatement,The Hertz Corporation,Bankr. D. Del.,2020-05-22,20-11218,https://www.courtlistener.com/docket/17189642/the-hertz-corporation/
,Dallas,abatement,Crayton v. Dallas County Director,N.D. Tex.,2008-02-25,3:08-cv-00331,https://www.courtlistener.com/docket/4908133/crayton-v-dallas-county-director/
,Dallas,abatement,Bass v. City of Dallas,N.D. Tex.,2017-12-08,3:17-cv-03330,https://www.courtlistener.com/docket/15003828/bass-v-city-of-dallas/
,Dallas,abatement,Jim's Car Wash v. City of Dallas,N.D. Tex.,2021-07-27,3:21-cv-01746,https://www.courtlistener.com/docket/60088194/jims-car-wash-v-city-of-dallas/
,Dallas,abatement,"ClareMedica Viking, LLC v. De Solo",Bankr. N.D. Tex.,2025-06-04,25-03070,https://www.courtlistener.com/docket/70625399/claremedica-viking-llc-v-de-solo/
,Dallas,abatement,AHF Community Development LLC v. City of Dallas,N.D. Tex.,2006-06-12,3:06-cv-01035,https://www.courtlistener.com/docket/4943688/ahf-community-development-llc-v-city-of-dallas/
,Dallas,abatement,"Asbestos Abatement Contractors, Inc. v. Home Guard Environmental Restoration Services, Inc.",E.D. La.,2011-12-20,2:11-cv-03118,https://www.courtlistener.com/docket/5077518/asbestos-abatement-contractors-inc-v-home-guard-environmental/
,Dallas,abatement,Timpa v. The City of Dallas,N.D. Tex.,2016-11-03,3:16-cv-03089,https://www.courtlistener.com/docket/13515242/timpa-v-the-city-of-dallas/
,Dallas,abatement,Arterra Apartments LLC v. City of Dallas,N.D. Tex.,2023-03-22,3:23-cv-00629,https://www.courtlistener.com/docket/67071038/arterra-apartments-llc-v-city-of-dallas/
,Dallas,abatement,Mackey v. Children's Medical Center of Dallas,N.D. Tex.,2005-01-06,3:05-cv-00043,https://www.courtlistener.com/docket/4812480/mackey-v-childrens-medical-center-of-dallas/
,Dallas,abatement,Hoppenstein Properties Inc. v. City of Dallas,N.D. Tex.,2021-05-22,3:21-cv-01172,https://www.courtlistener.com/docket/59928904/hoppenstein-properties-inc-v-city-of-dallas/
,Dallas,abatement,Janvey v. Dillon Gage Inc. of Dallas,N.D. Tex.,2010-09-30,3:10-cv-01973,https://www.courtlistener.com/docket/4550376/janvey-v-dillon-gage-inc-of-dallas/
,Dallas,abatement,Environmental Conservation Organization v. City of Dallas,N.D. Tex.,2003-12-09,3:03-cv-02951,https://www.courtlistener.com/docket/4749546/environmental-conservation-organization-v-city-of-dallas/
,Dallas,development agreement,City of Dallas v. Delta Airlines Inc,N.D. Tex.,2015-06-17,3:15-cv-02069,https://www.courtlistener.com/docket/5393934/city-of-dallas-v-delta-airlines-inc/
,Dallas,development agreement,Purdue Pharma L.P.,Bankr. S.D.N.Y.,2019-09-15,19-23649,https://www.courtlistener.com/docket/16199040/purdue-pharma-lp/
,Dallas,development agreement,Sears Holdings Corporation,Bankr. S.D.N.Y.,2018-10-15,18-23538,https://www.courtlistener.com/docket/8026527/sears-holdings-corporation/
,Dallas,development agreement,"Glenroy Coachella, LLC",Bankr. C.D. Cal.,2021-02-15,2:21-bk-11188,https://www.courtlistener.com/docket/59292241/glenroy-coachella-llc/
,Dallas,development agreement,Bennigans Franchising Company LP v. Swigonski,N.D. Tex.,2006-12-13,3:06-cv-02300,https://www.courtlistener.com/docket/4837053/bennigans-franchising-company-lp-v-swigonski/
,Dallas,development agreement,Ziegenfuss v. Martin,5th Cir.,2026-04-06,26-10302,https://www.courtlistener.com/docket/73152188/ziegenfuss-v-martin/
,Dallas,development agreement,"Erickson Retirement Communities, LLC",Bankr. N.D. Tex.,2009-10-19,09-37010,https://www.courtlistener.com/docket/4389531/erickson-retirement-communities-llc/
,Dallas,development agreement,Eurenergy Resources Corporation v. CBM Energy Limited,N.D. Tex.,2005-12-21,3:05-cv-02495,https://www.courtlistener.com/docket/4790260/eurenergy-resources-corporation-v-cbm-energy-limited/
,Dallas,development agreement,"Pure Wafer Incorporated v. Prescott, City of",D. Ariz.,2013-09-27,3:13-cv-08236,https://www.courtlistener.com/docket/5386446/pure-wafer-incorporated-v-prescott-city-of/
,Dallas,development agreement,"In Re: Oil Spill by the Oil Rig ""Deepwater Horizon"" in the Gulf of Mexico, on April 20, 2010",E.D. La.,2010-08-10,2:10-md-02179,https://www.courtlistener.com/docket/4510515/in-re-oil-spill-by-the-oil-rig-deepwater-horizon-in-the-gulf-of-mexico/
,Dallas,development agreement,"Apple Texas Restaurants, Inc. v. Applebee's Franchisor LLC",D. Kan.,2026-03-19,2:26-cv-02150,https://www.courtlistener.com/docket/72514439/apple-texas-restaurants-inc-v-applebees-franchisor-llc/
,Dallas,development agreement,VIRBAC CORPORATION v. CHANELLE PHARMACEUTICALS MANUFACTURING LTD.,D.D.C.,2005-06-07,1:05-cv-01128,https://www.courtlistener.com/docket/4202198/virbac-corporation-v-chanelle-pharmaceuticals-manufacturing-ltd/
,Dallas,development agreement,SGIC Strategic Global Investment Capital Inc v. Burger King Europe GmbH,N.D. Tex.,2014-09-12,3:14-cv-03300,https://www.courtlistener.com/docket/4391296/sgic-strategic-global-investment-capital-inc-v-burger-king-europe-gmbh/
,Dallas,development agreement,"Pam Squared at Dover, LLC v. Medcore Partners, LLC",M.D. Penn.,2020-04-27,1:20-cv-00695,https://www.courtlistener.com/docket/18380680/pam-squared-at-dover-llc-v-medcore-partners-llc/
,Dallas,development agreement,"UDR of Tennessee, L.P. v. MDG Zaremba Sammytown, LLC",M.D. Fla.,2012-10-31,8:12-cv-02462,https://www.courtlistener.com/docket/4500441/udr-of-tennessee-lp-v-mdg-zaremba-sammytown-llc/
,Dallas,development agreement,"Arno Resources, LLC v. Epic Tech, LLC",N.D. Ga.,2020-06-16,1:20-cv-02540,https://www.courtlistener.com/docket/18241264/arno-resources-llc-v-epic-tech-llc/
,Dallas,development agreement,Meritage Homes of Texas LLC v. ETL Elite Landscape Inc,N.D. Tex.,2020-09-29,3:20-cv-02997,https://www.courtlistener.com/docket/18484141/meritage-homes-of-texas-llc-v-etl-elite-landscape-inc/
,Dallas,development agreement,Securities and Exchange Commission v. Barton,N.D. Tex.,2022-09-23,3:22-cv-02118,https://www.courtlistener.com/docket/65371595/securities-and-exchange-commission-v-barton/
,Dallas,development agreement,RM Yogurt Hawaii LLC v. Red Mango Franchise Company,N.D. Tex.,2010-07-01,3:10-cv-01292,https://www.courtlistener.com/docket/12895509/rm-yogurt-hawaii-llc-v-red-mango-franchise-company/
,Dallas,development agreement,"Analytical Technologies, LLC v. Five Guys Properties, LLC PURSUANT TO COURT ORDER DOCKET IN THE LEAD CASE AS DIRECTED",E.D. Tex.,2024-05-01,2:24-cv-00307,https://www.courtlistener.com/docket/68493672/analytical-technologies-llc-v-five-guys-properties-llc-pursuant-to-court/
,Dallas,clawback,"Avantair, Inc.",Bankr. M.D. Fla.,2013-07-25,8:13-bk-09719,https://www.courtlistener.com/docket/4222632/avantair-inc/
,Dallas,clawback,Exxon Mobil Corporation v. United States,N.D. Tex.,2016-10-18,3:16-cv-02921,https://www.courtlistener.com/docket/4532036/exxon-mobil-corporation-v-united-states/
,Dallas,clawback,"City of Detroit, Michigan",Bankr. E.D. Mich.,2013-07-18,13-53846,https://www.courtlistener.com/docket/4290108/city-of-detroit-michigan/
,Dallas,clawback,"In re Facebook, Inc., Consumer Privacy User Profile Litigation",N.D. Cal.,2018-06-06,3:18-md-02843,https://www.courtlistener.com/docket/7067512/in-re-facebook-inc-consumer-privacy-user-profile-litigation/
,Dallas,clawback,In Re: Katrina Canal Breaches Litigation,E.D. La.,2005-09-19,2:05-cv-04182,https://www.courtlistener.com/docket/4715020/in-re-katrina-canal-breaches-litigation/
,Dallas,clawback,"Epic Games, Inc. v. Apple Inc.",N.D. Cal.,2020-08-13,4:20-cv-05640,https://www.courtlistener.com/docket/17442392/epic-games-inc-v-apple-inc/
,Dallas,clawback,"In re: Uber Technologies, Inc., Passenger Sexual Assault Litigation",N.D. Cal.,2023-10-04,3:23-md-03084,https://www.courtlistener.com/docket/67856158/in-re-uber-technologies-inc-passenger-sexual-assault-litigation/
,Dallas,clawback,Janvey v. Alguire,N.D. Tex.,2009-04-20,3:09-cv-00724,https://www.courtlistener.com/docket/4390326/janvey-v-alguire/
,Dallas,clawback,Degan v. The Board of Trustees of the Dallas Police and Fire Pension System,N.D. Tex.,2017-06-16,3:17-cv-01596,https://www.courtlistener.com/docket/6078426/degan-v-the-board-of-trustees-of-the-dallas-police-and-fire-pension-system/
,Dallas,clawback,"General Growth Properties, Inc.",Bankr. S.D.N.Y.,2009-04-16,09-11977,https://www.courtlistener.com/docket/4326798/general-growth-properties-inc/
,Dallas,clawback,Fain v. Crouch,S.D.W. Va,2020-11-12,3:20-cv-00740,https://www.courtlistener.com/docket/18620247/fain-v-crouch/
,Dallas,clawback,"In Re: Oil Spill by the Oil Rig ""Deepwater Horizon"" in the Gulf of Mexico, on April 20, 2010",E.D. La.,2010-08-10,2:10-md-02179,https://www.courtlistener.com/docket/4510515/in-re-oil-spill-by-the-oil-rig-deepwater-horizon-in-the-gulf-of-mexico/
,Dallas,clawback,COMMONWEALTH OF PUERTO RICO and Puerto Rico Public Buildings Authority (PBA),Bankr. D.P.R.,2017-05-03,17-03283,https://www.courtlistener.com/docket/6061354/commonwealth-of-puerto-rico-and-puerto-rico-public-buildings-authority/
,Dallas,clawback,Cone v. Clifford Chance LLP,S.D.N.Y.,2026-06-29,1:26-cv-05508,https://www.courtlistener.com/docket/73547332/cone-v-clifford-chance-llp/
,Dallas,clawback,Securities and Exchange Commission v. Digital Licensing,D. Utah,2023-07-26,2:23-cv-00482,https://www.courtlistener.com/docket/67660309/securities-and-exchange-commission-v-digital-licensing/
,Dallas,clawback,DS Liquidation L.P.,Bankr. D. Del.,2011-09-15,11-12935,https://www.courtlistener.com/docket/4215544/ds-liquidation-lp/
,Dallas,clawback,Blendtec v. Blendjet,D. Utah,2025-02-11,2:25-cv-00096,https://www.courtlistener.com/docket/69632442/blendtec-v-blendjet/
,Dallas,clawback,Reed v. PLT Construction,N.D. Tex.,2019-08-22,3:19-cv-02016,https://www.courtlistener.com/docket/17178269/reed-v-plt-construction/
,Dallas,clawback,"Highland Capital Management, L.P.",Bankr. N.D. Tex.,2019-10-16,19-34054,https://www.courtlistener.com/docket/16547292/highland-capital-management-lp/
,Dallas,clawback,"SMARTMATIC USA CORP. v. HERRING NETWORKS, INC.",D.D.C.,2021-11-03,1:21-cv-02900,https://www.courtlistener.com/docket/60695157/smartmatic-usa-corp-v-herring-networks-inc/
,Dallas,recapture,Jones v. City of Dallas Texas,N.D. Tex.,2022-07-08,3:22-cv-01477,https://www.courtlistener.com/docket/63579947/jones-v-city-of-dallas-texas/
,Dallas,recapture,"Jones v. City of Dallas, Texas",5th Cir.,2024-09-04,24-10803,https://www.courtlistener.com/docket/71230877/jones-v-city-of-dallas-texas/
,Dallas,recapture,City of Dallas v. Delta Airlines Inc,N.D. Tex.,2015-06-17,3:15-cv-02069,https://www.courtlistener.com/docket/5393934/city-of-dallas-v-delta-airlines-inc/
,Dallas,recapture,"Endocrine Associates of Dallas, P.A.",Bankr. N.D. Tex.,2025-12-01,25-34774,https://www.courtlistener.com/docket/71979623/endocrine-associates-of-dallas-pa/
,Dallas,recapture,"Flexi-Mat Corporation v. Dallas Manufacturing Company, Inc.",D. Mass.,2004-01-23,1:04-cv-10162,https://www.courtlistener.com/docket/4277362/flexi-mat-corporation-v-dallas-manufacturing-company-inc/
,Dallas,recapture,San Luis Valley Ecosystem Council v. Dallas,D. Colo.,2021-11-08,1:21-cv-02994,https://www.courtlistener.com/docket/60807977/san-luis-valley-ecosystem-council-v-dallas/
,Dallas,recapture,"Murphy v. Davis, Director TDCJ-CID",N.D. Tex.,2010-06-30,3:09-cv-01368,https://www.courtlistener.com/docket/4390369/murphy-v-davis-director-tdcj-cid/
,Dallas,recapture,"Lone Star Fund V (U.S), LP v. Barclays Bank PLC",N.D. Tex.,2008-02-13,3:08-cv-00261,https://www.courtlistener.com/docket/4931700/lone-star-fund-v-us-lp-v-barclays-bank-plc/
,Dallas,recapture,"Silicon Storage Technology, Inc. v. Intersil Corporation",N.D. Cal.,2010-04-09,3:10-cv-01515,https://www.courtlistener.com/docket/4177111/silicon-storage-technology-inc-v-intersil-corporation/
,Dallas,recapture,Williams v. Wells Fargo Bank,S.D. Tex.,2013-03-22,4:13-cv-00825,https://www.courtlistener.com/docket/5793591/williams-v-wells-fargo-bank/
,Dallas,recapture,"Highland Capital Management, L.P.",Bankr. N.D. Tex.,2019-10-16,19-34054,https://www.courtlistener.com/docket/16547292/highland-capital-management-lp/
,Dallas,recapture,Mathews v. PHH Mortgage Corporation,N.D. Okla.,2020-05-11,4:20-cv-00200,https://www.courtlistener.com/docket/18411213/mathews-v-phh-mortgage-corporation/
,Dallas,recapture,Tredinnick v. Jackson National Life Insurance Company,E.D. Tex.,2016-11-29,4:16-cv-00912,https://www.courtlistener.com/docket/6279661/tredinnick-v-jackson-national-life-insurance-company/
,Dallas,recapture,"Highland Capital Management, L.P.",Bankr. N.D. Tex.,2021-10-15,21-03076,https://www.courtlistener.com/docket/60652317/highland-capital-management-lp/
,Dallas,recapture,Klamath-Siskiyou Wildlands Center v. Burgum,D. Or.,2025-12-09,1:25-cv-02296,https://www.courtlistener.com/docket/72013395/klamath-siskiyou-wildlands-center-v-burgum/
,Dallas,recapture,Dana Brenton Simpson,Bankr. E.D. Tex.,2024-12-02,24-42912,https://www.courtlistener.com/docket/69428617/dana-brenton-simpson/
,Dallas,recapture,Wattstock LLC,Bankr. N.D. Tex.,2021-08-17,21-31488,https://www.courtlistener.com/docket/60191336/wattstock-llc/
,Dallas,recapture,"Gibson, Inc. v. Armadillo Distribution Enterprises, Inc.",E.D. Tex.,2019-05-14,4:19-cv-00358,https://www.courtlistener.com/docket/15506564/gibson-inc-v-armadillo-distribution-enterprises-inc/
,Dallas,recapture,"Trophy Hospitality, LLC",Bankr. E.D. Tex.,2021-04-08,21-40512,https://www.courtlistener.com/docket/59807061/trophy-hospitality-llc/
,Dallas,recapture,"Farma Sci Life, Inc.",Bankr. S.D. Florida,2023-01-18,23-10398,https://www.courtlistener.com/docket/66740833/farma-sci-life-inc/
,DeKalb,tax increment,THE HUMANE SOCIETY OF THE UNITED STATES v. MIKE JOHNS,D.D.C.,2006-02-14,1:06-cv-00265,https://www.courtlistener.com/docket/4204075/the-humane-society-of-the-united-states-v-mike-johns/
,DeKalb,tax increment,v.,N.D. Ga.,2022-12-21,1:23-mi-99999,https://www.courtlistener.com/docket/66774464/v/
,DeKalb,tax increment,"Lake Forest Real Estate Investors, LLC v. Village of Lincolnwood, Illinois, The",N.D. Ill.,2019-04-03,1:19-cv-02263,https://www.courtlistener.com/docket/14867027/lake-forest-real-estate-investors-llc-v-village-of-lincolnwood-illinois/
,DeKalb,tax increment,"United States v. Land in Robertson County, Tennessee, an Easement and right-of-Way Over 7.11 Acres, More or Less",M.D. Tenn.,2010-02-09,3:10-cv-00134,https://www.courtlistener.com/docket/4822199/united-states-v-land-in-robertson-county-tennessee-an-easement-and/
,DeKalb,tax increment,"United States v. Additional Rights with respect to an existing easement and right-of-way over land in Sumner County, TN",M.D. Tenn.,2007-06-18,3:07-cv-00650,https://www.courtlistener.com/docket/4925070/united-states-v-additional-rights-with-respect-to-an-existing-easement-and/
,DeKalb,tax increment,"SECURITIES AND EXCHANGE COMMISSION v. GE FUNDING CAPITAL MARKET SERVICES, INC.",D.N.J.,2011-12-23,2:11-cv-07465,https://www.courtlistener.com/docket/12858585/securities-and-exchange-commission-v-ge-funding-capital-market-services/
,DeKalb,tax increment,Brucker v. The City of Doraville,N.D. Ga.,2018-05-23,1:18-cv-02375,https://www.courtlistener.com/docket/8491592/brucker-v-the-city-of-doraville/
,DeKalb,tax increment,City of San Jose v. Office of the Commissioner of Baseball,N.D. Cal.,2013-06-18,5:13-cv-02787,https://www.courtlistener.com/docket/4180136/city-of-san-jose-v-office-of-the-commissioner-of-baseball/
,DeKalb,tax increment,"Sirazi v. General Mediterranean Holding, SA",N.D. Ill.,2012-01-30,1:12-cv-00653,https://www.courtlistener.com/docket/4507116/sirazi-v-general-mediterranean-holding-sa/
,DeKalb,tax increment,JOANN Inc.,Bankr. D. Del.,2025-01-15,25-10068,https://www.courtlistener.com/docket/69545727/joann-inc/
,DeKalb,tax increment,"JDI Cumberland Inlet, LLC",Bankr. N.D. Ga.,2025-05-05,25-55072,https://www.courtlistener.com/docket/70148379/jdi-cumberland-inlet-llc/
,DeKalb,tax increment,"V820Jackson, LLC",Bankr. N.D. Ill.,2025-05-12,25-07228,https://www.courtlistener.com/docket/70243578/v820jackson-llc/
,DeKalb,tax increment,Thomson Reuters Enterprise Centre GmbH v. ROSS Intelligence Inc.,D. Del.,2020-05-06,1:20-cv-00613,https://www.courtlistener.com/docket/17131648/thomson-reuters-enterprise-centre-gmbh-v-ross-intelligence-inc/
,DeKalb,abatement,"Dekalb County Georgia v. 3M Company, The",D.S.C.,2023-09-29,2:23-cv-04903,https://www.courtlistener.com/docket/67847687/dekalb-county-georgia-v-3m-company-the/
,DeKalb,abatement,"DeKalb County School District v. Meta Platforms, Inc.",N.D. Cal.,2025-03-06,4:25-cv-02310,https://www.courtlistener.com/docket/69711251/dekalb-county-school-district-v-meta-platforms-inc/
,DeKalb,abatement,Goodman v. The Housing Authority of DeKalb County,N.D. Ga.,2017-02-10,1:17-cv-00504,https://www.courtlistener.com/docket/5348540/goodman-v-the-housing-authority-of-dekalb-county/
,DeKalb,abatement,Dekalb County v. Allergan PLC,N.D. Ohio,2020-12-29,1:20-op-45299,https://www.courtlistener.com/docket/43319418/dekalb-county-v-allergan-plc/
,DeKalb,abatement,"Syngenta Biotechnology, Inc. v. DeKalb Genetics Corporation",D. Del.,2007-01-19,1:07-cv-00038,https://www.courtlistener.com/docket/4217422/syngenta-biotechnology-inc-v-dekalb-genetics-corporation/
,DeKalb,abatement,"DeKalb County School District v. Meta Platforms, Inc.",N.D. Ga.,2025-02-10,1:25-cv-00645,https://www.courtlistener.com/docket/69637355/dekalb-county-school-district-v-meta-platforms-inc/
,DeKalb,abatement,Mallinckrodt plc,Bankr. D. Del.,2020-10-12,20-12522,https://www.courtlistener.com/docket/18527517/mallinckrodt-plc/
,DeKalb,abatement,Sam v. Mobile,N.D. Ill.,2023-08-17,3:23-cv-50301,https://www.courtlistener.com/docket/67700902/sam-v-mobile/
,DeKalb,abatement,IN RE: SOCIAL MEDIA ADOLESCENT ADDICTION/PERSONAL INJURY PRODUCTS LIABILITY LITIGATION,N.D. Cal.,2022-10-06,4:22-md-03047,https://www.courtlistener.com/docket/65407433/in-re-social-media-adolescent-addictionpersonal-injury-products-liability/
,DeKalb,abatement,West v. Kevin Fleming,N.D. Ga.,2023-04-26,1:23-cv-01907,https://www.courtlistener.com/docket/67623583/west-v-kevin-fleming/
,DeKalb,abatement,CLEMMONS' ESTATE v. STATE OF GEORGIA,D.D.C.,2006-09-26,1:06-cv-01657,https://www.courtlistener.com/docket/4205670/clemmons-estate-v-state-of-georgia/
,DeKalb,abatement,"Jane Doe 1 v. Westmont Hospitality Group, Inc.",N.D. Ga.,2021-10-12,1:21-cv-04278,https://www.courtlistener.com/docket/61029632/jane-doe-1-v-westmont-hospitality-group-inc/
,DeKalb,abatement,"CITY OF WILMINGTON, DELAWARE v. United States",Fed. Cl.,2016-12-22,1:16-cv-01691,https://www.courtlistener.com/docket/17187922/city-of-wilmington-delaware-v-united-states/
,DeKalb,abatement,Monsanto Company v. Syngenta Seeds Inc.,D. Del.,2004-05-12,1:04-cv-00305,https://www.courtlistener.com/docket/4221234/monsanto-company-v-syngenta-seeds-inc/
,DeKalb,abatement,"A.H. v. Carson Loop ESM, LLC",N.D. Ga.,2024-09-19,4:24-cv-00224,https://www.courtlistener.com/docket/69327188/ah-v-carson-loop-esm-llc/
,DeKalb,abatement,"Hendrickson Transportation, LLC v. Rust Constructors, Inc.",W.D. Mo.,2023-06-22,5:23-cv-06077,https://www.courtlistener.com/docket/67616438/hendrickson-transportation-llc-v-rust-constructors-inc/
,DeKalb,abatement,Duke and King Acquisition Corp,Bankr. D. Minn.,2010-12-04,10-38652,https://www.courtlistener.com/docket/4294077/duke-and-king-acquisition-corp/
,DeKalb,abatement,Pringle v. Georgia Regional Hospital,N.D. Ga.,2009-01-15,1:09-cv-00147,https://www.courtlistener.com/docket/4930152/pringle-v-georgia-regional-hospital/
,DeKalb,abatement,"Back To Bed, Inc. v. Mid-America Management Corporation",N.D. Ill.,2007-11-08,1:07-cv-06356,https://www.courtlistener.com/docket/4252149/back-to-bed-inc-v-mid-america-management-corporation/
,DeKalb,abatement,D.H. v. Tucker Inn Incorporated,N.D. Ga.,2022-08-24,1:22-cv-03419,https://www.courtlistener.com/docket/65410539/dh-v-tucker-inn-incorporated/
,DeKalb,development agreement,DeKalb Genetics Corp v. Pioneer Hi-Bred Intl,N.D. Ill.,1996-04-30,3:96-cv-50112,https://www.courtlistener.com/docket/5132623/dekalb-genetics-corp-v-pioneer-hi-bred-intl/
,DeKalb,development agreement,Lowthorp v. Mesa Air Group Incorporated,D. Ariz.,2020-04-01,2:20-cv-00648,https://www.courtlistener.com/docket/17037760/lowthorp-v-mesa-air-group-incorporated/
,DeKalb,development agreement,"145 Fisk, LLC v. Nicklas",N.D. Ill.,2019-04-22,3:19-cv-50093,https://www.courtlistener.com/docket/14979228/145-fisk-llc-v-nicklas/
,DeKalb,development agreement,"TDPCharlotte1, LLC v. The Daily Pilates, LLC",W.D.N.C.,2026-07-08,3:26-cv-00550,https://www.courtlistener.com/docket/73589800/tdpcharlotte1-llc-v-the-daily-pilates-llc/
,DeKalb,development agreement,"Camelot Event Driven Fund, A Series of Frank Funds Trust v. Alta Mesa Resources, Inc. f/k/a Silver Run Acquisition Corporation II",S.D. Tex.,2019-03-14,4:19-cv-00957,https://www.courtlistener.com/docket/14714003/camelot-event-driven-fund-a-series-of-frank-funds-trust-v-alta-mesa/
,DeKalb,development agreement,"Hinton v. Turning Point Brands, Inc.",S.D. Fla.,2020-04-07,1:20-cv-21476,https://www.courtlistener.com/docket/17049877/hinton-v-turning-point-brands-inc/
,DeKalb,development agreement,United States v. Rhame,N.D. Ga.,2016-02-10,1:16-cr-00067,https://www.courtlistener.com/docket/6264955/united-states-v-rhame/
,DeKalb,development agreement,WALT DISNEY PARKS AND RESORTS US INC v. DESANTIS,N.D. Fla.,2023-04-26,4:23-cv-00163,https://www.courtlistener.com/docket/67271062/walt-disney-parks-and-resorts-us-inc-v-desantis/
,DeKalb,development agreement,"TriOak Bar D, LLC v. Guadalupe County, Texas",W.D. Tex.,2024-08-30,5:24-cv-00981,https://www.courtlistener.com/docket/69118933/trioak-bar-d-llc-v-guadalupe-county-texas/
,DeKalb,development agreement,"Lake Forest Real Estate Investors, LLC v. Village of Lincolnwood, Illinois, The",N.D. Ill.,2019-04-03,1:19-cv-02263,https://www.courtlistener.com/docket/14867027/lake-forest-real-estate-investors-llc-v-village-of-lincolnwood-illinois/
,DeKalb,development agreement,"Massey, Inc. v. Moe's Southwest Grill, LLC",N.D. Ga.,2007-03-30,1:07-cv-00741,https://www.courtlistener.com/docket/4504982/massey-inc-v-moes-southwest-grill-llc/
,DeKalb,development agreement,"Dine Brands Global, Inc. v. RMH Franchise Holdings, Inc.",Bankr. D. Del.,2018-05-25,18-50481,https://www.courtlistener.com/docket/6921779/dine-brands-global-inc-v-rmh-franchise-holdings-inc/
,DeKalb,development agreement,"Sierra Club, Inc. v. United States Army Corps of Engineers",M.D. Fla.,2010-06-30,3:10-cv-00564,https://www.courtlistener.com/docket/4225885/sierra-club-inc-v-united-states-army-corps-of-engineers/
,DeKalb,development agreement,"1220, LLC v. Tilted Kilt Franchise Operating, LLC",N.D. Ill.,2016-01-19,1:16-cv-00744,https://www.courtlistener.com/docket/4263428/1220-llc-v-tilted-kilt-franchise-operating-llc/
,DeKalb,development agreement,John Hancock Life Insurance Company v. Vestmont Limited Partnership,D. Mass.,2005-08-03,1:05-cv-11614,https://www.courtlistener.com/docket/4283045/john-hancock-life-insurance-company-v-vestmont-limited-partnership/
,DeKalb,development agreement,"JDI Cumberland Inlet, LLC",Bankr. N.D. Ga.,2025-05-05,25-55072,https://www.courtlistener.com/docket/70148379/jdi-cumberland-inlet-llc/
,DeKalb,development agreement,Spot Brand LLC v. Gates Corporation,D. Colo.,2024-08-23,1:24-cv-02340,https://www.courtlistener.com/docket/69087019/spot-brand-llc-v-gates-corporation/
,DeKalb,development agreement,HILL-ROM SERVICES v. VERSUS TECHNOLOGY,M.D.N.C.,2003-12-30,1:03-cv-01227,https://www.courtlistener.com/docket/4629054/hill-rom-services-v-versus-technology/
,DeKalb,development agreement,"VERSUS TECH., INC. v. HILLENBRAND IND.",M.D.N.C.,2004-11-29,1:04-cv-01116,https://www.courtlistener.com/docket/4662647/versus-tech-inc-v-hillenbrand-ind/
,DeKalb,development agreement,"Marous Brothers Construction, LLC v. Alabama State University",M.D. Ala.,2007-05-03,2:07-cv-00384,https://www.courtlistener.com/docket/4124881/marous-brothers-construction-llc-v-alabama-state-university/
,DeKalb,clawback,In re Mattel Inc Securities Litigation,C.D. Cal.,2019-12-24,2:19-cv-10860,https://www.courtlistener.com/docket/16626016/in-re-mattel-inc-securities-litigation/
,DeKalb,clawback,Abraham v. Meta Platforms Inc.,N.D. Cal.,2024-08-05,4:24-cv-04723,https://www.courtlistener.com/docket/69013749/abraham-v-meta-platforms-inc/
,DeKalb,clawback,IN RE: SOCIAL MEDIA ADOLESCENT ADDICTION/PERSONAL INJURY PRODUCTS LIABILITY LITIGATION,N.D. Cal.,2022-10-06,4:22-md-03047,https://www.courtlistener.com/docket/65407433/in-re-social-media-adolescent-addictionpersonal-injury-products-liability/
,DeKalb,clawback,v.,N.D. Ga.,2022-12-21,1:23-mi-99999,https://www.courtlistener.com/docket/66774464/v/
,DeKalb,clawback,"Lawson v. Love's Travel Stops & Country Stores, Inc.",M.D. Penn.,2017-07-18,1:17-cv-01266,https://www.courtlistener.com/docket/6156227/lawson-v-loves-travel-stops-country-stores-inc/
,DeKalb,clawback,"QVC Group, Inc.",Bankr. S.D. Tex.,2026-04-16,26-90447,https://www.courtlistener.com/docket/73205273/qvc-group-inc/
,DeKalb,clawback,COMMONWEALTH OF PUERTO RICO and Puerto Rico Public Buildings Authority (PBA),Bankr. D.P.R.,2017-05-03,17-03283,https://www.courtlistener.com/docket/6061354/commonwealth-of-puerto-rico-and-puerto-rico-public-buildings-authority/
,DeKalb,clawback,"Retailing Enterprises, LLC",Bankr. S.D. Florida,2023-05-30,23-14169,https://www.courtlistener.com/docket/67449843/retailing-enterprises-llc/
,DeKalb,clawback,In re Peabody Energy Corp. Securities Litigation,S.D.N.Y.,2020-09-28,1:20-cv-08024,https://www.courtlistener.com/docket/18482162/in-re-peabody-energy-corp-securities-litigation/
,DeKalb,clawback,"United States of America, ex rel. v. Community Primary Care of Georgia, LLC",N.D. Ga.,2019-09-25,1:19-cv-04316,https://www.courtlistener.com/docket/18243392/united-states-of-america-ex-rel-v-community-primary-care-of-georgia-llc/
,DeKalb,clawback,Nacif v. Athira Pharma Inc,W.D. Wash.,2021-06-25,2:21-cv-00861,https://www.courtlistener.com/docket/60016216/nacif-v-athira-pharma-inc/
,DeKalb,clawback,In re Barclays PLC Securities Litigation,S.D.N.Y.,2022-09-23,1:22-cv-08172,https://www.courtlistener.com/docket/65373172/in-re-barclays-plc-securities-litigation/
,DeKalb,clawback,Altimeo Asset Management v. Qihoo 360 Technology Co. Ltd.,S.D.N.Y.,2019-10-30,1:19-cv-10067,https://www.courtlistener.com/docket/16402880/altimeo-asset-management-v-qihoo-360-technology-co-ltd/
,DeKalb,clawback,"In re Okta, Inc. Securities Litigation",N.D. Cal.,2022-05-20,3:22-cv-02990,https://www.courtlistener.com/docket/63327048/in-re-okta-inc-securities-litigation/
,DeKalb,clawback,Bush v. Blink Charging Company,S.D. Fla.,2020-08-24,1:20-cv-23527,https://www.courtlistener.com/docket/17475660/bush-v-blink-charging-company/
,DeKalb,clawback,In Re: National Prescription Opiate Litigation,N.D. Ohio,2022-11-04,1:17-md-02804,https://www.courtlistener.com/docket/6240169/in-re-national-prescription-opiate-litigation/
,DeKalb,clawback,Chen v. Missfresh Limited,S.D.N.Y.,2022-11-18,1:22-cv-09836,https://www.courtlistener.com/docket/65768395/chen-v-missfresh-limited/
,DeKalb,clawback,"Julian Vargas v. Quest Diagnostics Clinical Laboratories, Inc.",C.D. Cal.,2019-09-18,2:19-cv-08108,https://www.courtlistener.com/docket/16221283/julian-vargas-v-quest-diagnostics-clinical-laboratories-inc/
,DeKalb,clawback,"Allison v. Oak Street Health, Inc.",N.D. Ill.,2022-01-10,1:22-cv-00149,https://www.courtlistener.com/docket/62055918/allison-v-oak-street-health-inc/
,DeKalb,clawback,IN RE APPLE INC. SECURITIES LITIGATION,N.D. Cal.,2019-04-16,4:19-cv-02033,https://www.courtlistener.com/docket/14945362/in-re-apple-inc-securities-litigation/
,DeKalb,recapture,Reneau v. Oakwood Mobile Homes,N.D. Ala.,1997-01-02,4:97-cv-00014,https://www.courtlistener.com/docket/5130500/reneau-v-oakwood-mobile-homes/
,DeKalb,recapture,United States v. Schuhler,N.D. Ind.,2018-05-11,1:18-cv-00128,https://www.courtlistener.com/docket/6630744/united-states-v-schuhler/
,DeKalb,recapture,Taylor v. United States,E.D. Tenn.,2019-05-14,1:19-cv-00147,https://www.courtlistener.com/docket/15568776/taylor-v-united-states/
,DeKalb,recapture,FOUNTAIN v. CLINCH COUNTY GEORGIA,M.D. Ga.,2021-09-02,7:21-cv-00120,https://www.courtlistener.com/docket/60699138/fountain-v-clinch-county-georgia/
,DeKalb,recapture,"Former BL Stores, Inc.",Bankr. D. Del.,2024-09-09,24-11967,https://www.courtlistener.com/docket/69139380/former-bl-stores-inc/
,DeKalb,recapture,"Old Ladder Co. (DE), Inc.",Bankr. D. Del.,2006-06-12,06-10578,https://www.courtlistener.com/docket/7493724/old-ladder-co-de-inc/
,DeKalb,recapture,"Aerocare Medical Transport System, Inc.",Bankr. D. Ariz.,2023-04-13,2:23-bk-02376,https://www.courtlistener.com/docket/67186495/aerocare-medical-transport-system-inc/
,DeKalb,recapture,York v. Williams,N.D. Ala.,2021-10-19,5:21-cv-01394,https://www.courtlistener.com/docket/68015239/york-v-williams/
,DeKalb,recapture,Quinn v. Board of Education of the City of Chicago,N.D. Ill.,2016-10-05,1:16-cv-09514,https://www.courtlistener.com/docket/5641380/quinn-v-board-of-education-of-the-city-of-chicago/
,DeKalb,recapture,United States v. Craig,N.D. Ga.,2016-04-28,1:16-cr-00145,https://www.courtlistener.com/docket/8052504/united-states-v-craig/
,DeKalb,recapture,OFFICIAL COMMITTEE O v. PRICEWATERHOUSECOOPE,W.D. Pa.,2000-04-11,2:00-cv-00684,https://www.courtlistener.com/docket/4373905/official-committee-o-v-pricewaterhousecoope/
,DeKalb,recapture,JOANN Inc.,Bankr. D. Del.,2025-01-15,25-10068,https://www.courtlistener.com/docket/69545727/joann-inc/
,DeKalb,recapture,LDT Keller Farms LLC v. Brigitte Holmes Livestock Co Inc,N.D. Ind.,2008-10-17,1:08-cv-00243,https://www.courtlistener.com/docket/5333262/ldt-keller-farms-llc-v-brigitte-holmes-livestock-co-inc/
,DeKalb,recapture,Microchip Technology Incorporated v. Aptiv Services US LLC,D. Del.,2017-08-24,1:17-cv-01194,https://www.courtlistener.com/docket/6145139/microchip-technology-incorporated-v-aptiv-services-us-llc/
,DeKalb,recapture,"O'Toole v. Pitney Bowes, Inc.",N.D. Ga.,2008-05-05,1:08-cv-01645,https://www.courtlistener.com/docket/4241196/otoole-v-pitney-bowes-inc/
,DeKalb,recapture,"Xodus Medical Inc. v. U.S. Surgitech, Inc.",N.D. Ill.,2019-05-10,1:19-cv-03164,https://www.courtlistener.com/docket/15094234/xodus-medical-inc-v-us-surgitech-inc/
,DeKalb,recapture,Sullenberger v. City of Coral Gables,S.D. Fla.,2022-06-15,1:22-cv-21830,https://www.courtlistener.com/docket/63385976/sullenberger-v-city-of-coral-gables/
,DeKalb,recapture,IN RE: SOCIAL MEDIA ADOLESCENT ADDICTION/PERSONAL INJURY PRODUCTS LIABILITY LITIGATION,N.D. Cal.,2022-10-06,4:22-md-03047,https://www.courtlistener.com/docket/65407433/in-re-social-media-adolescent-addictionpersonal-injury-products-liability/
,DeKalb,recapture,"Meta Platforms, Inc. v. Bonta",N.D. Cal.,2025-11-13,5:25-cv-09792,https://www.courtlistener.com/docket/71912447/meta-platforms-inc-v-bonta/
,DeKalb,recapture,HUISHA-HUISHA v. GAYNOR,D.D.C.,2021-01-12,1:21-cv-00100,https://www.courtlistener.com/docket/29099593/huisha-huisha-v-gaynor/
,Delaware,abatement,"ONEIDA ASBESTOS ABATEMENT, INC.",Bankr. D. Del.,1999-06-25,99-02440,https://www.courtlistener.com/docket/21792813/oneida-asbestos-abatement-inc/
,Delaware,abatement,"ALLWASTE ASBESTOS ABATEMENT, INC.",Bankr. D. Del.,1999-06-25,99-02398,https://www.courtlistener.com/docket/21748173/allwaste-asbestos-abatement-inc/
,Delaware,abatement,"ALLWASTE ASBESTOS ABATEMENT HOLDINGS, IN",Bankr. D. Del.,1999-06-25,99-02397,https://www.courtlistener.com/docket/21748115/allwaste-asbestos-abatement-holdings-in/
,Delaware,abatement,"PSG Mortgage Lending Corp, a Delaware Corporation",Bankr. N.D. Cal.,2023-05-03,23-30281,https://www.courtlistener.com/docket/67320680/psg-mortgage-lending-corp-a-delaware-corporation/
,Delaware,abatement,GE Supply v. AAAA Abatement Serv.,D. Del.,1997-05-07,1:97-cv-00244,https://www.courtlistener.com/docket/10526362/ge-supply-v-aaaa-abatement-serv/
,Delaware,abatement,Securities and Exchange Commission v. Abatement Corp. Holding Company Limited,S.D. Fla.,2014-09-10,1:14-cv-23336,https://www.courtlistener.com/docket/4610238/securities-and-exchange-commission-v-abatement-corp-holding-company/
,Delaware,abatement,USA EISCO Abatement v. Hackney Group Inc.,D. Del.,1998-05-11,1:98-cv-00255,https://www.courtlistener.com/docket/10737521/usa-eisco-abatement-v-hackney-group-inc/
,Delaware,abatement,ALLWASTE ASBESTOS ABATEMENT OF NEW ENGLA,Bankr. D. Del.,1999-06-25,99-02399,https://www.courtlistener.com/docket/21748220/allwaste-asbestos-abatement-of-new-engla/
,Delaware,abatement,Bitcoin Manipulation Abatement LLC v. Ripple Labs Inc.,N.D. Cal.,2020-05-01,4:20-cv-03022,https://www.courtlistener.com/docket/17123007/bitcoin-manipulation-abatement-llc-v-ripple-labs-inc/
,Delaware,abatement,"CITY OF WILMINGTON, DELAWARE v. United States",Fed. Cl.,2016-12-22,1:16-cv-01691,https://www.courtlistener.com/docket/17187922/city-of-wilmington-delaware-v-united-states/
,Delaware,abatement,Shipyard Commerce Center LLC v. Performance Abatement Services Inc,W.D. Wash.,2022-04-29,2:22-cv-00577,https://www.courtlistener.com/docket/63275967/shipyard-commerce-center-llc-v-performance-abatement-services-inc/
,Delaware,abatement,Bitcoin Manipulation Abatement LLC v. FTX Trading LTD,N.D. Cal.,2019-11-02,4:19-cv-07245,https://www.courtlistener.com/docket/16420654/bitcoin-manipulation-abatement-llc-v-ftx-trading-ltd/
,Delaware,abatement,Dowd v. New Castle County Delaware,D. Del.,2010-02-01,1:10-cv-00082,https://www.courtlistener.com/docket/4842522/dowd-v-new-castle-county-delaware/
,Delaware,abatement,"Adams Delaware Owner, LLC",Bankr. N.D. Ill.,2023-07-31,23-09967,https://www.courtlistener.com/docket/67649878/adams-delaware-owner-llc/
,Delaware,abatement,"THE LABORERS' DISTRICT COUNCIL CONSTRUCTION INDUSTRY PENSION FUND v. DELAWARE VALLEY REMEDIATION, LLC",E.D. Pa.,2011-07-12,2:11-cv-04440,https://www.courtlistener.com/docket/8263591/the-laborers-district-council-construction-industry-pension-fund-v/
,Delaware,abatement,"Davis v. McKool Smith P.C. PER DOC 6, ALL DOCUMENTS ARE TO BE FILED UNDER SEAL IN THIS CASE",N.D. Tex.,2015-06-02,3:15-cv-01907,https://www.courtlistener.com/docket/13287547/davis-v-mckool-smith-pc-per-doc-6-all-documents-are-to-be-filed-under/
,Delaware,abatement,OFFICIAL COMMITTEE OF UNSECURED CREDITORS OF THE I v. ABATEMENT TECHNOLOGIES,Bankr. D. Del.,2004-01-09,04-50562,https://www.courtlistener.com/docket/29269460/official-committee-of-unsecured-creditors-of-the-i-v-abatement/
,Delaware,abatement,"V. Keeler & Associates, Inc. v. ARC Abatement I, LTD",E.D. La.,2016-05-03,2:16-cv-04121,https://www.courtlistener.com/docket/5329820/v-keeler-associates-inc-v-arc-abatement-i-ltd/
,Delaware,abatement,"UHS of Delaware, Inc. v. Secretary of Labor",11th Cir.,2023-04-26,23-11327,https://www.courtlistener.com/docket/69579850/uhs-of-delaware-inc-v-secretary-of-labor/
,Delaware,abatement,Mallinckrodt plc,Bankr. D. Del.,2020-10-12,20-12522,https://www.courtlistener.com/docket/18527517/mallinckrodt-plc/
,Delaware,development agreement,"Synopsys, Inc. v. Magma Design Automation",N.D. Cal.,2004-09-17,3:04-cv-03923,https://www.courtlistener.com/docket/5717121/synopsys-inc-v-magma-design-automation/
,Delaware,development agreement,Owens Corning,Bankr. D. Del.,2000-10-05,00-03837,https://www.courtlistener.com/docket/4216067/owens-corning/
,Delaware,development agreement,"Eckerd Corporation, a Delaware Corporation v. Isgett",E.D. Va.,2014-02-11,3:14-cv-00096,https://www.courtlistener.com/docket/4406672/eckerd-corporation-a-delaware-corporation-v-isgett/
,Delaware,development agreement,"Hipcricket, Inc., a Delaware Corporation",Bankr. D. Del.,2015-01-20,15-10104,https://www.courtlistener.com/docket/4215790/hipcricket-inc-a-delaware-corporation/
,Delaware,development agreement,University of Delaware v. Phenomenex Inc.,D. Del.,2005-12-05,1:05-cv-00842,https://www.courtlistener.com/docket/4216668/university-of-delaware-v-phenomenex-inc/
,Delaware,development agreement,Purdue Pharma L.P.,Bankr. S.D.N.Y.,2019-09-15,19-23649,https://www.courtlistener.com/docket/16199040/purdue-pharma-lp/
,Delaware,development agreement,DHP Holdings II Corporation,Bankr. D. Del.,2008-12-29,08-13422,https://www.courtlistener.com/docket/6826669/dhp-holdings-ii-corporation/
,Delaware,development agreement,Tritek International Inc.,Bankr. D. Del.,2023-04-27,23-10520,https://www.courtlistener.com/docket/67276761/tritek-international-inc/
,Delaware,development agreement,Sonic Industries LLC v. Lets Shake LLC,W.D. Okla.,2024-05-09,5:24-cv-00474,https://www.courtlistener.com/docket/68516258/sonic-industries-llc-v-lets-shake-llc/
,Delaware,development agreement,Mallinckrodt plc,Bankr. D. Del.,2020-10-12,20-12522,https://www.courtlistener.com/docket/18527517/mallinckrodt-plc/
,Delaware,development agreement,CORAM HEALTHCARE CORPORATION,Bankr. D. Del.,2000-08-08,00-03299,https://www.courtlistener.com/docket/22469062/coram-healthcare-corporation/
,Delaware,development agreement,Gottschalks Inc.,Bankr. D. Del.,2009-01-14,09-10157,https://www.courtlistener.com/docket/4215219/gottschalks-inc/
,Delaware,development agreement,"Hexion TopCo, LLC",Bankr. D. Del.,2019-04-01,19-10684,https://www.courtlistener.com/docket/14845455/hexion-topco-llc/
,Delaware,development agreement,"T-L Brywood LLC, a Delaware Limited Liability Comp",Bankr. N.D. Ind.,2012-03-12,13-21804,https://www.courtlistener.com/docket/4265093/t-l-brywood-llc-a-delaware-limited-liability-comp/
,Delaware,development agreement,Akorn Holding Company LLC,Bankr. D. Del.,2023-02-23,23-10253,https://www.courtlistener.com/docket/66841819/akorn-holding-company-llc/
,Delaware,development agreement,Generations at Pinnacle Peak LLC v. Whitestone Pinnacle of Scottsdale - Phase II LLC,D. Ariz.,2017-12-12,2:17-cv-04597,https://www.courtlistener.com/docket/6559451/generations-at-pinnacle-peak-llc-v-whitestone-pinnacle-of-scottsdale/
,Delaware,development agreement,"City of Detroit, Michigan",Bankr. E.D. Mich.,2013-07-18,13-53846,https://www.courtlistener.com/docket/4290108/city-of-detroit-michigan/
,Delaware,development agreement,Hetronic International Inc v. Hetronic Germany GMBH,W.D. Okla.,2014-06-20,5:14-cv-00650,https://www.courtlistener.com/docket/5187405/hetronic-international-inc-v-hetronic-germany-gmbh/
,Delaware,development agreement,"Goldcoast Liquidating, LLC et al., Debtor",Bankr. D. Del.,2010-09-10,10-12819,https://www.courtlistener.com/docket/4215391/goldcoast-liquidating-llc-et-al-debtor/
,Delaware,development agreement,SunPower Corporation,Bankr. D. Del.,2024-08-05,24-11649,https://www.courtlistener.com/docket/69017070/sunpower-corporation/
,Delaware,clawback,"Pacific Northwest Solar v. Northwestern Corporation, A Delaware Corporation",D. Mont.,2016-12-23,6:16-cv-00114,https://www.courtlistener.com/docket/5183505/pacific-northwest-solar-v-northwestern-corporation-a-delaware-corporation/
,Delaware,clawback,"Karalus v. Delaware North Companies Travel Hospitality Services, Inc.",W.D.N.Y.,2019-02-27,1:19-cv-00259,https://www.courtlistener.com/docket/18517533/karalus-v-delaware-north-companies-travel-hospitality-services-inc/
,Delaware,clawback,"KST Data, Inc. v. Northrop Grumman Systems Corporation, a Delaware corporation",C.D. Cal.,2017-07-12,2:17-cv-05125,https://www.courtlistener.com/docket/6214768/kst-data-inc-v-northrop-grumman-systems-corporation-a-delaware/
,Delaware,clawback,"Schwam v. Zale Delaware, Inc.",E.D. Va.,2012-07-13,3:12-cv-00509,https://www.courtlistener.com/docket/4406059/schwam-v-zale-delaware-inc/
,Delaware,clawback,"Local Corporation, a Delaware corporation",Bankr. C.D. Cal.,2015-06-23,8:15-bk-13153,https://www.courtlistener.com/docket/4142409/local-corporation-a-delaware-corporation/
,Delaware,clawback,"Miller v. Charter Nex Films - Delaware, OH, Inc.",S.D. Ohio,2018-10-30,2:18-cv-01341,https://www.courtlistener.com/docket/8106845/miller-v-charter-nex-films-delaware-oh-inc/
,Delaware,clawback,"Dynas v. Delaware North Companies, Incorporated",W.D.N.Y.,2025-07-11,1:25-cv-00606,https://www.courtlistener.com/docket/70766099/dynas-v-delaware-north-companies-incorporated/
,Delaware,clawback,"Seattle House LLC v. City of Delaware, Ohio",S.D. Ohio,2020-06-29,2:20-cv-03284,https://www.courtlistener.com/docket/17303705/seattle-house-llc-v-city-of-delaware-ohio/
,Delaware,clawback,Hanson v. Loparex Inc.,D. Minnesota,2009-05-07,0:09-cv-01070,https://www.courtlistener.com/docket/4957687/hanson-v-loparex-inc/
,Delaware,clawback,"Alcon Entertainment, LLC v. Tesla, Inc.",C.D. Cal.,2024-10-21,2:24-cv-09033,https://www.courtlistener.com/docket/69280385/alcon-entertainment-llc-v-tesla-inc/
,Delaware,clawback,Buchwald Capital Advisors LLC v. Schoen,Bankr. D. Del.,2021-05-04,21-50431,https://www.courtlistener.com/docket/59878861/buchwald-capital-advisors-llc-v-schoen/
,Delaware,clawback,LG Electronics Inc. v. ASKO Appliances Inc.,D. Del.,2008-11-05,1:08-cv-00828,https://www.courtlistener.com/docket/4218968/lg-electronics-inc-v-asko-appliances-inc/
,Delaware,clawback,"Klein v. Meta Platforms, Inc.",N.D. Cal.,2020-12-03,3:20-cv-08570,https://www.courtlistener.com/docket/18714274/klein-v-meta-platforms-inc/
,Delaware,clawback,Meta Platforms Incorporated v. Namecheap Incorporated,D. Ariz.,2020-03-04,2:20-cv-00470,https://www.courtlistener.com/docket/16931638/meta-platforms-incorporated-v-namecheap-incorporated/
,Delaware,clawback,"Electrolux Home Products, Inc. a Delaware Corporat v. hhgregg, Inc.",Bankr. S.D. Ind.,2017-03-20,17-50098,https://www.courtlistener.com/docket/6697518/electrolux-home-products-inc-a-delaware-corporat-v-hhgregg-inc/
,Delaware,clawback,"AgFeed USA, LLC",Bankr. D. Del.,2013-07-15,13-11761,https://www.courtlistener.com/docket/4499218/agfeed-usa-llc/
,Delaware,clawback,Riley v. National Railroad Passengers Corporation,D. Del.,2023-10-09,1:23-cv-01119,https://www.courtlistener.com/docket/67866899/riley-v-national-railroad-passengers-corporation/
,Delaware,clawback,"Shawn Martin v. Office Depot, Inc.",C.D. Cal.,2019-12-23,2:19-cv-10848,https://www.courtlistener.com/docket/16624812/shawn-martin-v-office-depot-inc/
,Delaware,clawback,"Aronson v. JJMT Capital LLC, a Delaware limited liability company",N.D. Ill.,2021-04-07,1:21-cv-01867,https://www.courtlistener.com/docket/59811944/aronson-v-jjmt-capital-llc-a-delaware-limited-liability-company/
,Delaware,clawback,"CD Liquidation Co., LLC",Bankr. D. Del.,2009-09-01,09-13038,https://www.courtlistener.com/docket/4215276/cd-liquidation-co-llc/
,Delaware,recapture,Value Recapture Partners LLC v. The Boeing Company,N.D. Ill.,2023-12-06,1:23-cv-16550,https://www.courtlistener.com/docket/68067488/value-recapture-partners-llc-v-the-boeing-company/
,Delaware,recapture,"Great Education Partners, LLC, a Delaware limited",Bankr. N.D. Ill.,2025-04-07,25-05324,https://www.courtlistener.com/docket/69855237/great-education-partners-llc-a-delaware-limited/
,Delaware,recapture,"Addmi, Inc., a Delaware Corporation",Bankr. D.N.M.,2024-07-29,24-10776,https://www.courtlistener.com/docket/68988189/addmi-inc-a-delaware-corporation/
,Delaware,recapture,"Rental Car Intermediate Holdings, LLC",Bankr. D. Del.,2020-05-22,20-11247,https://www.courtlistener.com/docket/17189718/rental-car-intermediate-holdings-llc/
,Delaware,recapture,"Hipcricket, Inc., a Delaware Corporation",Bankr. D. Del.,2015-01-20,15-10104,https://www.courtlistener.com/docket/4215790/hipcricket-inc-a-delaware-corporation/
,Delaware,recapture,Nortel Networks Inc. and Wind-Down Debtors and Debtor-In-Possession,Bankr. D. Del.,2009-01-14,09-10138,https://www.courtlistener.com/docket/4215217/nortel-networks-inc-and-wind-down-debtors-and-debtor-in-possession/
,Delaware,recapture,The Hertz Corporation,Bankr. D. Del.,2020-05-22,20-11218,https://www.courtlistener.com/docket/17189642/the-hertz-corporation/
,Delaware,recapture,"Zimmer Surgical, Inc. v. Stryker Corporation",D. Del.,2016-08-08,1:16-cv-00679,https://www.courtlistener.com/docket/4221182/zimmer-surgical-inc-v-stryker-corporation/
,Delaware,recapture,Old Delaware Jewels Inc.,Bankr. S.D.N.Y.,2008-04-15,08-11363,https://www.courtlistener.com/docket/4326714/old-delaware-jewels-inc/
,Delaware,recapture,"Local Corporation, a Delaware corporation",Bankr. C.D. Cal.,2015-06-23,8:15-bk-13153,https://www.courtlistener.com/docket/4142409/local-corporation-a-delaware-corporation/
,Delaware,recapture,"In re: American Home Mortgage Holdings Inc., a Delaware corporation",D. Del.,2007-11-28,1:07-cv-00773,https://www.courtlistener.com/docket/4218221/in-re-american-home-mortgage-holdings-inc-a-delaware-corporation/
,Delaware,recapture,"Fluidigm Corporation, a Delaware Corporation v. Ionpath, Inc., a Delaware Corporation",N.D. Cal.,2019-09-06,3:19-cv-05639,https://www.courtlistener.com/docket/16167337/fluidigm-corporation-a-delaware-corporation-v-ionpath-inc-a-delaware/
,Delaware,recapture,"LH Winddown, Inc., a Delaware Corporation",Bankr. D. Del.,2009-07-16,09-12543,https://www.courtlistener.com/docket/4215269/lh-winddown-inc-a-delaware-corporation/
,Delaware,recapture,"NP Liquidating Inc., a Delaware Corporation",Bankr. S.D. Cal.,2011-01-18,11-00742,https://www.courtlistener.com/docket/4183367/np-liquidating-inc-a-delaware-corporation/
,Delaware,recapture,"Alfonso Cioffi v. Google, LLC",E.D. Tex.,2013-02-05,2:13-cv-00103,https://www.courtlistener.com/docket/4386090/alfonso-cioffi-v-google-llc/
,Delaware,recapture,"In re: Three A's Holdings LLC, a Delaware limited liability company",D. Del.,2006-12-28,1:06-cv-00797,https://www.courtlistener.com/docket/4217381/in-re-three-as-holdings-llc-a-delaware-limited-liability-company/
,Delaware,recapture,"Liberty State Benefits of Delaware Inc., et al.",Bankr. D. Del.,2011-07-29,11-12404,https://www.courtlistener.com/docket/4215517/liberty-state-benefits-of-delaware-inc-et-al/
,Delaware,recapture,"Scottish Holdings, Inc.",Bankr. D. Del.,2018-01-28,18-10160,https://www.courtlistener.com/docket/6285860/scottish-holdings-inc/
,Delaware,recapture,"JOY MM DELAWARE, INC. v. CINCINNATI MINE MACHINERY, CO",W.D. Pa.,2009-10-22,2:09-cv-01415,https://www.courtlistener.com/docket/5033133/joy-mm-delaware-inc-v-cincinnati-mine-machinery-co/
,Delaware,recapture,"American Hospice Management Holdings, LLC",Bankr. D. Del.,2016-03-20,16-10670,https://www.courtlistener.com/docket/4216012/american-hospice-management-holdings-llc/
,Effingham,abatement,People of the State of Illinois v. AmerisourceBergen Drug Corporation,N.D. Ohio,2018-04-19,1:18-op-45499,https://www.courtlistener.com/docket/8075452/people-of-the-state-of-illinois-v-amerisourcebergen-drug-corporation/
,Effingham,abatement,Mallinckrodt plc,Bankr. D. Del.,2020-10-12,20-12522,https://www.courtlistener.com/docket/18527517/mallinckrodt-plc/
,Effingham,abatement,"Petrevitch v. Philips RS North America, LLC",S.D. Ga.,2022-05-10,4:22-cv-00122,https://www.courtlistener.com/docket/63359533/petrevitch-v-philips-rs-north-america-llc/
,Effingham,abatement,Estate of James Edward Shook v. Metropolitan Life Insurance Company,C.D. Ill.,2020-10-14,2:20-cv-02289,https://www.courtlistener.com/docket/18536979/estate-of-james-edward-shook-v-metropolitan-life-insurance-company/
,Effingham,abatement,United States v. Medina,S.D. Ga.,2020-09-02,2:20-cr-00050,https://www.courtlistener.com/docket/29617195/united-states-v-medina/
,Effingham,abatement,Johnson v. 3M Company,N.D. Ga.,2020-01-10,4:20-cv-00008,https://www.courtlistener.com/docket/18240342/johnson-v-3m-company/
,Effingham,abatement,United States v. Dias,S.D. Ga.,2018-09-10,6:18-cr-00014,https://www.courtlistener.com/docket/14544195/united-states-v-dias/
,Effingham,abatement,Bonutti v. Doehring Winders and Co LLP,C.D. Ill.,2025-12-05,2:25-cv-02320,https://www.courtlistener.com/docket/71998508/bonutti-v-doehring-winders-and-co-llp/
,Effingham,abatement,"Keech v. Sanimax USA, LLC",D. Minnesota,2018-03-12,0:18-cv-00683,https://www.courtlistener.com/docket/7159996/keech-v-sanimax-usa-llc/
,Effingham,abatement,United States v. Rangel-Rubio,S.D. Ga.,2018-12-07,4:18-cr-00274,https://www.courtlistener.com/docket/28877070/united-states-v-rangel-rubio/
,Effingham,abatement,Central Laborers Pension Fund v. Century Asphalt and Construction Inc,C.D. Ill.,2022-08-30,2:22-cv-02184,https://www.courtlistener.com/docket/64935184/central-laborers-pension-fund-v-century-asphalt-and-construction-inc/
,Effingham,abatement,"Turner v. GAC Star Quality, Inc.",N.D. Ill.,2021-11-02,1:21-cv-05867,https://www.courtlistener.com/docket/60694416/turner-v-gac-star-quality-inc/
,Effingham,abatement,MILLEN v. GEORGIA RENEWABLE POWER LLC,M.D. Ga.,2021-04-30,3:21-cv-00042,https://www.courtlistener.com/docket/59876794/millen-v-georgia-renewable-power-llc/
,Effingham,abatement,Bullard v. Burlington Northern Santa Fe Railway Company,N.D. Ill.,2007-12-06,1:07-cv-06883,https://www.courtlistener.com/docket/4252672/bullard-v-burlington-northern-santa-fe-railway-company/
,Effingham,abatement,In Re: National Prescription Opiate Litigation,N.D. Ohio,2022-11-04,1:17-md-02804,https://www.courtlistener.com/docket/6240169/in-re-national-prescription-opiate-litigation/
,Effingham,abatement,"The Mayor and Aldermen of the City of Savannah, Georgia v. 3M Company",S.D. Ga.,2025-03-14,4:25-cv-00058,https://www.courtlistener.com/docket/69749593/the-mayor-and-aldermen-of-the-city-of-savannah-georgia-v-3m-company/
,Effingham,abatement,"BRIDGER STEEL, INC.",Bankr. D. Mont.,2023-02-24,2:23-bk-20019,https://www.courtlistener.com/docket/66864692/bridger-steel-inc/
,Effingham,abatement,"The Mayor and Aldermen of the City of Savannah, Georgia v. 3M Company",D.S.C.,2025-06-03,2:25-cv-04812,https://www.courtlistener.com/docket/70455022/the-mayor-and-aldermen-of-the-city-of-savannah-georgia-v-3m-company/
,Effingham,abatement,"GAHC4 Songbird SNF Portfolio, LLC v. Midwest Health Properties, LLC",N.D. Ill.,2019-11-05,1:19-cv-07310,https://www.courtlistener.com/docket/16430264/gahc4-songbird-snf-portfolio-llc-v-midwest-health-properties-llc/
,Effingham,abatement,"Central Laborers' Pension Fund v. Rollie Excavating & Cement Finishing, Inc.",S.D. Ill.,2020-05-06,3:20-cv-00419,https://www.courtlistener.com/docket/17139851/central-laborers-pension-fund-v-rollie-excavating-cement-finishing/
,Effingham,development agreement,"Sterigenics U.S., LLC v. Cobb County, Georgia",N.D. Ga.,2020-03-30,1:20-cv-01382,https://www.courtlistener.com/docket/17024971/sterigenics-us-llc-v-cobb-county-georgia/
,Effingham,development agreement,"Vital Pharmaceuticals, Inc.",Bankr. S.D. Florida,2022-10-10,22-17842,https://www.courtlistener.com/docket/65412007/vital-pharmaceuticals-inc/
,Effingham,development agreement,Briggs & Stratton Corporation,Bankr. E.D. Mo.,2020-07-20,20-43597,https://www.courtlistener.com/docket/17362626/briggs-stratton-corporation/
,Effingham,development agreement,Eastman Kodak Company,Bankr. S.D.N.Y.,2012-01-19,12-10202,https://www.courtlistener.com/docket/4951609/eastman-kodak-company/
,Effingham,development agreement,"CASH CLOUD, INC.",Bankr. D. Nev.,2023-02-07,23-10423,https://www.courtlistener.com/docket/66794474/cash-cloud-inc/
,Effingham,development agreement,Thomas v. Deutsche Bank National Trust Company,E.D.N.Y,2020-07-09,1:20-cv-03087,https://www.courtlistener.com/docket/17342883/thomas-v-deutsche-bank-national-trust-company/
,Effingham,development agreement,Purdue Pharma L.P.,Bankr. S.D.N.Y.,2019-09-15,19-23649,https://www.courtlistener.com/docket/16199040/purdue-pharma-lp/
,Effingham,development agreement,Payless Holdings LLC,Bankr. E.D. Mo.,2017-04-04,17-42267,https://www.courtlistener.com/docket/4669112/payless-holdings-llc/
,Effingham,development agreement,Akorn Operating Company LLC,Bankr. D. Del.,2023-02-23,23-10255,https://www.courtlistener.com/docket/66841817/akorn-operating-company-llc/
,Effingham,development agreement,Abraham v. Akorn Operating Company LLC,Bankr. D. Del.,2023-02-23,23-50117,https://www.courtlistener.com/docket/66847003/abraham-v-akorn-operating-company-llc/
,Effingham,development agreement,"United States v. HONEYWELL INTERNATIONAL, INC.",D.D.C.,2008-06-05,1:08-cv-00961,https://www.courtlistener.com/docket/4209862/united-states-v-honeywell-international-inc/
,Effingham,development agreement,"Rubloff Development Group, Inc. v. Kmart Corporation",N.D. Ill.,2008-01-04,1:08-cv-00076,https://www.courtlistener.com/docket/4253280/rubloff-development-group-inc-v-kmart-corporation/
,Effingham,development agreement,VALSARTAN LOSARTAN AND IRBESARTAN PRODUCTS LIABILITY LITIGATION,D.N.J.,2019-02-14,1:19-md-02875,https://www.courtlistener.com/docket/14819816/valsartan-losartan-and-irbesartan-products-liability-litigation/
,Effingham,development agreement,The New York Times Company v. Microsoft Corporation,S.D.N.Y.,2023-12-27,1:23-cv-11195,https://www.courtlistener.com/docket/68117049/the-new-york-times-company-v-microsoft-corporation/
,Effingham,clawback,"Borowiak IGA Foodliner, Inc",Bankr. S.D. Ill.,2019-09-17,19-40699,https://www.courtlistener.com/docket/16209150/borowiak-iga-foodliner-inc/
,Effingham,clawback,In Re: National Prescription Opiate Litigation,N.D. Ohio,2022-11-04,1:17-md-02804,https://www.courtlistener.com/docket/6240169/in-re-national-prescription-opiate-litigation/
,Effingham,clawback,Ryan LLC v. Federal Trade Commission,N.D. Tex.,2024-04-23,3:24-cv-00986,https://www.courtlistener.com/docket/68463428/ryan-llc-v-federal-trade-commission/
,Effingham,clawback,Payless Holdings LLC,Bankr. E.D. Mo.,2017-04-04,17-42267,https://www.courtlistener.com/docket/4669112/payless-holdings-llc/
,Effingham,recapture,United States v. Barcroft,S.D. Ill.,2006-07-12,3:06-cv-00549,https://www.courtlistener.com/docket/4843770/united-states-v-barcroft/
,Effingham,recapture,"Lechter v. Aprio, LLP",N.D. Ga.,2020-03-26,1:20-cv-01325,https://www.courtlistener.com/docket/17033851/lechter-v-aprio-llp/
,Effingham,recapture,"SC Healthcare Holding, LLC",Bankr. D. Del.,2024-03-20,24-10443,https://www.courtlistener.com/docket/68360170/sc-healthcare-holding-llc/
,Effingham,recapture,X-Caliber Funding LLC v. Petersen,S.D.N.Y.,2024-07-22,1:24-cv-05529,https://www.courtlistener.com/docket/68965603/x-caliber-funding-llc-v-petersen/
,Effingham,recapture,"BRIDGER STEEL, INC.",Bankr. D. Mont.,2023-02-24,2:23-bk-20019,https://www.courtlistener.com/docket/66864692/bridger-steel-inc/
,Effingham,recapture,Thomas v. Deutsche Bank National Trust Company,E.D.N.Y,2020-07-09,1:20-cv-03087,https://www.courtlistener.com/docket/17342883/thomas-v-deutsche-bank-national-trust-company/
,Effingham,recapture,"PB Life and Annuity Co., Ltd. and Rachelle Frisby and John Johnston, as Joint Provis",Bankr. S.D.N.Y.,2020-12-03,20-12791,https://www.courtlistener.com/docket/18710463/pb-life-and-annuity-co-ltd-and-rachelle-frisby-and-john-johnston-as/
,Effingham,recapture,Anderson v. Raymond Corporation,S.D. Ill.,2019-07-23,3:19-cv-00800,https://www.courtlistener.com/docket/18360801/anderson-v-raymond-corporation/
,Effingham,recapture,"PB Life and Annuity Co., Ltd. and Rachelle Frisby and John Johnston, as Joint Provis - Adversary Proceeding",Bankr. S.D.N.Y.,2023-01-04,23-01000,https://www.courtlistener.com/docket/66699310/pb-life-and-annuity-co-ltd-and-rachelle-frisby-and-john-johnston-as/
,Effingham,recapture,Curling v. Raffensperger,N.D. Ga.,2017-08-08,1:17-cv-02989,https://www.courtlistener.com/docket/6139924/curling-v-raffensperger/
,Effingham,recapture,"Vitamin OldCo Holdings, Inc.",Bankr. D. Del.,2020-06-23,20-11662,https://www.courtlistener.com/docket/17287866/vitamin-oldco-holdings-inc/
,Effingham,recapture,Payless Holdings LLC,Bankr. E.D. Mo.,2019-02-18,19-40883,https://www.courtlistener.com/docket/14557532/payless-holdings-llc/
,Effingham,recapture,WISCONSIN VOTERS ALLIANCE v. PENCE,D.D.C.,2020-12-22,1:20-cv-03791,https://www.courtlistener.com/docket/19760252/wisconsin-voters-alliance-v-pence/
,Effingham,recapture,AMERICAN FOREST RESOURCE COUNCIL v. HALL,D.D.C.,2007-03-13,1:07-cv-00484,https://www.courtlistener.com/docket/4206796/american-forest-resource-council-v-hall/
,Effingham,recapture,Duncan v. Becerra,S.D. Cal.,2017-05-17,3:17-cv-01017,https://www.courtlistener.com/docket/6082773/duncan-v-becerra/
,Effingham,recapture,Jones v. Becerra,S.D. Cal.,2019-07-01,3:19-cv-01226,https://www.courtlistener.com/docket/15866360/jones-v-becerra/
,Effingham,recapture,Ortega v. Lujan Grisham,10th Cir.,2024-08-22,24-2121,https://www.courtlistener.com/docket/69069323/ortega-v-lujan-grisham/
,Effingham,recapture,Miller v. Becerra,S.D. Cal.,2019-08-15,3:19-cv-01537,https://www.courtlistener.com/docket/16069141/miller-v-becerra/
,Effingham,recapture,"The Reader's Digest Association, Inc.",Bankr. S.D.N.Y.,2009-08-24,09-23529,https://www.courtlistener.com/docket/4326893/the-readers-digest-association-inc/
,Effingham,recapture,Sears Holdings Corporation,Bankr. S.D.N.Y.,2018-10-15,18-23538,https://www.courtlistener.com/docket/8026527/sears-holdings-corporation/
,Escambia,tax increment,Davis v. Detroit Public Schools Community District,E.D. Mich.,2017-06-27,2:17-cv-12100,https://www.courtlistener.com/docket/6084879/davis-v-detroit-public-schools-community-district/
,Escambia,tax increment,Securities and Exchange Commission v. City of Victorville,C.D. Cal.,2013-04-29,5:13-cv-00776,https://www.courtlistener.com/docket/4150043/securities-and-exchange-commission-v-city-of-victorville/
,Escambia,tax increment,"SECURITIES AND EXCHANGE COMMISSION v. GE FUNDING CAPITAL MARKET SERVICES, INC.",D.N.J.,2011-12-23,2:11-cv-07465,https://www.courtlistener.com/docket/12858585/securities-and-exchange-commission-v-ge-funding-capital-market-services/
,Escambia,tax increment,In Re: National Prescription Opiate Litigation,N.D. Ohio,2022-11-04,1:17-md-02804,https://www.courtlistener.com/docket/6240169/in-re-national-prescription-opiate-litigation/
,Escambia,tax increment,Thomson Reuters Enterprise Centre GmbH v. ROSS Intelligence Inc.,D. Del.,2020-05-06,1:20-cv-00613,https://www.courtlistener.com/docket/17131648/thomson-reuters-enterprise-centre-gmbh-v-ross-intelligence-inc/
,Escambia,abatement,MORRIS v. ESCAMBIA COUNTY,N.D. Fla.,2023-01-17,3:23-cv-00739,https://www.courtlistener.com/docket/67748215/morris-v-escambia-county/
,Escambia,abatement,SELOVER v. ESCAMBIA COUNTY BOARD OF COMMISSIONERS,N.D. Fla.,2020-03-11,3:20-cv-04698,https://www.courtlistener.com/docket/16960878/selover-v-escambia-county-board-of-commissioners/
,Escambia,abatement,"Escambia County, Florida v. AmerisourceBergen Drug Corporation",N.D. Ohio,2018-06-14,1:18-op-45729,https://www.courtlistener.com/docket/7165135/escambia-county-florida-v-amerisourcebergen-drug-corporation/
,Escambia,abatement,HILL v. MCNESBY,N.D. Fla.,2012-02-16,3:12-cv-00076,https://www.courtlistener.com/docket/14397084/hill-v-mcnesby/
,Escambia,abatement,Escambia County School District v. Altria Group Inc,N.D. Cal.,2020-01-22,3:20-cv-00459,https://www.courtlistener.com/docket/16741955/escambia-county-school-district-v-altria-group-inc/
,Escambia,abatement,COLE v. MORGAN,N.D. Fla.,2010-08-09,3:10-cv-00288,https://www.courtlistener.com/docket/4932724/cole-v-morgan/
,Escambia,abatement,Tucker v. Equifirst Corporation,S.D. Ala.,2014-04-23,1:14-cv-00182,https://www.courtlistener.com/docket/5114443/tucker-v-equifirst-corporation/
,Escambia,abatement,MCQUEEN v. MORGAN,N.D. Fla.,2010-03-16,3:10-cv-00085,https://www.courtlistener.com/docket/4228662/mcqueen-v-morgan/
,Escambia,abatement,OWEN v. MORGAN,N.D. Fla.,2010-08-09,3:10-cv-00286,https://www.courtlistener.com/docket/4228705/owen-v-morgan/
,Escambia,abatement,HOVIND v. MAYO,N.D. Fla.,2006-05-17,3:06-cv-00221,https://www.courtlistener.com/docket/4228510/hovind-v-mayo/
,Escambia,abatement,"Bay County, Florida v. McKinsey and Company, Inc.",N.D. Fla.,2022-12-19,5:22-cv-00297,https://www.courtlistener.com/docket/66670842/bay-county-florida-v-mckinsey-and-company-inc/
,Escambia,abatement,HICKS v. BAISE,N.D. Fla.,2021-08-09,3:21-cv-00950,https://www.courtlistener.com/docket/61296942/hicks-v-baise/
,Escambia,abatement,"Travelers Indemnity Company of Connecticut v. Attorney's Title Insurance Fund, Inc.",M.D. Fla.,2013-09-18,2:13-cv-00670,https://www.courtlistener.com/docket/4500475/travelers-indemnity-company-of-connecticut-v-attorneys-title-insurance/
,Escambia,abatement,AVANT v. STEFANI,N.D. Fla.,2021-06-25,3:21-cv-00871,https://www.courtlistener.com/docket/60378474/avant-v-stefani/
,Escambia,abatement,CLINES v. MCNEIL,N.D. Fla.,2008-05-22,3:08-cv-00208,https://www.courtlistener.com/docket/4795878/clines-v-mcneil/
,Escambia,abatement,Brand Energy Solutions L L C v. Gilley,W.D. La.,2016-07-12,2:16-cv-01025,https://www.courtlistener.com/docket/4559743/brand-energy-solutions-l-l-c-v-gilley/
,Escambia,abatement,KORNEGAY v. SECRETARY OF THE AIR FORCE,M.D. Ga.,2019-08-08,5:19-cv-00317,https://www.courtlistener.com/docket/16831876/kornegay-v-secretary-of-the-air-force/
,Escambia,abatement,Johnson v. Miami-Dade County Sheriff,S.D. Fla.,2022-10-24,1:22-cv-23467,https://www.courtlistener.com/docket/65606686/johnson-v-miami-dade-county-sheriff/
,Escambia,abatement,IN RE: SOCIAL MEDIA ADOLESCENT ADDICTION/PERSONAL INJURY PRODUCTS LIABILITY LITIGATION,N.D. Cal.,2022-10-06,4:22-md-03047,https://www.courtlistener.com/docket/65407433/in-re-social-media-adolescent-addictionpersonal-injury-products-liability/
,Escambia,abatement,In Re: National Prescription Opiate Litigation,N.D. Ohio,2022-11-04,1:17-md-02804,https://www.courtlistener.com/docket/6240169/in-re-national-prescription-opiate-litigation/
,Escambia,development agreement,Summers-Wood LP v. Wolf,D. Conn.,2008-06-04,3:08-cv-00847,https://www.courtlistener.com/docket/4929191/summers-wood-lp-v-wolf/
,Escambia,development agreement,"In Re: Oil Spill by the Oil Rig ""Deepwater Horizon"" in the Gulf of Mexico, on April 20, 2010",E.D. La.,2010-08-10,2:10-md-02179,https://www.courtlistener.com/docket/4510515/in-re-oil-spill-by-the-oil-rig-deepwater-horizon-in-the-gulf-of-mexico/
,Escambia,development agreement,SUMMERS-WOOD LP v. WOLF,N.D. Fla.,2008-02-15,3:08-cv-00060,https://www.courtlistener.com/docket/4794928/summers-wood-lp-v-wolf/
,Escambia,development agreement,"Taylor Acquisitions, L. L. C. v. Taylor, City of",E.D. Mich.,2006-02-14,2:06-cv-10650,https://www.courtlistener.com/docket/4827454/taylor-acquisitions-l-l-c-v-taylor-city-of/
,Escambia,development agreement,ROY v. BOARD OF COUNTY COMMISSIONERS WALTON COUNTY FLORIDA,N.D. Fla.,2006-03-06,3:06-cv-00095,https://www.courtlistener.com/docket/4739221/roy-v-board-of-county-commissioners-walton-county-florida/
,Escambia,development agreement,"Vanguard Natural Resources, Inc. and Vanguard Operating, LLC",Bankr. S.D. Tex.,2019-03-31,19-31786,https://www.courtlistener.com/docket/14845208/vanguard-natural-resources-inc-and-vanguard-operating-llc/
,Escambia,development agreement,City of Spokane v. Monsanto Company,E.D. Wash.,2015-07-31,2:15-cv-00201,https://www.courtlistener.com/docket/4408912/city-of-spokane-v-monsanto-company/
,Escambia,development agreement,Lewis v. Roosevelt Island Operating Corporation,S.D.N.Y.,2016-04-25,1:16-cv-03071,https://www.courtlistener.com/docket/5598897/lewis-v-roosevelt-island-operating-corporation/
,Escambia,development agreement,"Houlihan's Restaurants, Inc.",Bankr. W.D. Mo.,2002-01-23,02-40359,https://www.courtlistener.com/docket/4300553/houlihans-restaurants-inc/
,Escambia,development agreement,Kelly v. Corizon Health Inc.,E.D. Mich.,2022-03-19,2:22-cv-10589,https://www.courtlistener.com/docket/63173126/kelly-v-corizon-health-inc/
,Escambia,development agreement,Jackson v. Corizon Health Inc.,E.D. Mich.,2019-11-15,2:19-cv-13382,https://www.courtlistener.com/docket/16475185/jackson-v-corizon-health-inc/
,Escambia,development agreement,"Capitol Eye Care, Inc. v. Tehum Care Services, Inc.",W.D. Mo.,2022-12-30,2:22-cv-04191,https://www.courtlistener.com/docket/66693019/capitol-eye-care-inc-v-tehum-care-services-inc/
,Escambia,development agreement,"Cameron Regional Medical Center, Inc v. Corizon Health, Inc.",W.D. Mo.,2022-11-08,5:22-cv-06122,https://www.courtlistener.com/docket/65741005/cameron-regional-medical-center-inc-v-corizon-health-inc/
,Escambia,development agreement,FREDERICK v. ROBERTSON,N.D. Fla.,2019-04-11,4:19-cv-00162,https://www.courtlistener.com/docket/16986646/frederick-v-robertson/
,Escambia,development agreement,"The Curators of The University of Missouri v. Tehum Care Services, Inc. d/b/a Corizon Health Inc. (TRNSFD TO CENTRAL DIV)",Bankr. W.D. Mo.,2023-02-14,23-04005,https://www.courtlistener.com/docket/66815113/the-curators-of-the-university-of-missouri-v-tehum-care-services-inc/
,Escambia,development agreement,"Tehum Care Services, Inc. and Thurman R Watson",Bankr. S.D. Tex.,2023-02-13,23-90086,https://www.courtlistener.com/docket/66807895/tehum-care-services-inc-and-thurman-r-watson/
,Escambia,development agreement,"Cache, Inc.",Bankr. D. Del.,2015-02-04,15-10172,https://www.courtlistener.com/docket/4215791/cache-inc/
,Escambia,development agreement,Samson Resources Corporation,Bankr. D. Del.,2015-09-16,15-11934,https://www.courtlistener.com/docket/4215897/samson-resources-corporation/
,Escambia,development agreement,"Rubloff Development Group, Inc. v. Kmart Corporation",N.D. Ill.,2008-01-04,1:08-cv-00076,https://www.courtlistener.com/docket/4253280/rubloff-development-group-inc-v-kmart-corporation/
,Escambia,development agreement,Purdue Pharma L.P.,Bankr. S.D.N.Y.,2019-09-15,19-23649,https://www.courtlistener.com/docket/16199040/purdue-pharma-lp/
,Escambia,clawback,PEN AMERICAN CENTER INC v. ESCAMBIA COUNTY SCHOOL BOARD,N.D. Fla.,2023-05-17,3:23-cv-10385,https://www.courtlistener.com/docket/67400156/pen-american-center-inc-v-escambia-county-school-board/
,Escambia,clawback,"Sklar Exploration Company, LLC and Sklarco, LLC",Bankr.D. Colo.,2020-04-01,20-12377,https://www.courtlistener.com/docket/17035263/sklar-exploration-company-llc-and-sklarco-llc/
,Escambia,clawback,Sohmer v. UnitedHealth Group Inc.,D. Minnesota,2018-11-15,0:18-cv-03191,https://www.courtlistener.com/docket/8229525/sohmer-v-unitedhealth-group-inc/
,Escambia,clawback,"Sohmer v. United HealthCare Services, Inc.",D. Conn.,2018-07-30,3:18-cv-01262,https://www.courtlistener.com/docket/7550360/sohmer-v-united-healthcare-services-inc/
,Escambia,clawback,Faulkner v. AimBank,Bankr. N.D. Tex.,2020-07-31,20-05039,https://www.courtlistener.com/docket/17405322/faulkner-v-aimbank/
,Escambia,clawback,"Hertz Global Holdings, Inc.",Bankr. D. Del.,2020-05-22,20-11219,https://www.courtlistener.com/docket/17189641/hertz-global-holdings-inc/
,Escambia,clawback,In re Carvana Co Securities Litigation,D. Ariz.,2022-12-16,2:22-cv-02126,https://www.courtlistener.com/docket/66654699/in-re-carvana-co-securities-litigation/
,Escambia,clawback,IN RE SKANSKA USA CIVIL SOUTHEAST INC AND SKANSKA USA INC,N.D. Fla.,2020-12-09,3:20-cv-05980,https://www.courtlistener.com/docket/46578824/in-re-skanska-usa-civil-southeast-inc-and-skanska-usa-inc/
,Escambia,clawback,"Julian Vargas v. Quest Diagnostics Clinical Laboratories, Inc.",C.D. Cal.,2019-09-18,2:19-cv-08108,https://www.courtlistener.com/docket/16221283/julian-vargas-v-quest-diagnostics-clinical-laboratories-inc/
,Escambia,clawback,"In Re: Oil Spill by the Oil Rig ""Deepwater Horizon"" in the Gulf of Mexico, on April 20, 2010",E.D. La.,2010-08-10,2:10-md-02179,https://www.courtlistener.com/docket/4510515/in-re-oil-spill-by-the-oil-rig-deepwater-horizon-in-the-gulf-of-mexico/
,Escambia,clawback,Scott McDonald v. Beth McDonald,11th Cir.,2026-08-04,26-12718,https://www.courtlistener.com/docket/73717157/scott-mcdonald-v-beth-mcdonald/
,Escambia,clawback,In Re: National Prescription Opiate Litigation,N.D. Ohio,2022-11-04,1:17-md-02804,https://www.courtlistener.com/docket/6240169/in-re-national-prescription-opiate-litigation/
,Fairfield,tax increment,"Pearlshire Capital Group, LLC v. Zaid",N.D. Ill.,2019-10-29,1:19-cv-07095,https://www.courtlistener.com/docket/16393355/pearlshire-capital-group-llc-v-zaid/
,Fairfield,tax increment,Energy Future Holdings Corp.,Bankr. D. Del.,2014-04-29,14-10979,https://www.courtlistener.com/docket/4215726/energy-future-holdings-corp/
,Fairfield,tax increment,"City of Lancaster v. Flagstar Bank, FSB",S.D. Ohio,2010-11-18,2:10-cv-01041,https://www.courtlistener.com/docket/5015991/city-of-lancaster-v-flagstar-bank-fsb/
,Fairfield,tax increment,Sears Holdings Corporation,Bankr. S.D.N.Y.,2018-10-15,18-23538,https://www.courtlistener.com/docket/8026527/sears-holdings-corporation/
,Fairfield,tax increment,Citizens for a Healthy Community v. United States Bureau of Land Management,D. Colo.,2020-08-19,1:20-cv-02484,https://www.courtlistener.com/docket/17459258/citizens-for-a-healthy-community-v-united-states-bureau-of-land-management/
,Fairfield,tax increment,City of San Jose v. Office of the Commissioner of Baseball,N.D. Cal.,2013-06-18,5:13-cv-02787,https://www.courtlistener.com/docket/4180136/city-of-san-jose-v-office-of-the-commissioner-of-baseball/
,Fairfield,tax increment,"General Growth Properties, Inc.",Bankr. S.D.N.Y.,2009-04-16,09-11977,https://www.courtlistener.com/docket/4326798/general-growth-properties-inc/
,Fairfield,tax increment,"H&R Block, Inc. v. Block, Inc.",W.D. Mo.,2021-12-16,4:21-cv-00913,https://www.courtlistener.com/docket/61621689/hr-block-inc-v-block-inc/
,Fairfield,tax increment,Blick v. Ann Arbor Public School District,E.D. Mich.,2019-07-20,2:19-cv-12127,https://www.courtlistener.com/docket/15945750/blick-v-ann-arbor-public-school-district/
,Fairfield,tax increment,"Wardman Hotel Owner, L.L.C.",Bankr. D. Del.,2021-01-11,21-10023,https://www.courtlistener.com/docket/29096094/wardman-hotel-owner-llc/
,Fairfield,tax increment,"Hinds County, Mississippi v. Wachovia Bank N.A.",S.D.N.Y.,2008-03-13,1:08-cv-02516,https://www.courtlistener.com/docket/4340770/hinds-county-mississippi-v-wachovia-bank-na/
,Fairfield,tax increment,Second Amendment Arms v. City of Chicago,N.D. Ill.,2010-07-09,1:10-cv-04257,https://www.courtlistener.com/docket/4259571/second-amendment-arms-v-city-of-chicago/
,Fairfield,tax increment,"Marriott Hotel Services, Inc. v. Wardman Hotel Owner, LLC",Bankr. D. Del.,2021-02-17,21-50263,https://www.courtlistener.com/docket/59768837/marriott-hotel-services-inc-v-wardman-hotel-owner-llc/
,Fairfield,tax increment,Magnetation LLC,Bankr. D. Minn.,2015-05-05,15-50307,https://www.courtlistener.com/docket/4294481/magnetation-llc/
,Fairfield,tax increment,"Jefferson County, Alabama",Bankr. N.D. Ala.,2011-11-09,11-05736,https://www.courtlistener.com/docket/4126088/jefferson-county-alabama/
,Fairfield,tax increment,Agera Energy LLC,Bankr. S.D.N.Y.,2019-10-04,19-23802,https://www.courtlistener.com/docket/16292324/agera-energy-llc/
,Fairfield,tax increment,Thomson Reuters Enterprise Centre GmbH v. ROSS Intelligence Inc.,D. Del.,2020-05-06,1:20-cv-00613,https://www.courtlistener.com/docket/17131648/thomson-reuters-enterprise-centre-gmbh-v-ross-intelligence-inc/
,Fairfield,abatement,Hicks v. Fairfield Residential,N.D. Tex.,2024-02-27,3:24-cv-00467,https://www.courtlistener.com/docket/68294944/hicks-v-fairfield-residential/
,Fairfield,abatement,(PS) Dayton v. City of Fairfield,E.D. Cal.,2017-09-12,2:17-cv-01898,https://www.courtlistener.com/docket/6216962/ps-dayton-v-city-of-fairfield/
,Fairfield,abatement,McNally v. A.C.T. Abatement Corp.,D. Mass.,2005-01-25,1:05-cv-10147,https://www.courtlistener.com/docket/4281121/mcnally-v-act-abatement-corp/
,Fairfield,abatement,Town of Fairfield v. 3M Company,D. Conn.,2026-01-14,3:26-cv-00070,https://www.courtlistener.com/docket/72143286/town-of-fairfield-v-3m-company/
,Fairfield,abatement,Anwar v. Fairfield Greenwich Limited,S.D.N.Y.,2009-01-07,1:09-cv-00118,https://www.courtlistener.com/docket/4346004/anwar-v-fairfield-greenwich-limited/
,Fairfield,abatement,"Fairfield, City of, Alabama v. Purdue Pharma LP",N.D. Ala.,2020-02-14,2:20-cv-00202,https://www.courtlistener.com/docket/16936113/fairfield-city-of-alabama-v-purdue-pharma-lp/
,Fairfield,abatement,Mallinckrodt plc,Bankr. D. Del.,2020-10-12,20-12522,https://www.courtlistener.com/docket/18527517/mallinckrodt-plc/
,Fairfield,abatement,"Pastor v. Geaux Fish Fairfield, LLC",D. Conn.,2016-05-26,3:16-cv-00812,https://www.courtlistener.com/docket/6336150/pastor-v-geaux-fish-fairfield-llc/
,Fairfield,abatement,"City of Fairfield, Ohio v. AmerisourceBergen Drug Corporation",N.D. Ohio,2019-08-29,1:19-op-45742,https://www.courtlistener.com/docket/16512339/city-of-fairfield-ohio-v-amerisourcebergen-drug-corporation/
,Fairfield,abatement,Fairfield Sentry Limited (In Liquidation) v. Banco Inversis SA,Bankr. S.D.N.Y.,2010-10-27,10-04089,https://www.courtlistener.com/docket/4569243/fairfield-sentry-limited-in-liquidation-v-banco-inversis-sa/
,Fairfield,abatement,"Caldwell v. Gutman, Mintz, Baker, & Sonnenfeldt, P.C.",E.D.N.Y,2008-10-20,2:08-cv-04207,https://www.courtlistener.com/docket/4319527/caldwell-v-gutman-mintz-baker-sonnenfeldt-pc/
,Fairfield,abatement,Fairfield Sentry Limited and Nomura International plc - Adversary Proceeding,Bankr. S.D.N.Y.,2010-09-21,10-03635,https://www.courtlistener.com/docket/4568783/fairfield-sentry-limited-and-nomura-international-plc-adversary/
,Fairfield,abatement,Purdue Pharma L.P.,Bankr. S.D.N.Y.,2019-09-15,19-23649,https://www.courtlistener.com/docket/16199040/purdue-pharma-lp/
,Fairfield,abatement,West Morgan-East Lawrence Water and Sewer Authority v. 3M Company,N.D. Ala.,2015-10-05,5:15-cv-01750,https://www.courtlistener.com/docket/4127126/west-morgan-east-lawrence-water-and-sewer-authority-v-3m-company/
,Fairfield,abatement,"Soto v. Bushmaster Firearms International, LLC",D. Conn.,2015-01-14,3:15-cv-00068,https://www.courtlistener.com/docket/4199462/soto-v-bushmaster-firearms-international-llc/
,Fairfield,abatement,Charter Township of Canton v. Purdue Pharma L.P.,N.D. Ohio,2018-10-05,1:18-op-46134,https://www.courtlistener.com/docket/14688933/charter-township-of-canton-v-purdue-pharma-lp/
,Fairfield,abatement,(PS) DeYoung v. City of Vacaville,E.D. Cal.,2025-12-31,2:25-cv-03762,https://www.courtlistener.com/docket/72094066/ps-deyoung-v-city-of-vacaville/
,Fairfield,abatement,MM Global Svc Inc v. Dow Chemical Co,D. Conn.,2002-06-25,3:02-cv-01107,https://www.courtlistener.com/docket/4200655/mm-global-svc-inc-v-dow-chemical-co/
,Fairfield,abatement,Canoura v. State Farm Mutual Automobile Insurance Company,S.D. Fla.,2019-03-07,1:19-cv-20883,https://www.courtlistener.com/docket/14643435/canoura-v-state-farm-mutual-automobile-insurance-company/
,Fairfield,abatement,LaBarbera v. Formula 1 Transport Inc.,E.D.N.Y,2002-01-25,2:02-cv-00582,https://www.courtlistener.com/docket/4325691/labarbera-v-formula-1-transport-inc/
,Fairfield,development agreement,Fairfield Electric Cooperative Inc v. DR Horton Inc,D.S.C.,2012-10-30,3:12-cv-03130,https://www.courtlistener.com/docket/5219006/fairfield-electric-cooperative-inc-v-dr-horton-inc/
,Fairfield,development agreement,"Diversified Funding Group, LLC v. HENDON",Bankr. D. Ariz.,2011-10-27,2:11-ap-01972,https://www.courtlistener.com/docket/5066978/diversified-funding-group-llc-v-hendon/
,Fairfield,development agreement,Uniroyal Chemical Co v. Syngenta Crop,D. Conn.,2002-12-19,3:02-cv-02253,https://www.courtlistener.com/docket/4200810/uniroyal-chemical-co-v-syngenta-crop/
,Fairfield,development agreement,"DUNKIN DONUTS FRANCHISED RESTAURANTS LLC v. JF-TOTOWA DONUTS, INC.",D.N.J.,2009-05-29,2:09-cv-02636,https://www.courtlistener.com/docket/4309617/dunkin-donuts-franchised-restaurants-llc-v-jf-totowa-donuts-inc/
,Fairfield,development agreement,"Purugganan v. AFC Franchising, LLC",D. Conn.,2020-03-17,3:20-cv-00360,https://www.courtlistener.com/docket/16981898/purugganan-v-afc-franchising-llc/
,Fairfield,development agreement,Akorn Holding Company LLC,Bankr. D. Del.,2023-02-23,23-10253,https://www.courtlistener.com/docket/66841819/akorn-holding-company-llc/
,Fairfield,development agreement,"Remington Outdoor Company, Inc.",Bankr. N.D. Ala.,2020-07-27,20-81688,https://www.courtlistener.com/docket/17386612/remington-outdoor-company-inc/
,Fairfield,development agreement,Nortel Networks Inc. and Wind-Down Debtors and Debtor-In-Possession,Bankr. D. Del.,2009-01-14,09-10138,https://www.courtlistener.com/docket/4215217/nortel-networks-inc-and-wind-down-debtors-and-debtor-in-possession/
,Fairfield,development agreement,"Oakland Bulk & Oversized Terminal, LLC v. City of Oakland",N.D. Cal.,2016-12-07,3:16-cv-07014,https://www.courtlistener.com/docket/4556528/oakland-bulk-oversized-terminal-llc-v-city-of-oakland/
,Fairfield,development agreement,"COLORADO WILD HORSE AND BURRO COALITION, INC. v. KEMPTHORNE",D.D.C.,2006-09-15,1:06-cv-01609,https://www.courtlistener.com/docket/4205600/colorado-wild-horse-and-burro-coalition-inc-v-kempthorne/
,Fairfield,development agreement,DANIEL LEWIS HENDON,Bankr. D. Ariz.,2011-07-25,2:11-bk-21164,https://www.courtlistener.com/docket/7106347/daniel-lewis-hendon/
,Fairfield,development agreement,"Emerald Investments, LLC",Bankr. S.D.N.Y.,2014-12-15,14-13407,https://www.courtlistener.com/docket/4327828/emerald-investments-llc/
,Fairfield,development agreement,"Preschool Development Ltd v. Springboro, City of",S.D. Ohio,2004-05-20,1:04-cv-00348,https://www.courtlistener.com/docket/4674324/preschool-development-ltd-v-springboro-city-of/
,Fairfield,development agreement,"Diversified Funding Group, LLC v. Hendon",Bankr. D. Ariz.,2016-03-04,2:16-ap-00127,https://www.courtlistener.com/docket/6101491/diversified-funding-group-llc-v-hendon/
,Fairfield,development agreement,"McCandless Group, LLC v. The Coy Collective, Inc.",C.D. Cal.,2021-03-06,2:21-cv-02069,https://www.courtlistener.com/docket/59714314/mccandless-group-llc-v-the-coy-collective-inc/
,Fairfield,development agreement,Sears Holdings Corporation,Bankr. S.D.N.Y.,2018-10-15,18-23538,https://www.courtlistener.com/docket/8026527/sears-holdings-corporation/
,Fairfield,development agreement,Richard Parks Corrosion Tech Inc v. Plas-Pak Indus Inc,D. Conn.,2010-03-22,3:10-cv-00437,https://www.courtlistener.com/docket/5168653/richard-parks-corrosion-tech-inc-v-plas-pak-indus-inc/
,Fairfield,development agreement,"Wall Street Theater Company, Inc.",Bankr. D. Conn.,2018-02-04,18-50132,https://www.courtlistener.com/docket/6292473/wall-street-theater-company-inc/
,Fairfield,development agreement,"Deel, LLC",Bankr. D. Del.,2010-04-21,10-11310,https://www.courtlistener.com/docket/4215361/deel-llc/
,Fairfield,development agreement,"Therma-Flite Manufacturing, LLC",Bankr. S.D. Tex.,2016-07-08,16-33470,https://www.courtlistener.com/docket/4532281/therma-flite-manufacturing-llc/
,Fairfield,clawback,"Aboah v. Fairfield Healthcare Services, Inc.",D. Conn.,2020-06-02,3:20-cv-00763,https://www.courtlistener.com/docket/17216198/aboah-v-fairfield-healthcare-services-inc/
,Fairfield,clawback,Doe v. Fairfield Medical Center,S.D. Ohio,2022-11-07,2:22-cv-03919,https://www.courtlistener.com/docket/65735661/doe-v-fairfield-medical-center/
,Fairfield,clawback,Anwar v. Fairfield Greenwich Limited,S.D.N.Y.,2009-01-07,1:09-cv-00118,https://www.courtlistener.com/docket/4346004/anwar-v-fairfield-greenwich-limited/
,Fairfield,clawback,Fairfield Sentry Limited (In Liquidation) v. HSBC Securities Services (Luxembourg) SA,Bankr. S.D.N.Y.,2010-09-21,10-03630,https://www.courtlistener.com/docket/14809234/fairfield-sentry-limited-in-liquidation-v-hsbc-securities-services/
,Fairfield,clawback,Fairfield Sentry Limited v. SNS Global Custody,S.D.N.Y.,2010-10-01,1:10-cv-07529,https://www.courtlistener.com/docket/4348208/fairfield-sentry-limited-v-sns-global-custody/
,Fairfield,clawback,Fairfield Sentry Limited and Nomura International plc - Adversary Proceeding,Bankr. S.D.N.Y.,2010-09-21,10-03635,https://www.courtlistener.com/docket/4568783/fairfield-sentry-limited-and-nomura-international-plc-adversary/
,Fairfield,clawback,In Re: Fairfield Sentry Limited,2d Cir.,2023-04-06,23-567,https://www.courtlistener.com/docket/69403884/in-re-fairfield-sentry-limited/
,Fairfield,clawback,Fairfield Sentry Limited and Nomura International plc,Bankr. S.D.N.Y.,2010-06-14,10-13164,https://www.courtlistener.com/docket/4327103/fairfield-sentry-limited-and-nomura-international-plc/
,Fairfield,clawback,In Re: Fairfield Sentry Limited,2d Cir.,2022-09-26,22-2101,https://www.courtlistener.com/docket/66705780/in-re-fairfield-sentry-limited/
,Fairfield,clawback,Fairfield Sentry Limited (In Liquidation) v. Citibank NA London,Bankr. S.D.N.Y.,2010-09-20,10-03622,https://www.courtlistener.com/docket/14856378/fairfield-sentry-limited-in-liquidation-v-citibank-na-london/
,Fairfield,clawback,Fairfield Sentry Limited (In Liquidation) v. Theodoor GGC Amsterdam,Bankr. S.D.N.Y.,2010-08-12,10-03496,https://www.courtlistener.com/docket/4521845/fairfield-sentry-limited-in-liquidation-v-theodoor-ggc-amsterdam/
,Fairfield,clawback,Fairfield Sentry Limited (In Liquidation) v. Banco Inversis SA,Bankr. S.D.N.Y.,2010-10-27,10-04089,https://www.courtlistener.com/docket/4569243/fairfield-sentry-limited-in-liquidation-v-banco-inversis-sa/
,Fairfield,clawback,Fairfield Sigma Limited (In Liquidation) v. Tercas-Cassa di Risparmio della Provincia di Teram,Bankr. S.D.N.Y.,2010-08-16,10-03503,https://www.courtlistener.com/docket/14859502/fairfield-sigma-limited-in-liquidation-v-tercas-cassa-di-risparmio-della/
,Fairfield,clawback,"Irving H. Picard, Trustee for the Liquidation of B v. Fairfield Pagma Associates, LP, a New York limited",Bankr. S.D.N.Y.,2010-12-03,10-05169,https://www.courtlistener.com/docket/5112687/irving-h-picard-trustee-for-the-liquidation-of-b-v-fairfield-pagma/
,Fairfield,clawback,"Securities Investor Protection Corporation v. Bernard L. Madoff Investment Securities, LLC. et a",Bankr. S.D.N.Y.,2008-12-11,08-01789,https://www.courtlistener.com/docket/4326756/securities-investor-protection-corporation-v-bernard-l-madoff-investment/
,Fairfield,clawback,In Re: Bernard L. Madoff Investment Securities LLC,S.D.N.Y.,2023-01-12,1:23-cv-00294,https://www.courtlistener.com/docket/66719589/in-re-bernard-l-madoff-investment-securities-llc/
,Fairfield,clawback,"Irving H. Picard, Trustee for the Liquidation of B v. Alpha Prime Fund Limited",Bankr. S.D.N.Y.,2009-07-15,09-01364,https://www.courtlistener.com/docket/4326866/irving-h-picard-trustee-for-the-liquidation-of-b-v-alpha-prime-fund/
,Fairfield,clawback,"In Re: New England Compounding Pharmacy, Inc. Products Liability Litigation",D. Mass.,2013-02-14,1:13-md-02419,https://www.courtlistener.com/docket/4274992/in-re-new-england-compounding-pharmacy-inc-products-liability-litigation/
,Fairfield,clawback,Kleeberg v. Eber,S.D.N.Y.,2016-12-09,1:16-cv-09517,https://www.courtlistener.com/docket/4565729/kleeberg-v-eber/
,Fairfield,clawback,In Re: Bernard L. Madoff Investment Securities LLC,S.D.N.Y.,2022-05-13,1:22-cv-03914,https://www.courtlistener.com/docket/63311203/in-re-bernard-l-madoff-investment-securities-llc/
,Fairfield,recapture,In Re: Fairfield Sentry Limited,2d Cir.,2022-09-26,22-2101,https://www.courtlistener.com/docket/66705780/in-re-fairfield-sentry-limited/
,Fairfield,recapture,Picard v. Fairfield Investment Fund Limited,Bankr. S.D.N.Y.,2009-05-18,09-01239,https://www.courtlistener.com/docket/4326822/picard-v-fairfield-investment-fund-limited/
,Fairfield,recapture,"Securities Investor Protection Corporation v. Bernard L. Madoff Investment Securities, LLC. et a",Bankr. S.D.N.Y.,2008-12-11,08-01789,https://www.courtlistener.com/docket/4326756/securities-investor-protection-corporation-v-bernard-l-madoff-investment/
,Fairfield,recapture,Pickerington Retail Ventures Ltd v. 7-Eleven Inc.,S.D. Ohio,2022-09-26,2:22-cv-03496,https://www.courtlistener.com/docket/65375960/pickerington-retail-ventures-ltd-v-7-eleven-inc/
,Fairfield,recapture,United States v. Smith,S.D. Ill.,2004-09-30,4:04-cv-04199,https://www.courtlistener.com/docket/4751877/united-states-v-smith/
,Fairfield,recapture,Nichols v. Denver Health and Hospital Authority,D. Colo.,2019-10-02,1:19-cv-02818,https://www.courtlistener.com/docket/16306881/nichols-v-denver-health-and-hospital-authority/
,Fairfield,recapture,"Amicus Miami of Ohio, LLC v. Kacachos",S.D. Ohio,2022-05-31,1:22-cv-00355,https://www.courtlistener.com/docket/63394368/amicus-miami-of-ohio-llc-v-kacachos/
,Fairfield,recapture,Akorn Holding Company LLC,Bankr. D. Del.,2023-02-23,23-10253,https://www.courtlistener.com/docket/66841819/akorn-holding-company-llc/
,Fairfield,recapture,"Wall Street Theater Company, Inc.",Bankr. D. Conn.,2018-02-04,18-50132,https://www.courtlistener.com/docket/6292473/wall-street-theater-company-inc/
,Fairfield,recapture,United States v. Spicer,S.D. Ill.,2005-06-16,4:05-cv-04117,https://www.courtlistener.com/docket/4753575/united-states-v-spicer/
,Fairfield,recapture,Joyce E Buckley,Bankr. D. Md.,2016-06-10,16-17946,https://www.courtlistener.com/docket/5278972/joyce-e-buckley/
,Fairfield,recapture,"UNITED THERAPEUTICS CORPORATION v. LIQUIDIA TECHNOLOGIES, INC.",M.D.N.C.,2025-05-09,1:25-cv-00368,https://www.courtlistener.com/docket/70241615/united-therapeutics-corporation-v-liquidia-technologies-inc/
,Fairfield,recapture,Bellinger v. Buckley,D. Maryland,2017-01-10,1:17-cv-00068,https://www.courtlistener.com/docket/6195883/bellinger-v-buckley/
,Fairfield,recapture,Stavrianoudakis v. U.S. Department of Fish & Wildlife,E.D. Cal.,2018-10-30,1:18-cv-01505,https://www.courtlistener.com/docket/8424005/stavrianoudakis-v-us-department-of-fish-wildlife/
,Fairfield,recapture,"Residential Capital, LLC",Bankr. S.D.N.Y.,2012-05-14,12-12020,https://www.courtlistener.com/docket/4327483/residential-capital-llc/
,Fairfield,recapture,"(PS) Elfar v. Wilmington Trust, N.A.",E.D. Cal.,2020-10-22,2:20-mc-00273,https://www.courtlistener.com/docket/18714322/ps-elfar-v-wilmington-trust-na/
,Fairfield,recapture,"Anthony Quinn McCray v. Innovation Ventures, LLC",C.D. Cal.,2013-08-16,2:13-cv-06014,https://www.courtlistener.com/docket/4150447/anthony-quinn-mccray-v-innovation-ventures-llc/
,Fairfield,recapture,Myers v. Schlossberg,D. Maryland,2025-07-18,8:25-cv-02338,https://www.courtlistener.com/docket/70910329/myers-v-schlossberg/
,Fairfield,recapture,"McCray v. Innovation Ventures, LLC",N.D. Ga.,2013-07-23,1:13-cv-02445,https://www.courtlistener.com/docket/13042311/mccray-v-innovation-ventures-llc/
,Fairfield,recapture,"SLSJ, LLC v. Kleban",D. Conn.,2014-03-26,3:14-cv-00390,https://www.courtlistener.com/docket/5317191/slsj-llc-v-kleban/
,Fillmore,tax increment,Shiferaw v. City and County of San Francisco,N.D. Cal.,2018-11-09,3:18-cv-06830,https://www.courtlistener.com/docket/14739774/shiferaw-v-city-and-county-of-san-francisco/
,Fillmore,tax increment,In Re: Katrina Canal Breaches Litigation,E.D. La.,2005-09-19,2:05-cv-04182,https://www.courtlistener.com/docket/4715020/in-re-katrina-canal-breaches-litigation/
,Fillmore,tax increment,Village of Washington Park,Bankr. S.D. Ill.,2009-07-06,09-31744,https://www.courtlistener.com/docket/4263955/village-of-washington-park/
,Fillmore,tax increment,Agera Energy LLC,Bankr. S.D.N.Y.,2019-10-04,19-23802,https://www.courtlistener.com/docket/16292324/agera-energy-llc/
,Fillmore,tax increment,Thomson Reuters Enterprise Centre GmbH v. ROSS Intelligence Inc.,D. Del.,2020-05-06,1:20-cv-00613,https://www.courtlistener.com/docket/17131648/thomson-reuters-enterprise-centre-gmbh-v-ross-intelligence-inc/
,Fillmore,abatement,"FILLMORE EQUIPMENT OF HOLLAND, INC. v. United States",Fed. Cl.,2007-05-31,1:07-cv-00341,https://www.courtlistener.com/docket/4198271/fillmore-equipment-of-holland-inc-v-united-states/
,Fillmore,abatement,Mallinckrodt plc,Bankr. D. Del.,2020-10-12,20-12522,https://www.courtlistener.com/docket/18527517/mallinckrodt-plc/
,Fillmore,abatement,Bain v. Koninklijke Philips N.V.,W.D. Pa.,2021-10-21,2:21-cv-01488,https://www.courtlistener.com/docket/60666365/bain-v-koninklijke-philips-nv/
,Fillmore,abatement,Bain v. Koninklijke Philips N.V.,D. Mass.,2021-08-31,1:21-cv-11432,https://www.courtlistener.com/docket/60329668/bain-v-koninklijke-philips-nv/
,Fillmore,abatement,"Socal Recovery, LLC v. City of Costa Mesa",9th Cir.,2020-08-11,20-55820,https://www.courtlistener.com/docket/63587476/socal-recovery-llc-v-city-of-costa-mesa/
,Fillmore,abatement,"Facebook, Inc. v. MaxBounty, Inc",N.D. Cal.,2010-10-19,5:10-cv-04712,https://www.courtlistener.com/docket/4177606/facebook-inc-v-maxbounty-inc/
,Fillmore,abatement,"Hudspeth & Associates, Inc. v. Centerre Construction",D. Colo.,2014-01-10,1:14-cv-00087,https://www.courtlistener.com/docket/4196246/hudspeth-associates-inc-v-centerre-construction/
,Fillmore,abatement,Hinojosa v. Abbott,5th Cir.,2020-05-19,20-50407,https://www.courtlistener.com/docket/10441/hinojosa-v-abbott/
,Fillmore,abatement,Klein v. FinWise Bank,E.D.N.Y,2024-09-27,1:24-cv-06854,https://www.courtlistener.com/docket/69224486/klein-v-finwise-bank/
,Fillmore,abatement,United States v. Wittbrodt,E.D. Mich.,2018-08-14,4:18-cr-20560,https://www.courtlistener.com/docket/7672766/united-states-v-wittbrodt/
,Fillmore,abatement,"Hoti Enterprises, LP",Bankr. S.D.N.Y.,2010-10-12,10-24129,https://www.courtlistener.com/docket/4327212/hoti-enterprises-lp/
,Fillmore,abatement,IN RE: Asbestos Products Liability Litigation (No. VI),J.P.M.L.,1991-01-17,MDL No. 875,https://www.courtlistener.com/docket/1245688/in-re-asbestos-products-liability-litigation-no-vi/
,Fillmore,abatement,"Foster v. Village of Glen Carbon, Illinois",S.D. Ill.,2020-05-06,3:20-cv-00417,https://www.courtlistener.com/docket/17132941/foster-v-village-of-glen-carbon-illinois/
,Fillmore,abatement,Brooks v. Fox,D. Colo.,2020-11-18,1:20-cv-03419,https://www.courtlistener.com/docket/18647564/brooks-v-fox/
,Fillmore,abatement,St. Timothy's Episcopal Church v. City of Brookings,D. Or.,2022-01-28,1:22-cv-00156,https://www.courtlistener.com/docket/62637876/st-timothys-episcopal-church-v-city-of-brookings/
,Fillmore,abatement,Desantis v. City of Santa Rosa,N.D. Cal.,2007-06-27,3:07-cv-03386,https://www.courtlistener.com/docket/4167795/desantis-v-city-of-santa-rosa/
,Fillmore,abatement,State of Utah School and Institutional Trust Lands Administration v. Jewell,D. Utah,2015-02-03,2:15-cv-00076,https://www.courtlistener.com/docket/18141082/state-of-utah-school-and-institutional-trust-lands-administration-v-jewell/
,Fillmore,abatement,Shiferaw v. City and County of San Francisco,N.D. Cal.,2018-11-09,3:18-cv-06830,https://www.courtlistener.com/docket/14739774/shiferaw-v-city-and-county-of-san-francisco/
,Fillmore,abatement,Ross v. Gossett,S.D. Ill.,2015-03-19,3:15-cv-00309,https://www.courtlistener.com/docket/5346556/ross-v-gossett/
,Fillmore,abatement,Unknown Case Title - Adversary Proceeding,Bankr. N.D. Tex.,2009-04-21,09-20232,https://www.courtlistener.com/docket/4389483/unknown-case-title-adversary-proceeding/
,Fillmore,development agreement,Brooks v. Fox,D. Colo.,2020-11-18,1:20-cv-03419,https://www.courtlistener.com/docket/18647564/brooks-v-fox/
,Fillmore,development agreement,Shiferaw v. City and County of San Francisco,N.D. Cal.,2018-11-09,3:18-cv-06830,https://www.courtlistener.com/docket/14739774/shiferaw-v-city-and-county-of-san-francisco/
,Fillmore,development agreement,Clinton Brown v. Steve Smead,C.D. Cal.,2023-04-19,2:23-cv-02938,https://www.courtlistener.com/docket/67232938/clinton-brown-v-steve-smead/
,Fillmore,development agreement,Cuper Development LLC v. City of Cudahy,C.D. Cal.,2024-04-08,2:24-cv-02833,https://www.courtlistener.com/docket/68418009/cuper-development-llc-v-city-of-cudahy/
,Fillmore,development agreement,Southern Utah Wilderness Alliance v. United States Department of the Interior,D. Utah,2025-08-07,2:25-cv-00657,https://www.courtlistener.com/docket/71051491/southern-utah-wilderness-alliance-v-united-states-department-of-the/
,Fillmore,development agreement,"Vitamin OldCo Holdings, Inc.",Bankr. D. Del.,2020-06-23,20-11662,https://www.courtlistener.com/docket/17287866/vitamin-oldco-holdings-inc/
,Fillmore,development agreement,"Sullivan Farms II, Inc. v. Village of Bloomingburg, New York",S.D.N.Y.,2014-09-08,1:14-cv-07250,https://www.courtlistener.com/docket/4354118/sullivan-farms-ii-inc-v-village-of-bloomingburg-new-york/
,Fillmore,development agreement,United States of America v. Planned Parenthood Federation of America Inc,N.D. Tex.,2021-02-05,2:21-cv-00022,https://www.courtlistener.com/docket/62341481/united-states-of-america-v-planned-parenthood-federation-of-america-inc/
,Fillmore,development agreement,Tribune Media Company,Bankr. D. Del.,2008-12-08,08-13141,https://www.courtlistener.com/docket/4499201/tribune-media-company/
,Fillmore,development agreement,Mining Project Wind Down Holdings Inc. and Relm Insurance Ltd.,Bankr. S.D. Tex.,2022-09-22,22-90273,https://www.courtlistener.com/docket/65369396/mining-project-wind-down-holdings-inc-and-relm-insurance-ltd/
,Fillmore,development agreement,Citizens for a Healthy Community v. United States Bureau of Land Management,D. Colo.,2020-08-19,1:20-cv-02484,https://www.courtlistener.com/docket/17459258/citizens-for-a-healthy-community-v-united-states-bureau-of-land-management/
,Fillmore,development agreement,Boy Scouts of America,Bankr. D. Del.,2020-02-18,20-10343,https://www.courtlistener.com/docket/16854880/boy-scouts-of-america/
,Fillmore,development agreement,"Schwartzco Enterprises, LLC v. TMH Management, LLC",E.D.N.Y,2014-02-19,2:14-cv-01082,https://www.courtlistener.com/docket/5685101/schwartzco-enterprises-llc-v-tmh-management-llc/
,Fillmore,development agreement,"Chesapeake Energy Corporation and CHK NGV Leasing Company, LLC",Bankr. S.D. Tex.,2020-06-28,20-33233,https://www.courtlistener.com/docket/17301624/chesapeake-energy-corporation-and-chk-ngv-leasing-company-llc/
,Fillmore,development agreement,TocMail Inc v. Microsoft Corporation,S.D. Fla.,2020-02-26,0:20-cv-60416,https://www.courtlistener.com/docket/16894112/tocmail-inc-v-microsoft-corporation/
,Fillmore,development agreement,Bahar v. United States,S.D.N.Y.,2008-05-21,1:08-cv-04738,https://www.courtlistener.com/docket/4343126/bahar-v-united-states/
,Fillmore,development agreement,"TOUSA, Inc.",Bankr. S.D. Florida,2008-01-29,08-10928,https://www.courtlistener.com/docket/4229149/tousa-inc/
,Fillmore,development agreement,"Core Scientific, Inc.",Bankr. S.D. Tex.,2022-12-21,22-90341,https://www.courtlistener.com/docket/66673576/core-scientific-inc/
,Fillmore,development agreement,"VELOCITY ESPORTS, INC., A NEVADA CORPORATION v. 434 N. ORANGE INVESTMENT, LLC, A DELAWARE LIMITED",Bankr. D. Nev.,2026-05-29,26-01075,https://www.courtlistener.com/docket/73415972/velocity-esports-inc-a-nevada-corporation-v-434-n-orange-investment/
,Fillmore,development agreement,"Rdio, Inc.",Bankr. N.D. Cal.,2015-11-16,15-31430,https://www.courtlistener.com/docket/4165169/rdio-inc/
,Fillmore,clawback,United States of America v. Planned Parenthood Federation of America Inc,N.D. Tex.,2021-02-05,2:21-cv-00022,https://www.courtlistener.com/docket/62341481/united-states-of-america-v-planned-parenthood-federation-of-america-inc/
,Fillmore,clawback,"Malibu Media, LLC v. John Doe subscriber assigned IP address 24.5.36.86",N.D. Cal.,2015-09-11,3:15-cv-04152,https://www.courtlistener.com/docket/4182175/malibu-media-llc-v-john-doe-subscriber-assigned-ip-address-2453686/
,Fillmore,clawback,"BAIS BRUCHA INC. v. TOWNSHIP OF TOMS RIVER, NEW JERSEY",D.N.J.,2021-02-23,3:21-cv-03239,https://www.courtlistener.com/docket/59675456/bais-brucha-inc-v-township-of-toms-river-new-jersey/
,Fillmore,clawback,In Re: National Prescription Opiate Litigation,N.D. Ohio,2022-11-04,1:17-md-02804,https://www.courtlistener.com/docket/6240169/in-re-national-prescription-opiate-litigation/
,Fillmore,clawback,"Optio Rx, LLC",Bankr. D. Del.,2024-06-07,24-11188,https://www.courtlistener.com/docket/68839455/optio-rx-llc/
,Fillmore,clawback,Tribune Media Company,Bankr. D. Del.,2008-12-08,08-13141,https://www.courtlistener.com/docket/4499201/tribune-media-company/
,Fillmore,clawback,Fairfield Sentry Limited and Nomura International plc - Adversary Proceeding,Bankr. S.D.N.Y.,2010-09-21,10-03635,https://www.courtlistener.com/docket/4568783/fairfield-sentry-limited-and-nomura-international-plc-adversary/
,Fillmore,clawback,COMMONWEALTH OF PUERTO RICO and Puerto Rico Public Buildings Authority (PBA),Bankr. D.P.R.,2017-05-03,17-03283,https://www.courtlistener.com/docket/6061354/commonwealth-of-puerto-rico-and-puerto-rico-public-buildings-authority/
,Fillmore,clawback,Miller v. Vilsack,N.D. Tex.,2021-04-26,4:21-cv-00595,https://www.courtlistener.com/docket/59854677/miller-v-vilsack/
,Fillmore,clawback,Ryan LLC v. Federal Trade Commission,N.D. Tex.,2024-04-23,3:24-cv-00986,https://www.courtlistener.com/docket/68463428/ryan-llc-v-federal-trade-commission/
,Fillmore,clawback,Cymbidium Restoration Trust v. American Homeowner Preservation Trust Series AHP Servicing,W.D. Wash.,2024-01-05,2:24-cv-00025,https://www.courtlistener.com/docket/68140726/cymbidium-restoration-trust-v-american-homeowner-preservation-trust-series/
,Fillmore,clawback,United States v. BOWERS,W.D. Pa.,2018-10-31,2:18-cr-00292,https://www.courtlistener.com/docket/8112008/united-states-v-bowers/
,Fillmore,clawback,The New York Times Company v. Microsoft Corporation,S.D.N.Y.,2023-12-27,1:23-cv-11195,https://www.courtlistener.com/docket/68117049/the-new-york-times-company-v-microsoft-corporation/
,Fillmore,recapture,"Bavaria Inn Restaurant, Inc.",Bankr.D. Colo.,2020-11-18,20-17488,https://www.courtlistener.com/docket/18643010/bavaria-inn-restaurant-inc/
,Fillmore,recapture,"Hoti Enterprises, LP",Bankr. S.D.N.Y.,2010-10-12,10-24129,https://www.courtlistener.com/docket/4327212/hoti-enterprises-lp/
,Fillmore,recapture,Browne v. PAM Transport Inc,W.D. Ark.,2016-12-20,5:16-cv-05366,https://www.courtlistener.com/docket/6588056/browne-v-pam-transport-inc/
,Fillmore,recapture,NRP Holdings LLC v. City of Buffalo,W.D.N.Y.,2011-06-06,1:11-cv-00472,https://www.courtlistener.com/docket/4358284/nrp-holdings-llc-v-city-of-buffalo/
,Fillmore,recapture,"WOODS AND ERICKSON, LLP v. PLATT",Bankr. D. Nev.,2019-12-27,19-01125,https://www.courtlistener.com/docket/16633897/woods-and-erickson-llp-v-platt/
,Fillmore,recapture,Vandevender v. Reiser,D. Minnesota,2018-03-02,0:18-cv-00607,https://www.courtlistener.com/docket/8346365/vandevender-v-reiser/
,Fillmore,recapture,American Wild Horse Campaign v. Haaland,D. Colo.,2021-08-09,1:21-cv-02146,https://www.courtlistener.com/docket/60973578/american-wild-horse-campaign-v-haaland/
,Fillmore,recapture,Ries v. Galmor Family Limited Partnership,Bankr. N.D. Tex.,2020-04-24,20-02003,https://www.courtlistener.com/docket/17099638/ries-v-galmor-family-limited-partnership/
,Fillmore,recapture,Howard Rosen v. Security Benefit Life Insurance Company,C.D. Cal.,2019-10-16,2:19-cv-08889,https://www.courtlistener.com/docket/16339944/howard-rosen-v-security-benefit-life-insurance-company/
,Fillmore,recapture,"Caruso and Miles, Ltd.",Bankr. N.D. Ill.,2020-09-22,20-17405,https://www.courtlistener.com/docket/18461114/caruso-and-miles-ltd/
,Fillmore,recapture,Duncan v. Becerra,S.D. Cal.,2017-05-17,3:17-cv-01017,https://www.courtlistener.com/docket/6082773/duncan-v-becerra/
,Fillmore,recapture,DAVIS v. PENSION BENEFIT GUARANTY CORPORATION,D.D.C.,2008-06-20,1:08-cv-01064,https://www.courtlistener.com/docket/4209963/davis-v-pension-benefit-guaranty-corporation/
,Fillmore,recapture,NETWORK RACING PTY LTD. v. IREN LIMITED,D.N.J.,2022-12-14,2:22-cv-07273,https://www.courtlistener.com/docket/66664871/network-racing-pty-ltd-v-iren-limited/
,Fillmore,recapture,PRATI v. United States,Fed. Cl.,2002-01-22,1:02-cv-00060,https://www.courtlistener.com/docket/17270019/prati-v-united-states/
,Fillmore,recapture,"UMG Recordings, Inc. v. Suno, Inc.",D. Mass.,2026-09-18,1:26-cv-14275,https://www.courtlistener.com/docket/74812464/umg-recordings-inc-v-suno-inc/
,Fillmore,recapture,KETTLE v. United States,Fed. Cl.,2004-04-19,1:04-cv-00683,https://www.courtlistener.com/docket/4197372/kettle-v-united-states/
,Fillmore,recapture,"Sony Music Entertainment v. Uncharted Labs, Inc.",S.D.N.Y.,2026-07-20,1:26-cv-06120,https://www.courtlistener.com/docket/73641108/sony-music-entertainment-v-uncharted-labs-inc/
,Fillmore,recapture,"UMG Recordings, Inc. v. Suno, Inc.",D. Mass.,2024-06-24,1:24-cv-11611,https://www.courtlistener.com/docket/68878608/umg-recordings-inc-v-suno-inc/
,Fillmore,recapture,James Russell Campbell,Bankr.D. Colo.,2009-08-12,09-26495,https://www.courtlistener.com/docket/43951993/james-russell-campbell/
,Fillmore,recapture,Miller v. Becerra,S.D. Cal.,2019-08-15,3:19-cv-01537,https://www.courtlistener.com/docket/16069141/miller-v-becerra/
,Forsyth,tax increment,Dallas Roof Gardens Inc v. The City of Dallas Texas,N.D. Tex.,2007-04-23,3:07-cv-00696,https://www.courtlistener.com/docket/4964479/dallas-roof-gardens-inc-v-the-city-of-dallas-texas/
,Forsyth,tax increment,SECURITIES AND EXCHANGE COMMISSION v. J.P. MORGAN SECURITIES LLC,D.N.J.,2011-07-07,2:11-cv-03877,https://www.courtlistener.com/docket/12720906/securities-and-exchange-commission-v-jp-morgan-securities-llc/
,Forsyth,tax increment,"PNC Bank, National Association v. Havenhills Investment Company, LLC",S.D. Ill.,2015-04-30,3:15-cv-00483,https://www.courtlistener.com/docket/5372589/pnc-bank-national-association-v-havenhills-investment-company-llc/
,Forsyth,tax increment,"Soscia Holdings, LLC v. Town of Coventry",D.R.I.,2025-06-13,1:25-cv-00274,https://www.courtlistener.com/docket/70532178/soscia-holdings-llc-v-town-of-coventry/
,Forsyth,tax increment,Village of Washington Park,Bankr. S.D. Ill.,2009-07-06,09-31744,https://www.courtlistener.com/docket/4263955/village-of-washington-park/
,Forsyth,tax increment,Banks v. Cotter Corporation,E.D. Mo.,2020-09-10,4:20-cv-01227,https://www.courtlistener.com/docket/18426082/banks-v-cotter-corporation/
,Forsyth,tax increment,Citizens for a Healthy Community v. United States Bureau of Land Management,D. Colo.,2020-08-19,1:20-cv-02484,https://www.courtlistener.com/docket/17459258/citizens-for-a-healthy-community-v-united-states-bureau-of-land-management/
,Forsyth,tax increment,Thomson Reuters Enterprise Centre GmbH v. ROSS Intelligence Inc.,D. Del.,2020-05-06,1:20-cv-00613,https://www.courtlistener.com/docket/17131648/thomson-reuters-enterprise-centre-gmbh-v-ross-intelligence-inc/
,Forsyth,abatement,(PS) Holt v. Forsyth,E.D. Cal.,2024-11-02,2:24-cv-03256,https://www.courtlistener.com/docket/69411061/ps-holt-v-forsyth/
,Forsyth,abatement,Forsyth v. University of Alabama Board of Trustees,N.D. Ala.,2017-05-23,7:17-cv-00854,https://www.courtlistener.com/docket/6314853/forsyth-v-university-of-alabama-board-of-trustees/
,Forsyth,abatement,FORSYTH COUNTY v. AMERISOURCEBERGEN DRUG CORPORATION,M.D.N.C.,2018-04-27,1:18-cv-00349,https://www.courtlistener.com/docket/6758171/forsyth-county-v-amerisourcebergen-drug-corporation/
,Forsyth,abatement,Mallinckrodt plc,Bankr. D. Del.,2020-10-12,20-12522,https://www.courtlistener.com/docket/18527517/mallinckrodt-plc/
,Forsyth,abatement,Deatley v. AmGuard Insurance Company,S.D. Tex.,2024-04-26,4:24-cv-01559,https://www.courtlistener.com/docket/68477033/deatley-v-amguard-insurance-company/
,Forsyth,abatement,Cunningham v. Bureau of Prisons,S.D. Ga.,2009-03-02,2:09-cv-00018,https://www.courtlistener.com/docket/5232057/cunningham-v-bureau-of-prisons/
,Forsyth,abatement,HILL v. LAMANNA,W.D. Pa.,2005-05-23,1:05-cv-00160,https://www.courtlistener.com/docket/4374713/hill-v-lamanna/
,Forsyth,abatement,San Diego Unified Port District v. Monsanto Company,S.D. Cal.,2015-03-13,3:15-cv-00578,https://www.courtlistener.com/docket/4193334/san-diego-unified-port-district-v-monsanto-company/
,Forsyth,abatement,"1699 Ridge Road E., Co. v. United Call Center Solutions, LLC",W.D.N.Y.,2020-05-28,6:20-cv-06350,https://www.courtlistener.com/docket/18384982/1699-ridge-road-e-co-v-united-call-center-solutions-llc/
,Forsyth,abatement,"FULTON COUNTY, GA v. McKinsey & Company, Inc.",N.D. Cal.,2022-10-26,3:22-cv-06562,https://www.courtlistener.com/docket/65638656/fulton-county-ga-v-mckinsey-company-inc/
,Forsyth,abatement,"NOVANT HEALTH, INC. v. AMERICAN GUARANTEE AND LIABILITY INSURANCE COMPANY",M.D.N.C.,2021-04-16,1:21-cv-00309,https://www.courtlistener.com/docket/59828461/novant-health-inc-v-american-guarantee-and-liability-insurance-company/
,Forsyth,abatement,DAVILA-BAJANA v. HOLOHAN,W.D. Pa.,2004-09-07,1:04-cv-00253,https://www.courtlistener.com/docket/4374626/davila-bajana-v-holohan/
,Forsyth,abatement,Daughtry v. Kent,M.D. Fla.,2009-01-26,3:09-cv-00067,https://www.courtlistener.com/docket/4225428/daughtry-v-kent/
,Forsyth,abatement,WARD v. LAMANNA,W.D. Pa.,2004-01-20,1:04-cv-00011,https://www.courtlistener.com/docket/4374602/ward-v-lamanna/
,Forsyth,abatement,AGUILERA v. GADSDEN COUNTY BOARD OF COUNTY COMMISSIONERS,N.D. Fla.,2017-02-14,4:17-cv-00085,https://www.courtlistener.com/docket/14478695/aguilera-v-gadsden-county-board-of-county-commissioners/
,Forsyth,abatement,"CULTURAL HERITAGE PARTNERS, PLLC v. TRUMP",D.D.C.,2025-11-14,1:25-cv-03969,https://www.courtlistener.com/docket/71918245/cultural-heritage-partners-pllc-v-trump/
,Forsyth,abatement,"Mack v. Food Lion, LLC",E.D.N.C.,2023-06-16,5:23-cv-00327,https://www.courtlistener.com/docket/67511703/mack-v-food-lion-llc/
,Forsyth,abatement,DEMOCRACY NORTH CAROLINA v. HIRSCH,M.D.N.C.,2023-10-17,1:23-cv-00878,https://www.courtlistener.com/docket/67887996/democracy-north-carolina-v-hirsch/
,Forsyth,abatement,"Johnson v. Town of Prosper, Texas",E.D. Tex.,2023-07-14,4:23-cv-00650,https://www.courtlistener.com/docket/67608337/johnson-v-town-of-prosper-texas/
,Forsyth,abatement,Washtenaw County Employees' Retirement System v. Dollar General Corporation,M.D. Tenn.,2023-11-27,3:23-cv-01250,https://www.courtlistener.com/docket/68049692/washtenaw-county-employees-retirement-system-v-dollar-general-corporation/
,Forsyth,development agreement,"Panini America, Inc. v. Fanatics, Inc",M.D. Fla.,2023-08-03,8:23-cv-01721,https://www.courtlistener.com/docket/67661657/panini-america-inc-v-fanatics-inc/
,Forsyth,development agreement,"Parker Chandler Homes, LLC",Bankr. N.D. Ga.,2009-11-13,09-90334,https://www.courtlistener.com/docket/4240177/parker-chandler-homes-llc/
,Forsyth,development agreement,"In Re: Oil Spill by the Oil Rig ""Deepwater Horizon"" in the Gulf of Mexico, on April 20, 2010",E.D. La.,2010-08-10,2:10-md-02179,https://www.courtlistener.com/docket/4510515/in-re-oil-spill-by-the-oil-rig-deepwater-horizon-in-the-gulf-of-mexico/
,Forsyth,development agreement,"Triumph Actuation Systems - Yakima, LLC v. Cirrus Design Corporation",D. Minnesota,2025-04-09,0:25-cv-01326,https://www.courtlistener.com/docket/69878720/triumph-actuation-systems-yakima-llc-v-cirrus-design-corporation/
,Forsyth,development agreement,"Beam Partners, LLC v. Maynard",E.D. Ky.,2017-01-06,3:17-cv-00004,https://www.courtlistener.com/docket/7862294/beam-partners-llc-v-maynard/
,Forsyth,development agreement,Kewadin Casinos Gaming Authority v. Draganchuk,W.D. Mich.,2022-02-04,2:22-cv-00027,https://www.courtlistener.com/docket/62902017/kewadin-casinos-gaming-authority-v-draganchuk/
,Forsyth,development agreement,"PNC Bank, National Association v. Havenhills Investment Company, LLC",S.D. Ill.,2015-04-30,3:15-cv-00483,https://www.courtlistener.com/docket/5372589/pnc-bank-national-association-v-havenhills-investment-company-llc/
,Forsyth,development agreement,Wicker v. Paramatma,N.D. Ga.,2019-01-25,2:19-cv-00021,https://www.courtlistener.com/docket/15721946/wicker-v-paramatma/
,Forsyth,development agreement,"SCB Diversified Municipal Portfolio v. Crews & Associates, Inc.",E.D. La.,2009-11-16,2:09-cv-07351,https://www.courtlistener.com/docket/4269388/scb-diversified-municipal-portfolio-v-crews-associates-inc/
,Forsyth,development agreement,"Gunapt Development, L.L.C. v. Peine Lakes, L.P.",E.D. Mo.,2020-12-15,4:20-cv-01778,https://www.courtlistener.com/docket/18745154/gunapt-development-llc-v-peine-lakes-lp/
,Forsyth,development agreement,"Enclave Arlington Associates Limited Partnership v. City of Arlington, Texas",N.D. Tex.,2009-03-10,4:09-cv-00155,https://www.courtlistener.com/docket/5003666/enclave-arlington-associates-limited-partnership-v-city-of-arlington/
,Forsyth,development agreement,"GALAXY PRODUCTS & SERVICES, INC. v. AMI ENTERTAINMENT NETWORK, INC.",E.D. Pa.,2012-12-12,2:12-cv-06963,https://www.courtlistener.com/docket/4370409/galaxy-products-services-inc-v-ami-entertainment-network-inc/
,Forsyth,development agreement,United States v. Rhame,N.D. Ga.,2016-02-10,1:16-cr-00067,https://www.courtlistener.com/docket/6264955/united-states-v-rhame/
,Forsyth,development agreement,CyberXForce v. Inspira Enterprise India Limited,N.D. Tex.,2023-05-05,4:23-cv-00452,https://www.courtlistener.com/docket/67333435/cyberxforce-v-inspira-enterprise-india-limited/
,Forsyth,development agreement,The Compliance Source Inc v. Greenpoint Mortgage Funding Inc,N.D. Tex.,2006-06-14,3:06-cv-01057,https://www.courtlistener.com/docket/4963340/the-compliance-source-inc-v-greenpoint-mortgage-funding-inc/
,Forsyth,development agreement,Park Place Partners Development LLC,Bankr. S.D.N.Y.,2026-09-01,26-12100,https://www.courtlistener.com/docket/74731524/park-place-partners-development-llc/
,Forsyth,development agreement,"Southeast Development Partners, LLC v. St. Johns County, Florida",11th Cir.,2024-10-17,24-13385,https://www.courtlistener.com/docket/69522123/southeast-development-partners-llc-v-st-johns-county-florida/
,Forsyth,development agreement,"Alamo Drafthouse Cinemas Holdings, LLC",Bankr. D. Del.,2021-03-03,21-10474,https://www.courtlistener.com/docket/59699419/alamo-drafthouse-cinemas-holdings-llc/
,Forsyth,development agreement,Fieldwood Energy LLC and The Official Committee of Unsecured Creditors,Bankr. S.D. Tex.,2020-08-03,20-33948,https://www.courtlistener.com/docket/17411371/fieldwood-energy-llc-and-the-official-committee-of-unsecured-creditors/
,Forsyth,development agreement,"Anagram Holdings, LLC and Anagram International, Inc.",Bankr. S.D. Tex.,2023-11-08,23-90901,https://www.courtlistener.com/docket/67988280/anagram-holdings-llc-and-anagram-international-inc/
,Forsyth,clawback,Forsyth v. HP Inc.,N.D. Cal.,2016-08-18,5:16-cv-04775,https://www.courtlistener.com/docket/6201690/forsyth-v-hp-inc/
,Forsyth,clawback,"Institute for Fisheries Resources v. Bridgestone Americas, Inc.",N.D. Cal.,2023-11-08,3:23-cv-05748,https://www.courtlistener.com/docket/67988717/institute-for-fisheries-resources-v-bridgestone-americas-inc/
,Forsyth,clawback,"In Re: Oil Spill by the Oil Rig ""Deepwater Horizon"" in the Gulf of Mexico, on April 20, 2010",E.D. La.,2010-08-10,2:10-md-02179,https://www.courtlistener.com/docket/4510515/in-re-oil-spill-by-the-oil-rig-deepwater-horizon-in-the-gulf-of-mexico/
,Forsyth,clawback,City of Seattle v. Monsanto Company,W.D. Wash.,2016-01-25,2:16-cv-00107,https://www.courtlistener.com/docket/4411767/city-of-seattle-v-monsanto-company/
,Forsyth,clawback,Vetter v. Resnik,5th Cir.,2025-02-26,25-30108,https://www.courtlistener.com/docket/69941095/vetter-v-resnik/
,Forsyth,clawback,Negron v. Cigna Health and Life Insurance Company,D. Conn.,2016-10-13,3:16-cv-01702,https://www.courtlistener.com/docket/4552511/negron-v-cigna-health-and-life-insurance-company/
,Forsyth,clawback,"Moran Foods, LLC v. Sunshine Stores, LLC",S.D. Ohio,2024-10-17,2:24-cv-04080,https://www.courtlistener.com/docket/69274688/moran-foods-llc-v-sunshine-stores-llc/
,Forsyth,clawback,"Jien v. Perdue Farms, Inc.",D. Maryland,2019-08-30,1:19-cv-02521,https://www.courtlistener.com/docket/16146316/jien-v-perdue-farms-inc/
,Forsyth,clawback,"UMG RECORDINGS,INC. v. RCN TELECOM SERVICES, LLC",D.N.J.,2019-08-27,3:19-cv-17272,https://www.courtlistener.com/docket/16121275/umg-recordingsinc-v-rcn-telecom-services-llc/
,Forsyth,clawback,"Cooper v. Meritor, Inc.",N.D. Miss.,2016-03-16,4:16-cv-00052,https://www.courtlistener.com/docket/5452165/cooper-v-meritor-inc/
,Forsyth,clawback,"Clinger v. Edgewell Personal Care Brands, LLC",D. Conn.,2021-07-28,3:21-cv-01040,https://www.courtlistener.com/docket/60090771/clinger-v-edgewell-personal-care-brands-llc/
,Forsyth,clawback,SVB Financial Group and SVB Financial Trust,Bankr. S.D.N.Y.,2023-03-17,23-10367,https://www.courtlistener.com/docket/67026746/svb-financial-group-and-svb-financial-trust/
,Forsyth,clawback,v.,N.D. Ga.,2022-12-21,1:23-mi-99999,https://www.courtlistener.com/docket/66774464/v/
,Forsyth,clawback,"Lehman Brothers Holdings Inc. v. CITIBANK, N.A.",Bankr. S.D.N.Y.,2012-02-08,12-01044,https://www.courtlistener.com/docket/4327465/lehman-brothers-holdings-inc-v-citibank-na/
,Forsyth,clawback,"Neighborhood Networks Publishing, Inc. v. Lyles",E.D.N.C.,2019-05-03,7:19-cv-00089,https://www.courtlistener.com/docket/15052222/neighborhood-networks-publishing-inc-v-lyles/
,Forsyth,clawback,Silverman v. Baxter International Inc.,N.D. Ill.,2019-11-25,1:19-cv-07786,https://www.courtlistener.com/docket/16514158/silverman-v-baxter-international-inc/
,Forsyth,clawback,"Alliance for Open Society International, Inc. v. United States Agency for International Development",S.D.N.Y.,2005-09-23,2:05-cv-08209,https://www.courtlistener.com/docket/4333339/alliance-for-open-society-international-inc-v-united-states-agency-for/
,Forsyth,clawback,"UP Fieldgate US Investments-Fashion Square, LLC",Bankr. M.D. Fla.,2017-01-06,6:17-bk-00088,https://www.courtlistener.com/docket/4564738/up-fieldgate-us-investments-fashion-square-llc/
,Forsyth,clawback,Ho Wan Kwok,Bankr. D. Conn.,2022-02-15,22-50073,https://www.courtlistener.com/docket/63003532/ho-wan-kwok/
,Forsyth,clawback,"Bland v. Edward D. Jones & Co., L.P.",N.D. Ill.,2018-03-13,1:18-cv-01832,https://www.courtlistener.com/docket/6710915/bland-v-edward-d-jones-co-lp/
,Forsyth,recapture,United States v. Forsyth,W.D. Ark.,1990-06-12,2:90-cv-02129,https://www.courtlistener.com/docket/6120660/united-states-v-forsyth/
,Forsyth,recapture,FORSYTH MEMORIAL HOSPITAL INC v. LEAVITT,D.D.C.,2007-10-10,1:07-cv-01828,https://www.courtlistener.com/docket/4208204/forsyth-memorial-hospital-inc-v-leavitt/
,Forsyth,recapture,United States v. Parks,W.D.N.Y.,2017-12-05,1:17-cv-01262,https://www.courtlistener.com/docket/8138925/united-states-v-parks/
,Forsyth,recapture,United States v. Lee,W.D.N.Y.,2016-01-14,1:16-cv-00039,https://www.courtlistener.com/docket/5271817/united-states-v-lee/
,Forsyth,recapture,United States v. Peryea,D. Vt.,2003-03-04,1:03-cv-00069,https://www.courtlistener.com/docket/4744820/united-states-v-peryea/
,Forsyth,recapture,United States v. Jeffries,W.D.N.Y.,2005-03-31,6:05-cv-06141,https://www.courtlistener.com/docket/11913791/united-states-v-jeffries/
,Forsyth,recapture,"CULTURAL HERITAGE PARTNERS, PLLC v. TRUMP",D.D.C.,2025-11-14,1:25-cv-03969,https://www.courtlistener.com/docket/71918245/cultural-heritage-partners-pllc-v-trump/
,Forsyth,recapture,FOSTER v. RACANELLI,M.D.N.C.,2000-04-06,1:00-cv-00343,https://www.courtlistener.com/docket/18926619/foster-v-racanelli/
,Forsyth,recapture,"Panini America, Inc. v. Fanatics, Inc",M.D. Fla.,2023-08-03,8:23-cv-01721,https://www.courtlistener.com/docket/67661657/panini-america-inc-v-fanatics-inc/
,Forsyth,recapture,Robinson v. President of the Board of Supervisors for Pearl River County and its employees,S.D. Miss.,2011-06-21,1:11-cv-00245,https://www.courtlistener.com/docket/5167363/robinson-v-president-of-the-board-of-supervisors-for-pearl-river-county/
,Forsyth,recapture,Robinson v. Saucier,S.D. Miss.,2010-12-07,1:10-cv-00556,https://www.courtlistener.com/docket/5027056/robinson-v-saucier/
,Forsyth,recapture,"Superior Industries, Inc. v. Precision, Inc.",S.D. Iowa,2021-07-23,4:21-cv-00224,https://www.courtlistener.com/docket/60083032/superior-industries-inc-v-precision-inc/
,Forsyth,recapture,NEW ENGLAND DEACONESS HOSPITAL v. SEBELIUS,D.D.C.,2009-09-21,1:09-cv-01787,https://www.courtlistener.com/docket/5033639/new-england-deaconess-hospital-v-sebelius/
,Forsyth,recapture,Adelsperger v. Southern Equity Group Trust,Bankr. N.D. Ind.,2017-07-31,17-03025,https://www.courtlistener.com/docket/16734369/adelsperger-v-southern-equity-group-trust/
,Forsyth,recapture,United States v. Catalano,W.D.N.Y.,2007-01-04,1:07-cv-00004,https://www.courtlistener.com/docket/4525259/united-states-v-catalano/
,Forsyth,recapture,Walton v. NM State Land Office,10th Cir.,2014-09-18,14-2166,https://www.courtlistener.com/docket/67244088/walton-v-nm-state-land-office/
,Forsyth,recapture,"Ogeechee-Canoochee Riverkeeper, Inc. v. U.S. Army Corps of Engineers",S.D. Ga.,2006-11-13,6:06-cv-00102,https://www.courtlistener.com/docket/5057352/ogeechee-canoochee-riverkeeper-inc-v-us-army-corps-of-engineers/
,Forsyth,recapture,Safeway Inc. v. Abbott Laboratories,N.D. Cal.,2007-10-26,4:07-cv-05470,https://www.courtlistener.com/docket/4169957/safeway-inc-v-abbott-laboratories/
,Forsyth,recapture,Ogles v. Security Benefit Life Insurance Company,D. Kan.,2018-05-22,2:18-cv-02265,https://www.courtlistener.com/docket/6850820/ogles-v-security-benefit-life-insurance-company/
,Forsyth,recapture,Vetter v. Resnik,5th Cir.,2025-02-26,25-30108,https://www.courtlistener.com/docket/69941095/vetter-v-resnik/
,Fremont,tax increment,Fremont General Corporation,Bankr. C.D. Cal.,2008-06-18,8:08-bk-13421,https://www.courtlistener.com/docket/4139928/fremont-general-corporation/
,Fremont,tax increment,Citizens for a Healthy Community v. United States Bureau of Land Management,D. Colo.,2020-08-19,1:20-cv-02484,https://www.courtlistener.com/docket/17459258/citizens-for-a-healthy-community-v-united-states-bureau-of-land-management/
,Fremont,tax increment,Rethink35 v. Texas Department of Transportation (TXDOT),W.D. Tex.,2024-01-26,1:24-cv-00092,https://www.courtlistener.com/docket/68199197/rethink35-v-texas-department-of-transportation-txdot/
,Fremont,tax increment,United States v. JEMAL,D.D.C.,2005-09-27,1:05-cr-00359,https://www.courtlistener.com/docket/4203031/united-states-v-jemal/
,Fremont,tax increment,"City of Stockton, California",Bankr. E.D. Cal.,2012-06-28,12-32118,https://www.courtlistener.com/docket/4493405/city-of-stockton-california/
,Fremont,tax increment,City of San Jose v. Office of the Commissioner of Baseball,N.D. Cal.,2013-06-18,5:13-cv-02787,https://www.courtlistener.com/docket/4180136/city-of-san-jose-v-office-of-the-commissioner-of-baseball/
,Fremont,tax increment,"SECURITIES AND EXCHANGE COMMISSION v. GE FUNDING CAPITAL MARKET SERVICES, INC.",D.N.J.,2011-12-23,2:11-cv-07465,https://www.courtlistener.com/docket/12858585/securities-and-exchange-commission-v-ge-funding-capital-market-services/
,Fremont,tax increment,Emanuel Displaced Persons Association 2 v. City of Portland,D. Or.,2022-12-08,3:22-cv-01896,https://www.courtlistener.com/docket/66621889/emanuel-displaced-persons-association-2-v-city-of-portland/
,Fremont,tax increment,"General Growth Properties, Inc.",Bankr. S.D.N.Y.,2009-04-16,09-11977,https://www.courtlistener.com/docket/4326798/general-growth-properties-inc/
,Fremont,tax increment,Ward v. Shad,D. Minnesota,2018-07-11,0:18-cv-01933,https://www.courtlistener.com/docket/7447098/ward-v-shad/
,Fremont,tax increment,Cooke v. City of Stockton,E.D. Cal.,2014-04-12,2:14-cv-00908,https://www.courtlistener.com/docket/5954799/cooke-v-city-of-stockton/
,Fremont,tax increment,In Re: National Prescription Opiate Litigation,N.D. Ohio,2022-11-04,1:17-md-02804,https://www.courtlistener.com/docket/6240169/in-re-national-prescription-opiate-litigation/
,Fremont,tax increment,Independent Living Center of Southern California v. City of Los Angeles California,C.D. Cal.,2012-01-13,2:12-cv-00551,https://www.courtlistener.com/docket/4148055/independent-living-center-of-southern-california-v-city-of-los-angeles/
,Fremont,tax increment,Second Amendment Arms v. City of Chicago,N.D. Ill.,2010-07-09,1:10-cv-04257,https://www.courtlistener.com/docket/4259571/second-amendment-arms-v-city-of-chicago/
,Fremont,tax increment,"United National Maintenance, Inc. v. San Diego Convention Center Corporation, Inc",S.D. Cal.,2007-11-13,3:07-cv-02172,https://www.courtlistener.com/docket/4184343/united-national-maintenance-inc-v-san-diego-convention-center/
,Fremont,tax increment,"Neighbors Legacy Holdings, Inc. and NHS Emergency Centers, LLC",Bankr. S.D. Tex.,2018-07-12,18-33836,https://www.courtlistener.com/docket/7416863/neighbors-legacy-holdings-inc-and-nhs-emergency-centers-llc/
,Fremont,tax increment,LA Alliance for Human Rights v. City of Los Angeles,C.D. Cal.,2020-03-10,2:20-cv-02291,https://www.courtlistener.com/docket/16950209/la-alliance-for-human-rights-v-city-of-los-angeles/
,Fremont,tax increment,Thomson Reuters Enterprise Centre GmbH v. ROSS Intelligence Inc.,D. Del.,2020-05-06,1:20-cv-00613,https://www.courtlistener.com/docket/17131648/thomson-reuters-enterprise-centre-gmbh-v-ross-intelligence-inc/
,Fremont,abatement,Grimes v. Fremont General Corporation,S.D.N.Y.,2008-01-31,1:08-cv-01024,https://www.courtlistener.com/docket/4339747/grimes-v-fremont-general-corporation/
,Fremont,abatement,Sanchez v. Fremont Investment & Loan Company,D.N.M.,2012-05-10,2:12-cv-00500,https://www.courtlistener.com/docket/60938058/sanchez-v-fremont-investment-loan-company/
,Fremont,abatement,O'Neal v. The Board of County Commissioners of the County of Fremont,D. Colo.,2016-05-03,1:16-cv-01005,https://www.courtlistener.com/docket/13560605/oneal-v-the-board-of-county-commissioners-of-the-county-of-fremont/
,Fremont,abatement,California Homeless Union/Statewide Organizing Council v. City of Fremont,N.D. Cal.,2025-03-04,3:25-cv-02225,https://www.courtlistener.com/docket/69704676/california-homeless-unionstatewide-organizing-council-v-city-of-fremont/
,Fremont,abatement,Lewis v. Fremont Investment & Loan Corp.,S.D. Tex.,2016-05-16,3:16-cv-00133,https://www.courtlistener.com/docket/6093002/lewis-v-fremont-investment-loan-corp/
,Fremont,abatement,B.G.N. Fremont Square Ltd. v. Chang H. Chung,C.D. Cal.,2010-12-17,2:10-cv-09749,https://www.courtlistener.com/docket/5814620/bgn-fremont-square-ltd-v-chang-h-chung/
,Fremont,abatement,The Hanover Insurance Company v. Fremont Bank,N.D. Cal.,2014-04-01,4:14-cv-01519,https://www.courtlistener.com/docket/5966620/the-hanover-insurance-company-v-fremont-bank/
,Fremont,abatement,Temple of 1001 Buddhas v. City of Fremont,N.D. Cal.,2021-06-17,3:21-cv-04661,https://www.courtlistener.com/docket/59993421/temple-of-1001-buddhas-v-city-of-fremont/
,Fremont,abatement,Estate of Nana Barfi Adomako v. City of Fremont,N.D. Cal.,2017-11-01,4:17-cv-06386,https://www.courtlistener.com/docket/6308668/estate-of-nana-barfi-adomako-v-city-of-fremont/
,Fremont,abatement,Mallinckrodt plc,Bankr. D. Del.,2020-10-12,20-12522,https://www.courtlistener.com/docket/18527517/mallinckrodt-plc/
,Fremont,abatement,Roland v. Jobe,D. Colo.,2002-11-04,1:02-cv-02098,https://www.courtlistener.com/docket/4196330/roland-v-jobe/
,Fremont,abatement,Chetal v. McCarthy,N.D. Cal.,2015-06-26,3:15-cv-02990,https://www.courtlistener.com/docket/5975728/chetal-v-mccarthy/
,Fremont,abatement,"Tricolor Holdings, LLC",Bankr. N.D. Tex.,2025-09-10,25-33487,https://www.courtlistener.com/docket/71308702/tricolor-holdings-llc/
,Fremont,abatement,"Verse Two Properties, LLC v. Hanggi Manufacturing, Inc.",N.D. Cal.,2014-08-19,5:14-cv-03765,https://www.courtlistener.com/docket/5969989/verse-two-properties-llc-v-hanggi-manufacturing-inc/
,Fremont,abatement,The Idaho Republican Party v. Ysursa,D. Idaho,2008-04-11,1:08-cv-00165,https://www.courtlistener.com/docket/4817457/the-idaho-republican-party-v-ysursa/
,Fremont,abatement,"Joseph v. Northwood Group, LLc",S.D.N.Y.,2008-04-16,7:08-cv-03644,https://www.courtlistener.com/docket/4341655/joseph-v-northwood-group-llc/
,Fremont,abatement,Desert Inn LLC v. Cincinnati Specialty Underwriters Insurance Company,D. Wyo.,2024-11-18,2:24-cv-00230,https://www.courtlistener.com/docket/69385179/desert-inn-llc-v-cincinnati-specialty-underwriters-insurance-company/
,Fremont,abatement,Blickenstaff v. City of Hayward,N.D. Cal.,2021-12-22,3:21-cv-09952,https://www.courtlistener.com/docket/61640365/blickenstaff-v-city-of-hayward/
,Fremont,abatement,In Re 2014 RadioShack ERISA Litigation,N.D. Tex.,2014-11-26,4:14-cv-00959,https://www.courtlistener.com/docket/4391383/in-re-2014-radioshack-erisa-litigation/
,Fremont,abatement,"W.R. Grace & Co., et al.",Bankr. D. Del.,2001-04-02,01-01139,https://www.courtlistener.com/docket/4216072/wr-grace-co-et-al/
,Fremont,development agreement,Chetal v. McCarthy,N.D. Cal.,2015-06-26,3:15-cv-02990,https://www.courtlistener.com/docket/5975728/chetal-v-mccarthy/
,Fremont,development agreement,Gordon v. The City of Las Vegas,D. Nev.,2022-09-06,2:22-cv-01446,https://www.courtlistener.com/docket/64959293/gordon-v-the-city-of-las-vegas/
,Fremont,development agreement,Calpine Corporation,Bankr. S.D.N.Y.,2005-12-20,05-60200,https://www.courtlistener.com/docket/4326650/calpine-corporation/
,Fremont,development agreement,"Gotion, Inc. v. Green Charter Township",W.D. Mich.,2024-03-15,1:24-cv-00275,https://www.courtlistener.com/docket/68346015/gotion-inc-v-green-charter-township/
,Fremont,development agreement,"Rational Solutions, LLC v. Think Surgical, Inc.",N.D. Cal.,2019-01-25,3:19-cv-00457,https://www.courtlistener.com/docket/14609087/rational-solutions-llc-v-think-surgical-inc/
,Fremont,development agreement,"Rembrandt 3D Holding, Ltd. v. Stream TV Network, Inc.",S.D.N.Y.,2017-02-06,1:17-cv-00882,https://www.courtlistener.com/docket/4613974/rembrandt-3d-holding-ltd-v-stream-tv-network-inc/
,Fremont,development agreement,"Workplace Technologies Research, Inc. v. Project Management Institute, Inc.",S.D. Cal.,2018-08-20,3:18-cv-01927,https://www.courtlistener.com/docket/14738172/workplace-technologies-research-inc-v-project-management-institute-inc/
,Fremont,development agreement,"Conexant Systems, Inc.",Bankr. D. Del.,2013-02-28,13-10367,https://www.courtlistener.com/docket/4215608/conexant-systems-inc/
,Fremont,development agreement,SPRAWLDEF v. City of Richmond,N.D. Cal.,2018-06-29,4:18-cv-03918,https://www.courtlistener.com/docket/7322390/sprawldef-v-city-of-richmond/
,Fremont,development agreement,Boise Tower Assoc v. Washington Capital,D. Idaho,2003-04-02,1:03-cv-00141,https://www.courtlistener.com/docket/4667060/boise-tower-assoc-v-washington-capital/
,Fremont,development agreement,"Solyndra, LLC",Bankr. D. Del.,2011-09-06,11-12799,https://www.courtlistener.com/docket/4215535/solyndra-llc/
,Fremont,development agreement,"ViewRay, Inc.",Bankr. D. Del.,2023-07-16,23-10935,https://www.courtlistener.com/docket/67611589/viewray-inc/
,Fremont,development agreement,"Exigen (USA), Inc.",Bankr. N.D. Cal.,2013-10-17,13-32281,https://www.courtlistener.com/docket/4164836/exigen-usa-inc/
,Fremont,development agreement,EXP Pharmaceutical Services Corporation v. BestIT.com Incorporated,D. Ariz.,2015-06-29,2:15-cv-01197,https://www.courtlistener.com/docket/4134334/exp-pharmaceutical-services-corporation-v-bestitcom-incorporated/
,Fremont,development agreement,"Vitriflex, Inc.",Bankr. N.D. Cal.,2019-11-08,19-52276,https://www.courtlistener.com/docket/16449203/vitriflex-inc/
,Fremont,development agreement,Palmaz Scientific Inc.,Bankr. W.D. Tex.,2016-03-04,16-50552,https://www.courtlistener.com/docket/4399751/palmaz-scientific-inc/
,Fremont,development agreement,"Zola Electric International, Ltd. v. Enphase Energy, Inc.",N.D. Cal.,2024-07-17,3:24-cv-04302,https://www.courtlistener.com/docket/68953877/zola-electric-international-ltd-v-enphase-energy-inc/
,Fremont,development agreement,"DJT Properties, LLC v. Rockford, City of",W.D. Mich.,2021-02-25,1:21-cv-00182,https://www.courtlistener.com/docket/59687868/djt-properties-llc-v-rockford-city-of/
,Fremont,development agreement,"Achaogen, Inc.",Bankr. D. Del.,2019-04-15,19-10844,https://www.courtlistener.com/docket/14933974/achaogen-inc/
,Fremont,development agreement,"Main St Properties LLC v. City of Bellevue, Nebraska",D. Neb.,2020-07-13,8:20-cv-00278,https://www.courtlistener.com/docket/17344040/main-st-properties-llc-v-city-of-bellevue-nebraska/
,Fremont,clawback,"General Growth Properties, Inc.",Bankr. S.D.N.Y.,2009-04-16,09-11977,https://www.courtlistener.com/docket/4326798/general-growth-properties-inc/
,Fremont,clawback,"Professional Financial Investors, Inc.",Bankr. N.D. Cal.,2020-07-26,20-30604,https://www.courtlistener.com/docket/17383156/professional-financial-investors-inc/
,Fremont,clawback,"Securities and Exchange Commission v. Wells Real Estate Investment, LLC",S.D. Fla.,2024-08-12,9:24-cv-80980,https://www.courtlistener.com/docket/69059542/securities-and-exchange-commission-v-wells-real-estate-investment-llc/
,Fremont,clawback,AbbVie Inc. v. Boehringer Ingelheim International GMBH,D. Del.,2017-08-02,1:17-cv-01065,https://www.courtlistener.com/docket/6250386/abbvie-inc-v-boehringer-ingelheim-international-gmbh/
,Fremont,clawback,IN RE: Hotel Industry Sex Trafficking Litigation,J.P.M.L.,2019-12-09,MDL No. 2928,https://www.courtlistener.com/docket/17279848/in-re-hotel-industry-sex-trafficking-litigation/
,Fremont,clawback,Macartney v. Seiler LLP,D. Conn.,2023-01-27,3:23-cv-00111,https://www.courtlistener.com/docket/66767070/macartney-v-seiler-llp/
,Fremont,clawback,(PC) Coleman v. Newsom,E.D. Cal.,1990-04-23,2:90-cv-00520,https://www.courtlistener.com/docket/4161512/pc-coleman-v-newsom/
,Fremont,clawback,"Savient Pharmaceuticals, Inc.",Bankr. D. Del.,2013-10-14,13-12680,https://www.courtlistener.com/docket/4215663/savient-pharmaceuticals-inc/
,Fremont,clawback,"Nationwide Judgment Recovery, Inc. v. Ha",Bankr. N.D. Ga.,2021-03-08,21-05027,https://www.courtlistener.com/docket/59712721/nationwide-judgment-recovery-inc-v-ha/
,Fremont,clawback,"Vitality Health Plan of California, Inc.",Bankr. C.D. Cal.,2020-12-18,2:20-bk-21041,https://www.courtlistener.com/docket/18760110/vitality-health-plan-of-california-inc/
,Fremont,clawback,Lai Kim Ha,Bankr. N.D. Ga.,2020-11-27,20-72124,https://www.courtlistener.com/docket/18695014/lai-kim-ha/
,Fremont,clawback,"BAMC Development Holding, LLC v. Larry Hyman",11th Cir.,2025-03-28,25-11006,https://www.courtlistener.com/docket/72385516/bamc-development-holding-llc-v-larry-hyman/
,Fremont,clawback,Klein v. Musk,D. Del.,2019-02-11,1:19-cv-00298,https://www.courtlistener.com/docket/14691369/klein-v-musk/
,Fremont,clawback,"Residential Capital, LLC",Bankr. S.D.N.Y.,2012-05-14,12-12020,https://www.courtlistener.com/docket/4327483/residential-capital-llc/
,Fremont,clawback,United States v. Holmes,N.D. Cal.,2018-06-14,5:18-cr-00258,https://www.courtlistener.com/docket/7185174/united-states-v-holmes/
,Fremont,clawback,Meland v. Weber,E.D. Cal.,2019-11-13,2:19-cv-02288,https://www.courtlistener.com/docket/16474389/meland-v-weber/
,Fremont,clawback,Wiand v. Adamek,M.D. Fla.,2021-02-13,8:21-cv-00360,https://www.courtlistener.com/docket/59252031/wiand-v-adamek/
,Fremont,clawback,"Celsius Network LLC, et al.",Bankr. S.D.N.Y.,2022-07-13,22-10964,https://www.courtlistener.com/docket/63590715/celsius-network-llc-et-al/
,Fremont,clawback,"National Federation of the Blind of California v. Uber Technologies, Inc.",N.D. Cal.,2014-09-09,3:14-cv-04086,https://www.courtlistener.com/docket/4181199/national-federation-of-the-blind-of-california-v-uber-technologies-inc/
,Fremont,clawback,In Re: National Prescription Opiate Litigation,N.D. Ohio,2022-11-04,1:17-md-02804,https://www.courtlistener.com/docket/6240169/in-re-national-prescription-opiate-litigation/
,Fremont,recapture,Fremont General Corporation,Bankr. C.D. Cal.,2008-06-18,8:08-bk-13421,https://www.courtlistener.com/docket/4139928/fremont-general-corporation/
,Fremont,recapture,New York State Teachers' Retirement Systems v. Fremont General Corporation,C.D. Cal.,2007-09-04,2:07-cv-05756,https://www.courtlistener.com/docket/4143784/new-york-state-teachers-retirement-systems-v-fremont-general-corporation/
,Fremont,recapture,Fire & Casualty Ins v. Trustmark Ins Co,D. Conn.,2003-06-05,3:03-cv-01000,https://www.courtlistener.com/docket/4846725/fire-casualty-ins-v-trustmark-ins-co/
,Fremont,recapture,United States v. Weppler,S.D. Iowa,2018-02-20,1:18-cv-00007,https://www.courtlistener.com/docket/6310302/united-states-v-weppler/
,Fremont,recapture,Metaxas v. Gateway Bank F.S.B.,N.D. Cal.,2020-02-17,3:20-cv-01184,https://www.courtlistener.com/docket/16853369/metaxas-v-gateway-bank-fsb/
,Fremont,recapture,United States v. Percoco,S.D.N.Y.,2016-11-22,1:16-cr-00776,https://www.courtlistener.com/docket/4545051/united-states-v-percoco/
,Fremont,recapture,Melvyn Klein v. Stephen H. Gordon,C.D. Cal.,2017-01-24,8:17-cv-00123,https://www.courtlistener.com/docket/6256222/melvyn-klein-v-stephen-h-gordon/
,Fremont,recapture,Melvyn Klein v. Stephen H. Gordon,C.D. Cal.,2017-01-24,2:17-cv-00568,https://www.courtlistener.com/docket/54842732/melvyn-klein-v-stephen-h-gordon/
,Fremont,recapture,United States v. Baxter,D. Neb.,2018-11-19,8:18-cv-00542,https://www.courtlistener.com/docket/8209741/united-states-v-baxter/
,Fremont,recapture,Ferreira v. City of East Prov,D.R.I.,2005-02-22,1:05-cv-00073,https://www.courtlistener.com/docket/4380652/ferreira-v-city-of-east-prov/
,Fremont,recapture,CITY OF PHILADELPHIA v. BURGUM,E.D. Pa.,2026-01-22,2:26-cv-00434,https://www.courtlistener.com/docket/72178941/city-of-philadelphia-v-burgum/
,Fremont,recapture,"United States v. Adam Keith Tucker Farms, LLC",D. Idaho,2018-10-19,4:18-cv-00459,https://www.courtlistener.com/docket/8053915/united-states-v-adam-keith-tucker-farms-llc/
,Fremont,recapture,Alecto Healthcare Services LLC,Bankr. D. Del.,2023-06-16,23-10787,https://www.courtlistener.com/docket/67508068/alecto-healthcare-services-llc/
,Fremont,recapture,Garfield County v. Biden,D. Utah,2022-08-24,4:22-cv-00059,https://www.courtlistener.com/docket/64918862/garfield-county-v-biden/
,Fremont,recapture,Kanawi v. Bechtel Corporation,N.D. Cal.,2006-09-11,3:06-cv-05566,https://www.courtlistener.com/docket/4166240/kanawi-v-bechtel-corporation/
,Fremont,recapture,Richard A. Gray,Bankr. D. Md.,2019-05-20,19-16819,https://www.courtlistener.com/docket/15646450/richard-a-gray/
,Fremont,recapture,PATRICIA G. OLSON,Bankr. D. Nev.,2017-01-30,17-50081,https://www.courtlistener.com/docket/6325583/patricia-g-olson/
,Fremont,recapture,Motors Liquidation Company,Bankr. S.D.N.Y.,2009-06-01,09-50026,https://www.courtlistener.com/docket/4327513/motors-liquidation-company/
,Fremont,recapture,United States v. Fuqua,C.D. Ill.,2006-03-09,2:06-cv-02045,https://www.courtlistener.com/docket/4247956/united-states-v-fuqua/
,Fremont,recapture,"New Century TRS Holdings, Inc.",Bankr. D. Del.,2007-04-02,07-10416,https://www.courtlistener.com/docket/4499197/new-century-trs-holdings-inc/
,Fulton,tax increment,FULTON v. CITY OF PHILADELPHIA,E.D. Pa.,2018-05-17,2:18-cv-02075,https://www.courtlistener.com/docket/6761127/fulton-v-city-of-philadelphia/
,Fulton,tax increment,"Lake Forest Real Estate Investors, LLC v. Village of Lincolnwood, Illinois, The",N.D. Ill.,2019-04-03,1:19-cv-02263,https://www.courtlistener.com/docket/14867027/lake-forest-real-estate-investors-llc-v-village-of-lincolnwood-illinois/
,Fulton,tax increment,"V820Jackson, LLC",Bankr. N.D. Ill.,2025-05-12,25-07228,https://www.courtlistener.com/docket/70243578/v820jackson-llc/
,Fulton,tax increment,"City of Stockton, California",Bankr. E.D. Cal.,2012-06-28,12-32118,https://www.courtlistener.com/docket/4493405/city-of-stockton-california/
,Fulton,tax increment,"National Ventures Macon, LLC v. Bleakly Advisory Group, Inc.",M.D. Ga.,2006-03-17,5:06-cv-00086,https://www.courtlistener.com/docket/4874860/national-ventures-macon-llc-v-bleakly-advisory-group-inc/
,Fulton,tax increment,National Association for the Advancement of Colored People v. Reeves,S.D. Miss.,2023-04-21,3:23-cv-00272,https://www.courtlistener.com/docket/67255237/national-association-for-the-advancement-of-colored-people-v-reeves/
,Fulton,tax increment,City of San Jose v. Office of the Commissioner of Baseball,N.D. Cal.,2013-06-18,5:13-cv-02787,https://www.courtlistener.com/docket/4180136/city-of-san-jose-v-office-of-the-commissioner-of-baseball/
,Fulton,tax increment,Kentucky v. Yellen,E.D. Ky.,2021-04-06,3:21-cv-00017,https://www.courtlistener.com/docket/59801933/kentucky-v-yellen/
,Fulton,tax increment,"METROPOLITAN WASHINGTON CHAPTER, ASSOCIATED BUILDERS AND CONTRACTORS, INC. v. DISTRICT OF COLUMBIA",D.D.C.,2012-05-25,1:12-cv-00853,https://www.courtlistener.com/docket/5102017/metropolitan-washington-chapter-associated-builders-and-contractors-inc/
,Fulton,tax increment,Cooke v. City of Stockton,E.D. Cal.,2014-04-12,2:14-cv-00908,https://www.courtlistener.com/docket/5954799/cooke-v-city-of-stockton/
,Fulton,tax increment,Second Amendment Arms v. City of Chicago,N.D. Ill.,2010-07-09,1:10-cv-04257,https://www.courtlistener.com/docket/4259571/second-amendment-arms-v-city-of-chicago/
,Fulton,tax increment,Blick v. Ann Arbor Public School District,E.D. Mich.,2019-07-20,2:19-cv-12127,https://www.courtlistener.com/docket/15945750/blick-v-ann-arbor-public-school-district/
,Fulton,tax increment,Sizmek Inc.,Bankr. S.D.N.Y.,2019-03-29,19-10971,https://www.courtlistener.com/docket/14841259/sizmek-inc/
,Fulton,tax increment,Citizens for a Healthy Community v. United States Bureau of Land Management,D. Colo.,2020-08-19,1:20-cv-02484,https://www.courtlistener.com/docket/17459258/citizens-for-a-healthy-community-v-united-states-bureau-of-land-management/
,Fulton,tax increment,United States v. Keith Moore,4th Cir.,2024-04-12,24-4201,https://www.courtlistener.com/docket/68431799/united-states-v-keith-moore/
,Fulton,tax increment,"General Growth Properties, Inc.",Bankr. S.D.N.Y.,2009-04-16,09-11977,https://www.courtlistener.com/docket/4326798/general-growth-properties-inc/
,Fulton,tax increment,Veasey v. Abbott,S.D. Tex.,2013-06-26,2:13-cv-00193,https://www.courtlistener.com/docket/4393299/veasey-v-abbott/
,Fulton,tax increment,Agera Energy LLC,Bankr. S.D.N.Y.,2019-10-04,19-23802,https://www.courtlistener.com/docket/16292324/agera-energy-llc/
,Fulton,tax increment,United States v. Mosby,D. Maryland,2022-01-13,1:22-cr-00007,https://www.courtlistener.com/docket/62594728/united-states-v-mosby/
,Fulton,tax increment,Banks v. Cotter Corporation,E.D. Mo.,2020-09-10,4:20-cv-01227,https://www.courtlistener.com/docket/18426082/banks-v-cotter-corporation/
,Fulton,abatement,"Fulton v. Nissan North America, Inc.",S.D. Tex.,2022-02-01,2:22-cv-00020,https://www.courtlistener.com/docket/62643038/fulton-v-nissan-north-america-inc/
,Fulton,abatement,"Younge v. Fulton Judicial Circuit District Attorney's Office, Georgia",N.D. Ga.,2020-02-13,1:20-cv-00684,https://www.courtlistener.com/docket/44189406/younge-v-fulton-judicial-circuit-district-attorneys-office-georgia/
,Fulton,abatement,New York City Transit Authority v. Westfield Fulton Center LLC,S.D.N.Y.,2024-02-15,1:24-cv-01123,https://www.courtlistener.com/docket/68255543/new-york-city-transit-authority-v-westfield-fulton-center-llc/
,Fulton,abatement,Liberty Mutual v. Black & Decker re: PAS/Fulton Site,D. Mass.,2004-04-02,1:04-cv-10665,https://www.courtlistener.com/docket/4278057/liberty-mutual-v-black-decker-re-pasfulton-site/
,Fulton,abatement,Mallinckrodt plc,Bankr. D. Del.,2020-10-12,20-12522,https://www.courtlistener.com/docket/18527517/mallinckrodt-plc/
,Fulton,abatement,Johnson v. The State of Georgia,N.D. Ga.,2025-09-18,1:25-cv-05359,https://www.courtlistener.com/docket/71421175/johnson-v-the-state-of-georgia/
,Fulton,abatement,"Fulton Bank, N.A. v. Vision Property Holdings LLC",E.D. Va.,2026-07-29,1:26-cv-02325,https://www.courtlistener.com/docket/73691612/fulton-bank-na-v-vision-property-holdings-llc/
,Fulton,abatement,United States v. Roper,S.D. Ga.,2017-06-07,1:17-cr-00035,https://www.courtlistener.com/docket/6333435/united-states-v-roper/
,Fulton,abatement,"FULTON COUNTY, GA v. McKinsey & Company, Inc.",N.D. Cal.,2022-10-26,3:22-cv-06562,https://www.courtlistener.com/docket/65638656/fulton-county-ga-v-mckinsey-company-inc/
,Fulton,abatement,Oka v. Health Systems Management,N.D. Ga.,2026-03-25,1:26-cv-01623,https://www.courtlistener.com/docket/73110242/oka-v-health-systems-management/
,Fulton,abatement,Board of Commissioners of Fulton County v. Purdue Pharma L.P.,N.D. Ohio,2019-06-13,1:19-op-45440,https://www.courtlistener.com/docket/15773520/board-of-commissioners-of-fulton-county-v-purdue-pharma-lp/
,Fulton,abatement,Grosser v. Red Mango FC LLC,N.D. Tex.,2012-08-07,3:12-cv-02691,https://www.courtlistener.com/docket/13083363/grosser-v-red-mango-fc-llc/
,Fulton,abatement,In Re: South Fulton Hospita v. U.S. Bank Trust Nat',N.D. Ga.,2002-05-08,1:02-cv-01244,https://www.courtlistener.com/docket/4241587/in-re-south-fulton-hospita-v-us-bank-trust-nat/
,Fulton,abatement,Johnson v. City of Annapolis,D. Maryland,2021-05-07,1:21-cv-01120,https://www.courtlistener.com/docket/59889367/johnson-v-city-of-annapolis/
,Fulton,abatement,The State of Georgia v. Meadows,N.D. Ga.,2023-08-15,1:23-cv-03621,https://www.courtlistener.com/docket/67694389/the-state-of-georgia-v-meadows/
,Fulton,abatement,"Cape Fear Public Utility Authority v. The Chemours Company FC, LLC",E.D.N.C.,2017-10-16,7:17-cv-00195,https://www.courtlistener.com/docket/6175713/cape-fear-public-utility-authority-v-the-chemours-company-fc-llc/
,Fulton,abatement,MCQUEEN v. MORGAN,N.D. Fla.,2010-03-16,3:10-cv-00085,https://www.courtlistener.com/docket/4228662/mcqueen-v-morgan/
,Fulton,abatement,Empire NJ Consulting LLC,Bankr. E.D.N.Y.,2025-04-07,1-25-41684,https://www.courtlistener.com/docket/69852438/empire-nj-consulting-llc/
,Fulton,abatement,"W.R. Grace & Co., et al.",Bankr. D. Del.,2001-04-02,01-01139,https://www.courtlistener.com/docket/4216072/wr-grace-co-et-al/
,Fulton,abatement,COLE v. MORGAN,N.D. Fla.,2010-08-09,3:10-cv-00288,https://www.courtlistener.com/docket/4932724/cole-v-morgan/
,Fulton,development agreement,FULTON HOMES CORPORATION,Bankr. D. Ariz.,2009-01-27,2:09-bk-01298,https://www.courtlistener.com/docket/4129282/fulton-homes-corporation/
,Fulton,development agreement,"Fulton Bank, N.A. v. Monticello Woods Active Adult, LLC",E.D. Va.,2019-02-04,4:19-cv-00013,https://www.courtlistener.com/docket/18747391/fulton-bank-na-v-monticello-woods-active-adult-llc/
,Fulton,development agreement,Sears Holdings Corporation,Bankr. S.D.N.Y.,2018-10-15,18-23538,https://www.courtlistener.com/docket/8026527/sears-holdings-corporation/
,Fulton,development agreement,"Hatchworks Technologies, Inc. v. Spring Hills, LLC",N.D. Ga.,2022-08-23,1:22-cv-03390,https://www.courtlistener.com/docket/64920546/hatchworks-technologies-inc-v-spring-hills-llc/
,Fulton,development agreement,SingularDTV GmbH v. LeBeau,S.D.N.Y.,2021-11-29,1:21-cv-10130,https://www.courtlistener.com/docket/61580637/singulardtv-gmbh-v-lebeau/
,Fulton,development agreement,v.,N.D. Ga.,2022-12-21,1:23-mi-99999,https://www.courtlistener.com/docket/66774464/v/
,Fulton,development agreement,Grae v. Corrections Corporation of America,M.D. Tenn.,2016-08-23,3:16-cv-02267,https://www.courtlistener.com/docket/4530353/grae-v-corrections-corporation-of-america/
,Fulton,development agreement,"In Re: Oil Spill by the Oil Rig ""Deepwater Horizon"" in the Gulf of Mexico, on April 20, 2010",E.D. La.,2010-08-10,2:10-md-02179,https://www.courtlistener.com/docket/4510515/in-re-oil-spill-by-the-oil-rig-deepwater-horizon-in-the-gulf-of-mexico/
,Fulton,development agreement,"Hinton v. Turning Point Brands, Inc.",S.D. Fla.,2020-04-07,1:20-cv-21476,https://www.courtlistener.com/docket/17049877/hinton-v-turning-point-brands-inc/
,Fulton,development agreement,"MILLER v. CAREMINDERS HOME CARE, INC.",N.D. Ga.,2014-04-30,1:14-cv-01295,https://www.courtlistener.com/docket/5197876/miller-v-careminders-home-care-inc/
,Fulton,development agreement,"MILLER v. CAREMINDERS HOME CARE, INC.",D.N.J.,2013-09-24,3:13-cv-05678,https://www.courtlistener.com/docket/5823561/miller-v-careminders-home-care-inc/
,Fulton,development agreement,WALT DISNEY PARKS AND RESORTS US INC v. DESANTIS,N.D. Fla.,2023-04-26,4:23-cv-00163,https://www.courtlistener.com/docket/67271062/walt-disney-parks-and-resorts-us-inc-v-desantis/
,Fulton,development agreement,"Atlantic Housing Partners, L.L.L.P. v. City of Oviedo",M.D. Fla.,2009-05-05,6:09-cv-00769,https://www.courtlistener.com/docket/4927730/atlantic-housing-partners-lllp-v-city-of-oviedo/
,Fulton,development agreement,Cousins Subs Systems Inc v. Better Subs Development Inc,E.D. Wis.,2009-03-27,2:09-cv-00336,https://www.courtlistener.com/docket/4412591/cousins-subs-systems-inc-v-better-subs-development-inc/
,Fulton,development agreement,HUSTAD INVESTMENT CORPORATION,Bankr. D. Minn.,2013-02-20,13-40789,https://www.courtlistener.com/docket/4294282/hustad-investment-corporation/
,Fulton,development agreement,"Implicit, LLC v. NETSCOUT Systems, Inc.",E.D. Tex.,2018-03-08,2:18-cv-00053,https://www.courtlistener.com/docket/6896611/implicit-llc-v-netscout-systems-inc/
,Fulton,development agreement,"Missouri Franchise Development Systems, L.L.C. v. McCord",S.D. Ill.,2007-02-02,3:07-cv-00099,https://www.courtlistener.com/docket/4821357/missouri-franchise-development-systems-llc-v-mccord/
,Fulton,development agreement,"Master Mind Music, Inc. v. Block Enterprises, LLC",N.D. Ga.,2012-01-17,1:12-cv-00162,https://www.courtlistener.com/docket/5113074/master-mind-music-inc-v-block-enterprises-llc/
,Fulton,development agreement,"Cherokee Nation Businesses LLC v. Arkansas, State of",E.D. Ark.,2024-11-08,4:24-cv-00969,https://www.courtlistener.com/docket/69360154/cherokee-nation-businesses-llc-v-arkansas-state-of/
,Fulton,development agreement,McDonald's Corporation v. Vanderbilt Atlantic Holdings LLC,E.D.N.Y,2019-11-15,1:19-cv-06471,https://www.courtlistener.com/docket/16474285/mcdonalds-corporation-v-vanderbilt-atlantic-holdings-llc/
,Fulton,clawback,Fulton v. City of New York,E.D.N.Y,2020-01-07,1:20-cv-00144,https://www.courtlistener.com/docket/16665536/fulton-v-city-of-new-york/
,Fulton,clawback,Fulton County Employees' Retirement System v. Blankfein,S.D.N.Y.,2019-02-19,1:19-cv-01562,https://www.courtlistener.com/docket/14560658/fulton-county-employees-retirement-system-v-blankfein/
,Fulton,clawback,Trowbridge v. Dollar Tree Stores Inc.,E.D. Cal.,2012-01-13,2:12-cv-00704,https://www.courtlistener.com/docket/5902136/trowbridge-v-dollar-tree-stores-inc/
,Fulton,clawback,Guilfoyle v. Dollar Tree Stores Inc.,E.D. Cal.,2012-01-13,2:12-cv-00703,https://www.courtlistener.com/docket/5902135/guilfoyle-v-dollar-tree-stores-inc/
,Fulton,clawback,Allen v. Dollar Tree Stores Inc.,E.D. Cal.,2012-01-13,2:12-cv-00121,https://www.courtlistener.com/docket/5902102/allen-v-dollar-tree-stores-inc/
,Fulton,clawback,UNITED STATES OF AMERICA v. DEUTSCHE TELEKOM AG,D.D.C.,2019-07-26,1:19-cv-02232,https://www.courtlistener.com/docket/15973836/united-states-of-america-v-deutsche-telekom-ag/
,Fulton,clawback,"LIBERTY RESOURCES, INC. v. THE CITY OF PHILADELPHIA",E.D. Pa.,2019-08-26,2:19-cv-03846,https://www.courtlistener.com/docket/16109594/liberty-resources-inc-v-the-city-of-philadelphia/
,Fulton,clawback,Grae v. Corrections Corporation of America,M.D. Tenn.,2016-08-23,3:16-cv-02267,https://www.courtlistener.com/docket/4530353/grae-v-corrections-corporation-of-america/
,Fulton,clawback,Republican National Committee v. North Carolina State Board of Elections,E.D.N.C.,2024-09-23,5:24-cv-00547,https://www.courtlistener.com/docket/69188349/republican-national-committee-v-north-carolina-state-board-of-elections/
,Fulton,clawback,"In Re: Methyl Tertiary Butyl Ether (""MTBE"") Products Liability Litigation",S.D.N.Y.,2000-03-10,1:00-cv-01898,https://www.courtlistener.com/docket/4357482/in-re-methyl-tertiary-butyl-ether-mtbe-products-liability-litigation/
,Fulton,clawback,"IN RE: Realpage, Inc., Rental Software Antitrust Litigation (No. II)",M.D. Tenn.,2023-04-12,3:23-md-03071,https://www.courtlistener.com/docket/67174489/in-re-realpage-inc-rental-software-antitrust-litigation-no-ii/
,Fulton,clawback,Citizens for Consume v. Abbott Laboratories,D. Mass.,2001-12-19,1:01-cv-12257,https://www.courtlistener.com/docket/4276566/citizens-for-consume-v-abbott-laboratories/
,Fulton,clawback,"In Re: TikTok, Inc., Consumer Privacy Litigation",N.D. Ill.,2020-08-11,1:20-cv-04699,https://www.courtlistener.com/docket/17457660/in-re-tiktok-inc-consumer-privacy-litigation/
,Fulton,clawback,Jones v. Enterprise Holdings Inc,S.D. Ohio,2023-03-09,2:23-cv-00920,https://www.courtlistener.com/docket/66977291/jones-v-enterprise-holdings-inc/
,Fulton,clawback,"Securities and Exchange Commission v. Rex Venture Group, LLC",W.D.N.C.,2012-08-17,3:12-cv-00519,https://www.courtlistener.com/docket/4516928/securities-and-exchange-commission-v-rex-venture-group-llc/
,Fulton,clawback,Thimes Solutions Inc. v. TP Link USA Corporation,C.D. Cal.,2019-12-06,2:19-cv-10374,https://www.courtlistener.com/docket/16562550/thimes-solutions-inc-v-tp-link-usa-corporation/
,Fulton,clawback,Craig v. The City of New York,E.D.N.Y,2020-05-12,1:20-cv-02152,https://www.courtlistener.com/docket/17151676/craig-v-the-city-of-new-york/
,Fulton,clawback,"Siegel, Trustee of the Circuit City Stores, Inc. L v. United States Trustee Program",Bankr. E.D. Va.,2019-10-09,19-03091,https://www.courtlistener.com/docket/16313825/siegel-trustee-of-the-circuit-city-stores-inc-l-v-united-states-trustee/
,Fulton,clawback,FTX Trading Ltd.,Bankr. D. Del.,2022-11-11,22-11068,https://www.courtlistener.com/docket/65748821/ftx-trading-ltd/
,Fulton,clawback,St. Louis Police Retirement Systems v. Severson,N.D. Cal.,2012-10-01,4:12-cv-05086,https://www.courtlistener.com/docket/4179635/st-louis-police-retirement-systems-v-severson/
,Fulton,recapture,"Ping v. NO, 1 Great Wall of Fulton 168",E.D.N.Y,2016-03-14,2:16-cv-01304,https://www.courtlistener.com/docket/6384735/ping-v-no-1-great-wall-of-fulton-168/
,Fulton,recapture,In Re: South Fulton Hospita v. U.S. Bank Trust Nat',N.D. Ga.,2002-05-08,1:02-cv-01244,https://www.courtlistener.com/docket/4241587/in-re-south-fulton-hospita-v-us-bank-trust-nat/
,Fulton,recapture,Empire NJ Consulting LLC,Bankr. E.D.N.Y.,2025-04-07,1-25-41684,https://www.courtlistener.com/docket/69852438/empire-nj-consulting-llc/
,Fulton,recapture,Eldridge v. Dunn,S.D. Ala.,2015-04-13,2:15-cv-00197,https://www.courtlistener.com/docket/5188286/eldridge-v-dunn/
,Fulton,recapture,"The Andalucia Project, LLC",Bankr. C.D. Cal.,2009-09-01,1:09-bk-21502,https://www.courtlistener.com/docket/4140259/the-andalucia-project-llc/
,Fulton,recapture,United States v. Yandow,N.D.N.Y.,2019-09-16,5:19-cv-01142,https://www.courtlistener.com/docket/16202469/united-states-v-yandow/
,Fulton,recapture,Smith v. United States Government,M.D. Fla.,2022-06-16,8:22-cv-01374,https://www.courtlistener.com/docket/63399957/smith-v-united-states-government/
,Fulton,recapture,Willamette Riverkeeper v. National Marine Fisheries Service,D. Or.,2021-01-08,6:21-cv-00034,https://www.courtlistener.com/docket/29092880/willamette-riverkeeper-v-national-marine-fisheries-service/
,Fulton,recapture,Huete v. Arguello Delivery and Cargo Corporation,S.D. Fla.,2015-10-12,1:15-cv-23806,https://www.courtlistener.com/docket/4237184/huete-v-arguello-delivery-and-cargo-corporation/
,Fulton,recapture,United States v. Woodard,N.D.N.Y.,2020-01-03,1:20-cv-00001,https://www.courtlistener.com/docket/16650671/united-states-v-woodard/
,Fulton,recapture,"Great Education Partners, LLC, a Delaware limited",Bankr. N.D. Ill.,2025-04-07,25-05324,https://www.courtlistener.com/docket/69855237/great-education-partners-llc-a-delaware-limited/
,Fulton,recapture,"Carnegie Institution of Washington v. Pure Grown Diamonds, Inc.",S.D.N.Y.,2020-01-09,1:20-cv-00189,https://www.courtlistener.com/docket/16672570/carnegie-institution-of-washington-v-pure-grown-diamonds-inc/
,Fulton,recapture,United States v. Pickett,N.D.N.Y.,2019-08-09,5:19-cv-00978,https://www.courtlistener.com/docket/16038441/united-states-v-pickett/
,Fulton,recapture,"Bavaria Inn Restaurant, Inc.",Bankr.D. Colo.,2020-11-18,20-17488,https://www.courtlistener.com/docket/18643010/bavaria-inn-restaurant-inc/
,Fulton,recapture,United States v. Gayton,C.D. Ill.,2006-03-01,1:06-cv-01053,https://www.courtlistener.com/docket/4652286/united-states-v-gayton/
,Fulton,recapture,United States v. Large,W.D. Ky.,2018-02-08,5:18-cv-00024,https://www.courtlistener.com/docket/6299535/united-states-v-large/
,Fulton,recapture,v.,N.D. Ga.,2022-12-21,1:23-mi-99999,https://www.courtlistener.com/docket/66774464/v/
,Fulton,recapture,"Dominguez, Inc.",Bankr. W.D. Ky.,2015-01-16,15-30116,https://www.courtlistener.com/docket/4268508/dominguez-inc/
,Fulton,recapture,"Altra Nebraska, LLC",Bankr. D. Neb.,2009-08-13,09-42348,https://www.courtlistener.com/docket/4305715/altra-nebraska-llc/
,Fulton,recapture,United States v. Medema,N.D.N.Y.,2019-10-08,8:19-cv-01239,https://www.courtlistener.com/docket/16311010/united-states-v-medema/
