from_fips,from_name,to_fips,to_name,relation,weight,weight_basis,effective_year,source
01001,Autauga County,01001,Autauga County,identity,1.0,identity,,census_gazetteer_2026
01003,Baldwin County,01003,Baldwin County,identity,1.0,identity,,census_gazetteer_2026
01005,Barbour County,01005,Barbour County,identity,1.0,identity,,census_gazetteer_2026
01007,Bibb County,01007,Bibb County,identity,1.0,identity,,census_gazetteer_2026
01009,Blount County,01009,Blount County,identity,1.0,identity,,census_gazetteer_2026
01011,Bullock County,01011,Bullock County,identity,1.0,identity,,census_gazetteer_2026
01013,Butler County,01013,Butler County,identity,1.0,identity,,census_gazetteer_2026
01015,Calhoun County,01015,Calhoun County,identity,1.0,identity,,census_gazetteer_2026
01017,Chambers County,01017,Chambers County,identity,1.0,identity,,census_gazetteer_2026
01019,Cherokee County,01019,Cherokee County,identity,1.0,identity,,census_gazetteer_2026
01021,Chilton County,01021,Chilton County,identity,1.0,identity,,census_gazetteer_2026
01023,Choctaw County,01023,Choctaw County,identity,1.0,identity,,census_gazetteer_2026
01025,Clarke County,01025,Clarke County,identity,1.0,identity,,census_gazetteer_2026
01027,Clay County,01027,Clay County,identity,1.0,identity,,census_gazetteer_2026
01029,Cleburne County,01029,Cleburne County,identity,1.0,identity,,census_gazetteer_2026
01031,Coffee County,01031,Coffee County,identity,1.0,identity,,census_gazetteer_2026
01033,Colbert County,01033,Colbert County,identity,1.0,identity,,census_gazetteer_2026
01035,Conecuh County,01035,Conecuh County,identity,1.0,identity,,census_gazetteer_2026
01037,Coosa County,01037,Coosa County,identity,1.0,identity,,census_gazetteer_2026
01039,Covington County,01039,Covington County,identity,1.0,identity,,census_gazetteer_2026
01041,Crenshaw County,01041,Crenshaw County,identity,1.0,identity,,census_gazetteer_2026
01043,Cullman County,01043,Cullman County,identity,1.0,identity,,census_gazetteer_2026
01045,Dale County,01045,Dale County,identity,1.0,identity,,census_gazetteer_2026
01047,Dallas County,01047,Dallas County,identity,1.0,identity,,census_gazetteer_2026
01049,DeKalb County,01049,DeKalb County,identity,1.0,identity,,census_gazetteer_2026
01051,Elmore County,01051,Elmore County,identity,1.0,identity,,census_gazetteer_2026
01053,Escambia County,01053,Escambia County,identity,1.0,identity,,census_gazetteer_2026
01055,Etowah County,01055,Etowah County,identity,1.0,identity,,census_gazetteer_2026
01057,Fayette County,01057,Fayette County,identity,1.0,identity,,census_gazetteer_2026
01059,Franklin County,01059,Franklin County,identity,1.0,identity,,census_gazetteer_2026
01061,Geneva County,01061,Geneva County,identity,1.0,identity,,census_gazetteer_2026
01063,Greene County,01063,Greene County,identity,1.0,identity,,census_gazetteer_2026
01065,Hale County,01065,Hale County,identity,1.0,identity,,census_gazetteer_2026
01067,Henry County,01067,Henry County,identity,1.0,identity,,census_gazetteer_2026
01069,Houston County,01069,Houston County,identity,1.0,identity,,census_gazetteer_2026
01071,Jackson County,01071,Jackson County,identity,1.0,identity,,census_gazetteer_2026
01073,Jefferson County,01073,Jefferson County,identity,1.0,identity,,census_gazetteer_2026
01075,Lamar County,01075,Lamar County,identity,1.0,identity,,census_gazetteer_2026
01077,Lauderdale County,01077,Lauderdale County,identity,1.0,identity,,census_gazetteer_2026
01079,Lawrence County,01079,Lawrence County,identity,1.0,identity,,census_gazetteer_2026
01081,Lee County,01081,Lee County,identity,1.0,identity,,census_gazetteer_2026
01083,Limestone County,01083,Limestone County,identity,1.0,identity,,census_gazetteer_2026
01085,Lowndes County,01085,Lowndes County,identity,1.0,identity,,census_gazetteer_2026
01087,Macon County,01087,Macon County,identity,1.0,identity,,census_gazetteer_2026
01089,Madison County,01089,Madison County,identity,1.0,identity,,census_gazetteer_2026
01091,Marengo County,01091,Marengo County,identity,1.0,identity,,census_gazetteer_2026
01093,Marion County,01093,Marion County,identity,1.0,identity,,census_gazetteer_2026
01095,Marshall County,01095,Marshall County,identity,1.0,identity,,census_gazetteer_2026
01097,Mobile County,01097,Mobile County,identity,1.0,identity,,census_gazetteer_2026
01099,Monroe County,01099,Monroe County,identity,1.0,identity,,census_gazetteer_2026
01101,Montgomery County,01101,Montgomery County,identity,1.0,identity,,census_gazetteer_2026
01103,Morgan County,01103,Morgan County,identity,1.0,identity,,census_gazetteer_2026
01105,Perry County,01105,Perry County,identity,1.0,identity,,census_gazetteer_2026
01107,Pickens County,01107,Pickens County,identity,1.0,identity,,census_gazetteer_2026
01109,Pike County,01109,Pike County,identity,1.0,identity,,census_gazetteer_2026
01111,Randolph County,01111,Randolph County,identity,1.0,identity,,census_gazetteer_2026
01113,Russell County,01113,Russell County,identity,1.0,identity,,census_gazetteer_2026
01115,St. Clair County,01115,St. Clair County,identity,1.0,identity,,census_gazetteer_2026
01117,Shelby County,01117,Shelby County,identity,1.0,identity,,census_gazetteer_2026
01119,Sumter County,01119,Sumter County,identity,1.0,identity,,census_gazetteer_2026
01121,Talladega County,01121,Talladega County,identity,1.0,identity,,census_gazetteer_2026
01123,Tallapoosa County,01123,Tallapoosa County,identity,1.0,identity,,census_gazetteer_2026
01125,Tuscaloosa County,01125,Tuscaloosa County,identity,1.0,identity,,census_gazetteer_2026
01127,Walker County,01127,Walker County,identity,1.0,identity,,census_gazetteer_2026
01129,Washington County,01129,Washington County,identity,1.0,identity,,census_gazetteer_2026
01131,Wilcox County,01131,Wilcox County,identity,1.0,identity,,census_gazetteer_2026
01133,Winston County,01133,Winston County,identity,1.0,identity,,census_gazetteer_2026
02013,Aleutians East Borough,02013,Aleutians East Borough,identity,1.0,identity,,census_gazetteer_2026
02016,Aleutians West Census Area,02016,Aleutians West Census Area,identity,1.0,identity,,census_gazetteer_2026
02020,Anchorage Municipality,02020,Anchorage Municipality,identity,1.0,identity,,census_gazetteer_2026
02050,Bethel Census Area,02050,Bethel Census Area,identity,1.0,identity,,census_gazetteer_2026
02060,Bristol Bay Borough,02060,Bristol Bay Borough,identity,1.0,identity,,census_gazetteer_2026
02063,Chugach Census Area,02063,Chugach Census Area,identity,1.0,identity,,census_gazetteer_2026
02066,Copper River Census Area,02066,Copper River Census Area,identity,1.0,identity,,census_gazetteer_2026
02068,Denali Borough,02068,Denali Borough,identity,1.0,identity,,census_gazetteer_2026
02070,Dillingham Census Area,02070,Dillingham Census Area,identity,1.0,identity,,census_gazetteer_2026
02090,Fairbanks North Star Borough,02090,Fairbanks North Star Borough,identity,1.0,identity,,census_gazetteer_2026
02100,Haines Borough,02100,Haines Borough,identity,1.0,identity,,census_gazetteer_2026
02105,Hoonah-Angoon Census Area,02105,Hoonah-Angoon Census Area,identity,1.0,identity,,census_gazetteer_2026
02110,Juneau City and Borough,02110,Juneau City and Borough,identity,1.0,identity,,census_gazetteer_2026
02122,Kenai Peninsula Borough,02122,Kenai Peninsula Borough,identity,1.0,identity,,census_gazetteer_2026
02130,Ketchikan Gateway Borough,02130,Ketchikan Gateway Borough,identity,1.0,identity,,census_gazetteer_2026
02150,Kodiak Island Borough,02150,Kodiak Island Borough,identity,1.0,identity,,census_gazetteer_2026
02158,Kusilvak Census Area,02158,Kusilvak Census Area,identity,1.0,identity,,census_gazetteer_2026
02164,Lake and Peninsula Borough,02164,Lake and Peninsula Borough,identity,1.0,identity,,census_gazetteer_2026
02170,Matanuska-Susitna Borough,02170,Matanuska-Susitna Borough,identity,1.0,identity,,census_gazetteer_2026
02180,Nome Census Area,02180,Nome Census Area,identity,1.0,identity,,census_gazetteer_2026
02185,North Slope Borough,02185,North Slope Borough,identity,1.0,identity,,census_gazetteer_2026
02188,Northwest Arctic Borough,02188,Northwest Arctic Borough,identity,1.0,identity,,census_gazetteer_2026
02195,Petersburg Borough,02195,Petersburg Borough,identity,1.0,identity,,census_gazetteer_2026
02198,Prince of Wales-Hyder Census Area,02198,Prince of Wales-Hyder Census Area,identity,1.0,identity,,census_gazetteer_2026
02201,,02130,Ketchikan Gateway Borough,split,,none,2008.0,census_substantial_changes_seed
02201,,02198,Prince of Wales-Hyder Census Area,split,,none,2008.0,census_substantial_changes_seed
02220,Sitka City and Borough,02220,Sitka City and Borough,identity,1.0,identity,,census_gazetteer_2026
02230,Skagway Municipality,02230,Skagway Municipality,identity,1.0,identity,,census_gazetteer_2026
02232,,02105,Hoonah-Angoon Census Area,split,,none,2007.0,census_substantial_changes_seed
02232,,02230,Skagway Municipality,split,,none,2007.0,census_substantial_changes_seed
02240,Southeast Fairbanks Census Area,02240,Southeast Fairbanks Census Area,identity,1.0,identity,,census_gazetteer_2026
02261,,02063,Chugach Census Area,split,,none,2019.0,census_substantial_changes_seed
02261,,02066,Copper River Census Area,split,,none,2019.0,census_substantial_changes_seed
02270,,02158,Kusilvak Census Area,rename,1.0,identity,2015.0,census_substantial_changes_seed
02275,Wrangell City and Borough,02275,Wrangell City and Borough,identity,1.0,identity,,census_gazetteer_2026
02280,,02195,Petersburg Borough,split,,none,2008.0,census_substantial_changes_seed
02280,,02275,Wrangell City and Borough,split,,none,2008.0,census_substantial_changes_seed
02282,Yakutat City and Borough,02282,Yakutat City and Borough,identity,1.0,identity,,census_gazetteer_2026
02290,Yukon-Koyukuk Census Area,02290,Yukon-Koyukuk Census Area,identity,1.0,identity,,census_gazetteer_2026
04001,Apache County,04001,Apache County,identity,1.0,identity,,census_gazetteer_2026
04003,Cochise County,04003,Cochise County,identity,1.0,identity,,census_gazetteer_2026
04005,Coconino County,04005,Coconino County,identity,1.0,identity,,census_gazetteer_2026
04007,Gila County,04007,Gila County,identity,1.0,identity,,census_gazetteer_2026
04009,Graham County,04009,Graham County,identity,1.0,identity,,census_gazetteer_2026
04011,Greenlee County,04011,Greenlee County,identity,1.0,identity,,census_gazetteer_2026
04012,La Paz County,04012,La Paz County,identity,1.0,identity,,census_gazetteer_2026
04013,Maricopa County,04013,Maricopa County,identity,1.0,identity,,census_gazetteer_2026
04015,Mohave County,04015,Mohave County,identity,1.0,identity,,census_gazetteer_2026
04017,Navajo County,04017,Navajo County,identity,1.0,identity,,census_gazetteer_2026
04019,Pima County,04019,Pima County,identity,1.0,identity,,census_gazetteer_2026
04021,Pinal County,04021,Pinal County,identity,1.0,identity,,census_gazetteer_2026
04023,Santa Cruz County,04023,Santa Cruz County,identity,1.0,identity,,census_gazetteer_2026
04025,Yavapai County,04025,Yavapai County,identity,1.0,identity,,census_gazetteer_2026
04027,Yuma County,04027,Yuma County,identity,1.0,identity,,census_gazetteer_2026
05001,Arkansas County,05001,Arkansas County,identity,1.0,identity,,census_gazetteer_2026
05003,Ashley County,05003,Ashley County,identity,1.0,identity,,census_gazetteer_2026
05005,Baxter County,05005,Baxter County,identity,1.0,identity,,census_gazetteer_2026
05007,Benton County,05007,Benton County,identity,1.0,identity,,census_gazetteer_2026
05009,Boone County,05009,Boone County,identity,1.0,identity,,census_gazetteer_2026
05011,Bradley County,05011,Bradley County,identity,1.0,identity,,census_gazetteer_2026
05013,Calhoun County,05013,Calhoun County,identity,1.0,identity,,census_gazetteer_2026
05015,Carroll County,05015,Carroll County,identity,1.0,identity,,census_gazetteer_2026
05017,Chicot County,05017,Chicot County,identity,1.0,identity,,census_gazetteer_2026
05019,Clark County,05019,Clark County,identity,1.0,identity,,census_gazetteer_2026
05021,Clay County,05021,Clay County,identity,1.0,identity,,census_gazetteer_2026
05023,Cleburne County,05023,Cleburne County,identity,1.0,identity,,census_gazetteer_2026
05025,Cleveland County,05025,Cleveland County,identity,1.0,identity,,census_gazetteer_2026
05027,Columbia County,05027,Columbia County,identity,1.0,identity,,census_gazetteer_2026
05029,Conway County,05029,Conway County,identity,1.0,identity,,census_gazetteer_2026
05031,Craighead County,05031,Craighead County,identity,1.0,identity,,census_gazetteer_2026
05033,Crawford County,05033,Crawford County,identity,1.0,identity,,census_gazetteer_2026
05035,Crittenden County,05035,Crittenden County,identity,1.0,identity,,census_gazetteer_2026
05037,Cross County,05037,Cross County,identity,1.0,identity,,census_gazetteer_2026
05039,Dallas County,05039,Dallas County,identity,1.0,identity,,census_gazetteer_2026
05041,Desha County,05041,Desha County,identity,1.0,identity,,census_gazetteer_2026
05043,Drew County,05043,Drew County,identity,1.0,identity,,census_gazetteer_2026
05045,Faulkner County,05045,Faulkner County,identity,1.0,identity,,census_gazetteer_2026
05047,Franklin County,05047,Franklin County,identity,1.0,identity,,census_gazetteer_2026
05049,Fulton County,05049,Fulton County,identity,1.0,identity,,census_gazetteer_2026
05051,Garland County,05051,Garland County,identity,1.0,identity,,census_gazetteer_2026
05053,Grant County,05053,Grant County,identity,1.0,identity,,census_gazetteer_2026
05055,Greene County,05055,Greene County,identity,1.0,identity,,census_gazetteer_2026
05057,Hempstead County,05057,Hempstead County,identity,1.0,identity,,census_gazetteer_2026
05059,Hot Spring County,05059,Hot Spring County,identity,1.0,identity,,census_gazetteer_2026
05061,Howard County,05061,Howard County,identity,1.0,identity,,census_gazetteer_2026
05063,Independence County,05063,Independence County,identity,1.0,identity,,census_gazetteer_2026
05065,Izard County,05065,Izard County,identity,1.0,identity,,census_gazetteer_2026
05067,Jackson County,05067,Jackson County,identity,1.0,identity,,census_gazetteer_2026
05069,Jefferson County,05069,Jefferson County,identity,1.0,identity,,census_gazetteer_2026
05071,Johnson County,05071,Johnson County,identity,1.0,identity,,census_gazetteer_2026
05073,Lafayette County,05073,Lafayette County,identity,1.0,identity,,census_gazetteer_2026
05075,Lawrence County,05075,Lawrence County,identity,1.0,identity,,census_gazetteer_2026
05077,Lee County,05077,Lee County,identity,1.0,identity,,census_gazetteer_2026
05079,Lincoln County,05079,Lincoln County,identity,1.0,identity,,census_gazetteer_2026
05081,Little River County,05081,Little River County,identity,1.0,identity,,census_gazetteer_2026
05083,Logan County,05083,Logan County,identity,1.0,identity,,census_gazetteer_2026
05085,Lonoke County,05085,Lonoke County,identity,1.0,identity,,census_gazetteer_2026
05087,Madison County,05087,Madison County,identity,1.0,identity,,census_gazetteer_2026
05089,Marion County,05089,Marion County,identity,1.0,identity,,census_gazetteer_2026
05091,Miller County,05091,Miller County,identity,1.0,identity,,census_gazetteer_2026
05093,Mississippi County,05093,Mississippi County,identity,1.0,identity,,census_gazetteer_2026
05095,Monroe County,05095,Monroe County,identity,1.0,identity,,census_gazetteer_2026
05097,Montgomery County,05097,Montgomery County,identity,1.0,identity,,census_gazetteer_2026
05099,Nevada County,05099,Nevada County,identity,1.0,identity,,census_gazetteer_2026
05101,Newton County,05101,Newton County,identity,1.0,identity,,census_gazetteer_2026
05103,Ouachita County,05103,Ouachita County,identity,1.0,identity,,census_gazetteer_2026
05105,Perry County,05105,Perry County,identity,1.0,identity,,census_gazetteer_2026
05107,Phillips County,05107,Phillips County,identity,1.0,identity,,census_gazetteer_2026
05109,Pike County,05109,Pike County,identity,1.0,identity,,census_gazetteer_2026
05111,Poinsett County,05111,Poinsett County,identity,1.0,identity,,census_gazetteer_2026
05113,Polk County,05113,Polk County,identity,1.0,identity,,census_gazetteer_2026
05115,Pope County,05115,Pope County,identity,1.0,identity,,census_gazetteer_2026
05117,Prairie County,05117,Prairie County,identity,1.0,identity,,census_gazetteer_2026
05119,Pulaski County,05119,Pulaski County,identity,1.0,identity,,census_gazetteer_2026
05121,Randolph County,05121,Randolph County,identity,1.0,identity,,census_gazetteer_2026
05123,St. Francis County,05123,St. Francis County,identity,1.0,identity,,census_gazetteer_2026
05125,Saline County,05125,Saline County,identity,1.0,identity,,census_gazetteer_2026
05127,Scott County,05127,Scott County,identity,1.0,identity,,census_gazetteer_2026
05129,Searcy County,05129,Searcy County,identity,1.0,identity,,census_gazetteer_2026
05131,Sebastian County,05131,Sebastian County,identity,1.0,identity,,census_gazetteer_2026
05133,Sevier County,05133,Sevier County,identity,1.0,identity,,census_gazetteer_2026
05135,Sharp County,05135,Sharp County,identity,1.0,identity,,census_gazetteer_2026
05137,Stone County,05137,Stone County,identity,1.0,identity,,census_gazetteer_2026
05139,Union County,05139,Union County,identity,1.0,identity,,census_gazetteer_2026
05141,Van Buren County,05141,Van Buren County,identity,1.0,identity,,census_gazetteer_2026
05143,Washington County,05143,Washington County,identity,1.0,identity,,census_gazetteer_2026
05145,White County,05145,White County,identity,1.0,identity,,census_gazetteer_2026
05147,Woodruff County,05147,Woodruff County,identity,1.0,identity,,census_gazetteer_2026
05149,Yell County,05149,Yell County,identity,1.0,identity,,census_gazetteer_2026
06001,Alameda County,06001,Alameda County,identity,1.0,identity,,census_gazetteer_2026
06003,Alpine County,06003,Alpine County,identity,1.0,identity,,census_gazetteer_2026
06005,Amador County,06005,Amador County,identity,1.0,identity,,census_gazetteer_2026
06007,Butte County,06007,Butte County,identity,1.0,identity,,census_gazetteer_2026
06009,Calaveras County,06009,Calaveras County,identity,1.0,identity,,census_gazetteer_2026
06011,Colusa County,06011,Colusa County,identity,1.0,identity,,census_gazetteer_2026
06013,Contra Costa County,06013,Contra Costa County,identity,1.0,identity,,census_gazetteer_2026
06015,Del Norte County,06015,Del Norte County,identity,1.0,identity,,census_gazetteer_2026
06017,El Dorado County,06017,El Dorado County,identity,1.0,identity,,census_gazetteer_2026
06019,Fresno County,06019,Fresno County,identity,1.0,identity,,census_gazetteer_2026
06021,Glenn County,06021,Glenn County,identity,1.0,identity,,census_gazetteer_2026
06023,Humboldt County,06023,Humboldt County,identity,1.0,identity,,census_gazetteer_2026
06025,Imperial County,06025,Imperial County,identity,1.0,identity,,census_gazetteer_2026
06027,Inyo County,06027,Inyo County,identity,1.0,identity,,census_gazetteer_2026
06029,Kern County,06029,Kern County,identity,1.0,identity,,census_gazetteer_2026
06031,Kings County,06031,Kings County,identity,1.0,identity,,census_gazetteer_2026
06033,Lake County,06033,Lake County,identity,1.0,identity,,census_gazetteer_2026
06035,Lassen County,06035,Lassen County,identity,1.0,identity,,census_gazetteer_2026
06037,Los Angeles County,06037,Los Angeles County,identity,1.0,identity,,census_gazetteer_2026
06039,Madera County,06039,Madera County,identity,1.0,identity,,census_gazetteer_2026
06041,Marin County,06041,Marin County,identity,1.0,identity,,census_gazetteer_2026
06043,Mariposa County,06043,Mariposa County,identity,1.0,identity,,census_gazetteer_2026
06045,Mendocino County,06045,Mendocino County,identity,1.0,identity,,census_gazetteer_2026
06047,Merced County,06047,Merced County,identity,1.0,identity,,census_gazetteer_2026
06049,Modoc County,06049,Modoc County,identity,1.0,identity,,census_gazetteer_2026
06051,Mono County,06051,Mono County,identity,1.0,identity,,census_gazetteer_2026
06053,Monterey County,06053,Monterey County,identity,1.0,identity,,census_gazetteer_2026
06055,Napa County,06055,Napa County,identity,1.0,identity,,census_gazetteer_2026
06057,Nevada County,06057,Nevada County,identity,1.0,identity,,census_gazetteer_2026
06059,Orange County,06059,Orange County,identity,1.0,identity,,census_gazetteer_2026
06061,Placer County,06061,Placer County,identity,1.0,identity,,census_gazetteer_2026
06063,Plumas County,06063,Plumas County,identity,1.0,identity,,census_gazetteer_2026
06065,Riverside County,06065,Riverside County,identity,1.0,identity,,census_gazetteer_2026
06067,Sacramento County,06067,Sacramento County,identity,1.0,identity,,census_gazetteer_2026
06069,San Benito County,06069,San Benito County,identity,1.0,identity,,census_gazetteer_2026
06071,San Bernardino County,06071,San Bernardino County,identity,1.0,identity,,census_gazetteer_2026
06073,San Diego County,06073,San Diego County,identity,1.0,identity,,census_gazetteer_2026
06075,San Francisco County,06075,San Francisco County,identity,1.0,identity,,census_gazetteer_2026
06077,San Joaquin County,06077,San Joaquin County,identity,1.0,identity,,census_gazetteer_2026
06079,San Luis Obispo County,06079,San Luis Obispo County,identity,1.0,identity,,census_gazetteer_2026
06081,San Mateo County,06081,San Mateo County,identity,1.0,identity,,census_gazetteer_2026
06083,Santa Barbara County,06083,Santa Barbara County,identity,1.0,identity,,census_gazetteer_2026
06085,Santa Clara County,06085,Santa Clara County,identity,1.0,identity,,census_gazetteer_2026
06087,Santa Cruz County,06087,Santa Cruz County,identity,1.0,identity,,census_gazetteer_2026
06089,Shasta County,06089,Shasta County,identity,1.0,identity,,census_gazetteer_2026
06091,Sierra County,06091,Sierra County,identity,1.0,identity,,census_gazetteer_2026
06093,Siskiyou County,06093,Siskiyou County,identity,1.0,identity,,census_gazetteer_2026
06095,Solano County,06095,Solano County,identity,1.0,identity,,census_gazetteer_2026
06097,Sonoma County,06097,Sonoma County,identity,1.0,identity,,census_gazetteer_2026
06099,Stanislaus County,06099,Stanislaus County,identity,1.0,identity,,census_gazetteer_2026
06101,Sutter County,06101,Sutter County,identity,1.0,identity,,census_gazetteer_2026
06103,Tehama County,06103,Tehama County,identity,1.0,identity,,census_gazetteer_2026
06105,Trinity County,06105,Trinity County,identity,1.0,identity,,census_gazetteer_2026
06107,Tulare County,06107,Tulare County,identity,1.0,identity,,census_gazetteer_2026
06109,Tuolumne County,06109,Tuolumne County,identity,1.0,identity,,census_gazetteer_2026
06111,Ventura County,06111,Ventura County,identity,1.0,identity,,census_gazetteer_2026
06113,Yolo County,06113,Yolo County,identity,1.0,identity,,census_gazetteer_2026
06115,Yuba County,06115,Yuba County,identity,1.0,identity,,census_gazetteer_2026
08001,Adams County,08001,Adams County,identity,1.0,identity,,census_gazetteer_2026
08003,Alamosa County,08003,Alamosa County,identity,1.0,identity,,census_gazetteer_2026
08005,Arapahoe County,08005,Arapahoe County,identity,1.0,identity,,census_gazetteer_2026
08007,Archuleta County,08007,Archuleta County,identity,1.0,identity,,census_gazetteer_2026
08009,Baca County,08009,Baca County,identity,1.0,identity,,census_gazetteer_2026
08011,Bent County,08011,Bent County,identity,1.0,identity,,census_gazetteer_2026
08013,Boulder County,08013,Boulder County,identity,1.0,identity,,census_gazetteer_2026
08014,Broomfield County,08014,Broomfield County,identity,1.0,identity,,census_gazetteer_2026
08015,Chaffee County,08015,Chaffee County,identity,1.0,identity,,census_gazetteer_2026
08017,Cheyenne County,08017,Cheyenne County,identity,1.0,identity,,census_gazetteer_2026
08019,Clear Creek County,08019,Clear Creek County,identity,1.0,identity,,census_gazetteer_2026
08021,Conejos County,08021,Conejos County,identity,1.0,identity,,census_gazetteer_2026
08023,Costilla County,08023,Costilla County,identity,1.0,identity,,census_gazetteer_2026
08025,Crowley County,08025,Crowley County,identity,1.0,identity,,census_gazetteer_2026
08027,Custer County,08027,Custer County,identity,1.0,identity,,census_gazetteer_2026
08029,Delta County,08029,Delta County,identity,1.0,identity,,census_gazetteer_2026
08031,Denver County,08031,Denver County,identity,1.0,identity,,census_gazetteer_2026
08033,Dolores County,08033,Dolores County,identity,1.0,identity,,census_gazetteer_2026
08035,Douglas County,08035,Douglas County,identity,1.0,identity,,census_gazetteer_2026
08037,Eagle County,08037,Eagle County,identity,1.0,identity,,census_gazetteer_2026
08039,Elbert County,08039,Elbert County,identity,1.0,identity,,census_gazetteer_2026
08041,El Paso County,08041,El Paso County,identity,1.0,identity,,census_gazetteer_2026
08043,Fremont County,08043,Fremont County,identity,1.0,identity,,census_gazetteer_2026
08045,Garfield County,08045,Garfield County,identity,1.0,identity,,census_gazetteer_2026
08047,Gilpin County,08047,Gilpin County,identity,1.0,identity,,census_gazetteer_2026
08049,Grand County,08049,Grand County,identity,1.0,identity,,census_gazetteer_2026
08051,Gunnison County,08051,Gunnison County,identity,1.0,identity,,census_gazetteer_2026
08053,Hinsdale County,08053,Hinsdale County,identity,1.0,identity,,census_gazetteer_2026
08055,Huerfano County,08055,Huerfano County,identity,1.0,identity,,census_gazetteer_2026
08057,Jackson County,08057,Jackson County,identity,1.0,identity,,census_gazetteer_2026
08059,Jefferson County,08059,Jefferson County,identity,1.0,identity,,census_gazetteer_2026
08061,Kiowa County,08061,Kiowa County,identity,1.0,identity,,census_gazetteer_2026
08063,Kit Carson County,08063,Kit Carson County,identity,1.0,identity,,census_gazetteer_2026
08065,Lake County,08065,Lake County,identity,1.0,identity,,census_gazetteer_2026
08067,La Plata County,08067,La Plata County,identity,1.0,identity,,census_gazetteer_2026
08069,Larimer County,08069,Larimer County,identity,1.0,identity,,census_gazetteer_2026
08071,Las Animas County,08071,Las Animas County,identity,1.0,identity,,census_gazetteer_2026
08073,Lincoln County,08073,Lincoln County,identity,1.0,identity,,census_gazetteer_2026
08075,Logan County,08075,Logan County,identity,1.0,identity,,census_gazetteer_2026
08077,Mesa County,08077,Mesa County,identity,1.0,identity,,census_gazetteer_2026
08079,Mineral County,08079,Mineral County,identity,1.0,identity,,census_gazetteer_2026
08081,Moffat County,08081,Moffat County,identity,1.0,identity,,census_gazetteer_2026
08083,Montezuma County,08083,Montezuma County,identity,1.0,identity,,census_gazetteer_2026
08085,Montrose County,08085,Montrose County,identity,1.0,identity,,census_gazetteer_2026
08087,Morgan County,08087,Morgan County,identity,1.0,identity,,census_gazetteer_2026
08089,Otero County,08089,Otero County,identity,1.0,identity,,census_gazetteer_2026
08091,Ouray County,08091,Ouray County,identity,1.0,identity,,census_gazetteer_2026
08093,Park County,08093,Park County,identity,1.0,identity,,census_gazetteer_2026
08095,Phillips County,08095,Phillips County,identity,1.0,identity,,census_gazetteer_2026
08097,Pitkin County,08097,Pitkin County,identity,1.0,identity,,census_gazetteer_2026
08099,Prowers County,08099,Prowers County,identity,1.0,identity,,census_gazetteer_2026
08101,Pueblo County,08101,Pueblo County,identity,1.0,identity,,census_gazetteer_2026
08103,Rio Blanco County,08103,Rio Blanco County,identity,1.0,identity,,census_gazetteer_2026
08105,Rio Grande County,08105,Rio Grande County,identity,1.0,identity,,census_gazetteer_2026
08107,Routt County,08107,Routt County,identity,1.0,identity,,census_gazetteer_2026
08109,Saguache County,08109,Saguache County,identity,1.0,identity,,census_gazetteer_2026
08111,San Juan County,08111,San Juan County,identity,1.0,identity,,census_gazetteer_2026
08113,San Miguel County,08113,San Miguel County,identity,1.0,identity,,census_gazetteer_2026
08115,Sedgwick County,08115,Sedgwick County,identity,1.0,identity,,census_gazetteer_2026
08117,Summit County,08117,Summit County,identity,1.0,identity,,census_gazetteer_2026
08119,Teller County,08119,Teller County,identity,1.0,identity,,census_gazetteer_2026
08121,Washington County,08121,Washington County,identity,1.0,identity,,census_gazetteer_2026
08123,Weld County,08123,Weld County,identity,1.0,identity,,census_gazetteer_2026
08125,Yuma County,08125,Yuma County,identity,1.0,identity,,census_gazetteer_2026
09001,Fairfield County,09120,Greater Bridgeport Planning Region,ct_realign,0.224301,aland,,census_gazetteer_2020_2026_cousub
09001,Fairfield County,09140,Naugatuck Valley Planning Region,ct_realign,0.049013,aland,,census_gazetteer_2020_2026_cousub
09001,Fairfield County,09190,Western Connecticut Planning Region,ct_realign,0.726686,aland,,census_gazetteer_2020_2026_cousub
09003,Hartford County,09110,Capitol Planning Region,ct_realign,0.87876,aland,,census_gazetteer_2020_2026_cousub
09003,Hartford County,09140,Naugatuck Valley Planning Region,ct_realign,0.03593,aland,,census_gazetteer_2020_2026_cousub
09003,Hartford County,09160,Northwest Hills Planning Region,ct_realign,0.08531,aland,,census_gazetteer_2020_2026_cousub
09005,Litchfield County,09140,Naugatuck Valley Planning Region,ct_realign,0.128848,aland,,census_gazetteer_2020_2026_cousub
09005,Litchfield County,09160,Northwest Hills Planning Region,ct_realign,0.786456,aland,,census_gazetteer_2020_2026_cousub
09005,Litchfield County,09190,Western Connecticut Planning Region,ct_realign,0.084696,aland,,census_gazetteer_2020_2026_cousub
09007,Middlesex County,09130,Lower Connecticut River Valley Planning Region,ct_realign,1.0,aland,,census_gazetteer_2020_2026_cousub
09009,New Haven County,09140,Naugatuck Valley Planning Region,ct_realign,0.392345,aland,,census_gazetteer_2020_2026_cousub
09009,New Haven County,09170,South Central Connecticut Planning Region,ct_realign,0.607655,aland,,census_gazetteer_2020_2026_cousub
09011,New London County,09130,Lower Connecticut River Valley Planning Region,ct_realign,0.082414,aland,,census_gazetteer_2020_2026_cousub
09011,New London County,09150,Northeastern Connecticut Planning Region,ct_realign,0.058591,aland,,census_gazetteer_2020_2026_cousub
09011,New London County,09180,Southeastern Connecticut Planning Region,ct_realign,0.858995,aland,,census_gazetteer_2020_2026_cousub
09013,Tolland County,09110,Capitol Planning Region,ct_realign,0.929696,aland,,census_gazetteer_2020_2026_cousub
09013,Tolland County,09150,Northeastern Connecticut Planning Region,ct_realign,0.070304,aland,,census_gazetteer_2020_2026_cousub
09015,Windham County,09150,Northeastern Connecticut Planning Region,ct_realign,0.947659,aland,,census_gazetteer_2020_2026_cousub
09015,Windham County,09180,Southeastern Connecticut Planning Region,ct_realign,0.052341,aland,,census_gazetteer_2020_2026_cousub
09110,Capitol Planning Region,09110,Capitol Planning Region,identity,1.0,identity,,census_gazetteer_2026
09120,Greater Bridgeport Planning Region,09120,Greater Bridgeport Planning Region,identity,1.0,identity,,census_gazetteer_2026
09130,Lower Connecticut River Valley Planning Region,09130,Lower Connecticut River Valley Planning Region,identity,1.0,identity,,census_gazetteer_2026
09140,Naugatuck Valley Planning Region,09140,Naugatuck Valley Planning Region,identity,1.0,identity,,census_gazetteer_2026
09150,Northeastern Connecticut Planning Region,09150,Northeastern Connecticut Planning Region,identity,1.0,identity,,census_gazetteer_2026
09160,Northwest Hills Planning Region,09160,Northwest Hills Planning Region,identity,1.0,identity,,census_gazetteer_2026
09170,South Central Connecticut Planning Region,09170,South Central Connecticut Planning Region,identity,1.0,identity,,census_gazetteer_2026
09180,Southeastern Connecticut Planning Region,09180,Southeastern Connecticut Planning Region,identity,1.0,identity,,census_gazetteer_2026
09190,Western Connecticut Planning Region,09190,Western Connecticut Planning Region,identity,1.0,identity,,census_gazetteer_2026
10001,Kent County,10001,Kent County,identity,1.0,identity,,census_gazetteer_2026
10003,New Castle County,10003,New Castle County,identity,1.0,identity,,census_gazetteer_2026
10005,Sussex County,10005,Sussex County,identity,1.0,identity,,census_gazetteer_2026
11001,District of Columbia,11001,District of Columbia,identity,1.0,identity,,census_gazetteer_2026
12001,Alachua County,12001,Alachua County,identity,1.0,identity,,census_gazetteer_2026
12003,Baker County,12003,Baker County,identity,1.0,identity,,census_gazetteer_2026
12005,Bay County,12005,Bay County,identity,1.0,identity,,census_gazetteer_2026
12007,Bradford County,12007,Bradford County,identity,1.0,identity,,census_gazetteer_2026
12009,Brevard County,12009,Brevard County,identity,1.0,identity,,census_gazetteer_2026
12011,Broward County,12011,Broward County,identity,1.0,identity,,census_gazetteer_2026
12013,Calhoun County,12013,Calhoun County,identity,1.0,identity,,census_gazetteer_2026
12015,Charlotte County,12015,Charlotte County,identity,1.0,identity,,census_gazetteer_2026
12017,Citrus County,12017,Citrus County,identity,1.0,identity,,census_gazetteer_2026
12019,Clay County,12019,Clay County,identity,1.0,identity,,census_gazetteer_2026
12021,Collier County,12021,Collier County,identity,1.0,identity,,census_gazetteer_2026
12023,Columbia County,12023,Columbia County,identity,1.0,identity,,census_gazetteer_2026
12027,DeSoto County,12027,DeSoto County,identity,1.0,identity,,census_gazetteer_2026
12029,Dixie County,12029,Dixie County,identity,1.0,identity,,census_gazetteer_2026
12031,Duval County,12031,Duval County,identity,1.0,identity,,census_gazetteer_2026
12033,Escambia County,12033,Escambia County,identity,1.0,identity,,census_gazetteer_2026
12035,Flagler County,12035,Flagler County,identity,1.0,identity,,census_gazetteer_2026
12037,Franklin County,12037,Franklin County,identity,1.0,identity,,census_gazetteer_2026
12039,Gadsden County,12039,Gadsden County,identity,1.0,identity,,census_gazetteer_2026
12041,Gilchrist County,12041,Gilchrist County,identity,1.0,identity,,census_gazetteer_2026
12043,Glades County,12043,Glades County,identity,1.0,identity,,census_gazetteer_2026
12045,Gulf County,12045,Gulf County,identity,1.0,identity,,census_gazetteer_2026
12047,Hamilton County,12047,Hamilton County,identity,1.0,identity,,census_gazetteer_2026
12049,Hardee County,12049,Hardee County,identity,1.0,identity,,census_gazetteer_2026
12051,Hendry County,12051,Hendry County,identity,1.0,identity,,census_gazetteer_2026
12053,Hernando County,12053,Hernando County,identity,1.0,identity,,census_gazetteer_2026
12055,Highlands County,12055,Highlands County,identity,1.0,identity,,census_gazetteer_2026
12057,Hillsborough County,12057,Hillsborough County,identity,1.0,identity,,census_gazetteer_2026
12059,Holmes County,12059,Holmes County,identity,1.0,identity,,census_gazetteer_2026
12061,Indian River County,12061,Indian River County,identity,1.0,identity,,census_gazetteer_2026
12063,Jackson County,12063,Jackson County,identity,1.0,identity,,census_gazetteer_2026
12065,Jefferson County,12065,Jefferson County,identity,1.0,identity,,census_gazetteer_2026
12067,Lafayette County,12067,Lafayette County,identity,1.0,identity,,census_gazetteer_2026
12069,Lake County,12069,Lake County,identity,1.0,identity,,census_gazetteer_2026
12071,Lee County,12071,Lee County,identity,1.0,identity,,census_gazetteer_2026
12073,Leon County,12073,Leon County,identity,1.0,identity,,census_gazetteer_2026
12075,Levy County,12075,Levy County,identity,1.0,identity,,census_gazetteer_2026
12077,Liberty County,12077,Liberty County,identity,1.0,identity,,census_gazetteer_2026
12079,Madison County,12079,Madison County,identity,1.0,identity,,census_gazetteer_2026
12081,Manatee County,12081,Manatee County,identity,1.0,identity,,census_gazetteer_2026
12083,Marion County,12083,Marion County,identity,1.0,identity,,census_gazetteer_2026
12085,Martin County,12085,Martin County,identity,1.0,identity,,census_gazetteer_2026
12086,Miami-Dade County,12086,Miami-Dade County,identity,1.0,identity,,census_gazetteer_2026
12087,Monroe County,12087,Monroe County,identity,1.0,identity,,census_gazetteer_2026
12089,Nassau County,12089,Nassau County,identity,1.0,identity,,census_gazetteer_2026
12091,Okaloosa County,12091,Okaloosa County,identity,1.0,identity,,census_gazetteer_2026
12093,Okeechobee County,12093,Okeechobee County,identity,1.0,identity,,census_gazetteer_2026
12095,Orange County,12095,Orange County,identity,1.0,identity,,census_gazetteer_2026
12097,Osceola County,12097,Osceola County,identity,1.0,identity,,census_gazetteer_2026
12099,Palm Beach County,12099,Palm Beach County,identity,1.0,identity,,census_gazetteer_2026
12101,Pasco County,12101,Pasco County,identity,1.0,identity,,census_gazetteer_2026
12103,Pinellas County,12103,Pinellas County,identity,1.0,identity,,census_gazetteer_2026
12105,Polk County,12105,Polk County,identity,1.0,identity,,census_gazetteer_2026
12107,Putnam County,12107,Putnam County,identity,1.0,identity,,census_gazetteer_2026
12109,St. Johns County,12109,St. Johns County,identity,1.0,identity,,census_gazetteer_2026
12111,St. Lucie County,12111,St. Lucie County,identity,1.0,identity,,census_gazetteer_2026
12113,Santa Rosa County,12113,Santa Rosa County,identity,1.0,identity,,census_gazetteer_2026
12115,Sarasota County,12115,Sarasota County,identity,1.0,identity,,census_gazetteer_2026
12117,Seminole County,12117,Seminole County,identity,1.0,identity,,census_gazetteer_2026
12119,Sumter County,12119,Sumter County,identity,1.0,identity,,census_gazetteer_2026
12121,Suwannee County,12121,Suwannee County,identity,1.0,identity,,census_gazetteer_2026
12123,Taylor County,12123,Taylor County,identity,1.0,identity,,census_gazetteer_2026
12125,Union County,12125,Union County,identity,1.0,identity,,census_gazetteer_2026
12127,Volusia County,12127,Volusia County,identity,1.0,identity,,census_gazetteer_2026
12129,Wakulla County,12129,Wakulla County,identity,1.0,identity,,census_gazetteer_2026
12131,Walton County,12131,Walton County,identity,1.0,identity,,census_gazetteer_2026
12133,Washington County,12133,Washington County,identity,1.0,identity,,census_gazetteer_2026
13001,Appling County,13001,Appling County,identity,1.0,identity,,census_gazetteer_2026
13003,Atkinson County,13003,Atkinson County,identity,1.0,identity,,census_gazetteer_2026
13005,Bacon County,13005,Bacon County,identity,1.0,identity,,census_gazetteer_2026
13007,Baker County,13007,Baker County,identity,1.0,identity,,census_gazetteer_2026
13009,Baldwin County,13009,Baldwin County,identity,1.0,identity,,census_gazetteer_2026
13011,Banks County,13011,Banks County,identity,1.0,identity,,census_gazetteer_2026
13013,Barrow County,13013,Barrow County,identity,1.0,identity,,census_gazetteer_2026
13015,Bartow County,13015,Bartow County,identity,1.0,identity,,census_gazetteer_2026
13017,Ben Hill County,13017,Ben Hill County,identity,1.0,identity,,census_gazetteer_2026
13019,Berrien County,13019,Berrien County,identity,1.0,identity,,census_gazetteer_2026
13021,Bibb County,13021,Bibb County,identity,1.0,identity,,census_gazetteer_2026
13023,Bleckley County,13023,Bleckley County,identity,1.0,identity,,census_gazetteer_2026
13025,Brantley County,13025,Brantley County,identity,1.0,identity,,census_gazetteer_2026
13027,Brooks County,13027,Brooks County,identity,1.0,identity,,census_gazetteer_2026
13029,Bryan County,13029,Bryan County,identity,1.0,identity,,census_gazetteer_2026
13031,Bulloch County,13031,Bulloch County,identity,1.0,identity,,census_gazetteer_2026
13033,Burke County,13033,Burke County,identity,1.0,identity,,census_gazetteer_2026
13035,Butts County,13035,Butts County,identity,1.0,identity,,census_gazetteer_2026
13037,Calhoun County,13037,Calhoun County,identity,1.0,identity,,census_gazetteer_2026
13039,Camden County,13039,Camden County,identity,1.0,identity,,census_gazetteer_2026
13043,Candler County,13043,Candler County,identity,1.0,identity,,census_gazetteer_2026
13045,Carroll County,13045,Carroll County,identity,1.0,identity,,census_gazetteer_2026
13047,Catoosa County,13047,Catoosa County,identity,1.0,identity,,census_gazetteer_2026
13049,Charlton County,13049,Charlton County,identity,1.0,identity,,census_gazetteer_2026
13051,Chatham County,13051,Chatham County,identity,1.0,identity,,census_gazetteer_2026
13053,Chattahoochee County,13053,Chattahoochee County,identity,1.0,identity,,census_gazetteer_2026
13055,Chattooga County,13055,Chattooga County,identity,1.0,identity,,census_gazetteer_2026
13057,Cherokee County,13057,Cherokee County,identity,1.0,identity,,census_gazetteer_2026
13059,Clarke County,13059,Clarke County,identity,1.0,identity,,census_gazetteer_2026
13061,Clay County,13061,Clay County,identity,1.0,identity,,census_gazetteer_2026
13063,Clayton County,13063,Clayton County,identity,1.0,identity,,census_gazetteer_2026
13065,Clinch County,13065,Clinch County,identity,1.0,identity,,census_gazetteer_2026
13067,Cobb County,13067,Cobb County,identity,1.0,identity,,census_gazetteer_2026
13069,Coffee County,13069,Coffee County,identity,1.0,identity,,census_gazetteer_2026
13071,Colquitt County,13071,Colquitt County,identity,1.0,identity,,census_gazetteer_2026
13073,Columbia County,13073,Columbia County,identity,1.0,identity,,census_gazetteer_2026
13075,Cook County,13075,Cook County,identity,1.0,identity,,census_gazetteer_2026
13077,Coweta County,13077,Coweta County,identity,1.0,identity,,census_gazetteer_2026
13079,Crawford County,13079,Crawford County,identity,1.0,identity,,census_gazetteer_2026
13081,Crisp County,13081,Crisp County,identity,1.0,identity,,census_gazetteer_2026
13083,Dade County,13083,Dade County,identity,1.0,identity,,census_gazetteer_2026
13085,Dawson County,13085,Dawson County,identity,1.0,identity,,census_gazetteer_2026
13087,Decatur County,13087,Decatur County,identity,1.0,identity,,census_gazetteer_2026
13089,DeKalb County,13089,DeKalb County,identity,1.0,identity,,census_gazetteer_2026
13091,Dodge County,13091,Dodge County,identity,1.0,identity,,census_gazetteer_2026
13093,Dooly County,13093,Dooly County,identity,1.0,identity,,census_gazetteer_2026
13095,Dougherty County,13095,Dougherty County,identity,1.0,identity,,census_gazetteer_2026
13097,Douglas County,13097,Douglas County,identity,1.0,identity,,census_gazetteer_2026
13099,Early County,13099,Early County,identity,1.0,identity,,census_gazetteer_2026
13101,Echols County,13101,Echols County,identity,1.0,identity,,census_gazetteer_2026
13103,Effingham County,13103,Effingham County,identity,1.0,identity,,census_gazetteer_2026
13105,Elbert County,13105,Elbert County,identity,1.0,identity,,census_gazetteer_2026
13107,Emanuel County,13107,Emanuel County,identity,1.0,identity,,census_gazetteer_2026
13109,Evans County,13109,Evans County,identity,1.0,identity,,census_gazetteer_2026
13111,Fannin County,13111,Fannin County,identity,1.0,identity,,census_gazetteer_2026
13113,Fayette County,13113,Fayette County,identity,1.0,identity,,census_gazetteer_2026
13115,Floyd County,13115,Floyd County,identity,1.0,identity,,census_gazetteer_2026
13117,Forsyth County,13117,Forsyth County,identity,1.0,identity,,census_gazetteer_2026
13119,Franklin County,13119,Franklin County,identity,1.0,identity,,census_gazetteer_2026
13121,Fulton County,13121,Fulton County,identity,1.0,identity,,census_gazetteer_2026
13123,Gilmer County,13123,Gilmer County,identity,1.0,identity,,census_gazetteer_2026
13125,Glascock County,13125,Glascock County,identity,1.0,identity,,census_gazetteer_2026
13127,Glynn County,13127,Glynn County,identity,1.0,identity,,census_gazetteer_2026
13129,Gordon County,13129,Gordon County,identity,1.0,identity,,census_gazetteer_2026
13131,Grady County,13131,Grady County,identity,1.0,identity,,census_gazetteer_2026
13133,Greene County,13133,Greene County,identity,1.0,identity,,census_gazetteer_2026
13135,Gwinnett County,13135,Gwinnett County,identity,1.0,identity,,census_gazetteer_2026
13137,Habersham County,13137,Habersham County,identity,1.0,identity,,census_gazetteer_2026
13139,Hall County,13139,Hall County,identity,1.0,identity,,census_gazetteer_2026
13141,Hancock County,13141,Hancock County,identity,1.0,identity,,census_gazetteer_2026
13143,Haralson County,13143,Haralson County,identity,1.0,identity,,census_gazetteer_2026
13145,Harris County,13145,Harris County,identity,1.0,identity,,census_gazetteer_2026
13147,Hart County,13147,Hart County,identity,1.0,identity,,census_gazetteer_2026
13149,Heard County,13149,Heard County,identity,1.0,identity,,census_gazetteer_2026
13151,Henry County,13151,Henry County,identity,1.0,identity,,census_gazetteer_2026
13153,Houston County,13153,Houston County,identity,1.0,identity,,census_gazetteer_2026
13155,Irwin County,13155,Irwin County,identity,1.0,identity,,census_gazetteer_2026
13157,Jackson County,13157,Jackson County,identity,1.0,identity,,census_gazetteer_2026
13159,Jasper County,13159,Jasper County,identity,1.0,identity,,census_gazetteer_2026
13161,Jeff Davis County,13161,Jeff Davis County,identity,1.0,identity,,census_gazetteer_2026
13163,Jefferson County,13163,Jefferson County,identity,1.0,identity,,census_gazetteer_2026
13165,Jenkins County,13165,Jenkins County,identity,1.0,identity,,census_gazetteer_2026
13167,Johnson County,13167,Johnson County,identity,1.0,identity,,census_gazetteer_2026
13169,Jones County,13169,Jones County,identity,1.0,identity,,census_gazetteer_2026
13171,Lamar County,13171,Lamar County,identity,1.0,identity,,census_gazetteer_2026
13173,Lanier County,13173,Lanier County,identity,1.0,identity,,census_gazetteer_2026
13175,Laurens County,13175,Laurens County,identity,1.0,identity,,census_gazetteer_2026
13177,Lee County,13177,Lee County,identity,1.0,identity,,census_gazetteer_2026
13179,Liberty County,13179,Liberty County,identity,1.0,identity,,census_gazetteer_2026
13181,Lincoln County,13181,Lincoln County,identity,1.0,identity,,census_gazetteer_2026
13183,Long County,13183,Long County,identity,1.0,identity,,census_gazetteer_2026
13185,Lowndes County,13185,Lowndes County,identity,1.0,identity,,census_gazetteer_2026
13187,Lumpkin County,13187,Lumpkin County,identity,1.0,identity,,census_gazetteer_2026
13189,McDuffie County,13189,McDuffie County,identity,1.0,identity,,census_gazetteer_2026
13191,McIntosh County,13191,McIntosh County,identity,1.0,identity,,census_gazetteer_2026
13193,Macon County,13193,Macon County,identity,1.0,identity,,census_gazetteer_2026
13195,Madison County,13195,Madison County,identity,1.0,identity,,census_gazetteer_2026
13197,Marion County,13197,Marion County,identity,1.0,identity,,census_gazetteer_2026
13199,Meriwether County,13199,Meriwether County,identity,1.0,identity,,census_gazetteer_2026
13201,Miller County,13201,Miller County,identity,1.0,identity,,census_gazetteer_2026
13205,Mitchell County,13205,Mitchell County,identity,1.0,identity,,census_gazetteer_2026
13207,Monroe County,13207,Monroe County,identity,1.0,identity,,census_gazetteer_2026
13209,Montgomery County,13209,Montgomery County,identity,1.0,identity,,census_gazetteer_2026
13211,Morgan County,13211,Morgan County,identity,1.0,identity,,census_gazetteer_2026
13213,Murray County,13213,Murray County,identity,1.0,identity,,census_gazetteer_2026
13215,Muscogee County,13215,Muscogee County,identity,1.0,identity,,census_gazetteer_2026
13217,Newton County,13217,Newton County,identity,1.0,identity,,census_gazetteer_2026
13219,Oconee County,13219,Oconee County,identity,1.0,identity,,census_gazetteer_2026
13221,Oglethorpe County,13221,Oglethorpe County,identity,1.0,identity,,census_gazetteer_2026
13223,Paulding County,13223,Paulding County,identity,1.0,identity,,census_gazetteer_2026
13225,Peach County,13225,Peach County,identity,1.0,identity,,census_gazetteer_2026
13227,Pickens County,13227,Pickens County,identity,1.0,identity,,census_gazetteer_2026
13229,Pierce County,13229,Pierce County,identity,1.0,identity,,census_gazetteer_2026
13231,Pike County,13231,Pike County,identity,1.0,identity,,census_gazetteer_2026
13233,Polk County,13233,Polk County,identity,1.0,identity,,census_gazetteer_2026
13235,Pulaski County,13235,Pulaski County,identity,1.0,identity,,census_gazetteer_2026
13237,Putnam County,13237,Putnam County,identity,1.0,identity,,census_gazetteer_2026
13239,Quitman County,13239,Quitman County,identity,1.0,identity,,census_gazetteer_2026
13241,Rabun County,13241,Rabun County,identity,1.0,identity,,census_gazetteer_2026
13243,Randolph County,13243,Randolph County,identity,1.0,identity,,census_gazetteer_2026
13245,Richmond County,13245,Richmond County,identity,1.0,identity,,census_gazetteer_2026
13247,Rockdale County,13247,Rockdale County,identity,1.0,identity,,census_gazetteer_2026
13249,Schley County,13249,Schley County,identity,1.0,identity,,census_gazetteer_2026
13251,Screven County,13251,Screven County,identity,1.0,identity,,census_gazetteer_2026
13253,Seminole County,13253,Seminole County,identity,1.0,identity,,census_gazetteer_2026
13255,Spalding County,13255,Spalding County,identity,1.0,identity,,census_gazetteer_2026
13257,Stephens County,13257,Stephens County,identity,1.0,identity,,census_gazetteer_2026
13259,Stewart County,13259,Stewart County,identity,1.0,identity,,census_gazetteer_2026
13261,Sumter County,13261,Sumter County,identity,1.0,identity,,census_gazetteer_2026
13263,Talbot County,13263,Talbot County,identity,1.0,identity,,census_gazetteer_2026
13265,Taliaferro County,13265,Taliaferro County,identity,1.0,identity,,census_gazetteer_2026
13267,Tattnall County,13267,Tattnall County,identity,1.0,identity,,census_gazetteer_2026
13269,Taylor County,13269,Taylor County,identity,1.0,identity,,census_gazetteer_2026
13271,Telfair County,13271,Telfair County,identity,1.0,identity,,census_gazetteer_2026
13273,Terrell County,13273,Terrell County,identity,1.0,identity,,census_gazetteer_2026
13275,Thomas County,13275,Thomas County,identity,1.0,identity,,census_gazetteer_2026
13277,Tift County,13277,Tift County,identity,1.0,identity,,census_gazetteer_2026
13279,Toombs County,13279,Toombs County,identity,1.0,identity,,census_gazetteer_2026
13281,Towns County,13281,Towns County,identity,1.0,identity,,census_gazetteer_2026
13283,Treutlen County,13283,Treutlen County,identity,1.0,identity,,census_gazetteer_2026
13285,Troup County,13285,Troup County,identity,1.0,identity,,census_gazetteer_2026
13287,Turner County,13287,Turner County,identity,1.0,identity,,census_gazetteer_2026
13289,Twiggs County,13289,Twiggs County,identity,1.0,identity,,census_gazetteer_2026
13291,Union County,13291,Union County,identity,1.0,identity,,census_gazetteer_2026
13293,Upson County,13293,Upson County,identity,1.0,identity,,census_gazetteer_2026
13295,Walker County,13295,Walker County,identity,1.0,identity,,census_gazetteer_2026
13297,Walton County,13297,Walton County,identity,1.0,identity,,census_gazetteer_2026
13299,Ware County,13299,Ware County,identity,1.0,identity,,census_gazetteer_2026
13301,Warren County,13301,Warren County,identity,1.0,identity,,census_gazetteer_2026
13303,Washington County,13303,Washington County,identity,1.0,identity,,census_gazetteer_2026
13305,Wayne County,13305,Wayne County,identity,1.0,identity,,census_gazetteer_2026
13307,Webster County,13307,Webster County,identity,1.0,identity,,census_gazetteer_2026
13309,Wheeler County,13309,Wheeler County,identity,1.0,identity,,census_gazetteer_2026
13311,White County,13311,White County,identity,1.0,identity,,census_gazetteer_2026
13313,Whitfield County,13313,Whitfield County,identity,1.0,identity,,census_gazetteer_2026
13315,Wilcox County,13315,Wilcox County,identity,1.0,identity,,census_gazetteer_2026
13317,Wilkes County,13317,Wilkes County,identity,1.0,identity,,census_gazetteer_2026
13319,Wilkinson County,13319,Wilkinson County,identity,1.0,identity,,census_gazetteer_2026
13321,Worth County,13321,Worth County,identity,1.0,identity,,census_gazetteer_2026
15001,Hawaii County,15001,Hawaii County,identity,1.0,identity,,census_gazetteer_2026
15003,Honolulu County,15003,Honolulu County,identity,1.0,identity,,census_gazetteer_2026
15005,Kalawao County,15005,Kalawao County,identity,1.0,identity,,census_gazetteer_2026
15007,Kauai County,15007,Kauai County,identity,1.0,identity,,census_gazetteer_2026
15009,Maui County,15009,Maui County,identity,1.0,identity,,census_gazetteer_2026
16001,Ada County,16001,Ada County,identity,1.0,identity,,census_gazetteer_2026
16003,Adams County,16003,Adams County,identity,1.0,identity,,census_gazetteer_2026
16005,Bannock County,16005,Bannock County,identity,1.0,identity,,census_gazetteer_2026
16007,Bear Lake County,16007,Bear Lake County,identity,1.0,identity,,census_gazetteer_2026
16009,Benewah County,16009,Benewah County,identity,1.0,identity,,census_gazetteer_2026
16011,Bingham County,16011,Bingham County,identity,1.0,identity,,census_gazetteer_2026
16013,Blaine County,16013,Blaine County,identity,1.0,identity,,census_gazetteer_2026
16015,Boise County,16015,Boise County,identity,1.0,identity,,census_gazetteer_2026
16017,Bonner County,16017,Bonner County,identity,1.0,identity,,census_gazetteer_2026
16019,Bonneville County,16019,Bonneville County,identity,1.0,identity,,census_gazetteer_2026
16021,Boundary County,16021,Boundary County,identity,1.0,identity,,census_gazetteer_2026
16023,Butte County,16023,Butte County,identity,1.0,identity,,census_gazetteer_2026
16025,Camas County,16025,Camas County,identity,1.0,identity,,census_gazetteer_2026
16027,Canyon County,16027,Canyon County,identity,1.0,identity,,census_gazetteer_2026
16029,Caribou County,16029,Caribou County,identity,1.0,identity,,census_gazetteer_2026
16031,Cassia County,16031,Cassia County,identity,1.0,identity,,census_gazetteer_2026
16033,Clark County,16033,Clark County,identity,1.0,identity,,census_gazetteer_2026
16035,Clearwater County,16035,Clearwater County,identity,1.0,identity,,census_gazetteer_2026
16037,Custer County,16037,Custer County,identity,1.0,identity,,census_gazetteer_2026
16039,Elmore County,16039,Elmore County,identity,1.0,identity,,census_gazetteer_2026
16041,Franklin County,16041,Franklin County,identity,1.0,identity,,census_gazetteer_2026
16043,Fremont County,16043,Fremont County,identity,1.0,identity,,census_gazetteer_2026
16045,Gem County,16045,Gem County,identity,1.0,identity,,census_gazetteer_2026
16047,Gooding County,16047,Gooding County,identity,1.0,identity,,census_gazetteer_2026
16049,Idaho County,16049,Idaho County,identity,1.0,identity,,census_gazetteer_2026
16051,Jefferson County,16051,Jefferson County,identity,1.0,identity,,census_gazetteer_2026
16053,Jerome County,16053,Jerome County,identity,1.0,identity,,census_gazetteer_2026
16055,Kootenai County,16055,Kootenai County,identity,1.0,identity,,census_gazetteer_2026
16057,Latah County,16057,Latah County,identity,1.0,identity,,census_gazetteer_2026
16059,Lemhi County,16059,Lemhi County,identity,1.0,identity,,census_gazetteer_2026
16061,Lewis County,16061,Lewis County,identity,1.0,identity,,census_gazetteer_2026
16063,Lincoln County,16063,Lincoln County,identity,1.0,identity,,census_gazetteer_2026
16065,Madison County,16065,Madison County,identity,1.0,identity,,census_gazetteer_2026
16067,Minidoka County,16067,Minidoka County,identity,1.0,identity,,census_gazetteer_2026
16069,Nez Perce County,16069,Nez Perce County,identity,1.0,identity,,census_gazetteer_2026
16071,Oneida County,16071,Oneida County,identity,1.0,identity,,census_gazetteer_2026
16073,Owyhee County,16073,Owyhee County,identity,1.0,identity,,census_gazetteer_2026
16075,Payette County,16075,Payette County,identity,1.0,identity,,census_gazetteer_2026
16077,Power County,16077,Power County,identity,1.0,identity,,census_gazetteer_2026
16079,Shoshone County,16079,Shoshone County,identity,1.0,identity,,census_gazetteer_2026
16081,Teton County,16081,Teton County,identity,1.0,identity,,census_gazetteer_2026
16083,Twin Falls County,16083,Twin Falls County,identity,1.0,identity,,census_gazetteer_2026
16085,Valley County,16085,Valley County,identity,1.0,identity,,census_gazetteer_2026
16087,Washington County,16087,Washington County,identity,1.0,identity,,census_gazetteer_2026
17001,Adams County,17001,Adams County,identity,1.0,identity,,census_gazetteer_2026
17003,Alexander County,17003,Alexander County,identity,1.0,identity,,census_gazetteer_2026
17005,Bond County,17005,Bond County,identity,1.0,identity,,census_gazetteer_2026
17007,Boone County,17007,Boone County,identity,1.0,identity,,census_gazetteer_2026
17009,Brown County,17009,Brown County,identity,1.0,identity,,census_gazetteer_2026
17011,Bureau County,17011,Bureau County,identity,1.0,identity,,census_gazetteer_2026
17013,Calhoun County,17013,Calhoun County,identity,1.0,identity,,census_gazetteer_2026
17015,Carroll County,17015,Carroll County,identity,1.0,identity,,census_gazetteer_2026
17017,Cass County,17017,Cass County,identity,1.0,identity,,census_gazetteer_2026
17019,Champaign County,17019,Champaign County,identity,1.0,identity,,census_gazetteer_2026
17021,Christian County,17021,Christian County,identity,1.0,identity,,census_gazetteer_2026
17023,Clark County,17023,Clark County,identity,1.0,identity,,census_gazetteer_2026
17025,Clay County,17025,Clay County,identity,1.0,identity,,census_gazetteer_2026
17027,Clinton County,17027,Clinton County,identity,1.0,identity,,census_gazetteer_2026
17029,Coles County,17029,Coles County,identity,1.0,identity,,census_gazetteer_2026
17031,Cook County,17031,Cook County,identity,1.0,identity,,census_gazetteer_2026
17033,Crawford County,17033,Crawford County,identity,1.0,identity,,census_gazetteer_2026
17035,Cumberland County,17035,Cumberland County,identity,1.0,identity,,census_gazetteer_2026
17037,DeKalb County,17037,DeKalb County,identity,1.0,identity,,census_gazetteer_2026
17039,De Witt County,17039,De Witt County,identity,1.0,identity,,census_gazetteer_2026
17041,Douglas County,17041,Douglas County,identity,1.0,identity,,census_gazetteer_2026
17043,DuPage County,17043,DuPage County,identity,1.0,identity,,census_gazetteer_2026
17045,Edgar County,17045,Edgar County,identity,1.0,identity,,census_gazetteer_2026
17047,Edwards County,17047,Edwards County,identity,1.0,identity,,census_gazetteer_2026
17049,Effingham County,17049,Effingham County,identity,1.0,identity,,census_gazetteer_2026
17051,Fayette County,17051,Fayette County,identity,1.0,identity,,census_gazetteer_2026
17053,Ford County,17053,Ford County,identity,1.0,identity,,census_gazetteer_2026
17055,Franklin County,17055,Franklin County,identity,1.0,identity,,census_gazetteer_2026
17057,Fulton County,17057,Fulton County,identity,1.0,identity,,census_gazetteer_2026
17059,Gallatin County,17059,Gallatin County,identity,1.0,identity,,census_gazetteer_2026
17061,Greene County,17061,Greene County,identity,1.0,identity,,census_gazetteer_2026
17063,Grundy County,17063,Grundy County,identity,1.0,identity,,census_gazetteer_2026
17065,Hamilton County,17065,Hamilton County,identity,1.0,identity,,census_gazetteer_2026
17067,Hancock County,17067,Hancock County,identity,1.0,identity,,census_gazetteer_2026
17069,Hardin County,17069,Hardin County,identity,1.0,identity,,census_gazetteer_2026
17071,Henderson County,17071,Henderson County,identity,1.0,identity,,census_gazetteer_2026
17073,Henry County,17073,Henry County,identity,1.0,identity,,census_gazetteer_2026
17075,Iroquois County,17075,Iroquois County,identity,1.0,identity,,census_gazetteer_2026
17077,Jackson County,17077,Jackson County,identity,1.0,identity,,census_gazetteer_2026
17079,Jasper County,17079,Jasper County,identity,1.0,identity,,census_gazetteer_2026
17081,Jefferson County,17081,Jefferson County,identity,1.0,identity,,census_gazetteer_2026
17083,Jersey County,17083,Jersey County,identity,1.0,identity,,census_gazetteer_2026
17085,Jo Daviess County,17085,Jo Daviess County,identity,1.0,identity,,census_gazetteer_2026
17087,Johnson County,17087,Johnson County,identity,1.0,identity,,census_gazetteer_2026
17089,Kane County,17089,Kane County,identity,1.0,identity,,census_gazetteer_2026
17091,Kankakee County,17091,Kankakee County,identity,1.0,identity,,census_gazetteer_2026
17093,Kendall County,17093,Kendall County,identity,1.0,identity,,census_gazetteer_2026
17095,Knox County,17095,Knox County,identity,1.0,identity,,census_gazetteer_2026
17097,Lake County,17097,Lake County,identity,1.0,identity,,census_gazetteer_2026
17099,LaSalle County,17099,LaSalle County,identity,1.0,identity,,census_gazetteer_2026
17101,Lawrence County,17101,Lawrence County,identity,1.0,identity,,census_gazetteer_2026
17103,Lee County,17103,Lee County,identity,1.0,identity,,census_gazetteer_2026
17105,Livingston County,17105,Livingston County,identity,1.0,identity,,census_gazetteer_2026
17107,Logan County,17107,Logan County,identity,1.0,identity,,census_gazetteer_2026
17109,McDonough County,17109,McDonough County,identity,1.0,identity,,census_gazetteer_2026
17111,McHenry County,17111,McHenry County,identity,1.0,identity,,census_gazetteer_2026
17113,McLean County,17113,McLean County,identity,1.0,identity,,census_gazetteer_2026
17115,Macon County,17115,Macon County,identity,1.0,identity,,census_gazetteer_2026
17117,Macoupin County,17117,Macoupin County,identity,1.0,identity,,census_gazetteer_2026
17119,Madison County,17119,Madison County,identity,1.0,identity,,census_gazetteer_2026
17121,Marion County,17121,Marion County,identity,1.0,identity,,census_gazetteer_2026
17123,Marshall County,17123,Marshall County,identity,1.0,identity,,census_gazetteer_2026
17125,Mason County,17125,Mason County,identity,1.0,identity,,census_gazetteer_2026
17127,Massac County,17127,Massac County,identity,1.0,identity,,census_gazetteer_2026
17129,Menard County,17129,Menard County,identity,1.0,identity,,census_gazetteer_2026
17131,Mercer County,17131,Mercer County,identity,1.0,identity,,census_gazetteer_2026
17133,Monroe County,17133,Monroe County,identity,1.0,identity,,census_gazetteer_2026
17135,Montgomery County,17135,Montgomery County,identity,1.0,identity,,census_gazetteer_2026
17137,Morgan County,17137,Morgan County,identity,1.0,identity,,census_gazetteer_2026
17139,Moultrie County,17139,Moultrie County,identity,1.0,identity,,census_gazetteer_2026
17141,Ogle County,17141,Ogle County,identity,1.0,identity,,census_gazetteer_2026
17143,Peoria County,17143,Peoria County,identity,1.0,identity,,census_gazetteer_2026
17145,Perry County,17145,Perry County,identity,1.0,identity,,census_gazetteer_2026
17147,Piatt County,17147,Piatt County,identity,1.0,identity,,census_gazetteer_2026
17149,Pike County,17149,Pike County,identity,1.0,identity,,census_gazetteer_2026
17151,Pope County,17151,Pope County,identity,1.0,identity,,census_gazetteer_2026
17153,Pulaski County,17153,Pulaski County,identity,1.0,identity,,census_gazetteer_2026
17155,Putnam County,17155,Putnam County,identity,1.0,identity,,census_gazetteer_2026
17157,Randolph County,17157,Randolph County,identity,1.0,identity,,census_gazetteer_2026
17159,Richland County,17159,Richland County,identity,1.0,identity,,census_gazetteer_2026
17161,Rock Island County,17161,Rock Island County,identity,1.0,identity,,census_gazetteer_2026
17163,St. Clair County,17163,St. Clair County,identity,1.0,identity,,census_gazetteer_2026
17165,Saline County,17165,Saline County,identity,1.0,identity,,census_gazetteer_2026
17167,Sangamon County,17167,Sangamon County,identity,1.0,identity,,census_gazetteer_2026
17169,Schuyler County,17169,Schuyler County,identity,1.0,identity,,census_gazetteer_2026
17171,Scott County,17171,Scott County,identity,1.0,identity,,census_gazetteer_2026
17173,Shelby County,17173,Shelby County,identity,1.0,identity,,census_gazetteer_2026
17175,Stark County,17175,Stark County,identity,1.0,identity,,census_gazetteer_2026
17177,Stephenson County,17177,Stephenson County,identity,1.0,identity,,census_gazetteer_2026
17179,Tazewell County,17179,Tazewell County,identity,1.0,identity,,census_gazetteer_2026
17181,Union County,17181,Union County,identity,1.0,identity,,census_gazetteer_2026
17183,Vermilion County,17183,Vermilion County,identity,1.0,identity,,census_gazetteer_2026
17185,Wabash County,17185,Wabash County,identity,1.0,identity,,census_gazetteer_2026
17187,Warren County,17187,Warren County,identity,1.0,identity,,census_gazetteer_2026
17189,Washington County,17189,Washington County,identity,1.0,identity,,census_gazetteer_2026
17191,Wayne County,17191,Wayne County,identity,1.0,identity,,census_gazetteer_2026
17193,White County,17193,White County,identity,1.0,identity,,census_gazetteer_2026
17195,Whiteside County,17195,Whiteside County,identity,1.0,identity,,census_gazetteer_2026
17197,Will County,17197,Will County,identity,1.0,identity,,census_gazetteer_2026
17199,Williamson County,17199,Williamson County,identity,1.0,identity,,census_gazetteer_2026
17201,Winnebago County,17201,Winnebago County,identity,1.0,identity,,census_gazetteer_2026
17203,Woodford County,17203,Woodford County,identity,1.0,identity,,census_gazetteer_2026
18001,Adams County,18001,Adams County,identity,1.0,identity,,census_gazetteer_2026
18003,Allen County,18003,Allen County,identity,1.0,identity,,census_gazetteer_2026
18005,Bartholomew County,18005,Bartholomew County,identity,1.0,identity,,census_gazetteer_2026
18007,Benton County,18007,Benton County,identity,1.0,identity,,census_gazetteer_2026
18009,Blackford County,18009,Blackford County,identity,1.0,identity,,census_gazetteer_2026
18011,Boone County,18011,Boone County,identity,1.0,identity,,census_gazetteer_2026
18013,Brown County,18013,Brown County,identity,1.0,identity,,census_gazetteer_2026
18015,Carroll County,18015,Carroll County,identity,1.0,identity,,census_gazetteer_2026
18017,Cass County,18017,Cass County,identity,1.0,identity,,census_gazetteer_2026
18019,Clark County,18019,Clark County,identity,1.0,identity,,census_gazetteer_2026
18021,Clay County,18021,Clay County,identity,1.0,identity,,census_gazetteer_2026
18023,Clinton County,18023,Clinton County,identity,1.0,identity,,census_gazetteer_2026
18025,Crawford County,18025,Crawford County,identity,1.0,identity,,census_gazetteer_2026
18027,Daviess County,18027,Daviess County,identity,1.0,identity,,census_gazetteer_2026
18029,Dearborn County,18029,Dearborn County,identity,1.0,identity,,census_gazetteer_2026
18031,Decatur County,18031,Decatur County,identity,1.0,identity,,census_gazetteer_2026
18033,DeKalb County,18033,DeKalb County,identity,1.0,identity,,census_gazetteer_2026
18035,Delaware County,18035,Delaware County,identity,1.0,identity,,census_gazetteer_2026
18037,Dubois County,18037,Dubois County,identity,1.0,identity,,census_gazetteer_2026
18039,Elkhart County,18039,Elkhart County,identity,1.0,identity,,census_gazetteer_2026
18041,Fayette County,18041,Fayette County,identity,1.0,identity,,census_gazetteer_2026
18043,Floyd County,18043,Floyd County,identity,1.0,identity,,census_gazetteer_2026
18045,Fountain County,18045,Fountain County,identity,1.0,identity,,census_gazetteer_2026
18047,Franklin County,18047,Franklin County,identity,1.0,identity,,census_gazetteer_2026
18049,Fulton County,18049,Fulton County,identity,1.0,identity,,census_gazetteer_2026
18051,Gibson County,18051,Gibson County,identity,1.0,identity,,census_gazetteer_2026
18053,Grant County,18053,Grant County,identity,1.0,identity,,census_gazetteer_2026
18055,Greene County,18055,Greene County,identity,1.0,identity,,census_gazetteer_2026
18057,Hamilton County,18057,Hamilton County,identity,1.0,identity,,census_gazetteer_2026
18059,Hancock County,18059,Hancock County,identity,1.0,identity,,census_gazetteer_2026
18061,Harrison County,18061,Harrison County,identity,1.0,identity,,census_gazetteer_2026
18063,Hendricks County,18063,Hendricks County,identity,1.0,identity,,census_gazetteer_2026
18065,Henry County,18065,Henry County,identity,1.0,identity,,census_gazetteer_2026
18067,Howard County,18067,Howard County,identity,1.0,identity,,census_gazetteer_2026
18069,Huntington County,18069,Huntington County,identity,1.0,identity,,census_gazetteer_2026
18071,Jackson County,18071,Jackson County,identity,1.0,identity,,census_gazetteer_2026
18073,Jasper County,18073,Jasper County,identity,1.0,identity,,census_gazetteer_2026
18075,Jay County,18075,Jay County,identity,1.0,identity,,census_gazetteer_2026
18077,Jefferson County,18077,Jefferson County,identity,1.0,identity,,census_gazetteer_2026
18079,Jennings County,18079,Jennings County,identity,1.0,identity,,census_gazetteer_2026
18081,Johnson County,18081,Johnson County,identity,1.0,identity,,census_gazetteer_2026
18083,Knox County,18083,Knox County,identity,1.0,identity,,census_gazetteer_2026
18085,Kosciusko County,18085,Kosciusko County,identity,1.0,identity,,census_gazetteer_2026
18087,LaGrange County,18087,LaGrange County,identity,1.0,identity,,census_gazetteer_2026
18089,Lake County,18089,Lake County,identity,1.0,identity,,census_gazetteer_2026
18091,LaPorte County,18091,LaPorte County,identity,1.0,identity,,census_gazetteer_2026
18093,Lawrence County,18093,Lawrence County,identity,1.0,identity,,census_gazetteer_2026
18095,Madison County,18095,Madison County,identity,1.0,identity,,census_gazetteer_2026
18097,Marion County,18097,Marion County,identity,1.0,identity,,census_gazetteer_2026
18099,Marshall County,18099,Marshall County,identity,1.0,identity,,census_gazetteer_2026
18101,Martin County,18101,Martin County,identity,1.0,identity,,census_gazetteer_2026
18103,Miami County,18103,Miami County,identity,1.0,identity,,census_gazetteer_2026
18105,Monroe County,18105,Monroe County,identity,1.0,identity,,census_gazetteer_2026
18107,Montgomery County,18107,Montgomery County,identity,1.0,identity,,census_gazetteer_2026
18109,Morgan County,18109,Morgan County,identity,1.0,identity,,census_gazetteer_2026
18111,Newton County,18111,Newton County,identity,1.0,identity,,census_gazetteer_2026
18113,Noble County,18113,Noble County,identity,1.0,identity,,census_gazetteer_2026
18115,Ohio County,18115,Ohio County,identity,1.0,identity,,census_gazetteer_2026
18117,Orange County,18117,Orange County,identity,1.0,identity,,census_gazetteer_2026
18119,Owen County,18119,Owen County,identity,1.0,identity,,census_gazetteer_2026
18121,Parke County,18121,Parke County,identity,1.0,identity,,census_gazetteer_2026
18123,Perry County,18123,Perry County,identity,1.0,identity,,census_gazetteer_2026
18125,Pike County,18125,Pike County,identity,1.0,identity,,census_gazetteer_2026
18127,Porter County,18127,Porter County,identity,1.0,identity,,census_gazetteer_2026
18129,Posey County,18129,Posey County,identity,1.0,identity,,census_gazetteer_2026
18131,Pulaski County,18131,Pulaski County,identity,1.0,identity,,census_gazetteer_2026
18133,Putnam County,18133,Putnam County,identity,1.0,identity,,census_gazetteer_2026
18135,Randolph County,18135,Randolph County,identity,1.0,identity,,census_gazetteer_2026
18137,Ripley County,18137,Ripley County,identity,1.0,identity,,census_gazetteer_2026
18139,Rush County,18139,Rush County,identity,1.0,identity,,census_gazetteer_2026
18141,St. Joseph County,18141,St. Joseph County,identity,1.0,identity,,census_gazetteer_2026
18143,Scott County,18143,Scott County,identity,1.0,identity,,census_gazetteer_2026
18145,Shelby County,18145,Shelby County,identity,1.0,identity,,census_gazetteer_2026
18147,Spencer County,18147,Spencer County,identity,1.0,identity,,census_gazetteer_2026
18149,Starke County,18149,Starke County,identity,1.0,identity,,census_gazetteer_2026
18151,Steuben County,18151,Steuben County,identity,1.0,identity,,census_gazetteer_2026
18153,Sullivan County,18153,Sullivan County,identity,1.0,identity,,census_gazetteer_2026
18155,Switzerland County,18155,Switzerland County,identity,1.0,identity,,census_gazetteer_2026
18157,Tippecanoe County,18157,Tippecanoe County,identity,1.0,identity,,census_gazetteer_2026
18159,Tipton County,18159,Tipton County,identity,1.0,identity,,census_gazetteer_2026
18161,Union County,18161,Union County,identity,1.0,identity,,census_gazetteer_2026
18163,Vanderburgh County,18163,Vanderburgh County,identity,1.0,identity,,census_gazetteer_2026
18165,Vermillion County,18165,Vermillion County,identity,1.0,identity,,census_gazetteer_2026
18167,Vigo County,18167,Vigo County,identity,1.0,identity,,census_gazetteer_2026
18169,Wabash County,18169,Wabash County,identity,1.0,identity,,census_gazetteer_2026
18171,Warren County,18171,Warren County,identity,1.0,identity,,census_gazetteer_2026
18173,Warrick County,18173,Warrick County,identity,1.0,identity,,census_gazetteer_2026
18175,Washington County,18175,Washington County,identity,1.0,identity,,census_gazetteer_2026
18177,Wayne County,18177,Wayne County,identity,1.0,identity,,census_gazetteer_2026
18179,Wells County,18179,Wells County,identity,1.0,identity,,census_gazetteer_2026
18181,White County,18181,White County,identity,1.0,identity,,census_gazetteer_2026
18183,Whitley County,18183,Whitley County,identity,1.0,identity,,census_gazetteer_2026
19001,Adair County,19001,Adair County,identity,1.0,identity,,census_gazetteer_2026
19003,Adams County,19003,Adams County,identity,1.0,identity,,census_gazetteer_2026
19005,Allamakee County,19005,Allamakee County,identity,1.0,identity,,census_gazetteer_2026
19007,Appanoose County,19007,Appanoose County,identity,1.0,identity,,census_gazetteer_2026
19009,Audubon County,19009,Audubon County,identity,1.0,identity,,census_gazetteer_2026
19011,Benton County,19011,Benton County,identity,1.0,identity,,census_gazetteer_2026
19013,Black Hawk County,19013,Black Hawk County,identity,1.0,identity,,census_gazetteer_2026
19015,Boone County,19015,Boone County,identity,1.0,identity,,census_gazetteer_2026
19017,Bremer County,19017,Bremer County,identity,1.0,identity,,census_gazetteer_2026
19019,Buchanan County,19019,Buchanan County,identity,1.0,identity,,census_gazetteer_2026
19021,Buena Vista County,19021,Buena Vista County,identity,1.0,identity,,census_gazetteer_2026
19023,Butler County,19023,Butler County,identity,1.0,identity,,census_gazetteer_2026
19025,Calhoun County,19025,Calhoun County,identity,1.0,identity,,census_gazetteer_2026
19027,Carroll County,19027,Carroll County,identity,1.0,identity,,census_gazetteer_2026
19029,Cass County,19029,Cass County,identity,1.0,identity,,census_gazetteer_2026
19031,Cedar County,19031,Cedar County,identity,1.0,identity,,census_gazetteer_2026
19033,Cerro Gordo County,19033,Cerro Gordo County,identity,1.0,identity,,census_gazetteer_2026
19035,Cherokee County,19035,Cherokee County,identity,1.0,identity,,census_gazetteer_2026
19037,Chickasaw County,19037,Chickasaw County,identity,1.0,identity,,census_gazetteer_2026
19039,Clarke County,19039,Clarke County,identity,1.0,identity,,census_gazetteer_2026
19041,Clay County,19041,Clay County,identity,1.0,identity,,census_gazetteer_2026
19043,Clayton County,19043,Clayton County,identity,1.0,identity,,census_gazetteer_2026
19045,Clinton County,19045,Clinton County,identity,1.0,identity,,census_gazetteer_2026
19047,Crawford County,19047,Crawford County,identity,1.0,identity,,census_gazetteer_2026
19049,Dallas County,19049,Dallas County,identity,1.0,identity,,census_gazetteer_2026
19051,Davis County,19051,Davis County,identity,1.0,identity,,census_gazetteer_2026
19053,Decatur County,19053,Decatur County,identity,1.0,identity,,census_gazetteer_2026
19055,Delaware County,19055,Delaware County,identity,1.0,identity,,census_gazetteer_2026
19057,Des Moines County,19057,Des Moines County,identity,1.0,identity,,census_gazetteer_2026
19059,Dickinson County,19059,Dickinson County,identity,1.0,identity,,census_gazetteer_2026
19061,Dubuque County,19061,Dubuque County,identity,1.0,identity,,census_gazetteer_2026
19063,Emmet County,19063,Emmet County,identity,1.0,identity,,census_gazetteer_2026
19065,Fayette County,19065,Fayette County,identity,1.0,identity,,census_gazetteer_2026
19067,Floyd County,19067,Floyd County,identity,1.0,identity,,census_gazetteer_2026
19069,Franklin County,19069,Franklin County,identity,1.0,identity,,census_gazetteer_2026
19071,Fremont County,19071,Fremont County,identity,1.0,identity,,census_gazetteer_2026
19073,Greene County,19073,Greene County,identity,1.0,identity,,census_gazetteer_2026
19075,Grundy County,19075,Grundy County,identity,1.0,identity,,census_gazetteer_2026
19077,Guthrie County,19077,Guthrie County,identity,1.0,identity,,census_gazetteer_2026
19079,Hamilton County,19079,Hamilton County,identity,1.0,identity,,census_gazetteer_2026
19081,Hancock County,19081,Hancock County,identity,1.0,identity,,census_gazetteer_2026
19083,Hardin County,19083,Hardin County,identity,1.0,identity,,census_gazetteer_2026
19085,Harrison County,19085,Harrison County,identity,1.0,identity,,census_gazetteer_2026
19087,Henry County,19087,Henry County,identity,1.0,identity,,census_gazetteer_2026
19089,Howard County,19089,Howard County,identity,1.0,identity,,census_gazetteer_2026
19091,Humboldt County,19091,Humboldt County,identity,1.0,identity,,census_gazetteer_2026
19093,Ida County,19093,Ida County,identity,1.0,identity,,census_gazetteer_2026
19095,Iowa County,19095,Iowa County,identity,1.0,identity,,census_gazetteer_2026
19097,Jackson County,19097,Jackson County,identity,1.0,identity,,census_gazetteer_2026
19099,Jasper County,19099,Jasper County,identity,1.0,identity,,census_gazetteer_2026
19101,Jefferson County,19101,Jefferson County,identity,1.0,identity,,census_gazetteer_2026
19103,Johnson County,19103,Johnson County,identity,1.0,identity,,census_gazetteer_2026
19105,Jones County,19105,Jones County,identity,1.0,identity,,census_gazetteer_2026
19107,Keokuk County,19107,Keokuk County,identity,1.0,identity,,census_gazetteer_2026
19109,Kossuth County,19109,Kossuth County,identity,1.0,identity,,census_gazetteer_2026
19111,Lee County,19111,Lee County,identity,1.0,identity,,census_gazetteer_2026
19113,Linn County,19113,Linn County,identity,1.0,identity,,census_gazetteer_2026
19115,Louisa County,19115,Louisa County,identity,1.0,identity,,census_gazetteer_2026
19117,Lucas County,19117,Lucas County,identity,1.0,identity,,census_gazetteer_2026
19119,Lyon County,19119,Lyon County,identity,1.0,identity,,census_gazetteer_2026
19121,Madison County,19121,Madison County,identity,1.0,identity,,census_gazetteer_2026
19123,Mahaska County,19123,Mahaska County,identity,1.0,identity,,census_gazetteer_2026
19125,Marion County,19125,Marion County,identity,1.0,identity,,census_gazetteer_2026
19127,Marshall County,19127,Marshall County,identity,1.0,identity,,census_gazetteer_2026
19129,Mills County,19129,Mills County,identity,1.0,identity,,census_gazetteer_2026
19131,Mitchell County,19131,Mitchell County,identity,1.0,identity,,census_gazetteer_2026
19133,Monona County,19133,Monona County,identity,1.0,identity,,census_gazetteer_2026
19135,Monroe County,19135,Monroe County,identity,1.0,identity,,census_gazetteer_2026
19137,Montgomery County,19137,Montgomery County,identity,1.0,identity,,census_gazetteer_2026
19139,Muscatine County,19139,Muscatine County,identity,1.0,identity,,census_gazetteer_2026
19141,O'Brien County,19141,O'Brien County,identity,1.0,identity,,census_gazetteer_2026
19143,Osceola County,19143,Osceola County,identity,1.0,identity,,census_gazetteer_2026
19145,Page County,19145,Page County,identity,1.0,identity,,census_gazetteer_2026
19147,Palo Alto County,19147,Palo Alto County,identity,1.0,identity,,census_gazetteer_2026
19149,Plymouth County,19149,Plymouth County,identity,1.0,identity,,census_gazetteer_2026
19151,Pocahontas County,19151,Pocahontas County,identity,1.0,identity,,census_gazetteer_2026
19153,Polk County,19153,Polk County,identity,1.0,identity,,census_gazetteer_2026
19155,Pottawattamie County,19155,Pottawattamie County,identity,1.0,identity,,census_gazetteer_2026
19157,Poweshiek County,19157,Poweshiek County,identity,1.0,identity,,census_gazetteer_2026
19159,Ringgold County,19159,Ringgold County,identity,1.0,identity,,census_gazetteer_2026
19161,Sac County,19161,Sac County,identity,1.0,identity,,census_gazetteer_2026
19163,Scott County,19163,Scott County,identity,1.0,identity,,census_gazetteer_2026
19165,Shelby County,19165,Shelby County,identity,1.0,identity,,census_gazetteer_2026
19167,Sioux County,19167,Sioux County,identity,1.0,identity,,census_gazetteer_2026
19169,Story County,19169,Story County,identity,1.0,identity,,census_gazetteer_2026
19171,Tama County,19171,Tama County,identity,1.0,identity,,census_gazetteer_2026
19173,Taylor County,19173,Taylor County,identity,1.0,identity,,census_gazetteer_2026
19175,Union County,19175,Union County,identity,1.0,identity,,census_gazetteer_2026
19177,Van Buren County,19177,Van Buren County,identity,1.0,identity,,census_gazetteer_2026
19179,Wapello County,19179,Wapello County,identity,1.0,identity,,census_gazetteer_2026
19181,Warren County,19181,Warren County,identity,1.0,identity,,census_gazetteer_2026
19183,Washington County,19183,Washington County,identity,1.0,identity,,census_gazetteer_2026
19185,Wayne County,19185,Wayne County,identity,1.0,identity,,census_gazetteer_2026
19187,Webster County,19187,Webster County,identity,1.0,identity,,census_gazetteer_2026
19189,Winnebago County,19189,Winnebago County,identity,1.0,identity,,census_gazetteer_2026
19191,Winneshiek County,19191,Winneshiek County,identity,1.0,identity,,census_gazetteer_2026
19193,Woodbury County,19193,Woodbury County,identity,1.0,identity,,census_gazetteer_2026
19195,Worth County,19195,Worth County,identity,1.0,identity,,census_gazetteer_2026
19197,Wright County,19197,Wright County,identity,1.0,identity,,census_gazetteer_2026
20001,Allen County,20001,Allen County,identity,1.0,identity,,census_gazetteer_2026
20003,Anderson County,20003,Anderson County,identity,1.0,identity,,census_gazetteer_2026
20005,Atchison County,20005,Atchison County,identity,1.0,identity,,census_gazetteer_2026
20007,Barber County,20007,Barber County,identity,1.0,identity,,census_gazetteer_2026
20009,Barton County,20009,Barton County,identity,1.0,identity,,census_gazetteer_2026
20011,Bourbon County,20011,Bourbon County,identity,1.0,identity,,census_gazetteer_2026
20013,Brown County,20013,Brown County,identity,1.0,identity,,census_gazetteer_2026
20015,Butler County,20015,Butler County,identity,1.0,identity,,census_gazetteer_2026
20017,Chase County,20017,Chase County,identity,1.0,identity,,census_gazetteer_2026
20019,Chautauqua County,20019,Chautauqua County,identity,1.0,identity,,census_gazetteer_2026
20021,Cherokee County,20021,Cherokee County,identity,1.0,identity,,census_gazetteer_2026
20023,Cheyenne County,20023,Cheyenne County,identity,1.0,identity,,census_gazetteer_2026
20025,Clark County,20025,Clark County,identity,1.0,identity,,census_gazetteer_2026
20027,Clay County,20027,Clay County,identity,1.0,identity,,census_gazetteer_2026
20029,Cloud County,20029,Cloud County,identity,1.0,identity,,census_gazetteer_2026
20031,Coffey County,20031,Coffey County,identity,1.0,identity,,census_gazetteer_2026
20033,Comanche County,20033,Comanche County,identity,1.0,identity,,census_gazetteer_2026
20035,Cowley County,20035,Cowley County,identity,1.0,identity,,census_gazetteer_2026
20037,Crawford County,20037,Crawford County,identity,1.0,identity,,census_gazetteer_2026
20039,Decatur County,20039,Decatur County,identity,1.0,identity,,census_gazetteer_2026
20041,Dickinson County,20041,Dickinson County,identity,1.0,identity,,census_gazetteer_2026
20043,Doniphan County,20043,Doniphan County,identity,1.0,identity,,census_gazetteer_2026
20045,Douglas County,20045,Douglas County,identity,1.0,identity,,census_gazetteer_2026
20047,Edwards County,20047,Edwards County,identity,1.0,identity,,census_gazetteer_2026
20049,Elk County,20049,Elk County,identity,1.0,identity,,census_gazetteer_2026
20051,Ellis County,20051,Ellis County,identity,1.0,identity,,census_gazetteer_2026
20053,Ellsworth County,20053,Ellsworth County,identity,1.0,identity,,census_gazetteer_2026
20055,Finney County,20055,Finney County,identity,1.0,identity,,census_gazetteer_2026
20057,Ford County,20057,Ford County,identity,1.0,identity,,census_gazetteer_2026
20059,Franklin County,20059,Franklin County,identity,1.0,identity,,census_gazetteer_2026
20061,Geary County,20061,Geary County,identity,1.0,identity,,census_gazetteer_2026
20063,Gove County,20063,Gove County,identity,1.0,identity,,census_gazetteer_2026
20065,Graham County,20065,Graham County,identity,1.0,identity,,census_gazetteer_2026
20067,Grant County,20067,Grant County,identity,1.0,identity,,census_gazetteer_2026
20069,Gray County,20069,Gray County,identity,1.0,identity,,census_gazetteer_2026
20071,Greeley County,20071,Greeley County,identity,1.0,identity,,census_gazetteer_2026
20073,Greenwood County,20073,Greenwood County,identity,1.0,identity,,census_gazetteer_2026
20075,Hamilton County,20075,Hamilton County,identity,1.0,identity,,census_gazetteer_2026
20077,Harper County,20077,Harper County,identity,1.0,identity,,census_gazetteer_2026
20079,Harvey County,20079,Harvey County,identity,1.0,identity,,census_gazetteer_2026
20081,Haskell County,20081,Haskell County,identity,1.0,identity,,census_gazetteer_2026
20083,Hodgeman County,20083,Hodgeman County,identity,1.0,identity,,census_gazetteer_2026
20085,Jackson County,20085,Jackson County,identity,1.0,identity,,census_gazetteer_2026
20087,Jefferson County,20087,Jefferson County,identity,1.0,identity,,census_gazetteer_2026
20089,Jewell County,20089,Jewell County,identity,1.0,identity,,census_gazetteer_2026
20091,Johnson County,20091,Johnson County,identity,1.0,identity,,census_gazetteer_2026
20093,Kearny County,20093,Kearny County,identity,1.0,identity,,census_gazetteer_2026
20095,Kingman County,20095,Kingman County,identity,1.0,identity,,census_gazetteer_2026
20097,Kiowa County,20097,Kiowa County,identity,1.0,identity,,census_gazetteer_2026
20099,Labette County,20099,Labette County,identity,1.0,identity,,census_gazetteer_2026
20101,Lane County,20101,Lane County,identity,1.0,identity,,census_gazetteer_2026
20103,Leavenworth County,20103,Leavenworth County,identity,1.0,identity,,census_gazetteer_2026
20105,Lincoln County,20105,Lincoln County,identity,1.0,identity,,census_gazetteer_2026
20107,Linn County,20107,Linn County,identity,1.0,identity,,census_gazetteer_2026
20109,Logan County,20109,Logan County,identity,1.0,identity,,census_gazetteer_2026
20111,Lyon County,20111,Lyon County,identity,1.0,identity,,census_gazetteer_2026
20113,McPherson County,20113,McPherson County,identity,1.0,identity,,census_gazetteer_2026
20115,Marion County,20115,Marion County,identity,1.0,identity,,census_gazetteer_2026
20117,Marshall County,20117,Marshall County,identity,1.0,identity,,census_gazetteer_2026
20119,Meade County,20119,Meade County,identity,1.0,identity,,census_gazetteer_2026
20121,Miami County,20121,Miami County,identity,1.0,identity,,census_gazetteer_2026
20123,Mitchell County,20123,Mitchell County,identity,1.0,identity,,census_gazetteer_2026
20125,Montgomery County,20125,Montgomery County,identity,1.0,identity,,census_gazetteer_2026
20127,Morris County,20127,Morris County,identity,1.0,identity,,census_gazetteer_2026
20129,Morton County,20129,Morton County,identity,1.0,identity,,census_gazetteer_2026
20131,Nemaha County,20131,Nemaha County,identity,1.0,identity,,census_gazetteer_2026
20133,Neosho County,20133,Neosho County,identity,1.0,identity,,census_gazetteer_2026
20135,Ness County,20135,Ness County,identity,1.0,identity,,census_gazetteer_2026
20137,Norton County,20137,Norton County,identity,1.0,identity,,census_gazetteer_2026
20139,Osage County,20139,Osage County,identity,1.0,identity,,census_gazetteer_2026
20141,Osborne County,20141,Osborne County,identity,1.0,identity,,census_gazetteer_2026
20143,Ottawa County,20143,Ottawa County,identity,1.0,identity,,census_gazetteer_2026
20145,Pawnee County,20145,Pawnee County,identity,1.0,identity,,census_gazetteer_2026
20147,Phillips County,20147,Phillips County,identity,1.0,identity,,census_gazetteer_2026
20149,Pottawatomie County,20149,Pottawatomie County,identity,1.0,identity,,census_gazetteer_2026
20151,Pratt County,20151,Pratt County,identity,1.0,identity,,census_gazetteer_2026
20153,Rawlins County,20153,Rawlins County,identity,1.0,identity,,census_gazetteer_2026
20155,Reno County,20155,Reno County,identity,1.0,identity,,census_gazetteer_2026
20157,Republic County,20157,Republic County,identity,1.0,identity,,census_gazetteer_2026
20159,Rice County,20159,Rice County,identity,1.0,identity,,census_gazetteer_2026
20161,Riley County,20161,Riley County,identity,1.0,identity,,census_gazetteer_2026
20163,Rooks County,20163,Rooks County,identity,1.0,identity,,census_gazetteer_2026
20165,Rush County,20165,Rush County,identity,1.0,identity,,census_gazetteer_2026
20167,Russell County,20167,Russell County,identity,1.0,identity,,census_gazetteer_2026
20169,Saline County,20169,Saline County,identity,1.0,identity,,census_gazetteer_2026
20171,Scott County,20171,Scott County,identity,1.0,identity,,census_gazetteer_2026
20173,Sedgwick County,20173,Sedgwick County,identity,1.0,identity,,census_gazetteer_2026
20175,Seward County,20175,Seward County,identity,1.0,identity,,census_gazetteer_2026
20177,Shawnee County,20177,Shawnee County,identity,1.0,identity,,census_gazetteer_2026
20179,Sheridan County,20179,Sheridan County,identity,1.0,identity,,census_gazetteer_2026
20181,Sherman County,20181,Sherman County,identity,1.0,identity,,census_gazetteer_2026
20183,Smith County,20183,Smith County,identity,1.0,identity,,census_gazetteer_2026
20185,Stafford County,20185,Stafford County,identity,1.0,identity,,census_gazetteer_2026
20187,Stanton County,20187,Stanton County,identity,1.0,identity,,census_gazetteer_2026
20189,Stevens County,20189,Stevens County,identity,1.0,identity,,census_gazetteer_2026
20191,Sumner County,20191,Sumner County,identity,1.0,identity,,census_gazetteer_2026
20193,Thomas County,20193,Thomas County,identity,1.0,identity,,census_gazetteer_2026
20195,Trego County,20195,Trego County,identity,1.0,identity,,census_gazetteer_2026
20197,Wabaunsee County,20197,Wabaunsee County,identity,1.0,identity,,census_gazetteer_2026
20199,Wallace County,20199,Wallace County,identity,1.0,identity,,census_gazetteer_2026
20201,Washington County,20201,Washington County,identity,1.0,identity,,census_gazetteer_2026
20203,Wichita County,20203,Wichita County,identity,1.0,identity,,census_gazetteer_2026
20205,Wilson County,20205,Wilson County,identity,1.0,identity,,census_gazetteer_2026
20207,Woodson County,20207,Woodson County,identity,1.0,identity,,census_gazetteer_2026
20209,Wyandotte County,20209,Wyandotte County,identity,1.0,identity,,census_gazetteer_2026
21001,Adair County,21001,Adair County,identity,1.0,identity,,census_gazetteer_2026
21003,Allen County,21003,Allen County,identity,1.0,identity,,census_gazetteer_2026
21005,Anderson County,21005,Anderson County,identity,1.0,identity,,census_gazetteer_2026
21007,Ballard County,21007,Ballard County,identity,1.0,identity,,census_gazetteer_2026
21009,Barren County,21009,Barren County,identity,1.0,identity,,census_gazetteer_2026
21011,Bath County,21011,Bath County,identity,1.0,identity,,census_gazetteer_2026
21013,Bell County,21013,Bell County,identity,1.0,identity,,census_gazetteer_2026
21015,Boone County,21015,Boone County,identity,1.0,identity,,census_gazetteer_2026
21017,Bourbon County,21017,Bourbon County,identity,1.0,identity,,census_gazetteer_2026
21019,Boyd County,21019,Boyd County,identity,1.0,identity,,census_gazetteer_2026
21021,Boyle County,21021,Boyle County,identity,1.0,identity,,census_gazetteer_2026
21023,Bracken County,21023,Bracken County,identity,1.0,identity,,census_gazetteer_2026
21025,Breathitt County,21025,Breathitt County,identity,1.0,identity,,census_gazetteer_2026
21027,Breckinridge County,21027,Breckinridge County,identity,1.0,identity,,census_gazetteer_2026
21029,Bullitt County,21029,Bullitt County,identity,1.0,identity,,census_gazetteer_2026
21031,Butler County,21031,Butler County,identity,1.0,identity,,census_gazetteer_2026
21033,Caldwell County,21033,Caldwell County,identity,1.0,identity,,census_gazetteer_2026
21035,Calloway County,21035,Calloway County,identity,1.0,identity,,census_gazetteer_2026
21037,Campbell County,21037,Campbell County,identity,1.0,identity,,census_gazetteer_2026
21039,Carlisle County,21039,Carlisle County,identity,1.0,identity,,census_gazetteer_2026
21041,Carroll County,21041,Carroll County,identity,1.0,identity,,census_gazetteer_2026
21043,Carter County,21043,Carter County,identity,1.0,identity,,census_gazetteer_2026
21045,Casey County,21045,Casey County,identity,1.0,identity,,census_gazetteer_2026
21047,Christian County,21047,Christian County,identity,1.0,identity,,census_gazetteer_2026
21049,Clark County,21049,Clark County,identity,1.0,identity,,census_gazetteer_2026
21051,Clay County,21051,Clay County,identity,1.0,identity,,census_gazetteer_2026
21053,Clinton County,21053,Clinton County,identity,1.0,identity,,census_gazetteer_2026
21055,Crittenden County,21055,Crittenden County,identity,1.0,identity,,census_gazetteer_2026
21057,Cumberland County,21057,Cumberland County,identity,1.0,identity,,census_gazetteer_2026
21059,Daviess County,21059,Daviess County,identity,1.0,identity,,census_gazetteer_2026
21061,Edmonson County,21061,Edmonson County,identity,1.0,identity,,census_gazetteer_2026
21063,Elliott County,21063,Elliott County,identity,1.0,identity,,census_gazetteer_2026
21065,Estill County,21065,Estill County,identity,1.0,identity,,census_gazetteer_2026
21067,Fayette County,21067,Fayette County,identity,1.0,identity,,census_gazetteer_2026
21069,Fleming County,21069,Fleming County,identity,1.0,identity,,census_gazetteer_2026
21071,Floyd County,21071,Floyd County,identity,1.0,identity,,census_gazetteer_2026
21073,Franklin County,21073,Franklin County,identity,1.0,identity,,census_gazetteer_2026
21075,Fulton County,21075,Fulton County,identity,1.0,identity,,census_gazetteer_2026
21077,Gallatin County,21077,Gallatin County,identity,1.0,identity,,census_gazetteer_2026
21079,Garrard County,21079,Garrard County,identity,1.0,identity,,census_gazetteer_2026
21081,Grant County,21081,Grant County,identity,1.0,identity,,census_gazetteer_2026
21083,Graves County,21083,Graves County,identity,1.0,identity,,census_gazetteer_2026
21085,Grayson County,21085,Grayson County,identity,1.0,identity,,census_gazetteer_2026
21087,Green County,21087,Green County,identity,1.0,identity,,census_gazetteer_2026
21089,Greenup County,21089,Greenup County,identity,1.0,identity,,census_gazetteer_2026
21091,Hancock County,21091,Hancock County,identity,1.0,identity,,census_gazetteer_2026
21093,Hardin County,21093,Hardin County,identity,1.0,identity,,census_gazetteer_2026
21095,Harlan County,21095,Harlan County,identity,1.0,identity,,census_gazetteer_2026
21097,Harrison County,21097,Harrison County,identity,1.0,identity,,census_gazetteer_2026
21099,Hart County,21099,Hart County,identity,1.0,identity,,census_gazetteer_2026
21101,Henderson County,21101,Henderson County,identity,1.0,identity,,census_gazetteer_2026
21103,Henry County,21103,Henry County,identity,1.0,identity,,census_gazetteer_2026
21105,Hickman County,21105,Hickman County,identity,1.0,identity,,census_gazetteer_2026
21107,Hopkins County,21107,Hopkins County,identity,1.0,identity,,census_gazetteer_2026
21109,Jackson County,21109,Jackson County,identity,1.0,identity,,census_gazetteer_2026
21111,Jefferson County,21111,Jefferson County,identity,1.0,identity,,census_gazetteer_2026
21113,Jessamine County,21113,Jessamine County,identity,1.0,identity,,census_gazetteer_2026
21115,Johnson County,21115,Johnson County,identity,1.0,identity,,census_gazetteer_2026
21117,Kenton County,21117,Kenton County,identity,1.0,identity,,census_gazetteer_2026
21119,Knott County,21119,Knott County,identity,1.0,identity,,census_gazetteer_2026
21121,Knox County,21121,Knox County,identity,1.0,identity,,census_gazetteer_2026
21123,Larue County,21123,Larue County,identity,1.0,identity,,census_gazetteer_2026
21125,Laurel County,21125,Laurel County,identity,1.0,identity,,census_gazetteer_2026
21127,Lawrence County,21127,Lawrence County,identity,1.0,identity,,census_gazetteer_2026
21129,Lee County,21129,Lee County,identity,1.0,identity,,census_gazetteer_2026
21131,Leslie County,21131,Leslie County,identity,1.0,identity,,census_gazetteer_2026
21133,Letcher County,21133,Letcher County,identity,1.0,identity,,census_gazetteer_2026
21135,Lewis County,21135,Lewis County,identity,1.0,identity,,census_gazetteer_2026
21137,Lincoln County,21137,Lincoln County,identity,1.0,identity,,census_gazetteer_2026
21139,Livingston County,21139,Livingston County,identity,1.0,identity,,census_gazetteer_2026
21141,Logan County,21141,Logan County,identity,1.0,identity,,census_gazetteer_2026
21143,Lyon County,21143,Lyon County,identity,1.0,identity,,census_gazetteer_2026
21145,McCracken County,21145,McCracken County,identity,1.0,identity,,census_gazetteer_2026
21147,McCreary County,21147,McCreary County,identity,1.0,identity,,census_gazetteer_2026
21149,McLean County,21149,McLean County,identity,1.0,identity,,census_gazetteer_2026
21151,Madison County,21151,Madison County,identity,1.0,identity,,census_gazetteer_2026
21153,Magoffin County,21153,Magoffin County,identity,1.0,identity,,census_gazetteer_2026
21155,Marion County,21155,Marion County,identity,1.0,identity,,census_gazetteer_2026
21157,Marshall County,21157,Marshall County,identity,1.0,identity,,census_gazetteer_2026
21159,Martin County,21159,Martin County,identity,1.0,identity,,census_gazetteer_2026
21161,Mason County,21161,Mason County,identity,1.0,identity,,census_gazetteer_2026
21163,Meade County,21163,Meade County,identity,1.0,identity,,census_gazetteer_2026
21165,Menifee County,21165,Menifee County,identity,1.0,identity,,census_gazetteer_2026
21167,Mercer County,21167,Mercer County,identity,1.0,identity,,census_gazetteer_2026
21169,Metcalfe County,21169,Metcalfe County,identity,1.0,identity,,census_gazetteer_2026
21171,Monroe County,21171,Monroe County,identity,1.0,identity,,census_gazetteer_2026
21173,Montgomery County,21173,Montgomery County,identity,1.0,identity,,census_gazetteer_2026
21175,Morgan County,21175,Morgan County,identity,1.0,identity,,census_gazetteer_2026
21177,Muhlenberg County,21177,Muhlenberg County,identity,1.0,identity,,census_gazetteer_2026
21179,Nelson County,21179,Nelson County,identity,1.0,identity,,census_gazetteer_2026
21181,Nicholas County,21181,Nicholas County,identity,1.0,identity,,census_gazetteer_2026
21183,Ohio County,21183,Ohio County,identity,1.0,identity,,census_gazetteer_2026
21185,Oldham County,21185,Oldham County,identity,1.0,identity,,census_gazetteer_2026
21187,Owen County,21187,Owen County,identity,1.0,identity,,census_gazetteer_2026
21189,Owsley County,21189,Owsley County,identity,1.0,identity,,census_gazetteer_2026
21191,Pendleton County,21191,Pendleton County,identity,1.0,identity,,census_gazetteer_2026
21193,Perry County,21193,Perry County,identity,1.0,identity,,census_gazetteer_2026
21195,Pike County,21195,Pike County,identity,1.0,identity,,census_gazetteer_2026
21197,Powell County,21197,Powell County,identity,1.0,identity,,census_gazetteer_2026
21199,Pulaski County,21199,Pulaski County,identity,1.0,identity,,census_gazetteer_2026
21201,Robertson County,21201,Robertson County,identity,1.0,identity,,census_gazetteer_2026
21203,Rockcastle County,21203,Rockcastle County,identity,1.0,identity,,census_gazetteer_2026
21205,Rowan County,21205,Rowan County,identity,1.0,identity,,census_gazetteer_2026
21207,Russell County,21207,Russell County,identity,1.0,identity,,census_gazetteer_2026
21209,Scott County,21209,Scott County,identity,1.0,identity,,census_gazetteer_2026
21211,Shelby County,21211,Shelby County,identity,1.0,identity,,census_gazetteer_2026
21213,Simpson County,21213,Simpson County,identity,1.0,identity,,census_gazetteer_2026
21215,Spencer County,21215,Spencer County,identity,1.0,identity,,census_gazetteer_2026
21217,Taylor County,21217,Taylor County,identity,1.0,identity,,census_gazetteer_2026
21219,Todd County,21219,Todd County,identity,1.0,identity,,census_gazetteer_2026
21221,Trigg County,21221,Trigg County,identity,1.0,identity,,census_gazetteer_2026
21223,Trimble County,21223,Trimble County,identity,1.0,identity,,census_gazetteer_2026
21225,Union County,21225,Union County,identity,1.0,identity,,census_gazetteer_2026
21227,Warren County,21227,Warren County,identity,1.0,identity,,census_gazetteer_2026
21229,Washington County,21229,Washington County,identity,1.0,identity,,census_gazetteer_2026
21231,Wayne County,21231,Wayne County,identity,1.0,identity,,census_gazetteer_2026
21233,Webster County,21233,Webster County,identity,1.0,identity,,census_gazetteer_2026
21235,Whitley County,21235,Whitley County,identity,1.0,identity,,census_gazetteer_2026
21237,Wolfe County,21237,Wolfe County,identity,1.0,identity,,census_gazetteer_2026
21239,Woodford County,21239,Woodford County,identity,1.0,identity,,census_gazetteer_2026
22001,Acadia Parish,22001,Acadia Parish,identity,1.0,identity,,census_gazetteer_2026
22003,Allen Parish,22003,Allen Parish,identity,1.0,identity,,census_gazetteer_2026
22005,Ascension Parish,22005,Ascension Parish,identity,1.0,identity,,census_gazetteer_2026
22007,Assumption Parish,22007,Assumption Parish,identity,1.0,identity,,census_gazetteer_2026
22009,Avoyelles Parish,22009,Avoyelles Parish,identity,1.0,identity,,census_gazetteer_2026
22011,Beauregard Parish,22011,Beauregard Parish,identity,1.0,identity,,census_gazetteer_2026
22013,Bienville Parish,22013,Bienville Parish,identity,1.0,identity,,census_gazetteer_2026
22015,Bossier Parish,22015,Bossier Parish,identity,1.0,identity,,census_gazetteer_2026
22017,Caddo Parish,22017,Caddo Parish,identity,1.0,identity,,census_gazetteer_2026
22019,Calcasieu Parish,22019,Calcasieu Parish,identity,1.0,identity,,census_gazetteer_2026
22021,Caldwell Parish,22021,Caldwell Parish,identity,1.0,identity,,census_gazetteer_2026
22023,Cameron Parish,22023,Cameron Parish,identity,1.0,identity,,census_gazetteer_2026
22025,Catahoula Parish,22025,Catahoula Parish,identity,1.0,identity,,census_gazetteer_2026
22027,Claiborne Parish,22027,Claiborne Parish,identity,1.0,identity,,census_gazetteer_2026
22029,Concordia Parish,22029,Concordia Parish,identity,1.0,identity,,census_gazetteer_2026
22031,De Soto Parish,22031,De Soto Parish,identity,1.0,identity,,census_gazetteer_2026
22033,East Baton Rouge Parish,22033,East Baton Rouge Parish,identity,1.0,identity,,census_gazetteer_2026
22035,East Carroll Parish,22035,East Carroll Parish,identity,1.0,identity,,census_gazetteer_2026
22037,East Feliciana Parish,22037,East Feliciana Parish,identity,1.0,identity,,census_gazetteer_2026
22039,Evangeline Parish,22039,Evangeline Parish,identity,1.0,identity,,census_gazetteer_2026
22041,Franklin Parish,22041,Franklin Parish,identity,1.0,identity,,census_gazetteer_2026
22043,Grant Parish,22043,Grant Parish,identity,1.0,identity,,census_gazetteer_2026
22045,Iberia Parish,22045,Iberia Parish,identity,1.0,identity,,census_gazetteer_2026
22047,Iberville Parish,22047,Iberville Parish,identity,1.0,identity,,census_gazetteer_2026
22049,Jackson Parish,22049,Jackson Parish,identity,1.0,identity,,census_gazetteer_2026
22051,Jefferson Parish,22051,Jefferson Parish,identity,1.0,identity,,census_gazetteer_2026
22053,Jefferson Davis Parish,22053,Jefferson Davis Parish,identity,1.0,identity,,census_gazetteer_2026
22055,Lafayette Parish,22055,Lafayette Parish,identity,1.0,identity,,census_gazetteer_2026
22057,Lafourche Parish,22057,Lafourche Parish,identity,1.0,identity,,census_gazetteer_2026
22059,LaSalle Parish,22059,LaSalle Parish,identity,1.0,identity,,census_gazetteer_2026
22061,Lincoln Parish,22061,Lincoln Parish,identity,1.0,identity,,census_gazetteer_2026
22063,Livingston Parish,22063,Livingston Parish,identity,1.0,identity,,census_gazetteer_2026
22065,Madison Parish,22065,Madison Parish,identity,1.0,identity,,census_gazetteer_2026
22067,Morehouse Parish,22067,Morehouse Parish,identity,1.0,identity,,census_gazetteer_2026
22069,Natchitoches Parish,22069,Natchitoches Parish,identity,1.0,identity,,census_gazetteer_2026
22071,Orleans Parish,22071,Orleans Parish,identity,1.0,identity,,census_gazetteer_2026
22073,Ouachita Parish,22073,Ouachita Parish,identity,1.0,identity,,census_gazetteer_2026
22075,Plaquemines Parish,22075,Plaquemines Parish,identity,1.0,identity,,census_gazetteer_2026
22077,Pointe Coupee Parish,22077,Pointe Coupee Parish,identity,1.0,identity,,census_gazetteer_2026
22079,Rapides Parish,22079,Rapides Parish,identity,1.0,identity,,census_gazetteer_2026
22081,Red River Parish,22081,Red River Parish,identity,1.0,identity,,census_gazetteer_2026
22083,Richland Parish,22083,Richland Parish,identity,1.0,identity,,census_gazetteer_2026
22085,Sabine Parish,22085,Sabine Parish,identity,1.0,identity,,census_gazetteer_2026
22087,St. Bernard Parish,22087,St. Bernard Parish,identity,1.0,identity,,census_gazetteer_2026
22089,St. Charles Parish,22089,St. Charles Parish,identity,1.0,identity,,census_gazetteer_2026
22091,St. Helena Parish,22091,St. Helena Parish,identity,1.0,identity,,census_gazetteer_2026
22093,St. James Parish,22093,St. James Parish,identity,1.0,identity,,census_gazetteer_2026
22095,St. John the Baptist Parish,22095,St. John the Baptist Parish,identity,1.0,identity,,census_gazetteer_2026
22097,St. Landry Parish,22097,St. Landry Parish,identity,1.0,identity,,census_gazetteer_2026
22099,St. Martin Parish,22099,St. Martin Parish,identity,1.0,identity,,census_gazetteer_2026
22101,St. Mary Parish,22101,St. Mary Parish,identity,1.0,identity,,census_gazetteer_2026
22103,St. Tammany Parish,22103,St. Tammany Parish,identity,1.0,identity,,census_gazetteer_2026
22105,Tangipahoa Parish,22105,Tangipahoa Parish,identity,1.0,identity,,census_gazetteer_2026
22107,Tensas Parish,22107,Tensas Parish,identity,1.0,identity,,census_gazetteer_2026
22109,Terrebonne Parish,22109,Terrebonne Parish,identity,1.0,identity,,census_gazetteer_2026
22111,Union Parish,22111,Union Parish,identity,1.0,identity,,census_gazetteer_2026
22113,Vermilion Parish,22113,Vermilion Parish,identity,1.0,identity,,census_gazetteer_2026
22115,Vernon Parish,22115,Vernon Parish,identity,1.0,identity,,census_gazetteer_2026
22117,Washington Parish,22117,Washington Parish,identity,1.0,identity,,census_gazetteer_2026
22119,Webster Parish,22119,Webster Parish,identity,1.0,identity,,census_gazetteer_2026
22121,West Baton Rouge Parish,22121,West Baton Rouge Parish,identity,1.0,identity,,census_gazetteer_2026
22123,West Carroll Parish,22123,West Carroll Parish,identity,1.0,identity,,census_gazetteer_2026
22125,West Feliciana Parish,22125,West Feliciana Parish,identity,1.0,identity,,census_gazetteer_2026
22127,Winn Parish,22127,Winn Parish,identity,1.0,identity,,census_gazetteer_2026
23001,Androscoggin County,23001,Androscoggin County,identity,1.0,identity,,census_gazetteer_2026
23003,Aroostook County,23003,Aroostook County,identity,1.0,identity,,census_gazetteer_2026
23005,Cumberland County,23005,Cumberland County,identity,1.0,identity,,census_gazetteer_2026
23007,Franklin County,23007,Franklin County,identity,1.0,identity,,census_gazetteer_2026
23009,Hancock County,23009,Hancock County,identity,1.0,identity,,census_gazetteer_2026
23011,Kennebec County,23011,Kennebec County,identity,1.0,identity,,census_gazetteer_2026
23013,Knox County,23013,Knox County,identity,1.0,identity,,census_gazetteer_2026
23015,Lincoln County,23015,Lincoln County,identity,1.0,identity,,census_gazetteer_2026
23017,Oxford County,23017,Oxford County,identity,1.0,identity,,census_gazetteer_2026
23019,Penobscot County,23019,Penobscot County,identity,1.0,identity,,census_gazetteer_2026
23021,Piscataquis County,23021,Piscataquis County,identity,1.0,identity,,census_gazetteer_2026
23023,Sagadahoc County,23023,Sagadahoc County,identity,1.0,identity,,census_gazetteer_2026
23025,Somerset County,23025,Somerset County,identity,1.0,identity,,census_gazetteer_2026
23027,Waldo County,23027,Waldo County,identity,1.0,identity,,census_gazetteer_2026
23029,Washington County,23029,Washington County,identity,1.0,identity,,census_gazetteer_2026
23031,York County,23031,York County,identity,1.0,identity,,census_gazetteer_2026
24001,Allegany County,24001,Allegany County,identity,1.0,identity,,census_gazetteer_2026
24003,Anne Arundel County,24003,Anne Arundel County,identity,1.0,identity,,census_gazetteer_2026
24005,Baltimore County,24005,Baltimore County,identity,1.0,identity,,census_gazetteer_2026
24009,Calvert County,24009,Calvert County,identity,1.0,identity,,census_gazetteer_2026
24011,Caroline County,24011,Caroline County,identity,1.0,identity,,census_gazetteer_2026
24013,Carroll County,24013,Carroll County,identity,1.0,identity,,census_gazetteer_2026
24015,Cecil County,24015,Cecil County,identity,1.0,identity,,census_gazetteer_2026
24017,Charles County,24017,Charles County,identity,1.0,identity,,census_gazetteer_2026
24019,Dorchester County,24019,Dorchester County,identity,1.0,identity,,census_gazetteer_2026
24021,Frederick County,24021,Frederick County,identity,1.0,identity,,census_gazetteer_2026
24023,Garrett County,24023,Garrett County,identity,1.0,identity,,census_gazetteer_2026
24025,Harford County,24025,Harford County,identity,1.0,identity,,census_gazetteer_2026
24027,Howard County,24027,Howard County,identity,1.0,identity,,census_gazetteer_2026
24029,Kent County,24029,Kent County,identity,1.0,identity,,census_gazetteer_2026
24031,Montgomery County,24031,Montgomery County,identity,1.0,identity,,census_gazetteer_2026
24033,Prince George's County,24033,Prince George's County,identity,1.0,identity,,census_gazetteer_2026
24035,Queen Anne's County,24035,Queen Anne's County,identity,1.0,identity,,census_gazetteer_2026
24037,St. Mary's County,24037,St. Mary's County,identity,1.0,identity,,census_gazetteer_2026
24039,Somerset County,24039,Somerset County,identity,1.0,identity,,census_gazetteer_2026
24041,Talbot County,24041,Talbot County,identity,1.0,identity,,census_gazetteer_2026
24043,Washington County,24043,Washington County,identity,1.0,identity,,census_gazetteer_2026
24045,Wicomico County,24045,Wicomico County,identity,1.0,identity,,census_gazetteer_2026
24047,Worcester County,24047,Worcester County,identity,1.0,identity,,census_gazetteer_2026
24510,Baltimore city,24510,Baltimore city,identity,1.0,identity,,census_gazetteer_2026
25001,Barnstable County,25001,Barnstable County,identity,1.0,identity,,census_gazetteer_2026
25003,Berkshire County,25003,Berkshire County,identity,1.0,identity,,census_gazetteer_2026
25005,Bristol County,25005,Bristol County,identity,1.0,identity,,census_gazetteer_2026
25007,Dukes County,25007,Dukes County,identity,1.0,identity,,census_gazetteer_2026
25009,Essex County,25009,Essex County,identity,1.0,identity,,census_gazetteer_2026
25011,Franklin County,25011,Franklin County,identity,1.0,identity,,census_gazetteer_2026
25013,Hampden County,25013,Hampden County,identity,1.0,identity,,census_gazetteer_2026
25015,Hampshire County,25015,Hampshire County,identity,1.0,identity,,census_gazetteer_2026
25017,Middlesex County,25017,Middlesex County,identity,1.0,identity,,census_gazetteer_2026
25019,Nantucket County,25019,Nantucket County,identity,1.0,identity,,census_gazetteer_2026
25021,Norfolk County,25021,Norfolk County,identity,1.0,identity,,census_gazetteer_2026
25023,Plymouth County,25023,Plymouth County,identity,1.0,identity,,census_gazetteer_2026
25025,Suffolk County,25025,Suffolk County,identity,1.0,identity,,census_gazetteer_2026
25027,Worcester County,25027,Worcester County,identity,1.0,identity,,census_gazetteer_2026
26001,Alcona County,26001,Alcona County,identity,1.0,identity,,census_gazetteer_2026
26003,Alger County,26003,Alger County,identity,1.0,identity,,census_gazetteer_2026
26005,Allegan County,26005,Allegan County,identity,1.0,identity,,census_gazetteer_2026
26007,Alpena County,26007,Alpena County,identity,1.0,identity,,census_gazetteer_2026
26009,Antrim County,26009,Antrim County,identity,1.0,identity,,census_gazetteer_2026
26011,Arenac County,26011,Arenac County,identity,1.0,identity,,census_gazetteer_2026
26013,Baraga County,26013,Baraga County,identity,1.0,identity,,census_gazetteer_2026
26015,Barry County,26015,Barry County,identity,1.0,identity,,census_gazetteer_2026
26017,Bay County,26017,Bay County,identity,1.0,identity,,census_gazetteer_2026
26019,Benzie County,26019,Benzie County,identity,1.0,identity,,census_gazetteer_2026
26021,Berrien County,26021,Berrien County,identity,1.0,identity,,census_gazetteer_2026
26023,Branch County,26023,Branch County,identity,1.0,identity,,census_gazetteer_2026
26025,Calhoun County,26025,Calhoun County,identity,1.0,identity,,census_gazetteer_2026
26027,Cass County,26027,Cass County,identity,1.0,identity,,census_gazetteer_2026
26029,Charlevoix County,26029,Charlevoix County,identity,1.0,identity,,census_gazetteer_2026
26031,Cheboygan County,26031,Cheboygan County,identity,1.0,identity,,census_gazetteer_2026
26033,Chippewa County,26033,Chippewa County,identity,1.0,identity,,census_gazetteer_2026
26035,Clare County,26035,Clare County,identity,1.0,identity,,census_gazetteer_2026
26037,Clinton County,26037,Clinton County,identity,1.0,identity,,census_gazetteer_2026
26039,Crawford County,26039,Crawford County,identity,1.0,identity,,census_gazetteer_2026
26041,Delta County,26041,Delta County,identity,1.0,identity,,census_gazetteer_2026
26043,Dickinson County,26043,Dickinson County,identity,1.0,identity,,census_gazetteer_2026
26045,Eaton County,26045,Eaton County,identity,1.0,identity,,census_gazetteer_2026
26047,Emmet County,26047,Emmet County,identity,1.0,identity,,census_gazetteer_2026
26049,Genesee County,26049,Genesee County,identity,1.0,identity,,census_gazetteer_2026
26051,Gladwin County,26051,Gladwin County,identity,1.0,identity,,census_gazetteer_2026
26053,Gogebic County,26053,Gogebic County,identity,1.0,identity,,census_gazetteer_2026
26055,Grand Traverse County,26055,Grand Traverse County,identity,1.0,identity,,census_gazetteer_2026
26057,Gratiot County,26057,Gratiot County,identity,1.0,identity,,census_gazetteer_2026
26059,Hillsdale County,26059,Hillsdale County,identity,1.0,identity,,census_gazetteer_2026
26061,Houghton County,26061,Houghton County,identity,1.0,identity,,census_gazetteer_2026
26063,Huron County,26063,Huron County,identity,1.0,identity,,census_gazetteer_2026
26065,Ingham County,26065,Ingham County,identity,1.0,identity,,census_gazetteer_2026
26067,Ionia County,26067,Ionia County,identity,1.0,identity,,census_gazetteer_2026
26069,Iosco County,26069,Iosco County,identity,1.0,identity,,census_gazetteer_2026
26071,Iron County,26071,Iron County,identity,1.0,identity,,census_gazetteer_2026
26073,Isabella County,26073,Isabella County,identity,1.0,identity,,census_gazetteer_2026
26075,Jackson County,26075,Jackson County,identity,1.0,identity,,census_gazetteer_2026
26077,Kalamazoo County,26077,Kalamazoo County,identity,1.0,identity,,census_gazetteer_2026
26079,Kalkaska County,26079,Kalkaska County,identity,1.0,identity,,census_gazetteer_2026
26081,Kent County,26081,Kent County,identity,1.0,identity,,census_gazetteer_2026
26083,Keweenaw County,26083,Keweenaw County,identity,1.0,identity,,census_gazetteer_2026
26085,Lake County,26085,Lake County,identity,1.0,identity,,census_gazetteer_2026
26087,Lapeer County,26087,Lapeer County,identity,1.0,identity,,census_gazetteer_2026
26089,Leelanau County,26089,Leelanau County,identity,1.0,identity,,census_gazetteer_2026
26091,Lenawee County,26091,Lenawee County,identity,1.0,identity,,census_gazetteer_2026
26093,Livingston County,26093,Livingston County,identity,1.0,identity,,census_gazetteer_2026
26095,Luce County,26095,Luce County,identity,1.0,identity,,census_gazetteer_2026
26097,Mackinac County,26097,Mackinac County,identity,1.0,identity,,census_gazetteer_2026
26099,Macomb County,26099,Macomb County,identity,1.0,identity,,census_gazetteer_2026
26101,Manistee County,26101,Manistee County,identity,1.0,identity,,census_gazetteer_2026
26103,Marquette County,26103,Marquette County,identity,1.0,identity,,census_gazetteer_2026
26105,Mason County,26105,Mason County,identity,1.0,identity,,census_gazetteer_2026
26107,Mecosta County,26107,Mecosta County,identity,1.0,identity,,census_gazetteer_2026
26109,Menominee County,26109,Menominee County,identity,1.0,identity,,census_gazetteer_2026
26111,Midland County,26111,Midland County,identity,1.0,identity,,census_gazetteer_2026
26113,Missaukee County,26113,Missaukee County,identity,1.0,identity,,census_gazetteer_2026
26115,Monroe County,26115,Monroe County,identity,1.0,identity,,census_gazetteer_2026
26117,Montcalm County,26117,Montcalm County,identity,1.0,identity,,census_gazetteer_2026
26119,Montmorency County,26119,Montmorency County,identity,1.0,identity,,census_gazetteer_2026
26121,Muskegon County,26121,Muskegon County,identity,1.0,identity,,census_gazetteer_2026
26123,Newaygo County,26123,Newaygo County,identity,1.0,identity,,census_gazetteer_2026
26125,Oakland County,26125,Oakland County,identity,1.0,identity,,census_gazetteer_2026
26127,Oceana County,26127,Oceana County,identity,1.0,identity,,census_gazetteer_2026
26129,Ogemaw County,26129,Ogemaw County,identity,1.0,identity,,census_gazetteer_2026
26131,Ontonagon County,26131,Ontonagon County,identity,1.0,identity,,census_gazetteer_2026
26133,Osceola County,26133,Osceola County,identity,1.0,identity,,census_gazetteer_2026
26135,Oscoda County,26135,Oscoda County,identity,1.0,identity,,census_gazetteer_2026
26137,Otsego County,26137,Otsego County,identity,1.0,identity,,census_gazetteer_2026
26139,Ottawa County,26139,Ottawa County,identity,1.0,identity,,census_gazetteer_2026
26141,Presque Isle County,26141,Presque Isle County,identity,1.0,identity,,census_gazetteer_2026
26143,Roscommon County,26143,Roscommon County,identity,1.0,identity,,census_gazetteer_2026
26145,Saginaw County,26145,Saginaw County,identity,1.0,identity,,census_gazetteer_2026
26147,St. Clair County,26147,St. Clair County,identity,1.0,identity,,census_gazetteer_2026
26149,St. Joseph County,26149,St. Joseph County,identity,1.0,identity,,census_gazetteer_2026
26151,Sanilac County,26151,Sanilac County,identity,1.0,identity,,census_gazetteer_2026
26153,Schoolcraft County,26153,Schoolcraft County,identity,1.0,identity,,census_gazetteer_2026
26155,Shiawassee County,26155,Shiawassee County,identity,1.0,identity,,census_gazetteer_2026
26157,Tuscola County,26157,Tuscola County,identity,1.0,identity,,census_gazetteer_2026
26159,Van Buren County,26159,Van Buren County,identity,1.0,identity,,census_gazetteer_2026
26161,Washtenaw County,26161,Washtenaw County,identity,1.0,identity,,census_gazetteer_2026
26163,Wayne County,26163,Wayne County,identity,1.0,identity,,census_gazetteer_2026
26165,Wexford County,26165,Wexford County,identity,1.0,identity,,census_gazetteer_2026
27001,Aitkin County,27001,Aitkin County,identity,1.0,identity,,census_gazetteer_2026
27003,Anoka County,27003,Anoka County,identity,1.0,identity,,census_gazetteer_2026
27005,Becker County,27005,Becker County,identity,1.0,identity,,census_gazetteer_2026
27007,Beltrami County,27007,Beltrami County,identity,1.0,identity,,census_gazetteer_2026
27009,Benton County,27009,Benton County,identity,1.0,identity,,census_gazetteer_2026
27011,Big Stone County,27011,Big Stone County,identity,1.0,identity,,census_gazetteer_2026
27013,Blue Earth County,27013,Blue Earth County,identity,1.0,identity,,census_gazetteer_2026
27015,Brown County,27015,Brown County,identity,1.0,identity,,census_gazetteer_2026
27017,Carlton County,27017,Carlton County,identity,1.0,identity,,census_gazetteer_2026
27019,Carver County,27019,Carver County,identity,1.0,identity,,census_gazetteer_2026
27021,Cass County,27021,Cass County,identity,1.0,identity,,census_gazetteer_2026
27023,Chippewa County,27023,Chippewa County,identity,1.0,identity,,census_gazetteer_2026
27025,Chisago County,27025,Chisago County,identity,1.0,identity,,census_gazetteer_2026
27027,Clay County,27027,Clay County,identity,1.0,identity,,census_gazetteer_2026
27029,Clearwater County,27029,Clearwater County,identity,1.0,identity,,census_gazetteer_2026
27031,Cook County,27031,Cook County,identity,1.0,identity,,census_gazetteer_2026
27033,Cottonwood County,27033,Cottonwood County,identity,1.0,identity,,census_gazetteer_2026
27035,Crow Wing County,27035,Crow Wing County,identity,1.0,identity,,census_gazetteer_2026
27037,Dakota County,27037,Dakota County,identity,1.0,identity,,census_gazetteer_2026
27039,Dodge County,27039,Dodge County,identity,1.0,identity,,census_gazetteer_2026
27041,Douglas County,27041,Douglas County,identity,1.0,identity,,census_gazetteer_2026
27043,Faribault County,27043,Faribault County,identity,1.0,identity,,census_gazetteer_2026
27045,Fillmore County,27045,Fillmore County,identity,1.0,identity,,census_gazetteer_2026
27047,Freeborn County,27047,Freeborn County,identity,1.0,identity,,census_gazetteer_2026
27049,Goodhue County,27049,Goodhue County,identity,1.0,identity,,census_gazetteer_2026
27051,Grant County,27051,Grant County,identity,1.0,identity,,census_gazetteer_2026
27053,Hennepin County,27053,Hennepin County,identity,1.0,identity,,census_gazetteer_2026
27055,Houston County,27055,Houston County,identity,1.0,identity,,census_gazetteer_2026
27057,Hubbard County,27057,Hubbard County,identity,1.0,identity,,census_gazetteer_2026
27059,Isanti County,27059,Isanti County,identity,1.0,identity,,census_gazetteer_2026
27061,Itasca County,27061,Itasca County,identity,1.0,identity,,census_gazetteer_2026
27063,Jackson County,27063,Jackson County,identity,1.0,identity,,census_gazetteer_2026
27065,Kanabec County,27065,Kanabec County,identity,1.0,identity,,census_gazetteer_2026
27067,Kandiyohi County,27067,Kandiyohi County,identity,1.0,identity,,census_gazetteer_2026
27069,Kittson County,27069,Kittson County,identity,1.0,identity,,census_gazetteer_2026
27071,Koochiching County,27071,Koochiching County,identity,1.0,identity,,census_gazetteer_2026
27073,Lac qui Parle County,27073,Lac qui Parle County,identity,1.0,identity,,census_gazetteer_2026
27075,Lake County,27075,Lake County,identity,1.0,identity,,census_gazetteer_2026
27077,Lake of the Woods County,27077,Lake of the Woods County,identity,1.0,identity,,census_gazetteer_2026
27079,Le Sueur County,27079,Le Sueur County,identity,1.0,identity,,census_gazetteer_2026
27081,Lincoln County,27081,Lincoln County,identity,1.0,identity,,census_gazetteer_2026
27083,Lyon County,27083,Lyon County,identity,1.0,identity,,census_gazetteer_2026
27085,McLeod County,27085,McLeod County,identity,1.0,identity,,census_gazetteer_2026
27087,Mahnomen County,27087,Mahnomen County,identity,1.0,identity,,census_gazetteer_2026
27089,Marshall County,27089,Marshall County,identity,1.0,identity,,census_gazetteer_2026
27091,Martin County,27091,Martin County,identity,1.0,identity,,census_gazetteer_2026
27093,Meeker County,27093,Meeker County,identity,1.0,identity,,census_gazetteer_2026
27095,Mille Lacs County,27095,Mille Lacs County,identity,1.0,identity,,census_gazetteer_2026
27097,Morrison County,27097,Morrison County,identity,1.0,identity,,census_gazetteer_2026
27099,Mower County,27099,Mower County,identity,1.0,identity,,census_gazetteer_2026
27101,Murray County,27101,Murray County,identity,1.0,identity,,census_gazetteer_2026
27103,Nicollet County,27103,Nicollet County,identity,1.0,identity,,census_gazetteer_2026
27105,Nobles County,27105,Nobles County,identity,1.0,identity,,census_gazetteer_2026
27107,Norman County,27107,Norman County,identity,1.0,identity,,census_gazetteer_2026
27109,Olmsted County,27109,Olmsted County,identity,1.0,identity,,census_gazetteer_2026
27111,Otter Tail County,27111,Otter Tail County,identity,1.0,identity,,census_gazetteer_2026
27113,Pennington County,27113,Pennington County,identity,1.0,identity,,census_gazetteer_2026
27115,Pine County,27115,Pine County,identity,1.0,identity,,census_gazetteer_2026
27117,Pipestone County,27117,Pipestone County,identity,1.0,identity,,census_gazetteer_2026
27119,Polk County,27119,Polk County,identity,1.0,identity,,census_gazetteer_2026
27121,Pope County,27121,Pope County,identity,1.0,identity,,census_gazetteer_2026
27123,Ramsey County,27123,Ramsey County,identity,1.0,identity,,census_gazetteer_2026
27125,Red Lake County,27125,Red Lake County,identity,1.0,identity,,census_gazetteer_2026
27127,Redwood County,27127,Redwood County,identity,1.0,identity,,census_gazetteer_2026
27129,Renville County,27129,Renville County,identity,1.0,identity,,census_gazetteer_2026
27131,Rice County,27131,Rice County,identity,1.0,identity,,census_gazetteer_2026
27133,Rock County,27133,Rock County,identity,1.0,identity,,census_gazetteer_2026
27135,Roseau County,27135,Roseau County,identity,1.0,identity,,census_gazetteer_2026
27137,St. Louis County,27137,St. Louis County,identity,1.0,identity,,census_gazetteer_2026
27139,Scott County,27139,Scott County,identity,1.0,identity,,census_gazetteer_2026
27141,Sherburne County,27141,Sherburne County,identity,1.0,identity,,census_gazetteer_2026
27143,Sibley County,27143,Sibley County,identity,1.0,identity,,census_gazetteer_2026
27145,Stearns County,27145,Stearns County,identity,1.0,identity,,census_gazetteer_2026
27147,Steele County,27147,Steele County,identity,1.0,identity,,census_gazetteer_2026
27149,Stevens County,27149,Stevens County,identity,1.0,identity,,census_gazetteer_2026
27151,Swift County,27151,Swift County,identity,1.0,identity,,census_gazetteer_2026
27153,Todd County,27153,Todd County,identity,1.0,identity,,census_gazetteer_2026
27155,Traverse County,27155,Traverse County,identity,1.0,identity,,census_gazetteer_2026
27157,Wabasha County,27157,Wabasha County,identity,1.0,identity,,census_gazetteer_2026
27159,Wadena County,27159,Wadena County,identity,1.0,identity,,census_gazetteer_2026
27161,Waseca County,27161,Waseca County,identity,1.0,identity,,census_gazetteer_2026
27163,Washington County,27163,Washington County,identity,1.0,identity,,census_gazetteer_2026
27165,Watonwan County,27165,Watonwan County,identity,1.0,identity,,census_gazetteer_2026
27167,Wilkin County,27167,Wilkin County,identity,1.0,identity,,census_gazetteer_2026
27169,Winona County,27169,Winona County,identity,1.0,identity,,census_gazetteer_2026
27171,Wright County,27171,Wright County,identity,1.0,identity,,census_gazetteer_2026
27173,Yellow Medicine County,27173,Yellow Medicine County,identity,1.0,identity,,census_gazetteer_2026
28001,Adams County,28001,Adams County,identity,1.0,identity,,census_gazetteer_2026
28003,Alcorn County,28003,Alcorn County,identity,1.0,identity,,census_gazetteer_2026
28005,Amite County,28005,Amite County,identity,1.0,identity,,census_gazetteer_2026
28007,Attala County,28007,Attala County,identity,1.0,identity,,census_gazetteer_2026
28009,Benton County,28009,Benton County,identity,1.0,identity,,census_gazetteer_2026
28011,Bolivar County,28011,Bolivar County,identity,1.0,identity,,census_gazetteer_2026
28013,Calhoun County,28013,Calhoun County,identity,1.0,identity,,census_gazetteer_2026
28015,Carroll County,28015,Carroll County,identity,1.0,identity,,census_gazetteer_2026
28017,Chickasaw County,28017,Chickasaw County,identity,1.0,identity,,census_gazetteer_2026
28019,Choctaw County,28019,Choctaw County,identity,1.0,identity,,census_gazetteer_2026
28021,Claiborne County,28021,Claiborne County,identity,1.0,identity,,census_gazetteer_2026
28023,Clarke County,28023,Clarke County,identity,1.0,identity,,census_gazetteer_2026
28025,Clay County,28025,Clay County,identity,1.0,identity,,census_gazetteer_2026
28027,Coahoma County,28027,Coahoma County,identity,1.0,identity,,census_gazetteer_2026
28029,Copiah County,28029,Copiah County,identity,1.0,identity,,census_gazetteer_2026
28031,Covington County,28031,Covington County,identity,1.0,identity,,census_gazetteer_2026
28033,DeSoto County,28033,DeSoto County,identity,1.0,identity,,census_gazetteer_2026
28035,Forrest County,28035,Forrest County,identity,1.0,identity,,census_gazetteer_2026
28037,Franklin County,28037,Franklin County,identity,1.0,identity,,census_gazetteer_2026
28039,George County,28039,George County,identity,1.0,identity,,census_gazetteer_2026
28041,Greene County,28041,Greene County,identity,1.0,identity,,census_gazetteer_2026
28043,Grenada County,28043,Grenada County,identity,1.0,identity,,census_gazetteer_2026
28045,Hancock County,28045,Hancock County,identity,1.0,identity,,census_gazetteer_2026
28047,Harrison County,28047,Harrison County,identity,1.0,identity,,census_gazetteer_2026
28049,Hinds County,28049,Hinds County,identity,1.0,identity,,census_gazetteer_2026
28051,Holmes County,28051,Holmes County,identity,1.0,identity,,census_gazetteer_2026
28053,Humphreys County,28053,Humphreys County,identity,1.0,identity,,census_gazetteer_2026
28055,Issaquena County,28055,Issaquena County,identity,1.0,identity,,census_gazetteer_2026
28057,Itawamba County,28057,Itawamba County,identity,1.0,identity,,census_gazetteer_2026
28059,Jackson County,28059,Jackson County,identity,1.0,identity,,census_gazetteer_2026
28061,Jasper County,28061,Jasper County,identity,1.0,identity,,census_gazetteer_2026
28063,Jefferson County,28063,Jefferson County,identity,1.0,identity,,census_gazetteer_2026
28065,Jefferson Davis County,28065,Jefferson Davis County,identity,1.0,identity,,census_gazetteer_2026
28067,Jones County,28067,Jones County,identity,1.0,identity,,census_gazetteer_2026
28069,Kemper County,28069,Kemper County,identity,1.0,identity,,census_gazetteer_2026
28071,Lafayette County,28071,Lafayette County,identity,1.0,identity,,census_gazetteer_2026
28073,Lamar County,28073,Lamar County,identity,1.0,identity,,census_gazetteer_2026
28075,Lauderdale County,28075,Lauderdale County,identity,1.0,identity,,census_gazetteer_2026
28077,Lawrence County,28077,Lawrence County,identity,1.0,identity,,census_gazetteer_2026
28079,Leake County,28079,Leake County,identity,1.0,identity,,census_gazetteer_2026
28081,Lee County,28081,Lee County,identity,1.0,identity,,census_gazetteer_2026
28083,Leflore County,28083,Leflore County,identity,1.0,identity,,census_gazetteer_2026
28085,Lincoln County,28085,Lincoln County,identity,1.0,identity,,census_gazetteer_2026
28087,Lowndes County,28087,Lowndes County,identity,1.0,identity,,census_gazetteer_2026
28089,Madison County,28089,Madison County,identity,1.0,identity,,census_gazetteer_2026
28091,Marion County,28091,Marion County,identity,1.0,identity,,census_gazetteer_2026
28093,Marshall County,28093,Marshall County,identity,1.0,identity,,census_gazetteer_2026
28095,Monroe County,28095,Monroe County,identity,1.0,identity,,census_gazetteer_2026
28097,Montgomery County,28097,Montgomery County,identity,1.0,identity,,census_gazetteer_2026
28099,Neshoba County,28099,Neshoba County,identity,1.0,identity,,census_gazetteer_2026
28101,Newton County,28101,Newton County,identity,1.0,identity,,census_gazetteer_2026
28103,Noxubee County,28103,Noxubee County,identity,1.0,identity,,census_gazetteer_2026
28105,Oktibbeha County,28105,Oktibbeha County,identity,1.0,identity,,census_gazetteer_2026
28107,Panola County,28107,Panola County,identity,1.0,identity,,census_gazetteer_2026
28109,Pearl River County,28109,Pearl River County,identity,1.0,identity,,census_gazetteer_2026
28111,Perry County,28111,Perry County,identity,1.0,identity,,census_gazetteer_2026
28113,Pike County,28113,Pike County,identity,1.0,identity,,census_gazetteer_2026
28115,Pontotoc County,28115,Pontotoc County,identity,1.0,identity,,census_gazetteer_2026
28117,Prentiss County,28117,Prentiss County,identity,1.0,identity,,census_gazetteer_2026
28119,Quitman County,28119,Quitman County,identity,1.0,identity,,census_gazetteer_2026
28121,Rankin County,28121,Rankin County,identity,1.0,identity,,census_gazetteer_2026
28123,Scott County,28123,Scott County,identity,1.0,identity,,census_gazetteer_2026
28125,Sharkey County,28125,Sharkey County,identity,1.0,identity,,census_gazetteer_2026
28127,Simpson County,28127,Simpson County,identity,1.0,identity,,census_gazetteer_2026
28129,Smith County,28129,Smith County,identity,1.0,identity,,census_gazetteer_2026
28131,Stone County,28131,Stone County,identity,1.0,identity,,census_gazetteer_2026
28133,Sunflower County,28133,Sunflower County,identity,1.0,identity,,census_gazetteer_2026
28135,Tallahatchie County,28135,Tallahatchie County,identity,1.0,identity,,census_gazetteer_2026
28137,Tate County,28137,Tate County,identity,1.0,identity,,census_gazetteer_2026
28139,Tippah County,28139,Tippah County,identity,1.0,identity,,census_gazetteer_2026
28141,Tishomingo County,28141,Tishomingo County,identity,1.0,identity,,census_gazetteer_2026
28143,Tunica County,28143,Tunica County,identity,1.0,identity,,census_gazetteer_2026
28145,Union County,28145,Union County,identity,1.0,identity,,census_gazetteer_2026
28147,Walthall County,28147,Walthall County,identity,1.0,identity,,census_gazetteer_2026
28149,Warren County,28149,Warren County,identity,1.0,identity,,census_gazetteer_2026
28151,Washington County,28151,Washington County,identity,1.0,identity,,census_gazetteer_2026
28153,Wayne County,28153,Wayne County,identity,1.0,identity,,census_gazetteer_2026
28155,Webster County,28155,Webster County,identity,1.0,identity,,census_gazetteer_2026
28157,Wilkinson County,28157,Wilkinson County,identity,1.0,identity,,census_gazetteer_2026
28159,Winston County,28159,Winston County,identity,1.0,identity,,census_gazetteer_2026
28161,Yalobusha County,28161,Yalobusha County,identity,1.0,identity,,census_gazetteer_2026
28163,Yazoo County,28163,Yazoo County,identity,1.0,identity,,census_gazetteer_2026
29001,Adair County,29001,Adair County,identity,1.0,identity,,census_gazetteer_2026
29003,Andrew County,29003,Andrew County,identity,1.0,identity,,census_gazetteer_2026
29005,Atchison County,29005,Atchison County,identity,1.0,identity,,census_gazetteer_2026
29007,Audrain County,29007,Audrain County,identity,1.0,identity,,census_gazetteer_2026
29009,Barry County,29009,Barry County,identity,1.0,identity,,census_gazetteer_2026
29011,Barton County,29011,Barton County,identity,1.0,identity,,census_gazetteer_2026
29013,Bates County,29013,Bates County,identity,1.0,identity,,census_gazetteer_2026
29015,Benton County,29015,Benton County,identity,1.0,identity,,census_gazetteer_2026
29017,Bollinger County,29017,Bollinger County,identity,1.0,identity,,census_gazetteer_2026
29019,Boone County,29019,Boone County,identity,1.0,identity,,census_gazetteer_2026
29021,Buchanan County,29021,Buchanan County,identity,1.0,identity,,census_gazetteer_2026
29023,Butler County,29023,Butler County,identity,1.0,identity,,census_gazetteer_2026
29025,Caldwell County,29025,Caldwell County,identity,1.0,identity,,census_gazetteer_2026
29027,Callaway County,29027,Callaway County,identity,1.0,identity,,census_gazetteer_2026
29029,Camden County,29029,Camden County,identity,1.0,identity,,census_gazetteer_2026
29031,Cape Girardeau County,29031,Cape Girardeau County,identity,1.0,identity,,census_gazetteer_2026
29033,Carroll County,29033,Carroll County,identity,1.0,identity,,census_gazetteer_2026
29035,Carter County,29035,Carter County,identity,1.0,identity,,census_gazetteer_2026
29037,Cass County,29037,Cass County,identity,1.0,identity,,census_gazetteer_2026
29039,Cedar County,29039,Cedar County,identity,1.0,identity,,census_gazetteer_2026
29041,Chariton County,29041,Chariton County,identity,1.0,identity,,census_gazetteer_2026
29043,Christian County,29043,Christian County,identity,1.0,identity,,census_gazetteer_2026
29045,Clark County,29045,Clark County,identity,1.0,identity,,census_gazetteer_2026
29047,Clay County,29047,Clay County,identity,1.0,identity,,census_gazetteer_2026
29049,Clinton County,29049,Clinton County,identity,1.0,identity,,census_gazetteer_2026
29051,Cole County,29051,Cole County,identity,1.0,identity,,census_gazetteer_2026
29053,Cooper County,29053,Cooper County,identity,1.0,identity,,census_gazetteer_2026
29055,Crawford County,29055,Crawford County,identity,1.0,identity,,census_gazetteer_2026
29057,Dade County,29057,Dade County,identity,1.0,identity,,census_gazetteer_2026
29059,Dallas County,29059,Dallas County,identity,1.0,identity,,census_gazetteer_2026
29061,Daviess County,29061,Daviess County,identity,1.0,identity,,census_gazetteer_2026
29063,DeKalb County,29063,DeKalb County,identity,1.0,identity,,census_gazetteer_2026
29065,Dent County,29065,Dent County,identity,1.0,identity,,census_gazetteer_2026
29067,Douglas County,29067,Douglas County,identity,1.0,identity,,census_gazetteer_2026
29069,Dunklin County,29069,Dunklin County,identity,1.0,identity,,census_gazetteer_2026
29071,Franklin County,29071,Franklin County,identity,1.0,identity,,census_gazetteer_2026
29073,Gasconade County,29073,Gasconade County,identity,1.0,identity,,census_gazetteer_2026
29075,Gentry County,29075,Gentry County,identity,1.0,identity,,census_gazetteer_2026
29077,Greene County,29077,Greene County,identity,1.0,identity,,census_gazetteer_2026
29079,Grundy County,29079,Grundy County,identity,1.0,identity,,census_gazetteer_2026
29081,Harrison County,29081,Harrison County,identity,1.0,identity,,census_gazetteer_2026
29083,Henry County,29083,Henry County,identity,1.0,identity,,census_gazetteer_2026
29085,Hickory County,29085,Hickory County,identity,1.0,identity,,census_gazetteer_2026
29087,Holt County,29087,Holt County,identity,1.0,identity,,census_gazetteer_2026
29089,Howard County,29089,Howard County,identity,1.0,identity,,census_gazetteer_2026
29091,Howell County,29091,Howell County,identity,1.0,identity,,census_gazetteer_2026
29093,Iron County,29093,Iron County,identity,1.0,identity,,census_gazetteer_2026
29095,Jackson County,29095,Jackson County,identity,1.0,identity,,census_gazetteer_2026
29097,Jasper County,29097,Jasper County,identity,1.0,identity,,census_gazetteer_2026
29099,Jefferson County,29099,Jefferson County,identity,1.0,identity,,census_gazetteer_2026
29101,Johnson County,29101,Johnson County,identity,1.0,identity,,census_gazetteer_2026
29103,Knox County,29103,Knox County,identity,1.0,identity,,census_gazetteer_2026
29105,Laclede County,29105,Laclede County,identity,1.0,identity,,census_gazetteer_2026
29107,Lafayette County,29107,Lafayette County,identity,1.0,identity,,census_gazetteer_2026
29109,Lawrence County,29109,Lawrence County,identity,1.0,identity,,census_gazetteer_2026
29111,Lewis County,29111,Lewis County,identity,1.0,identity,,census_gazetteer_2026
29113,Lincoln County,29113,Lincoln County,identity,1.0,identity,,census_gazetteer_2026
29115,Linn County,29115,Linn County,identity,1.0,identity,,census_gazetteer_2026
29117,Livingston County,29117,Livingston County,identity,1.0,identity,,census_gazetteer_2026
29119,McDonald County,29119,McDonald County,identity,1.0,identity,,census_gazetteer_2026
29121,Macon County,29121,Macon County,identity,1.0,identity,,census_gazetteer_2026
29123,Madison County,29123,Madison County,identity,1.0,identity,,census_gazetteer_2026
29125,Maries County,29125,Maries County,identity,1.0,identity,,census_gazetteer_2026
29127,Marion County,29127,Marion County,identity,1.0,identity,,census_gazetteer_2026
29129,Mercer County,29129,Mercer County,identity,1.0,identity,,census_gazetteer_2026
29131,Miller County,29131,Miller County,identity,1.0,identity,,census_gazetteer_2026
29133,Mississippi County,29133,Mississippi County,identity,1.0,identity,,census_gazetteer_2026
29135,Moniteau County,29135,Moniteau County,identity,1.0,identity,,census_gazetteer_2026
29137,Monroe County,29137,Monroe County,identity,1.0,identity,,census_gazetteer_2026
29139,Montgomery County,29139,Montgomery County,identity,1.0,identity,,census_gazetteer_2026
29141,Morgan County,29141,Morgan County,identity,1.0,identity,,census_gazetteer_2026
29143,New Madrid County,29143,New Madrid County,identity,1.0,identity,,census_gazetteer_2026
29145,Newton County,29145,Newton County,identity,1.0,identity,,census_gazetteer_2026
29147,Nodaway County,29147,Nodaway County,identity,1.0,identity,,census_gazetteer_2026
29149,Oregon County,29149,Oregon County,identity,1.0,identity,,census_gazetteer_2026
29151,Osage County,29151,Osage County,identity,1.0,identity,,census_gazetteer_2026
29153,Ozark County,29153,Ozark County,identity,1.0,identity,,census_gazetteer_2026
29155,Pemiscot County,29155,Pemiscot County,identity,1.0,identity,,census_gazetteer_2026
29157,Perry County,29157,Perry County,identity,1.0,identity,,census_gazetteer_2026
29159,Pettis County,29159,Pettis County,identity,1.0,identity,,census_gazetteer_2026
29161,Phelps County,29161,Phelps County,identity,1.0,identity,,census_gazetteer_2026
29163,Pike County,29163,Pike County,identity,1.0,identity,,census_gazetteer_2026
29165,Platte County,29165,Platte County,identity,1.0,identity,,census_gazetteer_2026
29167,Polk County,29167,Polk County,identity,1.0,identity,,census_gazetteer_2026
29169,Pulaski County,29169,Pulaski County,identity,1.0,identity,,census_gazetteer_2026
29171,Putnam County,29171,Putnam County,identity,1.0,identity,,census_gazetteer_2026
29173,Ralls County,29173,Ralls County,identity,1.0,identity,,census_gazetteer_2026
29175,Randolph County,29175,Randolph County,identity,1.0,identity,,census_gazetteer_2026
29177,Ray County,29177,Ray County,identity,1.0,identity,,census_gazetteer_2026
29179,Reynolds County,29179,Reynolds County,identity,1.0,identity,,census_gazetteer_2026
29181,Ripley County,29181,Ripley County,identity,1.0,identity,,census_gazetteer_2026
29183,St. Charles County,29183,St. Charles County,identity,1.0,identity,,census_gazetteer_2026
29185,St. Clair County,29185,St. Clair County,identity,1.0,identity,,census_gazetteer_2026
29186,Ste. Genevieve County,29186,Ste. Genevieve County,identity,1.0,identity,,census_gazetteer_2026
29187,St. Francois County,29187,St. Francois County,identity,1.0,identity,,census_gazetteer_2026
29189,St. Louis County,29189,St. Louis County,identity,1.0,identity,,census_gazetteer_2026
29195,Saline County,29195,Saline County,identity,1.0,identity,,census_gazetteer_2026
29197,Schuyler County,29197,Schuyler County,identity,1.0,identity,,census_gazetteer_2026
29199,Scotland County,29199,Scotland County,identity,1.0,identity,,census_gazetteer_2026
29201,Scott County,29201,Scott County,identity,1.0,identity,,census_gazetteer_2026
29203,Shannon County,29203,Shannon County,identity,1.0,identity,,census_gazetteer_2026
29205,Shelby County,29205,Shelby County,identity,1.0,identity,,census_gazetteer_2026
29207,Stoddard County,29207,Stoddard County,identity,1.0,identity,,census_gazetteer_2026
29209,Stone County,29209,Stone County,identity,1.0,identity,,census_gazetteer_2026
29211,Sullivan County,29211,Sullivan County,identity,1.0,identity,,census_gazetteer_2026
29213,Taney County,29213,Taney County,identity,1.0,identity,,census_gazetteer_2026
29215,Texas County,29215,Texas County,identity,1.0,identity,,census_gazetteer_2026
29217,Vernon County,29217,Vernon County,identity,1.0,identity,,census_gazetteer_2026
29219,Warren County,29219,Warren County,identity,1.0,identity,,census_gazetteer_2026
29221,Washington County,29221,Washington County,identity,1.0,identity,,census_gazetteer_2026
29223,Wayne County,29223,Wayne County,identity,1.0,identity,,census_gazetteer_2026
29225,Webster County,29225,Webster County,identity,1.0,identity,,census_gazetteer_2026
29227,Worth County,29227,Worth County,identity,1.0,identity,,census_gazetteer_2026
29229,Wright County,29229,Wright County,identity,1.0,identity,,census_gazetteer_2026
29510,St. Louis city,29510,St. Louis city,identity,1.0,identity,,census_gazetteer_2026
30001,Beaverhead County,30001,Beaverhead County,identity,1.0,identity,,census_gazetteer_2026
30003,Big Horn County,30003,Big Horn County,identity,1.0,identity,,census_gazetteer_2026
30005,Blaine County,30005,Blaine County,identity,1.0,identity,,census_gazetteer_2026
30007,Broadwater County,30007,Broadwater County,identity,1.0,identity,,census_gazetteer_2026
30009,Carbon County,30009,Carbon County,identity,1.0,identity,,census_gazetteer_2026
30011,Carter County,30011,Carter County,identity,1.0,identity,,census_gazetteer_2026
30013,Cascade County,30013,Cascade County,identity,1.0,identity,,census_gazetteer_2026
30015,Chouteau County,30015,Chouteau County,identity,1.0,identity,,census_gazetteer_2026
30017,Custer County,30017,Custer County,identity,1.0,identity,,census_gazetteer_2026
30019,Daniels County,30019,Daniels County,identity,1.0,identity,,census_gazetteer_2026
30021,Dawson County,30021,Dawson County,identity,1.0,identity,,census_gazetteer_2026
30023,Deer Lodge County,30023,Deer Lodge County,identity,1.0,identity,,census_gazetteer_2026
30025,Fallon County,30025,Fallon County,identity,1.0,identity,,census_gazetteer_2026
30027,Fergus County,30027,Fergus County,identity,1.0,identity,,census_gazetteer_2026
30029,Flathead County,30029,Flathead County,identity,1.0,identity,,census_gazetteer_2026
30031,Gallatin County,30031,Gallatin County,identity,1.0,identity,,census_gazetteer_2026
30033,Garfield County,30033,Garfield County,identity,1.0,identity,,census_gazetteer_2026
30035,Glacier County,30035,Glacier County,identity,1.0,identity,,census_gazetteer_2026
30037,Golden Valley County,30037,Golden Valley County,identity,1.0,identity,,census_gazetteer_2026
30039,Granite County,30039,Granite County,identity,1.0,identity,,census_gazetteer_2026
30041,Hill County,30041,Hill County,identity,1.0,identity,,census_gazetteer_2026
30043,Jefferson County,30043,Jefferson County,identity,1.0,identity,,census_gazetteer_2026
30045,Judith Basin County,30045,Judith Basin County,identity,1.0,identity,,census_gazetteer_2026
30047,Lake County,30047,Lake County,identity,1.0,identity,,census_gazetteer_2026
30049,Lewis and Clark County,30049,Lewis and Clark County,identity,1.0,identity,,census_gazetteer_2026
30051,Liberty County,30051,Liberty County,identity,1.0,identity,,census_gazetteer_2026
30053,Lincoln County,30053,Lincoln County,identity,1.0,identity,,census_gazetteer_2026
30055,McCone County,30055,McCone County,identity,1.0,identity,,census_gazetteer_2026
30057,Madison County,30057,Madison County,identity,1.0,identity,,census_gazetteer_2026
30059,Meagher County,30059,Meagher County,identity,1.0,identity,,census_gazetteer_2026
30061,Mineral County,30061,Mineral County,identity,1.0,identity,,census_gazetteer_2026
30063,Missoula County,30063,Missoula County,identity,1.0,identity,,census_gazetteer_2026
30065,Musselshell County,30065,Musselshell County,identity,1.0,identity,,census_gazetteer_2026
30067,Park County,30067,Park County,identity,1.0,identity,,census_gazetteer_2026
30069,Petroleum County,30069,Petroleum County,identity,1.0,identity,,census_gazetteer_2026
30071,Phillips County,30071,Phillips County,identity,1.0,identity,,census_gazetteer_2026
30073,Pondera County,30073,Pondera County,identity,1.0,identity,,census_gazetteer_2026
30075,Powder River County,30075,Powder River County,identity,1.0,identity,,census_gazetteer_2026
30077,Powell County,30077,Powell County,identity,1.0,identity,,census_gazetteer_2026
30079,Prairie County,30079,Prairie County,identity,1.0,identity,,census_gazetteer_2026
30081,Ravalli County,30081,Ravalli County,identity,1.0,identity,,census_gazetteer_2026
30083,Richland County,30083,Richland County,identity,1.0,identity,,census_gazetteer_2026
30085,Roosevelt County,30085,Roosevelt County,identity,1.0,identity,,census_gazetteer_2026
30087,Rosebud County,30087,Rosebud County,identity,1.0,identity,,census_gazetteer_2026
30089,Sanders County,30089,Sanders County,identity,1.0,identity,,census_gazetteer_2026
30091,Sheridan County,30091,Sheridan County,identity,1.0,identity,,census_gazetteer_2026
30093,Silver Bow County,30093,Silver Bow County,identity,1.0,identity,,census_gazetteer_2026
30095,Stillwater County,30095,Stillwater County,identity,1.0,identity,,census_gazetteer_2026
30097,Sweet Grass County,30097,Sweet Grass County,identity,1.0,identity,,census_gazetteer_2026
30099,Teton County,30099,Teton County,identity,1.0,identity,,census_gazetteer_2026
30101,Toole County,30101,Toole County,identity,1.0,identity,,census_gazetteer_2026
30103,Treasure County,30103,Treasure County,identity,1.0,identity,,census_gazetteer_2026
30105,Valley County,30105,Valley County,identity,1.0,identity,,census_gazetteer_2026
30107,Wheatland County,30107,Wheatland County,identity,1.0,identity,,census_gazetteer_2026
30109,Wibaux County,30109,Wibaux County,identity,1.0,identity,,census_gazetteer_2026
30111,Yellowstone County,30111,Yellowstone County,identity,1.0,identity,,census_gazetteer_2026
31001,Adams County,31001,Adams County,identity,1.0,identity,,census_gazetteer_2026
31003,Antelope County,31003,Antelope County,identity,1.0,identity,,census_gazetteer_2026
31005,Arthur County,31005,Arthur County,identity,1.0,identity,,census_gazetteer_2026
31007,Banner County,31007,Banner County,identity,1.0,identity,,census_gazetteer_2026
31009,Blaine County,31009,Blaine County,identity,1.0,identity,,census_gazetteer_2026
31011,Boone County,31011,Boone County,identity,1.0,identity,,census_gazetteer_2026
31013,Box Butte County,31013,Box Butte County,identity,1.0,identity,,census_gazetteer_2026
31015,Boyd County,31015,Boyd County,identity,1.0,identity,,census_gazetteer_2026
31017,Brown County,31017,Brown County,identity,1.0,identity,,census_gazetteer_2026
31019,Buffalo County,31019,Buffalo County,identity,1.0,identity,,census_gazetteer_2026
31021,Burt County,31021,Burt County,identity,1.0,identity,,census_gazetteer_2026
31023,Butler County,31023,Butler County,identity,1.0,identity,,census_gazetteer_2026
31025,Cass County,31025,Cass County,identity,1.0,identity,,census_gazetteer_2026
31027,Cedar County,31027,Cedar County,identity,1.0,identity,,census_gazetteer_2026
31029,Chase County,31029,Chase County,identity,1.0,identity,,census_gazetteer_2026
31031,Cherry County,31031,Cherry County,identity,1.0,identity,,census_gazetteer_2026
31033,Cheyenne County,31033,Cheyenne County,identity,1.0,identity,,census_gazetteer_2026
31035,Clay County,31035,Clay County,identity,1.0,identity,,census_gazetteer_2026
31037,Colfax County,31037,Colfax County,identity,1.0,identity,,census_gazetteer_2026
31039,Cuming County,31039,Cuming County,identity,1.0,identity,,census_gazetteer_2026
31041,Custer County,31041,Custer County,identity,1.0,identity,,census_gazetteer_2026
31043,Dakota County,31043,Dakota County,identity,1.0,identity,,census_gazetteer_2026
31045,Dawes County,31045,Dawes County,identity,1.0,identity,,census_gazetteer_2026
31047,Dawson County,31047,Dawson County,identity,1.0,identity,,census_gazetteer_2026
31049,Deuel County,31049,Deuel County,identity,1.0,identity,,census_gazetteer_2026
31051,Dixon County,31051,Dixon County,identity,1.0,identity,,census_gazetteer_2026
31053,Dodge County,31053,Dodge County,identity,1.0,identity,,census_gazetteer_2026
31055,Douglas County,31055,Douglas County,identity,1.0,identity,,census_gazetteer_2026
31057,Dundy County,31057,Dundy County,identity,1.0,identity,,census_gazetteer_2026
31059,Fillmore County,31059,Fillmore County,identity,1.0,identity,,census_gazetteer_2026
31061,Franklin County,31061,Franklin County,identity,1.0,identity,,census_gazetteer_2026
31063,Frontier County,31063,Frontier County,identity,1.0,identity,,census_gazetteer_2026
31065,Furnas County,31065,Furnas County,identity,1.0,identity,,census_gazetteer_2026
31067,Gage County,31067,Gage County,identity,1.0,identity,,census_gazetteer_2026
31069,Garden County,31069,Garden County,identity,1.0,identity,,census_gazetteer_2026
31071,Garfield County,31071,Garfield County,identity,1.0,identity,,census_gazetteer_2026
31073,Gosper County,31073,Gosper County,identity,1.0,identity,,census_gazetteer_2026
31075,Grant County,31075,Grant County,identity,1.0,identity,,census_gazetteer_2026
31077,Greeley County,31077,Greeley County,identity,1.0,identity,,census_gazetteer_2026
31079,Hall County,31079,Hall County,identity,1.0,identity,,census_gazetteer_2026
31081,Hamilton County,31081,Hamilton County,identity,1.0,identity,,census_gazetteer_2026
31083,Harlan County,31083,Harlan County,identity,1.0,identity,,census_gazetteer_2026
31085,Hayes County,31085,Hayes County,identity,1.0,identity,,census_gazetteer_2026
31087,Hitchcock County,31087,Hitchcock County,identity,1.0,identity,,census_gazetteer_2026
31089,Holt County,31089,Holt County,identity,1.0,identity,,census_gazetteer_2026
31091,Hooker County,31091,Hooker County,identity,1.0,identity,,census_gazetteer_2026
31093,Howard County,31093,Howard County,identity,1.0,identity,,census_gazetteer_2026
31095,Jefferson County,31095,Jefferson County,identity,1.0,identity,,census_gazetteer_2026
31097,Johnson County,31097,Johnson County,identity,1.0,identity,,census_gazetteer_2026
31099,Kearney County,31099,Kearney County,identity,1.0,identity,,census_gazetteer_2026
31101,Keith County,31101,Keith County,identity,1.0,identity,,census_gazetteer_2026
31103,Keya Paha County,31103,Keya Paha County,identity,1.0,identity,,census_gazetteer_2026
31105,Kimball County,31105,Kimball County,identity,1.0,identity,,census_gazetteer_2026
31107,Knox County,31107,Knox County,identity,1.0,identity,,census_gazetteer_2026
31109,Lancaster County,31109,Lancaster County,identity,1.0,identity,,census_gazetteer_2026
31111,Lincoln County,31111,Lincoln County,identity,1.0,identity,,census_gazetteer_2026
31113,Logan County,31113,Logan County,identity,1.0,identity,,census_gazetteer_2026
31115,Loup County,31115,Loup County,identity,1.0,identity,,census_gazetteer_2026
31117,McPherson County,31117,McPherson County,identity,1.0,identity,,census_gazetteer_2026
31119,Madison County,31119,Madison County,identity,1.0,identity,,census_gazetteer_2026
31121,Merrick County,31121,Merrick County,identity,1.0,identity,,census_gazetteer_2026
31123,Morrill County,31123,Morrill County,identity,1.0,identity,,census_gazetteer_2026
31125,Nance County,31125,Nance County,identity,1.0,identity,,census_gazetteer_2026
31127,Nemaha County,31127,Nemaha County,identity,1.0,identity,,census_gazetteer_2026
31129,Nuckolls County,31129,Nuckolls County,identity,1.0,identity,,census_gazetteer_2026
31131,Otoe County,31131,Otoe County,identity,1.0,identity,,census_gazetteer_2026
31133,Pawnee County,31133,Pawnee County,identity,1.0,identity,,census_gazetteer_2026
31135,Perkins County,31135,Perkins County,identity,1.0,identity,,census_gazetteer_2026
31137,Phelps County,31137,Phelps County,identity,1.0,identity,,census_gazetteer_2026
31139,Pierce County,31139,Pierce County,identity,1.0,identity,,census_gazetteer_2026
31141,Platte County,31141,Platte County,identity,1.0,identity,,census_gazetteer_2026
31143,Polk County,31143,Polk County,identity,1.0,identity,,census_gazetteer_2026
31145,Red Willow County,31145,Red Willow County,identity,1.0,identity,,census_gazetteer_2026
31147,Richardson County,31147,Richardson County,identity,1.0,identity,,census_gazetteer_2026
31149,Rock County,31149,Rock County,identity,1.0,identity,,census_gazetteer_2026
31151,Saline County,31151,Saline County,identity,1.0,identity,,census_gazetteer_2026
31153,Sarpy County,31153,Sarpy County,identity,1.0,identity,,census_gazetteer_2026
31155,Saunders County,31155,Saunders County,identity,1.0,identity,,census_gazetteer_2026
31157,Scotts Bluff County,31157,Scotts Bluff County,identity,1.0,identity,,census_gazetteer_2026
31159,Seward County,31159,Seward County,identity,1.0,identity,,census_gazetteer_2026
31161,Sheridan County,31161,Sheridan County,identity,1.0,identity,,census_gazetteer_2026
31163,Sherman County,31163,Sherman County,identity,1.0,identity,,census_gazetteer_2026
31165,Sioux County,31165,Sioux County,identity,1.0,identity,,census_gazetteer_2026
31167,Stanton County,31167,Stanton County,identity,1.0,identity,,census_gazetteer_2026
31169,Thayer County,31169,Thayer County,identity,1.0,identity,,census_gazetteer_2026
31171,Thomas County,31171,Thomas County,identity,1.0,identity,,census_gazetteer_2026
31173,Thurston County,31173,Thurston County,identity,1.0,identity,,census_gazetteer_2026
31175,Valley County,31175,Valley County,identity,1.0,identity,,census_gazetteer_2026
31177,Washington County,31177,Washington County,identity,1.0,identity,,census_gazetteer_2026
31179,Wayne County,31179,Wayne County,identity,1.0,identity,,census_gazetteer_2026
31181,Webster County,31181,Webster County,identity,1.0,identity,,census_gazetteer_2026
31183,Wheeler County,31183,Wheeler County,identity,1.0,identity,,census_gazetteer_2026
31185,York County,31185,York County,identity,1.0,identity,,census_gazetteer_2026
32001,Churchill County,32001,Churchill County,identity,1.0,identity,,census_gazetteer_2026
32003,Clark County,32003,Clark County,identity,1.0,identity,,census_gazetteer_2026
32005,Douglas County,32005,Douglas County,identity,1.0,identity,,census_gazetteer_2026
32007,Elko County,32007,Elko County,identity,1.0,identity,,census_gazetteer_2026
32009,Esmeralda County,32009,Esmeralda County,identity,1.0,identity,,census_gazetteer_2026
32011,Eureka County,32011,Eureka County,identity,1.0,identity,,census_gazetteer_2026
32013,Humboldt County,32013,Humboldt County,identity,1.0,identity,,census_gazetteer_2026
32015,Lander County,32015,Lander County,identity,1.0,identity,,census_gazetteer_2026
32017,Lincoln County,32017,Lincoln County,identity,1.0,identity,,census_gazetteer_2026
32019,Lyon County,32019,Lyon County,identity,1.0,identity,,census_gazetteer_2026
32021,Mineral County,32021,Mineral County,identity,1.0,identity,,census_gazetteer_2026
32023,Nye County,32023,Nye County,identity,1.0,identity,,census_gazetteer_2026
32027,Pershing County,32027,Pershing County,identity,1.0,identity,,census_gazetteer_2026
32029,Storey County,32029,Storey County,identity,1.0,identity,,census_gazetteer_2026
32031,Washoe County,32031,Washoe County,identity,1.0,identity,,census_gazetteer_2026
32033,White Pine County,32033,White Pine County,identity,1.0,identity,,census_gazetteer_2026
32510,Carson City,32510,Carson City,identity,1.0,identity,,census_gazetteer_2026
33001,Belknap County,33001,Belknap County,identity,1.0,identity,,census_gazetteer_2026
33003,Carroll County,33003,Carroll County,identity,1.0,identity,,census_gazetteer_2026
33005,Cheshire County,33005,Cheshire County,identity,1.0,identity,,census_gazetteer_2026
33007,Coos County,33007,Coos County,identity,1.0,identity,,census_gazetteer_2026
33009,Grafton County,33009,Grafton County,identity,1.0,identity,,census_gazetteer_2026
33011,Hillsborough County,33011,Hillsborough County,identity,1.0,identity,,census_gazetteer_2026
33013,Merrimack County,33013,Merrimack County,identity,1.0,identity,,census_gazetteer_2026
33015,Rockingham County,33015,Rockingham County,identity,1.0,identity,,census_gazetteer_2026
33017,Strafford County,33017,Strafford County,identity,1.0,identity,,census_gazetteer_2026
33019,Sullivan County,33019,Sullivan County,identity,1.0,identity,,census_gazetteer_2026
34001,Atlantic County,34001,Atlantic County,identity,1.0,identity,,census_gazetteer_2026
34003,Bergen County,34003,Bergen County,identity,1.0,identity,,census_gazetteer_2026
34005,Burlington County,34005,Burlington County,identity,1.0,identity,,census_gazetteer_2026
34007,Camden County,34007,Camden County,identity,1.0,identity,,census_gazetteer_2026
34009,Cape May County,34009,Cape May County,identity,1.0,identity,,census_gazetteer_2026
34011,Cumberland County,34011,Cumberland County,identity,1.0,identity,,census_gazetteer_2026
34013,Essex County,34013,Essex County,identity,1.0,identity,,census_gazetteer_2026
34015,Gloucester County,34015,Gloucester County,identity,1.0,identity,,census_gazetteer_2026
34017,Hudson County,34017,Hudson County,identity,1.0,identity,,census_gazetteer_2026
34019,Hunterdon County,34019,Hunterdon County,identity,1.0,identity,,census_gazetteer_2026
34021,Mercer County,34021,Mercer County,identity,1.0,identity,,census_gazetteer_2026
34023,Middlesex County,34023,Middlesex County,identity,1.0,identity,,census_gazetteer_2026
34025,Monmouth County,34025,Monmouth County,identity,1.0,identity,,census_gazetteer_2026
34027,Morris County,34027,Morris County,identity,1.0,identity,,census_gazetteer_2026
34029,Ocean County,34029,Ocean County,identity,1.0,identity,,census_gazetteer_2026
34031,Passaic County,34031,Passaic County,identity,1.0,identity,,census_gazetteer_2026
34033,Salem County,34033,Salem County,identity,1.0,identity,,census_gazetteer_2026
34035,Somerset County,34035,Somerset County,identity,1.0,identity,,census_gazetteer_2026
34037,Sussex County,34037,Sussex County,identity,1.0,identity,,census_gazetteer_2026
34039,Union County,34039,Union County,identity,1.0,identity,,census_gazetteer_2026
34041,Warren County,34041,Warren County,identity,1.0,identity,,census_gazetteer_2026
35001,Bernalillo County,35001,Bernalillo County,identity,1.0,identity,,census_gazetteer_2026
35003,Catron County,35003,Catron County,identity,1.0,identity,,census_gazetteer_2026
35005,Chaves County,35005,Chaves County,identity,1.0,identity,,census_gazetteer_2026
35006,Cibola County,35006,Cibola County,identity,1.0,identity,,census_gazetteer_2026
35007,Colfax County,35007,Colfax County,identity,1.0,identity,,census_gazetteer_2026
35009,Curry County,35009,Curry County,identity,1.0,identity,,census_gazetteer_2026
35011,De Baca County,35011,De Baca County,identity,1.0,identity,,census_gazetteer_2026
35013,DoÃ±a Ana County,35013,DoÃ±a Ana County,identity,1.0,identity,,census_gazetteer_2026
35015,Eddy County,35015,Eddy County,identity,1.0,identity,,census_gazetteer_2026
35017,Grant County,35017,Grant County,identity,1.0,identity,,census_gazetteer_2026
35019,Guadalupe County,35019,Guadalupe County,identity,1.0,identity,,census_gazetteer_2026
35021,Harding County,35021,Harding County,identity,1.0,identity,,census_gazetteer_2026
35023,Hidalgo County,35023,Hidalgo County,identity,1.0,identity,,census_gazetteer_2026
35025,Lea County,35025,Lea County,identity,1.0,identity,,census_gazetteer_2026
35027,Lincoln County,35027,Lincoln County,identity,1.0,identity,,census_gazetteer_2026
35028,Los Alamos County,35028,Los Alamos County,identity,1.0,identity,,census_gazetteer_2026
35029,Luna County,35029,Luna County,identity,1.0,identity,,census_gazetteer_2026
35031,McKinley County,35031,McKinley County,identity,1.0,identity,,census_gazetteer_2026
35033,Mora County,35033,Mora County,identity,1.0,identity,,census_gazetteer_2026
35035,Otero County,35035,Otero County,identity,1.0,identity,,census_gazetteer_2026
35037,Quay County,35037,Quay County,identity,1.0,identity,,census_gazetteer_2026
35039,Rio Arriba County,35039,Rio Arriba County,identity,1.0,identity,,census_gazetteer_2026
35041,Roosevelt County,35041,Roosevelt County,identity,1.0,identity,,census_gazetteer_2026
35043,Sandoval County,35043,Sandoval County,identity,1.0,identity,,census_gazetteer_2026
35045,San Juan County,35045,San Juan County,identity,1.0,identity,,census_gazetteer_2026
35047,San Miguel County,35047,San Miguel County,identity,1.0,identity,,census_gazetteer_2026
35049,Santa Fe County,35049,Santa Fe County,identity,1.0,identity,,census_gazetteer_2026
35051,Sierra County,35051,Sierra County,identity,1.0,identity,,census_gazetteer_2026
35053,Socorro County,35053,Socorro County,identity,1.0,identity,,census_gazetteer_2026
35055,Taos County,35055,Taos County,identity,1.0,identity,,census_gazetteer_2026
35057,Torrance County,35057,Torrance County,identity,1.0,identity,,census_gazetteer_2026
35059,Union County,35059,Union County,identity,1.0,identity,,census_gazetteer_2026
35061,Valencia County,35061,Valencia County,identity,1.0,identity,,census_gazetteer_2026
36001,Albany County,36001,Albany County,identity,1.0,identity,,census_gazetteer_2026
36003,Allegany County,36003,Allegany County,identity,1.0,identity,,census_gazetteer_2026
36005,Bronx County,36005,Bronx County,identity,1.0,identity,,census_gazetteer_2026
36007,Broome County,36007,Broome County,identity,1.0,identity,,census_gazetteer_2026
36009,Cattaraugus County,36009,Cattaraugus County,identity,1.0,identity,,census_gazetteer_2026
36011,Cayuga County,36011,Cayuga County,identity,1.0,identity,,census_gazetteer_2026
36013,Chautauqua County,36013,Chautauqua County,identity,1.0,identity,,census_gazetteer_2026
36015,Chemung County,36015,Chemung County,identity,1.0,identity,,census_gazetteer_2026
36017,Chenango County,36017,Chenango County,identity,1.0,identity,,census_gazetteer_2026
36019,Clinton County,36019,Clinton County,identity,1.0,identity,,census_gazetteer_2026
36021,Columbia County,36021,Columbia County,identity,1.0,identity,,census_gazetteer_2026
36023,Cortland County,36023,Cortland County,identity,1.0,identity,,census_gazetteer_2026
36025,Delaware County,36025,Delaware County,identity,1.0,identity,,census_gazetteer_2026
36027,Dutchess County,36027,Dutchess County,identity,1.0,identity,,census_gazetteer_2026
36029,Erie County,36029,Erie County,identity,1.0,identity,,census_gazetteer_2026
36031,Essex County,36031,Essex County,identity,1.0,identity,,census_gazetteer_2026
36033,Franklin County,36033,Franklin County,identity,1.0,identity,,census_gazetteer_2026
36035,Fulton County,36035,Fulton County,identity,1.0,identity,,census_gazetteer_2026
36037,Genesee County,36037,Genesee County,identity,1.0,identity,,census_gazetteer_2026
36039,Greene County,36039,Greene County,identity,1.0,identity,,census_gazetteer_2026
36041,Hamilton County,36041,Hamilton County,identity,1.0,identity,,census_gazetteer_2026
36043,Herkimer County,36043,Herkimer County,identity,1.0,identity,,census_gazetteer_2026
36045,Jefferson County,36045,Jefferson County,identity,1.0,identity,,census_gazetteer_2026
36047,Kings County,36047,Kings County,identity,1.0,identity,,census_gazetteer_2026
36049,Lewis County,36049,Lewis County,identity,1.0,identity,,census_gazetteer_2026
36051,Livingston County,36051,Livingston County,identity,1.0,identity,,census_gazetteer_2026
36053,Madison County,36053,Madison County,identity,1.0,identity,,census_gazetteer_2026
36055,Monroe County,36055,Monroe County,identity,1.0,identity,,census_gazetteer_2026
36057,Montgomery County,36057,Montgomery County,identity,1.0,identity,,census_gazetteer_2026
36059,Nassau County,36059,Nassau County,identity,1.0,identity,,census_gazetteer_2026
36061,New York County,36061,New York County,identity,1.0,identity,,census_gazetteer_2026
36063,Niagara County,36063,Niagara County,identity,1.0,identity,,census_gazetteer_2026
36065,Oneida County,36065,Oneida County,identity,1.0,identity,,census_gazetteer_2026
36067,Onondaga County,36067,Onondaga County,identity,1.0,identity,,census_gazetteer_2026
36069,Ontario County,36069,Ontario County,identity,1.0,identity,,census_gazetteer_2026
36071,Orange County,36071,Orange County,identity,1.0,identity,,census_gazetteer_2026
36073,Orleans County,36073,Orleans County,identity,1.0,identity,,census_gazetteer_2026
36075,Oswego County,36075,Oswego County,identity,1.0,identity,,census_gazetteer_2026
36077,Otsego County,36077,Otsego County,identity,1.0,identity,,census_gazetteer_2026
36079,Putnam County,36079,Putnam County,identity,1.0,identity,,census_gazetteer_2026
36081,Queens County,36081,Queens County,identity,1.0,identity,,census_gazetteer_2026
36083,Rensselaer County,36083,Rensselaer County,identity,1.0,identity,,census_gazetteer_2026
36085,Richmond County,36085,Richmond County,identity,1.0,identity,,census_gazetteer_2026
36087,Rockland County,36087,Rockland County,identity,1.0,identity,,census_gazetteer_2026
36089,St. Lawrence County,36089,St. Lawrence County,identity,1.0,identity,,census_gazetteer_2026
36091,Saratoga County,36091,Saratoga County,identity,1.0,identity,,census_gazetteer_2026
36093,Schenectady County,36093,Schenectady County,identity,1.0,identity,,census_gazetteer_2026
36095,Schoharie County,36095,Schoharie County,identity,1.0,identity,,census_gazetteer_2026
36097,Schuyler County,36097,Schuyler County,identity,1.0,identity,,census_gazetteer_2026
36099,Seneca County,36099,Seneca County,identity,1.0,identity,,census_gazetteer_2026
36101,Steuben County,36101,Steuben County,identity,1.0,identity,,census_gazetteer_2026
36103,Suffolk County,36103,Suffolk County,identity,1.0,identity,,census_gazetteer_2026
36105,Sullivan County,36105,Sullivan County,identity,1.0,identity,,census_gazetteer_2026
36107,Tioga County,36107,Tioga County,identity,1.0,identity,,census_gazetteer_2026
36109,Tompkins County,36109,Tompkins County,identity,1.0,identity,,census_gazetteer_2026
36111,Ulster County,36111,Ulster County,identity,1.0,identity,,census_gazetteer_2026
36113,Warren County,36113,Warren County,identity,1.0,identity,,census_gazetteer_2026
36115,Washington County,36115,Washington County,identity,1.0,identity,,census_gazetteer_2026
36117,Wayne County,36117,Wayne County,identity,1.0,identity,,census_gazetteer_2026
36119,Westchester County,36119,Westchester County,identity,1.0,identity,,census_gazetteer_2026
36121,Wyoming County,36121,Wyoming County,identity,1.0,identity,,census_gazetteer_2026
36123,Yates County,36123,Yates County,identity,1.0,identity,,census_gazetteer_2026
37001,Alamance County,37001,Alamance County,identity,1.0,identity,,census_gazetteer_2026
37003,Alexander County,37003,Alexander County,identity,1.0,identity,,census_gazetteer_2026
37005,Alleghany County,37005,Alleghany County,identity,1.0,identity,,census_gazetteer_2026
37007,Anson County,37007,Anson County,identity,1.0,identity,,census_gazetteer_2026
37009,Ashe County,37009,Ashe County,identity,1.0,identity,,census_gazetteer_2026
37011,Avery County,37011,Avery County,identity,1.0,identity,,census_gazetteer_2026
37013,Beaufort County,37013,Beaufort County,identity,1.0,identity,,census_gazetteer_2026
37015,Bertie County,37015,Bertie County,identity,1.0,identity,,census_gazetteer_2026
37017,Bladen County,37017,Bladen County,identity,1.0,identity,,census_gazetteer_2026
37019,Brunswick County,37019,Brunswick County,identity,1.0,identity,,census_gazetteer_2026
37021,Buncombe County,37021,Buncombe County,identity,1.0,identity,,census_gazetteer_2026
37023,Burke County,37023,Burke County,identity,1.0,identity,,census_gazetteer_2026
37025,Cabarrus County,37025,Cabarrus County,identity,1.0,identity,,census_gazetteer_2026
37027,Caldwell County,37027,Caldwell County,identity,1.0,identity,,census_gazetteer_2026
37029,Camden County,37029,Camden County,identity,1.0,identity,,census_gazetteer_2026
37031,Carteret County,37031,Carteret County,identity,1.0,identity,,census_gazetteer_2026
37033,Caswell County,37033,Caswell County,identity,1.0,identity,,census_gazetteer_2026
37035,Catawba County,37035,Catawba County,identity,1.0,identity,,census_gazetteer_2026
37037,Chatham County,37037,Chatham County,identity,1.0,identity,,census_gazetteer_2026
37039,Cherokee County,37039,Cherokee County,identity,1.0,identity,,census_gazetteer_2026
37041,Chowan County,37041,Chowan County,identity,1.0,identity,,census_gazetteer_2026
37043,Clay County,37043,Clay County,identity,1.0,identity,,census_gazetteer_2026
37045,Cleveland County,37045,Cleveland County,identity,1.0,identity,,census_gazetteer_2026
37047,Columbus County,37047,Columbus County,identity,1.0,identity,,census_gazetteer_2026
37049,Craven County,37049,Craven County,identity,1.0,identity,,census_gazetteer_2026
37051,Cumberland County,37051,Cumberland County,identity,1.0,identity,,census_gazetteer_2026
37053,Currituck County,37053,Currituck County,identity,1.0,identity,,census_gazetteer_2026
37055,Dare County,37055,Dare County,identity,1.0,identity,,census_gazetteer_2026
37057,Davidson County,37057,Davidson County,identity,1.0,identity,,census_gazetteer_2026
37059,Davie County,37059,Davie County,identity,1.0,identity,,census_gazetteer_2026
37061,Duplin County,37061,Duplin County,identity,1.0,identity,,census_gazetteer_2026
37063,Durham County,37063,Durham County,identity,1.0,identity,,census_gazetteer_2026
37065,Edgecombe County,37065,Edgecombe County,identity,1.0,identity,,census_gazetteer_2026
37067,Forsyth County,37067,Forsyth County,identity,1.0,identity,,census_gazetteer_2026
37069,Franklin County,37069,Franklin County,identity,1.0,identity,,census_gazetteer_2026
37071,Gaston County,37071,Gaston County,identity,1.0,identity,,census_gazetteer_2026
37073,Gates County,37073,Gates County,identity,1.0,identity,,census_gazetteer_2026
37075,Graham County,37075,Graham County,identity,1.0,identity,,census_gazetteer_2026
37077,Granville County,37077,Granville County,identity,1.0,identity,,census_gazetteer_2026
37079,Greene County,37079,Greene County,identity,1.0,identity,,census_gazetteer_2026
37081,Guilford County,37081,Guilford County,identity,1.0,identity,,census_gazetteer_2026
37083,Halifax County,37083,Halifax County,identity,1.0,identity,,census_gazetteer_2026
37085,Harnett County,37085,Harnett County,identity,1.0,identity,,census_gazetteer_2026
37087,Haywood County,37087,Haywood County,identity,1.0,identity,,census_gazetteer_2026
37089,Henderson County,37089,Henderson County,identity,1.0,identity,,census_gazetteer_2026
37091,Hertford County,37091,Hertford County,identity,1.0,identity,,census_gazetteer_2026
37093,Hoke County,37093,Hoke County,identity,1.0,identity,,census_gazetteer_2026
37095,Hyde County,37095,Hyde County,identity,1.0,identity,,census_gazetteer_2026
37097,Iredell County,37097,Iredell County,identity,1.0,identity,,census_gazetteer_2026
37099,Jackson County,37099,Jackson County,identity,1.0,identity,,census_gazetteer_2026
37101,Johnston County,37101,Johnston County,identity,1.0,identity,,census_gazetteer_2026
37103,Jones County,37103,Jones County,identity,1.0,identity,,census_gazetteer_2026
37105,Lee County,37105,Lee County,identity,1.0,identity,,census_gazetteer_2026
37107,Lenoir County,37107,Lenoir County,identity,1.0,identity,,census_gazetteer_2026
37109,Lincoln County,37109,Lincoln County,identity,1.0,identity,,census_gazetteer_2026
37111,McDowell County,37111,McDowell County,identity,1.0,identity,,census_gazetteer_2026
37113,Macon County,37113,Macon County,identity,1.0,identity,,census_gazetteer_2026
37115,Madison County,37115,Madison County,identity,1.0,identity,,census_gazetteer_2026
37117,Martin County,37117,Martin County,identity,1.0,identity,,census_gazetteer_2026
37119,Mecklenburg County,37119,Mecklenburg County,identity,1.0,identity,,census_gazetteer_2026
37121,Mitchell County,37121,Mitchell County,identity,1.0,identity,,census_gazetteer_2026
37123,Montgomery County,37123,Montgomery County,identity,1.0,identity,,census_gazetteer_2026
37125,Moore County,37125,Moore County,identity,1.0,identity,,census_gazetteer_2026
37127,Nash County,37127,Nash County,identity,1.0,identity,,census_gazetteer_2026
37129,New Hanover County,37129,New Hanover County,identity,1.0,identity,,census_gazetteer_2026
37131,Northampton County,37131,Northampton County,identity,1.0,identity,,census_gazetteer_2026
37133,Onslow County,37133,Onslow County,identity,1.0,identity,,census_gazetteer_2026
37135,Orange County,37135,Orange County,identity,1.0,identity,,census_gazetteer_2026
37137,Pamlico County,37137,Pamlico County,identity,1.0,identity,,census_gazetteer_2026
37139,Pasquotank County,37139,Pasquotank County,identity,1.0,identity,,census_gazetteer_2026
37141,Pender County,37141,Pender County,identity,1.0,identity,,census_gazetteer_2026
37143,Perquimans County,37143,Perquimans County,identity,1.0,identity,,census_gazetteer_2026
37145,Person County,37145,Person County,identity,1.0,identity,,census_gazetteer_2026
37147,Pitt County,37147,Pitt County,identity,1.0,identity,,census_gazetteer_2026
37149,Polk County,37149,Polk County,identity,1.0,identity,,census_gazetteer_2026
37151,Randolph County,37151,Randolph County,identity,1.0,identity,,census_gazetteer_2026
37153,Richmond County,37153,Richmond County,identity,1.0,identity,,census_gazetteer_2026
37155,Robeson County,37155,Robeson County,identity,1.0,identity,,census_gazetteer_2026
37157,Rockingham County,37157,Rockingham County,identity,1.0,identity,,census_gazetteer_2026
37159,Rowan County,37159,Rowan County,identity,1.0,identity,,census_gazetteer_2026
37161,Rutherford County,37161,Rutherford County,identity,1.0,identity,,census_gazetteer_2026
37163,Sampson County,37163,Sampson County,identity,1.0,identity,,census_gazetteer_2026
37165,Scotland County,37165,Scotland County,identity,1.0,identity,,census_gazetteer_2026
37167,Stanly County,37167,Stanly County,identity,1.0,identity,,census_gazetteer_2026
37169,Stokes County,37169,Stokes County,identity,1.0,identity,,census_gazetteer_2026
37171,Surry County,37171,Surry County,identity,1.0,identity,,census_gazetteer_2026
37173,Swain County,37173,Swain County,identity,1.0,identity,,census_gazetteer_2026
37175,Transylvania County,37175,Transylvania County,identity,1.0,identity,,census_gazetteer_2026
37177,Tyrrell County,37177,Tyrrell County,identity,1.0,identity,,census_gazetteer_2026
37179,Union County,37179,Union County,identity,1.0,identity,,census_gazetteer_2026
37181,Vance County,37181,Vance County,identity,1.0,identity,,census_gazetteer_2026
37183,Wake County,37183,Wake County,identity,1.0,identity,,census_gazetteer_2026
37185,Warren County,37185,Warren County,identity,1.0,identity,,census_gazetteer_2026
37187,Washington County,37187,Washington County,identity,1.0,identity,,census_gazetteer_2026
37189,Watauga County,37189,Watauga County,identity,1.0,identity,,census_gazetteer_2026
37191,Wayne County,37191,Wayne County,identity,1.0,identity,,census_gazetteer_2026
37193,Wilkes County,37193,Wilkes County,identity,1.0,identity,,census_gazetteer_2026
37195,Wilson County,37195,Wilson County,identity,1.0,identity,,census_gazetteer_2026
37197,Yadkin County,37197,Yadkin County,identity,1.0,identity,,census_gazetteer_2026
37199,Yancey County,37199,Yancey County,identity,1.0,identity,,census_gazetteer_2026
38001,Adams County,38001,Adams County,identity,1.0,identity,,census_gazetteer_2026
38003,Barnes County,38003,Barnes County,identity,1.0,identity,,census_gazetteer_2026
38005,Benson County,38005,Benson County,identity,1.0,identity,,census_gazetteer_2026
38007,Billings County,38007,Billings County,identity,1.0,identity,,census_gazetteer_2026
38009,Bottineau County,38009,Bottineau County,identity,1.0,identity,,census_gazetteer_2026
38011,Bowman County,38011,Bowman County,identity,1.0,identity,,census_gazetteer_2026
38013,Burke County,38013,Burke County,identity,1.0,identity,,census_gazetteer_2026
38015,Burleigh County,38015,Burleigh County,identity,1.0,identity,,census_gazetteer_2026
38017,Cass County,38017,Cass County,identity,1.0,identity,,census_gazetteer_2026
38019,Cavalier County,38019,Cavalier County,identity,1.0,identity,,census_gazetteer_2026
38021,Dickey County,38021,Dickey County,identity,1.0,identity,,census_gazetteer_2026
38023,Divide County,38023,Divide County,identity,1.0,identity,,census_gazetteer_2026
38025,Dunn County,38025,Dunn County,identity,1.0,identity,,census_gazetteer_2026
38027,Eddy County,38027,Eddy County,identity,1.0,identity,,census_gazetteer_2026
38029,Emmons County,38029,Emmons County,identity,1.0,identity,,census_gazetteer_2026
38031,Foster County,38031,Foster County,identity,1.0,identity,,census_gazetteer_2026
38033,Golden Valley County,38033,Golden Valley County,identity,1.0,identity,,census_gazetteer_2026
38035,Grand Forks County,38035,Grand Forks County,identity,1.0,identity,,census_gazetteer_2026
38037,Grant County,38037,Grant County,identity,1.0,identity,,census_gazetteer_2026
38039,Griggs County,38039,Griggs County,identity,1.0,identity,,census_gazetteer_2026
38041,Hettinger County,38041,Hettinger County,identity,1.0,identity,,census_gazetteer_2026
38043,Kidder County,38043,Kidder County,identity,1.0,identity,,census_gazetteer_2026
38045,LaMoure County,38045,LaMoure County,identity,1.0,identity,,census_gazetteer_2026
38047,Logan County,38047,Logan County,identity,1.0,identity,,census_gazetteer_2026
38049,McHenry County,38049,McHenry County,identity,1.0,identity,,census_gazetteer_2026
38051,McIntosh County,38051,McIntosh County,identity,1.0,identity,,census_gazetteer_2026
38053,McKenzie County,38053,McKenzie County,identity,1.0,identity,,census_gazetteer_2026
38055,McLean County,38055,McLean County,identity,1.0,identity,,census_gazetteer_2026
38057,Mercer County,38057,Mercer County,identity,1.0,identity,,census_gazetteer_2026
38059,Morton County,38059,Morton County,identity,1.0,identity,,census_gazetteer_2026
38061,Mountrail County,38061,Mountrail County,identity,1.0,identity,,census_gazetteer_2026
38063,Nelson County,38063,Nelson County,identity,1.0,identity,,census_gazetteer_2026
38065,Oliver County,38065,Oliver County,identity,1.0,identity,,census_gazetteer_2026
38067,Pembina County,38067,Pembina County,identity,1.0,identity,,census_gazetteer_2026
38069,Pierce County,38069,Pierce County,identity,1.0,identity,,census_gazetteer_2026
38071,Ramsey County,38071,Ramsey County,identity,1.0,identity,,census_gazetteer_2026
38073,Ransom County,38073,Ransom County,identity,1.0,identity,,census_gazetteer_2026
38075,Renville County,38075,Renville County,identity,1.0,identity,,census_gazetteer_2026
38077,Richland County,38077,Richland County,identity,1.0,identity,,census_gazetteer_2026
38079,Rolette County,38079,Rolette County,identity,1.0,identity,,census_gazetteer_2026
38081,Sargent County,38081,Sargent County,identity,1.0,identity,,census_gazetteer_2026
38083,Sheridan County,38083,Sheridan County,identity,1.0,identity,,census_gazetteer_2026
38085,Sioux County,38085,Sioux County,identity,1.0,identity,,census_gazetteer_2026
38087,Slope County,38087,Slope County,identity,1.0,identity,,census_gazetteer_2026
38089,Stark County,38089,Stark County,identity,1.0,identity,,census_gazetteer_2026
38091,Steele County,38091,Steele County,identity,1.0,identity,,census_gazetteer_2026
38093,Stutsman County,38093,Stutsman County,identity,1.0,identity,,census_gazetteer_2026
38095,Towner County,38095,Towner County,identity,1.0,identity,,census_gazetteer_2026
38097,Traill County,38097,Traill County,identity,1.0,identity,,census_gazetteer_2026
38099,Walsh County,38099,Walsh County,identity,1.0,identity,,census_gazetteer_2026
38101,Ward County,38101,Ward County,identity,1.0,identity,,census_gazetteer_2026
38103,Wells County,38103,Wells County,identity,1.0,identity,,census_gazetteer_2026
38105,Williams County,38105,Williams County,identity,1.0,identity,,census_gazetteer_2026
39001,Adams County,39001,Adams County,identity,1.0,identity,,census_gazetteer_2026
39003,Allen County,39003,Allen County,identity,1.0,identity,,census_gazetteer_2026
39005,Ashland County,39005,Ashland County,identity,1.0,identity,,census_gazetteer_2026
39007,Ashtabula County,39007,Ashtabula County,identity,1.0,identity,,census_gazetteer_2026
39009,Athens County,39009,Athens County,identity,1.0,identity,,census_gazetteer_2026
39011,Auglaize County,39011,Auglaize County,identity,1.0,identity,,census_gazetteer_2026
39013,Belmont County,39013,Belmont County,identity,1.0,identity,,census_gazetteer_2026
39015,Brown County,39015,Brown County,identity,1.0,identity,,census_gazetteer_2026
39017,Butler County,39017,Butler County,identity,1.0,identity,,census_gazetteer_2026
39019,Carroll County,39019,Carroll County,identity,1.0,identity,,census_gazetteer_2026
39021,Champaign County,39021,Champaign County,identity,1.0,identity,,census_gazetteer_2026
39023,Clark County,39023,Clark County,identity,1.0,identity,,census_gazetteer_2026
39025,Clermont County,39025,Clermont County,identity,1.0,identity,,census_gazetteer_2026
39027,Clinton County,39027,Clinton County,identity,1.0,identity,,census_gazetteer_2026
39029,Columbiana County,39029,Columbiana County,identity,1.0,identity,,census_gazetteer_2026
39031,Coshocton County,39031,Coshocton County,identity,1.0,identity,,census_gazetteer_2026
39033,Crawford County,39033,Crawford County,identity,1.0,identity,,census_gazetteer_2026
39035,Cuyahoga County,39035,Cuyahoga County,identity,1.0,identity,,census_gazetteer_2026
39037,Darke County,39037,Darke County,identity,1.0,identity,,census_gazetteer_2026
39039,Defiance County,39039,Defiance County,identity,1.0,identity,,census_gazetteer_2026
39041,Delaware County,39041,Delaware County,identity,1.0,identity,,census_gazetteer_2026
39043,Erie County,39043,Erie County,identity,1.0,identity,,census_gazetteer_2026
39045,Fairfield County,39045,Fairfield County,identity,1.0,identity,,census_gazetteer_2026
39047,Fayette County,39047,Fayette County,identity,1.0,identity,,census_gazetteer_2026
39049,Franklin County,39049,Franklin County,identity,1.0,identity,,census_gazetteer_2026
39051,Fulton County,39051,Fulton County,identity,1.0,identity,,census_gazetteer_2026
39053,Gallia County,39053,Gallia County,identity,1.0,identity,,census_gazetteer_2026
39055,Geauga County,39055,Geauga County,identity,1.0,identity,,census_gazetteer_2026
39057,Greene County,39057,Greene County,identity,1.0,identity,,census_gazetteer_2026
39059,Guernsey County,39059,Guernsey County,identity,1.0,identity,,census_gazetteer_2026
39061,Hamilton County,39061,Hamilton County,identity,1.0,identity,,census_gazetteer_2026
39063,Hancock County,39063,Hancock County,identity,1.0,identity,,census_gazetteer_2026
39065,Hardin County,39065,Hardin County,identity,1.0,identity,,census_gazetteer_2026
39067,Harrison County,39067,Harrison County,identity,1.0,identity,,census_gazetteer_2026
39069,Henry County,39069,Henry County,identity,1.0,identity,,census_gazetteer_2026
39071,Highland County,39071,Highland County,identity,1.0,identity,,census_gazetteer_2026
39073,Hocking County,39073,Hocking County,identity,1.0,identity,,census_gazetteer_2026
39075,Holmes County,39075,Holmes County,identity,1.0,identity,,census_gazetteer_2026
39077,Huron County,39077,Huron County,identity,1.0,identity,,census_gazetteer_2026
39079,Jackson County,39079,Jackson County,identity,1.0,identity,,census_gazetteer_2026
39081,Jefferson County,39081,Jefferson County,identity,1.0,identity,,census_gazetteer_2026
39083,Knox County,39083,Knox County,identity,1.0,identity,,census_gazetteer_2026
39085,Lake County,39085,Lake County,identity,1.0,identity,,census_gazetteer_2026
39087,Lawrence County,39087,Lawrence County,identity,1.0,identity,,census_gazetteer_2026
39089,Licking County,39089,Licking County,identity,1.0,identity,,census_gazetteer_2026
39091,Logan County,39091,Logan County,identity,1.0,identity,,census_gazetteer_2026
39093,Lorain County,39093,Lorain County,identity,1.0,identity,,census_gazetteer_2026
39095,Lucas County,39095,Lucas County,identity,1.0,identity,,census_gazetteer_2026
39097,Madison County,39097,Madison County,identity,1.0,identity,,census_gazetteer_2026
39099,Mahoning County,39099,Mahoning County,identity,1.0,identity,,census_gazetteer_2026
39101,Marion County,39101,Marion County,identity,1.0,identity,,census_gazetteer_2026
39103,Medina County,39103,Medina County,identity,1.0,identity,,census_gazetteer_2026
39105,Meigs County,39105,Meigs County,identity,1.0,identity,,census_gazetteer_2026
39107,Mercer County,39107,Mercer County,identity,1.0,identity,,census_gazetteer_2026
39109,Miami County,39109,Miami County,identity,1.0,identity,,census_gazetteer_2026
39111,Monroe County,39111,Monroe County,identity,1.0,identity,,census_gazetteer_2026
39113,Montgomery County,39113,Montgomery County,identity,1.0,identity,,census_gazetteer_2026
39115,Morgan County,39115,Morgan County,identity,1.0,identity,,census_gazetteer_2026
39117,Morrow County,39117,Morrow County,identity,1.0,identity,,census_gazetteer_2026
39119,Muskingum County,39119,Muskingum County,identity,1.0,identity,,census_gazetteer_2026
39121,Noble County,39121,Noble County,identity,1.0,identity,,census_gazetteer_2026
39123,Ottawa County,39123,Ottawa County,identity,1.0,identity,,census_gazetteer_2026
39125,Paulding County,39125,Paulding County,identity,1.0,identity,,census_gazetteer_2026
39127,Perry County,39127,Perry County,identity,1.0,identity,,census_gazetteer_2026
39129,Pickaway County,39129,Pickaway County,identity,1.0,identity,,census_gazetteer_2026
39131,Pike County,39131,Pike County,identity,1.0,identity,,census_gazetteer_2026
39133,Portage County,39133,Portage County,identity,1.0,identity,,census_gazetteer_2026
39135,Preble County,39135,Preble County,identity,1.0,identity,,census_gazetteer_2026
39137,Putnam County,39137,Putnam County,identity,1.0,identity,,census_gazetteer_2026
39139,Richland County,39139,Richland County,identity,1.0,identity,,census_gazetteer_2026
39141,Ross County,39141,Ross County,identity,1.0,identity,,census_gazetteer_2026
39143,Sandusky County,39143,Sandusky County,identity,1.0,identity,,census_gazetteer_2026
39145,Scioto County,39145,Scioto County,identity,1.0,identity,,census_gazetteer_2026
39147,Seneca County,39147,Seneca County,identity,1.0,identity,,census_gazetteer_2026
39149,Shelby County,39149,Shelby County,identity,1.0,identity,,census_gazetteer_2026
39151,Stark County,39151,Stark County,identity,1.0,identity,,census_gazetteer_2026
39153,Summit County,39153,Summit County,identity,1.0,identity,,census_gazetteer_2026
39155,Trumbull County,39155,Trumbull County,identity,1.0,identity,,census_gazetteer_2026
39157,Tuscarawas County,39157,Tuscarawas County,identity,1.0,identity,,census_gazetteer_2026
39159,Union County,39159,Union County,identity,1.0,identity,,census_gazetteer_2026
39161,Van Wert County,39161,Van Wert County,identity,1.0,identity,,census_gazetteer_2026
39163,Vinton County,39163,Vinton County,identity,1.0,identity,,census_gazetteer_2026
39165,Warren County,39165,Warren County,identity,1.0,identity,,census_gazetteer_2026
39167,Washington County,39167,Washington County,identity,1.0,identity,,census_gazetteer_2026
39169,Wayne County,39169,Wayne County,identity,1.0,identity,,census_gazetteer_2026
39171,Williams County,39171,Williams County,identity,1.0,identity,,census_gazetteer_2026
39173,Wood County,39173,Wood County,identity,1.0,identity,,census_gazetteer_2026
39175,Wyandot County,39175,Wyandot County,identity,1.0,identity,,census_gazetteer_2026
40001,Adair County,40001,Adair County,identity,1.0,identity,,census_gazetteer_2026
40003,Alfalfa County,40003,Alfalfa County,identity,1.0,identity,,census_gazetteer_2026
40005,Atoka County,40005,Atoka County,identity,1.0,identity,,census_gazetteer_2026
40007,Beaver County,40007,Beaver County,identity,1.0,identity,,census_gazetteer_2026
40009,Beckham County,40009,Beckham County,identity,1.0,identity,,census_gazetteer_2026
40011,Blaine County,40011,Blaine County,identity,1.0,identity,,census_gazetteer_2026
40013,Bryan County,40013,Bryan County,identity,1.0,identity,,census_gazetteer_2026
40015,Caddo County,40015,Caddo County,identity,1.0,identity,,census_gazetteer_2026
40017,Canadian County,40017,Canadian County,identity,1.0,identity,,census_gazetteer_2026
40019,Carter County,40019,Carter County,identity,1.0,identity,,census_gazetteer_2026
40021,Cherokee County,40021,Cherokee County,identity,1.0,identity,,census_gazetteer_2026
40023,Choctaw County,40023,Choctaw County,identity,1.0,identity,,census_gazetteer_2026
40025,Cimarron County,40025,Cimarron County,identity,1.0,identity,,census_gazetteer_2026
40027,Cleveland County,40027,Cleveland County,identity,1.0,identity,,census_gazetteer_2026
40029,Coal County,40029,Coal County,identity,1.0,identity,,census_gazetteer_2026
40031,Comanche County,40031,Comanche County,identity,1.0,identity,,census_gazetteer_2026
40033,Cotton County,40033,Cotton County,identity,1.0,identity,,census_gazetteer_2026
40035,Craig County,40035,Craig County,identity,1.0,identity,,census_gazetteer_2026
40037,Creek County,40037,Creek County,identity,1.0,identity,,census_gazetteer_2026
40039,Custer County,40039,Custer County,identity,1.0,identity,,census_gazetteer_2026
40041,Delaware County,40041,Delaware County,identity,1.0,identity,,census_gazetteer_2026
40043,Dewey County,40043,Dewey County,identity,1.0,identity,,census_gazetteer_2026
40045,Ellis County,40045,Ellis County,identity,1.0,identity,,census_gazetteer_2026
40047,Garfield County,40047,Garfield County,identity,1.0,identity,,census_gazetteer_2026
40049,Garvin County,40049,Garvin County,identity,1.0,identity,,census_gazetteer_2026
40051,Grady County,40051,Grady County,identity,1.0,identity,,census_gazetteer_2026
40053,Grant County,40053,Grant County,identity,1.0,identity,,census_gazetteer_2026
40055,Greer County,40055,Greer County,identity,1.0,identity,,census_gazetteer_2026
40057,Harmon County,40057,Harmon County,identity,1.0,identity,,census_gazetteer_2026
40059,Harper County,40059,Harper County,identity,1.0,identity,,census_gazetteer_2026
40061,Haskell County,40061,Haskell County,identity,1.0,identity,,census_gazetteer_2026
40063,Hughes County,40063,Hughes County,identity,1.0,identity,,census_gazetteer_2026
40065,Jackson County,40065,Jackson County,identity,1.0,identity,,census_gazetteer_2026
40067,Jefferson County,40067,Jefferson County,identity,1.0,identity,,census_gazetteer_2026
40069,Johnston County,40069,Johnston County,identity,1.0,identity,,census_gazetteer_2026
40071,Kay County,40071,Kay County,identity,1.0,identity,,census_gazetteer_2026
40073,Kingfisher County,40073,Kingfisher County,identity,1.0,identity,,census_gazetteer_2026
40075,Kiowa County,40075,Kiowa County,identity,1.0,identity,,census_gazetteer_2026
40077,Latimer County,40077,Latimer County,identity,1.0,identity,,census_gazetteer_2026
40079,Le Flore County,40079,Le Flore County,identity,1.0,identity,,census_gazetteer_2026
40081,Lincoln County,40081,Lincoln County,identity,1.0,identity,,census_gazetteer_2026
40083,Logan County,40083,Logan County,identity,1.0,identity,,census_gazetteer_2026
40085,Love County,40085,Love County,identity,1.0,identity,,census_gazetteer_2026
40087,McClain County,40087,McClain County,identity,1.0,identity,,census_gazetteer_2026
40089,McCurtain County,40089,McCurtain County,identity,1.0,identity,,census_gazetteer_2026
40091,McIntosh County,40091,McIntosh County,identity,1.0,identity,,census_gazetteer_2026
40093,Major County,40093,Major County,identity,1.0,identity,,census_gazetteer_2026
40095,Marshall County,40095,Marshall County,identity,1.0,identity,,census_gazetteer_2026
40097,Mayes County,40097,Mayes County,identity,1.0,identity,,census_gazetteer_2026
40099,Murray County,40099,Murray County,identity,1.0,identity,,census_gazetteer_2026
40101,Muskogee County,40101,Muskogee County,identity,1.0,identity,,census_gazetteer_2026
40103,Noble County,40103,Noble County,identity,1.0,identity,,census_gazetteer_2026
40105,Nowata County,40105,Nowata County,identity,1.0,identity,,census_gazetteer_2026
40107,Okfuskee County,40107,Okfuskee County,identity,1.0,identity,,census_gazetteer_2026
40109,Oklahoma County,40109,Oklahoma County,identity,1.0,identity,,census_gazetteer_2026
40111,Okmulgee County,40111,Okmulgee County,identity,1.0,identity,,census_gazetteer_2026
40113,Osage County,40113,Osage County,identity,1.0,identity,,census_gazetteer_2026
40115,Ottawa County,40115,Ottawa County,identity,1.0,identity,,census_gazetteer_2026
40117,Pawnee County,40117,Pawnee County,identity,1.0,identity,,census_gazetteer_2026
40119,Payne County,40119,Payne County,identity,1.0,identity,,census_gazetteer_2026
40121,Pittsburg County,40121,Pittsburg County,identity,1.0,identity,,census_gazetteer_2026
40123,Pontotoc County,40123,Pontotoc County,identity,1.0,identity,,census_gazetteer_2026
40125,Pottawatomie County,40125,Pottawatomie County,identity,1.0,identity,,census_gazetteer_2026
40127,Pushmataha County,40127,Pushmataha County,identity,1.0,identity,,census_gazetteer_2026
40129,Roger Mills County,40129,Roger Mills County,identity,1.0,identity,,census_gazetteer_2026
40131,Rogers County,40131,Rogers County,identity,1.0,identity,,census_gazetteer_2026
40133,Seminole County,40133,Seminole County,identity,1.0,identity,,census_gazetteer_2026
40135,Sequoyah County,40135,Sequoyah County,identity,1.0,identity,,census_gazetteer_2026
40137,Stephens County,40137,Stephens County,identity,1.0,identity,,census_gazetteer_2026
40139,Texas County,40139,Texas County,identity,1.0,identity,,census_gazetteer_2026
40141,Tillman County,40141,Tillman County,identity,1.0,identity,,census_gazetteer_2026
40143,Tulsa County,40143,Tulsa County,identity,1.0,identity,,census_gazetteer_2026
40145,Wagoner County,40145,Wagoner County,identity,1.0,identity,,census_gazetteer_2026
40147,Washington County,40147,Washington County,identity,1.0,identity,,census_gazetteer_2026
40149,Washita County,40149,Washita County,identity,1.0,identity,,census_gazetteer_2026
40151,Woods County,40151,Woods County,identity,1.0,identity,,census_gazetteer_2026
40153,Woodward County,40153,Woodward County,identity,1.0,identity,,census_gazetteer_2026
41001,Baker County,41001,Baker County,identity,1.0,identity,,census_gazetteer_2026
41003,Benton County,41003,Benton County,identity,1.0,identity,,census_gazetteer_2026
41005,Clackamas County,41005,Clackamas County,identity,1.0,identity,,census_gazetteer_2026
41007,Clatsop County,41007,Clatsop County,identity,1.0,identity,,census_gazetteer_2026
41009,Columbia County,41009,Columbia County,identity,1.0,identity,,census_gazetteer_2026
41011,Coos County,41011,Coos County,identity,1.0,identity,,census_gazetteer_2026
41013,Crook County,41013,Crook County,identity,1.0,identity,,census_gazetteer_2026
41015,Curry County,41015,Curry County,identity,1.0,identity,,census_gazetteer_2026
41017,Deschutes County,41017,Deschutes County,identity,1.0,identity,,census_gazetteer_2026
41019,Douglas County,41019,Douglas County,identity,1.0,identity,,census_gazetteer_2026
41021,Gilliam County,41021,Gilliam County,identity,1.0,identity,,census_gazetteer_2026
41023,Grant County,41023,Grant County,identity,1.0,identity,,census_gazetteer_2026
41025,Harney County,41025,Harney County,identity,1.0,identity,,census_gazetteer_2026
41027,Hood River County,41027,Hood River County,identity,1.0,identity,,census_gazetteer_2026
41029,Jackson County,41029,Jackson County,identity,1.0,identity,,census_gazetteer_2026
41031,Jefferson County,41031,Jefferson County,identity,1.0,identity,,census_gazetteer_2026
41033,Josephine County,41033,Josephine County,identity,1.0,identity,,census_gazetteer_2026
41035,Klamath County,41035,Klamath County,identity,1.0,identity,,census_gazetteer_2026
41037,Lake County,41037,Lake County,identity,1.0,identity,,census_gazetteer_2026
41039,Lane County,41039,Lane County,identity,1.0,identity,,census_gazetteer_2026
41041,Lincoln County,41041,Lincoln County,identity,1.0,identity,,census_gazetteer_2026
41043,Linn County,41043,Linn County,identity,1.0,identity,,census_gazetteer_2026
41045,Malheur County,41045,Malheur County,identity,1.0,identity,,census_gazetteer_2026
41047,Marion County,41047,Marion County,identity,1.0,identity,,census_gazetteer_2026
41049,Morrow County,41049,Morrow County,identity,1.0,identity,,census_gazetteer_2026
41051,Multnomah County,41051,Multnomah County,identity,1.0,identity,,census_gazetteer_2026
41053,Polk County,41053,Polk County,identity,1.0,identity,,census_gazetteer_2026
41055,Sherman County,41055,Sherman County,identity,1.0,identity,,census_gazetteer_2026
41057,Tillamook County,41057,Tillamook County,identity,1.0,identity,,census_gazetteer_2026
41059,Umatilla County,41059,Umatilla County,identity,1.0,identity,,census_gazetteer_2026
41061,Union County,41061,Union County,identity,1.0,identity,,census_gazetteer_2026
41063,Wallowa County,41063,Wallowa County,identity,1.0,identity,,census_gazetteer_2026
41065,Wasco County,41065,Wasco County,identity,1.0,identity,,census_gazetteer_2026
41067,Washington County,41067,Washington County,identity,1.0,identity,,census_gazetteer_2026
41069,Wheeler County,41069,Wheeler County,identity,1.0,identity,,census_gazetteer_2026
41071,Yamhill County,41071,Yamhill County,identity,1.0,identity,,census_gazetteer_2026
42001,Adams County,42001,Adams County,identity,1.0,identity,,census_gazetteer_2026
42003,Allegheny County,42003,Allegheny County,identity,1.0,identity,,census_gazetteer_2026
42005,Armstrong County,42005,Armstrong County,identity,1.0,identity,,census_gazetteer_2026
42007,Beaver County,42007,Beaver County,identity,1.0,identity,,census_gazetteer_2026
42009,Bedford County,42009,Bedford County,identity,1.0,identity,,census_gazetteer_2026
42011,Berks County,42011,Berks County,identity,1.0,identity,,census_gazetteer_2026
42013,Blair County,42013,Blair County,identity,1.0,identity,,census_gazetteer_2026
42015,Bradford County,42015,Bradford County,identity,1.0,identity,,census_gazetteer_2026
42017,Bucks County,42017,Bucks County,identity,1.0,identity,,census_gazetteer_2026
42019,Butler County,42019,Butler County,identity,1.0,identity,,census_gazetteer_2026
42021,Cambria County,42021,Cambria County,identity,1.0,identity,,census_gazetteer_2026
42023,Cameron County,42023,Cameron County,identity,1.0,identity,,census_gazetteer_2026
42025,Carbon County,42025,Carbon County,identity,1.0,identity,,census_gazetteer_2026
42027,Centre County,42027,Centre County,identity,1.0,identity,,census_gazetteer_2026
42029,Chester County,42029,Chester County,identity,1.0,identity,,census_gazetteer_2026
42031,Clarion County,42031,Clarion County,identity,1.0,identity,,census_gazetteer_2026
42033,Clearfield County,42033,Clearfield County,identity,1.0,identity,,census_gazetteer_2026
42035,Clinton County,42035,Clinton County,identity,1.0,identity,,census_gazetteer_2026
42037,Columbia County,42037,Columbia County,identity,1.0,identity,,census_gazetteer_2026
42039,Crawford County,42039,Crawford County,identity,1.0,identity,,census_gazetteer_2026
42041,Cumberland County,42041,Cumberland County,identity,1.0,identity,,census_gazetteer_2026
42043,Dauphin County,42043,Dauphin County,identity,1.0,identity,,census_gazetteer_2026
42045,Delaware County,42045,Delaware County,identity,1.0,identity,,census_gazetteer_2026
42047,Elk County,42047,Elk County,identity,1.0,identity,,census_gazetteer_2026
42049,Erie County,42049,Erie County,identity,1.0,identity,,census_gazetteer_2026
42051,Fayette County,42051,Fayette County,identity,1.0,identity,,census_gazetteer_2026
42053,Forest County,42053,Forest County,identity,1.0,identity,,census_gazetteer_2026
42055,Franklin County,42055,Franklin County,identity,1.0,identity,,census_gazetteer_2026
42057,Fulton County,42057,Fulton County,identity,1.0,identity,,census_gazetteer_2026
42059,Greene County,42059,Greene County,identity,1.0,identity,,census_gazetteer_2026
42061,Huntingdon County,42061,Huntingdon County,identity,1.0,identity,,census_gazetteer_2026
42063,Indiana County,42063,Indiana County,identity,1.0,identity,,census_gazetteer_2026
42065,Jefferson County,42065,Jefferson County,identity,1.0,identity,,census_gazetteer_2026
42067,Juniata County,42067,Juniata County,identity,1.0,identity,,census_gazetteer_2026
42069,Lackawanna County,42069,Lackawanna County,identity,1.0,identity,,census_gazetteer_2026
42071,Lancaster County,42071,Lancaster County,identity,1.0,identity,,census_gazetteer_2026
42073,Lawrence County,42073,Lawrence County,identity,1.0,identity,,census_gazetteer_2026
42075,Lebanon County,42075,Lebanon County,identity,1.0,identity,,census_gazetteer_2026
42077,Lehigh County,42077,Lehigh County,identity,1.0,identity,,census_gazetteer_2026
42079,Luzerne County,42079,Luzerne County,identity,1.0,identity,,census_gazetteer_2026
42081,Lycoming County,42081,Lycoming County,identity,1.0,identity,,census_gazetteer_2026
42083,McKean County,42083,McKean County,identity,1.0,identity,,census_gazetteer_2026
42085,Mercer County,42085,Mercer County,identity,1.0,identity,,census_gazetteer_2026
42087,Mifflin County,42087,Mifflin County,identity,1.0,identity,,census_gazetteer_2026
42089,Monroe County,42089,Monroe County,identity,1.0,identity,,census_gazetteer_2026
42091,Montgomery County,42091,Montgomery County,identity,1.0,identity,,census_gazetteer_2026
42093,Montour County,42093,Montour County,identity,1.0,identity,,census_gazetteer_2026
42095,Northampton County,42095,Northampton County,identity,1.0,identity,,census_gazetteer_2026
42097,Northumberland County,42097,Northumberland County,identity,1.0,identity,,census_gazetteer_2026
42099,Perry County,42099,Perry County,identity,1.0,identity,,census_gazetteer_2026
42101,Philadelphia County,42101,Philadelphia County,identity,1.0,identity,,census_gazetteer_2026
42103,Pike County,42103,Pike County,identity,1.0,identity,,census_gazetteer_2026
42105,Potter County,42105,Potter County,identity,1.0,identity,,census_gazetteer_2026
42107,Schuylkill County,42107,Schuylkill County,identity,1.0,identity,,census_gazetteer_2026
42109,Snyder County,42109,Snyder County,identity,1.0,identity,,census_gazetteer_2026
42111,Somerset County,42111,Somerset County,identity,1.0,identity,,census_gazetteer_2026
42113,Sullivan County,42113,Sullivan County,identity,1.0,identity,,census_gazetteer_2026
42115,Susquehanna County,42115,Susquehanna County,identity,1.0,identity,,census_gazetteer_2026
42117,Tioga County,42117,Tioga County,identity,1.0,identity,,census_gazetteer_2026
42119,Union County,42119,Union County,identity,1.0,identity,,census_gazetteer_2026
42121,Venango County,42121,Venango County,identity,1.0,identity,,census_gazetteer_2026
42123,Warren County,42123,Warren County,identity,1.0,identity,,census_gazetteer_2026
42125,Washington County,42125,Washington County,identity,1.0,identity,,census_gazetteer_2026
42127,Wayne County,42127,Wayne County,identity,1.0,identity,,census_gazetteer_2026
42129,Westmoreland County,42129,Westmoreland County,identity,1.0,identity,,census_gazetteer_2026
42131,Wyoming County,42131,Wyoming County,identity,1.0,identity,,census_gazetteer_2026
42133,York County,42133,York County,identity,1.0,identity,,census_gazetteer_2026
44001,Bristol County,44001,Bristol County,identity,1.0,identity,,census_gazetteer_2026
44003,Kent County,44003,Kent County,identity,1.0,identity,,census_gazetteer_2026
44005,Newport County,44005,Newport County,identity,1.0,identity,,census_gazetteer_2026
44007,Providence County,44007,Providence County,identity,1.0,identity,,census_gazetteer_2026
44009,Washington County,44009,Washington County,identity,1.0,identity,,census_gazetteer_2026
45001,Abbeville County,45001,Abbeville County,identity,1.0,identity,,census_gazetteer_2026
45003,Aiken County,45003,Aiken County,identity,1.0,identity,,census_gazetteer_2026
45005,Allendale County,45005,Allendale County,identity,1.0,identity,,census_gazetteer_2026
45007,Anderson County,45007,Anderson County,identity,1.0,identity,,census_gazetteer_2026
45009,Bamberg County,45009,Bamberg County,identity,1.0,identity,,census_gazetteer_2026
45011,Barnwell County,45011,Barnwell County,identity,1.0,identity,,census_gazetteer_2026
45013,Beaufort County,45013,Beaufort County,identity,1.0,identity,,census_gazetteer_2026
45015,Berkeley County,45015,Berkeley County,identity,1.0,identity,,census_gazetteer_2026
45017,Calhoun County,45017,Calhoun County,identity,1.0,identity,,census_gazetteer_2026
45019,Charleston County,45019,Charleston County,identity,1.0,identity,,census_gazetteer_2026
45021,Cherokee County,45021,Cherokee County,identity,1.0,identity,,census_gazetteer_2026
45023,Chester County,45023,Chester County,identity,1.0,identity,,census_gazetteer_2026
45025,Chesterfield County,45025,Chesterfield County,identity,1.0,identity,,census_gazetteer_2026
45027,Clarendon County,45027,Clarendon County,identity,1.0,identity,,census_gazetteer_2026
45029,Colleton County,45029,Colleton County,identity,1.0,identity,,census_gazetteer_2026
45031,Darlington County,45031,Darlington County,identity,1.0,identity,,census_gazetteer_2026
45033,Dillon County,45033,Dillon County,identity,1.0,identity,,census_gazetteer_2026
45035,Dorchester County,45035,Dorchester County,identity,1.0,identity,,census_gazetteer_2026
45037,Edgefield County,45037,Edgefield County,identity,1.0,identity,,census_gazetteer_2026
45039,Fairfield County,45039,Fairfield County,identity,1.0,identity,,census_gazetteer_2026
45041,Florence County,45041,Florence County,identity,1.0,identity,,census_gazetteer_2026
45043,Georgetown County,45043,Georgetown County,identity,1.0,identity,,census_gazetteer_2026
45045,Greenville County,45045,Greenville County,identity,1.0,identity,,census_gazetteer_2026
45047,Greenwood County,45047,Greenwood County,identity,1.0,identity,,census_gazetteer_2026
45049,Hampton County,45049,Hampton County,identity,1.0,identity,,census_gazetteer_2026
45051,Horry County,45051,Horry County,identity,1.0,identity,,census_gazetteer_2026
45053,Jasper County,45053,Jasper County,identity,1.0,identity,,census_gazetteer_2026
45055,Kershaw County,45055,Kershaw County,identity,1.0,identity,,census_gazetteer_2026
45057,Lancaster County,45057,Lancaster County,identity,1.0,identity,,census_gazetteer_2026
45059,Laurens County,45059,Laurens County,identity,1.0,identity,,census_gazetteer_2026
45061,Lee County,45061,Lee County,identity,1.0,identity,,census_gazetteer_2026
45063,Lexington County,45063,Lexington County,identity,1.0,identity,,census_gazetteer_2026
45065,McCormick County,45065,McCormick County,identity,1.0,identity,,census_gazetteer_2026
45067,Marion County,45067,Marion County,identity,1.0,identity,,census_gazetteer_2026
45069,Marlboro County,45069,Marlboro County,identity,1.0,identity,,census_gazetteer_2026
45071,Newberry County,45071,Newberry County,identity,1.0,identity,,census_gazetteer_2026
45073,Oconee County,45073,Oconee County,identity,1.0,identity,,census_gazetteer_2026
45075,Orangeburg County,45075,Orangeburg County,identity,1.0,identity,,census_gazetteer_2026
45077,Pickens County,45077,Pickens County,identity,1.0,identity,,census_gazetteer_2026
45079,Richland County,45079,Richland County,identity,1.0,identity,,census_gazetteer_2026
45081,Saluda County,45081,Saluda County,identity,1.0,identity,,census_gazetteer_2026
45083,Spartanburg County,45083,Spartanburg County,identity,1.0,identity,,census_gazetteer_2026
45085,Sumter County,45085,Sumter County,identity,1.0,identity,,census_gazetteer_2026
45087,Union County,45087,Union County,identity,1.0,identity,,census_gazetteer_2026
45089,Williamsburg County,45089,Williamsburg County,identity,1.0,identity,,census_gazetteer_2026
45091,York County,45091,York County,identity,1.0,identity,,census_gazetteer_2026
46003,Aurora County,46003,Aurora County,identity,1.0,identity,,census_gazetteer_2026
46005,Beadle County,46005,Beadle County,identity,1.0,identity,,census_gazetteer_2026
46007,Bennett County,46007,Bennett County,identity,1.0,identity,,census_gazetteer_2026
46009,Bon Homme County,46009,Bon Homme County,identity,1.0,identity,,census_gazetteer_2026
46011,Brookings County,46011,Brookings County,identity,1.0,identity,,census_gazetteer_2026
46013,Brown County,46013,Brown County,identity,1.0,identity,,census_gazetteer_2026
46015,Brule County,46015,Brule County,identity,1.0,identity,,census_gazetteer_2026
46017,Buffalo County,46017,Buffalo County,identity,1.0,identity,,census_gazetteer_2026
46019,Butte County,46019,Butte County,identity,1.0,identity,,census_gazetteer_2026
46021,Campbell County,46021,Campbell County,identity,1.0,identity,,census_gazetteer_2026
46023,Charles Mix County,46023,Charles Mix County,identity,1.0,identity,,census_gazetteer_2026
46025,Clark County,46025,Clark County,identity,1.0,identity,,census_gazetteer_2026
46027,Clay County,46027,Clay County,identity,1.0,identity,,census_gazetteer_2026
46029,Codington County,46029,Codington County,identity,1.0,identity,,census_gazetteer_2026
46031,Corson County,46031,Corson County,identity,1.0,identity,,census_gazetteer_2026
46033,Custer County,46033,Custer County,identity,1.0,identity,,census_gazetteer_2026
46035,Davison County,46035,Davison County,identity,1.0,identity,,census_gazetteer_2026
46037,Day County,46037,Day County,identity,1.0,identity,,census_gazetteer_2026
46039,Deuel County,46039,Deuel County,identity,1.0,identity,,census_gazetteer_2026
46041,Dewey County,46041,Dewey County,identity,1.0,identity,,census_gazetteer_2026
46043,Douglas County,46043,Douglas County,identity,1.0,identity,,census_gazetteer_2026
46045,Edmunds County,46045,Edmunds County,identity,1.0,identity,,census_gazetteer_2026
46047,Fall River County,46047,Fall River County,identity,1.0,identity,,census_gazetteer_2026
46049,Faulk County,46049,Faulk County,identity,1.0,identity,,census_gazetteer_2026
46051,Grant County,46051,Grant County,identity,1.0,identity,,census_gazetteer_2026
46053,Gregory County,46053,Gregory County,identity,1.0,identity,,census_gazetteer_2026
46055,Haakon County,46055,Haakon County,identity,1.0,identity,,census_gazetteer_2026
46057,Hamlin County,46057,Hamlin County,identity,1.0,identity,,census_gazetteer_2026
46059,Hand County,46059,Hand County,identity,1.0,identity,,census_gazetteer_2026
46061,Hanson County,46061,Hanson County,identity,1.0,identity,,census_gazetteer_2026
46063,Harding County,46063,Harding County,identity,1.0,identity,,census_gazetteer_2026
46065,Hughes County,46065,Hughes County,identity,1.0,identity,,census_gazetteer_2026
46067,Hutchinson County,46067,Hutchinson County,identity,1.0,identity,,census_gazetteer_2026
46069,Hyde County,46069,Hyde County,identity,1.0,identity,,census_gazetteer_2026
46071,Jackson County,46071,Jackson County,identity,1.0,identity,,census_gazetteer_2026
46073,Jerauld County,46073,Jerauld County,identity,1.0,identity,,census_gazetteer_2026
46075,Jones County,46075,Jones County,identity,1.0,identity,,census_gazetteer_2026
46077,Kingsbury County,46077,Kingsbury County,identity,1.0,identity,,census_gazetteer_2026
46079,Lake County,46079,Lake County,identity,1.0,identity,,census_gazetteer_2026
46081,Lawrence County,46081,Lawrence County,identity,1.0,identity,,census_gazetteer_2026
46083,Lincoln County,46083,Lincoln County,identity,1.0,identity,,census_gazetteer_2026
46085,Lyman County,46085,Lyman County,identity,1.0,identity,,census_gazetteer_2026
46087,McCook County,46087,McCook County,identity,1.0,identity,,census_gazetteer_2026
46089,McPherson County,46089,McPherson County,identity,1.0,identity,,census_gazetteer_2026
46091,Marshall County,46091,Marshall County,identity,1.0,identity,,census_gazetteer_2026
46093,Meade County,46093,Meade County,identity,1.0,identity,,census_gazetteer_2026
46095,Mellette County,46095,Mellette County,identity,1.0,identity,,census_gazetteer_2026
46097,Miner County,46097,Miner County,identity,1.0,identity,,census_gazetteer_2026
46099,Minnehaha County,46099,Minnehaha County,identity,1.0,identity,,census_gazetteer_2026
46101,Moody County,46101,Moody County,identity,1.0,identity,,census_gazetteer_2026
46102,Oglala Lakota County,46102,Oglala Lakota County,identity,1.0,identity,,census_gazetteer_2026
46103,Pennington County,46103,Pennington County,identity,1.0,identity,,census_gazetteer_2026
46105,Perkins County,46105,Perkins County,identity,1.0,identity,,census_gazetteer_2026
46107,Potter County,46107,Potter County,identity,1.0,identity,,census_gazetteer_2026
46109,Roberts County,46109,Roberts County,identity,1.0,identity,,census_gazetteer_2026
46111,Sanborn County,46111,Sanborn County,identity,1.0,identity,,census_gazetteer_2026
46113,,46102,Oglala Lakota County,rename,1.0,identity,2015.0,census_substantial_changes_seed
46115,Spink County,46115,Spink County,identity,1.0,identity,,census_gazetteer_2026
46117,Stanley County,46117,Stanley County,identity,1.0,identity,,census_gazetteer_2026
46119,Sully County,46119,Sully County,identity,1.0,identity,,census_gazetteer_2026
46121,Todd County,46121,Todd County,identity,1.0,identity,,census_gazetteer_2026
46123,Tripp County,46123,Tripp County,identity,1.0,identity,,census_gazetteer_2026
46125,Turner County,46125,Turner County,identity,1.0,identity,,census_gazetteer_2026
46127,Union County,46127,Union County,identity,1.0,identity,,census_gazetteer_2026
46129,Walworth County,46129,Walworth County,identity,1.0,identity,,census_gazetteer_2026
46135,Yankton County,46135,Yankton County,identity,1.0,identity,,census_gazetteer_2026
46137,Ziebach County,46137,Ziebach County,identity,1.0,identity,,census_gazetteer_2026
47001,Anderson County,47001,Anderson County,identity,1.0,identity,,census_gazetteer_2026
47003,Bedford County,47003,Bedford County,identity,1.0,identity,,census_gazetteer_2026
47005,Benton County,47005,Benton County,identity,1.0,identity,,census_gazetteer_2026
47007,Bledsoe County,47007,Bledsoe County,identity,1.0,identity,,census_gazetteer_2026
47009,Blount County,47009,Blount County,identity,1.0,identity,,census_gazetteer_2026
47011,Bradley County,47011,Bradley County,identity,1.0,identity,,census_gazetteer_2026
47013,Campbell County,47013,Campbell County,identity,1.0,identity,,census_gazetteer_2026
47015,Cannon County,47015,Cannon County,identity,1.0,identity,,census_gazetteer_2026
47017,Carroll County,47017,Carroll County,identity,1.0,identity,,census_gazetteer_2026
47019,Carter County,47019,Carter County,identity,1.0,identity,,census_gazetteer_2026
47021,Cheatham County,47021,Cheatham County,identity,1.0,identity,,census_gazetteer_2026
47023,Chester County,47023,Chester County,identity,1.0,identity,,census_gazetteer_2026
47025,Claiborne County,47025,Claiborne County,identity,1.0,identity,,census_gazetteer_2026
47027,Clay County,47027,Clay County,identity,1.0,identity,,census_gazetteer_2026
47029,Cocke County,47029,Cocke County,identity,1.0,identity,,census_gazetteer_2026
47031,Coffee County,47031,Coffee County,identity,1.0,identity,,census_gazetteer_2026
47033,Crockett County,47033,Crockett County,identity,1.0,identity,,census_gazetteer_2026
47035,Cumberland County,47035,Cumberland County,identity,1.0,identity,,census_gazetteer_2026
47037,Davidson County,47037,Davidson County,identity,1.0,identity,,census_gazetteer_2026
47039,Decatur County,47039,Decatur County,identity,1.0,identity,,census_gazetteer_2026
47041,DeKalb County,47041,DeKalb County,identity,1.0,identity,,census_gazetteer_2026
47043,Dickson County,47043,Dickson County,identity,1.0,identity,,census_gazetteer_2026
47045,Dyer County,47045,Dyer County,identity,1.0,identity,,census_gazetteer_2026
47047,Fayette County,47047,Fayette County,identity,1.0,identity,,census_gazetteer_2026
47049,Fentress County,47049,Fentress County,identity,1.0,identity,,census_gazetteer_2026
47051,Franklin County,47051,Franklin County,identity,1.0,identity,,census_gazetteer_2026
47053,Gibson County,47053,Gibson County,identity,1.0,identity,,census_gazetteer_2026
47055,Giles County,47055,Giles County,identity,1.0,identity,,census_gazetteer_2026
47057,Grainger County,47057,Grainger County,identity,1.0,identity,,census_gazetteer_2026
47059,Greene County,47059,Greene County,identity,1.0,identity,,census_gazetteer_2026
47061,Grundy County,47061,Grundy County,identity,1.0,identity,,census_gazetteer_2026
47063,Hamblen County,47063,Hamblen County,identity,1.0,identity,,census_gazetteer_2026
47065,Hamilton County,47065,Hamilton County,identity,1.0,identity,,census_gazetteer_2026
47067,Hancock County,47067,Hancock County,identity,1.0,identity,,census_gazetteer_2026
47069,Hardeman County,47069,Hardeman County,identity,1.0,identity,,census_gazetteer_2026
47071,Hardin County,47071,Hardin County,identity,1.0,identity,,census_gazetteer_2026
47073,Hawkins County,47073,Hawkins County,identity,1.0,identity,,census_gazetteer_2026
47075,Haywood County,47075,Haywood County,identity,1.0,identity,,census_gazetteer_2026
47077,Henderson County,47077,Henderson County,identity,1.0,identity,,census_gazetteer_2026
47079,Henry County,47079,Henry County,identity,1.0,identity,,census_gazetteer_2026
47081,Hickman County,47081,Hickman County,identity,1.0,identity,,census_gazetteer_2026
47083,Houston County,47083,Houston County,identity,1.0,identity,,census_gazetteer_2026
47085,Humphreys County,47085,Humphreys County,identity,1.0,identity,,census_gazetteer_2026
47087,Jackson County,47087,Jackson County,identity,1.0,identity,,census_gazetteer_2026
47089,Jefferson County,47089,Jefferson County,identity,1.0,identity,,census_gazetteer_2026
47091,Johnson County,47091,Johnson County,identity,1.0,identity,,census_gazetteer_2026
47093,Knox County,47093,Knox County,identity,1.0,identity,,census_gazetteer_2026
47095,Lake County,47095,Lake County,identity,1.0,identity,,census_gazetteer_2026
47097,Lauderdale County,47097,Lauderdale County,identity,1.0,identity,,census_gazetteer_2026
47099,Lawrence County,47099,Lawrence County,identity,1.0,identity,,census_gazetteer_2026
47101,Lewis County,47101,Lewis County,identity,1.0,identity,,census_gazetteer_2026
47103,Lincoln County,47103,Lincoln County,identity,1.0,identity,,census_gazetteer_2026
47105,Loudon County,47105,Loudon County,identity,1.0,identity,,census_gazetteer_2026
47107,McMinn County,47107,McMinn County,identity,1.0,identity,,census_gazetteer_2026
47109,McNairy County,47109,McNairy County,identity,1.0,identity,,census_gazetteer_2026
47111,Macon County,47111,Macon County,identity,1.0,identity,,census_gazetteer_2026
47113,Madison County,47113,Madison County,identity,1.0,identity,,census_gazetteer_2026
47115,Marion County,47115,Marion County,identity,1.0,identity,,census_gazetteer_2026
47117,Marshall County,47117,Marshall County,identity,1.0,identity,,census_gazetteer_2026
47119,Maury County,47119,Maury County,identity,1.0,identity,,census_gazetteer_2026
47121,Meigs County,47121,Meigs County,identity,1.0,identity,,census_gazetteer_2026
47123,Monroe County,47123,Monroe County,identity,1.0,identity,,census_gazetteer_2026
47125,Montgomery County,47125,Montgomery County,identity,1.0,identity,,census_gazetteer_2026
47127,Moore County,47127,Moore County,identity,1.0,identity,,census_gazetteer_2026
47129,Morgan County,47129,Morgan County,identity,1.0,identity,,census_gazetteer_2026
47131,Obion County,47131,Obion County,identity,1.0,identity,,census_gazetteer_2026
47133,Overton County,47133,Overton County,identity,1.0,identity,,census_gazetteer_2026
47135,Perry County,47135,Perry County,identity,1.0,identity,,census_gazetteer_2026
47137,Pickett County,47137,Pickett County,identity,1.0,identity,,census_gazetteer_2026
47139,Polk County,47139,Polk County,identity,1.0,identity,,census_gazetteer_2026
47141,Putnam County,47141,Putnam County,identity,1.0,identity,,census_gazetteer_2026
47143,Rhea County,47143,Rhea County,identity,1.0,identity,,census_gazetteer_2026
47145,Roane County,47145,Roane County,identity,1.0,identity,,census_gazetteer_2026
47147,Robertson County,47147,Robertson County,identity,1.0,identity,,census_gazetteer_2026
47149,Rutherford County,47149,Rutherford County,identity,1.0,identity,,census_gazetteer_2026
47151,Scott County,47151,Scott County,identity,1.0,identity,,census_gazetteer_2026
47153,Sequatchie County,47153,Sequatchie County,identity,1.0,identity,,census_gazetteer_2026
47155,Sevier County,47155,Sevier County,identity,1.0,identity,,census_gazetteer_2026
47157,Shelby County,47157,Shelby County,identity,1.0,identity,,census_gazetteer_2026
47159,Smith County,47159,Smith County,identity,1.0,identity,,census_gazetteer_2026
47161,Stewart County,47161,Stewart County,identity,1.0,identity,,census_gazetteer_2026
47163,Sullivan County,47163,Sullivan County,identity,1.0,identity,,census_gazetteer_2026
47165,Sumner County,47165,Sumner County,identity,1.0,identity,,census_gazetteer_2026
47167,Tipton County,47167,Tipton County,identity,1.0,identity,,census_gazetteer_2026
47169,Trousdale County,47169,Trousdale County,identity,1.0,identity,,census_gazetteer_2026
47171,Unicoi County,47171,Unicoi County,identity,1.0,identity,,census_gazetteer_2026
47173,Union County,47173,Union County,identity,1.0,identity,,census_gazetteer_2026
47175,Van Buren County,47175,Van Buren County,identity,1.0,identity,,census_gazetteer_2026
47177,Warren County,47177,Warren County,identity,1.0,identity,,census_gazetteer_2026
47179,Washington County,47179,Washington County,identity,1.0,identity,,census_gazetteer_2026
47181,Wayne County,47181,Wayne County,identity,1.0,identity,,census_gazetteer_2026
47183,Weakley County,47183,Weakley County,identity,1.0,identity,,census_gazetteer_2026
47185,White County,47185,White County,identity,1.0,identity,,census_gazetteer_2026
47187,Williamson County,47187,Williamson County,identity,1.0,identity,,census_gazetteer_2026
47189,Wilson County,47189,Wilson County,identity,1.0,identity,,census_gazetteer_2026
48001,Anderson County,48001,Anderson County,identity,1.0,identity,,census_gazetteer_2026
48003,Andrews County,48003,Andrews County,identity,1.0,identity,,census_gazetteer_2026
48005,Angelina County,48005,Angelina County,identity,1.0,identity,,census_gazetteer_2026
48007,Aransas County,48007,Aransas County,identity,1.0,identity,,census_gazetteer_2026
48009,Archer County,48009,Archer County,identity,1.0,identity,,census_gazetteer_2026
48011,Armstrong County,48011,Armstrong County,identity,1.0,identity,,census_gazetteer_2026
48013,Atascosa County,48013,Atascosa County,identity,1.0,identity,,census_gazetteer_2026
48015,Austin County,48015,Austin County,identity,1.0,identity,,census_gazetteer_2026
48017,Bailey County,48017,Bailey County,identity,1.0,identity,,census_gazetteer_2026
48019,Bandera County,48019,Bandera County,identity,1.0,identity,,census_gazetteer_2026
48021,Bastrop County,48021,Bastrop County,identity,1.0,identity,,census_gazetteer_2026
48023,Baylor County,48023,Baylor County,identity,1.0,identity,,census_gazetteer_2026
48025,Bee County,48025,Bee County,identity,1.0,identity,,census_gazetteer_2026
48027,Bell County,48027,Bell County,identity,1.0,identity,,census_gazetteer_2026
48029,Bexar County,48029,Bexar County,identity,1.0,identity,,census_gazetteer_2026
48031,Blanco County,48031,Blanco County,identity,1.0,identity,,census_gazetteer_2026
48033,Borden County,48033,Borden County,identity,1.0,identity,,census_gazetteer_2026
48035,Bosque County,48035,Bosque County,identity,1.0,identity,,census_gazetteer_2026
48037,Bowie County,48037,Bowie County,identity,1.0,identity,,census_gazetteer_2026
48039,Brazoria County,48039,Brazoria County,identity,1.0,identity,,census_gazetteer_2026
48041,Brazos County,48041,Brazos County,identity,1.0,identity,,census_gazetteer_2026
48043,Brewster County,48043,Brewster County,identity,1.0,identity,,census_gazetteer_2026
48045,Briscoe County,48045,Briscoe County,identity,1.0,identity,,census_gazetteer_2026
48047,Brooks County,48047,Brooks County,identity,1.0,identity,,census_gazetteer_2026
48049,Brown County,48049,Brown County,identity,1.0,identity,,census_gazetteer_2026
48051,Burleson County,48051,Burleson County,identity,1.0,identity,,census_gazetteer_2026
48053,Burnet County,48053,Burnet County,identity,1.0,identity,,census_gazetteer_2026
48055,Caldwell County,48055,Caldwell County,identity,1.0,identity,,census_gazetteer_2026
48057,Calhoun County,48057,Calhoun County,identity,1.0,identity,,census_gazetteer_2026
48059,Callahan County,48059,Callahan County,identity,1.0,identity,,census_gazetteer_2026
48061,Cameron County,48061,Cameron County,identity,1.0,identity,,census_gazetteer_2026
48063,Camp County,48063,Camp County,identity,1.0,identity,,census_gazetteer_2026
48065,Carson County,48065,Carson County,identity,1.0,identity,,census_gazetteer_2026
48067,Cass County,48067,Cass County,identity,1.0,identity,,census_gazetteer_2026
48069,Castro County,48069,Castro County,identity,1.0,identity,,census_gazetteer_2026
48071,Chambers County,48071,Chambers County,identity,1.0,identity,,census_gazetteer_2026
48073,Cherokee County,48073,Cherokee County,identity,1.0,identity,,census_gazetteer_2026
48075,Childress County,48075,Childress County,identity,1.0,identity,,census_gazetteer_2026
48077,Clay County,48077,Clay County,identity,1.0,identity,,census_gazetteer_2026
48079,Cochran County,48079,Cochran County,identity,1.0,identity,,census_gazetteer_2026
48081,Coke County,48081,Coke County,identity,1.0,identity,,census_gazetteer_2026
48083,Coleman County,48083,Coleman County,identity,1.0,identity,,census_gazetteer_2026
48085,Collin County,48085,Collin County,identity,1.0,identity,,census_gazetteer_2026
48087,Collingsworth County,48087,Collingsworth County,identity,1.0,identity,,census_gazetteer_2026
48089,Colorado County,48089,Colorado County,identity,1.0,identity,,census_gazetteer_2026
48091,Comal County,48091,Comal County,identity,1.0,identity,,census_gazetteer_2026
48093,Comanche County,48093,Comanche County,identity,1.0,identity,,census_gazetteer_2026
48095,Concho County,48095,Concho County,identity,1.0,identity,,census_gazetteer_2026
48097,Cooke County,48097,Cooke County,identity,1.0,identity,,census_gazetteer_2026
48099,Coryell County,48099,Coryell County,identity,1.0,identity,,census_gazetteer_2026
48101,Cottle County,48101,Cottle County,identity,1.0,identity,,census_gazetteer_2026
48103,Crane County,48103,Crane County,identity,1.0,identity,,census_gazetteer_2026
48105,Crockett County,48105,Crockett County,identity,1.0,identity,,census_gazetteer_2026
48107,Crosby County,48107,Crosby County,identity,1.0,identity,,census_gazetteer_2026
48109,Culberson County,48109,Culberson County,identity,1.0,identity,,census_gazetteer_2026
48111,Dallam County,48111,Dallam County,identity,1.0,identity,,census_gazetteer_2026
48113,Dallas County,48113,Dallas County,identity,1.0,identity,,census_gazetteer_2026
48115,Dawson County,48115,Dawson County,identity,1.0,identity,,census_gazetteer_2026
48117,Deaf Smith County,48117,Deaf Smith County,identity,1.0,identity,,census_gazetteer_2026
48119,Delta County,48119,Delta County,identity,1.0,identity,,census_gazetteer_2026
48121,Denton County,48121,Denton County,identity,1.0,identity,,census_gazetteer_2026
48123,DeWitt County,48123,DeWitt County,identity,1.0,identity,,census_gazetteer_2026
48125,Dickens County,48125,Dickens County,identity,1.0,identity,,census_gazetteer_2026
48127,Dimmit County,48127,Dimmit County,identity,1.0,identity,,census_gazetteer_2026
48129,Donley County,48129,Donley County,identity,1.0,identity,,census_gazetteer_2026
48131,Duval County,48131,Duval County,identity,1.0,identity,,census_gazetteer_2026
48133,Eastland County,48133,Eastland County,identity,1.0,identity,,census_gazetteer_2026
48135,Ector County,48135,Ector County,identity,1.0,identity,,census_gazetteer_2026
48137,Edwards County,48137,Edwards County,identity,1.0,identity,,census_gazetteer_2026
48139,Ellis County,48139,Ellis County,identity,1.0,identity,,census_gazetteer_2026
48141,El Paso County,48141,El Paso County,identity,1.0,identity,,census_gazetteer_2026
48143,Erath County,48143,Erath County,identity,1.0,identity,,census_gazetteer_2026
48145,Falls County,48145,Falls County,identity,1.0,identity,,census_gazetteer_2026
48147,Fannin County,48147,Fannin County,identity,1.0,identity,,census_gazetteer_2026
48149,Fayette County,48149,Fayette County,identity,1.0,identity,,census_gazetteer_2026
48151,Fisher County,48151,Fisher County,identity,1.0,identity,,census_gazetteer_2026
48153,Floyd County,48153,Floyd County,identity,1.0,identity,,census_gazetteer_2026
48155,Foard County,48155,Foard County,identity,1.0,identity,,census_gazetteer_2026
48157,Fort Bend County,48157,Fort Bend County,identity,1.0,identity,,census_gazetteer_2026
48159,Franklin County,48159,Franklin County,identity,1.0,identity,,census_gazetteer_2026
48161,Freestone County,48161,Freestone County,identity,1.0,identity,,census_gazetteer_2026
48163,Frio County,48163,Frio County,identity,1.0,identity,,census_gazetteer_2026
48165,Gaines County,48165,Gaines County,identity,1.0,identity,,census_gazetteer_2026
48167,Galveston County,48167,Galveston County,identity,1.0,identity,,census_gazetteer_2026
48169,Garza County,48169,Garza County,identity,1.0,identity,,census_gazetteer_2026
48171,Gillespie County,48171,Gillespie County,identity,1.0,identity,,census_gazetteer_2026
48173,Glasscock County,48173,Glasscock County,identity,1.0,identity,,census_gazetteer_2026
48175,Goliad County,48175,Goliad County,identity,1.0,identity,,census_gazetteer_2026
48177,Gonzales County,48177,Gonzales County,identity,1.0,identity,,census_gazetteer_2026
48179,Gray County,48179,Gray County,identity,1.0,identity,,census_gazetteer_2026
48181,Grayson County,48181,Grayson County,identity,1.0,identity,,census_gazetteer_2026
48183,Gregg County,48183,Gregg County,identity,1.0,identity,,census_gazetteer_2026
48185,Grimes County,48185,Grimes County,identity,1.0,identity,,census_gazetteer_2026
48187,Guadalupe County,48187,Guadalupe County,identity,1.0,identity,,census_gazetteer_2026
48189,Hale County,48189,Hale County,identity,1.0,identity,,census_gazetteer_2026
48191,Hall County,48191,Hall County,identity,1.0,identity,,census_gazetteer_2026
48193,Hamilton County,48193,Hamilton County,identity,1.0,identity,,census_gazetteer_2026
48195,Hansford County,48195,Hansford County,identity,1.0,identity,,census_gazetteer_2026
48197,Hardeman County,48197,Hardeman County,identity,1.0,identity,,census_gazetteer_2026
48199,Hardin County,48199,Hardin County,identity,1.0,identity,,census_gazetteer_2026
48201,Harris County,48201,Harris County,identity,1.0,identity,,census_gazetteer_2026
48203,Harrison County,48203,Harrison County,identity,1.0,identity,,census_gazetteer_2026
48205,Hartley County,48205,Hartley County,identity,1.0,identity,,census_gazetteer_2026
48207,Haskell County,48207,Haskell County,identity,1.0,identity,,census_gazetteer_2026
48209,Hays County,48209,Hays County,identity,1.0,identity,,census_gazetteer_2026
48211,Hemphill County,48211,Hemphill County,identity,1.0,identity,,census_gazetteer_2026
48213,Henderson County,48213,Henderson County,identity,1.0,identity,,census_gazetteer_2026
48215,Hidalgo County,48215,Hidalgo County,identity,1.0,identity,,census_gazetteer_2026
48217,Hill County,48217,Hill County,identity,1.0,identity,,census_gazetteer_2026
48219,Hockley County,48219,Hockley County,identity,1.0,identity,,census_gazetteer_2026
48221,Hood County,48221,Hood County,identity,1.0,identity,,census_gazetteer_2026
48223,Hopkins County,48223,Hopkins County,identity,1.0,identity,,census_gazetteer_2026
48225,Houston County,48225,Houston County,identity,1.0,identity,,census_gazetteer_2026
48227,Howard County,48227,Howard County,identity,1.0,identity,,census_gazetteer_2026
48229,Hudspeth County,48229,Hudspeth County,identity,1.0,identity,,census_gazetteer_2026
48231,Hunt County,48231,Hunt County,identity,1.0,identity,,census_gazetteer_2026
48233,Hutchinson County,48233,Hutchinson County,identity,1.0,identity,,census_gazetteer_2026
48235,Irion County,48235,Irion County,identity,1.0,identity,,census_gazetteer_2026
48237,Jack County,48237,Jack County,identity,1.0,identity,,census_gazetteer_2026
48239,Jackson County,48239,Jackson County,identity,1.0,identity,,census_gazetteer_2026
48241,Jasper County,48241,Jasper County,identity,1.0,identity,,census_gazetteer_2026
48243,Jeff Davis County,48243,Jeff Davis County,identity,1.0,identity,,census_gazetteer_2026
48245,Jefferson County,48245,Jefferson County,identity,1.0,identity,,census_gazetteer_2026
48247,Jim Hogg County,48247,Jim Hogg County,identity,1.0,identity,,census_gazetteer_2026
48249,Jim Wells County,48249,Jim Wells County,identity,1.0,identity,,census_gazetteer_2026
48251,Johnson County,48251,Johnson County,identity,1.0,identity,,census_gazetteer_2026
48253,Jones County,48253,Jones County,identity,1.0,identity,,census_gazetteer_2026
48255,Karnes County,48255,Karnes County,identity,1.0,identity,,census_gazetteer_2026
48257,Kaufman County,48257,Kaufman County,identity,1.0,identity,,census_gazetteer_2026
48259,Kendall County,48259,Kendall County,identity,1.0,identity,,census_gazetteer_2026
48261,Kenedy County,48261,Kenedy County,identity,1.0,identity,,census_gazetteer_2026
48263,Kent County,48263,Kent County,identity,1.0,identity,,census_gazetteer_2026
48265,Kerr County,48265,Kerr County,identity,1.0,identity,,census_gazetteer_2026
48267,Kimble County,48267,Kimble County,identity,1.0,identity,,census_gazetteer_2026
48269,King County,48269,King County,identity,1.0,identity,,census_gazetteer_2026
48271,Kinney County,48271,Kinney County,identity,1.0,identity,,census_gazetteer_2026
48273,Kleberg County,48273,Kleberg County,identity,1.0,identity,,census_gazetteer_2026
48275,Knox County,48275,Knox County,identity,1.0,identity,,census_gazetteer_2026
48277,Lamar County,48277,Lamar County,identity,1.0,identity,,census_gazetteer_2026
48279,Lamb County,48279,Lamb County,identity,1.0,identity,,census_gazetteer_2026
48281,Lampasas County,48281,Lampasas County,identity,1.0,identity,,census_gazetteer_2026
48283,La Salle County,48283,La Salle County,identity,1.0,identity,,census_gazetteer_2026
48285,Lavaca County,48285,Lavaca County,identity,1.0,identity,,census_gazetteer_2026
48287,Lee County,48287,Lee County,identity,1.0,identity,,census_gazetteer_2026
48289,Leon County,48289,Leon County,identity,1.0,identity,,census_gazetteer_2026
48291,Liberty County,48291,Liberty County,identity,1.0,identity,,census_gazetteer_2026
48293,Limestone County,48293,Limestone County,identity,1.0,identity,,census_gazetteer_2026
48295,Lipscomb County,48295,Lipscomb County,identity,1.0,identity,,census_gazetteer_2026
48297,Live Oak County,48297,Live Oak County,identity,1.0,identity,,census_gazetteer_2026
48299,Llano County,48299,Llano County,identity,1.0,identity,,census_gazetteer_2026
48301,Loving County,48301,Loving County,identity,1.0,identity,,census_gazetteer_2026
48303,Lubbock County,48303,Lubbock County,identity,1.0,identity,,census_gazetteer_2026
48305,Lynn County,48305,Lynn County,identity,1.0,identity,,census_gazetteer_2026
48307,McCulloch County,48307,McCulloch County,identity,1.0,identity,,census_gazetteer_2026
48309,McLennan County,48309,McLennan County,identity,1.0,identity,,census_gazetteer_2026
48311,McMullen County,48311,McMullen County,identity,1.0,identity,,census_gazetteer_2026
48313,Madison County,48313,Madison County,identity,1.0,identity,,census_gazetteer_2026
48315,Marion County,48315,Marion County,identity,1.0,identity,,census_gazetteer_2026
48317,Martin County,48317,Martin County,identity,1.0,identity,,census_gazetteer_2026
48319,Mason County,48319,Mason County,identity,1.0,identity,,census_gazetteer_2026
48321,Matagorda County,48321,Matagorda County,identity,1.0,identity,,census_gazetteer_2026
48323,Maverick County,48323,Maverick County,identity,1.0,identity,,census_gazetteer_2026
48325,Medina County,48325,Medina County,identity,1.0,identity,,census_gazetteer_2026
48327,Menard County,48327,Menard County,identity,1.0,identity,,census_gazetteer_2026
48329,Midland County,48329,Midland County,identity,1.0,identity,,census_gazetteer_2026
48331,Milam County,48331,Milam County,identity,1.0,identity,,census_gazetteer_2026
48333,Mills County,48333,Mills County,identity,1.0,identity,,census_gazetteer_2026
48335,Mitchell County,48335,Mitchell County,identity,1.0,identity,,census_gazetteer_2026
48337,Montague County,48337,Montague County,identity,1.0,identity,,census_gazetteer_2026
48339,Montgomery County,48339,Montgomery County,identity,1.0,identity,,census_gazetteer_2026
48341,Moore County,48341,Moore County,identity,1.0,identity,,census_gazetteer_2026
48343,Morris County,48343,Morris County,identity,1.0,identity,,census_gazetteer_2026
48345,Motley County,48345,Motley County,identity,1.0,identity,,census_gazetteer_2026
48347,Nacogdoches County,48347,Nacogdoches County,identity,1.0,identity,,census_gazetteer_2026
48349,Navarro County,48349,Navarro County,identity,1.0,identity,,census_gazetteer_2026
48351,Newton County,48351,Newton County,identity,1.0,identity,,census_gazetteer_2026
48353,Nolan County,48353,Nolan County,identity,1.0,identity,,census_gazetteer_2026
48355,Nueces County,48355,Nueces County,identity,1.0,identity,,census_gazetteer_2026
48357,Ochiltree County,48357,Ochiltree County,identity,1.0,identity,,census_gazetteer_2026
48359,Oldham County,48359,Oldham County,identity,1.0,identity,,census_gazetteer_2026
48361,Orange County,48361,Orange County,identity,1.0,identity,,census_gazetteer_2026
48363,Palo Pinto County,48363,Palo Pinto County,identity,1.0,identity,,census_gazetteer_2026
48365,Panola County,48365,Panola County,identity,1.0,identity,,census_gazetteer_2026
48367,Parker County,48367,Parker County,identity,1.0,identity,,census_gazetteer_2026
48369,Parmer County,48369,Parmer County,identity,1.0,identity,,census_gazetteer_2026
48371,Pecos County,48371,Pecos County,identity,1.0,identity,,census_gazetteer_2026
48373,Polk County,48373,Polk County,identity,1.0,identity,,census_gazetteer_2026
48375,Potter County,48375,Potter County,identity,1.0,identity,,census_gazetteer_2026
48377,Presidio County,48377,Presidio County,identity,1.0,identity,,census_gazetteer_2026
48379,Rains County,48379,Rains County,identity,1.0,identity,,census_gazetteer_2026
48381,Randall County,48381,Randall County,identity,1.0,identity,,census_gazetteer_2026
48383,Reagan County,48383,Reagan County,identity,1.0,identity,,census_gazetteer_2026
48385,Real County,48385,Real County,identity,1.0,identity,,census_gazetteer_2026
48387,Red River County,48387,Red River County,identity,1.0,identity,,census_gazetteer_2026
48389,Reeves County,48389,Reeves County,identity,1.0,identity,,census_gazetteer_2026
48391,Refugio County,48391,Refugio County,identity,1.0,identity,,census_gazetteer_2026
48393,Roberts County,48393,Roberts County,identity,1.0,identity,,census_gazetteer_2026
48395,Robertson County,48395,Robertson County,identity,1.0,identity,,census_gazetteer_2026
48397,Rockwall County,48397,Rockwall County,identity,1.0,identity,,census_gazetteer_2026
48399,Runnels County,48399,Runnels County,identity,1.0,identity,,census_gazetteer_2026
48401,Rusk County,48401,Rusk County,identity,1.0,identity,,census_gazetteer_2026
48403,Sabine County,48403,Sabine County,identity,1.0,identity,,census_gazetteer_2026
48405,San Augustine County,48405,San Augustine County,identity,1.0,identity,,census_gazetteer_2026
48407,San Jacinto County,48407,San Jacinto County,identity,1.0,identity,,census_gazetteer_2026
48409,San Patricio County,48409,San Patricio County,identity,1.0,identity,,census_gazetteer_2026
48411,San Saba County,48411,San Saba County,identity,1.0,identity,,census_gazetteer_2026
48413,Schleicher County,48413,Schleicher County,identity,1.0,identity,,census_gazetteer_2026
48415,Scurry County,48415,Scurry County,identity,1.0,identity,,census_gazetteer_2026
48417,Shackelford County,48417,Shackelford County,identity,1.0,identity,,census_gazetteer_2026
48419,Shelby County,48419,Shelby County,identity,1.0,identity,,census_gazetteer_2026
48421,Sherman County,48421,Sherman County,identity,1.0,identity,,census_gazetteer_2026
48423,Smith County,48423,Smith County,identity,1.0,identity,,census_gazetteer_2026
48425,Somervell County,48425,Somervell County,identity,1.0,identity,,census_gazetteer_2026
48427,Starr County,48427,Starr County,identity,1.0,identity,,census_gazetteer_2026
48429,Stephens County,48429,Stephens County,identity,1.0,identity,,census_gazetteer_2026
48431,Sterling County,48431,Sterling County,identity,1.0,identity,,census_gazetteer_2026
48433,Stonewall County,48433,Stonewall County,identity,1.0,identity,,census_gazetteer_2026
48435,Sutton County,48435,Sutton County,identity,1.0,identity,,census_gazetteer_2026
48437,Swisher County,48437,Swisher County,identity,1.0,identity,,census_gazetteer_2026
48439,Tarrant County,48439,Tarrant County,identity,1.0,identity,,census_gazetteer_2026
48441,Taylor County,48441,Taylor County,identity,1.0,identity,,census_gazetteer_2026
48443,Terrell County,48443,Terrell County,identity,1.0,identity,,census_gazetteer_2026
48445,Terry County,48445,Terry County,identity,1.0,identity,,census_gazetteer_2026
48447,Throckmorton County,48447,Throckmorton County,identity,1.0,identity,,census_gazetteer_2026
48449,Titus County,48449,Titus County,identity,1.0,identity,,census_gazetteer_2026
48451,Tom Green County,48451,Tom Green County,identity,1.0,identity,,census_gazetteer_2026
48453,Travis County,48453,Travis County,identity,1.0,identity,,census_gazetteer_2026
48455,Trinity County,48455,Trinity County,identity,1.0,identity,,census_gazetteer_2026
48457,Tyler County,48457,Tyler County,identity,1.0,identity,,census_gazetteer_2026
48459,Upshur County,48459,Upshur County,identity,1.0,identity,,census_gazetteer_2026
48461,Upton County,48461,Upton County,identity,1.0,identity,,census_gazetteer_2026
48463,Uvalde County,48463,Uvalde County,identity,1.0,identity,,census_gazetteer_2026
48465,Val Verde County,48465,Val Verde County,identity,1.0,identity,,census_gazetteer_2026
48467,Van Zandt County,48467,Van Zandt County,identity,1.0,identity,,census_gazetteer_2026
48469,Victoria County,48469,Victoria County,identity,1.0,identity,,census_gazetteer_2026
48471,Walker County,48471,Walker County,identity,1.0,identity,,census_gazetteer_2026
48473,Waller County,48473,Waller County,identity,1.0,identity,,census_gazetteer_2026
48475,Ward County,48475,Ward County,identity,1.0,identity,,census_gazetteer_2026
48477,Washington County,48477,Washington County,identity,1.0,identity,,census_gazetteer_2026
48479,Webb County,48479,Webb County,identity,1.0,identity,,census_gazetteer_2026
48481,Wharton County,48481,Wharton County,identity,1.0,identity,,census_gazetteer_2026
48483,Wheeler County,48483,Wheeler County,identity,1.0,identity,,census_gazetteer_2026
48485,Wichita County,48485,Wichita County,identity,1.0,identity,,census_gazetteer_2026
48487,Wilbarger County,48487,Wilbarger County,identity,1.0,identity,,census_gazetteer_2026
48489,Willacy County,48489,Willacy County,identity,1.0,identity,,census_gazetteer_2026
48491,Williamson County,48491,Williamson County,identity,1.0,identity,,census_gazetteer_2026
48493,Wilson County,48493,Wilson County,identity,1.0,identity,,census_gazetteer_2026
48495,Winkler County,48495,Winkler County,identity,1.0,identity,,census_gazetteer_2026
48497,Wise County,48497,Wise County,identity,1.0,identity,,census_gazetteer_2026
48499,Wood County,48499,Wood County,identity,1.0,identity,,census_gazetteer_2026
48501,Yoakum County,48501,Yoakum County,identity,1.0,identity,,census_gazetteer_2026
48503,Young County,48503,Young County,identity,1.0,identity,,census_gazetteer_2026
48505,Zapata County,48505,Zapata County,identity,1.0,identity,,census_gazetteer_2026
48507,Zavala County,48507,Zavala County,identity,1.0,identity,,census_gazetteer_2026
49001,Beaver County,49001,Beaver County,identity,1.0,identity,,census_gazetteer_2026
49003,Box Elder County,49003,Box Elder County,identity,1.0,identity,,census_gazetteer_2026
49005,Cache County,49005,Cache County,identity,1.0,identity,,census_gazetteer_2026
49007,Carbon County,49007,Carbon County,identity,1.0,identity,,census_gazetteer_2026
49009,Daggett County,49009,Daggett County,identity,1.0,identity,,census_gazetteer_2026
49011,Davis County,49011,Davis County,identity,1.0,identity,,census_gazetteer_2026
49013,Duchesne County,49013,Duchesne County,identity,1.0,identity,,census_gazetteer_2026
49015,Emery County,49015,Emery County,identity,1.0,identity,,census_gazetteer_2026
49017,Garfield County,49017,Garfield County,identity,1.0,identity,,census_gazetteer_2026
49019,Grand County,49019,Grand County,identity,1.0,identity,,census_gazetteer_2026
49021,Iron County,49021,Iron County,identity,1.0,identity,,census_gazetteer_2026
49023,Juab County,49023,Juab County,identity,1.0,identity,,census_gazetteer_2026
49025,Kane County,49025,Kane County,identity,1.0,identity,,census_gazetteer_2026
49027,Millard County,49027,Millard County,identity,1.0,identity,,census_gazetteer_2026
49029,Morgan County,49029,Morgan County,identity,1.0,identity,,census_gazetteer_2026
49031,Piute County,49031,Piute County,identity,1.0,identity,,census_gazetteer_2026
49033,Rich County,49033,Rich County,identity,1.0,identity,,census_gazetteer_2026
49035,Salt Lake County,49035,Salt Lake County,identity,1.0,identity,,census_gazetteer_2026
49037,San Juan County,49037,San Juan County,identity,1.0,identity,,census_gazetteer_2026
49039,Sanpete County,49039,Sanpete County,identity,1.0,identity,,census_gazetteer_2026
49041,Sevier County,49041,Sevier County,identity,1.0,identity,,census_gazetteer_2026
49043,Summit County,49043,Summit County,identity,1.0,identity,,census_gazetteer_2026
49045,Tooele County,49045,Tooele County,identity,1.0,identity,,census_gazetteer_2026
49047,Uintah County,49047,Uintah County,identity,1.0,identity,,census_gazetteer_2026
49049,Utah County,49049,Utah County,identity,1.0,identity,,census_gazetteer_2026
49051,Wasatch County,49051,Wasatch County,identity,1.0,identity,,census_gazetteer_2026
49053,Washington County,49053,Washington County,identity,1.0,identity,,census_gazetteer_2026
49055,Wayne County,49055,Wayne County,identity,1.0,identity,,census_gazetteer_2026
49057,Weber County,49057,Weber County,identity,1.0,identity,,census_gazetteer_2026
50001,Addison County,50001,Addison County,identity,1.0,identity,,census_gazetteer_2026
50003,Bennington County,50003,Bennington County,identity,1.0,identity,,census_gazetteer_2026
50005,Caledonia County,50005,Caledonia County,identity,1.0,identity,,census_gazetteer_2026
50007,Chittenden County,50007,Chittenden County,identity,1.0,identity,,census_gazetteer_2026
50009,Essex County,50009,Essex County,identity,1.0,identity,,census_gazetteer_2026
50011,Franklin County,50011,Franklin County,identity,1.0,identity,,census_gazetteer_2026
50013,Grand Isle County,50013,Grand Isle County,identity,1.0,identity,,census_gazetteer_2026
50015,Lamoille County,50015,Lamoille County,identity,1.0,identity,,census_gazetteer_2026
50017,Orange County,50017,Orange County,identity,1.0,identity,,census_gazetteer_2026
50019,Orleans County,50019,Orleans County,identity,1.0,identity,,census_gazetteer_2026
50021,Rutland County,50021,Rutland County,identity,1.0,identity,,census_gazetteer_2026
50023,Washington County,50023,Washington County,identity,1.0,identity,,census_gazetteer_2026
50025,Windham County,50025,Windham County,identity,1.0,identity,,census_gazetteer_2026
50027,Windsor County,50027,Windsor County,identity,1.0,identity,,census_gazetteer_2026
51001,Accomack County,51001,Accomack County,identity,1.0,identity,,census_gazetteer_2026
51003,Albemarle County,51003,Albemarle County,identity,1.0,identity,,census_gazetteer_2026
51005,Alleghany County,51005,Alleghany County,identity,1.0,identity,,census_gazetteer_2026
51007,Amelia County,51007,Amelia County,identity,1.0,identity,,census_gazetteer_2026
51009,Amherst County,51009,Amherst County,identity,1.0,identity,,census_gazetteer_2026
51011,Appomattox County,51011,Appomattox County,identity,1.0,identity,,census_gazetteer_2026
51013,Arlington County,51013,Arlington County,identity,1.0,identity,,census_gazetteer_2026
51015,Augusta County,51015,Augusta County,identity,1.0,identity,,census_gazetteer_2026
51017,Bath County,51017,Bath County,identity,1.0,identity,,census_gazetteer_2026
51019,Bedford County,51019,Bedford County,identity,1.0,identity,,census_gazetteer_2026
51021,Bland County,51021,Bland County,identity,1.0,identity,,census_gazetteer_2026
51023,Botetourt County,51023,Botetourt County,identity,1.0,identity,,census_gazetteer_2026
51025,Brunswick County,51025,Brunswick County,identity,1.0,identity,,census_gazetteer_2026
51027,Buchanan County,51027,Buchanan County,identity,1.0,identity,,census_gazetteer_2026
51029,Buckingham County,51029,Buckingham County,identity,1.0,identity,,census_gazetteer_2026
51031,Campbell County,51031,Campbell County,identity,1.0,identity,,census_gazetteer_2026
51033,Caroline County,51033,Caroline County,identity,1.0,identity,,census_gazetteer_2026
51035,Carroll County,51035,Carroll County,identity,1.0,identity,,census_gazetteer_2026
51036,Charles City County,51036,Charles City County,identity,1.0,identity,,census_gazetteer_2026
51037,Charlotte County,51037,Charlotte County,identity,1.0,identity,,census_gazetteer_2026
51041,Chesterfield County,51041,Chesterfield County,identity,1.0,identity,,census_gazetteer_2026
51043,Clarke County,51043,Clarke County,identity,1.0,identity,,census_gazetteer_2026
51045,Craig County,51045,Craig County,identity,1.0,identity,,census_gazetteer_2026
51047,Culpeper County,51047,Culpeper County,identity,1.0,identity,,census_gazetteer_2026
51049,Cumberland County,51049,Cumberland County,identity,1.0,identity,,census_gazetteer_2026
51051,Dickenson County,51051,Dickenson County,identity,1.0,identity,,census_gazetteer_2026
51053,Dinwiddie County,51053,Dinwiddie County,identity,1.0,identity,,census_gazetteer_2026
51057,Essex County,51057,Essex County,identity,1.0,identity,,census_gazetteer_2026
51059,Fairfax County,51059,Fairfax County,identity,1.0,identity,,census_gazetteer_2026
51061,Fauquier County,51061,Fauquier County,identity,1.0,identity,,census_gazetteer_2026
51063,Floyd County,51063,Floyd County,identity,1.0,identity,,census_gazetteer_2026
51065,Fluvanna County,51065,Fluvanna County,identity,1.0,identity,,census_gazetteer_2026
51067,Franklin County,51067,Franklin County,identity,1.0,identity,,census_gazetteer_2026
51069,Frederick County,51069,Frederick County,identity,1.0,identity,,census_gazetteer_2026
51071,Giles County,51071,Giles County,identity,1.0,identity,,census_gazetteer_2026
51073,Gloucester County,51073,Gloucester County,identity,1.0,identity,,census_gazetteer_2026
51075,Goochland County,51075,Goochland County,identity,1.0,identity,,census_gazetteer_2026
51077,Grayson County,51077,Grayson County,identity,1.0,identity,,census_gazetteer_2026
51079,Greene County,51079,Greene County,identity,1.0,identity,,census_gazetteer_2026
51081,Greensville County,51081,Greensville County,identity,1.0,identity,,census_gazetteer_2026
51083,Halifax County,51083,Halifax County,identity,1.0,identity,,census_gazetteer_2026
51085,Hanover County,51085,Hanover County,identity,1.0,identity,,census_gazetteer_2026
51087,Henrico County,51087,Henrico County,identity,1.0,identity,,census_gazetteer_2026
51089,Henry County,51089,Henry County,identity,1.0,identity,,census_gazetteer_2026
51091,Highland County,51091,Highland County,identity,1.0,identity,,census_gazetteer_2026
51093,Isle of Wight County,51093,Isle of Wight County,identity,1.0,identity,,census_gazetteer_2026
51095,James City County,51095,James City County,identity,1.0,identity,,census_gazetteer_2026
51097,King and Queen County,51097,King and Queen County,identity,1.0,identity,,census_gazetteer_2026
51099,King George County,51099,King George County,identity,1.0,identity,,census_gazetteer_2026
51101,King William County,51101,King William County,identity,1.0,identity,,census_gazetteer_2026
51103,Lancaster County,51103,Lancaster County,identity,1.0,identity,,census_gazetteer_2026
51105,Lee County,51105,Lee County,identity,1.0,identity,,census_gazetteer_2026
51107,Loudoun County,51107,Loudoun County,identity,1.0,identity,,census_gazetteer_2026
51109,Louisa County,51109,Louisa County,identity,1.0,identity,,census_gazetteer_2026
51111,Lunenburg County,51111,Lunenburg County,identity,1.0,identity,,census_gazetteer_2026
51113,Madison County,51113,Madison County,identity,1.0,identity,,census_gazetteer_2026
51115,Mathews County,51115,Mathews County,identity,1.0,identity,,census_gazetteer_2026
51117,Mecklenburg County,51117,Mecklenburg County,identity,1.0,identity,,census_gazetteer_2026
51119,Middlesex County,51119,Middlesex County,identity,1.0,identity,,census_gazetteer_2026
51121,Montgomery County,51121,Montgomery County,identity,1.0,identity,,census_gazetteer_2026
51125,Nelson County,51125,Nelson County,identity,1.0,identity,,census_gazetteer_2026
51127,New Kent County,51127,New Kent County,identity,1.0,identity,,census_gazetteer_2026
51131,Northampton County,51131,Northampton County,identity,1.0,identity,,census_gazetteer_2026
51133,Northumberland County,51133,Northumberland County,identity,1.0,identity,,census_gazetteer_2026
51135,Nottoway County,51135,Nottoway County,identity,1.0,identity,,census_gazetteer_2026
51137,Orange County,51137,Orange County,identity,1.0,identity,,census_gazetteer_2026
51139,Page County,51139,Page County,identity,1.0,identity,,census_gazetteer_2026
51141,Patrick County,51141,Patrick County,identity,1.0,identity,,census_gazetteer_2026
51143,Pittsylvania County,51143,Pittsylvania County,identity,1.0,identity,,census_gazetteer_2026
51145,Powhatan County,51145,Powhatan County,identity,1.0,identity,,census_gazetteer_2026
51147,Prince Edward County,51147,Prince Edward County,identity,1.0,identity,,census_gazetteer_2026
51149,Prince George County,51149,Prince George County,identity,1.0,identity,,census_gazetteer_2026
51153,Prince William County,51153,Prince William County,identity,1.0,identity,,census_gazetteer_2026
51155,Pulaski County,51155,Pulaski County,identity,1.0,identity,,census_gazetteer_2026
51157,Rappahannock County,51157,Rappahannock County,identity,1.0,identity,,census_gazetteer_2026
51159,Richmond County,51159,Richmond County,identity,1.0,identity,,census_gazetteer_2026
51161,Roanoke County,51161,Roanoke County,identity,1.0,identity,,census_gazetteer_2026
51163,Rockbridge County,51163,Rockbridge County,identity,1.0,identity,,census_gazetteer_2026
51165,Rockingham County,51165,Rockingham County,identity,1.0,identity,,census_gazetteer_2026
51167,Russell County,51167,Russell County,identity,1.0,identity,,census_gazetteer_2026
51169,Scott County,51169,Scott County,identity,1.0,identity,,census_gazetteer_2026
51171,Shenandoah County,51171,Shenandoah County,identity,1.0,identity,,census_gazetteer_2026
51173,Smyth County,51173,Smyth County,identity,1.0,identity,,census_gazetteer_2026
51175,Southampton County,51175,Southampton County,identity,1.0,identity,,census_gazetteer_2026
51177,Spotsylvania County,51177,Spotsylvania County,identity,1.0,identity,,census_gazetteer_2026
51179,Stafford County,51179,Stafford County,identity,1.0,identity,,census_gazetteer_2026
51181,Surry County,51181,Surry County,identity,1.0,identity,,census_gazetteer_2026
51183,Sussex County,51183,Sussex County,identity,1.0,identity,,census_gazetteer_2026
51185,Tazewell County,51185,Tazewell County,identity,1.0,identity,,census_gazetteer_2026
51187,Warren County,51187,Warren County,identity,1.0,identity,,census_gazetteer_2026
51191,Washington County,51191,Washington County,identity,1.0,identity,,census_gazetteer_2026
51193,Westmoreland County,51193,Westmoreland County,identity,1.0,identity,,census_gazetteer_2026
51195,Wise County,51195,Wise County,identity,1.0,identity,,census_gazetteer_2026
51197,Wythe County,51197,Wythe County,identity,1.0,identity,,census_gazetteer_2026
51199,York County,51199,York County,identity,1.0,identity,,census_gazetteer_2026
51510,Alexandria city,51510,Alexandria city,identity,1.0,identity,,census_gazetteer_2026
51515,,51019,Bedford County,merge,1.0,identity,2013.0,census_substantial_changes_seed
51520,Bristol city,51520,Bristol city,identity,1.0,identity,,census_gazetteer_2026
51530,Buena Vista city,51530,Buena Vista city,identity,1.0,identity,,census_gazetteer_2026
51540,Charlottesville city,51540,Charlottesville city,identity,1.0,identity,,census_gazetteer_2026
51550,Chesapeake city,51550,Chesapeake city,identity,1.0,identity,,census_gazetteer_2026
51560,,51005,Alleghany County,merge,1.0,identity,2001.0,census_substantial_changes_seed
51570,Colonial Heights city,51570,Colonial Heights city,identity,1.0,identity,,census_gazetteer_2026
51580,Covington city,51580,Covington city,identity,1.0,identity,,census_gazetteer_2026
51590,Danville city,51590,Danville city,identity,1.0,identity,,census_gazetteer_2026
51595,Emporia city,51595,Emporia city,identity,1.0,identity,,census_gazetteer_2026
51600,Fairfax city,51600,Fairfax city,identity,1.0,identity,,census_gazetteer_2026
51610,Falls Church city,51610,Falls Church city,identity,1.0,identity,,census_gazetteer_2026
51620,Franklin city,51620,Franklin city,identity,1.0,identity,,census_gazetteer_2026
51630,Fredericksburg city,51630,Fredericksburg city,identity,1.0,identity,,census_gazetteer_2026
51640,Galax city,51640,Galax city,identity,1.0,identity,,census_gazetteer_2026
51650,Hampton city,51650,Hampton city,identity,1.0,identity,,census_gazetteer_2026
51660,Harrisonburg city,51660,Harrisonburg city,identity,1.0,identity,,census_gazetteer_2026
51670,Hopewell city,51670,Hopewell city,identity,1.0,identity,,census_gazetteer_2026
51678,Lexington city,51678,Lexington city,identity,1.0,identity,,census_gazetteer_2026
51680,Lynchburg city,51680,Lynchburg city,identity,1.0,identity,,census_gazetteer_2026
51683,Manassas city,51683,Manassas city,identity,1.0,identity,,census_gazetteer_2026
51685,Manassas Park city,51685,Manassas Park city,identity,1.0,identity,,census_gazetteer_2026
51690,Martinsville city,51690,Martinsville city,identity,1.0,identity,,census_gazetteer_2026
51700,Newport News city,51700,Newport News city,identity,1.0,identity,,census_gazetteer_2026
51710,Norfolk city,51710,Norfolk city,identity,1.0,identity,,census_gazetteer_2026
51720,Norton city,51720,Norton city,identity,1.0,identity,,census_gazetteer_2026
51730,Petersburg city,51730,Petersburg city,identity,1.0,identity,,census_gazetteer_2026
51735,Poquoson city,51735,Poquoson city,identity,1.0,identity,,census_gazetteer_2026
51740,Portsmouth city,51740,Portsmouth city,identity,1.0,identity,,census_gazetteer_2026
51750,Radford city,51750,Radford city,identity,1.0,identity,,census_gazetteer_2026
51760,Richmond city,51760,Richmond city,identity,1.0,identity,,census_gazetteer_2026
51770,Roanoke city,51770,Roanoke city,identity,1.0,identity,,census_gazetteer_2026
51775,Salem city,51775,Salem city,identity,1.0,identity,,census_gazetteer_2026
51790,Staunton city,51790,Staunton city,identity,1.0,identity,,census_gazetteer_2026
51800,Suffolk city,51800,Suffolk city,identity,1.0,identity,,census_gazetteer_2026
51810,Virginia Beach city,51810,Virginia Beach city,identity,1.0,identity,,census_gazetteer_2026
51820,Waynesboro city,51820,Waynesboro city,identity,1.0,identity,,census_gazetteer_2026
51830,Williamsburg city,51830,Williamsburg city,identity,1.0,identity,,census_gazetteer_2026
51840,Winchester city,51840,Winchester city,identity,1.0,identity,,census_gazetteer_2026
53001,Adams County,53001,Adams County,identity,1.0,identity,,census_gazetteer_2026
53003,Asotin County,53003,Asotin County,identity,1.0,identity,,census_gazetteer_2026
53005,Benton County,53005,Benton County,identity,1.0,identity,,census_gazetteer_2026
53007,Chelan County,53007,Chelan County,identity,1.0,identity,,census_gazetteer_2026
53009,Clallam County,53009,Clallam County,identity,1.0,identity,,census_gazetteer_2026
53011,Clark County,53011,Clark County,identity,1.0,identity,,census_gazetteer_2026
53013,Columbia County,53013,Columbia County,identity,1.0,identity,,census_gazetteer_2026
53015,Cowlitz County,53015,Cowlitz County,identity,1.0,identity,,census_gazetteer_2026
53017,Douglas County,53017,Douglas County,identity,1.0,identity,,census_gazetteer_2026
53019,Ferry County,53019,Ferry County,identity,1.0,identity,,census_gazetteer_2026
53021,Franklin County,53021,Franklin County,identity,1.0,identity,,census_gazetteer_2026
53023,Garfield County,53023,Garfield County,identity,1.0,identity,,census_gazetteer_2026
53025,Grant County,53025,Grant County,identity,1.0,identity,,census_gazetteer_2026
53027,Grays Harbor County,53027,Grays Harbor County,identity,1.0,identity,,census_gazetteer_2026
53029,Island County,53029,Island County,identity,1.0,identity,,census_gazetteer_2026
53031,Jefferson County,53031,Jefferson County,identity,1.0,identity,,census_gazetteer_2026
53033,King County,53033,King County,identity,1.0,identity,,census_gazetteer_2026
53035,Kitsap County,53035,Kitsap County,identity,1.0,identity,,census_gazetteer_2026
53037,Kittitas County,53037,Kittitas County,identity,1.0,identity,,census_gazetteer_2026
53039,Klickitat County,53039,Klickitat County,identity,1.0,identity,,census_gazetteer_2026
53041,Lewis County,53041,Lewis County,identity,1.0,identity,,census_gazetteer_2026
53043,Lincoln County,53043,Lincoln County,identity,1.0,identity,,census_gazetteer_2026
53045,Mason County,53045,Mason County,identity,1.0,identity,,census_gazetteer_2026
53047,Okanogan County,53047,Okanogan County,identity,1.0,identity,,census_gazetteer_2026
53049,Pacific County,53049,Pacific County,identity,1.0,identity,,census_gazetteer_2026
53051,Pend Oreille County,53051,Pend Oreille County,identity,1.0,identity,,census_gazetteer_2026
53053,Pierce County,53053,Pierce County,identity,1.0,identity,,census_gazetteer_2026
53055,San Juan County,53055,San Juan County,identity,1.0,identity,,census_gazetteer_2026
53057,Skagit County,53057,Skagit County,identity,1.0,identity,,census_gazetteer_2026
53059,Skamania County,53059,Skamania County,identity,1.0,identity,,census_gazetteer_2026
53061,Snohomish County,53061,Snohomish County,identity,1.0,identity,,census_gazetteer_2026
53063,Spokane County,53063,Spokane County,identity,1.0,identity,,census_gazetteer_2026
53065,Stevens County,53065,Stevens County,identity,1.0,identity,,census_gazetteer_2026
53067,Thurston County,53067,Thurston County,identity,1.0,identity,,census_gazetteer_2026
53069,Wahkiakum County,53069,Wahkiakum County,identity,1.0,identity,,census_gazetteer_2026
53071,Walla Walla County,53071,Walla Walla County,identity,1.0,identity,,census_gazetteer_2026
53073,Whatcom County,53073,Whatcom County,identity,1.0,identity,,census_gazetteer_2026
53075,Whitman County,53075,Whitman County,identity,1.0,identity,,census_gazetteer_2026
53077,Yakima County,53077,Yakima County,identity,1.0,identity,,census_gazetteer_2026
54001,Barbour County,54001,Barbour County,identity,1.0,identity,,census_gazetteer_2026
54003,Berkeley County,54003,Berkeley County,identity,1.0,identity,,census_gazetteer_2026
54005,Boone County,54005,Boone County,identity,1.0,identity,,census_gazetteer_2026
54007,Braxton County,54007,Braxton County,identity,1.0,identity,,census_gazetteer_2026
54009,Brooke County,54009,Brooke County,identity,1.0,identity,,census_gazetteer_2026
54011,Cabell County,54011,Cabell County,identity,1.0,identity,,census_gazetteer_2026
54013,Calhoun County,54013,Calhoun County,identity,1.0,identity,,census_gazetteer_2026
54015,Clay County,54015,Clay County,identity,1.0,identity,,census_gazetteer_2026
54017,Doddridge County,54017,Doddridge County,identity,1.0,identity,,census_gazetteer_2026
54019,Fayette County,54019,Fayette County,identity,1.0,identity,,census_gazetteer_2026
54021,Gilmer County,54021,Gilmer County,identity,1.0,identity,,census_gazetteer_2026
54023,Grant County,54023,Grant County,identity,1.0,identity,,census_gazetteer_2026
54025,Greenbrier County,54025,Greenbrier County,identity,1.0,identity,,census_gazetteer_2026
54027,Hampshire County,54027,Hampshire County,identity,1.0,identity,,census_gazetteer_2026
54029,Hancock County,54029,Hancock County,identity,1.0,identity,,census_gazetteer_2026
54031,Hardy County,54031,Hardy County,identity,1.0,identity,,census_gazetteer_2026
54033,Harrison County,54033,Harrison County,identity,1.0,identity,,census_gazetteer_2026
54035,Jackson County,54035,Jackson County,identity,1.0,identity,,census_gazetteer_2026
54037,Jefferson County,54037,Jefferson County,identity,1.0,identity,,census_gazetteer_2026
54039,Kanawha County,54039,Kanawha County,identity,1.0,identity,,census_gazetteer_2026
54041,Lewis County,54041,Lewis County,identity,1.0,identity,,census_gazetteer_2026
54043,Lincoln County,54043,Lincoln County,identity,1.0,identity,,census_gazetteer_2026
54045,Logan County,54045,Logan County,identity,1.0,identity,,census_gazetteer_2026
54047,McDowell County,54047,McDowell County,identity,1.0,identity,,census_gazetteer_2026
54049,Marion County,54049,Marion County,identity,1.0,identity,,census_gazetteer_2026
54051,Marshall County,54051,Marshall County,identity,1.0,identity,,census_gazetteer_2026
54053,Mason County,54053,Mason County,identity,1.0,identity,,census_gazetteer_2026
54055,Mercer County,54055,Mercer County,identity,1.0,identity,,census_gazetteer_2026
54057,Mineral County,54057,Mineral County,identity,1.0,identity,,census_gazetteer_2026
54059,Mingo County,54059,Mingo County,identity,1.0,identity,,census_gazetteer_2026
54061,Monongalia County,54061,Monongalia County,identity,1.0,identity,,census_gazetteer_2026
54063,Monroe County,54063,Monroe County,identity,1.0,identity,,census_gazetteer_2026
54065,Morgan County,54065,Morgan County,identity,1.0,identity,,census_gazetteer_2026
54067,Nicholas County,54067,Nicholas County,identity,1.0,identity,,census_gazetteer_2026
54069,Ohio County,54069,Ohio County,identity,1.0,identity,,census_gazetteer_2026
54071,Pendleton County,54071,Pendleton County,identity,1.0,identity,,census_gazetteer_2026
54073,Pleasants County,54073,Pleasants County,identity,1.0,identity,,census_gazetteer_2026
54075,Pocahontas County,54075,Pocahontas County,identity,1.0,identity,,census_gazetteer_2026
54077,Preston County,54077,Preston County,identity,1.0,identity,,census_gazetteer_2026
54079,Putnam County,54079,Putnam County,identity,1.0,identity,,census_gazetteer_2026
54081,Raleigh County,54081,Raleigh County,identity,1.0,identity,,census_gazetteer_2026
54083,Randolph County,54083,Randolph County,identity,1.0,identity,,census_gazetteer_2026
54085,Ritchie County,54085,Ritchie County,identity,1.0,identity,,census_gazetteer_2026
54087,Roane County,54087,Roane County,identity,1.0,identity,,census_gazetteer_2026
54089,Summers County,54089,Summers County,identity,1.0,identity,,census_gazetteer_2026
54091,Taylor County,54091,Taylor County,identity,1.0,identity,,census_gazetteer_2026
54093,Tucker County,54093,Tucker County,identity,1.0,identity,,census_gazetteer_2026
54095,Tyler County,54095,Tyler County,identity,1.0,identity,,census_gazetteer_2026
54097,Upshur County,54097,Upshur County,identity,1.0,identity,,census_gazetteer_2026
54099,Wayne County,54099,Wayne County,identity,1.0,identity,,census_gazetteer_2026
54101,Webster County,54101,Webster County,identity,1.0,identity,,census_gazetteer_2026
54103,Wetzel County,54103,Wetzel County,identity,1.0,identity,,census_gazetteer_2026
54105,Wirt County,54105,Wirt County,identity,1.0,identity,,census_gazetteer_2026
54107,Wood County,54107,Wood County,identity,1.0,identity,,census_gazetteer_2026
54109,Wyoming County,54109,Wyoming County,identity,1.0,identity,,census_gazetteer_2026
55001,Adams County,55001,Adams County,identity,1.0,identity,,census_gazetteer_2026
55003,Ashland County,55003,Ashland County,identity,1.0,identity,,census_gazetteer_2026
55005,Barron County,55005,Barron County,identity,1.0,identity,,census_gazetteer_2026
55007,Bayfield County,55007,Bayfield County,identity,1.0,identity,,census_gazetteer_2026
55009,Brown County,55009,Brown County,identity,1.0,identity,,census_gazetteer_2026
55011,Buffalo County,55011,Buffalo County,identity,1.0,identity,,census_gazetteer_2026
55013,Burnett County,55013,Burnett County,identity,1.0,identity,,census_gazetteer_2026
55015,Calumet County,55015,Calumet County,identity,1.0,identity,,census_gazetteer_2026
55017,Chippewa County,55017,Chippewa County,identity,1.0,identity,,census_gazetteer_2026
55019,Clark County,55019,Clark County,identity,1.0,identity,,census_gazetteer_2026
55021,Columbia County,55021,Columbia County,identity,1.0,identity,,census_gazetteer_2026
55023,Crawford County,55023,Crawford County,identity,1.0,identity,,census_gazetteer_2026
55025,Dane County,55025,Dane County,identity,1.0,identity,,census_gazetteer_2026
55027,Dodge County,55027,Dodge County,identity,1.0,identity,,census_gazetteer_2026
55029,Door County,55029,Door County,identity,1.0,identity,,census_gazetteer_2026
55031,Douglas County,55031,Douglas County,identity,1.0,identity,,census_gazetteer_2026
55033,Dunn County,55033,Dunn County,identity,1.0,identity,,census_gazetteer_2026
55035,Eau Claire County,55035,Eau Claire County,identity,1.0,identity,,census_gazetteer_2026
55037,Florence County,55037,Florence County,identity,1.0,identity,,census_gazetteer_2026
55039,Fond du Lac County,55039,Fond du Lac County,identity,1.0,identity,,census_gazetteer_2026
55041,Forest County,55041,Forest County,identity,1.0,identity,,census_gazetteer_2026
55043,Grant County,55043,Grant County,identity,1.0,identity,,census_gazetteer_2026
55045,Green County,55045,Green County,identity,1.0,identity,,census_gazetteer_2026
55047,Green Lake County,55047,Green Lake County,identity,1.0,identity,,census_gazetteer_2026
55049,Iowa County,55049,Iowa County,identity,1.0,identity,,census_gazetteer_2026
55051,Iron County,55051,Iron County,identity,1.0,identity,,census_gazetteer_2026
55053,Jackson County,55053,Jackson County,identity,1.0,identity,,census_gazetteer_2026
55055,Jefferson County,55055,Jefferson County,identity,1.0,identity,,census_gazetteer_2026
55057,Juneau County,55057,Juneau County,identity,1.0,identity,,census_gazetteer_2026
55059,Kenosha County,55059,Kenosha County,identity,1.0,identity,,census_gazetteer_2026
55061,Kewaunee County,55061,Kewaunee County,identity,1.0,identity,,census_gazetteer_2026
55063,La Crosse County,55063,La Crosse County,identity,1.0,identity,,census_gazetteer_2026
55065,Lafayette County,55065,Lafayette County,identity,1.0,identity,,census_gazetteer_2026
55067,Langlade County,55067,Langlade County,identity,1.0,identity,,census_gazetteer_2026
55069,Lincoln County,55069,Lincoln County,identity,1.0,identity,,census_gazetteer_2026
55071,Manitowoc County,55071,Manitowoc County,identity,1.0,identity,,census_gazetteer_2026
55073,Marathon County,55073,Marathon County,identity,1.0,identity,,census_gazetteer_2026
55075,Marinette County,55075,Marinette County,identity,1.0,identity,,census_gazetteer_2026
55077,Marquette County,55077,Marquette County,identity,1.0,identity,,census_gazetteer_2026
55078,Menominee County,55078,Menominee County,identity,1.0,identity,,census_gazetteer_2026
55079,Milwaukee County,55079,Milwaukee County,identity,1.0,identity,,census_gazetteer_2026
55081,Monroe County,55081,Monroe County,identity,1.0,identity,,census_gazetteer_2026
55083,Oconto County,55083,Oconto County,identity,1.0,identity,,census_gazetteer_2026
55085,Oneida County,55085,Oneida County,identity,1.0,identity,,census_gazetteer_2026
55087,Outagamie County,55087,Outagamie County,identity,1.0,identity,,census_gazetteer_2026
55089,Ozaukee County,55089,Ozaukee County,identity,1.0,identity,,census_gazetteer_2026
55091,Pepin County,55091,Pepin County,identity,1.0,identity,,census_gazetteer_2026
55093,Pierce County,55093,Pierce County,identity,1.0,identity,,census_gazetteer_2026
55095,Polk County,55095,Polk County,identity,1.0,identity,,census_gazetteer_2026
55097,Portage County,55097,Portage County,identity,1.0,identity,,census_gazetteer_2026
55099,Price County,55099,Price County,identity,1.0,identity,,census_gazetteer_2026
55101,Racine County,55101,Racine County,identity,1.0,identity,,census_gazetteer_2026
55103,Richland County,55103,Richland County,identity,1.0,identity,,census_gazetteer_2026
55105,Rock County,55105,Rock County,identity,1.0,identity,,census_gazetteer_2026
55107,Rusk County,55107,Rusk County,identity,1.0,identity,,census_gazetteer_2026
55109,St. Croix County,55109,St. Croix County,identity,1.0,identity,,census_gazetteer_2026
55111,Sauk County,55111,Sauk County,identity,1.0,identity,,census_gazetteer_2026
55113,Sawyer County,55113,Sawyer County,identity,1.0,identity,,census_gazetteer_2026
55115,Shawano County,55115,Shawano County,identity,1.0,identity,,census_gazetteer_2026
55117,Sheboygan County,55117,Sheboygan County,identity,1.0,identity,,census_gazetteer_2026
55119,Taylor County,55119,Taylor County,identity,1.0,identity,,census_gazetteer_2026
55121,Trempealeau County,55121,Trempealeau County,identity,1.0,identity,,census_gazetteer_2026
55123,Vernon County,55123,Vernon County,identity,1.0,identity,,census_gazetteer_2026
55125,Vilas County,55125,Vilas County,identity,1.0,identity,,census_gazetteer_2026
55127,Walworth County,55127,Walworth County,identity,1.0,identity,,census_gazetteer_2026
55129,Washburn County,55129,Washburn County,identity,1.0,identity,,census_gazetteer_2026
55131,Washington County,55131,Washington County,identity,1.0,identity,,census_gazetteer_2026
55133,Waukesha County,55133,Waukesha County,identity,1.0,identity,,census_gazetteer_2026
55135,Waupaca County,55135,Waupaca County,identity,1.0,identity,,census_gazetteer_2026
55137,Waushara County,55137,Waushara County,identity,1.0,identity,,census_gazetteer_2026
55139,Winnebago County,55139,Winnebago County,identity,1.0,identity,,census_gazetteer_2026
55141,Wood County,55141,Wood County,identity,1.0,identity,,census_gazetteer_2026
56001,Albany County,56001,Albany County,identity,1.0,identity,,census_gazetteer_2026
56003,Big Horn County,56003,Big Horn County,identity,1.0,identity,,census_gazetteer_2026
56005,Campbell County,56005,Campbell County,identity,1.0,identity,,census_gazetteer_2026
56007,Carbon County,56007,Carbon County,identity,1.0,identity,,census_gazetteer_2026
56009,Converse County,56009,Converse County,identity,1.0,identity,,census_gazetteer_2026
56011,Crook County,56011,Crook County,identity,1.0,identity,,census_gazetteer_2026
56013,Fremont County,56013,Fremont County,identity,1.0,identity,,census_gazetteer_2026
56015,Goshen County,56015,Goshen County,identity,1.0,identity,,census_gazetteer_2026
56017,Hot Springs County,56017,Hot Springs County,identity,1.0,identity,,census_gazetteer_2026
56019,Johnson County,56019,Johnson County,identity,1.0,identity,,census_gazetteer_2026
56021,Laramie County,56021,Laramie County,identity,1.0,identity,,census_gazetteer_2026
56023,Lincoln County,56023,Lincoln County,identity,1.0,identity,,census_gazetteer_2026
56025,Natrona County,56025,Natrona County,identity,1.0,identity,,census_gazetteer_2026
56027,Niobrara County,56027,Niobrara County,identity,1.0,identity,,census_gazetteer_2026
56029,Park County,56029,Park County,identity,1.0,identity,,census_gazetteer_2026
56031,Platte County,56031,Platte County,identity,1.0,identity,,census_gazetteer_2026
56033,Sheridan County,56033,Sheridan County,identity,1.0,identity,,census_gazetteer_2026
56035,Sublette County,56035,Sublette County,identity,1.0,identity,,census_gazetteer_2026
56037,Sweetwater County,56037,Sweetwater County,identity,1.0,identity,,census_gazetteer_2026
56039,Teton County,56039,Teton County,identity,1.0,identity,,census_gazetteer_2026
56041,Uinta County,56041,Uinta County,identity,1.0,identity,,census_gazetteer_2026
56043,Washakie County,56043,Washakie County,identity,1.0,identity,,census_gazetteer_2026
56045,Weston County,56045,Weston County,identity,1.0,identity,,census_gazetteer_2026
72001,Adjuntas Municipio,72001,Adjuntas Municipio,identity,1.0,identity,,census_gazetteer_2026
72003,Aguada Municipio,72003,Aguada Municipio,identity,1.0,identity,,census_gazetteer_2026
72005,Aguadilla Municipio,72005,Aguadilla Municipio,identity,1.0,identity,,census_gazetteer_2026
72007,Aguas Buenas Municipio,72007,Aguas Buenas Municipio,identity,1.0,identity,,census_gazetteer_2026
72009,Aibonito Municipio,72009,Aibonito Municipio,identity,1.0,identity,,census_gazetteer_2026
72011,AÃ±asco Municipio,72011,AÃ±asco Municipio,identity,1.0,identity,,census_gazetteer_2026
72013,Arecibo Municipio,72013,Arecibo Municipio,identity,1.0,identity,,census_gazetteer_2026
72015,Arroyo Municipio,72015,Arroyo Municipio,identity,1.0,identity,,census_gazetteer_2026
72017,Barceloneta Municipio,72017,Barceloneta Municipio,identity,1.0,identity,,census_gazetteer_2026
72019,Barranquitas Municipio,72019,Barranquitas Municipio,identity,1.0,identity,,census_gazetteer_2026
72021,BayamÃ³n Municipio,72021,BayamÃ³n Municipio,identity,1.0,identity,,census_gazetteer_2026
72023,Cabo Rojo Municipio,72023,Cabo Rojo Municipio,identity,1.0,identity,,census_gazetteer_2026
72025,Caguas Municipio,72025,Caguas Municipio,identity,1.0,identity,,census_gazetteer_2026
72027,Camuy Municipio,72027,Camuy Municipio,identity,1.0,identity,,census_gazetteer_2026
72029,CanÃ³vanas Municipio,72029,CanÃ³vanas Municipio,identity,1.0,identity,,census_gazetteer_2026
72031,Carolina Municipio,72031,Carolina Municipio,identity,1.0,identity,,census_gazetteer_2026
72033,CataÃ±o Municipio,72033,CataÃ±o Municipio,identity,1.0,identity,,census_gazetteer_2026
72035,Cayey Municipio,72035,Cayey Municipio,identity,1.0,identity,,census_gazetteer_2026
72037,Ceiba Municipio,72037,Ceiba Municipio,identity,1.0,identity,,census_gazetteer_2026
72039,Ciales Municipio,72039,Ciales Municipio,identity,1.0,identity,,census_gazetteer_2026
72041,Cidra Municipio,72041,Cidra Municipio,identity,1.0,identity,,census_gazetteer_2026
72043,Coamo Municipio,72043,Coamo Municipio,identity,1.0,identity,,census_gazetteer_2026
72045,ComerÃ­o Municipio,72045,ComerÃ­o Municipio,identity,1.0,identity,,census_gazetteer_2026
72047,Corozal Municipio,72047,Corozal Municipio,identity,1.0,identity,,census_gazetteer_2026
72049,Culebra Municipio,72049,Culebra Municipio,identity,1.0,identity,,census_gazetteer_2026
72051,Dorado Municipio,72051,Dorado Municipio,identity,1.0,identity,,census_gazetteer_2026
72053,Fajardo Municipio,72053,Fajardo Municipio,identity,1.0,identity,,census_gazetteer_2026
72054,Florida Municipio,72054,Florida Municipio,identity,1.0,identity,,census_gazetteer_2026
72055,GuÃ¡nica Municipio,72055,GuÃ¡nica Municipio,identity,1.0,identity,,census_gazetteer_2026
72057,Guayama Municipio,72057,Guayama Municipio,identity,1.0,identity,,census_gazetteer_2026
72059,Guayanilla Municipio,72059,Guayanilla Municipio,identity,1.0,identity,,census_gazetteer_2026
72061,Guaynabo Municipio,72061,Guaynabo Municipio,identity,1.0,identity,,census_gazetteer_2026
72063,Gurabo Municipio,72063,Gurabo Municipio,identity,1.0,identity,,census_gazetteer_2026
72065,Hatillo Municipio,72065,Hatillo Municipio,identity,1.0,identity,,census_gazetteer_2026
72067,Hormigueros Municipio,72067,Hormigueros Municipio,identity,1.0,identity,,census_gazetteer_2026
72069,Humacao Municipio,72069,Humacao Municipio,identity,1.0,identity,,census_gazetteer_2026
72071,Isabela Municipio,72071,Isabela Municipio,identity,1.0,identity,,census_gazetteer_2026
72073,Jayuya Municipio,72073,Jayuya Municipio,identity,1.0,identity,,census_gazetteer_2026
72075,Juana DÃ­az Municipio,72075,Juana DÃ­az Municipio,identity,1.0,identity,,census_gazetteer_2026
72077,Juncos Municipio,72077,Juncos Municipio,identity,1.0,identity,,census_gazetteer_2026
72079,Lajas Municipio,72079,Lajas Municipio,identity,1.0,identity,,census_gazetteer_2026
72081,Lares Municipio,72081,Lares Municipio,identity,1.0,identity,,census_gazetteer_2026
72083,Las MarÃ­as Municipio,72083,Las MarÃ­as Municipio,identity,1.0,identity,,census_gazetteer_2026
72085,Las Piedras Municipio,72085,Las Piedras Municipio,identity,1.0,identity,,census_gazetteer_2026
72087,LoÃ­za Municipio,72087,LoÃ­za Municipio,identity,1.0,identity,,census_gazetteer_2026
72089,Luquillo Municipio,72089,Luquillo Municipio,identity,1.0,identity,,census_gazetteer_2026
72091,ManatÃ­ Municipio,72091,ManatÃ­ Municipio,identity,1.0,identity,,census_gazetteer_2026
72093,Maricao Municipio,72093,Maricao Municipio,identity,1.0,identity,,census_gazetteer_2026
72095,Maunabo Municipio,72095,Maunabo Municipio,identity,1.0,identity,,census_gazetteer_2026
72097,MayagÃ¼ez Municipio,72097,MayagÃ¼ez Municipio,identity,1.0,identity,,census_gazetteer_2026
72099,Moca Municipio,72099,Moca Municipio,identity,1.0,identity,,census_gazetteer_2026
72101,Morovis Municipio,72101,Morovis Municipio,identity,1.0,identity,,census_gazetteer_2026
72103,Naguabo Municipio,72103,Naguabo Municipio,identity,1.0,identity,,census_gazetteer_2026
72105,Naranjito Municipio,72105,Naranjito Municipio,identity,1.0,identity,,census_gazetteer_2026
72107,Orocovis Municipio,72107,Orocovis Municipio,identity,1.0,identity,,census_gazetteer_2026
72109,Patillas Municipio,72109,Patillas Municipio,identity,1.0,identity,,census_gazetteer_2026
72111,PeÃ±uelas Municipio,72111,PeÃ±uelas Municipio,identity,1.0,identity,,census_gazetteer_2026
72113,Ponce Municipio,72113,Ponce Municipio,identity,1.0,identity,,census_gazetteer_2026
72115,Quebradillas Municipio,72115,Quebradillas Municipio,identity,1.0,identity,,census_gazetteer_2026
72117,RincÃ³n Municipio,72117,RincÃ³n Municipio,identity,1.0,identity,,census_gazetteer_2026
72119,RÃ­o Grande Municipio,72119,RÃ­o Grande Municipio,identity,1.0,identity,,census_gazetteer_2026
72121,Sabana Grande Municipio,72121,Sabana Grande Municipio,identity,1.0,identity,,census_gazetteer_2026
72123,Salinas Municipio,72123,Salinas Municipio,identity,1.0,identity,,census_gazetteer_2026
72125,San GermÃ¡n Municipio,72125,San GermÃ¡n Municipio,identity,1.0,identity,,census_gazetteer_2026
72127,San Juan Municipio,72127,San Juan Municipio,identity,1.0,identity,,census_gazetteer_2026
72129,San Lorenzo Municipio,72129,San Lorenzo Municipio,identity,1.0,identity,,census_gazetteer_2026
72131,San SebastiÃ¡n Municipio,72131,San SebastiÃ¡n Municipio,identity,1.0,identity,,census_gazetteer_2026
72133,Santa Isabel Municipio,72133,Santa Isabel Municipio,identity,1.0,identity,,census_gazetteer_2026
72135,Toa Alta Municipio,72135,Toa Alta Municipio,identity,1.0,identity,,census_gazetteer_2026
72137,Toa Baja Municipio,72137,Toa Baja Municipio,identity,1.0,identity,,census_gazetteer_2026
72139,Trujillo Alto Municipio,72139,Trujillo Alto Municipio,identity,1.0,identity,,census_gazetteer_2026
72141,Utuado Municipio,72141,Utuado Municipio,identity,1.0,identity,,census_gazetteer_2026
72143,Vega Alta Municipio,72143,Vega Alta Municipio,identity,1.0,identity,,census_gazetteer_2026
72145,Vega Baja Municipio,72145,Vega Baja Municipio,identity,1.0,identity,,census_gazetteer_2026
72147,Vieques Municipio,72147,Vieques Municipio,identity,1.0,identity,,census_gazetteer_2026
72149,Villalba Municipio,72149,Villalba Municipio,identity,1.0,identity,,census_gazetteer_2026
72151,Yabucoa Municipio,72151,Yabucoa Municipio,identity,1.0,identity,,census_gazetteer_2026
72153,Yauco Municipio,72153,Yauco Municipio,identity,1.0,identity,,census_gazetteer_2026
