PlanApplicationDate,PlanDescription,PlanName,PlanNumber,PlanStatus,PlanType
2026-08-21,"Craig J. Blakeley, Esq. of Alliance Law Group LLC, on behalf of Isahm & Nelia Diab submitted an appeal to ZCOR-2026-0152 dated July 23, 2026 of vested rights for Tuscarora Crossing, Land Bay 3 to develop a data center and major utility uses by-right.",,APPL-2026-0005,Submitted,Appeal
2023-08-23,FSM Hydraulic Design Criteria Waiver Request,IAD 12 & IAD 13 Data Center,BDCOR-2023-0009,Approved,Building and Development Correspondence
2017-01-20,"ACC-10 DATA CENTER LOUDOUN CENTER : REQUEST APPROVAL OF A BOUNDARY LINE ADJUSTMENT PLAT (BLAD) BETWEEN TWO(2) PARCELS, IN THE PLANNED DEVELOPMENT-OFFICE PARK (PDOP) ZONING     DISTRICT.                                                             HV",ACC-10 DATA CENTER LOUDOUN CENTER,BLAD-2017-0005,Approved,Plat
2022-04-26,"VANTAGE DATA CENTERS VA2 LLC : REQUEST APPROVAL OF A BOUNDARY LINE ADJUSTMENT PLAT (BLAD) BETWEEN (5)FIVE LOTS, IN THE (PDIP) PLANNED DEVELOPMENT-INDUSTRIAL PARK ZONING   DISTRICT.                                                             SDM",VANTAGE DATA CENTERS VA2 LLC,BLAD-2022-0015,Approved,Plat
2023-01-19,"H5 DATA CENTER : REQUEST APPROVAL OF A BOUNDARY LINE ADJUSTMENT PLAT(BLAD) AND         CONSOLIDATION OF THREE (3) LOTS INTO ONE (1) LOT, IN THE PLANNED      DEVELOPMENT - INDUSTRIAL PARK (PDIP) ZONING DISTRICT.                 EK",H5 DATA CENTER,BLAD-2023-0002,Approved,Plat
2023-01-30,"VANTAGE DATA CENTERS VA2 : REQUEST APPROVAL OF A BOUNDARY LINE ADJUSTMENT PLAT                   (BLAD)/CONSOLIDATION, IN THE PLANNED DEVELOPMENT INDUSTRIAL PARK      (PDIP) ZONING DISTRICT.                                               DS",VANTAGE DATA CENTERS VA2,BLAD-2023-0004,Approved,Plat
2023-03-30,"MANEKIN DATA CENTER : REQUEST APPROVAL OF A BOUNDARY LINE ADJUSTMENT PLAT (BLAD) FOR        CONSOLIDATION OF FIVE (5) PARCELS INTO ONE (1), IN THE PLANNED        DEVELOPMENT INDUSTRIAL PARK (PDIP) ZONING DISTRICT.                   EK",Manekin Plaza,BLAD-2023-0015,Approved,Plat
2023-12-13,"See LEGI-2023-0090 for all documents, timelines and workflow - RACEFIELD SUBSTATION : A Commission Permit for a Utility Substation to serve planned data center and an existing data center on property.",RACEFIELD SUBSTATION,CMPT-2022-0007,Approved,Commission Permit
2025-07-09,"LOUDOUN BUSINESS PARK: A Special Exception for data center use, a Special Exception to increase the FAR up to 0.8, a Special Exception for each utility substation (3), and a Commission Permit to permit substation use.",Loudoun Business Park,CMPT-2025-0008,In Review,Commission Permit
2026-03-05,"LOUDOUN BUSINESS PARK

CMPT-2026-0010: A Commission Permit to permit a public utility.

CMPT-2025-0008: A Commission Permit to permit a public utility.

SPEX-2025-0061: A Special Exception to permit a data center in the Industrial Park (IP) Zoning District.

SPEX-2025-0072: A Special Exception to permit up to 0.8 floor area ratio (FAR) of data centers uses.

SPEX-2025-0073: A Special Exception to permit a utility substation in the IP Zoning District (Landbay A).

(WITHDRAWN) SPEX-2025-0077: A Special Exception to permit a utility substation in the IP Zoning District (Landbay B).

SPEX-2025-0097: A Special Exception to permit a utility substation in the IP Zoning District (Landbay C).",Loudoun Business Park,CMPT-2026-0010,In Review,Commission Permit
2024-01-31,Comprehensive Plan Amendment Data Centers Standards and Locations Phase 1,Data Center Standards and Locations Phase 1,CPAM-2024-0001,Approved,Comprehensive Plan Amendment
2025-09-19,Comprehensive Plan Amendment Data Centers Standards and Locations Phase 2,Data Center Standards and Locations Phase 2,CPAM-2025-0001,In Review,Comprehensive Plan Amendment
2017-08-18,"TRUE NORTH DATA- SYCOLIN RD : REQUEST APPROVAL OF CONSTRUCTION PLANS AND PROFILES TO WIDEN SYCOLIN  ROAD TO ACCOMODATE A LEFT AND RIGHT TURN LANE AND ENTRANCE, IN THE    TRANSITIONAL RESIDENTIAL- 10 (TR10) ZONING DISTRICT.                  HV",TRUE NORTH DATA- SYCOLIN RD,CPAP-2017-0021,Approved,Engineering Plan
2018-01-26,"606 DATA CENTER : REQUEST APPROVAL OF A CONSTRUCTION PLAN AND PROFILES (CPAP)TO PERFORM SITE GRADING, AS WELL AS CONSTRUCT STORMWATER MANAGEMENT FACILITIES   AND RELATED INFRASTRUCTURE FOR FUTURE DEVELOPMENT IN A PLANNED        DEVELOPMENT GENERAL INDUSTRIAL (PDGI) ZONING DISTRICT.                SMK",606 DATA CENTER,CPAP-2018-0002,Approved,Engineering Plan
2018-03-26,TRUE NORTH DATA - SWM : REQUEST APPROVAL OF A CONSTRUCTION PLANS AND PROFILES (CPAP) FOR THE  CONSTRUCTION OF A STORM WATER MANAGEMENT (SWM) POND AND ASSOCIATED    LIMITS OF CLEARING IN A PLANNED DEVELOPMENT OFFICE PARK (PDOP) ZONING DISTRICT.                                                             SMK,TRUE NORTH DATA - SWM,CPAP-2018-0005,Approved,Engineering Plan
2021-02-25,"AREP BEAUMEADE DATA CENTER : REQUEST APPROVAL OF CONSTRUCTION PLANS AND PROFILES (CPAP) TO DEMOLISHAN EXISTING BUILDING, PARKING ISLES, SIDEWALKS, AS WELL AS ON-SITE    UTILITIES TO BE REPLACED WITH PROPOSED UTLITIES AND FUTURE BUILDING   PAD, IN THE (PDIP) PLANNED DEVELOPMENT INDUSTRIAL PARK ZONING         DISTRICT.                                                             SDM",AREP BEAUMEADE DATA CENTER,CPAP-2021-0010,Approved,Engineering Plan
2018-05-01,"606 DATA CENTER : REQUEST APPROVAL OF CONSTRUCTION PLANS AND PROFILES REVISION (CPAR) TOTHE PREVIOUSLY APPROVED CPAP-2015-0025 TO MORE THE ENTRANCE NORTH     ALONG WITH ASSOCIATED STORM DRAINAGE PIPES, TRAFFIC BARRICADES, AND   FIRE HYDRANT, IN THE PLANNED DEVELOPMENT- GENERAL INDUSTRIAL (PDGI)   ZONING DISTRICT.                                                      HV",606 DATA CENTER,CPAR-2018-0009,Approved,Engineering Plan
2018-12-07,"606 DATA CENTER : REQUEST APPROVAL OF CONSTRUCTION PLANS AND PROFILES REVISION (CPAR) TOPREVIOUSLY APPROVED CPAP-2018-0002 TO MODIFY ROUGH GRADING AND EROSIONAND SEDIMENT CONTROLS TO ACCOMMODATE FUTURE DEVELOPMENT, IN THE       PLANNED DEVELOPMENT- GENERAL INDUSTRIAL (PDGI) ZONING DISTRICT.       HV",606 DATA CENTER,CPAR-2018-0027,Approved,Engineering Plan
2021-12-14,"AREP BEAUMEADE DATA CENTER : REQUEST APPROVAL OF CONSTRUCTION PLANS AND PROFILES REVISION (CPAR) TOTHE PREVIOUSLY APPROVED CPAP-2021-0010 FOR CHANGES TO ASSOCIATED WITH SITE STORM SEWER INFRASTRUCTURE, IN THE PLANNED DEVELOPMENT-          INDUSTRIAL PARK (PDIP) ZONING DISTRICT.                               HV",AREP BEAUMEADE DATA CENTER,CPAR-2021-0022,Approved,Engineering Plan
2015-02-05,LOUDOUN METRO DATA CENTERS LM3 & LM4 : REQUEST APPROVAL OF A DEDICATION PLAT (DEDI) WITH EASEMENTS ASSOCIATEDWITH STPL-2014-0024.                                                  MCC,LOUDOUN METRO DATA CENTERS LM3 & LM4,DEDI-2015-0003,Approved,Plat
2015-05-18,"WAXPOOL INTXN IMPRO ASB ASHBRN DATA CEN : REQUEST APPROVAL OF A DEDICATION (DEDI) FOR THE RIGHT-OF-WAY AND      VACATION AND CREATION OF VARIOUS EASEMENTS ON THE LAND OF ASB ASHBURN DATA CENTER IN CONJUNCTION WITH CRCP-2014-0003, IN AN OFFICE PARK     ZONING DISTRICT.                                                      SMK",WAXPOOL INTXN IMPRO ASB ASHBRN DATA CEN,DEDI-2015-0023,Approved,Plat
2022-03-02,"DARVISH DATA CENTER : REQUEST APPROVAL OF A DEDICATION PLAT (DEDI) FOR THE PROPOSED RIGHT OFWAY DEDICATION AND ON SITE EASEMENTS ASSOCIATED WITH STMP-2021-0020,  IN THE PLANNED DEVELOPMENT INDUSTRIAL PARK (PDIP) ZONING DISTRICT.    AM",DARVISH DATA CENTER,DEDI-2022-0004,In Review,Plat
2023-07-21,"RIDGETOP DATA CENTER : REQUEST APPROVAL OF A DEDICATION PLAT (DEDI) FOR DEDICATION OF VDOT   RIGHT-OF-WAY, IN THE PLANNED DEVELOPMENT - INDUSTRIAL PARK (PDIP)     ZONING DISTRICT.                                                      DS",RIDGETOP DATA CENTER,DEDI-2023-0043,In Review,Plat
2023-08-21,Proposed new data center layout and associated infrastructure,INOVA Health System Phase 1,EPLAN-2023-0051,Approved,Engineering Plan
2023-09-20,"SPAM Application to revise the site layout, grading plan and utility plan to reflect design revisions.",H5 Data Center,EPLAN-2023-0078,Approved,Engineering Plan
2023-09-25,"ASHBURN EAST PH 2: This is an STMP application, and it is a revision to the previously approved STMP-2018-0006 and subsequent SPAM application SPAM-2019-0057 (Ashburn East Phase 1 & 2).  The previously approved plans proposed two data center buildings along with associated site utilities, travelways and parking areas on two parcels (PIN #s 061-030-1740 and 061-29-8643).  Stormwater Water Management (SWM) facilities serving the entire development on this parcel were also designed with original site plan. Building #1 (DC21), all the site travelways and most of the site utilities have been constructed and is shown on the Existing Conditions Sheet EX01.  All the previously SWM facilities have been installed except for the ones on the west and east side of proposed Building #2 (DC22).   The project is under active construction since 2019 is currently bonded with the County in two phases.  There is an active VSMP permit and grading permit for this site construction.
This Site Plan proposes revisions to Building #2 (DC22) located north of the site.  The site utilities, loading docks and some parking areas have been reconfigured for the revised building layout.   This plan has been submitted as a new STMP application because of the significant changes to the building footprint and gross floor area that precludes the submission as a SPAM.  A boundary line adjustment plat (BLAD-2023-0027) is currently under review with the county, and it proposes combining the above referenced two parcels into one.  The zoning tabulations shown on Sheet CS03 is based on this combined parcel areas.  Phase I Erosion & Sediment Control measures have been proposed based the current existing conditions on site. 
SWM Revisions:  All the previously proposed SWM facilities have been installed except for the Underground Detention Vault and Stormtech Chambers and their associated water quality structures on the west and east side of the proposed Building #2.  The design of these facilities has been revised to meet the requirements of the stormwater regulations for the changes proposed in this site plan.
Landscape Update:  The proposed landscape, north of the current existing building, has been updated from the previously approved plans, to meet current zoning ordinance buffering and screening requirements for plant materials. Due to the existing nature of the previously installed landscape and utilities in the buffer, a waiver of Earthen Berm requirements, as required per Section 5-664 (E)(2),  has been submitted under separate cover to the Zoning Administrator.",Ashburn East Phase 1 & 2,EPLAN-2023-0083,Approved,Engineering Plan
2023-09-29,"1501 MORAN ROAD - AS02: This plan proposes a data center with the associated utilities, roads, and parking. STPL",1501 Moran Road - AS02,EPLAN-2023-0087,Approved,Engineering Plan
2023-10-27,(Conditional Approval) (STPL) ALLEGRO NORTH CAMPUS - BLDG 2A: Data Center and support facilities.,Allegro North Campus - Building 2A,EPLAN-2023-0104,In Review,Engineering Plan
2023-11-09,PROJECT MOTION PH 3: Site Plan (STMP) for Data Center and support facilities.,Project Motion - Phase 3,EPLAN-2023-0111,Approved,Engineering Plan
2023-11-20,(Conditional Approval) JK TECHNOLOGY PARK #3: Proposed Data Center and associated infrastructure (STPL),JK TECHNOLOGY PARK #3,EPLAN-2023-0115,In Review,Engineering Plan
2023-11-21,"Bluebeam ID 305-463-286, PACIFIC CORPORATE PARK: Fast track site plan for construction of 3 data center buildings and a distribution substation. Includes new buildings, travelways, parking, stormwater facilities, sanitary lines, water lines, shared use paths/ sidewalks, landscaping and lighting.",Pacific Corporate Park,EPLAN-2023-0116,Approved,Engineering Plan
2023-12-01,STPL for construction of two (2) data center buildings with associated infrastructure and relocation of pond proposed with future Dulles West Boulevard (designed with CRCP-2020-0012),JK Technology Park #2,EPLAN-2023-0122,In Review,Engineering Plan
2023-12-07,PROJECT ASPEN: FAST TRACK Site Plan is for the Phase 3 extension of the existing Data Center complex with associated support facilities.,Project Aspen,EPLAN-2023-0128,Approved,Engineering Plan
2023-12-08,ALLEGRO NORTH CAMPUS - BLDG 2B-2E: The Site Plan is for Buildings 2B-2E of the North Campus of a data center complex with associated support facilities.,Allegro North Campus - Building 2B-2E Site Plan,EPLAN-2023-0130,In Review,Engineering Plan
2023-12-08,VANTAGE DATA CENTER (VA16): Fast Track Application for a proposed Data Center building and the associated infrastructure.,Vantage VA16,EPLAN-2023-0132,Approved,Engineering Plan
2023-12-20,STACK ASHBURN DATA CENTER (SPAM): This is a Site Plan Amendment to STPL-2020-0005 Stack Ashburn Data Center for the relocation of tree conservation landscaping necessitated by the proposed Loudoun Water Reclaim Water utility and easement line (processed separately with LW No. 20220117).,Stack Ashburn Data Center,EPLAN-2023-0138,Approved,Engineering Plan
2024-04-02,STPL- Proposed redevelopment of existing parking lot into 4 data center buildings with associated improvements,Prologis - Erin's Run Drive,EPLAN-2024-0036,In Review,Engineering Plan
2024-05-08,"(Conditional Approval) Thayer Road - This project consists of a proposed 2-story data center with a road around it, utilities, and other associated infrastructure.",Thayer Rd,EPLAN-2024-0058,In Review,Engineering Plan
2024-05-08,TUSCARORA CROSSING LB 7: REQUEST APPROVAL OF A MODIFIED PROCESS SITE PLAN (STMP) FOR TWO DATA CENTER BUILDINGS in LB 7A and 7B - ZONED PD-IP,TUSCARORA CROSSING LANDBAY 7,EPLAN-2024-0059,Approved,Engineering Plan
2024-05-08,"DIGITAL DULLES BLDGS 1-4, 10, 12, 13 + SUBSTATION PADS: Proposed development of seven data center buildings with associated infrastructure.",Digital Dulles Phase III,EPLAN-2024-0060,In Review,Engineering Plan
2024-05-13,"DIGITAL FILIGREE DATA CENTER: Modified Processing (Fast-Track) for proposed Data Center building, with improvements including but not limited to a proposed guard booth, proposed drives aisles, parking, utilities, SWM facilities, sanitary sewer lines, water lines, and landscaping.",Digital Filigree,EPLAN-2024-0062,Approved,Engineering Plan
2024-05-31,"LC3 DATA CENTER: THIS APPLICATION IS AN AMENDMENT TO STPL-2020-0044, TO ADD A PERIMETER SECURITY FENCE AND GUARD SHACK TO THE PREVIOUSLY APPROVED SITE PLAN.",Loudoun Center LC3 Data Center SPAM,EPLAN-2024-0069,Approved,Engineering Plan
2024-06-17,Site Plan for development of 3 Data Center Buildings,Ashburn Data Center,EPLAN-2024-0077,In Review,Engineering Plan
2024-06-20,(Conditional Approval) DULLES DESIGN DATA CENTER: Proposed 2-Story Data Center (STPL),Dulles Design,EPLAN-2024-0081,In Review,Engineering Plan
2024-06-21,IAD03 Relocation Drive Phase II - Proposed Data Center building addition to add approximately 69k sf of GFA to the existing data center on the property.,IAD03 Relocation Drive Phase II,EPLAN-2024-0082,Approved,Engineering Plan
2024-07-12,"(Conditional Approval) DULLES BERRY LC8 DATA CENTER: THIS SPAM IS FOR THE REVISION TO CONDITIONALLY APPROVED STMP-2022-0009 LC8 DATA CENTER.  REVISIONS INCLUDE MINOR CHANGES TO THE BUILDING FOOTPRINT, GRADING, UTILITIES AND PARKING.",Dulles Berry LC8 Data Center,EPLAN-2024-0093,Approved,Engineering Plan
2024-08-01,110 TERMINAL DRIVE DATA CENTER: Proposed Data Center and its associated infrastructure improvements.,110 Terminal Drive Data Center,EPLAN-2024-0105,In Review,Engineering Plan
2024-08-14,DATA CENTERS AT COMPASS CREEK: Site Plan Revision to STPL-2023-0004 (SPAM was not allowed due to SF changes),Data Centers at Compass Creek,EPLAN-2024-0114,Approved,Engineering Plan
2024-09-20,"PROJECT ASPEN SPAM: This is a revision to EPLAN-2023-0128 to adjust the Mechanical Yard (MYD) per new specifications provided by the Owner. The revision does not change the Data Center, Electrical Yard or any of the outer loop road. (SPAM)",Site Plan Amendment for EPLAN-2023-0128,EPLAN-2024-0139,Approved,Engineering Plan
2024-10-16,DULLES ELECTRIC DATA CENTERS: Construction of two 2-story data center buildings and associated infrastructure.,Dulles Electric Data Centers,EPLAN-2024-0154,In Review,Engineering Plan
2024-10-17,"(Conditional Approval) ME-DC Pacific, Site Plan for the construction of one Data Center, circulation drives, underground Stormwater management and the associated infrastructure.(Conditional Approval)",ME-DC Pacific,EPLAN-2024-0155,In Review,Engineering Plan
2024-10-30,MERCURE BUSINESS PARK LOT 22 - The purpose of this site plan amendment is to change the use of the existing building from flex warehouse to data center.,Mercure Business Park Lot 22,EPLAN-2024-0161,In Review,Engineering Plan
2024-10-30,MERCURE BUSINESS PARK LOTS 19 AND 20 - The purpose of this site plan amendment is to change the use of the existing building from flex warehouse to data center.,Mercure Business Park Lot 19 & LOT 20,EPLAN-2024-0162,In Review,Engineering Plan
2024-11-01,CLINTMAR DATA CENTERS: The development of vacant parcels to provide a 2-story Data Center with associated infrastructure and improvements. (Bluebeam Session# 640-079-749),Clintmar,EPLAN-2024-0163,In Review,Engineering Plan
2024-11-11,22990 INDIAN CREEK DR - The purpose of this site plan amendment is to change the use of the existing building from flex warehouse to data center.,22990 Indian Creek Drive,EPLAN-2024-0178,In Review,Engineering Plan
2024-11-14,MERCURE BUSINESS PARK LOT 4A1B - The purpose of this site plan is to change the use of the existing building from flex warehouse to data center.,44122 Mercure Circle,EPLAN-2024-0180,In Review,Engineering Plan
2024-11-14,MERCURE BUSINESS PARK LOT 4A1A: The purpose of this site plan amendment is to change the use of the existing building from flex warehouse to data center.,44112 Mercure Circle,EPLAN-2024-0181,In Review,Engineering Plan
2024-11-19,"This project proposes construction of an approximately 100,000 SF data center, parking lot and associated utilities to serve the building. The total disturbed area is 10.58 AC.",Farah-Naples Data Center Site Plan,EPLAN-2024-0184,In Review,Engineering Plan
2024-11-21,NTT VA7 DATA CENTER: SPAM of STMP-2021-0005 to revise Bldg VA7 to the new prototype.,NTT VA6 AND VA7 SITE PLAN AMENDMENT 2024,EPLAN-2024-0188,Approved,Engineering Plan
2024-12-11,"PARAGON PARK III TECH PARK: STPL for two Data Centers building,  ROW dedication for right turn lane off Pacific Blvd,  parking, SWM/BMP, public water and sanitary sewer lines, and landscaping.",ParagonPark III Technology Park,EPLAN-2024-0200,In Review,Engineering Plan
2024-12-20,"Site plan for the construction of 3 Data Center buildings, a warehouse building, and associated infrastructure",Tech Park at Dulles,EPLAN-2024-0205,In Review,Engineering Plan
2024-12-23,DATA CENTERS @ COMPASS CREEK SPAM: Site Plan Amendment to existing EPLAN-2024-0114,Compass Creek Section 4,EPLAN-2024-0207,Approved,Engineering Plan
2024-12-30,SAMUELS MILL ASSEMBLAGE: 2-story data center and associated infrastructure.,Samuels Mill Assemblage,EPLAN-2024-0211,In Review,Engineering Plan
2024-12-31,PROJECT MOTION - PH 4: Site Plan for Data Center and support facilities.,Project Motion - Phase 4,EPLAN-2024-0212,In Review,Engineering Plan
2025-01-03,Gen yard design for a data center,Parcel J at Ashburn Center,EPLAN-2025-0004,Approved,Engineering Plan
2025-01-24,Proposed Data Center,H&M Property,EPLAN-2025-0012,Approved,Engineering Plan
2025-02-07,"ALLEGRO NORTH CAMPUS BLDG 2F: Site Plan for a data center development on approximately 11.19 acres. Consists of approximately 126,990 SF of data center (2-story), 19,485 SF of office space (2-story), and 4,800 SF of loading dock area (1-story).",Allegro North Campus- Building 2F Site Plan,EPLAN-2025-0023,In Review,Engineering Plan
2025-02-12,"(Conditional Approval) Sterling Technology Park - Proposed Construction of Data Center Building ,Mechanical Yards, Guard Booth, and related infrastructure",Sterling Technology Park,EPLAN-2025-0027,In Review,Engineering Plan
2025-02-12,"Ashburn Shallow Bay - Proposed Construction of one Data Center building, Guard Booth, Circulation Drives, and associated infrastructure.",Ashburn Shallow Bay,EPLAN-2025-0028,In Review,Engineering Plan
2025-03-21,ASHBROOK TECH CENTER: Site plan application for the development of three data center buildings with one substation and improvements per applicable proffers.,Ashbrook Tech Center,EPLAN-2025-0061,In Review,Engineering Plan
2025-04-17,AREP BEAUMEADE DATA CENTER - Revision to previously approved STMP-2021-0006 and SPAM-2022-0033 to add 19 parking spaces,AREP BEAUMEADE DATA CENTER,EPLAN-2025-0072,Approved,Engineering Plan
2025-06-18,THE SUBJECT OF THIS APPLICATION CONSISTS OF THE DESIGN OF A 1-STORY DATA CENTER BUILDING AND ASSOCIATED UTILITIES AND INFRASTRUCTURE.,Prologis Park Building 4,EPLAN-2025-0102,In Review,Engineering Plan
2025-07-31,CYRUSONE STERLING 11 DATA CENTER - PHASE 2: Revision to the approved plan (STMP-2022-0017)  showing electrical & telecom duct banks as well as an updated loading dock footprint.,CyrusOne Sterling 11 Data Center Phase 2,EPLAN-2025-0124,Approved,Engineering Plan
2025-08-08,"GREENLIN PARK: The properties are currently zoned PD-IP, located in the ariport impact OD, and is under the 1993 Revised Loudoun County Zoning Ordinance. The properties will be developed into four 1-story data centers with a substation and associated improvements. The total disturbed area is 51.62 AC.",Greenlin Park,EPLAN-2025-0126,In Review,Engineering Plan
2025-09-05,"Site Plan Amendment to previously approved EPLAN-2023-0087 which is a 42 megawatt data center with the associated infrastructure, roads, parking, & utilities.",1501 Moran Road - AS02 Final Site Plan REVISION,EPLAN-2025-0149,Approved,Engineering Plan
2025-09-10,"CORSCALE VA2 BLDG 1 (SPAM): Revision to STPL-2022-0012, a data center within the Kincora IP District.",Corscale VA2 Building 1 SPAM 1,EPLAN-2025-0152,In Review,Engineering Plan
2025-10-17,"Revisions to an approved Data Center Site plan to make minor site design adjustments to accommodate the updated security gate, gate equipment and security fence. This plan is associated with EPLAN-2023-0078",Site Plan Amendment for H5 Data Center,EPLAN-2025-0180,In Review,Engineering Plan
2025-10-17,"LC11 & LC12 DATA CENTER - REVISION TO APPROVED STPL-2023-0001.  REVISIONS INCLUDEADDITION OF SECURITY FENCE AND GUARD SHACK, PAVEMENT/PARKING REVISIONS AND MINOR UTILITY REVISIONS.",LC11 & LC12 DATA CENTER,EPLAN-2025-0181,In Review,Engineering Plan
2025-11-05,BELMONT INNOVATION CAMPUS PHASE 3 - CONSTRUCTION OF 3 DATA CENTER BUILDINGS WITH ALL ASSOCIATED ACCESS & UTILITIES.,"BELMONT INNOVATION CAMPUS BUILDINGS 1,2 & 5",EPLAN-2025-0195,In Review,Engineering Plan
2026-01-29,"DULLES BERRY LC8 DATA CENTER - This application is for the revision to approved EPLAN-2024-0093 Dulles Berry LC8 Data Center. Revisions include a proposed retaining wall, revisions to the limits of disturbance, associated grading, and minor revisions to utilities and tree conservation areas.",DULLES BERRY LC8 DATA CENTER,EPLAN-2026-0014,In Review,Engineering Plan
2026-03-31,LC9 & LC10 DATA CENTER - CONSTRUCTION OF A TWO (2) 2-STORY DATA CENTER BUILDINGS AND ASSOCIATED INFRASTRUCTURE,LC9 & LC10 Data Center,EPLAN-2026-0039,In Review,Engineering Plan
2026-05-28,Revision associated with this site plan revision include additional floor area for the guard shack booth at the secure entrance to the subject site per approved site plan STMP-2022-0004,Site Plan Amendment for NTT Global Data Centers VA,EPLAN-2026-0075,In Review,Engineering Plan
2026-06-03,TWIN CREEKS DATA CENTERS: Site containing two data center buildings with associated infrastructure and landscaping. (REVISION OF APPROVED PLAN STPL-2022-0040),Twin Creeks Buildings 4 & 5,EPLAN-2026-0078,In Review,Engineering Plan
2026-06-17,"Site Plan for 2 proposed Data Center buildings, guard booth and all associated infrastructure.",Arcola Grove Data Centers Site Plan,EPLAN-2026-0083,In Review,Engineering Plan
2026-06-25,THAYER RD DATA CENTER SPAM: THIS SPAM IS TO ADJUST THE BUILDING HEIGHT OF THE PROPOSED BUILDING FROM 45' TO 65'. NOTE THAT THE SIGNING ENGINEER FOR GORDON IS ONLY VALIDATING THE CHANGE IN BUILDING HEIGHT ON THE CLOUDED SHEETS IN THE SHEET INDEX ONLY. Amending EPLAN-2024-0058,Thayer Road,EPLAN-2026-0084,In Review,Engineering Plan
2026-07-28,BRIDGEFIELD TECH CENTER: Site plan application for the development of data center buildings.,Bridgefield Tech Center,EPLAN-2026-0110,Submitted - Online,Engineering Plan
2026-07-29,Project proposing Data Center buildings 1-3 of the Twin Creeks site with associated landscaping and infrastructure.,Twin Creeks Buildings 1-3,EPLAN-2026-0111,In Review,Engineering Plan
2026-08-11,"The applicant requests approval for a minor addition to a principal building on an approved Special Exception pursuant to Section 10.11.01.H.2. for a 13,380-square-foot footprint addition to the existing data center facility (Building 081) at 42949 Fadeley Lane. The proposed minor addition to the existing building will provide additional floorspace for data center uses and will be connected to the existing facility within the boundaries of the established data center campus. No new roads, parking, utilities, or site expansion are proposed, and the project is not expected to increase employment, traffic, or parking demand.",AWS 42949 Fadeley Lane,EPLAN-2026-0116,Submitted - Online,Engineering Plan
2012-05-31,"INTERGATE ASHBURN DATA CENTER : REQUEST APPROVAL OF AN EASEMENT (ESMT) PLAT FOR THE CREATION OF AN ADDITIONAL SIGHT DISTANCE EASEMENT IN THE PLANNED DEVELOPMENT INDUSTRIAL PARK (PD-IP) ZONING DISTRICT


RP",INTERGATE ASHBURN DATA CENTER,ESMT-2012-0040,Approved,Plat
2018-01-05,"TRUE NORTH DATA : REQUEST APPROVAL OF AN EASMENT PLAT (ESMT) TO DEDICATE ADDITIONAL     RIGHT OF WAY TO SYCOLIN ROAD AND VARIOUS EASEMENTS, IN THE            TRANSITIONAL RESIDENTIAL-10 (TR10) ZONING DISTRICT.                   SMK",TRUE NORTH DATA,ESMT-2018-0001,Approved,Plat
2018-05-10,"TRUE NORTH DATA SWM : REQUEST APPROVAL OF AN EASEMENT PLAT (ESMT) SHOWING THE CREATION OF   SWM AND SWM ACCESS EASEMENTS, IN THE PLANNED DEVELOPMENT- OFFICE PARK (PDOP) ZONING DISTRICT.                                               HV",TRUE NORTH DATA SWM,ESMT-2018-0023,Approved,Plat
2020-10-08,AMAZON DATA SERVICES : REQUEST APPROVAL OF A EASEMENT PLAT (ESMT) IN THE PLANNED DEVELOPMENT GENERAL INDUSTRIAL (PDGI) ZONING DISTRICT.                            AM,AMAZON DATA SERVICES,ESMT-2020-0061,Approved,Plat
2021-02-26,"AREP BEAUMEADE DATA CENTER : REQUEST APPROVAL OF AN EASEMENT PLAT (ESMT) FOR A NEW STORM SEWER,    WATER, AND SANITARY EASEMENTS TO BEAUMEADE DATA CENTER IN THE PLANNED DEVELOPMENT INDUSTRIAL PARK (PDIP) ZONING DISTRICT.                   AM",AREP BEAUMEADE DATA CENTER,ESMT-2021-0016,Approved,Plat
2023-09-07,UPDATE OF FPST-2021-0016 HYDROLOGY AND HYDRAULICS TO REFLECT SITE PLAN FOR LC 11 & LC12 DATA CENTER ULTIMATE CONDITIONS.,Floodplain Study for LC11 & LC12 Data Center,FLPL-2023-0019,Approved,Floodplain
2023-09-20,FLOODPLAIN ALTERATION (MINOR) IN ASSOCIATION WITH LC11 and LC12 DATA CENTER (STPL-2023-0001). EXISTING CONDITIONS IN FLPL-2023-0019.,Floodplain Alteration for LC11 & LC12 Data Center,FLPL-2023-0020,Approved,Floodplain
2023-12-14,Two data center buildings and associated site elements are proposed at the main parcel.,Silverbrook Center Floodplain Study,FLPL-2023-0022,Approved,Floodplain
2023-12-14,Two data center buildings and associated site elements are proposed at the main parcel.,Silverbrook Center Floodplain Alteration,FLPL-2023-0023,Approved,Floodplain
2025-09-11,"This project is located at the parcel between Leesburg Pike, Ashburn Village Blvd, and Russell Branch Pkwy in Ashburn, VA 20147. Scope of development includes data center buildings with one substation and improvements per applicable proffers. Site access is provided from Ashburn Village Blvd and Russell Branch Pkwy. The site is surrounded by perimeter fence with two secured entrances. The disturbed area on site is 35.41 AC.",Ashbrook Tech Center Floodplain Study,FLPL-2025-0019,Approved,Floodplain
2026-03-09,"Floodplain Alteration for Clintmar plan. Data Center encompassing 182,254 sf.",Clintmar,FLPL-2026-0005,In Review,Floodplain
2026-04-01,"KIMLEY-HORN HAS PREPARED THIS FLOODPLAIN ALTERATION TO
DETERMINE THE PROPOSED 100-YEAR FLOOD ELEVATIONS AND EXTENTS WITHIN THE SITE BASED ON THE PROPOSED SITE ALTERATIONS IN
ACCORDANCE WITH THE FACILITIES STANDARDS MANUAL.",Ashburn Data Center Floodplain Alteration,FLPL-2026-0008,In Review,Floodplain
2013-06-19,"LOUDOUN METRO DATA CENTERS LM1 & LM2 : REQUEST APPROVAL OF A FLOODPLAIN ALTERATION (FPAL) FOR FLOODPLAIN ENCROACHMENTS ASSOCAITED WITH THE DESIGN OF TWO (2) DATA CENTER BUILDINGS.


EB",LOUDOUN METRO DATA CENTERS LM1 & LM2,FPAL-2013-0006,Approved,Floodplain
2018-02-06,"ASHBURN NEXUS : REQUEST APPROVAL OF A FLOODPLAIN ALTERATION (FPAL) TO ACCOMMODATE THE CONSTRUCTION OF A DATA CENTER AND ASSOCIATED SITE IMPROVEMENTS, IN THEPLANNED DEVELOPMENT- OFFICE PARK (PDOP) ZONING DISTRICT.              HV",ASHBURN NEXUS,FPAL-2018-0001,Approved,Floodplain
2018-06-27,"606 DATA CENTER : REQUEST APPROVAL OF A FLOODPLAIN ALTERATION (FPAL) ALONG THE 606 DATA CENTER SITE AREA AND ALONG ROUTE 606, IN THE PLANNED DEVELOPMENT-     GENERAL INDUSTRIAL (PDGI) ZONING DISTRICT.                            HV",606 DATA CENTER,FPAL-2018-0005,In Review,Floodplain
2019-01-24,"CYRUSONE KINCORA LB Q PH 3 : REQUEST APPROVAL OF A FLOODPLAIN ALTERATION (FPAL) TO ANALYZE THE     MINOR FLOODPLAIN LIMITS DUE TO THE PROPOSED DEVELOPMENT OF THE THREE  (3) STORY DATA CENTER CONCURRENTLY BEING DEVELOPED, IN THE PLANNED    DEVELOPMENT-MIXED USE BUSINESS (PDMUB) AND PLANNED                    DEVELOPMENT-INDUSTRIAL PARK (PDIP) ZONING DISTRICTS.                  KI",CYRUSONE KINCORA LB Q PH 3,FPAL-2019-0001,Approved,Floodplain
2020-02-13,"RAGINGWIRE VA3 GREENFIELDS : REQUEST APPROVAL OF A FLOODPLAIN ALTERATION (FPAL) FOR TRIBUTARY OF   BEAVERDAM RUN FROM UPSTREAM OF FARMWELL ROAD TO 750 FEET DOWNSTREAM OFASHBURN VILLAGE BOULEVARD FOR PLACEMENT OF FILL ASSOCIATED WITH       CONSTRUCTION OF DATA CENTER CAMPUS, IN THE PLANNED DEVELOPMENT-       INDUSTRIAL PARK (PDIP) ZONING DISTRICT.                               HV",RAGINGWIRE VA3 GREENFIELDS,FPAL-2020-0006,Approved,Floodplain
2020-10-22,"SDC ASHBURN ALPHA 1 : REQUEST APPROVAL OF A FLOODPLAIN ALTERATION (FPAL) FOR THE            CONSTRUCTION OF FOUR DATA CENTERS, ONE GUARD HOUSE, AND ITS ASSOCIATEDSTRUCTURES, IN THE PLANNED DEVELOPMENT-OFFICE PARK (PDOP) ZONING      DISTRICT.                                                             AM",SDC ASHBURN ALPHA 1,FPAL-2020-0019,Approved,Floodplain
2022-07-19,"DULLES BERRY LC8 DATA CENTER : REQUEST APPROVAL OF A FLOODPLAIN ALTERATIN (FPAL) FOR APPROXIMATELY   200 FEET OF AN UNAMED TRIBUTARY TO BROAD RUN, IN THE PLANNED          DEVELOPMENT- RESEARCH AND DEVELOPMENT PARK (PDRDP) ZONING DISTRICT.   AM",DULLES BERRY LC8 DATA CENTER,FPAL-2022-0012,Approved,Floodplain
2022-10-28,"H5 DATA CENTER : REQUEST APPROVAL OF A FLOODPLAIN ALTERATION (FPAL) TO ALTER CROSS     SECTIONS LOCATED WITHIN AN EXISTING FLOODPLAIN, IN THE PLANNED        DEVELOPMENT - INDUSTRIAL PARK (PDIP) ZONING DISTRICT.                 EK",H5 DATA CENTER,FPAL-2022-0019,Approved,Floodplain
2020-07-21,"DIGITAL DULLES BUILDING 7 & 9 : REQUEST APPROVAL OF A FLOODPLAIN STUDY (FPST) FOR DATA CENTERS, IN THEPLANNED DEVELOPMENT- GENERAL INDUSTRIAL (PDGI) ZONING DISTRICT.       AM",DIGITAL DULLES BUILDING 7 & 9,FPST-2020-0008,Approved,Floodplain
2022-01-25,"DULLES BERRY LC4 DATA CENTER : REQUEST APPROVAL OF A FLOODPLAIN STUDY (FPST) TO DETERMINE THE LIMITS OF AN EXISTING FLOODPLAIN, IN THE PLANNED DEVEOPMENT- RESEARCH AND    DEVELOPMENT PARK (PDRDP) ZONING DISTRICT.                             HV",DULLES BERRY LC4 DATA CENTER,FPST-2022-0001,Approved,Floodplain
2022-10-28,"H5 DATA CENTER : REQUEST APPROVAL OF A FLOODPLAIN STUDY (FPST) TO DETERMINE THE LIMITS OF AN EXISTING FLOODPLAIN ON THE SUBJECT PROPERTY, IN THE PLANNED     DEVELOPMENT - INDUSTRIAL PARK (PDIP) ZONING DISTRICT.                 EK",H5 DATA CENTER,FPST-2022-0019,Approved,Floodplain
2011-09-12,,"INTERGATE ASHBURN DATA CENTER, PHASE 1, 2, & 3",GBOND-2011-0131,Approved,Grading Bond
2017-05-23,,LOUDOUN CENTER ACC-10 DATA CEN,GBOND-2017-0204,Approved,Grading Bond
2023-03-07,,H5 DATA CENTER,GBOND-2023-0074,Approved,Grading Bond
2024-11-19,45865 Maries Road - AS01 - Data center with parking lot and utilities (STPL-2023-0035),45865 Maries Road (STPL-2023-0035),GBOND-2024-0245,In Review,Grading Bond
2023-12-13,UPDATE OF FPST-2021-0016 HYDROLOGY AND HYDRAULICS TO REFLECT SITE PLAN FOR LC 11 & LC12 DATA CENTER ULTIMATE CONDITIONS.,,GISU-2023-0033,Approved,GIS Update
2023-12-13,FLOODPLAIN ALTERATION (MINOR) IN ASSOCIATION WITH LC11 and LC12 DATA CENTER (STPL-2023-0001). EXISTING CONDITIONS IN FLPL-2023-0019.,,GISU-2023-0034,Approved,GIS Update
2024-05-21,Two data center buildings and associated site elements are proposed at the main parcel.,,GISU-2024-0009,Submitted,GIS Update
2024-05-21,Two data center buildings and associated site elements are proposed at the main parcel.,,GISU-2024-0010,Submitted,GIS Update
2026-05-22,"This project is located at the parcel between Leesburg Pike, Ashburn Village Blvd, and Russell Branch Pkwy in Ashburn, VA 20147. Scope of development includes data center buildings with one substation and improvements per applicable proffers. Site access is provided from Ashburn Village Blvd and Russell Branch Pkwy. The site is surrounded by perimeter fence with two secured entrances. The disturbed area on site is 35.41 AC.",,GISU-2026-0041,Submitted,GIS Update
2022-05-25,"ALIGNED ENERGY DATA CENTER - SPEX-2022-0024:  A Special Exception for an increase in FAR above the .60 limit pursuant to Section 4-306(C) of the Zoning Ordinance, which allows fora maximum of 2.0 FAR by special exception. With this application, the Applicant is proposing an FAR for the data center of 1.02.            
SPMI-2022-0014:  A Minor Special Exception to Section 5-1403(B). 1. To reduce the      building setback from 75 feet to 58 feet along the South Sterling     Boulevard right of way. 2. To reduce the parking setback from 35 feet to 15 feet from Sterling Boulevard.                                   
ZMAP-2022-0008:  A Zoning Map Amendment to rezoning the Property from R-1 to PD-OP,    which allows data center uses by-right                                
ZMOD-2022-0027:  A Zoning Modification pursuant to Section 4-305(B)(1) Yards Adjacent  to Roads. Modification proposes to modify this requirement by         providing a 15-foot parking setback from Sterling Boulevard.          
ZMOD-2022-0028:  A Zoning Modification pursuant to Section 4-306(B) Building           Height. Modification to allow for a 99.5-foot building within the 58-foot setback from Sterling Boulevard.                              
ZMOD-2022-0083:  A Zoning Modification to modify Section 5-664 Data Center 1. (D)(1)   Pedestrian and Bicycle   Facilities. 2. To modify Section 5-664(E)(2) Landscaping/Buffering/Screening. The applicant proposes to modify thisstandard by replacing the Road Corridor Buffer Type 3 and six-foot    earthen berm required for Data Centers with the road corridor buffer  types required under Section 5-1403(B) for South Sterling Boulevard   (Type 2 Buffer) and Relocation Drive (Type 1 Buffer).3. To modify     Section 5-644 Data Center (E)(3) Landscaping/Buffering/Screening.  The applicant proposes to modify this standard by providing plant types   and percentages of plant units required under Section 5-1408(B)(2) in lieu of the required plant types and percentages of plant units       specified for Data Centers.",ALIGNED ENERGY DATA CENTER,LEGI-2023-0035,Approved,Legislative Application
2022-10-31,"BELMONT INNOVATION CAMPUS - ZMAP-2022-0021:  A Zoning Map Amendment to rezone 84.52 acres from A-3 and PD-GI to    PD-IP.       
SPEX-2022-0042:  A Special Exception to increase FAR in the PD-IP zoning district to   1.0.                                                                  
SPMI-2023-0013:  A Minor Special Exception to allow for increased data center          development potential on the Property                         
ZMOD-2022-0077:  A Zoning Modification to reduce required setbacks pursuant to Section 5-1400 along Gloucester Pkwy and Russell Branch Pkwy.",BELMONT INNOVATION CAMPUS,LEGI-2023-0048,Approved,Legislative Application
2023-02-16,VANTAGE DATA CENTER - BROAD RUN - ZRTD-2023-0001:  A Zoning Conversion in the Route 28 Tax District to increase the      development potential by allowing all permitted uses in the PD-IP     District under the Revised 1993 Zoning Ordinance.,VANTAGE DATA CENTER - BROAD RUN,LEGI-2023-0062,Approved,Legislative Application
2023-07-10,"ARCOLA GROVE REZONING

The application is being reviewed under the Revised 1993 Zoning Ordinance.

ZMAP-2023-0005:  A Zoning Map Amendment to rezone approximately 30 acres to build a Utility Transmission Substation and data center. Four of the parcels  comprising the property are zoned Planned Development-Industrial Park (PD-IP) under the Revised 1993 Loudoun County Zoning Ordinance. The  other two parcels comprising the remainder of the property are zoned  Rural Commercial (RC). The entire property is proposed to be PD-IP.             

SPEX-2023-0015:  A Special Exception to permit a utility substation, transmission to be built on the property.       
            
ZMOD-2023-0031:  A Zoning Modification (ZMOD) for Section 4-506(B) to permit a building height of 60  maximum provided that a building may be erected to a    maximum height of 100  if it is set back from streets or from lot lines a distance of 1 foot for each foot of height that it exceeds the 60-foot limit.",ARCOLA GROVE REZONING,LEGI-2023-0071,Approved,Legislative Application
2023-07-26,"ZEBRA EAST 

ZCPA-2023-0005:  A ZCPA application to amend a proffer statement associated with ZMAP-1998-0003 to permit additional FAR, and to develop data center uses.     

SPEX-2023-0019:  A Special Exception per Section 4-306(C), to increase the allowable   FAR on the subject property from 0.60 to 1.0.",ZEBRA EAST,LEGI-2023-0077,Approved,Legislative Application
2023-11-09,"QUANTUM PARK: 
ZCPA-2023-0008: A Zoning Concept Plan Amendment to expand the permitted building envelope for the development of office and data center uses consistent with the PD-OP zoning district, proffers approved with ZMAP-1998-0003, and the revised 1993 Zoning Ordinance.",Quantum Park,LEGI-2023-0097,In Review,Legislative Application
2024-01-22,"GLENN DRIVE NORTH & SOUTH

ZMAP-2026-0001: A Zoning Map Amendment to rezone approximately 62.347 acres from the Industrial Park (IP) Zoning District to the IP Zoning District.

ZMAP-2024-0002: A Zoning Conversion in the Route 28 Tax District to convert approximately 60.647 acres from the Planned Development – Industrial Park (PD-IP) Zoning District under the 1972 Zoning Ordinance to the IP Zoning District under the Zoning Ordinance.

SPEX-2024-0010: A Special Exception to permit up to 1.0 floor area ratio (FAR) of data centers uses.

SPEX-2024-0062: A Special Exception to permit a utility substation in the IP Zoning District.

SPEX-2024-0065: A Special Exception to permit a utility substation in the IP Zoning District.

SPEX-2024-0116: A Minor Special Exception to permit Energy Storage, Utility Scale use.",GLENN DRIVE NORTH & SOUTH,LEGI-2024-0003,In Review,Legislative Application
2024-02-28,"GLOBAL PLAZA

SPEX-2024-0011: A Special Exception to permit up to 1.0 floor area ratio (FAR).

SPEX-2025-0027: A Special Exception to permit a data center use in the Industrial Park (IP) Zoning District.",GLOBAL PLAZA,LEGI-2024-0004,In Review,Legislative Application
2024-07-30,"COCHRAN TECH: 
A Zoning Map Amendment to rezone an approximately 17.52-acre property from the Joint Land Management Area - 3 (JLMA-3) Zoning District to the Industrial Park (IP) Zoning District to allow IP uses.

A Special Exception to remove the non-conforming status of a residential driveway on property zoned IP.

A Special Exception to allow data center use in the IP Zoning District.

A Minor Special Exception to establish an Energy Storage, Utility Scale use in the IP Zoning District.

A Special Exception to permit data center in moderately steep slope areas.

A Special Exception to permit an Energy Storage, Utility Scale use in moderately steep slope areas.",Cochran Tech Park,LEGI-2024-0037,In Review,Legislative Application
2024-09-04,"DULLES DISTRIBUTION CENTER PHASE 1 & 2

ZMAP-2024-0013: A Zoning Conversion in the Route 28 Tax District to convert approximately 32.48 acres from the Planned Development - Industrial Park (PD-IP) Zoning District under the 1972 Loudoun County Zoning Ordinance to the Industrial Park (IP) Zoning District under the Loudoun County Zoning Ordinance.

ZCPA-2024-0003: A Zoning Concept Plan Amendment  to amend the Proffer Statement and Concept Development Plan from ZCPA-1998-0006 to remove height and floor area ratio (FAR) restrictions.

SPEX-2024-0056: A Special Exception to permit data center development up to a 0.86 floor area ratio (FAR).

SPEX-2024-0087: A Special Exception to permit a Utility, Major: Utility Substation use in the IP Zoning District.

(WITHDRAWN) SPEX-2024-0103: A Minor Special Exception to permit an Energy Storage, Utility Scale use in the IP Zoning District.",DULLES DISTRIBUTION CENTER PHASE 1 & 2,LEGI-2024-0039,In Review,Legislative Application
2024-08-08,"DULLES DOWNS

ZMAP-2024-0014: A Zoning Conversion in the Route 28 Tax District to convert two parcels (PINs 045-28-2657 and 045-37-0852) comprising 26.913 acres from the Planned Development - Industrial Park (PD-IP) Zoning District under the 1972 Loudoun County Zoning Ordinance to the Industrial Park (IP) Zoning District under the Loudoun County Zoning Ordinance.

ZMAP-2025-0020: A Zoning Map Amendment to rezone approximately 50.106 acres from the IP Zoning District to the IP Zoning District.

(WITHDRAWN) SPEX-2025-0030: A Minor SPEX to permit an Energy Storage, Utility Scale use in the IP Zoning District

SPEX-2024-0057: A Special Exception to permit up to 1.0 floor area ratio (FAR) of data centers uses.

SPEX-2024-0067: A Special Exception to permit a Utility, Major: Utility Substation use in the IP Zoning District.",DULLES DOWNS,LEGI-2024-0041,In Review,Legislative Application
2024-08-27,"WEST DULLES AND DULLES COMMERCE CENTER

ZMAP-2024-0015: A Zoning Map Amendment to rezone 94.35 acres from the General Industry (GI) Zoning District to the Industrial Park (IP) Zoning District.

SPEX-2024-0058: A Special Exception to permit data center development up to a 1.0 floor area ratio (FAR).

SPEX-2024-0088: A Special Exception to permit a utility substation in the IP Zoning District.

SPEX-2024-0089: A Special Exception to permit a utility substation in the IP Zoning District.

SPEX-2024-0113: A Minor Special Exception to permit a Energy Storage, Utility Scale use.",WEST DULLES & DULLES COMMERCE CENTER,LEGI-2024-0042,In Review,Legislative Application
2025-08-26,"EQUINIX ASHBURN EAST: 

SPEX-2024-0063: A Special Exception to allow data center development up to a 1.0 floor area ratio (FAR).

SPEX-2025-0057: A Special Exception to permit a data center use in the Industrial Park (IP) Zoning District.",Equinix Ashburn East,LEGI-2024-0047,In Review,Legislative Application
2024-11-27,HORSESHOE DRIVE: A Special Exception to allow for a 1.0 floor area ratio (FAR) of data center uses.,Horseshoe Drive,LEGI-2024-0058,In Review,Legislative Application
2025-03-03,"SPRING VALLEY TECHNOLOGY PARK: 
A Zoning Map Amendment for 362 acres from TR-10 to IP to permit up to 3.5 million square feet of data center use.

A Special Exception to establish 3 utility substations ""Utility, Major"".

A Minor Special Exception to permit Utility Scale Energy Storag, battery energy storage system, on the property.

A Minor Special Exception to reduce the setback adjacent to zoning districts permitting residential use.

A Minor Special Exception to eliminate the Type C buffer requirement between substation and data center uses.",Spring Valley Technology Park,LEGI-2024-0074,In Review,Legislative Application
2025-05-05,"SDC ASHBURN 1

SPEX-2025-0031: A Special Exception to permit the expansion of a data center building footprint from 14,386 square feet to 20,000 square feet.",SDC Ashburn I,LEGI-2025-0015,Approved,Legislative Application
2025-07-25,EQUINIX ASHBURN NORTH: A Special Exception (SPEX) for Data Center Use and a Special Exception to exceed a 0.60 Floor Area Ratio on a 44-acre property in the Industrial Park (IP) Zoning District.,EQUINIX ASHBURN NORTH,LEGI-2025-0027,In Review,Legislative Application
2025-09-10,"LOUDOUN BUSINESS PARK

CMPT-2026-0010: A Commission Permit to permit a public utility.

CMPT-2025-0008: A Commission Permit to permit a public utility.

SPEX-2025-0061: A Special Exception to permit a data center in the Industrial Park (IP) Zoning District.

SPEX-2025-0072: A Special Exception to permit up to 0.8 floor area ratio (FAR) of data centers uses.

SPEX-2025-0073: A Special Exception to permit a utility substation in the IP Zoning District (Landbay A).

SPEX-2025-0097: A Special Exception to permit a utility substation in the IP Zoning District (Landbay C).",LOUDOUN BUSINESS PARK,LEGI-2025-0034,In Review,Legislative Application
2025-11-10,"YONDR-TARRING

SPEX-2025-0128: A Special Exception to permit a data center use in the General Industry (GI) Zoning District

SPEX-2025-0144:  A Minor Special Exception to eliminate the berm and fencing requirements along a portion of the frontage of Youngwood Lane.

SPEX-2026-0018: A Minor Special Exception to reduce the required structure setback from 200 feet to 100 feet along the southern and eastern boundaries of the subject property.

SPEX-2026-0019: A Minor Special Exception to eliminate the building height requirement for a building located within 400 feet measured from the property line adjacent to property with existing residential development, an approved Concept Development Plan (CDP) or plat or plan showing residential development, or zoning district permitting residential uses.

SPEX-2026-0020: A Minor Special Exception to eliminate the required building step-back for a building located within 400 feet measured from the property line adjacent to property with existing residential development, an approved Concept Development Plan (CDP) or plat or plan showing residential development, or zoning district permitting residential uses.

SPEX-2026-0021: A Minor Special Exception to eliminate the required Type C Buffer with specified buffer and berm requirements along the northern boundary of the subject property.",YONDR-TARRING,LEGI-2025-0049,In Review,Legislative Application
2026-06-26,Relocation Drive Data Center: A Zoning Concept Plan Amendment and Special Exception to permit the redevelopment of existing Data Center uses at a 0.86 FAR.,Relocation Drive Data Center,LEGI-2026-0019,In Review,Legislative Application
2018-02-16,TRUE NORTH DATA SYCOLIN RD FRONTAGE IMPROVEMENTS (NORTHBOUND RTL & SOUTHBOUND LTL),TRUE NORTH DATA SYCOLIN RD FRONTAGE IMP,PBOND-2018-0043,Approved,Performance Bond
2024-08-09,"The construction of data center buildings, associated infrastructure, roads, parking, and utilities, etc. for Tuscarora Crossing Land Bay 3 (STPL-2020-0046). The associated grading permit is GRADE-2024-000179.",TUSCARORA CROSSING LAND BAY 3 (STPL-2020-0046),PBOND-2024-0128,In Review,Performance Bond
2024-08-09,"The construction of data center buildings, associated infrastructure, roads, parking, and utilities, etc. for Tuscarora Crossing Land Bay 3 (STPL-2020-0046). The associated grading permit is GRADE-2024-000179.",TUSCARORA CROSSING LAND BAY 3 (STPL-2020-0046),PBOND-2024-0129,In Review,Performance Bond
2025-06-10,Performace Bond for STPL-2023-0029,Brambleton Shreveport South Data Center,PBOND-2025-0086,In Review,Performance Bond
2025-06-10,Site Plan Performance Bond for STPL-2023-0029,Brambleton Shreveport South Data Center,PBOND-2025-0087,Approved,Performance Bond
2026-08-07,"(Conditional Approval) RIDGETOP CENTER : REQUEST APPROVAL OF A SITE PLAN (STPL) FOR THE CONSTRUCTION OF TWO    DATA CENTER BUILDINGS, IN THE PLANNED DEVELOPMENT - INDUSTRIAL PARK   (PDIP) ZONING DISTRICT.                                               EK",RIDGETOP CENTER,PBOND-2026-0121,Submitted - Online,Performance Bond
2026-08-07,"(Conditional Approval) RIDGETOP CENTER : REQUEST APPROVAL OF A SITE PLAN (STPL) FOR THE CONSTRUCTION OF TWO    DATA CENTER BUILDINGS, IN THE PLANNED DEVELOPMENT - INDUSTRIAL PARK   (PDIP) ZONING DISTRICT.                                               EK",RIDGETOP CENTER,PBOND-2026-0122,Submitted - Online,Performance Bond
2026-08-07,"MANEKIN PLAZA : REQUEST APPROVAL FOR A SITE PLAN (STPL) TO CONSTRUCT ONE DATA CENTER, IN THE PLANNED DEVELOPMENT - INDUSTRIAL PARK (PDIP) ZONING DISTRICT.  EK",MANEKIN PLAZA,PBOND-2026-0123,Submitted - Online,Performance Bond
2026-08-07,"MANEKIN PLAZA : REQUEST APPROVAL FOR A SITE PLAN (STPL) TO CONSTRUCT ONE DATA CENTER, IN THE PLANNED DEVELOPMENT - INDUSTRIAL PARK (PDIP) ZONING DISTRICT.  EK",MANEKIN PLAZA,PBOND-2026-0124,Submitted - Online,Performance Bond
2023-10-10,Virginia Department of Environmental Quality (DEQ) has received an application for a Virginia Water Protection (VWP) individual permit for Belmont Innovation Campus to construct a multi-sotry data center with two substations with associated infrastructure. Proposal will impact 1.15 ac of jurisdictional wetlands and waters associated with the Middle Potomac-Catoctin watershed.,VWPP Belmont Innovation,PCOR-2023-0016,Approved,Planning Correspondence
2023-11-03,air pollution control permit for data center with 17 emergency generators and diesel belly tanks; approved STPL-2022-0016,Vantage Data Center VA3,PCOR-2023-0023,Approved,Planning Correspondence
2024-02-16,Local Governing Body Certification and Site Suitability form for a planned data center.,EPLAN-2023-0132,PCOR-2024-0010,Approved,Planning Correspondence
2024-05-02,Local Governing Body Certification and Site Suitability form for a planned data center.,CyrusOne NVA14,PCOR-2024-0020,Approved,Planning Correspondence
2024-06-26,Need to obtain signatures from Loudoun County on both (1) Local Governing Body Certification Form and (2) Air Pollution Activity Siting and Value Form.  These forms are required by Department of Environmental Quality’s (DEQ) for an air permit application,Leesburg (IAD01-02-03-94-05) Data Center,PCOR-2024-0035,Approved,Planning Correspondence
2025-04-25,"Application to request Local Governing Body Certification (LGBC) form approval for Cologix data center in Ashburn, VA. The facility location is 21745 Beaumeade Cir Ashburn, VA 20147. Business entity name is 21673 Beaumeade Circle, LLC.  Site plan approval no. is EPLAN-2023-0045.",Approved Site Plan (EPLAN-2023-0045),PCOR-2025-0023,Approved,Planning Correspondence
2025-06-19,Submittal of an air permit application for an expansion to an existing data center.,APPLICATION FOR A MINOR NSR PERMIT TO CONSTRUCT,PCOR-2025-0050,Approved,Planning Correspondence
2025-11-24,Need to obtain signatures from Loudoun County on both (1) Local Governing Body Certification Form and (2) Air Pollution Activity Siting and Value Form. These forms are required by Department of Environmental Quality’s (DEQ) for an air permit application,"Digital Western Lands, LLC (IAD44) Data Center",PCOR-2025-0092,Submitted - Online,Planning Correspondence
2026-04-14,"RELOCATION DRIVE CHECKLIST WAIVER: A request to waive Special Exception Checklist Items I, J, and K.2 for the upcoming Relocation Drive Data Center application at PIN 045-17-5529.",Relocation Drive Data Center,PCOR-2026-0048,Approved,Planning Correspondence
2026-08-10,WADE DRIVE DATA CENTER CHECKLIST WAIVER: A request to waive checklist items J and K.2 for an anticipated Special Exception associated with PMTG-2026-0165.,Wade Drive,PCOR-2026-0078,Approved,Planning Correspondence
2023-08-28,"FAST TRACK - SBPR - Amazon Data Services, Inc.: Preliminary/Record Plat creating one new parcel and three residual areas on the Properties of Amazon Data Services, Inc.","Amazon Data Services, Inc.",PLAT-2023-0064,In Review,Plat
2023-12-08,BLAD - Vantage Data Centers VA16: Boundary Line Adjustment/Consolidation,Vantage Data Centers VA16,PLAT-2023-0126,Approved,Plat
2023-12-11,"Fast Track - ESMT - INTERGATE ASHBURN DATA CENTER BLDNG A: Plat linked to Ashburn Data Center, Building A, STMP-2022-0011. HC",INTERGATE ASHBURN DATA CENTER BLDNG A,PLAT-2023-0127,Approved,Plat
2024-01-29,"MANEKIN PLAZA : REQUEST APPROVAL FOR A SITE PLAN (STPL) TO CONSTRUCT ONE DATA CENTER, IN THE PLANNED DEVELOPMENT - INDUSTRIAL PARK (PDIP) ZONING DISTRICT.  EK",MANEKIN PLAZA,PLAT-2024-0045,In Review,Plat
2024-02-05,"FAST Track - ESMT - Pacific Corporate Park: Fast track site plan for construction of 3 data center buildings and a distribution substation. Includes new buildings, travelways, parking, stormwater facilities, sanitary lines, water lines, shared use paths/ sidewalks, landscaping and lighting.",Pacific Corporate Park,PLAT-2024-0054,Approved,Plat
2024-02-21,"Fast Track - ESMT - IAD12 & IAD13 DATA CENTER: Linked to STMP-2023-0005. AD12 & IAD13 DATA CENTER : REQUEST APPROVAL OF A MODIFIED PROCESS SITE PLAN (STMP) FOR           CONSTRUCTION OF TWO (2) DATA CENTER BUILDINGS AND ASSOCIATED ROADS,   UTILITIES, AND AN OFFSITE STEP POOL CONVEYANCE SYSTEM, IN THE PLANNED DEVELOPMENT - INDUSTRIAL PARK (PDIP) AND SINGLE FAMILY RESIDENTIAL - 1(R1) ZONING DISTRICTS.                                                DS",IAD12 & IAD13 DATA CENTER,PLAT-2024-0071,Approved,Plat
2024-02-23,FAST TRACK - DEDI - Vantage Data Centers VA16: Plat Showing Creation and Vacation of Various Easement and Reservation for Future Public Street Purposes,Vantage Data Centers VA16,PLAT-2024-0074,Approved,Plat
2024-03-14,"Fast Track - ESMT - Ashburn East Phase 1 & 2: Plat is linked to EPLAN-2023-0083. ASHBURN EAST PH 2: This is an STMP application, and it is a revision to the previously approved STMP-2018-0006 and subsequent SPAM application SPAM-2019-0057 (Ashburn East Phase 1 & 2).  The previously approved plans proposed two data center buildings along with associated site utilities, travelways and parking areas on two parcels (PIN #s 061-030-1740 and 061-29-8643).  Stormwater Water Management (SWM) facilities serving the entire development on this parcel were also designed with original site plan. Building #1 (DC21), all the site travelways and most of the site utilities have been constructed and is shown on the Existing Conditions Sheet EX01.  All the previously SWM facilities have been installed except for the ones on the west and east side of proposed Building #2 (DC22).   The project is under active construction since 2019 is currently bonded with the County in two phases.  There is an active VSMP permit and grading permit for this site construction.
This Site Plan proposes revisions to Building #2 (DC22) located north of the site.  The site utilities, loading docks and some parking areas have been reconfigured for the revised building layout.   This plan has been submitted as a new STMP application because of the significant changes to the building footprint and gross floor area that precludes the submission as a SPAM.  A boundary line adjustment plat (BLAD-2023-0027) is currently under review with the county, and it proposes combining the above referenced two parcels into one.  The zoning tabulations shown on Sheet CS03 is based on this combined parcel areas.  Phase I Erosion & Sediment Control measures have been proposed based the current existing conditions on site. 
SWM Revisions:  All the previously proposed SWM facilities have been installed except for the Underground Detention Vault and Stormtech Chambers and their associated water quality structures on the west and east side of the proposed Building #2.  The design of these facilities has been revised to meet the requirements of the stormwater regulations for the changes proposed in this site plan.
Landscape Update:  The proposed landscape, north of the current existing building, has been updated from the previously approved plans, to meet current zoning ordinance buffering and screening requirements for plant materials. Due to the existing nature of the previously installed landscape and utilities in the buffer, a waiver of Earthen Berm requirements, as required per Section 5-664 (E)(2),  has been submitted under separate cover to the Zoning Administrator.",Ashburn East Phase 1 & 2,PLAT-2024-0082,Approved,Plat
2024-04-10,"FAST TRACK - DEDI - Lot 1A1 1501 Moran Road Development Owner LLC: This project is a 36 megawatt data center with the associated infrastructure, roads, parking, and utilities, etc.",Lot 1A1 1501 Moran Road Development Owner LLC,PLAT-2024-0111,Approved,Plat
2024-05-01,POA review associated with STPL-2023-0028 Brambleton Business Campus Data Center,BRAMBLETON BUSINESS CAMPUS DATA CENTER,PLAT-2024-0126,Approved,Plat
2024-06-20,POA documents related to EPLAN-2023-0104(STPL) ALLEGRO NORTH CAMPUS - BLDG 2A: Data Center and support facilities.,Allegro North Campus - Building 2A,PLAT-2024-0149,In Review,Plat
2024-06-28,FAST TRACK - ESMT - TUSCARORA CROSSING LANDBAY 7: REQUEST APPROVAL OF A MODIFIED PROCESS SITE PLAN (STMP) FOR TWO DATA CENTER BUILDINGS in LB 7A and 7B - ZONED PD-IP,TUSCARORA CROSSING LANDBAY 7,PLAT-2024-0165,Approved,Plat
2024-07-16,Fast Track - ESMT - PROJECT NOVA SOUTHEAST SITE PLAN : REQUEST APPROVAL OF A SITE PLAN (STMP) FOR TWO (2) NEW DATA CENTER    FACILITIES WITH ASSOCIATED INFRASTRUCTURE AND BMP IN THE PD-OP ZONING DISTRICT.                                                             ZDF,PROJECT NOVA SOUTHEAST SITE PLAN,PLAT-2024-0185,In Review,Plat
2024-08-26,FAST TRACK - ESMT - Allegro North Campus - Building 2A: (STPL) ALLEGRO NORTH CAMPUS - BLDG 2A: Data Center and support facilities.,Allegro North Campus - Building 2A,PLAT-2024-0239,In Review,Plat
2024-08-28,ESMT - Ashburn Data Center: Plat associated with EPLAN-2024-0077,Ashburn Data Center,PLAT-2024-0240,In Review,Plat
2024-08-28,AREP BEAUMEADE DATA CENTER - Easement Plat for sight distance STMP-2021-0006,AREP Beaumeade Data Center,PLAT-2024-0241,Approved,Plat
2024-10-10,ESMT - INOVA Health System Phase 1: Reference EPLAN-2023-0051.  Easement plat for revised easements for new data center layout and associated infrastructure,INOVA Health System Phase 1,PLAT-2024-0282,In Review,Plat
2024-10-28,"ESMT - RIDGETOP CENTER: REQUEST APPROVAL OF A SITE PLAN (STPL) FOR THE CONSTRUCTION OF TWO    DATA CENTER BUILDINGS, IN THE PLANNED DEVELOPMENT - INDUSTRIAL PARK   (PDIP) ZONING DISTRICT.                                               EK",RIDGETOP CENTER,PLAT-2024-0303,In Review,Plat
2024-11-26,"LC 11 AND 12 DATA CENTER : REQUEST APPROVAL OF A SITE PLAN (STPL) TO CONSTRUCT TWO (2) DATA      CENTERS AND ASSOCIATED INFRASTRUCTURE, IN THE PLANNED DEVELOPMENT -   OFFICE PARK (PDOP) ZONING DISTRICT.                                   EK",LC 11 AND 12 DATA CENTER,PLAT-2024-0343,Approved,Plat
2024-12-09,Easement documents associated with STMP-2022-0017,CYRUSONE STERLING 11 DATA CENTER PH 2,PLAT-2024-0361,Approved,Plat
2024-12-13,"BB session number for 6th submission is#992-877-495. COCHRAN MILL ROAD : REQUEST APPROVAL OF A SITE PLAN (STPL) FOR THE REDEVELOPMENT OF       MULTIPLE MATERIAL MANUFACTURING PLANTS AND NEW DEVELOPMENT CONSISTING OF THREE (3) DATA CENTERS, TWO (2) WAREHOUSES AND ASSOCIATED          INFRASTRUCTURE IN THE MRHI ZONING DISTRICT.                           ZDF
Bluebeam session Number for 4th submission is 901-520-916
The 6th submission will be considered 1st submission since applicant decided to use the new Zoning ordinance. but only 6th submission fee shall be paid. 
Referral must be sent to PRCS Mark Novak",COCHRAN MILL ROAD,PLAT-2024-0367,Submitted,Plat
2025-02-03,"DIGITAL FILIGREE DATA CENTER Easement Plan:  Plat for site plan easements for plan with Modified Processing (Fast-Track) for proposed Data Center building, with improvements including but not limited to a proposed guard booth, proposed drives aisles, parking, utilities, SWM facilities, sanitary sewer lines, water lines, and landscaping.",Digital Filigree,PLAT-2025-0027,Approved,Plat
2025-03-04,DATA CENTERS @ COMPASS CREEK SPAM: Site Plan Amendment to existing EPLAN-2024-0114,Compass Creek Section 4,PLAT-2025-0059,In Review,Plat
2025-04-08,"DULLES NORTH INDUSTRIAL PARK-LOT4 : REQUEST APPROVAL OF A MODIFIED PROCESS SITE PLAN (STMP) FOR THE       CONSTRUCTION OF ONE, TWO-STORY 212,960 SQUARE FOOT DATA CENTER AND    ASSOCIATED SITE, GRADING, AND UTILITY IMPROVEMENTS, IN THE PLANNED    DEVELOPMENT-INDUSTRIAL PARK (PDIP) ZONING DISTRICT.                   ACOLE",DULLES NORTH INDUSTRIAL PARK-LOT4,PLAT-2025-0081,Approved,Plat
2025-04-09,"This project consists of a proposed 2-story data center with a road around it, utilities, and other associated infrastructure.",Thayer Rd,PLAT-2025-0094,In Review,Plat
2025-04-09,"This project consists of a proposed 2-story data center with a road around it, utilities, and other associated infrastructure.",Thayer Rd,PLAT-2025-0095,In Review,Plat
2025-04-09,"This project consists of a proposed 2-story data center with a road around it, utilities, and other associated infrastructure.",Thayer Rd,PLAT-2025-0097,In Review,Plat
2025-04-09,"ARCOLA LAKHVINDER PROPERTY : REQUEST APPROVAL OF A SITE PLAN (STPL) FOR TWO DATA CENTER BUILDINGS  WITH ASSOCIATED INFRASTRUCTURE, IN THE PLANNED DEVELOPMENT- GENERAL   INDUSTRIAL (PDGI) ZONING DISTRICT.                                    HV",ARCOLA LAKHVINDER PROPERTY,PLAT-2025-0099,Submitted - Online,Plat
2025-04-10,"BELMONT LANDBAY KK DATA CENTER : REQUEST APPROVAL OF A SITE PLAN (STPL) FOR THE CONSTRUCTION OF A DATA CENTER, OFFICE, AND ASSOCIATED SITE INFRASTRUCTURE TO SUPPORT THE     DEVELOPMENT, IN THE PLANNED DEVELOPMENT   OFFICE PARK (PDOP) ZONING   DISTRICT.                                                             DS",BELMONT LANDBAY KK DATA CENTER,PLAT-2025-0100,In Review,Plat
2025-04-18,"BELMONT LANDBAY KK DATA CENTER : REQUEST APPROVAL OF A SITE PLAN (STPL) FOR THE CONSTRUCTION OF A DATA CENTER, OFFICE, AND ASSOCIATED SITE INFRASTRUCTURE TO SUPPORT THE     DEVELOPMENT, IN THE PLANNED DEVELOPMENT   OFFICE PARK (PDOP) ZONING   DISTRICT.                                                             DS",BELMONT LANDBAY KK DATA CENTER,PLAT-2025-0115,In Review,Plat
2025-05-19,"Bluebeam session # 981-200-327   DULLES BERRY LC8 DATA CENTER: THIS SPAM IS FOR THE REVISION TO CONDITIONALLY APPROVED STMP-2022-0009 LC8 DATA CENTER.  REVISIONS INCLUDE MINOR CHANGES TO THE BUILDING FOOTPRINT, GRADING, UTILITIES AND PARKING.",Dulles Berry LC8 Data Center,PLAT-2025-0140,Approved,Plat
2025-08-04,DEDI and easements associated with EPLAN-2024-0154,Dulles Electric Data Centers (8399),PLAT-2025-0194,In Review,Plat
2025-08-04,"R-O-W dedication, creation & vacation of easements on PIN 033-35-7335, 033-35-6754 & 033-36-2355",Dulles Electric Data Centers (7335),PLAT-2025-0195,In Review,Plat
2025-08-11,"This project proposes construction of an approximately 100,000 SF data center, parking lot and associated utilities to serve the building. The total disturbed area is 10.58 AC.",Farah-Naples Data Center Site Plan,PLAT-2025-0200,In Review,Plat
2025-10-17,TELOS DATA CENTER (ESMT): Easement Plat Showing Creation and Vacation of Various Easements in relation to STPL-2023-0007.,Telos Data Center,PLAT-2025-0234,Approved,Plat
2025-10-29,Easement plat to dedicate and vacate easement associated with the H5 Data Center SPAM 2 EPLAN-2025-0180,H5 Data Center SPAM 2 Easement Plat,PLAT-2025-0240,In Review,Plat
2025-10-30,"Site Plan Amendment to previously approved EPLAN-2023-0087 which is a 42 megawatt data center with the associated infrastructure, roads, parking, & utilities.",1501 Moran Road - AS02 Final Site Plan REVISION,PLAT-2025-0241,Approved,Plat
2025-11-24,"EASMEMENT PLAT FOR ALLEGRO NORTH CAMPUS BLDG 2F: Site Plan for a data center development on approximately 11.19 acres. Consists of approximately 126,990 SF of data center (2-story), 19,485 SF of office space (2-story), and 4,800 SF of loading dock area (1-story).",Allegro North Campus- Building 2F Site Plan,PLAT-2025-0252,In Review,Plat
2026-08-12,Consolidation of 4 properties to support EPLAN-2024-0154.,Dulles Electric Data Centers Consolidation,PLAT-2026-0121,In Review,Plat
2026-08-20,110 TERMINAL DRIVE DATA CENTER Easement Plat: Easement plat for onsite easements associated with EPLAN-2024-0105,110 Terminal Drive Data Center,PLAT-2026-0128,In Review,Plat
2026-08-25,110 TERMINAL DRIVE DATA CENTER Easement Plat: Easement plat for offsite easements associated with EPLAN-2024-0105,110 Terminal Drive Data Center,PLAT-2026-0130,Submitted - Online,Plat
2025-09-15,"Premeeting to discuss the upcoming submission of a Site Plan for Buildings 1, 2, & 5 of the Belmont Innovation Campus. Submission will include 3 data center buildings, 3 guard booths and the associated infrastructure and drive aisles.","Belmont Innovation Campus - Buildings 1, 2, & 5",PMTG-2025-0197,Approved,Premeeting
2014-11-05,RAGING WIRE C/O DON BEARD : SPEX & ZRTD to update site to the current revised 1993 Zoning         Ordinance and to allow a 1.0 FAR Data Center.,RAGING WIRE C/O DON BEARD,PRAP-2014-0121,Submitted,Premeeting
2022-06-27,VANTAGE VA 3 : REQUEST APPROVAL OF A PRELIMINARY/RECORD SUBDIVISION PLAT (SBPR) FOR  (4) FOUR NON-RESIDENTIAL LOTS AND THE CREATION OF FLOODPLAIN EASEMENT IN THE (A3/PDOP/PDIP) AGRICULTURAL/RESIDENTIAL/PLANNED DEVELOPMENT    OFFICE PARK/PLANNED DEVELOPMENT-INDUSTRIAL PARK ZONING DISTRICTS.     SDM,"Vantage Data Centers VA3, LLC",SBPR-2022-0008,Approved,Plat
2022-07-27,"DULLES TOWN CENTER DATA CENTER : REQUEST APPROVAL OF A PRELIMINARY / RECORD SUBDIVISION PLAT (SBPR) FORTHREE (3) LOTS, IN THE (PDOP) PLANNED DEVELOPMENT-OFFICE PARK ZONING  DISTRICT.                                                             SDM",DULLES TOWN CENTER DATA CENTER,SBPR-2022-0009,Approved,Plat
2018-01-10,TRUE NORTH DATA : REQUEST APPROVAL OF A SUBDIVISION WAIVER PLAT (SBWV) FOR THE          SEPARATION OF ONE (1) LOT FROM THE RESIDUE IN A TRANSITIONAL          RESIDENTIAL                                                           (TR-10) ZONING DISTRICT.                                              SMK,TRUE NORTH DATA,SBWV-2018-0002,Approved,Plat
2022-05-24,"DULLES BERRY LC4 DATA CENTER : REQUEST APPROVAL OF A SUBDIVISION WAIVER PLAT (SBWV) TO CREATE ONE    PARCEL OUT OF THE PARENT PARCEL, IN THE PLANNED DEVELOPMENT-RESEARCH  AND DEVELOPMENT PARK (PDRDP) ZONING DISTRICT.                         AM",DULLES BERRY LC4 DATA CENTER,SBWV-2022-0004,Approved,Plat
2020-07-27,"EQUINIX SIGN PLAN : A Sign Development Plan (SIDP) to increase the number of allowed signsand to increase the allowable sign area for data center signage in thePD-IP Zoning District pursuant to Section 5-1204, Table               5-1204(D)(4)(g).",EQUINIX SIGN PLAN,SIDP-2020-0008,Approved,Zoning Modification
2005-05-25,MCI DATA CENTER : REQUEST APPROVAL OF A SITE PLAN AMENDMENT TO ALREADY APPROVED SITE    PLAN (STPL-1999-0085) FOR A BATTERY ROOM ADDITION AND A MECHANICAL    EQUIPMENT YARD.                                                       EKH,MCI DATA CENTER,SPAM-2005-0055,Approved,Engineering Plan
2006-03-06,"CABOT TECH AT BEAUMEADE- AT&T DATA : REQUEST APPROVAL OF A SITE PLAN AMENDMENT TO APPROVED SITE PLAN,      STPL-1999-0046, TO CHANGE THE USE FROM WAREHOUSE TO OFFICE/ DATA      CENTER.                                                               JTB",CABOT TECH AT BEAUMEADE- AT&T DATA,SPAM-2006-0030,Approved,Engineering Plan
2006-11-07,"TRIZECHAHN AT BEAUMEADE PH 1 S 1 L 5A1 : REQUEST APPROVAL OF A SITE PLAN AMENDMENT TO PREVIOUSLY APPROVED STPR 2006-0023 TO SHOW ON THE PLANS THE 9-FOOT TRAIL, PARKING LOT          TABULATIONS AND BOND INFORMATION; CHANGE THE USE FROM                 OFFICE/WAREHOUSE TO DATA CENTER.                                      er",TRIZECHAHN AT BEAUMEADE PH 1 S 1 L 5A1,SPAM-2006-0132,Approved,Engineering Plan
2008-09-25,"CABOT TECH AT BEAUMEADE : REQUEST APPROVAL OF A SITE PLAN AMENDMENT TO APPROVED SITE PLAN,      STPL-1999-0046 TO ADD EXTERIOR EQUIPMENT AND EXTERIOR FENCING TO      SUPPORT DATA CENTER USE.                                              CT",CABOT TECH AT BEAUMEADE,SPAM-2008-0075,Approved,Engineering Plan
2010-10-14,"IAD 10 DATA CENTER : REQUEST APPROVAL OF A SITE PLAN AMENDMENT (SPAM) TO PREVIOUSLY STPL   2008-0006 TO ALLOW CLEARING, EROSION AND SEDIMENT CONTROL, GRADING    AND PAVING FOR CONSTRUCTION OF THE PROPOSED GENERATORS, TRANSFORMER   PADS AND OTHER MECHANICAL EQUIPMENT.                                  DAS",IAD 10 DATA CENTER,SPAM-2010-0049,Approved,Engineering Plan
2011-02-10,"1AD 10 DATA CENTER POD 2 : REQUEST APPROVAL OF A SITE PLAN AMENDMENT FOR APPROVED SITE PLAN (STPL-2008-0006) TO PROVIDE A WATER TANK AND CONCRETE PAD WITH 3 INCH WATER SERVICE LINES.


VB",1AD 10 DATA CENTER POD 2,SPAM-2011-0008,Approved,Engineering Plan
2011-03-11,"BEAUMEADE MERRITT TRACT BLDGS 5, 6, & 7 : REQUEST APPROVAL OF A SITE PLAN AMENDMENT (SPAM) TO REVISE SITE PLAN  (STPL-2006-0069) TO INCREASE THE FLOOR AREA TO ONE HUNDRED TWENTY     THREE THOUSAND TWO HUNDRED (123,200) SQUARE FEET (SF) INCREASE THE    HEIGHT TO FORTY FIVE (45) FEET (FT) CHANGE THE USE TO A DATA CENTER   AND SHOW AREA FOR MECHANICAL EQUIPTMENT FOR BUILDING 6                RP","BEAUMEADE MERRITT TRACT BLDGS 5, 6, & 7",SPAM-2011-0015,Approved,Engineering Plan
2011-03-22,"IAD 12 DATA CENTER POD 1 : REQUEST APPROVAL OF A SITE PLAN AMENDMENT (SPAM) FOR REVISION TO SPAM 2000-0157 TO ADD PROPOSED ELECTRIC CHILLERS,GENERATORS AND ELECTRIC   TRANSFORMER PADS.                                                     DAS",IAD 12 DATA CENTER POD 1,SPAM-2011-0016,Approved,Engineering Plan
2011-05-11,"IAD 10 DATA CENTER POD 5 & 6 : REQUEST APPROVAL OF A SITE PLAN AMENDMENT (SPAM) TO PREVIOUSLY        APPROVED STPL-2008-0006 FOR A PROPOSED WATER TANK, CONCRETE PAD FOR   THE WATER TANK, AND OVERHEAD WATER SERVICE LINE FROM THE TANK TO THE  BUILDING                                                              RP",IAD 10 DATA CENTER POD 5 & 6,SPAM-2011-0036,Approved,Engineering Plan
2011-06-17,"BEAUMEADE LOT 31A : REQUEST APPROVAL OF A SITE PLAN AMENDMENT (SPAM) TO PREVIOUSLY APPROV ED STPR-2010-0045 TO REVISE UTILITY CONNECTION POINTS, SITE SIDEWALKS AND ARCHITECHTURAL COORDINATION ISSUES FOR THE PROPOSED DATA CENTER   AND RELATED INFRASTRUCTURE.                                           DAS",BEAUMEADE LOT 31A,SPAM-2011-0049,Approved,Engineering Plan
2011-07-01,IAD 12 DATA CENTER POD 1 : REQUEST APPROVAL OF A SITE PLAN AMENDMENT (SPAM) TO PREVIOUSLY        APPROVED SPAM 2000-0157 AND STPL 2000-0051 TO ADD ELECTRIC CHILLERS   GENERATORS AND ELECTRIC TRANSFORMER PADS BEHIND BUILDING.             DAS,IAD 12 DATA CENTER POD 1,SPAM-2011-0054,Approved,Engineering Plan
2011-08-04,"BEAUMEADE LOT 28A RAGINGWIRE DATA CENTER : REQUEST APPROVAL OF A SITE PLAN AMENDMENT (SPAM) TO PREVIOUSLY APPROVED SPAM-1991-0004 TO BUILD AN ADDITION TO EXISTING BUILDING D AND ASSOCIATED IMPROVEMENTS TO CONVERT THE USE TO A DATA CENTER


RP",BEAUMEADE LOT 28A RAGINGWIRE DATA CENTER,SPAM-2011-0074,Approved,Engineering Plan
2011-10-04,"IAD 13 DATA CENTER POD 2 : REQUEST APPROVAL OF A SITE PLAN AMENDMENT (SPAM) TO PREVIOUSLY APPROVED STPR-2010-0025 FOR THE INSTALLATION OF ELECTRIC CHILLERS, GENERATORS, AND ELECTRIC TRANSFORMER PADS BEHIND THE BUILDING


RP",IAD 13 DATA CENTER POD 2,SPAM-2011-0101,Approved,Engineering Plan
2011-12-22,"BEAUMEADE LOT 28A RAGINGWIRE DATA CTR : REQUEST APPROVAL OF A SITE PLAN AMENDMENT (SPAM) TO PREVIOUSLY APPROVED SPAM-2011-0074 FOR THE ADDITION OF A MEZZANINE INSIDE THE BUILDING AND REVISIONS TO THE FOOTPRINT OF THE LOBBY AREA


RP",BEAUMEADE LOT 28A RAGINGWIRE DATA CTR,SPAM-2011-0122,Approved,Engineering Plan
2011-12-29,"IAD 12 DATA CENTER POD 3 : REQUEST APPROVAL OF A SITE PLAN AMENDMENT (SPAM) TO PREVIOUSLY        APPROVED SPAM-2011-0054 FOR THE INSTALLATION OF TWO (2) COLD WATER    TOWERS, TWO (2) CHILLED WATER PUMP PAD, TWO (2) GENERATORS AND PADS,  AND THREE (3) TRANSFORMER PADS                                        RP",IAD 12 DATA CENTER POD 3,SPAM-2012-0001,Approved,Engineering Plan
2012-01-10,"IAD 13 DATA CENTER POD 1 : REQUEST APPROVAL OF A SITE PLAN AMENDMENT (SPAM) TO PREVIOUSLY        APPROVED STPR 2010-0025 AND SPAM 2011-0101 FOR A COLD WATER TANK      CONCRET PAD WITH PUMPS, TWO(2) CHILLED WATER PUMP PADS AND COOLING    TOWER PADS, THREE(3) GENERATORS AND PADS, THREE (3) TRANSFORMERS AND  PADS.                                                                 DAS",IAD 13 DATA CENTER POD 1,SPAM-2012-0002,Approved,Engineering Plan
2012-01-19,"IAD 12 DATA CENTER POD 2 : REQUEST APPROVAL OF A SITE PLAN AMENDMENT (SPAM) TO PREVIOUSLY APPROVED SPAM-2011-0054 FOR THE ADDITION OF TWO (2) CHILLED WATER PUMP PADS AND TWO (2) GENERATORS AND PADS


RP",IAD 12 DATA CENTER POD 2,SPAM-2012-0005,Approved,Engineering Plan
2012-02-15,"IAD 13 DATA CENTER POD 5 : REQUEST APPROVAL OF A SITE PALN AMDENDMENT (SPAM) PREVISOULY APPROVED STPL 2010-0025 AND SPAM 2012-0002 TO INSTALL ELECTRIC CHILLERS,       GENERATORS AND ELECTRIC TRANSFORMER PADS                              DAS",IAD 13 DATA CENTER POD 5,SPAM-2012-0018,Approved,Engineering Plan
2012-03-07,"IAD 12 DATA CENTER POD 6 : REQUEST APPROVAL OF A SITE PLAN AMENDMENT (SPAM) TO PREVIOUSLY        APPROVED STPL-2000-0157 AND SPAM-2012-0005 FOR THE INSTALLATION OF    ELECTRIC CHILLERS, GENERATORS, AND TRANSFORMER PADS BEHIND THE        EXISTING BUILDING                                                     RP",IAD 12 DATA CENTER POD 6,SPAM-2012-0029,Approved,Engineering Plan
2012-03-28,"IAD 13 DATA CENTER POD 6 : REQUEST APPROVAL OF A SITE PLAN AMENDMENT (SPAM) TO ADD ELECTRIC      CHILLERS, GENERATORS, AND ELECTRIC TRANSFORMER PADS.                  DAS",IAD 13 DATA CENTER POD 6,SPAM-2012-0034,Approved,Engineering Plan
2012-04-03,"IAD 12 DATA CENTER POD 7 : REQUEST APPROVAL OF A SITE PLAN AMENDMENT (SPAM) TO PREVIOUSLY        APPROVED STPL-2000-0157 AND SPAM-2012-0029 FOR THE INSTALLATION OF    ELECTRIC CHILLERS, GENERATORS, AND TRANSFORMER PADS BEHIND THE        EXISTING BUILDING                                                     RP",IAD 12 DATA CENTER POD 7,SPAM-2012-0035,Approved,Engineering Plan
2012-04-03,"IAD 13 DATA CENTER POD 7 : REQUEST APPROVAL OF A SITE PLAN AMENDMENT (SPAM) TO PREVIOUSLY        APPROVED STPR-2010-0025 FOR THE INSTALLATION OF ELECTRIC CHILLERS,    GENERATORS, AND ELECTRIC TRANSFORMER PADS BEHIND THE BUILDING         RP",IAD 13 DATA CENTER POD 7,SPAM-2012-0036,Approved,Engineering Plan
2012-05-24,"IAD 12 DATA CENTER POD 8 : REQUEST APPROVAL OF A SITE PLAN AMENDMENT (SPAM) FOR ELECTRIC         CHILLERS, GENERATORS, AND ELECTRIC TRANSFORMER PADS.                  DAS",IAD 12 DATA CENTER POD 8,SPAM-2012-0050,Approved,Engineering Plan
2012-06-11,"BEAUMEADE LOT 28A RAGINGWIRE DATA CENTER : REQUEST APPROVAL OF A SITE PLAN AMENDMENT (SPAM) TO PREVIOUSLY APPROVED SPAM-2011-0122 TO ADD A GUARD HOUSE, FENCING, BOLLARDS, AND LANDSCAPE CHANGES


RP",BEAUMEADE LOT 28A RAGINGWIRE DATA CENTER,SPAM-2012-0057,Approved,Engineering Plan
2012-06-26,"IAD 13 DATA CENTER POD 8 : REQUEST APPROVAL OF A SITE PLAN AMENDMENT (SPAM) TO PREVIOUSLY APPROVED SPAM-2012-0036 FOR THE ADDITION OF TWO (2) ELECTRIC CHILLERS, TWO (2) GENERATORS, AND FOUR (4) ELECTRIC TRANSFORMER PADS


RP",IAD 13 DATA CENTER POD 8,SPAM-2012-0066,Approved,Engineering Plan
2012-06-25,"IAD 12 DATA CENTER POD 9 : REQUEST APPROVAL OF A SITE PLAN AMENDMENT (SPAM) TO PREVIOUSLY        APPROVED SPAM-2012-0050 FOR THE ADDITION OF TWO (2) CHILLED WATER     PUMP PADS, TWO (2) GENERATOR AND TRANSFORMER PADS, ONE (1) ELECTRIC   VAULT, AND TWO (2) DVP SWITCHES                                       RP",IAD 12 DATA CENTER POD 9,SPAM-2012-0067,Approved,Engineering Plan
2012-07-26,"IAD 13 DATA CENTER POD 3 : REQUEST APPROVAL OF A SITE PLAN AMENDMENT (SPAM) TO PREVIOUSLY        APPROVED SPAM-2012-0066 FOR THE ADDITION OF ELECTRIC CHILLERS,        GENERATORS, AND 10-FOOT WIDE ASPHALT WALK.                            DAS",IAD 13 DATA CENTER POD 3,SPAM-2012-0079,Approved,Engineering Plan
2012-09-20,"BEAUMEADE LOT 28A RAGINGWIRE DATA CENTER : REQUEST APPROVAL OF A SITE PLAN AMENDMENT (SPAM) TO PREVIOUSLY        APPROVED SPAM 2012-0057, SPAM 2011-0122,AND SPAM-2011-0074 TO REVISE  FOOTPRINTS OF BUILDING ADDITIONS IN THE REAR,LOCATIONS OF GENERATOR   EQUIPMENT AND TRANSFORMER PADS.                                       DAS",BEAUMEADE LOT 28A RAGINGWIRE DATA CENTER,SPAM-2012-0102,Approved,Engineering Plan
2012-10-01,"IAD 12 DATA CENTER POD 10 : REQUEST APPROVAL OF A SITE PLAN AMENDMENT (SPAM) TO ADD AIR COOLED    CHILLERS, GENERATORS AND ELECTRIC TRANSFORMER PADS BEHIND THE         BUILDING.                                                             DAS",IAD 12 DATA CENTER POD 10,SPAM-2012-0104,Approved,Engineering Plan
2012-10-05,"IAD 13 DATA CENTER POD 9 : REQUEST APPROVAL OF A SITE PLAN AMENDMENT(SPAM) TO PREVIOUSLY         APPROVED SPAM 2012-0079 TO ADD A COLD WATER TANK CONCRETE PAD, TWO    (2) CHILLED WATER PUMP PADS, COOLING TOWER PADS, TWO (2) GENERATORS   AND PADS, FOUR (4) ELECTRIC TRANSFORMERS AND PADS.                    DAS",IAD 13 DATA CENTER POD 9,SPAM-2012-0105,Approved,Engineering Plan
2012-11-13,"DULLES SUMMIT IAD 15 DATA CENTER POD 1 : REQUEST APPROVAL OF A SITE PLAN AMENDMENT (SPAM) TO PREVIOUSLY        APPROVED SPAM 2011-0099 TO ADD PRIVATE WATER STORAGE TANK PAD,        GENERATORS, AND ELECTRIC TRANSFORMER PADS.                            DAS",DULLES SUMMIT IAD 15 DATA CENTER POD 1,SPAM-2012-0115,Approved,Engineering Plan
2013-01-02,"STAVERTON WEST L3 IAD 32 DATA POD 1 : REQUEST APPROVAL OF A SITE PLAN AMENDMENT (SPAM) TO PREVIOUSLY        APPROVED SPEX-1985-0440 FOR ONE (1) PRIVATE WATER TANK WITH CONCRETE  PADS AND PUMPS, TWO (2) GENERATOR PADS, FOUR (4) ELECTRIC TRANSFORMER PADS, AND SECURITY FENCING ALONG PROPERTY BOUNDARIES                  RP",STAVERTON WEST L3 IAD 32 DATA POD 1,SPAM-2013-0002,Approved,Engineering Plan
2013-01-15,"IAD 13 DATA CENTER POD 4 : REQUEST APPROVAL OF A SITE PLAN AMENDMENT (SPAM) TO PREVIOUSLY APPROVED STPL-2001-0016 AND STPR-2010-0025 FOR TWO (2) NEW GENERATOR PADS, REVISION TO GRADING, AND THE INSTALLATION OF SECURITY GATES


RP",IAD 13 DATA CENTER POD 4,SPAM-2013-0012,Approved,Engineering Plan
2013-01-30,IAD 10 DATA CENTER NETWORK ROOM EXPANSIO : REQUEST APPROVAL OF A SITE PLAN AMENDMENT (SPAM) TO PREVIOUSLY        APPROVED SPAM 2011-0036 FOR TWO (2) CONCRETE PADS FOR GENERATORS.     DAS,IAD 10 DATA CENTER NETWORK ROOM EXPANSIO,SPAM-2013-0020,Approved,Engineering Plan
2013-02-05,"INTERGATE ASHBURN DATA CENTER : REQUEST APPROVAL OF A SITE PLAN AMMENDMENT (SPAM) TO PREVIOUSLY APPROVED SITE PLAN TO REVISE GRADING, WATERMAINS AND SERVICES, AND STORM SEWERS WITHIN THE OVERALL PLAN.


EB",INTERGATE ASHBURN DATA CENTER,SPAM-2013-0025,Approved,Engineering Plan
2013-02-07,"SUMMIT AT DULLES IAD 15 DATA CENTER POD4 : REQUEST APPROVAL OF A SITE PLAN AMMENDMENT (SPAM) TO PREVIOUSLY APPROVED SITE PLAN (STPL) FOR TWO (2) PRIVATE WATER STORAGE TANK AND GENERATOR PADS TO BE INSTALLED BEHIND THE BUIDLING.


EB",SUMMIT AT DULLES IAD 15 DATA CENTER POD4,SPAM-2013-0027,Approved,Engineering Plan
2013-03-13,"IAD 15 DATA CENTER POD 5 : REQUEST APPROVAL OF A SITE PLAN AMMENDMENT (SPAM) TO PREVIOUSLY APPROVED SPAM-2013-0027 FOR THE INSTALLATION OF TWO (2) PRIVATE WATER STORAGE TANK AND GENERATOR PADS.


EB",IAD 15 DATA CENTER POD 5,SPAM-2013-0038,Approved,Engineering Plan
2013-04-16,"IAD 32 DATA CENTER POD 2 : REQUEST APPROVAL OF A SITE PLAN AMMENDMENT (SPAM) TO PREVIOUSLY APPROVED SITE PLAN TO INSTALL TWO WATER STORE TANKS AND GENERATOR PADS BEHIND THE BUILDING.


EB",IAD 32 DATA CENTER POD 2,SPAM-2013-0049,Approved,Engineering Plan
2013-04-24,"DULLES SUMMIT IAD 15 DATA CENTER POD 6 : REQUEST APPROVAL OF A SITE PLAN AMMENDMENT (SPAM) TO PREVIOUSLY APPROVED SPAM-2013-0038 FOR TWO (2) PRIVATE WATER STORAGE TANK AND GENERATOR PADS TO BE INSTALLED BEHIND THE BUILDING.


EB",DULLES SUMMIT IAD 15 DATA CENTER POD 6,SPAM-2013-0052,Approved,Engineering Plan
2013-05-08,"IAD 16 DATA CENTER PODS 1-4 : REQUEST APPROVAL OF A SITE PLAN AMMENDMENT (SPAM) TO PREVIOUSLY APPROVED SPAM-2013-0052 TO INSTALL TWO (2) PRIVATE WATER STORAGE TANKS AND GENERATOR PADS BEHIND THE BUILDING.


EB",IAD 16 DATA CENTER PODS 1-4,SPAM-2013-0057,Approved,Engineering Plan
2013-05-13,"ASHBURN CORPORATE CENTER PHASE IV (ACC7) : REQUEST APPROVAL OF A SITE PLAN AMMENDMENT (SPAM) TO PREVIOUSLY APPROVED STMP-2010-0001 FOR AN UPDATED ONE (1) STORY DATA CENTER BUILDING WITH ASSOCIATED PARKING AND UTILITY EXTENSIONS.


EB",ASHBURN CORPORATE CENTER PHASE IV (ACC7),SPAM-2013-0061,Approved,Engineering Plan
2013-06-26,"IAD 54 DATA CENTER PODS 1 AND 2 : REQUEST APPROVAL OF A SITE PLAN AMMENDMENT (SPAM) TO PREVIOUSLY APPROVED SPAM-2013-0060 FOR FIVE (5) GENERATOR PADS, TWO (2) PRIVATE WATER TANKS, AND FIVE (5) TRANSFORMER PADS.


EB",IAD 54 DATA CENTER PODS 1 AND 2,SPAM-2013-0079,Approved,Engineering Plan
2013-07-08,"IAD 50 DATA CENTER PODS 1-6 : REQUEST APPROVAL OF SITE PLAN AMMENDMENT (SPAM) TO PREVIOUSLY APPROVED STMP-2013-0001 FOR RECONFIGURATION OF SITE INFRASTRUCTURE.


EB",IAD 50 DATA CENTER PODS 1-6,SPAM-2013-0082,Approved,Engineering Plan
2014-03-18,"PROLOGIS PARK GATEWAY, PH IV, BLDG 10/11 : REQUEST APPROVAL OF A SITE PLAN AMENDMENT (SPAM) OF THE PREVIOUSLY    APPROVED SITE PLAN (STMP-2013-0004) FOR REVISIONS TO PROVIDE EMERGENCYPOWER TO BUILDING ELEVEN (11), ADDITIONAL WATER SERVICE LINE AND      SANITARY SEWER LATERAL.  IN ADDITION CONCRETE PADS AND DUCT BANK ARE  PLACED IN THE REAR OF THE BUILDING ELEVEN (11) AND THE TENANT ONLY    REQUIRED TWO (2) LOADING SPACES FOR THIS DATA CENTER IN A INDUSTRIAL  ZONING DISTRIST.                                                      SMK","PROLOGIS PARK GATEWAY, PH IV, BLDG 10/11",SPAM-2014-0029,Approved,Engineering Plan
2014-08-20,ASHBURN CENTER PARCEL J : REQUEST APPROVAL OF A SITE PLAN AMENDMENT (SPAM) TO PREVIOUSLY        APPROVED SPAM-2012-0009 TO A PROPOSED PDIP TO ACCOMODATE THE BUILDING INFILL OF BUILDINGS B AND C AS ONE DATA CENTER.                       MCC,ASHBURN CENTER PARCEL J,SPAM-2014-0075,Approved,Engineering Plan
2014-09-18,"PROLOGIS PARK GATEWAY PH IV BLDG 10 & 11 : REQUEST APPROVAL OF A SITE PLAN AMENDMENT (SPAM) TO PROVIDE EMERGENCY POWER TO BUILDING 10, ADDITIONAL WATER SERVICE LINE AND SANITARY SEWERLATERAL. CONCRETE PADS AND DUCT BANK ARE PLACED IN THE REAR OF        BUILDING 10 AND THE TENANT ONLY REQUIRED TWO LOADING SPACES FOR THIS  DATA CENTER.  STMP-2013-0004; SPAM-2014-0029                          MCC",PROLOGIS PARK GATEWAY PH IV BLDG 10 & 11,SPAM-2014-0085,Approved,Engineering Plan
2016-05-23,"CYRUSONE LOUDOUN TECH CENTER - PH 4 : REQUEST APPROVAL OF A SITE PLAN AMENDMENT (SPAM) TO PREVIOUSLY        APPROVED  SPAM-2015-0061,  TO ADD ADDITIONAL DATA CENTER SPACE WITH   GERERATORS, PARKING LOT AND SUPPORTING INFRASTRUCTURE TO A PLANNED    DEVELOPMENT GENERAL INDUSTRIAL (PDGI) ZONING DISTRICT.                SMK",CYRUSONE LOUDOUN TECH CENTER - PH 4,SPAM-2016-0057,Approved,Engineering Plan
2016-10-14,"DIGITAL LOUDOUN III : REQUEST APPROVAL OF A SITE PLAN AMENDMENT (SPAM) FOR THE CONSTRUCTION OF FIVE (5) DATA CENTER BUILDINGS, ASSOCIATED SURFACE PARKING LOTS,   ROADS, AND UTILITIES, IN THE PLANNED DEVELOPMENT-OFFICE PARK (PDOP)   ZONING DISTRICT.                                                      KI",DIGITAL LOUDOUN III,SPAM-2016-0109,Approved,Engineering Plan
2017-01-30,"POD 1 COMMERCIAL ALTERATION : REQUEST APPROVAL OF A SITE PLAN AMENDMENT (SPAM) TO PREVIOUSLY        APPROVED SPAM-2012-0104 FOR THE ALTERATION OF THE EXISTING WAREHOUSE  SPACE OF APPROXIMATELY ELEVEN THOUSAND TWO HUNDRED (11,200) SQUARE    FEET INTO DATA CENTER SPACES, IN THE PLANNED DEVELOPMENT-GENERAL      INDUSTRIAL (PDGI) ZONING DISTRICT.                                    KI",POD 1 COMMERCIAL ALTERATION,SPAM-2017-0011,Approved,Engineering Plan
2017-01-30,"PATRIOT POINT DC-15 : REQUEST APPROVAL OF A SITE PLAN AMENDMENT (SPAM) TO THE PREVIOUSLY    APPROVED STMP-2015-0010 TO REQUEST APPROVAL OF A FAST TRACK SITE PLAN REVISION FOR DATA CENTER EQUIPMENT PAD REVISION, IN THE PLANNED       DEVELOPMENT- INDUSTRIAL PARK (PDIP) ZONING DISTRICT.                  HV",PATRIOT POINT DC-15,SPAM-2017-0012,Approved,Engineering Plan
2017-05-23,"45360 SEVERN WAY DATA CENTER : REQUEST APPROVAL OF A SITE PLAN AMENDMENT (SPAM) TO THE PREVIOUSLY    APPROVED SPAM-2013-0020 TO UPDATE THE SECURITY GUARD BOOTH, ENTRANCE  GATES, AND FENCES, IN THE PLANNED DEVELOPMENT- INDUSTRIAL PARK (PDIP) ZONING DISTRICT.                                                      HV",45360 SEVERN WAY DATA CENTER,SPAM-2017-0038,Approved,Engineering Plan
2017-05-30,"DIGITAL LOUDOUN III : REQUEST APPROVAL OF A SITE PLAN AMENDMENT (SPAM) FOR THE CONSTRUCTION OF FIVE (5) DATA CENTER BUILDINGS, ASSOCIATED SURFACE PARKING LOTS,   ROADS, AND UTILITIES, IN THE PLANNED DEVELOPMENT-OFFICE PARK (PDOP)   ZONING DISTRICT.                                                      HV",DIGITAL LOUDOUN III,SPAM-2017-0041,Approved,Engineering Plan
2018-01-16,"INTERGATE ASHBURN DATA CENTER PH 2 : REQUEST APPROVAL OF A SITE PLAN AMENDMENT (SPAM) TO REVISE PHASE 2 TO REFLECT A NEW TWO STORY DATA CENTER BUILDING, REVISED MECHANICAL      YARDS, LOADING DOCK, PARKING, LANDSCAPING, AND UTILITY SERVICES, IN   THE PLANNED DEVELOPMENT- INDUSTRIAL PARK (PDIP) ZONING DISTRICT.      HV",INTERGATE ASHBURN DATA CENTER PH 2,SPAM-2018-0007,Approved,Engineering Plan
2018-04-09,"NORTHPOINTE : REQUEST APPROVAL OF A SITE PLAN AMENDMENT (SPAM) TO THE PREVIOUSLY    APPROVED STPL-1990-0017 TO DEMOLISH A PORTION OF THE EXISTING BUILDINGAND CONSTRUCT A NEW DATA CENTER, IN THE PLANNED DEVELOPMENT- GENERAL  INDUSTRIAL (PDGI) ZONING DISTRICT.                                    HV",NORTHPOINTE,SPAM-2018-0039,In Review,Engineering Plan
2018-06-13,"RAGINGWIRE VA3 GREENFIELDS : REQUEST APPROVAL OF A SITE PLAN AMENDMENT (SPAM) TO PREVIOUSLY        APPROVED STMP-2014-0006 FOR A TWO HUNDRED EIGHTYY-THREE THOUSAND ONE  HUNDRED SIXTY-ONE (283,161) SQUARE-FOOT DATA CENTER/OFFICE BUILDING,  IN THE PLANNED DEVELOPMENT-INDUSTRIAL PARK (PDIP) ZONING DISTRICT.    KI",RAGINGWIRE VA3 GREENFIELDS,SPAM-2018-0058,Approved,Engineering Plan
2018-08-03,"DULLES NORTH INDUSTRIAL PARK : REQUEST APPROVAL OF A SITE PLAN AMENDMENT (SPAM) TO AMEND PREVIOUSLY  APPROVED   STPL-2016-0054, AND PROPOSES A CHANGE OF USAGE OF THE      PROPOSED BUILDING FROM WAREHOUSE TO DATA CENTER WITH AN ADDITIONAL    GENERATOR YARD ONSITE IN A PLANNED DEVELOPMENT INDUSTRIAL PARK (PDIP) ZONING DISTRICT.                                                      SMK",DULLES NORTH INDUSTRIAL PARK,SPAM-2018-0071,Approved,Engineering Plan
2018-08-10,"DIGITAL LOUDOUN III : REQUEST APPROVAL OF A SITE PLAN AMENDMENT (SPAM) TO THE PREVIOUSLY    APPROVED SPAM-2017-0041 FOR THE CONSTRUCTION OF FIVE (5) DATA CENTER  BUILDINGS, ASSOCIATED SURFACE PARKING LOTS, ROADS, AND UTILITIES, IN  THE PLANNED DEVELOPMENT- OFFICE PARK (PDOP) ZONING DISTRICT.          HV",DIGITAL LOUDOUN III,SPAM-2018-0078,Approved,Engineering Plan
2018-11-16,"TRUE NORTH DATA PH I : REQUEST APPROVAL OF A SITEPLAN AMENDMENT (SPAM) TO REVISE THE BUILDINGFOOTPRINTS AND EQUIPMENT YARDS, IN THE PLANNED DEVELOPMENT- OFFICE    PARK (PDOP) ZONING DISTRICT.                                          HV",TRUE NORTH DATA PH I,SPAM-2018-0106,Approved,Engineering Plan
2018-12-07,"STERLING 8 DATA CENTER : REQUEST APPROVAL OF A SITE PLAN AMENDMENT (SPAM) TO THE PREVIOUSLY    APPROVED SPAM-2018-0071 TO EXTEND THE GENERATOR YARD ONSITE, IN THE   PLANNED DEVELOPMENT- INDUSTRIAL PARK (PDIP) ZONING DISTRICT.          HV",STERLING 8 DATA CENTER,SPAM-2018-0108,Approved,Engineering Plan
2019-05-29,"DIGITAL LOUDOUN III : REQUEST APPROVAL OF A SITE PLAN AMENDMENT (SPAM) FOR THE CONSTRUCTION OF FIVE (5) DATA CENTER BUILDINGS, ASSOCIATED SURFACE PARKING LOTS,   ROADS, AND UTILITIES, IN THE PLANNED DEVELOPMENT- OFFICE PARK (PDOP)  ZONING DISTRICT.                                                      HV",DIGITAL LOUDOUN III,SPAM-2019-0045,Approved,Engineering Plan
2019-09-19,"STERLING 8 DATA CENTER : REQUEST APPROVAL OF A SITE PLAN AMENDMENT (SPAM) FOR CHANGES TO THE   STORM SEWER DESIGN BASED ON CONSTRUCTED DUCT BANK AND REQUESTS FROM   LOUDOUN COUNTY, IN THE PLANNED DEVELOPMENT- INDUSTRIAL PARK (PDIP)    ZONING DISTRICT.                                                      HV",STERLING 8 DATA CENTER,SPAM-2019-0075,Approved,Engineering Plan
2019-10-02,"LOUDOUN CENTER LOT 1 ASH 2 DATA CENTER : REQUEST APPROVAL OF A SITE PLAN AMENDMENT (SPAM) FOR THE CONSTRUCTION OF A TWO-STORY DATA CENTER BUILDING AND ASSOCIATED INFRASTRUCTURE, IN THE PLANNED DEVELOPMENT- OFFICE PARK (PDOP) ZONING DISTRICT.          HV",LOUDOUN CENTER LOT 1 ASH 2 DATA CENTER,SPAM-2019-0078,Approved,Engineering Plan
2020-01-31,"QUAIL RIDGE : REQUEST APPROVAL OF A SITE PLAN AMENDMENT (SPAM) FOR THE REVISION OF  TWO OF FOUR DATA CENTERS, IN THE PLANNED DEVELOPMENT INDUSTRIAL PARK  (PDIP) ZONING DISTRICT.                                               AM",QUAIL RIDGE,SPAM-2020-0008,Approved,Engineering Plan
2020-04-22,"PROJECT MOTION : REQUEST APPROVAL OF A SITE PLAN AMENDMENT (SPAM) TO SPAM-2018-0111 FORA DATA CENTER, IN THE PLANNED DEVELOPMENT-INDUSTRIAL PARK (PDIP)      ZONING DISTRICT.                                                      AM",PROJECT MOTION,SPAM-2020-0033,Approved,Engineering Plan
2020-05-19,"DIGITAL LOUDOUN III : REQUEST APPROVAL OF A SITE PLAN AMENDMENT (SPAM) FOR THE CONSTRUCTION OF 5 DATA CENTER BUILDINGS, IN THE PLANNED DEVELOPMENT OFFICE PARK    (PDOP) AND PLANNED DEVELOPMENT INDUSTRIAL PARK (PDIP) ZONING          DISTRICTS.                                                            AM",DIGITAL LOUDOUN III,SPAM-2020-0038,Approved,Engineering Plan
2020-10-29,"DIGITAL LOUDOUN III : REQUEST APPROVAL OF SITE PLAN AMENDMENT (SPAM) FOR THE CONSTRUCTION OFFIVE DATA CENTER BUILDINGS, IN THE PLANNED DEVELOPMENT-OFFICE PARK    (PDOP) ZONING DISTRICT.                                               AM",DIGITAL LOUDOUN III,SPAM-2020-0077,Approved,Engineering Plan
2021-07-22,"TRUE NORTH DATA PHASE 1 : REQUEST APPROVAL OF SITE PLAN AMENDMENT (SPAM) FOR REVISIONS TO       ENTRANCE AREA SIDEWALK, CURB & GUTTER,THE ADDITION OF BARRIER ARM     GATES ADJACENT TO GUARD HOUSE AND (3) FENCE GATES, REMOVE BUILDING # 2COVERED LOADING DOCK AND ACCESS ROAD, IN THE PLANNED DEVELOPMENT      OFFICE PARK (PDOP) ZONING DISTRICT.                                   AM",TRUE NORTH DATA PHASE 1,SPAM-2021-0048,Approved,Engineering Plan
2021-08-19,"CYRUSONE STERLING 9 DATA CENTER PH 1B : REQUEST APPROVAL OF A SITE PLAN AMENDMENT (SPAM) TO THE PREVIOUSLY    APPROVED STMP-2019-0012 TO MAKE MODIFICATIONS TO THE BUILDING AND     INFRASTRUCTURE IN THE PREVIOUSLY APPROVED PH 1B DEVELOPMENT, IN THE   (PDGI) PLANNED DEVELOPMENT-GENERAL INDUSTRIAL ZONING DISTRICT.        SDM",CYRUSONE STERLING 9 DATA CENTER PH 1B,SPAM-2021-0051,Approved,Engineering Plan
2021-10-29,"BUILDINGS VA 13 AND 14 : REQUEST APPROVAL OF A SITE PLAN AMENDMENT (SPAM) FOR THE CONSTRUCTION OF 735,714 SF OF DATA CENTER/OFFICE FLOOR AREA, IN THE PLANNED        DEVELOPMENT OFFICE PARK (PDOP) ZONING DISTRICT.                       AM",BUILDINGS VA 13 AND 14,SPAM-2021-0065,Approved,Engineering Plan
2021-12-10,"WATERSIDE SITE PLAN LB B : REQUEST APPROVAL OF A SITE PLAN AMENDMENT (SPAM) FOR THE CONSTRUCTION OF TWO (2) TWO-STORY DATA CENTERS TOTALING 532,000 SF AND ASSOCIATED  GRADING AND UTILITY IMPROVEMENTS, IN THE PLANNED DEVELOPMENT          INDUSTRIAL PARK (PDIP) ZONING DISTRICT.                               AM",WATERSIDE SITE PLAN LB B,SPAM-2021-0072,Approved,Engineering Plan
2022-02-25,"DIGITAL LOUDOUN IV PRENTICE DRIVE : REQUEST APPROVAL OF A SITE PLAN AMENDMENT (SPAM) FOR CONTSTRUCITON OF ONE DATA CENTER BUILDING, GUARD BOOTH BUILDING, AND ASSOCIATED        INFRASTRUCTURE AND UTILITIES IN THE (PDIP) PLANNED                    DEVELOPMENT-INDUSTRIAL PARK ZONING DISTRICT.                          SDM",DIGITAL LOUDOUN IV PRENTICE DRIVE,SPAM-2022-0017,Approved,Engineering Plan
2022-04-06,"(Conditional Approval)    DULLES TRADE CENTER LOTS 10 & 11 : REQUEST APPROVAL OF A SITE PLAN AMENDMENT (SPAM) FOR THE CONVERTING OFBUILDING USE FROM WAREHOUSE TO DATA CENTER, IN THE (PDGI) PLANNED     DEVELOPMENT GENERAL INDUSTRIAL ZONING DISTRICT.                       SDM",DULLES TRADE CENTER LOTS 10 & 11,SPAM-2022-0028,In Review,Engineering Plan
2022-04-15,"AREP BEAUMEADE DATA CENTER : REQUEST APPROVAL OF A SITE PLAN AMENDMENT (SPAM) TO TEH PREVIOUSLY    APPROVED STMP-2021-0006, IN THE (PDIP) PLANNED DEVELOPMENT- INDUSTRIALPARK ZONING DISTRICT.                                                 SDM",AREP BEAUMEADE DATA CENTER,SPAM-2022-0033,Approved,Engineering Plan
2022-04-29,"IAD11 DATA CENTER : REQUEST APPROVAL OF A SITE PLAN AMENDMENT (SPAM) FOR THE CONSTRUCTION OF THE ELECTRICAL SUBSTATION WITH ACCESS ROAD TO CONNECT TO AN        EXISTING ACCESS ROAD, IN THE PLANNED DEVELOPMENT- INDUSTRIAL PARK     (PDIP) ZONING DISTRICT.                                               AM",IAD11 DATA CENTER,SPAM-2022-0036,Approved,Engineering Plan
2022-05-27,"EQUINIX AT BEAUMEADE TECH CENTER : REQUEST APPROVAL OF A SITE PLAN AMENDMENT (SPAM) TO PROPOSE CONCRETE  PADES ON NORTH SIDE OF EXCISTING BUILDING (DC-2) TO INSTALL GENERATORSAND AIR CONDENSING UNITS FOR THE EXISTING DATA CENTER USE, IN THE     PLANNED DEVELOPMENT- INDUSTRIAL PARK (PDIP) ZONING DISTRICT.          AM",EQUINIX AT BEAUMEADE TECH CENTER,SPAM-2022-0043,Approved,Engineering Plan
2022-09-06,"TRUE NORTH DATA PHASE 2A : REQUEST APPROVAL OF A SITE PLAN AMENDMENT (SPAM) TO REVISE RETAINING  WALLS ADN A SMALL SEGMENT OF THE LIMITS OF CLEARING, TO INCLUDE MINOR GRADING AND UTILITIES CROSSINGS ALONG THE WALL SEGMENTS (PREVIOUSLY   APPROVED APPLICATION TO STMP-2018-0017, IN THE PLANNED                DEVELOPMENT-OFFICE PARK (PDOP) ZONING DISTRICT.                       AM",TRUE NORTH DATA PHASE 2A,SPAM-2022-0068,Approved,Engineering Plan
2022-09-21,"RELOCATION DRIVE SITE PLAN : REQUEST APPROVAL OF A (SPAM) FOR SITE PLAN REVISION to STMP-2022-0003 (Data Center) INCREASE BUILDING GROSS FLOOR AREA, LIGHTING            REVISION,STORMWATER MANAGEMENT VAULT REVISION, REVISE SECURITY GATE   AND FENCE. R1 ZONING DISTRICT JAB",RELOCATION DRIVE SITE PLAN,SPAM-2022-0072,Approved,Engineering Plan
2023-01-19,"45360 SEVERN WAY DATA CENTER : REQUEST APPROVAL OF A SITE PLAN AMENDMENT (SPAM) TO THE PREVIOUSLY    APPROVED SPAM-2017-0038 FOR A WATER TANK EXPANSION AND PARKING        RECONFIGURATION, IN THE PLANNED DEVELOPMENT - INDUSTRIAL PARK (PDIP)  ZONING DISTRICT.                                                      EK",45360 SEVERN WAY DATA CENTER,SPAM-2023-0004,Approved,Engineering Plan
2023-03-14,"RELOCATION DRIVE SITE PLAN : REQUEST APPROVAL OF A SITE PLAN AMENDMENT (SPAM) TO THE PREVIOUSLY    APPROVED STMP-2022-0003, SPAM-2022-0072 (DATA CENTER, SWM/BMP VAULTS, AND ASSOCIATED INFRASTRUCTURE) TO ADD A STORMWATER MANAGEMENT VAULT   THAT WILL HANDLE RUNOFF FOR THE FUTURE STERLING BLVD ROAD PROJECT,    REVISE ROOF DRAIN CONNECTION AT BUILDING FACE, IN THE SINGLE FAMILY   RESIDENTIAL-1 (R1) ZONING DISTRICT.                                   AN",RELOCATION DRIVE SITE PLAN,SPAM-2023-0018,Approved,Engineering Plan
2023-05-16,"DULLES BERRY LC4 DATA CENTER : REQUEST APPROVAL OF A SITE PLAN AMENDEMENT (SPAM), REVISION TO THE THELC4 SITE PLAN TO INCLUDE SECURITY GATE, SECURITY FENCE, MINOR STORM   REVISIONS, AND ADDITIONAL DISTURBANCE IN THE PLANNED                  DEVELOPMENT-RESEARCH AND DEVELOPMENT PARK (PDRDP) ZONING DISTRICT.    AN",DULLES BERRY LC4 DATA CENTER,SPAM-2023-0032,Approved,Engineering Plan
2006-04-20,"EQUINIX - BEAUMEADE PH 1 LOT 5 : REQUEST APPROVAL OF A SPECIAL EXCEPTION TO ALLOW THE FOLLOWING        POSSIBLE USES ON THE PROPERTY: DATA CENTER, FLEX-INDUSTRIAL,          WAREHOUSE, OFFICE WITH A MAXIMUM FAR OF 0.4.                          er",EQUINIX - BEAUMEADE PH 1 LOT 5,SPEX-2006-0016,Approved,Special Exception
2008-06-19,EQUINIX DATA CENTER : A Special Exception to allow 0.60 FAR in PD-IP.,EQUINIX DATA CENTER,SPEX-2008-0041,Approved,Special Exception
2010-08-09,MERRITT AT BEAUMEADE : A special exception to allow 100% data center uses in the PD-IP zoning district.,MERRITT AT BEAUMEADE,SPEX-2010-0019,Approved,Special Exception
2010-09-20,CIT GUILFORD DRIVE LLC DATA CENTER : A special exception for 100% office data center use at a 0.6 FAR in PD-IP.,CIT GUILFORD DRIVE LLC DATA CENTER,SPEX-2010-0022,Approved,Special Exception
2010-12-17,44664 GUILFORD DRIVE : A special exception request for 100% office/data center use pursuant  to Section 4-504(A).,44664 GUILFORD DRIVE,SPEX-2010-0031,Approved,Special Exception
2011-03-01,PROJECT COLUMBIA DATA CENTER : A special exception for 100% data center.,PROJECT COLUMBIA DATA CENTER,SPEX-2011-0004,Approved,Special Exception
2011-04-01,TRANSDULLES CENTRE PARCEL 20 : A special exception for 100% office-data center uses at 0.4 FAR.,TRANSDULLES CENTRE PARCEL 20,SPEX-2011-0008,Approved,Special Exception
2011-07-29,21800 BEAUMEADE CIRCLE : A special exception for 100% office/data center.,21800 BEAUMEADE CIRCLE,SPEX-2011-0018,Approved,Special Exception
2011-08-05,21550 & 21580 BEAUMEADE CIRCLE : A special exception to allow 100% office limited to data center up to 0.4 FAR.,21550 & 21580 BEAUMEADE CIRCLE,SPEX-2011-0022,Approved,Special Exception
2012-04-06,ASHBURN CENTER NORTH : A special exception pursuant to 4-504(A) to allow office use that is restricted to 100% data center in the PD-IP Zoning District.,ASHBURN CENTER NORTH,SPEX-2012-0019,Approved,Special Exception
2012-11-14,BUHL ELECTRIC : A special exception pursuant to Section 722.3.2 of the 1972 Zoning Ordinance to allow office use in the PD-IP Zoning District restricted to 100% data center.,BUHL ELECTRIC,SPEX-2012-0045,Approved,Special Exception
2013-07-02,PROLOGIS PARK - GATEWAY PHASE III BLDG 9 : A special exception to allow office and data center uses. in the PD-IP Zoning District.,PROLOGIS PARK - GATEWAY PHASE III BLDG 9,SPEX-2013-0016,Approved,Special Exception
2013-12-11,"PROLOGIS PARK-GATEWAY PHASE III, BLDG 8 : A special exception for data center use in the PD-IP zoning district  pursuant to 4-504(A).","PROLOGIS PARK-GATEWAY PHASE III, BLDG 8",SPEX-2013-0039,Approved,Special Exception
2016-04-19,DBT-DATA BEAUMEADE FAR : A special exception to permit data center uses up to 1.0 FAR,DBT-DATA BEAUMEADE FAR,SPEX-2016-0020,Approved,Special Exception
2016-04-19,DBT-DATA BEAUMEADE LOT COVERAGE : A special exception to increase the maximum lot coverage to 0.60,DBT-DATA BEAUMEADE LOT COVERAGE,SPEX-2016-0023,Approved,Special Exception
2017-05-01,606 DATA PARK : SPEX to increase maximum allowable FAR from a .4 to .6,606 DATA PARK,SPEX-2017-0015,Approved,Special Exception
2017-12-14,"21673 BEAUMEADE CIRCLE, LLC : A ZRTD to convert from the PDIP under 1993 ZO to PDIP under the       Revised 1993 ZO.  A Special Exception to allow an FAR increase up to a1.0 for data center use.","21673 BEAUMEADE CIRCLE, LLC",SPEX-2017-0040,Approved,Special Exception
2019-07-29,ROLLINS PROPERTY : A Special Exception to allow a Data Center in the CLI Zoning District pursuant to Section 3-904(CC) of the Revised 1993 Loudoun County      Zoning Ordinance.,ROLLINS PROPERTY,SPEX-2019-0028,Approved,Special Exception
2021-09-08,45865 MARIES RD REZONING : A Zoning Map Amendment to rezone 10 acres from A-3 to PD-IP and a     Special Exception to permit a maximum 1.0 FAR for data center use.,45865 MARIES RD REZONING,SPEX-2021-0038,Approved,Special Exception
2021-09-20,1501 MORAN ROAD : A Special Exception to increase density to 1.0 FAR considering        developing with data center use.,1501 MORAN ROAD,SPEX-2021-0040,Approved,Special Exception
2021-09-20,POLAND RD DATA CENTER YARD EXPANSION : Special Exception to expand a previously approved (SPEX-2019-0028)    equipment yard associated with a data center.,POLAND RD DATA CENTER YARD EXPANSION,SPEX-2021-0041,Approved,Special Exception
2021-10-20,21800 BEAUMEADE CIRCLE : A special exception to the maximum lot coverage from 45% to 55% for a data center.,21800 BEAUMEADE CIRCLE,SPEX-2021-0048,Approved,Special Exception
2022-04-18,VANTAGE DATA CENTER : A Special Exception application to increase the FAR on the Property   from a .60 to a 1.0. in order to establish a data center on the       property.,VANTAGE DATA CENTER,SPEX-2022-0023,Approved,Special Exception
2022-05-25,"ALIGNED ENERGY DATA CENTER : A Special Exception for an increase in FAR above the .60 limit        pursuant to Section 4-306(C) of the Zoning Ordinance, which allows fora maximum of 2.0 FAR by special exception. With this application, the Applicant is proposing an FAR for the data center of 1.02.",ALIGNED ENERGY DATA CENTER,SPEX-2022-0024,Approved,Special Exception
2024-01-23,"See LEGI-2024-0003 for all documents, timelines and workflow - GLENN DRIVE NORTH & SOUTH: A Special Exception to allow for a 1.0 floor area ratio (FAR) of data centers uses.",Glenn Drive North & South,SPEX-2024-0010,In Review,Special Exception
2024-02-27,"See LEGI-2024-0004 for all documents, timelines and workflow - GLOBAL PLAZA: A Special Exception to allow for a 1.0 floor area ratio (FAR) of data center uses.",Global Plaza,SPEX-2024-0011,In Review,Special Exception
2024-09-04,"See LEGI-2024-0039 for all documents, timeline, and workflow – DULLES DISTRIBUTION CENTER 1 & 2: A Special Exception to allow data center development up to a 1.0 floor area ratio (FAR) on a 32.48-acre site.",Dulles Distribution Center Phase 1 and 2,SPEX-2024-0056,In Review,Special Exception
2024-08-08,"See LEGI-2024-0041 for all documents, timeline, and workflow – DULLES DOWNS: A Special Exception to permit up to 1.0 floor area ratio (FAR) of data center uses.",Dulles Downs,SPEX-2024-0057,In Review,Special Exception
2024-08-27,"SEE LEGI-2024-0042 FOR ALL DOCUMENTS, TIMELINE AND WORKFLOW -- WEST DULLES AND DULLES COMMERCE CENTER: A Special Exception to allow data center development up to a 1.0 floor area ratio (FAR).",West Dulles & Dulles Commerce Center,SPEX-2024-0058,In Review,Special Exception
2025-08-26,"SEE LEGI-2024-0047 FOR ALL TIMELINE, WORKFLOW, AND DOCUMENTS: EQUINIX ASHBURN EAST: A Special Exception to allow data center development up to a 1.0 floor area ratio (FAR).",Equinix Ashburn East,SPEX-2024-0063,In Review,Special Exception
2024-09-10,"GLENN DRIVE NORTH & SOUTH

STATUS: 2nd Staff review complete.

ZMAP-2024-0002: A Zoning Conversion in the Route 28 Tax District of 42.3 acres from the Planned Development–Industrial Park (PD-IP) Zoning District under the 1972 Zoning Ordinance to the Industrial Park (IP) Zoning District under the Zoning Ordinance.

SPEX-2024-0010: A Special Exception to allow for a 1.0 floor area ratio (FAR) of data centers uses.",Glenn Drive North & South,SPEX-2024-0065,In Review,Special Exception
2024-11-27,"See LEGI-2024-0058 for documents, timeline, and workflow – HORSESHOE DRIVE: A Special Exception to allow for a 1.0 floor area ratio (FAR) of data center uses.",Horseshoe Drive,SPEX-2024-0082,In Review,Special Exception
2025-03-21,GLOBAL PLAZA: A Special Exceptions to allow for a 1.0 floor area ratio (FAR) of data center uses. A Minor Special Exception to modify the building setback along the northern property boundary.,Global Plaza,SPEX-2025-0027,In Review,Special Exception
2025-03-27,"COCHRAN TECH: See LEGI-2024-0037 for all timelines, document, and updates. A Special Exception to allow data center use in the IP Zoning District.",Cochran Tech Park,SPEX-2025-0029,In Review,Special Exception
2025-05-02,"SEE LEGI-2025-0015 for all timelines, workflow and documents. A Special Exception application to permit the addition of roughly 20,000 square foot data center building on the Property.",SDC Ashburn I,SPEX-2025-0031,Approved,Special Exception
2025-07-25,"SEE LEGI-2025-0027 FOR TIMELINE, WORKFLOW, AND DOCUMENTS. A Special Exception (SPEX) for Data Center Use.",EQUINIX ASHBURN NORTH,SPEX-2025-0051,In Review,Special Exception
2025-06-18,"COCHRAN TECH: See LEGI-2024-0037 for all timelines, document, and updates. A Special Exception to allow a data center development on moderately steep slopes in the IP Zoning District.",Cochran Tech Park,SPEX-2025-0054,In Review,Special Exception
2025-06-18,HORSESHOE DRIVE: A Special Exception to allow for a 1.0 floor area ratio (FAR) of data center uses.,Horseshoe Drive,SPEX-2025-0055,In Review,Special Exception
2025-08-26,"SEE LEGI-2024-0047 FOR ALL TIMELINE, WORKFLOW, AND DOCUMENTS: EQUINIX ASHBURN EAST: A Special Exception to permit a data center use in the Industrial Park (IP) Zoning District.",Equinix Ashburn East,SPEX-2025-0057,In Review,Special Exception
2025-07-09,"SEE LEGI-2025-0034 FOR TIMELINE, WORKFLOW AND DOCUMENTS: A Special Exception for data center use.",Loudoun Business Park,SPEX-2025-0061,In Review,Special Exception
2025-07-09,"LOUDOUN BUSINESS PARK: A Special Exception for data center use, a Special Exception to increase the FAR up to 0.8, a Special Exception for each utility substation (3), and a Commission Permit to permit substation use.",Loudoun Business Park,SPEX-2025-0097,In Review,Special Exception
2025-11-10,"SEE LEGI-2025-0049 FOR TIMELINE, WORKFLOW AND DOCUMENTS. YONDR-TARRING: A Special Exception to permit a data center use in the General Industry (GI) Zoning District.",Yondr - Tarring,SPEX-2025-0128,In Review,Special Exception
2025-10-01,"See LEGI-2024-0074 for all documents, timelines and workflow. Minor Special Exception to Modify Type C Buffer requirements for Utility Substations along portions of the proposed substation that are adjacent to compatible data center development",Spring Valley Technology Park,SPEX-2025-0136,In Review,Special Exception
2026-02-02,"See LEGI-2024-0074 for all documents, timelines and workflow. Special Exception to permit data center use in the IP Zoning District",Spring Valley Technology Park,SPEX-2026-0004,In Review,Special Exception
2026-05-11,"SEE LEGI-2024-0074 FOR DOCUMENTS, TIMELINE AND WORKFLOW. SPRING VALLEY TECHNOLOGY PARK: 4.06.02.D.2 Separation from Residential. Ground mounted Data Center Mechanical Equipment must be separated from adjacent property that has existing residential development, an approved CDP or plat or plan showing residential development, or Zoning District permitting residential uses, by a principal building, or is otherwise not permitted adjacent to property with existing residential development, an approved CDP or plat or plan showing residential development, or Zoning District permitting residential uses",Spring Valley Technology Park,SPEX-2026-0031,In Review,Special Exception
2026-06-08,"SEE LEGI-2026-0020 FOR DOCUMENTS, TIMELINE AND WORKFLOW. Relocation Drive Data Center-A Special Exception to permit the redevelopment of existing Data Center uses at a 0.86 FAR.",Relocation Drive Data Center,SPEX-2026-0037,Submitted,Special Exception
2026-06-26,"SEE LEGI-2026-0019 FOR DOCUMENTS, TIMELINE AND WORKFLOW. Relocation Drive Data Center-- A Special Exception to permit the redevelopment of existing Data Center uses.",Relocation Drive Data Center,SPEX-2026-0038,In Review,Special Exception
2017-09-29,TRUE NORTH DATA : Modify Section 5-664(D) to amend sidewalk requirements; modify Section5-664(E) and Section 5-1414 to replace all canopy trees required for  the front buffer yard with                                            evergreen trees.,TRUE NORTH DATA,SPMI-2017-0020,Approved,Special Exception
2018-11-07,"LOUDOUN WEST : A Minor Special Exception to modify Section 5-664(D)(1), Additional   regulations for data centers that require provision of sidewalks or   trails along any side of a public road that abuts the property.",LOUDOUN WEST,SPMI-2018-0016,Approved,Special Exception
2020-12-21,"EQUINIX LIGHTING : A Minor Special Exception to modify Section 5-664(C), Data Center,    Exterior Lighting, of the Revised 1993 Loudoun County Zoning          Ordinance.",EQUINIX LIGHTING,SPMI-2020-0014,Approved,Special Exception
2022-10-28,ALIGNED ENERGY DATA CENTER : A Minor Special Exception to Section 5-1403(B). 1. To reduce the      building setback from 75 feet to 58 feet along the South Sterling     Boulevard right of way. 2. To reduce the parking setback from 35 feet to 15 feet from Sterling Boulevard.,ALIGNED ENERGY DATA CENTER,SPMI-2022-0014,Approved,Special Exception
2023-06-20,"See LEGI-2023-0048 for all documents, timelines and workflow - BELMONT INNOVATION CAMPUS : A Minor Special Exception to allow for increased data center          development potential on the Property",BELMONT INNOVATION CAMPUS,SPMI-2023-0013,Approved,Special Exception
2007-08-16,ASHBURN CORPORATE CENTER BLDGS 5 & 6 : REQUEST APPROVAL OF A MODIFIED PROCESS SITE PLAN FOR A ONE-STORY DATA CENTER BUILDING (BUILDING 6) AND A TWO-STORY DATA CENTER BUILDING     WITH ACCESSORY OFFICE (BUILDING 5) WITH THE ASSOCIATED PARKING AND    UTILITY EXTENSIONS. er,ASHBURN CORPORATE CENTER BLDGS 5 & 6,STMP-2007-0001,Approved,Engineering Plan
2010-07-23,"ASHBURN CORPORATE CENTER PHASE IV : REQUEST APPROVAL OF A SITE PLAN FOR A THREE HUNDRED THIRTEEN THOUSAND THREE HUNDRED SEVENTY FOUR (313,374) SQUARE FOOT BUILDING AND PARKING FOR A DATA CENTER.                                                    DAS                                                                   ""ESI REVIEW.  COUNTY AWAITING ESI MINIMUM SUBMISSION VERIFICATION     PRIOR TO ACCEPTANCE AND REVIEW.""",ASHBURN CORPORATE CENTER PHASE IV,STMP-2010-0001,Approved,Engineering Plan
2013-02-25,"ASHBURN CROSSING II : REQUEST APPROVAL OF A MODIFIED PROCESS SITE PLAN (STMP) FOR A FOUR    HUNDRED THIRTY FIVE THOUSAND FIVE SQUARE FOOT (435,005) DATA CENTER   RP",ASHBURN CROSSING II,STMP-2013-0001,Approved,Engineering Plan
2014-03-04,CYRUSONE LOUDOUN TECH CENTER : REQUEST APPROVAL OF A SITE PLAN TO CONSTRUCT A DATA CENTER/OFFICE AND ASSOCIATED INFRASTRUCTURE IN A INDUSTRIAL ZONING DISTRICT.            SMK,CYRUSONE LOUDOUN TECH CENTER,STMP-2014-0002,Approved,Engineering Plan
2015-06-23,ICSP @ ARCOLA : REQUEST APPROVAL OF A SITE PLAN MODIFIED PROCESS (STMP) FOR THE       PROPOSED DEVELOPMENT OF 5 DATA CENTER BUILDINGS AND 2 GUARD HOUSES    INCLUDING WATER AND SEWER CONNECTION AND PLACE CONCRETE PADS AND DUCT BANK IN THE LOADING AREA OF THE BUILDING IN THE PLANNED               DEVELOPMENT-GENERAL INDUSTRIAL (PDGI) ZONING DISTRICT.                KI/ AMENDED BY AMT,ICSP @ ARCOLA,STMP-2015-0006,Approved,Engineering Plan
2015-08-18,"COPT PATRIOT POINT, PHASE 1A & 1B : REQUEST APPROVAL OF A SITE PLAN MODIFIED PROCESS (STMP) FOR THE       CONSTRUCTION OF A DATA CENTER, IN CONJUNCTION WITH SBWV-2015-0007 IN  THE PLANNED DEVELOPMENT-INDUSTRIAL PARK (PDIP) ZONING DISTRICT.       KI","COPT PATRIOT POINT, PHASE 1A & 1B",STMP-2015-0008,Approved,Engineering Plan
2015-11-20,"DIGITAL LOUDOUN III : REQUEST APPROVAL OF A MODIFIED PROCESS SITE PLAN (STMP) FOR THE       CONSTRUCTION OF FIVE (5) DATA CENTER BUILDINGS, ASSOCIATED            INFRASTRUCTURE AND UTILITIES, IN THE PLANNED DEVELOPMENT-OFFICE PARK  (PDOP) ZONING DISTRICT.                                               KI",DIGITAL LOUDOUN III,STMP-2015-0009,Approved,Engineering Plan
2015-12-04,"COPT PATRIOT POINT, PHASE II : REQUEST APPROVAL OF A MODIFIED PROCESS SITE PLAN (STMP) FOR THE       CONSTRUCTION OF A DATA CENTER, IN THE PLANNED DEVELOPMENT-INDUSTRIAL  PARK (PDIP) ZONING DISTRICT.                                          KI","COPT PATRIOT POINT, PHASE II",STMP-2015-0010,Approved,Engineering Plan
2016-11-14,"ACC-10 DATA CENTER : REQUEST APPROVAL OF A MODIFIED SITE PLAN (STMP) FOR THE DESIGN OF A   TWO HUNDRED EIGHTY-EIGHT THOUSAND FOUR HUNDRED THREE (288,403) SQUARE FOOT DATA CENTER BUILDING AND ASSOCIATED PARKING, UTILITIES, AND      INFRASTRUCTURE, IN THE PLANNED DEVELOPMENT-OFFICE PARK (PDOP) ZONING  DISTRICT.                                                             KI",ACC-10 DATA CENTER,STMP-2016-0007,Approved,Engineering Plan
2017-08-28,"TRUE NORTH DATA PH 1 : REQUEST APPROVAL OF A MODIFIED PROCESS SITE PLAN (STMP) TO DEVELOP AN OFFICE PARK FOR A DATA CENTER WITH ASSOCIATED UTILITIES, IN THE       TRANSITIONAL RESIDENTIAL-10 (TR10) ZONING DISTRICT.                   HV",TRUE NORTH DATA PH 1,STMP-2017-0009,Approved,Engineering Plan
2017-12-01,"LOUDOUN CENTER RHINO PH 1 : REQUEST APPROVAL OF A MODIFIED PROCESS SITE PLAN (STMP) FOR THE       CONSTRUCTION OF A TWO STORY DATA CENTER BUILDING AND ASSOCIATED       INFRASTRUCTURE, IN THE PLANNED DEVELOPMENT- OFFICE PARK (PDOP) ZONING DISTRICT.                                                             HV",LOUDOUN CENTER RHINO PH 1,STMP-2017-0013,Approved,Engineering Plan
2018-01-05,"ASHBURN NEXUS : REQUEST APPROVAL OF A SITE PLAN MODIFIED PROCESS (STMP) FOR THE       CONSTRUCTION OF A ONE HUNDRED SIXTY FIVE THOUSAND SQUARE FOOT OF DATA CENTER, OFFICE FLOOR AREA, INCLUDING INFRASTRUCTURE, UTILITIES IN A   PLANNED DEVELOPMENT OFFICE PARK (PDOP) ZONING DISTRICT.               SMK",ASHBURN NEXUS,STMP-2018-0001,Approved,Engineering Plan
2018-02-09,"LOUDOUN CENTER LT 1 ASH 2 : REQUEST APPROVAL OF A MODIFIED PROCESS SITE PLAN (STMP) FOR THE       CONSTRUCTION OF A ONE STORY DATA CENTER BUILDING AND ASSOCIATED       INFRASTRUCTURE, IN THE PLANNED DEVELOPMENT- OFFICE PARK (PDOP) ZONING DISTRICT.                                                             HV",LOUDOUN CENTER LT 1 ASH 2,STMP-2018-0003,Approved,Engineering Plan
2018-04-16,"PROJECT KALE : REQUEST APPROVAL OF A SITE PLAN MODIFIED PROCESS (STMP) FOR A TWO     HUNDRED EIGHTY EIGHT THOUSAND (288,000) SQUARE FOOT DATA CENTER IN A  PLANNED DEVELOPMENT INDUSTRIAL PARK (PDIP) ZONING DISTRICT.           SMK",PROJECT KALE,STMP-2018-0007,Approved,Engineering Plan
2018-07-25,"Superseded by STMP-2022-0012.        DIGITAL LOUDOUN IV-PRENTICE DRIVE : REQUEST APPROVAL OF A MODIFIED SITE PLAN FOR ONE (1) DATA CENTER      TOTALING THREE HUNDRED FORTY-FIVE THOUSAND (345,000) SQUARE FEET, IN  THE PLANNED                                                           DEVELOPMENT- INDUSTRIAL PARK (PDIP) ZONING DISTRICT.                  KI",DIGITAL LOUDOUN IV-PRENTICE DRIVE,STMP-2018-0010,Approved,Engineering Plan
2018-08-03,"DIGITAL LOUDOUN IV BRODERICK : REQUEST APPROVAL OF A MODIFIED PROCESS SITE PLAN (STMP) FOR THE       CONSTRUCTION OF DATA CENTER FACILITIES AND ASSOCIATED INFRASTRUCTURE  AND UTILITIES, IN THE PLANNED DEVELOPMENT- INDUSTRIAL PARK (PDIP)     ZONING DISTRICT.                                                      HV",DIGITAL LOUDOUN IV BRODERICK,STMP-2018-0011,Approved,Engineering Plan
2018-08-06,"QUANTUM PARK, CENTURION AT : REQUEST APPROVAL OF A SITE PLAN MODIFIED PROCESS (STMP) FOR THE       PROPOSED DATA CENTER BUILDINGS WITH SUPPORTIVE OFFICES, MECHANICAL    YARDS, ASSOCIATED PARKING AND INFRASTRUCTURE IN A PLANNED DEVELOPMENT OFFICE PARK (PDOP) ZONING DISTRICT.                                   SMK","QUANTUM PARK, CENTURION AT",STMP-2018-0012,Approved,Engineering Plan
2018-09-14,"LOUDOUN CENTER LC1B DATA CENTER : REQUEST APPROVAL OF A MODIFIED PROCESS SITE PLAN (STMP) FOR THE       CONSTRUCTION OF A TWO STORY DATA CENTER BUILDING AND ASSOCIATED       INFRASTRUCTURE, IN THE PLANNED DEVELOPMENT- OFFICE PARK (PDOP) ZONING DISTRICT.                                                             HV",LOUDOUN CENTER LC1B DATA CENTER,STMP-2018-0013,Approved,Engineering Plan
2018-10-24,"Q.R. : REQUEST APPROVAL OF A MODIFIED PROCESS SITE PLAN (STMP) FOR FOUR (4)  DATA CENTERS AND GUARDHOUSE WITH ASSOCIATED INFRASTRUCTURE, IN THE    PLANNED DEVELOPMENT- INDUSTRIAL PARK (PDIP) AND SINGLE FAMILY         RESIDENTIAL-1 (R1) ZONING DISTRICTS.                                  HV",Q.R.,STMP-2018-0015,Approved,Engineering Plan
2018-11-30,"TRUE NORTH DATA PH 2A : REQUEST APPROVAL OF A MODIFIED PROCESS SITE PLAN (STMP) FOR THE       CONSTRUCTION OF THREE (3) DATA CENTER BUILDINGS AND ASSOCIATED        INFRASTRUCTURE, IN THE PLANNED DEVELOPMENT- OFFICE PARK (PDOP) ZONING DISTRICT.                                                             HV",TRUE NORTH DATA PH 2A,STMP-2018-0017,Approved,Engineering Plan
2018-12-14,"DULLES HIGHPOINT PH 1 : REQUEST APPROVAL OF A MODIFIED PROCESS SITE PLAN (STMP) FOR THE       CONSTRUCTION OF ONE (1) DATA CENTER, ONE (1) FLEX WAREHOUSE, AND      ASSOCIATED INFRASTRUCTURE, IN THE PLANNED DEVELOPMENT- INDUSTRIAL PARK(PDIP) AND PLANNED DEVELOPMENT- RESEARCH AND DEVELOMPENT PARK (PDRDP) ZONING DISTRICTS.                                                     HV",DULLES HIGHPOINT PH 1,STMP-2018-0019,Approved,Engineering Plan
2019-01-04,"CYRUSONE STERLING 9 DATA CTR PH 1A : REQUEST APPROVAL OF A MODIFIED PROCESS SITE PLAN (STMP) FOR A DATA    CENTER FACILITY, INCLUDING DATA HALLS, OFFICE SPACE, AND ASSOCIATE    ROADWAY, PARKING LOT AND UTILITY IMPROVEMENTS, IN THE PLANNED         DEVELOPMENT-GENERAL INDUSTRIAL (PDGI) ZONING DISTRICT.                KI",CYRUSONE STERLING 9 DATA CTR PH 1A,STMP-2018-0020,Approved,Engineering Plan
2019-01-14,"KINCORA CYRUSONE LB Q PH 3 : REQUEST APPROVAL OF A MODIFIED PROCESS SITE PLAN (STMP) FOR A         THREE-STORY DATA CENTER FACILITY, ASSOCIATED ROADWAY, PARKING LOT, ANDUTILITY IMPROVEMENTS, IN THE PLANNED DEVELOPMENT- MIXED USE BUSINESS  (PDMUB) ZONING DISTRICT.                                              HV",KINCORA CYRUSONE LB Q PH 3,STMP-2019-0001,Approved,Engineering Plan
2019-02-01,"**APPROVAL sent 6/3/19**    TRUE NORTH DATA PH 2B : REQUEST APPROVAL OF A MODIFIED PROCESS SITE PLAN (STMP) FOR THE       CONSTRUCTION OF THREE (3) DATA CENTER BUILDINGS AND ASSOCIATED        UTILITIES, IN THE PLANNED DEVELOPMENT- OFFICE PARK (PDOP) ZONING      DISTRICT.                                                             HV",TRUE NORTH DATA PH 2B,STMP-2019-0002,Approved,Engineering Plan
2019-02-06,"WATERSIDE - LANDBAY A-1 : REQUEST APPROVAL OF A MODIFIED PROCESS SITE PLAN (STMP) FOR THE       CONSTRUCTION OF TWO (2) SINGLE-STORY DATA CENTERS AND ASSOCIATED SITE,GRADING, AND UTILITY IMPROVEMENTS, IN THE PLANNED DEVELOPMENT-        INDUSTRIAL PARK (PDIP) AND PLANNED DEVELOPMENT- COMMERCIAL CENTER     (SMALL REGIONAL CENTER) (PDCCSC) ZONING DISTRICT.                     HV",WATERSIDE - LANDBAY A-1,STMP-2019-0003,Approved,Engineering Plan
2019-05-30,"DULLES HIGHPOINT PH II : REQUEST APPROVAL OF A MODIFIED PROCESS SITE PLAN (STMP) FOR THE       CONSTRUCTION OF TWO (2) DATA CENTERS, FLEX WAREHOUSE, AND ASSOCIATED  INFRASTRUCTURE, IN THE PLANNED DEVELOPMENT- INDUSTRIAL PARK (PDIP)    ZONING DISTRICT.                                                      HV",DULLES HIGHPOINT PH II,STMP-2019-0008,Approved,Engineering Plan
2019-07-25,"DULLES NORTH INDUSTRIAL PARK-LOT4 : REQUEST APPROVAL OF A MODIFIED PROCESS SITE PLAN (STMP) FOR THE       CONSTRUCTION OF ONE, TWO-STORY 212,960 SQUARE FOOT DATA CENTER AND    ASSOCIATED SITE, GRADING, AND UTILITY IMPROVEMENTS, IN THE PLANNED    DEVELOPMENT-INDUSTRIAL PARK (PDIP) ZONING DISTRICT.                   ACOLE",DULLES NORTH INDUSTRIAL PARK-LOT4,STMP-2019-0009,Approved,Engineering Plan
2019-10-18,"IAD01 : REQUEST APPROVAL FOR A MODIFIED PROCESS SITE PLAN (STMP) FOR TWO (2)  DATA CENTER BUILDINGS WITH ASSOCIATED INFRASTRUCTURE, IN THE PLANNED  DEVELOPMENT- INDUSTRIAL PARK (PDIP) ZONING DISTRICT.                  HV",IAD01,STMP-2019-0010,Approved,Engineering Plan
2019-11-12,"SDC ASHBURN I : REQUEST APPROVAL OF A MODIFIED PROCESS SITE PLAN (STMP) FOR FOUR (4)  DATA CENTERS, ONE (1) GUARD HOUSE, AND ASSOCIATED STRUCTURES, IN THE  PLANNED DEVELOPMENT- OFFICE PARK (PDOP) ZONING DISTRICT.              HV",SDC ASHBURN I,STMP-2019-0011,Approved,Engineering Plan
2019-12-23,"WATERSIDE SITE PLAN LANDBAY B : REQUEST APPROVAL FOR A SITE PLAN (STPL) FOR THE CONSTRUCTION OF ONE   (1)                                                                   15,000 S.F. SINGLE-STORY DATA CENTER AND ASSOCIATED GRADING, AND      UTILITY IMPROVEMENTS, IN THE PLANNED DEVELOPMENT INDUSTRIAL PARK      (PDIP) AND PLANNED DEVELOPMENT- COMMERCIAL CENTER (SMALL REGIONAL     CENTER) (PDCCSC) ZONING DISTRICTS.                                    AM",WATERSIDE SITE PLAN LANDBAY B,STMP-2019-0014,Approved,Engineering Plan
2020-04-10,"ASH 3 SHELLHORN DC 1 : REQUEST APPROVAL OF A MODIFIED PROCESS SITE PLAN (STMP) FOR A PROPOSEDDATA CENTER USE, IN THE PLANNED DEVELOPMENT- OFFICE PARK (PDOP) ZONINGDISTRICT.                                                             HV",ASH 3 SHELLHORN DC 1,STMP-2020-0005,Approved,Engineering Plan
2020-05-22,"EDGECORE DULLES : REQUEST APPROVAL OF A MODIFIED PROCESS SITE PLAN (STMP) FOR THREE ONE STORY DATA CENTER BUILDINGS, IN THE PLANNED DEVELOPMENT OFFICE PARK   (PDOP) ZONING DISTRICT.                                               AM",EDGECORE DULLES,STMP-2020-0007,Approved,Engineering Plan
2020-06-12,"BEAUMEADE PROPERTIES : REQUEST APPROVAL OF A MODIFIED PROCESS SITE PLAN (STMP) TO CONSTRUCT  TWO DATA CENTERS AND ASSOCIATED INFRASTRUCTURE, IN THE PLANNED        DEVELOPMENT INDUSTRIAL PARK (PDIP)ZONING DISTRICT.                    NS",BEAUMEADE PROPERTIES,STMP-2020-0009,Approved,Engineering Plan
2020-10-27,"Plans superceeded by EPLAN-2023-0128. Application withdrawn at the request of the Applicant.

PROJECT ASPEN : REQUEST APPROVAL OF A MODIFIED PROCESS SITE PLAN (STMP) FOR THE PHASE 3 EXTENSION OF THE EXISTING PROJECT KALE DATA CENTER, IN THE PLANNED  DEVELOPMENT-GENERAL INDUSTRIAL (PDGI) ZONING DISTRICT.                AM",PROJECT ASPEN,STMP-2020-0015,Approved,Engineering Plan
2020-11-04,"H&M PROPERTY : REQUEST APPROVAL OF A MODIFIED PROCESS SITE PLAN (STMP) FOR THE       CONSTRUCTION OF SEVEN DATA CENTERS, IN THE PLANNED DEVELOPMENT-GENERALINDUSTRIAL (PDGI) ZONING DISTRICT.                                    AM",H&M PROPERTY,STMP-2020-0016,Approved,Engineering Plan
2020-12-15,"WATERSIDE LB B : REQUEST APPROVAL OF A MODIFIED PROCESS SITE PLAN (STMP) FOR THE       CONSTRUCTION OF A TWO (2) TWO-STORY DATA CENTERS AND ASSOCIATED       GRADING AND UTILITY IMPROVEMENTS, IN THE PLANNED DEVELOPMENT-         INDUSTRIAL PARK (PDIP) ZONING DISTRICT.                               HV",WATERSIDE LB B,STMP-2020-0017,Approved,Engineering Plan
2020-12-21,"IAD 02 : REQUEST APPROVAL OF A MODIFIED PROCESS SITE PLAN (STMP) FOR THE       CONSTRUCTION OF TWO DATA CENTER BUILDINGS, IN THE PLANNED DEVELOPMENT INDUSTRIAL PARK (PDIP) ZONING DISTRICT.                               AM",IAD 02,STMP-2020-0018,Approved,Engineering Plan
2021-01-19,"IAD11 DATA CENTER : REQUEST APPROVAL OF A MODIFIED PROCESS SITE PLAN (STMP) FOR THE       CONSTRUCTION OF 1 DATA CENTER BUILDING, IN THE PLANNED                DEVELOPMENT-INDUSTRIAL PARK (PDIP) ZONING DISTRICT.                   AM",IAD11 DATA CENTER,STMP-2021-0001,Approved,Engineering Plan
2021-02-03,ASH 1- BRODERICK DC 2 : REQUEST APPROVAL OF A MODIFIED PROCESS SITE PLAN (STMP) FOR A FINAL   SITE PLAN FOR A PROPOSED DATA CENTER USE IN THE PLANNED               DEVELOPMENT-INDUSTRIAL PARK (PDIP)                                    SDM,ASH 1- BRODERICK DC 2,STMP-2021-0002,Approved,Engineering Plan
2021-03-17,"AREP BEAUMEADE DATA CENTER : REQUEST APPROVAL OF A MODIFIED PROCESS SITE PLAN (STMP) FOR           CONSTRUCTION ON A PROPOSED DATA CENTER AND UTILITIES, IN THE PLANNED  DEVELOPMENT INDUSTRIAL PARK (PDIP) ZONING DISTRICT.                   AM",AREP BEAUMEADE DATA CENTER,STMP-2021-0006,Approved,Engineering Plan
2021-04-28,"BUILDINGS VA 13 & VA 14 : REQUEST APPROVAL OF A MODIFIED PROCESS SITE PLAN (STMP) FOR THE       CONSTRUCTION OF +/- 729,298 SF OF DATA CENTER/OFFICE FLOOR AREA       INCLUDING ALL RELATED INFRASTRUCTURE, UTILITIES, ETC. IN THE (PDOP)   PLANNED DEVELOPMENT- OFFICE PARK ZONING DISTRICT",BUILDINGS VA 13 & VA 14,STMP-2021-0007,Approved,Engineering Plan
2021-08-27,"STERLING PREMIERE BUILDING : REQUEST APPROVAL OF A  MODIFIED PROCESS SITE PLAN  (STMP) FOR THE     CONSTRUCTION OF A DATA CENTER, AND ALL ASSOCIATED INFRASTRUCTRE       INCLUDING BMP POND, IN THE( PDIP) PLANNED DEVELOPMENT-INDUSTRIAL PARK ZONING DISTRICT.                                                       SDM                                                                  .",STERLING PREMIERE BUILDING,STMP-2021-0012,Approved,Engineering Plan
2021-09-24,"PROJECT ALLEGRO SOUTH CAMPUS PH 1 : REQUEST APPROVAL OF A MODIFIED PROCESS SITE PLAN (STMP) FOR PHASE 1 OFTHE SOUTH CAMPUS OF A DATA CENTER COMPLEX WITH ASSOCIATED SUPPORT     FACILITIES, IN THE (PDIP/R1) PLANNED DEVELOPMENT-INDUSTRIAL           PARK/SINGLE FAMILY RESIDENTIAL-1 ZONING DISTRICTS.                    SDM",PROJECT ALLEGRO SOUTH CAMPUS PH 1,STMP-2021-0013,Approved,Engineering Plan
2021-11-01,"ICSP @ ARCOLA : REQUEST APPROVAL OFA MODIFIED  PROCESS SITE PLAN (STMP) FOR A FAST    TRACK SITE PLAN TO ADD A 15,000 SF DATA CENTER BUILDING, IN THE       PLANNED DEVELOPMENT GENERAL INDUSTRIAL (PDGI) ZONING DISTRICT.        AM",ICSP @ ARCOLA,STMP-2021-0014,Approved,Engineering Plan
2021-11-09,"DULLES BERRY LC4 DATA CENTER : REQUEST APPROVAL OF A MODIFIED SITE PLAN PROCESS (STMP) FOR THE       CONSTRUCTION OF A THREE-STORY DATA CENTER BUILDING, IN THE PLANNED    DEVELOPMENT - RESEARCH AND DEVELOPMENT PARK (PDRDP) ZONING DISTRICT.  AM",DULLES BERRY LC4 DATA CENTER,STMP-2021-0016,Approved,Engineering Plan
2021-12-10,"WS-C2 : REQUEST APPROVAL OF A MODIFIED PROCESS PLAN PROCESS (STMP) FOR        CONSTURCTION OF ONE 15,000 SF DATA CENTER AND ASSOCIATED GRADING AND  UTILITY IMPROVEMENTS, IN THE PLANNED DEVELOPMENT INDUSTRIAL PARK      (PDIP) ZONING DISTRICT.                                               AM",WS-C2,STMP-2021-0018,Approved,Engineering Plan
2021-12-28,"DARVISH DATA CENTER : REQUEST APPROVAL OF A MODIFIED PROCESS SITE PLAN )STMP) FOR A FAST    TRACK SITE PLAN FOR CONSTRUCTION OF  +/- 277,800 SF DATA CENTER       BUILDING, IN THE (PDIP) PLANNED DEVELOPMENT-INDUSTRIAL PARK ZONING    DISTRICT.                                                             SDM",DARVISH DATA CENTER,STMP-2021-0020,Approved,Engineering Plan
2022-03-16,"IAD04 : REQUEST APPROVAL OF A MODIFIED PROCESS SITE PLAN (STMP) FOR           CONSTRUCTION OF 1 DATA CENTER BUILDING AND ASSOCIATED UTILITIES, IN   THE (PDIP) PLANNED DEVELOPMENT- INDUSTRIAL PARK ZONING DISTRICT.      SDM",IAD04,STMP-2022-0002,Approved,Engineering Plan
2022-03-18,"RELOCATION DRIVE : REQUEST APPROVAL OF A MODIFIED PROCESS SITE PLAN (STMP) FOR (1) ONE   DATA CENTER AND ASSOCIATED INFRASTRUCTURE INCLUDING SWM AND BMP       TOTALING THREE HUNDRED FOUR THOUSAND ONE HUNDRED SIXTY-SIX SQUARE FEET(304,166.0) IN THE (R1) SINGLE FAMILY RESIDENTIAL-1 ZONING DISTRICT.  SDM",RELOCATION DRIVE,STMP-2022-0003,Approved,Engineering Plan
2022-04-08,"NTT GLOBAL DATA CENTERS  VA8 & VA9 : REQUEST APPROVAL OF A MODIFIED PROCESS SITE PLAN (STMP) FOR THE       CONSTRUCTION OF TWO (2) 2-STORY DATA CENTERS, IN THE PLANNED          DEVELOPMENT INDUSTRIAL PARK (PDIP) ZONING DISTRICT.                   AM",NTT GLOBAL DATA CENTERS  VA8 & VA9,STMP-2022-0004,Approved,Engineering Plan
2022-04-12,"BUILDING VA15 : REQUEST APPROVAL OF A MODIFIED PROCESS SITE PLAN (STMP) FOR  THE      CONSTRUCITON OF DATA CENTER BUILDING WITH ASSOCIATED SURFACE PARKING, DRIVE AISLE, AND UTILITY INFRASTRUCTURE, IN THE (PDOP) PLANNED        DEVELOPMENT-OFFICE PARK ZONING DISTRICT.                              SDM",BUILDING VA15,STMP-2022-0005,Approved,Engineering Plan
2022-04-21,"VANTAGE VA21 : REQUEST APPROVAL OF A MODIFIED PROCESS SITE PLAN (STMP) FOR A PROPOSEDDATA CENTER BUILDING AND ALL OF THE ASSOCIATED INFRASTRUCTURE         INCLUDING SWM AND BMP VAULTS, IN THE PLANNED DEVELOPMENT- INDUSTRIAL  PARK (PDIP) AND SINGLE FAMILY RESIDENTIAL-4 (R4) ZONING DISTRICTS.    HV",VANTAGE VA21,STMP-2022-0006,Approved,Engineering Plan
2022-06-09,"PROJECT GOLD STERLING : REQUEST APPROVAL OF A MODIFIED PROCESS SITE PLAN (STMP) FOR THE       CONSTRUCTION OF PROPOSED 181,419 SF DATA CENTER BUILDING, 1,696 SF    VISITORS CENTER BUILDING INCLUDING ALL RELATED INFRASTRUCTURE,        PARKING, DRIVE AISLES, UTILITIES, ETC., IN THE PLANNED                DEVELOPMENT-INDUSTRIAL PARK (PDIP) ZONING DISTRICT.                   AM",PROJECT GOLD STERLING,STMP-2022-0007,Approved,Engineering Plan
2022-06-21,"(Conditional Approval) ARCOLA GROVE DATA CENTERS : REQUEST APPROVAL OF A MODIFIED PROCESS SITE PLAN (STMP) FOR TWO (2)   DATA CENTERS AND ASSOICATED INFRASTRUCTURE, IN THE PLANNED            DEVELOPMENT- INDUSTRIAL PARK (PDIP) ZONING DISTRCT.                   AM",ARCOLA GROVE DATA CENTERS,STMP-2022-0008,In Review,Engineering Plan
2022-06-22,"DULLES BERRY LC8 DATA CENTER : REQUEST APPROVAL OF A MODIFIED PROCESS SITE PLAN (STMP) FOR THE       CONSTRUCTION OF A 3-STORY DATA CENTER BUILDING AND ASSOCIATED         INFRASTRUCTURE, IN THE PLANNED DEVELOPMENT- RESEARCH AND DEVELOPMENT  PARK (PDRDP) ZONING DISTRICT.                                         HV",DULLES BERRY LC8 DATA CENTER,STMP-2022-0009,Approved,Engineering Plan
2022-07-05,"INTERGATE ASHBURN DATA CENTER BLDNG A : REQUEST APPROVAL OF A MODIFIED PROCESS SITE PLAN (STMP) FOR A FINAL   DATA CENTER AND RELATED INFRASTRUCTURE, DESIGNATED AS BUILDING ""A"" ON APPROVED APPLICATIONS STPL-2011-0014, SPAM-2013-0025, AND SPAM        2018-0037. THIS APPLICATION WILL SUPERCEDE THE PREVIOUSLY SHOWN       BUILDING ""A"" AND ITS IMPROVEMENTS SHOWS AS PHASE 3 ON THESE PREVIOUS  APPLICATIONS, IN THE PLANNED DEVELOPMENT-INDUSTRIAL PARK (PDIP) ZONINGDISTRICT.                                                             AM",INTERGATE ASHBURN DATA CENTER BLDNG A,STMP-2022-0011,Approved,Engineering Plan
2022-07-27,"DIGITAL LOUDOUN IV-BUILDING S : REQUEST APPROVAL OF A MODIFIED PROCESS SITE PLAN (STMP) FOR           CONSTRUCTION OF ONE DATA CENTER BUILDING, GUARD BOOTH BUILDING AND    ENTRY PLAZA AREA, AND ASSOCIATED INFRASTRUCTURE AND UTILITIES, IN THE PLANNED DEVELOPMENT-INDUSTRIAL PARK (PDIP) ZONING DISTRICT.           AM",DIGITAL LOUDOUN IV-BUILDING S,STMP-2022-0012,Approved,Engineering Plan
2022-07-29,"DULLES 28 TECHNOLOGY PARK : REQUEST APPROVAL OF A MODIFIED PROCESS SITE PLAN (STMP) FOR THE       PROPOSED DEVELOPMENT OF TWO DATA CENTER BUILDINGS AND WHOLESALE/FLEX  INDUSTRIAL BUILDINGS, IN THE PLANNED DEVELOPMENT-INDUSTRIAL PARK      (PDIP) ZONING DISTRICT.                                               AM",DULLES 28 TECHNOLOGY PARK,STMP-2022-0013,Approved,Engineering Plan
2022-08-08,"DARVISH DATA CENTER BUILDING B : REQUEST APPROVAL OF A MODIFIED PROCESS SITE PLAN (STMP) FOR A FAST    TRACK SITE PLAN FOR CONSTRUCTION OF TWO DATA CENTER BUILDINGS, IN THE PLANNED DEVELOPMENT-INDUSTRIAL PARK (PDIP) ZONING DISTRICT.           AM",DARVISH DATA CENTER BUILDING B,STMP-2022-0015,Approved,Engineering Plan
2022-08-19,"CYRUSONE STERLING 11 DATA CENTER PH 2 : REQUEST APPROVAL OF A MODIFIED PROCESS SITE PLAN (STMP) FOR THE       CONSTRUCTION OF A DATA CENTER FACILITY WHICH WILL INCLUDE DATA HALLS, OFFICE SPACE, AND ASSOCIATED ROADWAY, PARKING LOT, AND UTILITY        IMPROVEMENTS, IN THE (PDGI) PLANNED DEVELOPMENT-GENERL INDUSTRIAL     ZONING DISTRICT.                                                      SDM",CYRUSONE STERLING 11 DATA CENTER PH 2,STMP-2022-0017,Approved,Engineering Plan
2022-09-22,TECH PARK AT BRAMBLETON : REQUEST APPROVAL OF A SITE PLAN (STMP) FOR FOUR (4) DATA CENTER       BUILDINGS AND ON-SITE SUBSTATION IN THE PDIP ZONING DISTRICT          ZDF,TECH PARK AT BRAMBLETON,STMP-2022-0018,Approved,Engineering Plan
2022-10-03,PROJECT NOVA SOUTHEAST SITE PLAN : REQUEST APPROVAL OF A SITE PLAN (STMP) FOR TWO (2) NEW DATA CENTER    FACILITIES WITH ASSOCIATED INFRASTRUCTURE AND BMP IN THE PD-OP ZONING DISTRICT.                                                             ZDF,PROJECT NOVA SOUTHEAST SITE PLAN,STMP-2022-0020,Approved,Engineering Plan
2022-10-20,"TRUE NORTH DATA : REQUEST APPROVAL OF A MODIFIED PROCESS SITE PLAN (STMP) FOR A 309,906 SF DATA CENTER, IN THE PLANNED DEVELOPMENT- OFFICE PARK (PDOP)        ZONINING DISTRICT.                                                    JAB",TRUE NORTH DATA,STMP-2022-0021,Approved,Engineering Plan
2022-10-26,H5 DATA CENTER : REQUEST APPROVAL OF A SITE PLAN (STMP) FOR A MULTI-STORY DATA CENTER  AND ASSOCIATED INFRASTRUCTURE IN THE PD-IP ZONING DISTRICT.           ZDF,H5 DATA CENTER,STMP-2022-0022,Approved,Engineering Plan
2022-10-31,"VANTAGE-VA22 : REQUEST APPROVAL OF A SITE PLAN (Fast Track) for the construction of  Data Center, circulation drives, and associated infrastructure on landpreviously developed under. (PDIP) ZONING DISTRICT.                   JAB                                                                   STMP-2022-0006.",VANTAGE-VA22,STMP-2022-0023,Approved,Engineering Plan
2023-01-05,"PARCEL J ASHBURN CENTER : REQUEST APPROVAL OF A MODIFIED PROCESS SITE PLAN (STMP) FOR DEMO OF   EXISTING ONE (1) STORY BUILDING AND CONSTRUCTION OF DATA CENTER AND   ASSOCIATED INFRASTRUCTURE, IN THE PLANNED DEVELOPMENT - INDUSTRIAL    PARK (PDIP) ZONING DISTRICT.                                          EK",PARCEL J ASHBURN CENTER,STMP-2023-0001,Approved,Engineering Plan
2023-03-08,"IAD05 : REQUEST APPROVAL OF A MODIFIED PROCESS SITE PLAN (STMP) FOR           CONSTRUCTION OF ONE (1) DATA CENTER IN THE, PLANNED DEVELOPMENT       INDUSTRIAL PARK (PDIP) ZONING DISTRICT.                               EK",IAD05,STMP-2023-0004,Approved,Engineering Plan
2023-05-15,"IAD12 & IAD13 DATA CENTER : REQUEST APPROVAL OF A MODIFIED PROCESS SITE PLAN (STMP) FOR           CONSTRUCTION OF TWO (2) DATA CENTER BUILDINGS AND ASSOCIATED ROADS,   UTILITIES, AND AN OFFSITE STEP POOL CONVEYANCE SYSTEM, IN THE PLANNED DEVELOPMENT - INDUSTRIAL PARK (PDIP) AND SINGLE FAMILY RESIDENTIAL - 1(R1) ZONING DISTRICTS.                                                DS",IAD12 & IAD13 DATA CENTER,STMP-2023-0005,Approved,Engineering Plan
2006-01-26,ASHBURN CORPORATE CENTER PHASE II : REQUEST APPROVAL OF A SITE PLAN FOR A ONE-STORY DATA CENTER BUILDING  ASSOCIATED PARKING AND UTILITY EXTENSIONS.                            er,ASHBURN CORPORATE CENTER PHASE II,STPL-2006-0004,Approved,Engineering Plan
2006-11-07,"PETERSON/COMMONWEALTH CENTER : REQUEST APPROVAL OF A SITE PLAN FOR 238,000 SQUARE FEET OFFICE        BUILDING AND 356,400 SQUARE DATA CENTER WITH PARKING LOTS, UTILITIES  AND STORM DRAINAGE.                                                   er",PETERSON/COMMONWEALTH CENTER,STPL-2006-0075,Approved,Engineering Plan
2011-06-16,INTERGATE ASHBURN  DATA CENTER : REQUEST APPROVAL OF A SITE PLAN (STPL) FOR THREE (3) DATA CENTER      BUILDINGS AND ONE (1) UTILITY SUB-STATION ALONG WITH ASSOCIATED ON    SITE PARKING AND UTILITY CONTSTRUCTION                                RP,INTERGATE ASHBURN  DATA CENTER,STPL-2011-0014,Approved,Engineering Plan
2011-06-14,"PROJECT COLUMBIA : REQUEST APPROVAL OF A SITE PLAN (STPL) FOR A PROPOSED SIXTY FOUR      THOUSAND SEVEN HUNDRED EITHY TWO (64,782) SQUARE FOOT DATA CENTER AND A THIRTEEN THOUSAND SIX HUNDRED TWENTY SIX (13,626) SQUARE FOOT       EXISTING DATA CENTER.                                                 DAS",PROJECT COLUMBIA,STPL-2011-0015,Approved,Engineering Plan
2013-06-11,"LOUDOUN METRO DATA CENTERS LM1 & LM2 : REQUEST APPROVAL OF A SITE PLAN (SPTL) FOR THE DESIGN OF TWO (2) DATA CENTER BUILDINGS, AND ASSOCIATED UTILITIES AND INFRASTRUCTURE IN THE PLANNED DEVELOPMENT OFFICE PARK ZONING DSITRICT.                       EB",LOUDOUN METRO DATA CENTERS LM1 & LM2,STPL-2013-0032,Approved,Engineering Plan
2013-12-26,LOUDOUN CENTER ACC-9 DATA CENTER : REQUEST APPROVAL OF A SITE PLAN (STPL) FOR THE DESIGN OF A SINGLE DATACENTER BUILDING AND ASSOCIATES UTILITIES AND INFRASTRUCTURE IN A      OFFICE PARK ZONING DISTRICT.                                          SMK,LOUDOUN CENTER ACC-9 DATA CENTER,STPL-2013-0058,Approved,Engineering Plan
2014-03-18,BEAUMEADE/LOUDOUN COUNTY PKWY PH III : REQUEST APPROVAL OF A SITE PLAN (STPL) FOR IMPROVEMENTS ASSOCIATED    WITH TWO (2) DATA CENTERS BUILDINGS IN A INDUSTRIAL ZONING            DISTRICT.                                                             SMK,BEAUMEADE/LOUDOUN COUNTY PKWY PH III,STPL-2014-0017,Approved,Engineering Plan
2014-05-22,LOUDOUN METRO DATA CENTER LM 3 & LM 4 : REQUEST APPROVAL OF A SITE PLAN (STPL) FOR TWO (2) DATA CENTER        BUILDINGS AND ASSOCIATED ROADWAYS AND INFRASTRUCTURE PER APPROVED     ZMAP-2000-0006.                                                       MCC,LOUDOUN METRO DATA CENTER LM 3 & LM 4,STPL-2014-0024,Approved,Engineering Plan
2015-03-26,LOUDOUN METRO DATA CENTER LM5-LM8 : REQUEST APPROVAL OF A SITE PLAN (STPL) FOR FOUR (4) DATA CENTER       BUILDINGS AND ASSOCIATED ROADWAYS AND INFRASTRUCTURES IN A OFFICE PARKZONING DISTRICT.                                                      SMK,LOUDOUN METRO DATA CENTER LM5-LM8,STPL-2015-0011,Approved,Engineering Plan
2018-06-19,"(Conditional Approval) ARCOLA LAKHVINDER PROPERTY : REQUEST APPROVAL OF A SITE PLAN (STPL) FOR TWO DATA CENTER BUILDINGS  WITH ASSOCIATED INFRASTRUCTURE, IN THE PLANNED DEVELOPMENT- GENERAL   INDUSTRIAL (PDGI) ZONING DISTRICT.                                    HV",ARCOLA LAKHVINDER PROPERTY,STPL-2018-0019,In Review,Engineering Plan
2019-09-17,"21673 BEAUMEADE CIRCLE : REQUEST APPROVAL OF A SITE PLAN (STPL) FOR A DATA CENTER, IN THE      PLANNED DEVELOPMENT- INDUSTRIAL PARK (PDIP) ZONING DISTRICT.          HV",21673 BEAUMEADE CIRCLE,STPL-2019-0037,Approved,Engineering Plan
2019-10-02,"ASHBURN CENTER NORTH ZCOLO : REQUEST APPROVAL OF A SITE PLAN (STPL) FOR A PROPOSED DATA CENTER, IN THE PLANNED DEVELOPMENT- INDUSTRIAL PARK (PDIP) ZONING DISTRICT.      HV",ASHBURN CENTER NORTH ZCOLO,STPL-2019-0039,Approved,Engineering Plan
2020-02-07,"EPLAN-2023-0138 Supersedes STACK ASHBURN DATA CENTER : REQUEST APPROVAL OF A SITE PLAN (STPL) TO ADD SERVICE YARDS NECESSARY TO SUPPORT INTERNAL IMPROVEMENTS TO THE EXISTING DATA CENTER, IN THE  PLANNED DEVELOPMENT- OFFICE PARK (PDOP) ZONING DISTRICT.              HV",STACK ASHBURN DATA CENTER,STPL-2020-0005,Approved,Engineering Plan
2020-10-13,"LOUDOUN CENTER- LC3 DATA CENTER : REQUEST APPROVAL OF A SITE PLAN (STPL) FOR THE CONSTRUCTION OF A      3-STORY DATA CENTER, IN THE PLANNED DEVELOPMENT-OFFICE PARK (PDOP)    ZONING DISTRICT.                                                      AM",LOUDOUN CENTER- LC3 DATA CENTER,STPL-2020-0044,Approved,Engineering Plan
2022-08-10,"ASHBURN CENTER NORTH : REQUEST APPROVAL OF A SITE PLAN (STPL) FOR A PROPOSED DATA CENTER, IN THE PLANNED DEVELOPMENT-INDUSTRIAL PARK (PDIP) ZONING DISTRICT.       AM",ASHBURN CENTER NORTH,STPL-2022-0030,Approved,Engineering Plan
2022-09-27,"COCHRAN MILL ROAD : REQUEST APPROVAL OF A SITE PLAN (STPL) FOR THE REDEVELOPMENT OF       MULTIPLE MATERIAL MANUFACTURING PLANTS AND NEW DEVELOPMENT CONSISTING OF THREE (3) DATA CENTERS, TWO (2) WAREHOUSES AND ASSOCIATED          INFRASTRUCTURE IN THE MRHI ZONING DISTRICT.                           ZDF",COCHRAN MILL ROAD,STPL-2022-0040,Approved,Engineering Plan
2022-11-04,"(Conditional Approval) RIDGETOP CENTER : REQUEST APPROVAL OF A SITE PLAN (STPL) FOR THE CONSTRUCTION OF TWO    DATA CENTER BUILDINGS, IN THE PLANNED DEVELOPMENT - INDUSTRIAL PARK   (PDIP) ZONING DISTRICT.                                               EK",RIDGETOP CENTER,STPL-2022-0051,In Review,Engineering Plan
2022-11-04,"(Conditional Approval) CLARKE HOOK CENTER : REQUEST APPROVAL OF A SITE PLAN (STPL) TO CONSTRUCT ONE DATA CENTER,  IN THE PLANNED DEVELOPMENT - INDUSTRIAL PARK (PDIP) ZONING DISTRICT.  EK",CLARKE HOOK CENTER,STPL-2022-0052,In Review,Engineering Plan
2022-11-04,"(Conditional Approval) MANEKIN PLAZA : REQUEST APPROVAL FOR A SITE PLAN (STPL) TO CONSTRUCT ONE DATA CENTER, IN THE PLANNED DEVELOPMENT - INDUSTRIAL PARK (PDIP) ZONING DISTRICT.  EK",MANEKIN PLAZA,STPL-2022-0053,In Review,Engineering Plan
2023-01-05,"LC 11 AND 12 DATA CENTER : REQUEST APPROVAL OF A SITE PLAN (STPL) TO CONSTRUCT TWO (2) DATA      CENTERS AND ASSOCIATED INFRASTRUCTURE, IN THE PLANNED DEVELOPMENT -   OFFICE PARK (PDOP) ZONING DISTRICT.                                   EK",LC 11 AND 12 DATA CENTER,STPL-2023-0001,Approved,Engineering Plan
2023-01-06,"DATA CENTER AT COMPASS CREEK SEC. 4 : REQUEST APPROVAL OF A SITE PLAN (STPL) FOR THE CONSTRUCTION OF THE    ADDITION OF TWO BUILDINGS AND ASSOCIATED UTILITIES, IN THE PLANNED    DEVELOPMENT INDUSTRIAL PARK (PDIP) ZONING DISTRICT.                   DS",DATA CENTER AT COMPASS CREEK SEC. 4,STPL-2023-0004,Approved,Engineering Plan
2023-02-07,"(Conditional Approval 08-05-24) TELOS DATA CENTER : REQUEST APPROVAL OF A SITE PLAN (STPL) FOR THE CONSTRUCTION OF A      PUBLIC DATA CENTER, IN THE PLANNED DEVELOPMENT INDUSTRIAL PARK (PDIP) ZONING DISTRICT.                                                      DS",TELOS DATA CENTER,STPL-2023-0007,In Review,Engineering Plan
2023-02-08,"(Conditional Approval) HORSESHOE DRIVE : REQUEST APPROVAL OF A SITE PLAN (STPL) TO BUILD A DATA CENTER, IN THE PLANNED DEVELOPMENT - INDUSTRIAL PARK (PDIP) ZONING DISTRICT.         EK",HORSESHOE DRIVE,STPL-2023-0008,In Review,Engineering Plan
2023-03-01,"22675 DULLES SUMMIT COURT : REQUEST APPROVAL OF A SITE PLAN (STPL) FOR THE CONSTRUCTION OF TWO    HUNDRED SIXTY THOUSAND (260,000) SQUARE FEET DATA CENTER FACILITY,    WHICH WILL INCLUDE DATA HALL, OFFICE SPACE, AND ASSOCIATED ROADWAY,   PARKING LOT, AND UTILITY IMPROVEMENTS, IN THE PLANNED                 DEVELOPMENT-GENERAL INDUSTRIAL (PDGI) ZONING DISTRICT.                AN",22675 DULLES SUMMIT COURT,STPL-2023-0015,Approved,Engineering Plan
2023-05-15,"(Conditional Approval) BELMONT LANDBAY KK DATA CENTER : REQUEST APPROVAL OF A SITE PLAN (STPL) FOR THE CONSTRUCTION OF A DATA CENTER, OFFICE, AND ASSOCIATED SITE INFRASTRUCTURE TO SUPPORT THE     DEVELOPMENT, IN THE PLANNED DEVELOPMENT   OFFICE PARK (PDOP) ZONING   DISTRICT.                                                             DS",BELMONT LANDBAY KK DATA CENTER,STPL-2023-0025,In Review,Engineering Plan
2023-06-09,"BRAMBLETON BUSINESS CAMPUS DATA CENTER : REQUEST APPROVAL OF A SITE PLAN (STPL) FOR THE CONSTRUCTION OF A TWO  (2) DATA CENTERS AND SUPPORTING UTILITIES, IN THE PLANNED DEVELOPMENT   INDUSTRIAL PARK (PDIP) AND THE PLANNED DEVELOPMENT - ACTIVE ADULT   AGE RESTRICTED (PDAAAR) ZONING DISTRICT.                              DS",BRAMBLETON BUSINESS CAMPUS DATA CENTER,STPL-2023-0028,In Review,Engineering Plan
2023-06-09,"(Conditional Approval) BRAMBLETON SHREVEPORT SOUTH DATA CENTER : REQUEST APPROVAL OF A SITE PLAN (STPL) FOR THE CONSTRUCTION OF A TWO  (2) DATA CENTERS AND SUPPORTING UTILITIES, IN THE PLANNED DEVELOPMENT INDUSTRIAL PARK (PDIP) ZONING DISTRICT.                               DS",BRAMBLETON SHREVEPORT SOUTH DATA CENTER,STPL-2023-0029,In Review,Engineering Plan
2023-07-03,"45865 MARIES ROAD : REQUEST APPROVAL OF A SITE PLAN (STPL) FOR SITE IMPROVEMENTS FOR DATA CENTERS, IN THE PLANNED DEVELOPMENT    INDUSTRIAL PARK (PDIP) ZONING  DISTRICT.                                                             DS   BLUEBEAM SESSION id  701-999-887",45865 MARIES ROAD,STPL-2023-0035,Approved,Engineering Plan
2023-07-24,"(Conditional Approval) CYRUSONE BROADLANDS DATA CENTER : REQUESTED APPROVAL OF A SITE PLAN (STPL) FOR A DATA CENTER DEVELOPMENTON APPROXIMATELY FIFTY EIGHT (58) ACRES, DEVELOPMENT CONSISTS OF      APPROXIMATELY SEVEN HUNDRED EIGHTY-FOUR THOUSAND SIX HUNDRED (784,600)SF OF DATA CENTER AND FOURTY ONE THOUSAND (41,000) SF OF OFFICE SPACE IN THE PLANNED DEVELOPMENT-OFFICE PARK (PDOP) ZONING DISTRICT.        AN",CYRUSONE BROADLANDS DATA CENTER,STPL-2023-0041,In Review,Engineering Plan
2007-05-11,"LOUDOUN TECH CENTER PARCEL H-2 : REQUEST APPROVAL OF A SITE PLAN REVISION TO INCORPORATE GENERATOR YARD AND TRANSFORMERS INTO PLANS, WHICH WAS PREVIOUSLY APPROVED FOR A DATA CENTER USE.
er",LOUDOUN TECH CENTER PARCEL H-2,STPR-2007-0013,Approved,Engineering Plan
2007-08-29,"LAING AT BEAUMEADE BUILDING D : REQUEST APPROVAL OF A SITE PLAN REVISION FOR A 29,886 SQUARE FOOT DATA CENTER EXPANSION WITH 3,504 SQUARE FOOT LOADING DOCK ADDITION TO THE EXISTING 58,620 SQUARE FOOT OFFICE/WAREHOUSE BUILDING.
er",LAING AT BEAUMEADE BUILDING D,STPR-2007-0030,Approved,Engineering Plan
2007-09-14,"PETERSON COMMONWEALTH CENTER : REQUEST APPROVAL OF SITE PLAN REVISION TO STPL-2006-0075 FOR          CONSTRUCTION OF 238,000 SQUARE FEET OF GENERAL OFFICE AND 358,540     SQUARE FEET OF DATA CENTER IN THE PLANNED DEVELOPMENT INDUSTRIAL PARK (PDIP) ZONING DISTRICT.                                               CES",PETERSON COMMONWEALTH CENTER,STPR-2007-0032,Approved,Engineering Plan
2008-06-17,"PETERSON/COMMONWEALTH CENTER : REQUEST APPROVAL OF A SITE PLAN REVISION TO PREVIOUSLY APPROVED PLANS (STPR 2007-0032) FOR CONSTRUCTION OF GENERAL OFFICE AND DATA CENTER IN THE PLANNED DEVELOPMENT INDUSTRIAL PARK (PDIP) ZONING DISTRICT.

er",PETERSON/COMMONWEALTH CENTER,STPR-2008-0019,Approved,Engineering Plan
2009-05-04,"EQUINIX AT BEAUMEADE TECHNOLOGY CENTER : REQUEST APPROVAL OF A SITE PLAN REVISION TO REMOVE AN EXISTING FLEX WAREHOUSE BUILDING & REPLACE WITH A  DATA CENTER BUILDING.


CT",EQUINIX AT BEAUMEADE TECHNOLOGY CENTER,STPR-2009-0026,Approved,Engineering Plan
2010-11-19,"BEAUMEADE LOT 31A : REQUEST APPROVAL OF A REVISION TO AN APPROVED SITE PLAN (STMP-2008-0001) TO REVISE THE PROPOSED DATA CENTER AND RELATED INFRASTRUCTURE.


VB",BEAUMEADE LOT 31A,STPR-2010-0045,Approved,Engineering Plan
2011-10-25,BEAUMEADE LOT 28A RAGING WIRE DATA CENTE : REQUEST APPROVAL OF A WAIVER TO THE FACILITIES STANDARD MANUAL (FSM)  TO SECTION 5.220(G)(1) TO WAIVE THE STANDARD MINIMUM EASEMENT WIDTH   IN THE AREA OF THE PROPOSED BUILDING ADDITION.                        DAS,BEAUMEADE LOT 28A RAGING WIRE DATA CENTE,WAIV-2011-0076,Approved,Building and Development Correspondence
2013-10-09,"LOUDOUN METRO DATA CENTERS : REQUEST APPROVAL OF A WAIVER (WAIV) TO THE FACILITIES STANDARDS MANUAL (FSM) SECTION 5.200 CONCERNING DESIGN STANDARDS.


EB",LOUDOUN METRO DATA CENTERS,WAIV-2013-0073,Approved,Building and Development Correspondence
2015-11-23,"LOUDOUN METRO DATA CENTERS LM5-LM8 : REQUEST APPROVAL OF A WAIVER (WAIV) TO THE FACILITIES STANDARDS MANUAL(FSM) SECTION 5.230 TO MODIFY SPECIFICATION NUMBER FIFTEEN (15) AND   THE ABILITY TO UTILIZE A LINER WITHIN PONDS A1 AND B1, IN THE PLANNED DEVELOPMENT-OFFICE PARK (PDOP) AND PLANNED DEVELOPMENT-RESEARCH AND   DEVELOPMENT PARK (PDRDP) ZONING DISTRICTS.                            KI",LOUDOUN METRO DATA CENTERS LM5-LM8,WAIV-2015-0052,Approved,Building and Development Correspondence
2018-03-30,"606 DATA CENTER : REQUEST APPROVAL OF A WAIVER (WAIV) TO THE FACILITIES STANDARDS MANUAL(FSM) SECTION 5.220.B.13.f RELATED TO OUTFALL, IN THE PLANNED         DEVELOPMENT- GENERAL INDUSTRIAL (PDGI) ZONING DISTRICT.               HV",606 DATA CENTER,WAIV-2018-0019,Approved,Building and Development Correspondence
2018-04-30,"606 DATA PARK : REQUEST APPROVAL OF A WAIVER (WAIV) TO THE FACILITIES STANDARDS MANUAL(FSM) SECTION 5.200 TABLE 3, IN THE PLANNED DEVELOPMENT- GENERAL      INDUSTRIAL (PDGI) ZONING DISTRICT.                                    HV",606 DATA PARK,WAIV-2018-0023,In Review,Building and Development Correspondence
2019-04-17,"STERLING 8 DATA CENTER : REQUEST APPROVAL OF A WAIVER (WAIV) TO THE FACILITES STANDARDS MANUAL (FSM) SECTION 5.201 AND 5.220.E.1.b, IN THE PLANNED DEVELOPMENT-      INDUSTRIAL PARK (PDIP) ZONING DISTRICT.                               HV",STERLING 8 DATA CENTER,WAIV-2019-0016,Approved,Building and Development Correspondence
2021-12-15,AREP BEAUMEADE DATA CENTER : REQUEST APPROVAL OF A WAIVER (WAIV) TO THE FACILITIES STANDARDS MANUAL(FSM) SECTION 5.220.E TO WAIVE THE CULVERT BOX PREVIOUSLY PROPOSED TO USE AN AVAILABLE PRODUCT IN THE (PDIP) PLANNED DEVELOPMENT INDUSTRIAL PARK ZONING DISTRICT.                                                 SDM,AREP BEAUMEADE DATA CENTER,WAIV-2021-0050,Denied,Building and Development Correspondence
2022-09-29,"ARCOLA GROVE DATA CENTERS : REQUEST FOR A WAIVER (WAIV) TO THE FACILITIES STANDARDS MANUAL (FSM)  SECTION 5.220.B.13.F RELATED TO STORE SEWERS AND CULVERTS, IN THE     PLANNED DEVELOMPENT- INDUSTRIAL PARK (PDIP) ZONING DISTRICT.          HV",ARCOLA GROVE DATA CENTERS,WAIV-2022-0018,Approved,Building and Development Correspondence
2022-04-14,"DULLES SUMMIT DATA CENTER 1 : Gil Curameng of Bowman Consulting is requesting a waiver from the     requirements of ordinance section 5-1407(B) in accordance with        ordinance section 5-1409(A)(1)(c) for the peripheral parking area     landscaping proposed in the Dulles Summit Data Center 1, LLC site     plan.                                                                 PIN: 045-25-2512 and 045-16-1162.",DULLES SUMMIT DATA CENTER 1,WAIZ-2022-0006,In Review,Zoning Correspondence
2023-04-13,"DATA CENTER AT COMPASS CREEK : Megan Baird of Bohler Engineering VA, LLC is requesting a waiver of   the following design requirements for PIN: 234-38-2603.               Road Corridor Buffers and Setbacks Section 5-1403.A. dictates the     location of Road Corridor Buffers and the placement of associated     planting units. Specifically, regarding the placement of proposed     plants outside of the associated buffer yard width.                     Uses allowed within Buffer Yards and Road Corridor Buffers Section  5-1408.C describes the acceptable site features located within the    required buffer yard width .",DATA CENTER AT COMPASS CREEK,WAIZ-2023-0002,Approved,Zoning Correspondence
2018-04-18,"PROJECT KALE SCREENING DETER : Jerry Dove of Bowman Consulting Group LTD is requesting a             Determination letter on Project Kale, PIN # 194-49-8227, pursuant to  the provisions of Section 5-664(B) of the Revised LC Zoning Ordinance regarding the requirement for Screening of Mechanical Equipment on thedata center development.",PROJECT KALE SCREENING DETER,ZCOR-2018-0073,Approved,Zoning Correspondence
2018-11-13,"COMPASS DATACENTER DETER : Colleen P. Gillis of Cooley, representing Compass Datacenter IAD is   requesting a Determination letter on PIN # 194-10-2562, regarding the affirmation that the relocation and     modification of the interior  road circulation as outlined in Exhibit D may be developed.",COMPASS DATACENTER DETER,ZCOR-2018-0252,Approved,Zoning Correspondence
2020-08-24,"ICSP ARCOLA TREE CANOPY VARIATION DETR : Rich Brittingham of Dewberry is requesting a Tree Canopy Variation on PIN # 162-39-2026, this letter formally requests a variation to the   required tree canopy requirements as allowable per Section 5-1304 of  the Revised 1993 Loudoun County Zoning Ordinance.                     Existing Conditions                                                   The subject property is located west of Loudoun County Parkway, east  of Arcola Mills Drive and south of future Arcola Boulevard. The 63.54 acre property is further identified as PIN # 162-39-2026, is zoned    PD-GI and is developed by-right data center uses under ICSP @ Arcola  site plans (STMP-2015-0006, SPAM-2015-0120, SPAM-2016-0081,           SPAM-2017-0016, SPAM-2017-0110, SPAM-2019, 0022, SPAM-2019-0082 &     STMP-2020-0003 conditionally approved).                               All approved and conditionally approved land development applications have met the required 10% Tree Canopy requirement (6.35 acres). A     significant portion of this canopy (7.98 acres) is in four separate   Tree Conservation areas; see Figure A below. Additional canopy,       totaling 0.58 acres, is installed along site perimeter, interior      parking lot landscaping and small open spaces areas on-site.",ICSP ARCOLA TREE CANOPY VARIATION DETR,ZCOR-2020-0141,Approved,Zoning Correspondence
2022-12-05,"PIN: 234-48-3058 VERIF : Sashenka Brauer of Walsh Colucci is requesting a zoning verification  for PIN: 234-38-2596.                                                 1. That the Property is zoned to the PD-IP (Planned Development -     Industrial Park) zoning    district (the ""PD-IP District"") pursuant tothe Revised 1993 Loudoun County Ordinance;                            2. That a portion of the Property is subject to the proffers of       ZMAP-2021-0012, approved by the Loudoun County Board of Supervisors   (the ""Board"") on September 14, 2022;                                  3. That portions of the Property were remapped to the PD-IP District  pursuant to the Board-initiated rezoning ZMAP-2008-0009, approved by  the Board on October 21, 2008;                                        4. That data centers are a permitted use on the Property;             5. That there are no known or pending zoning or proffer violations    pertaining to the Property; and                                       6. That (i) all approvals and other permits issued to date by the     County were issued in accordance with all applicable state laws,      County ordinances and regulations and (ii) there are no proceedings   pertaining to the Property, either administrative or legislative,     which would in any manner adversely affect the status of the zoning ofthe Property.",PIN: 234-48-3058 VERIF,ZCOR-2022-0313,In Review,Zoning Correspondence
2023-08-15,"Colleen Gillis of Cooley is requesting a zoning verification for 45449 E. Severn Way - PIN: 030-15-5049. 

1. That the Property is zoned to the PD-IP (Planned Development-Industrial Park) district per the Revised 1993 Loudoun County Zoning Ordinance (the ""Zoning Ordinance""), which allows development at an intensity up to a 0.6 Floor Area Ratio by-right pursuant to Section 4-506 of the Zoning Ordinance or at an intensity up to a 1.0 Floor Area Ratio by Special Exception as approved by the Loudoun County Board of Supervisors, pursuant to Section 6-1300 of the Zoning Ordinance;
2 . That the Property is subject to ZRTD-2021 -0009, approved June 21, 2022, and the proffers and concept development plan approved with that application and that there are no other legislative approvals that pertain to the Property;
3. That pursuant to Sections 4-503 and 4-506 of the Zoning Ordinance, a data center use at an intensity up to a 0.6 Floor Area Ratio may be developed by-right on the Property;
4 . That there are no known or pending zoning violations pertaining to the Property; and
5. That (i) all approvals and other permits issued to date by the County were issued in accordance with all applicable state laws, County ordinances and regulations and (ii) there are no proceedings pertaining to the Property, either administrative or legislative, which would in any manner adversely affect the status of the zoning of the Property.",45449 E. Severn Way VERIF,ZCOR-2023-0230,Approved,Zoning Correspondence
2023-08-21,"Erin Swisshelm of Walsh Colucci is requesting a zoning verification request for Loudoun County PIN: 089-49-6246.
1. That the Property is zoned to the PD-OP (Planned Development - Office Park) zoning district pursuant to the Revised 1993 Loudoun County Zoning Ordinance;
2. That data centers are a permitted use on the Property;
3. That the Property is subject to Worldcom/ULJNet ZMAP-1998-0003, including a
Proffer Statement dated June 17, 1998 (the ""Worldcom Proffers"");
4. That the Property may be developed with a density of 0.4 FAR by right, and up to 0.6 FAR by Special Exception;
5. That there are no known or pending zoning or proffer violations pertaining to the
Property; and
6. That (i) all approvals and other permits issued to date by the County were issued in
accordance with all applicable state laws, County ordinances and regulations and (ii)
there are no proceedings pertaining to the Property, either administrative or legislative, which would in any manner adversely affect the status of the zoning of the Property.",PIN: 089-49-6246 DETER,ZCOR-2023-0234,Approved,Zoning Correspondence
2023-12-13,Request the County's confirmation that a data center may develop byright at the Property under the Revised 1993 ZO or the 2023 ZO.,49295 Horseshoe Drive DETER,ZCOR-2023-0325,Approved,Zoning Correspondence
2024-05-31,"John Lightle of Urban Ltd is requesting a buffer yard, interior parking lot landscaping modification request for Vantage VA-16 Data Center - EPLAN-2023-0132.

6/24/2024
Based on the Applicant’s justification and the existing conditions of the subject property, the request to modify the required screening for utility equipment is hereby granted due to space limitations and the location of existing easements. A note must be included on at least one of the landscaping and buffer sheets of the approved plan set of EPLAN-2023-0132 indicating the application number and approval date of this buffer modification.",Vantage VA-16 Buffer,ZCOR-2024-0226,Approved,Zoning Correspondence
2024-10-24,"Erin Swisshelm of Walsh Colucci Lubeley & Walsh is requesting a zoning verification for PIN: 114-46-6446.

11/22/2024
IP - industrial park

LEGI-2023-0048, Belmont Innovation Campus: ZMAP-2022-0021, SPEX-2022-0042, SPMI-2023-0013 and ZMOD-2022-0077, approved April 10, 2024, subject to the Proffer Statement dated March 28, 2024 and the Conditions of Approval dated March 28, 2024. 
EPLAN-2023-0056 (In Review)
EPLAN-2024-0012 (In Review)
EPLAN-2024-0061 (In Review)

Responses to your enumerated requests can be found below:

1. The above referenced property (the ""Property"") is zoned Industrial Park (IP) administered under the Loudoun County Zoning Ordinance.

2. The Property is subject to the Proffer Statement and Concept Development Plan (""CDP"") approved with LEGI-2023-0048: ZMAP-2022-0021, approved by the Loudoun County Board of Supervisors on April 10, 2024.

3. The Property is subject to the Conditions of Approval dated March 28, 2024, approved with ZMOD-2022-0077, SPEX-2022-0042, and SPMI-2023-0013.

4. Pursuant to ZMAP-2022-0021, Proffer I.B. and as depicted on the approved LEGI-2023-0048 CDP, Data Centers are a permitted use on the Property.

5. Pursuant to ZMAP-2022-0021, Proffer I.B., ""Subject to any requisite special exception, the total building square footage for all uses on the Property shall be limited to 1,320,723 square feet.""

6. Pursuant to ZMAP-2022-0021, Proffer I.B., Utility Substations may be developed as shown on the approved LEGI-2023-0048 CDP.

7. SPMI-2023-0013 approved the following modifications: 1) To eliminate the 25-foot buffer yards between proposed utility substations and proposed data center uses on the Property, 2) eliminate the 25-foot buffer yards between proposed utility substations and proposed Transitional Open Space buffer, and 3) reduce plantings and modify the buffer width from 25 feet to 15 feet between the proposed utility substation and the MR-HI zoned property to the south.

8. SPEX-2022-0042 approved the following modification: To allow an FAR up to 1.0 on an individual parcel; however, the total maximum building square footage for all uses on the Property shall not exceed 1,320,723 square feet.

9. ZMOD-2022-0077 approved the following modification: To reduce parking setbacks from 35 feet to 25 feet and building setbacks from 75 feet to 35 feet along Russell Branch Parkway.

10. Please see information below pertaining to zoning violations and Zoning Enforcement cases.

11. According to LandMARC, there are no active appeals regarding any of the approvals for the Property.",PIN: 114-46-6446 VERIF,ZCOR-2024-0345,Approved,Zoning Correspondence
2024-10-24,"Erin Swisshelm of Walsh Colucci Lubeley & Walsh is requesting a zoning verification for PIN: 113-16-3850.

11/25/2024

IP - industrial park

LEGI-2023-0048, Belmont Innovation Campus: ZMAP-2022-0021, SPEX-2022-0042, SPMI-2023-0013 and ZMOD-2022-0077, approved April 10, 2024, subject to the Proffer Statement dated March 28, 2024 and the Conditions of Approval dated March 28, 2024. 
EPLAN-2023-0056 (In Review)
EPLAN-2024-0012 (In Review)
EPLAN-2024-0061 (In Review)

Responses to your enumerated requests can be found below:

1. The above referenced property (the ""Property"") is zoned Industrial Park (IP) administered under the Loudoun County Zoning Ordinance.

2. The Property is subject to the Proffer Statement and Concept Development Plan (""CDP"") approved with LEGI-2023-0048: ZMAP-2022-0021, approved by the Loudoun County Board of Supervisors on April 10, 2024.

3. The Property is subject to the Conditions of Approval dated March 28, 2024, approved with ZMOD-2022-0077, SPEX-2022-0042, and SPMI-2023-0013.

4. Pursuant to ZMAP-2022-0021, Proffer I.B. and as depicted on the approved LEGI-2023-0048 CDP, Data Centers are a permitted use on the Property.

5. Pursuant to ZMAP-2022-0021, Proffer I.B., ""Subject to any requisite special exception, the total building square footage for all uses on the Property shall be limited to 1,320,723 square feet.""

6. Pursuant to ZMAP-2022-0021, Proffer I.B., Utility Substations may be developed as shown on the approved LEGI-2023-0048 CDP.

7. SPMI-2023-0013 approved the following modifications: 1) To eliminate the 25-foot buffer yards between proposed utility substations and proposed data center uses on the Property, 2) eliminate the 25-foot buffer yards between proposed utility substations and proposed Transitional Open Space buffer, and 3) reduce plantings and modify the buffer width from 25 feet to 15 feet between the proposed utility substation and the MR-HI zoned property to the south.

8. SPEX-2022-0042 approved the following modification: To allow an FAR up to 1.0 on an individual parcel; however, the total maximum building square footage for all uses on the Property shall not exceed 1,320,723 square feet.

9. ZMOD-2022-0077 approved the following modification: To reduce parking setbacks from 35 feet to 25 feet and building setbacks from 75 feet to 35 feet along Russell Branch Parkway.

9. ZMOD-2022-0077 approved the following modification: To reduce parking setbacks from 35 feet to 25 feet and building setbacks from 75 feet to 35 feet along Russell Branch Parkway.

10. Please see information below pertaining to zoning violations and Zoning Enforcement cases.

11. According to LandMARC, there are no active appeals regarding any of the approvals for the Property",PIN: 113-16-3850 VERIF,ZCOR-2024-0346,Approved,Zoning Correspondence
2024-10-31,"Blakie Robert of Bock & Clark Corporation is requesting a zoning verification for 43621 Beaver Meadow Road, Sterling - PIN: 092-19-2834.

12/11/2024
GI - general industry

ZMAP-1977-0253, Loudoun County Plan Com-- Dulles Corridor, approved June 6, 1977.
STMP-2020-0008, Digital Dulles Building 7 & 9, approved April 13, 2022.
SPAM-2022-0014, Digital Dulles Building 7 & 9, approved July 19, 2022.
SPAM-2022-0057, Digital Dulles Building 7 & 9, approved, June 13, 2023.
STMP-2023-0003, Digital Dulles Phase 2, approved November 22, 2024.
EPLAN-2024-0018, Digital Dulles Building 7 & 9, active.
EPLAN-2024-0060, Digital Dulles Buildings 1-4, 10, 12, 13, and Substation Pads, active.
LEGI-2024-0071, Digital Dulles, submitted.
The approved uses on the Subject Property are Data Center, which is a by-right use in the GI Zoning District, pursuant to Table 3.02.05-1 and ""Utility substation, dedicated"", which is considered to be Utility, Major under the Loudoun County Zoning Ordinance, a Special Exception use in the GI Zoning District, pursuant to Table 3.02.05-1. The ""Utility substation, dedicated"" use was approved with STMP-2023-0003.
There are no variances or special permits subject to the property.",43621 BEAVER MEADOW RD  VERIF,ZCOR-2024-0361,Approved,Zoning Correspondence
2024-12-06,"Anna Kaye of Venable LLP is requesting a zoning verification for 45365 Vintage Park Plaza - PIN: 046-49-8816.

1/27/2025
IP - industrial park

SPEX-1984-0043, Gateway North Partnership, approved April 15, 1984, subject to Conditions of Approval. 

SPFI-1988-0290, Vintage Park Bldg 3, approved December 2, 1988.

STPL-1999-0028, Three Vintage Park, approved November 29, 1999.

STPL-2019-0042, Loudoun Gateway North Lot 5B Parking, ""In Review"".

Pursuant to Table 3.02.05-1 of the zoning ordinance, ""office"" is either permitted or permitted by special exception subject to the Use-Specific Standards Section 4.04.17. 

Pursuant to Table 3.02.05-1 of the zoning ordinance, ""data center"" is permitted and subject to the Use-Specific Standards Section 4.06.02.",45365 Vintage Park Plaza VERIF,ZCOR-2024-0387,Approved,Zoning Correspondence
2024-12-06,"Anna Kaye of Venable LLP is requesting a zoning verification for 45335 Vintage Park Plaza - PIN: 046-40-2834.

1/29/2025
IP - industrial park

SPEX-1984-0043, Gateway North Partnership, approved April 15, 1984, subject to Conditions of Approval. 

SPFF-1986-0052, Vintage Park, approved September 14, 1987. 

SPAM-2011-0073, REI Systems At One Vintage Park, approved March 7, 2012. 

Pursuant to Table 3.02.05-1 of the zoning ordinance, ""office"" is permitted or permitted by special exception and is subject to the Use-Specific Standards Section 4.04.17. 

Pursuant to Table 3.02.05-1 of the zoning ordinance, ""data center"" is permitted and subject to the Use-Specific Standards Section 4.06.02.",45335 Vintage Park Plaza VERIF,ZCOR-2024-0388,Approved,Zoning Correspondence
2024-12-06,"Anna Kaye of Venable LLP is requesting a zoning verification for 22894 Pacific Boulevard - PIN: 046-39-7979.

1/31/2025
IP - industrial park

SPEX-1984-0043, Gateway North Partnership, approved April 15, 1984, subject to Conditions of Approval. 

ZCON-1994-0001, Gateway North Lots 1 and 20C, approved December 7, 1994. 

STPL-1999-0028, Three Vintage Park, approved November 29, 1999. 

SPAM-2000-0041, Vintage Park, approved April 20, 2000. 

EPLAN-2024-0020, Preliminary Traffic Signal Design for the Intersection of Pacific Boulevard and Indian Creek/Business Court, ""In Review"". 
 
Pursuant to Table 3.02.05-1 of the zoning ordinance, ""office"" use is permitted or permitted by special exception and is subject to the Use-Specific Standards Section 4.04.17. 

Pursuant to Table 3.02.05-1 of the zoning ordinance, ""data center"" use is permitted and subject to the Use-Specific Standards Section 4.06.02.",22894 Pacific Blvd VERIF,ZCOR-2024-0389,Approved,Zoning Correspondence
2024-12-06,"Anna Kaye of Venable LLP is requesting a zoning verification for 45200 Business Court - PIN: 046-39-0682.

1/29/2025

IP - industrial park

SPEX-1984-0043, Gateway North Partnership, approved April 15, 1984, subject to Conditions of Approval. 

ZCON-1994-0001, Gateway North Lots 1 and 20C, approved December 7, 1994. 

STPL-1999-0066, Loudoun Gateway Lot 20D, approved December 23, 1999. 

SPAM-2000-0006, Loudoun Gateway Lot20D, approved January 21, 2000. 

Pursuant to Table 3.02.05-1 of the zoning ordinance, ""office"" use is permitted or permitted by special exception and is subject to the Use-Specific Standards Section 4.04.17. 

Pursuant to Table 3.02.05-1 of the zoning ordinance, ""data center"" use is permitted and subject to the Use-Specific Standards Section 4.06.02.",45200 Business Court VERIF,ZCOR-2024-0390,Approved,Zoning Correspondence
2024-12-06,"Anna Kaye of Venable LLP is requesting a zoning verification for 45195 Business Court - PIN: 046-38-6144.

1/31/2025
IP - industrial park

ZMAP-1988-0005, Loudoun Gateway Floodplain Alteration, approved June 23, 1988, together with the Proffers dated June 23, 1988 and the Preliminary Floodplain Stormwater Management Plan for the Indian Creek Watershed (Exhibit A, on file in the Zoning Administrator's Proffer File) and the Channel Plan ford Indian Creek,(Exhibit A, on file in the Zoning Administrator's Proffer File),  prepared by Gorden Associates, dated February 4, 1988. 

SPEX-1998-0005, Alter Goup II, approved May 18, 1998, subject to Plat. 

STPL-1998-0040, Loudoun Gateway Lot 20B, approved August 31, 1998. 

ZRTD-2020-0001, Business Court, approved July 15, 2020, subject to the Proffer Statement dated May 1, 2020, and based on the Findings for Approval provided as Attachments 1 and 2 to the July 15, 2020 Board of Supervisors Public Hearing Staff Report. 

Pursuant to Table 3.02.05-1 of the zoning ordinance, ""office"" use is permitted or permitted by special exception and is subject to the Use-Specific Standards Section 4.04.17. 

Pursuant to Table 3.02.05-1 of the zoning ordinance, ""data center"" use is permitted and subject to the Use-Specific Standards Section 4.06.02.",45195 Business Court VERIF,ZCOR-2024-0391,Approved,Zoning Correspondence
2024-12-06,"Anna Kaye of Venable LLP is requesting a zoning verification for 45240 Business Court - PIN: 046-39-3547.

1/31/2025
IP (industrial park)
SPEX-1984-0043, Gateway North Partnership, approved April 15, 1984, subject to Conditions of Approval. 

SPFI-1988-0019, Loudoun Gateway Phase 1, approved October 21, 1988. 

SPFI- 1988-0025, Loudoun Gateway Phase 1, approved October 21, 1988. 

SPAM-1998-0070, Loudoun Gateway Phase 1 Lot 20E, approved March 30, 1999. 

EPLAN-2024-0020,  Preliminary Traffic Signal Design for the Intersection of Pacific Boulevard and Indian Creek/Business Court, ""In Review"".

Pursuant to Table 3.02.05-1 of the zoning ordinance, ""office"" use is permitted or permitted by special exception and is subject to the Use-Specific Standards Section 4.04.17. 

Pursuant to Table 3.02.05-1 of the zoning ordinance, ""data center"" use is permitted and subject to the Use-Specific Standards Section 4.06.02.",45240 Business Court VERIF,ZCOR-2024-0392,Approved,Zoning Correspondence
2024-12-06,"Anna Kaye of Venable LLP is requesting a zoning verification for 22870 Pacific Boulevard - PIN: 046-49-7258.

1/31/2025
IP (industrial park)
ZMAP-1988-0005, Loudoun Gateway Floodplain Alteration, approved June 23, 1988, together with the Proffers dated June 23, 1988 and the Preliminary Floodplain Stormwater Management Plan for the Indian Creek Watershed (Exhibit A, on file in the Zoning Administrator's Proffer File) and the Channel Plan ford Indian Creek,(Exhibit A, on file in the Zoning Administrator's Proffer File),  prepared by Gorden Associates, dated February 4, 1988. 

SPFI-1988-0290, Vintage Park Bldg B, approved December 2, 1988. 

STPL-2001-0021, Four Vintage Park Lots 8A & 24B, approved June 11, 2007. 

ZRTD-2014-0002 and SPEX- 2014-0008, The Fairfax Christian School, approved December 10, 2014, subject to the Proffer Statement dated December 2, 2014, the Conditions of Approval dated December 5, 2014, and based on the Finding for Approval includes as Attachment 1 of the supplemental memorandum. 

STPL-2015-0031, Fairfax Christian School, approved August 3, 2017. 

SPAM-2017-0097, Fairfax Christian School, approved December 6, 2017. 

SPAM-2018-0104, Fairfax Christian School, approved March 4, 2019. 
 
Pursuant to Table 3.02.05-1 of the zoning ordinance, ""private school"" use is a minor special exception and subject to Use-Specific Standards Section 4.05.19. The private school use is permitted on the property in accordance with SPEX-2014-0008. 

Pursuant to Table 3.02.05-1 of the zoning ordinance, ""data center"" use is permitted and subject to the Use-Specific Standards Section 4.06.02.",22870 Pacific Blvd VERIF,ZCOR-2024-0393,Approved,Zoning Correspondence
2025-01-29,"Patrick McPartland of Bowman is requesting a zoning determination for Project Aspen located at 20471 Goose Landing Lane, Leesburg - PIN: 194-49-8227. Specifically, that the proposed mechanical yard is located such that there are no adverse impacts on the adjacent properties.

2/21/2025
By way of background, the above referenced property (the “Property”) is split zoned 
Industrial Park (IP) and General Industry (GI) under the Loudoun County Zoning 
Ordinance. The IP portion of the Property is developed with existing data center use. 
The GI portion of the Property (“Project Aspen Site”) is the location of the Project 
Aspen data center that is subject to EPLAN-2024-0139 and this determination 
request. The Project Aspen Site is subject to Zoning Map Amendment (ZMAP)-2019-
0003 and Special Exception (SPEX)-2019-0003, Luck/Hayden/Loudoun Water 
Property approved February 18, 2020. EPLAN-2023-0128, Project Aspen, was 
approved November 15, 2024, for a single data center on the Project Aspen Site. 
EPLAN-2024-0139, Project Aspen, proposes a revision to approved EPLAN-2023-0128 to adjust the mechanical yard on the east side of the proposed Project Aspen data center building per new specifications provided by the Owner.

Staff notes EPLAN-2023-0128 was processed, reviewed, and approved under the land 
use and development regulations prescribed in the Revised 1993 Zoning Ordinance
pursuant to the Resolution of the Board of Supervisors of Loudoun County Virginia, 
Adopting Grandfathering Rules for ZOAM-2020-0001, Zoning Ordinance Rewrite 
(“Grandfathering Resolution”), adopted on December 13, 2023. EPLAN-2024-0138 is 
being processed and reviewed under the land use and development regulations 
prescribed in the Zoning Ordinance since EPLAN-2024-0138 was submitted after 
December 13, 2023 and is subject to the data center use specific standards in Zoning 
Ordinance Section 4.06.02. 

Table 4.06.02-2.b.1.d. of the Zoning Ordinance states the following:
No Screening Requirements Adjacent to Industrially Zoned Property.
As determined by the Zoning Administrator, Data Center Mechanical 
Equipment located in a manner found to have no adverse impact on adjacent 
properties zoned IP, GI, or MR-HI is not required to be screened pursuant to 
Section 4.06.02-2.b.1, except that Data Center Mechanical Equipment must 
be screened from any existing or planned public road.
Per the County’s geographic information system, WebLOGIS, the adjacent parcel 
information is as follows:
North: PIN: 152-25-4491, zoned MR-HI under the Zoning Ordinance. 
East: PIN: 152-26-8334, zoned GI under the Zoning Ordinance. 
South: PIN: 153-35-5865, zoned MR-HI under the Zoning Ordinance. 
West: PIN: 193-18-6982, zoned IP under the Zoning Ordinance. 
The adjacent parcel to the north, PIN: 152-25-4491, is currently vacant. The Project 
Aspen Site contains required buffer yard plantings as well as proffered reforestation 
area #1 along the northern property line. As such, Zoning Administration staff finds 
the mechanical equipment yard is located in a manner found to have no adverse 
impact on the adjacent parcel to the north zoned MR-HI.
The adjacent parcel to the east, PIN: 152-26-8334, is currently vacant. The Project 
Aspen Site contains a proffered Tree Conservation Area along the entirety of the 
eastern property line adjacent to PIN: 152-26-8334. As such, Zoning Administration 
staff finds the mechanical yard is located in a manner found to have no adverse 
impact on the adjacent parcel to the east zoned GI.
The adjacent parcel to the south, PIN: 153-35-5865, is currently improved with an 
existing Water Treatment Plant. Staff notes when EPLAN-2023-0128 was approved, 
a buffer yard was not required between the proposed Project Aspen data center 
(Group 10 buffer use group) and the existing Water Treatment Plant (Group 10 buffer 
use group). However, EPLAN-2023-0128 proposed to retain existing vegetation as 
Tree Conservation Area (Tree Conservation Area 3) along the southern property line 
adjacent to PIN: 153-35-5865. EPLAN-2024-0138 continues to depict Tree 
Conservation Area 3 along the southern property line adjacent to PIN: 153-35-5865. 
As such, Zoning Administration staff finds the mechanical yard is located in a manner 
found to have no adverse impact on the adjacent parcel to the south zoned MR-HI.
In regard to the visual impact on the Dulles Greenway, the southern property line of 
the Project Aspen Site adjacent to the Dulles Greenway contains a proffered Tree 
Conservation Area as depicted on Sheet 3A-C-9700 of EPLAN-2024-0139 and in lineof-sight elevation 03. Additionally, the Project Aspen Site contains proffered 
reforestation area #2 north of said proffered Tree Conservation Area. The Project 
Aspen data center building will also provide screening of the mechanical yard from 
the Dulles Greenway. As such, Zoning Administration staff finds the mechanical yard 
is sufficiently screened from the Dulles Greenway. 
The adjacent parcel to the west, PIN: 193-18-6982, has approved land development 
applications for data center development. Further, the existing data center use 
located on the IP portion of the Property is located between the Project Aspen Site 
and PIN: 193-18-6982. The Project Aspen mechanical yard is located behind the 
Project Aspen data center building to the east. As such, Zoning Administration staff 
finds the mechanical yard is located in a manner found to have no adverse impact on 
the adjacent property to the west zoned IP.",Project Aspen DETER,ZCOR-2025-0024,Approved,Zoning Correspondence
2025-03-27,"Chasitie Langley of the Office of Management & Budget is requesting a proffer determination regarding the use of cash proffers in the amount of $354,020; ZMAP-2022-0007 Vantage Data Center, Sequence #: 99084804. This project provides for the design and construction of the conversion of the existing intersection to a right-in, right-out, left-in configuration. This project was prioritized as a part of the 2020 Intersection Improvement Program Study.",Sterling Blvd Williamsbrg Rd Chase Heritage Cir,ZCOR-2025-0136,Approved,Zoning Correspondence
2025-04-11,"Colleen Gillis of Curata Partners is requesting a zoning determination to confirm permissibility of the development of a utility substation use within existing RSCR encroachment on PIN: 041-39-8662-000.

7/30/2025
The Subject Property is zoned IP, Industrial Park, regulated by the Loudoun County 
Zoning Ordinance (Zoning Ordinance). The Subject Property is located within the 
Airport Impact Overlay District, within one (1) mile of Ldn 60, subject to Zoning 
Ordinance Section 5.02, the Floodplain Overlay District, containing a portion of 
major floodplain, subject to Zoning Ordinance Section 5.03, the Route 28 Corridor, 
within the CO, Corridor Office Optional Overlay, subject to Zoning Ordinance 
Section 5.09, and the River and Stream Corridor Resources (RSCR), subject to 
Zoning Ordinance Section 6.01. 

The Subject Property is associated with site plan (STPL)-2022-0012 and is currently 
conditionally approved for a data center use. At the time of site plan review, the 
Subject Property was zoned PD-IP, Planned Development-Industrial Park, regulated 
by the Revised 1993 Loudoun County Zoning Ordinance. With the approval of 
ZOAM-2020-0001, the Loudoun County Zoning Ordinance (the “Zoning Ordinance”)
was adopted December 13, 2023, impacting the zoning of the Subject Property.
With the adoption of the Zoning Ordinance, the RSCR was established.

The existing grading and retaining walls that are shown on STPL-2022-0012 and 
the related grading permit GRADE-2025-000003 are permitted to encroach into the 
RSCR however, as the Subject Property is now regulated by the Zoning Ordinance 
and subject to the RSCR regulations in Section 6.01, a “utility substation” is not an 
allowable use in the RSCR, pursuant to Table 6.03-1.",Kincora Determination Request - Utility Substation,ZCOR-2025-0182,Approved,Zoning Correspondence
2025-05-13,"Alex Sarant of Gordon is requesting a zoning determination for the construction of additional GFA on an existing data center parcel at 23825 Erins Run Drive, Sterling .

8/21/2025
It is determined and confirmed that the additional data center building #4 you
describe in your request can be added to PIN 124-29-9328 as a permitted use, rather than needing special exception approval, due to Footnote #3 of Zoning Ordinance Table 3.02.05-1, Office and Industrial Zoning Districts Use Table. The Footnote #3 allows “…a site plan or site plan amendment application for minor changes to an approved site plan for a data center use may be permitted without a SPEX approval. Such minor changes are subject to the provisions of Section 10.11.01.H, mutatis mutandis.”",Prologis Park Building 4,ZCOR-2025-0238,Approved,Zoning Correspondence
2025-05-27,"Hilary Russo of B&D is requesting an informal proffer determination for a conservation easement plat (PLAT-2025-0145)  that is pursuant to Proffer VII.J of ZCPA-2020-0003, True North Data.",True Noth Data Center Informal PROF,ZCOR-2025-0261,Approved,Zoning Correspondence
2025-06-05,"Adjustment of Buffer Type C for Data Center use associated with EPLAN-2025-0027 (Section 4.06.02.D.11.a.2 & Section 7.04.03.D.2)

Chase Allen of Urban, Ltd. is requesting a zoning determination for the northern landscape buffers for the Sterling Technology Park site plan at 22400 Shaw Road, Sterling - PIN: 033-45-3879.

8/21/2025
Based on the applicant’s justification and the provisions of Section 7.04.03.D.2, the
applicant’s request to locate buffer segment “D-E” south of the Virginia Gas easement as shown on the buffer exhibit enclosed with ZCOR-2025-0279 is hereby granted. 

After consulting with the County’s Urban Forester and reviewing the applicant’s justification in accordance with Section 4.06.02.D.11.a.2, approval is granted to utilize existing vegetation, supplemented with new plantings, for buffer segment ""E-A,"" without incorporating a 6-foot berm, as depicted on the buffer exhibit enclosed with ZCOR-2025-0279.",Sterling Technology Park DETER,ZCOR-2025-0279,Approved,Zoning Correspondence
2025-10-30,"ZCOR-2025-0418 finds the revisions described in the request, including the adjustment to the location of a retaining wall, drive aisle and related revisions to the building footprint originally subject to EPLAN-2023-0087 allowing a data center use on PIN 045-46-5016, approved on December 2, 2024, can proceed as a permitted use, rather than needing special exception approval. 

The subject property is zoned IP (Industrial Park) under the Loudoun County Zoning Ordinance (Zoning Ordinance) and the status of data centers in that district has changed from a permitted use to a special exception (SPEX) use pursuant to the adoption of ZOAM-2024-0001. Per Section 1.02.E.2.,  “Any lawfully existing use that becomes a Special Exception or Minor Special Exception use in the zoning district in which it is located is deemed to have Special Exception or Minor Special Exception approval, as applicable. Expansion or relocation of such use requires a new Special Exception or Minor Special Exception approval, as applicable.” 

However, Footnote #3 of Zoning Ordinance Table 3.02.05- 1, Office and Industrial Zoning Districts Use Table, Footnote #3 states, “Notwithstanding Section 1.02.E.2, a site plan or site plan amendment application for minor changes to an approved site plan for a data center use may be permitted without a SPEX approval. Such minor changes are subject to the provisions of Section 10.11.01.H, mutatis mutandis,” which is applicable to the proposed improvements. The applicant has met all notice requirements of Section 10.11.01.H.2.b. 

Full details of the request and review are included in the ZCOR letter. 


Bria Burke of Cooley originally requested a minor modification to EPLAN-2025-0149 for 22425 Sous Vide Lane, Sterling - PIN: 045-46-5016:

I am writing with regard to Loudoun County PIN 045-46-5016 (the “Property”), on behalf of 1501 Moran Road Development Owner LLC (the “Owner”), to request your office’s confirmation that the minor changes proposed with the currently in-process data center site plan amendment (EPLAN-2025-0149) for the Property are permitted pursuant to Section 10.11.01.H of the Loudoun County Zoning Ordinance (the “Zoning Ordinance”). As is detailed in Footnote #3 to Table 3.02.05-1 of the Zoning Ordinance, a site plan amendment application for minor changes to an approved site plan for a data center use (such approved site plan being EPLAN-2023-0087 in this case) is permitted without processing a Special Exception application, so long as the proposed changes are in conformance with Section 10.11.01.H of the Zoning Ordinance. 

More specifically, Section 10.11.01.H.2. of the Zoning Ordinance states, “the Zoning Administrator may permit minor changes to an approved Special Exception when such are reasonably necessary to address issues related to topography, drainage, underground utilities, structural safety, final engineering, vehicular circulation, or requirements of government agencies.” As confirmed by County Staff, under this scenario, EPLAN-2023-0087 (the “Approved Site Plan”) operates as the approved “Special Exception” for purposes of Section 10. Therefore, the Owner seeks the Zoning Administrator’s approval of the changes described herein to the Approved Site Plan to be processed as a site plan amendment, as minor changes necessitated by issues related to topography, final engineering, and vehicular circulation. 

As detailed within the plans submitted as part of EPLAN-2025-0149, the amendment proposes to slightly adjust the location of several improvements on the Property from what was originally shown on the Approved Site Plan, including the drive aisle and the building footprint. These changes are necessary following a final engineering analysis, which determined that the retaining wall shown on the Approved Site Plan is not constructible in its initially proposed location. As a result of moving the retaining wall, the originally contemplated location of the nearby drive aisle also requires a minor relocation. A slight shift to the proposed building footprint is in turn required to accommodate the relocation of the retaining wall and drive aisle. Notably, the amendment does not seek to change the size of the building footprint or the building’s square footage.

In all, these modifications are minor in nature and will result in a more efficient and achievable layout for the Property, which is still generally consistent with the intent of the Approved Site Plan. Given the foregoing, the owner of the Property respectfully requests your office’s determination that the modifications proposed with EPLAN-2025-0149 are consistent with Section 10.11.01.H of the Zoning Ordinance and that, accordingly, the site plan amendment can continue to process to final approval.

In accordance with Zoning Ordinance Section 10.11.01.H.2.b.2, prior to action on this request we will provide the Zoning Administrator with an affidavit that demonstrates that the required notice as set forth in Zoning Ordinance Section 10.11.01.H.2.b.1 has been sent.

Given EPLAN-2025-0149 is currently in-process, we would appreciate anything you can do to expediate the review and approval of this request. We will submit the County’s zoning determination request fee electronically.  Should you require any additional information, please don’t hesitate to call me at (703) 456-8572. Thank you in advance for your time.

Best,
Bria",EPLAN-2025-0149,ZCOR-2025-0418,Approved,Zoning Correspondence
2026-01-07,"Christopher Churmusi of Urban Ltd. on behalf of the owner is requesting a zoning determination for the site plan amendment (EPLAN-2024-0178) is proposed to convert the existing flex warehouse use developed per STPL-2021-0019 to a data center. As part of this plan, the existing landscaping and buffers are being replaced or enhanced to meet the requirements of Zoning Ordinance Section 4.06.02.d.11.",22990 Indian Creek Dr DETER,ZCOR-2026-0004,Approved,Zoning Correspondence
2026-02-11,"Reina Hamayama of Bohler Engineering is requesting a determination seeking confirmation that pursuant to Section 4.06.02.D.2.d. of the Zoning Ordinance, the mechanical equipment designed to serve data center at 45757 Maries Road, Sterling (the ""Property""), is located in a manner that has no impact on certain adjacent industrially-zoned parcels to the south of the Property. As such, no additional screening is required for the mechanical equipment beyond the screening proposed with EPLAN-2025-0189.",Dulles North Industrial Park - Lot 4 DETER,ZCOR-2026-0037,Approved,Zoning Correspondence
2026-03-05,Curtis Mason of Gordon is requesting an administrative buffer and Waiver to allow the placement of the required Type C Buffer closer to the proposed data center rather than along two of the three perimeter property lines adjacent to the existing stormwater management (SWM) pond.,Terminal Drive Buffer Waiver,ZCOR-2026-0048,In Review,Zoning Correspondence
2026-05-04,"Christie Grucella of Bohler Engineering is requesting a minor modification to SPEX for Brambleton Tech Park, EPLAN-2026-0053.

Pursuant to Table 3.02.05-1, Footnote #3, “Notwithstanding Section 1.02.E.2, a site plan or site plan amendment application for minor changes to an approved site plan for a data center use may be permitted without a SPEX approval. Such minor changes are subject to the provisions of Section 10.11.01.H, mutatis mutandis.” EPLAN-2026-0053, “Brambleton Tech Park” Site Plan Amendment was accepted for review on June 16, 2026, and is a site plan amendment for the proposed revisions discussed in your May 1, 2026, request letter. As depicted in EPLAN-2026-0053 and detailed in your request letter, the proposed site design changes consist of addition of switchgear equipment; installation of a retaining wall along the western property frontage; minor adjustments to the parking configuration adjacent to the two southern buildings; and changes to the cooling tanks at the end of the building, resulting in minor modifications to the associated drive aisle configuration and on-site circulation. These are the only changes to what was previously approved with STMP-2022-0018. Your letter indicates these changes are necessary to facilitate a functional and constructable site layout based on final engineering and vehicular circulation. 

Section 10.11.01.H.2. allows the Zoning Administrator to permit minor changes to an approved SPEX “when such are reasonably necessary to address issues related to topography, drainage, underground utilities, structural safety, final engineering, vehicular circulation, or requirements of government agencies.” Based on the site revisions described in your May 1, 2026, request letter and as depicted on EPLAN-2026-0053, staff find the site design changes are related to minor changes reasonably necessary to address issues related to final engineering and vehicular circulation. Therefore, the requested minor changes to STMP-2022-0018 are consistent with the provisions of Section 10.11.01.H.2. and are hereby granted as depicted in the exhibit provided with the May 1, 2026, request letter and in EPLAN-2026-0053.

Christie Grucella of Bohler Engineering VA, LLC is requesting a zoning determination seeking confirmation that minor site design changes proposed with the proposed site plan amendment (SPAM) to the previously approved plan STMP-2022-0018, may be adjusted as a matter of right based on prior approvals and the provisions of the Loudoun County Zoning Ordinance (the “2023 Zoning Ordinance”), specifically Table 3.02.05-1 (Footnote 3) and Section 10.11.01.H.

Other tags: CPAM-2024-0001, ZOAM-2024-0001, Data Center, Tech Park at Brambleton, Section 1.02.E.2, retaining wall",Tech Park at Brambleton,ZCOR-2026-0145,Approved,Zoning Correspondence
2026-06-08,"Vantage Data Centers VA3 LLC and Vantage Data Centers VA31 LLC (the “Owner”),  request your office’s confirmation that the minor changes proposed and already reviewed with staff to approved data center site plan STMP-2022-0016 are permitted pursuant to Section 10.11.01.H of the Loudoun County Zoning Ordinance (the “Zoning Ordinance”).",Vantage Data Centers VA31,ZCOR-2026-0181,In Review,Zoning Correspondence
2026-07-07,Colleen Gillis from Curata Partners is requesting a Vested Rights Determination for PINs 202-28-5740 and 202-26-0981 if data centers are vested rights.,JK Tech Park No. 1 Vesting DETER,ZCOR-2026-0188,In Review,Zoning Correspondence
2026-06-29,"Bria Burke of Cooley LLP (on behalf of the owner) is requesting a minor modification to a SPEX, EPLAN-2025-0217.

Centers VA16 LLC (the “Owner”), to request your office’s confirmation that the minor changes proposed with
the currently in-process data center site plan amendment (EPLAN-2025-0217) for the Property are permitted
pursuant to Section 10.11.01.H of the Loudoun County Zoning Ordinance.",Vantage Data Centers VA16,ZCOR-2026-0196,In Review,Zoning Correspondence
2026-07-01,"This ZCOR approves minor changes to an approved Special Exception for Sterling Park Data Center on Davis Drive, PINs 033-385671, 033-38-7850 and 033-39-2929 (to be combined under PLAT-2024-0281). Staff finds the requested changes to EPLAN-2023-0089, as depicted in EPLAN-2026-0086, are minor changes realigning the principal building within an approved building envelope consistent with the provisions of Section 10.11.01.H.2.a.2 of the Loudoun County Zoning Ordinance. [Jean Ault]. See also Table 3.02.05-1 Note #3. Christie Grucella of Bohler Engineering VA, LLC is requesting a zoning determination that the locations of the data center building and associated mechanical yard, located at 22616 Davis Drive, (the “Property”) may be switched with each other as a matter of right based on prior approvals and the provisions that the locations of the data center building and associated mechanical yard, located at 22616 Davis Drive, (the “Property”) may be switched with each other as a matter of right based on prior approvals and the provisions",Davis Drive DETER,ZCOR-2026-0202,Approved,Zoning Correspondence
2026-07-13,"Buddy Rizer of Economic Development is requesting an advisory opinion on the applicability of the February 14, 2000 Zoning Administrator Determination on data center uses today.",Data Centers AO,ZCOR-2026-0210,Approved,Zoning Correspondence
2026-08-03,"Jamie Pulver of PZR is requesting a zoning verification for 45210 Vantage Data Plz, Sterling - PIN: 044-29-2829-001. Our Ref #190921-1 - zoning verification letter and copies of any open/unresolved zoning code violations",45210 Vantage Data Plz VERIF,ZCOR-2026-0234,In Review,Zoning Correspondence
2026-08-14,"Dr. Nathan B. Wangusi is requsting a zoning determination for PINs: 039-47-4460,
039-37-0350, 039-46-6559, 039-45-6733, 039-26-3557, 039-16-8997, 039-17-4565, 057-40-9553, if the following is an allowable use: data center as a  by-right use, without an approved SPEX.

Request for Written Zoning Determination and Objection to By-Right Processing of Site Plan
Application EPLAN-2026-0110 (“Bridgefield Tech Center”); Tax PINs 039366681, 039474460,
039370350, 039466559, 039456733, 039263557, 039168997, 039174565, 057409553; Broad Run
Election District",45415 Leesburg Pike DETER,ZCOR-2026-0246,In Review,Zoning Correspondence
2026-08-17,"Ben Wales of Curata Partners is requesting a zoning determination for 24141 Upper Woodside Lane, Sterling - PIN: 162-39-2026-000 if additional floor area can be added to an existing building on the Property pursuant to Section 10.11.01.H.

Zoning determination request seeking confirmation that an existing data center building can be expanded pursant to Section 10.11.01.H of the Zoning Ordinance.",24141 Upper Woodside Ln DETER,ZCOR-2026-0256,In Review,Zoning Correspondence
2019-05-01,"TUSCARORA CROSSING : A Zoning Concept Plan Amendment to amend the Proffers and Concept     Development Plan associated with ZMAP-2012-0011 to allow additional   Floor Area Ratio (FAR) for a Data Center on Land Bay 3 and to change  the designation of Land Bay 6 from PD-H4, PD-CC-CC to PD-H4, R-16     (ADU) to allow for 234 Affordable Dwelling Units.",TUSCARORA CROSSING,ZCPA-2019-0010,Approved,Zoning Concept Plan Amendment
2020-04-09,"TRUE NORTH DATA : A Zoning Concept Plan Amendment (ZCPA) to amend the Proffers and      clarify a note on Sheet 4 of the Concept Development Plan to allow    building height up to 58 feet, associated with ZMAP-2017-0003,        ZMOD-2017-0011, and SPMI-2017-0020.",TRUE NORTH DATA,ZCPA-2020-0003,Approved,Zoning Concept Plan Amendment
2020-11-23,WATERSIDE NORTH : A Zoning Concept Plan Amendment (ZCPA) to amend the Proffers and      Concept Development Plan associated with ZMAP-2018-001 to allow       revisions of the Data Centers and Utility Substation layout (see      ZCOR-2020-0147) and timing of transportation improvements/triggers.,WATERSIDE NORTH,ZCPA-2020-0014,Approved,Zoning Concept Plan Amendment
2023-07-26,"See LEGI-2023-0077 for all documents, timelines and workflow - ZEBRA EAST : A ZCPA applicaiton to amend a proffer statement associated with       ZMAP-1998-0003 to permit additional FAR, and to  develop data center  uses.",ZEBRA EAST,ZCPA-2023-0005,Approved,Zoning Concept Plan Amendment
2026-06-26,"SEE LEGI-2026-0019 FOR DOCUMENTS, TIMELINE AND WORKFLOW. Relocation Drive Data Center - A Zoning Concept Plan Amendment and Special Exception to permit the redevelopment of existing Data Center uses at a 0.86 FAR.",Relocation Drive Data Center,ZCPA-2026-0008,In Review,Zoning Concept Plan Amendment
2008-06-19,EQUINIX DATA CENTER : A Zoning Map Amendment to rezone from the 1972 Zoning Ordinance PD-IP to the Revised 1993 Zoning Ordinance PD-IP.,EQUINIX DATA CENTER,ZMAP-2008-0013,Approved,Zoning Map Amendment
2008-09-15,"STONEWALL SECURE BUSINESS PARK : Rezone 193 acres from TR-10 to PD-IP to allow up to 3.9 million       square feet of restricted access data center, office, and light       industrial uses.",STONEWALL SECURE BUSINESS PARK,ZMAP-2008-0017,Approved,Zoning Map Amendment
2017-04-17,TRUE NORTH DATA : Rezone 105 acres to PD-OP to allow data center uses.,TRUE NORTH DATA,ZMAP-2017-0003,Approved,Zoning Map Amendment
2017-09-13,QUARRY COMMERCE CENTER : ZMAP to convert form CLI and MR-HI zoning to PD-GI under the Revised  1993 ZO for data centers.,QUARRY COMMERCE CENTER,ZMAP-2017-0004,Approved,Zoning Map Amendment
2018-11-05,WATERSIDE NORTH : A Zoning Map Amendment to rezone Land Bay B from PD-CC(SC) to the     PD-IP and replace the Proffers and Concept Development Plan associatedwith ZMAP-2012-0006 for the development of Data Centers.,WATERSIDE NORTH,ZMAP-2018-0011,Approved,Zoning Map Amendment
2018-12-17,JK TECHNOLOGY PARK #1 : A Zoning Map Amendment to rezone approximately 71.5-acres from CR-1   and R-1 Zoning Districts to PD-IP for an Industrial Park for Office   and Data Center uses.,JK TECHNOLOGY PARK #1,ZMAP-2018-0015,Approved,Zoning Map Amendment
2019-01-28,LUCK/HAYDEN/LOUDOUN WATER PROPERTY : A Zoning Map amendment to rezone from PD-IP and MR-HI Zoning Districtsto PD-GI for data centers and other PD-GI uses.,LUCK/HAYDEN/LOUDOUN WATER PROPERTY,ZMAP-2019-0003,Approved,Zoning Map Amendment
2019-08-27,JK TECHNOLOGY PARK #2 : A Zoning Map Amendment to rezone approximately 19.95 acres from CR-1 &RC to PD-IP for the development of PD-IP uses such as flex-office or  data centers.,JK TECHNOLOGY PARK #2,ZMAP-2019-0015,Approved,Zoning Map Amendment
2019-08-27,JK TECHNOLOGY PARK #3 : A Zoning Map Amendment to rezone approximately 21.23 acres from RC to PDIP to develop an Industrial Park for permitted PD-IP uses such as   Office or Data Center.,JK TECHNOLOGY PARK #3,ZMAP-2019-0016,Approved,Zoning Map Amendment
2019-09-23,H&M PROPERTY : A Zoning Map Amendment to rezone approximately 100.18 acres from MR-HIunder the Revised 1993 Loudoun County Zoning District to PD-GI Zoning District under the Revised 1993 Loudoun County Zoning Ordinance to    allow the development of Data Center uses pursuant to Section         4-603(QQ).,H&M PROPERTY,ZMAP-2019-0017,Approved,Zoning Map Amendment
2020-04-13,"BRAMBLETON SOUTH INDUSTRIAL PROPERTIES : A Zoning Map Amendment to rezone approximately 160 acres of property  from CR-1, PD-GI and PD-H4 zoning districts to the PD-IP zoning       district for the development of data center.",BRAMBLETON SOUTH INDUSTRIAL PROPERTIES,ZMAP-2020-0003,Approved,Zoning Map Amendment
2020-11-25,DULLES 28 TECHNOLOGY PARK : 39.819 A Zoning Map Amendment to rezone approximately 39.819 acres    from PD-CH                                                            under the 1972 Zoning Ordinance and PD-CC-RC under the Revised 1993   Loudoun County Zoning Ordinance to PD-IP to allow the development of  data center and other PD-IP uses.,DULLES 28 TECHNOLOGY PARK,ZMAP-2020-0015,Approved,Zoning Map Amendment
2021-09-08,45865 MARIES RD REZONING : A Zoning Map Amendment to rezone 10 acres from A-3 to PD-IP and a     Special Exception to permit a maximum 1.0 FAR for data center use.,45865 MARIES RD REZONING,ZMAP-2021-0014,Approved,Zoning Map Amendment
2021-10-15,"FIREFOX DULLES : A Zoning Map Amendment ( ZMAP ) to rezone the parcel to the Planned   Development-Industrial Park ( PD-IP ) zoning district to allow the    development of data center                                            uses the Property up to an FAR of 0.6, and a Special Exception (SPEX) to increase the FAR to                                                1.0",FIREFOX DULLES,ZMAP-2021-0018,Approved,Zoning Map Amendment
2022-04-18,VANTAGE DATA CENTER : A Zoning Map Amendment application to bring all seven parcels within  the PD-IP district governed by the most updated version of the Revised1993 Loudoun County Zoning Ordinance.,VANTAGE DATA CENTER,ZMAP-2022-0007,Approved,Zoning Map Amendment
2022-05-25,"ALIGNED ENERGY DATA CENTER : A Zoning Map Amendment to rezoning the Property from R-1 to PD-OP,    which allows data center uses by-right",ALIGNED ENERGY DATA CENTER,ZMAP-2022-0008,Approved,Zoning Map Amendment
2023-07-10,"See LEGI-2023-0071 for all documents, timelines and workflow - ARCOLA GROVE REZONING : A Zoning Map Amendment to rezone approximately 30 acres to build a    Utility Transmission Substation and data center. Four of the parcels  comprising the property are zoned Planned Development-Industrial Park (PD-IP) under the Revised 1993 Loudoun County Zoning Ordinance. The   other two parcels comprising the remainder of the property are zoned  Rural Commercial (RC). the entire Property to the PD-IP.",ARCOLA GROVE REZONING,ZMAP-2023-0005,Approved,Zoning Map Amendment
2024-09-04,"See LEGI-2024-0039 for all documents, timeline, and workflow – DULLES DISTRIBUTION CENTER 1 & 2: A Zoning Conversion in the Route 28 Tax District of a 32.48-acre property to the Industrial Park (IP) for all IP uses, including data centers.",Dulles Distribution Center Phase 1 and 2,ZMAP-2024-0013,In Review,Zoning Map Amendment
2026-02-19,"GLENN DRIVE NORTH & SOUTH

ZMAP-2024-0002: A Zoning Conversion in the Route 28 Tax District of 42.3 acres from the Planned Development–Industrial Park (PD-IP) Zoning District under the 1972 Zoning Ordinance to the Industrial Park (IP) Zoning District under the Zoning Ordinance.

SPEX-2024-0010: A Special Exception to allow for a 1.0 floor area ratio (FAR) of data centers uses.

SPEX-2024-0062: A Special Exception to permit a Utility Substation on PIN # 033-29-0948-000.

SPEX-2024-0065: A Special Exception to permit a Utility Substation on PIN # 033-17-9880-000.

SPEX-2024-0116: A Minor Special Exception to permit Energy Storage, Utility Scale use.",Glenn Drive North & South,ZMAP-2026-0001,In Review,Zoning Map Amendment
2017-04-17,TRUE NORTH DATA : Modification to allow the required canopy coverage.,TRUE NORTH DATA,ZMOD-2017-0011,Approved,Zoning Modification
2022-05-25,ALIGNED ENERGY DATA CENTER : A Zoning Modification pursuant to Section 4-306(B) Building           Height.Modification to allow for a 99.5-foot building within the      58-foot setback from Sterling Boulevard.,ALIGNED ENERGY DATA CENTER,ZMOD-2022-0028,Approved,Zoning Modification
2022-10-28,ALIGNED ENERGY DATA CENTER : A Zoning Modification to modify Section 5-664 Data Center 1. (D)(1)   Pedestrian and Bicycle   Facilities. 2. To modify Section 5-664(E)(2) Landscaping/Buffering/Screening. The applicant proposes to modify thisstandard by replacing the Road Corridor Buffer Type 3 and six-foot    earthen berm required for Data Centers with the road corridor buffer  types required under Section 5-1403(B) for South Sterling Boulevard   (Type 2 Buffer) and Relocation Drive (Type 1 Buffer).3. To modify     Section 5-644 Data Center (E)(3) Landscaping/Buffering/Screening.  Theapplicant proposes to modify this standard by providing plant types   and percentages of plant units required under Section 5-1408(B)(2) in lieu of the required plant types and percentages of plant units       specified for Data Centers.,ALIGNED ENERGY DATA CENTER,ZMOD-2022-0083,Approved,Zoning Modification
2013-04-02,"DATA CENTER & MISC COMMERCIAL/INDUSTRIAL: Amendments to define, list and establish performance standards for data centers; amend floor area ratio (FAR); selected Package 1 issues that were forwarded to Package 2",DATA CENTER & MISC COMMERCIAL/INDUSTRIAL,ZOAM-2013-0003,Approved,Zoning Ordinance Amendment
2016-02-23,"DATA CENTER AS SPECIAL EXCEPTION USE-CLI: ZOAM TO RECLASSIFY THE USE "" DATA CENTER"" FROM A PERMITTED USE TO A SPECIAL EXCEPTION USE IN THE COMMERCIAL LIGHT INDUSTRIAL (CLI) ZONING DISTRICT.",DATA CENTER AS SPECIAL EXCEPTION USE-CLI,ZOAM-2016-0002,Approved,Zoning Ordinance Amendment
2024-02-06,Zoning Ordinance Amendment for Data Center Standards and Locations. For more information and Documentation please see CPAM-2024-0001,Data Center Standards & Locations,ZOAM-2024-0001,Approved,Zoning Ordinance Amendment
2025-09-16,Zoning Ordinance Amendment - Data Center Standards and Locations Phase 2 - For more information and documentation please see CPAM-2025-0001.,Data Center Standards and Locations Phase 2,ZOAM-2025-0002,In Review,Zoning Ordinance Amendment
2017-12-15,"21673 BEAUMEADE CIRCLE, LLC : A ZRTD to convert from PDIP under the 1993 ZO to PDIP under the       Revised 1993 ZO.  A Special Exception to allow a FAR increase up to a 1.0 for data center use.","21673 BEAUMEADE CIRCLE, LLC",ZRTD-2017-0016,Approved,Zoning Map Amendment
2021-09-20,1501 MORAN ROAD : A Zoning Conversion to convert the property to PD-IP district pursuantto the  Revised 1993 Zoning Ordinance and a Special Exception to      increase                                                              density to1.0 FAR considering developing with data center use.,1501 MORAN ROAD,ZRTD-2021-0008,Approved,Zoning Map Amendment
2023-02-16,VANTAGE DATA CENTER - BROAD RUN : A Zoning Conversion in the Route 28 Tax District to increase the      development potential by allowing all permitted uses in the PD-IP     District under the Revised 1993 Zoning Ordinance.,VANTAGE DATA CENTER - BROAD RUN,ZRTD-2023-0001,Approved,Zoning Map Amendment
