priority,fips,county_name,state,conflict,label_provenance,evidence_grade,basis_records,census_instrument,census_date,census_status,mn_moratorium_id,mn_legal_basis,search_hint,evidence_family,source_id,result,evidence_url,observed_at,in_force_as_of,detail
1,01103,"Morgan County, Alabama",AL,label_positive_circular_support,census_only,D,Morgan County moratorium | 2026-06-23 | active | https://mjbommar.github.io/moratorium-data-2026/states/alabama.html,moratorium,2026-06-23,active,al-morgan-county-2026,"Morgan County Commission Resolution 26-302, 'Resolution Establishing Temporary One-Year Moratorium on All Property Development, Construction, and Operation of Data Center Campuses and Similar High-Impact Facilities in the Unincorporated Res","""Morgan County"" AL ""Morgan County Commission Resolution 26-302, 'Resolution Esta"" site:.gov OR minutes OR agenda",,,,,,,
1,05063,"Independence County, Arkansas",AR,label_positive_circular_support,census_only,D,Independence County moratorium | 2026-08-10 | active | https://mjbommar.github.io/moratorium-data-2026/states/arkansas.html,moratorium,2026-08-10,active,ar-independence-county-2026,"Ordinance No. 2026-21, adopted with an emergency clause","""Independence County"" AR ""Ordinance No. 2026-21, adopted with an emergency clause"" site:.gov OR minutes OR agenda",,,,,,,
1,05087,"Madison County, Arkansas",AR,label_positive_circular_support,census_only,D,Madison County moratorium | 2026-08-17 | active | https://mjbommar.github.io/moratorium-data-2026/states/arkansas.html,moratorium,2026-08-17,active,ar-madison-county-2026,"Ordinance approved by the Madison County Quorum Court, 8-0 vote, Aug. 17, 2026 (instrument number not located in sources reviewed)","""Madison County"" AR ""Ordinance approved by the Madison County Quorum Court, 8-0 v"" site:.gov OR minutes OR agenda",,,,,,,
1,06009,"Calaveras County, California",CA,label_positive_circular_support,census_only,D,Calaveras County moratorium | 2026-08-25 | active | https://mjbommar.github.io/moratorium-data-2026/states/california.html,moratorium,2026-08-25,active,ca-calaveras-county-2026,"Urgency ordinance (Govt. Code 65858), countywide moratorium on data centers","""Calaveras County"" CA ""Urgency ordinance (Govt. Code 65858), countywide moratorium "" site:.gov OR minutes OR agenda",,,,,,,
1,06045,"Mendocino County, California",CA,label_positive_circular_support,census_only,D,Mendocino County moratorium | 2026-09-01 | active | https://mjbommar.github.io/moratorium-data-2026/states/california.html,moratorium,2026-09-01,active,ca-mendocino-county-2026,"Urgency ordinance barring new data centers (hyperscale, colocation, cloud, AI training/inference, HPC, crypto mining) in the unincorporated county","""Mendocino County"" CA ""Urgency ordinance barring new data centers (hyperscale, colo"" site:.gov OR minutes OR agenda",,,,,,,
1,06107,"Tulare County, California",CA,label_positive_circular_support,census_only,D,Tulare County moratorium | 2026-08-18 | extended | https://mjbommar.github.io/moratorium-data-2026/states/california.html,moratorium,2026-08-18,extended,ca-tulare-county-2026,Interim ordinance (Govt. Code 65858) on acceptance/processing/approval of permits for large-scale data centers in unincorporated county,"""Tulare County"" CA ""Interim ordinance (Govt. Code 65858) on acceptance/processin"" site:.gov OR minutes OR agenda",,,,,,,
1,08007,"Archuleta County, Colorado",CO,label_positive_circular_support,census_only,D,Archuleta County moratorium | 2026-06-16 | active | https://mjbommar.github.io/moratorium-data-2026/states/colorado.html,moratorium,2026-06-16,active,co-archuleta-county-2026,"Archuleta County Resolution 2026-47, unanimously adopted at the June 16, 2026 Board of County Commissioners meeting in Arboles, per the Pagosa Springs Sun's detailed report of that meeting (which quotes the resolution's own operative text).","""Archuleta County"" CO ""Archuleta County Resolution 2026-47, unanimously adopted at "" site:.gov OR minutes OR agenda",meeting_portal,county_site,hit,https://www.archuletacounty.gov/wp-content/uploads/06-16-2026R.pdf,2026-09-28,2026-06-16,BOCC proceedings 2026-06-16: motion to adopt Resolution 2026-47 establishing six-month moratorium on data center facilities carried unanimously
1,08029,"Delta County, Colorado",CO,label_positive_circular_support,census_only,D,Delta County moratorium | 2026-07-07 | active | https://mjbommar.github.io/moratorium-data-2026/states/colorado.html,moratorium,2026-07-07,active,co-delta-county-2026,Delta County Resolution R-18,"""Delta County"" CO ""Delta County Resolution R-18"" site:.gov OR minutes OR agenda",,,,,,,
1,08059,"Jefferson County, Colorado",CO,label_positive_circular_support,census_only,D,Jefferson County moratorium | 2026-05-19 | active | https://mjbommar.github.io/moratorium-data-2026/states/colorado.html,moratorium,2026-05-19,active,co-jefferson-county-2026,"Jefferson County Board of County Commissioners action taken at a public hearing on May 19, 2026, per the County's own official jeffco.us news release; a numbered resolution/ordinance citation was not published in that release or located els","""Jefferson County"" CO ""Jefferson County Board of County Commissioners action taken "" site:.gov OR minutes OR agenda",,,,,,,
1,08085,"Montrose County, Colorado",CO,label_positive_circular_support,census_only,D,Montrose County moratorium | 2026-07-01 | active | https://mjbommar.github.io/moratorium-data-2026/states/colorado.html,moratorium,2026-07-01,active,co-montrose-county-2026,Montrose County Resolution Number 23-2026,"""Montrose County"" CO ""Montrose County Resolution Number 23-2026"" site:.gov OR minutes OR agenda",,,,,,,
1,08095,"Phillips County, Colorado",CO,label_positive_circular_support,census_only,D,Phillips County moratorium | 2026-02-27 | extended | https://mjbommar.github.io/moratorium-data-2026/states/colorado.html,moratorium,2026-02-27,extended,co-phillips-county-2026,"Resolution 2026-02-27-01, extended by BOCC vote 2026-08-20","""Phillips County"" CO ""Resolution 2026-02-27-01, extended by BOCC vote 2026-08-20"" site:.gov OR minutes OR agenda",,,,,,,
1,12005,"Bay County, Florida",FL,label_positive_circular_support,census_only,D,Bay County moratorium | 2026-07-07 | active | https://mjbommar.github.io/moratorium-data-2026/states/florida.html,moratorium,2026-07-07,active,fl-bay-county-2026,Bay County Board of County Commissioners ordinance (specific ordinance number not located in reviewed sources); adopted 2026-07-07.,"""Bay County"" FL ""Bay County Board of County Commissioners ordinance (specific"" site:.gov OR minutes OR agenda",,,,,,,
1,12035,"Flagler County, Florida",FL,label_positive_circular_support,census_only,D,Flagler County moratorium | 2026-08-03 | active | https://mjbommar.github.io/moratorium-data-2026/states/florida.html,moratorium,2026-08-03,active,fl-flagler-county-2026,Flagler County ordinance (adopted on second reading 2026-08-03; specific ordinance number not located in reviewed sources).,"""Flagler County"" FL ""Flagler County ordinance (adopted on second reading 2026-08-"" site:.gov OR minutes OR agenda",,,,,,,
1,12037,"Franklin County, Florida",FL,label_positive_circular_support,census_only,D,Franklin County moratorium | 2026-07-15 | active | https://mjbommar.github.io/moratorium-data-2026/states/florida.html,moratorium,2026-07-15,active,fl-franklin-county-2026,Franklin County Board of County Commissioners ordinance (specific ordinance number not located in reviewed sources); adopted 2026-07-15.,"""Franklin County"" FL ""Franklin County Board of County Commissioners ordinance (spe"" site:.gov OR minutes OR agenda",,,,,,,
1,12069,"Lake County, Florida",FL,label_positive_circular_support,census_only,D,Lake County moratorium | 2026-09-08 | active | https://mjbommar.github.io/moratorium-data-2026/states/florida.html,moratorium,2026-09-08,active,fl-lake-county-2026,Lake County ordinance citing Senate Bill 484 local authority (specific ordinance number not located in reviewed sources); adopted 2026-09-09.,"""Lake County"" FL ""Lake County ordinance citing Senate Bill 484 local authority"" site:.gov OR minutes OR agenda",,,,,,,
1,12081,"Manatee County, Florida",FL,label_positive_circular_support,census_only,D,Manatee County moratorium | 2026-09-22 | active | https://mjbommar.github.io/moratorium-data-2026/states/florida.html,moratorium,2026-09-22,active,fl-manatee-county-2026,Manatee County Ordinance No. 26-42,"""Manatee County"" FL ""Manatee County Ordinance No. 26-42"" site:.gov OR minutes OR agenda",,,,,,,
1,12083,"Marion County, Florida",FL,label_positive_circular_support,census_only,D,Marion County moratorium | 2026-09-15 | active | https://mjbommar.github.io/moratorium-data-2026/states/florida.html,moratorium,2026-09-15,active,fl-marion-county-2026,Marion County Board of County Commissioners ordinance (specific ordinance number not located in reviewed sources); adopted 2026-09-15.,"""Marion County"" FL ""Marion County Board of County Commissioners ordinance (speci"" site:.gov OR minutes OR agenda",,,,,,,
1,12101,"Pasco County, Florida",FL,label_positive_circular_support,census_only,D,Pasco County moratorium | 2026-07-14 | active | https://mjbommar.github.io/moratorium-data-2026/states/florida.html,moratorium,2026-07-14,active,fl-pasco-county-2026,Pasco County ordinance (signed ordinance number and exact expiration date not located in reviewed sources).,"""Pasco County"" FL ""Pasco County ordinance (signed ordinance number and exact ex"" site:.gov OR minutes OR agenda",,,,,,,
1,12107,"Putnam County, Florida",FL,label_positive_circular_support,census_only,D,Putnam County moratorium | 2026-09-08 | active | https://mjbommar.github.io/moratorium-data-2026/states/florida.html,moratorium,2026-09-08,active,fl-putnam-county-2026,Ordinance (medium- and large-scale data center moratorium); ordinance number not confirmed in sources reviewed,"""Putnam County"" FL ""Ordinance (medium- and large-scale data center moratorium); "" site:.gov OR minutes OR agenda",,,,,,,
1,12133,"Washington County, Florida",FL,label_positive_circular_support,census_only,D,Washington County moratorium | 2026-08-20 | active | https://mjbommar.github.io/moratorium-data-2026/states/florida.html,moratorium,2026-08-20,active,fl-washington-county-2026,Washington County ordinance (specific ordinance number not located in reviewed sources); adopted 2026-08-20.,"""Washington County"" FL ""Washington County ordinance (specific ordinance number not l"" site:.gov OR minutes OR agenda",,,,,,,
1,13001,"Appling County, Georgia",GA,label_positive_circular_support,census_only,D,Appling County moratorium | 2026-08-04 | expired | https://mjbommar.github.io/moratorium-data-2026/states/georgia.html,moratorium,2026-08-04,expired,ga-appling-county-2026,"Appling County Board of Commissioners Resolution declaring a temporary 40-day emergency moratorium on data center facilities (electrical permits, conditional use permits, development permits, site plans, building permits) in unincorporated ","""Appling County"" GA ""Appling County Board of Commissioners Resolution declaring a"" site:.gov OR minutes OR agenda",,,,,,,
1,13011,"Banks County, Georgia",GA,label_positive_circular_support,census_only,D,Banks County moratorium | 2026-08 | extended | https://mjbommar.github.io/moratorium-data-2026/states/georgia.html,moratorium,2026-08,extended,ga-banks-county-2026,"Banks County Board of Commissioners initial 30-day emergency moratorium on data center applications (August 2026, to update the county code), superseded by a 180-day moratorium; extended alongside a companion R-1 zoning moratorium at a meet","""Banks County"" GA ""Banks County Board of Commissioners initial 30-day emergency"" site:.gov OR minutes OR agenda",,,,,,,
1,13027,"Brooks County, Georgia",GA,label_positive_circular_support,census_only,D,Brooks County | 2026-02-02 | active | https://mjbommar.github.io/moratorium-data-2026/states/georgia.html,moratorium,2026-02-02,active,ga-brooks-county-2026,Resolution 26-R-01,"""Brooks County"" GA ""Resolution 26-R-01"" site:.gov OR minutes OR agenda",,,,,,,
1,13051,"Chatham County, Georgia",GA,label_positive_circular_support,census_only,D,Chatham County moratorium | 2026-09-11 | active | https://mjbommar.github.io/moratorium-data-2026/states/georgia.html,moratorium,2026-09-11,active,ga-chatham-county-2026,"Ordinance of the Chatham County Board of Commissioners creating new subsection 3-102 of Article I, imposing a temporary moratorium on development or conversion activity for large-scale data centers (10 MW or greater) and prohibiting convers","""Chatham County"" GA ""Ordinance of the Chatham County Board of Commissioners creat"" site:.gov OR minutes OR agenda",,,,,,,
1,13071,"Colquitt County, Georgia",GA,label_positive_circular_support,census_only,D,Colquitt County moratorium | 2026-06-02 | extended | https://mjbommar.github.io/moratorium-data-2026/states/georgia.html,moratorium,2026-06-02,extended,ga-colquitt-county-2026,"Colquitt County Commission moratorium on construction of data centers (and cryptocurrency mining centers under the planned ordinance), proposed by County Attorney Lester Castellow; extended 2026-09-01","""Colquitt County"" GA ""Colquitt County Commission moratorium on construction of dat"" site:.gov OR minutes OR agenda",,,,,,,
1,13087,"Decatur County, Georgia",GA,label_positive_circular_support,census_only,D,Decatur County | 2026-04-14 | active | https://mjbommar.github.io/moratorium-data-2026/states/georgia.html,moratorium,2026-04-14,active,ga-decatur-county-2026,"Decatur County Board of Commissioners moratorium adopted at the April 14, 2026 regular meeting. Per the county's signed minutes: County Attorney Kirbo recommended a moratorium on the issuance of building permits, plan reviews, and prelimina","""Decatur County"" GA ""Decatur County Board of Commissioners moratorium adopted at "" site:.gov OR minutes OR agenda",,,,,,,
1,13147,"Hart County, Georgia",GA,label_positive_circular_support,census_only,D,Hart County moratorium | 2026-05-26 | active | https://mjbommar.github.io/moratorium-data-2026/states/georgia.html,moratorium,2026-05-26,active,ga-hart-county-2026,Board of Commissioners vote (5-0) imposing a 180-day moratorium on construction of data centers,"""Hart County"" GA ""Board of Commissioners vote (5-0) imposing a 180-day morator"" site:.gov OR minutes OR agenda",meeting_portal,county_site,hit,https://www.hartcountyga.gov/documents/bocminutes/REG%20MTG%20MIN%205.26.26.pdf,2026-09-28,2026-05-26,BOC motion for 180-day moratorium on construction of data centers carried 5-0 on 2026-05-26; regular meeting minutes
1,13195,"Madison County, Georgia",GA,label_positive_circular_support,census_only,D,Madison County moratorium | 2026-08-03 | extended | https://mjbommar.github.io/moratorium-data-2026/states/georgia.html,moratorium,2026-08-03,extended,ga-madison-county-2026,"Madison County Board of Commissioners moratorium actions (30-day moratorium, early August 2026; extended/readopted 2026-08-31); instrument numbers not published","""Madison County"" GA ""Madison County Board of Commissioners moratorium actions (30"" site:.gov OR minutes OR agenda",,,,,,,
1,13199,"Meriwether County, Georgia",GA,label_positive_circular_support,census_only,D,Meriwether County moratorium | 2026-02-24 | extended | https://mjbommar.github.io/moratorium-data-2026/states/georgia.html,moratorium,2026-02-24,extended,ga-meriwether-county-2026,"Meriwether County Board of Commissioners moratorium on data center applications in unincorporated areas, extended by action of 2026-07-28 (instrument numbers not published)","""Meriwether County"" GA ""Meriwether County Board of Commissioners moratorium on data "" site:.gov OR minutes OR agenda",,,,,,,
1,13223,"Paulding County, Georgia",GA,label_positive_circular_support,census_only,D,Paulding County moratorium | 2026-07-28 | active | https://mjbommar.github.io/moratorium-data-2026/states/georgia.html,moratorium,2026-07-28,active,ga-paulding-county-2026,"Paulding County Board of Commissioners resolution suspending new data center applications, zoning requests, and civil plan reviews","""Paulding County"" GA ""Paulding County Board of Commissioners resolution suspending"" site:.gov OR minutes OR agenda",,,,,,,
1,13233,"Polk County, Georgia",GA,label_positive_circular_support,census_only,D,Polk County | 2026-03-03 | active | https://mjbommar.github.io/moratorium-data-2026/states/georgia.html,moratorium,2026-03-03,active,ga-polk-county-2026,"Board of Commissioners action item 2 of 2026-03-03 Regular Meeting: ""Consider an Ordinance Amendment to add 'Chapter 33 - Data Centers' to the official County Code of Ordinances regulating any future data centers. Approved with the addition","""Polk County"" GA ""Board of Commissioners action item 2 of 2026-03-03 Regular M"" site:.gov OR minutes OR agenda",meeting_portal,county_site,hit,"https://cms2.revize.com/revize/polkcountyga/Regular%20Meeting%20Minutes%20of%20March%2003,%202026.pdf",2026-09-28,2026-03-03,"BOC approved unanimously 2026-03-03 ordinance amendment adding Chapter 33 Data Centers to County Code, with 60-day moratorium on all data centers (moratorium portion lapsed by term); regular meeting minutes"
1,13257,"Stephens County, Georgia",GA,label_positive_circular_support,census_only,D,Stephens County moratorium | 2026-04-14 | extended | https://mjbommar.github.io/moratorium-data-2026/states/georgia.html,moratorium,2026-04-14,extended,ga-stephens-county-undated,Board of Commissioners vote extending the moratorium barring acceptance of land-use applications for data centers,"""Stephens County"" GA ""Board of Commissioners vote extending the moratorium barring"" site:.gov OR minutes OR agenda",,,,,,,
1,19009,"Audubon County, Iowa",IA,label_positive_circular_support,census_only,D,Audubon County moratorium | 2026-05-05 | active | https://mjbommar.github.io/moratorium-data-2026/states/iowa.html,moratorium,2026-05-05,active,ia-audubon-county-2026,"Resolution 2026-27, immediately stopping the acceptance or processing of applications to construct commercial data centers, including commercial cryptocurrency mining operations","""Audubon County"" IA ""Resolution 2026-27, immediately stopping the acceptance or p"" site:.gov OR minutes OR agenda",,,,,,,
1,19015,"Boone County, Iowa",IA,label_positive_circular_support,census_only,D,Boone County moratorium | 2026-09-09 | active | https://mjbommar.github.io/moratorium-data-2026/states/iowa.html,moratorium,2026-09-09,active,ia-boone-county-2026,Resolution 26-36 (Boone County Board of Supervisors),"""Boone County"" IA ""Resolution 26-36 (Boone County Board of Supervisors)"" site:.gov OR minutes OR agenda",meeting_portal,county_site,hit,https://boonecounty.iowa.gov/files/meetings/2026-09-09_minutes_4873.pdf,2026-09-28,2026-09-09,"Resolution 26-36 adopted 2026-09-09 (all ayes), moratorium up to one year on establishment, construction, or permitting of new data centers; Board of Supervisors minutes"
1,19019,"Buchanan County, Iowa",IA,label_positive_circular_support,census_only,D,Buchanan County moratorium | 2026-01 | extended | https://mjbommar.github.io/moratorium-data-2026/states/iowa.html,moratorium,2026-01,extended,ia-buchanan-county-2026,"Resolutions 26-62 (data mining), 26-63 (utility-scale battery storage), 26-64 (data storage centers), extending prior 2026 moratoria","""Buchanan County"" IA ""Resolutions 26-62 (data mining), 26-63 (utility-scale batter"" site:.gov OR minutes OR agenda",,,,,,,
1,19057,"Des Moines County, Iowa",IA,label_positive_circular_support,census_only,D,Des Moines County moratorium | 2026-05-19 | active | https://mjbommar.github.io/moratorium-data-2026/states/iowa.html,moratorium,2026-05-19,active,ia-des-moines-county-2026,"Resolution 2026-034, imposing a one-year moratorium on the permitting, construction, or vesting of data centers, with a definition that includes commercial cryptocurrency mining and processing","""Des Moines County"" IA ""Resolution 2026-034, imposing a one-year moratorium on the p"" site:.gov OR minutes OR agenda",meeting_portal,county_site,hit,https://desmoinescounty.iowa.gov/files/meetings/2026-05-19_minutes_9536.pdf,2026-09-28,2026-05-19,"Resolution 2026-034 approved unanimously 2026-05-19, one-year moratorium on permitting, construction, or vesting of data centers; Board of Supervisors minutes"
1,19069,"Franklin County, Iowa",IA,label_positive_circular_support,census_only,D,Franklin County moratorium | 2026-03 | active | https://mjbommar.github.io/moratorium-data-2026/states/iowa.html,moratorium,2026-03-31,active,ia-franklin-county-2026,"Ordinance 2026A - ""AN ORDINANCE AUTHORIZING A MORATORIUM ON NEW PERMIT APPLICATIONS FOR DEVELOPMENT OF DATA CENTER PROJECTS WITHIN THE UNINCORPORATED AREA OF FRANKLIN COUNTY, IOWA"" (public hearing notice published in Hampton Chronicle 2026-","""Franklin County"" IA ""Ordinance 2026A - ""AN ORDINANCE AUTHORIZING A MORATORIUM ON "" site:.gov OR minutes OR agenda",,,,,,,
1,19093,"Ida County, Iowa",IA,label_positive_circular_support,census_only,D,Ida County moratorium | 2026-06-30 | active | https://mjbommar.github.io/moratorium-data-2026/states/iowa.html,moratorium,2026-06-30,active,ia-ida-county-2026,"Resolution 26-30, For Moratorium on Data Processing Center (Ida County Board of Supervisors, 2026-06-30)","""Ida County"" IA ""Resolution 26-30, For Moratorium on Data Processing Center ("" site:.gov OR minutes OR agenda",,,,,,,
1,19095,"Iowa County, Iowa",IA,label_positive_circular_support,census_only,D,Iowa County moratorium | 2026-07-31 | active | https://mjbommar.github.io/moratorium-data-2026/states/iowa.html,moratorium,2026-07-31,active,ia-iowa-county-2026,"Resolution 2026-07-31, A Resolution of the Iowa County Board of Supervisors Establishing a Twelve (12) Month Moratorium on the acceptance of data center applications (unincorporated Iowa County)","""Iowa County"" IA ""Resolution 2026-07-31, A Resolution of the Iowa County Board"" site:.gov OR minutes OR agenda",,,,,,,
1,19101,"Jefferson County, Iowa",IA,label_positive_circular_support,census_only,D,Jefferson County moratorium | 2026-08-11 | active | https://mjbommar.github.io/moratorium-data-2026/states/iowa.html,moratorium,2026-08-11,active,ia-jefferson-county-2026,Board of Supervisors moratorium resolution (number not published in coverage) halting permits under Jefferson County Code of Ordinances Chapter 5-45 (data center ordinance adopted the same day),"""Jefferson County"" IA ""Board of Supervisors moratorium resolution (number not publi"" site:.gov OR minutes OR agenda",,,,,,,
1,19111,"Lee County, Iowa",IA,label_positive_circular_support,census_only,D,Lee County moratorium | 2026-06-16 | active | https://mjbommar.github.io/moratorium-data-2026/states/iowa.html,moratorium,2026-06-16,active,ia-lee-county-2026,"Resolution 2026-76, pausing construction of large- and small-scale data centers and other high-density facilities for up to one year","""Lee County"" IA ""Resolution 2026-76, pausing construction of large- and small"" site:.gov OR minutes OR agenda",meeting_portal,county_site,hit,https://www.leecounty.org/docview.aspx?doctype=minuteDoc&docid=12301,2026-09-28,2026-06-16,"Res. 2026-76 adopted 2026-06-16, 5-0 roll call, moratorium up to one year on large and small scale data centers and high density facilities; Board of Supervisors minutes"
1,19115,"Louisa County, Iowa",IA,label_positive_circular_support,census_only,D,Louisa County moratorium | 2026-07-07 | active | https://mjbommar.github.io/moratorium-data-2026/states/iowa.html,moratorium,2026-07-07,active,ia-louisa-county-2026,"Ordinance 26-1 (Louisa County), moratorium on data center development in unincorporated areas covered by the county zoning ordinance","""Louisa County"" IA ""Ordinance 26-1 (Louisa County), moratorium on data center de"" site:.gov OR minutes OR agenda",,,,,,,
1,19147,"Palo Alto County, Iowa",IA,label_positive_circular_support,census_only,D,Palo Alto County moratorium | 2026-07-08 | active | https://mjbommar.github.io/moratorium-data-2026/states/iowa.html,moratorium,2026-07-08,active,ia-palo-alto-county-2026,"Resolution No. 7-8-2026, A Resolution of the Palo Alto County Supervisors Approving a Moratorium on the Acceptance, Processing, and Approval of Applications for All Classes of Data Centers within the Unincorporated Areas of Palo Alto County","""Palo Alto County"" IA ""Resolution No. 7-8-2026, A Resolution of the Palo Alto Count"" site:.gov OR minutes OR agenda",meeting_portal,county_site,hit,https://paloaltocounty.iowa.gov/wp-content/uploads/2026/07/Minutes-7-7-2026.pdf,2026-09-28,2026-07-07,"Res. 7-8-2026 adopted 2026-07-07, 5-0, moratorium on data center applications in unincorporated county through 2027-07-08; Board of Supervisors minutes (label date 07-08)"
1,19149,"Plymouth County, Iowa",IA,label_positive_circular_support,census_only,D,Plymouth County moratorium | 2026-06-16 | active | https://mjbommar.github.io/moratorium-data-2026/states/iowa.html,moratorium,2026-06-16,active,ia-plymouth-county-2026,Board of Supervisors resolution (unanimous) placing a year-long moratorium on permitting large-scale data centers and industrial battery storage facilities; specific resolution number not located in this pass.,"""Plymouth County"" IA ""Board of Supervisors resolution (unanimous) placing a year-l"" site:.gov OR minutes OR agenda",,,,,,,
1,19165,"Shelby County, Iowa",IA,label_positive_circular_support,census_only,D,Shelby County moratorium | 2026-03-17 | active | https://mjbommar.github.io/moratorium-data-2026/states/iowa.html,moratorium,2026-03-17,active,ia-shelby-county-2026,Resolution 2026-16,"""Shelby County"" IA ""Resolution 2026-16"" site:.gov OR minutes OR agenda",meeting_portal,county_site,hit,https://shelbycounty.iowa.gov/files/meetings/2026-03-17_minutes_2701.pdf,2026-09-28,2026-03-17,"Res. 2026-16 adopted 2026-03-17 unanimously, moratorium on commercial digital asset mining/data centers through 2027-07-01; Board of Supervisors minutes"
1,19167,"Sioux County, Iowa",IA,label_positive_circular_support,census_only,D,Sioux County moratorium | 2026-06-16 | active | https://mjbommar.github.io/moratorium-data-2026/states/iowa.html,moratorium,2026-06-16,active,ia-sioux-county-2026,"Resolution No. 2026-32, prohibiting the Board of Supervisors, Zoning Board, and Board of Adjustment from receiving, reviewing, considering, or approving any Data Center and/or BESS application, to allow time to review Ordinance No. 01","""Sioux County"" IA ""Resolution No. 2026-32, prohibiting the Board of Supervisors"" site:.gov OR minutes OR agenda",meeting_portal,county_site,hit,https://siouxcountyia.gov/wp-content/uploads/2026/07/MINUTES-06-16-2026.pdf,2026-09-28,2026-06-16,"Res. 2026-32 approved 2026-06-16 by voice vote, one-year moratorium on data center and BESS development; Board of Supervisors minutes"
1,19169,"Story County, Iowa",IA,label_positive_circular_support,census_only,D,Story County | 2025-06-17 | expired | https://mjbommar.github.io/moratorium-data-2026/states/iowa.html,moratorium,2025-06-17,expired,ia-story-county-2025,"Resolution #25-97 (adopted 2025-06-17); extended via Resolution #26-36 (adopted 2025-11-25) through 2026-03-31; further extended via Resolution #26-69 (adopted 2026-03-17) through 2027-03-31. The same March 17, 2026 meeting adopted Ordinanc","""Story County"" IA ""Resolution #25-97 (adopted 2025-06-17); extended via Resolut"" site:.gov OR minutes OR agenda",meeting_portal,county_site,hit,https://www.storycountyiowa.gov/AgendaCenter/ViewFile/Minutes/_03172026-3119,2026-09-28,2026-03-17,"Res. 26-69 approved 2026-03-17 roll call, moratorium on data processing centers/crypto in unincorporated county expiring by 2027-03-31 (extends 2025 moratorium; label says expired)"
1,19173,"Taylor County, Iowa",IA,label_positive_circular_support,census_only,D,Taylor County moratorium | 2026-05-07 | active | https://mjbommar.github.io/moratorium-data-2026/states/iowa.html,moratorium,2026-05-07,active,ia-taylor-county-2026,"Ordinance #40, ""Taylor County Temporary Development Moratorium Ordinance"" (temporary moratorium on acceptance, processing and approval of applications for data center, solar energy system, battery energy storage system and mineral right dev","""Taylor County"" IA ""Ordinance #40, ""Taylor County Temporary Development Moratori"" site:.gov OR minutes OR agenda",,,,,,,
1,16039,"Elmore County, Idaho",ID,label_positive_circular_support,census_only,D,Elmore County moratorium | 2026-07-02 | active | https://mjbommar.github.io/moratorium-data-2026/states/idaho.html,moratorium,2026-07-02,active,id-elmore-county-2026,"Resolution No. 952-26, ""Emergency Moratorium on the Issuance of Permits for Data Center Development within [unincorporated] Elmore County,"" adopted by the Elmore County Board of Commissioners on 2026-07-02.","""Elmore County"" ID ""Resolution No. 952-26, ""Emergency Moratorium on the Issuance"" site:.gov OR minutes OR agenda",meeting_portal,county_site,hit,https://elmorecounty.org/wp-content/uploads/2026july2.pdf,2026-09-28,2026-07-02,"Res. 952-26 approved 2026-07-02, 3-0, emergency moratorium on permits for data center development in unincorporated Elmore County; Board of Commissioners minutes"
1,17073,"Henry County, Illinois",IL,label_positive_circular_support,census_only,D,Henry County moratorium | 2026-06-18 | active | https://mjbommar.github.io/moratorium-data-2026/states/illinois.html,moratorium,2026-06-18,active,il-henry-county-2026,County Board resolution establishing a temporary moratorium on new data center projects,"""Henry County"" IL ""County Board resolution establishing a temporary moratorium "" site:.gov OR minutes OR agenda",,,,,,,
1,17097,"Lake County, Illinois",IL,label_positive_circular_support,census_only,D,Lake County moratorium | 2026-09-08 | active | https://mjbommar.github.io/moratorium-data-2026/states/illinois.html,moratorium,2026-09-08,active,il-lake-county-2026,"Lake County Ordinance 26-1018, amending Chapter 151 (Unified Development Ordinance) of the Lake County Code of Ordinances to define and impose a temporary moratorium on data centers in unincorporated Lake County.","""Lake County"" IL ""Lake County Ordinance 26-1018, amending Chapter 151 (Unified"" site:.gov OR minutes OR agenda",meeting_portal,legistar,hit,https://webapi.legistar.com/v1/lakecounty/matters?$filter=MatterFile%20eq%20'26-1018',2026-09-28,2026-09-08,File 26-1018 ordinance amending Ch. 151 UDO imposing temporary moratorium on data centers in unincorporated Lake County; Legistar status Passed 2026-09-08
1,17101,"Lawrence County, Illinois",IL,label_positive_circular_support,census_only,D,Lawrence County moratorium | 2026-09-17 | active | https://mjbommar.github.io/moratorium-data-2026/states/illinois.html,moratorium,2026-09-17,active,il-lawrence-county-2026,"Lawrence County Board ordinance establishing a two-year data center moratorium (specific ordinance number not published in sources reviewed); modeled on a similar moratorium enacted in neighboring Crawford County, Illinois, with the two cou","""Lawrence County"" IL ""Lawrence County Board ordinance establishing a two-year data"" site:.gov OR minutes OR agenda",,,,,,,
1,17103,"Lee County, Illinois",IL,label_positive_circular_support,census_only,D,Lee County moratorium | 2026-08-20 | active | https://mjbommar.github.io/moratorium-data-2026/states/illinois.html,moratorium,2026-08-20,active,il-lee-county-2026,"Lee County Resolution No. 2026-08-002, 'Resolution Imposing a Temporary Moratorium on Applications for Technology Overlay District Designation'","""Lee County"" IL ""Lee County Resolution No. 2026-08-002, 'Resolution Imposing "" site:.gov OR minutes OR agenda",,,,,,,
1,17137,"Morgan County, Illinois",IL,label_positive_circular_support,census_only,D,Morgan County | 2026-04-27 | active | https://mjbommar.github.io/moratorium-data-2026/states/illinois.html,moratorium,2026-04-27,active,il-morgan-county-2026,"County Board resolution imposing a hard 6-month data center moratorium, moved by Chairman Wankel after the matter was discussed with State's Attorney Gray Noll prior to the meeting, adopted by unanimous roll-call vote (Commissioners Wood an","""Morgan County"" IL ""County Board resolution imposing a hard 6-month data center "" site:.gov OR minutes OR agenda",,,,,,,
1,17203,"Woodford County, Illinois",IL,label_positive_circular_support,census_only,D,Woodford County moratorium | 2026-08-18 | active | https://mjbommar.github.io/moratorium-data-2026/states/illinois.html,moratorium,2026-08-18,active,il-woodford-county-2026,Woodford County Board ordinance/resolution establishing a six-month data center moratorium with a one-time six-month extension option (specific instrument number not published in sources reviewed),"""Woodford County"" IL ""Woodford County Board ordinance/resolution establishing a si"" site:.gov OR minutes OR agenda",,,,,,,
1,18067,"Howard County, Indiana",IN,label_positive_circular_support,census_only,D,Howard County moratorium | 2026-08-17 | active | https://mjbommar.github.io/moratorium-data-2026/states/indiana.html,moratorium,2026-08-17,active,in-howard-county-2026,Ordinance 2026-BCCO-32,"""Howard County"" IN ""Ordinance 2026-BCCO-32"" site:.gov OR minutes OR agenda",,,,,,,
1,18069,"Huntington County, Indiana",IN,label_positive_circular_support,census_only,D,Huntington County | 2026-02-23 | active | https://mjbommar.github.io/moratorium-data-2026/states/indiana.html,moratorium,2026-02-23,active,in-huntington-county-2026,"Ordinance No. 2026-04, ""An Ordinance for the Adoption of a Text Amendment to the Unified Development Ordinance (UDO) for Huntington County to Place a Moratorium on Data Centers, Battery Energy Storage Systems and Carbon Sequestration Projec","""Huntington County"" IN ""Ordinance No. 2026-04, ""An Ordinance for the Adoption of a T"" site:.gov OR minutes OR agenda",,,,,,,
1,18103,"Miami County, Indiana",IN,label_positive_circular_support,census_only,D,Miami County moratorium | 2026-05-04 | active | https://mjbommar.github.io/moratorium-data-2026/states/indiana.html,moratorium,2026-05-04,active,in-miami-county-2026,"Ordinance Imposing Temporary Moratorium On The Development of Data Centers, adopted and recorded by the Board of Commissioners","""Miami County"" IN ""Ordinance Imposing Temporary Moratorium On The Development o"" site:.gov OR minutes OR agenda",,,,,,,
1,18131,"Pulaski County, Indiana",IN,label_positive_circular_support,census_only,D,Pulaski County | 2026-01-20 | active | https://mjbommar.github.io/moratorium-data-2026/states/indiana.html,moratorium,2026-01-20,active,in-pulaski-county-2026,Moratorium adopted by commissioner voice vote on 2026-01-20 after a 5-0 favorable recommendation from the Plan Commission at its 2026-01-26 hearing; signed ordinance or resolution number not captured in publicly available Pulaski County rec,"""Pulaski County"" IN ""Moratorium adopted by commissioner voice vote on 2026-01-20 "" site:.gov OR minutes OR agenda",,,,,,,
1,18145,"Shelby County, Indiana",IN,label_positive_circular_support,census_only,D,Shelby County | 2026-02-23 | active | https://mjbommar.github.io/moratorium-data-2026/states/indiana.html,moratorium,2026-02-23,active,in-shelby-county-2026,Resolution 2026-02,"""Shelby County"" IN ""Resolution 2026-02"" site:.gov OR minutes OR agenda",,,,,,,
1,18151,"Steuben County, Indiana",IN,label_positive_circular_support,census_only,D,Steuben County moratorium | 2026-09-15 | active | https://mjbommar.github.io/moratorium-data-2026/states/indiana.html,moratorium,2026-09-15,active,in-steuben-county-2026,"Resolution adopted by the Steuben County Board of Commissioners on 2026-09-15, formalizing an August 2026 Steuben County Plan Commission recommendation for a six-month moratorium on data center construction","""Steuben County"" IN ""Resolution adopted by the Steuben County Board of Commission"" site:.gov OR minutes OR agenda",,,,,,,
1,18169,"Wabash County, Indiana",IN,label_positive_circular_support,census_only,D,Wabash County moratorium | 2026-08-31 | active | https://mjbommar.github.io/moratorium-data-2026/states/indiana.html,moratorium,2026-08-31,active,in-wabash-county-2026,"Wabash County Board of Commissioners ordinance imposing a temporary moratorium on improvement-location permits for data center development, adopted 3-0 on 2026-08-31 following an Area Plan Commission favorable recommendation","""Wabash County"" IN ""Wabash County Board of Commissioners ordinance imposing a te"" site:.gov OR minutes OR agenda",,,,,,,
1,20013,"Brown County, Kansas",KS,label_positive_circular_support,census_only,D,Brown County | 2026-03-02 | active | https://mjbommar.github.io/moratorium-data-2026/states/kansas.html,moratorium,2026-03-02,active,ks-brown-county-2026,"Resolution 2026-10 (motion by Chairman Heinen, seconded by Commissioner Pollock, motion carried unanimously per official minutes)","""Brown County"" KS ""Resolution 2026-10 (motion by Chairman Heinen, seconded by C"" site:.gov OR minutes OR agenda",,,,,,,
1,20041,"Dickinson County, Kansas",KS,label_positive_circular_support,census_only,D,Dickinson County moratorium | 2026-07-30 | active | https://mjbommar.github.io/moratorium-data-2026/states/kansas.html,moratorium,2026-07-30,active,ks-dickinson-county-2026,"Resolution # 073026, signed and passed 2026-07-30 by Chairman Kenny Roelofsen and Vice Chair Lynn Peterson, citing K.S.A. 12-741 et seq. and K.S.A. 19-101 et seq. police power; excludes uses already defined/enabled under Article 21 of the c","""Dickinson County"" KS ""Resolution # 073026, signed and passed 2026-07-30 by Chairma"" site:.gov OR minutes OR agenda",,,,,,,
1,20059,"Franklin County, Kansas",KS,label_positive_circular_support,census_only,D,Franklin County moratorium | 2026-09-02 | active | https://mjbommar.github.io/moratorium-data-2026/states/kansas.html,moratorium,2026-09-02,active,ks-franklin-county-2026,"Franklin County Board of County Commissioners resolution adopted unanimously at the Sept. 2, 2026 meeting (resolution number not given in sources retrieved); the Aug. 26, 2026 meeting first indicated commissioners' intent to place a morator","""Franklin County"" KS ""Franklin County Board of County Commissioners resolution ado"" site:.gov OR minutes OR agenda",meeting_portal,county_site,hit,https://www.franklincoks.org/AgendaCenter/ViewFile/Item/16886?fileID=11960,2026-09-28,2026-09-02,"Board of County Commissioners agenda item 2026-09-02: resolution passed and adopted 2026-09-02, moratorium on SUPs for data centers in unincorporated county through 2028-12-31; signed chair and clerk (agenda packet copy)"
1,20061,"Geary County, Kansas",KS,label_positive_circular_support,census_only,D,Geary County moratorium | 2026-06-22 | active | https://mjbommar.github.io/moratorium-data-2026/states/kansas.html,moratorium,2026-06-22,active,ks-geary-county-2026,County resolution (exact number not stated in the source retrieved),"""Geary County"" KS ""County resolution (exact number not stated in the source ret"" site:.gov OR minutes OR agenda",,,,,,,
1,20095,"Kingman County, Kansas",KS,label_positive_circular_support,census_only,D,Kingman County | 2026-02-09 | active | https://mjbommar.github.io/moratorium-data-2026/states/kansas.html,moratorium,2026-02-09,active,ks-kingman-county-2026,Resolution 2026-R9,"""Kingman County"" KS ""Resolution 2026-R9"" site:.gov OR minutes OR agenda",,,,,,,
1,20115,"Marion County, Kansas",KS,label_positive_circular_support,census_only,D,Marion County | 2026-03-02 | active | https://mjbommar.github.io/moratorium-data-2026/states/kansas.html,moratorium,2026-03-02,active,ks-marion-county-2026,"Resolution No. 2026-12, ""A Resolution Providing for a Temporary Moratorium on the Acceptance of Applications Relating to the Establishment, Operation or Expansion of Data Centers within the Unincorporated Areas of Marion County, Kansas,"" ci","""Marion County"" KS ""Resolution No. 2026-12, ""A Resolution Providing for a Tempor"" site:.gov OR minutes OR agenda",,,,,,,
1,20113,"McPherson County, Kansas",KS,label_positive_circular_support,census_only,D,McPherson County | 2025-08-04 | extended | https://mjbommar.github.io/moratorium-data-2026/states/kansas.html,moratorium,2025-08-04,extended,ks-mcpherson-county-2025,"Original temporary moratorium: Resolution 2025-14 (adopted by unanimous voice vote per Citizen Portal AI summary of August 4, 2025 commission meeting); primary signed text not yet captured [VERIFY signed copy]. Superseding instrument: Resol","""McPherson County"" KS ""Original temporary moratorium: Resolution 2025-14 (adopted b"" site:.gov OR minutes OR agenda",,,,,,,
1,20133,"Neosho County, Kansas",KS,label_positive_circular_support,census_only,D,Neosho County moratorium | 2026-05-19 | active | https://mjbommar.github.io/moratorium-data-2026/states/kansas.html,moratorium,2026-05-19,active,ks-neosho-county-2026,"Resolution R-26-7, ""Providing for a Temporary Moratorium on the Acceptance of Applications Relating to the Establishment, Operation or Expansion of Data Centers, Nuclear Power Generation Facilities, Hydrogen-Based Energy Facilities, and Bat","""Neosho County"" KS ""Resolution R-26-7, ""Providing for a Temporary Moratorium on "" site:.gov OR minutes OR agenda",,,,,,,
1,20161,"Riley County, Kansas",KS,label_positive_circular_support,census_only,D,Riley County | 2026-05 | active | https://mjbommar.github.io/moratorium-data-2026/states/kansas.html,moratorium,2026-04-13,active,ks-riley-county-2026,County Commission moratorium action [VERIFY resolution number from official minutes],"""Riley County"" KS ""County Commission moratorium action [VERIFY resolution numbe"" site:.gov OR minutes OR agenda",,,,,,,
1,21003,"Allen County, Kentucky",KY,label_positive_circular_support,census_only,D,Allen County moratorium | 2026-06-10 | active | https://mjbommar.github.io/moratorium-data-2026/states/kentucky.html,moratorium,2026-06-10,active,ky-allen-county-2026,Allen County Fiscal Court Ordinance No. 26-03,"""Allen County"" KY ""Allen County Fiscal Court Ordinance No. 26-03"" site:.gov OR minutes OR agenda",,,,,,,
1,21015,"Boone County, Kentucky",KY,label_positive_circular_support,census_only,D,Boone County moratorium | 2026-06-15 | active | https://mjbommar.github.io/moratorium-data-2026/states/kentucky.html,moratorium,2026-06-15,active,ky-boone-county-2026,Boone County Board of Commissioners ordinance; ordinance number not located in sources reviewed,"""Boone County"" KY ""Boone County Board of Commissioners ordinance; ordinance num"" site:.gov OR minutes OR agenda",,,,,,,
1,21021,"Boyle County, Kentucky",KY,label_positive_circular_support,census_only,D,Boyle County moratorium | 2026-06-09 | active | https://mjbommar.github.io/moratorium-data-2026/states/kentucky.html,moratorium,2026-06-09,active,ky-boyle-county-2026,Resolution 2026.06.09 (Boyle County Fiscal Court),"""Boyle County"" KY ""Resolution 2026.06.09 (Boyle County Fiscal Court)"" site:.gov OR minutes OR agenda",,,,,,,
1,21061,"Edmonson County, Kentucky",KY,label_positive_circular_support,census_only,D,Edmonson County moratorium | 2026-06-08 | active | https://mjbommar.github.io/moratorium-data-2026/states/kentucky.html,moratorium,2026-06-08,active,ky-edmonson-county-2026,"Ordinance EC26-18 (Edmonson County Fiscal Court), an ordinance imposing a temporary moratorium on data centers, AI facilities, and cryptocurrency mining operations","""Edmonson County"" KY ""Ordinance EC26-18 (Edmonson County Fiscal Court), an ordinan"" site:.gov OR minutes OR agenda",,,,,,,
1,21089,"Greenup County, Kentucky",KY,label_positive_circular_support,census_only,D,Greenup County moratorium | 2026-07 | active | https://mjbommar.github.io/moratorium-data-2026/states/kentucky.html,moratorium,2026-07,active,ky-greenup-county-2026,"Fiscal Court ordinance on data center operation, effective immediately upon second reading","""Greenup County"" KY ""Fiscal Court ordinance on data center operation, effective i"" site:.gov OR minutes OR agenda",,,,,,,
1,21141,"Logan County, Kentucky",KY,label_positive_circular_support,census_only,D,Logan County moratorium | 2026-07-28 | active | https://mjbommar.github.io/moratorium-data-2026/states/kentucky.html,moratorium,2026-07-28,active,ky-logan-county-2026,Logan County Fiscal Court ordinance; ordinance number not located in sources reviewed,"""Logan County"" KY ""Logan County Fiscal Court ordinance; ordinance number not lo"" site:.gov OR minutes OR agenda",,,,,,,
1,21179,"Nelson County, Kentucky",KY,label_positive_circular_support,census_only,D,Nelson County moratorium | 2026-07-07 | active | https://mjbommar.github.io/moratorium-data-2026/states/kentucky.html,moratorium,2026-07-07,active,ky-nelson-county-2026,Resolution 13-2026 (Nelson County Fiscal Court),"""Nelson County"" KY ""Resolution 13-2026 (Nelson County Fiscal Court)"" site:.gov OR minutes OR agenda",,,,,,,
1,24011,"Caroline County, Maryland",MD,label_positive_circular_support,census_only,D,Caroline County moratorium | 2026-07-21 | active | https://mjbommar.github.io/moratorium-data-2026/states/maryland.html,moratorium,2026-07-21,active,md-caroline-county-2026,"Resolution #2026-012, 'Temporary Moratorium on Data Centers'","""Caroline County"" MD ""Resolution #2026-012, 'Temporary Moratorium on Data Centers'"" site:.gov OR minutes OR agenda",,,,,,,
1,24019,"Dorchester County, Maryland",MD,label_positive_circular_support,census_only,D,Dorchester County moratorium | 2026-08-04 | active | https://mjbommar.github.io/moratorium-data-2026/states/maryland.html,moratorium,2026-08-04,active,md-dorchester-county-2026,"Resolution No. 712, 'A Resolution of the County Council of Dorchester County, Maryland to Adopt a Temporary Moratorium on Data Centers in Dorchester County for a Period of 12 Months'","""Dorchester County"" MD ""Resolution No. 712, 'A Resolution of the County Council of D"" site:.gov OR minutes OR agenda",,,,,,,
1,24035,"Queen Anne's County, Maryland",MD,label_positive_circular_support,census_only,D,Queen Anne's County moratorium | 2026-06-04 | active | https://mjbommar.github.io/moratorium-data-2026/states/maryland.html,moratorium,2026-06-04,active,md-queen-anne-s-county-2026,Resolution No. 26-07,"""Queen Anne's County"" MD ""Resolution No. 26-07"" site:.gov OR minutes OR agenda",,,,,,,
1,24041,"Talbot County, Maryland",MD,label_positive_circular_support,census_only,D,Talbot County moratorium | 2026-09-08 | active | https://mjbommar.github.io/moratorium-data-2026/states/maryland.html,moratorium,2026-09-08,active,md-talbot-county-2026,Resolution No. 395,"""Talbot County"" MD ""Resolution No. 395"" site:.gov OR minutes OR agenda",meeting_portal,county_site,hit,https://www.talbotcountymd.gov/press-releases/talbot-county-council-meeting-highlights-september-8-2026,2026-09-28,2026-09-08,"Resolution No. 395 unanimously approved at 2026-09-08 Council meeting; 12-month moratorium on data center applications, permits; official County Council meeting highlights"
1,24043,"Washington County, Maryland",MD,label_positive_circular_support,census_only,D,Washington County moratorium | 2026-06-30 | active | https://mjbommar.github.io/moratorium-data-2026/states/maryland.html,moratorium,2026-06-30,active,md-washington-county-2026,Ordinance ORD-2026-12,"""Washington County"" MD ""Ordinance ORD-2026-12"" site:.gov OR minutes OR agenda",meeting_portal,county_site,hit,https://www.washco-md.net/washington-county-board-of-county-commissioners-approves-temporary-moratorium-on-data-center-applications/,2026-09-28,2026-06-30,"BOCC adopted 12-month moratorium on data center applications 2026-06-30, vote 4-1; official county release (ordinance number not stated on page)"
1,24045,"Wicomico County, Maryland",MD,label_positive_circular_support,census_only,D,Wicomico County moratorium | 2026-08-04 | active | https://mjbommar.github.io/moratorium-data-2026/states/maryland.html,moratorium,2026-08-04,active,md-wicomico-county-2026,Resolution No. 125-2026,"""Wicomico County"" MD ""Resolution No. 125-2026"" site:.gov OR minutes OR agenda",,,,,,,
1,24047,"Worcester County, Maryland",MD,label_positive_circular_support,census_only,D,Worcester County moratorium | 2026-07-21 | active | https://mjbommar.github.io/moratorium-data-2026/states/maryland.html,moratorium,2026-07-21,active,md-worcester-county-2026,"Resolution No. 26-18, adopted by the Worcester County Commissioners on 2026-07-21, imposing a temporary moratorium on the submittal and issuance of permits for data centers and cable landing stations for 12 months or until rescinded, and pl","""Worcester County"" MD ""Resolution No. 26-18, adopted by the Worcester County Commis"" site:.gov OR minutes OR agenda",meeting_portal,county_site,hit,https://worcestermd.gov/news/worcester-county-enacts-moratorium-data-centers-and-cable-landing-stations-while-new,2026-09-28,2026-07-21,"Resolution No. 26-18 enacted 2026-07-21 by County Commissioners, moratorium on data center and cable landing station permits, 12 months or until rescinded; official county release"
1,27025,"Chisago County, Minnesota",MN,label_positive_circular_support,census_only,D,Chisago County moratorium | 2026-08-05 | active | https://mjbommar.github.io/moratorium-data-2026/states/minnesota.html,moratorium,2026-08-05,active,mn-chisago-county-2026,"Ordinance No. 2026/0805-___ (draft/agenda records leave the final numeric suffix blank pending formal publication; the county's numbering convention for prior ordinances, e.g. Zoning Ordinance No. 2024/1218-1, suggests the published number ","""Chisago County"" MN ""Ordinance No. 2026/0805-___ (draft/agenda records leave the "" site:.gov OR minutes OR agenda",,,,,,,
1,27047,"Freeborn County, Minnesota",MN,label_positive_circular_support,census_only,D,Freeborn County moratorium | 2025-08-19 | extended | https://mjbommar.github.io/moratorium-data-2026/states/minnesota.html,moratorium,2025-08-19,extended,mn-freeborn-county-2025,"Temporary interim zoning ordinance on data centers, adopted by the Freeborn County Board of Commissioners in August 2025 (alongside a parallel moratorium on energy storage systems, due to overlapping grid-infrastructure concerns); extended ","""Freeborn County"" MN ""Temporary interim zoning ordinance on data centers, adopted "" site:.gov OR minutes OR agenda",,,,,,,
1,27079,"Le Sueur County, Minnesota",MN,label_positive_circular_support,census_only,D,Le Sueur County moratorium | 2026-05-26 | active | https://mjbommar.github.io/moratorium-data-2026/states/minnesota.html,moratorium,2026-05-26,active,mn-le-sueur-county-2026,"12-month interim ordinance adopted under Minn. Stat. Sec. 462.355, subd. 4 (specific ordinance number not stated in sources reviewed)","""Le Sueur County"" MN ""12-month interim ordinance adopted under Minn. Stat. Sec. 46"" site:.gov OR minutes OR agenda",,,,,,,
1,27115,"Pine County, Minnesota",MN,label_positive_circular_support,census_only,D,Pine County moratorium | 2026-07 | extended | https://mjbommar.github.io/moratorium-data-2026/states/minnesota.html,moratorium,2026-07,extended,mn-pine-county-2026,"Ordinance 2026-15, interim moratorium on data center development, applying countywide to townships and cities that have opted into county zoning","""Pine County"" MN ""Ordinance 2026-15, interim moratorium on data center develop"" site:.gov OR minutes OR agenda",municipal_code,county_site,hit,https://www.pinecountymn.gov/government/ordinances.php,2026-09-28,,Pine County official ordinances list: Ord. 2026-15 Authorizing a Study and Placing a Moratorium on Data Centers (amended version dated 07/07/26) and reaffirmation dated 2026-08-18; PDF text not fetchable
1,29015,"Benton County, Missouri",MO,label_positive_circular_support,census_only,D,Benton County moratorium | 2026-08-10 | active | https://mjbommar.github.io/moratorium-data-2026/states/missouri.html,moratorium,2026-08-10,active,mo-benton-county-2026,"Benton County Commission order enacting a six-month moratorium on data centers, adopted 2026-08-10; the county has no planning and zoning code, and the county attorney has argued a due-diligence/public-health rationale for the pause.","""Benton County"" MO ""Benton County Commission order enacting a six-month moratori"" site:.gov OR minutes OR agenda",,,,,,,
1,29039,"Cedar County, Missouri",MO,label_positive_circular_support,census_only,D,Cedar County moratorium | 2026-09-08 | active | https://mjbommar.github.io/moratorium-data-2026/states/missouri.html,moratorium,2026-09-08,active,mo-cedar-county-2026,"Cedar County ordinance imposing a 12-month moratorium, adopted by commissioners 2026-09-08, citing (among other authority) RSMo §49.650 and county public-health authority; legal commentators note §49.650 by its terms applies to first-, seco","""Cedar County"" MO ""Cedar County ordinance imposing a 12-month moratorium, adopt"" site:.gov OR minutes OR agenda",,,,,,,
1,29147,"Nodaway County, Missouri",MO,label_positive_circular_support,census_only,D,Nodaway County moratorium | 2026-07-21 | active | https://mjbommar.github.io/moratorium-data-2026/states/missouri.html,moratorium,2026-07-21,active,mo-nodaway-county-2026,County Commission order and ordinance dated 2026-07-21,"""Nodaway County"" MO ""County Commission order and ordinance dated 2026-07-21"" site:.gov OR minutes OR agenda",,,,,,,
1,29173,"Ralls County, Missouri",MO,label_positive_circular_support,census_only,D,Ralls County moratorium | 2026-08-23 | active | https://mjbommar.github.io/moratorium-data-2026/states/missouri.html,moratorium,2026-08-23,active,mo-ralls-county-2026,"Ralls County Commission order/moratorium, signed by all three commissioners 2026-08-23, halting economic-development applications related to data centers until 2027-09-01.","""Ralls County"" MO ""Ralls County Commission order/moratorium, signed by all thre"" site:.gov OR minutes OR agenda",,,,,,,
1,29209,"Stone County, Missouri",MO,label_positive_circular_support,census_only,D,Stone County moratorium | 2026-06-04 | active | https://mjbommar.github.io/moratorium-data-2026/states/missouri.html,moratorium,2026-06-04,active,mo-stone-county-2026,"Stone County Order and Ordinance enacting a temporary 12-month moratorium, adopted by the County Commission 2026-06-04 pursuant to a Stone County Planning Commission resolution adopted 2026-06-02, under RSMo §§64.800-64.905 (county planning","""Stone County"" MO ""Stone County Order and Ordinance enacting a temporary 12-mon"" site:.gov OR minutes OR agenda",,,,,,,
1,29225,"Webster County, Missouri",MO,label_positive_circular_support,census_only,D,Webster County moratorium | 2026-06-16 | active | https://mjbommar.github.io/moratorium-data-2026/states/missouri.html,moratorium,2026-06-16,active,mo-webster-county-2026,Order 2026-03,"""Webster County"" MO ""Order 2026-03"" site:.gov OR minutes OR agenda",,,,,,,
1,37001,"Alamance County, North Carolina",NC,label_positive_circular_support,census_only,D,Alamance County moratorium | 2026-08-17 | active | https://mjbommar.github.io/moratorium-data-2026/states/north-carolina.html,moratorium,2026-08-17,active,nc-alamance-county-2026,"Ordinance Imposing a Temporary Moratorium on Development Approvals for data centers in unincorporated Alamance County, N.C.G.S. 160D-107 (ordinance number not located; adopted with the term lengthened from six months to one year)","""Alamance County"" NC ""Ordinance Imposing a Temporary Moratorium on Development App"" site:.gov OR minutes OR agenda",,,,,,,
1,37029,"Camden County, North Carolina",NC,label_positive_circular_support,census_only,D,Camden County moratorium | 2026-08-03 | active | https://mjbommar.github.io/moratorium-data-2026/states/north-carolina.html,moratorium,2026-08-03,active,nc-camden-county-2026,"Camden County moratorium ordinance on development related to data centers, data processing facilities and cryptocurrency mining (number not located)","""Camden County"" NC ""Camden County moratorium ordinance on development related to"" site:.gov OR minutes OR agenda",,,,,,,
1,37059,"Davie County, North Carolina",NC,label_positive_circular_support,census_only,D,Davie County moratorium | 2026-07-06 | active | https://mjbommar.github.io/moratorium-data-2026/states/north-carolina.html,moratorium,2026-07-06,active,nc-davie-county-2026,"Ordinance Imposing a One-Year Moratorium on the Development of Data Centers in Davie County ('Temporary Data Center Moratorium'; unnumbered), adopted 5-0 on 2026-07-06 after a legislative hearing, with the early-termination sentence of Sect","""Davie County"" NC ""Ordinance Imposing a One-Year Moratorium on the Development "" site:.gov OR minutes OR agenda",,,,,,,
1,37099,"Jackson County, North Carolina",NC,label_positive_circular_support,census_only,D,Jackson County moratorium | 2026-08-18 | active | https://mjbommar.github.io/moratorium-data-2026/states/north-carolina.html,moratorium,2026-08-18,active,nc-jackson-county-2026,"Jackson County data center moratorium ordinance (number not located), N.C.G.S. 160D-107; bars zoning, development, building and demolition permits, related site plans and rezonings for data centers in the county's planning jurisdiction","""Jackson County"" NC ""Jackson County data center moratorium ordinance (number not "" site:.gov OR minutes OR agenda",,,,,,,
1,37115,"Madison County, North Carolina",NC,label_positive_circular_support,census_only,D,Madison County | 2023-06-13 | expired | https://mjbommar.github.io/moratorium-data-2026/states/north-carolina.html,moratorium,2023-06-13,expired,nc-madison-county-2023,"Madison County Limited Moratorium on Data Processing Facilities, adopted June 13, 2023 (per County Manager Rod Honeycutt press release, confirmed by EasyOCR of `madison-county-crypto-moratorium-2023.pdf`); enacted under N.C.G.S. 160D-107. [","""Madison County"" NC ""Madison County Limited Moratorium on Data Processing Facilit"" site:.gov OR minutes OR agenda",,,,,,,
1,37111,"McDowell County, North Carolina",NC,label_positive_circular_support,census_only,D,McDowell County moratorium | 2026-08-31 | active | https://mjbommar.github.io/moratorium-data-2026/states/north-carolina.html,moratorium,2026-08-31,active,nc-mcdowell-county-2026-2,"McDowell County data center moratorium (number not located), N.C.G.S. 160D-107","""McDowell County"" NC ""McDowell County data center moratorium (number not located),"" site:.gov OR minutes OR agenda",,,,,,,
1,37127,"Nash County, North Carolina",NC,label_positive_circular_support,census_only,D,Nash County moratorium | 2026-09-08 | active | https://mjbommar.github.io/moratorium-data-2026/states/north-carolina.html,moratorium,2026-09-08,active,nc-nash-county-2026,"Nash County temporary development moratorium ordinance on data centers, data processing facilities, cryptocurrency mining and similar high-impact uses in unincorporated areas (number not located)","""Nash County"" NC ""Nash County temporary development moratorium ordinance on da"" site:.gov OR minutes OR agenda",,,,,,,
1,37139,"Pasquotank County, North Carolina",NC,label_positive_circular_support,census_only,D,Pasquotank County moratorium | 2026-05-18 | active | https://mjbommar.github.io/moratorium-data-2026/states/north-carolina.html,moratorium,2026-05-18,active,nc-pasquotank-county-2026,Board of Commissioners moratorium ordinance; N.C.G.S. 160D-107 (implied),"""Pasquotank County"" NC ""Board of Commissioners moratorium ordinance; N.C.G.S. 160D-1"" site:.gov OR minutes OR agenda",,,,,,,
1,37185,"Warren County, North Carolina",NC,label_positive_circular_support,census_only,D,Warren County moratorium | 2026-08-19 | active | https://mjbommar.github.io/moratorium-data-2026/states/north-carolina.html,moratorium,2026-08-19,active,nc-warren-county-2026,Ordinance imposing a 12-month moratorium on development approvals for data centers and related high-impact facilities (number not located),"""Warren County"" NC ""Ordinance imposing a 12-month moratorium on development appr"" site:.gov OR minutes OR agenda",,,,,,,
1,38003,"Barnes County, North Dakota",ND,label_positive_circular_support,census_only,D,Barnes County moratorium | 2026-05-19 | active | https://mjbommar.github.io/moratorium-data-2026/states/north-dakota.html,moratorium,2026-05-19,active,nd-barnes-county-2026,"Barnes County Commission motion adopting a six-month moratorium on new data center building permits/applications countywide, per official commission minutes; no separately numbered resolution/ordinance was cited in the minutes.","""Barnes County"" ND ""Barnes County Commission motion adopting a six-month morator"" site:.gov OR minutes OR agenda",meeting_portal,county_site,hit,https://www.barnescounty.us/wp-content/uploads/2026/06/May-19-2026-Commission-Minutes.pdf,2026-09-28,2026-05-19,Barnes County Commission minutes 2026-05-19: motion (Paulson/Schwehr) to approve a six-month moratorium for data centers carried unanimously
1,38025,"Dunn County, North Dakota",ND,label_positive_circular_support,census_only,D,Dunn County | 2026-03-18 | active | https://mjbommar.github.io/moratorium-data-2026/states/north-dakota.html,moratorium,2026-03-18,active,nd-dunn-county-2026,"County Commission motion (no numbered resolution issued). Per the signed official March 18, 2026 minutes: ""Planning and Zoning Board would like to put a 12-month moratorium on data centers, solar energy and battery facilities. This would he","""Dunn County"" ND ""County Commission motion (no numbered resolution issued). Pe"" site:.gov OR minutes OR agenda",,,,,,,
1,38105,"Williams County, North Dakota",ND,label_positive_circular_support,census_only,D,Williams County | 2023-06-20 | passed | https://mjbommar.github.io/moratorium-data-2026/states/north-dakota.html,moratorium,2023-06-20,replaced,nd-williams-county-2023,"Board of County Commissioners moratorium action, per the county's own Planning & Zoning staff report accompanying the replacement ordinance: a 6-month moratorium on data center permits was instituted June 20, 2023, and extended by board vot","""Williams County"" ND ""Board of County Commissioners moratorium action, per the cou"" site:.gov OR minutes OR agenda",,,,,,,
1,31023,"Butler County, Nebraska",NE,label_positive_circular_support,census_only,D,Butler County moratorium | 2026-03-16 | active | https://mjbommar.github.io/moratorium-data-2026/states/nebraska.html,moratorium,2026-03-16,active,ne-butler-county-2026,"Resolution 2026-07 (Butler County Board of Supervisors), mirroring the Planning Commission's Resolution 2026-04 but striking language that would have excluded projects already under construction","""Butler County"" NE ""Resolution 2026-07 (Butler County Board of Supervisors), mir"" site:.gov OR minutes OR agenda",meeting_portal,county_site,hit,https://butlercountyne.gov/wp-content/uploads/sites/29/2026/03/BOS-Minutes-03.16.26-Public-Hearing-Special-Mtg.pdf,2026-09-28,2026-03-16,"Resolution 2026-07 adopted 4-1 on 2026-03-16, moratorium on specified land uses incl. data centers (also wind, solar, BESS, landfill); Board of Supervisors minutes"
1,31031,"Cherry County, Nebraska",NE,label_positive_circular_support,census_only,D,Cherry County moratorium | 2026-07-14 | active | https://mjbommar.github.io/moratorium-data-2026/states/nebraska.html,moratorium,2026-07-14,active,ne-cherry-county-2026,Board of Commissioners motion (2-1 vote); no separate ordinance or resolution number identified,"""Cherry County"" NE ""Board of Commissioners motion (2-1 vote); no separate ordina"" site:.gov OR minutes OR agenda",,,,,,,
1,31057,"Dundy County, Nebraska",NE,label_positive_circular_support,census_only,D,Dundy County moratorium | 2025-06 | extended | https://mjbommar.github.io/moratorium-data-2026/states/nebraska.html,moratorium,2025-06,extended,ne-dundy-county-2025,Resolution 76-26-9 (2026-06-15 extension),"""Dundy County"" NE ""Resolution 76-26-9 (2026-06-15 extension)"" site:.gov OR minutes OR agenda",,,,,,,
1,31067,"Gage County, Nebraska",NE,label_positive_circular_support,census_only,D,Gage County moratorium | 2026-09-16 | active | https://mjbommar.github.io/moratorium-data-2026/states/nebraska.html,moratorium,2026-09-16,active,ne-gage-county-2026,Board of Supervisors resolution (specific resolution number not located in sources reviewed),"""Gage County"" NE ""Board of Supervisors resolution (specific resolution number "" site:.gov OR minutes OR agenda",,,,,,,
1,31117,"McPherson County, Nebraska",NE,label_positive_circular_support,census_only,D,McPherson County moratorium | 2026-06-10 | active | https://mjbommar.github.io/moratorium-data-2026/states/nebraska.html,moratorium,2026-06-10,active,ne-mcpherson-county-2026,"Resolution 2026-11 (McPherson County Board of Commissioners), superseding Resolutions 2025-19, 2025-21, and 2025-25","""McPherson County"" NE ""Resolution 2026-11 (McPherson County Board of Commissioners)"" site:.gov OR minutes OR agenda",meeting_portal,county_site,hit,https://mcphersoncounty.ne.gov/wp-content/uploads/sites/26/2026/06/Published-Minutes-6-JUNE-10-2026.pdf,2026-09-28,2026-06-10,"Resolution 2026-11 adopted 3-0 on 2026-06-10, 12-month moratorium on applications for wind, solar, BESS, crypto mining, data centers; Commissioners proceedings"
1,31145,"Red Willow County, Nebraska",NE,label_positive_circular_support,census_only,D,Red Willow County moratorium | 2025-09-22 | extended | https://mjbommar.github.io/moratorium-data-2026/states/nebraska.html,moratorium,2025-09-22,extended,ne-red-willow-county-2025,"Resolution No. 1577, Book 24, Page 84, Adopt 12 Month Zoning Moratorium on Data Centers","""Red Willow County"" NE ""Resolution No. 1577, Book 24, Page 84, Adopt 12 Month Zoning"" site:.gov OR minutes OR agenda",,,,,,,
1,35051,"Sierra County, New Mexico",NM,label_positive_circular_support,census_only,D,Sierra County moratorium | 2026-07-21 | active | https://mjbommar.github.io/moratorium-data-2026/states/new-mexico.html,moratorium,2026-07-21,active,nm-sierra-county-2026,"Resolution No. 2026-51 (Sierra County Board of County Commissioners), adopted unanimously July 21, 2026 by amending a draft resolution that originally only opposed large-scale data center development into an operative 18-month moratorium; n","""Sierra County"" NM ""Resolution No. 2026-51 (Sierra County Board of County Commis"" site:.gov OR minutes OR agenda",,,,,,,
1,32013,"Humboldt County, Nevada",NV,label_positive_circular_support,census_only,D,Humboldt County moratorium | 2026-07-06 | active | https://mjbommar.github.io/moratorium-data-2026/states/nevada.html,moratorium,2026-07-06,active,nv-humboldt-county-2026,"Bill No. 05-18-26 (Humboldt County), a temporary moratorium on the acceptance, processing, and approval of applications for new data center facilities in unincorporated Humboldt County; does not apply within the city of Winnemucca","""Humboldt County"" NV ""Bill No. 05-18-26 (Humboldt County), a temporary moratorium "" site:.gov OR minutes OR agenda",,,,,,,
1,32023,"Nye County, Nevada",NV,label_positive_circular_support,census_only,D,Nye County moratorium | 2026-06-02 | active | https://mjbommar.github.io/moratorium-data-2026/states/nevada.html,moratorium,2026-06-02,active,nv-nye-county-2026,Board of County Commissioners resolution under NRS 244.110/244.119,"""Nye County"" NV ""Board of County Commissioners resolution under NRS 244.110/2"" site:.gov OR minutes OR agenda",,,,,,,
1,32033,"White Pine County, Nevada",NV,label_positive_circular_support,census_only,D,White Pine County moratorium | 2026-07-22 | active | https://mjbommar.github.io/moratorium-data-2026/states/nevada.html,moratorium,2026-07-22,active,nv-white-pine-county-2026,"Resolution No. 2026-18 (White Pine County), imposing a temporary moratorium on acceptance, processing, and approval of land use applications for data center development, under NRS 244.137-244.146 and NRS 278.250/278.260","""White Pine County"" NV ""Resolution No. 2026-18 (White Pine County), imposing a tempo"" site:.gov OR minutes OR agenda",,,,,,,
1,39047,"Fayette County, Ohio",OH,label_positive_circular_support,census_only,D,Fayette County moratorium | 2026-09-21 | active | https://mjbommar.github.io/moratorium-data-2026/states/ohio.html,moratorium,2026-09-21,active,oh-fayette-county-2026,"Board of County Commissioners resolution (county zoning authority, emergency) imposing a moratorium on data center-related applications, zoning approvals and permits in the unincorporated areas of Concord, Green, Jasper, Madison, Marion, Pa","""Fayette County"" OH ""Board of County Commissioners resolution (county zoning auth"" site:.gov OR minutes OR agenda",,,,,,,
1,45007,"Anderson County, South Carolina",SC,label_positive_circular_support,census_only,D,Anderson County moratorium | 2026-08-18 | active | https://mjbommar.github.io/moratorium-data-2026/states/south-carolina.html,moratorium,2026-08-18,active,sc-anderson-county-2026,Ordinance No. 2026-037 (Anderson County Council),"""Anderson County"" SC ""Ordinance No. 2026-037 (Anderson County Council)"" site:.gov OR minutes OR agenda",,,,,,,
1,45025,"Chesterfield County, South Carolina",SC,label_positive_circular_support,census_only,D,Chesterfield County moratorium | 2026-06-01 | active | https://mjbommar.github.io/moratorium-data-2026/states/south-carolina.html,moratorium,2026-06-01,active,sc-chesterfield-county-2026,Ordinance 25-26-23 (Chesterfield County Council),"""Chesterfield County"" SC ""Ordinance 25-26-23 (Chesterfield County Council)"" site:.gov OR minutes OR agenda",municipal_code,county_site,hit,https://www.chesterfieldcountysc.com/ordinances,2026-09-28,2026-06-01,"County ordinances register lists Ord. 25-26-23 Ordinance Imposing a Temporary Moratorium on Data Centers, adopted 2026-06-01 (follows Emergency Ord. 25-26-24, 2026-04-06); PDF is scanned image"
1,45027,"Clarendon County, South Carolina",SC,label_positive_circular_support,census_only,D,Clarendon County moratorium | 2026-09-14 | active | https://mjbommar.github.io/moratorium-data-2026/states/south-carolina.html,moratorium,2026-09-14,active,sc-clarendon-county-2026,Ordinance 2026-18 (Clarendon County Council),"""Clarendon County"" SC ""Ordinance 2026-18 (Clarendon County Council)"" site:.gov OR minutes OR agenda",,,,,,,
1,45039,"Fairfield County, South Carolina",SC,label_positive_circular_support,census_only,D,Fairfield County moratorium | 2026-09-14 | active | https://mjbommar.github.io/moratorium-data-2026/states/south-carolina.html,moratorium,2026-09-14,active,sc-fairfield-county-2026,Ordinance No. 856 (Fairfield County Council),"""Fairfield County"" SC ""Ordinance No. 856 (Fairfield County Council)"" site:.gov OR minutes OR agenda",,,,,,,
1,45055,"Kershaw County, South Carolina",SC,label_positive_circular_support,census_only,D,Kershaw County moratorium | 2026-09 | active | https://mjbommar.github.io/moratorium-data-2026/states/south-carolina.html,moratorium,2026-09-22,active,sc-kershaw-county-2026,Kershaw County Council data center/cryptocurrency mining/data processing facilities moratorium ordinance (ordinance number not located in reviewed sources),"""Kershaw County"" SC ""Kershaw County Council data center/cryptocurrency mining/dat"" site:.gov OR minutes OR agenda",,,,,,,
1,45059,"Laurens County, South Carolina",SC,label_positive_circular_support,census_only,D,Laurens County moratorium | 2026-09-14 | active | https://mjbommar.github.io/moratorium-data-2026/states/south-carolina.html,moratorium,2026-09-14,active,sc-laurens-county-2026,Laurens County Council data center moratorium ordinance (ordinance number not located in reviewed sources); sponsored by Vice Chairman Matthew Brownlee,"""Laurens County"" SC ""Laurens County Council data center moratorium ordinance (ord"" site:.gov OR minutes OR agenda",,,,,,,
1,45085,"Sumter County, South Carolina",SC,label_positive_circular_support,census_only,D,Sumter County moratorium | 2026-08-11 | active | https://mjbommar.github.io/moratorium-data-2026/states/south-carolina.html,moratorium,2026-08-11,active,sc-sumter-county-2026,"Emergency Ordinance 26-1049 (60-day moratorium on BESS, data centers, and solar farms, approved and effective June 23, 2026, since lapsed); superseded by Ordinances 26-1050 (Solar), 26-1051 (BESS), and 26-1052 (Data Centers), each imposing ","""Sumter County"" SC ""Emergency Ordinance 26-1049 (60-day moratorium on BESS, data"" site:.gov OR minutes OR agenda",,,,,,,
1,47019,"Carter County, Tennessee",TN,label_positive_circular_support,census_only,D,Carter County moratorium | 2026-08-17 | active | https://mjbommar.github.io/moratorium-data-2026/states/tennessee.html,moratorium,2026-08-17,active,tn-carter-county-2026,Carter County Commission motion/resolution imposing a one-year moratorium on AI data centers and cryptocurrency mining centers (instrument number not published),"""Carter County"" TN ""Carter County Commission motion/resolution imposing a one-ye"" site:.gov OR minutes OR agenda",,,,,,,
1,47029,"Cocke County, Tennessee",TN,label_positive_circular_support,census_only,D,Cocke County moratorium | 2026-06-15 | active | https://mjbommar.github.io/moratorium-data-2026/states/tennessee.html,moratorium,2026-06-15,active,tn-cocke-county-2026,"Cocke County Legislative Body resolution imposing a moratorium on ""data center facilities"", defined to include data processing, data mining, cryptocurrency mining, and lithium-ion battery energy storage systems (number not published)","""Cocke County"" TN ""Cocke County Legislative Body resolution imposing a moratori"" site:.gov OR minutes OR agenda",,,,,,,
1,47035,"Cumberland County, Tennessee",TN,label_positive_circular_support,census_only,D,Cumberland County moratorium | 2026-06-15 | active | https://mjbommar.github.io/moratorium-data-2026/states/tennessee.html,moratorium,2026-06-15,active,tn-cumberland-county-2026,Resolution 06-2026-31 (County Powers Act authority established by companion Resolution 06-2026-30),"""Cumberland County"" TN ""Resolution 06-2026-31 (County Powers Act authority establish"" site:.gov OR minutes OR agenda",,,,,,,
1,47119,"Maury County, Tennessee",TN,label_positive_circular_support,census_only,D,Maury County moratorium | 2026-07-20 | active | https://mjbommar.github.io/moratorium-data-2026/states/tennessee.html,moratorium,2026-07-20,active,tn-maury-county-2026,"Maury County Commission resolution imposing a temporary moratorium on accepting, reviewing, and approving new data center proposals in unincorporated areas (number not published)","""Maury County"" TN ""Maury County Commission resolution imposing a temporary mora"" site:.gov OR minutes OR agenda",,,,,,,
1,47143,"Rhea County, Tennessee",TN,label_positive_circular_support,census_only,D,Rhea County moratorium | 2026-07-21 | active | https://mjbommar.github.io/moratorium-data-2026/states/tennessee.html,moratorium,2026-07-21,active,tn-rhea-county-2026,"Rhea County Commission resolution enacting a temporary moratorium on the construction, development, establishment, or operation of data centers and cryptocurrency mining facilities (number not published)","""Rhea County"" TN ""Rhea County Commission resolution enacting a temporary morat"" site:.gov OR minutes OR agenda",,,,,,,
1,47189,"Wilson County, Tennessee",TN,label_positive_circular_support,census_only,D,Wilson County moratorium | 2026-07-20 | active | https://mjbommar.github.io/moratorium-data-2026/states/tennessee.html,moratorium,2026-07-20,active,tn-wilson-county-2026,"Wilson County Commission resolution imposing a temporary six-month moratorium on land use, zoning, building, site plan, and conditional use permit applications for data centers and high-density computing facilities (over 250 W/sq ft, includ","""Wilson County"" TN ""Wilson County Commission resolution imposing a temporary six"" site:.gov OR minutes OR agenda",,,,,,,
1,48015,"Austin County, Texas",TX,label_positive_circular_support,census_only,D,Austin County moratorium | 2026-07-27 | active | https://mjbommar.github.io/moratorium-data-2026/states/texas.html,moratorium,2026-07-27,active,tx-austin-county-2026,"Order of Austin County, Texas, Regarding Battery Energy Storage Systems and Data Centers Health and Safety Review, adopted by the Commissioners Court on 2026-07-27 under Texas Health and Safety Code section 121.003 and Texas Local Governmen","""Austin County"" TX ""Order of Austin County, Texas, Regarding Battery Energy Stor"" site:.gov OR minutes OR agenda",,,,,,,
1,49039,"Sanpete County, Utah",UT,label_positive_circular_support,census_only,D,Sanpete County moratorium | 2026-08-04 | active | https://mjbommar.github.io/moratorium-data-2026/states/utah.html,moratorium,2026-08-04,active,ut-sanpete-county-2026,"Temporary land use regulation/moratorium approved by the Sanpete County Commission on August 4, 2026, under Utah's temporary land use regulation statute; mirrors a similar six-month moratorium the county adopted on commercial solar farm dev","""Sanpete County"" UT ""Temporary land use regulation/moratorium approved by the San"" site:.gov OR minutes OR agenda",,,,,,,
1,49055,"Wayne County, Utah",UT,label_positive_circular_support,census_only,D,Wayne County moratorium | 2026-07-08 | active | https://mjbommar.github.io/moratorium-data-2026/states/utah.html,moratorium,2026-07-08,active,ut-wayne-county-2026,"Resolution 2026-04, Wayne County Commission","""Wayne County"" UT ""Resolution 2026-04, Wayne County Commission"" site:.gov OR minutes OR agenda",,,,,,,
1,53037,"Kittitas County, Washington",WA,label_positive_circular_support,census_only,D,Kittitas County moratorium | 2026-08-10 | extended | https://mjbommar.github.io/moratorium-data-2026/states/washington.html,moratorium,2026-08-10,extended,wa-kittitas-county-2026,"Kittitas County Board of Commissioners resolution, adopted 2026-08-10, imposing an emergency six-month moratorium on acceptance/processing/review/approval of data center land-use applications in unincorporated Kittitas County under RCW 36.7","""Kittitas County"" WA ""Kittitas County Board of Commissioners resolution, adopted 2"" site:.gov OR minutes OR agenda",,,,,,,
1,53043,"Lincoln County, Washington",WA,label_positive_circular_support,census_only,D,Lincoln County moratorium | 2026-09 | active | https://mjbommar.github.io/moratorium-data-2026/states/washington.html,moratorium,2026-09,active,wa-lincoln-county-2026,Ordinance 26-02,"""Lincoln County"" WA ""Ordinance 26-02"" site:.gov OR minutes OR agenda",,,,,,,
1,53053,"Pierce County, Washington",WA,label_positive_circular_support,census_only,D,Pierce County moratorium | 2026-08-25 | active | https://mjbommar.github.io/moratorium-data-2026/states/washington.html,moratorium,2026-08-25,active,wa-pierce-county-2026,"Pierce County Emergency Ordinance No. 2026-557, passed by the County Council 2026-08-25 (6-1); emergency ordinances require a 5-of-7 supermajority","""Pierce County"" WA ""Pierce County Emergency Ordinance No. 2026-557, passed by th"" site:.gov OR minutes OR agenda",meeting_portal,county_site,hit,https://online.co.pierce.wa.us/cfapps/council/iview/proposal.cfm?proposal_num=O2026-557,2026-09-28,2026-08-25,"Emergency Ord. O2026-557 passed 2026-08-25 (6-1), effective 2026-08-27; moratorium on siting/expansion of certain data centers under RCW 36.70A.390; Pierce County Council legislative record"
1,53057,"Skagit County, Washington",WA,label_positive_circular_support,census_only,D,Skagit County moratorium | 2026-06-01 | active | https://mjbommar.github.io/moratorium-data-2026/states/washington.html,moratorium,2026-06-01,active,wa-skagit-county-2026,Board of County Commissioners action under RCW 36.70A.390 (interim zoning control); public hearing held 2026-07-14,"""Skagit County"" WA ""Board of County Commissioners action under RCW 36.70A.390 (i"" site:.gov OR minutes OR agenda",meeting_portal,county_site,hit,https://www.skagitcounty.net/Departments/Home/press/060126.htm,2026-09-28,2026-06-01,"Board of County Commissioners adopted moratorium on new data centers (>2,000 sf or >=2 MW) in unincorporated county 2026-06-01; hearing set 2026-07-14; county press release on official site, ordinance no. not stated"
1,53059,"Skamania County, Washington",WA,label_positive_circular_support,census_only,D,Skamania County moratorium | 2026-08-18 | active | https://mjbommar.github.io/moratorium-data-2026/states/washington.html,moratorium,2026-08-18,active,wa-skamania-county-2026,"Skamania County Resolution 2026-22, 'Moratorium on Data Centers,' adopted unanimously 2026-08-18 under RCW 36.70A.390; because no hearing was held before adoption, a public hearing must be held within 60 days (by 2026-10-17)","""Skamania County"" WA ""Skamania County Resolution 2026-22, 'Moratorium on Data Cent"" site:.gov OR minutes OR agenda",,,,,,,
1,53077,"Yakima County, Washington",WA,label_positive_circular_support,census_only,D,Yakima County moratorium | 2026-08-11 | active | https://mjbommar.github.io/moratorium-data-2026/states/washington.html,moratorium,2026-08-11,active,wa-yakima-county-2026,"Yakima County Resolution No. 210-2026, adopted 2026-08-11, declaring a zoning moratorium on placement of data centers within unincorporated Yakima County","""Yakima County"" WA ""Yakima County Resolution No. 210-2026, adopted 2026-08-11, d"" site:.gov OR minutes OR agenda",,,,,,,
1,55017,"Chippewa County, Wisconsin",WI,label_positive_circular_support,census_only,D,Chippewa County moratorium | 2026-08-11 | active | https://mjbommar.github.io/moratorium-data-2026/states/wisconsin.html,moratorium,2026-08-11,active,wi-chippewa-county-2026,"Chippewa County data center moratorium ordinance (ordinance number not located in reviewed sources), enacted via the county's zoning ordinances","""Chippewa County"" WI ""Chippewa County data center moratorium ordinance (ordinance "" site:.gov OR minutes OR agenda",,,,,,,
1,55029,"Door County, Wisconsin",WI,label_positive_circular_support,census_only,D,Door County moratorium | 2026-05-26 | active | https://mjbommar.github.io/moratorium-data-2026/states/wisconsin.html,moratorium,2026-05-26,active,wi-door-county-2026,Resolution 2026-41 (Door County Board of Supervisors),"""Door County"" WI ""Resolution 2026-41 (Door County Board of Supervisors)"" site:.gov OR minutes OR agenda",,,,,,,
1,55045,"Green County, Wisconsin",WI,label_positive_circular_support,census_only,D,Green County moratorium | 2026-07-14 | active | https://mjbommar.github.io/moratorium-data-2026/states/wisconsin.html,moratorium,2026-07-14,active,wi-green-county-2026,Ordinance 26-0703 (Green County Board),"""Green County"" WI ""Ordinance 26-0703 (Green County Board)"" site:.gov OR minutes OR agenda",,,,,,,
1,55081,"Monroe County, Wisconsin",WI,label_positive_circular_support,census_only,D,Monroe County moratorium | 2026-07-21 | active | https://mjbommar.github.io/moratorium-data-2026/states/wisconsin.html,moratorium,2026-07-21,active,wi-monroe-county-2026,Resolution 07-26-04 (Monroe County Board),"""Monroe County"" WI ""Resolution 07-26-04 (Monroe County Board)"" site:.gov OR minutes OR agenda",,,,,,,
1,55095,"Polk County, Wisconsin",WI,label_positive_circular_support,census_only,D,Polk County moratorium | 2026-08-18 | active | https://mjbommar.github.io/moratorium-data-2026/states/wisconsin.html,moratorium,2026-08-18,active,wi-polk-county-2026,Resolution 29-26 (creating Polk County Code Ch. 42-41),"""Polk County"" WI ""Resolution 29-26 (creating Polk County Code Ch. 42-41)"" site:.gov OR minutes OR agenda",,,,,,,
1,55113,"Sawyer County, Wisconsin",WI,label_positive_circular_support,census_only,D,Sawyer County moratorium | 2026-08 | active | https://mjbommar.github.io/moratorium-data-2026/states/wisconsin.html,moratorium,2026-08,active,wi-sawyer-county-2026,Data Center and Associated Infrastructure Moratorium Ordinance (Resolution No. 2026-31),"""Sawyer County"" WI ""Data Center and Associated Infrastructure Moratorium Ordinan"" site:.gov OR minutes OR agenda",,,,,,,
1,55109,"St. Croix County, Wisconsin",WI,label_positive_circular_support,census_only,D,St. Croix County moratorium | 2026-09-01 | active | https://mjbommar.github.io/moratorium-data-2026/states/wisconsin.html,moratorium,2026-09-01,active,wi-st-croix-county-2026,"St. Croix County data center moratorium ordinance (ordinance number not located in reviewed sources), adopted alongside related zoning-definition amendments for data centers","""St. Croix County"" WI ""St. Croix County data center moratorium ordinance (ordinance"" site:.gov OR minutes OR agenda",,,,,,,
2,02020,"Anchorage Municipality, Alaska",AK,label_positive_no_support,tracker,U,Anchorage | 2026-03-27 | passed | https://www.dwt.com/blogs/energy--environmental-law-blog/2026/04/anchorage-adopts-data-center-framework,,,,,,"""Anchorage Municipality"" AK data center moratorium ordinance site:.gov OR minutes OR agenda",,,,,,,
2,01043,"Cullman County, Alabama",AL,label_positive_no_support,tracker,U,Cullman City Council | 2026-06-22 | passed | https://www.wbrc.com/2026/06/26/cullman-city-council-unanimously-passes-12-month-temporary-moratorium-data-centers/,,,,,,"""Cullman County"" AL data center moratorium ordinance site:.gov OR minutes OR agenda",,,,,,,
2,01073,"Jefferson County, Alabama",AL,label_positive_no_support,tracker,U,Tarrant Approves 12 - Month Moratorium on Data Centers | 2026-09-09 | passed | https://abc3340.com/news/local/alabama-tarrant-approves-12-month-moratorium-on-data-centers-mayor-tracie-threadford-september-2026 || Bessemer | 2026-07-13 | approved | https://insideclimatenews.org/news/25092025/naacp-opposes-massive-alabama-data-center/ || Bessemer (900-acre expansion) | 2026-04-21 | approved | https://insideclimatenews.org/news/11052025/bessemer-alabama-proposed-data-center/,,,,,,"""Jefferson County"" AL data center moratorium ordinance site:.gov OR minutes OR agenda",meeting_portal,city_site,hit,https://www.birminghamal.gov/news/city-birmingham-approves-alabamas-toughest-zoning-ordinance-establishing-20-point-community-protections-data-center-development,2026-09-28,2026-06-09,"City of Birmingham official release: City Council approved data center zoning ordinance ZAC2026-00001 on 2026-06-09 (20 conditions incl. 500 ft residential setbacks, 5-acre minimum lot)"
2,01117,"Shelby County, Alabama",AL,label_positive_no_support,tracker,U,Columbiana (Shelby County) | 2026-02-17 | passed | https://www.wbrc.com/2026/02/18/columbiana-passes-new-zoning-restrictions-data-centers/,,,,,,"""Shelby County"" AL data center moratorium ordinance site:.gov OR minutes OR agenda",,,,,,,
2,05015,"Carroll County, Arkansas",AR,label_positive_no_support,tracker,D,"Carroll County | 2026-06-17 | passed | {'url': 'https://www.ky3.com/2026/06/17/carroll-county-unanimously-passes-1-year-moratorium-data-centers-other-high-intensity-digital-infrastructure-facilities/', 'title': 'Carroll County unanimously passes 1-year moratorium on data centers - KY3'}",,,,ar-carroll-county-2026,Emergency Ordinance 2026-17,"""Carroll County"" AR ""Emergency Ordinance 2026-17"" site:.gov OR minutes OR agenda",,,,,,,
2,05119,"Pulaski County, Arkansas",AR,label_positive_no_support,tracker,U,"Little Rock (citywide data center regulations approved), AR | 2026-06-03 | passed | {'url': 'https://arkansasadvocate.com/2026/06/03/arkansas-largest-city-approves-new-data-center-ordinance/', 'title': ""Arkansas's largest city approves new data center ordinance""} || Little Rock | 2025-06-01 | approved | https://arkansasadvocate.com/2025/07/30/two-arkansas-cities-chase-data-center-gold-but-might-be-competing-against-each-other/",,,,,,"""Pulaski County"" AR data center moratorium ordinance site:.gov OR minutes OR agenda",,,,,,,
2,05143,"Washington County, Arkansas",AR,label_positive_no_support,tracker,U,"Fayetteville (data center conditional-use amendments proposed), AR | 2026-06-16 | passed | {'url': 'https://www.nwaonline.com/news/2026/jun/09/fayetteville-city-council-working-to-beef-up/', 'title': 'Fayetteville council working to beef up data center regulations (NWA Democrat-Gazette)'}",,,,,,"""Washington County"" AR data center moratorium ordinance site:.gov OR minutes OR agenda",,,,,,,
2,04003,"Cochise County, Arizona",AZ,label_positive_no_support,tracker,U,Cochise County | 2026-04-07 | passed | https://news.azpm.org/p/azpmnews/2026/4/10/229272-cochise-county-will-regulate-data-centers-but-some-residents-want-more/,,,,,,"""Cochise County"" AZ data center moratorium ordinance site:.gov OR minutes OR agenda",meeting_portal,county_site,hit,https://www.cochise.az.gov/m/newsflash/home/detail/418,2026-09-28,,"Cochise County official news flash: Board of Supervisors approved Ordinance 26-09 establishing data center siting framework (Special Use Authorization, water/infrastructure standards); exact adoption date not stated"
2,04013,"Maricopa County, Arizona",AZ,label_positive_no_support,tracker,U,"Goodyear | 2026-07-06 | passed | https://www.westvalleyview.com/news/goodyear-updates-zoning-ordinance/article_77028a57-b824-4794-92f5-f981749e0570.html || Surprise (Maricopa County) | 2026-05-06 | approved | https://ktar.com/arizona-business/valley-data-center-scrutiny/5812647/ || Maricopa County Board of Supervisors (Project Baccara military compatibility permit near L | 2026-05-06 | approved | {'url': 'https://www.12news.com/article/news/local/valley/maricopa-county-board-approves-10b-data-center-amid-public-outcry-cites-luke-air-force-base-approval/75-39605871-4fad-4856-b439-6d6736465d19', 'title': 'Maricopa County approves $10B data center amid outcry'}",,,,,,"""Maricopa County"" AZ data center moratorium ordinance site:.gov OR minutes OR agenda",,,,,,,
2,06013,"Contra Costa County, California",CA,label_positive_no_support,tracker,U,City of Oakley | 2026-04-15 | passed | https://www.kqed.org/news/2026/04/15/oakley-first-bay-area-city-data-center-moratorium/,,,,,,"""Contra Costa County"" CA data center moratorium ordinance site:.gov OR minutes OR agenda",,,,,,,
2,06065,"Riverside County, California",CA,label_positive_no_support,tracker,U,Coachella | 2026-06-04 | passed | https://kesq.com/news/2026/04/22/more-than-100-residents-protest-proposed-data-center-at-coachella-city-council-meeting/,,,,,,"""Riverside County"" CA data center moratorium ordinance site:.gov OR minutes OR agenda",,,,,,,
2,08013,"Boulder County, Colorado",CO,label_positive_no_support,tracker,D,"Longmont | 2026-06-09 | passed | {'url': 'https://www.denver7.com/news/local-news/longmont-considers-ban-on-hyperscale-data-centers-amid-growing-energy-and-water-concerns', 'title': 'Longmont considers ban on hyperscale data centers amid growing energy and water concerns'}",,,,co-boulder-county-2026,"Boulder County resolution imposing a temporary moratorium on processing Data and Detention Center applications, authorized at the Board of County Commissioners' June 2, 2026 Business Meeting, per the County's own official website (boulderco","""Boulder County"" CO ""Boulder County resolution imposing a temporary moratorium on"" site:.gov OR minutes OR agenda",meeting_portal,county_site,hit,https://bouldercounty.gov/news/data-centers-and-detention-centers-commissioners-declare-moratorium/,2026-09-28,2026-06-02,Boulder County official release: Commissioners unanimously passed temporary moratorium (up to 6 months) on data center and detention center planning applications at 2026-06-02 Business Meeting; resolution no. not stated
2,08031,"Denver County, Colorado",CO,label_positive_no_support,tracker,U,"Denver | 2026-05-18 | passed | {'url': 'https://denverite.com/2026/05/18/denver-data-center-moratorium-passes-ban/', 'title': 'Denver data center moratorium passes'}",,,,,,"""Denver County"" CO data center moratorium ordinance site:.gov OR minutes OR agenda",,,,,,,
2,08119,"Teller County, Colorado",CO,label_positive_no_support,tracker,U,"Woodland Park (18-month data center moratorium), CO | 2026-07-16 | passed | https://gazette.com/2026/07/17/woodland-park-passes-moratorium-on-data-centers/",,,,,,"""Teller County"" CO data center moratorium ordinance site:.gov OR minutes OR agenda",,,,,,,
2,08123,"Weld County, Colorado",CO,label_positive_no_support,tracker,U,Weld County | 2026-04-06 | passed | https://www.denvergazette.com/2026/02/27/weld-county-wades-into-data-center-issue/,,,,,,"""Weld County"" CO data center moratorium ordinance site:.gov OR minutes OR agenda",,,,,,,
2,10003,"New Castle County, Delaware",DE,label_positive_no_support,tracker,U,New Castle County | 2026-03-11 | passed | https://spotlightdelaware.org/2026/03/19/new-data-center-regulations-go-into-effect-but-not-for-del-city-proposal/ || New Castle County | 2026-02-04 | active | https://www.delawarepublic.org/science-health-tech/2026-02-25/starwood-appeals-denial-of-permit-for-data-center-in-ncc || Newark | 2026-01-30 | active | https://www.newarkpostonline.com/news/data-center-complex-proposed-near-newark/article_25f31b5b-71d7-4975-9ace-213c3dbf35ff.html,,,,,,"""New Castle County"" DE data center moratorium ordinance site:.gov OR minutes OR agenda",,,,,,,
2,12097,"Osceola County, Florida",FL,label_positive_no_support,tracker,U,Osceola County | 2024-10-01 | active | https://www.datacenterdynamics.com/en/news/company-seeks-to-rezone-434-acres-for-data-center-in-osceola-county-florida/,,,,,,"""Osceola County"" FL data center moratorium ordinance site:.gov OR minutes OR agenda",,,,,,,
2,12099,"Palm Beach County, Florida",FL,label_positive_no_support,tracker,D,Palm Beach County commissioners unanimously approve moratorium on new hyperscale AI data c | 2026-09-24 | passed | https://www.wflx.com/2026/09/24/palm-beach-county-commissioners-unanimously-approve-moratorium-new-hyperscale-ai-data-centers/,,,,fl-palm-beach-county-2026,"Board of County Commissioners zoning-in-progress directive, 2026-07-07 (formal ordinance not yet adopted as of the reviewed sources)","""Palm Beach County"" FL ""Board of County Commissioners zoning-in-progress directive, "" site:.gov OR minutes OR agenda",,,,,,,
2,12103,"Pinellas County, Florida",FL,label_positive_no_support,tracker,U,Pinellas Park Halts Data Center Projects With Year - Long Moratorium | 2026-08-17 | passed | https://995qyk.com/2026/08/17/pinellas-park-halts-data-center-projects-with-year-long-moratorium/,,,,,,"""Pinellas County"" FL data center moratorium ordinance site:.gov OR minutes OR agenda",,,,,,,
2,12129,"Wakulla County, Florida",FL,label_positive_no_support,tracker,U,Wakulla County commissioners approve ordinance prohibiting data centers | 2026-09-22 | passed | https://www.wctv.tv/2026/09/22/wakulla-county-commissioners-approve-ordinance-prohibiting-data-centers/,,,,,,"""Wakulla County"" FL data center moratorium ordinance site:.gov OR minutes OR agenda",,,,,,,
2,13039,"Camden County, Georgia",GA,label_positive_no_support,tracker,D,"Camden County | 2026-05-05 | passed | {'url': 'https://www.wabe.org/camden-becomes-first-county-on-the-coast-to-adopt-data-center-moratorium/', 'title': 'Camden becomes first county on the coast to adopt data center moratorium'}",,,,ga-camden-county-2026,"Camden County Board of Commissioners resolution adopting a 6-month moratorium on data centers, adopted May 5, 2026 with the exclusion of sections 4, 5, 6, and 7 of the proposal as originally drafted by District 3 Commissioner Cody Smith.","""Camden County"" GA ""Camden County Board of Commissioners resolution adopting a 6"" site:.gov OR minutes OR agenda",,,,,,,
2,13099,"Early County, Georgia",GA,label_positive_no_support,tracker,U,Blakely (Early County) | 2026-03-01 | active | https://www.datacenterdynamics.com/en/news/qts-targets-two-data-center-campuses-in-georgia/,,,,,,"""Early County"" GA data center moratorium ordinance site:.gov OR minutes OR agenda",,,,,,,
2,13113,"Fayette County, Georgia",GA,label_positive_no_support,tracker,U,Fayetteville | 2026-01-27 | passed | https://thecitizen.com/2026/01/28/fayetteville-planning-commission-denies-data-center/,,,,,,"""Fayette County"" GA data center moratorium ordinance site:.gov OR minutes OR agenda",,,,,,,
2,13117,"Forsyth County, Georgia",GA,label_positive_no_support,tracker,U,Forsyth County | 2025-10-01 | passed | https://www.gpb.org/news/2025/10/22/wave-of-data-center-ordinances-sweep-through-ga-counties-how-strict-are-they,,,,,,"""Forsyth County"" GA data center moratorium ordinance site:.gov OR minutes OR agenda",,,,,,,
2,13121,"Fulton County, Georgia",GA,label_positive_no_support,tracker,U,Roswell | 2026-01-12 | passed | https://www.wabe.org/roswell-enacts-moratorium-on-new-data-centers/ || City of South Fulton | 2025-09-22 | passed | https://atlanta.capitalbnews.org/black-community-in-south-fulton-fight-georgias-data-center-boom/ || City of Atlanta | 2024-09-01 | passed | https://www.gpb.org/news/2024/09/04/atlanta-city-council-bans-data-centers-along-beltline,,,,,,"""Fulton County"" GA data center moratorium ordinance site:.gov OR minutes OR agenda",,,,,,,
2,13123,"Gilmer County, Georgia",GA,label_positive_no_support,tracker,U,Gilmer County | 2024-11-01 | passed | https://www.gpb.org/news/2025/12/04/the-costs-of-crypto-mining-in-georgia-will-it-be-regulated-along-new-data-center,,,,,,"""Gilmer County"" GA data center moratorium ordinance site:.gov OR minutes OR agenda",,,,,,,
2,13127,"Glynn County, Georgia",GA,label_positive_no_support,tracker,U,Glynn County Board of Commissioners | 2026-04-16 | passed | https://thecurrentga.org/2026/04/15/glynn-county-to-vote-on-zoning-residents-ask-to-delay-data-center-rule/,,,,,,"""Glynn County"" GA data center moratorium ordinance site:.gov OR minutes OR agenda",,,,,,,
2,13151,"Henry County, Georgia",GA,label_positive_no_support,tracker,U,Henry County | 2026-01-06 | active | https://www.atlantanewsfirst.com/2026/01/06/henry-county-commissioners-look-put-guardrails-any-future-data-centers/,,,,,,"""Henry County"" GA data center moratorium ordinance site:.gov OR minutes OR agenda",,,,,,,
2,13245,"Richmond County, Georgia",GA,label_positive_no_support,tracker,D,Augusta | 2026-07-21 | passed | https://theaugustapress.com/augusta-moves-toward-data-center-moratorium/,,,,,,"""Richmond County"" GA data center moratorium ordinance site:.gov OR minutes OR agenda",,,,,,,
2,13255,"Spalding County, Georgia",GA,label_positive_no_support,tracker,U,Griffin (Spalding County) | 2026-01-13 | passed | https://www.griffindailynews.com/news/griffin-puts-180-day-moratorium-on-data-centers-and-other-technological-facilities/article_a57b3fe6-cedf-54ec-8a84-a66c93da27da.html,,,,,,"""Spalding County"" GA data center moratorium ordinance site:.gov OR minutes OR agenda",,,,,,,
2,13297,"Walton County, Georgia",GA,label_positive_no_support,tracker,U,Social Circle | 2025-09-18 | passed | https://www.wsbtv.com/news/local/walton-county/city-social-circle-bans-new-data-center-applications-90-days/JGRPK34JC5AGRA5V5KH6YCXVWA/,,,,,,"""Walton County"" GA data center moratorium ordinance site:.gov OR minutes OR agenda",,,,,,,
2,19045,"Clinton County, Iowa",IA,label_positive_no_support,tracker,U,Clinton County | 2025-12-08 | active | https://www.clintonherald.com/news/county-supervisors-place-moratorium-on-wind-project-applications/article_1a96408a-29d3-11ef-9b45-47e3bc50532b.html,,,,,,"""Clinton County"" IA data center moratorium ordinance site:.gov OR minutes OR agenda",,,,,,,
2,16001,"Ada County, Idaho",ID,label_positive_no_support,tracker,U,Ada County | 2025-11-01 | passed | https://adacounty.id.gov/blog/news/zoning-ordinance-update-public-hearing/,,,,,,"""Ada County"" ID data center moratorium ordinance site:.gov OR minutes OR agenda",,,,,,,
2,17029,"Coles County, Illinois",IL,label_positive_no_support,tracker,U,Mattoon City Council passes moratorium on data center development - The Daily Eastern News | 2026-09-23 | passed | https://www.dailyeasternnews.com/2026/09/22/mattoon-city-council-passes-moratorium-on-data-center-development/,,,,,,"""Coles County"" IL data center moratorium ordinance site:.gov OR minutes OR agenda",,,,,,,
2,17091,"Kankakee County, Illinois",IL,label_positive_no_support,tracker,U,Essex | 2025-11-01 | active | https://www.thecentersquare.com/illinois/article_05a303b2-1a7c-430a-ab7f-8a7c9ed27437.html,,,,,,"""Kankakee County"" IL data center moratorium ordinance site:.gov OR minutes OR agenda",,,,,,,
2,17099,"LaSalle County, Illinois",IL,label_positive_no_support,tracker,U,Ottawa | 2026-03-03 | passed | https://www.shawlocal.com/illinois-valley/2026/03/11/ottawa-city-council-establishes-six-month-moratorium-on-data-centers/,,,,,,"""LaSalle County"" IL data center moratorium ordinance site:.gov OR minutes OR agenda",,,,,,,
2,17119,"Madison County, Illinois",IL,label_positive_no_support,tracker,U,Troy | 2026-03-12 | passed | https://www.timestribunenews.com/2026/03/13/troy-planning-commission-approves-six-month-moratorium-on-data-processing-centers/ || Village of Godfrey | 2026-01-20 | active | https://www.advantagenews.com/news/local/godfrey-studying-data-centers-approves-moratorium-on-applications/article_cc9c3ec6-d706-4de8-a61a-bbad49c78302.html,,,,,,"""Madison County"" IL data center moratorium ordinance site:.gov OR minutes OR agenda",,,,,,,
2,17113,"McLean County, Illinois",IL,label_positive_no_support,tracker,U,"Town of Normal, IL | 2026-05-18 | passed | {'url': 'https://www.25newsnow.com/2026/05/19/data-center-pauses-considered-normal-bloomington/', 'title': 'Data center pauses considered in Normal, Bloomington'}",,,,,,"""McLean County"" IL data center moratorium ordinance site:.gov OR minutes OR agenda",,,,,,,
2,17179,"Tazewell County, Illinois",IL,label_positive_no_support,tracker,D,"Tazewell County Board, IL | 2026-05-07 | passed | {'url': 'https://www.25newsnow.com/2026/05/07/tazewell-county-board-votes-land-amendment-crafts-data-center-ordinance/', 'title': 'Tazewell County Board votes land amendment'}",,,,il-tazewell-county-2026,"Zoning code amendment prohibiting any land use not explicitly allowed under the code or by supplemental ordinance, adopted 2026-04-29","""Tazewell County"" IL ""Zoning code amendment prohibiting any land use not explicitl"" site:.gov OR minutes OR agenda",,,,,,,
2,17197,"Will County, Illinois",IL,label_positive_no_support,tracker,U,Plainfield | 2026-04-21 | passed | https://patch.com/illinois/plainfield/data-center-moratorium-imposed-plainfield-after-unanimous-village-board-vote,,,,,,"""Will County"" IL data center moratorium ordinance site:.gov OR minutes OR agenda",,,,,,,
2,17201,"Winnebago County, Illinois",IL,label_positive_no_support,tracker,U,Rockford | 2025-11-01 | active | https://www.change.org/p/oppose-high-impact-data-center-development-and-demand-sustainable-growth-for-rockford-il,,,,,,"""Winnebago County"" IL data center moratorium ordinance site:.gov OR minutes OR agenda",,,,,,,
2,18019,"Clark County, Indiana",IN,label_positive_no_support,tracker,D,Clark County Commissioners approve data center moratorium | 2026-08-31 | passed | https://www.newsandtribune.com/news/clark-county-commissioners-approve-data-center-moratorium/article_75db5fbb-7271-4948-837d-c6dbfa79d9ab.html,,,,in-clark-county-2026,Ordinance approved by the Clark County Commissioners (unincorporated county); ordinance number not confirmed,"""Clark County"" IN ""Ordinance approved by the Clark County Commissioners (uninco"" site:.gov OR minutes OR agenda",,,,,,,
2,18027,"Daviess County, Indiana",IN,label_positive_no_support,tracker,U,"Washington City Council, IN | 2026-05-11 | passed | {'url': 'https://www.ipm.org/news/2026-05-12/washington-city-council-cancels-data-center-development-will-explore-moratorium', 'title': 'Washington City Council cancels data center development'}",,,,,,"""Daviess County"" IN data center moratorium ordinance site:.gov OR minutes OR agenda",,,,,,,
2,18043,"Floyd County, Indiana",IN,label_positive_no_support,tracker,U,New Albany | 2026-07-08 | passed | https://www.wdrb.com/news/new-albany-data-center-moratorium-heads-to-final-vote/article_ffbf5690-e759-4b6b-8be5-16d36fe5c253.html,,,,,,"""Floyd County"" IN data center moratorium ordinance site:.gov OR minutes OR agenda",,,,,,,
2,18075,"Jay County, Indiana",IN,label_positive_no_support,tracker,U,"Jay County | 2026-05-11 | passed | {'url': 'https://www.thecr.com/news/rules-approved-for-data-centers-and-battery-storage/article_d1e08843-27f1-4d1a-8ef3-742607be0bad.html', 'title': 'Rules approved for data centers and battery storage'}",,,,,,"""Jay County"" IN data center moratorium ordinance site:.gov OR minutes OR agenda",,,,,,,
2,18089,"Lake County, Indiana",IN,label_positive_no_support,tracker,U,Lake County | 2026-02-18 | passed | https://www.insideindianabusiness.com/articles/another-potential-data-center-entering-lake-county,,,,,,"""Lake County"" IN data center moratorium ordinance site:.gov OR minutes OR agenda",,,,,,,
2,18097,"Marion County, Indiana",IN,label_positive_no_support,tracker,U,"Indianapolis City-County Council (Metrobloks Martindale-Brightwood rezoning), IN | 2026-05-04 | approved | {'url': 'https://www.wfyi.org/wfyi-news/2026-05-04/metrobloks-data-center-gets-final-approval-for-martindale-brightwood', 'title': 'Metrobloks data center gets final approval for Martindale-Brightwood'} || Indiana (statewide rally/moratorium push) | 2026-02-24 | active | https://www.wboi.org/2026-03-02/at-a-pivotal-moment-for-data-centers-indiana-lawmakers-take-little-action",,,,,,"""Marion County"" IN data center moratorium ordinance site:.gov OR minutes OR agenda",,,,,,,
2,20045,"Douglas County, Kansas",KS,label_positive_no_support,tracker,U,City of Lawrence (Douglas County) | 2026-07-14 | passed | https://lawrencekstimes.com/2026/07/14/lawrencecitycomm-oks-2yr-moratorium/,,,,,,"""Douglas County"" KS data center moratorium ordinance site:.gov OR minutes OR agenda",,,,,,,
2,20091,"Johnson County, Kansas",KS,label_positive_no_support,tracker,U,Spring Hill | 2026-03-25 | active | https://fox4kc.com/news/spring-hill-residents-raise-concerns-over-rezoning-plan-for-data-center/,,,,,,"""Johnson County"" KS data center moratorium ordinance site:.gov OR minutes OR agenda",,,,,,,
2,21009,"Barren County, Kentucky",KY,label_positive_no_support,tracker,U,"Cave City Council, KY | 2026-07-20 | active | https://bgdailynews.com/2026/05/12/data-center-regulations-in-cave-city-voted-down-council-supports-moratorium/",,,,,,"""Barren County"" KY data center moratorium ordinance site:.gov OR minutes OR agenda",,,,,,,
2,21019,"Boyd County, Kentucky",KY,label_positive_no_support,tracker,D,"Boyd County (TeraWulf ""Muskie"" data campus opposition), KY | 2026-06-02 | passed | https://www.wsaz.com/2026/06/02/neighbors-ask-questions-address-concerns-data-center-town-hall/",,,,,,"""Boyd County"" KY data center moratorium ordinance site:.gov OR minutes OR agenda",,,,,,,
2,21059,"Daviess County, Kentucky",KY,label_positive_no_support,tracker,D,"Daviess County | 2026-05-28 | passed | {'url': 'https://www.owensborotimes.com/news/2026/05/daviess-county-fiscal-court-to-consider-1-year-moratorium-on-data-center-applications/', 'title': 'Daviess County Fiscal Court to consider 1-year moratorium on data center applications'}",,,,ky-daviess-county-2026,Fiscal Court order; order number not located in sources reviewed,"""Daviess County"" KY ""Fiscal Court order; order number not located in sources revi"" site:.gov OR minutes OR agenda",,,,,,,
2,21067,"Fayette County, Kentucky",KY,label_positive_no_support,tracker,U,"Lexington-Fayette Urban County (no incentives for DartPoints + council moratorium), KY | 2026-06-08 | active | {'url': 'https://www.wkyt.com/2026/06/08/dartpoints-data-center-coming-lexington-wont-get-city-incentives/', 'title': ""DartPoints data center won't get Lexington city incentives (WKYT)""}",,,,,,"""Fayette County"" KY data center moratorium ordinance site:.gov OR minutes OR agenda",,,,,,,
2,21091,"Hancock County, Kentucky",KY,label_positive_no_support,tracker,U,Hancock County (Hawesville) | 2026-02-02 | active | https://spectrumnews1.com/ky/louisville/news/2026/02/14/ai-database-hawesville,,,,,,"""Hancock County"" KY data center moratorium ordinance site:.gov OR minutes OR agenda",,,,,,,
2,21167,"Mercer County, Kentucky",KY,label_positive_no_support,tracker,D,Mercer County (moratorium) | 2026-02-19 | passed | https://www.wkyt.com/2026/02/17/mercer-county-residents-oppose-proposed-data-center-farmland/,,,,,,"""Mercer County"" KY data center moratorium ordinance site:.gov OR minutes OR agenda",,,,,,,
2,21239,"Woodford County, Kentucky",KY,label_positive_no_support,tracker,U,"Versailles | 2026-06-16 | passed | {'url': 'https://www.lex18.com/news/covering-kentucky/versailles-city-council-enacts-moratorium-on-data-centers-through-2026', 'title': 'Versailles City Council enacts moratorium on data centers through 2026 - LEX18'}",,,,,,"""Woodford County"" KY data center moratorium ordinance site:.gov OR minutes OR agenda",,,,,,,
2,22017,"Caddo Parish, Louisiana",LA,label_positive_no_support,tracker,U,Blanchard (North Caddo Parish) | 2026-03-03 | active | https://www.ksla.com/video/2026/03/02/rural-community-hosting-boycott-data-center-meeting/ || Shreveport (West) | 2025-12-03 | approved | https://www.ksla.com/2025/12/06/shreveport-planning-commission-denies-28-million-square-foot-data-center/,,,,,,"""Caddo Parish"" LA data center moratorium ordinance site:.gov OR minutes OR agenda",,,,,,,
2,22071,"Orleans Parish, Louisiana",LA,label_positive_no_support,tracker,U,New Orleans | 2026-01-28 | passed | https://www.fox8live.com/2026/01/29/new-orleans-council-bans-data-center-development/,,,,,,"""Orleans Parish"" LA data center moratorium ordinance site:.gov OR minutes OR agenda",,,,,,,
2,25011,"Franklin County, Massachusetts",MA,label_positive_no_support,tracker,U,Shutesbury | 2025-09-30 | active | https://recorder.com/2025/09/12/shutesbury-data-center-moratorium/,,,,,,"""Franklin County"" MA data center moratorium ordinance site:.gov OR minutes OR agenda",,,,,,,
2,25013,"Hampden County, Massachusetts",MA,label_positive_no_support,tracker,U,"City of Westfield (1-year data center moratorium, final vote) | 2026-07-06 | passed | https://www.westernmassnews.com/2026/07/07/westfield-votes-moratorium-data-centers/ || City of Holyoke | 2026-06-18 | passed | {'url': 'https://gazettenet.com/2026/06/17/holyoke-first-in-state-to-ban-development-of-ai-data-centers/', 'title': 'Holyoke first in state to ban development of AI data centers - Daily Hampshire Gazette'}",,,,,,"""Hampden County"" MA data center moratorium ordinance site:.gov OR minutes OR agenda",,,,,,,
2,25017,"Middlesex County, Massachusetts",MA,label_positive_no_support,tracker,U,Lowell | 2026-03-11 | passed | https://www.wbur.org/news/2026/04/06/data-centers-ai-massachusetts-pollution-pushback,,,,,,"""Middlesex County"" MA data center moratorium ordinance site:.gov OR minutes OR agenda",,,,,,,
2,23005,"Cumberland County, Maine",ME,label_positive_no_support,tracker,U,"Town of Scarborough (180-day data center moratorium enacted), ME | 2026-06-03 | passed | {'url': 'https://www.pressherald.com/2026/06/03/scarborough-town-council-imposes-data-center-moratorium/', 'title': 'Scarborough Town Council imposes data center moratorium'} || City of Westbrook (180-day data center moratorium enacted), ME | 2026-06-01 | passed | {'url': 'https://www.pressherald.com/2026/06/01/westbrook-city-council-approves-180-day-data-center-moratorium/', 'title': 'Westbrook City Council approves 180-day data center moratorium'} || Town of Brunswick (180-day data center moratorium), ME | 2026-06-01 | passed | {'url': 'https://www.pressherald.com/2026/06/01/brunswick-passes-data-center-moratorium/', 'title': 'Brunswick passes data center moratorium (Portland Press Herald)'}",,,,,,"""Cumberland County"" ME data center moratorium ordinance site:.gov OR minutes OR agenda",,,,,,,
2,23013,"Knox County, Maine",ME,label_positive_no_support,tracker,U,Town of Warren (180-day data center moratorium) | 2026-07-08 | passed | https://www.midcoastvillager.com/news/warren-voters-to-vote-july-8-on-data-center-moratorium/article_7866d875-1119-4649-919e-b99a5d0dd73c.html,,,,,,"""Knox County"" ME data center moratorium ordinance site:.gov OR minutes OR agenda",,,,,,,
2,23015,"Lincoln County, Maine",ME,label_positive_no_support,tracker,U,Wiscasset | 2025-11-04 | active | https://mainemorningstar.com/2026/02/23/as-data-centers-look-to-rural-new-england-maine-considers-a-moratorium/,,,,,,"""Lincoln County"" ME data center moratorium ordinance site:.gov OR minutes OR agenda",,,,,,,
2,23019,"Penobscot County, Maine",ME,label_positive_no_support,tracker,U,Bangor | 2026-04-13 | passed | https://www.bangordailynews.com/2026/04/06/bangor/bangor-government/bangor-data-center-moratorium/,,,,,,"""Penobscot County"" ME data center moratorium ordinance site:.gov OR minutes OR agenda",,,,,,,
2,23031,"York County, Maine",ME,label_positive_no_support,tracker,U,"Sanford | 2026-05-19 | passed | {'url': 'https://www.pressherald.com/2026/05/19/sanford-imposes-emergency-data-center-moratorium-halting-mousam-river-project/', 'title': 'Sanford imposes emergency data center moratorium, halting Mousam River project'}",,,,,,"""York County"" ME data center moratorium ordinance site:.gov OR minutes OR agenda",,,,,,,
2,26005,"Allegan County, Michigan",MI,label_positive_no_support,tracker,U,Saugatuck Township | 2026-02-01 | active | https://www.wkar.org/wkar-news/2026-02-27/michigan-data-center-tracker-moratoria-legislation-and-grid-impact || Dorr Township | 2026-01-01 | active | https://wwmt.com/news/local/microsoft-data-center-proposal-protest-processing-information-farm-life-community-dorr-township-allegan-county-west-michigan-infrastructure-development,,,,,,"""Allegan County"" MI data center moratorium ordinance site:.gov OR minutes OR agenda",,,,,,,
2,26021,"Berrien County, Michigan",MI,label_positive_no_support,tracker,U,New Buffalo Township | 2026-04-08 | passed | https://www.heraldpalladium.com/communities/new_buffalo/new-buffalo-township-moves-to-pause-data-centers/article_ae807e06-310b-5d6e-a346-f4952041d0a6.html,,,,,,"""Berrien County"" MI data center moratorium ordinance site:.gov OR minutes OR agenda",,,,,,,
2,26027,"Cass County, Michigan",MI,label_positive_no_support,tracker,U,"Porter Township Board (Cass County), MI | 2026-05-12 | passed | {'url': 'https://www.wndu.com/2026/05/13/porter-township-approves-one-year-moratorium-establish-data-center-guidelines/', 'title': 'Porter Township approves one-year moratorium'} || Penn Township Board (Cass County), MI | 2026-05-11 | passed | {'url': 'https://www.wndu.com/2026/05/12/officials-approve-30-day-moratorium-data-center-penn-township-residents-request-longer-term-option/', 'title': 'Penn Township 30-day moratorium approved'} || Cass County (Dowagiac) | 2025-12-01 | active | https://wwmt.com/news/local/cass-county-urges-more-transparency-data-center-development-new-resolution-dowagiac-hyperscale-energy-water-cooling-noise",,,,,,"""Cass County"" MI data center moratorium ordinance site:.gov OR minutes OR agenda",,,,,,,
2,26029,"Charlevoix County, Michigan",MI,label_positive_no_support,tracker,U,Hayes Township | 2026-02-10 | active | https://www.interlochenpublicradio.org/ipr-news/2026-02-10/charlevoix-area-township-passes-data-center-moratorium,,,,,,"""Charlevoix County"" MI data center moratorium ordinance site:.gov OR minutes OR agenda",,,,,,,
2,26033,"Chippewa County, Michigan",MI,label_positive_no_support,tracker,U,Sault Ste. Marie Tribe of Chippewa Indians | 2026-04-07 | passed | https://michiganadvance.com/2026/04/10/community-pushback-prompts-sault-tribe-leadership-to-adopt-moratorium-on-data-centers/ || Clark Township | 2025-06-01 | active | https://www.wkar.org/wkar-news/2026-02-27/michigan-data-center-tracker-moratoria-legislation-and-grid-impact,,,,,,"""Chippewa County"" MI data center moratorium ordinance site:.gov OR minutes OR agenda",,,,,,,
2,26049,"Genesee County, Michigan",MI,label_positive_no_support,tracker,U,Grand Blanc Township | 2026-01-21 | active | https://www.wnem.com/2026/01/22/grand-blanc-twp-passes-moratorium-data-centers/,,,,,,"""Genesee County"" MI data center moratorium ordinance site:.gov OR minutes OR agenda",,,,,,,
2,26055,"Grand Traverse County, Michigan",MI,label_positive_no_support,tracker,U,Garfield Township enacts data center moratorium to buy time for research on restrictions | 2026-08-26 | passed | https://www.9and10news.com/2026/08/25/garfield-township-enacts-data-center-moratorium-to-buy-time-for-research-on-restrictions/,,,,,,"""Grand Traverse County"" MI data center moratorium ordinance site:.gov OR minutes OR agenda",,,,,,,
2,26061,"Houghton County, Michigan",MI,label_positive_no_support,tracker,U,Houghton | 2026-07-09 | passed | https://www.uppermichiganssource.com/2026/07/09/houghton-city-council-approves-temporary-data-center-moratorium/,,,,,,"""Houghton County"" MI data center moratorium ordinance site:.gov OR minutes OR agenda",,,,,,,
2,26065,"Ingham County, Michigan",MI,label_positive_no_support,tracker,U,"Lansing | 2026-07-15 | passed | https://www.michiganpublic.org/2026-07-15/lansing-passes-6-month-data-center-moratorium || Meridian Township | 2026-05-19 | passed | {'url': 'https://www.michiganpublic.org/politics-government/2026-05-20/why-one-michigan-township-just-rejected-data-centers-while-another-stays-open-to-them', 'title': 'Why one Michigan township just rejected data centers while another stays open to them'} || East Lansing | 2026-03-17 | passed | https://www.wkar.org/wkar-news/2026-03-18/east-lansing-passes-data-center-moratorium-while-evaluating-zoning-ordinances",,,,,,"""Ingham County"" MI data center moratorium ordinance site:.gov OR minutes OR agenda",,,,,,,
2,26077,"Kalamazoo County, Michigan",MI,label_positive_no_support,tracker,U,City of Portage | 2026-02-25 | enacted | https://wkzo.com/2026/02/25/894892/ || Oshtemo Township | 2026-01-01 | active | https://wwmt.com/news/local/oshtemo-charter-township-considers-data-center-moratorium-portage-ai-artificial-intelligence-debate-development-battery-energy-bess-west-michigan,,,,,,"""Kalamazoo County"" MI data center moratorium ordinance site:.gov OR minutes OR agenda",,,,,,,
2,26081,"Kent County, Michigan",MI,label_positive_no_support,tracker,U,Cascade Township | 2026-02-26 | passed | https://www.wzzm13.com/article/news/local/cascade-township-board-unanimously-approves-6-month-moratorium-data-center-approvals/69-77ed781c-e14a-4390-b8e4-cbe0234416a7 || Solon Township | 2026-02-01 | active | https://www.fox17online.com/news/local-news/rockford-cedar-springs-sparta/solon-township-approves-6-month-moratorium-on-data-center-proposals || Caledonia Township | 2026-01-01 | active | https://www.fox17online.com/news/local-news/kent/caledonia-township-puts-6-month-pause-on-data-center-development-to-review-industrial-standards,,,,,,"""Kent County"" MI data center moratorium ordinance site:.gov OR minutes OR agenda",,,,,,,
2,26093,"Livingston County, Michigan",MI,label_positive_no_support,tracker,U,Tyrone Township | 2025-12-02 | active | https://www.wkar.org/wkar-news/2026-02-27/michigan-data-center-tracker-moratoria-legislation-and-grid-impact,,,,,,"""Livingston County"" MI data center moratorium ordinance site:.gov OR minutes OR agenda",,,,,,,
2,26099,"Macomb County, Michigan",MI,label_positive_no_support,tracker,U,Washington Township (Macomb County) | 2026-03-11 | passed | https://planetdetroit.org/2026/03/washington-township-delays-data-center-decision/ || Sterling Heights | 2026-02-03 | passed | https://eu.detroitnews.com/story/news/local/macomb-county/2026/02/03/sterling-heights-passes-moratorium-on-data-centers/88493407007/ || Lenox Township | 2026-02-02 | active | http://www.lenox-mi.gov/m/newsflash?cat=7,,,,,,"""Macomb County"" MI data center moratorium ordinance site:.gov OR minutes OR agenda",,,,,,,
2,26107,"Mecosta County, Michigan",MI,label_positive_no_support,tracker,U,Big Rapids Township | 2025-12-01 | passed | https://www.bigrapidsnews.com/news/article/new-ordinance-bans-data-centers-big-rapids-21225421.php,,,,,,"""Mecosta County"" MI data center moratorium ordinance site:.gov OR minutes OR agenda",,,,,,,
2,26115,"Monroe County, Michigan",MI,label_positive_no_support,tracker,U,Erie Township | 2026-02-10 | active | https://www.wkar.org/wkar-news/2026-02-27/michigan-data-center-tracker-moratoria-legislation-and-grid-impact || Dundee Township | 2025-10-02 | active | https://bluewaterhealthyliving.com/news/local-news/michigan/where-does-dundee-township-stand-on-the-proposed-data-center/,,,,,,"""Monroe County"" MI data center moratorium ordinance site:.gov OR minutes OR agenda",,,,,,,
2,26125,"Oakland County, Michigan",MI,label_positive_no_support,tracker,U,Lyon Township | 2026-03-03 | passed | https://www.whmi.com/news/article/lyon-twp-board-enacts-six-month-moratorium-on-new-data-center-projects || City of South Lyon | 2026-02-10 | active | https://www.whmi.com/news/article/city-of-south-lyon-adopts-12-month-moratorium-on-data-center-applications || City of Pontiac | 2026-01-21 | active | https://www.detroitnews.com/story/news/local/oakland-county/2026/01/21/pontiac-latest-community-to-pass-data-center-moratorium/88286730007/,,,,,,"""Oakland County"" MI data center moratorium ordinance site:.gov OR minutes OR agenda",meeting_portal,county_site,hit,https://www.wixomgov.org/departments/construction-development-services-building/data-center-moratorium-ordinance,2026-09-28,,"City of Wixom (Oakland Co.) council approved resolution imposing 6-month data center moratorium 2026-03-24; possibly lapsed ~2026-09-24, permanent ordinance pending; official city page"
2,26139,"Ottawa County, Michigan",MI,label_positive_no_support,tracker,U,Zeeland Township | 2026-01-01 | passed | https://www.fox17online.com/news/local-news/holland-zeeland/zeeland-township-approves-data-center-moratorium-as-solar-farm-debate-continues,,,,,,"""Ottawa County"" MI data center moratorium ordinance site:.gov OR minutes OR agenda",,,,,,,
2,26145,"Saginaw County, Michigan",MI,label_positive_no_support,tracker,U,City of Saginaw | 2026-01-13 | active | https://www.wnem.com/2026/01/13/city-saginaw-placing-moratorium-data-centers/ || Saginaw | 2026-01-01 | active | https://www.wkar.org/wkar-news/2026-02-27/michigan-data-center-tracker-moratoria-legislation-and-grid-impact,,,,,,"""Saginaw County"" MI data center moratorium ordinance site:.gov OR minutes OR agenda",,,,,,,
2,26157,"Tuscola County, Michigan",MI,label_positive_no_support,tracker,U,Elmwood Township | 2026-02-18 | passed | https://www.tuscolatoday.com/news/elmwood-acts-on-data-center-moratorium/article_989c5d64-6088-4222-8f1c-e9d099776f71.html,,,,,,"""Tuscola County"" MI data center moratorium ordinance site:.gov OR minutes OR agenda",,,,,,,
2,26161,"Washtenaw County, Michigan",MI,label_positive_no_support,tracker,U,Ypsilanti Community Utilities Authority (YCUA) | 2026-04-22 | passed | https://www.easternecho.com/article/2026/04/new-ypsilanti-township-data-center-resolution-requests-moratorium-on-local-resources || City of Ypsilanti | 2026-03-03 | passed | https://www.wemu.org/wemu-news/2026-03-03/ypsilanti-city-council-likely-to-pass-data-center-moratorium || Ann Arbor Township | 2026-02-17 | passed | https://www.wemu.org/wemu-news/2026-02-17/ann-arbor-township-passes-12-month-moratorium-on-data-centers,,,,,,"""Washtenaw County"" MI data center moratorium ordinance site:.gov OR minutes OR agenda",,,,,,,
2,26163,"Wayne County, Michigan",MI,label_positive_no_support,tracker,U,Detroit (zoning working group) | 2026-04-14 | active | https://www.bridgedetroit.com/detroit-convenes-working-group-for-data-center-zoning-policy/ || Detroit | 2026-03-10 | passed | https://planetdetroit.org/2026/03/detroit-data-center-moratorium/ || Gibraltar | 2026-03-09 | passed | https://planetdetroit.org/2026/03/gibraltar-data-center-moratorium/,,,,,,"""Wayne County"" MI data center moratorium ordinance site:.gov OR minutes OR agenda",,,,,,,
2,27019,"Carver County, Minnesota",MN,label_positive_no_support,tracker,U,City of Carver | 2026-04-06 | passed | https://www.fox9.com/news/minnesota-data-centers-carver-city-council-1-year-moratorium-april-11,,,,,,"""Carver County"" MN data center moratorium ordinance site:.gov OR minutes OR agenda",,,,,,,
2,27037,"Dakota County, Minnesota",MN,label_positive_no_support,tracker,U,"Inver Grove Heights City Council, MN | 2026-06-26 | passed | {'url': 'https://www.cbsnews.com/minnesota/news/inver-grove-heights-data-center-moratorium/', 'title': 'Inver Grove Heights data center moratorium'} || City of Eagan | 2026-02-17 | passed | https://www.kare11.com/article/news/local/eagan-mn-moratorium-data-center/89-a65e44a4-000c-492b-94c7-7d78ea20cc7c",,,,,,"""Dakota County"" MN data center moratorium ordinance site:.gov OR minutes OR agenda",,,,,,,
2,27053,"Hennepin County, Minnesota",MN,label_positive_no_support,tracker,U,"Plymouth approves moratorium on data centers | 2026-09-10 | passed | https://www.hometownsource.com/sun_sailor/community/plymouth_medicinelake/plymouth-approves-moratorium-on-data-centers/article_4fbb3711-6138-4fd2-a8db-01ef54c39fb9.html || Minneapolis City Council, MN | 2026-05-21 | passed | {'url': 'https://www.startribune.com/minneapolis-data-centers-moratorium/601846955', 'title': 'Minneapolis data centers moratorium'}",,,,,,"""Hennepin County"" MN data center moratorium ordinance site:.gov OR minutes OR agenda",meeting_portal,city_site,hit,https://www.minneapolismn.gov/business-services/planning-zoning/amendments/proposed-adopted/data-centers/,2026-09-28,,City of Minneapolis planning page: City Council approved a temporary (interim) ordinance pausing new data center proposals in most of the city; page updated 2026-09-14; ordinance number/date not stated
2,27103,"Nicollet County, Minnesota",MN,label_positive_no_support,tracker,U,North Mankato City Council passes 12 - month moratorium on data center construction | 2026-09-22 | passed | https://www.mankatofreepress.com/news/north-mankato-city-council-passes-12-month-moratorium-on-data-center-construction/article_1f5228e5-e8eb-4177-9363-a7b84f233b57.html,,,,,,"""Nicollet County"" MN data center moratorium ordinance site:.gov OR minutes OR agenda",,,,,,,
2,27131,"Rice County, Minnesota",MN,label_positive_no_support,tracker,U,"Lonsdale City Council, MN | 2026-05-05 | passed | {'url': 'https://www.southernminn.com/lonsdale_area_news_review/news/lonsdale-passes-1-year-moratorium-on-data-centers-we-need-to-do-this-right/article_97d6fa97-4659-4551-b2c6-a5e6e5fc47d9.html', 'title': 'Lonsdale passes 1-year moratorium on data centers'} || Northfield | 2026-04-08 | active | https://kymnradio.net/2026/04/08/northfield-an-outlier-and-potential-model-in-minnesotas-data-center-debacle/",,,,,,"""Rice County"" MN data center moratorium ordinance site:.gov OR minutes OR agenda",,,,,,,
2,27145,"Stearns County, Minnesota",MN,label_positive_no_support,tracker,U,"Waite Park City Council, MN | 2026-05-04 | passed | {'url': 'https://knsiradio.com/2026/05/04/waite-park-council-to-hear-public-input-tonight-on-data-center-moratorium/', 'title': 'Waite Park Council to hear public input on moratorium'}",,,,,,"""Stearns County"" MN data center moratorium ordinance site:.gov OR minutes OR agenda",,,,,,,
2,29019,"Boone County, Missouri",MO,label_positive_no_support,tracker,U,Centralia | 2026-04-21 | passed | https://abc17news.com/news/centralia/2026/04/17/centralia-board-of-aldermen-to-discuss-data-center-ordinance-at-monday-meeting/,,,,,,"""Boone County"" MO data center moratorium ordinance site:.gov OR minutes OR agenda",,,,,,,
2,29029,"Camden County, Missouri",MO,label_positive_no_support,tracker,U,"Camdenton Board of Aldermen, MO | 2026-05-05 | passed | {'url': 'https://www.ky3.com/2026/05/06/camdenton-mo-residents-pack-city-hall-voice-opinions-citys-proposed-ai-data-center-moratorium/', 'title': 'Camdenton residents pack city hall'}",,,,,,"""Camden County"" MO data center moratorium ordinance site:.gov OR minutes OR agenda",,,,,,,
2,29071,"Franklin County, Missouri",MO,label_positive_no_support,tracker,U,Villa Ridge | 2026-01-20 | active | https://www.firstalert4.com/2026/03/14/franklin-county-data-center-projects-return-planning-commission-tuesday-with-frustration-about-process/,,,,,,"""Franklin County"" MO data center moratorium ordinance site:.gov OR minutes OR agenda",,,,,,,
2,29095,"Jackson County, Missouri",MO,label_positive_no_support,tracker,D,"Jackson County (moratorium vote delayed on two competing proposals), MO | 2026-06-22 | passed | {'url': 'https://www.kctv5.com/2026/06/09/legislature-advances-ordinance-extending-jackson-county-data-center-moratorium-180-days/', 'title': 'Jackson County MO legislature advances 180-day data center moratorium (KCTV5)'} || Kansas City | 2026-01-16 | active | https://www.kcur.org/housing-development-section/2026-01-16/kansas-city-zoning-data-centers",moratorium,,pending,mo-jackson-county-2026,"Ordinance 6074, introduced 2026-04-06 by Legislator Sean E. Smith (120-day version); a competing 365-day version (Ordinance 6087, sponsored by Legislative Chair Manny Abarca) was also considered in committee as of 2026-06-01. The full Count","""Jackson County"" MO ""Ordinance 6074, introduced 2026-04-06 by Legislator Sean E. "" site:.gov OR minutes OR agenda",meeting_portal,legistar,hit,https://webapi.legistar.com/v1/jacksonco/matters/19330/histories,2026-09-28,2026-06-22,"Jackson County Legislature Legistar: Ord. 6074, 180-day moratorium on processing data center land use applications, perfected as amended 2026-06-08, adopted 2026-06-22; competing Ord. 6087 withdrawn"
2,28049,"Hinds County, Mississippi",MS,label_positive_no_support,tracker,U,Jackson City Council | 2026-07-14 | passed | https://www.wlbt.com/2026/04/20/jackson-city-councilman-seeking-temporary-moratorium-data-centers/,,,,,,"""Hinds County"" MS data center moratorium ordinance site:.gov OR minutes OR agenda",,,,,,,
2,37019,"Brunswick County, North Carolina",NC,label_positive_no_support,tracker,U,Southport | 2026-07-16 | passed | https://portcitydaily.com/latest-news/2026/07/17/southport-pushes-for-data-center-moratorium-as-it-workshops-zoning-rules/,,,,,,"""Brunswick County"" NC data center moratorium ordinance site:.gov OR minutes OR agenda",,,,,,,
2,37021,"Buncombe County, North Carolina",NC,label_positive_no_support,tracker,U,Buncombe County | 2023-05-02 | expired | https://mountainx.com/news/commissioners-approve-one-year-ban-on-crypto-mining/,,,,nc-buncombe-county-2023,Ordinance 23-05-05 and extension Ordinance 24-05-09; N.C.G.S. 160D-107,"""Buncombe County"" NC ""Ordinance 23-05-05 and extension Ordinance 24-05-09; N.C.G.S"" site:.gov OR minutes OR agenda",,,,,,,
2,37045,"Cleveland County, North Carolina",NC,label_positive_no_support,tracker,U,City of Kings Mountain | 2026-02-26 | active | https://thrivekingsmountain.com/,,,,,,"""Cleveland County"" NC data center moratorium ordinance site:.gov OR minutes OR agenda",,,,,,,
2,37087,"Haywood County, North Carolina",NC,label_positive_no_support,tracker,U,Town of Clyde | 2026-04-16 | passed | https://wlos.com/news/local/new-data-center-moratorium-hearing-meeting-clyde-wnc-western-north-carolina-leaders-local-residents-town-leaders-crypto-ai-server-farms || Town of Canton | 2026-02-11 | active | https://indyweek.com/news/as-chatham-considers-moratorium-wake-county-residents-continue-opposition-to-proposed-apex-data-center/,,,,,,"""Haywood County"" NC data center moratorium ordinance site:.gov OR minutes OR agenda",,,,,,,
2,37089,"Henderson County, North Carolina",NC,label_positive_no_support,tracker,U,Henderson County | 2023-05-01 | expired | https://www.foxcarolina.com/2023/05/01/henderson-county-hold-public-hearing-cryptocurrency-mining/,,,,nc-henderson-county-2023,Board of Commissioners public hearing item 2023.62; temporary moratorium on cryptocurrency mining,"""Henderson County"" NC ""Board of Commissioners public hearing item 2023.62; temporar"" site:.gov OR minutes OR agenda",,,,,,,
2,37105,"Lee County, North Carolina",NC,label_positive_no_support,tracker,U,City of Sanford | 2026-04-22 | passed | https://www.sanfordherald.com/news/hearing-set-for-including-data-center-requirements-in-udo/article_0a1cc03e-61d3-5901-9789-b59938aee7f9.html || Lee County | 2026-03-16 | passed | https://www.wunc.org/2026-03-17/lee-county-residents-ask-for-a-data-center-moratorium,,,,,,"""Lee County"" NC data center moratorium ordinance site:.gov OR minutes OR agenda",,,,,,,
2,37119,"Mecklenburg County, North Carolina",NC,label_positive_no_support,tracker,U,"Charlotte (citywide 150-day data center moratorium - public hearing), NC | 2026-06-08 | passed | {'url': 'https://www.wfae.org/energy-environment/2026-05-27/charlotte-residents-demand-moratorium-on-data-centers-during-public-hearing', 'title': 'Charlotte residents demand moratorium on data centers during public hearing'}",,,,,,"""Mecklenburg County"" NC data center moratorium ordinance site:.gov OR minutes OR agenda",meeting_portal,legistar,hit,https://webapi.legistar.com/v1/charlottenc/matters/29662/histories,2026-09-28,2026-06-08,"Charlotte City Council Legistar file 15-26343, Temporary Moratorium on New Telecommunications and Data Storage Facilities, approved unanimously 2026-06-08; extension hearing being set Sept 2026"
2,37183,"Wake County, North Carolina",NC,label_positive_no_support,tracker,U,Town of Apex | 2026-03-10 | passed | https://www.wunc.org/environment/2026-03-11/apex-data-center-moratorium-wake-county,,,,,,"""Wake County"" NC data center moratorium ordinance site:.gov OR minutes OR agenda",,,,,,,
2,37189,"Watauga County, North Carolina",NC,label_positive_no_support,tracker,D,Town of Boone | 2026-03-23 | passed | https://www.wfdd.org/politics-government/2026-03-23/boone-approves-data-center-development-moratorium,moratorium,,pending,nc-watauga-county-2026,"County data center moratorium proposed under N.C.G.S. 160D-107. [Evidence ceiling: Watauga County's BOC agendas/minutes archives at wataugacounty.org/App_Pages/Dept/BOC/{agendas,minutes}.aspx confirmed via real-Chrome fetch on 2026-04-30 to","""Watauga County"" NC ""County data center moratorium proposed under N.C.G.S. 160D-1"" site:.gov OR minutes OR agenda",,,,,,,
2,31131,"Otoe County, Nebraska",NE,label_positive_no_support,tracker,D,Otoe County | 2026-05-19 | passed | https://www.1011now.com/2026/04/17/otoe-county-planning-commission-recommends-data-center-moratorium/,moratorium,,pending,ne-otoe-county-2026,"Otoe County Board of Commissioners motion (made by Commissioner Cole, seconded by Commissioner Crownover), adopted by unanimous voice vote (4-0; Commissioner Freshman absent) at the May 19, 2026 regular meeting, following a public hearing a","""Otoe County"" NE ""Otoe County Board of Commissioners motion (made by Commissio"" site:.gov OR minutes OR agenda",,,,,,,
2,34005,"Burlington County, New Jersey",NJ,label_positive_no_support,tracker,U,Pemberton Township | 2026-02-20 | passed | https://pinelandsalliance.org/data-center-victories-local-actions-drive-regional-change/,,,,,,"""Burlington County"" NJ data center moratorium ordinance site:.gov OR minutes OR agenda",state_aggregator,nj_pinelands_ordinance_log,hit,https://www.nj.gov/pinelands/landuse/amend/ords.shtml,2026-09-28,2026-04-15,"Pemberton Twp Ord. 13-2026 amending Ch 190 Zoning to prohibit data centers, local adoption 2026-04-15; NJ Pinelands Commission log of adopted municipal ordinances (state record, not township site)"
2,34007,"Camden County, New Jersey",NJ,label_positive_no_support,tracker,U,Cherry Hill Township | 2026-07-28 | passed | https://www.inquirer.com/south-jersey/cherry-hill-nj-data-center-ban-20260728.html,,,,,,"""Camden County"" NJ data center moratorium ordinance site:.gov OR minutes OR agenda",,,,,,,
2,34011,"Cumberland County, New Jersey",NJ,label_positive_no_support,tracker,U,"Millville Board of Commissioners (Cumberland County - total data center ban), NJ | 2026-05-19 | passed | {'url': 'https://newjersey.news12.com/2026/05/20/millville-bans-data-centers-killing-largest-proposed-facility-in-new-jersey-history/77eDMHsKNvb6HkPeGLzLLN', 'title': 'Millville bans data centers, killing largest proposed NJ facility'} || Vineland | 2025-12-23 | approved | https://whyy.org/articles/data-center-artificial-intelligence-vineland-new-jersey/",,,,,,"""Cumberland County"" NJ data center moratorium ordinance site:.gov OR minutes OR agenda",,,,,,,
2,34023,"Middlesex County, New Jersey",NJ,label_positive_no_support,tracker,U,New Brunswick | 2026-02-19 | passed | https://www.commondreams.org/news/new-brunswick-ai-data-center,,,,,,"""Middlesex County"" NJ data center moratorium ordinance site:.gov OR minutes OR agenda",,,,,,,
2,34025,"Monmouth County, New Jersey",NJ,label_positive_no_support,tracker,U,"Neptune Township | 2026-07-13 | passed | https://www.roi-nj.com/2026/07/14/industry/energy-utilities/neptune-township-becomes-25th-n-j-municipality-to-ban-data-centers/ || Borough of Red Bank (data center ban + first NJ call for statewide moratorium), NJ | 2026-06-11 | passed | {'url': 'https://www.roi-nj.com/2026/06/15/industry/energy-utilities/red-bank-council-votes-to-ban-data-centers-calls-on-state-to-pause-construction-of-facilities-in-other-towns/', 'title': 'Red Bank bans data centers, calls on state to pause construction (ROI-NJ)'}",,,,,,"""Monmouth County"" NJ data center moratorium ordinance site:.gov OR minutes OR agenda",,,,,,,
2,34035,"Somerset County, New Jersey",NJ,label_positive_no_support,tracker,U,"Warren Township, Somerset County (data center ban, first reading), NJ | 2026-06-18 | passed | {'url': 'https://www.warrennj.org/m/newsflash/home/detail/606', 'title': 'Warren Township advances ordinance prohibiting data centers in all zones (official)'} || Bernards Township | 2026-06-18 | passed | {'url': 'https://patch.com/new-jersey/baskingridge/data-center-ban-ordinance-backed-bernards-township-planning-board', 'title': 'Data Center Ban Ordinance Backed By Bernards Township Planning Board - Patch'}",,,,,,"""Somerset County"" NJ data center moratorium ordinance site:.gov OR minutes OR agenda",,,,,,,
2,34039,"Union County, New Jersey",NJ,label_positive_no_support,tracker,U,"City of Summit (ban ordinance introduced), NJ | 2026-06-16 | passed | {'url': 'https://patch.com/new-jersey/summit/data-center-debate-heats-summit', 'title': 'Data center debate heats up in Summit'} || Cranford Township (ban amendment to be introduced), NJ | 2026-06-09 | passed | {'url': 'https://patch.com/new-jersey/cranford/cranford-moves-block-ai-data-centers-after-nearby-kenilworth-project-sparks', 'title': 'Cranford moves to block AI data centers after nearby Kenilworth project'}",,,,,,"""Union County"" NJ data center moratorium ordinance site:.gov OR minutes OR agenda",,,,,,,
2,34041,"Warren County, New Jersey",NJ,label_positive_no_support,tracker,U,Phillipsburg (data center ban) | 2026-03-26 | passed | https://www.tapinto.net/towns/phillipsburg/sections/government/articles/phillipsburg-council-votes-unanimously-to-shut-the-door-on-data-centers || Phillipsburg | 2026-02-25 | passed | https://www.tapinto.net/towns/phillipsburg/sections/government/articles/phillipsburg-to-vote-to-ban-data-centers-citing-major-energy-and-water-demands || Warren County (model ordinance) | 2026-01-15 | active | https://www.tapinto.net/towns/phillipsburg/articles/commissioner-kern-shares-model-ordinance-to-assist-municipalities-in-evaluating-data-center-siting,,,,,,"""Warren County"" NJ data center moratorium ordinance site:.gov OR minutes OR agenda",,,,,,,
2,35001,"Bernalillo County, New Mexico",NM,label_positive_no_support,tracker,U,Bernalillo County | 2026-02-11 | passed | https://www.bernco.gov/blog/2026/02/11/data-center-project-guardrails-resolution-approved-by-bernalillo-county-commission/,,,,,,"""Bernalillo County"" NM data center moratorium ordinance site:.gov OR minutes OR agenda",,,,,,,
2,32031,"Washoe County, Nevada",NV,label_positive_no_support,tracker,U,"Reno (data center moratorium extended into 2027), NV | 2026-06-01 | passed | {'url': 'https://www.kunr.org/local-stories/2026-06-05/reno-city-council-extends-data-center-moratorium-into-2027', 'title': 'Reno City Council extends data center moratorium into 2027'} || Reno (Title 18 text amendment) | 2026-04-22 | passed | https://www.kunr.org/local-stories/2026-04-23/reno-city-council-takes-first-step-toward-changing-data-center-development-rules || Reno (StoneGate Rezoning) | 2025-05-21 | approved | https://www.nbcnews.com/news/us-news/reno-nevada-data-centers-water-drought-rcna235966",,,,,,"""Washoe County"" NV data center moratorium ordinance site:.gov OR minutes OR agenda",,,,,,,
2,36059,"Nassau County, New York",NY,label_positive_no_support,tracker,U,Nassau County | 2025-04-01 | active | https://abc7ny.com/post/nassau-county-officials-do-not-want-lithium-ion-battery-storage-facilities-long-island/16186659/,,,,,,"""Nassau County"" NY data center moratorium ordinance site:.gov OR minutes OR agenda",,,,,,,
2,36063,"Niagara County, New York",NY,label_positive_no_support,tracker,U,North Tonawanda | 2026-06-16 | passed | https://www.govtech.com/policy/north-tonawanda-n-y-bans-new-crypto-mining-for-2-years,,,,,,"""Niagara County"" NY data center moratorium ordinance site:.gov OR minutes OR agenda",,,,,,,
2,36067,"Onondaga County, New York",NY,label_positive_no_support,tracker,U,"Lysander | 2026-05-07 | passed | {'url': 'https://www.informnny.com/news/local-news/lysander-board-approves-six-month-data-center-moratorium-residents-speak-out-against-project-proposal/', 'title': 'Lysander board approves six-month data center moratorium; residents speak out against project proposal'}",,,,,,"""Onondaga County"" NY data center moratorium ordinance site:.gov OR minutes OR agenda",,,,,,,
2,36077,"Otsego County, New York",NY,label_positive_no_support,tracker,U,Oneonta | 2026-03-12 | passed | https://www.wbng.com/2026/03/12/oneonta-town-board-introduces-12-month-moratorium-ai-data-centers/,,,,,,"""Otsego County"" NY data center moratorium ordinance site:.gov OR minutes OR agenda",,,,,,,
2,36087,"Rockland County, New York",NY,label_positive_no_support,tracker,U,News 12 | Westchester | Orangetown Board Approves Moratorium On New Data Center Applicatio | 2026-08-26 | passed | https://westchester.news12.com/orangetown-board-approves-moratorium-on-new-data-center-applications,,,,,,"""Rockland County"" NY data center moratorium ordinance site:.gov OR minutes OR agenda",,,,,,,
2,36109,"Tompkins County, New York",NY,label_positive_no_support,tracker,U,Town of Dryden | 2026-02-19 | passed | https://ithacavoice.org/2026/02/the-town-of-dryden-just-banned-data-centers-heres-why/,,,,,,"""Tompkins County"" NY data center moratorium ordinance site:.gov OR minutes OR agenda",,,,,,,
2,39001,"Adams County, Ohio",OH,label_positive_no_support,tracker,U,Monroe Township (Adams County) | 2026-03-09 | passed | https://www.foodandwaterwatch.org/2026/03/09/monroe-township-oh-unanimously-passes-data-center-moratorium/ || Sprigg Township (Adams County) | 2026-03-02 | passed | https://www.foodandwaterwatch.org/2026/02/26/sprigg-township-oh-passes-data-center-moratorium/ || Sprigg Township | 2026-02-24 | passed | https://www.foodandwaterwatch.org/2026/02/26/sprigg-township-oh-passes-data-center-moratorium/,,,,,,"""Adams County"" OH data center moratorium ordinance site:.gov OR minutes OR agenda",,,,,,,
2,39003,"Allen County, Ohio",OH,label_positive_no_support,tracker,U,Shawnee Township (Allen County) | 2026-04-13 | passed | https://www.hometownstations.com/news/allen_county/shawnee-township-approves-18-month-moratorium-on-data-centers-energy-projects/article_431ac6ec-8564-4865-9b2f-a243d933bf4d.html,,,,,,"""Allen County"" OH data center moratorium ordinance site:.gov OR minutes OR agenda",,,,,,,
2,39015,"Brown County, Ohio",OH,label_positive_no_support,tracker,U,Mt. Orab | 2026-02-04 | passed | https://www.wcpo.com/news/local-news/mt-orab-council-introduces-data-center-moratorium-amid-community-opposition-to-mysterious-mega-site-project,,,,,,"""Brown County"" OH data center moratorium ordinance site:.gov OR minutes OR agenda",,,,,,,
2,39021,"Champaign County, Ohio",OH,label_positive_no_support,tracker,U,Urbana | 2026-06-17 | passed | https://www.urbanacitizen.com/2026/03/03/council-presses-pause-button-on-data-center-opposition-celebrates-temporary-moratorium/ || Champaign County | 2026-03-03 | passed | https://www.change.org/p/no-data-centers-in-champaign-county-ohio,,,,,,"""Champaign County"" OH data center moratorium ordinance site:.gov OR minutes OR agenda",,,,,,,
2,39023,"Clark County, Ohio",OH,label_positive_no_support,tracker,U,"City of Springfield (Clark County) | 2026-06-16 | passed | {'url': 'https://www.springfieldnewssun.com/local/springfield-considering-6-month-moratorium-on-new-data-centers/article_b76c9ce1-5c85-52df-966d-98a08848711c.html', 'title': 'Springfield considering 6-month moratorium on new data centers - Springfield News-Sun'}",,,,,,"""Clark County"" OH data center moratorium ordinance site:.gov OR minutes OR agenda",,,,,,,
2,39025,"Clermont County, Ohio",OH,label_positive_no_support,tracker,U,"Pierce Township trustees rule out data center , extend zoning moratorium | 2026-09-10 | extended | https://www.fox19.com/2026/09/10/pierce-township-trustees-rule-out-data-center-extend-zoning-moratorium/",,,,,,"""Clermont County"" OH data center moratorium ordinance site:.gov OR minutes OR agenda",,,,,,,
2,39027,"Clinton County, Ohio",OH,label_positive_no_support,tracker,U,Wilmington (Ardent/TAC) | 2026-02-20 | approved | https://www.wnewsj.com/2026/02/20/council-approves-rezonings-in-a-split-vote-amid-data-center-debate/ || Blanchester | 2026-02-12 | active | https://www.alleghenyfront.org/ohio-towns-are-pushing-back-against-data-centers-to-varying-degrees-of-success/ || Wilmington | 2025-11-26 | active | https://www.datacenterdynamics.com/en/news/wilmington-city-council-postpones-vote-on-aws-data-center-in-southwest-ohio/,,,,,,"""Clinton County"" OH data center moratorium ordinance site:.gov OR minutes OR agenda",,,,,,,
2,39035,"Cuyahoga County, Ohio",OH,label_positive_no_support,tracker,U,"Cleveland City Council (1-yr moratorium proposed; Lakeland Equity permit rejected), OH | 2026-05-22 | passed | {'url': 'https://spectrumnews1.com/oh/columbus/news/2026/05/22/cleveland-data-center-moratorium', 'title': 'Cleveland data center moratorium proposed'}",,,,,,"""Cuyahoga County"" OH data center moratorium ordinance site:.gov OR minutes OR agenda",meeting_portal,city_site,hit,https://www.clevelandcitycouncil.gov/council-meeting-highlights-7-15-2026,2026-09-28,2026-07-15,"Cleveland Ord. 556-2026 passed 2026-07-15 (14-1; Legistar status Passed), three-month moratorium on standalone data centers through 2026-10-16; official council meeting highlights"
2,39041,"Delaware County, Ohio",OH,label_positive_no_support,tracker,U,Sunbury | 2026-04-15 | passed | https://abc6onyourside.com/news/local/sunbury-ohio-delaware-county-residents-voice-opposition-to-proposed-amazon-data-center,,,,,,"""Delaware County"" OH data center moratorium ordinance site:.gov OR minutes OR agenda",,,,,,,
2,39049,"Franklin County, Ohio",OH,label_positive_no_support,tracker,U,"Dublin City Council (West Innovation District rezoning) | 2026-07-01 | passed | https://www.thewestervillenews.com/p/central-ohio-weekly-news-brief-june-3b1 || Grove City (6-month data center moratorium), OH | 2026-06-01 | passed | {'url': 'https://cwcolumbus.com/news/local/grove-city-data-center-moratorium-passes', 'title': 'Grove City data center moratorium passes'} || Jackson Township | 2026-05-12 | passed | {'url': 'https://www.10tv.com/article/news/local/jackson-township-approves-1-year-data-center-moratorium/530-b8cddb38-1b51-412b-a97c-1f718112af08', 'title': 'Jackson Township approves 1-year data center moratorium'}",,,,,,"""Franklin County"" OH data center moratorium ordinance site:.gov OR minutes OR agenda",municipal_code,township_site,hit,https://jacksontwpfranklinoh.gov/cdn/Letter-to-the-Community-Data-Center.pdf,2026-09-28,2026-05-12,Jackson Township (Franklin Co.) trustees voted unanimously 2026-05-12 to enact one-year data center moratorium (Res. 2026-049 per township page); official township letter
2,39057,"Greene County, Ohio",OH,label_positive_no_support,tracker,U,"Village of Yellow Springs, OH | 2026-05-18 | passed | {'url': 'https://ysnews.com/news/2026/05/village-council-considers-data-center-moratorium-in-yellow-springs', 'title': 'Yellow Springs council considers data center moratorium'}",,,,,,"""Greene County"" OH data center moratorium ordinance site:.gov OR minutes OR agenda",,,,,,,
2,39061,"Hamilton County, Ohio",OH,label_positive_no_support,tracker,U,Cincinnati | 2026-02-06 | passed | https://www.wvxu.org/politics/2026-02-06/cincinnati-regulate-data-centers-zoning-code,,,,,,"""Hamilton County"" OH data center moratorium ordinance site:.gov OR minutes OR agenda",municipal_code,city_site,hit,https://www.cincinnati-oh.gov/planning/projects/active/interim-development-control-overlay-89-data-centers-and-zoning-study/,2026-09-28,2026-02-11,"Cincinnati City Council established IDC Overlay #89 Data Centers 2026-02-11 (3 mo), extended 2026-04-01 to expire 2027-02-11; City Planning official page"
2,39063,"Hancock County, Ohio",OH,label_positive_no_support,tracker,U,Findlay | 2026-04-21 | passed | https://www.wtol.com/article/news/local/findlay-and-tiffin-pass-12-month-data-center-moratoriums-tuesday/512-cd6a8b2a-c423-404d-abbc-2e2b1c7afe4b,,,,,,"""Hancock County"" OH data center moratorium ordinance site:.gov OR minutes OR agenda",,,,,,,
2,39067,"Harrison County, Ohio",OH,label_positive_no_support,tracker,U,Green Township trustees approve moratorium on new development amid data centers push | 2026-08-12 | passed | https://wtov9.com/news/local/green-township-trustees-approve-moratorium-on-new-development-amid-data-centers-push-green-township-moratorium-data-centers-ai-zoning-commission-zoning-resolutions-water-cooling-noise-limitations,,,,,,"""Harrison County"" OH data center moratorium ordinance site:.gov OR minutes OR agenda",,,,,,,
2,39071,"Highland County, Ohio",OH,label_positive_no_support,tracker,U,Clay Township (Highland County) | 2026-04-20 | passed | https://www.registerherald.com/2026/04/20/trustees-place-moratorium-on-data-centers/,,,,,,"""Highland County"" OH data center moratorium ordinance site:.gov OR minutes OR agenda",,,,,,,
2,39085,"Lake County, Ohio",OH,label_positive_no_support,tracker,U,"Painesville Township Trustees (Lake County), OH | 2026-05-21 | passed | {'url': 'https://www.thecooldown.com/green-business/painesville-township-ohio-data-center/', 'title': 'Painesville Township Ohio data center moratorium'}",,,,,,"""Lake County"" OH data center moratorium ordinance site:.gov OR minutes OR agenda",,,,,,,
2,39087,"Lawrence County, Ohio",OH,label_positive_no_support,tracker,U,Ironton | 2026-01-09 | active | https://irontontribune.com/2026/01/14/council-questions-ledc-director-on-ai-data-center/ || Lawrence County | 2025-12-01 | active | https://www.change.org/p/stop-the-ai-data-centers-in-lawrence-county-ohio,,,,,,"""Lawrence County"" OH data center moratorium ordinance site:.gov OR minutes OR agenda",,,,,,,
2,39089,"Licking County, Ohio",OH,label_positive_no_support,tracker,U,St. Albans Township | 2026-03-10 | passed | https://www.thereportingproject.org/hearing-on-proposed-data-center-ban-in-st-albans-township-will-be-on-march-17-in-alexandria/,,,,,,"""Licking County"" OH data center moratorium ordinance site:.gov OR minutes OR agenda",,,,,,,
2,39093,"Lorain County, Ohio",OH,label_positive_no_support,tracker,U,"Grafton | 2026-05-19 | passed | {'url': 'https://www.news5cleveland.com/news/local-news/oh-lorain/were-just-being-proactive-this-small-lorain-county-town-is-banning-data-centers', 'title': ""'We're just being proactive': This small Lorain County town is banning data centers""}",,,,,,"""Lorain County"" OH data center moratorium ordinance site:.gov OR minutes OR agenda",,,,,,,
2,39095,"Lucas County, Ohio",OH,label_positive_no_support,tracker,U,Monclova Township | 2026-02-18 | active | https://www.wtol.com/article/news/local/monclova-township-approves-12-month-moratorium-on-data-centers/512-9307862d-1a3c-45f9-acf2-8b49f0222efc || Richfield Township | 2026-02-17 | active | https://www.toledoblade.com/local/politics/2026/02/18/monclova-richfield-townships-latest-to-pass-data-center-moratoriums/stories/20260218126 || City of Oregon | 2026-02-10 | approved | https://www.13abc.com/2026/02/10/oregon-council-denies-data-center-extension-project-jeopardy/,,,,,,"""Lucas County"" OH data center moratorium ordinance site:.gov OR minutes OR agenda",meeting_portal,township_site,hit,http://monclovatwp.org/wp-content/uploads/2026/02/Data-Center-Reso-Intro-and-Motion.pdf,2026-09-28,2026-02-17,"Monclova Township trustees adopted Res. 02172026-01 on 2026-02-17 (3-0), 12-month moratorium on data center approvals and construction; township resolution and motion record"
2,39113,"Montgomery County, Ohio",OH,label_positive_no_support,tracker,U,Washington Township (Montgomery County) | 2026-04-21 | passed | https://dayton247now.com/news/local/trustees-enact-360-day-moratorium-on-data-center-zoning-in-washington-township,,,,,,"""Montgomery County"" OH data center moratorium ordinance site:.gov OR minutes OR agenda",,,,,,,
2,39129,"Pickaway County, Ohio",OH,label_positive_no_support,tracker,U,Scioto Township (Pickaway County) | 2026-03-06 | passed | https://www.sciotopost.com/scioto-township-enacts-12-month-data-center-moratorium-amid-statewide-tech-surge/ || Commercial Point / Scioto Township (Pickaway County) | 2026-03-01 | passed | https://www.sciotopost.com/proposed-152-acre-data-center-campus-in-commercial-point-borders-housing-development-in-pickaway-county/ || Muhlenberg Township | 2026-02-06 | active | https://www.change.org/p/muhlenberg-twp-and-community-against-data-center-and-or-power-distribution-build,,,,,,"""Pickaway County"" OH data center moratorium ordinance site:.gov OR minutes OR agenda",,,,,,,
2,39147,"Seneca County, Ohio",OH,label_positive_no_support,tracker,U,Tiffin | 2026-04-21 | passed | https://tiffinohio.net/posts/tiffin-city-council-approves-12-month-data-center-moratorium/,,,,,,"""Seneca County"" OH data center moratorium ordinance site:.gov OR minutes OR agenda",,,,,,,
2,39151,"Stark County, Ohio",OH,label_positive_no_support,tracker,U,Plain Township | 2026-03-27 | passed | https://writing.strisker.com/data-centers-daily-notes-march-30-2026/,,,,,,"""Stark County"" OH data center moratorium ordinance site:.gov OR minutes OR agenda",,,,,,,
2,39153,"Summit County, Ohio",OH,label_positive_no_support,tracker,U,"Twinsburg City Council, OH | 2026-05-05 | passed | {'url': 'https://www.cleveland.com/summit-county/2026/05/twinsburg-approves-one-year-data-center-moratorium.html', 'title': 'Twinsburg approves one-year data center moratorium'} || Barberton | 2025-11-10 | active | https://www.akron.com/articles/barberton-approves-open-ended-moratorium-on-data-centers/ || Norton | 2025-11-03 | passed | https://www.akron.com/articles/city-of-norton-introduces-moratorium-on-data-centers/",,,,,,"""Summit County"" OH data center moratorium ordinance site:.gov OR minutes OR agenda",,,,,,,
2,39155,"Trumbull County, Ohio",OH,label_positive_no_support,tracker,U,"Lordstown Village Council, OH | 2026-06-16 | passed | {'url': 'https://www.vindy.com/news/local-news/2026/05/lordstown-officials-plan-to-re-up-180-day-moratorium-on-data-centers/', 'title': 'Lordstown officials plan to re-up 180-day moratorium'} || City of Hubbard (Trumbull County - moratorium drafted amid 'Project Milo' NDA controversy) | 2026-06-02 | passed | {'url': 'https://www.tribtoday.com/news/local-news/2026/05/hubbard-prepares-legislation-for-data-center-moratorium/', 'title': 'Hubbard prepares data center moratorium legislation'} || Hubbard Township | 2026-02-15 | active | https://www.tribtoday.com/news/local-news/2026/02/hubbard-township-oks-moratorium-on-data-centers/",,,,,,"""Trumbull County"" OH data center moratorium ordinance site:.gov OR minutes OR agenda",,,,,,,
2,39159,"Union County, Ohio",OH,label_positive_no_support,tracker,U,Jerome Township | 2025-09-03 | expired | https://www.wosu.org/politics-government/2025-09-09/jerome-township-puts-pause-on-new-data-center-development-for-nine-months,,,,,,"""Union County"" OH data center moratorium ordinance site:.gov OR minutes OR agenda",,,,,,,
2,39173,"Wood County, Ohio",OH,label_positive_no_support,tracker,U,Middleton Township | 2026-07-07 | approved | https://bgindependentmedia.org/with-split-vote-middleton-township-approves-zoning-change-for-acreage-bordering-data-center/ || Wood County (Bowling Green area) | 2026-01-06 | active | https://bgindependentmedia.org/meta-data-center-how-it-went-from-economic-development-coup-to-project-local-residents-rue/ || Waterville Township | 2025-12-17 | active | https://toledofreepress.com/anthony-wayne-news-waterville-approves-6-month-moratorium/,,,,,,"""Wood County"" OH data center moratorium ordinance site:.gov OR minutes OR agenda",,,,,,,
2,40017,"Canadian County, Oklahoma",OK,label_positive_no_support,tracker,U,Yukon | 2026-01-15 | active | https://okcfox.com/news/project-oklahoma/new-data-center-coming-to-yukon-generating-contention,,,,,,"""Canadian County"" OK data center moratorium ordinance site:.gov OR minutes OR agenda",,,,,,,
2,40031,"Comanche County, Oklahoma",OK,label_positive_no_support,tracker,U,Lawton | 2026-02-24 | passed | https://www.kswo.com/2026/02/25/divided-city-council-passes-data-center-zoning-ordinance/,,,,,,"""Comanche County"" OK data center moratorium ordinance site:.gov OR minutes OR agenda",,,,,,,
2,40109,"Oklahoma County, Oklahoma",OK,label_positive_no_support,tracker,U,"Luther | 2026-06-17 | passed | https://www.datacenterdynamics.com/en/news/data-center-proposal-in-luther-oklahoma-faces-opposition-prior-to-official-filing/ || City of Edmond (data center moratorium), OK | 2026-06-08 | passed | {'url': 'https://okenergytoday.com/2026/06/edmond-approves-data-center-moratorium/', 'title': 'Edmond approves data center moratorium (Oklahoma Energy Today)'} || Oklahoma City | 2026-04-22 | passed | https://www.kgou.org/politics-and-government/2026-04-22/oklahoma-city-leaders-approve-data-center-moratorium",,,,,,"""Oklahoma County"" OK data center moratorium ordinance site:.gov OR minutes OR agenda",,,,,,,
2,40143,"Tulsa County, Oklahoma",OK,label_positive_no_support,tracker,U,"Broken Arrow | 2026-06-15 | passed | {'url': 'https://www.newson6.com/data-centers-in-oklahoma/broken-arrow-city-council-approves-6-month-moratorium-on-data-centers', 'title': 'Broken Arrow City Council approves 6-month moratorium on data centers - NewsOn6'} || Tulsa | 2026-03-26 | passed | https://ktul.com/news/local/tulsa-city-council-considers-365-day-moratorium-on-new-data-centers-citywide",,,,,,"""Tulsa County"" OK data center moratorium ordinance site:.gov OR minutes OR agenda",,,,,,,
2,41047,"Marion County, Oregon",OR,label_positive_no_support,tracker,U,Salem Officially Adopts Data Center Moratorium | 2026-09-22 | passed | https://www.kxl.com/salem-officially-adopts-data-center-moratorium/,,,,,,"""Marion County"" OR data center moratorium ordinance site:.gov OR minutes OR agenda",,,,,,,
2,42003,"Allegheny County, Pennsylvania",PA,label_positive_no_support,tracker,U,"Franklin Park Borough | 2026-06-17 | passed | {'url': 'https://writing.strisker.com/data-centers-daily-notes-june-18-2026/', 'title': 'Data Centers: Daily Notes | June 18, 2026 - Strisker'}",,,,,,"""Allegheny County"" PA data center moratorium ordinance site:.gov OR minutes OR agenda",,,,,,,
2,42017,"Bucks County, Pennsylvania",PA,label_positive_no_support,tracker,U,West Rockhill Township (Bucks County) | 2026-04-15 | passed | https://keystonenewsroom.com/2026/04/14/west-rockhill-considers-these-new-data-center-regulations/ || East Rockhill Township (Bucks County) | 2026-02-24 | active | https://northpennnow.com/news/2026/apr/04/east-rockhill-supervisors-advance-data-center-ordi/ || Falls Township | 2026-02-20 | approved | https://buckscountybeacon.com/2025/08/not-everyone-is-sold-on-the-benefits-of-amazons-data-center-coming-to-falls-township/,,,,,,"""Bucks County"" PA data center moratorium ordinance site:.gov OR minutes OR agenda",,,,,,,
2,42025,"Carbon County, Pennsylvania",PA,label_positive_no_support,tracker,U,Penn Forest Township (Carbon County) | 2026-03-03 | passed | https://www.wvia.org/news/local/2026-03-03/penn-forest-twp-supervisors-approve-regulations-for-data-center-development,,,,,,"""Carbon County"" PA data center moratorium ordinance site:.gov OR minutes OR agenda",,,,,,,
2,42029,"Chester County, Pennsylvania",PA,label_positive_no_support,tracker,U,East Whiteland Township (Curative Amendment) | 2026-02-26 | active | https://www.inquirer.com/news/pennsylvania/east-whiteland-data-center-zoning-20260401.html || North Coventry Township | 2026-02-23 | active | https://www.readingeagle.com/2026/03/03/north-coventry-rejects-boutique-data-center-idea/,,,,,,"""Chester County"" PA data center moratorium ordinance site:.gov OR minutes OR agenda",municipal_code,township_site,hit,"https://www.eastwhiteland.org/government/departments/planning_development/sentinel,_green_fig_data_center_on_swedesford_road.php",2026-09-28,,"East Whiteland Township posts Enacted Ordinance No. 385-2026, Municipal Curative Amendment regulating data centers (hearing 2026-09-24); PDF scanned, enactment date not machine-readable"
2,42043,"Dauphin County, Pennsylvania",PA,label_positive_no_support,tracker,U,Londonderry Township | 2026-02-11 | active | https://www.datacenterdynamics.com/en/news/pennsylvanias-londonderry-township-weighs-data-center-zoning-ordinance-change/,,,,,,"""Dauphin County"" PA data center moratorium ordinance site:.gov OR minutes OR agenda",municipal_code,township_site,hit,https://www.londonderrypa.org/news_detail_T25_R43.php,2026-09-28,,"Londonderry Township posts Ordinance 2026-03 Data Center Zoning Overlay District, labeled adopted post-hearing (hearing 2026-02-11); adoption date not stated on page"
2,42069,"Lackawanna County, Pennsylvania",PA,label_positive_no_support,tracker,U,Dickson City | 2026-02-13 | active | https://www.thetimes-tribune.com/2026/02/13/dickson-city-adopts-data-center-regulations-halts-bell-mountain-campus/ || Covington Township (Lackawanna County) | 2026-02-03 | active | https://nodatacenter.net/ || Lackawanna County | 2025-10-01 | active | https://www.change.org/p/stop-data-center-construction-in-lackawanna-county,,,,,,"""Lackawanna County"" PA data center moratorium ordinance site:.gov OR minutes OR agenda",,,,,,,
2,42079,"Luzerne County, Pennsylvania",PA,label_positive_no_support,tracker,U,"Exeter Borough | 2026-05-06 | passed | {'url': 'https://www.timesleader.com/news/1740939/exeter-borough-council-approves-data-center-zoning-amendment', 'title': 'Exeter Borough Council approves data center zoning amendment'} || Dorrance Township | 2025-08-11 | active | https://www.alleghenyfront.org/pennsylvania-luzerne-dorrance-data-center-zoning/",,,,,,"""Luzerne County"" PA data center moratorium ordinance site:.gov OR minutes OR agenda",,,,,,,
2,42091,"Montgomery County, Pennsylvania",PA,label_positive_no_support,tracker,U,"Towamencin Township | 2026-05-06 | passed | {'url': 'https://northpennnow.com/news/2026/may/06/towamencin-board-adopts-data-center-regulations/', 'title': 'Towamencin board adopts data center regulations'} || Montgomery Township | 2026-03-23 | active | https://northpennnow.com/news/2026/mar/27/montgomery-township-moves-to-fix-zoning-gap-on-data-centers/",,,,,,"""Montgomery County"" PA data center moratorium ordinance site:.gov OR minutes OR agenda",municipal_code,township_site,hit,https://www.towamencin.org/government/proposed-recently-adopted-ordinances/,2026-09-28,,"Towamencin Township lists Ordinance 26-04 Data Centers under Recently Adopted Ordinances (2026); ordinance PDF is scanned, adoption date not machine-readable (news: 2026-04-29)"
2,42097,"Northumberland County, Pennsylvania",PA,label_positive_no_support,tracker,U,"Mount Carmel Township | 2026-05-14 | passed | {'url': 'https://newsitem.com/news/local/mount-carmel-township-enacts-180-day-moratorium-on-data-center-proposals-to-upgrade-zoning/article_a4d04477-9509-4b5b-97bd-d30598b04cee.html', 'title': 'Mount Carmel Township enacts 180-day moratorium on data center proposals to upgrade zoning'}",,,,,,"""Northumberland County"" PA data center moratorium ordinance site:.gov OR minutes OR agenda",,,,,,,
2,42107,"Schuylkill County, Pennsylvania",PA,label_positive_no_support,tracker,U,New Castle Township (Frackville area) | 2025-09-10 | active | https://www.wnep.com/article/news/local/schuylkill-county/schuylkill-county-frackville-data-center-new-castle-krnl-zoning/523-1e14d019-77cd-4b00-ab8e-b4cbbbaeba93,,,,,,"""Schuylkill County"" PA data center moratorium ordinance site:.gov OR minutes OR agenda",,,,,,,
2,42119,"Union County, Pennsylvania",PA,label_positive_no_support,tracker,U,Gregg Township passes data center moratorium | 2026-08-21 | passed | https://www.standard-journal.com/news/local/gregg-township-passes-data-center-moratorium/article_bfb7a04d-5b42-4bbd-b862-5ae5f1f9918a.html,,,,,,"""Union County"" PA data center moratorium ordinance site:.gov OR minutes OR agenda",,,,,,,
2,42125,"Washington County, Pennsylvania",PA,label_positive_no_support,tracker,U,Hanover Township | 2026-03-31 | passed | https://writing.strisker.com/data-centers-weekly-briefing-march-30-april-3-2026/ || South Strabane Township | 2025-11-01 | active | https://www.heraldstandard.com/news/local_news/2026/mar/21/south-strabane-planning-commission-recommends-supervisors-approve-data-center-ordinance/,,,,,,"""Washington County"" PA data center moratorium ordinance site:.gov OR minutes OR agenda",,,,,,,
2,42133,"York County, Pennsylvania",PA,label_positive_no_support,tracker,U,Conewago Township (York County) | 2026-01-01 | active | https://www.change.org/p/stop-ai-data-centers-in-conewago-township-york-co,,,,,,"""York County"" PA data center moratorium ordinance site:.gov OR minutes OR agenda",,,,,,,
2,45047,"Greenwood County, South Carolina",SC,label_positive_no_support,tracker,D,"Greenwood County (1-year data center moratorium under consideration), SC | 2026-07-07 | passed | {'url': 'https://www.wspa.com/news/local-news/greenwood-co-considers-data-center-regulations-residents-question-motives/', 'title': 'Greenwood County considers data center regulations (WSPA)'}",,,,sc-greenwood-county-2026,Ordinance 2026-25 (Greenwood County Council),"""Greenwood County"" SC ""Ordinance 2026-25 (Greenwood County Council)"" site:.gov OR minutes OR agenda",,,,,,,
2,47001,"Anderson County, Tennessee",TN,label_positive_no_support,tracker,D,"Anderson County (2-year moratorium on data centers, crypto mining, battery storage), TN | 2026-06-15 | passed | {'url': 'https://www.wvlt.tv/2026/06/16/anderson-county-commission-proposes-2-year-moratorium-local-data-centers/', 'title': 'Anderson County 2-year data center moratorium (WVLT)'}",,,,tn-anderson-county-2026,County Commission moratorium on future data centers; the adopted instrument was not located in the county's online materials,"""Anderson County"" TN ""County Commission moratorium on future data centers; the ado"" site:.gov OR minutes OR agenda",,,,,,,
2,47037,"Davidson County, Tennessee",TN,label_positive_no_support,tracker,U,Nashville/Davidson County | 2026-07-21 | passed | https://www.multistate.us/resources/state-data-center-policy-101,,,,,,"""Davidson County"" TN data center moratorium ordinance site:.gov OR minutes OR agenda",,,,,,,
2,47041,"DeKalb County, Tennessee",TN,label_positive_no_support,tracker,U,DeKalb County | 2024-06-01 | expired | https://www.wjle.com/county-commission-to-renew-discussion-about-proposed-data-center-regulations-view-video-here/,,,,,,"""DeKalb County"" TN data center moratorium ordinance site:.gov OR minutes OR agenda",,,,,,,
2,47145,"Roane County, Tennessee",TN,label_positive_no_support,tracker,D,Roane County | 2026-07-14 | passed | https://www.wvlt.tv/2026/07/14/they-are-monster-deal-with-during-emergency-events-another-east-tennessee-county-moves-closer-pausing-data-centers/,,,,,,"""Roane County"" TN data center moratorium ordinance site:.gov OR minutes OR agenda",,,,,,,
2,47147,"Robertson County, Tennessee",TN,label_positive_no_support,tracker,U,"Cedar Hill (Robertson County - mayor proposing 2-year data center + crypto moratorium), TN | 2026-06-01 | passed | {'url': 'https://fox17.com/news/local/cedar-hill-mayor-calls-for-data-center-moratorium-in-tennessee', 'title': 'Cedar Hill mayor calls for data center moratorium'}",,,,,,"""Robertson County"" TN data center moratorium ordinance site:.gov OR minutes OR agenda",,,,,,,
2,47157,"Shelby County, Tennessee",TN,label_positive_no_support,tracker,U,Memphis City Council (Colossus Water Recycle Plant land sale) | 2025-03-04 | passed | https://wreg.com/news/memphis-city-council-approves-xai-land-deal/,,,,,,"""Shelby County"" TN data center moratorium ordinance site:.gov OR minutes OR agenda",,,,,,,
2,47177,"Warren County, Tennessee",TN,label_positive_no_support,tracker,D,"McMinnville (18-month data center moratorium, first reading), TN | 2026-06-09 | passed | {'url': 'https://theucnow.com/2026/06/03/mcminnville-board-unanimously-approves-center-moratorium/', 'title': 'McMinnville board unanimously approves moratorium'}",,,,tn-warren-county-2026,County Commission moratorium covering high-electricity computing uses; adopted resolution text not located online,"""Warren County"" TN ""County Commission moratorium covering high-electricity compu"" site:.gov OR minutes OR agenda",,,,,,,
2,48005,"Angelina County, Texas",TX,label_positive_no_support,tracker,U,Lufkin | 2025-11-01 | active | https://www.change.org/p/stop-ai-data-center-lufkin-tx,,,,,,"""Angelina County"" TX data center moratorium ordinance site:.gov OR minutes OR agenda",,,,,,,
2,48027,"Bell County, Texas",TX,label_positive_no_support,tracker,U,Bell County (Murray Industries construction moratorium) | 2026-07-02 | passed | https://www.wymt.com/2026/07/02/bell-county-passes-data-center-moratorium-halting-construction-2-years/,,,,,,"""Bell County"" TX data center moratorium ordinance site:.gov OR minutes OR agenda",,,,,,,
2,48041,"Brazos County, Texas",TX,label_positive_no_support,tracker,U,Bryan | 2025-09-16 | passed | https://www.texastribune.org/2026/02/13/texas-data-centers-local-governments-power/,,,,,,"""Brazos County"" TX data center moratorium ordinance site:.gov OR minutes OR agenda",,,,,,,
2,48061,"Cameron County, Texas",TX,label_positive_no_support,tracker,U,"Harlingen | 2026-05-20 | passed | {'url': 'https://www.krgv.com/news/harlingen-officials-approve-120-day-moratorium-to-study-impact-of-potential-data-centers/', 'title': 'Harlingen officials approve 120-day moratorium to study impact of potential data centers'}",,,,,,"""Cameron County"" TX data center moratorium ordinance site:.gov OR minutes OR agenda",,,,,,,
2,48287,"Lee County, Texas",TX,label_positive_no_support,tracker,U,Lee County (Blue/Sandow) | 2026-01-01 | active | https://www.texastribune.org/2025/06/05/texas-data-centers-gas-power-plants-ai/,,,,,,"""Lee County"" TX data center moratorium ordinance site:.gov OR minutes OR agenda",,,,,,,
2,51031,"Campbell County, Virginia",VA,label_positive_no_support,tracker,U,"Campbell County Board of Supervisors, VA | 2026-05-05 | passed | {'url': 'https://wset.com/news/local/campbell-county-requires-special-use-permits-for-data-centers-after-unanimous-board-vote-may-2026', 'title': 'Campbell County requires special use permits for data centers'} || Campbell County | 2025-11-01 | active | https://wset.com/news/local/campbell-county-faces-data-center-proposals-as-residents-call-for-stricter-regulations-route-460-concord-cabin-field-road-mesh-capital-llc-supervisor-matthew-kline-november-2025",,,,,,"""Campbell County"" VA data center moratorium ordinance site:.gov OR minutes OR agenda",,,,,,,
2,51041,"Chesterfield County, Virginia",VA,label_positive_no_support,tracker,U,Chesterfield County | 2026-03-09 | active | https://richmondbizsense.com/2026/03/09/developer-appealing-permit-requirement-for-data-center-project-in-chesterfield/ || Chesterfield County (WestDulles appeal) | 2026-01-01 | active | https://richmondbizsense.com/2026/03/09/developer-appealing-permit-requirement-for-data-center-project-in-chesterfield/,,,,,,"""Chesterfield County"" VA data center moratorium ordinance site:.gov OR minutes OR agenda",,,,,,,
2,51047,"Culpeper County, Virginia",VA,label_positive_no_support,tracker,U,Culpeper County | 2025-09-02 | passed | https://www.pecva.org/region/culpeper/support-more-data-center-regulation-in-culpeper-county/,,,,,,"""Culpeper County"" VA data center moratorium ordinance site:.gov OR minutes OR agenda",,,,,,,
2,51059,"Fairfax County, Virginia",VA,label_positive_no_support,tracker,U,Fairfax County | 2024-09-10 | passed | https://www.datacenterfrontier.com/site-selection/article/55139905/northern-virginias-fairfax-county-tightens-data-center-rules,,,,,,"""Fairfax County"" VA data center moratorium ordinance site:.gov OR minutes OR agenda",,,,,,,
2,51061,"Fauquier County, Virginia",VA,label_positive_no_support,tracker,U,Town of Warrenton | 2025-07-08 | passed | https://www.fauquier.com/news/town-council-votes-to-ban-data-centers-from-warrenton/article_0f58d64e-f89e-4dbd-8825-c06e65f1a4b7.html,,,,,,"""Fauquier County"" VA data center moratorium ordinance site:.gov OR minutes OR agenda",,,,,,,
2,51087,"Henrico County, Virginia",VA,label_positive_no_support,tracker,U,Henrico County | 2025-06-01 | passed | https://www.12onyourside.com/2025/06/11/henrico-board-supervisors-passes-stricter-requirements-data-centers/,,,,,,"""Henrico County"" VA data center moratorium ordinance site:.gov OR minutes OR agenda",,,,,,,
2,51117,"Mecklenburg County, Virginia",VA,label_positive_no_support,tracker,U,Mecklenburg County | 2025-03-01 | passed | https://www.sovanow.com/articles/data-center-debates/,,,,,,"""Mecklenburg County"" VA data center moratorium ordinance site:.gov OR minutes OR agenda",,,,,,,
2,51177,"Spotsylvania County, Virginia",VA,label_positive_no_support,tracker,U,Spotsylvania County | 2025-12 | passed | https://www.fredericksburgfreepress.com/2025/12/10/spotsylvania-board-of-supervisors-approves-data-center-design-standards-but-they-may-be-short-lived/ || Spotsylvania County | 2025-11-01 | approved | https://www.fredericksburgfreepress.com/2026/02/25/spotsylvania-board-of-supervisors-vote-to-require-sup-for-data-centers-set-advertised-tax-rate/,,,,,,"""Spotsylvania County"" VA data center moratorium ordinance site:.gov OR minutes OR agenda",,,,,,,
2,51179,"Stafford County, Virginia",VA,label_positive_no_support,tracker,U,Stafford County | 2025-10-22 | passed | https://www.fredericksburgfreepress.com/2025/10/22/a-home-run-for-data-center-critics-stafford-supervisors-adopt-750-foot-setback/,,,,,,"""Stafford County"" VA data center moratorium ordinance site:.gov OR minutes OR agenda",,,,,,,
2,51187,"Warren County, Virginia",VA,label_positive_no_support,tracker,U,Front Royal Town Council | 2026-07-07 | passed | https://www.nvdaily.com/nvdaily/council-oks-moratorium-on-data-center-applications/article_8bbfc9ce-d84e-5dd8-a4be-e8f9ee95cc94.html,,,,,,"""Warren County"" VA data center moratorium ordinance site:.gov OR minutes OR agenda",,,,,,,
2,50027,"Windsor County, Vermont",VT,label_positive_no_support,tracker,U,Royalton | 2026-03-03 | passed | https://vnews.com/2026/03/03/royalton-ai-crypto-moratorium-approved/,,,,,,"""Windsor County"" VT data center moratorium ordinance site:.gov OR minutes OR agenda",,,,,,,
2,53007,"Chelan County, Washington",WA,label_positive_no_support,tracker,U,Chelan County PUD | 2014-12-01 | expired | https://www.chelanpud.org/my-pud-services/rates-and-policies/high-density-loads,,,,,,"""Chelan County"" WA data center moratorium ordinance site:.gov OR minutes OR agenda",,,,,,,
2,53017,"Douglas County, Washington",WA,label_positive_no_support,tracker,U,City of East Wenatchee | 2018-03-01 | expired | https://www.wenatcheeworld.com/news/local/cryptocurrency-temporarily-banned-in-east-wenatchee-residential-zones/article_13d14c5b-9597-5bac-aa93-2784c8251565.html,,,,wa-douglas-county-2018,"County moratorium on use of cargo containers for cryptocurrency mining, reported by MRSC; later code amendments TLS 19-12-31C addressed cargo containers and cryptocurrency mining; RCW 36.70A.390 (county plans under the Growth Management Act","""Douglas County"" WA ""County moratorium on use of cargo containers for cryptocurre"" site:.gov OR minutes OR agenda",,,,,,,
2,53025,"Grant County, Washington",WA,label_positive_no_support,tracker,U,Grant County PUD | 2025-03-25 | passed | https://www.yoursourceone.com/columbia_basin/report-quincy-at-center-of-debate-over-washington-s-data-centers-clean-energy-future/article_f2b12988-6708-44bd-b1fb-72e8a5e4d43b.html,,,,,,"""Grant County"" WA data center moratorium ordinance site:.gov OR minutes OR agenda",,,,,,,
2,53033,"King County, Washington",WA,label_positive_no_support,tracker,U,"Seattle | 2026-06-09 | passed | {'url': 'https://www.kuow.org/stories/seattle-could-ban-big-new-data-centers-for-one-year', 'title': 'Seattle could ban big new data centers for one year'}",,,,,,"""King County"" WA data center moratorium ordinance site:.gov OR minutes OR agenda",meeting_portal,city_site,hit,https://council.seattle.gov/2026/06/09/city-council-passes-emergency-data-center-moratorium-and-policy-framework/,2026-09-28,2026-06-09,"City of Seattle: Council passed amended CB 121214 (emergency ordinance, unanimous) 2026-06-09, temporary moratorium on new data centers >20 MVA, plus Res. 32204; Seattle City Council official site post"
2,53071,"Walla Walla County, Washington",WA,label_positive_no_support,tracker,U,Walla Walla County | 2026-02-12 | active | https://www.datacenterdynamics.com/en/news/aws-likely-behind-48bn-data-center-in-walla-walla-washington/,,,,,,"""Walla Walla County"" WA data center moratorium ordinance site:.gov OR minutes OR agenda",,,,,,,
2,55055,"Jefferson County, Wisconsin",WI,label_positive_no_support,tracker,U,Jefferson County passes data center moratorium | 2026-08-12 | passed | http://www.dailyunion.com/news/local/jefferson-county-passes-data-center-moratorium/article_99689985-3ab4-56da-a269-b3490c3bedc4.html,,,,,,"""Jefferson County"" WI data center moratorium ordinance site:.gov OR minutes OR agenda",,,,,,,
2,55087,"Outagamie County, Wisconsin",WI,label_positive_no_support,tracker,U,Village of Wrightstown | 2026-07-07 | passed | https://www.nbc26.com/news/local-news/wrightstown-adopts-a-one-year-moratorium-on-data-center-projects,,,,,,"""Outagamie County"" WI data center moratorium ordinance site:.gov OR minutes OR agenda",,,,,,,
2,55089,"Ozaukee County, Wisconsin",WI,label_positive_no_support,tracker,U,Port Washington Plan Commission (Lighthouse construction-hours limits) | 2026-03-25 | passed | https://www.wpr.org/news/port-washington-limits-construction-hours-data-center-project-after-complaints || Port Washington Common Council (Vantage development agreement) | 2025-08-19 | passed | https://biztimes.com/port-washington-approves-8-billion-vantage-data-centers-project/ || City of Port Washington (I-3 Technology Campus zoning + 500-acre annexation) | 2025-05-01 | passed | https://news.constructconnect.com/initial-plans-revealed-for-1900-acre-1b-data-center-in-port-washington-wisconsin,,,,,,"""Ozaukee County"" WI data center moratorium ordinance site:.gov OR minutes OR agenda",,,,,,,
2,54063,"Monroe County, West Virginia",WV,label_positive_no_support,tracker,U,Monroe County | 2026-02-01 | active | https://therealwv.com/2026/02/06/monroe-county-commission-denies-data-center-discussions/,,,,,,"""Monroe County"" WV data center moratorium ordinance site:.gov OR minutes OR agenda",,,,,,,
