rank_score,row_key,verification_status,outlet,headline,suggested_mechanism,suggested_county,suggested_state,location_confidence,existing_coverage,resolved_url,resolved_domain,resolve_status,promote_ready,redirect_url
7.5,710aab3ead,headline_only,Arkansas Advocate,"Arkansas’ most populous county approves data center moratorium, but with exemption",moratorium,Arkansas,AR,high,none_found,,,not_attempted,no,https://news.google.com/rss/articles/CBMivgFBVV95cUxNZVFTZ1VndFFyaFdieW1VMFFINFJPNGp1RFZJdVNfVTd6VTJMRGVkQWZOT09ROFRKZXhITHJ5M0w3TElvUmRVcUVBTmdhSk1EcFFYWU9vMnRQOUoyZmdaWFdGOTNWMkN6MFZmZ0JEOEp2ZmxNX1AtSUVoTWZWd0p1RkdtYV95U2EtSV9UdFdvamNQYWJGSmVvWmtGaWVQaXo5WUZIRTJEbmNscm9ocHlGaWV1VDJtVmoxVEFzc2hn?oc=5
7.5,4916d1af1e,headline_only,Barron's,New York Imposes First Statewide Data Center Moratorium as AI Faces Growing Opposition,moratorium,New York,NY,high,none_found,,,not_attempted,no,https://news.google.com/rss/articles/CBMijwFBVV95cUxQd280dGJ0YmdHMjh0S0pVMVNJclRyeEV1VFZNaDNiQTVmRkdCeUk5TEdTN2lvcUp2VG9zWjN0eDU4RDNqLTVSNGJ1Q1VXZkdoV1hrN1lBZkY0U1pfbUFDVDJ3OHJVd00yVTdxN25PYUJ6Q0MwNmNkQnVIQ2hYQ2R0SWc5aW5TQ0xpc1lydXoyUQ?oc=5
7.5,d8a586db16,headline_only,Business Insider,New York enacts nation's first statewide moratorium on AI data centers,moratorium,New York,NY,high,none_found,,,not_attempted,no,https://news.google.com/rss/articles/CBMimAFBVV95cUxPa3JqN25fUWtscV9nQ29kV2lqMzJ1b1k4cXk5ajNzVXdkay00YTNuWVhwZFZpSHUtbGNFQXhtUXRnQThKNlZVeGRYMVRhSXFDQkc4a25xNEs5YnVMclNIS0l0WlBuQ1pET1VuRTlWb3M4bFRpRzYzQWc4dHV2UkxVRHIwcnl0Y0Mta2N3eWhUVjRLQXV6SmdQcw?oc=5
7.5,aec7a4cac5,headline_only,CRE Daily,New York Data Center Moratorium Threatens $10B Pipeline,moratorium,New York,NY,high,none_found,,,not_attempted,no,https://news.google.com/rss/articles/CBMikAFBVV95cUxPODUzaWxpZWh6QjUxUnhUYnpEQmZCaFlCUExHa3oxOHppaDV6dTJwNWdmVkpNaXlZbUZuZElNVzdYWnl5b2JqZHltT1BsdDIzTlJ4MHhack1kRi11S1dFejFLX0VBNHdKdnRSTG84NVZIVWdRdXlaaEx1bmJ3ODU5MlpfMkpVYUtZU3V1bGVXRGo?oc=5
7.5,c389b035ba,headline_only,Data Center Dynamics,"New York state legislature passes data center moratorium, awaits governor Hochul's approval",moratorium; legislation,New York,NY,high,none_found,,,not_attempted,no,https://news.google.com/rss/articles/CBMizgFBVV95cUxQc2JzcmphdS1GWklLcVRPSnhQa2lrR29EOXVXem94VEl0azVkWXJNNURzQzd3alI0bEpBNVFkOWhWc2tBSGoyQ3lud0VsMFRRYlZ4RVJVMHZTb1NYREdQVWhEMTQyNU1XWmFjWnJJWGZ3Tk81ZUZGdFg3ZzByUzNsclhMXzBrb0ZMeURRanlsQ1RFbWUySF9HNTJHSVJTdkhJaWgwdHJoY0lRQlZEaTBzaXhfODNCSEFNa0JfS2xEYlFZcWNlbjJoeVVXLVZhQQ?oc=5
7.5,0176cf39c2,headline_only,Inside Climate News,New York State Gets One Step Closer to a Data Center Moratorium,moratorium,New York,NY,high,none_found,,,not_attempted,no,https://news.google.com/rss/articles/CBMiiAFBVV95cUxNY1VpNjNWVjJkMHloeHEtaGZ5bmxLMUdmZFhYai1pVkdNS2ZlX0Q3R1lVd0REdW1sUEtieGZzYS14NGU1eWhWS0J1ZDRCcmVMUWNIc1hnY1pVVEllQXpHYWtNRm50cmVBTTBSNDBDTHZJZmtQemNScFVMekZJc2hCc0lfN1dxRVND?oc=5
7.5,437bd643ec,headline_only,POLITICO Pro,Article | New York’s pioneering data center moratorium draws labor pushback,moratorium,New York,NY,high,none_found,,,not_attempted,no,https://news.google.com/rss/articles/CBMiwgFBVV95cUxONU5oQlh5Zzl5ZU0tbGNTS3VrT21oMWFiUThWOUxkdXEzRy1GNjFoVTNoQWpmZGhaVlViSVFNSUQxLUppQXB6RXNqUUJ5ZTB3QVMyb1MzUnctTFNHV01nWWZkQkJNSi02ZWZsd0xkOGVKYU1BX2pHQ1Vxd2Qxc1pvdkliZXJWQWhNZzJUYnQ0b3NNbkVyTHNTR1FJUkp6enVaWUdTcGZjQnNyMThaUFdlaG1RTGF0VEVwUDlFWVpLZW5oZw?oc=5
7.5,43ba84fe51,headline_only,Pennsylvania Capital-Star,New York state gets one step closer to a data center moratorium,moratorium,New York,NY,high,none_found,,,not_attempted,no,https://news.google.com/rss/articles/CBMisgFBVV95cUxOem16R09zTm5PYnlaamV2WVBaWHc0c0RVNi1oNkhaa19zNzFOd2JqTVlaZ1pZMXgzY2ZBd0hmZlo1Mmx2clFFc2NGd0E5dHdyT1hZNWZ2YjNQRlR2TFZJOUU0TkdUeGFmR0lnQXZQMlFObmwtaC0xdUIycjB6Y3lyZXVLbHNsV2JYMlNLZWpqNzgzejEyZ2dXSU1oM2Y3VW9LdnEtQW5mQURGeEVZM082Vk53?oc=5
7.5,f0663709e2,headline_only,Reuters,New York becomes the first state to impose a data center moratorium,moratorium,New York,NY,high,none_found,,,not_attempted,no,https://news.google.com/rss/articles/CBMiogFBVV95cUxQS1VqV09jX0hhZXQxRXpwaGRHbnY1SmdGT1RMYVEyM1pBaWtyNlBoaTBKYWpCRlMyWHQzMFVCUTFyakRMaDlhTkJpWUtMQThfeFlPQml2RHRUbVJTQmVWMjRvb2w5al9CeW1iQzJ5dkVLUlJHaWZMcXNRbUxZSGdIX2VrZkhKSWplczI1Rlc5d1puZng2Mkc3SXdYM2VYUER4Vnc?oc=5
7.5,8661707286,headline_only,Stateline,New York governor orders first statewide data center moratorium,moratorium,New York,NY,high,none_found,,,not_attempted,no,https://news.google.com/rss/articles/CBMingFBVV95cUxQR3RMYU81M1kzaldkWmJmRlBHYkxkMVNQM2ZjbVRndjRVSjJyVVBwYXhfbUdMaktsYXNUbUJELUNqeXU4ckZQaF9qV0c4SXRfZHNQMk1ZQWdJZnI5dy1ON1hsUG5SYzZZR0M1eWt1bjE0ZTFkeEQ2VzRubWp4NEhfZWM4RnJjYjQwY0JEVGpwZHR0WUVxR3lrWUpHQ0xWZw?oc=5
7.5,4059574269,headline_only,Tangle News,New York’s data center moratorium.,moratorium,New York,NY,high,none_found,,,not_attempted,no,https://news.google.com/rss/articles/CBMia0FVX3lxTFBXdzd2Nlo4S0ZLVHZuaUhuRzFnRXE0MkRGenh0YU5CUDNXZmJwT0gxVXJjeDg4b1Yyd0RheVhfUG1oR0xPZG9aZ1c4aVl2WUF1N0hoaTdpVU1pTmVnUjBiWWN5R1ByMlZIanYw?oc=5
7.5,71b0905554,headline_only,The Institute for Energy Research,New York Imposes a Data Center Moratorium,moratorium,New York,NY,high,none_found,,,not_attempted,no,https://news.google.com/rss/articles/CBMimgFBVV95cUxOcDJnWWJPXzNlZGZETF84U2ppdVFrQ19oY1FBZ3NJS0h2dUJQZ2JCWlZRTUE3c2RvMENrUjAtVm96ZFA3c2p1aVFVVE4waWpLT3VtanBKUjE2WmQ2OUtYd1pIRVhNMVd1QjJTZ2hOd29veTg2ZWFBYmR1WFQtQkl0ZktXVV9maTBzNmlEaldJVnFFWjEzdVktaktB?oc=5
7.5,484fa463c0,headline_only,The MSU Exponent,Yellowstone County Dems are seeking two-year moratorium on large data centers in Montana,moratorium,Yellowstone,MT,high,none_found,,,not_attempted,no,https://news.google.com/rss/articles/CBMiiAJBVV95cUxNcml1SkJWMHI3NVRlV1N0dVJDcHdaSGNibkhHbHRvSU5salRHSzBwLW9hdWJ1cElYNVpvYnFKNFF1NUdVQXNSZGxWU05iX1p5QlQ4RmtNdC05dXZQOXNESFFBal9QNU5sNlY5dFhSRHZoNjFlTk8xaHloYlhhRzhDZi11QlpwRmFzeHc1Nm85dHhVNjhZV0NSdy10LVY5ZURUaXJadGwyUExrSHRra1hhME5QU0RRWFJuUEJBbUpuUzdSTlRJSHlweG83dnMwNm8wMDdhM2U5bTNzamVHcF90SGY5dlUtcFNZWERXQWxNSThlOEZGMUpEZ2ZuY2l4eUU1RG40WldlNTE?oc=5
7.5,9f69dd7633,headline_only,WIRED,New York Governor Signs First Statewide Data Center Moratorium,moratorium,New York,NY,high,none_found,,,not_attempted,no,https://news.google.com/rss/articles/CBMilgFBVV95cUxPaTJHMTdjVWVuVGlaVG9TcHJCaVlTVkpRdDk1NTItdFRNWnphNkp3WEpqYkx3UU5xa3hsZXNvSFJSbk5Rejg1dHVnV0lHWDAzNzFpVV90NTZKOUJzRmZ4cXV1SGtGSkJWUGhITnA3cDJEYVJESFd1eWd5ZU1qTXJuQ0l4bmNXTGEzaVpNcEVuaXZNWmgwS2c?oc=5
7.5,41bf2330d1,headline_only,West Central Tribune,Residents of NE Minnesota’s Carlton County seek moratorium on data centers,moratorium,Carlton,MN,high,none_found,,,not_attempted,no,https://news.google.com/rss/articles/CBMiqwFBVV95cUxNV2F0eGoxVWtTdWd1WnZGcmNJVVFDRUFQWHpOVkw3NUgyR052UHZUY2YtVk5hMWpqSTltSXNHOF9oMndncGtrSEFqYlA3dHVvVlNiWGJnSmlCeFRxYTdZRnFTRjF6ZXpwTmlzbjVvcFlOa2diWWkyYUpBWWZvaVlBeHVCbXFlMnVkTlpnRDcyTFY2eG1Qcm1UbnhsNkctUFA5M3R6aTFqSVRmYnM?oc=5
7.5,04d134e360,headline_only,govtech.com,Colorado County Prepares to Extend Data Center Moratorium,moratorium,Colorado,TX,high,none_found,,,not_attempted,no,https://news.google.com/rss/articles/CBMiqAFBVV95cUxOLUN3N0lIUm1IMG1QUmpuS1ZlUVQtTGE0S3Ixa1RnTlVxMTJWN3VUb0UxUXU1SlRxcW5DbVdwcmwtUm9kaWQ4UG8wYW50QmNCc3JmeHZlTlVqOFZxMXNNMmh3dUZENm5XQUVzSlBGcFBVR09WMkNacHU3N3BNSXp2bnlZNkUwa21LUmJtR1FoaTFaS0djYW5mR2hjLUxxemtXNW1GX25LOXI?oc=5
7.5,fd3dff294a,headline_only,indiagazette.com,New York imposes first state data center moratorium,moratorium,New York,NY,high,none_found,,,not_attempted,no,https://news.google.com/rss/articles/CBMimwFBVV95cUxPY2NnYlVpLWFMVVd3TERERmxDdVQtZ0U1X0tvYTRJdV9tN3Jzc3NQWDhlYmdZVllCX0poU3BmNDlmNDljalhGNm5jTjNTLUdCY251LXdMbzFycjNyVlZ3REZEVW94T25NVTVxNU9WVkR6TC1Ycm9UM0xuQ3c1NDIwYmhFc3c4X1E1NzZFdWJKbk5MMDM1aXAybF9uVQ?oc=5
6.0,69f1f91b26,headline_only,Axios,Pasco County weighs moratorium on AI data centers,moratorium,Pasco,FL,medium,none_found,,,not_attempted,no,https://news.google.com/rss/articles/CBMinwFBVV95cUxQTlZncGNIQ05BdWRDOUtnNU1uZnNDaFAwSVZFWGhxUmU2OVJJcUdULW5kVFRWakF0eTkxeTZaQVdJcWpEa2lERzNjaTlUd29Bc21fVHY0SnQ1SEc3TUl1dE84d243cnNsSjU0NlREZzc5TFpaQy1LU1VRMWpRRlFWN0hvS3hVUmJoT3FfZnpHZDFfQVVqRXlWeGdVZ1dmUjA?oc=5
6.0,582a26941d,headline_only,Broadband Breakfast,Socorro County Officials in New Mexico Agree to Vote on Data Center Moratorium,moratorium,Socorro,NM,high,possible_duplicate,,,not_attempted,no,https://news.google.com/rss/articles/CBMirwFBVV95cUxNN1JNQU9kbU5sOWFyS0VvcUtQbV90T1pwZGNlV3RTVmtFeV8zLUYtbUI2VXE1TzI5S295WEVPUmFoRTBJUmlEd2ZIVUp3VDRWUVd0WUJGMWFrRGZWZUxEZjgtajRWX3ZtcjBMX3BuUFZuRGZRVERoZDgta09PU3RIaTVUZ2hhM0dKX214M2dOSGN1aGk1VkZDZlhvLWhTbVpyX3RNdFdmV2RwT3JRTjlV?oc=5
6.0,7cb1f7b4ee,headline_only,Cloquet Pine Journal,Carlton County residents seek moratorium on data centers,moratorium,Carlton,MN,medium,none_found,,,not_attempted,no,https://news.google.com/rss/articles/CBMimwFBVV95cUxOd1BLLUJDblE3VHVnbWhZLVVaVENxUllqZFlzM2tKeUhiUTdMVE4xMHYyNlpqUmNKMTlWQWtnbExSWVJqYkRKVjMtLW9palh3YVJoNWNkZDBMUUZjZFhuQjhMUHprNXk2cDhPeWItY1lQRnlwUkxjLUg5UnFFSG9ra3RuTno0aEVOckl6VTNqOU9SemxUN0dmTkpjcw?oc=5
6.0,5fda580e0a,headline_only,FlaglerLive,Palm Coast Joins Flagler County in Considering 1-Year Moratorium on New Data Centers to Rewrite Rules,moratorium,Flagler,FL,medium,none_found,,,not_attempted,no,https://news.google.com/rss/articles/CBMiXEFVX3lxTE1VaGotaU9QdWplMlFXWFQwaEZqRUlNZUxta2d0M0ZJeHJzTll6YWRWZTZfX2FIM1lTRDNzNU5sblAyQkx2bFBZMWpGZWhmZzBlaTZ5R25keUhocm5H?oc=5
6.0,75e83d6410,headline_only,Fox 59,‘Common-sense protections’: Rep. André Carson introduces AI data center moratorium bill,moratorium; legislation,Carson,TX,medium,none_found,,,not_attempted,no,https://news.google.com/rss/articles/CBMitwFBVV95cUxQVi1SWjR0SnNLbVF2TG1wbnowNHJ4Njc2WlRPTTVicTkybUIwdzctTjZFaVVLcTJ4SC1aXzFWYmVuRFFOVFNhSlFYeHJ1S0NSV2dZNWVHdXNuMnRHZmlTa1hNT0s4Mjd3b1ZsVFZ6dGdEMWpsVWpGNkM4eFZqV3M0X3ZleXBjTGNOV1NNUWhBLWtPeWZNWk5fTVl6SUpTcUU4N0o2c1M0R20tTWE4eGVYTXB0N1ZSUGfSAbwBQVVfeXFMTjZrUEhPWlA0V0g1YmN4alkzdlh0RkpTZnlKNDFRMXM0SHpyQ2pEeENzZEVGRjZjbjNublotd29rUWF6VnJhb0Q0SjY2RFMwLTlQR2VoS0J6WTNUZ01Yck42WGlsc1RKaGV2RDIxY1ZVUy0wNndVUUtoLXlnUElHUDBJOEVnODU1Q1QwelVIVXlHaWRTcWd2ZWlyS2FNZW1VazJxSnJUcmJGTGx0ZHFOMFVNdjd0LWIwZ3kzTUs?oc=5
6.0,3b7cc8f811,headline_only,LEX 18 News,Lexington City Council unanimously passes a moratorium on new data center approvals,moratorium,Lexington,SC,medium,none_found,,,not_attempted,no,https://news.google.com/rss/articles/CBMisgFBVV95cUxPakJsd1d6NWtrR3FIeU5RVFkyWi00YmI0QV9namt2Ri0wREtIUlp5ajJSeURUUXI1T0lCNndmTmhSd0J5M215RzVtUlZuUGtKWUpEc29oTG9aQ2g2S3VweTd5aVVIUnoxNzM4M2QwTzh1UDJ4M0dEemlOZTZGQmRoejdIMXFHX1NiWGVRWmNuZ05WeXlsamRBc19rZWZkMjd3bHF3eXctNFJZT1pXMHo1OWVR?oc=5
6.0,ee5ff80aff,headline_only,NBC Palm Springs,"Coachella Approves Data Center Moratorium, Ends Stronghold Power Agreement",moratorium,Power,ID,medium,none_found,,,not_attempted,no,https://news.google.com/rss/articles/CBMitgFBVV95cUxNZUlZaEllaW9MbE1BMDczRm1QRjZZNndoVTI2Q1RKY2V3NThCLXBqeUIxaElsWVBCSzU3N21TVk5QWlgxR3VsLU1icHVaNWhrSzNWaXRtWWcwZGtqTFZXNk1McnNNLUZ1UVk3T2QzZGRkQzYxYlZQMTdIcGdyZnpyaXQyc09paTFHRERoZTdLN21EZEI3YXoyalpWNmt2VXhqNGZDenh6UXF3b1VxSU9ZUGp5QWZHUQ?oc=5
6.0,e29e4b2332,headline_only,Tampa Bay 28,Pasco County considers 1-year moratorium on data centers amid growing community concerns,moratorium,Pasco,FL,medium,none_found,,,not_attempted,no,https://news.google.com/rss/articles/CBMi6gFBVV95cUxNcmlKa1FVN29QaGhwTlh2YmhXS0xlRkdXWVY5TTNsRDNvMHo2RExhMVNEV3hQNC1kMUZCRllrNVRMQi00YlZucTBhelI1dzNZakdkMmdqb29ZcUN1TENIbXNIcGI2MTVydXh0U0tFaUdYRkQxaU15SGw1TjlYVWdKRmZBdUw2aHVBaDRTUW9BcmQ1ZVc2c04welJKQnhaUjFDelREVm1CSmZWeDIwVVg1U0JVVDNuWDF2NzhKVGhXMHVDMHM5X2hoX3JKMm5hc0tDdy1RYS10Sm5yMEVvZVpjdUZjdDI0aXE2WUE?oc=5
6.0,9c7a8f72fc,headline_only,The Augusta Chronicle,Augusta extends data center moratorium after public opposition,moratorium,Augusta,VA,medium,none_found,,,not_attempted,no,https://news.google.com/rss/articles/CBMi3gFBVV95cUxOUGczSXZMby12UFpRUXNuZWxVRmJqeWNZRmRRQkJfb1hkZnA3V0ZLVVJRZFJ4U0lkbFpUbFBXYWdKLUpMNGhZUlJLaERlZmpPaGstNjVnVTNPWEJXWGloWm80aWlVcmZVdlVObFJGV2tnRGhzZGNITkNWNVBpaUtTVlFXUWtKel8zZVE5XzNYa1dULXU2VHhEcFBhOGZNWmt1R0RrcThSTk9aLXd3RzZlcHBsbTNNRVFuY09rbVgxdlNBbHhlQU5oMUxDWnVuTHY2UnZZYUJ2c1g1Z1Q0TlE?oc=5
6.0,43c4489fb7,headline_only,The Register,"MAGA's Mace wants to make power bills great again, calls for datacenter moratorium",moratorium,Power,ID,medium,none_found,,,not_attempted,no,https://news.google.com/rss/articles/CBMiygFBVV95cUxQT0xxRVd6ejRDT3NEWU93V3I0ZEk5ZFdxUnFiRVd4ZVBFMjdBU0JKUWhZTDJlSkRFTGFwOURCWlJ2NmNxN0YwRHU5UWl5Qll3b084eTllN0NoTUQ5UlJqNXlYckg3Q24ycXp3VWdyTlkwckloX0RtYUJaelJzdTdVNmpvUGV0eG90WkJpT3lCajBvc2daQnV5VmFhVC1MRl9Fc09IMlRWXzlNQWlEUVRndGFoZWVkNi1JaGU0NW5nczRLMnJNYTRFb3RR?oc=5
6.0,21ac3e7028,headline_only,The Seattle Times,Skagit County passes data center moratorium,moratorium,Skagit,WA,medium,none_found,,,not_attempted,no,https://news.google.com/rss/articles/CBMinwFBVV95cUxNWjJWQXZsdmpnaDFKWG9jTHlNNm1zeTN4X0FJSWRpT1doOEdZMDc2eFRjLVRIOTNXRmpOODIyLVBvUVJMeF9aMDVPZWhRWTZZN3E3UDY2RlZuU3AxVUZQNVo0RVgyQVFBUFhNMlhWTlV2X3hUTHJtSDZRR1Y3WHpaRXFldFpoZzNLam9QejMyVDJCU25JVm1qRjU1ek5ITjQ?oc=5
6.0,f9f0a75a09,headline_only,WUSF,A one-year moratorium is placed on data centers in Pasco County,moratorium,Pasco,FL,medium,none_found,,,not_attempted,no,https://news.google.com/rss/articles/CBMimgFBVV95cUxPcnd3WXhvU1Jvc05LTURDdzF1LW0zaUpvay04TkVfYVpGMDFfQlBGR2lZT3hlT0VOSmpDc0tnNExnQXRpdDhpSWtZRDRGOTc1WU92R1VIc3FJclFYNllEazZYVmxpNlVOdm14d2FFU1R5VmFvaUJOMVR5YnZJNzRGd3ZvQ29Xb2V2OG9haS1yeGdJMGxRVk1HbVpB?oc=5
6.0,21b55d465b,headline_only,WUSF,A one-year moratorium may be coming for data centers in Pasco County,moratorium,Pasco,FL,medium,none_found,,,not_attempted,no,https://news.google.com/rss/articles/CBMimgFBVV95cUxPcnd3WXhvU1Jvc05LTURDdzF1LW0zaUpvay04TkVfYVpGMDFfQlBGR2lZT3hlT0VOSmpDc0tnNExnQXRpdDhpSWtZRDRGOTc1WU92R1VIc3FJclFYNllEazZYVmxpNlVOdm14d2FFU1R5VmFvaUJOMVR5YnZJNzRGd3ZvQ29Xb2V2OG9haS1yeGdJMGxRVk1HbVpB?oc=5
6.0,8e0ae0bf1b,headline_only,WXII,Davie County leaders consider data center moratorium as residents voice opposition,moratorium,Davie,NC,medium,none_found,,,not_attempted,no,https://news.google.com/rss/articles/CBMiiwFBVV95cUxQXzRybWkyX3IxX2hfdzg2YTZndmRidzNlc05IUHBscmo4aTBUNWNFVVV6SUJhR2hMQ1N1d0NISS1vMnVhay00MVlLSlRCdnh0MjUwbkJXMkVYVjlsejlYYldkUm1yQllVWk5qdGJaaVFUSFpzeEdpV2NJR3o4LWxfeGVRTzlDQUxRMWdN?oc=5
6.0,d59decc734,headline_only,WXII,Davie County residents express demands for data center moratorium,moratorium,Davie,NC,medium,none_found,,,not_attempted,no,https://news.google.com/rss/articles/CBMijwFBVV95cUxQa2dyaTFCN3VLa0lRVXlOQWdHbmZoNUVSWEN6NkRBUHBSbDQ5OUxud3haTWNnU3NSZDZtYzlNc3RiNGp2S3h2c1hFMW9fWE52ODBKSFA2cXh6Qi1hclFxLVRzVHptazllaGYwd1k0RFRHRjREUUpYOEgtMV9tSjkySjM4VDU0UHJfSWItOWczUQ?oc=5
6.0,2386d5d68c,headline_only,lubbocklights.com,"Process starts for moratorium on new data centers in Lubbock – what it would do, who supports it, what critics say",moratorium,Lubbock,TX,medium,none_found,,,not_attempted,no,https://news.google.com/rss/articles/CBMi0wFBVV95cUxOV3VReXhtVlItMFBvQlFzV0RqdUxESEJoMGM0Y2pVTUJIM1oxbnRGMVN6TDdYVUVyM3Bwcm91V1pGdl9FV3U5d19qX0FSNHphSHZ4QWhGcVgtM0s4ZUxYSFpwNEJrS2luekNnRFdiWDdGRlF1c1pvX1hyT3I4bzA5OXJnbFhveUtCWjRyYW9JV3dDZzhwVkpPbjA2MFJXVnFKUmZKLUpUQXZ3ancyRkRJalVIT3c2R3A1QVhQcnhxTHgwUmM3b1F3LTYwYzF5NWQ2NXJR?oc=5
6.0,6521c17490,headline_only,wtsp.com,Citrus County approves moratorium halting AI data center projects,moratorium,Citrus,FL,medium,none_found,,,not_attempted,no,https://news.google.com/rss/articles/CBMi5AFBVV95cUxPdnpxNldnZTk2Y28tanE3VDFkMnpSZk1DMGkxamJtUTlNcUM3dzhUdGlfVnV6Z3F0Sl91d3plaG1MMkFlaDVNWmRfd1FRRGkxUTVFd1dpQVluWWVVcHZKQkYwLTU4OUhTaGhJZVJXTHZ1aDVKb2RXTXFzLUtzWHJDc3hxQ3BtWWg0bnpVTFk4SWFEcWZHQUdjYVFXRk41MkJCMmFDT3c4UWU0SmZhT1RWVzdZYUFNXzRpS3hacFpBZWlRcUgwbXZnZmlNX3VGOW1LWnBmMXZEM1AwSDY3TVduYzNQclI?oc=5
5.5,466ee588d2,headline_only,MSN,New York imposes first statewide data center moratorium as AI faces growing opposition,moratorium,New York,NY,high,none_found,,,not_attempted,no,https://news.google.com/rss/articles/CBMizAFBVV95cUxQTzU3YXY4RkhWWFdXcHB0eDBjQS1kd0VzeHd3NlEyeTd1dG56NWlPM3pCYnVyRlF2aURQWTc5ekJubTM2RzVUVWJPbWdiWkFRZjR0X1BYUWE3amVlaTdHOGljbEVQSmVWbFl0OEJIaE9ZeVA5bHQzQVdzT2ZidWREdE5DbVFCWDZvT3JBVTFJWEZ4S0oyNXVqMENLLXNUdUdHRjF4YWpVVmlNaS1IU2NocFhkM1hPQUk4b0lTdGktckUxVXZtQ2w2NmplaW0?oc=5
5.0,528c50b455,headline_only,Albuquerque Journal,Socorro County approves one-year moratorium on data centers amid Green Data Center opposition,moratorium,Green,,low,none_found,,,not_attempted,no,https://news.google.com/rss/articles/CBMipAFBVV95cUxQakpMOXdpeVNKVHpwcFNjX1ZIUVRYMldzRUdOY0dhM3o5V3k1bk5PZDdnamJXZFVHZUZBMDdVVWpKMnpwdV9kUDJpQm4zRHNMRlJrVFNUeUg3YkZPc2d4ZjRzRWJOcEFGVFAtSzVUZFhmZWNDVTJqelRJb0gwUjRuV2RlR3ZDOHh6dGRMdlVCZ0ltUmN4MnpOTDdMVGVGX1c3T2pqYQ?oc=5
5.0,0e75b694aa,headline_only,Axios,Charlotte City Council will vote on 150-day data center moratorium,moratorium,Charlotte,,low,none_found,,,not_attempted,no,https://news.google.com/rss/articles/CBMilgFBVV95cUxOUm1aRS1ZSnZZOHNrQUpVSnVySnBIRXlsOG1aa0ktOWdpajZmRFJlTEVwX0ZiUjhKaS0wazRiemI0YUhxQURxQjlfN1lybWVHd1BCS1pyWDd2X1Z4UjBmMWczb3VHNjExMXA4Sm5sc2ZjUUVya0R3OGl2RE1uTUtaSFdrYVZwQ3oxSmRnaFhGbWMyVmpxZnc?oc=5
5.0,05cd2175df,headline_only,CBC,"Hamilton's data centre moratorium could be a Canadian first, researcher says, and more could follow",moratorium,Hamilton,,low,none_found,,,not_attempted,no,https://news.google.com/rss/articles/CBMifEFVX3lxTFB3ckpDS3BONGx0cllrdmRSOTZiMkFKRVZPV0ltbmVxTWdDNDZsNDlUMEhkMV9IeXQxSDNjMXJFSUdrVHJOeWo0SU1NWC1EcVhnZnBELTFqNmtRU1dTeEpGRVZzcDlWcjZlZ085eGxmbzY0UVJnTDdZblVwMlo?oc=5
5.0,def009ae99,headline_only,Cowboy State Daily,Full Speed Ahead For Cheyenne Data Centers As Council Rejects Moratorium,moratorium,Cheyenne,,low,none_found,,,not_attempted,no,https://news.google.com/rss/articles/CBMiswFBVV95cUxPbTlFeEdxSS1tcjUyTndLeWN6SjZxYTlUU0FNTWxELWdFQTZzdzQ5TC1QaWZraVZzaDdSdGgwb0tjcW5ubktKWEY0Z0FsczFJLVFEclVSamlDN21wWjRXZlRkbGZVYzJLV3pYWEhTY2lnbVZUWXdFN2g5QTlndjlGSDlOTE9Qa1d2SnZsNWNLTWxRNm9CZ0VNWF84ajZWdERqV3o2RmozNEoxdFRMTjM1QmwxYw?oc=5
5.0,18721e2ed1,headline_only,DeSoto County News,Jackson passes state’s first data center moratorium,moratorium,Jackson,,low,none_found,,,not_attempted,no,https://news.google.com/rss/articles/CBMingFBVV95cUxPXy0tZEJFcGxMQnk5d1FyTUlVNEd1MXVBY3BicjFmVnk2SXhQdzZXSE96TTh6RmZuRjNDdUh2dUlNUkl3M3pvbUVqb2dvRUYzdmxGSlY3R1dyZmVxZWpMeGFpNGhsczZzb3RfZ3NQb3c2Q09VWDVEbXYzZ0RHZ2c3UVowMTZkZHQ0MF9tbzNZOFNZN2JFOHc3ZTNyWDNTZw?oc=5
5.0,f1887de665,headline_only,Dispatch Argus,Clinton City Council rejects moratorium as QTS considers data center,moratorium,Clinton,,low,none_found,,,not_attempted,no,https://news.google.com/rss/articles/CBMiowFBVV95cUxNMFU0RE84ZzVKdlN5VjBtdFllQjZTcWtvYm5pZGxoQ1ZMN3EtcGdUS1JMZkZXRl85WFdNNml3RHRMSm9HTFZ3aTN6VU1YMkp6UTM4YUUwczBiVTdaZWQzR2pRQkdxem5NLV9ROXNNeXZqU0VJaEVfRkZsajcxbzhWX3drUktyV3hiUUZkRHNIWFhnODhMbDd2T3U1bzk4clEybUYw?oc=5
5.0,f48bf53492,headline_only,FOX5 Vegas,"City of Henderson looking at existing codes, tables moratorium vote on data centers",moratorium,Henderson,,low,none_found,,,not_attempted,no,https://news.google.com/rss/articles/CBMipAFBVV95cUxPNndhWGlMQzlpNGtoVW8wbU11akhqd1NZc0lDZnh1cnJya3M1VjVDUmNYRlZ1TEpxRTFqaEtrM0ctQzNDSlNnN09lb0FNYUF2SXdkbFEwanVuLVpsVHhEcFd2RU5NdEN0eUEyYWdoNjlLU0JLcVhHTnVnVVNVTUtCZm0zMnFOQ2NkVXpXdGxJZzNDa0V5TnRyd3BodnhnalpDUFZiddIBuAFBVV95cUxOa2x4UVdXaUl4bWt1dzFNLUNHUGJ3QTY1QWpOV3NjM0p5TmdGcV9sNnVKWXc5NFhMd1p0ZHFDWHRPamlFbllydWtoTkVnZWVKT2VvYTFMRVdpMkhLZTVXSVBBMmxMN1ZrQXlibmZKd1V2YlFTT1dTT3VLdHkzTGlpcEZQeFJSMllSYnFqQ05oeGpEZ3B3aXFTczVyYlJSUllWSkplVk5tV0VHVzZEWTRlRTRLY0QtZVVa?oc=5
5.0,e45280f2e6,headline_only,Green Bay Press-Gazette,Brown County committee declines to pursue data center moratorium,moratorium,Brown,,low,none_found,,,not_attempted,no,https://news.google.com/rss/articles/CBMi2wFBVV95cUxPdUkzejk1dzFYSmE1NTBhYWwwWDl4TjBYV3FQc0ZydUl0X2puaVhkU2NXcmVkX3pPeEZ6Y0FVQzdVbmZ0NFhSbGRrMXNOZEFrMmFrN0JuVm9SVTkydWlpWFN4b0dialgySVR1cWdkMUp1YTJpdTdUQUdpSzc2aFMxa0NsYWJSZDR5LVdmRlJ5TVNWVWJUV09SUTFMODRucmdaR2RmcVl0Wk9PTEF3QlRDX25MSExiNVNrQi1BR1d2elJ3MmhTSkRURjY0YkVmTUNWNEZZVVpUaEVfdVk?oc=5
5.0,d8efbf1907,headline_only,IPM Newsroom,Champaign County takes first step towards a one-year data center moratorium,moratorium,Champaign,,low,none_found,,,not_attempted,no,https://news.google.com/rss/articles/CBMiogFBVV95cUxNYVdaLThhV2VFektPNFAyU3pZS0x1UzN2UGZSanotZ0swY19LN09wWDV5c2JuLUNzQ3BLZTZ3TzUwVm1yY3ZHX1ZGWHhtM2QzY2xFaDhIQlg5SktrNGM3aU10Nzhndjg4Y1RNR1c4X2lVemZzSDBORFdZeWQ1WHBwUnpselBqZ1VudHI4R0lMZTFaWUk3dWVELVdrSDMydWJNeWc?oc=5
5.0,2c41014530,headline_only,Iowa Public Radio,Potential data center sparks moratorium push in northwest Iowa,moratorium,,IA,state_only,none_found,,,not_attempted,no,https://news.google.com/rss/articles/CBMitAFBVV95cUxNRUtKMVVmODBwY0dpYnVsZ0hYT012ZDlCQ202X0lXREF2VW1ncHNBVkdJdWUtWXExbmIteGs0R2xMY1hvcVlZV1hIZUFGcFZ4NDZmczk4QVAwMUZoQVVyTHZ5WnNzX3R0ZkhxZzlxdlJNNXpQMWtoaGwtQUNxOEhzTFJUaW5IanoxVURVaXgya0Y1Y1VrMWVFWklYa2k4UWRVNHdnWndGVGFRUUdHal9LUGhaWUI?oc=5
5.0,2760708b17,headline_only,KCTV,Jackson County Legislature delays vote on two data center moratorium proposals,moratorium; legislation,Jackson,,low,none_found,,,not_attempted,no,https://news.google.com/rss/articles/CBMirgFBVV95cUxQYTEyWTQwbHM3UU1ySjJpbGhnRndGaEtySno1bWgyOHMzZkduMlRIeTJ6NHJGbWRtMDlVdGhkT3lfWWRVLW5PWG9yMVRoOFhHbFZscXpUN3lqcmd0QmxRUC1LcTlmVTNtS011bDJPSUNXbjNvWm1hX3VHMVAyaUtNN0xGemU1YkRDQ0xWdFlWN0kwQ040UXNFMGpxSkNoNG54QU9JMWJWdHZwcVVKN2fSAcIBQVVfeXFMTUlBVGdhX05BdndHYVJ5U21saExpYzNZUjVrSEl4TWNkV3RYRGM3U0RKZXBNSGd1aUdHV1NqaU40eDJBb1BoMmh2TWVHT1ctNWZlb1pISWpDYTFaekMxN1Y0LUtpQm1odk91OTJnb3dCOFVOVmhKLUN0WnJpQ3ExZGdXdGFoVno5YVZmdUtuM25CSEFMRW5yUHAxeFd5cEQxOUUtdDRNVDdIWXlYYVhvQVpsWnQ4eUhpa0JndlFZZUN5eGc?oc=5
5.0,7115e2233b,headline_only,KSDK,St. Charles city council approves moratorium on data center construction,moratorium,St. Charles,,low,none_found,,,not_attempted,no,https://news.google.com/rss/articles/CBMi4wFBVV95cUxPZDVLNEFtWFNNTGtxWnNoYWtHQ2N4UElCWV9TdUZiUklVT2NFNGI0eXdTVTNjNEJzbXlQTnZ2LWp4OHNUOEFDb0p5cUc5cnF1N2dmNF92bEhQWENzdXhZR2txREx3RU1sY2YwWkU3X0VnbzJnaG55bGdyeWpLNHVVbENlOTcwdWVqX2lvWlREc0pCTkxPaVpRWFYyNnVzeGlFaWtNb3JfaTg4OUdWOTVoQ1dzYVREc2JRQ2taYlFTRHB6QkJiRl9TclN1eTFNZ2FNZlNfblQwcVVhakdNTUFHUTlxRQ?oc=5
5.0,b0dba51eb6,headline_only,Law.com,Veto of Maine Data Center Moratorium Bill Carries Lessons for Developers,moratorium; legislation,,ME,state_only,none_found,,,not_attempted,no,https://news.google.com/rss/articles/CBMitwFBVV95cUxPYzBfS3dTNVFqTTBLRTVrdDBDc3BiWDJ1bzdxYUlGYkUyZjFkZ1hsUzNYWFdXbE8yWG9Eb2JXT3pQc0lLeTdpNnVReTZMZHh5dGs3aEFYQkVrSkxSazlWRkZ1ZmhxMzNpMDloOWlpZkozcWlCUDRVRF9RaG0tR09hWkZBellEWXplQXhqU1daZmRWWFo4Q3hMLVkydmlrYkhFMF96bXpWU0lDU05PUTI0TVp1cE1PUWs?oc=5
5.0,9ecc1de895,headline_only,Lawrence Journal-World,Lawrence City Commission interested in a moratorium on data center development,moratorium,Lawrence,,low,none_found,,,not_attempted,no,https://news.google.com/rss/articles/CBMi0wFBVV95cUxOdnQ0X29zbThaWGozYVVteTl0OFBfeWg3S1lvQmpuNkIzSnF2SzkwZWdYRzVVZm5fRHd3dGFGZlAxcmNZRnhmbGdpZU5lMmlheVVSWThtSzZLUVRuQ2hxaTYwSzJ4LWJ0bzRuaWE0WnZRVjFFdEIwSlBrSm9GN1JYLWwzSmpGM3BEdDV2V2lwOHkyV0FTOTlzMlNjVlgzWmpOMmhMdDU1NktWVEFIaXFIY0VWYjNfR2xlUW80VUZPbGFpbGdJaVdmVWNKQlN5Q2JrWG04?oc=5
5.0,e5e9c2c033,headline_only,Local 3 News,Data center opposition: Walker Co. plans to extend moratorium to February,moratorium,Walker,,low,none_found,,,not_attempted,no,https://news.google.com/rss/articles/CBMi8AFBVV95cUxQMnY3b1JZYUVHVDhQZ3lCclZLREVPWnQ3UkZ6Tk5JZkFkeVFkYmxVb3YxN05HWFpfb3I5TGY2WE5CMFpQX3pjMGxYYzdCeVVNb3E0cjl5c3VSMGlBQU5VS1U2QUdPd1BmMVBFZ3FCeVJHQnNjcmZXb2poY1NNdjRudklFNFUtX3JWOGcxR2kxM0VmaEVRVGlTUUtFenliR3NETkxXWGxHaXNQRDlhZW1HV01valRpcmNjdUx3Uk1jaEN1cEVZWFNkUXp1bHdvZVkwam1ERm9VSDczaWpONTFTeTA5QTdSVXQwUmU3czIxTjA?oc=5
5.0,dfc5787467,headline_only,MLive.com,Allen Park residents push for data center moratorium amid growing opposition,moratorium,Allen,,low,none_found,,,not_attempted,no,https://news.google.com/rss/articles/CBMiwgFBVV95cUxPczlpMDgyNzdSblQzYnpPS0RzSVVHdFZTa3NBb2V0NDlNaEZJWkx1Vll6UWVUNWpfcXpudWd6dkxUX0xIeE40dlR1OEVPckpVNFI1V1dPMi1mZTdRWHNWZF9ZNUNsVENmWmV1UWlkM2Rack12bWpKRzBnZ0QwZWhCX1dUcjlaVFhiNUxLUlhDaDRQMVVxYXBDeDZSWDBybUZ2ZWFlblh0c0dQVDFOSS1sOF9kLURRRENENl9uS1BkSndaQdIB1gFBVV95cUxNbFdmWUZ2RE8taV8wazlOMlhVSmJ1bVVLV1ZjUnJLdGkyMS1lLXhNbFhiRUxHcHl2ZzJmeW55VlE2c0hTUGpFZlJSOVFuVV9CUXpOeWt4UklPRTRBb2ctd2ViUy1QeHo3UGFGM0NxdTlJb1R1WDhfaERUNE1RZk1iNUI0S2h3M3pSX2Rfam50bjRQbllrYXdoRE56Vktsa0JKT3pUVGRRSEptcV9ScjRVY2c0VFpmSkZYWG1hV1RTbGotWnA4NlFyamtWNFd5eEZHa3Q5NVlR?oc=5
5.0,34157b5580,headline_only,Michigan Advance,Garfield Township inches closer to a possible data center moratorium,moratorium,Garfield,,low,none_found,,,not_attempted,no,https://news.google.com/rss/articles/CBMirAFBVV95cUxORUR4QWJkYmhGY2ZzWjBhVUU0M09ONFZiYV9JWVZ1ZEJyaXZUbkpGeDVZVURSRHkwcUxNTl9qd09tdVV4dDN6UTVmRzFydEVhbnd2VkUtMW5QWkwxQkhfTU9rcVppbjZiYi12UjYtMGd4RHdUVllzaEZ3ZGQtRHVvbTg1RW1ZUE1SOVVLZ0VLNjVNbk1jb0h4SXVjbWN5N2s1YVM5V0RTRFdOd051?oc=5
5.0,3f72c694e4,headline_only,Moody on the Market,Lincoln Township approves data center moratorium,moratorium,Lincoln,,low,none_found,,,not_attempted,no,https://news.google.com/rss/articles/CBMiigFBVV95cUxPWTVfMV9GcW1ienkzNzBtQVZueHVFTDRqR01YemJraW9MNk1la3oySG5vTWxMMXdSTGV3eWRMeVdjZ1M0SmxDaG11X2l5QVlpNWhJYW5WdklDMnhENnlqd1RyZ0R4NlNGTUV1eWlDVlp0WGI0SGdVNzV5WXBsWF9maUpTYUpqcTc5ZlE?oc=5
5.0,38e0163c4e,headline_only,Planet Detroit,Data center news: Warren weighs data center moratorium after storm exposes grid strain,moratorium,Warren,,low,none_found,,,not_attempted,no,https://news.google.com/rss/articles/CBMihAFBVV95cUxNVVczWFItUThOS0hoS2Iwc1l5cG02OXlSMllORVJPVEJFTEIzMThwX0E1S3Z6NXN1SlJ2SERTbk9UYlpKbTUxc2ExeUVYQmI2VFNlVmljUHBXUVhOZ3J0Mk5sTlI1MlY4bVFiNDZIcERaTWoydHhkdFZWZVpXcFc4WG9sZEg?oc=5
5.0,27301aa7a7,headline_only,Source New Mexico,New Mexico county adopts yearlong data center moratorium,moratorium,,NM,state_only,none_found,,,not_attempted,no,https://news.google.com/rss/articles/CBMikwFBVV95cUxOUURueS11V0VkaFB3RGlIUXFtdGU1MGF5d2NTc2YtelBmb3hxbk5ZT1hDZUc4MUppMWhSS3VXanR4OV81SlU4MDZTZHUzckhjRU1MUU1xZ21hcEVTNm1vbG40WWZUc1NYenhXR2owQkV0VTF1NmJKRzlXUWtNd1h0VXpHeE51VXFYZU85WGhOSzU0anM?oc=5
5.0,cf5be453f6,headline_only,Source New Mexico,New Mexico county officials approve process to consider data center moratorium,moratorium,,NM,state_only,none_found,,,not_attempted,no,https://news.google.com/rss/articles/CBMisAFBVV95cUxOVnZBbEVZTHdMUmVUNHU5R255YTFIMFZIelNtZGlTM3dTbGl6NEJEbEpxTnZfNDJFWHluQm1DaVBoUlFWRS1FekVzNlZZUExiVUdhTzlXVjkzQVN2dXhFM0FUTzRPQTU5ZWV4LVJjc2pFS3VOT25HVEVUVURpN1RUaEt6S2VIYWdfMzdmWUhKN3lyS2NvZ3FoMmpZUDNuOTV2S01Kajg4TVlPSk9ua1FKeA?oc=5
5.0,1ee2fd0cb6,headline_only,Source New Mexico,Small northern New Mexico city postpones decision on data center moratorium,moratorium,,NM,state_only,none_found,,,not_attempted,no,https://news.google.com/rss/articles/CBMirAFBVV95cUxNYUxHM3U1anlsYy1mOGpKMlhDcFJWc180R1AwVnhsWVdGenB1ejdDMGVBQ2VReDFzcncxR05CS3oyMWJGdl9TSEJWeHBLQnVYMW1mdGN6Q1AtNTZBbEs2a1ozOVJCbWZKN2hXX1R3UTBwTnhxUExRS0RMbVpEbjdSTGs5UDB6ZF9TdUVIYzEtbmhXODJSR0xzbWJmZkVjek91T2dfMjVLZHdwMklR?oc=5
5.0,af1ae00e0a,headline_only,Source New Mexico,US Rep. Vasquez calls for New Mexico county to approve data center moratorium,moratorium,,NM,state_only,none_found,,,not_attempted,no,https://news.google.com/rss/articles/CBMiqAFBVV95cUxQLUNKSEtGV0NXcmswMzFYUlZQR3dVcmtKUnBpTldvMURTVzlfVTd1SE9uXzIxeTdkS0N2V1J5NHZpTXBHN0hGbGdnZW5wbnliX1JSX21hWTV5X1NGTWtnMWN2OUdWd3QyUy1FUlpmVi0xMDViZkZJUjNuYXRXVEQwRVF3SmZJMDd0UFBNVWQtLWJ1R0dZb2NmYmFFZE8zTDFCQXF0a2hfbGU?oc=5
5.0,5fdd37d327,headline_only,Southgate News Herald,Allen Park imposes data center moratorium,moratorium,Allen,,low,none_found,,,not_attempted,no,https://news.google.com/rss/articles/CBMiiwFBVV95cUxQQ2R4ZWdTam94SDJjTzMweDgyYnhVeFBRQmtoR3ZLNkNSWldMWWdKMmdpZFJMT08zYng5dWVVTFJIWm5TLUNHWkwyMUdsMDlXQmg1TGVIMlU2S2VReWxBQ1NDeVI3R25aZEV2ZGh3Z3ZpODVGNDAzSFk1a0YxNGhYR1p0bVhtLTNwd2Jr?oc=5
5.0,22710f8c47,headline_only,The Charlotte Post,Data center moratorium fever grows across North Carolina,moratorium,,NC,state_only,none_found,,,not_attempted,no,https://news.google.com/rss/articles/CBMiugFBVV95cUxPSjFPcDBvd2g4NjNvR29NclJRM0Q5VUVleVdnOXRNaGpYY0NzWkRvWk5Qc0hvT2dtUVFSMnhrajMyTk55bnhOYWVfcXRJcm51Q2g1ZUhDcTlVZ2sxVVhNZlZJWG8wY29pOVNxa3F0Z1FXQllXU1hFbXdTb08tVGxCOGJHZ3BoeHVaTEV6eGtjUlZwNWtKaTFZUkE2TVR4d3dNZVZwUGVLWWJtTlozcE9nRU8wQndOREJ0MEE?oc=5
5.0,95430f330c,headline_only,The Cool Down,Missouri county unanimously approves 6-month moratorium on big data centers as residents demand tougher limits,moratorium,,MO,state_only,none_found,,,not_attempted,no,https://news.google.com/rss/articles/CBMinwFBVV95cUxQX0JXTTVOLVFZYVNOQVRrbWtSOVlJSmdzaFF3bi1wLU56WloxU0tzR3hDdFV0VzhqeEFRenNZeS1ERUNmNU0zMGcyVXFNeHBWTmd0OVlkNnVJUkx4Um1yb1Z4LTk4bmJaT3J1ZFozZ2xYSkR4cHpJOE1VaDJVUjNFQ3BZSzBDS2lNeWtHTEtqcDl2WVoyZ1hzMXNZcm5YQkk?oc=5
5.0,5383b94414,headline_only,The Salt Lake Tribune,"Kevin O’Leary-backed data center is still coming for this Utah county, even after its commissioners passed a moratorium",moratorium,,UT,state_only,none_found,,,not_attempted,no,https://news.google.com/rss/articles/CBMic0FVX3lxTE01ekJSeTZuSy1uZ29JUTdIbWs5b0VRZ1hqZmJ0TjE2QnVSaGU5WVhJNjNaczdRVm5DVXNwdmtMYmdRXzRnQ1hzYVhhUGFPUjhSTVBMTlFGZERxRk1JWU1XMnpXY09UMHVTRm1LdkNJdU54YTA?oc=5
5.0,2cce8123cb,headline_only,WAFF,Morgan Co. approves moratorium on proposed bitcoin mining data center,moratorium,Morgan,,low,none_found,,,not_attempted,no,https://news.google.com/rss/articles/CBMinwFBVV95cUxQTDRxNFhZa1E1TGg3ZkNPbmFMWkNNeWE5MFlDSTNjeEhhWmdzeERyRzVIaTdMX1VpUF9mOGdLZUZPeG5pRERka0s2Qnhsak1HZ3pNUlk0eEg4SEF4WkN5RGdXYmM4UjI1MFFWQ1VhNTBqOHVIOVdXS2pNSGIyTUFZRDl4Ym9qR1UtRkJ6UllHcFdDdGU2VDFTcFJmdW9DakHSAbMBQVVfeXFMTXRaSkNzd1lpY280d0p3b1VzQTVNOHlQU09KaVBGamVQdGlYenhydDdvUWRmUTJiZ0lKRWFkTC1vVGZKcGdfc1RCVUFyRjAyNldqZmd2Wi1ILWxTcmFsbHFxSDZTa2RFM1NzYjZETjhPN0pnczdGRmN4ODVUV2pQcnJoUUhndmZYSDZBLVBWM01Ib01qcWdCUzdxN0pITm01UER2UzZ5emxwb1Nnd2ppSzI2RjA?oc=5
5.0,3d36a97d28,headline_only,WBAY,Brown County committee declines action on data center moratorium,moratorium,Brown,,low,none_found,,,not_attempted,no,https://news.google.com/rss/articles/CBMimwFBVV95cUxQMkxJdjNBTWRpUlVtRjU1b3pGVXZiaFVTVWdPYmFMdTM4cGduLXM0RG5sb2tCbDljcmNRa1AxcGFFckZJeXZsWlJCSlcyUDJWTGN5azI4aDd1cGVPQ3lVMklfcVBLSXUtU0ZrLTdhQTlJN3ZJeE43b3VQMXF0TkxwYnJ5M0lrRGlHM3B6QzV2ZndXX3VEanpFUGF5SdIBrwFBVV95cUxNRTBxT1JoSnRGd1N1blhCdldOVlN2OS1QZU51eDlaLVFvclNNTzZCSXBVY3FQSGZodmg2TFJWS1FVMGFUQUhMaHpleUpyNnk1cWt6ODNEMENJaVE2Q1BCT1JTUVdtaWxfclljNkxPN3lWWjVPUnR2VWdwSEYyQmgyT0tnS290dkVoR0lzdEJIcEE0YnE2Z3AyY2pWR2Y2aVFWVXNFYXBFUUJvNDE0c1JZ?oc=5
5.0,21a41ff840,headline_only,WBTV,Charlotte protesters urge data center moratorium at City Council meeting,moratorium,Charlotte,,low,none_found,,,not_attempted,no,https://news.google.com/rss/articles/CBMipAFBVV95cUxOamlxc3BUTXVqSm5FeUFDRU5Jdy11RjdoQWNUZFNPSFl3anJUUmU3WTRWRXNaZzZMcE1qZ0R2bUdXNnVSUUwzTWNvWUs4RWdLVTE0aGJIdGx4aEFUSjFhLUV3ZHdDSTloNGJMeDF3SkhfeUo3bkR5TmhkUWdKTlFFSFB4S2lLOHNaQ1p5RTdnOFJGazI1aTA0REE2aUJCaDZ4dEVFNdIBuAFBVV95cUxOX2tiS2gxc1Q4MFdXVXdGaHMwc1pjblU3LWFwUXp6SG5Kd24zdlEwQXBPQ1BqRE1MUDQ4cF8zSHZvMUkwRnI3eTFDaTFyemF3a2U2c09XdXRQbDAwM2ZoZEhEd2swRlh2akRvLUtDMzBGTnhQdUxQOGg1QjdvcnBEQVBhZjUtbmI3cHpEd1NvS1hSdG1fd0JxZ051Y0JQcXJERFo3cGNZQWVkRWhNcEdUODJYeGpOQS1p?oc=5
5.0,8e3fbf86f3,headline_only,WCNC,"East Charlotte residents, activists speak out at public hearing over proposed data center moratorium",moratorium; public_comment,Charlotte,,low,none_found,,,not_attempted,no,https://news.google.com/rss/articles/CBMi3AFBVV95cUxObHVGS0E5Z1ZxcWNZOTVjQ0VnZzBtZFdPeHFBdGl3dTNJREUyb3ptRS00cFVmbjhRNEphZTdBWDRIUF9XTWliV1Ixcjg3amFxWTVNN2pvbHpkN3pyam5DeGxwV2RFYlRIY0wyM3pFVjdNWTRRWE9KNkpmSDBPTUNrdFNYS0w3R2t5bzJocG1pMHd2bnY0U3FlR2dwRk55M3BXVFUxOWpLY1piWUNLS2RMX2FzNU1yZDdfUTRnbElLYWJ3MXZ0dk95eEFPNmwxOGRtQkVPRmhuczNhcFBF?oc=5
5.0,715ceaa2ab,headline_only,WFAE,Charlotte residents demand moratorium on data centers during public hearing,moratorium; public_comment,Charlotte,,low,none_found,,,not_attempted,no,https://news.google.com/rss/articles/CBMixAFBVV95cUxPVWdhVlg2eC1qd3hOZ1ZxUFBLcElOYzVVLWIzRGlqbGFnelpTUGd5Z0JSRXY3T3NPYzhXZWZZNzRPRV9yeUU3WlhLcEJOWExSbHVFVU1wN3JvZnJsTmtLN2NuQVFZdFNMRkIwdTI2bkJ5Rmc4WUd0eFM4Nlc3QXJLQTlEbTd5MVZVNVVLSG9KQndEQWxLS2hLQ3RrWm9mNnNCazBKN2FRRU1tRDB0UTB5QThKWXozZ0hmeGV3RlpqdGk1UDNF?oc=5
5.0,24159a6bef,headline_only,WHAS11,Nelson County officials oppose hyper-scale data centers as residents call for moratorium,moratorium,Nelson,,low,none_found,,,not_attempted,no,https://news.google.com/rss/articles/CBMi9wFBVV95cUxPWWpnSVhwalZPaEJtRXE0LWQ3MWNQT2JJRmt6b19TUmhidzdPX1gzbHNyWk5Pc0poaUdmcWNSUU5oazczdmduck9xT0RCbWJEUHBrS3RralZWaFlDa1JlVnh2UlIxQ2xnLWxTNW9tTGg1Z1RpaDg3MlFXWXU4WmxmTUJDMVg1bnI1bkRLMmhZV3l1M21CbHAxTmZFd0UtY1lSUFM3aDBMZkF5R2p4UUw5Z1kwMHJLUU9pQ0V1eDk2ZG9BYVdId2s5SWQyRUd0NFpwYVBRdjlsdnBkV2stS2FwVzVma1hvcS1mbWZTVTZ6QzVSa1NqQWd3?oc=5
5.0,312a42121d,headline_only,WPR,Superior joins growing number of Wisconsin communities to pass data center moratorium,moratorium,,WI,state_only,none_found,,,not_attempted,no,https://news.google.com/rss/articles/CBMirwFBVV95cUxQOS1aeUlqYVNIaVpmcHVOWTFGUGpKR2prNUNSWFFsXzdUTlNSczA4NGMxR2pfbmVISVBOQWFoMnZfT1NHNm5mZ0xyYjRRdzMwVmx4SXJ1M0RPNmtQS3pzeXo3ajk1ZEhmaG1fa1VudXRfTm9icFpSOHZ1Wmh3ZXY1dGo2ZkZDRFFFVkw4dzN6STh3cG1RajF2UVIzZWpadEJudXpDYW9vQVdsMGVvLXF3?oc=5
5.0,548e870bbd,headline_only,WSB-TV,DeKalb County extends data center moratorium another 100 days,moratorium,DeKalb,,low,none_found,,,not_attempted,no,https://news.google.com/rss/articles/CBMi0gFBVV95cUxPdU91R0MxT3d5MWdEcU5HdUNyQ0JnQlo4d0pLY1gyakR3elNJYUxDZDVLNTJGazNBMjNuVklMeVhBU0hvYnh6QnluazZ1THUwSWNmemo5ZENKZVdrQVNnYUM4YUlrUk16ekd0UTVzMnl2WlVEMDVnWUs1WW1SMkNwUTFlTTVDTUFiVGUtbERFRHI5OWJ2dDZfeGVLdTVJeWlqXzlOemRmUkNaX3pGdDh5S0N6cWpNN3F4UE1TX2ZJV3pYUndFODBhblVudElhclVQNWfSAeYBQVVfeXFMTVREOEpHeWpTcTBhcThNZUtvUXhoVnU2TWg3QUdIbVB4ZDlUcmRLZTg4WFU2RFoxN3AzMlNyZ2MzNzhuYjh6SDVYTm8yOTdJdFNmT0RoSDFmWTJlSEE4d05NVFUyalI5dmpSUHRVczRsNDdVTlotU1JOdkQ5bUhYYjJid0dUbEVJLVJWNzM3ajNFNGdXWWx1OWptTVVYYkVJc0prWDhxcm1fbnphZnU0ZUo2NTdBUUp6RHdGTzBXX0dnR2E4TEJkdW5hTUxPcnNlU2wtTW8ydldfZlkxVmx5RWtWR2dmU0E?oc=5
5.0,0eb2c407fb,headline_only,WSJM,Lincoln Township Trustees agree to moratorium on data centers,moratorium,Lincoln,,low,none_found,,,not_attempted,no,https://news.google.com/rss/articles/CBMimgFBVV95cUxPQ29YVnkxdWp2b1g0NnV3WmRRUEZYMk9yNjNLZDlwMURLcklyVkpXMy1xUE1iTld2TU1yNjNPa2VtNk1LY3NTUmVXMU5GQkJiSXNNZFJGVmVpUlBYeXA0d0xEMUVJdEl3SDE3MHczSHY2MmlqLXN0UllyMzZYaW1UMzRrTkw2Vk5fRktDRVFhbXF6cnRwOVMzc2ZR?oc=5
5.0,64b4439d9b,headline_only,WTXL ABC 27,Lowndes County residents continue to push for data center moratorium,moratorium,Lowndes,,low,none_found,,,not_attempted,no,https://news.google.com/rss/articles/CBMi2AFBVV95cUxNdi1QQ2h4RG8xdU1ZNE9NNl9VWDdvRmdjR0s3TTR2TGZfMXN2Vlpna3JFbFZWZUxrbnhxaFZrcnhYTmV2WnZVdmpDNFBUUFh4S3BmS1RTU0drVXFmdnM2QkpwdVVqSFpKS3YtLUJWbzM3aVFRQzhWVm1nX3ZCYVdOOVpaeHk4clZibzJheE1aY0haY1d6ckxYWVNhOEFuLWNCSkMwT25VM3licVBpNU5RZURWanJTMzB0SEZneF9TMGlPT2w5TFhPcUUwYnp4WVBYN1VZcDJjeHM?oc=5
5.0,93a8ade0f7,headline_only,WVXU,Butler County Commissioners approve short-term data center moratorium,moratorium,Butler,,low,none_found,,,not_attempted,no,https://news.google.com/rss/articles/CBMikwFBVV95cUxOQXdXMlRxeFV4R0NuaEZXMHN4TW9Ed2lPWllUSXdtdHhFWEpMV3BjZndnVlVURGNmR0JxLVluTzdyQ0xRWXRnLWlOU1p1Tkh3dHFwNWY0YkVTRGJEaDI1SVg2VWJoNnN1am9CWElxRHJPcE1CZllyN09PTkhYOFZQN1kzSlZ1cHhvOS1JQ1VyNFViRGM?oc=5
5.0,1497e8c1f8,headline_only,WZTV,Gallatin delays decision on proposed data center moratorium for further review,moratorium,Gallatin,,low,none_found,,,not_attempted,no,https://news.google.com/rss/articles/CBMihgNBVV95cUxPVjBjVFNocUtwSlUyTnRyeEx6d195UzI3UTFJUWpsNm5lTnJfLVdkR2JoQjFsYTlzZkFKSUswOTJRTnNYX0duMHlXank4Q0c3R2JtS244ZGNBX2xQcFlRclhVY0FHbmMyb0Vfb0NnYmhWTjdNT2tKMG9YSUN5bXE2ZnU1SUlkT0h1MFA2b29jMGRadFdYQ2oyWHpEU085S2FSTVJQMzNFRHk3a0hWMWRlQXpVcXN3d1VhMWhSX2dsYWR1N0RvMTBUa0ZrMWRvc0NmdGE1bzduSjJPRnpQcmQ4Y1RrSFN5eGpVaVVKc0d6OG9tcU40MFB5b3RvdnhiZ3VuMkpZZE9ZWFJMX2MtZE9uRkdnX3ZybTlqVElxSGdiYW5LVHhFZ0RHVDEzeG5sQVVvX2NYSXVEcF9oc1RTMHhNa3VMcDJVSkI0UElRcWJ6cXNzaWE2a09zZEJ1U3MxZktlaWQ3TkowbW9UajlsSDZhbEd5UE1DWHdvVngxSUZKdVpib29oX2c?oc=5
5.0,cc738485ba,headline_only,decaturish.com,DeKalb extends data center moratorium through early 2027,moratorium,DeKalb,,low,none_found,,,not_attempted,no,https://news.google.com/rss/articles/CBMi3gFBVV95cUxObHpTazdNN0VHbm01eFRSNUFzdEpVMFNRZnhWOXQ5YzJtVU9BSDNWdnNLNHlYU0pXTXpUcWRfXzloUDRDVzEyNUFlYTNvazhlTVlTVWRVWVhHMnU5X1BkOHpHOFRLNzB0UjJGNF9tTGVSeEZaS0lhdGkwV2YzeHhxMFRHZFprWERqZVh6Z2pTdkNuR3VaQVp1aThndGpURE1oRS1pQ05WUktBM19ZaWdWMUszYWU5dmtLUG9PSExSN2xFLWJTZnliUG1fZlktZk04dGRpckRvMXBlMXgzV1E?oc=5
5.0,9a963c15ef,headline_only,mypanhandle.com,"Residents oppose AI data center in Holmes County, prompting temporary moratorium",moratorium,Holmes,,low,none_found,,,not_attempted,no,https://news.google.com/rss/articles/CBMi1AFBVV95cUxQUURKNnU5NGlQMmxMa2NweVd5SnRrbU9WRFd6T2NsY193X0tWRXFXZkZhdEFNVkJVVHBCLXh6dlVFRzFuRF9IWEl6c0d0NE5jblJ5Q0Nad21lOWY5Q1VVa3RCS2Z3TTk3QWZpUkU0TThnVkhfSnhpVzZ5RTk0LTQyVGprT25OcXVBc2VGQnpGSlVNQ1ZQQXFJMndHVk4yYnlkd3RMcUp3djU1YjdtRWczRDFJSTdFbTBGNExIYUU2cWpSYWE2bVBfUzV3MU5jZXFZdjBMQdIB2gFBVV95cUxPVlVLTWVzZERjXy1xVU1laXdaWDNQVGZwYzVVaUZ1SHRTOWQtZk5MLXhCdXhiQTFPTUVsNHJMY2pieHVCbHp4ZjZzY1hVTW44aDd6QjQ4SzFLU3F2OXBMb2lLLXVXQXlySWFwRFhTWTBJV0t0MExRNTZMVzE4UFhtNnVmRmNXUzdjT21ZeWg5bHY1X2Rna1Y2dFdGMzFyVGlUa0RsSUNHVDlfUFZYVk9PVnl5eGpYQnVFaXp3Q1NVY210RlNnSVVyTVoyODQ3Rkh0LUxPVDlWeGJuZw?oc=5
5.0,0c98c07ec8,headline_only,thenewsherald.com,Allen Park imposes data center moratorium,moratorium,Allen,,low,none_found,,,not_attempted,no,https://news.google.com/rss/articles/CBMiiwFBVV95cUxQQ2R4ZWdTam94SDJjTzMweDgyYnhVeFBRQmtoR3ZLNkNSWldMWWdKMmdpZFJMT08zYng5dWVVTFJIWm5TLUNHWkwyMUdsMDlXQmg1TGVIMlU2S2VReWxBQ1NDeVI3R25aZEV2ZGh3Z3ZpODVGNDAzSFk1a0YxNGhYR1p0bVhtLTNwd2Jr?oc=5
5.0,d5abe315cf,headline_only,whas11.com,Nelson County residents oppose data centers; proposes moratorium,moratorium,Nelson,,low,none_found,,,not_attempted,no,https://news.google.com/rss/articles/CBMi3AFBVV95cUxOaDRxU18tTW9VcEJRMVhINTlKR0JqWF9HRk95Y2M5eEVUTXh5aWR1bVJNZ3NHcnF4RWZOUEU4a25PV1V5S3pFQ2R6TTFoUDI1eFFCdEJMSmFIbHJvNEg4eXFVRjF5MlpyZjFuUTdEcHh5b0s0SXpUR1F1TFppSHBPNThLbmFxdUxFUDJsRGZLYTVwUXVpbnBOQnd5MHhzZ00yaVpzRmthMjktTWxYdm1nWmR6WEdlMzdhdW84RmRPRXlIUG9sd1c0bmdVeHhKMWEzbGhyOVExMnM4WVRZ?oc=5
4.5,66ee4903ee,headline_only,ABC4 Utah,"‘Your descendants will curse you’: Residents say Box Elder data center moratorium insufficient, oppose Stratos Project",moratorium,Box Elder,UT,medium,possible_duplicate,,,not_attempted,no,https://news.google.com/rss/articles/CBMimgFBVV95cUxPWnNNV2tPVXpXYjNnQzUxdnhJQVRvRmZ2MGhBSzBfbWhSUnBORTI5dkxUT2ZLQXU2WHVOTzIyT3dpOU14ZVN2TENNMkJMdWtfTWNNU1JOOXlSVUpRS09pVGM5M01VNFdnYmR2OW10UE1uSC1QTEI2ajZxSUxaOVh3MWItUTNuTW1Xbm9yV21oOC10RkpzTTFNOXFn0gGfAUFVX3lxTFBZM1BhdUl5R2NPblRFX2pqeWxMNTNmMm9LX19uZnZmWld1RmV4cGNBbVN0aFBsbkFxVTJnenVqR2tFaVI5UzBPRWc2UU01QXNlS2FKMFZDOG1rQWZHMl9WR2tManlEanA4YjFYdUhmbGRFdkJnTnliYmIzRHdkLXVsYWdKcDZsdjg1ZzhTdHBodUxEQ3FoWTZ2R0xZTEtxbw?oc=5
4.5,9780192940,headline_only,AOL.com,Hochul risks Trump’s fury as she signs nation’s first data center moratorium,moratorium,,,none,none_found,,,not_attempted,no,https://news.google.com/rss/articles/CBMie0FVX3lxTE9jOVlQTkQ3TXdwOUdxaXpqeGFkTnVrWWtvekhDZ29Va3RIVUtONGN4ZS05US00WTl1T3AxRkxEZWwtMEdIY0dveDRwWlJwY2g1YWllZkljNmtnZDRUaUF5MlI0WjQ3YTJ2VG1QYnQ4c1JySnJRWEh5SXJmYw?oc=5
4.5,8097a376bd,headline_only,Albuquerque Journal,Socorro County approves 1-year moratorium on data centers,moratorium,Socorro,NM,medium,possible_duplicate,,,not_attempted,no,https://news.google.com/rss/articles/CBMipAFBVV95cUxQakpMOXdpeVNKVHpwcFNjX1ZIUVRYMldzRUdOY0dhM3o5V3k1bk5PZDdnamJXZFVHZUZBMDdVVWpKMnpwdV9kUDJpQm4zRHNMRlJrVFNUeUg3YkZPc2d4ZjRzRWJOcEFGVFAtSzVUZFhmZWNDVTJqelRJb0gwUjRuV2RlR3ZDOHh6dGRMdlVCZ0ltUmN4MnpOTDdMVGVGX1c3T2pqYQ?oc=5
4.5,98e0221128,headline_only,Albuquerque Journal,Socorro County approves data center moratorium amid opposition,moratorium,Socorro,NM,medium,possible_duplicate,,,not_attempted,no,https://news.google.com/rss/articles/CBMipAFBVV95cUxQakpMOXdpeVNKVHpwcFNjX1ZIUVRYMldzRUdOY0dhM3o5V3k1bk5PZDdnamJXZFVHZUZBMDdVVWpKMnpwdV9kUDJpQm4zRHNMRlJrVFNUeUg3YkZPc2d4ZjRzRWJOcEFGVFAtSzVUZFhmZWNDVTJqelRJb0gwUjRuV2RlR3ZDOHh6dGRMdlVCZ0ltUmN4MnpOTDdMVGVGX1c3T2pqYQ?oc=5
4.5,0f6f62512e,headline_only,Axios,The City-County Council passed a data center moratorium. Here's what's next.,moratorium,,,none,none_found,,,not_attempted,no,https://news.google.com/rss/articles/CBMiwgFBVV95cUxQaVJVLW0yOF9QSmFNcEF0SW1BU0tGS05IOF9NSjhQX01ROTdySE1CcU9fX2Y2Zk5TRkxRcC1GQmVJaUlaNTI2UHZrRElWM0dkSkRwQWtkOHNIemhYcWVFUlJEdmZTUGpPMkYyZVk2c3RMeEhKQ0FDWDJUYVptVFd2aGlMUEt1YlAwU1owVVJEZ1gteUtULTFjWi16eWpuMGhHMzdXZ1VES3h2aVo2dlk5SEx6QnZVMDRmR1BZeVVEWU1mdw?oc=5
4.5,5962063b58,headline_only,Bisnow,Data Center Moratorium On Gov. Hochul's Desk Puts Dozens Of Projects In Crosshairs,moratorium,,,none,none_found,,,not_attempted,no,https://news.google.com/rss/articles/CBMivgFBVV95cUxNMHJ4TlZOcklTTWxqSDJ1WVBzdlFDSXhDaDliellWdVZWVHpsT1BOTkc3WnJSRWh3RWZJN0Y0WlJNRWJmcHM4MXZMeE51bFlEN2pKd2Z4Y1N6NmktQ3RVNmZWQlg0a1JFZEhaX1RESjQybGQtWFBsOGR3amNDVUN0dU83Skg0OGlMdDE5c1FiOXlpd0ZITUxjQmRQcU9vLTRsZ0cyM3JRWVd2czgzRDloMzlFWVFqcmZLVjUwSnBB?oc=5
4.5,53fd6a5325,headline_only,Black Westchester,East Fishkill Town Board Approves Three-Year Moratorium on Data Centers Following Community Opposition,moratorium,,,none,none_found,,,not_attempted,no,https://news.google.com/rss/articles/CBMizAFBVV95cUxPeTZqOG5FM3lpT09BbTZoMXRKMUdRb3hnME40OWlfbE01dWhKMzlyWGEtMHdTc24wcTFORm1wblpDamhJQzM3bnVIVEl1NDk1V3ZrRjNEVTN6LVotRmpxN2VOZmt4MGtWY0FnWWZqZklQd2kwZ1BjdGhhUXliTGh4Znlfb0t2eWxIV3Q1NHVMTjh1TFFzSXl3UjMwWldrckRyWThQWVUxOTRZLUVuTXV6VER3NnR0U2FmZ2JUMjdHdk5vMFA3eUlyeEtkZEg?oc=5
4.5,a3b11b5f84,headline_only,Bloomberg Government News,Top Democrat’s Call for Data Center Moratorium Stokes Opposition,moratorium,Stokes,NC,medium,possible_duplicate,,,not_attempted,no,https://news.google.com/rss/articles/CBMisAFBVV95cUxNYkFpZTNBemdOSTljbmR2VVd5YjgtVUhvWlFtTHpHMEFlbS0wM3hQd0NmZjFEaVJ5ZjgyU0IxX1JfTlRLcDNnM18tcTFIcXpRaDBmdmRsLWJoZlhRbzU2SjB6c2hzRUZid3ZJOUhJaGIyRVJTVnJiNzNwMllHcTh0RmZwNXNINkFBcnpNXzN5bThfeHhHaWFzajMyWVUzVlZ5ZUV3cy1OM2R5b3dFZ0JQaA?oc=5
4.5,7f4b072f0e,headline_only,Bluffton Today,Colleton County considers moratorium on data centers,moratorium,Colleton,SC,medium,possible_duplicate,,,not_attempted,no,https://news.google.com/rss/articles/CBMizAFBVV95cUxOMDVIWnJUWWU4UEpQV1MzYlB1LUxxVzIwZEswSmtIQW1MeGNkeV91V01vSEVYY3d1cUdQNEpjOHpWQ2pveUFEa0U5LWR6RktLWUJSVGxBNm5Db3QzTUJrWnVfWkhqakswVFB1RzNfSlZLbktqelF1U2JVWnIzOTJsWnd1MTY1cGxxS1JzMzF2UDZENVQwcUZWdjN5aVRWVVM2cFU0T0ROWFRQQTFRLV9mYkViY0FTZHk3bmVNSlZtYUM2RTNtUUJYMlBUUUI?oc=5
4.5,67f43d9b48,headline_only,Bowling Green Daily News,"Data center regulations in Cave City voted down, council supports moratorium",moratorium,,,none,none_found,,,not_attempted,no,https://news.google.com/rss/articles/CBMisAFBVV95cUxQOTJhbWNwNGFaS3ZCZHctVl9KZC1jSVlmUUg4c3hqM1YwOEFnVzRfN1JHQ0NTMVdfUVBnQkFTeWUtRlNHX3FEQXhjQWMtR2g2dERPLUFWTVJSelM0NjFTU1FOMDBpLU9HOXVKVFhDaTlWOU5DLU1uQTVvd3dUZkctTjUzWDVseDV3bHNkeERYMmoxenh0ZjIxdXlranZTMWw5NXVhbUltQ1lMY0ZWYWlYYQ?oc=5
4.5,a78b5221b5,headline_only,Broadband Breakfast,Pallone Backs National Moratorium on AI Data Centers,moratorium,,,none,none_found,,,not_attempted,no,https://news.google.com/rss/articles/CBMijAFBVV95cUxORkpESVhHbHY5dU1YZjhJV0dnRVVrYkJaclZveUw1dVBIbzFMQUlSdWt1TUNuRHBhX3JCZDVBMEhGTzFGR3Q2UmRScDNDMFAzSWhBcnlwRFJDaTNVcnd6QnVqRTVqZUsxV3NocXRnUW1jTUpMczBmaXhfNGg1aTZPeFhUQ1UyQ3p4VVRVeA?oc=5
4.5,8bf9edce80,headline_only,Carolina Public Press,Data center moratorium fever for NC local governments,moratorium,,,none,none_found,,,not_attempted,no,https://news.google.com/rss/articles/CBMimAFBVV95cUxQNlNSdEw1NlNFa2NjNFdERUpVRTR3NzI0bEVlQ29NRThsSmpKaWp0OFBkb2VaYnpxbjh1WWp4ZFFGdmI4RzBhdmNQdllISWhTcVFfQ1pwSlF2UWVFLTYtcmhraFhHSEZVT3ZtNURReWlDOWNQQ2syMzluTWNzUDJWclFVMl83QTREamp3YzBFWTJxMTFWLXpjZA?oc=5
4.5,06f2fc4ed5,headline_only,Cecil Daily,Federalsburg council considering moratorium on data centers,moratorium,,,none,none_found,,,not_attempted,no,https://news.google.com/rss/articles/CBMi0AFBVV95cUxPcjliOWdxSEZsWWw2bHhYQU1kSkpxNjhBUF9nbFI5anQxLUs3UmdvdXZVQVVFdXB2bjhGRWdzV2pPNDhkdUNtV1UwTWF5OTBEQ1J2Mmk1dGM1NGt4V21NVmtjZmpFVmFxWENqY1pZeFZFOENkTG9SMmNRMFdGdUE3VDU4SFNuTnlZcHpLcEp5azBPdEV1S3dZNVZvZGpCUURNTVR3ak5ENFJPazV6YVNYNGpEXzVueHJ3TGxkSmkzRUxDbkNOWnQtUGE0ZjFXODk0?oc=5
4.5,6743ac6147,headline_only,Chattanooga Times Free Press,"Nashville greenlights data center regulations, permit moratorium",moratorium,,,none,none_found,,,not_attempted,no,https://news.google.com/rss/articles/CBMimgFBVV95cUxPblcxajAxcnhEZ3lldVpsRmZkUC0xb3huWnI1N1FTaFpwMEdlaFgyV0t5MGoxbTZPcUtxSXd4V0puY0xKbjh2NWFzVWpQT0l3MUh6S2FTLXAwM2xjbDdGcG9EOFNlaTdncTJMc0VWX2RXT0U3aUo3UDlwaVA2ZVFKMTltS1NGVkp4YkliNHNhY1V2YUVLcnVYa0dn?oc=5
4.5,27b795ec28,headline_only,Citizen Portal AI,Board signals opposition to data centers; trustees discuss moratorium and ban,moratorium,,,none,none_found,,,not_attempted,no,https://news.google.com/rss/articles/CBMigAJBVV95cUxNNUVmU0FrTGlqVXpRSmM0N2NHTzN0c3VEVlBtYlozaldHQ2NsN0NSanhmZEg2OFdpY3hmbEI4NE5iSjJaaFJMV2s4QkxQbFl6bnM2eVFpcVVRcjA4dEIwbjYzZ3dTYzRGeTlRZ0tXZmxLd2o1aW9OQk96VzNKcjFOWkQzb1hwQ01kYjdsanFZM3lpaHU0V2dRS0NhMmhGY1N4LTlFSzZyYzhXZG5HekNobHBXM2J4YmI1eE5WUjFReVhQQ0lRYmtlbU9tTmtRV1VrWnJzeTBlN0Z3T1ZTU3dfRW11WFRMQlJYT3cwWnNXZXg5aTlFbEx1b2hJMC0xWWp2?oc=5
4.5,f42e6168ef,headline_only,CityView NC,3 Commissioners Back Data Center Moratorium As Public Opposition Intensifies,moratorium,,,none,none_found,,,not_attempted,no,https://news.google.com/rss/articles/CBMisgFBVV95cUxQcGlpSEswNkxlUEtRNktoUTVVbzdIVTR5cHNibnM5Wjgta3lkTlRZYmZYZFZMX3N6TVZHbFc0SWpRN3g5OElpbkxGMENCV2hOQWN3X1ZfcVdkajhwaHBQMUc4NG8tNnFzVDY2WWY4S3dXeElLMmhUX3RGSEd4aHRCZmFheUZwZU9lN1l2S01vdHdPVHhPWFA2RFc1WWVzeUdQZldmMXNteDFxd05rWUhRXzJ3?oc=5
4.5,c7c9884b81,headline_only,CityView NC,Fayetteville Approves 4-Month Delay for Data Center Moratorium,moratorium,,,none,none_found,,,not_attempted,no,https://news.google.com/rss/articles/CBMirwFBVV95cUxOOC1kamlnSmE5MWVFUk1Zd3MwWm1YYzBFUDBPLUp5NGFaUWNHbTJnZnBGSS1WTlJQMDRCdklER2VqaTVOeTNTY0lGVmJrOTh3WFRjX2EyZEd0SUI3Z3N6VVNJVVZZWWxVSENOdmRWblNDcGhrd3hUbWZBbi11NV8xcXpvS3djeUhkcXlQTDRQRFg4SkdmRENkLTMxNUtwNTlRVXkya2FwVm1xMWJiVGlN?oc=5
4.5,ed96351926,headline_only,Crain's New York,On Politics: State’s data center moratorium a troubling sign for AI industry,moratorium,,,none,none_found,,,not_attempted,no,https://news.google.com/rss/articles/CBMirAFBVV95cUxQaWFIVE5CUkVXeVdqWEtPRE9xTVhURldEVjdlcVkzT2ZxNko3djZkSmFYTk0zYl8yeU15d2dpTGtyWjdHNFRmQlNNZE1UQkhKYnB2Nk5VUUIyUlJnZEtneTVPTXluaU9CYmNKeHpobzE4SE9PSU8ydkRXMlVTclp5N19YSy1HT1lZTnh6RDJoaWlfWmFlT3I0clJSQTBxelZvem82c09JT2dHemJL?oc=5
4.5,3ffc43cac0,headline_only,"Democrats, Energy and Commerce Committee | (.gov)",Pallone Calls for National AI Data Center Moratorium at Energy Subcommittee Markup |,moratorium,,,none,none_found,,,not_attempted,no,https://news.google.com/rss/articles/CBMi1gFBVV95cUxPSzBuN0NLVGc5Q0dUWFRHUzRhU2Ewa2VnVk9QVzN4WTY4V0dieTVUOHVlZW5jM2tzRFZ3blkyWFM0YTVDUzJ2NHNyV3NMeVpuTjB6UlNiNUJOZEN5UVViS291Y3BLRUZYVVlFbUNPcFI3N1c3cHJkVHpDdnRrTHVnQ1BhNTdVWGx4MWstdFdZOUVCWUhIWk1GYjFZMm9MVUF5bllBNURJaHNCdjM5QmIzRDBRaFhJVFAxVkhWcjg0V2M4N3VUeHcxU3U3X25fRHZfUGgzNGZ3?oc=5
4.5,ea9d369138,headline_only,East Cobb News,Marietta tables data center request; issues moratorium,moratorium,,,none,none_found,,,not_attempted,no,https://news.google.com/rss/articles/CBMihgFBVV95cUxPRUdxeGJjekJfVHdsbEo2ODBmbVBsVHk2WUdSaWMwczVRNmEwbkNVX1I4TTUzSDNLRUlIcF9hUnZSdmZBWUZHbFRYZC1EUE8tWmhpMGxja0F3VmZpTXliVWtRLXlVWVJ0ZFg2SUdkXzNPTVRfVnB5TXpXMXpzZU8tUnpQZTlTUQ?oc=5
4.5,8f8c7ed131,headline_only,FOX 13 News Utah,Box Elder County imposes 180-day moratorium on new data centers... with a catch,moratorium,Box Elder,UT,medium,possible_duplicate,,,not_attempted,no,https://news.google.com/rss/articles/CBMizwFBVV95cUxPRlhpRjFkd1VNenRmTzZoNDdJOWdBZjl3Z2YzQUdaczAwS0ZWb3U2MEpxWXFPSXpldnRYVVNqcHJZOFlsbmd6STFJaFZYc1k0UkVQTnFfZUk3RDlnekZocnVEUm9SbHBGOHJYejJORWxyMmMtRW9mdnpxNlQ0b0xtSDdFdVBheFFIM2lWZ0dxcVBzT0xMd1J2TlBEUWRXdVhTUWthMktDaDBOcmY3RzMzd0w2NFkwYjBVLV9FNDEtaWYxdVY5ZzVlUEx4akVkRnM?oc=5
4.5,35503c546f,headline_only,FOX 13 Tampa Bay,Lakeland considers moratorium on data centers,moratorium,,,none,none_found,,,not_attempted,no,https://news.google.com/rss/articles/CBMikgFBVV95cUxQRjl0ajlmVlcwNFNlSzdPQzNRRzZNdG9lenU4SFllVkU3X3phaU9lVzIzVjlrQlo1aW51eUdTanUydWlZaG81RWM5ZXNWclZNQnVXMi1CYTVpQkJCbWxTdnhQNjVzdkhTUHozT3NjcWZIRzJGNGZxNjlqM0R1dWtaOUQzYWkwZWh6S2dCNU1zZUpiZ9IBlwFBVV95cUxQeFFGNVA1UHVIdzN5elVfX0pPSE5aOXlyMU9GbGFETGRoeDRJc19xNnI3cnJYLU9ZOEFoN0tPd21zRHc4NEgyUURhaXRRUmpJM2k0eXZQNDlVeWpaTzZTbWpqSVhrMDN2Vnk0dE5mMXR5c0VpX3JXN2NoQVhQdXNMWDVKdG00em53S1pjN1VzNnRucWpQWDhV?oc=5
4.5,9eae8b4fdb,headline_only,Flint Beat,Flint City Council passes 12-month moratorium on data center...,moratorium,,,none,none_found,,,not_attempted,no,https://news.google.com/rss/articles/CBMiugFBVV95cUxQYndVTFQ0Rlo3bVBxd3U0bFN3SGUzQ1F1SklvZ3JYN1pGMG5mLThSLTc1a0VGV3BRTFNobzBuQk5qSlpyRDk2MDVVUVRpZUw2dUY1MC05SlBiQUowX1dwcDczYmxxYUFDcS1GeWVsOGtWUDBESmJmVzIwUEl5NGEwQkhHU09CakJ0MjMwcHBFRUJjc01WaF9WOFp6ak1GM1VTSUxnNmxhSzNkb1hPTUR5dU1yWU9CcTUxb1E?oc=5
4.5,8e816ae54b,headline_only,Florida Politics,David Jolly calls for data center moratorium,moratorium,,,none,none_found,,,not_attempted,no,https://news.google.com/rss/articles/CBMikwFBVV95cUxOY1ZZX1B3dlJrQ0RobEo4MW1ydVE5YVpSRzU4c1hCVERBSkhBQkN0QnMzeWZpNzRqYjJYLXNNLW5qbFlkMGxaUjhfaFkzc1g3d3JqSkE4aWpFYUlySVJhcGZuNkF4VzZOZ0NicjdiU2FxM1lkRE9TZkc3NmRwQVRrZ0F3ZGYtUFVjblMtUHNzMHZNUVk?oc=5
4.5,532e0a4fb8,headline_only,Food & Water Watch,Gov. Sherrill’s Data Center Plan is Totally Inadequate – Full Moratorium Needed Now,moratorium,,,none,none_found,,,not_attempted,no,https://news.google.com/rss/articles/CBMiwwFBVV95cUxPcEhJZ25qWFhPT3pMcjNTQTk3eW9ucVpvbTBET1NZTWl6cHM0WjBHLTdFbjJ3dG12STN4ZzhpdU54RVZJdl80TGpXOGh5MTAtTWo3Y213SWVSM0FteXdXNjEtQ1BsSnlFbDd1RkFXX0ZJSi1La0pUMUcwZnlWUDNHNk9pZ3dvMmZaSzdHVWdvaExkczhJdWR4TDFqVHJjRlFyVEtXajRMLUtkeFRUbDVER25TbE5yV3dGVVVUVmF0bm1ZeVk?oc=5
4.5,0f9d4ad08a,headline_only,Fox 59,Indianapolis rebuffs calls for data center moratorium and advances special zoning district,moratorium; zoning_restriction,,,none,none_found,,,not_attempted,no,https://news.google.com/rss/articles/CBMivwFBVV95cUxNOVN6ZkxYT2JjZXVwZVJBWXB4amlQZjNoUDJKMFNPR3FGNkNWR3NlcUV6WUhIZWhfX1dleGFhN3FpS1prazI4RW9yMURvV1E5WlNFa2dHbnluWmJNUjM1cUhpUW53T2NiT3JtcWpBR3I4d29DdGlpbmF3Z0h6RmtJTlVuQ0FyNXNOOTFQVHRTS3A1UUJJUHREMnBBbWhBVnVoSjNkdjVnWjlrdjU3cE5md3ItMkRJQXFDaGVKTktOZ9IBxAFBVV95cUxPY3NYTHQ3MktKd2RBTzFQODZYMUhIRC1WM0t6WVJlR0lfM1lmVURBM1h4STFmQzA1eF9vNHJTeE84cVRXX0ZQb2E1S2pBWVFiSnBZdTVGUTlqQ0RrR21EdFdqSTM2UXg5aDU2ZzJqbHg3cjdoRFJ6enNILWJCSnhCSTlFdDk3cUNGQ1Zid0ExZkd4T3RvV2txc3lKMTQ4MTBhTlRyaXVmN1MxcThCcHcxVEp2RFhHNXZBRWhQeFEyd1lJRUZh?oc=5
4.5,231d364f42,headline_only,Green Bay Press-Gazette,Ashwaubenon committee backs data center moratorium as show of transparency,moratorium,,,none,none_found,,,not_attempted,no,https://news.google.com/rss/articles/CBMi1wFBVV95cUxOLXV6SlEzd3luQjNPbWJZRHFDQmJLQVJZdG8za3ZnLTdUNU5LQWhrbC1LRzYzVEtLZUpmMm5fVEM2aG41QnZNM3RYNlF5aWozenhaTGo0X0lnX1ZnWjFSTjAzYXhDZk9EOWxHX3NDdVpWUzNIbWNFdzUyWmRTcmx3Q0poSG9oWU1Tb0FZeG00U25lY2FOMVdvWG5TMExWbE5JRDdOSXEyZ0xPOENJWVNsZTdlZC1JLXJrRkhnUjR5cVczV1VmVnFBUDFoeTZZbjdRdk1WMmkwVQ?oc=5
4.5,a0727b4ae8,headline_only,Heatmap News,Most Americans Want a National Data Center Moratorium,moratorium,,,none,none_found,,,not_attempted,no,https://news.google.com/rss/articles/CBMifkFVX3lxTE9HeGJWQnFYVGhZTmpPcXJwV25UYXN4SXJlaDZpWmE0SGdhN085Y0E0VGgwX2ZSZFF4bTM3WlJPZ05yZ3Q1Y3h2VV9XX2FucFZFaTZqR2FXV2k3X0lGSXVyWWI2NXJHUzduQnR5N3E3dXRQZEJ2ekhpSlZHMlNWdw?oc=5
4.5,07a8a98865,headline_only,Inquirer.com,Pa. lawmakers must pass a full moratorium on hyperscale data centers,moratorium,,,none,none_found,,,not_attempted,no,https://news.google.com/rss/articles/CBMiswFBVV95cUxOVDRKS1AwekRkbUd1WFFvNjE2a2ZzSDhUUldfal9wMVRKUm50enZLMV8xUXRfcTJoU3pSRS1CczZPLW14N2tNQkQ5UDloVHZVTFdidTFCNjBfLW5SdHByM0lEV3d5N3pZZkFzYmdRVEM4MWhLSG9YVVF1YTRSWUVXbExpaVdhb2dCU1g2UWttUDM0OURET0Yya1pSd24tN3RZLTllcFJDSGtjQkhxYUVENEhPYw?oc=5
4.5,b4059e0cc7,headline_only,Insider NJ,Pallone Supports National AI Data Center Moratorium,moratorium,,,none,none_found,,,not_attempted,no,https://news.google.com/rss/articles/CBMilwFBVV95cUxOd2xoU1BtZzB6b29kNW5XbThnbUUwYm1scUlGMzB0Um1VQ09yV2poSW5WUnhDZWo0VVFLbHZOTlJZTml6NEpZcmxQYjJoRHZpREJ1c3RJZ0RNWjA2Um1kMXpWVUIyUVZ2UjktTTY3bXZkOHJXOG9fLUNjSmlRRHlRcmVjS29qcUppX2FYcUZxaUZDMGRRczRB?oc=5
4.5,d3b173d6be,headline_only,KHBR Radio,Commissioners Rescind Data Center Moratorium,moratorium,,,none,none_found,,,not_attempted,no,https://news.google.com/rss/articles/CBMikgFBVV95cUxPZnlacTFUZ282YW1UTzdHYzYtaVlic1RiVUphZDc5VGVBZ29sOVVfZkJGUUtTcnM4QU5zYWxJUVMzS0FINGxWTG1ocXltYXpjLXBDWlFZckFTRVdWT2lvM2pxOWh4MkNTN0FwZGthdzRQSG1ORkZwU2V4cTFDR1hCYndvc1lnSExIZUJwRll1OEZuQQ?oc=5
4.5,dff9026df7,headline_only,KMBC,'We're all going to be affected': Osawatomie residents push for data center moratorium amid controversy,moratorium,,,none,none_found,,,not_attempted,no,https://news.google.com/rss/articles/CBMilAFBVV95cUxPU1F6bmdRLXdIRmtqTE5LalhnR0N4M0hOWmtkaG14S2NQamR1RmtRcUNHazVnMzJZb0Z3N0RqNWVHTjA0ODM2MlZINXdzbEFaRjZIMURRZ3NEMWhmcXRqSWp5a285MTk4clJGdlZJVEtXQkxVRmI4VDZZbGsxVENQdm5uTnlNd3NsX1NEeWtwSmNDOEkz?oc=5
4.5,e0c6354d1c,headline_only,KOAT,Socorro County commissioners approve one-year moratorium on data centers,moratorium,Socorro,NM,medium,possible_duplicate,,,not_attempted,no,https://news.google.com/rss/articles/CBMiigFBVV95cUxQT2dUTVpRaDJvWmtXdkJXSV9RS1JUZW9BZjhrUmE2MVBGZEVmSlo4ejUyOGU1VEFnVnI1QVJkcmhrY0V4aGtoSXhhOThNNHZoODR3WldkVE9mZFFSb1RyaDdtR2lXVENCN0FHYWdkWkw3d0NQcWcyREJqS1JjQU1pN2tISlI5S1RJdXc?oc=5
4.5,fea90185c2,headline_only,KOB.com,Proposed moratorium on data centers to come up in 2027 legislative session,moratorium; legislation,,,none,none_found,,,not_attempted,no,https://news.google.com/rss/articles/CBMiqgFBVV95cUxQcHg0WEQ4ZGtMNWZ5QlVVQ0xsM0tHVkU3d0FKSWE0bzVTUkZlTkl6ZXBJYi1LQXZZRHViSHdaUUZ4dUFGampFM1JCOTNXci1vV19iZHFmUGN0SDBib1V0ZmVRQ1NhX18td1dZZGtDR0xudHVRNE9iQjVQTkZhMDhMSHRlaV9qOHltQkFRVTdXOVd5a3NZZ0xrVlVZeTdfcXBERnJOQVptQ2J3QQ?oc=5
4.5,82ad71dab8,headline_only,KOLO | 8 News Now,Reno City Council approves a pending moratorium on data centers,moratorium,,,none,none_found,,,not_attempted,no,https://news.google.com/rss/articles/CBMimAFBVV95cUxPR0ZUQzV4WUxMWmw3X3hYRlVURnBDN0lUdHBRNXBKSWhEMjR0cGY3NDdKYXNoSEFvX2tMallGMGFVMGFFZTIxVXNzdTNTR2s2THk2MFNNeHRlcDRMeERRY1pXZFFaS1hKVHQwUDlsakJEck1sTmdoU1M0VG9qNHJ1b3dCa21yeFNUcHJFbDJoQW5xT09SVGZrWNIBrAFBVV95cUxQRVFoSkwtTWh0NExXN3hPam1PVGJCLWIyRkxqaGt3RDFPYTFhRnZ3T3M5VzkxNkFrV29fYUxDSmtLaHhRLVdfZkVZYk1nUi1LOFNfdEliak9Wd2QxdVdLNzZRaThQdm52bFZoSGFxLTJ4aGQyUTlEekRDeW5qeXFYaDJLTXQtYThvVFRWdE1TRlVuZGxYMnZqdGpyR2FTbEZRSXdjSzMwekR5Q1Bp?oc=5
4.5,f9fe8ca3e4,headline_only,KSHB 41 Kansas City,Tonganoxie residents submit petition for 18-month moratorium on data centers,moratorium; other_opposition,,,none,none_found,,,not_attempted,no,https://news.google.com/rss/articles/CBMi1gFBVV95cUxPREx5b1Y2RC1lSDRDUjFnZmtoNHNFNnlOdEFtbUloQmN5NloxZWtrcXFTZnVEWEdBbVR2M2JFaDg2REUzd3BuYTlEMTM4ZXVlaWFPdDN5U2FoNnNia2ZXeHJYVFVYOEdLb2tvQ052elJzelV1VnJQWkZ5QW52OWpfeG5sRkd6dUlNSThNZU53b2x0RkNHdFpXTlFBRVNVR3RtTkg4Uk04bFplX1BHT2F3TTdCYW5UNkNLMW5aLWRRN2RZRnJQaDZUc0xmUzJvTTVrc2xjR1Rn?oc=5
4.5,8de6383fff,headline_only,KUNR Public Radio,Reno City Council approves 30 day moratorium on construction permits for data centers,moratorium,,,none,none_found,,,not_attempted,no,https://news.google.com/rss/articles/CBMiywFBVV95cUxPaTBMWEsyeldnbUJZd1ZlZkx0ZWNjajZlYnFmeTlQV0JVTEhrNlFldVdmenp0WDJaTUpQTmlLdExraGFuR01UeTVpZzZJS2Fxa3BtQkNjdVk3UTB4WFpyZmRtY2xGMkl4cXFUQU80cWdaejUzRElYaGFtOWpNTW5rMlBINHhINExqVlA4VDRCX1ZZT1NkRW9yY3FPYlRQejFBZ21mUmtpU3h2NVVjcmJVM1UwNkZlTENJcEowMndLb1V1cnEtS0FGRHhvTQ?oc=5
4.5,f967adb6d1,headline_only,KUNR Public Radio,Reno City Council extends data center moratorium into 2027,moratorium,,,none,none_found,,,not_attempted,no,https://news.google.com/rss/articles/CBMipwFBVV95cUxQY2VRbTRwWEk0TElTOWNEM2dJeGp0NFVaUWxCTGhDTlBWVlF0WnpydkNsdG1JRkNQdGp0YWJmSHZQajdLUmYyZHFTT3ZjanRFXzlESlpwOU1pVFhDSWdpMG91ZllnLUVGNk9fWXQ2UjE1dnVtN2Qxa1JaWU9OeVJVVVhzMllRWTBCTkttRjhYakkwTm1aaFh4NEJ4NE8wSnJMYTdjSExLTQ?oc=5
4.5,9c9fd9aaaa,headline_only,KVNU,Cache County Council dodges bullet by imposing preemptive moratorium on data centers,moratorium,Cache,UT,medium,possible_duplicate,,,not_attempted,no,https://news.google.com/rss/articles/CBMiqgFBVV95cUxQTGVuSHJTUlltZF85SC1faTdIMVhXdUd2eEdQZlFZVmtELTBrTXB5OGxJd2Z3Ull4eExiN0tnMER5dTVwd0FVTEZGbm5xbEN0cUVrQkxlOW05eVlhUGZ5RDJ1ZHpucE9NMWhJbzhtSjZpY1g1MzlMdGo1clFtS0MtOEF6NXdHNHRPTHh6RmJMYnd2MnFqcjVOMHJDMFBlWFFndGUyb2VLSnk0dw?oc=5
4.5,91f6f98299,headline_only,Kansas City Star,"Here’s who supports, opposes statewide data center moratorium in KS governor race",moratorium,,,none,none_found,,,not_attempted,no,https://news.google.com/rss/articles/CBMifkFVX3lxTE1TYXpxVmJEOERnTTFjY0lydFdMcm5mX1B6WlIxd1hBWlgwMGNEamZvMk5oWlpnbVB2MTlFaFhZZzlybUxSZmpXTVg2MDJyOG1FcWVJZG1WbTRxYy1zMlN1UHRzWGRBd19RWFJYZjU2MTBiNjJFaW5KOFROZkNId9IBfkFVX3lxTFBYUFdsN2NMazRQcDNTX3lZay1vS05tTnp5NUNWcEtTRXBMYUpkbFFwdlhpUnJ6UFlPeHdPanU1MFpqQVJLNXA0RS1OUmVLSU1CcU9Ec2RnUWUzeVBCTXktajFqQkg0b0FMRTRVOVRnaUdBSDY2blVGbHFNV2ZXQQ?oc=5
4.5,1ec4ac5291,headline_only,Kansas City Star,Independence could join KC-area wave of temporary freezes on data center zoning,zoning_restriction,Independence,AR,medium,none_found,,,not_attempted,no,https://news.google.com/rss/articles/CBMif0FVX3lxTE4zRXg3b08yUEdndTdSWHBUenNoVTh0RG9KNW9teFRMWGlaQngtTGZTNTFVa1RDZ0JlNVdTallBN2NidXFQcGlOd2ZqV2RRUkN1N210R29JY3pydzJvbmk0NVoyMmM4QWE0RTZNMTdmVmQwa01sal9HSzRmTjZtYWPSAX9BVV95cUxNYXc5amM4cnZmVDMyWkkza3JIcUJIS3lRNEh2aFhBSVNhaGZVcDNib3dZaHQ5dS1zR2hqcVBNVlV3Tnc0a0tydlVtamwzcHdTZFNzYXFGR05oWkZuZTZsT1ZUY2QtTTJOZTBuQ3JmZ1ZRSmpvRE1YcHJTcDZoZjUw?oc=5
4.5,52b9277a99,headline_only,LEX 18 News,Versailles City Council enacts moratorium on data centers through 2026,moratorium,,,none,none_found,,,not_attempted,no,https://news.google.com/rss/articles/CBMitgFBVV95cUxOS1FfNTY3U3RZcE9NUnpDRkYzUXhqVDJlTHROX0FSNG44YnFQRzg5eW91SGg0RjMzYWRUbUpFcTlkUjJTTldXamFnVDRCOHpNWnY2dVRvNlZaSWJELVhFVFVUV0puU1ZUNFNRS1ZEV3QtTmVQQ2Nac1FOMGllZjFYVzVZcG9XdGExTXBrZ1ZzY242X2F2R3kyamFuSS05QU1RbWVLb2E2aFJ2aVMxNUNnQ3ptQkh5Zw?oc=5
4.5,e75a8b03a2,headline_only,Lansing State Journal,Lansing City Council sets public hearing for data center moratorium,moratorium; public_comment,,,none,none_found,,,not_attempted,no,https://news.google.com/rss/articles/CBMivAFBVV95cUxQbmt3UGpvdUJWQ1RFclJ4N1BHdTZKamJjdzh4V2U1Wkw0RmQzaHJrSnU2RXZOcU9HSXFFbnZsVUJEREY0TmlZSTItNEpBZThvaGR2NUJjck1PVDFUay0wX3RZcnNqeHRPS3FRR1ZTRk5ieEZ1bkVBRFFfYjhFSW8wYW1kU0JuTFIyUFRZc0I4b1Zpb3N5c1Q2Y0QzQWJiLTFMSWJOSXg4Y1pyWmFzTjN2Q0N4SWNZeWI2S25jMw?oc=5
4.5,00dfca97ed,headline_only,Lohud,"Inside political, environmental fights over NY data center moratorium",moratorium,,,none,none_found,,,not_attempted,no,https://news.google.com/rss/articles/CBMi0gFBVV95cUxNeVluaUp3Y214NnV6T3ExM1Vfa2MwTkFiVlNDZzFhUmMtNmgwQXAydHp2aXpjRFE3UkdUWk9mT2ZNV29qSHFrVVpMbENQNEljV18yOGFJcEhJWVl3cVRrZG5uS3hsdnhzTldzRHdHVU5xUHNYM1hsNDI1YklvMkJJYzdfVHlMXzBJSDhwa0FIRDZsYWI0YjAzdWJRUXBXYjctS1F3Ylo4Z242anZvb0R2VzR5ek53Q1VfQU5WMVpIOXZYX3NTUGhhYnRLV1MwVXdTR0E?oc=5
4.5,91d5353d65,headline_only,MPR News,Inver Grove Heights approves one-year moratorium on data centers,moratorium,,,none,none_found,,,not_attempted,no,https://news.google.com/rss/articles/CBMimAFBVV95cUxPTExnbE9ZZ2JEaXBpMnZYZm5qTm83c0V6TjQwT2xHc1VUZVpDTm9jM1djXzI4SnI4cWxDbVhmeC0wLUM1aGRqMklxYmdBaTdybGVFbU9MVU9LNVBLNFVDWlRfVDJlakFTYTItMzJSRHE5ckNCcWltS1lOR3Y1ZDgxUW0wM3g1VEdCSndWcmFPVjlyVDRiYnJURA?oc=5
4.5,429debfe81,headline_only,MPR News,Inver Grove Heights meeting erupts into shouts after data center moratorium delayed,moratorium,,,none,none_found,,,not_attempted,no,https://news.google.com/rss/articles/CBMiwgFBVV95cUxNbFh3SFpjZ2VCTkpmN0R6UnMwdm01T0hWdmE4Y3ZJOS1ZUUxNVjJKdkNDV1VhQlB1TXExM0RkQjdVOC1QS1BTUWlmOGI2bmdjZjZNMW11WkhtYWdpbEZyM3VTV3FlQ2prXzl4ajdQX2daVGVKeHRCYmxMU0hGZ1JzbHhjUE15V3JFY3ZaQU5SWG1icjdzRGlTT0UtTzlndmptQjBlY0ZRVjVmUDBDVWxmNmlfR2NWQkpheHpXdmE5dFlNUQ?oc=5
4.5,5aa481ed8d,headline_only,Marietta Daily Journal,"Marietta tables data center, imposes six-month moratorium",moratorium,,,none,none_found,,,not_attempted,no,https://news.google.com/rss/articles/CBMi2wFBVV95cUxQNnlORGlPb2RhTnhGWXkxRnRzX2JwZ19BV3RYREV0UzlCVWhJcWpqbVJTVEp6cFBlM1dKb1lsRWxMQlk1MzVsSEptSWs4S1d6TkZwMGdWYTZ4dU1PTzRYa0dFT3IySWU4bVV6dzRVSGlrVmh3MkpSb1NjS2piMGVJZzJCQzU1bkJXeEViUHUtZnBhM1hyZEZXVlVOc2xZZ2RoQVIzU2IzM1hJV3FLZ1hscWd5cTZncEQydy1BYmM5SVl6aHdQak5zOGk1N3E4VlRQZVdVeUhnTTZMUGs?oc=5
4.5,ca59066c15,headline_only,Marietta Daily Journal,"UPDATE: Marietta tables data center, imposes six-month moratorium",moratorium,,,none,none_found,,,not_attempted,no,https://news.google.com/rss/articles/CBMi5AFBVV95cUxQa3dTS05BWElxQkJRTHYzSTAwalE0N2NOMXZKQy1Na3haaUl4ejhZcVlEN2lPLW5qRGYydUZMSWJzSGIyNDUtQkpkc3dVSGNvUEZYZm56NjBrSUJodFZMVVJWdzhfbmMzdHlyc0R0Qkd2bEVyZVJlZTFGa1hma2dVaFRkZGg1endESzNaMzRqQ2JkTnBOVlhuUUE2WS1qYnYxbjdfREtxdXBtaVFnUTdUSGNXaEQ0LWdhV3JieGRYQXpCZkI5OVBtVUlGT1pOazZRX2hJY2J2TVU3SmgtcDJzMU5HVUM?oc=5
4.5,0d4fa3fb02,headline_only,NBC Palm Springs,Coachella City Council Floats Moratorium on Data Centers as Community Opposition Grows,moratorium,,,none,none_found,,,not_attempted,no,https://news.google.com/rss/articles/CBMixwFBVV95cUxPUk1qT294N0VfZ2pQbF9rOTY1UFh1Y1haYWFXUUFZRi1IdlJ3RU50dW1HSnQweHVHZzJTRlhOWFY2cHZURkZheHNKTmRCcWdRT3FtbnM5QXd5dFVCblFZanlaNXplSzFob3dCSmlsQjYxSmNNeW9sSmhaR1h3YUhLNlhadmFWT2lMTGNMaEVpZk1hS0dxV0lLOHBaRDdqaEJWQzYtTjZGNkVNNDk4NGZsNWdZMjI2Z3hYWVJpeFJLaWt5RjhSN2o4?oc=5
4.5,d15b2c9770,headline_only,NBC26,Wrightstown considering a data center moratorium,moratorium,,,none,none_found,,,not_attempted,no,https://news.google.com/rss/articles/CBMipAFBVV95cUxNQUxsaWJuSnZjaTVQRS04N0hFSUo5VHpmTml3MVpkRHpyN0FVWE1XcGNpS0FHODg2enpKMC1IQkpMa3VMLVVVYU9JeE11OFpHbkJURHg1RjEydDJVZGlFZ0hDR2VYZi1DbXJ4YTkza2JTNW5kNkV6Ui1YOEpKdGNBb0E3SkY4SzNlMDB6Qkwyb21TQTl0Ul9hR1lzNkZOcHgtTEtwSA?oc=5
4.5,9e7e60e133,headline_only,Nevada Current,"Reno City Council extends data center moratorium, promises effort is not political",moratorium,,,none,none_found,,,not_attempted,no,https://news.google.com/rss/articles/CBMiuwFBVV95cUxQZGR0TDVYaHJfNDl6V2YzQXNsRVFMOXNEQjdSNFJxTUdPOTFITnJiaHVnbjRhSngxV3hwVlU5UGNyNy1sdVNjeThkNWw5VU0tbXFVWnJpaWRuV3FhRFQyTWtuaDdVaU15YzdHRzJHeC1YYjFpaWVueVpQVnRJQkpLVDIyVFYtYWpRQzFEQ2ZNRmpCUTRaU1JxaFpEbW5wUmgycHdVUS1hNmtqR05rM2xocDBIUTl0U0JKMDhV?oc=5
4.5,ad1e927506,headline_only,News 9,Hundreds gather outside in Luther as town board approves a data center moratorium,moratorium,,,none,none_found,,,not_attempted,no,https://news.google.com/rss/articles/CBMiogFBVV95cUxOQUVYdEpxelpXeFdtVWl1UWhTUDhQdlJJcXRaNlVxc01tY19KSkFwUFJLcXIyWElXUjFUX0t3N2piOXRJWDlMQVR4T2NBamJxY1pneVdwVTlXRXJuTXMxVkJyNG0tdm9kMjFDQ3VnZXBHbG12aVhwcmlPY0Q3NGdNMHRGTUl0NHVJNUhqRF9YU1hPZURZUlgwYUhoTE43a0JIdEE?oc=5
4.5,b81ae688cb,headline_only,Newsday,Brookhaven Town OKs 18-month AI data center moratorium,moratorium,,,none,none_found,,,not_attempted,no,https://news.google.com/rss/articles/CBMilgFBVV95cUxPQmFPY1drLTZEX3dxUm5lZ1RFRVRRUnFPMnNhYjAyUjFVM0plTEs2X1BsMFl1bW9EejhlSVdTS240RlNVWGVxUDUzTXhyR0RLVy0xdklJeHU2SHJUWUZKV0dJWGEzOTdFNkhkYWhISTJaU1UwakJDNlpFNHY3Uno4NDFUQzVrNWtqMjYzTHpHcmIxejNUdVE?oc=5
4.5,d71ba83755,headline_only,Newsday,Brookhaven Town leans toward 18-month AI data center moratorium,moratorium,,,none,none_found,,,not_attempted,no,https://news.google.com/rss/articles/CBMilgFBVV95cUxPQmFPY1drLTZEX3dxUm5lZ1RFRVRRUnFPMnNhYjAyUjFVM0plTEs2X1BsMFl1bW9EejhlSVdTS240RlNVWGVxUDUzTXhyR0RLVy0xdklJeHU2SHJUWUZKV0dJWGEzOTdFNkhkYWhISTJaU1UwakJDNlpFNHY3Uno4NDFUQzVrNWtqMjYzTHpHcmIxejNUdVE?oc=5
4.5,186f22d0d3,headline_only,North Country Now,"SLC Legislators urging towns and villages to adopt new code, possible moratoriums against data centers as public voices opposition to Massena project",legislation,Towns,GA,medium,none_found,,,not_attempted,no,https://news.google.com/rss/articles/CBMi0gFBVV95cUxPTHlUTWxGUDNFanhqMF9fYUlWamlBdnllSlBWQkNvYXJVTENlZlFzQVRMR2hFN28zTE5iaVNWUjVrT3hMMTlXbkpWeGRMUzM2bmExNlQ1OV93UXVBTWw3WkNXeU0teTNFUnctUXFvWUxxcUZVWlFrR1lKQk1rR1QwT2JFZTQwQ1BMM3BiaE5NRkp3THVDcTJ4OWtkXzdURUhSRF9OZTBDREhiYmYxdUVnME4zbVhnaUFmUVBfOFF1SWhZbW5CYTlWSDhCc1B6d192UVE?oc=5
4.5,7f929c6e09,headline_only,Northern Nevada Business Weekly,Reno extends its data center moratorium into 2027: Here's what happens next,moratorium,,,none,none_found,,,not_attempted,no,https://news.google.com/rss/articles/CBMisgFBVV95cUxOZnpJWW1mNThhZmpZUUxiSC1ySHdMbmxCb0ppWFNnWHhVUm9vc1NsVlNyMlpRTkVLdTZoS2NxMVpXMXgxaWk2TnBGbUY4cldHNndHcjJFNktxeVdLei1DY1JPODc1Wlo4eGlUT0pZVlRHTWpBdlVTVXRMNzJtWVQzT3pTWHZNSnhkQUpESlp0b3FMUFNqdnpxS3dyVlBQNkhsTFFzTmUxS3hxbzRiR3llNTNn?oc=5
4.5,42b1ad6d07,headline_only,Oklahoma Energy Today,A federal data center moratorium is proposed,moratorium,,,none,none_found,,,not_attempted,no,https://news.google.com/rss/articles/CBMihgFBVV95cUxPcW84Q3RvY0N3SS10NTNXM2p0Smp6ZVdUcHJQamR4azluMXlhOUhYZEJVMThjSGoxbUJ3NkQzMXlndUpsX2RIaUhoYTktczhheWQydFlncDB2QnN6VmxkUXhUQkNXa0V6eFVoLXpmUFpsSy1MTUtGNWNHNGpWcVVMUHZvUUluZw?oc=5
4.5,6e76f5f102,headline_only,Oklahoma Energy Today,Edmond approves data center moratorium,moratorium,,,none,none_found,,,not_attempted,no,https://news.google.com/rss/articles/CBMifkFVX3lxTE9xMEh6Ti1Eakw0RUxQNFhrWVJoX1dWaXdid21qdGJoVWl0YV9hWmp5ZURodXFQVk1ud0tMQzg0em40V1UzTm1oV1hQMldyRGRZeDBUSV90c2hRTXc1MWRCZ2xEdUM0VzY2MHJMYU1pNHF6VFE0eFhBRmxwenh4QQ?oc=5
4.5,1d736284e5,headline_only,Politico,Data center moratorium a fault line in Dem primaries,moratorium,,,none,none_found,,,not_attempted,no,https://news.google.com/rss/articles/CBMipAFBVV95cUxPU0hmVTdPUE1MNTB2YWdnR2xvVmlxUng4STlQT1ZWcW1rUUktdTNMOW9OUEg2bFVhalN5VVd1YXVlTVFVVXl1RllhV1Y2Z2R3MnJ1ZUEzNXl6dkdGbnNRQ281SzZDTTZRWGFyUW1KNmxvcXB0TUw3alJsb1RuV1ZLV2VEc2FOay0xbGpLZDlqdUQzbUFyRTduc2NFODhsU0xVNTB2Qg?oc=5
4.5,23513200f8,headline_only,Politico,Data center moratorium gains traction among Hill progressives,moratorium,,,none,none_found,,,not_attempted,no,https://news.google.com/rss/articles/CBMisAFBVV95cUxQSnJXYlYzQmQ2U1Fhb3R5d2k2SUFuaXBEcFpxM1ZhbzdRejZMX3kyLXV1U1UtSlF1S0ZQYXlxMU5wNlNlQVkwa2lVdHV3Rl85dmV3VEZwM0w5eEJ2N3dPZ09EcXJOZ0ptM1R0S2pZSF9zTGJxNnA4YzIwYUNhUVBwczZ2ZW0xRkk2SllISkpPdG0zOEFxc18taTRFdWVMLVg5OWdEUlNvcWgwbmpWMDNHag?oc=5
4.5,76adbabfbf,headline_only,Politico,Nancy Mace pushes for statewide data center moratorium,moratorium,,,none,none_found,,,not_attempted,no,https://news.google.com/rss/articles/CBMiiwFBVV95cUxNaXRjUWlXMjdPWGQ2eTJOWk04N1NtMklRVDlfc0hWUWdDa1pSZXZTc2d3SmppdXZIOEFablYzYTRuaXZNWHVNREFxLURDT0p2ZVJjcWdycmJJMTBzSGM2b1BvcU9XZlNTY2M3RGNuYmYzRzBnZktEcmVxRW83WHh1blk1NVFzWnpoNFh3?oc=5
4.5,64150d914b,headline_only,Politico,Pallone calls for national data center moratorium,moratorium,,,none,none_found,,,not_attempted,no,https://news.google.com/rss/articles/CBMivAFBVV95cUxPSGNZMlNpdzZmN1FJLUwtSXd6eTgyeEpEN2F0R1JUMW4zTFljU3lKVVRhM2hJRW1VUGhvQ1UyXzJLb2lnaE80dzQ0OTVNM0E2RFR2N01qcXdEMzZNLXNoV0RuQW5DZ2loclNMS2dfbnRiVWRzQnc4ZGlzZ3Ywck9VbHo0RlJSODNpTmJDakNTd251UTI5ZW9QMDA5Vzg1YlZkdlZ3RUtseUJqM3drakl6QzNlakswRGU4R0RtZg?oc=5
4.5,a8ca117c19,headline_only,Reason Foundation,Local data center moratoria are costly for the whole country,moratorium,,,none,none_found,,,not_attempted,no,https://news.google.com/rss/articles/CBMilgFBVV95cUxQd2dkOTI1QUhCTXlqSE5zbE15VzZ0VDFqU2hVZWpDdW90OXNra00yWTlFcUlZNTFQbDVZWjFCV3JIeC1FajR6em8zdTlzUjdramFMeThadER2Mk5RMUhiVUxyRXFBT1BhUFFaX0RvZm9BQTIwMVBHUktYQ2RzcEdMVVUxczBsZnZGb01lWXVNZ1VIa0RldlE?oc=5
4.5,bbeca65673,headline_only,Salisbury Post,"RoCo passes data center moratorium, over 100 residents express data center opposition",moratorium,,,none,none_found,,,not_attempted,no,https://news.google.com/rss/articles/CBMixAFBVV95cUxOSmFOYklocC1XQk5fQkV1YUZsR1FWaW1UVFRsNzZvQzdjazFwVlRPRXRCQmx4c0h6NGs5eFhIWWo5Q3R6djRxV0dEaTUzQ3VsMHgzRVNrUTFSZ0NRaU1lOTU5bFdQR0NSM3gtbHpsYjIyUUVBaFBxR0ljbW55bkdJNWdjMmh3d3hHQ2ZWcmVuWG95SVpzU0NUdW1TblZkMWt4NGM5Tm9ubWhQZG1CdUthLVhOWF83dDJvNlFLNWJEQW9YN1Js?oc=5
4.5,e275697438,headline_only,Santa Fe New Mexican,Socorro County commissioners OK one-year data center moratorium,moratorium,Socorro,NM,medium,possible_duplicate,,,not_attempted,no,https://news.google.com/rss/articles/CBMi9gFBVV95cUxPaHNudTZ0cmVPNHJqSzZDUEpSUWN0TUNQZ3hoMnZZZjYxdVpWcE9XaEJVdG1KZDFXR3JHMHBwdHZKeURNemlQZ0Q2dS1GTkx2aXEyTy1DSkVkUWh2a09qVXhjdzVuQnFhamowUFlrY01PWGNfZEhMeHd6NG8wT0t0NnNvTW1QXzVVTGY5c3BRVHRlWjVrVlpBQlBkblI4QmlfRG9ZYzdRdW1XM3o0WERNeFAweGhtVGVzUDk4QW9ka1NIRV83bkh1RGpqV3VLYTdxVzJPckI0TEVHN2FIMkh2SkhKMnktZ195ckIzVWRmN1RtaG5Kd2c?oc=5
4.5,43e2f950b3,headline_only,Smoky Mountain News,Clyde enacts moratorium as broader data center fight builds,moratorium,,,none,none_found,,,not_attempted,no,https://news.google.com/rss/articles/CBMiqAFBVV95cUxQT2Ywd1E5S29ZeXIzZmlQRHI4QlF5U0I4M2JwLWNFYTd6MnFPd3cyeXVTaFducWZyMkVPM1BQamtSNW9lNnNBa3A1X216SjVOR1FnTGl6RzZMN0VFWG96NTJWWXU4VC1sUl9KR1VLVnBWbEhSQUZlbHowX0VYT0F0WkxGV0M5Q1lDZFBGeWtYZzJFdHlBVEdaV01PS3JDNlJtamg2M2VSSXM?oc=5
4.5,d3d2f0eb8a,headline_only,Smoky Mountain News,"Swain public hearing brings moratorium support, data center opposition",moratorium; public_comment,Swain,NC,medium,possible_duplicate,,,not_attempted,no,https://news.google.com/rss/articles/CBMitgFBVV95cUxPWU9Xd3MydWpiUVdUSVFqRWJHUHQ4RG4zRkdBaVVnczFXRzdBWWZXTXhkV2pidlU5bWlQcHREYTdpOUxIYkhiYmFCOGYwejRNWmgzVXI0YWxRWjB2ZmZrNkpheFlLUTZYNmlCWmpCaU5yQ3Vta2ZUYndjOENRMkp3eXlMLVZYQWprcU5qSE1pamFMTVBsSGlIRDBvbUxJNFUtX1d3emwxQzV3YXlLUThnVmtESmw5UQ?oc=5
4.5,dbc64bdb93,headline_only,SoMdNews.com,Federalsburg officials discuss moratorium on data centers,moratorium,,,none,none_found,,,not_attempted,no,https://news.google.com/rss/articles/CBMi2AFBVV95cUxPZ2FUVEVQMzVyb2F2eDhYQThla2dPcXhfQnFXdGJiU3AtWUc1NUJLcEE3TkhmektKSUhQV2xyaXhEUkM1OG5nbEpoS2xsWjduckcxRy14aDdrZFpGamQ0RXhTZy1sNGtKOEU2VlcxQkRuOUxlLXJLTThia3l5MS1ORU1wVnlwMmtMUGM1YmxBWS1GWHZjV0J3aDZIVUlSWHFvV0UtVXJTdU5reHBpM1MtLWlVeUJNbnM5NnhDTmJtQi1Pcm5wMlJodGl5Yy1OWENJNG1YOHlJUHI?oc=5
4.5,d86b4b309c,headline_only,SoMdNews.com,Latest data center moratorium vote ends in tie in Calvert,moratorium,Calvert,MD,medium,possible_duplicate,,,not_attempted,no,https://news.google.com/rss/articles/CBMi5wFBVV95cUxNZzlOWXBjdFk1NUhfSmlVMk83Q2wwZ3ZoSmhULWtEejZub0ZTWHVjcWNScGoyOUp0OUx2Y3hwdUhsNWtENnJwSVZyTktwazNjU2JWZ3NMNjd0NEZEZUg0UXZqMHRUNjBwckxCQzBtTXR6OHo4MUYtMDB2YzVqbE8wemM5Y05vaXhjRm1QLUt5Z0lsNjM3LXpKTzV1OFhzRTljS1pVUklSVi1NX1VxRXVvNWJLODBvNDZBRXRvOW4yT0ZEaS1Ya3hhYWN2MjRrY0x3ckhycGJfeHFiTWZKZ1JQLW84R3lVbXc?oc=5
4.5,d4988a7069,headline_only,Source New Mexico,"Attendees commandeer New Mexico Tech town hall to oppose proposed Socorro data center, solar array",public_comment,Socorro,NM,high,possible_duplicate,,,not_attempted,no,https://news.google.com/rss/articles/CBMiygFBVV95cUxNMHZJUDRoYkdRQ1RDNkRXUjAzTm9wN2FHT0FaWWF0RkJ6RFY5UVVsZHY2UHVmZEd4LUVCT290VU9LY184b1RUbXlsdXdFVTlaSk5oekMwOGM4SGhTYjhtX1VhbS1QUjZUR1MwM0ZLZUNJeDJMWUhDSjFMTGl2NUNQd2xiYUlkSU9hWElDWEJVczkxSFhXZ3dtVzBVZWNKWWVyalZ5cXhuRGg4c2NhRVVkdG5rb09mdkpwRnZMR284aTVPWXhGbVRjclF3?oc=5
4.5,5fba9ccc09,headline_only,Spectrum News,Cave City faces lawsuit over data center moratorium,moratorium; lawsuit,,,none,none_found,,,not_attempted,no,https://news.google.com/rss/articles/CBMikAFBVV95cUxOTVBOMUFyaHJPQmlpNWZ6MjN1djAwb1ZZSzVhTHhPRDlQTlRQbFpvcFIwbEtycERCUzlHdzJWRzdSUDJyOEswVXV0MkVwZ2ItcUJlZTM3emxaTnA4ZW82LWRYWFFBS25FVHZleTgzakFNT3FtNHpMaHNzN0Nfdy1oU0J2R1U3UzRkVm11NDVzbGk?oc=5
4.5,8ae189efcb,headline_only,Spectrum News,Shawano County explores limiting data center zoning in some areas,zoning_restriction,Shawano,WI,medium,none_found,,,not_attempted,no,https://news.google.com/rss/articles/CBMipAFBVV95cUxQMG9Ld3BNWUVRdnpzY2N2Vlg1NXNIUl96OVF3WVpLb19DMXhJMHJKYnNfM2hveUJHTXcycFdlbXJjVW9rUDBicElCN2dsZ093ekwzVUZQZG1YSG5xZXJCMUFKN3IyUjRhcmRkTUZsdU5GRm5SY196bzBtbFBnajB2WUs2NTl2MVJEUDF4aVhGbmFxZVY3U19tWnRKQXptaFIwTjNwXw?oc=5
4.5,aec077d062,headline_only,Tampa Bay 28,"After backlash over Project Swan, some call for data center moratorium in Lakeland",moratorium,,,none,none_found,,,not_attempted,no,https://news.google.com/rss/articles/CBMiwwFBVV95cUxQcFZPc19SUXZYSDR0aEtoSjBLb1V1ZXQ1c3V2NEpIX1hwNTI4dHdac2o4U3RIcU1YN3J4TllJMmc5SU1XVERSOUktb3lxV0hvR25Xd2xYMnY4LU9UbEktdHhkMFgxdG5PZWZGU2I3cEwxNzk2OS14V25PQUc5WjNlUHFiOWNxVUdoUHhhbDE0RXIwVm9pUzN1d0UzbkVCeWpYVnczQU1YX0tPcmhwd09VeTJQMjRMQ2NMc3RQWmNlVDctOTQ?oc=5
4.5,3c109aedcf,headline_only,TelegraphHerald.com,Dubuque County Zoning Commission recommends data center moratorium,moratorium; zoning_restriction,Dubuque,IA,medium,possible_duplicate,,,not_attempted,no,https://news.google.com/rss/articles/CBMinAFBVV95cUxPc0tIdGtCeWI5SzNaNzFCU3NScEtoMFNkclJTWEdodWVhem1Fc0NRTjRpX2J6NExORklQdVh1WnZDYjJ2b3ozVl9uVUdTMkdxMkwxUmhwSGpJM09zQVdvTVQ3UXUtWDVwX0RlS1FtMEZKVHVDT1huZDN2a0xqOW1XV2NBQmxXYVM4UjBqemxwTDNYSnRkX1B2R0FoZk4?oc=5
4.5,90bbc574af,headline_only,The Center Square,Spokane County weighs zoning rules over data center moratorium,moratorium; zoning_restriction,Spokane,WA,medium,possible_duplicate,,,not_attempted,no,https://news.google.com/rss/articles/CBMinAFBVV95cUxNemN1YmNYYnVCRXJDNWNaWjY2UEoxVTdRdGkzSHk0MjFQYXcxbXNSM2Q1cGEyUmp5NmEteHZGRld2UC1NOHBmdlFXRHh1RkxFN3BQNENIQjFXUllkVUNWMVJ6YWxfRzdaUFhEZ3VJc1l4NEpQa2F3RFEtZjdoeEtPUjJtdWpBVkcyS3VORllmVnZpU2pXM2k0TFBCdDHSAZwBQVVfeXFMTXpjdWJjWGJ1QkVyQzVjWlo2NlBKMVU3UXRpM0h5NDIxUGF3MW1zUjNkNXBhMlJqeTZhLXh2RkZXdlAtTThwZnZRV0R4dUZMRTdwUDRDSEIxV1JZZFVDVjFSemFsX0c3WlBYRGd1SXNZeDRKUGthd0RRLWY3aHhLT1IybXVqQVZHMkt1TkZZZlZ2aVNqVzNpNExQQnQx?oc=5
4.5,e975be8660,headline_only,The Center Square,Spokane weighs moratorium amid talks over potential data center,moratorium,Spokane,WA,medium,possible_duplicate,,,not_attempted,no,https://news.google.com/rss/articles/CBMilwFBVV95cUxNM2VBMWVTcXFManBqQU5Iazc0R20tbEVOWXNBbllYbzlkX1laZmdSYnhMRlF5VjR4b1QyWjF5T1l6TDhJUDQ1UlFuWnRoWVppaUt1RkM2MWFNNjUwZ3JZMVB1d3M4WHZyUUJuUWtkTFVjVUZaN3RqbUphYVBId1JFNG84aUtjNjJSeFlKb0Z3RDdxMHo3ckhj0gGcAUFVX3lxTE5rT0pfRlVaLWdQZDhDeGJweHZlOTI5ZjhzOUhRMy1tY0d1RXd3RkwxTDFlVjItV0dJTWJIUlhlYlpGbkVKYUJXd2toMF95aURJbndKTDdnR0hOdVBQM0VxcVhKdldNS2Rjb204akVLZ0puV0V3bDNpb0NxMlJWRG5rS1NrNDR1TXcwV24xUFpGOTAxdV9kcFcxNVlmTg?oc=5
4.5,1f0e433b64,headline_only,The Cool Down,"Indianapolis residents demand answers, moratorium as DC BLOX data center nears key votes",moratorium,,,none,none_found,,,not_attempted,no,https://news.google.com/rss/articles/CBMingFBVV95cUxQMzg5ZmJZQ0JWVkxoSGRlb001TERkeElMUEJBR0xIRFZ6NjN5X3NwRU10cllmZkd6SjBTVmNFWEEtQXlFTHJ2TGNEWEh2YURtVUdVMGFMM3A2MXN0TUc4dVVUTDJFcDZFMzUtcjRiZzNfd1EtNWVCUm5TM1dxVDlDWWJBdE1VWHU2blpDOGx4akFYc0lSY3Q4NXpxTl8wZw?oc=5
4.5,58032eca8f,headline_only,The Desert Sun,Coachella council to vote on data center moratorium amid public outcry,moratorium,,,none,none_found,,,not_attempted,no,https://news.google.com/rss/articles/CBMi3AFBVV95cUxOcVNUMnd0WS1zbzgtd3dyRUlRMTI0bm9qdjBBbmwzYkpvbVA0WFhLYThIOUtUcEJHWUhvaDNWcjVWWkdodEJzMW1TQlhZS1ZRTW9wMlRITnlSczZMTDgwQWpiUUZQc1FsX0pXUEVVUGNyR1JvQ2Z5R2w4NndBeUpISG54UV8xNUpNbnUyVHk4Q2h0UkVqYWpIeHRwRkpHN0t0TWsydkhRM2lxTWZkSVRFc2Nqc3hZd2xTZjdKZzZLektOT1N5OFlpMVl5RHNleXJEVXd3TEJ5eFBZeF9r?oc=5
4.5,bed2c58f59,headline_only,The Fayetteville Observer,Residents push data center moratorium at heated Fayetteville council forum,moratorium,,,none,none_found,,,not_attempted,no,https://news.google.com/rss/articles/CBMiwAFBVV95cUxPRUM5UG54MmRLazB6SkpRbEZoN0xsNXdvM2htQ04tZ3FnSmFiaXRvNkM2cy1xWlpIc1ZGaU9Uc1d3TWtSd19oUjVFeWJLZnFERzBmR3hsN2cxZ0tFNF9ZQVNnZGxWbmt2QkVNcjBuVEZRQlJ2TWtWSldTWmwxUlRlYTRmWGIxUDdKa1RVU3R2U0RVWUJCeVNyZkx4YjlHdWZkN0Z1RWU2eGRrTkFXVFE1MDNnM213M1BoUmdJelRaRkY?oc=5
4.5,49d33bb25a,headline_only,The Georgia Virtue,"Bulloch Commissioners Voice Opposition to Data Centers, Vote to Extend Moratorium",moratorium,Bulloch,GA,medium,possible_duplicate,,,not_attempted,no,https://news.google.com/rss/articles/CBMi1gFBVV95cUxNSUFiOVF0WWRpdkI1ZllkNFlxUmF3eU9wemYzd0lwY2NPcmpLUkZ6NU5vQW5DdjNXMEdadGhHY295bXg4RzJDd256NDJleVZJMHhqalNKdW1VNGxWdzdPb0xvM0hzYnZWOTNnbFFCUk55RGl3cnhveEJBbTNEQjNXTU9OVXlkX0RWRDFRX1hSTk1xMHpTZ0tHZTB3NzhqZnQtS2RScTJ6djBBMFZ2eXBqd2RJa3NPQWlUVG82MFNjYnRCSWRxOVZRRk9NYjN0VV9EUEZGZXhn?oc=5
4.5,7e27b1b6fc,headline_only,The Jersey Vindicator,U.S. Rep Frank Pallone backs national moratorium on AI data centers,moratorium,,,none,none_found,,,not_attempted,no,https://news.google.com/rss/articles/CBMiqwFBVV95cUxNUXVvRUhDLW5XQzNKWXhZQzF5WGtpZm53dC1Tbld1OTJ4ajE2cWQzc3pzclhDVUJLUWt2T2VrSjdMNTh4LTd0c25scDd1RWQxX2RlZkd6WlgyYU9vRnRsQmpJNHEwbWp6VEFaM1BieGEycnU2M3ZHcmJUXzZ3M3NEYzdmSmdOZWpmeFk0bGNQQ0VvUGR1Tk1GdGVaWnQwcWpJRFNEY1dSM2RycWM?oc=5
4.5,6a3c5f97d3,headline_only,The Journal Record,Luther adopts data center moratorium after backlash to Beltline proposal,moratorium,,,none,none_found,,,not_attempted,no,https://news.google.com/rss/articles/CBMilwFBVV95cUxPZksxV2l0RU0tRmhHLUVuWmUzQmh3RFV5SzFacnpUMHBxcHQ5dUdaOHlPazBxbzNlWXZQNkdwdEhSZDJHVWozcmpsa0txZG1HRDFwNkFnVWp5WVQ0RUVwMW1vcjZsb1EtWlUxZVdqV1J6aDNkWXdlTWdCTVNuYVIwblRNbms2Y25yYVZxaTl4d3hEcUMwdGJr?oc=5
4.5,1a75d248ca,headline_only,The National Law Review,"Machines Fight Back- Federal Lawsuit Challenges Hill County Data Center Moratorium, Seeks US$100 Million in Takings-Based Claim",moratorium; lawsuit,,,none,none_found,,,not_attempted,no,https://news.google.com/rss/articles/CBMitAFBVV95cUxPRVJpcUFLR0RaZzZZcWRtNVhMdy0tREI2VzRERHFBdHVIdmdSbGI1OUZHMUxjWjRkMTVUOTBoX0laQm9BMEdXdFpRaE1xYzMtVkpoLWJnQkNmc2x6MGZSTjdyWVk3THBJSDdNZ1diSkdUYXdRYnUwdnZLS2cxcjJVYXV4MTBoaE5PWl8wTXdIdEZOSUFKTllBOWZpN1dOelVvUW54OFRXcEd1Rkt0cWhpXzcyX2HSAboBQVVfeXFMTzRON1hZd3FDbk8wMGM1ckc4SEtpLVV6NHZONVJXR1VhNDBrUzJmY0pJdDlsUXZVR0x0TXV1ak1oc2Q5Z21EY1dwX2VvdjR2V1lPVng5Rnh5MUxUNzF2THBQeXdSek5jRGZ4M2Z4X1RKUmg1WHA1c1lobjR3bzRhTjVtMlZmRTlaLWlfNnNyQXE4dHUzQUdMMnpRbS1VOFVYdXlTcEJWQ1ZuVkcydDBic0RuelhLOC1ZUWNB?oc=5
4.5,d49cca1117,headline_only,The Nevada Independent,Reno extends its data center moratorium into 2027. Here's what happens next.,moratorium,,,none,none_found,,,not_attempted,no,https://news.google.com/rss/articles/CBMitAFBVV95cUxORlVPc1ZxbXFWdUduOEdnZ25FODltdXBIR0Z2emQ4UDZmVWlnTXZfYmJsb0IxSFZEY2JLV0R2aDk2RTRtU1J0ZVk1b2phR1pqUGhoeVcxMTRzY1B3b3Joekt1ZllZekFYb2xWNi03SUtxRjhxMnNvM2VQSTlteF8wQ1FfN3Rtc0VhZG5wamd2MGR6bnYySVI0RXV3ZkVIN1FETVhMWDc0X2d3U3lQRFl1V3l1bFY?oc=5
4.5,e30e6cb4ae,headline_only,The Oklahoman,"OKC has amended its data center moratorium. What's changed, what's next",moratorium,,,none,none_found,,,not_attempted,no,https://news.google.com/rss/articles/CBMi0gFBVV95cUxNOXBreURld1d1RFBTQzFtZ3BNZjE2WkNKR1VuQmpYWDVoVm0tUE16VjlzU1VvVk5FNVVYZE9pUkVMSnRzc1hzZ29rM25mU0RUaE40eXZyOWZWZHQ0V05hTHJnQWp6SFhuU1dMVEpHYlJlSGcxcFRxYS1oclJjUG1sbUZfOVdZYnlVUHFLa3FjRmlBMC11OVM2aVlPakIxMnRLMEN5STgweWJPM2tFem1TQ012YUN0Tm1TbDM3S1JQRXBDWjRydXFvQTVfbmVPQmNJVnc?oc=5
4.5,02bf34c3c9,headline_only,This Is Reno,Reno City Council approves data center moratorium through August 2027,moratorium,,,none,none_found,,,not_attempted,no,https://news.google.com/rss/articles/CBMif0FVX3lxTE96T1c2ZWZQdUFTMDFQcEVjbjNod2dRMksydlJ0MGxzWERIdGN1ajVyc3g0Ui1jUDRRTFl0LWhVcDg0X0UyTWxNSUtmUkcydy1lLU9lWHM1X3ppTmJvMjQwUUhCb3NzXzdHMXBkeUVySzJBUi04cUxyRUtTc29GeGM?oc=5
4.5,5925edeea6,headline_only,Times Republican,Council votes down data center moratorium,moratorium,,,none,none_found,,,not_attempted,no,https://news.google.com/rss/articles/CBMioAFBVV95cUxOb1NKWXlVWjJ4TVc2bk16WUdrQnlXOXlpdEVIYm93eEFtOWdHOUhFZkZFbEoyT1R2RmM5WDYzOFZBQ3R4eTZrSFctVUZZbzhPOVJMR1oyMGFuZk5jYnZYVG1zVGtJX1hRek5IVXA0VTFYeVNOSUdWM3lLckM1Xy1wQWNHUUxtbU02YzdHNldkZXFEeVFtU05IZjZMQUItVVNz?oc=5
4.5,3f051e6b5d,headline_only,Utah Public Radio,Box Elder County passes moratorium on future data centers,moratorium,Box Elder,UT,medium,possible_duplicate,,,not_attempted,no,https://news.google.com/rss/articles/CBMiiAFBVV95cUxQVVpsUzEtQWtqUExvSnd4ckpMeEhSc0dWN2hNNXhZSlVSOEVVQ2hxR1lqV0J0ZEVSM1NqYm9OcXJfclAzVTI3RzBvY2s0U1FnQTdRM2I3ckVtSkJnZ3BFZmdlSmFodDhkeEotSkVXeWRhU1UxaktsWnNEWm9oM1dIbUhnd1djM1pn?oc=5
4.5,1bcd7008ba,headline_only,WBRC,"‘Not intended to oppose economic development or technological investment"": Homewood approves 12-month temporary moratorium on data centers",moratorium,,,none,none_found,,,not_attempted,no,https://news.google.com/rss/articles/CBMi9AFBVV95cUxQcFZ2SkdQUXZLSW04ZzVqWExIUm1ULUItR0JjTEFEQjcwTXprek1aNmUzT1gwcUJqMFlUVzRaeWRoTVY1Tm9zVVBVdjl4eWpBZlJ0NUFwaktUNDFlanBMclltQlk0M2l6bmNCZWtVcUVld3o0ay03VVBUbkZVYnJRUUtwdTgzUS1fWDdCYUlHeWRFamYta0NpMWQ4djFKQ2VnMmtOMV9MQlU2bENCeGw4YVJvcGI5V25PbTYxTF9TSjlqcm05REE5SXpVOUNkR29ZSGRPbVZKamVWTkxjU3BIUGxzVnpSR0lwYXBVUHl2NEszMy150gGIAkFVX3lxTE5rYzllWnVhYUM0Y2o3S0pkR3pGQ0tlQ1RNOXFFSkN6a3dlQkU1T0l3UXVFSzRobVpTcW5pbDVqb21HWTB1V19abjd0OGk0ZmZhTW5CTm11UUotbFVOVW15SkdEQm9LZjBQWDk0QUJHT1Mtb0NBZEFpV3BqZ1d6MEZxQXRZYzZMTDNyMEw2T3hWeDZSeVRwVjJ3c29pSGFZQXU1RTJkTVpRUlBUVEZfYi1oSGhQTVZJdmZGS3V1RzlnYXlzM1c0d2tiaTBoZE1qR0oxaE1IYUZyTERMOEh3Ykp6SlZaaklxa2NfeHVZdXBpeDUtSHBwLTJJNlMzX3MzcERtSC05bGU0aw?oc=5
4.5,2614638997,headline_only,WCLU Radio,Cave City approves second reading for data center moratorium,moratorium,,,none,none_found,,,not_attempted,no,https://news.google.com/rss/articles/CBMinwFBVV95cUxQd1R4MWFxVmY3bE5JX2RIZ2MtSnlfaDJzdXpEWktKSjlIeFdJSG8zUkVTc1IySldXS2h3NkpZMURGeWRxWEt5emY2dFp3WlF2aV9lUy1QRjcyOTRHTElLd2xZZXJSbVJINTU4SklnbFJjODNxalEyeVo3OFpnaFJRaEpzczBJd3RzcnRYc2RWMnhrRVR5enliZERybTZyeGc?oc=5
4.5,a5cd1f6757,headline_only,WCLU Radio,Lawsuit challenges Cave City data center moratorium,moratorium; lawsuit,,,none,none_found,,,not_attempted,no,https://news.google.com/rss/articles/CBMikwFBVV95cUxNam82V1BaYWgtR01iSXE3bTBaRDdwTkVmeUtqT1ZhdVg4OEk5Sk9SdXVNN2h6bVJCbWo5NmRBbWlWYWFHVVNJaTdRZGszWDlGclQyRkJabXkwRUdSREpWY1RTWUQzZk9fMDhiWW5aamxkc3BCVzhpNnE1X2lMZFQ3aDZtdkVNeWFGUGFuR05CSi1PVW8?oc=5
4.5,9b9ccdc086,headline_only,WFYI,Data center moratorium advances for Indianapolis,moratorium,,,none,none_found,,,not_attempted,no,https://news.google.com/rss/articles/CBMilAFBVV95cUxPU0ozMVVNak5QWWlabGNTZUd6RTQtVXl1VXdFRml1OU9iU3p6aF9UcU54aFhRV0hyY2E2YkVQem9xMEdkNkVrZzhmTTRGdnFVcktnSjM5VjVHX1FSSF9lcEpzTHlfSmwzdXdTUmdxdEdNdDJDQUI1bjZqUUpKbW1LVlZQS2lEbVY5c21VbzVNd0hhQkU2?oc=5
4.5,8b846bef9a,headline_only,WFYI,Indianapolis council president to ask for data center moratorium,moratorium,,,none,none_found,,,not_attempted,no,https://news.google.com/rss/articles/CBMiqgFBVV95cUxPNUtjRVNKSElJYWRZbV9FNWFKM2VoaVhwSExhZUZkVlNoSGI0dWRja0ZDb19USjd4dzVJWDFhRmg5dlR4TlVibWI5c2dLb1VSS01wTjIzTDVHNjE0X3ZUdlZlU2U1ai1yQk0yNDRqQjVXMXdwMG1BT001OHdGTjBIZDZHZkl3bDFTeHBJQ1BTYTliYTNMUThydW10ZERZMDRtWGQtWUlpZy1UUQ?oc=5
4.5,5b4cd9f4e9,headline_only,WIBC 93.1 FM,"Indy Rejects Data Center Moratorium, Moves Zoning Plan Forward",moratorium; zoning_restriction,,,none,none_found,,,not_attempted,no,https://news.google.com/rss/articles/CBMijwFBVV95cUxObEREcjVpSTdVNXY0aHJTbURtbFZyYlpMVlJ3MXB6QTBTV2V1UDY0RkxJZ20tUG5xc04xeXJ5UFdOY0twa2taTDl6Y2VORXB2Q0NXUkR3OWNiaWpmaGl2WjFoM19QREktYkNGQ3VGZmhCNnJhNmNtaWlkdlROdDM5ZkhEWGJ5MlJxblFwSzlUdw?oc=5
4.5,0a060a3c82,headline_only,WILX,Lansing City Council approves 182-day moratorium on new data centers,moratorium,,,none,none_found,,,not_attempted,no,https://news.google.com/rss/articles/CBMiswFBVV95cUxPTWs0TWowY0NacklXOFl1TmhUSnA5ako2NEM5LUs1YW41NGNzSlczNzlDdWFnRFR3SEtEM2w1OHNxSTdpZzNNQ1lXU1FDLW8zcktIOUlFdnNBVEZFSUdjZkRjRGI2ZzgtQm5DaE02OHFkSTBtT0JfVXhza2hIU09LWFhEakFWY3pBYUpJTW44by1vMEFSVWE5Q3FUTlRBRUdnTFZCZ0pwNGZaZ0Z1dU03NlRyMNIBswFBVV95cUxPTWs0TWowY0NacklXOFl1TmhUSnA5ako2NEM5LUs1YW41NGNzSlczNzlDdWFnRFR3SEtEM2w1OHNxSTdpZzNNQ1lXU1FDLW8zcktIOUlFdnNBVEZFSUdjZkRjRGI2ZzgtQm5DaE02OHFkSTBtT0JfVXhza2hIU09LWFhEakFWY3pBYUpJTW44by1vMEFSVWE5Q3FUTlRBRUdnTFZCZ0pwNGZaZ0Z1dU03NlRyMA?oc=5
4.5,501f5e40b1,headline_only,WILX,Lansing moves toward temporary data center moratorium,moratorium,,,none,none_found,,,not_attempted,no,https://news.google.com/rss/articles/CBMijwFBVV95cUxQVzFHanhXbVBvaEpQWTlZc2dCTDBFUDBuaVpMY3pHaEc0S1d5ME9ra0o1SmhlMFRLWHl2WHVpb1R0Y0RMbDBYNHl3SWVudUdmSXUwSlg4b09NdUd0Tjh1dUNSNjJNM0hxZWtFdGFyTF9pZTBzd1Z5OGVMTm1FNThka2Nld1I4TGg2bHFFWklQTdIBowFBVV95cUxOVG0xeFhUcEprdmg5OUM0dm5OR25RRERNTjZnVTdxT1loM3EzaDdzSWw1SHVDbFhCNTNUSFNlMk5OMGY2MENRcFVhcXJDZnhVUUcwbnNXOFpIZ3lTc1U4WTFEay1NN3ZNeXJ3bHR3MXpCQ2JIcVNLQmdTcHlGRG5MV1lHd0VPSkxKczRUM2UyNmh1TDRZNGRkckJQenpnbXhpVk00?oc=5
4.5,e0cf4d7666,headline_only,WKRN News 2,Metro Council advances temporary data center moratorium amid Nashville Zoo controversy,moratorium,,,none,none_found,,,not_attempted,no,https://news.google.com/rss/articles/CBMiwgFBVV95cUxNa2ZRVUZoZ3FzYlpYWG4xaENZdkUteGNGRjRVM2pnc1dtemwtMDVkcEZHTnFnNEtXc1VmUW9wSW1PcjlUOG9yeUdtaW5mWmc4eGZnTUdnbjVwTjFNWjI4OHhuakJCV21Ra1NWWmoxV2NwRXhDRXhZLVlram95N21MeDlqYmczUmhBaG1NS0VqaTM1ZFdFTzc1VC1TMVM2SW1vSjN4NHFIYVdsdVhfQ1lEU1RIRXF3akh2c2hQRThaamMwQdIBxwFBVV95cUxQUmQ1U2xVX2ctMlN3eGJJQ3NNYUJQdWxyUTlZMFM1XzhIeUs5MVhTWTVQRVFLRlhmM3JiNVZnbU1HXzFHYWFaOHN3UlVZaXFUSEdRNDZvZUN5dll5TG9iSG1acUxEVXplUThUQ2JQcGw2NXZ3WEJEdzZrVTRGZ011SkxWZlNBc0ptQzhaNzRKUldFQXhUUW1KSVNSY2QyLUlvNVZRMkhEeVJYRlkzb3hRaHNOOGRqeFFZOUFiVGo3Q2ROTWV2TUc4?oc=5
4.5,61bce566bd,headline_only,WKRN News 2,Nashville mayor signs moratorium on large-scale data centers,moratorium,,,none,none_found,,,not_attempted,no,https://news.google.com/rss/articles/CBMijAFBVV95cUxNbE14LVBKSnZ2TXdKSFh1X2lXV0FCa3JLMEtnWGlfUDctUHROd09xMk4zOVptWHVlbGJDUlFaUWJMNHo5eDBWWm5xVDBRMWhqdnBpMUtOMzVUTjhzdG1pUzhuakxtVHpEVlFIMGtmOC05ajV0M2Jjc1A2aWJpVDMya05EallCQWNyZ0lac9IBjAFBVV95cUxNbE14LVBKSnZ2TXdKSFh1X2lXV0FCa3JLMEtnWGlfUDctUHROd09xMk4zOVptWHVlbGJDUlFaUWJMNHo5eDBWWm5xVDBRMWhqdnBpMUtOMzVUTjhzdG1pUzhuakxtVHpEVlFIMGtmOC05ajV0M2Jjc1A2aWJpVDMya05EallCQWNyZ0lacw?oc=5
4.5,099967f725,headline_only,WKYT,Lexington community voices opposition to data centers at packed town hall,public_comment,Lexington,SC,medium,none_found,,,not_attempted,no,https://news.google.com/rss/articles/CBMiogFBVV95cUxNcDdEaHlVVTR5NFRxR3JwaFlWZXZTenQxVUM4Y2ptSVdYT0ZJREF3c3k1a3RuODFFbnQ0clhxdUlFam9VX2VrUTVlUDgtZnpOSzdvczRXR2ZxNm54WlF6b3JZZ0xaWnpCRXFrUWdKLWVSMHBfa3FZOHNiS2x0SW5LNWRWbnN1akVRaUc5aVFZWjBmME9SMVZUR1g2TjNjb3ZLR2fSAbYBQVVfeXFMTlp1NlN3UEE0Y0MyeXE1dkNhUTRmY3RxLWRCYXliQms1ZHFQN3RwcXc5X21ndzk0WElvak5EZFhKTjNuZUIxMWI3VGVBZjdGc3NRalZtLTVZRm9fNDUwMVNOWmVWVUJ1bUdKUTBxUFFyTGlpakQzM1lNR1puU1ZlRWV3eEtSbW42RV8wQ1VwZm1ubk5LWkVQWGdMZDdXbU5fTlpjSUVkYVJkZWgtVUhZckktenhTT3c?oc=5
4.5,8ce9cd1dca,headline_only,WMNF 88.5 FM,Lakeland considers data center moratorium,moratorium,,,none,none_found,,,not_attempted,no,https://news.google.com/rss/articles/CBMiY0FVX3lxTFA0cUZndFpmYmFPdTBMZS1UY0JqZHVnZmRESHVoWnpGamNTSjFNZ3BxZWdMQTYxZk5yS3BoM1MxR2xUQUoxbm9PaGltRG5zemlCWG5yNlU5ODVvYmJKLVJ3OE9zRQ?oc=5
4.5,867f6bce7c,headline_only,WPR,Manitowoc County Board approves 18-month data center moratorium,moratorium,Manitowoc,WI,medium,possible_duplicate,,,not_attempted,no,https://news.google.com/rss/articles/CBMikgFBVV95cUxOWUJxRExzNTZRd3FyU19vQVpsNy1DRnBUenZ3bnl2QjZ1ZlJaSTVrY3RTaTB2VTJVdndDdFhrN2w5aHdwZ3dBNVlGWHZ3cTFtRURDc2I0a1dqbzhGM3RsamE3ck5kNHFNUnJKcG95N3V4OXFHMHFmOE9iY291dzBxN2xXX3dJTVVqSmxvZjJnMUtBZw?oc=5
4.5,e8888a15c2,headline_only,WRAL,Durham City Council passes 60-day moratorium on data center development,moratorium,Durham,NC,medium,possible_duplicate,,,not_attempted,no,https://news.google.com/rss/articles/CBMiiAFBVV95cUxOb1pMWFRCS2p5d1VlcklWR2ppZGlaMnVESDF4TnV4Ymw5ckFkZW9ibS1aNlMyeGc3MDNBeU95amx2ZFk2bDlqX3NBbGFHZUZvRWg5UGNocjlRZlRSSTVfclhaN3VialVqbERibEVWZndocmZDM2U2V0tzRzJVNHd6Z0lsUEt0TXo0?oc=5
4.5,89e8664b96,headline_only,WSB-TV,Metro Atlanta city council to vote on data center moratorium,moratorium,,,none,none_found,,,not_attempted,no,https://news.google.com/rss/articles/CBMixgFBVV95cUxQcW5DbUxRYXFtWm1kLUdyeHBtcjJiNFZQNDNqR2hBaUZIa0VYaHEzS1BVZjFmYXZyNmViVG5tVnBwUlhSN09HcE8yRUJLUmpFSEtucWxWNTU5UHlabURSTjBUSTRXd3NtY210ZS1QcFg4dG5za01kcXFicWdSakFwZ3NndHozdlgzQWQ2cTBQcGFsMWM3YmFfMnY3SEkyY2VpSjJJeHFuMHRraG1YSVBMLWxiZWJGYmRuclZlNHJKNEx1OElJekHSAdoBQVVfeXFMUE5IYkI4SWlvVmx4QkkydTZNUDRCUTBhTXNhZ3lfNHJzQ2t1cTJOMWlkdC0xNVlpVW4xak5OaklqR2lwYlozTmtwS1Jub1BaOWdNZm1HOGYzeXFNVWNwSG1BR0hrejFBRDlUUl9jU2NjTzVhUUxMREdDTHBXZFpoZ2t2OXhMbi1OdnZLWUNRbnJVNXpFcEE1QkNuZms3LUpqSllPZnRqMkM5MWkxcjRhQTlGTWpSaEdWUTBOYmRlVFNaMWJFLTJGMWJ1SnZfaXRydWFqbmRzVDRrSVE?oc=5
4.5,f40a9865cd,headline_only,WZTV,'We already have permits': DC Blox doubles down as planning commission backs moratorium,moratorium,,,none,none_found,,,not_attempted,no,https://news.google.com/rss/articles/CBMiswFBVV95cUxQdWw1alk2cFFNZEhJTlNneDczQ1U3X3JkWnFWV2duaWVfbmtjM1V2MWlrNGVlWkZ2dmJ1b0ZJc2RSSHRQYkUta2oxLXUxaWZDYXluRV9vMVp2VE1lV2VaOFdQcWIzSWpuMEc0cm1BSzBTcW9aUWZnQkRjeVd2U1JDM3JvTHE1d1M2UlhyVnhyT2Y4Szl0ZWNGWEZvZHNGVmhueWpiU3lKaU9oM1ZsbklCZnptTQ?oc=5
4.5,bfcc0c801f,headline_only,Washington Examiner,Top House Democrat calls for moratorium on data centers,moratorium,,,none,none_found,,,not_attempted,no,https://news.google.com/rss/articles/CBMi1gFBVV95cUxPRGZQYy1oemlYelRSY2xOWUhJWnBHUWY5dGVSazhKRTRrSHpydDBzbWhyc1M0VWVyOVg1YWRwMWRMWEpWcnJHNGh5dDM4LUMxLTNaVl9uVkR3OWZKb0FBSEdRSGlnVWxlVHl6SUwwV3NubFNOeGkyemprR0RQaG5CLVdKbXpDUk51R0h0T2h6Ny1YemQ1Qmgtak5UUHhaZDFIa2YyYzN5TUpyWW9wOENmaEdGc2pEQ3liWjQ1cXdLbTZfOTVVV0VYRVUzbGIwZTllaUNPQk5n?oc=5
4.5,dd4f20a2ee,headline_only,WyomingNews.com,City Council votes down proposed 12-month data center moratorium,moratorium,,,none,none_found,,,not_attempted,no,https://news.google.com/rss/articles/CBMi7wFBVV95cUxQX1FkTTliVlJaZTVsazRwOU9uRTB0bEpfLVpzTFNuZ293UVNJU0prZFVTZ21JSTItVVNnWmhzbzlLRHhfWTJoWENXZE1mVmdLcWRLa3VGb2lHdThybUdFU014TjVxNHNHUVNtS0swbjM4YUlLMG1aSmlZTW9GSC12UTN4cGs4azlrVzEtMnVVODhOdEw5Y3UyUjhBSTY5Rmx5OHBROF9ES2NIZ0tkckVGSVlRNmJqOWJ1d0hGd0tfWXd2Yl9qVUQ0V2lOeWFHdlo2eFFKQnpOa3UzdlFRcTBuQlhvOHdaOWRRRFFvVmc1MA?oc=5
4.5,fc76f0d4b2,headline_only,YES! Weekly,‘Not enough support’ for data center moratorium,moratorium,,,none,none_found,,,not_attempted,no,https://news.google.com/rss/articles/CBMiygFBVV95cUxOYWJUYWY0azJfQlJBbXFvdnpfMTd1QXlBTDNRWTdKTVZHUjExaDlZUXFmLS1NYk9rN3VuSVFvQzZBMHdxc0RvdjJIZHhiWVF6a0dTaXlNdk9hWEhldk80QlItMWJTZWVQc2U2X3lEV2RCSXc4TERYWHJneUljM2ZGdmwwdEl2YXNmYXQ1elRWN25meVF6TVRrS2JWV0F5aHh6YzFLT0FEeUp6dGFndkx4cnFnN3hRcXJ4ZjJaTmZ3bG5aMnp4dmFfcDdn?oc=5
4.5,d33e8ce4ec,headline_only,hngnews.com,Westport enacts data center moratorium,moratorium,,,none,none_found,,,not_attempted,no,https://news.google.com/rss/articles/CBMi2gFBVV95cUxOMEtsSTlkYkV2dlNINFlHcnAwUTBCb0V5SlU5MTlPbnVsdVRwNTFkcDk4MF9DdWpQQ09DSFIzcUh2YmlQMnBVMFNuUUlMSGd5LXdOSkYtbVAwcDJCNWVVMW9GU0x3T3NLU1pUenNweXh5aGkzZnNjR0s3MnJ0a1plQjM1ZTJ4a1F2WkJoZ2VRWm1HRnRnVC1jRmd3cVFBSU83SnVGT3ZpRWNoZEcyQi1ydnZySkMzOHloTXBjcExBQWt5ZXhJdHBDa3N4WTZaY241WXNfWjF6Q1gtdw?oc=5
4.5,736f71c868,headline_only,kvcrnews.org,Coachella considers moratorium on data centers as community pushes back against proposed tech campus,moratorium,,,none,none_found,,,not_attempted,no,https://news.google.com/rss/articles/CBMi4AFBVV95cUxNZ1RKczlwRXJxa3kxZXgzNFdyamR0d2JleV9SWk9Ob3d4bXdQTkYwNXk2TWZKS0xyWE94VXJ1VEpmRUZtQ0pGTDJPbElVN3NBVTl2Y3hJc09remZRZmd0ZnJzZkw2YmNQUThDSWFRc2Z4SkZMQ2lZWDVOQjc2OUtGV3ljWGNvbTdrOTBIV0dtaGducnd1QllRN25PVWlxMGpraVV6Q0t1NnBPQTBzWmMzekpmRUx1SFpOcWJRSzZtTEJ2U0pweFJTNGUtR0NlWXZhQTNsTjNrdVNFY0J5WWxaOQ?oc=5
4.5,8ad7e01418,headline_only,tribtoday.com,Niles OKs data center moratorium,moratorium,,,none,none_found,,,not_attempted,no,https://news.google.com/rss/articles/CBMiiwFBVV95cUxNajR3bWU2c1dWTTlzdHJHMVFLZ2U5UlF3SklZeW1KTTVWd0ZVaWVRMFdCX0FWbWw4bFZoS1FaUlJmamxyc0FHWXAzMktFZnRyYS1wWFZrbWs1eGZZZ2k2RG1MN3FTMlYxR1BweE40NlhFVXRabGhOX0QwdUo3THhraWt2YkNPNVpuUnlr?oc=5
3.5,e5a20aed55,headline_only,Big Rapids Pioneer,Data Center moratorium bills introduced in Michigan: Here's what they contain,moratorium,,MI,state_only,possible_duplicate,,,not_attempted,no,https://news.google.com/rss/articles/CBMikAFBVV95cUxPdTNUNDhVendVdGNQZGZhcFFTU0l3THM4RVFoMzQ3YWlkZ3U1SHM2NmZoZzMtTXhtTjZUVkFkNnY2WDBDUkFDUVdVcnVfYktTNWJGYjZKSW9HRW9OSkxhamE0TXplT09tVW5hVVJjYUh1cGlDMkxoSFY4REhlSGYzNWp2Zmo5RklfdkZLUExuNVk?oc=5
3.5,145c69886c,headline_only,Michigan Advance,"Michigan lawmakers, local officials and residents renew push for statewide data center moratorium",moratorium,,MI,state_only,possible_duplicate,,,not_attempted,no,https://news.google.com/rss/articles/CBMitwFBVV95cUxObjdaVUF4R2hVSmpnRW4wZFdHalNTbUhIY09BY0N5WndkejNjMTZ4NEVSd3hLNnc1SXFsZUpqb0NxUElQbXNUVmtTNVFFMFQzQXdGWWNNQms2NElEVzlqVHZxdGFfMmZYcDJid2VRS1ppekhmX1VWVjlDUzZuSWRlbnpMbnNXc0NCQ05vZmQydlNVb2diVW5Qend3cHJ5MjhuN0l4MVdNNFFEd3RfZFFmcjVTSlFmMVU?oc=5
3.5,81dad7d843,headline_only,The Detroit News,Bipartisan Michigan rally calls for moratorium on data centers,moratorium,,MI,state_only,possible_duplicate,,,not_attempted,no,https://news.google.com/rss/articles/CBMizwFBVV95cUxPczNweURSS2EyOTAwY0IyZ0pDMXhPbUVBbTdLRkxvYmtiMmUta2U1aXB3TmpLeldLaFF0THI2OEU0VFl4NmJPb0ZRbk1UQ1hZZ0dtTzE2TmRmb0gxVlF6Vkk0andDTktQM1V4d3Q3ai11LVY2Mmd3bGtVd2hnOVNLVkNsLVVvRWRqMW5GeWRyN2xaZ2FIWUphWTRiLWhrNl9BWjFVZzJEOVo0TjlPMzZaS2Vqd1U3RVpBQ2xXanUyZjdHUy0tNTZZRFAyRnJMOGs?oc=5
3.0,f63822f563,headline_only,Al Jazeera,New York imposes landmark one-year ban on large data centres,,New York,NY,high,none_found,,,not_attempted,no,https://news.google.com/rss/articles/CBMipwFBVV95cUxPNmxEZVoxYnpfc05VZ0I4RW9uT1RCRll4dllKTmU0WExsRHV4Qno1SUVub0JOWk1kQnozbHk4QTJWVENxUGhFQzY3QmxvM3hlRVllelI2aS1oS051S1JKMFdFd3N4VlpIdFNtM3diQ25JSXk0VUJxNDQxUXo3bHNHbExoOWl0aEhCZHJTcm9NTTc4Z1JnaGgwbV9qUzdLdGIwYjlQT1YtVdIBrAFBVV95cUxNbGg5VUUwWlpsMXNpUllWUmYxcWpaaV9aN0NqMEZZOEllUVY2bHBZZE95YWViRkR3U3h5XzdxeFUydThNUVRFcEFpV3k0WFVEZmZzejRYQjVabmVydkh5UVFoT0RET3FnbjYxWlprMWNCTFJ4NjNldFV6a19FeHdtLUZyWGFuNEluei1ac0VUZlJKSUwyZUVyellndWFiSlFGRDg5VjhidEVTTTNq?oc=5
3.0,987cf509e8,headline_only,Broadband Breakfast,Zoning Webinar Outlines Overlooked Front in Data Center Permitting Fights,zoning_restriction,,,none,none_found,,,not_attempted,no,https://news.google.com/rss/articles/CBMiqAFBVV95cUxPZC1vNlZOMkpRZ21SV1FsXy1TWjJnRXppbnZETXBpcG9YOXVKWEhKTm5ZSWRUYWRuR284aXExNDdTTm1HMVQxWkRub2xmb3RIM3ZOclVhR0NvS1Q3cjh3anZQN1lLbGZSaGZ2MjdtckZ1ajBkV1JMSVJtX3JmTkNVSmhCZER6Nm54cTN5bUQ0LXpoRFZIZlc4MzFBTWxYWjNuZG8tV0d6SHg?oc=5
3.0,7a0579ed48,headline_only,CBS News,Inver Grove Heights City Council OKs pause on data center development amid litigation threat,lawsuit,,,none,none_found,,,not_attempted,no,https://news.google.com/rss/articles/CBMijgFBVV95cUxQdlB0aXlkcl9vWWNTdUNIN3ZhdEVqVGpyY3BsaEtrYm4zakdta0xJeW5nM2hueUtIbDM5Y0FvMEI1Ui00MHo4NDZ2M3h5R19nSUxyVG0xejAzdlo0bHVKbWdQaWJLd09qZy1WMllZTGJKdWtSN3dob0VyY2xEd2ZqLXJvcERnQXRKa0pFVjVR?oc=5
3.0,6727b1f6cc,headline_only,CNBC,New York becomes first U.S. state to impose AI data center ban,,New York,NY,high,none_found,,,not_attempted,no,https://news.google.com/rss/articles/CBMickFVX3lxTE5ZdkFPcGJJSG5lTU5vVlJibEt2Ri1xUUlkUnhscHVSWmVTQVBpNmtyc21ueHl5d2JRaDVaZ0dwODBvMG82LUNWNkpCb3drbFg4Um8wSUVuNTUzMFpzMUppcmNINEFzQjVybEtuS21ERExmQdIBd0FVX3lxTE5HV1JnQjdEcEpmcUp4WnRoS292bFd2MTRwZ2VIbUtCbGNaZzYwR29mSW5mQkt4aS1JcDk0VC1JazdMQnNLckVXYndlTEU5WmxnRkowR1BmWEJGblFOSXY2U2VuSDdZSE9OWWF5UzJENVc3TW8wRmFj?oc=5
3.0,33406f6d4d,headline_only,CT Insider,More Connecticut towns are banning data centers before they even get proposed,,Towns,GA,high,none_found,,,not_attempted,no,https://news.google.com/rss/articles/CBMipgFBVV95cUxNN0hPUTNvTmxoc1lVQVJwU2lyYm1EcGg3VVFNLUJHX2xveEtfbEhiVlNoWHJRbzdERTBhc01XelBlOFV4STYxYmQzZnRWSGRoNG5Eb3hxQzljMGtFWlVJUnlIV2laUzRlSE1HMFhnLXBtcW4yR3NqU0ZLSWQ2d0tEX2lTZDJwYWtmVDRCeldSY1ZERmw1eW1qblAyamtZUHFTMHlBWlln?oc=5
3.0,26298bd0d2,headline_only,CityView NC,Fayetteville Council Revives Data Center Ordinance Despite Public Pushback,ordinance,,,none,none_found,,,not_attempted,no,https://news.google.com/rss/articles/CBMirwFBVV95cUxPLUlnRmV5UFlNbW9sMDFXZEFUOUE2X0MyMmEyZEl3MkRELXhCcG5HcUJvVDM2ZGp5dFdaOG9kRXlKRHVGWThWS3FJcVFlVU9DSUZIVU54QWdkNlRfcWVoMmYtVVd0MmZYZ0FKRk5wNUR0UmJncDBPOUN1dlB2U0JELXNvTFR4SmtkU0NKaTVKcGc1T0JPVklLUkJfN05pQTdiaTBWVWRwaDd1QkpZSF93?oc=5
3.0,a82f0116eb,headline_only,Florida Politics,Wakulla becomes latest Florida county to restrict data center construction,,Wakulla,FL,high,none_found,,,not_attempted,no,https://news.google.com/rss/articles/CBMiuwFBVV95cUxPMGkyVG1kWExaVVMyMDZOVmE5VlM5VTFweGZXLVNGNEw1Q0xvbThZcVhoLVpaQXdZc1I5TDBPWl9aQ29mckx1Rlp5YkVodzNZUzl6TC1xeURCQTEybjg4QS04OXlScDcyQjVQU3dtZGY3UjEyVVN5enhTQk41Q1o4T29nMmJaei01RTNCUWtLYnZxNlZ1Mkx0bmJVVUpBWWhaMUwxTjRGMGIzbV8yZ3ZBOUxuZXliWGdSMENB?oc=5
3.0,e530ced432,headline_only,Inside Climate News,Echoes of the Past in Pennsylvania Coal Towns’ Fight Against Data Centers,,Towns,GA,high,none_found,,,not_attempted,no,https://news.google.com/rss/articles/CBMilAFBVV95cUxOT3UzMFpCNWVmYWRyWERXMURfUU11cG8yZ3hRaDQ2MDF3TGZURktxaXRQSm5QZk9LOXpyR1JaaElRdHQyb19BWkNiNFZjMTVNUkRrV0pzRjRRVXlXRHk3eUtzeklOYndZYVhTOUFySE5hV1NsT3RCemJVaXVpbVZXejRDMzkzX3hCcEQ4OUtyckRQOWlq?oc=5
3.0,4b08e4e92a,headline_only,Inside Climate News,New York Becomes First State in the Nation to Pause New Hyperscale Data Centers,,New York,NY,high,none_found,,,not_attempted,no,https://news.google.com/rss/articles/CBMiigFBVV95cUxQQ3ZmTlhpd3dPdk9QYlhXLTg4QWZ5NEpPZkFoeUZJeG1xM0J4OUd4Q1FYZHFkcnhNcU5FR0d4ZWlySTdzMXlyalEycDF0LU43LUNubTBpVEo2eDJ3Wk9xdDR5cXlIakIySUgtVThfODBrSVR2eU9nbHR4M2ppaWN6UnA1RF9UQzQ3RFE?oc=5
3.0,08054d4d1f,headline_only,KERA News,"Hood County Al data center town hall draws bipartisan concerns over water, noise and local control",public_comment,,,none,none_found,,,not_attempted,no,https://news.google.com/rss/articles/CBMi5wFBVV95cUxQbllSUTBzbWZOZDZNRFVsMHoxWkFINVg5ZDk2MU9udjdBTXhzY0s4UWJiYVhJWDlma04xWUhhb1RIQ1g5bjNGeDcwNU1zRTNucmxsRlQ1ZG9XOHNHZG9JSEFoYnpucG5aRTB4V0dGRHJ3ZVUwNl84NjQ3dDFXUF81M1N5WjdiaTV1VFJveEsydXZBVEJwOFB4QUNBeEd0OUtFaHBhWDRmX29YcFpHQ2JLaHVqQm5UcXlZYi1IalhScU1EZGV2eGp0RzNkai1hdi1fOGMxdnZjcFN2WGM2YVp2LWRsaHotV0U?oc=5
3.0,08a21c47ad,headline_only,KOSU,Luther joins growing list of Oklahoma communities with data center moratoriums,,Oklahoma,OK,high,none_found,,,not_attempted,no,https://news.google.com/rss/articles/CBMiX0FVX3lxTFBURFREd2JiWjNmbFlwckJfeHR4X3dnVmRDcVFoc3pLX3FlcGNXRF9NY2tjT2llT01GTzYyUExld2wwcFA4UmNyOVV2M016V3Qtc2pSNXplNlRsOWEwc19F?oc=5
3.0,54ed4a3573,headline_only,KSHB 41 Kansas City,"Small Kansas towns pushing back against data centers, a growing trend nationwide",,Towns,GA,high,none_found,,,not_attempted,no,https://news.google.com/rss/articles/CBMitwFBVV95cUxPeWNGa2tYUnlZVnZKX0ZnelluTnZRa2tDWU5SSmRtU0VnNXU3bkE2M080MmcxZ01xQTdVUkdINTVxMXNIajVzeEpaWUd2dk9JUDNSd1lyR29ndC16VE10RWlueGZDbzYwWmowZThhNTFYSlZwZTdMRGpYd2xhMVRkcjZLem5ZZTVZSkFLUGlyS3JaUm9PWUM2MkhvMHhUc3ZuTlBtek5DTU9UY24zbkRjMDIwZi00UUE?oc=5
3.0,68acda5bfe,headline_only,MinnPost,"Where legislatures lag, local officials are stopping data centers altogether",legislation,,,none,none_found,,,not_attempted,no,https://news.google.com/rss/articles/CBMixgFBVV95cUxQdXdkdUhFMXFCSVNDVjRLUnVGa1h6ZFk4WmR1cUZudEhpY1BseFcyejMtcERpQnB6XzlFdXVucEJnVVJPMDJaM2k4UkUxeEppc1pITGlHcjdmZm5UdWFHUkRmeW5yNFFuUDV4VXdmbm5QNEV6YndCNFktVnNnT1h5S3M4QXlXYkU4dWtYY3c1T09JbjBhTDlBNmpwbExSSVdTOGJLa0ZzbkpHdEtrMjFmd2RRWHdCanBNaDcwSGZ6aXpGYS1kQVE?oc=5
3.0,c8988693f7,headline_only,NY State of Politics,Proposal calls for three-year mora­torium on con­struction of data centers in New York,,New York,NY,high,none_found,,,not_attempted,no,https://news.google.com/rss/articles/CBMipAFBVV95cUxQN2hfeUNZQWdQUzJxTG9oWWJWdHBFQk0tLXpadEhiczJlR0d2VHh3SXFoNUhiU1FTWGhHXzZCWVI4a2RObUphdzh5dTRUWmR4ZFZ3S0g5aG1IMXhaY29SRW1OQWEyal9jLXM3VDhjVVNyeWhLanh5bkMwNzk4T3N3TDJGZG45bUdxNndGOExtUkJEQmw3Z1BTNnhQYzhWTXhFejBCOQ?oc=5
3.0,53e84211a4,headline_only,Tech Times,New York Bans AI Data Center Construction in Nation’s First Statewide Freeze,,New York,NY,high,none_found,,,not_attempted,no,https://news.google.com/rss/articles/CBMixgFBVV95cUxOSHQ4cDZPb3ptWkVTZDRSdzAxNXNLTlI3ZmwxNmxsUkZqc08wM2NxZ2ZOcVRJMHJpdzd0WHVFU1lxTVVKa05pZjY3eV9TRm5PWjRDdUx4cS1XNDBpOWRPQ2dZUlJQZlNmYkVMN0NaRjNjMzJBY3hHWDNvMTZ1SEZCTkhrMlU3SDl1ZXJBZDVqb1BUTXhMeEN6ZDY0b0IzdE5xSFBiWERlWG12N2ZXX29wT05WYjZlUXVnLUpwU3dYVVZHa3Ixa2c?oc=5
3.0,517062a238,headline_only,The Guardian,‘We should not have to sacrifice’: New York could become first state to temporarily ban large datacenters,,New York,NY,high,none_found,,,not_attempted,no,https://news.google.com/rss/articles/CBMiiAFBVV95cUxPQy0yNlpPSDZ3R2RQRVJjV2NUNm1hczVOaG5JRmZaNjZhWE9vTHNKR0Z2ZC1SVlhVM0xMdmFUUU5USzlJQTBfZ1N0Mm1NcXF0UGFUdU1kNTRYOTdlOXIyQVA4UVVHZWo0NmQ4Y1VNVHo1UFNGNGpuWXJzNEJXSFp2dDBtSE5MVUJm?oc=5
3.0,343d6c106e,headline_only,The National Law Review,"Facing a Federal Lawsuit, Hill County Repeals Blanket Pause on Data Center Construction, Adopting New Approval Procedures Instead",lawsuit,,,none,none_found,,,not_attempted,no,https://news.google.com/rss/articles/CBMiugFBVV95cUxON0x5MGtRZnlVanBLREJ5cnQwTktUQ08tQVFwZy1aaDZKXzZCZ0E3cUpVaW8tMTIybUtIZzg0T3dTS2wyNDcwbVo1Q2pBMWhlcW9hS0E4RVFiOGt5X3NTM3lUMHN0UzBaZDgxUXBDWDlVNEV3Y3ZSU2lIYlNEaVpRcWdpcndGN213cldIaERTdFpUR3V6RmFOQ1ZiOVhXNS1MUFozc3VQYm9DbVRiYkFOdVlRS3NsU1pZNWfSAboBQVVfeXFMTjdMeTBrUWZ5VWpwS0RCeXJ0ME5LVENPLUFRcGctWmg2Sl82QmdBN3FKVWlvLTEyMm1LSGc4NE93U0tsMjQ3MG1aNUNqQTFoZXFvYUtBOEVRYjhreV9zUzN5VDBzdFMwWmQ4MVFwQ1g5VTRFd2N2UlNpSGJTRGlaUXFnaXJ3Rjdtd3JXSGhEU3RaVEd1ekZhTkNWYjlYVzUtTFBaM3N1UGJvQ21UYmJBTnVZUUtzbFNaWTVn?oc=5
3.0,b34a24c1c6,headline_only,The National Law Review,People vs. Machines II: New York's Statewide Data Center Pause Signals a New Phase of Project Risk as Public Opposition Expands Nationally,,New York,NY,high,none_found,,,not_attempted,no,https://news.google.com/rss/articles/CBMirwFBVV95cUxQamh6WDNmcks5NHlfbzNzaF9iSzZlMzhJRTBrekhTWmVObDdwOHdkUTRQSF9fRFFMLWVqTjlEZ01QcnRFMkZOeFBWMC1Eei1ncWVSYnpDOUZIZ0FVdFpwQWQzM2VTMXp5UExpYWMtV3AwbEdTX3hHc3ZNbUoxLVJ6LWlZVWRFN2R2d3JTd2JXMklQeUZzQ09jLUFkdTFDbDZTcEtRNERaMWI3S0NZZzA00gG0AUFVX3lxTFA0RnVNY3hVYWFIV1VCM2FXUm91b09hTG1fNUtrMFRua011bjNDOGhlSjZiSXNIMjJtVmpFemtmQ0Q4VkdnRlRaT0Q1NVgyeDBiNWhjWWNOZGlKcDJMWEI2aU9tZ09kbDdHZmNvVGk5VjRmaU9sNFNVZDAxbm9ub2tneVEzbThYcENfckNUQ1VIQVM0OHVCVndfN0RzMUNmTnA4M0w3TXdqOGk0a3F2SGVKbGx3NQ?oc=5
3.0,a70f1388ea,headline_only,The Washington Post,Opinion | America needs more data centers. New York wants fewer.,,New York,NY,high,none_found,,,not_attempted,no,https://news.google.com/rss/articles/CBMiuwFBVV95cUxNcUJpS3NGNlpoMnQ0cmttOWlCcnNBSS1jMTVUTGw4RzJDcExwbzk1R2NoYjRsS3ZXYzQwNjdRM1ZKUTNlekhCN01zZURJUkdTX0pQaG9ENWxwM2RYX1RRSTJsVU55UGJYZVRmaVd0TDFTejlxS1RvZ3NkOVFOVkRuLVVmenRnNlVfTENKT3k3U3QtWlhrODJmMWlUUTUtVVFfWGZlVHg1ZDZnVnZuYXBuZlBHYkJJalRrdGln?oc=5
3.0,bd1b3f266f,headline_only,Times Union,Where proposed AI data centers could be built in New York,,New York,NY,high,none_found,,,not_attempted,no,https://news.google.com/rss/articles/CBMimwFBVV95cUxPUWpiZEZPOW40d3BPSC1qbDJwMjNNa2RFVFltRkZxSlF6bUdvTE9NUEF0LVgzLTdSTWNDd3gyc2lXaDhmRHAxWkY5TzBqN3lONy1OclpxRGVYLV81YzNQZ2xfZ3JsVTVyYVdzblhVYkh5MnJtM3RkSmRkSGxxeUxyVWR4UkpHTDFwaU1oUzZXMm03QWdHeW9aQXFKTQ?oc=5
3.0,735661e8c4,headline_only,USA Today,New York just showed the country how to stop data centers | Opinion,,New York,NY,high,none_found,,,not_attempted,no,https://news.google.com/rss/articles/CBMitAFBVV95cUxQN2x5RUlsNjg3MjNPb3N4QzUyV0o2cHFUdGJJblZZaVE1bE9XMTM3WkdILTl2RnRjenRiUTJXQy1NTFFpU2RPSVJ3Vk1qS3Z0RlVPSWhMeFNqTWg1QXh3eko2dnN6Tm1ON0RBbUdWd3ZJcVU2T3hubTYtUkFQeV81WVFmZ3VHaUdOVVhVMlpma1lNRGptcEI3a21uY0hxczJ2Rmk1VHRjVGlBZW9sdHk4SERCNUo?oc=5
3.0,4617ad05ac,headline_only,WFYI,Nearly a third of Indiana counties have moved to restrict data centers,,Indiana,PA,high,none_found,,,not_attempted,no,https://news.google.com/rss/articles/CBMilwFBVV95cUxPMWVaRlMtb2d1WW5VM0EybWdlWDktZzgxZzJQZnNlWWNUOGI3TmdONzV5R2E4UEpZcEcydEtQMDNCOFJNd1U3MlVma2VjaHQ3ZWdUZlNVV3J3VmlZWmZsSGRXbllMZ2NONDJfekphWl83d0RaaTNFUUktd2ZVamd6SWU3YTFVbDJPazNCWFNCcXlsQXFtVmZZ?oc=5
3.0,3ccc8443d6,headline_only,WMUR,Both major candidates for New Hampshire governor share opposition to data centers,,Major,OK,high,none_found,,,not_attempted,no,https://news.google.com/rss/articles/CBMikgFBVV95cUxOSDdsRHJJTmVacE0wYy1mNnF0b3RJZVhRQ2JQY2RaLXBPbVl1Q0Y2NHY3MUdhWExUZjd0VXFPNzNjNm5pQmtVc192dlV3ZEpZVEIxcERqUUdnZFh4M1F3NDhCM0xMYjZGTVFUZ3NSYm1WcjJyTmcxR2RfNjVxT0dvc05NUU1memdjQ2I4eE9GdDAzZw?oc=5
3.0,c742a5bb00,headline_only,Washington Examiner,New York on track to pass yearlong data center ban despite Hochul opposition,,New York,NY,high,none_found,,,not_attempted,no,https://news.google.com/rss/articles/CBMi4gFBVV95cUxOMEI5NlFabFkxVTB1ODdQT1Uwazl4MzVkaG1iRC1aNnUzNHVSOUZjamlvb1ptYU10TFJQYzF1NUk0WnBCZXZRYUxVNXFBZmlmMUdoMlZCZ05wLURaelhwc3hzRlB1LWlmbDlUREY4UUVURllSclJudmJtMGhkSXFPZFBOb0ZPVzFueFNnVXNucWZvQm9ySVFuNlktUU1mYndQRExpZWVYSHFUbzY3Nm91elNVcW11VGtYSmR0aWJJUGRHZEEzSkgxanRCT2gwVmVpb0ZMclFRdkZSeWNtc1dISHNB?oc=5
3.0,aba8d5e3c4,headline_only,capacityglobal.com,New York just changed the rules for every data centre on earth,,Centre,PA,high,none_found,,,not_attempted,no,https://news.google.com/rss/articles/CBMimAFBVV95cUxPMFRXLUFhdzl1Ql9lYWY2ellxNUlzOUxpSzJHR09PVF9Sa3Fna1Z6SGVsZ1ByWkowcFlsRUFkdEdEVHI5VUVPb190YW9wRVZDYm55Uk90bWlta3BqWl9aUWY4MUs4X01nR3dQMGJFRnZiNXFBdDhzRnhoSWw4VFhjX0ZUVmpfUGNSTjhvSDZYRUNfOHhyNlJuUw?oc=5
1.5,20c4af21a9,headline_only,Broadband Breakfast,"Data Center Pushback Hit Record Levels in Early 2026, Report Says",,Early,GA,medium,none_found,,,not_attempted,no,https://news.google.com/rss/articles/CBMinAFBVV95cUxOcEN4SWY4VHFicGJnWkpHdFlaMnlJenFjak9TVUlKWDlPVzUzNG9WWWNIZ01obUhCMVJyVHhRaERIZDRLbTNIMWVCYmUzQVg2Uk83NU9DV19PcE44aVczRXdCcjlzQ1FxN1FBTlZocFM1NHh4NzRFQmt1WDZPVDFYUDlYU3NoM1RCaFVta2FkMkt0dTBmWWVWc3B4elk?oc=5
1.5,5a59ac175f,headline_only,City & State Pennsylvania,Power plays: The battle over data centers in PA,,Power,ID,medium,none_found,,,not_attempted,no,https://news.google.com/rss/articles/CBMimAFBVV95cUxNeU5xdUdLR0l0RXIzQ0I5NjFOcXZEcjlxT0lLbDNDRHhLODhuNjE0clhTbUNfTUU0LUlUTE9mcFQ0QnZXNXJmZ1NWYk1JSUh4QlVQS0hBV1hhUTY2WjBVQmNLMTJpdTloQVM4RmdxX0FHYVVJeEthMnhmbXlNWklCVmVMUFdVV1gzdXlVU0k4OFB5VmUwX053Mw?oc=5
1.5,085bdba4f4,headline_only,Cowboy State Daily,"Laramie Has No Data Center Plans, But That Doesn’t Stop Locals From Opposing Them",,Laramie,WY,medium,none_found,,,not_attempted,no,https://news.google.com/rss/articles/CBMivAFBVV95cUxPLVdpcDRNS1pNMDhZZXhyOGFzWXpnZjdWZUVsTXB2c3JtRU1UeXYxZjVfTm1wT1E2NGlUWjNVeXFSU2JFWEowWm5ocWxzeTlNeXM0Nzh4Sm9SSC1aNElsOGpoVV9RVWpwZzJqbktlVGpuV1NIa2lsZFN5MXo3VGNja3p4OU1EVVFTVTZnZ0xUZ19YUUViMk5WT2s2X2Y0VkJZaExoOGNaX0dmbDREWlJCQ3EtNC1lVzY4X0IzRQ?oc=5
1.5,c246552b01,headline_only,Georgia Public Broadcasting,"Group gathers in downtown Columbus to rally against data centers, lack of transparency",,Columbus,NC,medium,none_found,,,not_attempted,no,https://news.google.com/rss/articles/CBMiugFBVV95cUxPMXZGX3NrU0U4dTFkOUJ4M0FiVWE0eGtISjd1OTkzWXBwTVlkWkk0LTZsd1R6R2FUSlVMQU96N1ZIUmVxRDJqRVFWMHpUTE93SDJZTTFJcm9mdVZIZjZoRlJDM2x0RDF0NFJ6MkZoVEtsWE16RG1CdHo3M3NVckhMa1QzUjdFQUhyUTFzRFlfS3M2N0JaRzBfRE8tZWZ6VS1UZWdZOG1CYW51QThrSWdpMTQ0ZDhUVDhMYkE?oc=5
1.5,d5631eaace,headline_only,Kansas City Star,"After massive data center upends city politics, Independence considers a ban",,Independence,AR,medium,none_found,,,not_attempted,no,https://news.google.com/rss/articles/CBMif0FVX3lxTE4zRXg3b08yUEdndTdSWHBUenNoVTh0RG9KNW9teFRMWGlaQngtTGZTNTFVa1RDZ0JlNVdTallBN2NidXFQcGlOd2ZqV2RRUkN1N210R29JY3pydzJvbmk0NVoyMmM4QWE0RTZNMTdmVmQwa01sal9HSzRmTjZtYWPSAX9BVV95cUxNYXc5amM4cnZmVDMyWkkza3JIcUJIS3lRNEh2aFhBSVNhaGZVcDNib3dZaHQ5dS1zR2hqcVBNVlV3Tnc0a0tydlVtamwzcHdTZFNzYXFGR05oWkZuZTZsT1ZUY2QtTTJOZTBuQ3JmZ1ZRSmpvRE1YcHJTcDZoZjUw?oc=5
1.5,cb9491a6a8,headline_only,Missoula Current,Missoula-area groups organizing to oppose data center,,Missoula,MT,medium,none_found,,,not_attempted,no,https://news.google.com/rss/articles/CBMiZ0FVX3lxTE5RQTY0SmFIMjZlY3Y0MEp0MXFHUTZndXk1cHdBT052djdxV292MU8zQ1Nfb1lnY0Y3Y2xtS1I2R0tBbXFlNWdPZ3JMaGRQS2lhU2lSU0xUYmtJWUZFcTNHNjlfeE9Fbm8?oc=5
1.5,f605d65e74,headline_only,NJ.com,These 4 N.J. towns are joining the rebellion against AI data centers,,Towns,GA,medium,none_found,,,not_attempted,no,https://news.google.com/rss/articles/CBMipgFBVV95cUxPRTREbEdLUXF0a0M4dnYtMVZkR045QUpiUDdEWENEdXRmWXV6eEFBdk45ZHVrblhZbV9KeWt4dGs5dTNaNFlZbzRqcUVXYU4xTnFfM1dKdjB1YksyNlp4MGgtZUNiNXZ4aHRLZFV6UHhjQ0lIUUdYdnZMMzNyYnVZX0xpVVJOWXg5V1hGRUJFaG41N2RIem5fbmdZQUxiMGJyd3hyU3Rn0gG6AUFVX3lxTE1tSllBRnhVUDJkZmRteTFSRXNZLVg0akF5akd4WlE4Y3JoRFhpVFNBUUJYbzBNa2owdDVVS3RaWVpvT011RmFacHhZRGd0d3A5bDZGUkJnWDEtZmJ4OGRyTXFwZTVZbWhORG1BMU9pRzNSM2RtS0tmQ2FrREttclpOVmxUOWtLdVc1a01KaW9JMzVDalJrTjE4X2w5R0diMDhkOHpHS1lHZUxLS0JfZ29hLW5UYkFxMFhaZw?oc=5
1.5,a79d32eb73,headline_only,Rockefeller Institute of Government,Updates on the Cloud: More Moratoriums on Data Centers,,Cloud,KS,medium,none_found,,,not_attempted,no,https://news.google.com/rss/articles/CBMijAFBVV95cUxOcTk3RVJrZEpMTTZLbENSQndsR0VCdEVlTnE5VEo4UHR0dDEwMzlfSG5MQW5oZEhVSXlTaGZMZWZBcXNkVDdpUmZjNk9mVDRGUGd4c1B3ZUZfdm9QYzl0MmQ0LTJKd2xOYlMzNU55MlJ4Q3lOVktkQnpNcHY3T0ZxeU9EUkxuQTBsUnNCMQ?oc=5
1.5,1c16d119a3,headline_only,The Economist,America’s data-centre backlash puts the AI boom at risk,,Centre,PA,medium,none_found,,,not_attempted,no,https://news.google.com/rss/articles/CBMiogFBVV95cUxNMDgyUmM3WW5PYzgzNXVLck5ReTZoZlhITEdkNDZaaFp1QXFpN2N2MmxsUlRuZEZRbGVkSmNxcmt2clNCZnZ0ZUFuRy16dzJXVzdxZUVIem1rWHVpOExWaTBhQWNZZHpmZ05jLTRzR2V5VmQzaUh6R0E0ejRBOXJhYThmYUlBSm5tS3IxUC0wSUhYVVBjMVlXUlJab01vTVVoMFE?oc=5
1.5,ead8dffec4,headline_only,The Mercury News,Pittsburg residents voice opposition to approved data center,,Pittsburg,OK,medium,none_found,,,not_attempted,no,https://news.google.com/rss/articles/CBMiogFBVV95cUxNUGxvYWtGdXNJYzFsRXJ5eW9DcngyVURLZ052S1V6eE5US3NrNk9tRl9EQ3VKVkl0TGdfbVBMS28yUTFLUG9KRE5KallMRkNLSkhaQkd2WkRDVGZOM3ltZTRXZGlDSm5KbXBLZW1SQ05MQ2hnQV85WEpYWGFMeVdOTnhPQ001eHZYYmNpLWhka3A1dGoteXBGZC1TSEEzZkEyekHSAacBQVVfeXFMT0RkclY0c0wtRmVYdk5qUlo3MWhhSDJhY0pQZFJidTBHdWRHQWVGT0lfdDg0bE1VdkhmVTB4TnN3VnZ2Y0ZnRGZjbXF6dW85ZHBSdk5PeEhrTGtYY2FXdk94QmlGeDVuNVMtVDI4NnQ5MkoyTjdDRGhNUkpGb1VKblE1WGtCbnJaNExYVjdIbXVSeVRfemY5dVhIcEtrWXJfLWZwNTVJQUU?oc=5
1.5,b88a60dca0,headline_only,Time Magazine,The Growing Political Power of Anti-Data Center Activists,,Power,ID,medium,none_found,,,not_attempted,no,https://news.google.com/rss/articles/CBMiekFVX3lxTE1mMGlIOExWajBNbXJzQ0hJb1RVRjJ1Wktsd3VEdHdxNFpYTHpONGV1Y01BS1NtcXlGMFNBQm5rWWdlbmdoSDNIY3dKT1VYN2pVMTFGY1MtMWUtSU1kM3V0QTYyTmt5M1pIbTJhT05jTFY0RXNEdXFUSDF3?oc=5
1.5,918700725f,headline_only,Union-Bulletin,Anti-data center group forms to oppose Amazon development in Walla Walla County,,Walla Walla,WA,medium,none_found,,,not_attempted,no,https://news.google.com/rss/articles/CBMikAJBVV95cUxPZkR4UEYwX3lEZV80bHBmV25KWGU3R2s4Q2VjTXk4N2ZycjJuRktVdUsxbnlsWUpkTThGemVFVUZKeHBIODJsblpsZmhvMWZYUFp3bzdqYjJOa2E4c2w4U0k5MjNSa080WGY1VTJ0UUpFOWczbVpyYlFWTl9wQWtRZ2t0aWJPMFJ2S3BIdTlVeWVfQTE3eTZJVWFlNWZTNjhoejlQTHBTSEpUd2lDWUF0b25ERVpRc1BwbHhIQ1ZNdGRjamhETnBYRDNDaDFmMW53bTdsSExuMVYyVnhyVzNXTHViZFJtbFAxUXhONWp4Z0t1QUkzNzhSVmo4Wm5RMEFEc29YMjBvUDZrcXdFOE5Ydg?oc=5
1.5,73a9d8482c,headline_only,WPR,"Proposal would prohibit large data centers in Milwaukee, regulate small data centers",,Milwaukee,WI,medium,none_found,,,not_attempted,no,https://news.google.com/rss/articles/CBMirAFBVV95cUxPdkJzUFdISmhtdmF6cXVvZl8yRU93S0UzSHJ0UnBTa1l0ald1WVduODd2ZXQ4R2tXSWNpcm5BemswS1NoZFhiRjhaSmJyMms4cHhNdUg0VlUwalBiZS1DLXplY20wZTByRFZhajU5RmV0OWhqZzBLSDVlR1FFYVlvWm41eWE1MXRld2dYSjl1c3ptVFctaGQ5MXBESXMwMm9pNFRfaGpQS084c1ZL?oc=5
1.5,435550b519,headline_only,WRDW,Augusta puts a hold on data centers — except the one that’s riled up neighbors,,Augusta,VA,medium,none_found,,,not_attempted,no,https://news.google.com/rss/articles/CBMiigFBVV95cUxOajUydkIxcTJuaFNIUG5tOGNLRWF1RHJnQWltRTZhdUlFeHlVUXl4UU1ub1JrbTduazN1eHRjZG5xWDdPS3BEdjRkaGRlWENiZkEyX3hES3VwajJrby1JZks5ME5WZUpvOGp6dGEyOWZ1cFdWbE1JYlp3TUlzT1ZnekR0c1ZsRlpzbXfSAZ4BQVVfeXFMTnRMTUpSbnlHUGZMeWhFQUZyZ0tlZmQyRWRzT3RnU21Ddi16ZjZFR1BuSDVoU2F5Y2tyYnc0cGttVDQ0c2hTZUg5SDBOdHhCQ1l0Wlc1NjNOckhQbHhHOF9abFhJamh6cVJ4ZThYSURGRGROeVBIdXJ4ekR1SE1EbS01emM5X1pJeXg0V2RGRXdZanh2QUZ5d3BOUzg4WWc?oc=5
0.5,6f0db86781,headline_only,Arkansas Advocate,Pulaski County quorum court member to resign amid ongoing data center debate,,Pulaski,,low,none_found,,,not_attempted,no,https://news.google.com/rss/articles/CBMiuAFBVV95cUxPbmFQWDdCOVZvZGE3R1l4eVZmOHVYWURxZHVOYkh3dTU4WFIwc2VDckhCakZDa04yd2QxQUtIUDY3V1ZqZkw1Y0ZUWXpkSHhIWVA3ZlJWbXVMU05MSUxEZDVkclA1UTVnSXNLWTlKLWFacmstb01ubzlfUDZtdDByRFdUTXpHa2ZMWnpUenVSVnBsWnF3Sjc5UzJVSzlZUk13b1ZnQlloaFZHTWZDZGRYX1ZYN2V1cGt5?oc=5
0.5,7221a1f66b,headline_only,Axios,A growing number of North Carolina communities are passing data center moratoriums,,,NC,state_only,none_found,,,not_attempted,no,https://news.google.com/rss/articles/CBMimwFBVV95cUxPaVhXaUEyUzl2SWpvSExYRTNMTGhlNGswcHBiUVctbEhsUFVHbGpOZmY0Nm9aNVQwdkdtTThkeTk1Vm0yc3ZISV9OWS1VNlhKNk5KSTZCWmQ1ZjRBZDRaRFRyVVh2MndIWndDUUdHRzFieWphV3lYdF9ZQXliY1ctU3pqU0NIWEhfYVJ5Zmo4MGZQc0FYT29ZOE1MYw?oc=5
0.5,0ae074408e,headline_only,CBC,No ban against data centre development after Hamilton council votes down bylaw,,Hamilton,,low,none_found,,,not_attempted,no,https://news.google.com/rss/articles/CBMiggFBVV95cUxOam8yV0FPUUlqa2ZXNjhnTkRtR1lRVG12dmtWa1dBVFg2WEZheUFGNHQzZDdfajBDQWxTMXVXcWRvRFNfemlCX1RtQ2RhQjNSeF9tendtcXhucEdseUFLQzFKdUNEWmpYVHNXT0E5cEMtaUJ6VFBfS2lVNmpHZkNodXRR?oc=5
0.5,8f6b899fb0,headline_only,CBS News,"Take a rare look inside the largest data center in Massachusetts. Neighbors call it ""the dungeon.""",,,MA,state_only,none_found,,,not_attempted,no,https://news.google.com/rss/articles/CBMiekFVX3lxTE9lSGZEWjJFQWJ2U3RYTzgteTVCYVZvUHJiZmZleF9fdzRNSXlCd0Fnc3EtejZvVDBtNzBSdlZjOW8zWHNiMGF3b01IZXMxa2VhRGpJRU5PdWx2T2xQc1M5MDV3QWtLbVN4X25oVHBzbDRIOHI1d2FIWHBR?oc=5
0.5,14ae149e4e,headline_only,CalMatters,"This rural, California county approved a massive new data center. Then it changed its mind.",,,CA,state_only,none_found,,,not_attempted,no,https://news.google.com/rss/articles/CBMie0FVX3lxTE1hZmVsLUhrUUlWWlhxUXhUZzRyXzNwcFBycVJkc1M3NWNRUVMwdTNWc2ZJTDJ1eWxuYTlReWpsT3E5b0tYYWhsVEpmQWFGeEc5NUxOVnJObElDbDhENlBaY0hxSGRTQWFpZzZtdzNqRGdHMVBtakdqZGJYUQ?oc=5
0.5,9d4a1101b9,headline_only,Cowboy State Daily,"A Tale Of Two Towns: Cheyenne Pushes Back On Data Centers, Evanston Not So Much",,Cheyenne,,low,none_found,,,not_attempted,no,https://news.google.com/rss/articles/CBMiugFBVV95cUxOOGZsbnRuWS1LRVN2VFJaTVBSNGZYbnlQTENTQXl2b095Z0ViQ1ZpVlV1dXBSblJxWUg5VDljQ2pfVnZWWWVPY001bk1nVTZISTByMlNoU0FaMXJSVkc3dEUzNFdyVVBKQkRacW84RWV1bkdaNWY0ZTREeVpwQm1mZHJPQnhwZ3c0SWVPek4wVWo5T2p4bExjU2gyMFphRkh5SVRkTHEtVmk2Yi1kZFhtNnNmMUxUdEVyeXc?oc=5
0.5,d00ffc450c,headline_only,Crypto Briefing,Greenpeace-backed activist stirs opposition to Texas data center project linked to Bitcoin rival,,Texas,,low,none_found,,,not_attempted,no,https://news.google.com/rss/articles/CBMigAFBVV95cUxPZW5QYkVhOHN2SUREOG1NMV9BZm1zdmdjNnB5UGZ1Y3BkTnpIa1BodGtGY0xva2xsc0RFNFZLd0UzaC16TmluR3BvcjJhYXdRdi01UGUzYlZSZ255ak5RV3g3cnVxQjhmZkdSU25NQjdCSmdwc253MmRBRWVwSVVKNQ?oc=5
0.5,b664acbd97,headline_only,E&E News by POLITICO,"Amid stark opposition, data center developers think twice about Florida",,Stark,,low,none_found,,,not_attempted,no,https://news.google.com/rss/articles/CBMipgFBVV95cUxPd203bm0yZE5PTUpiRjI5UWRzekdTRHNzdHEwZnQ4LUZueTdCcFhwcHoweDFzQmJ5WXp6amNJQkp3cHRaai11bmdIZFhhVF84LUlaWGxNM1h0Rll6MHJtd1NSLXVpZmFpWE5PQ2RlbVZ3b21Wem56QnEwX1o0WlhBU1Q5ejFVaVV6eG9yNUpuMHVkam15WWk4Y0gzLW1aWFJ1cXZiTWRn?oc=5
0.5,2d8b2a2340,headline_only,FOX 26 Houston,East Texas county judge says state law limits options as residents oppose data center,,Texas,,low,none_found,,,not_attempted,no,https://news.google.com/rss/articles/CBMihgFBVV95cUxQZlc5c0N3aV8yaEI2aDd2clNUeHg5RThyb1hhVUR1ZE5IZUsyVW8zTDdrYmdPeDg2bzhBVVU3YnIxSkpDaEhSOG4tTXVNbUxIblJzSm12U0k5NTRBd1VYVzVDZklkd1RyQ0JJV2N5My1EMXhWNHlWdm5MMXJiVHR1OHNpWklHZ9IBiwFBVV95cUxOYVNaZWota2VYRkVFbXlMbnFSSjNyTUVHdXFvTmdCWG5MWVNGcWtDb0dpWG9ZeENISE1NNkpsM2ttUDZtNkduVHczUmFpWDFGTmxoSFc0MHVVUk1la2FIYU9tR3I4bFhmN05HZFAzSnpkV3VlRHNObEhDTHNqQmpzVDZZa19yNFZmVjYw?oc=5
0.5,69ff3b576f,headline_only,FOX5 Vegas,Henderson weighs 180-day pause on new data centers as opposition grows,,Henderson,,low,none_found,,,not_attempted,no,https://news.google.com/rss/articles/CBMiuAFBVV95cUxOa2x4UVdXaUl4bWt1dzFNLUNHUGJ3QTY1QWpOV3NjM0p5TmdGcV9sNnVKWXc5NFhMd1p0ZHFDWHRPamlFbllydWtoTkVnZWVKT2VvYTFMRVdpMkhLZTVXSVBBMmxMN1ZrQXlibmZKd1V2YlFTT1dTT3VLdHkzTGlpcEZQeFJSMllSYnFqQ05oeGpEZ3B3aXFTczVyYlJSUllWSkplVk5tV0VHVzZEWTRlRTRLY0QtZVVa0gG4AUFVX3lxTE5rbHhRV1dpSXhta3V3MU0tQ0dQYndBNjVBak5Xc2MzSnlOZ0ZxX2w2dUpZdzk0WEx3WnRkcUNYdE9qaUVuWXJ1a2hORWdlZUpPZW9hMUxFV2kySEtlNVdJUEEybEw3VmtBeWJuZkp3VXZiUVNPV1NPdUt0eTNMaWlwRlB4UlIyWVJicWpDTmh4akRncHdpcVNzNXJiUlJSWVZKSmVWTm1XRUdXNkRZNGVFNEtjRC1lVVo?oc=5
0.5,567418c27f,headline_only,Food & Water Watch,Hudson Valley Residents Rally Against Massive Data Center Proposal in East Fishkill,,Valley,,low,none_found,,,not_attempted,no,https://news.google.com/rss/articles/CBMiyAFBVV95cUxQZ3NMQWxfWTgxcUUtY0E1MHJFLWstRHpScVBrWFF3ZE9zdkI5c0NoclRkZV9QN2pfZk1uVHA2cTlER2N1QTVwWHNEVTdjSXBhS1h4anlDaUdLazlUcTdONFdQdG8tbXdjSV9SdGV5a21OTmJKQlJET21GVW01eFkwcXhtNVRiYmJNbW1kZ0hhNnFXZGx4amdmX3RLRHpZaWVXS1pHa1RLZHpDOHBQSG13ZXRvM1dqUzBYMjRqd2o2SF9xdEdtWjRSbw?oc=5
0.5,15b6fc493b,headline_only,Food & Water Watch,"Montgomery County, MD Executive Enacts Six-Month Data Center Pause",,Montgomery,,low,none_found,,,not_attempted,no,https://news.google.com/rss/articles/CBMisAFBVV95cUxOR3hWVzV0a3FsbGVXYWhVVC10LUdsLVhIMVpfNWlTTDVSQnlSeU9uaUY5ZklpSGRlWXRidHBnMjZHNTQyaVN5bmpVaDhLRXIza0JnYVdDbVcyQjZwUVFCeDB4N1JJaU14aDdfLWNtdDR5MFU5NnhPcDFtbmF5cWhNOWplNzUyeTVFVmM1UWJ1cTlGNnBpRnczR2hhSGV6dnBSSF95N2FQMmxpOTlXZHA3Yg?oc=5
0.5,6680989d89,headline_only,Inside Climate News,Montana County Seeks Pause on AI Data Centers After Property Owner Withdraws Support,,,MT,state_only,none_found,,,not_attempted,no,https://news.google.com/rss/articles/CBMikgFBVV95cUxPNVJFSzVfOHBzTVVaNGg0VThxYkhTRUF4WVc3VHpDV3dfOUJfWHJPMDNYYjNZbWcySUZvTEplaWVaQUNnT25Cdk9fUklRTjhVeV85X3FfNXNqRjYzeFVkTWgxUVB5c3pMa3BsSUNOWUo3UHlVdGdfZEVBZVNwNHhacmE4ODlvQzJDSjVfVnVHcG5Ydw?oc=5
0.5,e830d7f31a,headline_only,Kentucky Lantern,Some Kentucky counties and cities are hitting pause on data centers,,,KY,state_only,none_found,,,not_attempted,no,https://news.google.com/rss/articles/CBMiqwFBVV95cUxOd2dMeWFBM082UUN2RHV0TkRPQV9CNWdFcDh5Yk91X2RYelE1TzNNY281OHgtYlFIREhud3hEU0R0NHpFamh4a1Jrd3ZZVkpSZ01feXJYOUxUT2d1MXI0dExMSXFiUU02NUFNaXphUkZwR0M0STAwUFlvN1dUVmdTZ2ItZEUtX3hWbnRqQS1mQXctMU9zd0o3MHEyZHRTVXRMY0djSUpXdXo0N00?oc=5
0.5,b66e3ba0b6,headline_only,Louisville Public Media,The fight over data centers was front and center in local Kentucky primary elections,,,KY,state_only,none_found,,,not_attempted,no,https://news.google.com/rss/articles/CBMivAFBVV95cUxQUHAxeTJJSExMX3ctcm5wMzdDamRsdEotdkVrWEEzaXUxYjV0T0dLLVM3TG5nR2Y4NkFqa2dPMGtYc2pMMmVTV2Q3ZGtuWE45UFpMWEotVWlfdm00Z01sSEtIdEg3aGRiak1fb0NhVXdqYjZCVDFQOFl6YV9wYlhobVV4b3JqMkp3U0FSX2ZCNjNjR1dKNDMwNE5HVzBURmpzN2t2Nzd4bXdobjhNc201TWZ1WjdRYjhaRWMwTA?oc=5
0.5,1ff6553f37,headline_only,MLive.com,Michigan lawmakers seek to rein in data center industry with new safeguards,,,MI,state_only,none_found,,,not_attempted,no,https://news.google.com/rss/articles/CBMiuwFBVV95cUxQRVJVYWxDLUtTdFI5emNXcU9xTjNuRGxwaFFjbXJ4Y3ZlWTFiOWtvT19LYXdZejZMallrTDRsSnNSZHllR24zYmlJOWtQcW1GaTdvQTdFSmlpaVpfSnJhYjNfYjNXZ1V5TE8zTE1wUVN6aUJSdkxUNVN2WHUzdEszMnh2NFAwX0otOEJJdVJyVmFVS2lfcTlnRDR2MzdrbWdJcWRqZFFJNURubEdfem9VdU1BTWhyXzBOWFZv?oc=5
0.5,c59cc08eea,headline_only,Mississippi Free Press,‘Nobody Wants This’: Jackson Pumps the Brakes on Data Centers for 6 Months Amid Local Opposition,,Jackson,,low,none_found,,,not_attempted,no,https://news.google.com/rss/articles/CBMiywFBVV95cUxOWG01dlhtdk4tQXB6aFUxc2NLU3VYMTMxMXBtTURTUXF6X2VMeFZ5YUlBUW12X3ZxeDdPUlRyUWs5d1EtbFp6bzhJajMyRW5kdnNjc0FSUFRhWW41WmhkS0tQZkFqSnRsOXlaNXpvZ2hJWGtxMnVtTy1iank0WUVmWm9mNmFaMjFicmxhQ2Y5TUplajF6aXN3dlAzcWtkeWhHZ2d4OG1zdnVlNkVwLWhJZHBtV1ZlaE1rRU43MUVvWG9MX1dWR2Q3UXlPUQ?oc=5
0.5,1d6c6e3a6a,headline_only,Missouri Independent,‘They’re already here’: Regulating data centers stalls in Missouri,,,MO,state_only,none_found,,,not_attempted,no,https://news.google.com/rss/articles/CBMiqgFBVV95cUxPOUI2ZVZtSFJlTTQzellpanZiOWpoZUlBLTdfbVFVUS1hQmJ6N3dTZ0JYTG5SOWpDdW15NUxyOFg0UTVCSjk3Q2RybklkT2xrak1POVprdXlxck4tLVpyTHQ1UzhkRGxCWnFBcHYxOFJIZjhla3RCUlZQUVNwaDlaVGpWbFhLWlpLZUZOVWI1RU1sS3J3RFdiSEJLSngtclhlSUx5VVp3azNvdw?oc=5
0.5,14e9d59f9d,headline_only,Mother Jones,Maine Said No to New Data Centers. Other States Are Racing to Follow.,,,ME,state_only,none_found,,,not_attempted,no,https://news.google.com/rss/articles/CBMinAFBVV95cUxPYkFXUjRxZ1NtN3ZKaEFpS0JJdnIyTFB3S3FPeVNPTzJFSnlnb2o1RFc0X0RUMERyV3hFNkZYSFZLbUlMTVNmWE0wUV90ejhCdkNSaVluVDFGVDA5bUM1R0ZxTjBMNUdmYjY2S2xST09mc2h5bmJZQ29KV0xHQmZ2MGczX3M2MGZ4N3ZsdFpHNEp0ZFZEWGNyWnl1RXU?oc=5
0.5,ee3a0f4a39,headline_only,NBC Boston,The data center boom meets resistance in Maine as lawmakers pass a yearlong freeze,,,ME,state_only,none_found,,,not_attempted,no,https://news.google.com/rss/articles/CBMixwFBVV95cUxOT3dlT0hYemxwajAtUDlxNVRqZmhpeXA4dGhZLXRDU3B5SHl0Z1d4ZWFBeWtfVnhKWWZlbkphX1RLLURPWGpock5WWjkzTmx4azMyN1otWE9LdFpwZzFSbzQtV3dNZmRocmpUcV9xM2d2Uk5nODNpOFpaQ25VUWRVUDJtU1owSjdPLVA2TWNfclhxWlBPaDBwSWlDRHFEVmlnR0x1VnFLQXZJMTVDdjBwZTRaU1dpVEFWNnZBWEdOUm45dTAxRHVr0gHPAUFVX3lxTE9kTXJ6a3dfRnQ5Q3RtNlRtWmEyQjh3VDNRbkVFV0Rkc2dIYUFGb052R2c3NkltV0hoUFgtOWRuaDFEMmxGY0xUUU1TRWpJXy1PalBJQ1lhdV9nSFprZldSalkzZHk0Qm5MTVJBel9Qc1p0VzEzMFhpcW5zblk1Nmh4MTMxbkRvbThQSW9YMWpfQlJzTVlZcXRNaUpwVU1OQ2k4NFdyREhHUzMxZ3FyRk55cGxvUWpLejNCbGkwQWxDVl9tUGRXNWdfbFNGeEhUTQ?oc=5
0.5,8f9d472eaa,headline_only,Nebraska Public Media,Data centers are eyeing Nebraska. Here’s how counties are responding,,,NE,state_only,none_found,,,not_attempted,no,https://news.google.com/rss/articles/CBMivgFBVV95cUxObkRHMGpkR0FTSG9QaEk5Y2hwZGN5MWctZmJPX1g0dUVLUVk5YVktbmRsYkVxRXJIc0NwaXZwb2JUNHNWTmwyNC13VWVXNzlWTllDU2NJOFE2SENUVXhFbGhmY2JYNFFiSF9YQS1yM1B5d3loX0t2VU9yRWl4cDJpd1pNblZaMlE1OTY1cURBUWVjMnNMZ3BoUE1WMXF2REs5QXc1X09LZkNjdEpsZVBEWnUwaW5DSVo5eENDSVZR?oc=5
0.5,d60036b71f,headline_only,New York Post,Albany Democrats poised to impose 1-year ban on new AI data center construction in NY,,Albany,,low,none_found,,,not_attempted,no,https://news.google.com/rss/articles/CBMiwgFBVV95cUxOakwyNVoxOGVGZDJwWW5kTzB5S21TUUdfb2FfRmNPc3oyNGJjTjUtNEx0YUhKd1JsU0NtdG5JRFU4Y28zWkJUMFJoc3RhQWJkYXRLb0ROeWgyamlBNWNuVHFqNHhlV1Nkai1wajIwUU5qMFAtVVZWaVVfUEhteVFqZURjaEJWSDFfU2JMNjU1ZGdUNEFwQm5WQXE2UU4xS1RibHFSU2h3Nk91M01Zb2x2aDMxa2hNZ3lNTXBuV09lRGNJQQ?oc=5
0.5,63be9478ef,headline_only,News-Herald,Perry Village won’t grant tax abatement to data center developer,,Perry,,low,none_found,,,not_attempted,no,https://news.google.com/rss/articles/CBMipgFBVV95cUxQanE4bGNYQUtOSng1Y1FsclNOR29yLUI0WHVoeTNaV1c4S3BDeGJ3LUpxTTN2T0kwTm5kQkI0anFaU2cwdDVISkdlY1dkLTdQWFRsMGhOcjVEdDhsZC1xN09xY01TdldmeXFoZXFNWmVzS1F2Mll2R05sZnRHVmNMczVqR250Skd5UzhyY0phbklFX2ptM1pTSTNtdnF2eXNDNVltSVlB?oc=5
0.5,0dbdde705e,headline_only,Planet Detroit,"Data center news: Altman visits Saline data center, says it’s ‘huge bet’ on AI",,Saline,,low,none_found,,,not_attempted,no,https://news.google.com/rss/articles/CBMif0FVX3lxTE5JYzNwQncyQjltYVZha2xqLTRGXzhvQm41YTFENFRMUTV4QTZ1RUgwMHNTeURUWnJraV9KRk1pQ0hDTWJqX3FUUy1rYjZvQzM3ODJPcWxBRmpyRFhxMmRxWnljc2Q2ZFYtY0dPWnktN29taXB6RExDODdsWlBJSnc?oc=5
0.5,6b1b4db1f5,headline_only,Planet Detroit,Why data centers are key issue in Michigan’s Democratic Senate primary,,,MI,state_only,none_found,,,not_attempted,no,https://news.google.com/rss/articles/CBMie0FVX3lxTE9PNXFlSXVPakdlTUVIT2ozeTlQTXJVa0xGa3p3XzlwM3k3bEZ3WmgyOXV6a3JPalEtNnFsSHdBYUFkd1p0T1JiWDFKLXBTX2FUOU5rN0VtaURwMVdLWUljNkFXQndILTZ5cHpHWHBzZnRMNllBelhxVnc3VQ?oc=5
0.5,36d7888274,headline_only,Press & Sun-Bulletin,"From Finger Lakes to Buffalo, communities push back against data centers",,Buffalo,,low,none_found,,,not_attempted,no,https://news.google.com/rss/articles/CBMi1AFBVV95cUxONWt4UVpNcjA3eHlDNDd3SklJZjUxaHU2NmNRRkRWaFg2aDA2UWdUUFk3SFd6V0tEb051OVFYaUZ1a0ZxMWYwTmZleVE2QkdPZnFNWDNJUXY5SkF1TXNuaVJIMUszU1UtR2QwSmlFcU9UcnF5UzJxdFozY0FrdTRFdUdxUGVoY2w0aG9LU1djSmpMaWV6bFBHaDJ0MHRBcW5Qd0N0ZkExMWxqUmJqSWlGVVB6SzE1YUlYRnBxUFBidjNhbG45eW40RnI1a1pTbFlDM0RYNA?oc=5
0.5,e43755fbc2,headline_only,Tallahassee Democrat,AI boom meets backlash in Florida over water and energy use,,,FL,state_only,none_found,,,not_attempted,no,https://news.google.com/rss/articles/CBMi2gFBVV95cUxNZFp4Uml4azA4VTNHUUJabjZOVWhNNHh6NnFZRFhjYU1kZV9Xa2pYc1FWUFkzbGM4WnR4c0ZJXy1NS2FyZ01KOXdRbUl5dWJWR2Z1N3BTb0NpTzhHSUF3RXI1WFh4dEIxN0NSV1pnTy1JT2MtUEk3a1BBbkhOR1hVVkl2RllnVVk3eW1iSEpLZ2pqOTNOangtVHJhanhhV1RnSFFoVGtFZ201TVdORnBIWUllSlZkR1pndThhMlBsX1l5cG41YTNudXUtZDVrcHNXWVQxaGlYZjFMQQ?oc=5
0.5,a9360dc1e6,headline_only,The Center Square,Tennessee cities considering data center moratoriums,,,TN,state_only,none_found,,,not_attempted,no,https://news.google.com/rss/articles/CBMilgFBVV95cUxPTUdlSDdCQ2loSjY3N1QzY09aX093bmlzTDN0czN2NnB4WDRJQUlINzVsOHFsbXh2b0hzNEx6aGxwYUI3ak9pMWhSOG83cU1xVlhqdkowb0ZqSno0VVZsMTVFQXRWNEY1cXEwemJaWlMzZmdZbG1GTTdfUVJheGpMMUV0QThMa04wb2o1WjVQaFZEUFZQRXfSAZsBQVVfeXFMT3RKdHR0M3dQa2VKc21NYm5Jc0RXbXNuMVBxNnhqX1pWVWllWVZ1QzM4cnJxYS1ZcWQzTnp2U053M0w4TFdrd1BNeU9xazUxaHJqdTZaRHFWb1pTZk1RSEJrcnpJeEdhNHhNSzVkdzJTWGI4Qmd5ZTRtQ0RQVjRZTFhVVUNRaUJVMEJTU2dYajMyb2JDZlo4SXNTVlU?oc=5
0.5,9752812cab,headline_only,The Courier-Journal,Kentucky congressman holds powerful role in data center debate,,,KY,state_only,none_found,,,not_attempted,no,https://news.google.com/rss/articles/CBMitgFBVV95cUxNeTYwa1VGbm9uak1aRHFpVUx3Ujlud0pUNi1xdlNmWDllenIxOXYxNzJpUEYtWEVmaGlVYUNPZVMyekZEY20zTVhSb2xDY1J1cWZiM1ZOMmdrQ1V5bFExSHJPRDFoMjRTYW96LXM4cFpUUk9YdWk5MUE2bzZOUXN5ZkIwSXhqWEtUdjlpcWY1N0pURW94QUxTZHRiMlA3YnNNLWU0Z1Q1djQ4UkFHZEtfc09Vaml1dw?oc=5
0.5,8afdf7c74b,headline_only,The Detroit News,Company won't pursue project at Washington Twp. site amid data center opposition,,Washington,,low,none_found,,,not_attempted,no,https://news.google.com/rss/articles/CBMi-gFBVV95cUxPYVVEcERQWHdHeHZmRGlqaDR0YmcwbjZhMGRIZDJFdzM4QUx0R1k4N2oxcWowMDhHaVJaSnFyQy0tbGdlT2lBZ25zQ0oxM0JfNWU1ZHlhR0pEZU5rd3RXRmpNNkVCbXN5V0xRd3k4dlJsTXoyOFdUV3hPRTZINEFSN0pidzdsa3UxOUNVZTRUVERZTE5aRXFKXzc5WEpZdGo5cC1adDRqbE0zWlRqb25lNW13cFhPMUZnYnFRNDZRa2ZEWmk2V2hfVDNBN2x0WUhOaE1OZlJ0bUwwZE1tc1o0WGVXcWIzd1I1UEd1VUpHSGV6TUZXWjFTMEpn?oc=5
0.5,f024a73010,headline_only,The National Law Review,People vs. Machines: Texas County Pushes Pause on Data Center Construction as Project Risks Expand Nationally Amid Public Opposition,,Texas,,low,none_found,,,not_attempted,no,https://news.google.com/rss/articles/CBMitwFBVV95cUxNYl8yZ09YVW55Rk1MODAzTm8yQjByQXptMjFqclNody1pU1BBWjV4ZUlVTkhzeGg2QW05WkNVeHJCbmpwSGk5ZjA2R1dMNEpueHRwWGpGbDVDUFE5VzQ5QW82LVNVeDVqdDNRX05TY01Yb0Q4bXJBTVhYTkp4VVN0WnRucWp1TDJYQlNWaTJ3MHd6TkdrS0NYU2REOHVCVF9IS3pCYjJhN3A5WEUxejN4N01qajlrZjDSAbwBQVVfeXFMUDhFakZ6Zm52eTZMdi14eVQ1c241MTVMRk5FV2JzQXdpQW4yYXdnVHR1Vm44elpmNDl0bms2M0Z5NGJQTDJOcFJJZlR0TUlodnVsb200WmVDN2o2OUYyZVFhYTV5MXAxeWJ1Z1dCU1FZa2RNUGhIUHZoT2pUd0EzbHl2YjhVSXBCcFNYODh2X29pNlRiZ0dKQkVFamRoVG9aZFJVYXc5RVJoYW5SWFpRSk80alpzQjRHeDIwd3Q?oc=5
0.5,470e7a4c50,headline_only,The Shoestring,“Ban! Ban! Ban!”: Data-center discontent reaches western Massachusetts,,,MA,state_only,none_found,,,not_attempted,no,https://news.google.com/rss/articles/CBMipAFBVV95cUxQS18yRjRqOUJnOWJwbVV4ZUg1cXV2STJMaF9nSUVOdEEzTXI2ZEd3VTRkNElTampweWlBUy00S044Mm1Cak1qRGQ2N0ZlcXhuSzgzTkxsalZqWEV4QTdPcVI1eW0xRlBUWXpfM2R0TzJaN3FqZ19BOWhJNENPUnpMTVctUUZra3J0blZqQW1oOHc4OGo3eWNyc0xGd2c4Y21YV2pnVNIBqgFBVV95cUxNcWYyUmEwMDVFWnJnZmpFY0Y5OF9Xc29hTmNoNEVUdlBNVmloNEtiSlVIRThLTTB6VXhZblFUajQ5TmJycXR6M09WYVd2T1AxRjdxVFBDeVlTM3NPLUVoQzc5bkhtMDhYa0ZmNU1UMDJmbXZYaHY0V0xXVi1CaHFtYzA3Y2ZZbFFwTHZ5UUQtdzhQNmY0NkRQV2xrQ3hwWGpqbW95bnJpVUdPQQ?oc=5
0.5,56f50e6d31,headline_only,The Tech Buzz,Climate Activists Target Data Centers in Michigan Swing Race,,,MI,state_only,none_found,,,not_attempted,no,https://news.google.com/rss/articles/CBMimAFBVV95cUxOZU9yblVpemtjQ2pVMnJVclRtMlczU2s5eUdTaUFHTk5HZ0t3S2ZoOVdlZ0dKeElRTV94aG01UV9zUzN4OHljdEh4SHJSdXV4cTVNTWZ1QTlKUGtuT2NCME1LdTRqXzJ2c1FwT1dycUJVcXFGX0pPUXJOSGRPa081UnlkNUNOdXVURUY0d011QkN3SmVBT21Hcw?oc=5
0.5,95ebb03614,headline_only,The Texas Tribune,The 8 data centers that could transform one Texas county,,Texas,,low,none_found,,,not_attempted,no,https://news.google.com/rss/articles/CBMipgFBVV95cUxQQ19YVk5BejJ5ZDE3TWdBU3puSkJyWGVoWDJjVVYtV05oa3pZMFBCb2R0WXJBMDZXazJmZ1hidHAyNmF6VThuZ0hON01GTFRkemdrUE04SVpVZm80SGVRNnQ2YWZnMmgzQ1hTYXJvNjUzbk5NYWZRY0M1TGZ6SUowSUtGMEFrQVNTM1A4YTBPM2YtLS12a3JudTBKbGo3ZkNfRlRSMERR?oc=5
0.5,0f13d053f7,headline_only,The Topeka Capital-Journal,Union leader issues data center ultimatum to Kansas political candidates,,Union,,low,none_found,,,not_attempted,no,https://news.google.com/rss/articles/CBMi2wFBVV95cUxOU2Z3S25NbUdYa3Z2NFJVUE1DNW1uUHVxUzdYZjZFYlUzQ3d2RTJkRTMxWTIzcW9lelkzdEFmaGEzTG5WR2ktWHhlcGFiV0M4R2pwVnpTZjRDem1EbEFEaWxIUHUwT3NweFRuUW04dV9pU2ZUYnpYSlV6ZzBoelloVFJNcHNnU2ptWXdia1JaM1lrS1o1Zy1pSzZYMFYyemk4cFdzMHBVaElvUTRLekhwdW83ZkdLSXdRd2d1NTNhTDl6MHVyRkNuRFRCSGRndzZBVWdtb3RZUHFyMGs?oc=5
0.5,aedc6e9f96,headline_only,Tom's Hardware,More than 75 data center build-outs worth $130 billion have been successfully blocked in the first three months of 2026 — bipartisan opposition mounts nationwide over fears of soaring power and water costs,,Worth,,low,none_found,,,not_attempted,no,https://news.google.com/rss/articles/CBMihgNBVV95cUxQTXg0VW1tcUM5WkVXQld2S1U1bzRwSy1FN0xVMmljZGY1Zk9rbEQ1Ynp4UVNpQUlFeVVEUUpOM0dFSU42UjFMbUxHOGdLcy00M3JnRWEtMUFfZEFhcVBKT0ZCS2swbjN0cWtReHV3OFJUa3pGdGFsWUlpd1c5eUJZaVFQOFNLWFk5ZkhhbTRRYUJWM3FWYmozZ1M5QTM1YkNZMmo3TzM2cDJabkN3Wk5QRjN5QWhvVm14azRYVGN4ZHBWbUwwSzNsc3FxQWRXOU5VTE5iMmlmRkQ1aWNoZy05dlZJTWlDNXRGcWs0dTk4a1UyU2d5czVPemJXLTQ4OF9MSjV6WVFvWjJfa20zZ2dlbHd2amdzeU9nbGtVa3M3c2dYeWpWdzg0ZndMVHhJUUpkWUd0WV83alZ0R0NGWWpCQXJ2Ri1RSDJ2SENhRkdxb1BDQ3EyR3pKQk1tUkdMQWt0c1lEQi16TGNxOVFWZUUwSGg2bGlNc01MVzd6VXhEbGR5OUJUcUE?oc=5
0.5,b08d239f9d,headline_only,USA Today,Texas city bans data centers as opposition mounts statewide,,Texas,,low,none_found,,,not_attempted,no,https://news.google.com/rss/articles/CBMi0wFBVV95cUxORHNsN3BIbjJIMGRhUDlIbmQ3dFZ3aTRjTGtnbUkzbTBRR2I3c0NfejZsWnJzSmZrRkJtNGxwdTc3a0hLQmkyMlYxUVZKYUdUb2FlblZKT09wcm9qOUl6VGw0M0tKSHZOWm5aQ2JuNGxSUXN1ZTNUbHBwWWZOdDFFSlZaSGJfUkdNMlh0bXJ5RjdBRHlYVG00X3VQTmJQMDdTdkxfbzViSzJEX3F3TUtJZDhqOFlHd3N4UVZFcDdTLXNhTGY5Mkp3aV9ZeG9BS3NFTmhj?oc=5
0.5,ae50ee29d5,headline_only,WABE,DeKalb Commission denies data center regulations,,DeKalb,,low,none_found,,,not_attempted,no,https://news.google.com/rss/articles/CBMigAFBVV95cUxPN0xHbVFVMkRwbzlfU2ZxZEV1Z2s5NlhEQ3BCNmFIMW5YMGZTX0J6X3l6aG5kOW84RWxOMFhHOTVrc0MtTHNIZTdtODBhNjBGa0t3ckFvcVFJNHphUTAwMk1HNWNxU0RoMDlFUUFISlpLX3owTmJsNVNyaC1YYjNjdQ?oc=5
0.5,9dcceb1924,headline_only,WGME,Maine municipal leaders to vote on data center moratoriums amid concerns,,,ME,state_only,none_found,,,not_attempted,no,https://news.google.com/rss/articles/CBMi9gFBVV95cUxNNHBaR0l3MkhaYUZma092RTFkajVnNWIyOUxRaEJOZmU1TkZ6WUdDbnc3WFpQalZfQ09JVFItNzBSZG5zaXF0MTRRdDRNTFBkQUtiWkcwY3E3Qkt1aWZLdUVMR2JIUEhvWGpZMGc5NDFiWTBXODZjclQ3NGYxalNnSVE2VEtGdVhrVVJxQjEtc1RBSGl6RWVvazV0a2hndnF6Z3Z2T2NoeVpNamhTVFh2UU94S1QzLWVtLWtWVmlkc3ZSQnFhUElVTnk4Yy1BSHNLRFZVNkQ3c09BeVlEWmtXWkRqY3gxOXRudXBnRzdUWE12TS1xMHc?oc=5
0.5,0996791794,headline_only,WIRED,The Anti-Data-Center Movement Is Reshaping Michigan Politics,,,MI,state_only,none_found,,,not_attempted,no,https://news.google.com/rss/articles/CBMiigFBVV95cUxOcHNzYWgwZTJIZnM5OHJfNXAtZjNnYktDM3lVcVBkRDgzY0lGRERrSWNIcVpIdlJ3WDlEcW5rLU1EeUhueTdxWTJleVg4bGpMUmQ4Y0liLXczVTYzdWJJMnZvVkdWWVplWHVuSTcyWlRtZGJxdlpKS3lpTzBCOEpYaHVyM3dOM1RCaXc?oc=5
0.5,2bc7fa11e9,headline_only,WLBT,Jackson residents pack City Hall to oppose data centers,,Jackson,,low,none_found,,,not_attempted,no,https://news.google.com/rss/articles/CBMijgFBVV95cUxNd2dWblNjQU9aZ1RLbVpER01mdmJlU1hlQks5UEVzUHcwMGo5Rk1HZ2tNOTVLWVRQQTh4ZEd2TTdZc0hJRURLcTIwcTBEUi1oSXdjbHlmZ2tmMHhtaUdhRDZGV3JGUG1wWFpFUHRkdkZLcVRZOS00SEkxSXhKS21oaHRNbzRRZS04UTNldDlB0gGiAUFVX3lxTE9YaFM2SC1mZnR0M251Y1pVQk9pUGI5SUhPc1REZThHV1R1anYtUFJUWm1hTk1ORGp3OVhpckdldzhPNUVscjZrLVRQc2lXX3lUZHFmZEVFTGRReVJvX2Zvd1RmVW9VckdScEw2MEo2V3o2Z2diR2E5aHBPZ3I1Zk8yZVRLQjZlNTNQcERqMlNfRWVMbGk1RThiV0Z6cWw3bUd2UQ?oc=5
0.5,7d2c25c1d2,headline_only,WLWT,How Greater Cincinnati is preparing for Ohio's data center boom,,,OH,state_only,none_found,,,not_attempted,no,https://news.google.com/rss/articles/CBMinAFBVV95cUxPWXBRbkszOVlsckQzRjhnd01BYUp4M0czZkppc21IZzVWYldfY1FxcXZ6cFNJdlB2UmpPTGVhM2tXUWJkakozMWQ2MUFzQ01PbElYNkU2bHhIN0pJUkxkSXlQMmwzMTBPaWMtN21JV1ZkRVBWV0c4VllLVUZGTVktMnFHMDllcEROZnlVRjA4Y0RSM3hvbEFleFBhejQ?oc=5
0.5,66f1bbc3ff,headline_only,WPLN News,Tennessee communities are blocking data centers. Nashville could be next.,,,TN,state_only,none_found,,,not_attempted,no,https://news.google.com/rss/articles/CBMimgFBVV95cUxPQ3c5ZEhWaENDMnA4NFkyOGhGSldTNWprN054WGNWN2ZKYzJpakNGVFotUFFqSVhkVUlZNzVvcjZCS1NDOThnQ19LTjVNRjdmbmJtQTNPWk1BSUdyNUVkdjhzU1BtTm16ZGJHeU5xZlRvMUk2T29vSTV4Q3QwenFqcC1DY1U1VEloeld3bXA1WTR5Wm5LU2JsYWtR?oc=5
0.5,843438715b,headline_only,WPR,Residents speak out against possible data center in northeast Wisconsin's village of Wrightstown,,,WI,state_only,none_found,,,not_attempted,no,https://news.google.com/rss/articles/CBMivAFBVV95cUxNVkdZQ1VuX1NyYzVxTnVPZzd3Nzk5RUFSYld6b0ptQ2tRSmJyMnVEd05KWjhfcEpIdEs2RFJHWEg1M2FRdW9odXhQQ19LMG90VlRBUUlaRDJhdEQtOHZIUmwyTlk5RWRPMGQzZjN5cllYWkZCQ3BxRlJIUHBGbjFPVUE5XzNaa2xIOTFBN3Q2Qkl1OTlwVmNmR2tZMnNnMmt2ODhyNkxzTzhOMkozSWY1ODBQTUUwV0UzdTNpdw?oc=5
0.5,7a352333bc,headline_only,WUNC News,"Opposition to data centers is 'catching a fire' across North Carolina, spurring political challenges",,,NC,state_only,none_found,,,not_attempted,no,https://news.google.com/rss/articles/CBMi2AFBVV95cUxOUkNEaG1RWjFVeTVaeHFpdnZzZkdlMUo2MWZJeFdPMm00WW5HbXRWcld5ckhZc21MeHNLdGhmRkZHdjZCNVA3VGJvWnRkNnpOcFRsd0NzbkwyRDQwNTVPRkVrSzRPSFNHVm5kNDhWakVsMjRTNjdTWGFLZXRiekZtMl9Uc3E4NndwZ2JscTBFS3B4RE9OSHY2TTZvWWQ3a2NCWW8wdmlmMWRJUHFMbzlCR2tacmNSLVFfYkQ3eWRzWTRkUGVYd3VGdVNhaFdMWkE3RjdFVTlHM3Q?oc=5
0.5,778e6c5946,headline_only,eciks.org,"Data centers face growing regulatory backlash as Maine, Seattle enact moratoriums",,,ME,state_only,none_found,,,not_attempted,no,https://news.google.com/rss/articles/CBMif0FVX3lxTE56bV9ybmFuOEZMcGNoM0RENnIzYldlMUlhYWhUQ3FNeS1zVUwwMVRuWGNqRGhBT3JuUzlqanREN2hodGRIQ1dCME1uZE16NEEwSk5CVnJDX1J1VDBlRWxQSWxmbmFzUFpYVk5kMGxTQVktT2R6b0FZU0U1QlhQU28?oc=5
0.0,c68ec78c64,headline_only,ArentFox Schiff,Data Centers and Land Use – Public Opinion and Action,,,,none,none_found,,,not_attempted,no,https://news.google.com/rss/articles/CBMipgFBVV95cUxPWlZzbVIwVzZtRzZYQnE5WVlGSU1oWVFVaUtJUzVKMk9rcHEzbDhTZ2J3aU4yVkVPVDBCS3NfMUlXanRRZHI3TGtEZjU3WXVBVG1jMnQ5MTdXSnp5dnkyUWFCNWtmYldkR3VsZlFuUzRySjZzOW0yOWFfcGdpNS1ZdFB5T2NWanNFTEwxZmg1bkh5cFVVV3gxbzYyZnFTY2JDZWZaYjBR?oc=5
0.0,101de9f5b1,headline_only,Atlantic Council,Backlash against data centers could cost the US its AI edge,,,,none,none_found,,,not_attempted,no,https://news.google.com/rss/articles/CBMisAFBVV95cUxPa0o5YW1UM01aQW94a0VERDVjSDcyZDBuX2JoclpNQWpBUENfVDFmb0o1alRzUGxPb05DZFppajB4N1llaEJlc2k5VDhKRTNsbDNmUVQ2aUdfXzVrTDIwa3FhRzNnRWdWVjNCZDl1SmhBT2N5LTJBcnRXRVVHeGJsZXZCUGsya3U3S2R5TFpzWEhCUGtmTlg1b1Y2OUs5OXFMcGxkdnJVRG5BVzRyVFdKRQ?oc=5
0.0,5e761636ba,headline_only,Axios,Opposition to data center near Nashville Zoo grows as city plays catch-up,,,,none,none_found,,,not_attempted,no,https://news.google.com/rss/articles/CBMivwFBVV95cUxPei1fLWV4ajFUZlRnOVdhZ3dCQXR1MmlsYlJveXJwT25BSGhWcUltb0NvajlFeGFjbWRKUWZHazJhTWNGRjlXTVV6RTVKWWs1Z3M4NGdncFRmZ0hFMGJHSVVwQlZCU2lFdjBDaDVXVE80U3VEb3RCX0NuYnp6LVlUMWQxc2RKU3pfS1lwZV9PclhUcWM3X3h3SUlzN2FIci15YjhFdFZZWlltUGotek1DNHdndUM4RnJFcEFaYTBhaw?oc=5
0.0,71588ef582,headline_only,Barron's,Growing Backlash Against AI Data Centers Spells Trouble for Tech Stocks,,,,none,none_found,,,not_attempted,no,https://news.google.com/rss/articles/CBMifkFVX3lxTE5jM0g3ZXJLbmx4Nlh2MVlyVjF2M1pzSWFnWG9nRWdFMXVIM3RfcGZDZzc2MUhSM3d4cHY2QzI1WkpqS21EZWxXdW9YY0E1YkxiSEc3SmtsS1Mxd3lWelVCX1BwOUEzajlBbEpGNlBMblMwV25lUW82ZW5Rc1VkZw?oc=5
0.0,2a4bb40892,headline_only,Bisnow,"14 States, Dozens Of Localities Consider Bans On Data Centers",,,,none,none_found,,,not_attempted,no,https://news.google.com/rss/articles/CBMiyAFBVV95cUxPTlVmYlRJY3BZQThmd01pRWZzc2U3NHl3QVFPdXpldlVRMi1EY1JKN1ByQl9vZXh2MW9hQ2ZNNUJzZ0JCNUdOSFA1VFZXS09CQ2JfZzctSngxTndjRVFocHZFRmItSE43NTRjUHJ0MlBPa2FBQkt1SHNkZjlvTTc2SWc4SlhoX3NYTXNwcTdVQnZRQ2RNNVJvaXlLNk5IeDNwZW1uRVpDNi1OV2YtbklZa2N0U1ZsTHVEbTBTZmZ1emtxQWRMMXhKWA?oc=5
0.0,5cd52b5e67,headline_only,Bowling Green Daily News,‘Here to say no:’ SOKY Indivisible discusses plan for data center opposition,,,,none,none_found,,,not_attempted,no,https://news.google.com/rss/articles/CBMirgFBVV95cUxQbVFwUTV2MUYwZ2hfUlpmY05CUHMtWk84UU53V0hVc0ZYMzB0Ql8xcHhEd1RuVkNPV0VWaGtacWVuODQyNkt5eWNfTXlaT0RCalVpamxfbmdLNVRPZUNpLUZqR0lBLUh3ajhZM08zMEtNNDRjYzVmNVJ3QjFVckpTdlZPQ05JYmlZN3AybS1YX0pxWkowWl83OVhxNWcwUU90Q29vOWE3WnJ2TTZNRHc?oc=5
0.0,ad3fadf4f0,headline_only,Business Insider,A city at the center of an AI data center frenzy just voted to ban them,,,,none,none_found,,,not_attempted,no,https://news.google.com/rss/articles/CBMihgFBVV95cUxOZkthaGR1RnJwem1hck1VZ1g1Y1V4d3pjMG1abEIxNHcyWjFoZ2pCUVAxZWNHSkF4bUxFSXBiNXJ1QjV2dndKbVJmdndRR0ZPSkhsSzFITVI5MXJuM0hNZThPTVJnT2U5dDlyNV8zdUdPUzN4aUV4UEpWMDJOcGFwRFk2VnE2QQ?oc=5
0.0,10b4a26e33,headline_only,Business Insider,These places revolted against data centers — and won,,,,none,none_found,,,not_attempted,no,https://news.google.com/rss/articles/CBMiigFBVV95cUxOazJOdXkxZ3lCVUJRTC1uOXoyY3ZTOUN6eXRRdEhabTFuNXJEOE12OWhocTBhd2Y5b1ZNeUhaZTVFbldNQW8xaUF3NXVsSElGWnNxYWFFNE9zM2VjWWNKQ0dFSmgtVVNUQnBqZ3ZrTTl2RXNOX3RHVEtQTkRtc0J5ZGsyWDM4WVhIVWc?oc=5
0.0,83bceed1e4,headline_only,CBS News,Minneapolis City Council approves 5-month pause on data center development,,,,none,none_found,,,not_attempted,no,https://news.google.com/rss/articles/CBMiigFBVV95cUxNRjh5VHNZWmFhd1BpbXFJTmI2dHl4WTh2YmZ3aFAzQ21vN2RDaTREeHM4SmhQS21tVHBTY1BHZjNwZmZsTi1HTkFnb0RRdmo0MmdLTUNYbkFibDZoeFljSFo2b0NvbnJwY1lha2tnOXNnbjJXZmtnREY0RUhqalZiMnJ0WHRFcnFrbUE?oc=5
0.0,906091c8c7,headline_only,CNBC,Amazon investigating engineers who criticized AI data center expansion,,,,none,none_found,,,not_attempted,no,https://news.google.com/rss/articles/CBMihgFBVV95cUxPN3BCZGNwWWowRVJKSUd5R2p1aWlqQU5sOV92bkIwTmJKZ2VyMmVxMFJkdHdDQWVxSnRxbVlBLXNfeW9JQVNnbEI3SEd6bjNUcTNYdDdUSlFPbVBLTll4SVFZcm5zN2NEWTE2cEhLcm9PVS1zaXNsZy1LMEdud3VFeG9Fd1pfUdIBiwFBVV95cUxPN0dUQUhRVWhaTHNaeGNRckNiRGtOM3QxakZ6WjFlSE5nQV9wejdfVTJfWkNkbXAzUW54b0twNXREUEhIYVVEMXdHZ2hGaU1EczZJdTVvbnZWYXliM3U0ZmNGYmpXeGpEOW1aSXJWRU5oNnFnOGN0OFhtX1Y5ZTdfN2JaaXlZXzBXcFBr?oc=5
0.0,6324cf7c0a,headline_only,CNBC,Elon Musk's Memphis AI empire is the epicenter of the data center backlash,,,,none,none_found,,,not_attempted,no,https://news.google.com/rss/articles/CBMihAFBVV95cUxOc2Y1SGVPTXhCZXduRkQ3RlhrSFZfNVB5Y0Y4Q2R1VFVHaGhvTVR3aW9ZdWU5bnR3MXBsd2p0ejVPV25VSl9hMDhoMi1hVnAyNVN0NjV6ODAxNExWNk5ZQ2NHTkk3Z2lkR2gwMW5YWkxLT2NfaHg5NTI4Um5hRFhEaDNfTkbSAYoBQVVfeXFMTzZSeTFFM2FDNmIxOUx5VzlJaFZhUlJNNGRiUWR4TW9uMFJwMzZ1OWphVXFPNzJMTC1seDB3M1NfMnVGb1YxQ2xicWhPU0djRTFfb3hQWkdHRjBnSzI4S1BOMUZvdEZvMEQxQm4wM3BTY1dUNlVUQWN4Y013OVBxWmYxZ1NjNkJQdExR?oc=5
0.0,76ebd8a119,headline_only,CalMatters,The city that said no to data centers,,,,none,none_found,,,not_attempted,no,https://news.google.com/rss/articles/CBMickFVX3lxTE5obGI1UlNGUE5zSE5qLWdKODladFhOclUySEFvUHNwZHhJeWNGcFpiNzZvZUtNcXBidi11UmNlRS02d3NGTXhMSS1YYm05ZmwwUkZCWDdIV1E5N3E0d255ZlpqODJVeHkxcFdXLUFFcHBWZw?oc=5
0.0,0b67591e38,headline_only,Canton Repository,"'We don't need them here.' Alliance residents oppose data centers, council acts",,,,none,none_found,,,not_attempted,no,https://news.google.com/rss/articles/CBMirgFBVV95cUxQYnZuOUxtY2ZpTnFmQUoxLTF0NWwtWHpJMnNVVG9LdGJyaFpMckZYTzc5ZjFReGh5ZmNUNmlteml4b1pCMGVWc29PZEUtYklKdHVmWU1oM0YtUXZ4dnlWUks5VHd1cUVicmg5dzh0T1BJbEZsQWhUQVdGRkNSTzRMdmVDVHVxSmIxMnBqWVc0RW5GZEFSZV9KcmhoQzZicTc0TGlPOU9NNDVKYXJ5UHc?oc=5
0.0,81eb0b8b82,headline_only,CoStar,News | Voters have started to ban data centers. Developers are responding.,,,,none,none_found,,,not_attempted,no,https://news.google.com/rss/articles/CBMiqwFBVV95cUxNMlRwazBtS01zUFlRcm9OWldiMzVsS2llc3Rpd0tDenBPQ05VWHB1aF9DbzdmWGgwbkVmWjNveDM1ODBMcXBTSGF5bmx5WG9VcjFvXzJHMFpXQmlXN2tWZWQ4c01SUmJtcUZMRFQxNm1RRE4zSmMxOWNJX1BRQlNzb3d3RWRXYUh1WlZLaS1GbzVSYjkyYkNGaFpxMy1oNG1OOTdua0JLdXNKU1U?oc=5
0.0,32a538c53f,headline_only,ConstructConnect News,Data Center Construction Surge Meets Growing Local Resistance,,,,none,none_found,,,not_attempted,no,https://news.google.com/rss/articles/CBMimwFBVV95cUxOR1dRanp0U3pUeEg1Uy04Y042T2dhLXFNMUhXTlZMWno1c1p1RWVXYWV3VHNOWUpyMGRGYzZtaWo0TG9IRUxNclJCUDlDRzZ1Rk5IaHhBS0MxNE1Cem1oVTZ2XzBJd256OF9XZEpIaVBHM3pJbjdibURBb1M5WnVISmY5OHZ0bWFJeU13cFdkTWpVN3BNVnNDUEgzONIBqwFBVV95cUxQVXR1VGVGako5amctMU56eFdqQ2E5Zl80RXlCRGRCVVlodlJwVEFOaEczRWVKVVlaMkQ1NnNLei1OSC1jeU9UcGg0dEswQmpIMzdhWi1vRFFEOGpUX1g5UnZoVGl2dmtPN0U3YlZKRFl1VGEtZHZVbzd6ejMxdDZ0cTFybV9DRDlLV2VRazdudUdvS2d0Tl9Ya1ZqSGlGeklBWVFmQlZ6OE05S3M?oc=5
0.0,ad36a16536,headline_only,Crain's Chicago Business,Lake County hits pause on data center development: report,,,,none,none_found,,,not_attempted,no,https://news.google.com/rss/articles/CBMijwFBVV95cUxNNTBiYmdsR2NHeE5WcThwYTJzYnNlNm0yX2E0X2Z1MnA2Z1FKTlgycUZCZlJYTkswVXVSRkQyNjZmNmhWZTJTb2gyQy1JekcwRkFKTWFieVRBd0dkQnAwZWhYMzlRSVRfRzVUZHNQZ0ppZW9GbzZ0Qkc3bHJYV1pzZE9Db2NDN2QtRERpRDVOUQ?oc=5
0.0,6c3a129139,headline_only,E&E News by POLITICO,Democratic governors chafe as calls grow louder to reject data centers,,,,none,none_found,,,not_attempted,no,https://news.google.com/rss/articles/CBMipgFBVV95cUxPR3NzVk1BTllrZDlBX05MS0sxQVRCVkt5eWc0YkU2Umg2U3ZNcXlZTmJQajVuekNidWpmTjd3dFVEV20wLUd2NTJEcHItMkNQdjl1QWhnZ0YtbU1wYnk1aTgwb0NfbWdxWkZGanZ3RGtaVEluOGIxUTdZSU81YWdhN3d0SkttQmlCc0JVR2ZqQ1dOLXoyVFhuYnFhRXZOX2dqN3BsZmt3?oc=5
0.0,c3949f55ad,headline_only,East Cobb News,Citizens urge Marietta City Council to scuttle data center,,,,none,none_found,,,not_attempted,no,https://news.google.com/rss/articles/CBMijAFBVV95cUxQMnFTX0wyS2xyY01FRlNSd2tzdllzLXRPblkyZGJPRHdFTzJwZEV4andTNlgyc2VPUWtkVlEzb3NKVms4WnlwbzJuN1JFZjYxRlE1MXdORnV5cmhtY2ZFblpYMjZSZll2NnUzTXpYd19jMDl5WnFVYjdfd0JjSGJYN0M2WFVTV0I3OVEyQg?oc=5
0.0,80ca865159,headline_only,Fast Company,The data center backlash is spreading across the country,,,,none,none_found,,,not_attempted,no,https://news.google.com/rss/articles/CBMimAFBVV95cUxPZ21SUnEtR0FsVjRienJFMFJORnhTWV8tZXl1ZkNnZmhXVEdYNGZPaDVkdk9yaGxjVWh5U0lHYzExUG5wLVpHQXNTNnVYQnlrWEpsV3p3cjh3c0xsUDJaSjgtbFpEM0J4RzI2Q1A2cXVTVXIzNTRCd002S0FPSjRQaW1GdzFsWkp4YnM1dGl2bE9MQnZOOUZlcQ?oc=5
0.0,0b3dfe6f13,headline_only,Florida Politics,"David Jolly calls for a halt to data centers, betting Byron Donalds is vulnerable",,,,none,none_found,,,not_attempted,no,https://news.google.com/rss/articles/CBMikwFBVV95cUxOY1ZZX1B3dlJrQ0RobEo4MW1ydVE5YVpSRzU4c1hCVERBSkhBQkN0QnMzeWZpNzRqYjJYLXNNLW5qbFlkMGxaUjhfaFkzc1g3d3JqSkE4aWpFYUlySVJhcGZuNkF4VzZOZ0NicjdiU2FxM1lkRE9TZkc3NmRwQVRrZ0F3ZGYtUFVjblMtUHNzMHZNUVk?oc=5
0.0,fffadcac05,headline_only,Food & Water Watch,The New Coalition Taking on Big Tech’s AI Data Centers,,,,none,none_found,,,not_attempted,no,https://news.google.com/rss/articles/CBMifkFVX3lxTE1NTFg0UWtuR3VzRTdwWXBGV04xVzNGcDUySl85czdhWU90dmFCT0VDaEc2bjVPNTVkazdjMkFvZlBJYkJlUFE2M3VDcmJZcDlEZllwM212S3BZYlJoMGJpMTc4b3hVamc5S0E2N0dHR1lhOFNlMHNFTkFjWjZ1dw?oc=5
0.0,7a8df2ef4b,headline_only,Futurism,Amazon Investigating Its Own Employees for Daring to Oppose AI Data Center,,,,none,none_found,,,not_attempted,no,https://news.google.com/rss/articles/CBMilwFBVV95cUxORUNjMzFEUlA3YU9OWmxvemtSWnpNZVg5ZnluWEpWQ3JsVzJqeUM4SFhuWXJZN3pzUnhMNVk0SDN0R0ZKV193VF9ZZ1I0anRkT3ZiQmlZR1pmanh6aU1vYUZzMWVTTU90dFZWYUNqNUlXdjNVd2xOVWFaUWdmTlc4UG9tQUhRT2hUTEpuMTVidXFZdXdrLXdn?oc=5
0.0,328ce6dcf4,headline_only,GazetteXtra,"In Rock County, data center opposition is growing, becoming more organized",,,,none,none_found,,,not_attempted,no,https://news.google.com/rss/articles/CBMi6wFBVV95cUxQak5nOTlnbUtoc2dISS11TUFxTHBSckJCMGVpMy1tT2I2WVF0OFpFQW1xa0RJdEZOOEViTjg2U3dQNTNQckJrV3l0LUpsb0lvSkZiZFFsbGt5NkJMYng3OGxfeFRzS2otbVcwNlBsV3hBTFo2bFF4a1BrTXl1Q1NsbjFOMDdkYTQ0NmJwMFNJTTRLWVA3OHBmWnpVQ2pCTEtuVEM4bVhoRFo1dUJ3bERiZFIwWW1iMVI4SWFGZG1ZcjhMMDBvTENYSE5fbV8zc2prSDNUQzNzQTZFYXRDQ1d6R3lrNEFMb2RYS3Yw?oc=5
0.0,f73645438a,headline_only,GeekWire,Data center resistance comes home to Seattle as council considers a one-year freeze,,,,none,none_found,,,not_attempted,no,https://news.google.com/rss/articles/CBMitAFBVV95cUxQV0cxN2lscnBkWlVLdnRGZnVJOTRwNDdUNTJyV01USmRpQ2M5bkI5ZmlnTzVEN0FIRmpOd3EyWWRTRm5ZaDVDYk5vRmxYQmNhOUxMaVdFdHZOMWdSNEc4YVdtY2RPalRsZmxMaHlnTkNqTGN1ZkFrTmpkVkk3bnJObkxkQ19ELVFieWZpT3FHMmxzbl9RclJQY1lZMjJMby0wVnBheGxRV1EwREdtZkM0eFRpZXY?oc=5
0.0,0d4b7c20af,headline_only,Governing,A First-of-Its-Kind State Ban Targets Energy-Hungry Data Centers,,,,none,none_found,,,not_attempted,no,https://news.google.com/rss/articles/CBMiqAFBVV95cUxQdzVnT2plOG85aUZoUnZHa1Z4YWV5VmZxbVRQc0lVWC03MjhSNFV1WUdHYzAxMXlKQlpfQWdxU24xWVlkNVM4OWgxSWVGZUhEX1VraDBxNVhzaTVnOEg3Q3pYV1FhQ0xfQlJmalU0QUpUR2E1OE1leFdXeEZreGpiNFdQOVdfZFU2bWNlRW9xM2FsQWdLdjVLUXdBZnhRcWtXWG10Uy1VY1I?oc=5
0.0,90d3bb5225,headline_only,KXXV,'Shockwaves across the state': Hill County residents continue opposition to proposed data center development,,,,none,none_found,,,not_attempted,no,https://news.google.com/rss/articles/CBMihgJBVV95cUxQNktEQ2R5TjkwdjNLNXpPMXVsU3ZrOXIyU1RoZE9NZDhLSkJoWldlcDBQeVBKakNIVnhJOUJSRXhMTDktTlZrM1o4bkJYbk1maWxtMjg3Vnhid1Q0eFJ0ZnVzQXkyUUNHbzlmSWI5blhfNmR4NWlWVk5hdHRTVHQwZXVSQ0FKdGNoTGFja0JLVnN0RnY5Zk5rWjhyZlFnUXdGMmZOaElOZHVrcUd4c2RHNHc3LXFHVW9yeWMwV2tURjVSUVp2eHg2ck5lVE9xT0dhNm55Q0ZQaW1rX0VaTkFLRGlTWExuUG04WHl4d2NIc0p6OHRkVVhUeEt3UWNOWGJ5bzFScVhB?oc=5
0.0,0527c55261,headline_only,Lohud,Push for data center bans mounting after USA TODAY Network exclusive,,,,none,none_found,,,not_attempted,no,https://news.google.com/rss/articles/CBMi0AFBVV95cUxOWGQ4TFdVMUJueVJHaVdyWS13NEdlVlY5dW0weFFjWks5UXp6WnZFSVVJN0w0c2htbFdkMV9SYURpMHowc0t5RERIRGRmZnVSVlJCTl9fdmxlS2s1S3FNMnZ0Uy10Y3pBcXVXYmpKT1ZOUmJLVFZnaUp4OHFOQm04Y0kzTnFQdVhGNDhJQ2lJSGEtUTdVSnhMbzY5VGdCTmpkOTRVdjJNczJSYmZjaS1RLUxwcVBrSGMxdDlPU0lleHVyZThmVnJLMGV5d1hUUmE3?oc=5
0.0,bb7aa3f3ad,headline_only,MPR News,Minneapolis data center pause heads back to City Council,,,,none,none_found,,,not_attempted,no,https://news.google.com/rss/articles/CBMiqgFBVV95cUxPU0xVNXFaSFhWMG1YX0VQMG1oWnk1NUxNVEhpR3VzdXVEQ1otUkVhLW5FbmxoaVM3dFIwbFRoZl9xRnQ5R3FhZnlnY2F6MHo3YWh5eVY1UkRjNHdUZnU2SVI2YWYwakhIU0FEWUhpYTdkdDhlVV81X3liTGY1djdxeUpPZlAwRk0waklpTEtocWZ1dnJVQjBhRTA5MG92ZjBkemcwQTYxazg0Zw?oc=5
0.0,2e299dcf0e,headline_only,Maryland Daily Record,Data center frustrations cause upheaval in MD primary elections,,,,none,none_found,,,not_attempted,no,https://news.google.com/rss/articles/CBMimwFBVV95cUxPOTNISFFBa2JqTGdKSERNUmFzZ0oyWHVkaWNoQ3NUOG9JSW5BVnV4Snkyc3pfeTQ4V2lDSFR5bjhlVW91dTNPS2tINjBKNDRFREhjdmwzakwxTHRsWE1ONmxpZTlaU0w1bkZtYzd0ZTJFQXNxVUY0d1MtQnF6X1ZUTkpWOWJqTUdJLUpPVDRJemFzQTZ2eWVNd3FWNA?oc=5
0.0,5a42752eee,headline_only,Maryland Daily Record,Southern MD county finds itself in the middle of a data center fight,,,,none,none_found,,,not_attempted,no,https://news.google.com/rss/articles/CBMihAFBVV95cUxPNG1fYXBUWEZ5NFRBSm5CaFp6YVhxN19XU3NkTWwyZ0tDSUNieDlJXzhvRVlPdi1BLWxoVkVEcHd4cnRWeFgtcVNJYV9oMm1vdXJwRVUxTWw3TGFkY1NZRHVEdGR4Zl9Va0VMMDZYR0FDRW9XRF9IR1BfS0JJQS04T3VsQW0?oc=5
0.0,dd123e59f4,headline_only,Maryland Matters,Data center frustrations cause upheaval in county primary elections,,,,none,none_found,,,not_attempted,no,https://news.google.com/rss/articles/CBMiqwFBVV95cUxQRy1Ybnd3Rk9NWF9HMTFhdlgzOG13aFp4NlpHZldLbVE3YVF3dkc5am5wT3F5TDFldVRvaDNjRlpxZi11VllneWYyTGlDSFo3b2U0UDZoMHRWRF9Od0FyMlBuLXJrRVhNZmN6LVdXbEZLTkl4VkpmdVZiRkNJeFJoUHFhenR0SnJrX0V2a2Rabm00NDhoSVFfZDZ3b1h4eFNvUTZuOEt5N09mdU0?oc=5
0.0,e90102c038,headline_only,MassLive,"At Holyoke site, data center developers point out assets",,,,none,none_found,,,not_attempted,no,https://news.google.com/rss/articles/CBMiqAFBVV95cUxOeTBhVVhkMVhjTVdyc1N0eHd0X19tT01FUklxclE0OEgzTnh6WGgxWDZnU3ZWaUxTN1YtblE3TFdTdFNMWUFnUnFaQWNlMkNUeWUxd0RiQlFMRmo0eHg1Wjl3NWxDYUF0a2JfNmpBQkpJMUkyenFQbWZqWVFuR19QdlR4dVdaNXhLa1pBNm5IYWhCVVZhUy1NSzJyWkVZWGJvQmw0QkVDYmo?oc=5
0.0,be6a208521,headline_only,Media Matters for America,"Fox personalities blame “far-left activists” and China for driving data center opposition, ignoring evidence that it is a bipartisan domestic issue",,,,none,none_found,,,not_attempted,no,https://news.google.com/rss/articles/CBMivwFBVV95cUxQTmlQZUt1QVJ4SC1HLUN4YlZNaHF3di1tRnhsaTFhanI2aVYwalRuX2dnSS1kMHNHR1E5a0ZLcDNWOV9YS3dkVjhPdldoTnJVOXd2YUppWl84M1BtWWNXVTZnSEFzNnV5d2JOMFRRcDNzSG0tRjF4blJ6TldzSGVwRUlBRlpZajZZUVNUZHFtbFdGUXFHQ2tpVUVTUW9DcmIzUXJOWFctMVdRLUw1M3piUi1sRUFZZEoyR1dQQkRkcw?oc=5
0.0,d98cc45ac5,headline_only,MultiState,Data Center Labor Standards: Unions Push Back on Moratoriums,,,,none,none_found,,,not_attempted,no,https://news.google.com/rss/articles/CBMijgFBVV95cUxNa0ZPYVZYZWVVYWtEdWJLVW5hUjFBLTRpQXpMTGRLYjZOOVZPV0hhdXZZREN6aGhwLXM1bF96RFFmQmxfVy1tcWlYaXB3ajJwOXZXN3hSSV9OcC1jS21oenk1OFZfQWU0SUhHYmY1bUxwTXBVYjRzemZ3Y2VqOXRvVEx0X2NSZldpTmU2Um9B?oc=5
0.0,3d735a0e96,headline_only,MultiState,State Data Center Moratoriums Stall Despite Local Success,,,,none,none_found,,,not_attempted,no,https://news.google.com/rss/articles/CBMiqwFBVV95cUxPTWFDTGNLdWJ3U3hPYTRYa2oxbFNCajFPcjZiYk5DTFI4eExMN3dpXzJJc2xIMGd0SEhOSS0xZUltYVVPcDBrc3JLQlBBMWRsMjNnUWFaMnQtMWRnMTQxSUhDY0lSMmdlS2xzOE12cDJiRUZMbF9CYlQ3VXMzSS1vUXVLN2VBNktoM2FrdHYwaVZjZGMyRVNqMFl4ZnVXaXl6bVlQUkUxVEE5QXM?oc=5
0.0,602f974165,headline_only,NJ.com,60+ groups just called on N.J. governor to immediately pause all AI data center projects,,,,none,none_found,,,not_attempted,no,https://news.google.com/rss/articles/CBMivwFBVV95cUxPNGxTWnhFRFdNYmIzSHNKcEp5Ni1FaDN6aU9oRC1jdzNLbGZ6MUZhakc0czVKcjFsR3JwSDdUZW83MDdDRk95UE9CeW5mcUt3RDVEMHdkbm14UmcxbjNkYUVuRG44RnlNbGoxZjJsUWdsRkhDb2dlYlAxN2J4bDI2SUJsSUM2WjViNWxFc0J1U2l5MUJFbTg4Q2F6ZTlVYndXbnB6bWRJUGRLMDFNcWo4TUtGYmh4V2hUY2RodmVyMNIB0wFBVV95cUxOU3N1RUR3aDJFczQ0U0pzWVNnOFhDcDZ5V1U2UEw0TUJSMFpzN1B3YVF2c1VRYlFfcTJ3cHFJVlF1ZWV6R0tEVkRnakhRYmlQMkhUMVN2M3ludEh1MW9CNWdVSDhVbzJ3V1NBS1lqTEp0aEVoYkxYVTdKSFQtaENKSUd2aXU2TGVjbmZwTXdyQTRLWWtZbFZ3alBtUU9NazdYUkh4VWplOFA0RTNaNkVadXVvVEIzMWN1Z29FS2x1aXhaVEtLR3Y4VDlhblUyb3ZCdGZr?oc=5
0.0,2f30fda7d3,headline_only,Nashville Banner,Metro Council advances bills related to data centers,,,,none,none_found,,,not_attempted,no,https://news.google.com/rss/articles/CBMiiAFBVV95cUxQc3lQTThnemFVRzUtVnhQZDMwUU9yWVUxdm1TRjNMR2FHNVlIV3JMSUt3dm9wZENQSUZSUFpQSV9yYVh2SmtJS2RMQmFaTHpDaHE0VEM5eklmci02dXNDekhHamZYdUJjd2p5OG9rZGRoQ0lXa2M1QWFjaVhmNnNYbTRTTXVUV3RL?oc=5
0.0,1efe21bdd6,headline_only,Nashville Banner,‘Unprecedented’ Crowd Opposes Data Centers at Metro Planning Commission Meeting,,,,none,none_found,,,not_attempted,no,https://news.google.com/rss/articles/CBMilAFBVV95cUxQNXgxb0VpU1ZnM0o4TUVlUWdhZHNFNmlHQWFhTUN2cmVxdGUxSXRqUnpkOUhJTGhDTTRISGhRUVExVGFuZk9pNFUzZUMzWkpRQVNSSHU3VHBrbkh4V3NnNDg4TjN3Nl81ZDd1MV8xaHVvZ3o1VDVtaHdtdUNpalJtVEZKenU2SDc4MXBVaWQ4XzRmR0R4?oc=5
0.0,c41962bdc7,headline_only,News Channel 5 Nashville,Metro Council advances data center restrictions as DC BLOX clashes with Nashville leaders,,,,none,none_found,,,not_attempted,no,https://news.google.com/rss/articles/CBMi0AFBVV95cUxNbzRubjBlR0w1Mmxmc3gwYVFlTFUzY08xS21mYUpicm9Yckk4bWpiYVBiLVFPd0duUlFmU09rQnZKVnNWVHE3Y0F5b2NCUjhGeElKM2t1R0Y2ZDFVdjNpMDBidm1CZFQ2RS1ueFN1dXRraTEzN3VvUGxPUy1JYVlpLVFUT1JMX1duM2hKeUFaelV4Wi13elBsWU02NWNOU2NBMVBWbFFXc0x4bUVBUmRqNGs1anVHNUZwNHpIS2d5SWd1WHdUV1pTdlFxOUVHSERI?oc=5
0.0,c5dc667682,headline_only,News12 | Long Island,Proposed Ai Data Center In Yaphank Meets Opposition From Residents And Town Leaders,,,,none,none_found,,,not_attempted,no,https://news.google.com/rss/articles/CBMi4AFBVV95cUxPVnFFMEo5emhxYmFjcVlaUWlnOXFJR2ZqUWRiMkVfM2xXMF9UbW5XUjJhbUJVdnphNDVnYmI4c2prd0JFa0kteS1PQzRRaldhNjFrM1U1VmtIUkF2dFlOOEEtRWl6NEZBTlZvemgxeFM0QW5DdWdpMl90bmdkTnZwTjM5eUp6M25vNmZhb2dkaTBKQ01sZkdiTWkxX083aVZJTzRKUExhRGRtUk4xbkE4R0M5MnA4dGd6Sm02andKSzlVTXFGOGNMaWtET2RJSWYtNVFZZ084RmNiU3Z2aXRjMg?oc=5
0.0,c06d24f331,headline_only,Newsweek,Map Shows States Where Governor Candidates Support Data Center Moratoriums,,,,none,none_found,,,not_attempted,no,https://news.google.com/rss/articles/CBMirAFBVV95cUxNYjhtUmRkV0dqQTVwOG4tVld5M2psMzRtZTlrNGZ1UUZCdVZKejlLblhtclRiRm1hYmtEYXpkdFBkNnl2akZveF9YejU1Z19fb0JvWUx1VUJPbmk3RF9EZ05jbWVDWWlia25ZQVduWGs2WWJvV0dMZGQ1OFd2QnpQYV8td0wzZk1Nc0o0anluaDJnaGtWbE82aTQ5UE9LU1F2VVdPaDRoazJzQjRV?oc=5
0.0,66e994f980,headline_only,Newsweek,Map Shows Where Data Center Bans Could Strike Next,,,,none,none_found,,,not_attempted,no,https://news.google.com/rss/articles/CBMijAFBVV95cUxQaEdSUUl0VjhTbEVDSE5keUhlNmtxX0xlWm1uTTRPVmh4dTRHT1Q2R1VYQTVBdFJIbldrQVVtNUxuWnFNbl9CNkVWaDRCbHI5LTJFTmVoYi0wU2xYaE9ISDNPWWJ4djJUdGtXMUxXQ29ObGhGSkFQSWJKa2Q0b05YbUp4X0xiWVdFNGRsMA?oc=5
0.0,c724859e41,headline_only,Pennsylvania Capital-Star,Rally attendees criticize Gov. Shapiro for being ‘incredibly cozy’ with data center industry,,,,none,none_found,,,not_attempted,no,https://news.google.com/rss/articles/CBMi2gFBVV95cUxOTXVHVFlfQkRVeUJ3SmdTaHF1UzA0bFdnNTVULWdHWHhoZmt4a2FVVjNCVVNPTVFLQ0JtTTlabVpwZ3FRYjFUN2l0UE9xVjJTbHd6aVo4d1NFU045dExBU1hybXlvOFZHSDRVeUZPVFRFdEpCbVY5TUdLcnpGMnJUOUo3a0tudzcwdXhyV1QyYjVxTlhndGxHYWU5bWNMendxQW5Wck5YbC1WSUtKX2hGM1RkMUltdUNqN0o2bF9ZYkgzMW1QVnRycGRFQWxNUHBTYW12YTRDaWRfUQ?oc=5
0.0,bb31d7f65f,headline_only,Planet Detroit,Ypsilanti utility OKs 12-month ban on supplying water for data centers,,,,none,none_found,,,not_attempted,no,https://news.google.com/rss/articles/CBMifkFVX3lxTE5mYXF2cXlqZ3Y3SXJ2dmNodzlNMHR6WDZDZEo0YU9VLVRDejVSVjU5RVhmQm50dldGa2RBbGZySmRKczMyaFFjVEtRaEJwSVpqbHI3M0RTRW9jelp3RTg2NWNjM2VpNUR3Tmh5OFhQUGQ0Q2wtMVpQczR2OWxOdw?oc=5
0.0,dbecb58d86,headline_only,Politico,"A growing political reckoning is coming for data centers, POLITICO Poll shows",,,,none,none_found,,,not_attempted,no,https://news.google.com/rss/articles/CBMikgFBVV95cUxPZFkxcTh4THFHZWlRc0JkdElGc1lPZVo5cXd0UVJjbjlpbmxKbUx3SVd3NHZaQV9Gb0FCZjlOWlUyYXUtMDJqX0gyTmZWc2VTNXRfbUI0R2hldmxXcXJpa0Jlc0dQWklwNGVfbmhRd0NJX3VYdG9zQjA2MGVDb0ZUVjc0cmstNDhmQktpQlpocWg4Zw?oc=5
0.0,2c4c8af287,headline_only,Politico,"Democrats drive voter opposition to data centers, POLITICO Poll finds",,,,none,none_found,,,not_attempted,no,https://news.google.com/rss/articles/CBMikgFBVV95cUxPZFkxcTh4THFHZWlRc0JkdElGc1lPZVo5cXd0UVJjbjlpbmxKbUx3SVd3NHZaQV9Gb0FCZjlOWlUyYXUtMDJqX0gyTmZWc2VTNXRfbUI0R2hldmxXcXJpa0Jlc0dQWklwNGVfbmhRd0NJX3VYdG9zQjA2MGVDb0ZUVjc0cmstNDhmQktpQlpocWg4Zw?oc=5
0.0,c97992a24a,headline_only,Politico,Hochul to approve nation’s first state-level data center pause,,,,none,none_found,,,not_attempted,no,https://news.google.com/rss/articles/CBMisAFBVV95cUxOV1FranJoUnB4WUM2NHg0clA3TWVLTC14ZzB2ZnllQ3JncEpsdmZxeV9rY2d6ejZya3FTTmZzNDBVaVVuRVlUWU1NNk1UZm9zNUhIMTh6Vm5qRGVMMmxOM3dwaURfSFV1bjA0YWh2aTBrUEE3MXFiWl90YTYyZS1QdHJGZDlHdWlXZHZSVzdHZkFZRHp6Nlp2UXdQTkhDbkp3OEJTWW9JX2pVWXJsc01XcQ?oc=5
0.0,0dd87f8ad3,headline_only,Politico,Powerful House Republican getting pressure on data centers back home,,,,none,none_found,,,not_attempted,no,https://news.google.com/rss/articles/CBMiugFBVV95cUxPck5rTjBEZHVEanp4SElBZW0yVWo4RHR3bFBJdmM0b2V6UWE0THFvNnhnVFhXTkVSNTZoa3g4NGZ2bElSN1FMcVFJVXdiT0NISTFpaHZWZV9WR005Um1xdkZCZUJuSGJ1dE84dDVzWjVzekJTamZRRGsyNWg2cHgzMXhXd2hYZmsyNnlrS2dFMG9sM29FWDJJMFcxZFZJT0Y5Unk5ZGZnOXpqalU1ajJRbjRTVDdHcGFQQ3c?oc=5
0.0,9850308bbb,headline_only,Politico,Republicans probe China's influence in data center opposition,,,,none,none_found,,,not_attempted,no,https://news.google.com/rss/articles/CBMiqgFBVV95cUxONk9kTTVNNDFSaTlqSWFUYWI2UnNrVHU0VnlJOV9GaU1GdHMzNGZHeUJnOVhaRExab0NOaWhyd0NrSHpzTWhFbXdxRDczSGdIT3Ezall5NGNfcW1MZzE0dmJNUFUwRS1iTGVpNk80QkEtdEk4eDJ6T1hKblF6SWlUWkFmSFJaLXdBQzVKcHdyZFU0SXN1b0lnVmFoRXU3UDY2SDZ0VjgxME5mUQ?oc=5
0.0,fb02f80342,headline_only,Politico,Unions flex muscle as states weigh data center rules,,,,none,none_found,,,not_attempted,no,https://news.google.com/rss/articles/CBMirgFBVV95cUxNdXRERF9HNmVNXzJBLUZOdGZXU1hTbDZFMTRaY3BYSWo0a2p5bloybzlUVzVLZHNrYjRYdHdUeG8xbDZHRXM1X3NFSTZ4WHpSLVhUT1R2ZjVTd29TeTZTQjhvOVJhMml5WHJoMnFXR1RtamdHWEF1eUFVNlBERjh4ZmtmOGxxRUl2WS1XRWVuT2RZbGNJeVlpb01PSHhRR0tFcEg3eHNOQy1KVEdLZkE?oc=5
0.0,14cd2def35,headline_only,Politico,‘I wouldn’t call it panic’: Industry quails at Hochul’s data center pause,,,,none,none_found,,,not_attempted,no,https://news.google.com/rss/articles/CBMiugFBVV95cUxOcndQTmd1YWQzYkJEQ29zSGxXRFZOb0hkNzZKOHVqamVQZmpkV1RtaUZBUEFIalFueWQxMy1BYkxWMFh3alVUYUVOdzRHOVlvcGdJbzl6c1htU1lTOE9wUGgtQ0R4UG5RT2dtczVIb093ZTdmYm9YMmpxYktVLVR1ODM4MGgybWRNWnd6emtjZndUQzNEOXdUTXRDSWpkXzhKdHpvSlgxVEVtX3NJUE1VNU1tbEZ1LS1FZGc?oc=5
0.0,d46df42358,headline_only,Post Journal,Molitor: State data center delay is hypocritical,,,,none,none_found,,,not_attempted,no,https://news.google.com/rss/articles/CBMipAFBVV95cUxNX2lzTUZaWHNoeHlMXzdyZk93UTljZXNuTGRpQ293SHhhZ09GS0ZWVEZvNXBuTnJBVENFbEpMVTY3NzVCeGdhRjRHbWtEOFlhVUtUWDV3eVlSUkR6dVJqYVRCZm4wS2FPajhjVTJibWtBUERhcEgxN2V5X3VJa0lCQ3puY1FxVlJuT0JaazhJWFdYUmdRZVpsZjNTc3FrRXRJbWVXcQ?oc=5
0.0,2910908029,headline_only,Private Equity Stakeholder Project PESP,Lawmakers move to halt US data center boom,,,,none,none_found,,,not_attempted,no,https://news.google.com/rss/articles/CBMif0FVX3lxTE9rWnZ3U09adFdkT0hBanJObXh4Y2RhVDNyRTd4WEVPMDd2U3hoT2s5bUx4bkJKcXJoQ2gwemVkVDJRSUVHRk1qY3FuVEU2dzJ3RThlbHB2TFVMRGd0U1VBRWxwQ3FlS0tpcjZKbDd0cnV3UVgzeWJxZS1wbGV4TFU?oc=5
0.0,6640c51ff6,headline_only,Record-Courier,Developers host May 29 meeting about proposed Shalersville data center,,,,none,none_found,,,not_attempted,no,https://news.google.com/rss/articles/CBMi1AFBVV95cUxOLWFHckhzcHRDUXVMQWxVOVpsVFhQTHIzUmFYelV1U0Nib0JXSDdnYjREQm5rQ1o5Szl4akdQMXpNejBzTVNpeWFsSGFjOWgzOHNmbXRRSmlfTHhVWlhyT0hzOEZlVzNPQ0UwS2NxU2xzVFUzR2pVcGFoYU5KSzVnX043TE1sOVFsVFY4R3JvdHZ5VWVWckFkeHpDcmJTYkw5anVwbUVmLVVqOVhrbVQ2Ql9NUU1adVBvV2FvZk04OVlKUzlTUUNnRk5YR2d0dHBPUDRGQw?oc=5
0.0,b77e3fa77e,headline_only,Santa Fe New Mexican,AI data center proposal in Raton draws opposition,,,,none,none_found,,,not_attempted,no,https://news.google.com/rss/articles/CBMi4AFBVV95cUxQaUVYdzVnWTVaWUIxQnlrUjJXN29JVjNEOWtfb3BmNXI0bThERlBJczg0OEh1a2Z4eDlUcGNZdlZTVk9MWXgzTEdwMFZtSTdfR3J3c0F6b1p1bl9vcnFLUWxfcGNsdG5mWDlOODA5bGxpT2xUZHhtTVV1LTJsSXc1WWpSbEZCUGNkTEgyb2RFTDQzOTBLVVJUTjZ6X2U5ZnR2VTFCNWQ2LWZYRFV6MGI4eVF4VW16T1BDb1g1XzZiSFAyZmUtanB0dThaYUJqOHhFVkFrVTRyTWY4al9XaFJuTw?oc=5
0.0,b4cba0055c,headline_only,Star Tribune,Data centers pushed as a solution for rampant downtown Minneapolis office vacancies,,,,none,none_found,,,not_attempted,no,https://news.google.com/rss/articles/CBMixAFBVV95cUxNVHN4bGFvQi1OMm5oVnBVS0tXa21OU0lTcjZVaTZ6QkhGanRHMEl6aDhiRmhRSFhDYXZxNGx3NndLc0VGYk9KOGh5VVBHS08wdmF2MWRmNVhqUzV5NGJvdU11RnhEWkZ4WnJDT05zclJtX1E2LVNkOHZPNEV5NVV6cTU3QzR2SmdiQ1AzMjg2OE94eHdGN0Vmazdsb080amxJaGVxVUUtMTQ5SFRZNnFIa3ZSZGRnUzJST3RVMFQxdVNKNmph?oc=5
0.0,ecd369aee8,headline_only,Startup Fortune,Opposition groups halted $130 billion in data center projects in Q1 2026,,,,none,none_found,,,not_attempted,no,https://news.google.com/rss/articles/CBMioAFBVV95cUxOZTUtZkx3X3VHWXBaMk1ib1V2X3FXSHRVTlQxeDhsSzZRMV9aLXBsd3pTWjl6VmxmQjRsWVBENmtJZkZaOWJWdmV0bjFDdUlJTlJHQjZFMXRMcDFkNHJaM0UtdE9zNmhTVmplbmpWdi1MSm9aTWtEZTRGdnBieTdnY2ZDMXZLZ2g3UnJaOWxRdVFpNjBXOEI5ZzctazVLVFBU?oc=5
0.0,c936e0e835,headline_only,Substack,"The $130 Billion Permitting Crisis: Why Data Centers Are Losing America's Communities, and How to Win Them Back",,,,none,none_found,,,not_attempted,no,https://news.google.com/rss/articles/CBMid0FVX3lxTE1NWUJGdXViY3BaVmI3Vk45b3ZDb0ZKZDd4TDRoX0YtbEpfNGpnNDkwcC14NzJsQTY1d2R3bnhYeklacVJXcUxtbGJqMU5NT1B0Z1hReGR6MzJoREtqLVFoLTZtN0pBQ3BtNHNOVVdIUWlGVGdtaG9J?oc=5
0.0,98cdd081ec,headline_only,Syracuse.com,"Manlius town board adopts moratoriums on data centers, battery storage facilities",,,,none,none_found,,,not_attempted,no,https://news.google.com/rss/articles/CBMiyAFBVV95cUxNQTE4cnB4Tm9VUVQ1QU9Mcm5RUWh5X1hQVDNRNzR2djhaTVlRVll2cG5VN3pXWmdlS0tpZ1FPa3VvNHhKRTNiVjNRZE1IcmpuYUs5OF82anZzd2hpajZ4d201V29yZXdFTjN0MXlKeUdDdF9na0lVN2lWOFZ0Nlc2UXM1ai1kYUhzZlJkNGtBWUNFYkNRM19rNU5ROTRPVGJpOEJHTVpkbXg3VzVuNmhVV3NCQ3FGalgzMzlnQW9MeWI3dWtXSDdqctIB3AFBVV95cUxOR2tIWnlSUXFiVWFOYU5qc0RTYVBoaFYtd0d0UGZWR0FEMUViZDF2YjBYLWJkcFRlTEczTENxd255a3ltelJGRHRESTFuSDZmRjdXVEFzSS05S2x3alNrUFNDb3pMMEkxU29pcnhpTUFOSDFZa2hqU25pYVQwM1o2cllqSzhSU0g4SHNSSExMR2wyb2w3VUh0aFZtZjNuRmtSQ3JhQnhIZzRNZjVFaURxVmY0eUxIQV9WZW5EemNvdEgzTGgyWVYxc0F3REswOWtldjlaRVFla1A0Qmpj?oc=5
0.0,64194f6e62,headline_only,The Asheville Citizen Times,"Asheville considers yearlong data center ban, will research impacts",,,,none,none_found,,,not_attempted,no,https://news.google.com/rss/articles/CBMiowFBVV95cUxPRmUzLUNQQVFoME9XRkEtLXk5aENodVRwTllhVk5rSGUwdjBTb2xRUG5iaGJfSFRTQnhUUTMxNEFwOHdsSnpzd0VUUGVxakNrUndPbG5yVXp2TXk0eDEwXzNmaHJ2OXBmMGprYlpITUR1b3ZVbE83b1IyOGpmYm0xMkpNX3NiVG9HWHdGSUdwZFl2M0c3SENURmNxbmNKMUhFQURr?oc=5
0.0,3edbc817cd,headline_only,The Baltimore Banner,"As counties put a pause on data centers, experts suggest a path forward",,,,none,none_found,,,not_attempted,no,https://news.google.com/rss/articles/CBMivwFBVV95cUxPa2JaTjQzck9aT3NYYTNQVUJYcXZjUUEyTkM2ZFNwY1FLS0lPR24tWlQtQ0xxRThJUUJGQnE3UGdvc3R1cDcyTE50VXZraWtGZW5rWld0MUh1ZnRrOVdfT1NTOXFVQ1FaUEttOE1qSWhwYUZaNUlkNk92c1Q2Y3kzdzVkajJZMHQ3bi1vSGQ1ZTlvQ2gxTXFCNDg2ZWU1ak1xUHE4WUMwNmp4aFp5ckNHbERQMU9wSDNiZFNPbUlKTQ?oc=5
0.0,92b0eb9875,headline_only,The Christian Science Monitor,Voters signal opposition to AI data centers in local primaries,,,,none,none_found,,,not_attempted,no,https://news.google.com/rss/articles/CBMiiAFBVV95cUxOaDNHUTdjY2RIVnp5NTRFR3dwdnRlX185OGtGQVdTVGY4YklqTWRYUmQ5bDZCbFlwa0dwdTd6WDFVWEZQTl9ZeFdzSzc2bkZnaUJuMXlLUGhwSFRMZzB6RlFUS0lpQUF2X3Z2VlZiR2tpTERnNFpCNzJhalFsZlFmLUdSTUVhNlll0gGiAUFVX3lxTFA2TUhUWFV5NzZSQmJheWVIVy1FSVFIVG1zd0NfTTV6UnJGd3JxT1JMcHFzVXVwak9fSU1CWjREbGJoU3lHLUdiY1hCRk15ekdUcXkyU2pxZEJENGQ2V09xWVIwNVpkaXFUNnRuWTVvYk1IQ3JLQVZ2bFhQTzU3ZlNTR1Q2cHpqMmtMZVV5Zk0xeEFlQVpHWkNhVTNnNUY0QU9yZw?oc=5
0.0,2579ec6174,headline_only,The Detroit News,Luddites are winning the data center debate | Harsanyi,,,,none,none_found,,,not_attempted,no,https://news.google.com/rss/articles/CBMiygFBVV95cUxQNndyaGRROHZpT0NlUmxXb0dNdkhLUE8xUGluaERCaVVERFd6Zm9oTnRWakVKM0pXcW5uSU1haEdYNnRRMU1tT2wtVXpRVElPR3dYOTdwZ0lwdl9DbWtBRHZWajdUSmVwLTVxcDNmRHU3ZEtxYkx2S3JTbjMya2pPRnI2ZGhpak9TaWhuNzVySG4xMy1ERnFjZTB6RW5fRW5QMkFiemNReTRkcHFNbzU3X0VpXzRwR2hOUHBCdEdYYkg5Y2Y4WnZTelJR?oc=5
0.0,742fce0842,headline_only,The Eastern Echo,U-M continues data center plans despite local opposition,,,,none,none_found,,,not_attempted,no,https://news.google.com/rss/articles/CBMiogFBVV95cUxOVkZXZWRzandBbGZuZENTejFBbm9zcHNjWU85QUhvRktMZmNWTFRWUVFCTDgySkRKSHU2aW9oLUtaaDNoTmtWVlpxWnpldmhRTERBVHlBQVhSaER2RGtUNW92WVNMWlZDOG42ZUgyS0MxZ3FpNmR3ZlpfOXRtcGRHc0tnRkpCTUhkMUVrU0U1S3BsNjBDLUt5RkxGcUZSN090dmc?oc=5
0.0,21ef9dc799,headline_only,The Guardian,US residents angry at datacenters ‘being shoved down our throats’ are recalling officials,,,,none,none_found,,,not_attempted,no,https://news.google.com/rss/articles/CBMigAFBVV95cUxPamRyMWdBU0czMnVvanFzNV9pYzl5dzNMeF9jYkJzTmtQVkxleTV0VXdZTDduRTdZM3cwTWcyakE0NnRQMXBHV1IzLVJJaXRocmNTWnpNNjI5MFpLY0luX2taelR3UlpVb2FVR20zRW5sUXl1Rl93OG13TW0xS3lTQg?oc=5
0.0,f067733285,headline_only,The Information,The 300-Plus Bans and Moratoriums Threatening the U.S. Data Center Boom,,,,none,none_found,,,not_attempted,no,https://news.google.com/rss/articles/CBMinwFBVV95cUxNejlJTzItQW5TYVNXUjJTRmhuUm52OUxCc2hHYVpOYTBITWJYM2ZsZVJUM1IySzBFVHJYenZOaURnNjBGSzlEV3g0MXRxZ3lBXy1xTF93YjFURWdHbUtFZzk0Zm8wV0w0bFU4bTJrX3JNYi1CaEJuNV9UQ25MdV9USG9DbldJX0d5bHZjVTB3VjR1enpDbXlWVFcwZ3BxZ2s?oc=5
0.0,ccb00b1c56,headline_only,The Institute for Energy Research,Data Centers Are Opposed by Over Half of Americans,,,,none,none_found,,,not_attempted,no,https://news.google.com/rss/articles/CBMiuwFBVV95cUxNeGY3OENnNUVHU2RCdVJ5cUI5dHk1R191UFZwOW5VaVVFODFncVV0QzVkRVVqbVg4Tm5CMWU2aWVMRmU5VVJGbElvVjZNWlFvTnY4UlVLWFFGQWFjeHJPMTJ0dW5ybXd4Y3VWUmVrV2Q0WUVFLVhEYm1famlaRWNpYVVacmlYbGtONDc3S19IbHZWTEhQTmJfMVFuMzBpN2JuTFUwWEt6VTFLYVR5S1N4MDI3bHhnaEFySXFV?oc=5
0.0,6e34427f1d,headline_only,The Mighty 790 KFGO,Do you want a data center near you?,,,,none,none_found,,,not_attempted,no,https://news.google.com/rss/articles/CBMiTEFVX3lxTE1GVVo5bWZ4OWlJQmJGc0x1Tldya3JHUUZXZFBmLXM3ZGRSamxnOFdKZXRxSkdZTVJ2dDBoaVVKbWVDWHM0aUtqZWFXSzc?oc=5
0.0,5e3fd9689d,headline_only,The Nevada Independent,OPINION: Reno finally considers actually doing something about data centers,,,,none,none_found,,,not_attempted,no,https://news.google.com/rss/articles/CBMitgFBVV95cUxQWk5zTy1DTUNNMHh3a3hwdXVPSXA0QjR5UFdXNW9JaGYxM01xSTA5aW4wc1l5ZjcwMkVOeVpKc3lRZlJEYVg2T1RuenJYcnA0T0lIWDliRzhtc1ZNOW1pME5PbElOYXd3cUlIZVB4SWU5c2hPY3FqSlZ4YXF0ZnUxSjgybnZ3M2Q2bDd5QUU1WDFvSU9tblk5TGxHVllOWFlIYVF5VkdhSFdHSklqMWdpS0RnX3h3QQ?oc=5
0.0,27a1d79b4f,headline_only,The Nevada Independent,Reno hit pause on approving data centers. Now what happens?,,,,none,none_found,,,not_attempted,no,https://news.google.com/rss/articles/CBMinwFBVV95cUxOb3pJMkJIaEFJYkhla3RHRy1IeXplRk93clhkWTBZMkk2U1NQVXN5QnNneFBGR0d5Mi1fZE92c0RVWlNtaXZJUmswaXVUdFlUQ3g4NDNwZ2hYTHJLcWJ5S0Y3N2JLemJZUzJLRmd1YTc5QS1nWWkxY0dvS0Q1TThIMmNSSXpMY3VKZFdNRGhsNXBIdExpVnRjdGRIWndPLWs?oc=5
0.0,e6f81be418,headline_only,The New York Times,The Movement to Stop Data Centers,,,,none,none_found,,,not_attempted,no,https://news.google.com/rss/articles/CBMickFVX3lxTE93Q3VPWC1xaFlfQlpDRDRhTHpUempEN3RBdjZXaTVKWWVXNHIta3Z5eVJOSWhsdWFMTlE5Z3JTeUxEVHpPRHNHS2Z3anVDM2xWMW9iR0wyUFQ3aUNjTUphdU1JY2pnam5XdloxUjZMS1ZJQQ?oc=5
0.0,f174b131fd,headline_only,The Real Deal,Lake County hits pause on data centers as Chicagoland backlash spreads,,,,none,none_found,,,not_attempted,no,https://news.google.com/rss/articles/CBMiigFBVV95cUxPWFJiX2Z4QVo2THpfT0lLeERCUnpFN1pzeUZaNlBaNVZvc0o1QnF1WGliQWZZUUxLSkRwX29pLW5NdWRRVmNHdWt4S0wxTGFKSjBRTHlhOWpHcnRndm1fc0Y0WFo2LXpsUmlJd1B6alZoODZObE1RcEkxeS1NNVlZVkNReDVLYjk5YWc?oc=5
0.0,5eeef35248,headline_only,The Tennessean,Metro Council seeks temporary ban on Nashville data centers,,,,none,none_found,,,not_attempted,no,https://news.google.com/rss/articles/CBMivAFBVV95cUxOamxqYlJOdUtnVi1GOUU1c0o0dm13T0ducV9KLXVlMTZLZGpSeEw0QlpGbUE2Snl1UzFlU084eTNaNVI2MDhobVhrZzFRb3F6RUJRMjNCMzRGMFpqeUdUbkVhM21yZnpQN1NIalBFMlplcUdsakNnV19lUUJVWXhjN2xIWE1wQmxoeEJJbTRJYUQ0UjJGejZCUEZMQ1p1eFktV3VXUk5kbm9HWTVSanJNQzRob3NhRzFoY1I2ZA?oc=5
0.0,cdbb98d478,headline_only,TiffinOhio.net,More cities are pressing pause on data centers as local backlash grows,,,,none,none_found,,,not_attempted,no,https://news.google.com/rss/articles/CBMiogFBVV95cUxPSHAwaUxMM2o0Q1AwZjJ5a2kzNUhnYk1oTTZyR05teUlGd2ZDVU1pRHZwNGE2VVJjVVE1S2hOZWdaNUh0RnpKa2xaOVpBUm1yeHI4VjFUQVU4bE5iU1dNYzRLWGtiMkE2bW5RYmhpcWdST09oZmZRbVd2VWxYaEFrS1ZySTdudU05VEdhQmh5cXBNMFNiT3RJcE9FRWVmaWs4dUE?oc=5
0.0,9b5188a3b7,headline_only,Truthout,Everybody Hates Data Centers,,,,none,none_found,,,not_attempted,no,https://news.google.com/rss/articles/CBMia0FVX3lxTE02QVh5X2U1UkwwYi1vSW5aYkJmNlptbG1FbDJIbE1EMng2VmdfMTBuaDc5aC1fX2FoYmJaeHpRRjJVcE13UHhPWmVpUXN3YTRKc2padWhMX21UOEdZNmpYc0lsWGk0ZU0zUDI0?oc=5
0.0,dbc652056f,headline_only,WFAA,Hood County data center opposition: 'You know the fight’s not over until it’s absolutely over.',,,,none,none_found,,,not_attempted,no,https://news.google.com/rss/articles/CBMiwgFBVV95cUxNdGVhZWEwLWhLN3hMMy10TjMtazdhdnFUZVFtTlBMS1E5eFRYWll4Q0F2NTQzb0ZRbVhEeE0zenNJQzNvMWNXTmM5c2JXWGcyZ1FidUtJZUx5clBwVGxDdkU1OXhYSGM2Vk95QmJUYmlNanduQnFJdU5VUERYQzJSbnpTeTd6Z2p2YnNyakNOS19PTk02ZHJPRmtOTS00NTRxLU9GTWVzbDdqSWdBUkM2RDVycF9Rbm5ha0taeHdpREdIZw?oc=5
0.0,3a39c8c31a,headline_only,WFYI,"East side data center wins approval, despite community opposition",,,,none,none_found,,,not_attempted,no,https://news.google.com/rss/articles/CBMiqgFBVV95cUxNa3lOMFo5amlHdVFHcFhaejZNTlcwVnYzNVY3Q1JzNzBjS2xhSVBPeE9fUlJHNjg4ZUJPRW1vREkzRDVQNm01WTF3QVdGclQ1VFJMRGZ5bFJ0UFotQWM0WE4zcklSeFZjRUNiZUJFUGo1end5VjdOVzJBNzBSWmtQNTl5MGxfeHlSam9uUExZUkcyNXFhbU1DNUxPTzdlU3hWcWE2UTBPUlloUQ?oc=5
0.0,24ce279e0a,headline_only,WKYT,WKYT Investigates: Bell County family fights proposed data center,,,,none,none_found,,,not_attempted,no,https://news.google.com/rss/articles/CBMingFBVV95cUxOT1BZWnhSa29rTnlEYjhfYldfaVNKQ3hNbjB3Sl84anN3OENXOTlobUJtOWpRazExRkJlWHhGdHYwQldJVHRZbzFzNjdaMHBvM0tSX2U5RkxlX1hUdk95Vmo3NGZMZnNzTm9zZVBJdzFMVHkxZk1NRVItMThGSjVJT3ZpN2xqMDhwcG5fd0s3WWI3c0lHdm5SUE9SNTR6QdIBsgFBVV95cUxQaUczd0ZrQUlHWmc5ZktER21rM0Z3enI2dXZjX3JscW0tcGVycXRub2drdUZwbGtEWldzS1RqVllkOGQ0ODFvNWhzejZUenFqMFg2b2x2LTRGQXdXTjRJRTlDaEpFaGllalVBWjY1NEhpUkRIMEpOVW9pVUlySjlBWnpHdDNYTTRDYWQ0VlhqYmNTSVk5emxuUE13THlZV2owZEMtR050QmUzRmNpcVdWaFdR?oc=5
0.0,c65cb38dfd,headline_only,WSMV,"Fisk University data center proposal draws opposition from community leaders, students",,,,none,none_found,,,not_attempted,no,https://news.google.com/rss/articles/CBMizwFBVV95cUxPT3JudlhUUEFoUTBvWEZBSUdfZGVDTVRLZm5fdlROSlZGRGpnbWctSWlGYndYQmVfODVPS0czME5hdUlTVlpHRVlBd2FpRXRONDRNT1dTWEZSQmYxMFJoeUI3X2s0OFVLNWFUcmVkb3ZKMlpZMTNVY0FISmlGN1ZXUVh6ODJXcDdWaVA5THVfUnd1OHR3aFkzeUJsMktEZFlpSjR1WWpEQy1tZjZGZUVRMm8tRVlrb2RlUWxUMGxGam9PNGo4TmlTbDRDRk1Pc00?oc=5
0.0,7bf2e243f5,headline_only,WTHR,Data centers are expanding fast — but so is the opposition,,,,none,none_found,,,not_attempted,no,https://news.google.com/rss/articles/CBMiwwFBVV95cUxNRVRTekNNdDR1b093N2pzc2dJeUNLTFA3ZzlDdDd6VVZpRVA4dlpkQmkyTnQzMS1NT1libkM2Q3FGdG5qc3lfZ2sxeXZjY0FMdTJtNW5yRVN1V3pkYXNzek9RYXRyOG1MOHI0dkl0TmhwTzhXZndVYTluNm9nRDZHaWJ2MEpDMXlTVHQ1VDJsMnZvSTZ6OTRkLS1seVJPU0c2LXhDcjVrVzBqUGw3OWY3bGx5SFhKa3pRRFZqX1E2Szdva2s?oc=5
0.0,253b3aeafa,headline_only,WWNY,LeRay residents push town board to ban data centers,,,,none,none_found,,,not_attempted,no,https://news.google.com/rss/articles/CBMiiwFBVV95cUxORmtDdXZ4TF84dXFqeFVKYTU1cWl4LVgzelBPeVVydXl0NzBsRmcxWUpDd1JVNTlmQmlFT09FUy1NRkdoSmlNTFJmdUM2dy1BRjk0emFJYU93TG91QnVFSkJLbTZJeEFxNWx5UklmVThEUHNqcEFVMDdLN2tnWWI3WXVSMnZ2aUdld2Fn0gGfAUFVX3lxTFBCel9GeW9Kd285UWh4UXZiUGFSNk1GWGNPY2x6UWJiYjZFMlE4YUxsTlV4ejFHNHpOOVVtcmI2Qkpva2hFT0dERm9vRWkzMDRqQVAxRERmM0VqUS14S2FwYXRlMUU1NTJxU18wdTlWVEE0S2pxXzk4WFhsUFJPekFGUFVSNW5EQVZVY3RabHc1dDVIaWwxOF8tZjRvTnZHbw?oc=5
0.0,f2f808eade,headline_only,WYMT,Bell County residents pack courthouse to oppose data center construction,,,,none,none_found,,,not_attempted,no,https://news.google.com/rss/articles/CBMipAFBVV95cUxNbENlRDk5NVpGX25FbTZaeDJGRkJKdm1ZVE1sQXpNcERBLXByZ0lkUEc3VmVhRDBFYmc1YlpBUk1ZbHB2U3dCTUplcmRFdk45dGNGWFg3M29fSWxsNlpwTk5sdUVKVUJQYU1naXNaRFRBYkpHQlNFLXkydmZZdS1vY1RJYWNnSTZINm1ZUjBKeDFCV1lpVGxDYktMdTFSa0V3cmM4T9IBuAFBVV95cUxPRVNMMFkwcnhHWGI2QzZPaWRHa0Y0dnFHMEdwRWdSX1VHcHZBVzJTdnNnSkdJV2J4ajB3cDU4NkhFSzRFaG9qR3pPMXQ4UjdCR1NJUWVxTUw0bzNkMktud2ZLQXpOX2dDYTFid2RUZlNkTENKckNZMUdVSHo3bVZOWkEwOG9KQWxQMVBUVjlaczdCbzRpZm9weVl3WVhRbjhya0ZCRkJNaUZaYzhYZHZYTHZFQzhpcWRO?oc=5
0.0,9c55fe584b,headline_only,Waging Nonviolence,The data center backlash that’s uniting America,,,,none,none_found,,,not_attempted,no,https://news.google.com/rss/articles/CBMijgFBVV95cUxQVGFCdmMweTJuN1RzWUxIczJoT3Iwbm1rQnFDSmxuVWtLLUpCQVlwYkNVOFo2d1lETUhFS3JhRkpEakp1dnJ5NDVpOEM5QWV1SGlTdGlqemFlbFJZZWw2Sm10SGIxVFVZT29fUkhES0xRTnU5LXNEVmFWMXRZanVBbWc4b1VUYW13VlFzdUF3?oc=5
0.0,518701210f,headline_only,Yahoo Finance,Here's what growing public opposition to the data center boom means for markets,,,,none,none_found,,,not_attempted,no,https://news.google.com/rss/articles/CBMiogFBVV95cUxQLVVVQjE5X2thWi1yRHgxTFJ5RGtGWEtseE1MaVBpNmEzYjVES2t0MUZFWmttc2xwOG5BSzlrREhsM2E5M1MzQm5rZGEtdXV5VGJlSkJQb3NCeUxpcWhkMzM4SnQxS1h4X2diU2s5MEJ3MEVadDB6TDREcmd6Z0ZpUU1sa1RpU01TMk85ZjFRam5QSzhEOTBwV0p6VEhJWFU3dHc?oc=5
0.0,e1b0b19f2d,headline_only,bloodinthemachine.com,The data center rebellion is only the beginning,,,,none,none_found,,,not_attempted,no,https://news.google.com/rss/articles/CBMieEFVX3lxTE5XQVVTRXQtN1M0RkNBSVZmcWZ1TzRrdlhjbUhFWDZEOGdRS29udXVZRWlyOEx5aVBBU2FhRG1ydGhPQ0NFUjlfaEh2YmxuUUF5ZmNaS0oyMDFwYWpSOE5BWkRuT1JPeU01X0xTMGRWeHJ1anVQYTJWQg?oc=5
0.0,2b8cdce4c7,headline_only,btlonline.org,Opposition to Resource-Hungry AI Data Centers Spreads Across the U.S.,,,,none,none_found,,,not_attempted,no,https://news.google.com/rss/articles/CBMilgFBVV95cUxON3l3TzQxb1VxOHJZTGJHN01OOS10V0hfX2JKN3NLT3ZIdzI3clBWb2FJMXJaYzVDZ3lpdFpDYmZ4YWxWU2p5T1lVYV9mb3FiRTd6MGRoUWxHXzRpVGxEaEFkM3VhcG5hSG5hT0pWOXlOZGQtbXllbE1HS0ViRkFvdWhweTNRMXN1R25CUlFHa1JRVDF4c2c?oc=5
0.0,b6737bfb4b,headline_only,govtech.com,Data Center Developers Pull Seattle Plans Amid Opposition,,,,none,none_found,,,not_attempted,no,https://news.google.com/rss/articles/CBMilAFBVV95cUxQM1E0dDh4RzVhRzkxQUVNZzN3REVfRFExeUtZbDdsT042WjR5d0E3QldoVjVSd193b0U5Tmlfb240VTB4aXhZcEJHN0xNbTljaVkzdlFMdUhZM1dDMlYyb3hCZ0NSSHotTzJsZGEtZXRBNEM3bms3Q2xETTBRVkUxOExyNzhZSUo1ZWN5V2dOYkhSR1JE?oc=5
0.0,632d67940d,headline_only,grist.org,America’s data center backlash is bipartisan — can it stay that way?,,,,none,none_found,,,not_attempted,no,https://news.google.com/rss/articles/CBMib0FVX3lxTFBqZWM1R2tWbDlLRTlQVlRnbDYxUkttckZhQTZTOTRaZ2xtMm1CZEZUNmpGOEF2UFMtaFg5eFNrZDFReTBibjUyY3JYcTlMUmw1WlNjSTlJQ1QtdzFqUDVHQkRpcjd3UTlFOTRMdXdMVQ?oc=5
0.0,04a9e37e2b,headline_only,grist.org,Climate activists take on a new foe: Data centers,,,,none,none_found,,,not_attempted,no,https://news.google.com/rss/articles/CBMifEFVX3lxTFB0clUteDNWV0x4T3h4SXZWeEtsX0Y3Rlc5dTJSdkgzTm0zNmY1UE01SzZQdzBDRGd2YXBzMnBPajZUdUJLaURXRU5xT2dsUldqYkU5NUs2MGZZT3R1X1paWWVROHJlcElSUDJuNldwVTdaSkVnVEthdHE2cmw?oc=5
0.0,1159329d20,headline_only,grist.org,Nebraskans are taking a hard look at data centers,,,,none,none_found,,,not_attempted,no,https://news.google.com/rss/articles/CBMigAFBVV95cUxQOWEtODNKX1JfMEZDcUNoRXVQVmdNUHRpeGFrUk9yNXNBaklFWmJ2dll2U002aTY4OExXeVlxYjdtekdZbjRxX1N3MlphRkN1WDV0YzdYWk45dERhVlBEa2YxREczQXhzRFNOQ2F1eHZIWkFVZVc3ZnppSmtEb1ktVg?oc=5
0.0,71ad71222c,headline_only,observertoday.com,Molitor: state data center delay is hypocritical,,,,none,none_found,,,not_attempted,no,https://news.google.com/rss/articles/CBMipgFBVV95cUxQY0hpYzJMUFdmWVh4OEk5N2steUZyZkM3aUF1THIxTXluNno5SGRoTzNzcHJnSHhSbTM0UWhVRmVwWWtSRDRGTjVXa0VFcTQyNjVXSWVGazRVRS1ESXh6UmRjQ0VDRXVidVVBaEFpSHNFcjNtcXI2aGpiTHZ5N2hHZE1WaXNZWFVFZ1hZR3Y4NkNQSm85dFRoRE5XOE10UDE3Y1pCMlBn?oc=5
0.0,fbbdd1f16c,headline_only,observertoday.com,"Molitor: state data center delay is hypocritical | News, Sports, Jobs",,,,none,none_found,,,not_attempted,no,https://news.google.com/rss/articles/CBMipgFBVV95cUxQY0hpYzJMUFdmWVh4OEk5N2steUZyZkM3aUF1THIxTXluNno5SGRoTzNzcHJnSHhSbTM0UWhVRmVwWWtSRDRGTjVXa0VFcTQyNjVXSWVGazRVRS1ESXh6UmRjQ0VDRXVidVVBaEFpSHNFcjNtcXI2aGpiTHZ5N2hHZE1WaXNZWFVFZ1hZR3Y4NkNQSm85dFRoRE5XOE10UDE3Y1pCMlBn?oc=5
-2.0,31a0e12e6f,headline_only,MSN,Gallup poll shows stronger opposition to AI data centers than nuclear plants,,,,none,none_found,,,not_attempted,no,https://news.google.com/rss/articles/CBMiiwJBVV95cUxNUlBqaktsQjlwTUpaTl9yRUpLS1NoS0Zsd2lTOWJFUkZ5ZUgtRHAzdlV5Wjc4SWRtMjRpbmtQSFdWZVAyOEFYdm9fODBaOExDLTBBLTI5OHZxcVJkcEhsY0VPdVdCSThlQjJ5aFpSaFpCd0staVoyMDZoak9RdVBzb1RWQnQzQjdRblpXTG9SSWpTSlZSMklkek5qRFU4OHowOHBUekRaMGcydlVfdUViM3ZUWTJRUERUVXVvcGR4OC1MMlNpejBkbWNFQ2JvbU9qbFJVWDg0VmxUeEp5elUycWlqa0xCSGFhbzJseFVURm1fSGxiSUlkdzQ2TG5DY25maHJHUkZ1NDVKMzA?oc=5
