fips,farm_acres,farmland_share,cropland_acres,cropland_share,census_year,source
01001,104722.0,0.2753,35509.0,0.0933,2022,"public domain (USDA NASS Census of Agriculture), Census of Agriculture 2022"
01003,180784.0,0.1777,104184.0,0.1024,2022,"public domain (USDA NASS Census of Agriculture), Census of Agriculture 2022"
01005,215074.0,0.3797,55435.0,0.0979,2022,"public domain (USDA NASS Census of Agriculture), Census of Agriculture 2022"
01007,42199.0,0.1059,11423.0,0.0287,2022,"public domain (USDA NASS Census of Agriculture), Census of Agriculture 2022"
01009,138653.0,0.3359,40551.0,0.0983,2022,"public domain (USDA NASS Census of Agriculture), Census of Agriculture 2022"
01011,172924.0,0.4338,29173.0,0.0732,2022,"public domain (USDA NASS Census of Agriculture), Census of Agriculture 2022"
01013,90393.0,0.1818,16242.0,0.0327,2022,"public domain (USDA NASS Census of Agriculture), Census of Agriculture 2022"
01015,70157.0,0.1809,21694.0,0.0559,2022,"public domain (USDA NASS Census of Agriculture), Census of Agriculture 2022"
01017,130961.0,0.343,22465.0,0.0588,2022,"public domain (USDA NASS Census of Agriculture), Census of Agriculture 2022"
01019,163443.0,0.4614,84248.0,0.2378,2022,"public domain (USDA NASS Census of Agriculture), Census of Agriculture 2022"
01021,96440.0,0.2175,18568.0,0.0419,2022,"public domain (USDA NASS Census of Agriculture), Census of Agriculture 2022"
01023,64977.0,0.1111,8734.0,0.0149,2022,"public domain (USDA NASS Census of Agriculture), Census of Agriculture 2022"
01025,49651.0,0.0626,11917.0,0.015,2022,"public domain (USDA NASS Census of Agriculture), Census of Agriculture 2022"
01027,86388.0,0.2235,17895.0,0.0463,2022,"public domain (USDA NASS Census of Agriculture), Census of Agriculture 2022"
01029,46919.0,0.1309,8363.0,0.0233,2022,"public domain (USDA NASS Census of Agriculture), Census of Agriculture 2022"
01031,133040.0,0.3062,56841.0,0.1308,2022,"public domain (USDA NASS Census of Agriculture), Census of Agriculture 2022"
01033,143106.0,0.3771,57928.0,0.1526,2022,"public domain (USDA NASS Census of Agriculture), Census of Agriculture 2022"
01035,128305.0,0.2358,22165.0,0.0407,2022,"public domain (USDA NASS Census of Agriculture), Census of Agriculture 2022"
01037,32046.0,0.0769,3786.0,0.0091,2022,"public domain (USDA NASS Census of Agriculture), Census of Agriculture 2022"
01039,165318.0,0.2506,49819.0,0.0755,2022,"public domain (USDA NASS Census of Agriculture), Census of Agriculture 2022"
01041,127773.0,0.3279,21393.0,0.0549,2022,"public domain (USDA NASS Census of Agriculture), Census of Agriculture 2022"
01043,182249.0,0.3876,60539.0,0.1287,2022,"public domain (USDA NASS Census of Agriculture), Census of Agriculture 2022"
01045,118588.0,0.3302,45359.0,0.1263,2022,"public domain (USDA NASS Census of Agriculture), Census of Agriculture 2022"
01047,223331.0,0.3565,76472.0,0.1221,2022,"public domain (USDA NASS Census of Agriculture), Census of Agriculture 2022"
01049,219604.0,0.4416,86905.0,0.1747,2022,"public domain (USDA NASS Census of Agriculture), Census of Agriculture 2022"
01051,80066.0,0.2023,35814.0,0.0905,2022,"public domain (USDA NASS Census of Agriculture), Census of Agriculture 2022"
01053,107160.0,0.1771,57211.0,0.0946,2022,"public domain (USDA NASS Census of Agriculture), Census of Agriculture 2022"
01055,90283.0,0.2636,32445.0,0.0947,2022,"public domain (USDA NASS Census of Agriculture), Census of Agriculture 2022"
01057,60797.0,0.1513,16315.0,0.0406,2022,"public domain (USDA NASS Census of Agriculture), Census of Agriculture 2022"
01059,128853.0,0.3176,40332.0,0.0994,2022,"public domain (USDA NASS Census of Agriculture), Census of Agriculture 2022"
01061,160853.0,0.4375,87425.0,0.2378,2022,"public domain (USDA NASS Census of Agriculture), Census of Agriculture 2022"
01063,107845.0,0.2604,23461.0,0.0567,2022,"public domain (USDA NASS Census of Agriculture), Census of Agriculture 2022"
01065,149599.0,0.363,29246.0,0.071,2022,"public domain (USDA NASS Census of Agriculture), Census of Agriculture 2022"
01067,157925.0,0.4392,82731.0,0.2301,2022,"public domain (USDA NASS Census of Agriculture), Census of Agriculture 2022"
01069,187714.0,0.5058,113408.0,0.3056,2022,"public domain (USDA NASS Census of Agriculture), Census of Agriculture 2022"
01071,252976.0,0.3667,118882.0,0.1723,2022,"public domain (USDA NASS Census of Agriculture), Census of Agriculture 2022"
01073,29631.0,0.0417,6971.0,0.0098,2022,"public domain (USDA NASS Census of Agriculture), Census of Agriculture 2022"
01075,89003.0,0.2299,12850.0,0.0332,2022,"public domain (USDA NASS Census of Agriculture), Census of Agriculture 2022"
01077,181760.0,0.4251,98755.0,0.231,2022,"public domain (USDA NASS Census of Agriculture), Census of Agriculture 2022"
01079,209398.0,0.4737,127305.0,0.288,2022,"public domain (USDA NASS Census of Agriculture), Census of Agriculture 2022"
01081,73524.0,0.1891,16941.0,0.0436,2022,"public domain (USDA NASS Census of Agriculture), Census of Agriculture 2022"
01083,255290.0,0.708,150019.0,0.4161,2022,"public domain (USDA NASS Census of Agriculture), Census of Agriculture 2022"
01085,201912.0,0.4406,44644.0,0.0974,2022,"public domain (USDA NASS Census of Agriculture), Census of Agriculture 2022"
01087,115773.0,0.2972,35489.0,0.0911,2022,"public domain (USDA NASS Census of Agriculture), Census of Agriculture 2022"
01089,185472.0,0.3615,139102.0,0.2711,2022,"public domain (USDA NASS Census of Agriculture), Census of Agriculture 2022"
01091,197555.0,0.316,47697.0,0.0763,2022,"public domain (USDA NASS Census of Agriculture), Census of Agriculture 2022"
01093,112612.0,0.237,28546.0,0.0601,2022,"public domain (USDA NASS Census of Agriculture), Census of Agriculture 2022"
01095,156900.0,0.4333,53220.0,0.147,2022,"public domain (USDA NASS Census of Agriculture), Census of Agriculture 2022"
01097,108529.0,0.1379,39631.0,0.0504,2022,"public domain (USDA NASS Census of Agriculture), Census of Agriculture 2022"
01099,161019.0,0.2453,44699.0,0.0681,2022,"public domain (USDA NASS Census of Agriculture), Census of Agriculture 2022"
01101,179866.0,0.3579,41709.0,0.083,2022,"public domain (USDA NASS Census of Agriculture), Census of Agriculture 2022"
01103,140181.0,0.3779,56580.0,0.1525,2022,"public domain (USDA NASS Census of Agriculture), Census of Agriculture 2022"
01105,147664.0,0.3206,57083.0,0.1239,2022,"public domain (USDA NASS Census of Agriculture), Census of Agriculture 2022"
01107,116943.0,0.2073,39890.0,0.0707,2022,"public domain (USDA NASS Census of Agriculture), Census of Agriculture 2022"
01109,149349.0,0.3472,35248.0,0.0819,2022,"public domain (USDA NASS Census of Agriculture), Census of Agriculture 2022"
01111,122248.0,0.329,20138.0,0.0542,2022,"public domain (USDA NASS Census of Agriculture), Census of Agriculture 2022"
01113,112214.0,0.2735,17530.0,0.0427,2022,"public domain (USDA NASS Census of Agriculture), Census of Agriculture 2022"
01115,80967.0,0.2003,22860.0,0.0566,2022,"public domain (USDA NASS Census of Agriculture), Census of Agriculture 2022"
01117,54230.0,0.1079,17910.0,0.0356,2022,"public domain (USDA NASS Census of Agriculture), Census of Agriculture 2022"
01119,204698.0,0.3539,31209.0,0.054,2022,"public domain (USDA NASS Census of Agriculture), Census of Agriculture 2022"
01121,98806.0,0.2095,40156.0,0.0852,2022,"public domain (USDA NASS Census of Agriculture), Census of Agriculture 2022"
01123,80926.0,0.1765,12587.0,0.0274,2022,"public domain (USDA NASS Census of Agriculture), Census of Agriculture 2022"
01125,115659.0,0.1368,28032.0,0.0332,2022,"public domain (USDA NASS Census of Agriculture), Census of Agriculture 2022"
01127,65359.0,0.1291,15174.0,0.03,2022,"public domain (USDA NASS Census of Agriculture), Census of Agriculture 2022"
01129,69161.0,0.1,14578.0,0.0211,2022,"public domain (USDA NASS Census of Agriculture), Census of Agriculture 2022"
01131,157580.0,0.2773,25661.0,0.0452,2022,"public domain (USDA NASS Census of Agriculture), Census of Agriculture 2022"
01133,43756.0,0.1115,9458.0,0.0241,2022,"public domain (USDA NASS Census of Agriculture), Census of Agriculture 2022"
02013,,,,,,
02016,,,,,,
02020,39532.0,0.0362,15894.0,0.0145,2022,"public domain (USDA NASS Census of Agriculture), Census of Agriculture 2022"
02050,,,,,,
02060,,,,,,
02063,,,,,,
02066,,,,,,
02068,,,,,,
02070,,,,,,
02090,101187.0,0.0216,51038.0,0.0109,2022,"public domain (USDA NASS Census of Agriculture), Census of Agriculture 2022"
02100,,,,,,
02105,,,,,,
02110,805.0,0.0005,92.0,0.0001,2022,"public domain (USDA NASS Census of Agriculture), Census of Agriculture 2022"
02122,20953.0,0.002,2947.0,0.0003,2022,"public domain (USDA NASS Census of Agriculture), Census of Agriculture 2022"
02130,,,,,,
02150,,,,,,
02158,,,,,,
02164,,,,,,
02170,,,,,,
02180,,,,,,
02185,,,,,,
02188,,,,,,
02195,,,,,,
02198,,,,,,
02220,,,,,,
02230,,,,,,
02240,,,,,,
02275,,,,,,
02282,,,,,,
02290,,,,,,
04001,5534505.0,0.7722,37526.0,0.0052,2022,"public domain (USDA NASS Census of Agriculture), Census of Agriculture 2022"
04003,1035831.0,0.2606,143907.0,0.0362,2022,"public domain (USDA NASS Census of Agriculture), Census of Agriculture 2022"
04005,5513546.0,0.4628,12466.0,0.001,2022,"public domain (USDA NASS Census of Agriculture), Census of Agriculture 2022"
04007,1328043.0,0.4362,2570.0,0.0008,2022,"public domain (USDA NASS Census of Agriculture), Census of Agriculture 2022"
04009,1215892.0,0.4111,39511.0,0.0134,2022,"public domain (USDA NASS Census of Agriculture), Census of Agriculture 2022"
04011,23269.0,0.0197,4659.0,0.004,2022,"public domain (USDA NASS Census of Agriculture), Census of Agriculture 2022"
04012,235666.0,0.0819,99798.0,0.0347,2022,"public domain (USDA NASS Census of Agriculture), Census of Agriculture 2022"
04013,502029.0,0.0852,264018.0,0.0448,2022,"public domain (USDA NASS Census of Agriculture), Census of Agriculture 2022"
04015,753799.0,0.0883,33338.0,0.0039,2022,"public domain (USDA NASS Census of Agriculture), Census of Agriculture 2022"
04017,4637488.0,0.7283,35267.0,0.0055,2022,"public domain (USDA NASS Census of Agriculture), Census of Agriculture 2022"
04019,2275756.0,0.387,39294.0,0.0067,2022,"public domain (USDA NASS Census of Agriculture), Census of Agriculture 2022"
04021,1476279.0,0.4298,295876.0,0.0861,2022,"public domain (USDA NASS Census of Agriculture), Census of Agriculture 2022"
04023,119188.0,0.1506,3974.0,0.005,2022,"public domain (USDA NASS Census of Agriculture), Census of Agriculture 2022"
04025,661643.0,0.1273,7714.0,0.0015,2022,"public domain (USDA NASS Census of Agriculture), Census of Agriculture 2022"
04027,212153.0,0.0601,201881.0,0.0572,2022,"public domain (USDA NASS Census of Agriculture), Census of Agriculture 2022"
05001,407865.0,0.6423,360977.0,0.5685,2022,"public domain (USDA NASS Census of Agriculture), Census of Agriculture 2022"
05003,146003.0,0.2465,111754.0,0.1887,2022,"public domain (USDA NASS Census of Agriculture), Census of Agriculture 2022"
05005,108528.0,0.3061,16350.0,0.0461,2022,"public domain (USDA NASS Census of Agriculture), Census of Agriculture 2022"
05007,216914.0,0.3998,70047.0,0.1291,2022,"public domain (USDA NASS Census of Agriculture), Census of Agriculture 2022"
05009,222741.0,0.5902,46147.0,0.1223,2022,"public domain (USDA NASS Census of Agriculture), Census of Agriculture 2022"
05011,29022.0,0.0699,6823.0,0.0164,2022,"public domain (USDA NASS Census of Agriculture), Census of Agriculture 2022"
05013,15903.0,0.0395,3214.0,0.008,2022,"public domain (USDA NASS Census of Agriculture), Census of Agriculture 2022"
05015,247703.0,0.6144,45315.0,0.1124,2022,"public domain (USDA NASS Census of Agriculture), Census of Agriculture 2022"
05017,276268.0,0.6777,253653.0,0.6222,2022,"public domain (USDA NASS Census of Agriculture), Census of Agriculture 2022"
05019,78119.0,0.141,22802.0,0.0411,2022,"public domain (USDA NASS Census of Agriculture), Census of Agriculture 2022"
05021,246685.0,0.603,214201.0,0.5236,2022,"public domain (USDA NASS Census of Agriculture), Census of Agriculture 2022"
05023,112299.0,0.3168,34156.0,0.0963,2022,"public domain (USDA NASS Census of Agriculture), Census of Agriculture 2022"
05025,39364.0,0.1029,8335.0,0.0218,2022,"public domain (USDA NASS Census of Agriculture), Census of Agriculture 2022"
05027,58575.0,0.1195,9487.0,0.0194,2022,"public domain (USDA NASS Census of Agriculture), Census of Agriculture 2022"
05029,169029.0,0.4785,64146.0,0.1816,2022,"public domain (USDA NASS Census of Agriculture), Census of Agriculture 2022"
05031,283467.0,0.6263,269905.0,0.5964,2022,"public domain (USDA NASS Census of Agriculture), Census of Agriculture 2022"
05033,139358.0,0.3658,56120.0,0.1473,2022,"public domain (USDA NASS Census of Agriculture), Census of Agriculture 2022"
05035,354875.0,0.9048,341923.0,0.8717,2022,"public domain (USDA NASS Census of Agriculture), Census of Agriculture 2022"
05037,275217.0,0.6977,256027.0,0.6491,2022,"public domain (USDA NASS Census of Agriculture), Census of Agriculture 2022"
05039,12625.0,0.0296,2381.0,0.0056,2022,"public domain (USDA NASS Census of Agriculture), Census of Agriculture 2022"
05041,261668.0,0.5516,242899.0,0.512,2022,"public domain (USDA NASS Census of Agriculture), Census of Agriculture 2022"
05043,102338.0,0.193,57619.0,0.1086,2022,"public domain (USDA NASS Census of Agriculture), Census of Agriculture 2022"
05045,195761.0,0.4726,61960.0,0.1496,2022,"public domain (USDA NASS Census of Agriculture), Census of Agriculture 2022"
05047,182421.0,0.4681,53910.0,0.1383,2022,"public domain (USDA NASS Census of Agriculture), Census of Agriculture 2022"
05049,251586.0,0.6361,33400.0,0.0844,2022,"public domain (USDA NASS Census of Agriculture), Census of Agriculture 2022"
05051,29001.0,0.0669,8531.0,0.0197,2022,"public domain (USDA NASS Census of Agriculture), Census of Agriculture 2022"
05053,68153.0,0.1685,14885.0,0.0368,2022,"public domain (USDA NASS Census of Agriculture), Census of Agriculture 2022"
05055,224286.0,0.607,190252.0,0.5149,2022,"public domain (USDA NASS Census of Agriculture), Census of Agriculture 2022"
05057,230281.0,0.4948,60727.0,0.1305,2022,"public domain (USDA NASS Census of Agriculture), Census of Agriculture 2022"
05059,67178.0,0.1707,18358.0,0.0466,2022,"public domain (USDA NASS Census of Agriculture), Census of Agriculture 2022"
05061,110927.0,0.2951,27537.0,0.0733,2022,"public domain (USDA NASS Census of Agriculture), Census of Agriculture 2022"
05063,298252.0,0.6102,88264.0,0.1806,2022,"public domain (USDA NASS Census of Agriculture), Census of Agriculture 2022"
05065,183625.0,0.4945,31381.0,0.0845,2022,"public domain (USDA NASS Census of Agriculture), Census of Agriculture 2022"
05067,290108.0,0.7154,263397.0,0.6495,2022,"public domain (USDA NASS Census of Agriculture), Census of Agriculture 2022"
05069,296354.0,0.5308,251794.0,0.451,2022,"public domain (USDA NASS Census of Agriculture), Census of Agriculture 2022"
05071,104688.0,0.2475,39286.0,0.0929,2022,"public domain (USDA NASS Census of Agriculture), Census of Agriculture 2022"
05073,120374.0,0.3552,57872.0,0.1708,2022,"public domain (USDA NASS Census of Agriculture), Census of Agriculture 2022"
05075,256117.0,0.6811,196029.0,0.5213,2022,"public domain (USDA NASS Census of Agriculture), Census of Agriculture 2022"
05077,306554.0,0.7986,289708.0,0.7547,2022,"public domain (USDA NASS Census of Agriculture), Census of Agriculture 2022"
05079,212791.0,0.5943,175838.0,0.4911,2022,"public domain (USDA NASS Census of Agriculture), Census of Agriculture 2022"
05081,173519.0,0.5103,54739.0,0.161,2022,"public domain (USDA NASS Census of Agriculture), Census of Agriculture 2022"
05083,212374.0,0.468,73483.0,0.1619,2022,"public domain (USDA NASS Census of Agriculture), Census of Agriculture 2022"
05085,408836.0,0.8281,325410.0,0.6591,2022,"public domain (USDA NASS Census of Agriculture), Census of Agriculture 2022"
05087,236155.0,0.4423,58279.0,0.1092,2022,"public domain (USDA NASS Census of Agriculture), Census of Agriculture 2022"
05089,149422.0,0.3913,19400.0,0.0508,2022,"public domain (USDA NASS Census of Agriculture), Census of Agriculture 2022"
05091,161898.0,0.4054,93039.0,0.233,2022,"public domain (USDA NASS Census of Agriculture), Census of Agriculture 2022"
05093,515954.0,0.8937,509082.0,0.8818,2022,"public domain (USDA NASS Census of Agriculture), Census of Agriculture 2022"
05095,170551.0,0.4387,160038.0,0.4116,2022,"public domain (USDA NASS Census of Agriculture), Census of Agriculture 2022"
05097,74645.0,0.1494,17806.0,0.0356,2022,"public domain (USDA NASS Census of Agriculture), Census of Agriculture 2022"
05099,83981.0,0.2124,25607.0,0.0648,2022,"public domain (USDA NASS Census of Agriculture), Census of Agriculture 2022"
05101,86152.0,0.1639,13714.0,0.0261,2022,"public domain (USDA NASS Census of Agriculture), Census of Agriculture 2022"
05103,41514.0,0.0885,4820.0,0.0103,2022,"public domain (USDA NASS Census of Agriculture), Census of Agriculture 2022"
05105,68311.0,0.1936,29477.0,0.0835,2022,"public domain (USDA NASS Census of Agriculture), Census of Agriculture 2022"
05107,380542.0,0.8613,370463.0,0.8385,2022,"public domain (USDA NASS Census of Agriculture), Census of Agriculture 2022"
05109,104823.0,0.2728,21794.0,0.0567,2022,"public domain (USDA NASS Census of Agriculture), Census of Agriculture 2022"
05111,348782.0,0.7187,323983.0,0.6676,2022,"public domain (USDA NASS Census of Agriculture), Census of Agriculture 2022"
05113,103336.0,0.1884,25484.0,0.0465,2022,"public domain (USDA NASS Census of Agriculture), Census of Agriculture 2022"
05115,172176.0,0.3317,62796.0,0.121,2022,"public domain (USDA NASS Census of Agriculture), Census of Agriculture 2022"
05117,280447.0,0.6767,219326.0,0.5292,2022,"public domain (USDA NASS Census of Agriculture), Census of Agriculture 2022"
05119,72088.0,0.1485,38331.0,0.079,2022,"public domain (USDA NASS Census of Agriculture), Census of Agriculture 2022"
05121,246404.0,0.5906,113809.0,0.2728,2022,"public domain (USDA NASS Census of Agriculture), Census of Agriculture 2022"
05123,286143.0,0.7043,265707.0,0.654,2022,"public domain (USDA NASS Census of Agriculture), Census of Agriculture 2022"
05125,59794.0,0.1291,25131.0,0.0543,2022,"public domain (USDA NASS Census of Agriculture), Census of Agriculture 2022"
05127,106366.0,0.1861,30934.0,0.0541,2022,"public domain (USDA NASS Census of Agriculture), Census of Agriculture 2022"
05129,175165.0,0.411,26199.0,0.0615,2022,"public domain (USDA NASS Census of Agriculture), Census of Agriculture 2022"
05131,114180.0,0.3359,37024.0,0.1089,2022,"public domain (USDA NASS Census of Agriculture), Census of Agriculture 2022"
05133,120912.0,0.3352,31925.0,0.0885,2022,"public domain (USDA NASS Census of Agriculture), Census of Agriculture 2022"
05135,151450.0,0.3914,24900.0,0.0643,2022,"public domain (USDA NASS Census of Agriculture), Census of Agriculture 2022"
05137,142096.0,0.3661,26858.0,0.0692,2022,"public domain (USDA NASS Census of Agriculture), Census of Agriculture 2022"
05139,43998.0,0.0662,8280.0,0.0125,2022,"public domain (USDA NASS Census of Agriculture), Census of Agriculture 2022"
05141,106364.0,0.2342,27324.0,0.0602,2022,"public domain (USDA NASS Census of Agriculture), Census of Agriculture 2022"
05143,301969.0,0.5012,86582.0,0.1437,2022,"public domain (USDA NASS Census of Agriculture), Census of Agriculture 2022"
05145,376803.0,0.5694,159308.0,0.2407,2022,"public domain (USDA NASS Census of Agriculture), Census of Agriculture 2022"
05147,222605.0,0.5936,202036.0,0.5387,2022,"public domain (USDA NASS Census of Agriculture), Census of Agriculture 2022"
05149,189747.0,0.3187,70003.0,0.1176,2022,"public domain (USDA NASS Census of Agriculture), Census of Agriculture 2022"
06001,158500.0,0.3358,14619.0,0.031,2022,"public domain (USDA NASS Census of Agriculture), Census of Agriculture 2022"
06003,,,,,,
06005,132565.0,0.3484,9434.0,0.0248,2022,"public domain (USDA NASS Census of Agriculture), Census of Agriculture 2022"
06007,388383.0,0.3708,207138.0,0.1978,2022,"public domain (USDA NASS Census of Agriculture), Census of Agriculture 2022"
06009,221491.0,0.3393,4685.0,0.0072,2022,"public domain (USDA NASS Census of Agriculture), Census of Agriculture 2022"
06011,465843.0,0.6326,276014.0,0.3748,2022,"public domain (USDA NASS Census of Agriculture), Census of Agriculture 2022"
06013,208948.0,0.4554,26729.0,0.0583,2022,"public domain (USDA NASS Census of Agriculture), Census of Agriculture 2022"
06015,,,6866.0,0.0107,2022,"public domain (USDA NASS Census of Agriculture), Census of Agriculture 2022"
06017,93239.0,0.0853,9246.0,0.0085,2022,"public domain (USDA NASS Census of Agriculture), Census of Agriculture 2022"
06019,1659451.0,0.4352,1182023.0,0.31,2022,"public domain (USDA NASS Census of Agriculture), Census of Agriculture 2022"
06021,484172.0,0.5758,241032.0,0.2866,2022,"public domain (USDA NASS Census of Agriculture), Census of Agriculture 2022"
06023,544630.0,0.2385,15970.0,0.007,2022,"public domain (USDA NASS Census of Agriculture), Census of Agriculture 2022"
06025,736586.0,0.2756,702024.0,0.2627,2022,"public domain (USDA NASS Census of Agriculture), Census of Agriculture 2022"
06027,257160.0,0.0394,13854.0,0.0021,2022,"public domain (USDA NASS Census of Agriculture), Census of Agriculture 2022"
06029,2399512.0,0.4609,994576.0,0.191,2022,"public domain (USDA NASS Census of Agriculture), Census of Agriculture 2022"
06031,593199.0,0.6663,452269.0,0.508,2022,"public domain (USDA NASS Census of Agriculture), Census of Agriculture 2022"
06033,138030.0,0.1718,19386.0,0.0241,2022,"public domain (USDA NASS Census of Agriculture), Census of Agriculture 2022"
06035,593950.0,0.2044,84824.0,0.0292,2022,"public domain (USDA NASS Census of Agriculture), Census of Agriculture 2022"
06037,69224.0,0.0266,30500.0,0.0117,2022,"public domain (USDA NASS Census of Agriculture), Census of Agriculture 2022"
06039,693611.0,0.5072,390554.0,0.2856,2022,"public domain (USDA NASS Census of Agriculture), Census of Agriculture 2022"
06041,121843.0,0.366,18725.0,0.0562,2022,"public domain (USDA NASS Census of Agriculture), Census of Agriculture 2022"
06043,240428.0,0.2593,3797.0,0.0041,2022,"public domain (USDA NASS Census of Agriculture), Census of Agriculture 2022"
06045,677787.0,0.302,60650.0,0.027,2022,"public domain (USDA NASS Census of Agriculture), Census of Agriculture 2022"
06047,872326.0,0.7033,550570.0,0.4439,2022,"public domain (USDA NASS Census of Agriculture), Census of Agriculture 2022"
06049,533782.0,0.2112,170943.0,0.0677,2022,"public domain (USDA NASS Census of Agriculture), Census of Agriculture 2022"
06051,61063.0,0.0313,18647.0,0.0096,2022,"public domain (USDA NASS Census of Agriculture), Census of Agriculture 2022"
06053,1338477.0,0.6373,363670.0,0.1732,2022,"public domain (USDA NASS Census of Agriculture), Census of Agriculture 2022"
06055,242403.0,0.5037,68190.0,0.1417,2022,"public domain (USDA NASS Census of Agriculture), Census of Agriculture 2022"
06057,64185.0,0.1047,4133.0,0.0067,2022,"public domain (USDA NASS Census of Agriculture), Census of Agriculture 2022"
06059,37658.0,0.0742,5114.0,0.0101,2022,"public domain (USDA NASS Census of Agriculture), Census of Agriculture 2022"
06061,84898.0,0.0943,22264.0,0.0247,2022,"public domain (USDA NASS Census of Agriculture), Census of Agriculture 2022"
06063,101008.0,0.0618,17908.0,0.011,2022,"public domain (USDA NASS Census of Agriculture), Census of Agriculture 2022"
06065,361970.0,0.0785,234583.0,0.0508,2022,"public domain (USDA NASS Census of Agriculture), Census of Agriculture 2022"
06067,256617.0,0.4154,134941.0,0.2184,2022,"public domain (USDA NASS Census of Agriculture), Census of Agriculture 2022"
06069,544537.0,0.6127,48007.0,0.054,2022,"public domain (USDA NASS Census of Agriculture), Census of Agriculture 2022"
06071,36659.0,0.0029,18906.0,0.0015,2022,"public domain (USDA NASS Census of Agriculture), Census of Agriculture 2022"
06073,179330.0,0.0665,55411.0,0.0206,2022,"public domain (USDA NASS Census of Agriculture), Census of Agriculture 2022"
06075,127.0,0.0042,,,2022,"public domain (USDA NASS Census of Agriculture), Census of Agriculture 2022"
06077,862356.0,0.9678,614128.0,0.6892,2022,"public domain (USDA NASS Census of Agriculture), Census of Agriculture 2022"
06079,921300.0,0.4361,231838.0,0.1097,2022,"public domain (USDA NASS Census of Agriculture), Census of Agriculture 2022"
06081,44885.0,0.1563,7003.0,0.0244,2022,"public domain (USDA NASS Census of Agriculture), Census of Agriculture 2022"
06083,621663.0,0.3553,151355.0,0.0865,2022,"public domain (USDA NASS Census of Agriculture), Census of Agriculture 2022"
06085,245191.0,0.2967,25318.0,0.0306,2022,"public domain (USDA NASS Census of Agriculture), Census of Agriculture 2022"
06087,47871.0,0.168,21984.0,0.0772,2022,"public domain (USDA NASS Census of Agriculture), Census of Agriculture 2022"
06089,286114.0,0.1184,46940.0,0.0194,2022,"public domain (USDA NASS Census of Agriculture), Census of Agriculture 2022"
06091,65468.0,0.1073,5087.0,0.0083,2022,"public domain (USDA NASS Census of Agriculture), Census of Agriculture 2022"
06093,672775.0,0.1674,169826.0,0.0423,2022,"public domain (USDA NASS Census of Agriculture), Census of Agriculture 2022"
06095,339476.0,0.6455,162145.0,0.3083,2022,"public domain (USDA NASS Census of Agriculture), Census of Agriculture 2022"
06097,466810.0,0.463,131237.0,0.1302,2022,"public domain (USDA NASS Census of Agriculture), Census of Agriculture 2022"
06099,685145.0,0.7155,432109.0,0.4513,2022,"public domain (USDA NASS Census of Agriculture), Census of Agriculture 2022"
06101,257995.0,0.6689,199339.0,0.5168,2022,"public domain (USDA NASS Census of Agriculture), Census of Agriculture 2022"
06103,627913.0,0.3327,99441.0,0.0527,2022,"public domain (USDA NASS Census of Agriculture), Census of Agriculture 2022"
06105,57124.0,0.0281,1558.0,0.0008,2022,"public domain (USDA NASS Census of Agriculture), Census of Agriculture 2022"
06107,1310768.0,0.4246,759238.0,0.2459,2022,"public domain (USDA NASS Census of Agriculture), Census of Agriculture 2022"
06109,127724.0,0.0899,2542.0,0.0018,2022,"public domain (USDA NASS Census of Agriculture), Census of Agriculture 2022"
06111,300567.0,0.2551,139944.0,0.1188,2022,"public domain (USDA NASS Census of Agriculture), Census of Agriculture 2022"
06113,478555.0,0.7382,271083.0,0.4181,2022,"public domain (USDA NASS Census of Agriculture), Census of Agriculture 2022"
06115,160418.0,0.3966,99158.0,0.2451,2022,"public domain (USDA NASS Census of Agriculture), Census of Agriculture 2022"
08001,638190.0,0.8547,474220.0,0.6351,2022,"public domain (USDA NASS Census of Agriculture), Census of Agriculture 2022"
08003,141342.0,0.3056,69773.0,0.1509,2022,"public domain (USDA NASS Census of Agriculture), Census of Agriculture 2022"
08005,269428.0,0.5276,144975.0,0.2839,2022,"public domain (USDA NASS Census of Agriculture), Census of Agriculture 2022"
08007,174130.0,0.2015,20400.0,0.0236,2022,"public domain (USDA NASS Census of Agriculture), Census of Agriculture 2022"
08009,1236174.0,0.756,692426.0,0.4235,2022,"public domain (USDA NASS Census of Agriculture), Census of Agriculture 2022"
08011,759098.0,0.784,106434.0,0.1099,2022,"public domain (USDA NASS Census of Agriculture), Census of Agriculture 2022"
08013,74242.0,0.1597,30777.0,0.0662,2022,"public domain (USDA NASS Census of Agriculture), Census of Agriculture 2022"
08014,,,,,,
08015,63301.0,0.0976,12151.0,0.0187,2022,"public domain (USDA NASS Census of Agriculture), Census of Agriculture 2022"
08017,963154.0,0.8463,519454.0,0.4564,2022,"public domain (USDA NASS Census of Agriculture), Census of Agriculture 2022"
08019,9151.0,0.0362,,,2022,"public domain (USDA NASS Census of Agriculture), Census of Agriculture 2022"
08021,169051.0,0.2052,79147.0,0.0961,2022,"public domain (USDA NASS Census of Agriculture), Census of Agriculture 2022"
08023,364724.0,0.4642,41930.0,0.0534,2022,"public domain (USDA NASS Census of Agriculture), Census of Agriculture 2022"
08025,290733.0,0.5769,56676.0,0.1125,2022,"public domain (USDA NASS Census of Agriculture), Census of Agriculture 2022"
08027,99280.0,0.21,12920.0,0.0273,2022,"public domain (USDA NASS Census of Agriculture), Census of Agriculture 2022"
08029,187247.0,0.2562,66410.0,0.0909,2022,"public domain (USDA NASS Census of Agriculture), Census of Agriculture 2022"
08031,,,,,,
08033,161407.0,0.2363,81279.0,0.119,2022,"public domain (USDA NASS Census of Agriculture), Census of Agriculture 2022"
08035,218374.0,0.4058,19894.0,0.037,2022,"public domain (USDA NASS Census of Agriculture), Census of Agriculture 2022"
08037,127056.0,0.1179,17892.0,0.0166,2022,"public domain (USDA NASS Census of Agriculture), Census of Agriculture 2022"
08039,929434.0,0.785,163715.0,0.1383,2022,"public domain (USDA NASS Census of Agriculture), Census of Agriculture 2022"
08041,490740.0,0.3606,34493.0,0.0253,2022,"public domain (USDA NASS Census of Agriculture), Census of Agriculture 2022"
08043,231567.0,0.2359,14954.0,0.0152,2022,"public domain (USDA NASS Census of Agriculture), Census of Agriculture 2022"
08045,402741.0,0.2135,63548.0,0.0337,2022,"public domain (USDA NASS Census of Agriculture), Census of Agriculture 2022"
08047,3428.0,0.0357,401.0,0.0042,2022,"public domain (USDA NASS Census of Agriculture), Census of Agriculture 2022"
08049,249554.0,0.2112,40239.0,0.0341,2022,"public domain (USDA NASS Census of Agriculture), Census of Agriculture 2022"
08051,227945.0,0.11,40878.0,0.0197,2022,"public domain (USDA NASS Census of Agriculture), Census of Agriculture 2022"
08053,4903.0,0.0069,299.0,0.0004,2022,"public domain (USDA NASS Census of Agriculture), Census of Agriculture 2022"
08055,467348.0,0.459,15360.0,0.0151,2022,"public domain (USDA NASS Census of Agriculture), Census of Agriculture 2022"
08057,371376.0,0.3596,88555.0,0.0857,2022,"public domain (USDA NASS Census of Agriculture), Census of Agriculture 2022"
08059,43436.0,0.0888,7813.0,0.016,2022,"public domain (USDA NASS Census of Agriculture), Census of Agriculture 2022"
08061,1127660.0,0.9967,697802.0,0.6168,2022,"public domain (USDA NASS Census of Agriculture), Census of Agriculture 2022"
08063,1376521.0,0.9954,893957.0,0.6464,2022,"public domain (USDA NASS Census of Agriculture), Census of Agriculture 2022"
08065,15034.0,0.0623,1366.0,0.0057,2022,"public domain (USDA NASS Census of Agriculture), Census of Agriculture 2022"
08067,529782.0,0.4899,76417.0,0.0707,2022,"public domain (USDA NASS Census of Agriculture), Census of Agriculture 2022"
08069,467157.0,0.2812,100176.0,0.0603,2022,"public domain (USDA NASS Census of Agriculture), Census of Agriculture 2022"
08071,1805818.0,0.5912,54897.0,0.018,2022,"public domain (USDA NASS Census of Agriculture), Census of Agriculture 2022"
08073,1598737.0,0.9691,614900.0,0.3727,2022,"public domain (USDA NASS Census of Agriculture), Census of Agriculture 2022"
08075,1126091.0,0.957,558940.0,0.475,2022,"public domain (USDA NASS Census of Agriculture), Census of Agriculture 2022"
08077,268323.0,0.126,57663.0,0.0271,2022,"public domain (USDA NASS Census of Agriculture), Census of Agriculture 2022"
08079,16878.0,0.0301,6275.0,0.0112,2022,"public domain (USDA NASS Census of Agriculture), Census of Agriculture 2022"
08081,994625.0,0.3276,93748.0,0.0309,2022,"public domain (USDA NASS Census of Agriculture), Census of Agriculture 2022"
08083,686481.0,0.5286,92081.0,0.0709,2022,"public domain (USDA NASS Census of Agriculture), Census of Agriculture 2022"
08085,285524.0,0.1991,68131.0,0.0475,2022,"public domain (USDA NASS Census of Agriculture), Census of Agriculture 2022"
08087,592714.0,0.7233,259031.0,0.3161,2022,"public domain (USDA NASS Census of Agriculture), Census of Agriculture 2022"
08089,529274.0,0.6553,76011.0,0.0941,2022,"public domain (USDA NASS Census of Agriculture), Census of Agriculture 2022"
08091,86363.0,0.2496,13529.0,0.0391,2022,"public domain (USDA NASS Census of Agriculture), Census of Agriculture 2022"
08093,225695.0,0.1608,10261.0,0.0073,2022,"public domain (USDA NASS Census of Agriculture), Census of Agriculture 2022"
08095,440076.0,0.9996,391660.0,0.8896,2022,"public domain (USDA NASS Census of Agriculture), Census of Agriculture 2022"
08097,36630.0,0.059,7430.0,0.012,2022,"public domain (USDA NASS Census of Agriculture), Census of Agriculture 2022"
08099,802212.0,0.765,378200.0,0.3607,2022,"public domain (USDA NASS Census of Agriculture), Census of Agriculture 2022"
08101,833740.0,0.5458,106748.0,0.0699,2022,"public domain (USDA NASS Census of Agriculture), Census of Agriculture 2022"
08103,466136.0,0.2261,43637.0,0.0212,2022,"public domain (USDA NASS Census of Agriculture), Census of Agriculture 2022"
08105,174641.0,0.2992,99839.0,0.1711,2022,"public domain (USDA NASS Census of Agriculture), Census of Agriculture 2022"
08107,669742.0,0.443,143204.0,0.0947,2022,"public domain (USDA NASS Census of Agriculture), Census of Agriculture 2022"
08109,302749.0,0.1493,129699.0,0.064,2022,"public domain (USDA NASS Census of Agriculture), Census of Agriculture 2022"
08111,,,,,,
08113,164931.0,0.2003,13086.0,0.0159,2022,"public domain (USDA NASS Census of Agriculture), Census of Agriculture 2022"
08115,267833.0,0.7636,200975.0,0.573,2022,"public domain (USDA NASS Census of Agriculture), Census of Agriculture 2022"
08117,17258.0,0.0443,2598.0,0.0067,2022,"public domain (USDA NASS Census of Agriculture), Census of Agriculture 2022"
08119,54299.0,0.1523,2043.0,0.0057,2022,"public domain (USDA NASS Census of Agriculture), Census of Agriculture 2022"
08121,1381696.0,0.8574,840813.0,0.5217,2022,"public domain (USDA NASS Census of Agriculture), Census of Agriculture 2022"
08123,1987213.0,0.7792,875694.0,0.3434,2022,"public domain (USDA NASS Census of Agriculture), Census of Agriculture 2022"
08125,1511087.0,0.9986,648661.0,0.4287,2022,"public domain (USDA NASS Census of Agriculture), Census of Agriculture 2022"
09110,,,,,,
09120,,,,,,
09130,,,,,,
09140,,,,,,
09150,,,,,,
09160,,,,,,
09170,,,,,,
09180,,,,,,
09190,,,,,,
10001,187248.0,0.4992,156461.0,0.4171,2022,"public domain (USDA NASS Census of Agriculture), Census of Agriculture 2022"
10003,73507.0,0.2694,62613.0,0.2295,2022,"public domain (USDA NASS Census of Agriculture), Census of Agriculture 2022"
10005,262079.0,0.4374,206899.0,0.3453,2022,"public domain (USDA NASS Census of Agriculture), Census of Agriculture 2022"
11001,,,,,,
12001,197906.0,0.3531,72230.0,0.1289,2022,"public domain (USDA NASS Census of Agriculture), Census of Agriculture 2022"
12003,19005.0,0.0507,5038.0,0.0135,2022,"public domain (USDA NASS Census of Agriculture), Census of Agriculture 2022"
12005,70324.0,0.1448,5413.0,0.0111,2022,"public domain (USDA NASS Census of Agriculture), Census of Agriculture 2022"
12007,61282.0,0.3257,15822.0,0.0841,2022,"public domain (USDA NASS Census of Agriculture), Census of Agriculture 2022"
12009,145553.0,0.2241,19059.0,0.0293,2022,"public domain (USDA NASS Census of Agriculture), Census of Agriculture 2022"
12011,13007.0,0.0169,2966.0,0.0039,2022,"public domain (USDA NASS Census of Agriculture), Census of Agriculture 2022"
12013,119587.0,0.3294,30676.0,0.0845,2022,"public domain (USDA NASS Census of Agriculture), Census of Agriculture 2022"
12015,99711.0,0.2287,21339.0,0.049,2022,"public domain (USDA NASS Census of Agriculture), Census of Agriculture 2022"
12017,51098.0,0.1372,9885.0,0.0265,2022,"public domain (USDA NASS Census of Agriculture), Census of Agriculture 2022"
12019,37483.0,0.0969,1605.0,0.0041,2022,"public domain (USDA NASS Census of Agriculture), Census of Agriculture 2022"
12021,177671.0,0.139,86169.0,0.0674,2022,"public domain (USDA NASS Census of Agriculture), Census of Agriculture 2022"
12023,89621.0,0.1756,31227.0,0.0612,2022,"public domain (USDA NASS Census of Agriculture), Census of Agriculture 2022"
12027,293944.0,0.7214,75001.0,0.1841,2022,"public domain (USDA NASS Census of Agriculture), Census of Agriculture 2022"
12029,51720.0,0.1146,8355.0,0.0185,2022,"public domain (USDA NASS Census of Agriculture), Census of Agriculture 2022"
12031,20593.0,0.0422,2008.0,0.0041,2022,"public domain (USDA NASS Census of Agriculture), Census of Agriculture 2022"
12033,79515.0,0.1891,51343.0,0.1221,2022,"public domain (USDA NASS Census of Agriculture), Census of Agriculture 2022"
12035,72342.0,0.2325,16231.0,0.0522,2022,"public domain (USDA NASS Census of Agriculture), Census of Agriculture 2022"
12037,,,89.0,0.0003,2022,"public domain (USDA NASS Census of Agriculture), Census of Agriculture 2022"
12039,71544.0,0.2165,15125.0,0.0458,2022,"public domain (USDA NASS Census of Agriculture), Census of Agriculture 2022"
12041,106752.0,0.477,62554.0,0.2795,2022,"public domain (USDA NASS Census of Agriculture), Census of Agriculture 2022"
12043,376161.0,0.7285,42430.0,0.0822,2022,"public domain (USDA NASS Census of Agriculture), Census of Agriculture 2022"
12045,,,1444.0,0.0041,2022,"public domain (USDA NASS Census of Agriculture), Census of Agriculture 2022"
12047,71711.0,0.2179,32513.0,0.0988,2022,"public domain (USDA NASS Census of Agriculture), Census of Agriculture 2022"
12049,290694.0,0.7124,82558.0,0.2023,2022,"public domain (USDA NASS Census of Agriculture), Census of Agriculture 2022"
12051,586858.0,0.7933,290667.0,0.3929,2022,"public domain (USDA NASS Census of Agriculture), Census of Agriculture 2022"
12053,67187.0,0.222,23916.0,0.079,2022,"public domain (USDA NASS Census of Agriculture), Census of Agriculture 2022"
12055,389622.0,0.5982,80896.0,0.1242,2022,"public domain (USDA NASS Census of Agriculture), Census of Agriculture 2022"
12057,201712.0,0.3082,69061.0,0.1055,2022,"public domain (USDA NASS Census of Agriculture), Census of Agriculture 2022"
12059,83866.0,0.2737,30010.0,0.0979,2022,"public domain (USDA NASS Census of Agriculture), Census of Agriculture 2022"
12061,167396.0,0.5205,41654.0,0.1295,2022,"public domain (USDA NASS Census of Agriculture), Census of Agriculture 2022"
12063,255873.0,0.4354,126158.0,0.2147,2022,"public domain (USDA NASS Census of Agriculture), Census of Agriculture 2022"
12065,189120.0,0.4941,41701.0,0.1089,2022,"public domain (USDA NASS Census of Agriculture), Census of Agriculture 2022"
12067,105429.0,0.3032,41646.0,0.1198,2022,"public domain (USDA NASS Census of Agriculture), Census of Agriculture 2022"
12069,162773.0,0.2671,47958.0,0.0787,2022,"public domain (USDA NASS Census of Agriculture), Census of Agriculture 2022"
12071,91203.0,0.1825,34192.0,0.0684,2022,"public domain (USDA NASS Census of Agriculture), Census of Agriculture 2022"
12073,70058.0,0.1638,12237.0,0.0286,2022,"public domain (USDA NASS Census of Agriculture), Census of Agriculture 2022"
12075,198497.0,0.2774,70837.0,0.099,2022,"public domain (USDA NASS Census of Agriculture), Census of Agriculture 2022"
12077,35092.0,0.0656,625.0,0.0012,2022,"public domain (USDA NASS Census of Agriculture), Census of Agriculture 2022"
12079,159522.0,0.3579,59327.0,0.1331,2022,"public domain (USDA NASS Census of Agriculture), Census of Agriculture 2022"
12081,219316.0,0.4614,76790.0,0.1615,2022,"public domain (USDA NASS Census of Agriculture), Census of Agriculture 2022"
12083,290691.0,0.2859,50315.0,0.0495,2022,"public domain (USDA NASS Census of Agriculture), Census of Agriculture 2022"
12085,179342.0,0.5153,46492.0,0.1336,2022,"public domain (USDA NASS Census of Agriculture), Census of Agriculture 2022"
12086,68837.0,0.0566,48289.0,0.0397,2022,"public domain (USDA NASS Census of Agriculture), Census of Agriculture 2022"
12087,,,73.0,0.0001,2022,"public domain (USDA NASS Census of Agriculture), Census of Agriculture 2022"
12089,47480.0,0.1144,3002.0,0.0072,2022,"public domain (USDA NASS Census of Agriculture), Census of Agriculture 2022"
12091,47711.0,0.0802,13261.0,0.0223,2022,"public domain (USDA NASS Census of Agriculture), Census of Agriculture 2022"
12093,325257.0,0.6606,46684.0,0.0948,2022,"public domain (USDA NASS Census of Agriculture), Census of Agriculture 2022"
12095,118397.0,0.2049,11302.0,0.0196,2022,"public domain (USDA NASS Census of Agriculture), Census of Agriculture 2022"
12097,584279.0,0.6877,31336.0,0.0369,2022,"public domain (USDA NASS Census of Agriculture), Census of Agriculture 2022"
12099,460575.0,0.3664,401859.0,0.3197,2022,"public domain (USDA NASS Census of Agriculture), Census of Agriculture 2022"
12101,132011.0,0.2763,26179.0,0.0548,2022,"public domain (USDA NASS Census of Agriculture), Census of Agriculture 2022"
12103,3744.0,0.0214,1354.0,0.0077,2022,"public domain (USDA NASS Census of Agriculture), Census of Agriculture 2022"
12105,559699.0,0.4864,141588.0,0.123,2022,"public domain (USDA NASS Census of Agriculture), Census of Agriculture 2022"
12107,134803.0,0.2892,13359.0,0.0287,2022,"public domain (USDA NASS Census of Agriculture), Census of Agriculture 2022"
12109,23749.0,0.0618,12508.0,0.0325,2022,"public domain (USDA NASS Census of Agriculture), Census of Agriculture 2022"
12111,165667.0,0.4526,34381.0,0.0939,2022,"public domain (USDA NASS Census of Agriculture), Census of Agriculture 2022"
12113,89731.0,0.1385,59909.0,0.0925,2022,"public domain (USDA NASS Census of Agriculture), Census of Agriculture 2022"
12115,71878.0,0.202,11784.0,0.0331,2022,"public domain (USDA NASS Census of Agriculture), Census of Agriculture 2022"
12117,17031.0,0.086,3369.0,0.017,2022,"public domain (USDA NASS Census of Agriculture), Census of Agriculture 2022"
12119,146165.0,0.4099,20853.0,0.0585,2022,"public domain (USDA NASS Census of Agriculture), Census of Agriculture 2022"
12121,184350.0,0.4183,85965.0,0.1951,2022,"public domain (USDA NASS Census of Agriculture), Census of Agriculture 2022"
12123,43289.0,0.0648,2886.0,0.0043,2022,"public domain (USDA NASS Census of Agriculture), Census of Agriculture 2022"
12125,37467.0,0.2404,9338.0,0.0599,2022,"public domain (USDA NASS Census of Agriculture), Census of Agriculture 2022"
12127,95988.0,0.1362,17774.0,0.0252,2022,"public domain (USDA NASS Census of Agriculture), Census of Agriculture 2022"
12129,,,3554.0,0.0092,2022,"public domain (USDA NASS Census of Agriculture), Census of Agriculture 2022"
12131,91288.0,0.1374,26436.0,0.0398,2022,"public domain (USDA NASS Census of Agriculture), Census of Agriculture 2022"
12133,50297.0,0.1344,12266.0,0.0328,2022,"public domain (USDA NASS Census of Agriculture), Census of Agriculture 2022"
13001,119040.0,0.366,66855.0,0.2055,2022,"public domain (USDA NASS Census of Agriculture), Census of Agriculture 2022"
13003,75760.0,0.3454,41366.0,0.1886,2022,"public domain (USDA NASS Census of Agriculture), Census of Agriculture 2022"
13005,77153.0,0.4244,37767.0,0.2077,2022,"public domain (USDA NASS Census of Agriculture), Census of Agriculture 2022"
13007,113062.0,0.5166,46558.0,0.2127,2022,"public domain (USDA NASS Census of Agriculture), Census of Agriculture 2022"
13009,25183.0,0.1521,9102.0,0.055,2022,"public domain (USDA NASS Census of Agriculture), Census of Agriculture 2022"
13011,57455.0,0.3859,11104.0,0.0746,2022,"public domain (USDA NASS Census of Agriculture), Census of Agriculture 2022"
13013,21238.0,0.2061,4572.0,0.0444,2022,"public domain (USDA NASS Census of Agriculture), Census of Agriculture 2022"
13015,69569.0,0.2369,23446.0,0.0798,2022,"public domain (USDA NASS Census of Agriculture), Census of Agriculture 2022"
13017,40197.0,0.2511,16503.0,0.1031,2022,"public domain (USDA NASS Census of Agriculture), Census of Agriculture 2022"
13019,127226.0,0.4385,70410.0,0.2427,2022,"public domain (USDA NASS Census of Agriculture), Census of Agriculture 2022"
13021,7017.0,0.044,1152.0,0.0072,2022,"public domain (USDA NASS Census of Agriculture), Census of Agriculture 2022"
13023,32749.0,0.237,14962.0,0.1083,2022,"public domain (USDA NASS Census of Agriculture), Census of Agriculture 2022"
13025,33900.0,0.1195,6970.0,0.0246,2022,"public domain (USDA NASS Census of Agriculture), Census of Agriculture 2022"
13027,207151.0,0.6563,120278.0,0.3811,2022,"public domain (USDA NASS Census of Agriculture), Census of Agriculture 2022"
13029,25817.0,0.0922,5876.0,0.021,2022,"public domain (USDA NASS Census of Agriculture), Census of Agriculture 2022"
13031,195261.0,0.4513,115781.0,0.2676,2022,"public domain (USDA NASS Census of Agriculture), Census of Agriculture 2022"
13033,214575.0,0.4054,115869.0,0.2189,2022,"public domain (USDA NASS Census of Agriculture), Census of Agriculture 2022"
13035,22844.0,0.1943,3259.0,0.0277,2022,"public domain (USDA NASS Census of Agriculture), Census of Agriculture 2022"
13037,138414.0,0.7713,66975.0,0.3732,2022,"public domain (USDA NASS Census of Agriculture), Census of Agriculture 2022"
13039,8492.0,0.0211,647.0,0.0016,2022,"public domain (USDA NASS Census of Agriculture), Census of Agriculture 2022"
13043,80603.0,0.5182,29357.0,0.1887,2022,"public domain (USDA NASS Census of Agriculture), Census of Agriculture 2022"
13045,92092.0,0.2883,25647.0,0.0803,2022,"public domain (USDA NASS Census of Agriculture), Census of Agriculture 2022"
13047,18464.0,0.1779,4824.0,0.0465,2022,"public domain (USDA NASS Census of Agriculture), Census of Agriculture 2022"
13049,19395.0,0.0388,1538.0,0.0031,2022,"public domain (USDA NASS Census of Agriculture), Census of Agriculture 2022"
13051,7742.0,0.028,5155.0,0.0186,2022,"public domain (USDA NASS Census of Agriculture), Census of Agriculture 2022"
13053,306.0,0.0019,,,2022,"public domain (USDA NASS Census of Agriculture), Census of Agriculture 2022"
13055,58942.0,0.2939,18196.0,0.0907,2022,"public domain (USDA NASS Census of Agriculture), Census of Agriculture 2022"
13057,24284.0,0.0901,6837.0,0.0254,2022,"public domain (USDA NASS Census of Agriculture), Census of Agriculture 2022"
13059,4485.0,0.0587,1254.0,0.0164,2022,"public domain (USDA NASS Census of Agriculture), Census of Agriculture 2022"
13061,43141.0,0.345,25009.0,0.2,2022,"public domain (USDA NASS Census of Agriculture), Census of Agriculture 2022"
13063,3294.0,0.0363,464.0,0.0051,2022,"public domain (USDA NASS Census of Agriculture), Census of Agriculture 2022"
13065,44721.0,0.0857,17840.0,0.0342,2022,"public domain (USDA NASS Census of Agriculture), Census of Agriculture 2022"
13067,2830.0,0.013,359.0,0.0017,2022,"public domain (USDA NASS Census of Agriculture), Census of Agriculture 2022"
13069,161594.0,0.4263,96909.0,0.2557,2022,"public domain (USDA NASS Census of Agriculture), Census of Agriculture 2022"
13071,184400.0,0.5267,131456.0,0.3755,2022,"public domain (USDA NASS Census of Agriculture), Census of Agriculture 2022"
13073,25036.0,0.1348,3730.0,0.0201,2022,"public domain (USDA NASS Census of Agriculture), Census of Agriculture 2022"
13075,77736.0,0.5317,49095.0,0.3358,2022,"public domain (USDA NASS Census of Agriculture), Census of Agriculture 2022"
13077,53189.0,0.1884,14223.0,0.0504,2022,"public domain (USDA NASS Census of Agriculture), Census of Agriculture 2022"
13079,29558.0,0.1421,12067.0,0.058,2022,"public domain (USDA NASS Census of Agriculture), Census of Agriculture 2022"
13081,121261.0,0.6948,80208.0,0.4596,2022,"public domain (USDA NASS Census of Agriculture), Census of Agriculture 2022"
13083,31350.0,0.2814,6259.0,0.0562,2022,"public domain (USDA NASS Census of Agriculture), Census of Agriculture 2022"
13085,15853.0,0.1175,2854.0,0.0212,2022,"public domain (USDA NASS Census of Agriculture), Census of Agriculture 2022"
13087,180755.0,0.4729,113951.0,0.2981,2022,"public domain (USDA NASS Census of Agriculture), Census of Agriculture 2022"
13089,72.0,0.0004,,,2022,"public domain (USDA NASS Census of Agriculture), Census of Agriculture 2022"
13091,84570.0,0.2664,26820.0,0.0845,2022,"public domain (USDA NASS Census of Agriculture), Census of Agriculture 2022"
13093,214446.0,0.8534,155678.0,0.6195,2022,"public domain (USDA NASS Census of Agriculture), Census of Agriculture 2022"
13095,54565.0,0.2594,18039.0,0.0858,2022,"public domain (USDA NASS Census of Agriculture), Census of Agriculture 2022"
13097,7323.0,0.0572,1754.0,0.0137,2022,"public domain (USDA NASS Census of Agriculture), Census of Agriculture 2022"
13099,156043.0,0.4756,77146.0,0.2352,2022,"public domain (USDA NASS Census of Agriculture), Census of Agriculture 2022"
13101,27413.0,0.1019,11276.0,0.0419,2022,"public domain (USDA NASS Census of Agriculture), Census of Agriculture 2022"
13103,42347.0,0.1382,19579.0,0.0639,2022,"public domain (USDA NASS Census of Agriculture), Census of Agriculture 2022"
13105,76233.0,0.3393,23164.0,0.1031,2022,"public domain (USDA NASS Census of Agriculture), Census of Agriculture 2022"
13107,117430.0,0.2696,41167.0,0.0945,2022,"public domain (USDA NASS Census of Agriculture), Census of Agriculture 2022"
13109,44380.0,0.3791,23598.0,0.2016,2022,"public domain (USDA NASS Census of Agriculture), Census of Agriculture 2022"
13111,11041.0,0.0446,3716.0,0.015,2022,"public domain (USDA NASS Census of Agriculture), Census of Agriculture 2022"
13113,7212.0,0.0579,1491.0,0.012,2022,"public domain (USDA NASS Census of Agriculture), Census of Agriculture 2022"
13115,73663.0,0.2258,21479.0,0.0658,2022,"public domain (USDA NASS Census of Agriculture), Census of Agriculture 2022"
13117,15700.0,0.1092,4513.0,0.0314,2022,"public domain (USDA NASS Census of Agriculture), Census of Agriculture 2022"
13119,68943.0,0.4122,20446.0,0.1222,2022,"public domain (USDA NASS Census of Agriculture), Census of Agriculture 2022"
13121,9150.0,0.0271,2210.0,0.0066,2022,"public domain (USDA NASS Census of Agriculture), Census of Agriculture 2022"
13123,31626.0,0.1159,7505.0,0.0275,2022,"public domain (USDA NASS Census of Agriculture), Census of Agriculture 2022"
13125,13079.0,0.1422,6084.0,0.0661,2022,"public domain (USDA NASS Census of Agriculture), Census of Agriculture 2022"
13127,1894.0,0.0071,415.0,0.0015,2022,"public domain (USDA NASS Census of Agriculture), Census of Agriculture 2022"
13129,77290.0,0.3388,31932.0,0.14,2022,"public domain (USDA NASS Census of Agriculture), Census of Agriculture 2022"
13131,110417.0,0.3796,45054.0,0.1549,2022,"public domain (USDA NASS Census of Agriculture), Census of Agriculture 2022"
13133,46778.0,0.1886,7535.0,0.0304,2022,"public domain (USDA NASS Census of Agriculture), Census of Agriculture 2022"
13135,5392.0,0.0195,1282.0,0.0046,2022,"public domain (USDA NASS Census of Agriculture), Census of Agriculture 2022"
13137,27608.0,0.1558,7815.0,0.0441,2022,"public domain (USDA NASS Census of Agriculture), Census of Agriculture 2022"
13139,43910.0,0.1747,12404.0,0.0494,2022,"public domain (USDA NASS Census of Agriculture), Census of Agriculture 2022"
13141,49509.0,0.1642,6535.0,0.0217,2022,"public domain (USDA NASS Census of Agriculture), Census of Agriculture 2022"
13143,26001.0,0.144,6963.0,0.0386,2022,"public domain (USDA NASS Census of Agriculture), Census of Agriculture 2022"
13145,44733.0,0.1507,7601.0,0.0256,2022,"public domain (USDA NASS Census of Agriculture), Census of Agriculture 2022"
13147,70336.0,0.4728,31399.0,0.2111,2022,"public domain (USDA NASS Census of Agriculture), Census of Agriculture 2022"
13149,33726.0,0.178,7472.0,0.0394,2022,"public domain (USDA NASS Census of Agriculture), Census of Agriculture 2022"
13151,14108.0,0.0692,5266.0,0.0258,2022,"public domain (USDA NASS Census of Agriculture), Census of Agriculture 2022"
13153,54850.0,0.2279,27294.0,0.1134,2022,"public domain (USDA NASS Census of Agriculture), Census of Agriculture 2022"
13155,116408.0,0.5133,66025.0,0.2911,2022,"public domain (USDA NASS Census of Agriculture), Census of Agriculture 2022"
13157,64732.0,0.2979,18924.0,0.0871,2022,"public domain (USDA NASS Census of Agriculture), Census of Agriculture 2022"
13159,54987.0,0.2332,10534.0,0.0447,2022,"public domain (USDA NASS Census of Agriculture), Census of Agriculture 2022"
13161,46321.0,0.2187,28699.0,0.1355,2022,"public domain (USDA NASS Census of Agriculture), Census of Agriculture 2022"
13163,151521.0,0.4496,80297.0,0.2383,2022,"public domain (USDA NASS Census of Agriculture), Census of Agriculture 2022"
13165,74888.0,0.3368,33107.0,0.1489,2022,"public domain (USDA NASS Census of Agriculture), Census of Agriculture 2022"
13167,66336.0,0.3421,27942.0,0.1441,2022,"public domain (USDA NASS Census of Agriculture), Census of Agriculture 2022"
13169,27803.0,0.1103,7812.0,0.031,2022,"public domain (USDA NASS Census of Agriculture), Census of Agriculture 2022"
13171,39485.0,0.3362,21168.0,0.1802,2022,"public domain (USDA NASS Census of Agriculture), Census of Agriculture 2022"
13173,48841.0,0.3883,30586.0,0.2432,2022,"public domain (USDA NASS Census of Agriculture), Census of Agriculture 2022"
13175,155200.0,0.3004,70921.0,0.1373,2022,"public domain (USDA NASS Census of Agriculture), Census of Agriculture 2022"
13177,110997.0,0.4874,62501.0,0.2744,2022,"public domain (USDA NASS Census of Agriculture), Census of Agriculture 2022"
13179,7849.0,0.0237,858.0,0.0026,2022,"public domain (USDA NASS Census of Agriculture), Census of Agriculture 2022"
13181,27118.0,0.2014,6927.0,0.0514,2022,"public domain (USDA NASS Census of Agriculture), Census of Agriculture 2022"
13183,17132.0,0.0669,6403.0,0.025,2022,"public domain (USDA NASS Census of Agriculture), Census of Agriculture 2022"
13185,84299.0,0.2649,31806.0,0.0999,2022,"public domain (USDA NASS Census of Agriculture), Census of Agriculture 2022"
13187,23501.0,0.1298,7459.0,0.0412,2022,"public domain (USDA NASS Census of Agriculture), Census of Agriculture 2022"
13189,56083.0,0.3405,15945.0,0.0968,2022,"public domain (USDA NASS Census of Agriculture), Census of Agriculture 2022"
13191,15559.0,0.0564,2536.0,0.0092,2022,"public domain (USDA NASS Census of Agriculture), Census of Agriculture 2022"
13193,118727.0,0.463,78391.0,0.3057,2022,"public domain (USDA NASS Census of Agriculture), Census of Agriculture 2022"
13195,76519.0,0.4235,26061.0,0.1442,2022,"public domain (USDA NASS Census of Agriculture), Census of Agriculture 2022"
13197,59650.0,0.2548,16786.0,0.0717,2022,"public domain (USDA NASS Census of Agriculture), Census of Agriculture 2022"
13199,92208.0,0.2876,21186.0,0.0661,2022,"public domain (USDA NASS Census of Agriculture), Census of Agriculture 2022"
13201,113853.0,0.6299,87600.0,0.4846,2022,"public domain (USDA NASS Census of Agriculture), Census of Agriculture 2022"
13205,205689.0,0.6275,135716.0,0.414,2022,"public domain (USDA NASS Census of Agriculture), Census of Agriculture 2022"
13207,49816.0,0.1965,12612.0,0.0498,2022,"public domain (USDA NASS Census of Agriculture), Census of Agriculture 2022"
13209,56537.0,0.3663,18320.0,0.1187,2022,"public domain (USDA NASS Census of Agriculture), Census of Agriculture 2022"
13211,97901.0,0.4403,26720.0,0.1202,2022,"public domain (USDA NASS Census of Agriculture), Census of Agriculture 2022"
13213,41883.0,0.19,15589.0,0.0707,2022,"public domain (USDA NASS Census of Agriculture), Census of Agriculture 2022"
13215,5848.0,0.0422,317.0,0.0023,2022,"public domain (USDA NASS Census of Agriculture), Census of Agriculture 2022"
13217,38686.0,0.2208,6381.0,0.0364,2022,"public domain (USDA NASS Census of Agriculture), Census of Agriculture 2022"
13219,38713.0,0.3281,7809.0,0.0662,2022,"public domain (USDA NASS Census of Agriculture), Census of Agriculture 2022"
13221,79994.0,0.2847,18310.0,0.0652,2022,"public domain (USDA NASS Census of Agriculture), Census of Agriculture 2022"
13223,17175.0,0.0859,4002.0,0.02,2022,"public domain (USDA NASS Census of Agriculture), Census of Agriculture 2022"
13225,43434.0,0.4516,31987.0,0.3326,2022,"public domain (USDA NASS Census of Agriculture), Census of Agriculture 2022"
13227,16078.0,0.1083,6438.0,0.0433,2022,"public domain (USDA NASS Census of Agriculture), Census of Agriculture 2022"
13229,85622.0,0.393,43780.0,0.2009,2022,"public domain (USDA NASS Census of Agriculture), Census of Agriculture 2022"
13231,37935.0,0.2743,9469.0,0.0685,2022,"public domain (USDA NASS Census of Agriculture), Census of Agriculture 2022"
13233,51432.0,0.2589,21006.0,0.1058,2022,"public domain (USDA NASS Census of Agriculture), Census of Agriculture 2022"
13235,61509.0,0.3856,39407.0,0.247,2022,"public domain (USDA NASS Census of Agriculture), Census of Agriculture 2022"
13237,41183.0,0.1867,15270.0,0.0692,2022,"public domain (USDA NASS Census of Agriculture), Census of Agriculture 2022"
13239,12612.0,0.1303,3083.0,0.0319,2022,"public domain (USDA NASS Census of Agriculture), Census of Agriculture 2022"
13241,6201.0,0.0262,1982.0,0.0084,2022,"public domain (USDA NASS Census of Agriculture), Census of Agriculture 2022"
13243,103755.0,0.3786,56272.0,0.2053,2022,"public domain (USDA NASS Census of Agriculture), Census of Agriculture 2022"
13245,18978.0,0.0914,10758.0,0.0518,2022,"public domain (USDA NASS Census of Agriculture), Census of Agriculture 2022"
13247,8318.0,0.1001,1835.0,0.0221,2022,"public domain (USDA NASS Census of Agriculture), Census of Agriculture 2022"
13249,30068.0,0.2815,4995.0,0.0468,2022,"public domain (USDA NASS Census of Agriculture), Census of Agriculture 2022"
13251,168506.0,0.4077,91381.0,0.2211,2022,"public domain (USDA NASS Census of Agriculture), Census of Agriculture 2022"
13253,75035.0,0.4936,58651.0,0.3858,2022,"public domain (USDA NASS Census of Agriculture), Census of Agriculture 2022"
13255,16543.0,0.1319,5510.0,0.0439,2022,"public domain (USDA NASS Census of Agriculture), Census of Agriculture 2022"
13257,13144.0,0.1148,4445.0,0.0388,2022,"public domain (USDA NASS Census of Agriculture), Census of Agriculture 2022"
13259,76192.0,0.2595,20529.0,0.0699,2022,"public domain (USDA NASS Census of Agriculture), Census of Agriculture 2022"
13261,160670.0,0.5199,75123.0,0.2431,2022,"public domain (USDA NASS Census of Agriculture), Census of Agriculture 2022"
13263,30569.0,0.122,3202.0,0.0128,2022,"public domain (USDA NASS Census of Agriculture), Census of Agriculture 2022"
13265,11679.0,0.0938,2020.0,0.0162,2022,"public domain (USDA NASS Census of Agriculture), Census of Agriculture 2022"
13267,128240.0,0.4167,58327.0,0.1895,2022,"public domain (USDA NASS Census of Agriculture), Census of Agriculture 2022"
13269,84840.0,0.3519,33349.0,0.1383,2022,"public domain (USDA NASS Census of Agriculture), Census of Agriculture 2022"
13271,49177.0,0.1757,22653.0,0.0809,2022,"public domain (USDA NASS Census of Agriculture), Census of Agriculture 2022"
13273,168890.0,0.7859,100451.0,0.4674,2022,"public domain (USDA NASS Census of Agriculture), Census of Agriculture 2022"
13275,208509.0,0.5982,92733.0,0.266,2022,"public domain (USDA NASS Census of Agriculture), Census of Agriculture 2022"
13277,91722.0,0.5493,50652.0,0.3034,2022,"public domain (USDA NASS Census of Agriculture), Census of Agriculture 2022"
13279,69898.0,0.3,29533.0,0.1268,2022,"public domain (USDA NASS Census of Agriculture), Census of Agriculture 2022"
13281,5774.0,0.0542,1932.0,0.0181,2022,"public domain (USDA NASS Census of Agriculture), Census of Agriculture 2022"
13283,34067.0,0.2669,13861.0,0.1086,2022,"public domain (USDA NASS Census of Agriculture), Census of Agriculture 2022"
13285,39911.0,0.1506,7771.0,0.0293,2022,"public domain (USDA NASS Census of Agriculture), Census of Agriculture 2022"
13287,83527.0,0.4573,51562.0,0.2823,2022,"public domain (USDA NASS Census of Agriculture), Census of Agriculture 2022"
13289,40478.0,0.176,20272.0,0.0882,2022,"public domain (USDA NASS Census of Agriculture), Census of Agriculture 2022"
13291,30452.0,0.1477,14790.0,0.0717,2022,"public domain (USDA NASS Census of Agriculture), Census of Agriculture 2022"
13293,36027.0,0.174,9522.0,0.046,2022,"public domain (USDA NASS Census of Agriculture), Census of Agriculture 2022"
13295,77204.0,0.2703,29378.0,0.1029,2022,"public domain (USDA NASS Census of Agriculture), Census of Agriculture 2022"
13297,55131.0,0.2636,18158.0,0.0868,2022,"public domain (USDA NASS Census of Agriculture), Census of Agriculture 2022"
13299,67002.0,0.1164,19532.0,0.0339,2022,"public domain (USDA NASS Census of Agriculture), Census of Agriculture 2022"
13301,22417.0,0.1232,8638.0,0.0475,2022,"public domain (USDA NASS Census of Agriculture), Census of Agriculture 2022"
13303,97770.0,0.2251,35885.0,0.0826,2022,"public domain (USDA NASS Census of Agriculture), Census of Agriculture 2022"
13305,51504.0,0.1254,22408.0,0.0546,2022,"public domain (USDA NASS Census of Agriculture), Census of Agriculture 2022"
13307,70416.0,0.5248,44506.0,0.3317,2022,"public domain (USDA NASS Census of Agriculture), Census of Agriculture 2022"
13309,52995.0,0.2802,21233.0,0.1123,2022,"public domain (USDA NASS Census of Agriculture), Census of Agriculture 2022"
13311,20378.0,0.1323,5322.0,0.0345,2022,"public domain (USDA NASS Census of Agriculture), Census of Agriculture 2022"
13313,34457.0,0.1854,10398.0,0.0559,2022,"public domain (USDA NASS Census of Agriculture), Census of Agriculture 2022"
13315,85098.0,0.3519,46736.0,0.1933,2022,"public domain (USDA NASS Census of Agriculture), Census of Agriculture 2022"
13317,83917.0,0.2793,18056.0,0.0601,2022,"public domain (USDA NASS Census of Agriculture), Census of Agriculture 2022"
13319,24542.0,0.0854,4935.0,0.0172,2022,"public domain (USDA NASS Census of Agriculture), Census of Agriculture 2022"
13321,218326.0,0.5978,126385.0,0.346,2022,"public domain (USDA NASS Census of Agriculture), Census of Agriculture 2022"
15001,604184.0,0.2343,53076.0,0.0206,2022,"public domain (USDA NASS Census of Agriculture), Census of Agriculture 2022"
15003,60254.0,0.1567,22756.0,0.0592,2022,"public domain (USDA NASS Census of Agriculture), Census of Agriculture 2022"
15005,,,,,,
15007,130646.0,0.3293,20514.0,0.0517,2022,"public domain (USDA NASS Census of Agriculture), Census of Agriculture 2022"
15009,258218.0,0.3474,61707.0,0.083,2022,"public domain (USDA NASS Census of Agriculture), Census of Agriculture 2022"
16001,112556.0,0.1672,42862.0,0.0637,2022,"public domain (USDA NASS Census of Agriculture), Census of Agriculture 2022"
16003,145570.0,0.1669,15981.0,0.0183,2022,"public domain (USDA NASS Census of Agriculture), Census of Agriculture 2022"
16005,419823.0,0.5896,180641.0,0.2537,2022,"public domain (USDA NASS Census of Agriculture), Census of Agriculture 2022"
16007,209678.0,0.3358,80192.0,0.1284,2022,"public domain (USDA NASS Census of Agriculture), Census of Agriculture 2022"
16009,130471.0,0.2624,76672.0,0.1542,2022,"public domain (USDA NASS Census of Agriculture), Census of Agriculture 2022"
16011,897796.0,0.67,363334.0,0.2711,2022,"public domain (USDA NASS Census of Agriculture), Census of Agriculture 2022"
16013,259553.0,0.1537,65168.0,0.0386,2022,"public domain (USDA NASS Census of Agriculture), Census of Agriculture 2022"
16015,66311.0,0.0545,5603.0,0.0046,2022,"public domain (USDA NASS Census of Agriculture), Census of Agriculture 2022"
16017,97446.0,0.0878,29739.0,0.0268,2022,"public domain (USDA NASS Census of Agriculture), Census of Agriculture 2022"
16019,406594.0,0.3405,245149.0,0.2053,2022,"public domain (USDA NASS Census of Agriculture), Census of Agriculture 2022"
16021,73364.0,0.0904,47442.0,0.0584,2022,"public domain (USDA NASS Census of Agriculture), Census of Agriculture 2022"
16023,99988.0,0.0699,62624.0,0.0438,2022,"public domain (USDA NASS Census of Agriculture), Census of Agriculture 2022"
16025,186429.0,0.2712,91268.0,0.1328,2022,"public domain (USDA NASS Census of Agriculture), Census of Agriculture 2022"
16027,277388.0,0.7383,228177.0,0.6073,2022,"public domain (USDA NASS Census of Agriculture), Census of Agriculture 2022"
16029,416460.0,0.3688,202628.0,0.1795,2022,"public domain (USDA NASS Census of Agriculture), Census of Agriculture 2022"
16031,657664.0,0.4005,366476.0,0.2232,2022,"public domain (USDA NASS Census of Agriculture), Census of Agriculture 2022"
16033,206127.0,0.1827,74836.0,0.0663,2022,"public domain (USDA NASS Census of Agriculture), Census of Agriculture 2022"
16035,66230.0,0.0421,23877.0,0.0152,2022,"public domain (USDA NASS Census of Agriculture), Census of Agriculture 2022"
16037,113930.0,0.0362,35609.0,0.0113,2022,"public domain (USDA NASS Census of Agriculture), Census of Agriculture 2022"
16039,296190.0,0.1505,101245.0,0.0514,2022,"public domain (USDA NASS Census of Agriculture), Census of Agriculture 2022"
16041,276073.0,0.6506,114176.0,0.2691,2022,"public domain (USDA NASS Census of Agriculture), Census of Agriculture 2022"
16043,275247.0,0.2307,203276.0,0.1704,2022,"public domain (USDA NASS Census of Agriculture), Census of Agriculture 2022"
16045,199547.0,0.557,27426.0,0.0766,2022,"public domain (USDA NASS Census of Agriculture), Census of Agriculture 2022"
16047,212600.0,0.4555,140588.0,0.3012,2022,"public domain (USDA NASS Census of Agriculture), Census of Agriculture 2022"
16049,545260.0,0.1005,171167.0,0.0315,2022,"public domain (USDA NASS Census of Agriculture), Census of Agriculture 2022"
16051,262180.0,0.3746,182195.0,0.2603,2022,"public domain (USDA NASS Census of Agriculture), Census of Agriculture 2022"
16053,180152.0,0.4711,150930.0,0.3947,2022,"public domain (USDA NASS Census of Agriculture), Census of Agriculture 2022"
16055,107727.0,0.136,55698.0,0.0703,2022,"public domain (USDA NASS Census of Agriculture), Census of Agriculture 2022"
16057,324990.0,0.472,228085.0,0.3313,2022,"public domain (USDA NASS Census of Agriculture), Census of Agriculture 2022"
16059,131616.0,0.0451,37311.0,0.0128,2022,"public domain (USDA NASS Census of Agriculture), Census of Agriculture 2022"
16061,249015.0,0.8126,167431.0,0.5464,2022,"public domain (USDA NASS Census of Agriculture), Census of Agriculture 2022"
16063,104847.0,0.1364,60741.0,0.079,2022,"public domain (USDA NASS Census of Agriculture), Census of Agriculture 2022"
16065,166920.0,0.5558,142882.0,0.4757,2022,"public domain (USDA NASS Census of Agriculture), Census of Agriculture 2022"
16067,308562.0,0.6369,278599.0,0.5751,2022,"public domain (USDA NASS Census of Agriculture), Census of Agriculture 2022"
16069,344412.0,0.6344,207955.0,0.383,2022,"public domain (USDA NASS Census of Agriculture), Census of Agriculture 2022"
16071,327714.0,0.4271,171013.0,0.2229,2022,"public domain (USDA NASS Census of Agriculture), Census of Agriculture 2022"
16073,729407.0,0.1486,129722.0,0.0264,2022,"public domain (USDA NASS Census of Agriculture), Census of Agriculture 2022"
16075,171424.0,0.6583,64778.0,0.2488,2022,"public domain (USDA NASS Census of Agriculture), Census of Agriculture 2022"
16077,443958.0,0.4941,343636.0,0.3825,2022,"public domain (USDA NASS Census of Agriculture), Census of Agriculture 2022"
16079,1605.0,0.001,559.0,0.0003,2022,"public domain (USDA NASS Census of Agriculture), Census of Agriculture 2022"
16081,112072.0,0.3899,80005.0,0.2784,2022,"public domain (USDA NASS Census of Agriculture), Census of Agriculture 2022"
16083,459167.0,0.3733,249600.0,0.2029,2022,"public domain (USDA NASS Census of Agriculture), Census of Agriculture 2022"
16085,45321.0,0.0193,6428.0,0.0027,2022,"public domain (USDA NASS Census of Agriculture), Census of Agriculture 2022"
16087,428579.0,0.4609,69792.0,0.0751,2022,"public domain (USDA NASS Census of Agriculture), Census of Agriculture 2022"
17001,423666.0,0.7741,328198.0,0.5997,2022,"public domain (USDA NASS Census of Agriculture), Census of Agriculture 2022"
17003,62494.0,0.4148,45761.0,0.3038,2022,"public domain (USDA NASS Census of Agriculture), Census of Agriculture 2022"
17005,161590.0,0.6638,133047.0,0.5466,2022,"public domain (USDA NASS Census of Agriculture), Census of Agriculture 2022"
17007,124244.0,0.6915,117544.0,0.6542,2022,"public domain (USDA NASS Census of Agriculture), Census of Agriculture 2022"
17009,163236.0,0.8343,88340.0,0.4515,2022,"public domain (USDA NASS Census of Agriculture), Census of Agriculture 2022"
17011,455336.0,0.8186,419356.0,0.754,2022,"public domain (USDA NASS Census of Agriculture), Census of Agriculture 2022"
17013,106067.0,0.6529,56373.0,0.347,2022,"public domain (USDA NASS Census of Agriculture), Census of Agriculture 2022"
17015,261931.0,0.9189,226630.0,0.795,2022,"public domain (USDA NASS Census of Agriculture), Census of Agriculture 2022"
17017,156808.0,0.6521,131686.0,0.5476,2022,"public domain (USDA NASS Census of Agriculture), Census of Agriculture 2022"
17019,545674.0,0.856,526778.0,0.8263,2022,"public domain (USDA NASS Census of Agriculture), Census of Agriculture 2022"
17021,350778.0,0.7725,332299.0,0.7318,2022,"public domain (USDA NASS Census of Agriculture), Census of Agriculture 2022"
17023,249166.0,0.7765,213107.0,0.6641,2022,"public domain (USDA NASS Census of Agriculture), Census of Agriculture 2022"
17025,227457.0,0.7588,187059.0,0.6241,2022,"public domain (USDA NASS Census of Agriculture), Census of Agriculture 2022"
17027,276216.0,0.9106,248692.0,0.8199,2022,"public domain (USDA NASS Census of Agriculture), Census of Agriculture 2022"
17029,214931.0,0.6607,184495.0,0.5672,2022,"public domain (USDA NASS Census of Agriculture), Census of Agriculture 2022"
17031,10281.0,0.017,9169.0,0.0152,2022,"public domain (USDA NASS Census of Agriculture), Census of Agriculture 2022"
17033,234709.0,0.8266,204211.0,0.7192,2022,"public domain (USDA NASS Census of Agriculture), Census of Agriculture 2022"
17035,161892.0,0.7312,131840.0,0.5955,2022,"public domain (USDA NASS Census of Agriculture), Census of Agriculture 2022"
17037,353524.0,0.8749,344166.0,0.8518,2022,"public domain (USDA NASS Census of Agriculture), Census of Agriculture 2022"
17039,180145.0,0.708,172097.0,0.6764,2022,"public domain (USDA NASS Census of Agriculture), Census of Agriculture 2022"
17041,217560.0,0.8159,211069.0,0.7915,2022,"public domain (USDA NASS Census of Agriculture), Census of Agriculture 2022"
17043,819.0,0.0039,209.0,0.001,2022,"public domain (USDA NASS Census of Agriculture), Census of Agriculture 2022"
17045,325023.0,0.8147,305335.0,0.7654,2022,"public domain (USDA NASS Census of Agriculture), Census of Agriculture 2022"
17047,117890.0,0.8283,101403.0,0.7124,2022,"public domain (USDA NASS Census of Agriculture), Census of Agriculture 2022"
17049,281772.0,0.9196,239219.0,0.7807,2022,"public domain (USDA NASS Census of Agriculture), Census of Agriculture 2022"
17051,328888.0,0.7173,270163.0,0.5892,2022,"public domain (USDA NASS Census of Agriculture), Census of Agriculture 2022"
17053,279456.0,0.8992,260462.0,0.8381,2022,"public domain (USDA NASS Census of Agriculture), Census of Agriculture 2022"
17055,174342.0,0.6662,143430.0,0.548,2022,"public domain (USDA NASS Census of Agriculture), Census of Agriculture 2022"
17057,435773.0,0.7865,293076.0,0.529,2022,"public domain (USDA NASS Census of Agriculture), Census of Agriculture 2022"
17059,174434.0,0.844,160484.0,0.7765,2022,"public domain (USDA NASS Census of Agriculture), Census of Agriculture 2022"
17061,319730.0,0.9198,241424.0,0.6945,2022,"public domain (USDA NASS Census of Agriculture), Census of Agriculture 2022"
17063,188601.0,0.7048,182204.0,0.6809,2022,"public domain (USDA NASS Census of Agriculture), Census of Agriculture 2022"
17065,223423.0,0.8032,190878.0,0.6862,2022,"public domain (USDA NASS Census of Agriculture), Census of Agriculture 2022"
17067,417260.0,0.8214,338568.0,0.6665,2022,"public domain (USDA NASS Census of Agriculture), Census of Agriculture 2022"
17069,34138.0,0.3007,19444.0,0.1713,2022,"public domain (USDA NASS Census of Agriculture), Census of Agriculture 2022"
17071,199669.0,0.8236,162550.0,0.6705,2022,"public domain (USDA NASS Census of Agriculture), Census of Agriculture 2022"
17073,449705.0,0.8537,414221.0,0.7864,2022,"public domain (USDA NASS Census of Agriculture), Census of Agriculture 2022"
17075,669168.0,0.9357,637185.0,0.891,2022,"public domain (USDA NASS Census of Agriculture), Census of Agriculture 2022"
17077,291160.0,0.7796,240838.0,0.6448,2022,"public domain (USDA NASS Census of Agriculture), Census of Agriculture 2022"
17079,246336.0,0.7782,214489.0,0.6776,2022,"public domain (USDA NASS Census of Agriculture), Census of Agriculture 2022"
17081,232182.0,0.6351,188580.0,0.5158,2022,"public domain (USDA NASS Census of Agriculture), Census of Agriculture 2022"
17083,161192.0,0.6815,128255.0,0.5423,2022,"public domain (USDA NASS Census of Agriculture), Census of Agriculture 2022"
17085,309287.0,0.8042,207282.0,0.539,2022,"public domain (USDA NASS Census of Agriculture), Census of Agriculture 2022"
17087,108064.0,0.4912,51338.0,0.2334,2022,"public domain (USDA NASS Census of Agriculture), Census of Agriculture 2022"
17089,146717.0,0.4414,138648.0,0.4171,2022,"public domain (USDA NASS Census of Agriculture), Census of Agriculture 2022"
17091,322007.0,0.7437,309237.0,0.7142,2022,"public domain (USDA NASS Census of Agriculture), Census of Agriculture 2022"
17093,129224.0,0.6305,124123.0,0.6056,2022,"public domain (USDA NASS Census of Agriculture), Census of Agriculture 2022"
17095,440387.0,0.9605,371828.0,0.811,2022,"public domain (USDA NASS Census of Agriculture), Census of Agriculture 2022"
17097,32226.0,0.1135,23275.0,0.082,2022,"public domain (USDA NASS Census of Agriculture), Census of Agriculture 2022"
17099,603762.0,0.8311,574703.0,0.7911,2022,"public domain (USDA NASS Census of Agriculture), Census of Agriculture 2022"
17101,186482.0,0.7829,175502.0,0.7368,2022,"public domain (USDA NASS Census of Agriculture), Census of Agriculture 2022"
17103,377886.0,0.8147,347472.0,0.7491,2022,"public domain (USDA NASS Census of Agriculture), Census of Agriculture 2022"
17105,606271.0,0.9077,579188.0,0.8671,2022,"public domain (USDA NASS Census of Agriculture), Census of Agriculture 2022"
17107,380340.0,0.9615,358401.0,0.9061,2022,"public domain (USDA NASS Census of Agriculture), Census of Agriculture 2022"
17109,277887.0,0.7368,231793.0,0.6146,2022,"public domain (USDA NASS Census of Agriculture), Census of Agriculture 2022"
17111,184403.0,0.4775,165895.0,0.4296,2022,"public domain (USDA NASS Census of Agriculture), Census of Agriculture 2022"
17113,597397.0,0.7889,575956.0,0.7606,2022,"public domain (USDA NASS Census of Agriculture), Census of Agriculture 2022"
17115,259085.0,0.6973,251582.0,0.6771,2022,"public domain (USDA NASS Census of Agriculture), Census of Agriculture 2022"
17117,458695.0,0.8305,387530.0,0.7017,2022,"public domain (USDA NASS Census of Agriculture), Census of Agriculture 2022"
17119,264765.0,0.5782,238664.0,0.5212,2022,"public domain (USDA NASS Census of Agriculture), Census of Agriculture 2022"
17121,246697.0,0.6733,199322.0,0.544,2022,"public domain (USDA NASS Census of Agriculture), Census of Agriculture 2022"
17123,206667.0,0.8348,185426.0,0.749,2022,"public domain (USDA NASS Census of Agriculture), Census of Agriculture 2022"
17125,324668.0,0.9406,289571.0,0.8389,2022,"public domain (USDA NASS Census of Agriculture), Census of Agriculture 2022"
17127,127131.0,0.8376,101201.0,0.6668,2022,"public domain (USDA NASS Census of Agriculture), Census of Agriculture 2022"
17129,155670.0,0.7737,131093.0,0.6515,2022,"public domain (USDA NASS Census of Agriculture), Census of Agriculture 2022"
17131,251455.0,0.7001,218545.0,0.6084,2022,"public domain (USDA NASS Census of Agriculture), Census of Agriculture 2022"
17133,197346.0,0.8003,168292.0,0.6825,2022,"public domain (USDA NASS Census of Agriculture), Census of Agriculture 2022"
17135,379349.0,0.8422,340250.0,0.7554,2022,"public domain (USDA NASS Census of Agriculture), Census of Agriculture 2022"
17137,283082.0,0.7774,249580.0,0.6854,2022,"public domain (USDA NASS Census of Agriculture), Census of Agriculture 2022"
17139,197600.0,0.919,183224.0,0.8522,2022,"public domain (USDA NASS Census of Agriculture), Census of Agriculture 2022"
17141,351824.0,0.7246,325320.0,0.67,2022,"public domain (USDA NASS Census of Agriculture), Census of Agriculture 2022"
17143,278241.0,0.7027,226052.0,0.5709,2022,"public domain (USDA NASS Census of Agriculture), Census of Agriculture 2022"
17145,174088.0,0.6155,143672.0,0.508,2022,"public domain (USDA NASS Census of Agriculture), Census of Agriculture 2022"
17147,228142.0,0.8117,223408.0,0.7948,2022,"public domain (USDA NASS Census of Agriculture), Census of Agriculture 2022"
17149,481175.0,0.9044,341442.0,0.6417,2022,"public domain (USDA NASS Census of Agriculture), Census of Agriculture 2022"
17151,77364.0,0.3277,42018.0,0.178,2022,"public domain (USDA NASS Census of Agriculture), Census of Agriculture 2022"
17153,99694.0,0.7817,85594.0,0.6712,2022,"public domain (USDA NASS Census of Agriculture), Census of Agriculture 2022"
17155,51822.0,0.5058,39225.0,0.3828,2022,"public domain (USDA NASS Census of Agriculture), Census of Agriculture 2022"
17157,254611.0,0.6914,203893.0,0.5537,2022,"public domain (USDA NASS Census of Agriculture), Census of Agriculture 2022"
17159,214131.0,0.9293,196941.0,0.8547,2022,"public domain (USDA NASS Census of Agriculture), Census of Agriculture 2022"
17161,144843.0,0.5294,120382.0,0.44,2022,"public domain (USDA NASS Census of Agriculture), Census of Agriculture 2022"
17163,287115.0,0.6821,253333.0,0.6018,2022,"public domain (USDA NASS Census of Agriculture), Census of Agriculture 2022"
17165,159177.0,0.6545,118046.0,0.4854,2022,"public domain (USDA NASS Census of Agriculture), Census of Agriculture 2022"
17167,464740.0,0.8364,434823.0,0.7825,2022,"public domain (USDA NASS Census of Agriculture), Census of Agriculture 2022"
17169,207067.0,0.7399,136879.0,0.4891,2022,"public domain (USDA NASS Census of Agriculture), Census of Agriculture 2022"
17171,104741.0,0.6526,90248.0,0.5623,2022,"public domain (USDA NASS Census of Agriculture), Census of Agriculture 2022"
17173,359447.0,0.7404,320915.0,0.6611,2022,"public domain (USDA NASS Census of Agriculture), Census of Agriculture 2022"
17175,162962.0,0.8838,153091.0,0.8303,2022,"public domain (USDA NASS Census of Agriculture), Census of Agriculture 2022"
17177,305770.0,0.8467,267273.0,0.7401,2022,"public domain (USDA NASS Census of Agriculture), Census of Agriculture 2022"
17179,344083.0,0.8316,318086.0,0.7688,2022,"public domain (USDA NASS Census of Agriculture), Census of Agriculture 2022"
17181,140501.0,0.531,94550.0,0.3574,2022,"public domain (USDA NASS Census of Agriculture), Census of Agriculture 2022"
17183,445066.0,0.7741,419530.0,0.7297,2022,"public domain (USDA NASS Census of Agriculture), Census of Agriculture 2022"
17185,118306.0,0.8277,111722.0,0.7817,2022,"public domain (USDA NASS Census of Agriculture), Census of Agriculture 2022"
17187,279691.0,0.8057,247865.0,0.714,2022,"public domain (USDA NASS Census of Agriculture), Census of Agriculture 2022"
17189,326641.0,0.9072,307204.0,0.8532,2022,"public domain (USDA NASS Census of Agriculture), Census of Agriculture 2022"
17191,302602.0,0.6624,255730.0,0.5598,2022,"public domain (USDA NASS Census of Agriculture), Census of Agriculture 2022"
17193,258774.0,0.8169,229514.0,0.7245,2022,"public domain (USDA NASS Census of Agriculture), Census of Agriculture 2022"
17195,335899.0,0.7672,309844.0,0.7077,2022,"public domain (USDA NASS Census of Agriculture), Census of Agriculture 2022"
17197,241269.0,0.451,228134.0,0.4265,2022,"public domain (USDA NASS Census of Agriculture), Census of Agriculture 2022"
17199,103673.0,0.3855,66989.0,0.2491,2022,"public domain (USDA NASS Census of Agriculture), Census of Agriculture 2022"
17201,167697.0,0.5107,134411.0,0.4094,2022,"public domain (USDA NASS Census of Agriculture), Census of Agriculture 2022"
17203,277669.0,0.8224,244452.0,0.724,2022,"public domain (USDA NASS Census of Agriculture), Census of Agriculture 2022"
18001,214734.0,0.99,194254.0,0.8955,2022,"public domain (USDA NASS Census of Agriculture), Census of Agriculture 2022"
18003,329722.0,0.784,303989.0,0.7228,2022,"public domain (USDA NASS Census of Agriculture), Census of Agriculture 2022"
18005,129104.0,0.4957,117050.0,0.4494,2022,"public domain (USDA NASS Census of Agriculture), Census of Agriculture 2022"
18007,226260.0,0.8699,209730.0,0.8063,2022,"public domain (USDA NASS Census of Agriculture), Census of Agriculture 2022"
18009,75340.0,0.7131,71489.0,0.6766,2022,"public domain (USDA NASS Census of Agriculture), Census of Agriculture 2022"
18011,205588.0,0.7596,197003.0,0.7279,2022,"public domain (USDA NASS Census of Agriculture), Census of Agriculture 2022"
18013,15451.0,0.0774,7719.0,0.0387,2022,"public domain (USDA NASS Census of Agriculture), Census of Agriculture 2022"
18015,197057.0,0.8272,180776.0,0.7588,2022,"public domain (USDA NASS Census of Agriculture), Census of Agriculture 2022"
18017,224621.0,0.8516,206665.0,0.7835,2022,"public domain (USDA NASS Census of Agriculture), Census of Agriculture 2022"
18019,86065.0,0.361,63488.0,0.2663,2022,"public domain (USDA NASS Census of Agriculture), Census of Agriculture 2022"
18021,168912.0,0.738,153589.0,0.6711,2022,"public domain (USDA NASS Census of Agriculture), Census of Agriculture 2022"
18023,205912.0,0.7943,199172.0,0.7683,2022,"public domain (USDA NASS Census of Agriculture), Census of Agriculture 2022"
18025,68274.0,0.3491,26133.0,0.1336,2022,"public domain (USDA NASS Census of Agriculture), Census of Agriculture 2022"
18027,186607.0,0.6788,159536.0,0.5804,2022,"public domain (USDA NASS Census of Agriculture), Census of Agriculture 2022"
18029,49633.0,0.2542,19722.0,0.101,2022,"public domain (USDA NASS Census of Agriculture), Census of Agriculture 2022"
18031,169467.0,0.7107,149496.0,0.627,2022,"public domain (USDA NASS Census of Agriculture), Census of Agriculture 2022"
18033,191601.0,0.8251,166001.0,0.7149,2022,"public domain (USDA NASS Census of Agriculture), Census of Agriculture 2022"
18035,156043.0,0.6218,146999.0,0.5858,2022,"public domain (USDA NASS Census of Agriculture), Census of Agriculture 2022"
18037,159666.0,0.5839,116979.0,0.4278,2022,"public domain (USDA NASS Census of Agriculture), Census of Agriculture 2022"
18039,195094.0,0.6582,165733.0,0.5591,2022,"public domain (USDA NASS Census of Agriculture), Census of Agriculture 2022"
18041,91045.0,0.6616,78443.0,0.57,2022,"public domain (USDA NASS Census of Agriculture), Census of Agriculture 2022"
18043,16616.0,0.1749,9305.0,0.0979,2022,"public domain (USDA NASS Census of Agriculture), Census of Agriculture 2022"
18045,192752.0,0.7612,169977.0,0.6712,2022,"public domain (USDA NASS Census of Agriculture), Census of Agriculture 2022"
18047,144173.0,0.586,100256.0,0.4075,2022,"public domain (USDA NASS Census of Agriculture), Census of Agriculture 2022"
18049,181860.0,0.7713,159449.0,0.6763,2022,"public domain (USDA NASS Census of Agriculture), Census of Agriculture 2022"
18051,248444.0,0.7965,228940.0,0.734,2022,"public domain (USDA NASS Census of Agriculture), Census of Agriculture 2022"
18053,159502.0,0.6019,150470.0,0.5678,2022,"public domain (USDA NASS Census of Agriculture), Census of Agriculture 2022"
18055,192510.0,0.5545,148040.0,0.4264,2022,"public domain (USDA NASS Census of Agriculture), Census of Agriculture 2022"
18057,132195.0,0.5237,115558.0,0.4578,2022,"public domain (USDA NASS Census of Agriculture), Census of Agriculture 2022"
18059,184430.0,0.9419,169667.0,0.8665,2022,"public domain (USDA NASS Census of Agriculture), Census of Agriculture 2022"
18061,154221.0,0.4978,96468.0,0.3114,2022,"public domain (USDA NASS Census of Agriculture), Census of Agriculture 2022"
18063,115423.0,0.4432,106925.0,0.4106,2022,"public domain (USDA NASS Census of Agriculture), Census of Agriculture 2022"
18065,178215.0,0.7106,161266.0,0.643,2022,"public domain (USDA NASS Census of Agriculture), Census of Agriculture 2022"
18067,139488.0,0.7437,132328.0,0.7055,2022,"public domain (USDA NASS Census of Agriculture), Census of Agriculture 2022"
18069,219609.0,0.8968,205728.0,0.8401,2022,"public domain (USDA NASS Census of Agriculture), Census of Agriculture 2022"
18071,168778.0,0.5171,131346.0,0.4024,2022,"public domain (USDA NASS Census of Agriculture), Census of Agriculture 2022"
18073,312985.0,0.8738,286380.0,0.7995,2022,"public domain (USDA NASS Census of Agriculture), Census of Agriculture 2022"
18075,198780.0,0.809,179668.0,0.7313,2022,"public domain (USDA NASS Census of Agriculture), Census of Agriculture 2022"
18077,84233.0,0.3649,52829.0,0.2288,2022,"public domain (USDA NASS Census of Agriculture), Census of Agriculture 2022"
18079,113373.0,0.4704,81026.0,0.3362,2022,"public domain (USDA NASS Census of Agriculture), Census of Agriculture 2022"
18081,122228.0,0.596,113578.0,0.5539,2022,"public domain (USDA NASS Census of Agriculture), Census of Agriculture 2022"
18083,327292.0,0.9914,296444.0,0.898,2022,"public domain (USDA NASS Census of Agriculture), Census of Agriculture 2022"
18085,298904.0,0.8788,261880.0,0.77,2022,"public domain (USDA NASS Census of Agriculture), Census of Agriculture 2022"
18087,193616.0,0.7969,135706.0,0.5585,2022,"public domain (USDA NASS Census of Agriculture), Census of Agriculture 2022"
18089,123589.0,0.3871,111576.0,0.3495,2022,"public domain (USDA NASS Census of Agriculture), Census of Agriculture 2022"
18091,277850.0,0.7256,261283.0,0.6824,2022,"public domain (USDA NASS Census of Agriculture), Census of Agriculture 2022"
18093,117099.0,0.4074,58229.0,0.2026,2022,"public domain (USDA NASS Census of Agriculture), Census of Agriculture 2022"
18095,196215.0,0.6784,184642.0,0.6384,2022,"public domain (USDA NASS Census of Agriculture), Census of Agriculture 2022"
18097,14595.0,0.0576,12949.0,0.0511,2022,"public domain (USDA NASS Census of Agriculture), Census of Agriculture 2022"
18099,201037.0,0.7081,182249.0,0.6419,2022,"public domain (USDA NASS Census of Agriculture), Census of Agriculture 2022"
18101,57900.0,0.2694,37333.0,0.1737,2022,"public domain (USDA NASS Census of Agriculture), Census of Agriculture 2022"
18103,201899.0,0.8439,181843.0,0.76,2022,"public domain (USDA NASS Census of Agriculture), Census of Agriculture 2022"
18105,63216.0,0.2504,19894.0,0.0788,2022,"public domain (USDA NASS Census of Agriculture), Census of Agriculture 2022"
18107,252762.0,0.7826,224288.0,0.6944,2022,"public domain (USDA NASS Census of Agriculture), Census of Agriculture 2022"
18109,130356.0,0.5044,110531.0,0.4277,2022,"public domain (USDA NASS Census of Agriculture), Census of Agriculture 2022"
18111,189934.0,0.7387,163644.0,0.6364,2022,"public domain (USDA NASS Census of Agriculture), Census of Agriculture 2022"
18113,174349.0,0.6631,140236.0,0.5333,2022,"public domain (USDA NASS Census of Agriculture), Census of Agriculture 2022"
18115,16420.0,0.2978,7458.0,0.1353,2022,"public domain (USDA NASS Census of Agriculture), Census of Agriculture 2022"
18117,95336.0,0.3739,59319.0,0.2327,2022,"public domain (USDA NASS Census of Agriculture), Census of Agriculture 2022"
18119,76206.0,0.309,46228.0,0.1875,2022,"public domain (USDA NASS Census of Agriculture), Census of Agriculture 2022"
18121,174867.0,0.6144,129964.0,0.4566,2022,"public domain (USDA NASS Census of Agriculture), Census of Agriculture 2022"
18123,66411.0,0.2718,35269.0,0.1444,2022,"public domain (USDA NASS Census of Agriculture), Census of Agriculture 2022"
18125,88483.0,0.4135,68146.0,0.3185,2022,"public domain (USDA NASS Census of Agriculture), Census of Agriculture 2022"
18127,122238.0,0.4568,105600.0,0.3946,2022,"public domain (USDA NASS Census of Agriculture), Census of Agriculture 2022"
18129,256130.0,0.9776,230423.0,0.8795,2022,"public domain (USDA NASS Census of Agriculture), Census of Agriculture 2022"
18131,245345.0,0.884,230969.0,0.8322,2022,"public domain (USDA NASS Census of Agriculture), Census of Agriculture 2022"
18133,174378.0,0.567,140846.0,0.458,2022,"public domain (USDA NASS Census of Agriculture), Census of Agriculture 2022"
18135,238870.0,0.825,223436.0,0.7717,2022,"public domain (USDA NASS Census of Agriculture), Census of Agriculture 2022"
18137,175750.0,0.6151,136442.0,0.4775,2022,"public domain (USDA NASS Census of Agriculture), Census of Agriculture 2022"
18139,189580.0,0.7258,171935.0,0.6582,2022,"public domain (USDA NASS Census of Agriculture), Census of Agriculture 2022"
18141,153034.0,0.5223,141832.0,0.4841,2022,"public domain (USDA NASS Census of Agriculture), Census of Agriculture 2022"
18143,45293.0,0.3717,33011.0,0.2709,2022,"public domain (USDA NASS Census of Agriculture), Census of Agriculture 2022"
18145,209675.0,0.7969,199029.0,0.7564,2022,"public domain (USDA NASS Census of Agriculture), Census of Agriculture 2022"
18147,162031.0,0.6379,129934.0,0.5115,2022,"public domain (USDA NASS Census of Agriculture), Census of Agriculture 2022"
18149,98815.0,0.4994,83952.0,0.4243,2022,"public domain (USDA NASS Census of Agriculture), Census of Agriculture 2022"
18151,96550.0,0.4886,81491.0,0.4124,2022,"public domain (USDA NASS Census of Agriculture), Census of Agriculture 2022"
18153,176644.0,0.6172,151178.0,0.5282,2022,"public domain (USDA NASS Census of Agriculture), Census of Agriculture 2022"
18155,53933.0,0.3819,28353.0,0.2008,2022,"public domain (USDA NASS Census of Agriculture), Census of Agriculture 2022"
18157,237534.0,0.7439,213719.0,0.6693,2022,"public domain (USDA NASS Census of Agriculture), Census of Agriculture 2022"
18159,163401.0,0.9799,158350.0,0.9496,2022,"public domain (USDA NASS Census of Agriculture), Census of Agriculture 2022"
18161,69029.0,0.6691,61860.0,0.5996,2022,"public domain (USDA NASS Census of Agriculture), Census of Agriculture 2022"
18163,51839.0,0.347,48697.0,0.326,2022,"public domain (USDA NASS Census of Agriculture), Census of Agriculture 2022"
18165,104913.0,0.6381,84884.0,0.5163,2022,"public domain (USDA NASS Census of Agriculture), Census of Agriculture 2022"
18167,105310.0,0.4077,87806.0,0.3399,2022,"public domain (USDA NASS Census of Agriculture), Census of Agriculture 2022"
18169,186071.0,0.7047,166621.0,0.6311,2022,"public domain (USDA NASS Census of Agriculture), Census of Agriculture 2022"
18171,204198.0,0.8749,171984.0,0.7369,2022,"public domain (USDA NASS Census of Agriculture), Census of Agriculture 2022"
18173,123966.0,0.5036,107398.0,0.4363,2022,"public domain (USDA NASS Census of Agriculture), Census of Agriculture 2022"
18175,190434.0,0.5792,132342.0,0.4025,2022,"public domain (USDA NASS Census of Agriculture), Census of Agriculture 2022"
18177,154498.0,0.6009,127419.0,0.4956,2022,"public domain (USDA NASS Census of Agriculture), Census of Agriculture 2022"
18179,201538.0,0.8555,192626.0,0.8177,2022,"public domain (USDA NASS Census of Agriculture), Census of Agriculture 2022"
18181,304558.0,0.9421,281918.0,0.872,2022,"public domain (USDA NASS Census of Agriculture), Census of Agriculture 2022"
18183,162338.0,0.7558,145401.0,0.6769,2022,"public domain (USDA NASS Census of Agriculture), Census of Agriculture 2022"
19001,348125.0,0.9555,275142.0,0.7552,2022,"public domain (USDA NASS Census of Agriculture), Census of Agriculture 2022"
19003,248630.0,0.9175,183787.0,0.6782,2022,"public domain (USDA NASS Census of Agriculture), Census of Agriculture 2022"
19005,304451.0,0.7444,190814.0,0.4665,2022,"public domain (USDA NASS Census of Agriculture), Census of Agriculture 2022"
19007,206941.0,0.6502,127560.0,0.4008,2022,"public domain (USDA NASS Census of Agriculture), Census of Agriculture 2022"
19009,256116.0,0.9034,233692.0,0.8243,2022,"public domain (USDA NASS Census of Agriculture), Census of Agriculture 2022"
19011,377259.0,0.8232,340015.0,0.7419,2022,"public domain (USDA NASS Census of Agriculture), Census of Agriculture 2022"
19013,290438.0,0.8021,271874.0,0.7509,2022,"public domain (USDA NASS Census of Agriculture), Census of Agriculture 2022"
19015,333540.0,0.9136,310616.0,0.8508,2022,"public domain (USDA NASS Census of Agriculture), Census of Agriculture 2022"
19017,240688.0,0.8636,222606.0,0.7987,2022,"public domain (USDA NASS Census of Agriculture), Census of Agriculture 2022"
19019,361693.0,0.9896,335890.0,0.919,2022,"public domain (USDA NASS Census of Agriculture), Census of Agriculture 2022"
19021,322399.0,0.8762,301760.0,0.8201,2022,"public domain (USDA NASS Census of Agriculture), Census of Agriculture 2022"
19023,327856.0,0.883,297323.0,0.8008,2022,"public domain (USDA NASS Census of Agriculture), Census of Agriculture 2022"
19025,306722.0,0.841,290601.0,0.7968,2022,"public domain (USDA NASS Census of Agriculture), Census of Agriculture 2022"
19027,343933.0,0.9437,319150.0,0.8757,2022,"public domain (USDA NASS Census of Agriculture), Census of Agriculture 2022"
19029,300521.0,0.8322,258335.0,0.7154,2022,"public domain (USDA NASS Census of Agriculture), Census of Agriculture 2022"
19031,366548.0,0.9884,337692.0,0.9106,2022,"public domain (USDA NASS Census of Agriculture), Census of Agriculture 2022"
19033,336756.0,0.9259,317458.0,0.8728,2022,"public domain (USDA NASS Census of Agriculture), Census of Agriculture 2022"
19035,327342.0,0.8866,284338.0,0.7701,2022,"public domain (USDA NASS Census of Agriculture), Census of Agriculture 2022"
19037,273833.0,0.8484,249939.0,0.7744,2022,"public domain (USDA NASS Census of Agriculture), Census of Agriculture 2022"
19039,177968.0,0.645,103015.0,0.3734,2022,"public domain (USDA NASS Census of Agriculture), Census of Agriculture 2022"
19041,306922.0,0.8454,283746.0,0.7816,2022,"public domain (USDA NASS Census of Agriculture), Census of Agriculture 2022"
19043,430213.0,0.8635,311393.0,0.625,2022,"public domain (USDA NASS Census of Agriculture), Census of Agriculture 2022"
19045,352926.0,0.7935,307766.0,0.692,2022,"public domain (USDA NASS Census of Agriculture), Census of Agriculture 2022"
19047,439226.0,0.9609,401881.0,0.8792,2022,"public domain (USDA NASS Census of Agriculture), Census of Agriculture 2022"
19049,287842.0,0.7646,254834.0,0.6769,2022,"public domain (USDA NASS Census of Agriculture), Census of Agriculture 2022"
19051,213870.0,0.6654,127753.0,0.3975,2022,"public domain (USDA NASS Census of Agriculture), Census of Agriculture 2022"
19053,231581.0,0.6803,141247.0,0.4149,2022,"public domain (USDA NASS Census of Agriculture), Census of Agriculture 2022"
19055,345856.0,0.9355,303494.0,0.8209,2022,"public domain (USDA NASS Census of Agriculture), Census of Agriculture 2022"
19057,148881.0,0.559,123052.0,0.462,2022,"public domain (USDA NASS Census of Agriculture), Census of Agriculture 2022"
19059,161592.0,0.6635,151337.0,0.6214,2022,"public domain (USDA NASS Census of Agriculture), Census of Agriculture 2022"
19061,317983.0,0.8168,254871.0,0.6547,2022,"public domain (USDA NASS Census of Agriculture), Census of Agriculture 2022"
19063,216211.0,0.8533,201428.0,0.795,2022,"public domain (USDA NASS Census of Agriculture), Census of Agriculture 2022"
19065,429271.0,0.9178,367999.0,0.7868,2022,"public domain (USDA NASS Census of Agriculture), Census of Agriculture 2022"
19067,301797.0,0.942,281412.0,0.8784,2022,"public domain (USDA NASS Census of Agriculture), Census of Agriculture 2022"
19069,334656.0,0.8985,317147.0,0.8515,2022,"public domain (USDA NASS Census of Agriculture), Census of Agriculture 2022"
19071,264206.0,0.8076,238007.0,0.7275,2022,"public domain (USDA NASS Census of Agriculture), Census of Agriculture 2022"
19073,318483.0,0.8737,290956.0,0.7982,2022,"public domain (USDA NASS Census of Agriculture), Census of Agriculture 2022"
19075,320623.0,0.9982,309513.0,0.9637,2022,"public domain (USDA NASS Census of Agriculture), Census of Agriculture 2022"
19077,324037.0,0.8573,243073.0,0.6431,2022,"public domain (USDA NASS Census of Agriculture), Census of Agriculture 2022"
19079,367576.0,0.9958,350607.0,0.9499,2022,"public domain (USDA NASS Census of Agriculture), Census of Agriculture 2022"
19081,337777.0,0.9243,326880.0,0.8945,2022,"public domain (USDA NASS Census of Agriculture), Census of Agriculture 2022"
19083,333515.0,0.9154,310937.0,0.8534,2022,"public domain (USDA NASS Census of Agriculture), Census of Agriculture 2022"
19085,374383.0,0.8394,329362.0,0.7385,2022,"public domain (USDA NASS Census of Agriculture), Census of Agriculture 2022"
19087,233603.0,0.8405,190735.0,0.6862,2022,"public domain (USDA NASS Census of Agriculture), Census of Agriculture 2022"
19089,296769.0,0.9798,265610.0,0.877,2022,"public domain (USDA NASS Census of Agriculture), Census of Agriculture 2022"
19091,223283.0,0.8032,214033.0,0.7699,2022,"public domain (USDA NASS Census of Agriculture), Census of Agriculture 2022"
19093,210663.0,0.7628,191499.0,0.6934,2022,"public domain (USDA NASS Census of Agriculture), Census of Agriculture 2022"
19095,342212.0,0.9118,286458.0,0.7632,2022,"public domain (USDA NASS Census of Agriculture), Census of Agriculture 2022"
19097,292239.0,0.7179,204268.0,0.5018,2022,"public domain (USDA NASS Census of Agriculture), Census of Agriculture 2022"
19099,439310.0,0.9398,376681.0,0.8058,2022,"public domain (USDA NASS Census of Agriculture), Census of Agriculture 2022"
19101,211552.0,0.759,167974.0,0.6026,2022,"public domain (USDA NASS Census of Agriculture), Census of Agriculture 2022"
19103,259760.0,0.6621,222627.0,0.5675,2022,"public domain (USDA NASS Census of Agriculture), Census of Agriculture 2022"
19105,319791.0,0.8681,262257.0,0.7119,2022,"public domain (USDA NASS Census of Agriculture), Census of Agriculture 2022"
19107,277478.0,0.7486,219115.0,0.5911,2022,"public domain (USDA NASS Census of Agriculture), Census of Agriculture 2022"
19109,584543.0,0.939,561473.0,0.9019,2022,"public domain (USDA NASS Census of Agriculture), Census of Agriculture 2022"
19111,223700.0,0.6754,164216.0,0.4958,2022,"public domain (USDA NASS Census of Agriculture), Census of Agriculture 2022"
19113,338977.0,0.7387,298331.0,0.6501,2022,"public domain (USDA NASS Census of Agriculture), Census of Agriculture 2022"
19115,188748.0,0.734,159578.0,0.6206,2022,"public domain (USDA NASS Census of Agriculture), Census of Agriculture 2022"
19117,177001.0,0.6422,98072.0,0.3558,2022,"public domain (USDA NASS Census of Agriculture), Census of Agriculture 2022"
19119,315316.0,0.8385,285622.0,0.7595,2022,"public domain (USDA NASS Census of Agriculture), Census of Agriculture 2022"
19121,311851.0,0.8686,215369.0,0.5998,2022,"public domain (USDA NASS Census of Agriculture), Census of Agriculture 2022"
19123,304832.0,0.8344,260507.0,0.713,2022,"public domain (USDA NASS Census of Agriculture), Census of Agriculture 2022"
19125,240780.0,0.6785,178626.0,0.5034,2022,"public domain (USDA NASS Census of Agriculture), Census of Agriculture 2022"
19127,333581.0,0.9104,304498.0,0.831,2022,"public domain (USDA NASS Census of Agriculture), Census of Agriculture 2022"
19129,210969.0,0.7536,192439.0,0.6874,2022,"public domain (USDA NASS Census of Agriculture), Census of Agriculture 2022"
19131,255760.0,0.8516,239678.0,0.7981,2022,"public domain (USDA NASS Census of Agriculture), Census of Agriculture 2022"
19133,406263.0,0.9146,367975.0,0.8284,2022,"public domain (USDA NASS Census of Agriculture), Census of Agriculture 2022"
19135,197145.0,0.7102,112819.0,0.4064,2022,"public domain (USDA NASS Census of Agriculture), Census of Agriculture 2022"
19137,237768.0,0.876,207007.0,0.7627,2022,"public domain (USDA NASS Census of Agriculture), Census of Agriculture 2022"
19139,201753.0,0.7206,170915.0,0.6105,2022,"public domain (USDA NASS Census of Agriculture), Census of Agriculture 2022"
19141,268038.0,0.7309,252795.0,0.6893,2022,"public domain (USDA NASS Census of Agriculture), Census of Agriculture 2022"
19143,198039.0,0.7761,189608.0,0.7431,2022,"public domain (USDA NASS Census of Agriculture), Census of Agriculture 2022"
19145,291963.0,0.8528,239671.0,0.7,2022,"public domain (USDA NASS Census of Agriculture), Census of Agriculture 2022"
19147,360741.0,0.9996,348895.0,0.9668,2022,"public domain (USDA NASS Census of Agriculture), Census of Agriculture 2022"
19149,544068.0,0.9853,483108.0,0.8749,2022,"public domain (USDA NASS Census of Agriculture), Census of Agriculture 2022"
19151,316323.0,0.8562,305474.0,0.8269,2022,"public domain (USDA NASS Census of Agriculture), Census of Agriculture 2022"
19153,179322.0,0.4895,161105.0,0.4398,2022,"public domain (USDA NASS Census of Agriculture), Census of Agriculture 2022"
19155,563574.0,0.9257,508806.0,0.8357,2022,"public domain (USDA NASS Census of Agriculture), Census of Agriculture 2022"
19157,288668.0,0.7711,250979.0,0.6704,2022,"public domain (USDA NASS Census of Agriculture), Census of Agriculture 2022"
19159,311401.0,0.9086,213082.0,0.6218,2022,"public domain (USDA NASS Census of Agriculture), Census of Agriculture 2022"
19161,344405.0,0.9358,324601.0,0.882,2022,"public domain (USDA NASS Census of Agriculture), Census of Agriculture 2022"
19163,201629.0,0.6877,186204.0,0.6351,2022,"public domain (USDA NASS Census of Agriculture), Census of Agriculture 2022"
19165,339793.0,0.8987,319048.0,0.8438,2022,"public domain (USDA NASS Census of Agriculture), Census of Agriculture 2022"
19167,485793.0,0.9885,454943.0,0.9257,2022,"public domain (USDA NASS Census of Agriculture), Census of Agriculture 2022"
19169,299244.0,0.8167,277178.0,0.7564,2022,"public domain (USDA NASS Census of Agriculture), Census of Agriculture 2022"
19171,360619.0,0.7815,314988.0,0.6826,2022,"public domain (USDA NASS Census of Agriculture), Census of Agriculture 2022"
19173,296690.0,0.8715,239968.0,0.7049,2022,"public domain (USDA NASS Census of Agriculture), Census of Agriculture 2022"
19175,214527.0,0.7912,152957.0,0.5641,2022,"public domain (USDA NASS Census of Agriculture), Census of Agriculture 2022"
19177,225161.0,0.7257,144499.0,0.4657,2022,"public domain (USDA NASS Census of Agriculture), Census of Agriculture 2022"
19179,195594.0,0.7077,148040.0,0.5356,2022,"public domain (USDA NASS Census of Agriculture), Census of Agriculture 2022"
19181,296409.0,0.813,223392.0,0.6127,2022,"public domain (USDA NASS Census of Agriculture), Census of Agriculture 2022"
19183,298992.0,0.8213,256810.0,0.7054,2022,"public domain (USDA NASS Census of Agriculture), Census of Agriculture 2022"
19185,321812.0,0.9569,233708.0,0.6949,2022,"public domain (USDA NASS Census of Agriculture), Census of Agriculture 2022"
19187,356141.0,0.7775,335107.0,0.7316,2022,"public domain (USDA NASS Census of Agriculture), Census of Agriculture 2022"
19189,197720.0,0.7714,187863.0,0.7329,2022,"public domain (USDA NASS Census of Agriculture), Census of Agriculture 2022"
19191,373151.0,0.8452,307133.0,0.6957,2022,"public domain (USDA NASS Census of Agriculture), Census of Agriculture 2022"
19193,468824.0,0.8392,423507.0,0.7581,2022,"public domain (USDA NASS Census of Agriculture), Census of Agriculture 2022"
19195,162856.0,0.636,147388.0,0.5756,2022,"public domain (USDA NASS Census of Agriculture), Census of Agriculture 2022"
19197,369835.0,0.9956,352056.0,0.9478,2022,"public domain (USDA NASS Census of Agriculture), Census of Agriculture 2022"
20001,249954.0,0.7806,145938.0,0.4558,2022,"public domain (USDA NASS Census of Agriculture), Census of Agriculture 2022"
20003,286520.0,0.7724,172471.0,0.4649,2022,"public domain (USDA NASS Census of Agriculture), Census of Agriculture 2022"
20005,193896.0,0.7026,142103.0,0.515,2022,"public domain (USDA NASS Census of Agriculture), Census of Agriculture 2022"
20007,723977.0,0.9975,223235.0,0.3076,2022,"public domain (USDA NASS Census of Agriculture), Census of Agriculture 2022"
20009,562598.0,0.9819,411762.0,0.7187,2022,"public domain (USDA NASS Census of Agriculture), Census of Agriculture 2022"
20011,311422.0,0.7657,127171.0,0.3127,2022,"public domain (USDA NASS Census of Agriculture), Census of Agriculture 2022"
20013,340917.0,0.9331,272572.0,0.746,2022,"public domain (USDA NASS Census of Agriculture), Census of Agriculture 2022"
20015,821264.0,0.8975,321178.0,0.351,2022,"public domain (USDA NASS Census of Agriculture), Census of Agriculture 2022"
20017,491365.0,0.9932,72254.0,0.146,2022,"public domain (USDA NASS Census of Agriculture), Census of Agriculture 2022"
20019,311512.0,0.7619,54731.0,0.1339,2022,"public domain (USDA NASS Census of Agriculture), Census of Agriculture 2022"
20021,258413.0,0.6872,194573.0,0.5174,2022,"public domain (USDA NASS Census of Agriculture), Census of Agriculture 2022"
20023,645026.0,0.9882,399279.0,0.6117,2022,"public domain (USDA NASS Census of Agriculture), Census of Agriculture 2022"
20025,560252.0,0.8982,182255.0,0.2922,2022,"public domain (USDA NASS Census of Agriculture), Census of Agriculture 2022"
20027,338106.0,0.8187,243606.0,0.5899,2022,"public domain (USDA NASS Census of Agriculture), Census of Agriculture 2022"
20029,328457.0,0.7174,224207.0,0.4897,2022,"public domain (USDA NASS Census of Agriculture), Census of Agriculture 2022"
20031,314123.0,0.7829,188166.0,0.469,2022,"public domain (USDA NASS Census of Agriculture), Census of Agriculture 2022"
20033,451953.0,0.8958,164980.0,0.327,2022,"public domain (USDA NASS Census of Agriculture), Census of Agriculture 2022"
20035,519270.0,0.7207,235615.0,0.327,2022,"public domain (USDA NASS Census of Agriculture), Census of Agriculture 2022"
20037,352793.0,0.9347,216316.0,0.5731,2022,"public domain (USDA NASS Census of Agriculture), Census of Agriculture 2022"
20039,514685.0,0.9,324903.0,0.5682,2022,"public domain (USDA NASS Census of Agriculture), Census of Agriculture 2022"
20041,455551.0,0.8403,302753.0,0.5585,2022,"public domain (USDA NASS Census of Agriculture), Census of Agriculture 2022"
20043,154259.0,0.6126,126183.0,0.5011,2022,"public domain (USDA NASS Census of Agriculture), Census of Agriculture 2022"
20045,218949.0,0.7506,162496.0,0.5571,2022,"public domain (USDA NASS Census of Agriculture), Census of Agriculture 2022"
20047,396962.0,0.9974,271996.0,0.6834,2022,"public domain (USDA NASS Census of Agriculture), Census of Agriculture 2022"
20049,246966.0,0.599,46197.0,0.112,2022,"public domain (USDA NASS Census of Agriculture), Census of Agriculture 2022"
20051,573649.0,0.996,329911.0,0.5728,2022,"public domain (USDA NASS Census of Agriculture), Census of Agriculture 2022"
20053,306934.0,0.6702,135634.0,0.2962,2022,"public domain (USDA NASS Census of Agriculture), Census of Agriculture 2022"
20055,821433.0,0.9858,695042.0,0.8341,2022,"public domain (USDA NASS Census of Agriculture), Census of Agriculture 2022"
20057,698533.0,0.9938,537636.0,0.7649,2022,"public domain (USDA NASS Census of Agriculture), Census of Agriculture 2022"
20059,254532.0,0.6956,152944.0,0.418,2022,"public domain (USDA NASS Census of Agriculture), Census of Agriculture 2022"
20061,176034.0,0.7151,83462.0,0.339,2022,"public domain (USDA NASS Census of Agriculture), Census of Agriculture 2022"
20063,658365.0,0.9599,394218.0,0.5748,2022,"public domain (USDA NASS Census of Agriculture), Census of Agriculture 2022"
20065,400161.0,0.6959,231654.0,0.4028,2022,"public domain (USDA NASS Census of Agriculture), Census of Agriculture 2022"
20067,363590.0,0.9883,291934.0,0.7936,2022,"public domain (USDA NASS Census of Agriculture), Census of Agriculture 2022"
20069,553976.0,0.9962,437987.0,0.7876,2022,"public domain (USDA NASS Census of Agriculture), Census of Agriculture 2022"
20071,495657.0,0.9949,448464.0,0.9002,2022,"public domain (USDA NASS Census of Agriculture), Census of Agriculture 2022"
20073,674590.0,0.9219,162310.0,0.2218,2022,"public domain (USDA NASS Census of Agriculture), Census of Agriculture 2022"
20075,637056.0,0.9989,489566.0,0.7676,2022,"public domain (USDA NASS Census of Agriculture), Census of Agriculture 2022"
20077,444647.0,0.8671,286615.0,0.5589,2022,"public domain (USDA NASS Census of Agriculture), Census of Agriculture 2022"
20079,343919.0,0.9956,292580.0,0.847,2022,"public domain (USDA NASS Census of Agriculture), Census of Agriculture 2022"
20081,334602.0,0.9053,289791.0,0.784,2022,"public domain (USDA NASS Census of Agriculture), Census of Agriculture 2022"
20083,518034.0,0.9412,336139.0,0.6107,2022,"public domain (USDA NASS Census of Agriculture), Census of Agriculture 2022"
20085,263210.0,0.6267,126187.0,0.3005,2022,"public domain (USDA NASS Census of Agriculture), Census of Agriculture 2022"
20087,187336.0,0.5496,105932.0,0.3108,2022,"public domain (USDA NASS Census of Agriculture), Census of Agriculture 2022"
20089,462604.0,0.7943,298832.0,0.5131,2022,"public domain (USDA NASS Census of Agriculture), Census of Agriculture 2022"
20091,53247.0,0.1757,30333.0,0.1001,2022,"public domain (USDA NASS Census of Agriculture), Census of Agriculture 2022"
20093,553074.0,0.9927,461332.0,0.828,2022,"public domain (USDA NASS Census of Agriculture), Census of Agriculture 2022"
20095,450053.0,0.8144,265264.0,0.48,2022,"public domain (USDA NASS Census of Agriculture), Census of Agriculture 2022"
20097,367358.0,0.7943,170763.0,0.3692,2022,"public domain (USDA NASS Census of Agriculture), Census of Agriculture 2022"
20099,364342.0,0.8821,200602.0,0.4857,2022,"public domain (USDA NASS Census of Agriculture), Census of Agriculture 2022"
20101,458845.0,0.9994,348571.0,0.7592,2022,"public domain (USDA NASS Census of Agriculture), Census of Agriculture 2022"
20103,150003.0,0.5058,94949.0,0.3201,2022,"public domain (USDA NASS Census of Agriculture), Census of Agriculture 2022"
20105,286803.0,0.6229,141415.0,0.3071,2022,"public domain (USDA NASS Census of Agriculture), Census of Agriculture 2022"
20107,288612.0,0.7591,142890.0,0.3758,2022,"public domain (USDA NASS Census of Agriculture), Census of Agriculture 2022"
20109,551683.0,0.8034,270638.0,0.3941,2022,"public domain (USDA NASS Census of Agriculture), Census of Agriculture 2022"
20111,469248.0,0.8652,244853.0,0.4514,2022,"public domain (USDA NASS Census of Agriculture), Census of Agriculture 2022"
20113,571571.0,0.9942,462367.0,0.8043,2022,"public domain (USDA NASS Census of Agriculture), Census of Agriculture 2022"
20115,600561.0,0.9937,338516.0,0.5601,2022,"public domain (USDA NASS Census of Agriculture), Census of Agriculture 2022"
20117,443244.0,0.7694,316869.0,0.55,2022,"public domain (USDA NASS Census of Agriculture), Census of Agriculture 2022"
20119,624369.0,0.9974,387565.0,0.6191,2022,"public domain (USDA NASS Census of Agriculture), Census of Agriculture 2022"
20121,273336.0,0.7416,157131.0,0.4263,2022,"public domain (USDA NASS Census of Agriculture), Census of Agriculture 2022"
20123,421946.0,0.9394,289112.0,0.6437,2022,"public domain (USDA NASS Census of Agriculture), Census of Agriculture 2022"
20125,300352.0,0.7292,161470.0,0.392,2022,"public domain (USDA NASS Census of Agriculture), Census of Agriculture 2022"
20127,441414.0,0.9919,176194.0,0.3959,2022,"public domain (USDA NASS Census of Agriculture), Census of Agriculture 2022"
20129,449871.0,0.9633,383167.0,0.8204,2022,"public domain (USDA NASS Census of Agriculture), Census of Agriculture 2022"
20131,410751.0,0.8946,301433.0,0.6565,2022,"public domain (USDA NASS Census of Agriculture), Census of Agriculture 2022"
20133,319747.0,0.8742,155703.0,0.4257,2022,"public domain (USDA NASS Census of Agriculture), Census of Agriculture 2022"
20135,685153.0,0.9961,429502.0,0.6244,2022,"public domain (USDA NASS Census of Agriculture), Census of Agriculture 2022"
20137,450829.0,0.8023,248670.0,0.4425,2022,"public domain (USDA NASS Census of Agriculture), Census of Agriculture 2022"
20139,337246.0,0.7469,180458.0,0.3997,2022,"public domain (USDA NASS Census of Agriculture), Census of Agriculture 2022"
20141,424101.0,0.7425,246217.0,0.431,2022,"public domain (USDA NASS Census of Agriculture), Census of Agriculture 2022"
20143,381011.0,0.826,222968.0,0.4834,2022,"public domain (USDA NASS Census of Agriculture), Census of Agriculture 2022"
20145,412958.0,0.8555,350434.0,0.7259,2022,"public domain (USDA NASS Census of Agriculture), Census of Agriculture 2022"
20147,460080.0,0.8115,248684.0,0.4386,2022,"public domain (USDA NASS Census of Agriculture), Census of Agriculture 2022"
20149,404286.0,0.7514,167637.0,0.3116,2022,"public domain (USDA NASS Census of Agriculture), Census of Agriculture 2022"
20151,463932.0,0.9862,397451.0,0.8449,2022,"public domain (USDA NASS Census of Agriculture), Census of Agriculture 2022"
20153,631243.0,0.9223,363951.0,0.5318,2022,"public domain (USDA NASS Census of Agriculture), Census of Agriculture 2022"
20155,779043.0,0.9697,606484.0,0.7549,2022,"public domain (USDA NASS Census of Agriculture), Census of Agriculture 2022"
20157,315020.0,0.6861,220346.0,0.4799,2022,"public domain (USDA NASS Census of Agriculture), Census of Agriculture 2022"
20159,384753.0,0.8278,302474.0,0.6508,2022,"public domain (USDA NASS Census of Agriculture), Census of Agriculture 2022"
20161,209517.0,0.537,90613.0,0.2322,2022,"public domain (USDA NASS Census of Agriculture), Census of Agriculture 2022"
20163,567973.0,0.9966,328365.0,0.5761,2022,"public domain (USDA NASS Census of Agriculture), Census of Agriculture 2022"
20165,337199.0,0.734,255856.0,0.557,2022,"public domain (USDA NASS Census of Agriculture), Census of Agriculture 2022"
20167,432200.0,0.762,243878.0,0.43,2022,"public domain (USDA NASS Census of Agriculture), Census of Agriculture 2022"
20169,314203.0,0.6816,203613.0,0.4417,2022,"public domain (USDA NASS Census of Agriculture), Census of Agriculture 2022"
20171,458248.0,0.9978,398799.0,0.8684,2022,"public domain (USDA NASS Census of Agriculture), Census of Agriculture 2022"
20173,474946.0,0.7443,390720.0,0.6123,2022,"public domain (USDA NASS Census of Agriculture), Census of Agriculture 2022"
20175,392849.0,0.9596,280184.0,0.6844,2022,"public domain (USDA NASS Census of Agriculture), Census of Agriculture 2022"
20177,163838.0,0.4706,100817.0,0.2896,2022,"public domain (USDA NASS Census of Agriculture), Census of Agriculture 2022"
20179,469691.0,0.8191,320248.0,0.5585,2022,"public domain (USDA NASS Census of Agriculture), Census of Agriculture 2022"
20181,674867.0,0.9985,558204.0,0.8259,2022,"public domain (USDA NASS Census of Agriculture), Census of Agriculture 2022"
20183,551930.0,0.9631,364148.0,0.6354,2022,"public domain (USDA NASS Census of Agriculture), Census of Agriculture 2022"
20185,405396.0,0.7997,306067.0,0.6038,2022,"public domain (USDA NASS Census of Agriculture), Census of Agriculture 2022"
20187,432788.0,0.9939,384749.0,0.8836,2022,"public domain (USDA NASS Census of Agriculture), Census of Agriculture 2022"
20189,460825.0,0.9901,367091.0,0.7887,2022,"public domain (USDA NASS Census of Agriculture), Census of Agriculture 2022"
20191,750650.0,0.9926,657054.0,0.8688,2022,"public domain (USDA NASS Census of Agriculture), Census of Agriculture 2022"
20193,615525.0,0.8949,526711.0,0.7658,2022,"public domain (USDA NASS Census of Agriculture), Census of Agriculture 2022"
20195,490680.0,0.862,267083.0,0.4692,2022,"public domain (USDA NASS Census of Agriculture), Census of Agriculture 2022"
20197,383644.0,0.7546,102107.0,0.2008,2022,"public domain (USDA NASS Census of Agriculture), Census of Agriculture 2022"
20199,557058.0,0.9527,377554.0,0.6457,2022,"public domain (USDA NASS Census of Agriculture), Census of Agriculture 2022"
20201,443162.0,0.7739,265340.0,0.4634,2022,"public domain (USDA NASS Census of Agriculture), Census of Agriculture 2022"
20203,459188.0,0.9985,392738.0,0.854,2022,"public domain (USDA NASS Census of Agriculture), Census of Agriculture 2022"
20205,289239.0,0.7923,177063.0,0.485,2022,"public domain (USDA NASS Census of Agriculture), Census of Agriculture 2022"
20207,251633.0,0.7898,136142.0,0.4273,2022,"public domain (USDA NASS Census of Agriculture), Census of Agriculture 2022"
20209,9316.0,0.096,5492.0,0.0566,2022,"public domain (USDA NASS Census of Agriculture), Census of Agriculture 2022"
21001,142751.0,0.5503,61390.0,0.2367,2022,"public domain (USDA NASS Census of Agriculture), Census of Agriculture 2022"
21003,136286.0,0.6195,51635.0,0.2347,2022,"public domain (USDA NASS Census of Agriculture), Census of Agriculture 2022"
21005,59410.0,0.459,19621.0,0.1516,2022,"public domain (USDA NASS Census of Agriculture), Census of Agriculture 2022"
21007,93696.0,0.5925,76698.0,0.485,2022,"public domain (USDA NASS Census of Agriculture), Census of Agriculture 2022"
21009,230539.0,0.7391,125500.0,0.4024,2022,"public domain (USDA NASS Census of Agriculture), Census of Agriculture 2022"
21011,124643.0,0.7006,48515.0,0.2727,2022,"public domain (USDA NASS Census of Agriculture), Census of Agriculture 2022"
21013,20545.0,0.0894,1862.0,0.0081,2022,"public domain (USDA NASS Census of Agriculture), Census of Agriculture 2022"
21015,71293.0,0.4523,26443.0,0.1678,2022,"public domain (USDA NASS Census of Agriculture), Census of Agriculture 2022"
21017,183749.0,0.9909,69060.0,0.3724,2022,"public domain (USDA NASS Census of Agriculture), Census of Agriculture 2022"
21019,23843.0,0.233,6282.0,0.0614,2022,"public domain (USDA NASS Census of Agriculture), Census of Agriculture 2022"
21021,96306.0,0.8344,52898.0,0.4583,2022,"public domain (USDA NASS Census of Agriculture), Census of Agriculture 2022"
21023,90102.0,0.6947,30766.0,0.2372,2022,"public domain (USDA NASS Census of Agriculture), Census of Agriculture 2022"
21025,33617.0,0.1067,5084.0,0.0161,2022,"public domain (USDA NASS Census of Agriculture), Census of Agriculture 2022"
21027,244558.0,0.6707,110973.0,0.3043,2022,"public domain (USDA NASS Census of Agriculture), Census of Agriculture 2022"
21029,29789.0,0.1567,13686.0,0.072,2022,"public domain (USDA NASS Census of Agriculture), Census of Agriculture 2022"
21031,172711.0,0.6333,78039.0,0.2862,2022,"public domain (USDA NASS Census of Agriculture), Census of Agriculture 2022"
21033,122775.0,0.5563,85233.0,0.3862,2022,"public domain (USDA NASS Census of Agriculture), Census of Agriculture 2022"
21035,143172.0,0.5813,106588.0,0.4327,2022,"public domain (USDA NASS Census of Agriculture), Census of Agriculture 2022"
21037,38744.0,0.4001,13141.0,0.1357,2022,"public domain (USDA NASS Census of Agriculture), Census of Agriculture 2022"
21039,107565.0,0.8871,95352.0,0.7864,2022,"public domain (USDA NASS Census of Agriculture), Census of Agriculture 2022"
21041,44115.0,0.5356,12004.0,0.1457,2022,"public domain (USDA NASS Census of Agriculture), Census of Agriculture 2022"
21043,82568.0,0.3151,21319.0,0.0813,2022,"public domain (USDA NASS Census of Agriculture), Census of Agriculture 2022"
21045,188753.0,0.6639,65799.0,0.2314,2022,"public domain (USDA NASS Census of Agriculture), Census of Agriculture 2022"
21047,345270.0,0.7517,261610.0,0.5696,2022,"public domain (USDA NASS Census of Agriculture), Census of Agriculture 2022"
21049,135849.0,0.8407,51330.0,0.3177,2022,"public domain (USDA NASS Census of Agriculture), Census of Agriculture 2022"
21051,38581.0,0.1285,7577.0,0.0252,2022,"public domain (USDA NASS Census of Agriculture), Census of Agriculture 2022"
21053,56133.0,0.4451,21087.0,0.1672,2022,"public domain (USDA NASS Census of Agriculture), Census of Agriculture 2022"
21055,133842.0,0.5816,84196.0,0.3659,2022,"public domain (USDA NASS Census of Agriculture), Census of Agriculture 2022"
21057,92797.0,0.4752,22343.0,0.1144,2022,"public domain (USDA NASS Census of Agriculture), Census of Agriculture 2022"
21059,271336.0,0.9249,226806.0,0.7731,2022,"public domain (USDA NASS Census of Agriculture), Census of Agriculture 2022"
21061,86574.0,0.4467,39792.0,0.2053,2022,"public domain (USDA NASS Census of Agriculture), Census of Agriculture 2022"
21063,41226.0,0.2749,8390.0,0.0559,2022,"public domain (USDA NASS Census of Agriculture), Census of Agriculture 2022"
21065,49684.0,0.3067,12812.0,0.0791,2022,"public domain (USDA NASS Census of Agriculture), Census of Agriculture 2022"
21067,124247.0,0.6839,34319.0,0.1889,2022,"public domain (USDA NASS Census of Agriculture), Census of Agriculture 2022"
21069,157806.0,0.7072,66449.0,0.2978,2022,"public domain (USDA NASS Census of Agriculture), Census of Agriculture 2022"
21071,6898.0,0.0274,2339.0,0.0093,2022,"public domain (USDA NASS Census of Agriculture), Census of Agriculture 2022"
21073,63623.0,0.4781,24744.0,0.186,2022,"public domain (USDA NASS Census of Agriculture), Census of Agriculture 2022"
21075,91864.0,0.697,83847.0,0.6362,2022,"public domain (USDA NASS Census of Agriculture), Census of Agriculture 2022"
21077,26928.0,0.4281,11514.0,0.1831,2022,"public domain (USDA NASS Census of Agriculture), Census of Agriculture 2022"
21079,108923.0,0.7402,43965.0,0.2988,2022,"public domain (USDA NASS Census of Agriculture), Census of Agriculture 2022"
21081,84737.0,0.5132,31316.0,0.1897,2022,"public domain (USDA NASS Census of Agriculture), Census of Agriculture 2022"
21083,255830.0,0.7245,199265.0,0.5643,2022,"public domain (USDA NASS Census of Agriculture), Census of Agriculture 2022"
21085,232159.0,0.7262,100930.0,0.3157,2022,"public domain (USDA NASS Census of Agriculture), Census of Agriculture 2022"
21087,145130.0,0.793,85007.0,0.4645,2022,"public domain (USDA NASS Census of Agriculture), Census of Agriculture 2022"
21089,72288.0,0.3279,17965.0,0.0815,2022,"public domain (USDA NASS Census of Agriculture), Census of Agriculture 2022"
21091,48270.0,0.4019,26630.0,0.2217,2022,"public domain (USDA NASS Census of Agriculture), Census of Agriculture 2022"
21093,188728.0,0.4727,98625.0,0.247,2022,"public domain (USDA NASS Census of Agriculture), Census of Agriculture 2022"
21095,10233.0,0.0343,496.0,0.0017,2022,"public domain (USDA NASS Census of Agriculture), Census of Agriculture 2022"
21097,164233.0,0.8374,68065.0,0.347,2022,"public domain (USDA NASS Census of Agriculture), Census of Agriculture 2022"
21099,169858.0,0.6431,72519.0,0.2746,2022,"public domain (USDA NASS Census of Agriculture), Census of Agriculture 2022"
21101,180679.0,0.647,162388.0,0.5815,2022,"public domain (USDA NASS Census of Agriculture), Census of Agriculture 2022"
21103,126077.0,0.6882,58195.0,0.3177,2022,"public domain (USDA NASS Census of Agriculture), Census of Agriculture 2022"
21105,111590.0,0.7195,94224.0,0.6075,2022,"public domain (USDA NASS Census of Agriculture), Census of Agriculture 2022"
21107,219888.0,0.6337,149451.0,0.4307,2022,"public domain (USDA NASS Census of Agriculture), Census of Agriculture 2022"
21109,77791.0,0.3521,22914.0,0.1037,2022,"public domain (USDA NASS Census of Agriculture), Census of Agriculture 2022"
21111,13266.0,0.0544,6542.0,0.0268,2022,"public domain (USDA NASS Census of Agriculture), Census of Agriculture 2022"
21113,71771.0,0.6516,30038.0,0.2727,2022,"public domain (USDA NASS Census of Agriculture), Census of Agriculture 2022"
21115,24320.0,0.1451,4219.0,0.0252,2022,"public domain (USDA NASS Census of Agriculture), Census of Agriculture 2022"
21117,28810.0,0.2807,10542.0,0.1027,2022,"public domain (USDA NASS Census of Agriculture), Census of Agriculture 2022"
21119,9659.0,0.0429,1238.0,0.0055,2022,"public domain (USDA NASS Census of Agriculture), Census of Agriculture 2022"
21121,32034.0,0.1296,8800.0,0.0356,2022,"public domain (USDA NASS Census of Agriculture), Census of Agriculture 2022"
21123,111006.0,0.6644,68716.0,0.4113,2022,"public domain (USDA NASS Census of Agriculture), Census of Agriculture 2022"
21125,79761.0,0.2874,31814.0,0.1146,2022,"public domain (USDA NASS Census of Agriculture), Census of Agriculture 2022"
21127,54526.0,0.205,7048.0,0.0265,2022,"public domain (USDA NASS Census of Agriculture), Census of Agriculture 2022"
21129,29469.0,0.2205,5508.0,0.0412,2022,"public domain (USDA NASS Census of Agriculture), Census of Agriculture 2022"
21131,26893.0,0.1048,2650.0,0.0103,2022,"public domain (USDA NASS Census of Agriculture), Census of Agriculture 2022"
21133,4912.0,0.0227,661.0,0.0031,2022,"public domain (USDA NASS Census of Agriculture), Census of Agriculture 2022"
21135,123357.0,0.3992,31105.0,0.1007,2022,"public domain (USDA NASS Census of Agriculture), Census of Agriculture 2022"
21137,147519.0,0.6924,67092.0,0.3149,2022,"public domain (USDA NASS Census of Agriculture), Census of Agriculture 2022"
21139,144892.0,0.7234,76444.0,0.3817,2022,"public domain (USDA NASS Census of Agriculture), Census of Agriculture 2022"
21141,266727.0,0.7547,194163.0,0.5494,2022,"public domain (USDA NASS Census of Agriculture), Census of Agriculture 2022"
21143,35222.0,0.2574,20344.0,0.1487,2022,"public domain (USDA NASS Census of Agriculture), Census of Agriculture 2022"
21145,59709.0,0.375,39814.0,0.2501,2022,"public domain (USDA NASS Census of Agriculture), Census of Agriculture 2022"
21147,17956.0,0.0658,3379.0,0.0124,2022,"public domain (USDA NASS Census of Agriculture), Census of Agriculture 2022"
21149,113120.0,0.6999,95634.0,0.5917,2022,"public domain (USDA NASS Census of Agriculture), Census of Agriculture 2022"
21151,191746.0,0.6841,56672.0,0.2022,2022,"public domain (USDA NASS Census of Agriculture), Census of Agriculture 2022"
21153,59378.0,0.3008,9591.0,0.0486,2022,"public domain (USDA NASS Census of Agriculture), Census of Agriculture 2022"
21155,168205.0,0.765,89538.0,0.4072,2022,"public domain (USDA NASS Census of Agriculture), Census of Agriculture 2022"
21157,89160.0,0.4611,51415.0,0.2659,2022,"public domain (USDA NASS Census of Agriculture), Census of Agriculture 2022"
21159,9488.0,0.0646,1796.0,0.0122,2022,"public domain (USDA NASS Census of Agriculture), Census of Agriculture 2022"
21161,98439.0,0.6405,54185.0,0.3526,2022,"public domain (USDA NASS Census of Agriculture), Census of Agriculture 2022"
21163,126388.0,0.6465,69608.0,0.3561,2022,"public domain (USDA NASS Census of Agriculture), Census of Agriculture 2022"
21165,24724.0,0.1898,8505.0,0.0653,2022,"public domain (USDA NASS Census of Agriculture), Census of Agriculture 2022"
21167,142272.0,0.8914,67482.0,0.4228,2022,"public domain (USDA NASS Census of Agriculture), Census of Agriculture 2022"
21169,124964.0,0.6741,59474.0,0.3208,2022,"public domain (USDA NASS Census of Agriculture), Census of Agriculture 2022"
21171,148753.0,0.7054,62262.0,0.2953,2022,"public domain (USDA NASS Census of Agriculture), Census of Agriculture 2022"
21173,67199.0,0.532,27560.0,0.2182,2022,"public domain (USDA NASS Census of Agriculture), Census of Agriculture 2022"
21175,90351.0,0.3704,25143.0,0.1031,2022,"public domain (USDA NASS Census of Agriculture), Census of Agriculture 2022"
21177,129431.0,0.4328,72781.0,0.2434,2022,"public domain (USDA NASS Census of Agriculture), Census of Agriculture 2022"
21179,157488.0,0.5877,89973.0,0.3358,2022,"public domain (USDA NASS Census of Agriculture), Census of Agriculture 2022"
21181,76674.0,0.6134,34157.0,0.2733,2022,"public domain (USDA NASS Census of Agriculture), Census of Agriculture 2022"
21183,138638.0,0.369,75500.0,0.2009,2022,"public domain (USDA NASS Census of Agriculture), Census of Agriculture 2022"
21185,55910.0,0.4664,21114.0,0.1761,2022,"public domain (USDA NASS Census of Agriculture), Census of Agriculture 2022"
21187,136342.0,0.6078,51756.0,0.2307,2022,"public domain (USDA NASS Census of Agriculture), Census of Agriculture 2022"
21189,21686.0,0.1717,5689.0,0.045,2022,"public domain (USDA NASS Census of Agriculture), Census of Agriculture 2022"
21191,91304.0,0.5148,30695.0,0.1731,2022,"public domain (USDA NASS Census of Agriculture), Census of Agriculture 2022"
21193,13549.0,0.0623,2266.0,0.0104,2022,"public domain (USDA NASS Census of Agriculture), Census of Agriculture 2022"
21195,19397.0,0.0385,7644.0,0.0152,2022,"public domain (USDA NASS Census of Agriculture), Census of Agriculture 2022"
21197,26880.0,0.2347,12029.0,0.105,2022,"public domain (USDA NASS Census of Agriculture), Census of Agriculture 2022"
21199,200962.0,0.4771,90550.0,0.215,2022,"public domain (USDA NASS Census of Agriculture), Census of Agriculture 2022"
21201,24757.0,0.3884,7383.0,0.1158,2022,"public domain (USDA NASS Census of Agriculture), Census of Agriculture 2022"
21203,90816.0,0.4482,27760.0,0.137,2022,"public domain (USDA NASS Census of Agriculture), Census of Agriculture 2022"
21205,35111.0,0.196,9856.0,0.055,2022,"public domain (USDA NASS Census of Agriculture), Census of Agriculture 2022"
21207,99006.0,0.6108,49606.0,0.306,2022,"public domain (USDA NASS Census of Agriculture), Census of Agriculture 2022"
21209,114772.0,0.6355,47843.0,0.2649,2022,"public domain (USDA NASS Census of Agriculture), Census of Agriculture 2022"
21211,160081.0,0.6586,99543.0,0.4095,2022,"public domain (USDA NASS Census of Agriculture), Census of Agriculture 2022"
21213,109458.0,0.7303,94329.0,0.6294,2022,"public domain (USDA NASS Census of Agriculture), Census of Agriculture 2022"
21215,58547.0,0.4901,28043.0,0.2347,2022,"public domain (USDA NASS Census of Agriculture), Census of Agriculture 2022"
21217,89598.0,0.5255,45998.0,0.2698,2022,"public domain (USDA NASS Census of Agriculture), Census of Agriculture 2022"
21219,187183.0,0.7809,139477.0,0.5819,2022,"public domain (USDA NASS Census of Agriculture), Census of Agriculture 2022"
21221,100908.0,0.3572,63286.0,0.224,2022,"public domain (USDA NASS Census of Agriculture), Census of Agriculture 2022"
21223,51335.0,0.5428,19586.0,0.2071,2022,"public domain (USDA NASS Census of Agriculture), Census of Agriculture 2022"
21225,219151.0,0.9987,190949.0,0.8702,2022,"public domain (USDA NASS Census of Agriculture), Census of Agriculture 2022"
21227,234924.0,0.6776,140803.0,0.4061,2022,"public domain (USDA NASS Census of Agriculture), Census of Agriculture 2022"
21229,148205.0,0.779,64237.0,0.3376,2022,"public domain (USDA NASS Census of Agriculture), Census of Agriculture 2022"
21231,114107.0,0.3892,38469.0,0.1312,2022,"public domain (USDA NASS Census of Agriculture), Census of Agriculture 2022"
21233,184753.0,0.8694,142680.0,0.6714,2022,"public domain (USDA NASS Census of Agriculture), Census of Agriculture 2022"
21235,62190.0,0.2219,16398.0,0.0585,2022,"public domain (USDA NASS Census of Agriculture), Census of Agriculture 2022"
21237,37779.0,0.2657,8533.0,0.06,2022,"public domain (USDA NASS Census of Agriculture), Census of Agriculture 2022"
21239,103650.0,0.8543,35700.0,0.2942,2022,"public domain (USDA NASS Census of Agriculture), Census of Agriculture 2022"
22001,285254.0,0.6802,186126.0,0.4438,2022,"public domain (USDA NASS Census of Agriculture), Census of Agriculture 2022"
22003,78688.0,0.1613,48387.0,0.0992,2022,"public domain (USDA NASS Census of Agriculture), Census of Agriculture 2022"
22005,47062.0,0.2536,26106.0,0.1407,2022,"public domain (USDA NASS Census of Agriculture), Census of Agriculture 2022"
22007,64413.0,0.2926,53200.0,0.2416,2022,"public domain (USDA NASS Census of Agriculture), Census of Agriculture 2022"
22009,294956.0,0.5541,202768.0,0.3809,2022,"public domain (USDA NASS Census of Agriculture), Census of Agriculture 2022"
22011,157030.0,0.212,37822.0,0.0511,2022,"public domain (USDA NASS Census of Agriculture), Census of Agriculture 2022"
22013,16269.0,0.0313,4332.0,0.0083,2022,"public domain (USDA NASS Census of Agriculture), Census of Agriculture 2022"
22015,105381.0,0.1961,22533.0,0.0419,2022,"public domain (USDA NASS Census of Agriculture), Census of Agriculture 2022"
22017,155636.0,0.2765,81155.0,0.1442,2022,"public domain (USDA NASS Census of Agriculture), Census of Agriculture 2022"
22019,284264.0,0.4174,79126.0,0.1162,2022,"public domain (USDA NASS Census of Agriculture), Census of Agriculture 2022"
22021,70993.0,0.2094,16642.0,0.0491,2022,"public domain (USDA NASS Census of Agriculture), Census of Agriculture 2022"
22023,153946.0,0.1872,33804.0,0.0411,2022,"public domain (USDA NASS Census of Agriculture), Census of Agriculture 2022"
22025,289053.0,0.638,204800.0,0.452,2022,"public domain (USDA NASS Census of Agriculture), Census of Agriculture 2022"
22027,70182.0,0.1453,10283.0,0.0213,2022,"public domain (USDA NASS Census of Agriculture), Census of Agriculture 2022"
22029,301766.0,0.6763,212030.0,0.4752,2022,"public domain (USDA NASS Census of Agriculture), Census of Agriculture 2022"
22031,158539.0,0.2826,38333.0,0.0683,2022,"public domain (USDA NASS Census of Agriculture), Census of Agriculture 2022"
22033,52399.0,0.1797,14138.0,0.0485,2022,"public domain (USDA NASS Census of Agriculture), Census of Agriculture 2022"
22035,260617.0,0.9675,238859.0,0.8867,2022,"public domain (USDA NASS Census of Agriculture), Census of Agriculture 2022"
22037,142040.0,0.4896,25993.0,0.0896,2022,"public domain (USDA NASS Census of Agriculture), Census of Agriculture 2022"
22039,176523.0,0.4164,99053.0,0.2336,2022,"public domain (USDA NASS Census of Agriculture), Census of Agriculture 2022"
22041,254721.0,0.6375,184259.0,0.4612,2022,"public domain (USDA NASS Census of Agriculture), Census of Agriculture 2022"
22043,40743.0,0.0989,16881.0,0.041,2022,"public domain (USDA NASS Census of Agriculture), Census of Agriculture 2022"
22045,111866.0,0.3041,94580.0,0.2571,2022,"public domain (USDA NASS Census of Agriculture), Census of Agriculture 2022"
22047,174093.0,0.4397,68480.0,0.1729,2022,"public domain (USDA NASS Census of Agriculture), Census of Agriculture 2022"
22049,26063.0,0.0715,7356.0,0.0202,2022,"public domain (USDA NASS Census of Agriculture), Census of Agriculture 2022"
22051,25047.0,0.1301,273.0,0.0014,2022,"public domain (USDA NASS Census of Agriculture), Census of Agriculture 2022"
22053,297971.0,0.7146,199550.0,0.4786,2022,"public domain (USDA NASS Census of Agriculture), Census of Agriculture 2022"
22055,42861.0,0.2491,20885.0,0.1214,2022,"public domain (USDA NASS Census of Agriculture), Census of Agriculture 2022"
22057,185571.0,0.2715,43383.0,0.0635,2022,"public domain (USDA NASS Census of Agriculture), Census of Agriculture 2022"
22059,18711.0,0.0468,4950.0,0.0124,2022,"public domain (USDA NASS Census of Agriculture), Census of Agriculture 2022"
22061,75860.0,0.2513,11793.0,0.0391,2022,"public domain (USDA NASS Census of Agriculture), Census of Agriculture 2022"
22063,24173.0,0.0583,6057.0,0.0146,2022,"public domain (USDA NASS Census of Agriculture), Census of Agriculture 2022"
22065,235249.0,0.5892,185958.0,0.4657,2022,"public domain (USDA NASS Census of Agriculture), Census of Agriculture 2022"
22067,253897.0,0.499,208806.0,0.4104,2022,"public domain (USDA NASS Census of Agriculture), Census of Agriculture 2022"
22069,174224.0,0.2173,77141.0,0.0962,2022,"public domain (USDA NASS Census of Agriculture), Census of Agriculture 2022"
22071,171.0,0.0016,104.0,0.001,2022,"public domain (USDA NASS Census of Agriculture), Census of Agriculture 2022"
22073,96690.0,0.2475,49869.0,0.1277,2022,"public domain (USDA NASS Census of Agriculture), Census of Agriculture 2022"
22075,138501.0,0.2772,902.0,0.0018,2022,"public domain (USDA NASS Census of Agriculture), Census of Agriculture 2022"
22077,207821.0,0.5831,148377.0,0.4163,2022,"public domain (USDA NASS Census of Agriculture), Census of Agriculture 2022"
22079,191242.0,0.2257,114387.0,0.135,2022,"public domain (USDA NASS Census of Agriculture), Census of Agriculture 2022"
22081,115713.0,0.4648,31634.0,0.1271,2022,"public domain (USDA NASS Census of Agriculture), Census of Agriculture 2022"
22083,227761.0,0.6405,153840.0,0.4326,2022,"public domain (USDA NASS Census of Agriculture), Census of Agriculture 2022"
22085,82332.0,0.1484,25664.0,0.0463,2022,"public domain (USDA NASS Census of Agriculture), Census of Agriculture 2022"
22087,39255.0,0.1625,1631.0,0.0068,2022,"public domain (USDA NASS Census of Agriculture), Census of Agriculture 2022"
22089,12888.0,0.0725,4079.0,0.0229,2022,"public domain (USDA NASS Census of Agriculture), Census of Agriculture 2022"
22091,52455.0,0.2006,9244.0,0.0354,2022,"public domain (USDA NASS Census of Agriculture), Census of Agriculture 2022"
22093,44101.0,0.2897,39929.0,0.2623,2022,"public domain (USDA NASS Census of Agriculture), Census of Agriculture 2022"
22095,18887.0,0.1376,13749.0,0.1002,2022,"public domain (USDA NASS Census of Agriculture), Census of Agriculture 2022"
22097,267660.0,0.4526,182550.0,0.3087,2022,"public domain (USDA NASS Census of Agriculture), Census of Agriculture 2022"
22099,102604.0,0.2174,80436.0,0.1704,2022,"public domain (USDA NASS Census of Agriculture), Census of Agriculture 2022"
22101,65220.0,0.1825,50694.0,0.1418,2022,"public domain (USDA NASS Census of Agriculture), Census of Agriculture 2022"
22103,61455.0,0.1136,15017.0,0.0278,2022,"public domain (USDA NASS Census of Agriculture), Census of Agriculture 2022"
22105,86842.0,0.1715,32720.0,0.0646,2022,"public domain (USDA NASS Census of Agriculture), Census of Agriculture 2022"
22107,226282.0,0.5861,192143.0,0.4976,2022,"public domain (USDA NASS Census of Agriculture), Census of Agriculture 2022"
22109,43451.0,0.0552,7035.0,0.0089,2022,"public domain (USDA NASS Census of Agriculture), Census of Agriculture 2022"
22111,81494.0,0.1452,18393.0,0.0328,2022,"public domain (USDA NASS Census of Agriculture), Census of Agriculture 2022"
22113,319376.0,0.4258,194224.0,0.2589,2022,"public domain (USDA NASS Census of Agriculture), Census of Agriculture 2022"
22115,35677.0,0.042,9078.0,0.0107,2022,"public domain (USDA NASS Census of Agriculture), Census of Agriculture 2022"
22117,96444.0,0.225,29667.0,0.0692,2022,"public domain (USDA NASS Census of Agriculture), Census of Agriculture 2022"
22119,30801.0,0.0811,6604.0,0.0174,2022,"public domain (USDA NASS Census of Agriculture), Census of Agriculture 2022"
22121,46665.0,0.3791,35526.0,0.2886,2022,"public domain (USDA NASS Census of Agriculture), Census of Agriculture 2022"
22123,126785.0,0.5508,73314.0,0.3185,2022,"public domain (USDA NASS Census of Agriculture), Census of Agriculture 2022"
22125,36724.0,0.1423,14176.0,0.0549,2022,"public domain (USDA NASS Census of Agriculture), Census of Agriculture 2022"
22127,25023.0,0.0412,2859.0,0.0047,2022,"public domain (USDA NASS Census of Agriculture), Census of Agriculture 2022"
23001,42899.0,0.1432,14888.0,0.0497,2022,"public domain (USDA NASS Census of Agriculture), Census of Agriculture 2022"
23003,305052.0,0.0714,172979.0,0.0405,2022,"public domain (USDA NASS Census of Agriculture), Census of Agriculture 2022"
23005,56704.0,0.106,18252.0,0.0341,2022,"public domain (USDA NASS Census of Agriculture), Census of Agriculture 2022"
23007,52085.0,0.048,11268.0,0.0104,2022,"public domain (USDA NASS Census of Agriculture), Census of Agriculture 2022"
23009,60238.0,0.0593,11714.0,0.0115,2022,"public domain (USDA NASS Census of Agriculture), Census of Agriculture 2022"
23011,69638.0,0.1254,33245.0,0.0599,2022,"public domain (USDA NASS Census of Agriculture), Census of Agriculture 2022"
23013,24233.0,0.1037,8442.0,0.0361,2022,"public domain (USDA NASS Census of Agriculture), Census of Agriculture 2022"
23015,26499.0,0.0908,6029.0,0.0207,2022,"public domain (USDA NASS Census of Agriculture), Census of Agriculture 2022"
23017,82478.0,0.062,16827.0,0.0127,2022,"public domain (USDA NASS Census of Agriculture), Census of Agriculture 2022"
23019,100176.0,0.0461,36537.0,0.0168,2022,"public domain (USDA NASS Census of Agriculture), Census of Agriculture 2022"
23021,40622.0,0.016,8636.0,0.0034,2022,"public domain (USDA NASS Census of Agriculture), Census of Agriculture 2022"
23023,17774.0,0.1093,5062.0,0.0311,2022,"public domain (USDA NASS Census of Agriculture), Census of Agriculture 2022"
23025,119646.0,0.0476,26468.0,0.0105,2022,"public domain (USDA NASS Census of Agriculture), Census of Agriculture 2022"
23027,54547.0,0.1168,19387.0,0.0415,2022,"public domain (USDA NASS Census of Agriculture), Census of Agriculture 2022"
23029,121714.0,0.0742,39623.0,0.0242,2022,"public domain (USDA NASS Census of Agriculture), Census of Agriculture 2022"
23031,50741.0,0.08,16022.0,0.0253,2022,"public domain (USDA NASS Census of Agriculture), Census of Agriculture 2022"
24001,34179.0,0.1265,12432.0,0.046,2022,"public domain (USDA NASS Census of Agriculture), Census of Agriculture 2022"
24003,36003.0,0.1356,22494.0,0.0847,2022,"public domain (USDA NASS Census of Agriculture), Census of Agriculture 2022"
24005,70217.0,0.1834,45728.0,0.1194,2022,"public domain (USDA NASS Census of Agriculture), Census of Agriculture 2022"
24009,24654.0,0.1807,15176.0,0.1112,2022,"public domain (USDA NASS Census of Agriculture), Census of Agriculture 2022"
24011,111470.0,0.5452,95369.0,0.4665,2022,"public domain (USDA NASS Census of Agriculture), Census of Agriculture 2022"
24013,130195.0,0.4545,91499.0,0.3194,2022,"public domain (USDA NASS Census of Agriculture), Census of Agriculture 2022"
24015,81040.0,0.3657,58725.0,0.265,2022,"public domain (USDA NASS Census of Agriculture), Census of Agriculture 2022"
24017,47747.0,0.163,26188.0,0.0894,2022,"public domain (USDA NASS Census of Agriculture), Census of Agriculture 2022"
24019,129197.0,0.3733,98684.0,0.2851,2022,"public domain (USDA NASS Census of Agriculture), Census of Agriculture 2022"
24021,188832.0,0.4466,140459.0,0.3322,2022,"public domain (USDA NASS Census of Agriculture), Census of Agriculture 2022"
24023,95546.0,0.23,46041.0,0.1108,2022,"public domain (USDA NASS Census of Agriculture), Census of Agriculture 2022"
24025,65954.0,0.2358,44183.0,0.1579,2022,"public domain (USDA NASS Census of Agriculture), Census of Agriculture 2022"
24027,37639.0,0.2344,19811.0,0.1234,2022,"public domain (USDA NASS Census of Agriculture), Census of Agriculture 2022"
24029,141662.0,0.7991,111954.0,0.6315,2022,"public domain (USDA NASS Census of Agriculture), Census of Agriculture 2022"
24031,69759.0,0.221,51340.0,0.1627,2022,"public domain (USDA NASS Census of Agriculture), Census of Agriculture 2022"
24033,32892.0,0.1065,19137.0,0.062,2022,"public domain (USDA NASS Census of Agriculture), Census of Agriculture 2022"
24035,162145.0,0.6817,133675.0,0.562,2022,"public domain (USDA NASS Census of Agriculture), Census of Agriculture 2022"
24037,64380.0,0.2805,34917.0,0.1522,2022,"public domain (USDA NASS Census of Agriculture), Census of Agriculture 2022"
24039,63019.0,0.308,41089.0,0.2008,2022,"public domain (USDA NASS Census of Agriculture), Census of Agriculture 2022"
24041,96228.0,0.5599,78560.0,0.4571,2022,"public domain (USDA NASS Census of Agriculture), Census of Agriculture 2022"
24043,121251.0,0.4139,84464.0,0.2883,2022,"public domain (USDA NASS Census of Agriculture), Census of Agriculture 2022"
24045,69906.0,0.2917,50460.0,0.2106,2022,"public domain (USDA NASS Census of Agriculture), Census of Agriculture 2022"
24047,104121.0,0.3473,75107.0,0.2505,2022,"public domain (USDA NASS Census of Agriculture), Census of Agriculture 2022"
24510,,,,,,
25001,3956.0,0.0157,1509.0,0.006,2022,"public domain (USDA NASS Census of Agriculture), Census of Agriculture 2022"
25003,71860.0,0.1211,19678.0,0.0332,2022,"public domain (USDA NASS Census of Agriculture), Census of Agriculture 2022"
25005,27956.0,0.079,12260.0,0.0346,2022,"public domain (USDA NASS Census of Agriculture), Census of Agriculture 2022"
25007,6404.0,0.097,481.0,0.0073,2022,"public domain (USDA NASS Census of Agriculture), Census of Agriculture 2022"
25009,18490.0,0.0587,8523.0,0.027,2022,"public domain (USDA NASS Census of Agriculture), Census of Agriculture 2022"
25011,71519.0,0.1598,19592.0,0.0438,2022,"public domain (USDA NASS Census of Agriculture), Census of Agriculture 2022"
25013,29618.0,0.075,11051.0,0.028,2022,"public domain (USDA NASS Census of Agriculture), Census of Agriculture 2022"
25015,53268.0,0.1579,19129.0,0.0567,2022,"public domain (USDA NASS Census of Agriculture), Census of Agriculture 2022"
25017,25752.0,0.0492,11949.0,0.0228,2022,"public domain (USDA NASS Census of Agriculture), Census of Agriculture 2022"
25019,911.0,0.0308,427.0,0.0144,2022,"public domain (USDA NASS Census of Agriculture), Census of Agriculture 2022"
25021,9435.0,0.0372,2728.0,0.0108,2022,"public domain (USDA NASS Census of Agriculture), Census of Agriculture 2022"
25023,54093.0,0.1284,18127.0,0.043,2022,"public domain (USDA NASS Census of Agriculture), Census of Agriculture 2022"
25025,206.0,0.0055,139.0,0.0037,2022,"public domain (USDA NASS Census of Agriculture), Census of Agriculture 2022"
25027,90983.0,0.0941,34018.0,0.0352,2022,"public domain (USDA NASS Census of Agriculture), Census of Agriculture 2022"
26001,34916.0,0.0809,19598.0,0.0454,2022,"public domain (USDA NASS Census of Agriculture), Census of Agriculture 2022"
26003,18945.0,0.0324,9811.0,0.0168,2022,"public domain (USDA NASS Census of Agriculture), Census of Agriculture 2022"
26005,209410.0,0.3965,168011.0,0.3181,2022,"public domain (USDA NASS Census of Agriculture), Census of Agriculture 2022"
26007,58825.0,0.1607,39390.0,0.1076,2022,"public domain (USDA NASS Census of Agriculture), Census of Agriculture 2022"
26009,59432.0,0.1952,32019.0,0.1052,2022,"public domain (USDA NASS Census of Agriculture), Census of Agriculture 2022"
26011,79791.0,0.3433,66172.0,0.2847,2022,"public domain (USDA NASS Census of Agriculture), Census of Agriculture 2022"
26013,16773.0,0.0292,6305.0,0.011,2022,"public domain (USDA NASS Census of Agriculture), Census of Agriculture 2022"
26015,143772.0,0.4062,106855.0,0.3019,2022,"public domain (USDA NASS Census of Agriculture), Census of Agriculture 2022"
26017,190098.0,0.6714,174916.0,0.6178,2022,"public domain (USDA NASS Census of Agriculture), Census of Agriculture 2022"
26019,15800.0,0.0772,7985.0,0.039,2022,"public domain (USDA NASS Census of Agriculture), Census of Agriculture 2022"
26021,144490.0,0.3976,121492.0,0.3343,2022,"public domain (USDA NASS Census of Agriculture), Census of Agriculture 2022"
26023,222892.0,0.6877,188564.0,0.5818,2022,"public domain (USDA NASS Census of Agriculture), Census of Agriculture 2022"
26025,204143.0,0.4516,161077.0,0.3564,2022,"public domain (USDA NASS Census of Agriculture), Census of Agriculture 2022"
26027,193125.0,0.6157,139837.0,0.4458,2022,"public domain (USDA NASS Census of Agriculture), Census of Agriculture 2022"
26029,23947.0,0.0899,12886.0,0.0484,2022,"public domain (USDA NASS Census of Agriculture), Census of Agriculture 2022"
26031,41010.0,0.0896,20807.0,0.0455,2022,"public domain (USDA NASS Census of Agriculture), Census of Agriculture 2022"
26033,84200.0,0.0844,51959.0,0.0521,2022,"public domain (USDA NASS Census of Agriculture), Census of Agriculture 2022"
26035,46699.0,0.1293,24130.0,0.0668,2022,"public domain (USDA NASS Census of Agriculture), Census of Agriculture 2022"
26037,231991.0,0.6389,204091.0,0.5621,2022,"public domain (USDA NASS Census of Agriculture), Census of Agriculture 2022"
26039,1230.0,0.0035,369.0,0.001,2022,"public domain (USDA NASS Census of Agriculture), Census of Agriculture 2022"
26041,74221.0,0.099,30406.0,0.0406,2022,"public domain (USDA NASS Census of Agriculture), Census of Agriculture 2022"
26043,19463.0,0.04,9660.0,0.0198,2022,"public domain (USDA NASS Census of Agriculture), Census of Agriculture 2022"
26045,199560.0,0.5421,164288.0,0.4463,2022,"public domain (USDA NASS Census of Agriculture), Census of Agriculture 2022"
26047,34913.0,0.1167,13892.0,0.0464,2022,"public domain (USDA NASS Census of Agriculture), Census of Agriculture 2022"
26049,120218.0,0.2949,100943.0,0.2476,2022,"public domain (USDA NASS Census of Agriculture), Census of Agriculture 2022"
26051,52978.0,0.165,36175.0,0.1126,2022,"public domain (USDA NASS Census of Agriculture), Census of Agriculture 2022"
26053,5198.0,0.0074,1585.0,0.0022,2022,"public domain (USDA NASS Census of Agriculture), Census of Agriculture 2022"
26055,44663.0,0.1503,30526.0,0.1027,2022,"public domain (USDA NASS Census of Agriculture), Census of Agriculture 2022"
26057,305863.0,0.8408,277097.0,0.7617,2022,"public domain (USDA NASS Census of Agriculture), Census of Agriculture 2022"
26059,295615.0,0.7722,243697.0,0.6366,2022,"public domain (USDA NASS Census of Agriculture), Census of Agriculture 2022"
26061,25808.0,0.04,11518.0,0.0178,2022,"public domain (USDA NASS Census of Agriculture), Census of Agriculture 2022"
26063,454627.0,0.8497,416734.0,0.7789,2022,"public domain (USDA NASS Census of Agriculture), Census of Agriculture 2022"
26065,189573.0,0.5327,163578.0,0.4596,2022,"public domain (USDA NASS Census of Agriculture), Census of Agriculture 2022"
26067,228542.0,0.625,195307.0,0.5341,2022,"public domain (USDA NASS Census of Agriculture), Census of Agriculture 2022"
26069,28094.0,0.0799,17204.0,0.0489,2022,"public domain (USDA NASS Census of Agriculture), Census of Agriculture 2022"
26071,19704.0,0.0264,6754.0,0.009,2022,"public domain (USDA NASS Census of Agriculture), Census of Agriculture 2022"
26073,212342.0,0.5793,175395.0,0.4785,2022,"public domain (USDA NASS Census of Agriculture), Census of Agriculture 2022"
26075,177091.0,0.3942,135713.0,0.3021,2022,"public domain (USDA NASS Census of Agriculture), Census of Agriculture 2022"
26077,145225.0,0.4038,118836.0,0.3304,2022,"public domain (USDA NASS Census of Agriculture), Census of Agriculture 2022"
26079,25005.0,0.0698,10930.0,0.0305,2022,"public domain (USDA NASS Census of Agriculture), Census of Agriculture 2022"
26081,144000.0,0.265,108356.0,0.1994,2022,"public domain (USDA NASS Census of Agriculture), Census of Agriculture 2022"
26083,955.0,0.0028,66.0,0.0002,2022,"public domain (USDA NASS Census of Agriculture), Census of Agriculture 2022"
26085,17761.0,0.0489,7767.0,0.0214,2022,"public domain (USDA NASS Census of Agriculture), Census of Agriculture 2022"
26087,162365.0,0.3921,122549.0,0.296,2022,"public domain (USDA NASS Census of Agriculture), Census of Agriculture 2022"
26089,57189.0,0.2574,30054.0,0.1353,2022,"public domain (USDA NASS Census of Agriculture), Census of Agriculture 2022"
26091,327255.0,0.6821,287358.0,0.599,2022,"public domain (USDA NASS Census of Agriculture), Census of Agriculture 2022"
26093,85787.0,0.2371,67881.0,0.1876,2022,"public domain (USDA NASS Census of Agriculture), Census of Agriculture 2022"
26095,8037.0,0.014,4219.0,0.0073,2022,"public domain (USDA NASS Census of Agriculture), Census of Agriculture 2022"
26097,19050.0,0.0291,7881.0,0.0121,2022,"public domain (USDA NASS Census of Agriculture), Census of Agriculture 2022"
26099,79326.0,0.2586,69636.0,0.227,2022,"public domain (USDA NASS Census of Agriculture), Census of Agriculture 2022"
26101,33568.0,0.0967,19173.0,0.0552,2022,"public domain (USDA NASS Census of Agriculture), Census of Agriculture 2022"
26103,34930.0,0.0302,7674.0,0.0066,2022,"public domain (USDA NASS Census of Agriculture), Census of Agriculture 2022"
26105,75664.0,0.2389,53574.0,0.1691,2022,"public domain (USDA NASS Census of Agriculture), Census of Agriculture 2022"
26107,113732.0,0.3201,70374.0,0.1981,2022,"public domain (USDA NASS Census of Agriculture), Census of Agriculture 2022"
26109,76513.0,0.1145,48666.0,0.0728,2022,"public domain (USDA NASS Census of Agriculture), Census of Agriculture 2022"
26111,86940.0,0.2623,69844.0,0.2107,2022,"public domain (USDA NASS Census of Agriculture), Census of Agriculture 2022"
26113,118133.0,0.3268,87092.0,0.2409,2022,"public domain (USDA NASS Census of Agriculture), Census of Agriculture 2022"
26115,206377.0,0.587,189302.0,0.5384,2022,"public domain (USDA NASS Census of Agriculture), Census of Agriculture 2022"
26117,232558.0,0.5152,191506.0,0.4242,2022,"public domain (USDA NASS Census of Agriculture), Census of Agriculture 2022"
26119,20347.0,0.0582,11247.0,0.0321,2022,"public domain (USDA NASS Census of Agriculture), Census of Agriculture 2022"
26121,65932.0,0.2044,47071.0,0.146,2022,"public domain (USDA NASS Census of Agriculture), Census of Agriculture 2022"
26123,115914.0,0.2159,80534.0,0.15,2022,"public domain (USDA NASS Census of Agriculture), Census of Agriculture 2022"
26125,26114.0,0.047,16525.0,0.0298,2022,"public domain (USDA NASS Census of Agriculture), Census of Agriculture 2022"
26127,110627.0,0.3212,77975.0,0.2264,2022,"public domain (USDA NASS Census of Agriculture), Census of Agriculture 2022"
26129,70594.0,0.1957,52675.0,0.1461,2022,"public domain (USDA NASS Census of Agriculture), Census of Agriculture 2022"
26131,24764.0,0.0295,11966.0,0.0143,2022,"public domain (USDA NASS Census of Agriculture), Census of Agriculture 2022"
26133,101077.0,0.2789,58886.0,0.1625,2022,"public domain (USDA NASS Census of Agriculture), Census of Agriculture 2022"
26135,13278.0,0.0367,6472.0,0.0179,2022,"public domain (USDA NASS Census of Agriculture), Census of Agriculture 2022"
26137,46046.0,0.1397,18610.0,0.0565,2022,"public domain (USDA NASS Census of Agriculture), Census of Agriculture 2022"
26139,144491.0,0.4006,112531.0,0.312,2022,"public domain (USDA NASS Census of Agriculture), Census of Agriculture 2022"
26141,70263.0,0.1667,40970.0,0.0972,2022,"public domain (USDA NASS Census of Agriculture), Census of Agriculture 2022"
26143,4107.0,0.0123,1602.0,0.0048,2022,"public domain (USDA NASS Census of Agriculture), Census of Agriculture 2022"
26145,299187.0,0.5838,269150.0,0.5252,2022,"public domain (USDA NASS Census of Agriculture), Census of Agriculture 2022"
26147,170294.0,0.3688,149465.0,0.3237,2022,"public domain (USDA NASS Census of Agriculture), Census of Agriculture 2022"
26149,238547.0,0.7445,210902.0,0.6582,2022,"public domain (USDA NASS Census of Agriculture), Census of Agriculture 2022"
26151,471070.0,0.7647,430046.0,0.6981,2022,"public domain (USDA NASS Census of Agriculture), Census of Agriculture 2022"
26153,13042.0,0.0174,4129.0,0.0055,2022,"public domain (USDA NASS Census of Agriculture), Census of Agriculture 2022"
26155,206410.0,0.6074,180653.0,0.5316,2022,"public domain (USDA NASS Census of Agriculture), Census of Agriculture 2022"
26157,338072.0,0.6563,298606.0,0.5797,2022,"public domain (USDA NASS Census of Agriculture), Census of Agriculture 2022"
26159,131486.0,0.338,97689.0,0.2511,2022,"public domain (USDA NASS Census of Agriculture), Census of Agriculture 2022"
26161,177064.0,0.3919,146292.0,0.3238,2022,"public domain (USDA NASS Census of Agriculture), Census of Agriculture 2022"
26163,10392.0,0.0265,7727.0,0.0197,2022,"public domain (USDA NASS Census of Agriculture), Census of Agriculture 2022"
26165,42619.0,0.1179,24533.0,0.0679,2022,"public domain (USDA NASS Census of Agriculture), Census of Agriculture 2022"
27001,120748.0,0.1036,54562.0,0.0468,2022,"public domain (USDA NASS Census of Agriculture), Census of Agriculture 2022"
27003,30064.0,0.1113,21934.0,0.0812,2022,"public domain (USDA NASS Census of Agriculture), Census of Agriculture 2022"
27005,381537.0,0.4533,279390.0,0.332,2022,"public domain (USDA NASS Census of Agriculture), Census of Agriculture 2022"
27007,173158.0,0.108,87778.0,0.0548,2022,"public domain (USDA NASS Census of Agriculture), Census of Agriculture 2022"
27009,134358.0,0.5142,104396.0,0.3995,2022,"public domain (USDA NASS Census of Agriculture), Census of Agriculture 2022"
27011,263888.0,0.8261,241318.0,0.7554,2022,"public domain (USDA NASS Census of Agriculture), Census of Agriculture 2022"
27013,478133.0,0.999,452711.0,0.9459,2022,"public domain (USDA NASS Census of Agriculture), Census of Agriculture 2022"
27015,302331.0,0.773,282635.0,0.7226,2022,"public domain (USDA NASS Census of Agriculture), Census of Agriculture 2022"
27017,125420.0,0.2276,36197.0,0.0657,2022,"public domain (USDA NASS Census of Agriculture), Census of Agriculture 2022"
27019,156676.0,0.6918,137542.0,0.6073,2022,"public domain (USDA NASS Census of Agriculture), Census of Agriculture 2022"
27021,134449.0,0.1039,56299.0,0.0435,2022,"public domain (USDA NASS Census of Agriculture), Census of Agriculture 2022"
27023,364695.0,0.9804,332842.0,0.8948,2022,"public domain (USDA NASS Census of Agriculture), Census of Agriculture 2022"
27025,81038.0,0.3052,58198.0,0.2192,2022,"public domain (USDA NASS Census of Agriculture), Census of Agriculture 2022"
27027,556161.0,0.8314,508962.0,0.7609,2022,"public domain (USDA NASS Census of Agriculture), Census of Agriculture 2022"
27029,159856.0,0.25,77211.0,0.1208,2022,"public domain (USDA NASS Census of Agriculture), Census of Agriculture 2022"
27031,1940.0,0.0021,283.0,0.0003,2022,"public domain (USDA NASS Census of Agriculture), Census of Agriculture 2022"
27033,392494.0,0.9583,370705.0,0.9051,2022,"public domain (USDA NASS Census of Agriculture), Census of Agriculture 2022"
27035,92791.0,0.1452,43947.0,0.0688,2022,"public domain (USDA NASS Census of Agriculture), Census of Agriculture 2022"
27037,208517.0,0.5792,187757.0,0.5215,2022,"public domain (USDA NASS Census of Agriculture), Census of Agriculture 2022"
27039,280440.0,0.9972,262797.0,0.9345,2022,"public domain (USDA NASS Census of Agriculture), Census of Agriculture 2022"
27041,268096.0,0.6577,201875.0,0.4953,2022,"public domain (USDA NASS Census of Agriculture), Census of Agriculture 2022"
27043,383231.0,0.8404,366048.0,0.8028,2022,"public domain (USDA NASS Census of Agriculture), Census of Agriculture 2022"
27045,470312.0,0.8532,377220.0,0.6843,2022,"public domain (USDA NASS Census of Agriculture), Census of Agriculture 2022"
27047,351174.0,0.7758,332702.0,0.735,2022,"public domain (USDA NASS Census of Agriculture), Census of Agriculture 2022"
27049,421698.0,0.8707,357142.0,0.7374,2022,"public domain (USDA NASS Census of Agriculture), Census of Agriculture 2022"
27051,338754.0,0.9662,316178.0,0.9018,2022,"public domain (USDA NASS Census of Agriculture), Census of Agriculture 2022"
27053,32406.0,0.0914,21319.0,0.0601,2022,"public domain (USDA NASS Census of Agriculture), Census of Agriculture 2022"
27055,223021.0,0.6312,134933.0,0.3819,2022,"public domain (USDA NASS Census of Agriculture), Census of Agriculture 2022"
27057,98144.0,0.1656,54892.0,0.0926,2022,"public domain (USDA NASS Census of Agriculture), Census of Agriculture 2022"
27059,101666.0,0.3645,71210.0,0.2553,2022,"public domain (USDA NASS Census of Agriculture), Census of Agriculture 2022"
27061,96375.0,0.0565,48228.0,0.0282,2022,"public domain (USDA NASS Census of Agriculture), Census of Agriculture 2022"
27063,384337.0,0.8543,360718.0,0.8018,2022,"public domain (USDA NASS Census of Agriculture), Census of Agriculture 2022"
27065,99182.0,0.2971,58200.0,0.1743,2022,"public domain (USDA NASS Census of Agriculture), Census of Agriculture 2022"
27067,494447.0,0.9689,436466.0,0.8553,2022,"public domain (USDA NASS Census of Agriculture), Census of Agriculture 2022"
27069,602709.0,0.8569,514102.0,0.7309,2022,"public domain (USDA NASS Census of Agriculture), Census of Agriculture 2022"
27071,60919.0,0.0307,29974.0,0.0151,2022,"public domain (USDA NASS Census of Agriculture), Census of Agriculture 2022"
27073,410959.0,0.8394,373794.0,0.7634,2022,"public domain (USDA NASS Census of Agriculture), Census of Agriculture 2022"
27075,1422.0,0.0011,227.0,0.0002,2022,"public domain (USDA NASS Census of Agriculture), Census of Agriculture 2022"
27077,109394.0,0.1317,72744.0,0.0876,2022,"public domain (USDA NASS Census of Agriculture), Census of Agriculture 2022"
27079,205774.0,0.7165,181375.0,0.6316,2022,"public domain (USDA NASS Census of Agriculture), Census of Agriculture 2022"
27081,212420.0,0.6183,185149.0,0.5389,2022,"public domain (USDA NASS Census of Agriculture), Census of Agriculture 2022"
27083,424591.0,0.9286,389195.0,0.8512,2022,"public domain (USDA NASS Census of Agriculture), Census of Agriculture 2022"
27085,246163.0,0.7825,228148.0,0.7253,2022,"public domain (USDA NASS Census of Agriculture), Census of Agriculture 2022"
27087,217882.0,0.6103,184318.0,0.5162,2022,"public domain (USDA NASS Census of Agriculture), Census of Agriculture 2022"
27089,912128.0,0.8029,804133.0,0.7078,2022,"public domain (USDA NASS Census of Agriculture), Census of Agriculture 2022"
27091,454025.0,0.9959,433735.0,0.9514,2022,"public domain (USDA NASS Census of Agriculture), Census of Agriculture 2022"
27093,308376.0,0.7925,267627.0,0.6878,2022,"public domain (USDA NASS Census of Agriculture), Census of Agriculture 2022"
27095,96684.0,0.264,62663.0,0.1711,2022,"public domain (USDA NASS Census of Agriculture), Census of Agriculture 2022"
27097,361789.0,0.5024,211270.0,0.2934,2022,"public domain (USDA NASS Census of Agriculture), Census of Agriculture 2022"
27099,380070.0,0.8349,351321.0,0.7718,2022,"public domain (USDA NASS Census of Agriculture), Census of Agriculture 2022"
27101,351476.0,0.7793,314260.0,0.6968,2022,"public domain (USDA NASS Census of Agriculture), Census of Agriculture 2022"
27103,278870.0,0.9715,262794.0,0.9155,2022,"public domain (USDA NASS Census of Agriculture), Census of Agriculture 2022"
27105,366330.0,0.8004,346087.0,0.7562,2022,"public domain (USDA NASS Census of Agriculture), Census of Agriculture 2022"
27107,491694.0,0.8802,454901.0,0.8144,2022,"public domain (USDA NASS Census of Agriculture), Census of Agriculture 2022"
27109,308004.0,0.7364,258221.0,0.6174,2022,"public domain (USDA NASS Census of Agriculture), Census of Agriculture 2022"
27111,770922.0,0.6109,545784.0,0.4325,2022,"public domain (USDA NASS Census of Agriculture), Census of Agriculture 2022"
27113,258956.0,0.6563,222501.0,0.5639,2022,"public domain (USDA NASS Census of Agriculture), Census of Agriculture 2022"
27115,164801.0,0.1825,87197.0,0.0965,2022,"public domain (USDA NASS Census of Agriculture), Census of Agriculture 2022"
27117,227976.0,0.766,189619.0,0.6371,2022,"public domain (USDA NASS Census of Agriculture), Census of Agriculture 2022"
27119,1083394.0,0.8589,986385.0,0.782,2022,"public domain (USDA NASS Census of Agriculture), Census of Agriculture 2022"
27121,310041.0,0.7182,254036.0,0.5884,2022,"public domain (USDA NASS Census of Agriculture), Census of Agriculture 2022"
27123,799.0,0.0082,503.0,0.0052,2022,"public domain (USDA NASS Census of Agriculture), Census of Agriculture 2022"
27125,196716.0,0.7108,176822.0,0.6389,2022,"public domain (USDA NASS Census of Agriculture), Census of Agriculture 2022"
27127,560222.0,0.9963,535304.0,0.952,2022,"public domain (USDA NASS Census of Agriculture), Census of Agriculture 2022"
27129,626065.0,0.9952,598705.0,0.9517,2022,"public domain (USDA NASS Census of Agriculture), Census of Agriculture 2022"
27131,249881.0,0.7874,216032.0,0.6808,2022,"public domain (USDA NASS Census of Agriculture), Census of Agriculture 2022"
27133,261220.0,0.846,241588.0,0.7824,2022,"public domain (USDA NASS Census of Agriculture), Census of Agriculture 2022"
27135,537341.0,0.5022,418239.0,0.3909,2022,"public domain (USDA NASS Census of Agriculture), Census of Agriculture 2022"
27137,162061.0,0.0405,80998.0,0.0203,2022,"public domain (USDA NASS Census of Agriculture), Census of Agriculture 2022"
27139,99629.0,0.4371,87877.0,0.3856,2022,"public domain (USDA NASS Census of Agriculture), Census of Agriculture 2022"
27141,85044.0,0.3069,64444.0,0.2326,2022,"public domain (USDA NASS Census of Agriculture), Census of Agriculture 2022"
27143,373628.0,0.9914,349255.0,0.9268,2022,"public domain (USDA NASS Census of Agriculture), Census of Agriculture 2022"
27145,643463.0,0.7487,512194.0,0.596,2022,"public domain (USDA NASS Census of Agriculture), Census of Agriculture 2022"
27147,245834.0,0.8942,231083.0,0.8406,2022,"public domain (USDA NASS Census of Agriculture), Census of Agriculture 2022"
27149,330936.0,0.9174,312245.0,0.8656,2022,"public domain (USDA NASS Census of Agriculture), Census of Agriculture 2022"
27151,374933.0,0.7895,339539.0,0.715,2022,"public domain (USDA NASS Census of Agriculture), Census of Agriculture 2022"
27153,321168.0,0.531,200294.0,0.3311,2022,"public domain (USDA NASS Census of Agriculture), Census of Agriculture 2022"
27155,309539.0,0.8428,291513.0,0.7937,2022,"public domain (USDA NASS Census of Agriculture), Census of Agriculture 2022"
27157,235417.0,0.7034,180270.0,0.5386,2022,"public domain (USDA NASS Census of Agriculture), Census of Agriculture 2022"
27159,123335.0,0.3593,79942.0,0.2329,2022,"public domain (USDA NASS Census of Agriculture), Census of Agriculture 2022"
27161,266866.0,0.9849,251700.0,0.9289,2022,"public domain (USDA NASS Census of Agriculture), Census of Agriculture 2022"
27163,50806.0,0.2063,36745.0,0.1492,2022,"public domain (USDA NASS Census of Agriculture), Census of Agriculture 2022"
27165,263479.0,0.9465,251388.0,0.9031,2022,"public domain (USDA NASS Census of Agriculture), Census of Agriculture 2022"
27167,401044.0,0.8344,387669.0,0.8065,2022,"public domain (USDA NASS Census of Agriculture), Census of Agriculture 2022"
27169,295658.0,0.7378,217078.0,0.5417,2022,"public domain (USDA NASS Census of Agriculture), Census of Agriculture 2022"
27171,224831.0,0.5313,185511.0,0.4384,2022,"public domain (USDA NASS Census of Agriculture), Census of Agriculture 2022"
27173,383404.0,0.7892,350967.0,0.7224,2022,"public domain (USDA NASS Census of Agriculture), Census of Agriculture 2022"
28001,58846.0,0.1989,19182.0,0.0648,2022,"public domain (USDA NASS Census of Agriculture), Census of Agriculture 2022"
28003,85454.0,0.3338,40261.0,0.1573,2022,"public domain (USDA NASS Census of Agriculture), Census of Agriculture 2022"
28005,80958.0,0.1733,17333.0,0.0371,2022,"public domain (USDA NASS Census of Agriculture), Census of Agriculture 2022"
28007,145490.0,0.3093,25854.0,0.055,2022,"public domain (USDA NASS Census of Agriculture), Census of Agriculture 2022"
28009,93844.0,0.3606,37219.0,0.143,2022,"public domain (USDA NASS Census of Agriculture), Census of Agriculture 2022"
28011,454619.0,0.8104,410138.0,0.7311,2022,"public domain (USDA NASS Census of Agriculture), Census of Agriculture 2022"
28013,180673.0,0.4813,97479.0,0.2597,2022,"public domain (USDA NASS Census of Agriculture), Census of Agriculture 2022"
28015,127775.0,0.3177,46110.0,0.1147,2022,"public domain (USDA NASS Census of Agriculture), Census of Agriculture 2022"
28017,163560.0,0.5093,89520.0,0.2788,2022,"public domain (USDA NASS Census of Agriculture), Census of Agriculture 2022"
28019,40712.0,0.1521,9249.0,0.0346,2022,"public domain (USDA NASS Census of Agriculture), Census of Agriculture 2022"
28021,67446.0,0.2162,12635.0,0.0405,2022,"public domain (USDA NASS Census of Agriculture), Census of Agriculture 2022"
28023,59638.0,0.1347,20177.0,0.0456,2022,"public domain (USDA NASS Census of Agriculture), Census of Agriculture 2022"
28025,157471.0,0.6,55442.0,0.2113,2022,"public domain (USDA NASS Census of Agriculture), Census of Agriculture 2022"
28027,281591.0,0.7955,218747.0,0.618,2022,"public domain (USDA NASS Census of Agriculture), Census of Agriculture 2022"
28029,103863.0,0.2088,14958.0,0.0301,2022,"public domain (USDA NASS Census of Agriculture), Census of Agriculture 2022"
28031,71060.0,0.2683,20018.0,0.0756,2022,"public domain (USDA NASS Census of Agriculture), Census of Agriculture 2022"
28033,135985.0,0.4461,83307.0,0.2733,2022,"public domain (USDA NASS Census of Agriculture), Census of Agriculture 2022"
28035,30551.0,0.1024,7259.0,0.0243,2022,"public domain (USDA NASS Census of Agriculture), Census of Agriculture 2022"
28037,55232.0,0.153,8571.0,0.0237,2022,"public domain (USDA NASS Census of Agriculture), Census of Agriculture 2022"
28039,66898.0,0.2184,18200.0,0.0594,2022,"public domain (USDA NASS Census of Agriculture), Census of Agriculture 2022"
28041,59945.0,0.1314,13481.0,0.0296,2022,"public domain (USDA NASS Census of Agriculture), Census of Agriculture 2022"
28043,93914.0,0.3476,35142.0,0.1301,2022,"public domain (USDA NASS Census of Agriculture), Census of Agriculture 2022"
28045,23946.0,0.0789,5402.0,0.0178,2022,"public domain (USDA NASS Census of Agriculture), Census of Agriculture 2022"
28047,14463.0,0.0394,4237.0,0.0115,2022,"public domain (USDA NASS Census of Agriculture), Census of Agriculture 2022"
28049,224068.0,0.4025,77331.0,0.1389,2022,"public domain (USDA NASS Census of Agriculture), Census of Agriculture 2022"
28051,278596.0,0.5753,152918.0,0.3158,2022,"public domain (USDA NASS Census of Agriculture), Census of Agriculture 2022"
28053,192073.0,0.7168,164234.0,0.6129,2022,"public domain (USDA NASS Census of Agriculture), Census of Agriculture 2022"
28055,132550.0,0.5015,89181.0,0.3374,2022,"public domain (USDA NASS Census of Agriculture), Census of Agriculture 2022"
28057,89001.0,0.261,32673.0,0.0958,2022,"public domain (USDA NASS Census of Agriculture), Census of Agriculture 2022"
28059,27669.0,0.0598,7952.0,0.0172,2022,"public domain (USDA NASS Census of Agriculture), Census of Agriculture 2022"
28061,60775.0,0.1404,8697.0,0.0201,2022,"public domain (USDA NASS Census of Agriculture), Census of Agriculture 2022"
28063,61569.0,0.185,16819.0,0.0505,2022,"public domain (USDA NASS Census of Agriculture), Census of Agriculture 2022"
28065,53739.0,0.2056,10065.0,0.0385,2022,"public domain (USDA NASS Census of Agriculture), Census of Agriculture 2022"
28067,97409.0,0.219,18839.0,0.0424,2022,"public domain (USDA NASS Census of Agriculture), Census of Agriculture 2022"
28069,137623.0,0.2807,15895.0,0.0324,2022,"public domain (USDA NASS Census of Agriculture), Census of Agriculture 2022"
28071,110895.0,0.2743,24055.0,0.0595,2022,"public domain (USDA NASS Census of Agriculture), Census of Agriculture 2022"
28073,52915.0,0.1665,10416.0,0.0328,2022,"public domain (USDA NASS Census of Agriculture), Census of Agriculture 2022"
28075,67105.0,0.149,8191.0,0.0182,2022,"public domain (USDA NASS Census of Agriculture), Census of Agriculture 2022"
28077,52696.0,0.1912,18363.0,0.0666,2022,"public domain (USDA NASS Census of Agriculture), Census of Agriculture 2022"
28079,85196.0,0.2284,21003.0,0.0563,2022,"public domain (USDA NASS Census of Agriculture), Census of Agriculture 2022"
28081,97272.0,0.3378,66612.0,0.2313,2022,"public domain (USDA NASS Census of Agriculture), Census of Agriculture 2022"
28083,300354.0,0.79,251969.0,0.6627,2022,"public domain (USDA NASS Census of Agriculture), Census of Agriculture 2022"
28085,79786.0,0.2127,15131.0,0.0403,2022,"public domain (USDA NASS Census of Agriculture), Census of Agriculture 2022"
28087,105787.0,0.327,52060.0,0.1609,2022,"public domain (USDA NASS Census of Agriculture), Census of Agriculture 2022"
28089,197702.0,0.4325,72175.0,0.1579,2022,"public domain (USDA NASS Census of Agriculture), Census of Agriculture 2022"
28091,55155.0,0.1589,12720.0,0.0366,2022,"public domain (USDA NASS Census of Agriculture), Census of Agriculture 2022"
28093,189255.0,0.4187,57434.0,0.1271,2022,"public domain (USDA NASS Census of Agriculture), Census of Agriculture 2022"
28095,162823.0,0.3325,73929.0,0.151,2022,"public domain (USDA NASS Census of Agriculture), Census of Agriculture 2022"
28097,105955.0,0.4068,37764.0,0.145,2022,"public domain (USDA NASS Census of Agriculture), Census of Agriculture 2022"
28099,89971.0,0.2466,21471.0,0.0588,2022,"public domain (USDA NASS Census of Agriculture), Census of Agriculture 2022"
28101,91201.0,0.2466,21899.0,0.0592,2022,"public domain (USDA NASS Census of Agriculture), Census of Agriculture 2022"
28103,214860.0,0.4829,112590.0,0.2531,2022,"public domain (USDA NASS Census of Agriculture), Census of Agriculture 2022"
28105,100927.0,0.3441,23645.0,0.0806,2022,"public domain (USDA NASS Census of Agriculture), Census of Agriculture 2022"
28107,177462.0,0.4047,92959.0,0.212,2022,"public domain (USDA NASS Census of Agriculture), Census of Agriculture 2022"
28109,104384.0,0.201,27082.0,0.0522,2022,"public domain (USDA NASS Census of Agriculture), Census of Agriculture 2022"
28111,44071.0,0.1064,7959.0,0.0192,2022,"public domain (USDA NASS Census of Agriculture), Census of Agriculture 2022"
28113,57529.0,0.2197,16157.0,0.0617,2022,"public domain (USDA NASS Census of Agriculture), Census of Agriculture 2022"
28115,142364.0,0.4468,79806.0,0.2505,2022,"public domain (USDA NASS Census of Agriculture), Census of Agriculture 2022"
28117,127115.0,0.4786,59170.0,0.2228,2022,"public domain (USDA NASS Census of Agriculture), Census of Agriculture 2022"
28119,182110.0,0.7026,116622.0,0.4499,2022,"public domain (USDA NASS Census of Agriculture), Census of Agriculture 2022"
28121,99015.0,0.1995,43220.0,0.0871,2022,"public domain (USDA NASS Census of Agriculture), Census of Agriculture 2022"
28123,115648.0,0.2966,25455.0,0.0653,2022,"public domain (USDA NASS Census of Agriculture), Census of Agriculture 2022"
28125,177028.0,0.6407,156025.0,0.5647,2022,"public domain (USDA NASS Census of Agriculture), Census of Agriculture 2022"
28127,97311.0,0.2581,19197.0,0.0509,2022,"public domain (USDA NASS Census of Agriculture), Census of Agriculture 2022"
28129,83160.0,0.2042,20126.0,0.0494,2022,"public domain (USDA NASS Census of Agriculture), Census of Agriculture 2022"
28131,36502.0,0.128,9462.0,0.0332,2022,"public domain (USDA NASS Census of Agriculture), Census of Agriculture 2022"
28133,381831.0,0.855,347311.0,0.7777,2022,"public domain (USDA NASS Census of Agriculture), Census of Agriculture 2022"
28135,269948.0,0.6533,197458.0,0.4779,2022,"public domain (USDA NASS Census of Agriculture), Census of Agriculture 2022"
28137,144720.0,0.5587,63679.0,0.2458,2022,"public domain (USDA NASS Census of Agriculture), Census of Agriculture 2022"
28139,94687.0,0.3232,27262.0,0.093,2022,"public domain (USDA NASS Census of Agriculture), Census of Agriculture 2022"
28141,32282.0,0.1189,7440.0,0.0274,2022,"public domain (USDA NASS Census of Agriculture), Census of Agriculture 2022"
28143,200871.0,0.6911,195805.0,0.6737,2022,"public domain (USDA NASS Census of Agriculture), Census of Agriculture 2022"
28145,129221.0,0.4858,67922.0,0.2554,2022,"public domain (USDA NASS Census of Agriculture), Census of Agriculture 2022"
28147,68536.0,0.2651,24071.0,0.0931,2022,"public domain (USDA NASS Census of Agriculture), Census of Agriculture 2022"
28149,131145.0,0.3482,52930.0,0.1405,2022,"public domain (USDA NASS Census of Agriculture), Census of Agriculture 2022"
28151,422919.0,0.9128,383142.0,0.8269,2022,"public domain (USDA NASS Census of Agriculture), Census of Agriculture 2022"
28153,84815.0,0.1635,15281.0,0.0295,2022,"public domain (USDA NASS Census of Agriculture), Census of Agriculture 2022"
28155,46190.0,0.1714,21421.0,0.0795,2022,"public domain (USDA NASS Census of Agriculture), Census of Agriculture 2022"
28157,121506.0,0.28,12016.0,0.0277,2022,"public domain (USDA NASS Census of Agriculture), Census of Agriculture 2022"
28159,89088.0,0.2292,18251.0,0.047,2022,"public domain (USDA NASS Census of Agriculture), Census of Agriculture 2022"
28161,91270.0,0.3053,37411.0,0.1251,2022,"public domain (USDA NASS Census of Agriculture), Census of Agriculture 2022"
28163,329908.0,0.5589,184742.0,0.313,2022,"public domain (USDA NASS Census of Agriculture), Census of Agriculture 2022"
29001,249382.0,0.6868,123485.0,0.3401,2022,"public domain (USDA NASS Census of Agriculture), Census of Agriculture 2022"
29003,157750.0,0.5697,118553.0,0.4282,2022,"public domain (USDA NASS Census of Agriculture), Census of Agriculture 2022"
29005,273607.0,0.7811,249273.0,0.7117,2022,"public domain (USDA NASS Census of Agriculture), Census of Agriculture 2022"
29007,329649.0,0.7441,275747.0,0.6224,2022,"public domain (USDA NASS Census of Agriculture), Census of Agriculture 2022"
29009,279279.0,0.5608,85823.0,0.1723,2022,"public domain (USDA NASS Census of Agriculture), Census of Agriculture 2022"
29011,365241.0,0.964,258519.0,0.6823,2022,"public domain (USDA NASS Census of Agriculture), Census of Agriculture 2022"
29013,426962.0,0.7973,254690.0,0.4756,2022,"public domain (USDA NASS Census of Agriculture), Census of Agriculture 2022"
29015,198779.0,0.4412,71785.0,0.1593,2022,"public domain (USDA NASS Census of Agriculture), Census of Agriculture 2022"
29017,167603.0,0.4238,65957.0,0.1668,2022,"public domain (USDA NASS Census of Agriculture), Census of Agriculture 2022"
29019,196763.0,0.4485,119577.0,0.2725,2022,"public domain (USDA NASS Census of Agriculture), Census of Agriculture 2022"
29021,140427.0,0.5375,99276.0,0.38,2022,"public domain (USDA NASS Census of Agriculture), Census of Agriculture 2022"
29023,250359.0,0.5631,203718.0,0.4582,2022,"public domain (USDA NASS Census of Agriculture), Census of Agriculture 2022"
29025,218258.0,0.7998,147525.0,0.5406,2022,"public domain (USDA NASS Census of Agriculture), Census of Agriculture 2022"
29027,289024.0,0.5411,142478.0,0.2668,2022,"public domain (USDA NASS Census of Agriculture), Census of Agriculture 2022"
29029,147003.0,0.3501,33147.0,0.0789,2022,"public domain (USDA NASS Census of Agriculture), Census of Agriculture 2022"
29031,255019.0,0.6888,182766.0,0.4936,2022,"public domain (USDA NASS Census of Agriculture), Census of Agriculture 2022"
29033,393921.0,0.8861,311649.0,0.701,2022,"public domain (USDA NASS Census of Agriculture), Census of Agriculture 2022"
29035,70610.0,0.2175,7392.0,0.0228,2022,"public domain (USDA NASS Census of Agriculture), Census of Agriculture 2022"
29037,301581.0,0.6764,181586.0,0.4073,2022,"public domain (USDA NASS Census of Agriculture), Census of Agriculture 2022"
29039,223426.0,0.7358,66322.0,0.2184,2022,"public domain (USDA NASS Census of Agriculture), Census of Agriculture 2022"
29041,372047.0,0.7739,265889.0,0.5531,2022,"public domain (USDA NASS Census of Agriculture), Census of Agriculture 2022"
29043,174620.0,0.485,52855.0,0.1468,2022,"public domain (USDA NASS Census of Agriculture), Census of Agriculture 2022"
29045,215798.0,0.6682,135151.0,0.4185,2022,"public domain (USDA NASS Census of Agriculture), Census of Agriculture 2022"
29047,86064.0,0.3382,51805.0,0.2036,2022,"public domain (USDA NASS Census of Agriculture), Census of Agriculture 2022"
29049,190097.0,0.709,132366.0,0.4937,2022,"public domain (USDA NASS Census of Agriculture), Census of Agriculture 2022"
29051,143831.0,0.574,52460.0,0.2093,2022,"public domain (USDA NASS Census of Agriculture), Census of Agriculture 2022"
29053,262105.0,0.7252,174384.0,0.4825,2022,"public domain (USDA NASS Census of Agriculture), Census of Agriculture 2022"
29055,194055.0,0.4084,37793.0,0.0795,2022,"public domain (USDA NASS Census of Agriculture), Census of Agriculture 2022"
29057,313523.0,0.9997,135099.0,0.4308,2022,"public domain (USDA NASS Census of Agriculture), Census of Agriculture 2022"
29059,166832.0,0.4819,50165.0,0.1449,2022,"public domain (USDA NASS Census of Agriculture), Census of Agriculture 2022"
29061,320474.0,0.889,229232.0,0.6359,2022,"public domain (USDA NASS Census of Agriculture), Census of Agriculture 2022"
29063,191284.0,0.7093,129726.0,0.4811,2022,"public domain (USDA NASS Census of Agriculture), Census of Agriculture 2022"
29065,203855.0,0.4231,27416.0,0.0569,2022,"public domain (USDA NASS Census of Agriculture), Census of Agriculture 2022"
29067,336408.0,0.646,54577.0,0.1048,2022,"public domain (USDA NASS Census of Agriculture), Census of Agriculture 2022"
29069,302199.0,0.8713,296902.0,0.8561,2022,"public domain (USDA NASS Census of Agriculture), Census of Agriculture 2022"
29071,265858.0,0.4502,131988.0,0.2235,2022,"public domain (USDA NASS Census of Agriculture), Census of Agriculture 2022"
29073,192365.0,0.5791,64160.0,0.1932,2022,"public domain (USDA NASS Census of Agriculture), Census of Agriculture 2022"
29075,268094.0,0.8524,163703.0,0.5205,2022,"public domain (USDA NASS Census of Agriculture), Census of Agriculture 2022"
29077,197605.0,0.4572,69133.0,0.16,2022,"public domain (USDA NASS Census of Agriculture), Census of Agriculture 2022"
29079,214652.0,0.7705,155821.0,0.5593,2022,"public domain (USDA NASS Census of Agriculture), Census of Agriculture 2022"
29081,403261.0,0.8721,278734.0,0.6028,2022,"public domain (USDA NASS Census of Agriculture), Census of Agriculture 2022"
29083,362617.0,0.813,207723.0,0.4657,2022,"public domain (USDA NASS Census of Agriculture), Census of Agriculture 2022"
29085,177802.0,0.6966,64042.0,0.2509,2022,"public domain (USDA NASS Census of Agriculture), Census of Agriculture 2022"
29087,220066.0,0.7432,189197.0,0.6389,2022,"public domain (USDA NASS Census of Agriculture), Census of Agriculture 2022"
29089,206874.0,0.6969,114695.0,0.3864,2022,"public domain (USDA NASS Census of Agriculture), Census of Agriculture 2022"
29091,363963.0,0.6134,68532.0,0.1155,2022,"public domain (USDA NASS Census of Agriculture), Census of Agriculture 2022"
29093,84993.0,0.2413,12377.0,0.0351,2022,"public domain (USDA NASS Census of Agriculture), Census of Agriculture 2022"
29095,80664.0,0.2085,53062.0,0.1371,2022,"public domain (USDA NASS Census of Agriculture), Census of Agriculture 2022"
29097,270662.0,0.6623,146718.0,0.359,2022,"public domain (USDA NASS Census of Agriculture), Census of Agriculture 2022"
29099,106429.0,0.2534,38891.0,0.0926,2022,"public domain (USDA NASS Census of Agriculture), Census of Agriculture 2022"
29101,415874.0,0.7836,228817.0,0.4311,2022,"public domain (USDA NASS Census of Agriculture), Census of Agriculture 2022"
29103,224997.0,0.6975,156493.0,0.4851,2022,"public domain (USDA NASS Census of Agriculture), Census of Agriculture 2022"
29105,307082.0,0.6275,75889.0,0.1551,2022,"public domain (USDA NASS Census of Agriculture), Census of Agriculture 2022"
29107,286192.0,0.7117,226100.0,0.5623,2022,"public domain (USDA NASS Census of Agriculture), Census of Agriculture 2022"
29109,312640.0,0.7985,113536.0,0.29,2022,"public domain (USDA NASS Census of Agriculture), Census of Agriculture 2022"
29111,220282.0,0.6815,170968.0,0.529,2022,"public domain (USDA NASS Census of Agriculture), Census of Agriculture 2022"
29113,218355.0,0.5445,142157.0,0.3545,2022,"public domain (USDA NASS Census of Agriculture), Census of Agriculture 2022"
29115,326008.0,0.8275,194172.0,0.4929,2022,"public domain (USDA NASS Census of Agriculture), Census of Agriculture 2022"
29117,286858.0,0.842,208994.0,0.6135,2022,"public domain (USDA NASS Census of Agriculture), Census of Agriculture 2022"
29119,191401.0,0.5544,40636.0,0.1177,2022,"public domain (USDA NASS Census of Agriculture), Census of Agriculture 2022"
29121,432256.0,0.843,235584.0,0.4594,2022,"public domain (USDA NASS Census of Agriculture), Census of Agriculture 2022"
29123,96231.0,0.3041,24002.0,0.0759,2022,"public domain (USDA NASS Census of Agriculture), Census of Agriculture 2022"
29125,216335.0,0.6414,49209.0,0.1459,2022,"public domain (USDA NASS Census of Agriculture), Census of Agriculture 2022"
29127,193536.0,0.6921,139035.0,0.4972,2022,"public domain (USDA NASS Census of Agriculture), Census of Agriculture 2022"
29129,207759.0,0.7153,107191.0,0.369,2022,"public domain (USDA NASS Census of Agriculture), Census of Agriculture 2022"
29131,242451.0,0.6393,67403.0,0.1777,2022,"public domain (USDA NASS Census of Agriculture), Census of Agriculture 2022"
29133,260982.0,0.9907,254354.0,0.9656,2022,"public domain (USDA NASS Census of Agriculture), Census of Agriculture 2022"
29135,189462.0,0.7133,80364.0,0.3026,2022,"public domain (USDA NASS Census of Agriculture), Census of Agriculture 2022"
29137,285759.0,0.6894,200384.0,0.4835,2022,"public domain (USDA NASS Census of Agriculture), Census of Agriculture 2022"
29139,198095.0,0.5785,137069.0,0.4003,2022,"public domain (USDA NASS Census of Agriculture), Census of Agriculture 2022"
29141,213322.0,0.5577,77520.0,0.2027,2022,"public domain (USDA NASS Census of Agriculture), Census of Agriculture 2022"
29143,346144.0,0.8014,341972.0,0.7917,2022,"public domain (USDA NASS Census of Agriculture), Census of Agriculture 2022"
29145,239381.0,0.5987,81442.0,0.2037,2022,"public domain (USDA NASS Census of Agriculture), Census of Agriculture 2022"
29147,380179.0,0.6774,279165.0,0.4974,2022,"public domain (USDA NASS Census of Agriculture), Census of Agriculture 2022"
29149,272656.0,0.5394,33013.0,0.0653,2022,"public domain (USDA NASS Census of Agriculture), Census of Agriculture 2022"
29151,323170.0,0.8325,97911.0,0.2522,2022,"public domain (USDA NASS Census of Agriculture), Census of Agriculture 2022"
29153,229631.0,0.4816,28434.0,0.0596,2022,"public domain (USDA NASS Census of Agriculture), Census of Agriculture 2022"
29155,294693.0,0.9347,292310.0,0.9272,2022,"public domain (USDA NASS Census of Agriculture), Census of Agriculture 2022"
29157,193440.0,0.6372,108638.0,0.3578,2022,"public domain (USDA NASS Census of Agriculture), Census of Agriculture 2022"
29159,360253.0,0.8251,215937.0,0.4946,2022,"public domain (USDA NASS Census of Agriculture), Census of Agriculture 2022"
29161,174422.0,0.4057,32734.0,0.0761,2022,"public domain (USDA NASS Census of Agriculture), Census of Agriculture 2022"
29163,331162.0,0.7718,204471.0,0.4765,2022,"public domain (USDA NASS Census of Agriculture), Census of Agriculture 2022"
29165,147941.0,0.5506,110855.0,0.4126,2022,"public domain (USDA NASS Census of Agriculture), Census of Agriculture 2022"
29167,340780.0,0.8378,112379.0,0.2763,2022,"public domain (USDA NASS Census of Agriculture), Census of Agriculture 2022"
29169,117115.0,0.3345,22741.0,0.0649,2022,"public domain (USDA NASS Census of Agriculture), Census of Agriculture 2022"
29171,295526.0,0.8926,150873.0,0.4557,2022,"public domain (USDA NASS Census of Agriculture), Census of Agriculture 2022"
29173,191799.0,0.6379,143500.0,0.4773,2022,"public domain (USDA NASS Census of Agriculture), Census of Agriculture 2022"
29175,212214.0,0.6869,120168.0,0.389,2022,"public domain (USDA NASS Census of Agriculture), Census of Agriculture 2022"
29177,259143.0,0.7116,167501.0,0.46,2022,"public domain (USDA NASS Census of Agriculture), Census of Agriculture 2022"
29179,72900.0,0.1409,14652.0,0.0283,2022,"public domain (USDA NASS Census of Agriculture), Census of Agriculture 2022"
29181,139907.0,0.3473,34791.0,0.0864,2022,"public domain (USDA NASS Census of Agriculture), Census of Agriculture 2022"
29183,170588.0,0.4755,136324.0,0.38,2022,"public domain (USDA NASS Census of Agriculture), Census of Agriculture 2022"
29185,292065.0,0.6761,127374.0,0.2949,2022,"public domain (USDA NASS Census of Agriculture), Census of Agriculture 2022"
29186,158419.0,0.4959,80481.0,0.2519,2022,"public domain (USDA NASS Census of Agriculture), Census of Agriculture 2022"
29187,94940.0,0.3283,29514.0,0.1021,2022,"public domain (USDA NASS Census of Agriculture), Census of Agriculture 2022"
29189,21936.0,0.0675,15127.0,0.0465,2022,"public domain (USDA NASS Census of Agriculture), Census of Agriculture 2022"
29195,426061.0,0.8812,348932.0,0.7216,2022,"public domain (USDA NASS Census of Agriculture), Census of Agriculture 2022"
29197,143229.0,0.7283,68556.0,0.3486,2022,"public domain (USDA NASS Census of Agriculture), Census of Agriculture 2022"
29199,212718.0,0.7614,144019.0,0.5155,2022,"public domain (USDA NASS Census of Agriculture), Census of Agriculture 2022"
29201,213397.0,0.7939,194358.0,0.723,2022,"public domain (USDA NASS Census of Agriculture), Census of Agriculture 2022"
29203,133126.0,0.2072,20317.0,0.0316,2022,"public domain (USDA NASS Census of Agriculture), Census of Agriculture 2022"
29205,254810.0,0.7949,186994.0,0.5833,2022,"public domain (USDA NASS Census of Agriculture), Census of Agriculture 2022"
29207,417349.0,0.7922,383815.0,0.7286,2022,"public domain (USDA NASS Census of Agriculture), Census of Agriculture 2022"
29209,87784.0,0.2957,19320.0,0.0651,2022,"public domain (USDA NASS Census of Agriculture), Census of Agriculture 2022"
29211,318779.0,0.7687,156632.0,0.3777,2022,"public domain (USDA NASS Census of Agriculture), Census of Agriculture 2022"
29213,100205.0,0.2476,15099.0,0.0373,2022,"public domain (USDA NASS Census of Agriculture), Census of Agriculture 2022"
29215,407913.0,0.5414,88012.0,0.1168,2022,"public domain (USDA NASS Census of Agriculture), Census of Agriculture 2022"
29217,495559.0,0.937,317445.0,0.6002,2022,"public domain (USDA NASS Census of Agriculture), Census of Agriculture 2022"
29219,115250.0,0.4202,66763.0,0.2434,2022,"public domain (USDA NASS Census of Agriculture), Census of Agriculture 2022"
29221,87234.0,0.1794,15524.0,0.0319,2022,"public domain (USDA NASS Census of Agriculture), Census of Agriculture 2022"
29223,94567.0,0.1946,18122.0,0.0373,2022,"public domain (USDA NASS Census of Agriculture), Census of Agriculture 2022"
29225,266345.0,0.7023,75116.0,0.1981,2022,"public domain (USDA NASS Census of Agriculture), Census of Agriculture 2022"
29227,148910.0,0.8726,84509.0,0.4952,2022,"public domain (USDA NASS Census of Agriculture), Census of Agriculture 2022"
29229,292986.0,0.6715,65169.0,0.1494,2022,"public domain (USDA NASS Census of Agriculture), Census of Agriculture 2022"
29510,,,,,,
30001,1012816.0,0.2855,129645.0,0.0365,2022,"public domain (USDA NASS Census of Agriculture), Census of Agriculture 2022"
30003,3191315.0,0.9977,342572.0,0.1071,2022,"public domain (USDA NASS Census of Agriculture), Census of Agriculture 2022"
30005,1880136.0,0.6949,475996.0,0.1759,2022,"public domain (USDA NASS Census of Agriculture), Census of Agriculture 2022"
30007,464721.0,0.609,116597.0,0.1528,2022,"public domain (USDA NASS Census of Agriculture), Census of Agriculture 2022"
30009,738590.0,0.5636,113991.0,0.087,2022,"public domain (USDA NASS Census of Agriculture), Census of Agriculture 2022"
30011,1682561.0,0.787,212145.0,0.0992,2022,"public domain (USDA NASS Census of Agriculture), Census of Agriculture 2022"
30013,1364780.0,0.7903,408237.0,0.2364,2022,"public domain (USDA NASS Census of Agriculture), Census of Agriculture 2022"
30015,2359276.0,0.928,1481908.0,0.5829,2022,"public domain (USDA NASS Census of Agriculture), Census of Agriculture 2022"
30017,2137368.0,0.8827,136135.0,0.0562,2022,"public domain (USDA NASS Census of Agriculture), Census of Agriculture 2022"
30019,667686.0,0.7315,498272.0,0.5459,2022,"public domain (USDA NASS Census of Agriculture), Census of Agriculture 2022"
30021,1177000.0,0.7753,398960.0,0.2628,2022,"public domain (USDA NASS Census of Agriculture), Census of Agriculture 2022"
30023,58289.0,0.1236,6711.0,0.0142,2022,"public domain (USDA NASS Census of Agriculture), Census of Agriculture 2022"
30025,862293.0,0.8314,172127.0,0.166,2022,"public domain (USDA NASS Census of Agriculture), Census of Agriculture 2022"
30027,2315398.0,0.8337,614375.0,0.2212,2022,"public domain (USDA NASS Census of Agriculture), Census of Agriculture 2022"
30029,160817.0,0.0494,72436.0,0.0222,2022,"public domain (USDA NASS Census of Agriculture), Census of Agriculture 2022"
30031,655883.0,0.3934,216776.0,0.13,2022,"public domain (USDA NASS Census of Agriculture), Census of Agriculture 2022"
30033,2325298.0,0.7769,303714.0,0.1015,2022,"public domain (USDA NASS Census of Agriculture), Census of Agriculture 2022"
30035,1115475.0,0.5819,424584.0,0.2215,2022,"public domain (USDA NASS Census of Agriculture), Census of Agriculture 2022"
30037,736973.0,0.9805,109013.0,0.145,2022,"public domain (USDA NASS Census of Agriculture), Census of Agriculture 2022"
30039,289810.0,0.2622,26979.0,0.0244,2022,"public domain (USDA NASS Census of Agriculture), Census of Agriculture 2022"
30041,1854358.0,0.9993,1405565.0,0.7575,2022,"public domain (USDA NASS Census of Agriculture), Census of Agriculture 2022"
30043,454324.0,0.4284,44778.0,0.0422,2022,"public domain (USDA NASS Census of Agriculture), Census of Agriculture 2022"
30045,692347.0,0.5786,231032.0,0.1931,2022,"public domain (USDA NASS Census of Agriculture), Census of Agriculture 2022"
30047,596272.0,0.6251,79393.0,0.0832,2022,"public domain (USDA NASS Census of Agriculture), Census of Agriculture 2022"
30049,996169.0,0.4501,91586.0,0.0414,2022,"public domain (USDA NASS Census of Agriculture), Census of Agriculture 2022"
30051,913606.0,0.9983,696896.0,0.7615,2022,"public domain (USDA NASS Census of Agriculture), Census of Agriculture 2022"
30053,50005.0,0.0216,8783.0,0.0038,2022,"public domain (USDA NASS Census of Agriculture), Census of Agriculture 2022"
30055,1127416.0,0.6667,510233.0,0.3017,2022,"public domain (USDA NASS Census of Agriculture), Census of Agriculture 2022"
30057,925384.0,0.403,108142.0,0.0471,2022,"public domain (USDA NASS Census of Agriculture), Census of Agriculture 2022"
30059,880397.0,0.5751,89028.0,0.0582,2022,"public domain (USDA NASS Census of Agriculture), Census of Agriculture 2022"
30061,13171.0,0.0169,3315.0,0.0042,2022,"public domain (USDA NASS Census of Agriculture), Census of Agriculture 2022"
30063,339770.0,0.2047,29958.0,0.0181,2022,"public domain (USDA NASS Census of Agriculture), Census of Agriculture 2022"
30065,1126951.0,0.9422,108240.0,0.0905,2022,"public domain (USDA NASS Census of Agriculture), Census of Agriculture 2022"
30067,736194.0,0.4105,85928.0,0.0479,2022,"public domain (USDA NASS Census of Agriculture), Census of Agriculture 2022"
30069,664043.0,0.6267,99833.0,0.0942,2022,"public domain (USDA NASS Census of Agriculture), Census of Agriculture 2022"
30071,1874160.0,0.5697,430120.0,0.1307,2022,"public domain (USDA NASS Census of Agriculture), Census of Agriculture 2022"
30073,746528.0,0.718,502835.0,0.4836,2022,"public domain (USDA NASS Census of Agriculture), Census of Agriculture 2022"
30075,1854916.0,0.8788,188480.0,0.0893,2022,"public domain (USDA NASS Census of Agriculture), Census of Agriculture 2022"
30077,549419.0,0.3691,70974.0,0.0477,2022,"public domain (USDA NASS Census of Agriculture), Census of Agriculture 2022"
30079,590631.0,0.5314,78178.0,0.0703,2022,"public domain (USDA NASS Census of Agriculture), Census of Agriculture 2022"
30081,188084.0,0.1229,56259.0,0.0368,2022,"public domain (USDA NASS Census of Agriculture), Census of Agriculture 2022"
30083,1147949.0,0.8605,381332.0,0.2858,2022,"public domain (USDA NASS Census of Agriculture), Census of Agriculture 2022"
30085,1218335.0,0.8085,725331.0,0.4813,2022,"public domain (USDA NASS Census of Agriculture), Census of Agriculture 2022"
30087,2873641.0,0.8966,196521.0,0.0613,2022,"public domain (USDA NASS Census of Agriculture), Census of Agriculture 2022"
30089,621625.0,0.3519,29517.0,0.0167,2022,"public domain (USDA NASS Census of Agriculture), Census of Agriculture 2022"
30091,991016.0,0.9234,709589.0,0.6612,2022,"public domain (USDA NASS Census of Agriculture), Census of Agriculture 2022"
30093,68857.0,0.1498,6969.0,0.0152,2022,"public domain (USDA NASS Census of Agriculture), Census of Agriculture 2022"
30095,568671.0,0.4945,143299.0,0.1246,2022,"public domain (USDA NASS Census of Agriculture), Census of Agriculture 2022"
30097,921433.0,0.7759,66760.0,0.0562,2022,"public domain (USDA NASS Census of Agriculture), Census of Agriculture 2022"
30099,913638.0,0.6284,512318.0,0.3524,2022,"public domain (USDA NASS Census of Agriculture), Census of Agriculture 2022"
30101,1191112.0,0.9719,884212.0,0.7215,2022,"public domain (USDA NASS Census of Agriculture), Census of Agriculture 2022"
30103,499471.0,0.7981,51399.0,0.0821,2022,"public domain (USDA NASS Census of Agriculture), Census of Agriculture 2022"
30105,1696229.0,0.538,717985.0,0.2277,2022,"public domain (USDA NASS Census of Agriculture), Census of Agriculture 2022"
30107,677703.0,0.7444,90555.0,0.0995,2022,"public domain (USDA NASS Census of Agriculture), Census of Agriculture 2022"
30109,407570.0,0.7159,103822.0,0.1824,2022,"public domain (USDA NASS Census of Agriculture), Census of Agriculture 2022"
30111,1433440.0,0.8506,269410.0,0.1599,2022,"public domain (USDA NASS Census of Agriculture), Census of Agriculture 2022"
31001,334735.0,0.9286,296355.0,0.8221,2022,"public domain (USDA NASS Census of Agriculture), Census of Agriculture 2022"
31003,525448.0,0.9578,395148.0,0.7203,2022,"public domain (USDA NASS Census of Agriculture), Census of Agriculture 2022"
31005,408830.0,0.8932,31747.0,0.0694,2022,"public domain (USDA NASS Census of Agriculture), Census of Agriculture 2022"
31007,447050.0,0.9363,184737.0,0.3869,2022,"public domain (USDA NASS Census of Agriculture), Census of Agriculture 2022"
31009,331846.0,0.7296,21181.0,0.0466,2022,"public domain (USDA NASS Census of Agriculture), Census of Agriculture 2022"
31011,409932.0,0.933,313409.0,0.7133,2022,"public domain (USDA NASS Census of Agriculture), Census of Agriculture 2022"
31013,685555.0,0.9963,407540.0,0.5923,2022,"public domain (USDA NASS Census of Agriculture), Census of Agriculture 2022"
31015,227518.0,0.6591,87509.0,0.2535,2022,"public domain (USDA NASS Census of Agriculture), Census of Agriculture 2022"
31017,774981.0,0.9914,103175.0,0.132,2022,"public domain (USDA NASS Census of Agriculture), Census of Agriculture 2022"
31019,617069.0,0.9958,382339.0,0.617,2022,"public domain (USDA NASS Census of Agriculture), Census of Agriculture 2022"
31021,249577.0,0.7933,223434.0,0.7102,2022,"public domain (USDA NASS Census of Agriculture), Census of Agriculture 2022"
31023,359127.0,0.9596,315127.0,0.842,2022,"public domain (USDA NASS Census of Agriculture), Census of Agriculture 2022"
31025,299543.0,0.8404,275446.0,0.7728,2022,"public domain (USDA NASS Census of Agriculture), Census of Agriculture 2022"
31027,451579.0,0.9533,376702.0,0.7952,2022,"public domain (USDA NASS Census of Agriculture), Census of Agriculture 2022"
31029,544157.0,0.9506,288319.0,0.5037,2022,"public domain (USDA NASS Census of Agriculture), Census of Agriculture 2022"
31031,3795779.0,0.9951,435881.0,0.1143,2022,"public domain (USDA NASS Census of Agriculture), Census of Agriculture 2022"
31033,764545.0,0.9988,546240.0,0.7136,2022,"public domain (USDA NASS Census of Agriculture), Census of Agriculture 2022"
31035,365518.0,0.998,302950.0,0.8271,2022,"public domain (USDA NASS Census of Agriculture), Census of Agriculture 2022"
31037,212605.0,0.8074,191468.0,0.7271,2022,"public domain (USDA NASS Census of Agriculture), Census of Agriculture 2022"
31039,362361.0,0.9925,316217.0,0.8661,2022,"public domain (USDA NASS Census of Agriculture), Census of Agriculture 2022"
31041,1551863.0,0.9415,576202.0,0.3496,2022,"public domain (USDA NASS Census of Agriculture), Census of Agriculture 2022"
31043,167882.0,0.9926,153895.0,0.9099,2022,"public domain (USDA NASS Census of Agriculture), Census of Agriculture 2022"
31045,841294.0,0.9413,192650.0,0.2156,2022,"public domain (USDA NASS Census of Agriculture), Census of Agriculture 2022"
31047,643088.0,0.9912,349710.0,0.539,2022,"public domain (USDA NASS Census of Agriculture), Census of Agriculture 2022"
31049,234166.0,0.8319,191547.0,0.6805,2022,"public domain (USDA NASS Census of Agriculture), Census of Agriculture 2022"
31051,275098.0,0.9037,202873.0,0.6665,2022,"public domain (USDA NASS Census of Agriculture), Census of Agriculture 2022"
31053,337094.0,0.996,312885.0,0.9244,2022,"public domain (USDA NASS Census of Agriculture), Census of Agriculture 2022"
31055,52000.0,0.2489,46026.0,0.2203,2022,"public domain (USDA NASS Census of Agriculture), Census of Agriculture 2022"
31057,527593.0,0.8964,180904.0,0.3073,2022,"public domain (USDA NASS Census of Agriculture), Census of Agriculture 2022"
31059,361979.0,0.983,335849.0,0.912,2022,"public domain (USDA NASS Census of Agriculture), Census of Agriculture 2022"
31061,278695.0,0.7563,152785.0,0.4146,2022,"public domain (USDA NASS Census of Agriculture), Census of Agriculture 2022"
31063,514667.0,0.8251,223250.0,0.3579,2022,"public domain (USDA NASS Census of Agriculture), Census of Agriculture 2022"
31065,425046.0,0.9234,287435.0,0.6245,2022,"public domain (USDA NASS Census of Agriculture), Census of Agriculture 2022"
31067,541630.0,0.9939,458558.0,0.8415,2022,"public domain (USDA NASS Census of Agriculture), Census of Agriculture 2022"
31069,1084744.0,0.9942,160334.0,0.1469,2022,"public domain (USDA NASS Census of Agriculture), Census of Agriculture 2022"
31071,356737.0,0.979,58729.0,0.1612,2022,"public domain (USDA NASS Census of Agriculture), Census of Agriculture 2022"
31073,218098.0,0.7437,138722.0,0.4731,2022,"public domain (USDA NASS Census of Agriculture), Census of Agriculture 2022"
31075,494881.0,0.9956,43651.0,0.0878,2022,"public domain (USDA NASS Census of Agriculture), Census of Agriculture 2022"
31077,155366.0,0.426,80639.0,0.2211,2022,"public domain (USDA NASS Census of Agriculture), Census of Agriculture 2022"
31079,273923.0,0.7831,234815.0,0.6713,2022,"public domain (USDA NASS Census of Agriculture), Census of Agriculture 2022"
31081,298232.0,0.8597,279433.0,0.8055,2022,"public domain (USDA NASS Census of Agriculture), Census of Agriculture 2022"
31083,245201.0,0.6922,169819.0,0.4794,2022,"public domain (USDA NASS Census of Agriculture), Census of Agriculture 2022"
31085,404934.0,0.8873,162198.0,0.3554,2022,"public domain (USDA NASS Census of Agriculture), Census of Agriculture 2022"
31087,360921.0,0.7943,204358.0,0.4498,2022,"public domain (USDA NASS Census of Agriculture), Census of Agriculture 2022"
31089,1542780.0,0.9995,649518.0,0.4208,2022,"public domain (USDA NASS Census of Agriculture), Census of Agriculture 2022"
31091,421510.0,0.9135,8526.0,0.0185,2022,"public domain (USDA NASS Census of Agriculture), Census of Agriculture 2022"
31093,230525.0,0.6327,141653.0,0.3888,2022,"public domain (USDA NASS Census of Agriculture), Census of Agriculture 2022"
31095,285075.0,0.7812,225103.0,0.6169,2022,"public domain (USDA NASS Census of Agriculture), Census of Agriculture 2022"
31097,128141.0,0.5324,87249.0,0.3625,2022,"public domain (USDA NASS Census of Agriculture), Census of Agriculture 2022"
31099,308416.0,0.9336,272879.0,0.826,2022,"public domain (USDA NASS Census of Agriculture), Census of Agriculture 2022"
31101,440532.0,0.6481,193886.0,0.2852,2022,"public domain (USDA NASS Census of Agriculture), Census of Agriculture 2022"
31103,343426.0,0.6943,108625.0,0.2196,2022,"public domain (USDA NASS Census of Agriculture), Census of Agriculture 2022"
31105,607195.0,0.9966,374138.0,0.6141,2022,"public domain (USDA NASS Census of Agriculture), Census of Agriculture 2022"
31107,482157.0,0.6798,283896.0,0.4003,2022,"public domain (USDA NASS Census of Agriculture), Census of Agriculture 2022"
31109,407381.0,0.76,352208.0,0.6571,2022,"public domain (USDA NASS Census of Agriculture), Census of Agriculture 2022"
31111,1638602.0,0.9985,447462.0,0.2727,2022,"public domain (USDA NASS Census of Agriculture), Census of Agriculture 2022"
31113,303050.0,0.8297,30406.0,0.0832,2022,"public domain (USDA NASS Census of Agriculture), Census of Agriculture 2022"
31115,253891.0,0.7042,20272.0,0.0562,2022,"public domain (USDA NASS Census of Agriculture), Census of Agriculture 2022"
31117,548732.0,0.9978,23069.0,0.0419,2022,"public domain (USDA NASS Census of Agriculture), Census of Agriculture 2022"
31119,304018.0,0.8296,268060.0,0.7315,2022,"public domain (USDA NASS Census of Agriculture), Census of Agriculture 2022"
31121,208714.0,0.6686,164234.0,0.5261,2022,"public domain (USDA NASS Census of Agriculture), Census of Agriculture 2022"
31123,909153.0,0.9978,268449.0,0.2946,2022,"public domain (USDA NASS Census of Agriculture), Census of Agriculture 2022"
31125,134404.0,0.4756,90151.0,0.319,2022,"public domain (USDA NASS Census of Agriculture), Census of Agriculture 2022"
31127,242887.0,0.9318,209452.0,0.8035,2022,"public domain (USDA NASS Census of Agriculture), Census of Agriculture 2022"
31129,319737.0,0.8686,220855.0,0.6,2022,"public domain (USDA NASS Census of Agriculture), Census of Agriculture 2022"
31131,368524.0,0.9354,310308.0,0.7876,2022,"public domain (USDA NASS Census of Agriculture), Census of Agriculture 2022"
31133,201868.0,0.7317,146578.0,0.5313,2022,"public domain (USDA NASS Census of Agriculture), Census of Agriculture 2022"
31135,559496.0,0.9897,443531.0,0.7846,2022,"public domain (USDA NASS Census of Agriculture), Census of Agriculture 2022"
31137,282710.0,0.8184,243469.0,0.7048,2022,"public domain (USDA NASS Census of Agriculture), Census of Agriculture 2022"
31139,251807.0,0.6863,211550.0,0.5766,2022,"public domain (USDA NASS Census of Agriculture), Census of Agriculture 2022"
31141,430831.0,0.9971,377553.0,0.8738,2022,"public domain (USDA NASS Census of Agriculture), Census of Agriculture 2022"
31143,218406.0,0.7777,193724.0,0.6898,2022,"public domain (USDA NASS Census of Agriculture), Census of Agriculture 2022"
31145,429119.0,0.9349,213583.0,0.4653,2022,"public domain (USDA NASS Census of Agriculture), Census of Agriculture 2022"
31147,314864.0,0.8915,256485.0,0.7262,2022,"public domain (USDA NASS Census of Agriculture), Census of Agriculture 2022"
31149,634797.0,0.9837,157266.0,0.2437,2022,"public domain (USDA NASS Census of Agriculture), Census of Agriculture 2022"
31151,286753.0,0.7805,248656.0,0.6768,2022,"public domain (USDA NASS Census of Agriculture), Census of Agriculture 2022"
31153,58504.0,0.3841,52414.0,0.3441,2022,"public domain (USDA NASS Census of Agriculture), Census of Agriculture 2022"
31155,475844.0,0.9931,425334.0,0.8877,2022,"public domain (USDA NASS Census of Agriculture), Census of Agriculture 2022"
31157,381842.0,0.8067,216092.0,0.4565,2022,"public domain (USDA NASS Census of Agriculture), Census of Agriculture 2022"
31159,359043.0,0.9818,311793.0,0.8526,2022,"public domain (USDA NASS Census of Agriculture), Census of Agriculture 2022"
31161,1556968.0,0.997,293604.0,0.188,2022,"public domain (USDA NASS Census of Agriculture), Census of Agriculture 2022"
31163,222304.0,0.6138,138831.0,0.3833,2022,"public domain (USDA NASS Census of Agriculture), Census of Agriculture 2022"
31165,1236360.0,0.9347,76698.0,0.058,2022,"public domain (USDA NASS Census of Agriculture), Census of Agriculture 2022"
31167,193736.0,0.7079,165944.0,0.6063,2022,"public domain (USDA NASS Census of Agriculture), Census of Agriculture 2022"
31169,322662.0,0.8786,261987.0,0.7134,2022,"public domain (USDA NASS Census of Agriculture), Census of Agriculture 2022"
31171,432498.0,0.9484,7981.0,0.0175,2022,"public domain (USDA NASS Census of Agriculture), Census of Agriculture 2022"
31173,155821.0,0.6186,142379.0,0.5652,2022,"public domain (USDA NASS Census of Agriculture), Census of Agriculture 2022"
31175,262372.0,0.7216,116359.0,0.32,2022,"public domain (USDA NASS Census of Agriculture), Census of Agriculture 2022"
31177,216575.0,0.8678,188824.0,0.7566,2022,"public domain (USDA NASS Census of Agriculture), Census of Agriculture 2022"
31179,262185.0,0.9249,236676.0,0.8349,2022,"public domain (USDA NASS Census of Agriculture), Census of Agriculture 2022"
31181,324449.0,0.8818,222111.0,0.6037,2022,"public domain (USDA NASS Census of Agriculture), Census of Agriculture 2022"
31183,313003.0,0.8503,97537.0,0.265,2022,"public domain (USDA NASS Census of Agriculture), Census of Agriculture 2022"
31185,349139.0,0.9529,327970.0,0.8951,2022,"public domain (USDA NASS Census of Agriculture), Census of Agriculture 2022"
32001,170124.0,0.0537,38866.0,0.0123,2022,"public domain (USDA NASS Census of Agriculture), Census of Agriculture 2022"
32003,,,3762.0,0.0007,2022,"public domain (USDA NASS Census of Agriculture), Census of Agriculture 2022"
32005,121231.0,0.2666,23119.0,0.0508,2022,"public domain (USDA NASS Census of Agriculture), Census of Agriculture 2022"
32007,2081839.0,0.1894,164694.0,0.015,2022,"public domain (USDA NASS Census of Agriculture), Census of Agriculture 2022"
32009,18715.0,0.0082,12560.0,0.0055,2022,"public domain (USDA NASS Census of Agriculture), Census of Agriculture 2022"
32011,602862.0,0.2256,45552.0,0.017,2022,"public domain (USDA NASS Census of Agriculture), Census of Agriculture 2022"
32013,945924.0,0.1533,122170.0,0.0198,2022,"public domain (USDA NASS Census of Agriculture), Census of Agriculture 2022"
32015,374113.0,0.1059,48367.0,0.0137,2022,"public domain (USDA NASS Census of Agriculture), Census of Agriculture 2022"
32017,39136.0,0.0058,17135.0,0.0025,2022,"public domain (USDA NASS Census of Agriculture), Census of Agriculture 2022"
32019,186995.0,0.1459,62407.0,0.0487,2022,"public domain (USDA NASS Census of Agriculture), Census of Agriculture 2022"
32021,,,,,,
32023,49634.0,0.0043,19487.0,0.0017,2022,"public domain (USDA NASS Census of Agriculture), Census of Agriculture 2022"
32027,293968.0,0.0761,49496.0,0.0128,2022,"public domain (USDA NASS Census of Agriculture), Census of Agriculture 2022"
32029,,,,,,
32031,477037.0,0.118,10664.0,0.0026,2022,"public domain (USDA NASS Census of Agriculture), Census of Agriculture 2022"
32033,215932.0,0.038,31623.0,0.0056,2022,"public domain (USDA NASS Census of Agriculture), Census of Agriculture 2022"
32510,1591.0,0.0172,,,2022,"public domain (USDA NASS Census of Agriculture), Census of Agriculture 2022"
33001,28483.0,0.1108,6333.0,0.0246,2022,"public domain (USDA NASS Census of Agriculture), Census of Agriculture 2022"
33003,21207.0,0.0356,3761.0,0.0063,2022,"public domain (USDA NASS Census of Agriculture), Census of Agriculture 2022"
33005,40003.0,0.0884,9456.0,0.0209,2022,"public domain (USDA NASS Census of Agriculture), Census of Agriculture 2022"
33007,47598.0,0.0414,13965.0,0.0122,2022,"public domain (USDA NASS Census of Agriculture), Census of Agriculture 2022"
33009,86325.0,0.0789,19269.0,0.0176,2022,"public domain (USDA NASS Census of Agriculture), Census of Agriculture 2022"
33011,39253.0,0.07,10350.0,0.0184,2022,"public domain (USDA NASS Census of Agriculture), Census of Agriculture 2022"
33013,60942.0,0.1021,16375.0,0.0274,2022,"public domain (USDA NASS Census of Agriculture), Census of Agriculture 2022"
33015,26537.0,0.0596,9289.0,0.0209,2022,"public domain (USDA NASS Census of Agriculture), Census of Agriculture 2022"
33017,28143.0,0.1197,6303.0,0.0268,2022,"public domain (USDA NASS Census of Agriculture), Census of Agriculture 2022"
33019,38696.0,0.1124,10196.0,0.0296,2022,"public domain (USDA NASS Census of Agriculture), Census of Agriculture 2022"
34001,30674.0,0.0863,18865.0,0.0531,2022,"public domain (USDA NASS Census of Agriculture), Census of Agriculture 2022"
34003,771.0,0.0052,230.0,0.0015,2022,"public domain (USDA NASS Census of Agriculture), Census of Agriculture 2022"
34005,93594.0,0.183,50776.0,0.0993,2022,"public domain (USDA NASS Census of Agriculture), Census of Agriculture 2022"
34007,7431.0,0.0525,5051.0,0.0357,2022,"public domain (USDA NASS Census of Agriculture), Census of Agriculture 2022"
34009,7821.0,0.0486,3638.0,0.0226,2022,"public domain (USDA NASS Census of Agriculture), Census of Agriculture 2022"
34011,68491.0,0.2214,50465.0,0.1631,2022,"public domain (USDA NASS Census of Agriculture), Census of Agriculture 2022"
34013,,,,,,
34015,42076.0,0.2042,32012.0,0.1553,2022,"public domain (USDA NASS Census of Agriculture), Census of Agriculture 2022"
34017,,,,,,
34019,91588.0,0.3345,53916.0,0.1969,2022,"public domain (USDA NASS Census of Agriculture), Census of Agriculture 2022"
34021,19030.0,0.1325,13302.0,0.0926,2022,"public domain (USDA NASS Census of Agriculture), Census of Agriculture 2022"
34023,12302.0,0.0622,8576.0,0.0433,2022,"public domain (USDA NASS Census of Agriculture), Census of Agriculture 2022"
34025,44226.0,0.1476,27235.0,0.0909,2022,"public domain (USDA NASS Census of Agriculture), Census of Agriculture 2022"
34027,14552.0,0.0493,6831.0,0.0232,2022,"public domain (USDA NASS Census of Agriculture), Census of Agriculture 2022"
34029,6961.0,0.0173,2721.0,0.0068,2022,"public domain (USDA NASS Census of Agriculture), Census of Agriculture 2022"
34031,1830.0,0.0154,412.0,0.0035,2022,"public domain (USDA NASS Census of Agriculture), Census of Agriculture 2022"
34033,97465.0,0.4589,79218.0,0.373,2022,"public domain (USDA NASS Census of Agriculture), Census of Agriculture 2022"
34035,30015.0,0.1554,17425.0,0.0902,2022,"public domain (USDA NASS Census of Agriculture), Census of Agriculture 2022"
34037,71688.0,0.216,35048.0,0.1056,2022,"public domain (USDA NASS Census of Agriculture), Census of Agriculture 2022"
34039,139.0,0.0021,67.0,0.001,2022,"public domain (USDA NASS Census of Agriculture), Census of Agriculture 2022"
34041,70747.0,0.31,43894.0,0.1924,2022,"public domain (USDA NASS Census of Agriculture), Census of Agriculture 2022"
35001,,,21210.0,0.0285,2022,"public domain (USDA NASS Census of Agriculture), Census of Agriculture 2022"
35003,1396946.0,0.3152,15969.0,0.0036,2022,"public domain (USDA NASS Census of Agriculture), Census of Agriculture 2022"
35005,2309179.0,0.5947,123467.0,0.0318,2022,"public domain (USDA NASS Census of Agriculture), Census of Agriculture 2022"
35006,1700895.0,0.5854,29602.0,0.0102,2022,"public domain (USDA NASS Census of Agriculture), Census of Agriculture 2022"
35007,2035008.0,0.8461,19914.0,0.0083,2022,"public domain (USDA NASS Census of Agriculture), Census of Agriculture 2022"
35009,891911.0,0.9915,446772.0,0.4967,2022,"public domain (USDA NASS Census of Agriculture), Census of Agriculture 2022"
35011,928891.0,0.6248,14677.0,0.0099,2022,"public domain (USDA NASS Census of Agriculture), Census of Agriculture 2022"
35013,713474.0,0.2927,80104.0,0.0329,2022,"public domain (USDA NASS Census of Agriculture), Census of Agriculture 2022"
35015,640351.0,0.2396,38917.0,0.0146,2022,"public domain (USDA NASS Census of Agriculture), Census of Agriculture 2022"
35017,794499.0,0.3134,4284.0,0.0017,2022,"public domain (USDA NASS Census of Agriculture), Census of Agriculture 2022"
35019,1258863.0,0.6492,31483.0,0.0162,2022,"public domain (USDA NASS Census of Agriculture), Census of Agriculture 2022"
35021,911624.0,0.6702,17871.0,0.0131,2022,"public domain (USDA NASS Census of Agriculture), Census of Agriculture 2022"
35023,699048.0,0.3177,23460.0,0.0107,2022,"public domain (USDA NASS Census of Agriculture), Census of Agriculture 2022"
35025,1826208.0,0.6498,92019.0,0.0327,2022,"public domain (USDA NASS Census of Agriculture), Census of Agriculture 2022"
35027,1430994.0,0.4628,4918.0,0.0016,2022,"public domain (USDA NASS Census of Agriculture), Census of Agriculture 2022"
35028,,,,,,
35029,714436.0,0.3765,38016.0,0.02,2022,"public domain (USDA NASS Census of Agriculture), Census of Agriculture 2022"
35031,2420328.0,0.6938,101696.0,0.0292,2022,"public domain (USDA NASS Census of Agriculture), Census of Agriculture 2022"
35033,684546.0,0.5553,21780.0,0.0177,2022,"public domain (USDA NASS Census of Agriculture), Census of Agriculture 2022"
35035,867162.0,0.2049,6857.0,0.0016,2022,"public domain (USDA NASS Census of Agriculture), Census of Agriculture 2022"
35037,1834958.0,0.9976,198356.0,0.1078,2022,"public domain (USDA NASS Census of Agriculture), Census of Agriculture 2022"
35039,1346191.0,0.3589,60052.0,0.016,2022,"public domain (USDA NASS Census of Agriculture), Census of Agriculture 2022"
35041,1294906.0,0.8272,313382.0,0.2002,2022,"public domain (USDA NASS Census of Agriculture), Census of Agriculture 2022"
35043,881954.0,0.3714,15945.0,0.0067,2022,"public domain (USDA NASS Census of Agriculture), Census of Agriculture 2022"
35045,2417870.0,0.6847,102544.0,0.029,2022,"public domain (USDA NASS Census of Agriculture), Census of Agriculture 2022"
35047,1662231.0,0.5501,26130.0,0.0086,2022,"public domain (USDA NASS Census of Agriculture), Census of Agriculture 2022"
35049,494844.0,0.4047,13512.0,0.0111,2022,"public domain (USDA NASS Census of Agriculture), Census of Agriculture 2022"
35051,1070677.0,0.4001,35338.0,0.0132,2022,"public domain (USDA NASS Census of Agriculture), Census of Agriculture 2022"
35053,1345407.0,0.3163,58756.0,0.0138,2022,"public domain (USDA NASS Census of Agriculture), Census of Agriculture 2022"
35055,229129.0,0.1626,16714.0,0.0119,2022,"public domain (USDA NASS Census of Agriculture), Census of Agriculture 2022"
35057,1692413.0,0.7905,49509.0,0.0231,2022,"public domain (USDA NASS Census of Agriculture), Census of Agriculture 2022"
35059,1925764.0,0.7867,57516.0,0.0235,2022,"public domain (USDA NASS Census of Agriculture), Census of Agriculture 2022"
35061,450426.0,0.6598,13463.0,0.0197,2022,"public domain (USDA NASS Census of Agriculture), Census of Agriculture 2022"
36001,50151.0,0.1499,30989.0,0.0926,2022,"public domain (USDA NASS Census of Agriculture), Census of Agriculture 2022"
36003,116686.0,0.1771,60288.0,0.0915,2022,"public domain (USDA NASS Census of Agriculture), Census of Agriculture 2022"
36005,,,,,,
36007,70489.0,0.1561,37393.0,0.0828,2022,"public domain (USDA NASS Census of Agriculture), Census of Agriculture 2022"
36009,162947.0,0.1946,84781.0,0.1013,2022,"public domain (USDA NASS Census of Agriculture), Census of Agriculture 2022"
36011,222764.0,0.5033,176139.0,0.3979,2022,"public domain (USDA NASS Census of Agriculture), Census of Agriculture 2022"
36013,229885.0,0.3387,128934.0,0.19,2022,"public domain (USDA NASS Census of Agriculture), Census of Agriculture 2022"
36015,60337.0,0.2314,33091.0,0.1269,2022,"public domain (USDA NASS Census of Agriculture), Census of Agriculture 2022"
36017,151105.0,0.2643,81778.0,0.143,2022,"public domain (USDA NASS Census of Agriculture), Census of Agriculture 2022"
36019,150155.0,0.2261,76548.0,0.1153,2022,"public domain (USDA NASS Census of Agriculture), Census of Agriculture 2022"
36021,79391.0,0.1955,50497.0,0.1243,2022,"public domain (USDA NASS Census of Agriculture), Census of Agriculture 2022"
36023,91594.0,0.2869,53260.0,0.1668,2022,"public domain (USDA NASS Census of Agriculture), Census of Agriculture 2022"
36025,128232.0,0.1389,63275.0,0.0685,2022,"public domain (USDA NASS Census of Agriculture), Census of Agriculture 2022"
36027,99652.0,0.1957,39811.0,0.0782,2022,"public domain (USDA NASS Census of Agriculture), Census of Agriculture 2022"
36029,141829.0,0.2125,88353.0,0.1324,2022,"public domain (USDA NASS Census of Agriculture), Census of Agriculture 2022"
36031,48510.0,0.0422,18317.0,0.016,2022,"public domain (USDA NASS Census of Agriculture), Census of Agriculture 2022"
36033,139642.0,0.1339,75683.0,0.0726,2022,"public domain (USDA NASS Census of Agriculture), Census of Agriculture 2022"
36035,23234.0,0.0733,11395.0,0.0359,2022,"public domain (USDA NASS Census of Agriculture), Census of Agriculture 2022"
36037,176887.0,0.5606,141047.0,0.4471,2022,"public domain (USDA NASS Census of Agriculture), Census of Agriculture 2022"
36039,30213.0,0.0729,11764.0,0.0284,2022,"public domain (USDA NASS Census of Agriculture), Census of Agriculture 2022"
36041,1704.0,0.0016,146.0,0.0001,2022,"public domain (USDA NASS Census of Agriculture), Census of Agriculture 2022"
36043,106572.0,0.118,59732.0,0.0662,2022,"public domain (USDA NASS Census of Agriculture), Census of Agriculture 2022"
36045,249497.0,0.3075,174537.0,0.2151,2022,"public domain (USDA NASS Census of Agriculture), Census of Agriculture 2022"
36047,,,,,,
36049,151420.0,0.1854,93535.0,0.1145,2022,"public domain (USDA NASS Census of Agriculture), Census of Agriculture 2022"
36051,196542.0,0.4862,158365.0,0.3917,2022,"public domain (USDA NASS Census of Agriculture), Census of Agriculture 2022"
36053,170530.0,0.4069,106112.0,0.2532,2022,"public domain (USDA NASS Census of Agriculture), Census of Agriculture 2022"
36055,93901.0,0.2233,72118.0,0.1715,2022,"public domain (USDA NASS Census of Agriculture), Census of Agriculture 2022"
36057,113287.0,0.4391,78642.0,0.3048,2022,"public domain (USDA NASS Census of Agriculture), Census of Agriculture 2022"
36059,665.0,0.0037,266.0,0.0015,2022,"public domain (USDA NASS Census of Agriculture), Census of Agriculture 2022"
36061,12.0,0.0008,12.0,0.0008,2022,"public domain (USDA NASS Census of Agriculture), Census of Agriculture 2022"
36063,121516.0,0.3635,99687.0,0.2982,2022,"public domain (USDA NASS Census of Agriculture), Census of Agriculture 2022"
36065,187672.0,0.2419,114301.0,0.1473,2022,"public domain (USDA NASS Census of Agriculture), Census of Agriculture 2022"
36067,164239.0,0.3297,117495.0,0.2359,2022,"public domain (USDA NASS Census of Agriculture), Census of Agriculture 2022"
36069,174577.0,0.4235,140104.0,0.3399,2022,"public domain (USDA NASS Census of Agriculture), Census of Agriculture 2022"
36071,65706.0,0.1264,38789.0,0.0746,2022,"public domain (USDA NASS Census of Agriculture), Census of Agriculture 2022"
36073,130055.0,0.5194,112303.0,0.4485,2022,"public domain (USDA NASS Census of Agriculture), Census of Agriculture 2022"
36075,85696.0,0.1407,41475.0,0.0681,2022,"public domain (USDA NASS Census of Agriculture), Census of Agriculture 2022"
36077,140587.0,0.2193,71052.0,0.1108,2022,"public domain (USDA NASS Census of Agriculture), Census of Agriculture 2022"
36079,3992.0,0.0271,1355.0,0.0092,2022,"public domain (USDA NASS Census of Agriculture), Census of Agriculture 2022"
36081,69.0,0.001,16.0,0.0002,2022,"public domain (USDA NASS Census of Agriculture), Census of Agriculture 2022"
36083,72542.0,0.1737,41466.0,0.0993,2022,"public domain (USDA NASS Census of Agriculture), Census of Agriculture 2022"
36085,5.0,0.0001,5.0,0.0001,2022,"public domain (USDA NASS Census of Agriculture), Census of Agriculture 2022"
36087,442.0,0.004,173.0,0.0016,2022,"public domain (USDA NASS Census of Agriculture), Census of Agriculture 2022"
36089,290391.0,0.1693,147114.0,0.0858,2022,"public domain (USDA NASS Census of Agriculture), Census of Agriculture 2022"
36091,73771.0,0.1423,44846.0,0.0865,2022,"public domain (USDA NASS Census of Agriculture), Census of Agriculture 2022"
36093,13967.0,0.1066,7678.0,0.0586,2022,"public domain (USDA NASS Census of Agriculture), Census of Agriculture 2022"
36095,108630.0,0.273,66325.0,0.1667,2022,"public domain (USDA NASS Census of Agriculture), Census of Agriculture 2022"
36097,70731.0,0.3366,44056.0,0.2097,2022,"public domain (USDA NASS Census of Agriculture), Census of Agriculture 2022"
36099,103156.0,0.4979,83602.0,0.4035,2022,"public domain (USDA NASS Census of Agriculture), Census of Agriculture 2022"
36101,362171.0,0.407,214145.0,0.2406,2022,"public domain (USDA NASS Census of Agriculture), Census of Agriculture 2022"
36103,33821.0,0.058,25018.0,0.0429,2022,"public domain (USDA NASS Census of Agriculture), Census of Agriculture 2022"
36105,58719.0,0.0948,23237.0,0.0375,2022,"public domain (USDA NASS Census of Agriculture), Census of Agriculture 2022"
36107,118841.0,0.3579,59473.0,0.1791,2022,"public domain (USDA NASS Census of Agriculture), Census of Agriculture 2022"
36109,92950.0,0.306,67433.0,0.222,2022,"public domain (USDA NASS Census of Agriculture), Census of Agriculture 2022"
36111,73026.0,0.1015,27503.0,0.0382,2022,"public domain (USDA NASS Census of Agriculture), Census of Agriculture 2022"
36113,8159.0,0.0147,898.0,0.0016,2022,"public domain (USDA NASS Census of Agriculture), Census of Agriculture 2022"
36115,194060.0,0.3648,116042.0,0.2181,2022,"public domain (USDA NASS Census of Agriculture), Census of Agriculture 2022"
36117,167220.0,0.4327,124872.0,0.3231,2022,"public domain (USDA NASS Census of Agriculture), Census of Agriculture 2022"
36119,6311.0,0.0229,1812.0,0.0066,2022,"public domain (USDA NASS Census of Agriculture), Census of Agriculture 2022"
36121,203915.0,0.5376,154159.0,0.4064,2022,"public domain (USDA NASS Census of Agriculture), Census of Agriculture 2022"
36123,117491.0,0.5429,82958.0,0.3833,2022,"public domain (USDA NASS Census of Agriculture), Census of Agriculture 2022"
37001,68769.0,0.2537,25766.0,0.0951,2022,"public domain (USDA NASS Census of Agriculture), Census of Agriculture 2022"
37003,50799.0,0.3053,19261.0,0.1158,2022,"public domain (USDA NASS Census of Agriculture), Census of Agriculture 2022"
37005,63298.0,0.4212,24563.0,0.1634,2022,"public domain (USDA NASS Census of Agriculture), Census of Agriculture 2022"
37007,84695.0,0.249,30535.0,0.0898,2022,"public domain (USDA NASS Census of Agriculture), Census of Agriculture 2022"
37009,84498.0,0.3097,31917.0,0.117,2022,"public domain (USDA NASS Census of Agriculture), Census of Agriculture 2022"
37011,22598.0,0.1428,11949.0,0.0755,2022,"public domain (USDA NASS Census of Agriculture), Census of Agriculture 2022"
37013,139853.0,0.2624,119063.0,0.2234,2022,"public domain (USDA NASS Census of Agriculture), Census of Agriculture 2022"
37015,161862.0,0.3617,120788.0,0.2699,2022,"public domain (USDA NASS Census of Agriculture), Census of Agriculture 2022"
37017,146195.0,0.2611,53874.0,0.0962,2022,"public domain (USDA NASS Census of Agriculture), Census of Agriculture 2022"
37019,45150.0,0.083,28803.0,0.0529,2022,"public domain (USDA NASS Census of Agriculture), Census of Agriculture 2022"
37021,78245.0,0.1862,20879.0,0.0497,2022,"public domain (USDA NASS Census of Agriculture), Census of Agriculture 2022"
37023,44077.0,0.136,14456.0,0.0446,2022,"public domain (USDA NASS Census of Agriculture), Census of Agriculture 2022"
37025,64227.0,0.2778,34511.0,0.1493,2022,"public domain (USDA NASS Census of Agriculture), Census of Agriculture 2022"
37027,35964.0,0.1191,14213.0,0.0471,2022,"public domain (USDA NASS Census of Agriculture), Census of Agriculture 2022"
37029,54621.0,0.3551,53421.0,0.3473,2022,"public domain (USDA NASS Census of Agriculture), Census of Agriculture 2022"
37031,60950.0,0.1876,44190.0,0.136,2022,"public domain (USDA NASS Census of Agriculture), Census of Agriculture 2022"
37033,84373.0,0.3098,23474.0,0.0862,2022,"public domain (USDA NASS Census of Agriculture), Census of Agriculture 2022"
37035,61631.0,0.2399,29154.0,0.1135,2022,"public domain (USDA NASS Census of Agriculture), Census of Agriculture 2022"
37037,114051.0,0.2615,33799.0,0.0775,2022,"public domain (USDA NASS Census of Agriculture), Census of Agriculture 2022"
37039,25410.0,0.0872,6490.0,0.0223,2022,"public domain (USDA NASS Census of Agriculture), Census of Agriculture 2022"
37041,73439.0,0.6646,64881.0,0.5872,2022,"public domain (USDA NASS Census of Agriculture), Census of Agriculture 2022"
37043,14515.0,0.1055,6622.0,0.0481,2022,"public domain (USDA NASS Census of Agriculture), Census of Agriculture 2022"
37045,104633.0,0.3522,45000.0,0.1515,2022,"public domain (USDA NASS Census of Agriculture), Census of Agriculture 2022"
37047,125177.0,0.2085,85669.0,0.1427,2022,"public domain (USDA NASS Census of Agriculture), Census of Agriculture 2022"
37049,100825.0,0.223,60898.0,0.1347,2022,"public domain (USDA NASS Census of Agriculture), Census of Agriculture 2022"
37051,65919.0,0.1578,37346.0,0.0894,2022,"public domain (USDA NASS Census of Agriculture), Census of Agriculture 2022"
37053,37917.0,0.2262,32329.0,0.1929,2022,"public domain (USDA NASS Census of Agriculture), Census of Agriculture 2022"
37055,115.0,0.0005,25.0,0.0001,2022,"public domain (USDA NASS Census of Agriculture), Census of Agriculture 2022"
37057,73655.0,0.208,32662.0,0.0923,2022,"public domain (USDA NASS Census of Agriculture), Census of Agriculture 2022"
37059,74899.0,0.4438,37640.0,0.223,2022,"public domain (USDA NASS Census of Agriculture), Census of Agriculture 2022"
37061,254164.0,0.4874,173062.0,0.3319,2022,"public domain (USDA NASS Census of Agriculture), Census of Agriculture 2022"
37063,16166.0,0.0878,7057.0,0.0383,2022,"public domain (USDA NASS Census of Agriculture), Census of Agriculture 2022"
37065,145050.0,0.4484,116087.0,0.3589,2022,"public domain (USDA NASS Census of Agriculture), Census of Agriculture 2022"
37067,32956.0,0.1263,15882.0,0.0608,2022,"public domain (USDA NASS Census of Agriculture), Census of Agriculture 2022"
37069,107923.0,0.3429,46700.0,0.1484,2022,"public domain (USDA NASS Census of Agriculture), Census of Agriculture 2022"
37071,36859.0,0.1619,16323.0,0.0717,2022,"public domain (USDA NASS Census of Agriculture), Census of Agriculture 2022"
37073,71866.0,0.3297,53172.0,0.2439,2022,"public domain (USDA NASS Census of Agriculture), Census of Agriculture 2022"
37075,2256.0,0.0121,514.0,0.0028,2022,"public domain (USDA NASS Census of Agriculture), Census of Agriculture 2022"
37077,102115.0,0.2999,32279.0,0.0948,2022,"public domain (USDA NASS Census of Agriculture), Census of Agriculture 2022"
37079,97668.0,0.5721,86896.0,0.509,2022,"public domain (USDA NASS Census of Agriculture), Census of Agriculture 2022"
37081,94798.0,0.2293,40358.0,0.0976,2022,"public domain (USDA NASS Census of Agriculture), Census of Agriculture 2022"
37083,183565.0,0.3963,131418.0,0.2837,2022,"public domain (USDA NASS Census of Agriculture), Census of Agriculture 2022"
37085,109179.0,0.2867,76121.0,0.1999,2022,"public domain (USDA NASS Census of Agriculture), Census of Agriculture 2022"
37087,49288.0,0.1391,12026.0,0.0339,2022,"public domain (USDA NASS Census of Agriculture), Census of Agriculture 2022"
37089,32743.0,0.1372,19572.0,0.082,2022,"public domain (USDA NASS Census of Agriculture), Census of Agriculture 2022"
37091,67209.0,0.2974,52222.0,0.231,2022,"public domain (USDA NASS Census of Agriculture), Census of Agriculture 2022"
37093,36788.0,0.1473,20254.0,0.0811,2022,"public domain (USDA NASS Census of Agriculture), Census of Agriculture 2022"
37095,112445.0,0.2869,101588.0,0.2592,2022,"public domain (USDA NASS Census of Agriculture), Census of Agriculture 2022"
37097,119481.0,0.325,67941.0,0.1848,2022,"public domain (USDA NASS Census of Agriculture), Census of Agriculture 2022"
37099,22208.0,0.0707,4812.0,0.0153,2022,"public domain (USDA NASS Census of Agriculture), Census of Agriculture 2022"
37101,174111.0,0.3435,117085.0,0.231,2022,"public domain (USDA NASS Census of Agriculture), Census of Agriculture 2022"
37103,66287.0,0.2197,52569.0,0.1743,2022,"public domain (USDA NASS Census of Agriculture), Census of Agriculture 2022"
37105,31204.0,0.1912,14187.0,0.0869,2022,"public domain (USDA NASS Census of Agriculture), Census of Agriculture 2022"
37107,136277.0,0.5335,105598.0,0.4134,2022,"public domain (USDA NASS Census of Agriculture), Census of Agriculture 2022"
37109,49038.0,0.259,24909.0,0.1316,2022,"public domain (USDA NASS Census of Agriculture), Census of Agriculture 2022"
37111,17041.0,0.0605,4823.0,0.0171,2022,"public domain (USDA NASS Census of Agriculture), Census of Agriculture 2022"
37113,21973.0,0.0666,5223.0,0.0158,2022,"public domain (USDA NASS Census of Agriculture), Census of Agriculture 2022"
37115,42763.0,0.1486,7879.0,0.0274,2022,"public domain (USDA NASS Census of Agriculture), Census of Agriculture 2022"
37117,143806.0,0.4923,102207.0,0.3499,2022,"public domain (USDA NASS Census of Agriculture), Census of Agriculture 2022"
37119,7704.0,0.023,3019.0,0.009,2022,"public domain (USDA NASS Census of Agriculture), Census of Agriculture 2022"
37121,13860.0,0.0979,3496.0,0.0247,2022,"public domain (USDA NASS Census of Agriculture), Census of Agriculture 2022"
37123,34560.0,0.1099,12554.0,0.0399,2022,"public domain (USDA NASS Census of Agriculture), Census of Agriculture 2022"
37125,106258.0,0.238,29901.0,0.067,2022,"public domain (USDA NASS Census of Agriculture), Census of Agriculture 2022"
37127,133252.0,0.3853,86802.0,0.251,2022,"public domain (USDA NASS Census of Agriculture), Census of Agriculture 2022"
37129,1898.0,0.0154,1040.0,0.0085,2022,"public domain (USDA NASS Census of Agriculture), Census of Agriculture 2022"
37131,171478.0,0.4992,125219.0,0.3645,2022,"public domain (USDA NASS Census of Agriculture), Census of Agriculture 2022"
37133,53032.0,0.1087,33916.0,0.0695,2022,"public domain (USDA NASS Census of Agriculture), Census of Agriculture 2022"
37135,53068.0,0.2086,20783.0,0.0817,2022,"public domain (USDA NASS Census of Agriculture), Census of Agriculture 2022"
37137,54675.0,0.2539,39327.0,0.1826,2022,"public domain (USDA NASS Census of Agriculture), Census of Agriculture 2022"
37139,95870.0,0.6603,90549.0,0.6236,2022,"public domain (USDA NASS Census of Agriculture), Census of Agriculture 2022"
37141,78903.0,0.1415,44472.0,0.0798,2022,"public domain (USDA NASS Census of Agriculture), Census of Agriculture 2022"
37143,78264.0,0.4947,74579.0,0.4714,2022,"public domain (USDA NASS Census of Agriculture), Census of Agriculture 2022"
37145,88571.0,0.3527,53145.0,0.2117,2022,"public domain (USDA NASS Census of Agriculture), Census of Agriculture 2022"
37147,151433.0,0.3627,122879.0,0.2943,2022,"public domain (USDA NASS Census of Agriculture), Census of Agriculture 2022"
37149,24076.0,0.1583,6154.0,0.0405,2022,"public domain (USDA NASS Census of Agriculture), Census of Agriculture 2022"
37151,131301.0,0.2622,56732.0,0.1133,2022,"public domain (USDA NASS Census of Agriculture), Census of Agriculture 2022"
37153,57946.0,0.1911,22470.0,0.0741,2022,"public domain (USDA NASS Census of Agriculture), Census of Agriculture 2022"
37155,263080.0,0.4339,196425.0,0.324,2022,"public domain (USDA NASS Census of Agriculture), Census of Agriculture 2022"
37157,109295.0,0.3019,44255.0,0.1222,2022,"public domain (USDA NASS Census of Agriculture), Census of Agriculture 2022"
37159,104888.0,0.3203,61695.0,0.1884,2022,"public domain (USDA NASS Census of Agriculture), Census of Agriculture 2022"
37161,63632.0,0.1758,21145.0,0.0584,2022,"public domain (USDA NASS Census of Agriculture), Census of Agriculture 2022"
37163,292205.0,0.4827,200922.0,0.3319,2022,"public domain (USDA NASS Census of Agriculture), Census of Agriculture 2022"
37165,51025.0,0.2498,26487.0,0.1297,2022,"public domain (USDA NASS Census of Agriculture), Census of Agriculture 2022"
37167,109164.0,0.4317,64498.0,0.2551,2022,"public domain (USDA NASS Census of Agriculture), Census of Agriculture 2022"
37169,81361.0,0.2829,29773.0,0.1035,2022,"public domain (USDA NASS Census of Agriculture), Census of Agriculture 2022"
37171,105791.0,0.3103,51240.0,0.1503,2022,"public domain (USDA NASS Census of Agriculture), Census of Agriculture 2022"
37173,3930.0,0.0116,1158.0,0.0034,2022,"public domain (USDA NASS Census of Agriculture), Census of Agriculture 2022"
37175,11537.0,0.0476,3314.0,0.0137,2022,"public domain (USDA NASS Census of Agriculture), Census of Agriculture 2022"
37177,63761.0,0.2549,54655.0,0.2185,2022,"public domain (USDA NASS Census of Agriculture), Census of Agriculture 2022"
37179,212066.0,0.5237,153274.0,0.3785,2022,"public domain (USDA NASS Census of Agriculture), Census of Agriculture 2022"
37181,38231.0,0.2367,18523.0,0.1147,2022,"public domain (USDA NASS Census of Agriculture), Census of Agriculture 2022"
37183,62323.0,0.1167,32997.0,0.0618,2022,"public domain (USDA NASS Census of Agriculture), Census of Agriculture 2022"
37185,63669.0,0.2317,30846.0,0.1122,2022,"public domain (USDA NASS Census of Agriculture), Census of Agriculture 2022"
37187,76554.0,0.3452,71175.0,0.3209,2022,"public domain (USDA NASS Census of Agriculture), Census of Agriculture 2022"
37189,29402.0,0.147,9325.0,0.0466,2022,"public domain (USDA NASS Census of Agriculture), Census of Agriculture 2022"
37191,149752.0,0.4224,115097.0,0.3247,2022,"public domain (USDA NASS Census of Agriculture), Census of Agriculture 2022"
37193,114778.0,0.238,38425.0,0.0797,2022,"public domain (USDA NASS Census of Agriculture), Census of Agriculture 2022"
37195,126286.0,0.5368,108242.0,0.4601,2022,"public domain (USDA NASS Census of Agriculture), Census of Agriculture 2022"
37197,98329.0,0.4587,60812.0,0.2837,2022,"public domain (USDA NASS Census of Agriculture), Census of Agriculture 2022"
37199,21341.0,0.1067,6394.0,0.032,2022,"public domain (USDA NASS Census of Agriculture), Census of Agriculture 2022"
38001,593005.0,0.9383,383212.0,0.6063,2022,"public domain (USDA NASS Census of Agriculture), Census of Agriculture 2022"
38003,899654.0,0.9424,779028.0,0.8161,2022,"public domain (USDA NASS Census of Agriculture), Census of Agriculture 2022"
38005,640303.0,0.7205,503273.0,0.5663,2022,"public domain (USDA NASS Census of Agriculture), Census of Agriculture 2022"
38007,730876.0,0.9943,125360.0,0.1706,2022,"public domain (USDA NASS Census of Agriculture), Census of Agriculture 2022"
38009,962403.0,0.9011,842067.0,0.7884,2022,"public domain (USDA NASS Census of Agriculture), Census of Agriculture 2022"
38011,740954.0,0.9965,320727.0,0.4313,2022,"public domain (USDA NASS Census of Agriculture), Census of Agriculture 2022"
38013,617662.0,0.8745,429300.0,0.6078,2022,"public domain (USDA NASS Census of Agriculture), Census of Agriculture 2022"
38015,782183.0,0.7486,397812.0,0.3807,2022,"public domain (USDA NASS Census of Agriculture), Census of Agriculture 2022"
38017,941171.0,0.8332,909160.0,0.8049,2022,"public domain (USDA NASS Census of Agriculture), Census of Agriculture 2022"
38019,874459.0,0.9175,824660.0,0.8653,2022,"public domain (USDA NASS Census of Agriculture), Census of Agriculture 2022"
38021,610307.0,0.8428,485403.0,0.6703,2022,"public domain (USDA NASS Census of Agriculture), Census of Agriculture 2022"
38023,613694.0,0.7603,500342.0,0.6199,2022,"public domain (USDA NASS Census of Agriculture), Census of Agriculture 2022"
38025,1118382.0,0.87,413314.0,0.3215,2022,"public domain (USDA NASS Census of Agriculture), Census of Agriculture 2022"
38027,381638.0,0.9462,267671.0,0.6636,2022,"public domain (USDA NASS Census of Agriculture), Census of Agriculture 2022"
38029,961340.0,0.9958,549564.0,0.5693,2022,"public domain (USDA NASS Census of Agriculture), Census of Agriculture 2022"
38031,362426.0,0.8931,304066.0,0.7493,2022,"public domain (USDA NASS Census of Agriculture), Census of Agriculture 2022"
38033,638147.0,0.9962,184413.0,0.2879,2022,"public domain (USDA NASS Census of Agriculture), Census of Agriculture 2022"
38035,761755.0,0.8287,694049.0,0.7551,2022,"public domain (USDA NASS Census of Agriculture), Census of Agriculture 2022"
38037,1057984.0,0.9963,456876.0,0.4302,2022,"public domain (USDA NASS Census of Agriculture), Census of Agriculture 2022"
38039,386215.0,0.8515,301369.0,0.6645,2022,"public domain (USDA NASS Census of Agriculture), Census of Agriculture 2022"
38041,651019.0,0.8984,538215.0,0.7427,2022,"public domain (USDA NASS Census of Agriculture), Census of Agriculture 2022"
38043,764998.0,0.8847,485094.0,0.561,2022,"public domain (USDA NASS Census of Agriculture), Census of Agriculture 2022"
38045,697530.0,0.951,604057.0,0.8236,2022,"public domain (USDA NASS Census of Agriculture), Census of Agriculture 2022"
38047,482603.0,0.7597,275609.0,0.4338,2022,"public domain (USDA NASS Census of Agriculture), Census of Agriculture 2022"
38049,1126626.0,0.9394,604283.0,0.5039,2022,"public domain (USDA NASS Census of Agriculture), Census of Agriculture 2022"
38051,456957.0,0.7326,294277.0,0.4718,2022,"public domain (USDA NASS Census of Agriculture), Census of Agriculture 2022"
38053,1359174.0,0.7694,519205.0,0.2939,2022,"public domain (USDA NASS Census of Agriculture), Census of Agriculture 2022"
38055,1049482.0,0.7771,780592.0,0.578,2022,"public domain (USDA NASS Census of Agriculture), Census of Agriculture 2022"
38057,451663.0,0.6768,189015.0,0.2832,2022,"public domain (USDA NASS Census of Agriculture), Census of Agriculture 2022"
38059,1228831.0,0.997,563055.0,0.4568,2022,"public domain (USDA NASS Census of Agriculture), Census of Agriculture 2022"
38061,1165469.0,0.9977,660142.0,0.5651,2022,"public domain (USDA NASS Census of Agriculture), Census of Agriculture 2022"
38063,557763.0,0.8876,482785.0,0.7683,2022,"public domain (USDA NASS Census of Agriculture), Census of Agriculture 2022"
38065,419606.0,0.9076,163987.0,0.3547,2022,"public domain (USDA NASS Census of Agriculture), Census of Agriculture 2022"
38067,616835.0,0.8617,582403.0,0.8136,2022,"public domain (USDA NASS Census of Agriculture), Census of Agriculture 2022"
38069,471211.0,0.723,369177.0,0.5665,2022,"public domain (USDA NASS Census of Agriculture), Census of Agriculture 2022"
38071,618109.0,0.8148,576201.0,0.7595,2022,"public domain (USDA NASS Census of Agriculture), Census of Agriculture 2022"
38073,522982.0,0.9475,345179.0,0.6253,2022,"public domain (USDA NASS Census of Agriculture), Census of Agriculture 2022"
38075,507942.0,0.9047,480047.0,0.855,2022,"public domain (USDA NASS Census of Agriculture), Census of Agriculture 2022"
38077,795490.0,0.8658,741871.0,0.8074,2022,"public domain (USDA NASS Census of Agriculture), Census of Agriculture 2022"
38079,470525.0,0.8141,343691.0,0.5947,2022,"public domain (USDA NASS Census of Agriculture), Census of Agriculture 2022"
38081,469900.0,0.8553,403087.0,0.7336,2022,"public domain (USDA NASS Census of Agriculture), Census of Agriculture 2022"
38083,542192.0,0.8714,340624.0,0.5474,2022,"public domain (USDA NASS Census of Agriculture), Census of Agriculture 2022"
38085,697019.0,0.9955,158636.0,0.2266,2022,"public domain (USDA NASS Census of Agriculture), Census of Agriculture 2022"
38087,757635.0,0.9741,291962.0,0.3754,2022,"public domain (USDA NASS Census of Agriculture), Census of Agriculture 2022"
38089,723041.0,0.8463,484971.0,0.5677,2022,"public domain (USDA NASS Census of Agriculture), Census of Agriculture 2022"
38091,384113.0,0.8428,363602.0,0.7978,2022,"public domain (USDA NASS Census of Agriculture), Census of Agriculture 2022"
38093,1201132.0,0.8447,926595.0,0.6516,2022,"public domain (USDA NASS Census of Agriculture), Census of Agriculture 2022"
38095,554730.0,0.8455,504856.0,0.7695,2022,"public domain (USDA NASS Census of Agriculture), Census of Agriculture 2022"
38097,530509.0,0.9618,517054.0,0.9374,2022,"public domain (USDA NASS Census of Agriculture), Census of Agriculture 2022"
38099,734006.0,0.8949,679748.0,0.8287,2022,"public domain (USDA NASS Census of Agriculture), Census of Agriculture 2022"
38101,1014320.0,0.7873,870276.0,0.6755,2022,"public domain (USDA NASS Census of Agriculture), Census of Agriculture 2022"
38103,724757.0,0.8913,642353.0,0.79,2022,"public domain (USDA NASS Census of Agriculture), Census of Agriculture 2022"
38105,1114295.0,0.838,805697.0,0.6059,2022,"public domain (USDA NASS Census of Agriculture), Census of Agriculture 2022"
39001,170805.0,0.4571,83742.0,0.2241,2022,"public domain (USDA NASS Census of Agriculture), Census of Agriculture 2022"
39003,178921.0,0.6945,165982.0,0.6443,2022,"public domain (USDA NASS Census of Agriculture), Census of Agriculture 2022"
39005,148742.0,0.5494,113677.0,0.4199,2022,"public domain (USDA NASS Census of Agriculture), Census of Agriculture 2022"
39007,134274.0,0.2987,79528.0,0.1769,2022,"public domain (USDA NASS Census of Agriculture), Census of Agriculture 2022"
39009,106866.0,0.3315,28336.0,0.0879,2022,"public domain (USDA NASS Census of Agriculture), Census of Agriculture 2022"
39011,231815.0,0.9024,216477.0,0.8427,2022,"public domain (USDA NASS Census of Agriculture), Census of Agriculture 2022"
39013,139632.0,0.41,36012.0,0.1057,2022,"public domain (USDA NASS Census of Agriculture), Census of Agriculture 2022"
39015,177509.0,0.5666,122497.0,0.391,2022,"public domain (USDA NASS Census of Agriculture), Census of Agriculture 2022"
39017,93238.0,0.3123,65726.0,0.2201,2022,"public domain (USDA NASS Census of Agriculture), Census of Agriculture 2022"
39019,111677.0,0.4422,61817.0,0.2448,2022,"public domain (USDA NASS Census of Agriculture), Census of Agriculture 2022"
39021,217289.0,0.7915,193824.0,0.706,2022,"public domain (USDA NASS Census of Agriculture), Census of Agriculture 2022"
39023,170922.0,0.6746,144995.0,0.5723,2022,"public domain (USDA NASS Census of Agriculture), Census of Agriculture 2022"
39025,85840.0,0.2964,59900.0,0.2068,2022,"public domain (USDA NASS Census of Agriculture), Census of Agriculture 2022"
39027,241315.0,0.9225,219318.0,0.8384,2022,"public domain (USDA NASS Census of Agriculture), Census of Agriculture 2022"
39029,153993.0,0.4524,100480.0,0.2952,2022,"public domain (USDA NASS Census of Agriculture), Census of Agriculture 2022"
39031,178050.0,0.4933,86800.0,0.2405,2022,"public domain (USDA NASS Census of Agriculture), Census of Agriculture 2022"
39033,203784.0,0.7925,187202.0,0.728,2022,"public domain (USDA NASS Census of Agriculture), Census of Agriculture 2022"
39035,1564.0,0.0053,627.0,0.0021,2022,"public domain (USDA NASS Census of Agriculture), Census of Agriculture 2022"
39037,366642.0,0.9578,337189.0,0.8809,2022,"public domain (USDA NASS Census of Agriculture), Census of Agriculture 2022"
39039,206426.0,0.7839,185250.0,0.7035,2022,"public domain (USDA NASS Census of Agriculture), Census of Agriculture 2022"
39041,130937.0,0.4617,116702.0,0.4115,2022,"public domain (USDA NASS Census of Agriculture), Census of Agriculture 2022"
39043,77157.0,0.4798,68411.0,0.4254,2022,"public domain (USDA NASS Census of Agriculture), Census of Agriculture 2022"
39045,193611.0,0.5998,162719.0,0.5041,2022,"public domain (USDA NASS Census of Agriculture), Census of Agriculture 2022"
39047,202425.0,0.7783,187328.0,0.7203,2022,"public domain (USDA NASS Census of Agriculture), Census of Agriculture 2022"
39049,48728.0,0.143,41888.0,0.1229,2022,"public domain (USDA NASS Census of Agriculture), Census of Agriculture 2022"
39051,211588.0,0.8154,196614.0,0.7577,2022,"public domain (USDA NASS Census of Agriculture), Census of Agriculture 2022"
39053,101469.0,0.3398,31076.0,0.1041,2022,"public domain (USDA NASS Census of Agriculture), Census of Agriculture 2022"
39055,66881.0,0.261,28770.0,0.1123,2022,"public domain (USDA NASS Census of Agriculture), Census of Agriculture 2022"
39057,156287.0,0.5904,131972.0,0.4985,2022,"public domain (USDA NASS Census of Agriculture), Census of Agriculture 2022"
39059,147625.0,0.4417,53476.0,0.16,2022,"public domain (USDA NASS Census of Agriculture), Census of Agriculture 2022"
39061,18884.0,0.0728,8986.0,0.0346,2022,"public domain (USDA NASS Census of Agriculture), Census of Agriculture 2022"
39063,249468.0,0.7336,234870.0,0.6907,2022,"public domain (USDA NASS Census of Agriculture), Census of Agriculture 2022"
39065,243914.0,0.8104,229202.0,0.7615,2022,"public domain (USDA NASS Census of Agriculture), Census of Agriculture 2022"
39067,103742.0,0.4029,36026.0,0.1399,2022,"public domain (USDA NASS Census of Agriculture), Census of Agriculture 2022"
39069,243932.0,0.9162,233278.0,0.8762,2022,"public domain (USDA NASS Census of Agriculture), Census of Agriculture 2022"
39071,227859.0,0.6437,179798.0,0.5079,2022,"public domain (USDA NASS Census of Agriculture), Census of Agriculture 2022"
39073,40976.0,0.152,13333.0,0.0494,2022,"public domain (USDA NASS Census of Agriculture), Census of Agriculture 2022"
39075,184549.0,0.6823,85031.0,0.3144,2022,"public domain (USDA NASS Census of Agriculture), Census of Agriculture 2022"
39077,224977.0,0.7141,198615.0,0.6305,2022,"public domain (USDA NASS Census of Agriculture), Census of Agriculture 2022"
39079,66565.0,0.2475,23657.0,0.0879,2022,"public domain (USDA NASS Census of Agriculture), Census of Agriculture 2022"
39081,72749.0,0.2785,29372.0,0.1125,2022,"public domain (USDA NASS Census of Agriculture), Census of Agriculture 2022"
39083,184283.0,0.5479,129291.0,0.3844,2022,"public domain (USDA NASS Census of Agriculture), Census of Agriculture 2022"
39085,13886.0,0.0946,8020.0,0.0546,2022,"public domain (USDA NASS Census of Agriculture), Census of Agriculture 2022"
39087,51104.0,0.1761,12466.0,0.043,2022,"public domain (USDA NASS Census of Agriculture), Census of Agriculture 2022"
39089,207389.0,0.4748,144219.0,0.3302,2022,"public domain (USDA NASS Census of Agriculture), Census of Agriculture 2022"
39091,204656.0,0.6974,179983.0,0.6133,2022,"public domain (USDA NASS Census of Agriculture), Census of Agriculture 2022"
39093,108838.0,0.3467,89962.0,0.2866,2022,"public domain (USDA NASS Census of Agriculture), Census of Agriculture 2022"
39095,76149.0,0.3503,71779.0,0.3302,2022,"public domain (USDA NASS Census of Agriculture), Census of Agriculture 2022"
39097,236886.0,0.7931,218754.0,0.7324,2022,"public domain (USDA NASS Census of Agriculture), Census of Agriculture 2022"
39099,71023.0,0.2697,52066.0,0.1977,2022,"public domain (USDA NASS Census of Agriculture), Census of Agriculture 2022"
39101,213065.0,0.8244,195170.0,0.7552,2022,"public domain (USDA NASS Census of Agriculture), Census of Agriculture 2022"
39103,100579.0,0.3729,77294.0,0.2866,2022,"public domain (USDA NASS Census of Agriculture), Census of Agriculture 2022"
39105,63118.0,0.2293,20547.0,0.0746,2022,"public domain (USDA NASS Census of Agriculture), Census of Agriculture 2022"
39107,270984.0,0.9156,251791.0,0.8507,2022,"public domain (USDA NASS Census of Agriculture), Census of Agriculture 2022"
39109,166746.0,0.6408,149207.0,0.5734,2022,"public domain (USDA NASS Census of Agriculture), Census of Agriculture 2022"
39111,99313.0,0.3405,30110.0,0.1032,2022,"public domain (USDA NASS Census of Agriculture), Census of Agriculture 2022"
39113,118582.0,0.4016,106327.0,0.3601,2022,"public domain (USDA NASS Census of Agriculture), Census of Agriculture 2022"
39115,93381.0,0.3504,34860.0,0.1308,2022,"public domain (USDA NASS Census of Agriculture), Census of Agriculture 2022"
39117,145232.0,0.5587,122431.0,0.471,2022,"public domain (USDA NASS Census of Agriculture), Census of Agriculture 2022"
39119,200805.0,0.4721,94707.0,0.2227,2022,"public domain (USDA NASS Census of Agriculture), Census of Agriculture 2022"
39121,98064.0,0.385,31557.0,0.1239,2022,"public domain (USDA NASS Census of Agriculture), Census of Agriculture 2022"
39123,119544.0,0.7334,108716.0,0.6669,2022,"public domain (USDA NASS Census of Agriculture), Census of Agriculture 2022"
39125,206880.0,0.7762,195259.0,0.7326,2022,"public domain (USDA NASS Census of Agriculture), Census of Agriculture 2022"
39127,76325.0,0.2923,43486.0,0.1666,2022,"public domain (USDA NASS Census of Agriculture), Census of Agriculture 2022"
39129,283165.0,0.8828,254709.0,0.7941,2022,"public domain (USDA NASS Census of Agriculture), Census of Agriculture 2022"
39131,87549.0,0.3107,43735.0,0.1552,2022,"public domain (USDA NASS Census of Agriculture), Census of Agriculture 2022"
39133,85762.0,0.2749,54704.0,0.1754,2022,"public domain (USDA NASS Census of Agriculture), Census of Agriculture 2022"
39135,213053.0,0.7847,189644.0,0.6985,2022,"public domain (USDA NASS Census of Agriculture), Census of Agriculture 2022"
39137,306504.0,0.9925,291513.0,0.9439,2022,"public domain (USDA NASS Census of Agriculture), Census of Agriculture 2022"
39139,159053.0,0.5018,121564.0,0.3835,2022,"public domain (USDA NASS Census of Agriculture), Census of Agriculture 2022"
39141,270703.0,0.6137,187663.0,0.4255,2022,"public domain (USDA NASS Census of Agriculture), Census of Agriculture 2022"
39143,156656.0,0.5996,142781.0,0.5465,2022,"public domain (USDA NASS Census of Agriculture), Census of Agriculture 2022"
39145,81126.0,0.2078,39224.0,0.1004,2022,"public domain (USDA NASS Census of Agriculture), Census of Agriculture 2022"
39147,233145.0,0.6611,209141.0,0.593,2022,"public domain (USDA NASS Census of Agriculture), Census of Agriculture 2022"
39149,210745.0,0.8077,192087.0,0.7362,2022,"public domain (USDA NASS Census of Agriculture), Census of Agriculture 2022"
39151,125207.0,0.3401,90041.0,0.2446,2022,"public domain (USDA NASS Census of Agriculture), Census of Agriculture 2022"
39153,15108.0,0.0572,6840.0,0.0259,2022,"public domain (USDA NASS Census of Agriculture), Census of Agriculture 2022"
39155,113107.0,0.2862,76377.0,0.1932,2022,"public domain (USDA NASS Census of Agriculture), Census of Agriculture 2022"
39157,166404.0,0.4581,80614.0,0.2219,2022,"public domain (USDA NASS Census of Agriculture), Census of Agriculture 2022"
39159,216646.0,0.7841,193301.0,0.6996,2022,"public domain (USDA NASS Census of Agriculture), Census of Agriculture 2022"
39161,226530.0,0.8651,217591.0,0.831,2022,"public domain (USDA NASS Census of Agriculture), Census of Agriculture 2022"
39163,34112.0,0.1293,9685.0,0.0367,2022,"public domain (USDA NASS Census of Agriculture), Census of Agriculture 2022"
39165,101621.0,0.3956,71825.0,0.2796,2022,"public domain (USDA NASS Census of Agriculture), Census of Agriculture 2022"
39167,147070.0,0.3636,59402.0,0.1469,2022,"public domain (USDA NASS Census of Agriculture), Census of Agriculture 2022"
39169,259339.0,0.7304,199017.0,0.5605,2022,"public domain (USDA NASS Census of Agriculture), Census of Agriculture 2022"
39171,235001.0,0.8729,214188.0,0.7956,2022,"public domain (USDA NASS Census of Agriculture), Census of Agriculture 2022"
39173,250260.0,0.6336,234540.0,0.5938,2022,"public domain (USDA NASS Census of Agriculture), Census of Agriculture 2022"
39175,214021.0,0.8219,193065.0,0.7414,2022,"public domain (USDA NASS Census of Agriculture), Census of Agriculture 2022"
40001,201921.0,0.5498,37396.0,0.1018,2022,"public domain (USDA NASS Census of Agriculture), Census of Agriculture 2022"
40003,491270.0,0.8858,309087.0,0.5573,2022,"public domain (USDA NASS Census of Agriculture), Census of Agriculture 2022"
40005,465898.0,0.7463,69810.0,0.1118,2022,"public domain (USDA NASS Census of Agriculture), Census of Agriculture 2022"
40007,1153602.0,0.9932,320293.0,0.2758,2022,"public domain (USDA NASS Census of Agriculture), Census of Agriculture 2022"
40009,496977.0,0.8612,144893.0,0.2511,2022,"public domain (USDA NASS Census of Agriculture), Census of Agriculture 2022"
40011,558228.0,0.9394,306237.0,0.5154,2022,"public domain (USDA NASS Census of Agriculture), Census of Agriculture 2022"
40013,468567.0,0.8096,142307.0,0.2459,2022,"public domain (USDA NASS Census of Agriculture), Census of Agriculture 2022"
40015,660773.0,0.808,246503.0,0.3014,2022,"public domain (USDA NASS Census of Agriculture), Census of Agriculture 2022"
40017,415056.0,0.7233,209738.0,0.3655,2022,"public domain (USDA NASS Census of Agriculture), Census of Agriculture 2022"
40019,384917.0,0.7314,64339.0,0.1223,2022,"public domain (USDA NASS Census of Agriculture), Census of Agriculture 2022"
40021,203119.0,0.4237,43535.0,0.0908,2022,"public domain (USDA NASS Census of Agriculture), Census of Agriculture 2022"
40023,280649.0,0.5692,65993.0,0.1338,2022,"public domain (USDA NASS Census of Agriculture), Census of Agriculture 2022"
40025,1155696.0,0.9842,420400.0,0.358,2022,"public domain (USDA NASS Census of Agriculture), Census of Agriculture 2022"
40027,108955.0,0.3159,35953.0,0.1042,2022,"public domain (USDA NASS Census of Agriculture), Census of Agriculture 2022"
40029,283278.0,0.8565,46856.0,0.1417,2022,"public domain (USDA NASS Census of Agriculture), Census of Agriculture 2022"
40031,417168.0,0.6096,117649.0,0.1719,2022,"public domain (USDA NASS Census of Agriculture), Census of Agriculture 2022"
40033,322468.0,0.7964,152605.0,0.3769,2022,"public domain (USDA NASS Census of Agriculture), Census of Agriculture 2022"
40035,472834.0,0.9705,115339.0,0.2367,2022,"public domain (USDA NASS Census of Agriculture), Census of Agriculture 2022"
40037,308498.0,0.5075,65396.0,0.1076,2022,"public domain (USDA NASS Census of Agriculture), Census of Agriculture 2022"
40039,630316.0,0.996,256376.0,0.4051,2022,"public domain (USDA NASS Census of Agriculture), Census of Agriculture 2022"
40041,287789.0,0.6095,71461.0,0.1513,2022,"public domain (USDA NASS Census of Agriculture), Census of Agriculture 2022"
40043,639201.0,0.9991,177391.0,0.2773,2022,"public domain (USDA NASS Census of Agriculture), Census of Agriculture 2022"
40045,784859.0,0.9958,129191.0,0.1639,2022,"public domain (USDA NASS Census of Agriculture), Census of Agriculture 2022"
40047,646514.0,0.9543,411411.0,0.6073,2022,"public domain (USDA NASS Census of Agriculture), Census of Agriculture 2022"
40049,428025.0,0.8338,92677.0,0.1805,2022,"public domain (USDA NASS Census of Agriculture), Census of Agriculture 2022"
40051,693892.0,0.9852,241656.0,0.3431,2022,"public domain (USDA NASS Census of Agriculture), Census of Agriculture 2022"
40053,638123.0,0.9963,424091.0,0.6622,2022,"public domain (USDA NASS Census of Agriculture), Census of Agriculture 2022"
40055,289158.0,0.7067,114682.0,0.2803,2022,"public domain (USDA NASS Census of Agriculture), Census of Agriculture 2022"
40057,301242.0,0.8761,137070.0,0.3986,2022,"public domain (USDA NASS Census of Agriculture), Census of Agriculture 2022"
40059,643951.0,0.9688,180069.0,0.2709,2022,"public domain (USDA NASS Census of Agriculture), Census of Agriculture 2022"
40061,238837.0,0.6471,53293.0,0.1444,2022,"public domain (USDA NASS Census of Agriculture), Census of Agriculture 2022"
40063,351521.0,0.6827,80902.0,0.1571,2022,"public domain (USDA NASS Census of Agriculture), Census of Agriculture 2022"
40065,478234.0,0.931,337532.0,0.6571,2022,"public domain (USDA NASS Census of Agriculture), Census of Agriculture 2022"
40067,484918.0,0.9983,119419.0,0.2459,2022,"public domain (USDA NASS Census of Agriculture), Census of Agriculture 2022"
40069,243661.0,0.5921,50409.0,0.1225,2022,"public domain (USDA NASS Census of Agriculture), Census of Agriculture 2022"
40071,520978.0,0.8852,348727.0,0.5925,2022,"public domain (USDA NASS Census of Agriculture), Census of Agriculture 2022"
40073,422567.0,0.7352,255120.0,0.4439,2022,"public domain (USDA NASS Census of Agriculture), Census of Agriculture 2022"
40075,558608.0,0.8599,275481.0,0.424,2022,"public domain (USDA NASS Census of Agriculture), Census of Agriculture 2022"
40077,178901.0,0.3871,28281.0,0.0612,2022,"public domain (USDA NASS Census of Agriculture), Census of Agriculture 2022"
40079,368815.0,0.3626,102841.0,0.1011,2022,"public domain (USDA NASS Census of Agriculture), Census of Agriculture 2022"
40081,403113.0,0.6614,94973.0,0.1558,2022,"public domain (USDA NASS Census of Agriculture), Census of Agriculture 2022"
40083,294887.0,0.6195,103037.0,0.2165,2022,"public domain (USDA NASS Census of Agriculture), Census of Agriculture 2022"
40085,172073.0,0.5232,34960.0,0.1063,2022,"public domain (USDA NASS Census of Agriculture), Census of Agriculture 2022"
40087,236168.0,0.6466,79950.0,0.2189,2022,"public domain (USDA NASS Census of Agriculture), Census of Agriculture 2022"
40089,331493.0,0.2799,75379.0,0.0636,2022,"public domain (USDA NASS Census of Agriculture), Census of Agriculture 2022"
40091,198440.0,0.5015,48543.0,0.1227,2022,"public domain (USDA NASS Census of Agriculture), Census of Agriculture 2022"
40093,502186.0,0.8216,212821.0,0.3482,2022,"public domain (USDA NASS Census of Agriculture), Census of Agriculture 2022"
40095,181214.0,0.7622,26527.0,0.1116,2022,"public domain (USDA NASS Census of Agriculture), Census of Agriculture 2022"
40097,275145.0,0.656,86253.0,0.2057,2022,"public domain (USDA NASS Census of Agriculture), Census of Agriculture 2022"
40099,265751.0,0.9973,31851.0,0.1195,2022,"public domain (USDA NASS Census of Agriculture), Census of Agriculture 2022"
40101,344166.0,0.6634,136890.0,0.2639,2022,"public domain (USDA NASS Census of Agriculture), Census of Agriculture 2022"
40103,401473.0,0.8573,176271.0,0.3764,2022,"public domain (USDA NASS Census of Agriculture), Census of Agriculture 2022"
40105,292351.0,0.8073,52657.0,0.1454,2022,"public domain (USDA NASS Census of Agriculture), Census of Agriculture 2022"
40107,232809.0,0.5882,41189.0,0.1041,2022,"public domain (USDA NASS Census of Agriculture), Census of Agriculture 2022"
40109,102861.0,0.2267,32645.0,0.072,2022,"public domain (USDA NASS Census of Agriculture), Census of Agriculture 2022"
40111,325481.0,0.7292,82257.0,0.1843,2022,"public domain (USDA NASS Census of Agriculture), Census of Agriculture 2022"
40113,1318462.0,0.917,119628.0,0.0832,2022,"public domain (USDA NASS Census of Agriculture), Census of Agriculture 2022"
40115,204531.0,0.6788,81160.0,0.2693,2022,"public domain (USDA NASS Census of Agriculture), Census of Agriculture 2022"
40117,272430.0,0.749,43600.0,0.1199,2022,"public domain (USDA NASS Census of Agriculture), Census of Agriculture 2022"
40119,256381.0,0.5849,64697.0,0.1476,2022,"public domain (USDA NASS Census of Agriculture), Census of Agriculture 2022"
40121,475795.0,0.5695,80183.0,0.096,2022,"public domain (USDA NASS Census of Agriculture), Census of Agriculture 2022"
40123,349662.0,0.7584,78382.0,0.17,2022,"public domain (USDA NASS Census of Agriculture), Census of Agriculture 2022"
40125,292441.0,0.58,77544.0,0.1538,2022,"public domain (USDA NASS Census of Agriculture), Census of Agriculture 2022"
40127,238702.0,0.2673,36594.0,0.041,2022,"public domain (USDA NASS Census of Agriculture), Census of Agriculture 2022"
40129,729732.0,0.9992,111568.0,0.1528,2022,"public domain (USDA NASS Census of Agriculture), Census of Agriculture 2022"
40131,269973.0,0.6242,59455.0,0.1375,2022,"public domain (USDA NASS Census of Agriculture), Census of Agriculture 2022"
40133,225432.0,0.5566,50892.0,0.1257,2022,"public domain (USDA NASS Census of Agriculture), Census of Agriculture 2022"
40135,217226.0,0.5039,62728.0,0.1455,2022,"public domain (USDA NASS Census of Agriculture), Census of Agriculture 2022"
40137,436745.0,0.7842,84814.0,0.1523,2022,"public domain (USDA NASS Census of Agriculture), Census of Agriculture 2022"
40139,1264084.0,0.9676,678557.0,0.5194,2022,"public domain (USDA NASS Census of Agriculture), Census of Agriculture 2022"
40141,436848.0,0.7835,280380.0,0.5029,2022,"public domain (USDA NASS Census of Agriculture), Census of Agriculture 2022"
40143,96788.0,0.2652,34567.0,0.0947,2022,"public domain (USDA NASS Census of Agriculture), Census of Agriculture 2022"
40145,200025.0,0.5562,94906.0,0.2639,2022,"public domain (USDA NASS Census of Agriculture), Census of Agriculture 2022"
40147,188139.0,0.7075,58825.0,0.2212,2022,"public domain (USDA NASS Census of Agriculture), Census of Agriculture 2022"
40149,568980.0,0.8863,280244.0,0.4365,2022,"public domain (USDA NASS Census of Agriculture), Census of Agriculture 2022"
40151,820627.0,0.9967,244809.0,0.2973,2022,"public domain (USDA NASS Census of Agriculture), Census of Agriculture 2022"
40153,794965.0,0.9995,150118.0,0.1887,2022,"public domain (USDA NASS Census of Agriculture), Census of Agriculture 2022"
41001,915529.0,0.4663,151817.0,0.0773,2022,"public domain (USDA NASS Census of Agriculture), Census of Agriculture 2022"
41003,97598.0,0.2259,65805.0,0.1523,2022,"public domain (USDA NASS Census of Agriculture), Census of Agriculture 2022"
41005,157937.0,0.1319,81794.0,0.0683,2022,"public domain (USDA NASS Census of Agriculture), Census of Agriculture 2022"
41007,18471.0,0.0348,6257.0,0.0118,2022,"public domain (USDA NASS Census of Agriculture), Census of Agriculture 2022"
41009,49276.0,0.1169,12706.0,0.0301,2022,"public domain (USDA NASS Census of Agriculture), Census of Agriculture 2022"
41011,133255.0,0.1305,15224.0,0.0149,2022,"public domain (USDA NASS Census of Agriculture), Census of Agriculture 2022"
41013,832845.0,0.4368,58629.0,0.0308,2022,"public domain (USDA NASS Census of Agriculture), Census of Agriculture 2022"
41015,44734.0,0.0429,3117.0,0.003,2022,"public domain (USDA NASS Census of Agriculture), Census of Agriculture 2022"
41017,153000.0,0.0792,32209.0,0.0167,2022,"public domain (USDA NASS Census of Agriculture), Census of Agriculture 2022"
41019,329559.0,0.1023,49387.0,0.0153,2022,"public domain (USDA NASS Census of Agriculture), Census of Agriculture 2022"
41021,590917.0,0.7664,226486.0,0.2937,2022,"public domain (USDA NASS Census of Agriculture), Census of Agriculture 2022"
41023,635381.0,0.2193,62210.0,0.0215,2022,"public domain (USDA NASS Census of Agriculture), Census of Agriculture 2022"
41025,1479684.0,0.2281,183917.0,0.0284,2022,"public domain (USDA NASS Census of Agriculture), Census of Agriculture 2022"
41027,26623.0,0.0797,18219.0,0.0545,2022,"public domain (USDA NASS Census of Agriculture), Census of Agriculture 2022"
41029,202864.0,0.1139,44474.0,0.025,2022,"public domain (USDA NASS Census of Agriculture), Census of Agriculture 2022"
41031,542344.0,0.4756,66351.0,0.0582,2022,"public domain (USDA NASS Census of Agriculture), Census of Agriculture 2022"
41033,30563.0,0.0291,10636.0,0.0101,2022,"public domain (USDA NASS Census of Agriculture), Census of Agriculture 2022"
41035,523480.0,0.1375,125212.0,0.0329,2022,"public domain (USDA NASS Census of Agriculture), Census of Agriculture 2022"
41037,765761.0,0.147,153269.0,0.0294,2022,"public domain (USDA NASS Census of Agriculture), Census of Agriculture 2022"
41039,180201.0,0.0618,84258.0,0.0289,2022,"public domain (USDA NASS Census of Agriculture), Census of Agriculture 2022"
41041,26946.0,0.0429,3498.0,0.0056,2022,"public domain (USDA NASS Census of Agriculture), Census of Agriculture 2022"
41043,336063.0,0.2293,250309.0,0.1708,2022,"public domain (USDA NASS Census of Agriculture), Census of Agriculture 2022"
41045,1130142.0,0.1786,189847.0,0.03,2022,"public domain (USDA NASS Census of Agriculture), Census of Agriculture 2022"
41047,275483.0,0.3645,222351.0,0.2942,2022,"public domain (USDA NASS Census of Agriculture), Census of Agriculture 2022"
41049,1052805.0,0.8101,499002.0,0.384,2022,"public domain (USDA NASS Census of Agriculture), Census of Agriculture 2022"
41051,27983.0,0.1014,18543.0,0.0672,2022,"public domain (USDA NASS Census of Agriculture), Census of Agriculture 2022"
41053,154851.0,0.3266,117938.0,0.2487,2022,"public domain (USDA NASS Census of Agriculture), Census of Agriculture 2022"
41055,402516.0,0.7636,257887.0,0.4892,2022,"public domain (USDA NASS Census of Agriculture), Census of Agriculture 2022"
41057,33348.0,0.0472,14636.0,0.0207,2022,"public domain (USDA NASS Census of Agriculture), Census of Agriculture 2022"
41059,1491922.0,0.725,708548.0,0.3443,2022,"public domain (USDA NASS Census of Agriculture), Census of Agriculture 2022"
41061,342913.0,0.263,96005.0,0.0736,2022,"public domain (USDA NASS Census of Agriculture), Census of Agriculture 2022"
41063,504713.0,0.2507,79918.0,0.0397,2022,"public domain (USDA NASS Census of Agriculture), Census of Agriculture 2022"
41065,978577.0,0.6421,217603.0,0.1428,2022,"public domain (USDA NASS Census of Agriculture), Census of Agriculture 2022"
41067,126003.0,0.2718,97171.0,0.2096,2022,"public domain (USDA NASS Census of Agriculture), Census of Agriculture 2022"
41069,537145.0,0.4891,19751.0,0.018,2022,"public domain (USDA NASS Census of Agriculture), Census of Agriculture 2022"
41071,164347.0,0.3587,113943.0,0.2487,2022,"public domain (USDA NASS Census of Agriculture), Census of Agriculture 2022"
42001,183184.0,0.5518,133914.0,0.4034,2022,"public domain (USDA NASS Census of Agriculture), Census of Agriculture 2022"
42003,27412.0,0.0587,12468.0,0.0267,2022,"public domain (USDA NASS Census of Agriculture), Census of Agriculture 2022"
42005,131934.0,0.3155,78665.0,0.1881,2022,"public domain (USDA NASS Census of Agriculture), Census of Agriculture 2022"
42007,49276.0,0.1771,25156.0,0.0904,2022,"public domain (USDA NASS Census of Agriculture), Census of Agriculture 2022"
42009,214933.0,0.3319,112843.0,0.1742,2022,"public domain (USDA NASS Census of Agriculture), Census of Agriculture 2022"
42011,208478.0,0.3804,163086.0,0.2975,2022,"public domain (USDA NASS Census of Agriculture), Census of Agriculture 2022"
42013,95605.0,0.2845,67347.0,0.2004,2022,"public domain (USDA NASS Census of Agriculture), Census of Agriculture 2022"
42015,281106.0,0.3828,167675.0,0.2283,2022,"public domain (USDA NASS Census of Agriculture), Census of Agriculture 2022"
42017,69018.0,0.1784,52638.0,0.1361,2022,"public domain (USDA NASS Census of Agriculture), Census of Agriculture 2022"
42019,132809.0,0.2628,84486.0,0.1672,2022,"public domain (USDA NASS Census of Agriculture), Census of Agriculture 2022"
42021,78843.0,0.1791,53328.0,0.1211,2022,"public domain (USDA NASS Census of Agriculture), Census of Agriculture 2022"
42023,5578.0,0.022,1109.0,0.0044,2022,"public domain (USDA NASS Census of Agriculture), Census of Agriculture 2022"
42025,22910.0,0.0939,14596.0,0.0598,2022,"public domain (USDA NASS Census of Agriculture), Census of Agriculture 2022"
42027,122251.0,0.1725,71455.0,0.1008,2022,"public domain (USDA NASS Census of Agriculture), Census of Agriculture 2022"
42029,143442.0,0.2986,94847.0,0.1975,2022,"public domain (USDA NASS Census of Agriculture), Census of Agriculture 2022"
42031,104524.0,0.2718,61188.0,0.1591,2022,"public domain (USDA NASS Census of Agriculture), Census of Agriculture 2022"
42033,65581.0,0.0895,31175.0,0.0425,2022,"public domain (USDA NASS Census of Agriculture), Census of Agriculture 2022"
42035,37101.0,0.0652,24234.0,0.0426,2022,"public domain (USDA NASS Census of Agriculture), Census of Agriculture 2022"
42037,92500.0,0.2991,66982.0,0.2166,2022,"public domain (USDA NASS Census of Agriculture), Census of Agriculture 2022"
42039,204717.0,0.316,129791.0,0.2003,2022,"public domain (USDA NASS Census of Agriculture), Census of Agriculture 2022"
42041,146389.0,0.4193,121236.0,0.3473,2022,"public domain (USDA NASS Census of Agriculture), Census of Agriculture 2022"
42043,87399.0,0.2602,66180.0,0.197,2022,"public domain (USDA NASS Census of Agriculture), Census of Agriculture 2022"
42045,858.0,0.0073,468.0,0.004,2022,"public domain (USDA NASS Census of Agriculture), Census of Agriculture 2022"
42047,17693.0,0.0334,8125.0,0.0154,2022,"public domain (USDA NASS Census of Agriculture), Census of Agriculture 2022"
42049,136116.0,0.2662,85416.0,0.1671,2022,"public domain (USDA NASS Census of Agriculture), Census of Agriculture 2022"
42051,108727.0,0.2148,56545.0,0.1117,2022,"public domain (USDA NASS Census of Agriculture), Census of Agriculture 2022"
42053,5781.0,0.0211,1883.0,0.0069,2022,"public domain (USDA NASS Census of Agriculture), Census of Agriculture 2022"
42055,263611.0,0.5333,209386.0,0.4236,2022,"public domain (USDA NASS Census of Agriculture), Census of Agriculture 2022"
42057,93715.0,0.3347,50442.0,0.1801,2022,"public domain (USDA NASS Census of Agriculture), Census of Agriculture 2022"
42059,104424.0,0.2833,33715.0,0.0915,2022,"public domain (USDA NASS Census of Agriculture), Census of Agriculture 2022"
42061,128105.0,0.2289,72602.0,0.1297,2022,"public domain (USDA NASS Census of Agriculture), Census of Agriculture 2022"
42063,153032.0,0.289,96354.0,0.182,2022,"public domain (USDA NASS Census of Agriculture), Census of Agriculture 2022"
42065,78845.0,0.1888,49773.0,0.1192,2022,"public domain (USDA NASS Census of Agriculture), Census of Agriculture 2022"
42067,85960.0,0.3432,56512.0,0.2256,2022,"public domain (USDA NASS Census of Agriculture), Census of Agriculture 2022"
42069,38564.0,0.1313,24313.0,0.0828,2022,"public domain (USDA NASS Census of Agriculture), Census of Agriculture 2022"
42071,378574.0,0.6267,295545.0,0.4892,2022,"public domain (USDA NASS Census of Agriculture), Census of Agriculture 2022"
42073,96812.0,0.4233,64501.0,0.282,2022,"public domain (USDA NASS Census of Agriculture), Census of Agriculture 2022"
42075,110248.0,0.4761,87752.0,0.3789,2022,"public domain (USDA NASS Census of Agriculture), Census of Agriculture 2022"
42077,64550.0,0.2921,54982.0,0.2488,2022,"public domain (USDA NASS Census of Agriculture), Census of Agriculture 2022"
42079,55162.0,0.0969,30780.0,0.054,2022,"public domain (USDA NASS Census of Agriculture), Census of Agriculture 2022"
42081,181550.0,0.2308,72517.0,0.0922,2022,"public domain (USDA NASS Census of Agriculture), Census of Agriculture 2022"
42083,46832.0,0.0747,17703.0,0.0282,2022,"public domain (USDA NASS Census of Agriculture), Census of Agriculture 2022"
42085,146865.0,0.3412,96160.0,0.2234,2022,"public domain (USDA NASS Census of Agriculture), Census of Agriculture 2022"
42087,64994.0,0.2471,41406.0,0.1574,2022,"public domain (USDA NASS Census of Agriculture), Census of Agriculture 2022"
42089,23193.0,0.0596,10832.0,0.0278,2022,"public domain (USDA NASS Census of Agriculture), Census of Agriculture 2022"
42091,31595.0,0.1022,20378.0,0.0659,2022,"public domain (USDA NASS Census of Agriculture), Census of Agriculture 2022"
42093,30229.0,0.3624,22894.0,0.2745,2022,"public domain (USDA NASS Census of Agriculture), Census of Agriculture 2022"
42095,56138.0,0.2372,47258.0,0.1997,2022,"public domain (USDA NASS Census of Agriculture), Census of Agriculture 2022"
42097,122483.0,0.4182,93133.0,0.318,2022,"public domain (USDA NASS Census of Agriculture), Census of Agriculture 2022"
42099,116001.0,0.3287,79568.0,0.2255,2022,"public domain (USDA NASS Census of Agriculture), Census of Agriculture 2022"
42101,326.0,0.0038,167.0,0.0019,2022,"public domain (USDA NASS Census of Agriculture), Census of Agriculture 2022"
42103,31311.0,0.0898,1095.0,0.0031,2022,"public domain (USDA NASS Census of Agriculture), Census of Agriculture 2022"
42105,103315.0,0.1493,42715.0,0.0617,2022,"public domain (USDA NASS Census of Agriculture), Census of Agriculture 2022"
42107,103511.0,0.2077,77496.0,0.1555,2022,"public domain (USDA NASS Census of Agriculture), Census of Agriculture 2022"
42109,85547.0,0.4066,58493.0,0.278,2022,"public domain (USDA NASS Census of Agriculture), Census of Agriculture 2022"
42111,197565.0,0.2871,119962.0,0.1744,2022,"public domain (USDA NASS Census of Agriculture), Census of Agriculture 2022"
42113,33180.0,0.1152,12826.0,0.0445,2022,"public domain (USDA NASS Census of Agriculture), Census of Agriculture 2022"
42115,157824.0,0.2995,76451.0,0.1451,2022,"public domain (USDA NASS Census of Agriculture), Census of Agriculture 2022"
42117,204782.0,0.2822,114304.0,0.1575,2022,"public domain (USDA NASS Census of Agriculture), Census of Agriculture 2022"
42119,61919.0,0.3062,48587.0,0.2403,2022,"public domain (USDA NASS Census of Agriculture), Census of Agriculture 2022"
42121,45637.0,0.1058,22684.0,0.0526,2022,"public domain (USDA NASS Census of Agriculture), Census of Agriculture 2022"
42123,66377.0,0.1173,26005.0,0.046,2022,"public domain (USDA NASS Census of Agriculture), Census of Agriculture 2022"
42125,182118.0,0.332,81715.0,0.149,2022,"public domain (USDA NASS Census of Agriculture), Census of Agriculture 2022"
42127,90504.0,0.1948,39545.0,0.0851,2022,"public domain (USDA NASS Census of Agriculture), Census of Agriculture 2022"
42129,138050.0,0.2099,83447.0,0.1269,2022,"public domain (USDA NASS Census of Agriculture), Census of Agriculture 2022"
42131,66732.0,0.2625,31325.0,0.1232,2022,"public domain (USDA NASS Census of Agriculture), Census of Agriculture 2022"
42133,243980.0,0.4215,179152.0,0.3095,2022,"public domain (USDA NASS Census of Agriculture), Census of Agriculture 2022"
44001,1625.0,0.1052,408.0,0.0264,2022,"public domain (USDA NASS Census of Agriculture), Census of Agriculture 2022"
44003,8694.0,0.0806,992.0,0.0092,2022,"public domain (USDA NASS Census of Agriculture), Census of Agriculture 2022"
44005,8193.0,0.125,4244.0,0.0647,2022,"public domain (USDA NASS Census of Agriculture), Census of Agriculture 2022"
44007,13068.0,0.0499,3740.0,0.0143,2022,"public domain (USDA NASS Census of Agriculture), Census of Agriculture 2022"
44009,27496.0,0.1305,7281.0,0.0345,2022,"public domain (USDA NASS Census of Agriculture), Census of Agriculture 2022"
45001,110940.0,0.3529,24128.0,0.0768,2022,"public domain (USDA NASS Census of Agriculture), Census of Agriculture 2022"
45003,138479.0,0.2021,55451.0,0.0809,2022,"public domain (USDA NASS Census of Agriculture), Census of Agriculture 2022"
45005,66335.0,0.254,28726.0,0.11,2022,"public domain (USDA NASS Census of Agriculture), Census of Agriculture 2022"
45007,174494.0,0.3819,56252.0,0.1231,2022,"public domain (USDA NASS Census of Agriculture), Census of Agriculture 2022"
45009,102313.0,0.4064,54370.0,0.216,2022,"public domain (USDA NASS Census of Agriculture), Census of Agriculture 2022"
45011,62381.0,0.1777,27448.0,0.0782,2022,"public domain (USDA NASS Census of Agriculture), Census of Agriculture 2022"
45013,36074.0,0.0979,5518.0,0.015,2022,"public domain (USDA NASS Census of Agriculture), Census of Agriculture 2022"
45015,78741.0,0.1115,11077.0,0.0157,2022,"public domain (USDA NASS Census of Agriculture), Census of Agriculture 2022"
45017,108019.0,0.4428,56369.0,0.2311,2022,"public domain (USDA NASS Census of Agriculture), Census of Agriculture 2022"
45019,38727.0,0.0659,10389.0,0.0177,2022,"public domain (USDA NASS Census of Agriculture), Census of Agriculture 2022"
45021,67564.0,0.2686,20921.0,0.0832,2022,"public domain (USDA NASS Census of Agriculture), Census of Agriculture 2022"
45023,114795.0,0.3089,27126.0,0.073,2022,"public domain (USDA NASS Census of Agriculture), Census of Agriculture 2022"
45025,118286.0,0.2313,52503.0,0.1027,2022,"public domain (USDA NASS Census of Agriculture), Census of Agriculture 2022"
45027,156415.0,0.4025,111991.0,0.2882,2022,"public domain (USDA NASS Census of Agriculture), Census of Agriculture 2022"
45029,167546.0,0.2478,31450.0,0.0465,2022,"public domain (USDA NASS Census of Agriculture), Census of Agriculture 2022"
45031,162716.0,0.4535,107607.0,0.2999,2022,"public domain (USDA NASS Census of Agriculture), Census of Agriculture 2022"
45033,111091.0,0.4285,87357.0,0.337,2022,"public domain (USDA NASS Census of Agriculture), Census of Agriculture 2022"
45035,79233.0,0.2178,43418.0,0.1194,2022,"public domain (USDA NASS Census of Agriculture), Census of Agriculture 2022"
45037,68671.0,0.2143,22693.0,0.0708,2022,"public domain (USDA NASS Census of Agriculture), Census of Agriculture 2022"
45039,61009.0,0.1389,7673.0,0.0175,2022,"public domain (USDA NASS Census of Agriculture), Census of Agriculture 2022"
45041,116428.0,0.2273,75104.0,0.1466,2022,"public domain (USDA NASS Census of Agriculture), Census of Agriculture 2022"
45043,63303.0,0.1216,12666.0,0.0243,2022,"public domain (USDA NASS Census of Agriculture), Census of Agriculture 2022"
45045,52688.0,0.1047,17296.0,0.0344,2022,"public domain (USDA NASS Census of Agriculture), Census of Agriculture 2022"
45047,79037.0,0.2711,12538.0,0.043,2022,"public domain (USDA NASS Census of Agriculture), Census of Agriculture 2022"
45049,96359.0,0.2689,36794.0,0.1027,2022,"public domain (USDA NASS Census of Agriculture), Census of Agriculture 2022"
45051,151691.0,0.2092,92254.0,0.1272,2022,"public domain (USDA NASS Census of Agriculture), Census of Agriculture 2022"
45053,75886.0,0.181,9672.0,0.0231,2022,"public domain (USDA NASS Census of Agriculture), Census of Agriculture 2022"
45055,100593.0,0.2163,27514.0,0.0592,2022,"public domain (USDA NASS Census of Agriculture), Census of Agriculture 2022"
45057,60781.0,0.1729,21708.0,0.0618,2022,"public domain (USDA NASS Census of Agriculture), Census of Agriculture 2022"
45059,121421.0,0.2661,32218.0,0.0706,2022,"public domain (USDA NASS Census of Agriculture), Census of Agriculture 2022"
45061,134144.0,0.511,86304.0,0.3288,2022,"public domain (USDA NASS Census of Agriculture), Census of Agriculture 2022"
45063,79450.0,0.1776,37161.0,0.0831,2022,"public domain (USDA NASS Census of Agriculture), Census of Agriculture 2022"
45065,16789.0,0.0731,3703.0,0.0161,2022,"public domain (USDA NASS Census of Agriculture), Census of Agriculture 2022"
45067,45976.0,0.1468,31300.0,0.0999,2022,"public domain (USDA NASS Census of Agriculture), Census of Agriculture 2022"
45069,78300.0,0.2549,52509.0,0.171,2022,"public domain (USDA NASS Census of Agriculture), Census of Agriculture 2022"
45071,110964.0,0.2751,37774.0,0.0936,2022,"public domain (USDA NASS Census of Agriculture), Census of Agriculture 2022"
45073,61599.0,0.1536,17182.0,0.0428,2022,"public domain (USDA NASS Census of Agriculture), Census of Agriculture 2022"
45075,230111.0,0.325,142257.0,0.2009,2022,"public domain (USDA NASS Census of Agriculture), Census of Agriculture 2022"
45077,41842.0,0.1316,12631.0,0.0397,2022,"public domain (USDA NASS Census of Agriculture), Census of Agriculture 2022"
45079,76011.0,0.1568,40270.0,0.0831,2022,"public domain (USDA NASS Census of Agriculture), Census of Agriculture 2022"
45081,106716.0,0.3683,32720.0,0.1129,2022,"public domain (USDA NASS Census of Agriculture), Census of Agriculture 2022"
45083,97644.0,0.1887,34327.0,0.0664,2022,"public domain (USDA NASS Census of Agriculture), Census of Agriculture 2022"
45085,163578.0,0.3843,96118.0,0.2258,2022,"public domain (USDA NASS Census of Agriculture), Census of Agriculture 2022"
45087,55044.0,0.1675,10105.0,0.0307,2022,"public domain (USDA NASS Census of Agriculture), Census of Agriculture 2022"
45089,208646.0,0.349,106476.0,0.1781,2022,"public domain (USDA NASS Census of Agriculture), Census of Agriculture 2022"
45091,105092.0,0.2411,29107.0,0.0668,2022,"public domain (USDA NASS Census of Agriculture), Census of Agriculture 2022"
46003,356901.0,0.7871,242529.0,0.5349,2022,"public domain (USDA NASS Census of Agriculture), Census of Agriculture 2022"
46005,669521.0,0.8311,464064.0,0.5761,2022,"public domain (USDA NASS Census of Agriculture), Census of Agriculture 2022"
46007,648492.0,0.8553,172627.0,0.2277,2022,"public domain (USDA NASS Census of Agriculture), Census of Agriculture 2022"
46009,269582.0,0.7474,216285.0,0.5997,2022,"public domain (USDA NASS Census of Agriculture), Census of Agriculture 2022"
46011,374488.0,0.7386,292257.0,0.5764,2022,"public domain (USDA NASS Census of Agriculture), Census of Agriculture 2022"
46013,1023480.0,0.9335,841107.0,0.7672,2022,"public domain (USDA NASS Census of Agriculture), Census of Agriculture 2022"
46015,474226.0,0.9067,273231.0,0.5224,2022,"public domain (USDA NASS Census of Agriculture), Census of Agriculture 2022"
46017,300533.0,0.9961,90716.0,0.3007,2022,"public domain (USDA NASS Census of Agriculture), Census of Agriculture 2022"
46019,1348702.0,0.9366,122872.0,0.0853,2022,"public domain (USDA NASS Census of Agriculture), Census of Agriculture 2022"
46021,448929.0,0.9561,280640.0,0.5977,2022,"public domain (USDA NASS Census of Agriculture), Census of Agriculture 2022"
46023,654941.0,0.9327,448365.0,0.6385,2022,"public domain (USDA NASS Census of Agriculture), Census of Agriculture 2022"
46025,473992.0,0.7735,322871.0,0.5269,2022,"public domain (USDA NASS Census of Agriculture), Census of Agriculture 2022"
46027,191404.0,0.7259,179777.0,0.6818,2022,"public domain (USDA NASS Census of Agriculture), Census of Agriculture 2022"
46029,282976.0,0.643,206799.0,0.4699,2022,"public domain (USDA NASS Census of Agriculture), Census of Agriculture 2022"
46031,1368478.0,0.8658,394374.0,0.2495,2022,"public domain (USDA NASS Census of Agriculture), Census of Agriculture 2022"
46033,651850.0,0.6542,55167.0,0.0554,2022,"public domain (USDA NASS Census of Agriculture), Census of Agriculture 2022"
46035,223994.0,0.8034,183763.0,0.6591,2022,"public domain (USDA NASS Census of Agriculture), Census of Agriculture 2022"
46037,477100.0,0.7248,353293.0,0.5367,2022,"public domain (USDA NASS Census of Agriculture), Census of Agriculture 2022"
46039,253106.0,0.6351,183541.0,0.4605,2022,"public domain (USDA NASS Census of Agriculture), Census of Agriculture 2022"
46041,1202557.0,0.8161,201697.0,0.1369,2022,"public domain (USDA NASS Census of Agriculture), Census of Agriculture 2022"
46043,194267.0,0.703,161640.0,0.5849,2022,"public domain (USDA NASS Census of Agriculture), Census of Agriculture 2022"
46045,718058.0,0.9964,552358.0,0.7665,2022,"public domain (USDA NASS Census of Agriculture), Census of Agriculture 2022"
46047,1034789.0,0.9293,84076.0,0.0755,2022,"public domain (USDA NASS Census of Agriculture), Census of Agriculture 2022"
46049,626281.0,0.9968,402492.0,0.6406,2022,"public domain (USDA NASS Census of Agriculture), Census of Agriculture 2022"
46051,387088.0,0.8876,266540.0,0.6112,2022,"public domain (USDA NASS Census of Agriculture), Census of Agriculture 2022"
46053,593576.0,0.9138,194231.0,0.299,2022,"public domain (USDA NASS Census of Agriculture), Census of Agriculture 2022"
46055,1151771.0,0.994,377031.0,0.3254,2022,"public domain (USDA NASS Census of Agriculture), Census of Agriculture 2022"
46057,231481.0,0.7134,187723.0,0.5785,2022,"public domain (USDA NASS Census of Agriculture), Census of Agriculture 2022"
46059,913410.0,0.9934,596515.0,0.6488,2022,"public domain (USDA NASS Census of Agriculture), Census of Agriculture 2022"
46061,230060.0,0.8272,191880.0,0.6899,2022,"public domain (USDA NASS Census of Agriculture), Census of Agriculture 2022"
46063,1671254.0,0.9775,220833.0,0.1292,2022,"public domain (USDA NASS Census of Agriculture), Census of Agriculture 2022"
46065,446067.0,0.9399,260198.0,0.5483,2022,"public domain (USDA NASS Census of Agriculture), Census of Agriculture 2022"
46067,494622.0,0.9506,416483.0,0.8004,2022,"public domain (USDA NASS Census of Agriculture), Census of Agriculture 2022"
46069,485521.0,0.8815,205906.0,0.3738,2022,"public domain (USDA NASS Census of Agriculture), Census of Agriculture 2022"
46071,1180521.0,0.9896,185366.0,0.1554,2022,"public domain (USDA NASS Census of Agriculture), Census of Agriculture 2022"
46073,312961.0,0.9294,223059.0,0.6624,2022,"public domain (USDA NASS Census of Agriculture), Census of Agriculture 2022"
46075,615446.0,0.9917,238127.0,0.3837,2022,"public domain (USDA NASS Census of Agriculture), Census of Agriculture 2022"
46077,419877.0,0.7883,319676.0,0.6002,2022,"public domain (USDA NASS Census of Agriculture), Census of Agriculture 2022"
46079,213574.0,0.5928,172273.0,0.4782,2022,"public domain (USDA NASS Census of Agriculture), Census of Agriculture 2022"
46081,167325.0,0.3268,34617.0,0.0676,2022,"public domain (USDA NASS Census of Agriculture), Census of Agriculture 2022"
46083,246755.0,0.6679,221134.0,0.5985,2022,"public domain (USDA NASS Census of Agriculture), Census of Agriculture 2022"
46085,1043956.0,0.9932,477065.0,0.4539,2022,"public domain (USDA NASS Census of Agriculture), Census of Agriculture 2022"
46087,298924.0,0.8134,248052.0,0.675,2022,"public domain (USDA NASS Census of Agriculture), Census of Agriculture 2022"
46089,652253.0,0.8966,324054.0,0.4455,2022,"public domain (USDA NASS Census of Agriculture), Census of Agriculture 2022"
46091,534275.0,0.9961,334620.0,0.6239,2022,"public domain (USDA NASS Census of Agriculture), Census of Agriculture 2022"
46093,2217742.0,0.9984,449585.0,0.2024,2022,"public domain (USDA NASS Census of Agriculture), Census of Agriculture 2022"
46095,809354.0,0.9673,116914.0,0.1397,2022,"public domain (USDA NASS Census of Agriculture), Census of Agriculture 2022"
46097,317295.0,0.8695,234592.0,0.6429,2022,"public domain (USDA NASS Census of Agriculture), Census of Agriculture 2022"
46099,325498.0,0.6303,266792.0,0.5167,2022,"public domain (USDA NASS Census of Agriculture), Census of Agriculture 2022"
46101,216019.0,0.6499,181623.0,0.5464,2022,"public domain (USDA NASS Census of Agriculture), Census of Agriculture 2022"
46102,1070988.0,0.7993,64243.0,0.0479,2022,"public domain (USDA NASS Census of Agriculture), Census of Agriculture 2022"
46103,1166970.0,0.6567,242020.0,0.1362,2022,"public domain (USDA NASS Census of Agriculture), Census of Agriculture 2022"
46105,1831580.0,0.997,368796.0,0.2007,2022,"public domain (USDA NASS Census of Agriculture), Census of Agriculture 2022"
46107,549060.0,0.9962,393055.0,0.7132,2022,"public domain (USDA NASS Census of Agriculture), Census of Agriculture 2022"
46109,551709.0,0.7829,425404.0,0.6037,2022,"public domain (USDA NASS Census of Agriculture), Census of Agriculture 2022"
46111,293602.0,0.8059,178463.0,0.4899,2022,"public domain (USDA NASS Census of Agriculture), Census of Agriculture 2022"
46115,882273.0,0.9169,718746.0,0.747,2022,"public domain (USDA NASS Census of Agriculture), Census of Agriculture 2022"
46117,807225.0,0.8732,259388.0,0.2806,2022,"public domain (USDA NASS Census of Agriculture), Census of Agriculture 2022"
46119,578110.0,0.8973,438635.0,0.6808,2022,"public domain (USDA NASS Census of Agriculture), Census of Agriculture 2022"
46121,872654.0,0.9819,109746.0,0.1235,2022,"public domain (USDA NASS Census of Agriculture), Census of Agriculture 2022"
46123,943080.0,0.914,384836.0,0.373,2022,"public domain (USDA NASS Census of Agriculture), Census of Agriculture 2022"
46125,394807.0,0.9997,358467.0,0.9077,2022,"public domain (USDA NASS Census of Agriculture), Census of Agriculture 2022"
46127,197254.0,0.6689,178315.0,0.6047,2022,"public domain (USDA NASS Census of Agriculture), Census of Agriculture 2022"
46129,444144.0,0.9809,279123.0,0.6165,2022,"public domain (USDA NASS Census of Agriculture), Census of Agriculture 2022"
46135,252180.0,0.756,196380.0,0.5887,2022,"public domain (USDA NASS Census of Agriculture), Census of Agriculture 2022"
46137,1023693.0,0.8156,221572.0,0.1765,2022,"public domain (USDA NASS Census of Agriculture), Census of Agriculture 2022"
47001,35952.0,0.1666,14799.0,0.0686,2022,"public domain (USDA NASS Census of Agriculture), Census of Agriculture 2022"
47003,236001.0,0.7785,81092.0,0.2675,2022,"public domain (USDA NASS Census of Agriculture), Census of Agriculture 2022"
47005,70176.0,0.2781,28368.0,0.1124,2022,"public domain (USDA NASS Census of Agriculture), Census of Agriculture 2022"
47007,86860.0,0.3338,33555.0,0.129,2022,"public domain (USDA NASS Census of Agriculture), Census of Agriculture 2022"
47009,93875.0,0.2625,36546.0,0.1022,2022,"public domain (USDA NASS Census of Agriculture), Census of Agriculture 2022"
47011,79716.0,0.3789,29328.0,0.1394,2022,"public domain (USDA NASS Census of Agriculture), Census of Agriculture 2022"
47013,30815.0,0.1003,11517.0,0.0375,2022,"public domain (USDA NASS Census of Agriculture), Census of Agriculture 2022"
47015,90171.0,0.5304,48642.0,0.2861,2022,"public domain (USDA NASS Census of Agriculture), Census of Agriculture 2022"
47017,179424.0,0.4691,115265.0,0.3013,2022,"public domain (USDA NASS Census of Agriculture), Census of Agriculture 2022"
47019,28788.0,0.1318,8456.0,0.0387,2022,"public domain (USDA NASS Census of Agriculture), Census of Agriculture 2022"
47021,45289.0,0.2339,18458.0,0.0953,2022,"public domain (USDA NASS Census of Agriculture), Census of Agriculture 2022"
47023,77906.0,0.426,43078.0,0.2356,2022,"public domain (USDA NASS Census of Agriculture), Census of Agriculture 2022"
47025,106999.0,0.3847,33856.0,0.1217,2022,"public domain (USDA NASS Census of Agriculture), Census of Agriculture 2022"
47027,61730.0,0.4078,20666.0,0.1365,2022,"public domain (USDA NASS Census of Agriculture), Census of Agriculture 2022"
47029,56129.0,0.2011,21466.0,0.0769,2022,"public domain (USDA NASS Census of Agriculture), Census of Agriculture 2022"
47031,143516.0,0.5228,73152.0,0.2665,2022,"public domain (USDA NASS Census of Agriculture), Census of Agriculture 2022"
47033,149840.0,0.8817,133798.0,0.7873,2022,"public domain (USDA NASS Census of Agriculture), Census of Agriculture 2022"
47035,130350.0,0.2989,46805.0,0.1073,2022,"public domain (USDA NASS Census of Agriculture), Census of Agriculture 2022"
47037,31523.0,0.0978,9801.0,0.0304,2022,"public domain (USDA NASS Census of Agriculture), Census of Agriculture 2022"
47039,85476.0,0.4,34427.0,0.1611,2022,"public domain (USDA NASS Census of Agriculture), Census of Agriculture 2022"
47041,89080.0,0.4572,26862.0,0.1379,2022,"public domain (USDA NASS Census of Agriculture), Census of Agriculture 2022"
47043,124779.0,0.398,42996.0,0.1371,2022,"public domain (USDA NASS Census of Agriculture), Census of Agriculture 2022"
47045,249678.0,0.7614,225054.0,0.6863,2022,"public domain (USDA NASS Census of Agriculture), Census of Agriculture 2022"
47047,224887.0,0.4991,139761.0,0.3102,2022,"public domain (USDA NASS Census of Agriculture), Census of Agriculture 2022"
47049,109309.0,0.3425,28811.0,0.0903,2022,"public domain (USDA NASS Census of Agriculture), Census of Agriculture 2022"
47051,115142.0,0.3245,71055.0,0.2002,2022,"public domain (USDA NASS Census of Agriculture), Census of Agriculture 2022"
47053,287725.0,0.7459,246227.0,0.6383,2022,"public domain (USDA NASS Census of Agriculture), Census of Agriculture 2022"
47055,241228.0,0.617,74136.0,0.1896,2022,"public domain (USDA NASS Census of Agriculture), Census of Agriculture 2022"
47057,83178.0,0.4632,26231.0,0.1461,2022,"public domain (USDA NASS Census of Agriculture), Census of Agriculture 2022"
47059,209228.0,0.5255,85658.0,0.2151,2022,"public domain (USDA NASS Census of Agriculture), Census of Agriculture 2022"
47061,29669.0,0.1286,10728.0,0.0465,2022,"public domain (USDA NASS Census of Agriculture), Census of Agriculture 2022"
47063,50177.0,0.4864,22843.0,0.2214,2022,"public domain (USDA NASS Census of Agriculture), Census of Agriculture 2022"
47065,53018.0,0.1528,14874.0,0.0429,2022,"public domain (USDA NASS Census of Agriculture), Census of Agriculture 2022"
47067,55692.0,0.3914,13671.0,0.0961,2022,"public domain (USDA NASS Census of Agriculture), Census of Agriculture 2022"
47069,159283.0,0.3727,56126.0,0.1313,2022,"public domain (USDA NASS Census of Agriculture), Census of Agriculture 2022"
47071,121675.0,0.3292,41003.0,0.1109,2022,"public domain (USDA NASS Census of Agriculture), Census of Agriculture 2022"
47073,119016.0,0.3818,40076.0,0.1286,2022,"public domain (USDA NASS Census of Agriculture), Census of Agriculture 2022"
47075,240650.0,0.7053,213010.0,0.6243,2022,"public domain (USDA NASS Census of Agriculture), Census of Agriculture 2022"
47077,126971.0,0.3815,55412.0,0.1665,2022,"public domain (USDA NASS Census of Agriculture), Census of Agriculture 2022"
47079,219320.0,0.6099,129004.0,0.3587,2022,"public domain (USDA NASS Census of Agriculture), Census of Agriculture 2022"
47081,140776.0,0.3591,46553.0,0.1188,2022,"public domain (USDA NASS Census of Agriculture), Census of Agriculture 2022"
47083,49243.0,0.3841,14730.0,0.1149,2022,"public domain (USDA NASS Census of Agriculture), Census of Agriculture 2022"
47085,197896.0,0.5826,105470.0,0.3105,2022,"public domain (USDA NASS Census of Agriculture), Census of Agriculture 2022"
47087,77471.0,0.392,18868.0,0.0955,2022,"public domain (USDA NASS Census of Agriculture), Census of Agriculture 2022"
47089,82883.0,0.4707,35546.0,0.2019,2022,"public domain (USDA NASS Census of Agriculture), Census of Agriculture 2022"
47091,32922.0,0.1724,9865.0,0.0516,2022,"public domain (USDA NASS Census of Agriculture), Census of Agriculture 2022"
47093,53515.0,0.1645,20423.0,0.0628,2022,"public domain (USDA NASS Census of Agriculture), Census of Agriculture 2022"
47095,61488.0,0.5795,60676.0,0.5719,2022,"public domain (USDA NASS Census of Agriculture), Census of Agriculture 2022"
47097,212357.0,0.7031,181229.0,0.6001,2022,"public domain (USDA NASS Census of Agriculture), Census of Agriculture 2022"
47099,238241.0,0.6032,114066.0,0.2888,2022,"public domain (USDA NASS Census of Agriculture), Census of Agriculture 2022"
47101,43444.0,0.2406,13700.0,0.0759,2022,"public domain (USDA NASS Census of Agriculture), Census of Agriculture 2022"
47103,270934.0,0.7422,97864.0,0.2681,2022,"public domain (USDA NASS Census of Agriculture), Census of Agriculture 2022"
47105,55880.0,0.3808,25873.0,0.1763,2022,"public domain (USDA NASS Census of Agriculture), Census of Agriculture 2022"
47107,128548.0,0.467,52422.0,0.1904,2022,"public domain (USDA NASS Census of Agriculture), Census of Agriculture 2022"
47109,115586.0,0.3209,46487.0,0.1291,2022,"public domain (USDA NASS Census of Agriculture), Census of Agriculture 2022"
47111,116893.0,0.5947,49433.0,0.2515,2022,"public domain (USDA NASS Census of Agriculture), Census of Agriculture 2022"
47113,166694.0,0.4675,106803.0,0.2995,2022,"public domain (USDA NASS Census of Agriculture), Census of Agriculture 2022"
47115,62071.0,0.1947,28925.0,0.0907,2022,"public domain (USDA NASS Census of Agriculture), Census of Agriculture 2022"
47117,144148.0,0.5999,53039.0,0.2207,2022,"public domain (USDA NASS Census of Agriculture), Census of Agriculture 2022"
47119,209805.0,0.5347,82689.0,0.2107,2022,"public domain (USDA NASS Census of Agriculture), Census of Agriculture 2022"
47121,50781.0,0.4066,16654.0,0.1334,2022,"public domain (USDA NASS Census of Agriculture), Census of Agriculture 2022"
47123,97164.0,0.2388,39096.0,0.0961,2022,"public domain (USDA NASS Census of Agriculture), Census of Agriculture 2022"
47125,169300.0,0.4906,95674.0,0.2773,2022,"public domain (USDA NASS Census of Agriculture), Census of Agriculture 2022"
47127,63825.0,0.7717,13063.0,0.158,2022,"public domain (USDA NASS Census of Agriculture), Census of Agriculture 2022"
47129,60675.0,0.1816,17338.0,0.0519,2022,"public domain (USDA NASS Census of Agriculture), Census of Agriculture 2022"
47131,245012.0,0.7026,206349.0,0.5918,2022,"public domain (USDA NASS Census of Agriculture), Census of Agriculture 2022"
47133,155629.0,0.561,36272.0,0.1307,2022,"public domain (USDA NASS Census of Agriculture), Census of Agriculture 2022"
47135,52642.0,0.1983,13727.0,0.0517,2022,"public domain (USDA NASS Census of Agriculture), Census of Agriculture 2022"
47137,34644.0,0.3322,13313.0,0.1276,2022,"public domain (USDA NASS Census of Agriculture), Census of Agriculture 2022"
47139,36004.0,0.1294,14291.0,0.0514,2022,"public domain (USDA NASS Census of Agriculture), Census of Agriculture 2022"
47141,93450.0,0.364,26572.0,0.1035,2022,"public domain (USDA NASS Census of Agriculture), Census of Agriculture 2022"
47143,63329.0,0.3137,28062.0,0.139,2022,"public domain (USDA NASS Census of Agriculture), Census of Agriculture 2022"
47145,49741.0,0.2154,15183.0,0.0658,2022,"public domain (USDA NASS Census of Agriculture), Census of Agriculture 2022"
47147,200408.0,0.6574,141821.0,0.4652,2022,"public domain (USDA NASS Census of Agriculture), Census of Agriculture 2022"
47149,136070.0,0.3433,59066.0,0.149,2022,"public domain (USDA NASS Census of Agriculture), Census of Agriculture 2022"
47151,31350.0,0.092,7844.0,0.023,2022,"public domain (USDA NASS Census of Agriculture), Census of Agriculture 2022"
47153,27745.0,0.1631,3445.0,0.0202,2022,"public domain (USDA NASS Census of Agriculture), Census of Agriculture 2022"
47155,42774.0,0.1128,15392.0,0.0406,2022,"public domain (USDA NASS Census of Agriculture), Census of Agriculture 2022"
47157,90742.0,0.1862,54017.0,0.1109,2022,"public domain (USDA NASS Census of Agriculture), Census of Agriculture 2022"
47159,126226.0,0.6275,44282.0,0.2201,2022,"public domain (USDA NASS Census of Agriculture), Census of Agriculture 2022"
47161,57371.0,0.195,13756.0,0.0467,2022,"public domain (USDA NASS Census of Agriculture), Census of Agriculture 2022"
47163,79194.0,0.2992,32256.0,0.1219,2022,"public domain (USDA NASS Census of Agriculture), Census of Agriculture 2022"
47165,140142.0,0.4136,69813.0,0.206,2022,"public domain (USDA NASS Census of Agriculture), Census of Agriculture 2022"
47167,191704.0,0.6574,161914.0,0.5553,2022,"public domain (USDA NASS Census of Agriculture), Census of Agriculture 2022"
47169,39419.0,0.5387,14412.0,0.1969,2022,"public domain (USDA NASS Census of Agriculture), Census of Agriculture 2022"
47171,3748.0,0.0315,1059.0,0.0089,2022,"public domain (USDA NASS Census of Agriculture), Census of Agriculture 2022"
47173,72210.0,0.5046,14037.0,0.0981,2022,"public domain (USDA NASS Census of Agriculture), Census of Agriculture 2022"
47175,35288.0,0.2017,8487.0,0.0485,2022,"public domain (USDA NASS Census of Agriculture), Census of Agriculture 2022"
47177,147088.0,0.5312,88160.0,0.3184,2022,"public domain (USDA NASS Census of Agriculture), Census of Agriculture 2022"
47179,97476.0,0.4664,49005.0,0.2345,2022,"public domain (USDA NASS Census of Agriculture), Census of Agriculture 2022"
47181,136826.0,0.2912,32863.0,0.0699,2022,"public domain (USDA NASS Census of Agriculture), Census of Agriculture 2022"
47183,291965.0,0.7861,197005.0,0.5304,2022,"public domain (USDA NASS Census of Agriculture), Census of Agriculture 2022"
47185,107015.0,0.4439,45078.0,0.187,2022,"public domain (USDA NASS Census of Agriculture), Census of Agriculture 2022"
47187,134957.0,0.3618,59761.0,0.1602,2022,"public domain (USDA NASS Census of Agriculture), Census of Agriculture 2022"
47189,180001.0,0.4925,53651.0,0.1468,2022,"public domain (USDA NASS Census of Agriculture), Census of Agriculture 2022"
48001,361026.0,0.5309,69021.0,0.1015,2022,"public domain (USDA NASS Census of Agriculture), Census of Agriculture 2022"
48003,879802.0,0.916,71538.0,0.0745,2022,"public domain (USDA NASS Census of Agriculture), Census of Agriculture 2022"
48005,77346.0,0.1515,12862.0,0.0252,2022,"public domain (USDA NASS Census of Agriculture), Census of Agriculture 2022"
48007,42886.0,0.2658,1767.0,0.011,2022,"public domain (USDA NASS Census of Agriculture), Census of Agriculture 2022"
48009,577879.0,0.9996,123796.0,0.2141,2022,"public domain (USDA NASS Census of Agriculture), Census of Agriculture 2022"
48011,461617.0,0.7934,112540.0,0.1934,2022,"public domain (USDA NASS Census of Agriculture), Census of Agriculture 2022"
48013,688382.0,0.882,81698.0,0.1047,2022,"public domain (USDA NASS Census of Agriculture), Census of Agriculture 2022"
48015,258883.0,0.6257,49714.0,0.1202,2022,"public domain (USDA NASS Census of Agriculture), Census of Agriculture 2022"
48017,529253.0,1.0,221376.0,0.4183,2022,"public domain (USDA NASS Census of Agriculture), Census of Agriculture 2022"
48019,191495.0,0.3783,7984.0,0.0158,2022,"public domain (USDA NASS Census of Agriculture), Census of Agriculture 2022"
48021,263123.0,0.4629,39502.0,0.0695,2022,"public domain (USDA NASS Census of Agriculture), Census of Agriculture 2022"
48023,555156.0,0.9999,153504.0,0.2765,2022,"public domain (USDA NASS Census of Agriculture), Census of Agriculture 2022"
48025,437238.0,0.7761,63092.0,0.112,2022,"public domain (USDA NASS Census of Agriculture), Census of Agriculture 2022"
48027,496484.0,0.7361,156364.0,0.2318,2022,"public domain (USDA NASS Census of Agriculture), Census of Agriculture 2022"
48029,248545.0,0.3131,76669.0,0.0966,2022,"public domain (USDA NASS Census of Agriculture), Census of Agriculture 2022"
48031,361697.0,0.7968,17601.0,0.0388,2022,"public domain (USDA NASS Census of Agriculture), Census of Agriculture 2022"
48033,572829.0,0.9973,76543.0,0.1333,2022,"public domain (USDA NASS Census of Agriculture), Census of Agriculture 2022"
48035,586420.0,0.9322,72399.0,0.1151,2022,"public domain (USDA NASS Census of Agriculture), Census of Agriculture 2022"
48037,256027.0,0.4521,66589.0,0.1176,2022,"public domain (USDA NASS Census of Agriculture), Census of Agriculture 2022"
48039,419260.0,0.4805,124340.0,0.1425,2022,"public domain (USDA NASS Census of Agriculture), Census of Agriculture 2022"
48041,277682.0,0.7402,26326.0,0.0702,2022,"public domain (USDA NASS Census of Agriculture), Census of Agriculture 2022"
48043,2259266.0,0.5709,24038.0,0.0061,2022,"public domain (USDA NASS Census of Agriculture), Census of Agriculture 2022"
48045,585760.0,1.0,94861.0,0.1647,2022,"public domain (USDA NASS Census of Agriculture), Census of Agriculture 2022"
48047,372375.0,0.6168,11328.0,0.0188,2022,"public domain (USDA NASS Census of Agriculture), Census of Agriculture 2022"
48049,475421.0,0.7865,60660.0,0.1004,2022,"public domain (USDA NASS Census of Agriculture), Census of Agriculture 2022"
48051,300620.0,0.7127,75544.0,0.1791,2022,"public domain (USDA NASS Census of Agriculture), Census of Agriculture 2022"
48053,425682.0,0.6686,41679.0,0.0655,2022,"public domain (USDA NASS Census of Agriculture), Census of Agriculture 2022"
48055,244313.0,0.701,58230.0,0.1671,2022,"public domain (USDA NASS Census of Agriculture), Census of Agriculture 2022"
48057,129971.0,0.4006,31143.0,0.096,2022,"public domain (USDA NASS Census of Agriculture), Census of Agriculture 2022"
48059,468449.0,0.8138,73592.0,0.1279,2022,"public domain (USDA NASS Census of Agriculture), Census of Agriculture 2022"
48061,208701.0,0.3657,168839.0,0.2958,2022,"public domain (USDA NASS Census of Agriculture), Census of Agriculture 2022"
48063,53316.0,0.4254,13759.0,0.1098,2022,"public domain (USDA NASS Census of Agriculture), Census of Agriculture 2022"
48065,582593.0,0.9892,342586.0,0.5817,2022,"public domain (USDA NASS Census of Agriculture), Census of Agriculture 2022"
48067,139124.0,0.232,31667.0,0.0528,2022,"public domain (USDA NASS Census of Agriculture), Census of Agriculture 2022"
48069,570818.0,0.9972,390367.0,0.6819,2022,"public domain (USDA NASS Census of Agriculture), Census of Agriculture 2022"
48071,199088.0,0.521,93123.0,0.2437,2022,"public domain (USDA NASS Census of Agriculture), Census of Agriculture 2022"
48073,325551.0,0.4831,74816.0,0.111,2022,"public domain (USDA NASS Census of Agriculture), Census of Agriculture 2022"
48075,444942.0,0.9981,119722.0,0.2686,2022,"public domain (USDA NASS Census of Agriculture), Census of Agriculture 2022"
48077,680467.0,0.9766,116999.0,0.1679,2022,"public domain (USDA NASS Census of Agriculture), Census of Agriculture 2022"
48079,434001.0,0.8749,288531.0,0.5817,2022,"public domain (USDA NASS Census of Agriculture), Census of Agriculture 2022"
48081,478560.0,0.8202,44131.0,0.0756,2022,"public domain (USDA NASS Census of Agriculture), Census of Agriculture 2022"
48083,758719.0,0.9387,145205.0,0.1797,2022,"public domain (USDA NASS Census of Agriculture), Census of Agriculture 2022"
48085,197374.0,0.3666,93314.0,0.1733,2022,"public domain (USDA NASS Census of Agriculture), Census of Agriculture 2022"
48087,537442.0,0.9143,136818.0,0.2328,2022,"public domain (USDA NASS Census of Agriculture), Census of Agriculture 2022"
48089,452829.0,0.7368,137740.0,0.2241,2022,"public domain (USDA NASS Census of Agriculture), Census of Agriculture 2022"
48091,107388.0,0.2999,7577.0,0.0212,2022,"public domain (USDA NASS Census of Agriculture), Census of Agriculture 2022"
48093,596256.0,0.9935,169567.0,0.2825,2022,"public domain (USDA NASS Census of Agriculture), Census of Agriculture 2022"
48095,629378.0,0.9996,144536.0,0.2296,2022,"public domain (USDA NASS Census of Agriculture), Census of Agriculture 2022"
48097,513278.0,0.9168,147151.0,0.2628,2022,"public domain (USDA NASS Census of Agriculture), Census of Agriculture 2022"
48099,511451.0,0.7595,121551.0,0.1805,2022,"public domain (USDA NASS Census of Agriculture), Census of Agriculture 2022"
48101,569008.0,0.9872,98659.0,0.1712,2022,"public domain (USDA NASS Census of Agriculture), Census of Agriculture 2022"
48103,291025.0,0.5792,96.0,0.0002,2022,"public domain (USDA NASS Census of Agriculture), Census of Agriculture 2022"
48105,1768834.0,0.9845,6604.0,0.0037,2022,"public domain (USDA NASS Census of Agriculture), Census of Agriculture 2022"
48107,576011.0,0.9998,301457.0,0.5232,2022,"public domain (USDA NASS Census of Agriculture), Census of Agriculture 2022"
48109,1932918.0,0.7923,17163.0,0.007,2022,"public domain (USDA NASS Census of Agriculture), Census of Agriculture 2022"
48111,961047.0,0.999,411259.0,0.4275,2022,"public domain (USDA NASS Census of Agriculture), Census of Agriculture 2022"
48113,67030.0,0.1199,35546.0,0.0636,2022,"public domain (USDA NASS Census of Agriculture), Census of Agriculture 2022"
48115,574896.0,0.9977,450517.0,0.7819,2022,"public domain (USDA NASS Census of Agriculture), Census of Agriculture 2022"
48117,957798.0,0.9998,540253.0,0.564,2022,"public domain (USDA NASS Census of Agriculture), Census of Agriculture 2022"
48119,108877.0,0.6624,66864.0,0.4068,2022,"public domain (USDA NASS Census of Agriculture), Census of Agriculture 2022"
48121,272184.0,0.484,116619.0,0.2074,2022,"public domain (USDA NASS Census of Agriculture), Census of Agriculture 2022"
48123,411339.0,0.7071,39658.0,0.0682,2022,"public domain (USDA NASS Census of Agriculture), Census of Agriculture 2022"
48125,575827.0,0.9978,136259.0,0.2361,2022,"public domain (USDA NASS Census of Agriculture), Census of Agriculture 2022"
48127,344379.0,0.4049,41629.0,0.0489,2022,"public domain (USDA NASS Census of Agriculture), Census of Agriculture 2022"
48129,585161.0,0.9863,78918.0,0.133,2022,"public domain (USDA NASS Census of Agriculture), Census of Agriculture 2022"
48131,1115787.0,0.9721,42027.0,0.0366,2022,"public domain (USDA NASS Census of Agriculture), Census of Agriculture 2022"
48133,519189.0,0.8756,87490.0,0.1475,2022,"public domain (USDA NASS Census of Agriculture), Census of Agriculture 2022"
48135,417245.0,0.7261,1934.0,0.0034,2022,"public domain (USDA NASS Census of Agriculture), Census of Agriculture 2022"
48137,1011179.0,0.746,12310.0,0.0091,2022,"public domain (USDA NASS Census of Agriculture), Census of Agriculture 2022"
48139,377200.0,0.6299,203455.0,0.3397,2022,"public domain (USDA NASS Census of Agriculture), Census of Agriculture 2022"
48141,269479.0,0.4155,54881.0,0.0846,2022,"public domain (USDA NASS Census of Agriculture), Census of Agriculture 2022"
48143,675439.0,0.9743,140689.0,0.2029,2022,"public domain (USDA NASS Census of Agriculture), Census of Agriculture 2022"
48145,488283.0,0.9967,253061.0,0.5165,2022,"public domain (USDA NASS Census of Agriculture), Census of Agriculture 2022"
48147,417464.0,0.7322,163905.0,0.2875,2022,"public domain (USDA NASS Census of Agriculture), Census of Agriculture 2022"
48149,470955.0,0.7747,74854.0,0.1231,2022,"public domain (USDA NASS Census of Agriculture), Census of Agriculture 2022"
48151,387119.0,0.6729,206781.0,0.3594,2022,"public domain (USDA NASS Census of Agriculture), Census of Agriculture 2022"
48153,634965.0,1.0,326526.0,0.5142,2022,"public domain (USDA NASS Census of Agriculture), Census of Agriculture 2022"
48155,441647.0,0.9797,77057.0,0.1709,2022,"public domain (USDA NASS Census of Agriculture), Census of Agriculture 2022"
48157,320377.0,0.5809,96295.0,0.1746,2022,"public domain (USDA NASS Census of Agriculture), Census of Agriculture 2022"
48159,110438.0,0.6068,34266.0,0.1883,2022,"public domain (USDA NASS Census of Agriculture), Census of Agriculture 2022"
48161,372086.0,0.6624,45766.0,0.0815,2022,"public domain (USDA NASS Census of Agriculture), Census of Agriculture 2022"
48163,566717.0,0.7812,121521.0,0.1675,2022,"public domain (USDA NASS Census of Agriculture), Census of Agriculture 2022"
48165,810019.0,0.8424,648081.0,0.674,2022,"public domain (USDA NASS Census of Agriculture), Census of Agriculture 2022"
48167,34117.0,0.1405,8259.0,0.034,2022,"public domain (USDA NASS Census of Agriculture), Census of Agriculture 2022"
48169,407281.0,0.7123,97848.0,0.1711,2022,"public domain (USDA NASS Census of Agriculture), Census of Agriculture 2022"
48171,548817.0,0.8104,55738.0,0.0823,2022,"public domain (USDA NASS Census of Agriculture), Census of Agriculture 2022"
48173,517077.0,0.8975,162479.0,0.282,2022,"public domain (USDA NASS Census of Agriculture), Census of Agriculture 2022"
48175,416291.0,0.7634,48073.0,0.0882,2022,"public domain (USDA NASS Census of Agriculture), Census of Agriculture 2022"
48177,630773.0,0.924,65113.0,0.0954,2022,"public domain (USDA NASS Census of Agriculture), Census of Agriculture 2022"
48179,541538.0,0.9138,144951.0,0.2446,2022,"public domain (USDA NASS Census of Agriculture), Census of Agriculture 2022"
48181,394985.0,0.6616,184758.0,0.3095,2022,"public domain (USDA NASS Census of Agriculture), Census of Agriculture 2022"
48183,26043.0,0.1488,4227.0,0.0242,2022,"public domain (USDA NASS Census of Agriculture), Census of Agriculture 2022"
48185,502510.0,0.9971,55748.0,0.1106,2022,"public domain (USDA NASS Census of Agriculture), Census of Agriculture 2022"
48187,291287.0,0.6399,81585.0,0.1792,2022,"public domain (USDA NASS Census of Agriculture), Census of Agriculture 2022"
48189,575527.0,0.8951,476041.0,0.7403,2022,"public domain (USDA NASS Census of Agriculture), Census of Agriculture 2022"
48191,359028.0,0.635,140356.0,0.2482,2022,"public domain (USDA NASS Census of Agriculture), Census of Agriculture 2022"
48193,515913.0,0.9643,68145.0,0.1274,2022,"public domain (USDA NASS Census of Agriculture), Census of Agriculture 2022"
48195,645303.0,1.0,324520.0,0.5513,2022,"public domain (USDA NASS Census of Agriculture), Census of Agriculture 2022"
48197,420820.0,0.9459,121927.0,0.2741,2022,"public domain (USDA NASS Census of Agriculture), Census of Agriculture 2022"
48199,36858.0,0.0647,6385.0,0.0112,2022,"public domain (USDA NASS Census of Agriculture), Census of Agriculture 2022"
48201,193556.0,0.1772,74411.0,0.0681,2022,"public domain (USDA NASS Census of Agriculture), Census of Agriculture 2022"
48203,121801.0,0.2114,26501.0,0.046,2022,"public domain (USDA NASS Census of Agriculture), Census of Agriculture 2022"
48205,935417.0,0.9998,358499.0,0.3832,2022,"public domain (USDA NASS Census of Agriculture), Census of Agriculture 2022"
48207,542383.0,0.9384,332574.0,0.5754,2022,"public domain (USDA NASS Census of Agriculture), Census of Agriculture 2022"
48209,142428.0,0.3288,11350.0,0.0262,2022,"public domain (USDA NASS Census of Agriculture), Census of Agriculture 2022"
48211,579694.0,0.9994,29170.0,0.0503,2022,"public domain (USDA NASS Census of Agriculture), Census of Agriculture 2022"
48213,263600.0,0.4714,68636.0,0.1227,2022,"public domain (USDA NASS Census of Agriculture), Census of Agriculture 2022"
48215,535588.0,0.5326,310143.0,0.3084,2022,"public domain (USDA NASS Census of Agriculture), Census of Agriculture 2022"
48217,566852.0,0.9237,246249.0,0.4013,2022,"public domain (USDA NASS Census of Agriculture), Census of Agriculture 2022"
48219,546993.0,0.9409,442215.0,0.7606,2022,"public domain (USDA NASS Census of Agriculture), Census of Agriculture 2022"
48221,124769.0,0.4634,36354.0,0.135,2022,"public domain (USDA NASS Census of Agriculture), Census of Agriculture 2022"
48223,317431.0,0.6463,101540.0,0.2067,2022,"public domain (USDA NASS Census of Agriculture), Census of Agriculture 2022"
48225,483598.0,0.6138,96553.0,0.1226,2022,"public domain (USDA NASS Census of Agriculture), Census of Agriculture 2022"
48227,575487.0,0.9982,237055.0,0.4112,2022,"public domain (USDA NASS Census of Agriculture), Census of Agriculture 2022"
48229,2642028.0,0.9032,66538.0,0.0227,2022,"public domain (USDA NASS Census of Agriculture), Census of Agriculture 2022"
48231,355339.0,0.6606,149373.0,0.2777,2022,"public domain (USDA NASS Census of Agriculture), Census of Agriculture 2022"
48233,560153.0,0.9863,94673.0,0.1667,2022,"public domain (USDA NASS Census of Agriculture), Census of Agriculture 2022"
48235,672190.0,0.9988,4432.0,0.0066,2022,"public domain (USDA NASS Census of Agriculture), Census of Agriculture 2022"
48237,573752.0,0.9841,64723.0,0.111,2022,"public domain (USDA NASS Census of Agriculture), Census of Agriculture 2022"
48239,353038.0,0.6651,116170.0,0.2188,2022,"public domain (USDA NASS Census of Agriculture), Census of Agriculture 2022"
48241,63695.0,0.106,11813.0,0.0197,2022,"public domain (USDA NASS Census of Agriculture), Census of Agriculture 2022"
48243,1420886.0,0.9804,23297.0,0.0161,2022,"public domain (USDA NASS Census of Agriculture), Census of Agriculture 2022"
48245,347504.0,0.6193,122074.0,0.2176,2022,"public domain (USDA NASS Census of Agriculture), Census of Agriculture 2022"
48247,587474.0,0.8079,16041.0,0.0221,2022,"public domain (USDA NASS Census of Agriculture), Census of Agriculture 2022"
48249,398796.0,0.7202,116011.0,0.2095,2022,"public domain (USDA NASS Census of Agriculture), Census of Agriculture 2022"
48251,287921.0,0.6205,109535.0,0.2361,2022,"public domain (USDA NASS Census of Agriculture), Census of Agriculture 2022"
48253,564608.0,0.95,313674.0,0.5278,2022,"public domain (USDA NASS Census of Agriculture), Census of Agriculture 2022"
48255,389854.0,0.8146,68844.0,0.1439,2022,"public domain (USDA NASS Census of Agriculture), Census of Agriculture 2022"
48257,280030.0,0.5605,91185.0,0.1825,2022,"public domain (USDA NASS Census of Agriculture), Census of Agriculture 2022"
48259,269055.0,0.6346,19708.0,0.0465,2022,"public domain (USDA NASS Census of Agriculture), Census of Agriculture 2022"
48261,1000174.0,1.0,,,2022,"public domain (USDA NASS Census of Agriculture), Census of Agriculture 2022"
48263,589592.0,1.0,62879.0,0.1089,2022,"public domain (USDA NASS Census of Agriculture), Census of Agriculture 2022"
48265,390194.0,0.5526,14558.0,0.0206,2022,"public domain (USDA NASS Census of Agriculture), Census of Agriculture 2022"
48267,421491.0,0.5265,21071.0,0.0263,2022,"public domain (USDA NASS Census of Agriculture), Census of Agriculture 2022"
48269,562164.0,0.9643,52404.0,0.0899,2022,"public domain (USDA NASS Census of Agriculture), Census of Agriculture 2022"
48271,615924.0,0.7074,9525.0,0.0109,2022,"public domain (USDA NASS Census of Agriculture), Census of Agriculture 2022"
48273,470997.0,0.835,58989.0,0.1046,2022,"public domain (USDA NASS Census of Agriculture), Census of Agriculture 2022"
48275,544231.0,0.9997,175071.0,0.3216,2022,"public domain (USDA NASS Census of Agriculture), Census of Agriculture 2022"
48277,513465.0,0.8842,192638.0,0.3317,2022,"public domain (USDA NASS Census of Agriculture), Census of Agriculture 2022"
48279,511619.0,0.7867,413307.0,0.6355,2022,"public domain (USDA NASS Census of Agriculture), Census of Agriculture 2022"
48281,448284.0,0.983,40992.0,0.0899,2022,"public domain (USDA NASS Census of Agriculture), Census of Agriculture 2022"
48283,552478.0,0.5806,11484.0,0.0121,2022,"public domain (USDA NASS Census of Agriculture), Census of Agriculture 2022"
48285,540742.0,0.8713,94731.0,0.1526,2022,"public domain (USDA NASS Census of Agriculture), Census of Agriculture 2022"
48287,341764.0,0.8489,47350.0,0.1176,2022,"public domain (USDA NASS Census of Agriculture), Census of Agriculture 2022"
48289,423117.0,0.6161,59974.0,0.0873,2022,"public domain (USDA NASS Census of Agriculture), Census of Agriculture 2022"
48291,234400.0,0.3162,66290.0,0.0894,2022,"public domain (USDA NASS Census of Agriculture), Census of Agriculture 2022"
48293,458104.0,0.7905,59023.0,0.1019,2022,"public domain (USDA NASS Census of Agriculture), Census of Agriculture 2022"
48295,554835.0,0.93,112534.0,0.1886,2022,"public domain (USDA NASS Census of Agriculture), Census of Agriculture 2022"
48297,414029.0,0.6222,43806.0,0.0658,2022,"public domain (USDA NASS Census of Agriculture), Census of Agriculture 2022"
48299,521757.0,0.8728,24460.0,0.0409,2022,"public domain (USDA NASS Census of Agriculture), Census of Agriculture 2022"
48301,424193.0,0.991,783.0,0.0018,2022,"public domain (USDA NASS Census of Agriculture), Census of Agriculture 2022"
48303,465867.0,0.8128,361218.0,0.6302,2022,"public domain (USDA NASS Census of Agriculture), Census of Agriculture 2022"
48305,566683.0,0.9928,437414.0,0.7663,2022,"public domain (USDA NASS Census of Agriculture), Census of Agriculture 2022"
48307,547959.0,0.8035,67529.0,0.099,2022,"public domain (USDA NASS Census of Agriculture), Census of Agriculture 2022"
48309,552280.0,0.8324,222668.0,0.3356,2022,"public domain (USDA NASS Census of Agriculture), Census of Agriculture 2022"
48311,580772.0,0.7962,8243.0,0.0113,2022,"public domain (USDA NASS Census of Agriculture), Census of Agriculture 2022"
48313,214931.0,0.7206,34659.0,0.1162,2022,"public domain (USDA NASS Census of Agriculture), Census of Agriculture 2022"
48315,56568.0,0.232,16103.0,0.0661,2022,"public domain (USDA NASS Census of Agriculture), Census of Agriculture 2022"
48317,576851.0,0.9851,269925.0,0.461,2022,"public domain (USDA NASS Census of Agriculture), Census of Agriculture 2022"
48319,591985.0,0.9958,38997.0,0.0656,2022,"public domain (USDA NASS Census of Agriculture), Census of Agriculture 2022"
48321,545730.0,0.7801,146069.0,0.2088,2022,"public domain (USDA NASS Census of Agriculture), Census of Agriculture 2022"
48323,329643.0,0.4026,13233.0,0.0162,2022,"public domain (USDA NASS Census of Agriculture), Census of Agriculture 2022"
48325,634224.0,0.7477,160659.0,0.1894,2022,"public domain (USDA NASS Census of Agriculture), Census of Agriculture 2022"
48327,574274.0,0.9948,26326.0,0.0456,2022,"public domain (USDA NASS Census of Agriculture), Census of Agriculture 2022"
48329,560075.0,0.972,67801.0,0.1177,2022,"public domain (USDA NASS Census of Agriculture), Census of Agriculture 2022"
48331,492739.0,0.7575,133510.0,0.2053,2022,"public domain (USDA NASS Census of Agriculture), Census of Agriculture 2022"
48333,378004.0,0.7894,43079.0,0.09,2022,"public domain (USDA NASS Census of Agriculture), Census of Agriculture 2022"
48335,582475.0,0.9989,126283.0,0.2166,2022,"public domain (USDA NASS Census of Agriculture), Census of Agriculture 2022"
48337,465118.0,0.7807,87974.0,0.1477,2022,"public domain (USDA NASS Census of Agriculture), Census of Agriculture 2022"
48339,100081.0,0.1501,18470.0,0.0277,2022,"public domain (USDA NASS Census of Agriculture), Census of Agriculture 2022"
48341,511477.0,0.8883,178721.0,0.3104,2022,"public domain (USDA NASS Census of Agriculture), Census of Agriculture 2022"
48343,45116.0,0.2797,10784.0,0.0669,2022,"public domain (USDA NASS Census of Agriculture), Census of Agriculture 2022"
48345,407404.0,0.6433,81094.0,0.128,2022,"public domain (USDA NASS Census of Agriculture), Census of Agriculture 2022"
48347,209452.0,0.3458,32477.0,0.0536,2022,"public domain (USDA NASS Census of Agriculture), Census of Agriculture 2022"
48349,468616.0,0.7252,117599.0,0.182,2022,"public domain (USDA NASS Census of Agriculture), Census of Agriculture 2022"
48351,25609.0,0.0429,5301.0,0.0089,2022,"public domain (USDA NASS Census of Agriculture), Census of Agriculture 2022"
48353,403121.0,0.6907,107186.0,0.1836,2022,"public domain (USDA NASS Census of Agriculture), Census of Agriculture 2022"
48355,530663.0,0.988,383446.0,0.7139,2022,"public domain (USDA NASS Census of Agriculture), Census of Agriculture 2022"
48357,435702.0,0.7418,266185.0,0.4532,2022,"public domain (USDA NASS Census of Agriculture), Census of Agriculture 2022"
48359,896031.0,0.933,117875.0,0.1227,2022,"public domain (USDA NASS Census of Agriculture), Census of Agriculture 2022"
48361,49401.0,0.2313,5210.0,0.0244,2022,"public domain (USDA NASS Census of Agriculture), Census of Agriculture 2022"
48363,608448.0,0.9981,62486.0,0.1025,2022,"public domain (USDA NASS Census of Agriculture), Census of Agriculture 2022"
48365,142072.0,0.2736,27642.0,0.0532,2022,"public domain (USDA NASS Census of Agriculture), Census of Agriculture 2022"
48367,341108.0,0.5898,76147.0,0.1317,2022,"public domain (USDA NASS Census of Agriculture), Census of Agriculture 2022"
48369,563707.0,1.0,445516.0,0.7903,2022,"public domain (USDA NASS Census of Agriculture), Census of Agriculture 2022"
48371,3013934.0,0.9885,86467.0,0.0284,2022,"public domain (USDA NASS Census of Agriculture), Census of Agriculture 2022"
48373,82869.0,0.1225,20476.0,0.0303,2022,"public domain (USDA NASS Census of Agriculture), Census of Agriculture 2022"
48375,581288.0,0.9999,67502.0,0.1161,2022,"public domain (USDA NASS Census of Agriculture), Census of Agriculture 2022"
48377,2363110.0,0.9577,4326.0,0.0018,2022,"public domain (USDA NASS Census of Agriculture), Census of Agriculture 2022"
48379,72477.0,0.4935,21935.0,0.1493,2022,"public domain (USDA NASS Census of Agriculture), Census of Agriculture 2022"
48381,583884.0,0.9996,221224.0,0.3787,2022,"public domain (USDA NASS Census of Agriculture), Census of Agriculture 2022"
48383,744621.0,0.9899,40534.0,0.0539,2022,"public domain (USDA NASS Census of Agriculture), Census of Agriculture 2022"
48385,291417.0,0.6513,2629.0,0.0059,2022,"public domain (USDA NASS Census of Agriculture), Census of Agriculture 2022"
48387,482116.0,0.7216,123885.0,0.1854,2022,"public domain (USDA NASS Census of Agriculture), Census of Agriculture 2022"
48389,830657.0,0.4925,66694.0,0.0395,2022,"public domain (USDA NASS Census of Agriculture), Census of Agriculture 2022"
48391,369313.0,0.7489,73951.0,0.15,2022,"public domain (USDA NASS Census of Agriculture), Census of Agriculture 2022"
48393,590457.0,0.9984,50070.0,0.0847,2022,"public domain (USDA NASS Census of Agriculture), Census of Agriculture 2022"
48395,459840.0,0.8402,122555.0,0.2239,2022,"public domain (USDA NASS Census of Agriculture), Census of Agriculture 2022"
48397,23466.0,0.2882,11059.0,0.1358,2022,"public domain (USDA NASS Census of Agriculture), Census of Agriculture 2022"
48399,672612.0,0.9999,290761.0,0.4322,2022,"public domain (USDA NASS Census of Agriculture), Census of Agriculture 2022"
48401,214040.0,0.3619,41465.0,0.0701,2022,"public domain (USDA NASS Census of Agriculture), Census of Agriculture 2022"
48403,25916.0,0.0824,4276.0,0.0136,2022,"public domain (USDA NASS Census of Agriculture), Census of Agriculture 2022"
48405,37406.0,0.1101,6238.0,0.0184,2022,"public domain (USDA NASS Census of Agriculture), Census of Agriculture 2022"
48407,66844.0,0.1835,14274.0,0.0392,2022,"public domain (USDA NASS Census of Agriculture), Census of Agriculture 2022"
48409,336068.0,0.7574,244431.0,0.5509,2022,"public domain (USDA NASS Census of Agriculture), Census of Agriculture 2022"
48411,722887.0,0.9949,72761.0,0.1001,2022,"public domain (USDA NASS Census of Agriculture), Census of Agriculture 2022"
48413,836691.0,0.9975,57716.0,0.0688,2022,"public domain (USDA NASS Census of Agriculture), Census of Agriculture 2022"
48415,569946.0,0.9835,234128.0,0.404,2022,"public domain (USDA NASS Census of Agriculture), Census of Agriculture 2022"
48417,497940.0,0.851,48665.0,0.0832,2022,"public domain (USDA NASS Census of Agriculture), Census of Agriculture 2022"
48419,252770.0,0.4964,35527.0,0.0698,2022,"public domain (USDA NASS Census of Agriculture), Census of Agriculture 2022"
48421,590226.0,0.9993,403875.0,0.6838,2022,"public domain (USDA NASS Census of Agriculture), Census of Agriculture 2022"
48423,251235.0,0.426,62745.0,0.1064,2022,"public domain (USDA NASS Census of Agriculture), Census of Agriculture 2022"
48425,99570.0,0.8355,29788.0,0.25,2022,"public domain (USDA NASS Census of Agriculture), Census of Agriculture 2022"
48427,468257.0,0.5982,85536.0,0.1093,2022,"public domain (USDA NASS Census of Agriculture), Census of Agriculture 2022"
48429,387474.0,0.6752,28903.0,0.0504,2022,"public domain (USDA NASS Census of Agriculture), Census of Agriculture 2022"
48431,650960.0,1.0,15761.0,0.0267,2022,"public domain (USDA NASS Census of Agriculture), Census of Agriculture 2022"
48433,476804.0,0.813,67425.0,0.115,2022,"public domain (USDA NASS Census of Agriculture), Census of Agriculture 2022"
48435,909743.0,0.9777,21768.0,0.0234,2022,"public domain (USDA NASS Census of Agriculture), Census of Agriculture 2022"
48437,542277.0,0.9519,419824.0,0.7369,2022,"public domain (USDA NASS Census of Agriculture), Census of Agriculture 2022"
48439,199120.0,0.3596,34694.0,0.0627,2022,"public domain (USDA NASS Census of Agriculture), Census of Agriculture 2022"
48441,365679.0,0.6241,161022.0,0.2748,2022,"public domain (USDA NASS Census of Agriculture), Census of Agriculture 2022"
48443,801358.0,0.531,8551.0,0.0057,2022,"public domain (USDA NASS Census of Agriculture), Census of Agriculture 2022"
48445,568831.0,0.9999,496422.0,0.8727,2022,"public domain (USDA NASS Census of Agriculture), Census of Agriculture 2022"
48447,583977.0,0.9999,100079.0,0.1714,2022,"public domain (USDA NASS Census of Agriculture), Census of Agriculture 2022"
48449,139188.0,0.5353,32675.0,0.1257,2022,"public domain (USDA NASS Census of Agriculture), Census of Agriculture 2022"
48451,937713.0,0.9625,189638.0,0.1946,2022,"public domain (USDA NASS Census of Agriculture), Census of Agriculture 2022"
48453,198239.0,0.3115,51487.0,0.0809,2022,"public domain (USDA NASS Census of Agriculture), Census of Agriculture 2022"
48455,67100.0,0.1511,10658.0,0.024,2022,"public domain (USDA NASS Census of Agriculture), Census of Agriculture 2022"
48457,63492.0,0.1073,10937.0,0.0185,2022,"public domain (USDA NASS Census of Agriculture), Census of Agriculture 2022"
48459,150383.0,0.4031,33485.0,0.0897,2022,"public domain (USDA NASS Census of Agriculture), Census of Agriculture 2022"
48461,518980.0,0.6533,57289.0,0.0721,2022,"public domain (USDA NASS Census of Agriculture), Census of Agriculture 2022"
48463,993079.0,0.9998,115702.0,0.1165,2022,"public domain (USDA NASS Census of Agriculture), Census of Agriculture 2022"
48465,1417386.0,0.7042,4197.0,0.0021,2022,"public domain (USDA NASS Census of Agriculture), Census of Agriculture 2022"
48467,416603.0,0.7726,95460.0,0.177,2022,"public domain (USDA NASS Census of Agriculture), Census of Agriculture 2022"
48469,526006.0,0.9317,106033.0,0.1878,2022,"public domain (USDA NASS Census of Agriculture), Census of Agriculture 2022"
48471,194887.0,0.3883,32166.0,0.0641,2022,"public domain (USDA NASS Census of Agriculture), Census of Agriculture 2022"
48473,211993.0,0.6453,65983.0,0.2009,2022,"public domain (USDA NASS Census of Agriculture), Census of Agriculture 2022"
48475,441773.0,0.8261,3473.0,0.0065,2022,"public domain (USDA NASS Census of Agriculture), Census of Agriculture 2022"
48477,374608.0,0.9688,57270.0,0.1481,2022,"public domain (USDA NASS Census of Agriculture), Census of Agriculture 2022"
48479,2128507.0,0.9894,53047.0,0.0247,2022,"public domain (USDA NASS Census of Agriculture), Census of Agriculture 2022"
48481,553800.0,0.7967,364166.0,0.5239,2022,"public domain (USDA NASS Census of Agriculture), Census of Agriculture 2022"
48483,584576.0,0.9988,111190.0,0.19,2022,"public domain (USDA NASS Census of Agriculture), Census of Agriculture 2022"
48485,298639.0,0.7435,108653.0,0.2705,2022,"public domain (USDA NASS Census of Agriculture), Census of Agriculture 2022"
48487,536318.0,0.8631,181374.0,0.2919,2022,"public domain (USDA NASS Census of Agriculture), Census of Agriculture 2022"
48489,293861.0,0.7774,170402.0,0.4508,2022,"public domain (USDA NASS Census of Agriculture), Census of Agriculture 2022"
48491,380184.0,0.5324,159219.0,0.223,2022,"public domain (USDA NASS Census of Agriculture), Census of Agriculture 2022"
48493,393148.0,0.7643,85199.0,0.1656,2022,"public domain (USDA NASS Census of Agriculture), Census of Agriculture 2022"
48495,365973.0,0.6797,,,2022,"public domain (USDA NASS Census of Agriculture), Census of Agriculture 2022"
48497,345021.0,0.5961,82410.0,0.1424,2022,"public domain (USDA NASS Census of Agriculture), Census of Agriculture 2022"
48499,193055.0,0.4675,47126.0,0.1141,2022,"public domain (USDA NASS Census of Agriculture), Census of Agriculture 2022"
48501,441578.0,0.8628,208123.0,0.4066,2022,"public domain (USDA NASS Census of Agriculture), Census of Agriculture 2022"
48503,483160.0,0.8255,88121.0,0.1506,2022,"public domain (USDA NASS Census of Agriculture), Census of Agriculture 2022"
48505,287324.0,0.4497,5980.0,0.0094,2022,"public domain (USDA NASS Census of Agriculture), Census of Agriculture 2022"
48507,740758.0,0.8921,48593.0,0.0585,2022,"public domain (USDA NASS Census of Agriculture), Census of Agriculture 2022"
49001,119496.0,0.0723,34234.0,0.0207,2022,"public domain (USDA NASS Census of Agriculture), Census of Agriculture 2022"
49003,1176650.0,0.318,239338.0,0.0647,2022,"public domain (USDA NASS Census of Agriculture), Census of Agriculture 2022"
49005,269909.0,0.3621,113209.0,0.1519,2022,"public domain (USDA NASS Census of Agriculture), Census of Agriculture 2022"
49007,204872.0,0.2164,29407.0,0.0311,2022,"public domain (USDA NASS Census of Agriculture), Census of Agriculture 2022"
49009,15397.0,0.0345,4999.0,0.0112,2022,"public domain (USDA NASS Census of Agriculture), Census of Agriculture 2022"
49011,48690.0,0.2343,12878.0,0.062,2022,"public domain (USDA NASS Census of Agriculture), Census of Agriculture 2022"
49013,1055301.0,0.5096,65727.0,0.0317,2022,"public domain (USDA NASS Census of Agriculture), Census of Agriculture 2022"
49015,118424.0,0.0415,47131.0,0.0165,2022,"public domain (USDA NASS Census of Agriculture), Census of Agriculture 2022"
49017,85397.0,0.0258,18114.0,0.0055,2022,"public domain (USDA NASS Census of Agriculture), Census of Agriculture 2022"
49019,230381.0,0.098,9608.0,0.0041,2022,"public domain (USDA NASS Census of Agriculture), Census of Agriculture 2022"
49021,475348.0,0.2253,85936.0,0.0407,2022,"public domain (USDA NASS Census of Agriculture), Census of Agriculture 2022"
49023,246735.0,0.1137,45181.0,0.0208,2022,"public domain (USDA NASS Census of Agriculture), Census of Agriculture 2022"
49025,125662.0,0.0492,4641.0,0.0018,2022,"public domain (USDA NASS Census of Agriculture), Census of Agriculture 2022"
49027,384052.0,0.0884,107745.0,0.0248,2022,"public domain (USDA NASS Census of Agriculture), Census of Agriculture 2022"
49029,225858.0,0.5793,13446.0,0.0345,2022,"public domain (USDA NASS Census of Agriculture), Census of Agriculture 2022"
49031,46033.0,0.0949,14788.0,0.0305,2022,"public domain (USDA NASS Census of Agriculture), Census of Agriculture 2022"
49033,362184.0,0.5501,68991.0,0.1048,2022,"public domain (USDA NASS Census of Agriculture), Census of Agriculture 2022"
49035,49566.0,0.1029,4652.0,0.0097,2022,"public domain (USDA NASS Census of Agriculture), Census of Agriculture 2022"
49037,1667744.0,0.3331,114059.0,0.0228,2022,"public domain (USDA NASS Census of Agriculture), Census of Agriculture 2022"
49039,277113.0,0.2724,73806.0,0.0725,2022,"public domain (USDA NASS Census of Agriculture), Census of Agriculture 2022"
49041,115336.0,0.0943,29073.0,0.0238,2022,"public domain (USDA NASS Census of Agriculture), Census of Agriculture 2022"
49043,398230.0,0.3326,30048.0,0.0251,2022,"public domain (USDA NASS Census of Agriculture), Census of Agriculture 2022"
49045,311828.0,0.0692,21715.0,0.0048,2022,"public domain (USDA NASS Census of Agriculture), Census of Agriculture 2022"
49047,1866195.0,0.6505,84226.0,0.0294,2022,"public domain (USDA NASS Census of Agriculture), Census of Agriculture 2022"
49049,296042.0,0.2308,102037.0,0.0795,2022,"public domain (USDA NASS Census of Agriculture), Census of Agriculture 2022"
49051,103438.0,0.1373,12962.0,0.0172,2022,"public domain (USDA NASS Census of Agriculture), Census of Agriculture 2022"
49053,105541.0,0.0679,17052.0,0.011,2022,"public domain (USDA NASS Census of Agriculture), Census of Agriculture 2022"
49055,34813.0,0.0221,17344.0,0.011,2022,"public domain (USDA NASS Census of Agriculture), Census of Agriculture 2022"
49057,78688.0,0.2012,21750.0,0.0556,2022,"public domain (USDA NASS Census of Agriculture), Census of Agriculture 2022"
50001,177719.0,0.3624,109133.0,0.2225,2022,"public domain (USDA NASS Census of Agriculture), Census of Agriculture 2022"
50003,37248.0,0.0863,7114.0,0.0165,2022,"public domain (USDA NASS Census of Agriculture), Census of Agriculture 2022"
50005,85015.0,0.2046,29326.0,0.0706,2022,"public domain (USDA NASS Census of Agriculture), Census of Agriculture 2022"
50007,74472.0,0.2168,28520.0,0.083,2022,"public domain (USDA NASS Census of Agriculture), Census of Agriculture 2022"
50009,37842.0,0.0893,5546.0,0.0131,2022,"public domain (USDA NASS Census of Agriculture), Census of Agriculture 2022"
50011,182060.0,0.4508,77854.0,0.1928,2022,"public domain (USDA NASS Census of Agriculture), Census of Agriculture 2022"
50013,14272.0,0.2727,9920.0,0.1896,2022,"public domain (USDA NASS Census of Agriculture), Census of Agriculture 2022"
50015,56504.0,0.1914,9051.0,0.0307,2022,"public domain (USDA NASS Census of Agriculture), Census of Agriculture 2022"
50017,87430.0,0.1988,30834.0,0.0701,2022,"public domain (USDA NASS Census of Agriculture), Census of Agriculture 2022"
50019,121559.0,0.2735,49472.0,0.1113,2022,"public domain (USDA NASS Census of Agriculture), Census of Agriculture 2022"
50021,116540.0,0.1957,32544.0,0.0546,2022,"public domain (USDA NASS Census of Agriculture), Census of Agriculture 2022"
50023,56396.0,0.1283,17514.0,0.0398,2022,"public domain (USDA NASS Census of Agriculture), Census of Agriculture 2022"
50025,42675.0,0.0848,9688.0,0.0193,2022,"public domain (USDA NASS Census of Agriculture), Census of Agriculture 2022"
50027,84158.0,0.1357,19781.0,0.0319,2022,"public domain (USDA NASS Census of Agriculture), Census of Agriculture 2022"
51001,81233.0,0.2825,60067.0,0.2089,2022,"public domain (USDA NASS Census of Agriculture), Census of Agriculture 2022"
51003,167583.0,0.3634,42417.0,0.092,2022,"public domain (USDA NASS Census of Agriculture), Census of Agriculture 2022"
51005,31836.0,0.1114,8295.0,0.029,2022,"public domain (USDA NASS Census of Agriculture), Census of Agriculture 2022"
51007,62309.0,0.274,29484.0,0.1296,2022,"public domain (USDA NASS Census of Agriculture), Census of Agriculture 2022"
51009,74554.0,0.2458,16966.0,0.0559,2022,"public domain (USDA NASS Census of Agriculture), Census of Agriculture 2022"
51011,74535.0,0.3485,18601.0,0.087,2022,"public domain (USDA NASS Census of Agriculture), Census of Agriculture 2022"
51013,3.0,0.0002,,,2022,"public domain (USDA NASS Census of Agriculture), Census of Agriculture 2022"
51015,243974.0,0.3942,94998.0,0.1535,2022,"public domain (USDA NASS Census of Agriculture), Census of Agriculture 2022"
51017,34634.0,0.1023,8498.0,0.0251,2022,"public domain (USDA NASS Census of Agriculture), Census of Agriculture 2022"
51019,183200.0,0.3766,57623.0,0.1185,2022,"public domain (USDA NASS Census of Agriculture), Census of Agriculture 2022"
51021,79310.0,0.3465,14043.0,0.0614,2022,"public domain (USDA NASS Census of Agriculture), Census of Agriculture 2022"
51023,89509.0,0.2584,25471.0,0.0735,2022,"public domain (USDA NASS Census of Agriculture), Census of Agriculture 2022"
51025,64864.0,0.179,24683.0,0.0681,2022,"public domain (USDA NASS Census of Agriculture), Census of Agriculture 2022"
51027,8501.0,0.0264,1331.0,0.0041,2022,"public domain (USDA NASS Census of Agriculture), Census of Agriculture 2022"
51029,80900.0,0.2181,25552.0,0.0689,2022,"public domain (USDA NASS Census of Agriculture), Census of Agriculture 2022"
51031,117078.0,0.3635,36347.0,0.1129,2022,"public domain (USDA NASS Census of Agriculture), Census of Agriculture 2022"
51033,60121.0,0.1781,41048.0,0.1216,2022,"public domain (USDA NASS Census of Agriculture), Census of Agriculture 2022"
51035,111941.0,0.3684,31859.0,0.1049,2022,"public domain (USDA NASS Census of Agriculture), Census of Agriculture 2022"
51036,33617.0,0.2872,22221.0,0.1898,2022,"public domain (USDA NASS Census of Agriculture), Census of Agriculture 2022"
51037,116680.0,0.3836,37523.0,0.1234,2022,"public domain (USDA NASS Census of Agriculture), Census of Agriculture 2022"
51041,19686.0,0.0726,5226.0,0.0193,2022,"public domain (USDA NASS Census of Agriculture), Census of Agriculture 2022"
51043,50182.0,0.4456,19671.0,0.1747,2022,"public domain (USDA NASS Census of Agriculture), Census of Agriculture 2022"
51045,45890.0,0.2185,15718.0,0.0749,2022,"public domain (USDA NASS Census of Agriculture), Census of Agriculture 2022"
51047,115816.0,0.4772,53745.0,0.2215,2022,"public domain (USDA NASS Census of Agriculture), Census of Agriculture 2022"
51049,48885.0,0.2568,13821.0,0.0726,2022,"public domain (USDA NASS Census of Agriculture), Census of Agriculture 2022"
51051,10617.0,0.0502,2091.0,0.0099,2022,"public domain (USDA NASS Census of Agriculture), Census of Agriculture 2022"
51053,101333.0,0.3142,43948.0,0.1363,2022,"public domain (USDA NASS Census of Agriculture), Census of Agriculture 2022"
51057,59380.0,0.3605,45576.0,0.2767,2022,"public domain (USDA NASS Census of Agriculture), Census of Agriculture 2022"
51059,3616.0,0.0144,648.0,0.0026,2022,"public domain (USDA NASS Census of Agriculture), Census of Agriculture 2022"
51061,188562.0,0.4547,68239.0,0.1645,2022,"public domain (USDA NASS Census of Agriculture), Census of Agriculture 2022"
51063,100913.0,0.4139,29022.0,0.119,2022,"public domain (USDA NASS Census of Agriculture), Census of Agriculture 2022"
51065,49499.0,0.2694,15204.0,0.0827,2022,"public domain (USDA NASS Census of Agriculture), Census of Agriculture 2022"
51067,143127.0,0.3238,63648.0,0.144,2022,"public domain (USDA NASS Census of Agriculture), Census of Agriculture 2022"
51069,94314.0,0.3567,30975.0,0.1171,2022,"public domain (USDA NASS Census of Agriculture), Census of Agriculture 2022"
51071,70873.0,0.31,14462.0,0.0633,2022,"public domain (USDA NASS Census of Agriculture), Census of Agriculture 2022"
51073,24983.0,0.1792,15918.0,0.1142,2022,"public domain (USDA NASS Census of Agriculture), Census of Agriculture 2022"
51075,40711.0,0.2255,17020.0,0.0943,2022,"public domain (USDA NASS Census of Agriculture), Census of Agriculture 2022"
51077,124095.0,0.4389,37166.0,0.1314,2022,"public domain (USDA NASS Census of Agriculture), Census of Agriculture 2022"
51079,30811.0,0.3087,13039.0,0.1306,2022,"public domain (USDA NASS Census of Agriculture), Census of Agriculture 2022"
51081,38694.0,0.2048,18132.0,0.096,2022,"public domain (USDA NASS Census of Agriculture), Census of Agriculture 2022"
51083,159004.0,0.3038,51646.0,0.0987,2022,"public domain (USDA NASS Census of Agriculture), Census of Agriculture 2022"
51085,91864.0,0.307,58845.0,0.1966,2022,"public domain (USDA NASS Census of Agriculture), Census of Agriculture 2022"
51087,7927.0,0.053,6209.0,0.0415,2022,"public domain (USDA NASS Census of Agriculture), Census of Agriculture 2022"
51089,44869.0,0.1834,13126.0,0.0536,2022,"public domain (USDA NASS Census of Agriculture), Census of Agriculture 2022"
51091,96013.0,0.3614,16543.0,0.0623,2022,"public domain (USDA NASS Census of Agriculture), Census of Agriculture 2022"
51093,80316.0,0.3975,56312.0,0.2787,2022,"public domain (USDA NASS Census of Agriculture), Census of Agriculture 2022"
51095,6216.0,0.0683,2381.0,0.0261,2022,"public domain (USDA NASS Census of Agriculture), Census of Agriculture 2022"
51097,50027.0,0.248,32940.0,0.1633,2022,"public domain (USDA NASS Census of Agriculture), Census of Agriculture 2022"
51099,34854.0,0.3032,14454.0,0.1257,2022,"public domain (USDA NASS Census of Agriculture), Census of Agriculture 2022"
51101,57926.0,0.3304,35424.0,0.2021,2022,"public domain (USDA NASS Census of Agriculture), Census of Agriculture 2022"
51103,9987.0,0.1171,7511.0,0.088,2022,"public domain (USDA NASS Census of Agriculture), Census of Agriculture 2022"
51105,89186.0,0.3201,24768.0,0.0889,2022,"public domain (USDA NASS Census of Agriculture), Census of Agriculture 2022"
51107,110133.0,0.3337,53305.0,0.1615,2022,"public domain (USDA NASS Census of Agriculture), Census of Agriculture 2022"
51109,86660.0,0.2735,34108.0,0.1076,2022,"public domain (USDA NASS Census of Agriculture), Census of Agriculture 2022"
51111,69485.0,0.2515,24800.0,0.0898,2022,"public domain (USDA NASS Census of Agriculture), Census of Agriculture 2022"
51113,99536.0,0.485,39254.0,0.1913,2022,"public domain (USDA NASS Census of Agriculture), Census of Agriculture 2022"
51115,4567.0,0.0831,2550.0,0.0464,2022,"public domain (USDA NASS Census of Agriculture), Census of Agriculture 2022"
51117,123797.0,0.3093,48864.0,0.1221,2022,"public domain (USDA NASS Census of Agriculture), Census of Agriculture 2022"
51119,19164.0,0.2298,14138.0,0.1695,2022,"public domain (USDA NASS Census of Agriculture), Census of Agriculture 2022"
51121,85117.0,0.3438,25182.0,0.1017,2022,"public domain (USDA NASS Census of Agriculture), Census of Agriculture 2022"
51125,68566.0,0.2276,21847.0,0.0725,2022,"public domain (USDA NASS Census of Agriculture), Census of Agriculture 2022"
51127,21533.0,0.1602,12022.0,0.0894,2022,"public domain (USDA NASS Census of Agriculture), Census of Agriculture 2022"
51131,43586.0,0.3217,33406.0,0.2465,2022,"public domain (USDA NASS Census of Agriculture), Census of Agriculture 2022"
51133,54956.0,0.4486,41441.0,0.3382,2022,"public domain (USDA NASS Census of Agriculture), Census of Agriculture 2022"
51135,58567.0,0.2911,19456.0,0.0967,2022,"public domain (USDA NASS Census of Agriculture), Census of Agriculture 2022"
51137,103983.0,0.4771,51489.0,0.2363,2022,"public domain (USDA NASS Census of Agriculture), Census of Agriculture 2022"
51139,57321.0,0.2889,26760.0,0.1349,2022,"public domain (USDA NASS Census of Agriculture), Census of Agriculture 2022"
51141,70893.0,0.2294,18403.0,0.0595,2022,"public domain (USDA NASS Census of Agriculture), Census of Agriculture 2022"
51143,244183.0,0.3937,89398.0,0.1442,2022,"public domain (USDA NASS Census of Agriculture), Census of Agriculture 2022"
51145,33100.0,0.1988,10463.0,0.0628,2022,"public domain (USDA NASS Census of Agriculture), Census of Agriculture 2022"
51147,56228.0,0.2511,19621.0,0.0876,2022,"public domain (USDA NASS Census of Agriculture), Census of Agriculture 2022"
51149,26057.0,0.1534,14168.0,0.0834,2022,"public domain (USDA NASS Census of Agriculture), Census of Agriculture 2022"
51153,20388.0,0.095,11688.0,0.0545,2022,"public domain (USDA NASS Census of Agriculture), Census of Agriculture 2022"
51155,74264.0,0.3628,24383.0,0.1191,2022,"public domain (USDA NASS Census of Agriculture), Census of Agriculture 2022"
51157,66894.0,0.3924,20288.0,0.119,2022,"public domain (USDA NASS Census of Agriculture), Census of Agriculture 2022"
51159,36160.0,0.2951,27947.0,0.2281,2022,"public domain (USDA NASS Census of Agriculture), Census of Agriculture 2022"
51161,24633.0,0.1536,6309.0,0.0393,2022,"public domain (USDA NASS Census of Agriculture), Census of Agriculture 2022"
51163,124983.0,0.3274,34996.0,0.0917,2022,"public domain (USDA NASS Census of Agriculture), Census of Agriculture 2022"
51165,191588.0,0.3523,103499.0,0.1903,2022,"public domain (USDA NASS Census of Agriculture), Census of Agriculture 2022"
51167,176732.0,0.5832,33973.0,0.1121,2022,"public domain (USDA NASS Census of Agriculture), Census of Agriculture 2022"
51169,124895.0,0.3642,29490.0,0.086,2022,"public domain (USDA NASS Census of Agriculture), Census of Agriculture 2022"
51171,120653.0,0.371,49875.0,0.1534,2022,"public domain (USDA NASS Census of Agriculture), Census of Agriculture 2022"
51173,117159.0,0.4055,28232.0,0.0977,2022,"public domain (USDA NASS Census of Agriculture), Census of Agriculture 2022"
51175,155013.0,0.4042,101699.0,0.2652,2022,"public domain (USDA NASS Census of Agriculture), Census of Agriculture 2022"
51177,39666.0,0.1542,15421.0,0.0599,2022,"public domain (USDA NASS Census of Agriculture), Census of Agriculture 2022"
51179,11518.0,0.0669,5566.0,0.0323,2022,"public domain (USDA NASS Census of Agriculture), Census of Agriculture 2022"
51181,46226.0,0.2589,28339.0,0.1587,2022,"public domain (USDA NASS Census of Agriculture), Census of Agriculture 2022"
51183,69562.0,0.2217,46662.0,0.1487,2022,"public domain (USDA NASS Census of Agriculture), Census of Agriculture 2022"
51185,123581.0,0.3722,26977.0,0.0812,2022,"public domain (USDA NASS Census of Agriculture), Census of Agriculture 2022"
51187,37759.0,0.275,12692.0,0.0924,2022,"public domain (USDA NASS Census of Agriculture), Census of Agriculture 2022"
51191,169761.0,0.4727,50223.0,0.1398,2022,"public domain (USDA NASS Census of Agriculture), Census of Agriculture 2022"
51193,50594.0,0.3447,27774.0,0.1892,2022,"public domain (USDA NASS Census of Agriculture), Census of Agriculture 2022"
51195,15141.0,0.0586,3513.0,0.0136,2022,"public domain (USDA NASS Census of Agriculture), Census of Agriculture 2022"
51197,135888.0,0.4596,48333.0,0.1635,2022,"public domain (USDA NASS Census of Agriculture), Census of Agriculture 2022"
51199,1220.0,0.0182,180.0,0.0027,2022,"public domain (USDA NASS Census of Agriculture), Census of Agriculture 2022"
51510,,,,,,
51520,,,,,,
51530,,,,,,
51540,,,,,,
51550,37359.0,0.1725,31105.0,0.1436,2022,"public domain (USDA NASS Census of Agriculture), Census of Agriculture 2022"
51570,,,,,,
51580,,,,,,
51590,,,,,,
51595,,,,,,
51600,,,,,,
51610,,,,,,
51620,,,,,,
51630,,,,,,
51640,,,,,,
51650,,,,,,
51660,,,,,,
51670,,,,,,
51678,,,,,,
51680,,,,,,
51683,,,,,,
51685,,,,,,
51690,,,,,,
51700,,,,,,
51710,,,,,,
51720,,,,,,
51730,,,,,,
51735,,,,,,
51740,,,,,,
51750,,,,,,
51760,,,,,,
51770,,,,,,
51775,,,,,,
51790,,,,,,
51800,70920.0,0.2776,55302.0,0.2165,2022,"public domain (USDA NASS Census of Agriculture), Census of Agriculture 2022"
51810,23140.0,0.1477,18697.0,0.1194,2022,"public domain (USDA NASS Census of Agriculture), Census of Agriculture 2022"
51820,,,,,,
51830,,,,,,
51840,,,,,,
53001,981670.0,0.7968,769967.0,0.625,2022,"public domain (USDA NASS Census of Agriculture), Census of Agriculture 2022"
53003,200898.0,0.4935,70814.0,0.174,2022,"public domain (USDA NASS Census of Agriculture), Census of Agriculture 2022"
53005,612372.0,0.5628,463228.0,0.4257,2022,"public domain (USDA NASS Census of Agriculture), Census of Agriculture 2022"
53007,55095.0,0.0295,27525.0,0.0147,2022,"public domain (USDA NASS Census of Agriculture), Census of Agriculture 2022"
53009,15789.0,0.0142,6708.0,0.006,2022,"public domain (USDA NASS Census of Agriculture), Census of Agriculture 2022"
53011,56038.0,0.1393,22009.0,0.0547,2022,"public domain (USDA NASS Census of Agriculture), Census of Agriculture 2022"
53013,302041.0,0.5433,198737.0,0.3575,2022,"public domain (USDA NASS Census of Agriculture), Census of Agriculture 2022"
53015,28902.0,0.0396,14133.0,0.0194,2022,"public domain (USDA NASS Census of Agriculture), Census of Agriculture 2022"
53017,787620.0,0.6765,508198.0,0.4365,2022,"public domain (USDA NASS Census of Agriculture), Census of Agriculture 2022"
53019,522236.0,0.3704,11476.0,0.0081,2022,"public domain (USDA NASS Census of Agriculture), Census of Agriculture 2022"
53021,586594.0,0.7382,451688.0,0.5684,2022,"public domain (USDA NASS Census of Agriculture), Census of Agriculture 2022"
53023,262540.0,0.5771,156685.0,0.3444,2022,"public domain (USDA NASS Census of Agriculture), Census of Agriculture 2022"
53025,1014389.0,0.5915,814651.0,0.475,2022,"public domain (USDA NASS Census of Agriculture), Census of Agriculture 2022"
53027,97952.0,0.0805,16239.0,0.0133,2022,"public domain (USDA NASS Census of Agriculture), Census of Agriculture 2022"
53029,17038.0,0.1277,9528.0,0.0714,2022,"public domain (USDA NASS Census of Agriculture), Census of Agriculture 2022"
53031,8717.0,0.0076,2117.0,0.0018,2022,"public domain (USDA NASS Census of Agriculture), Census of Agriculture 2022"
53033,46261.0,0.0342,19170.0,0.0142,2022,"public domain (USDA NASS Census of Agriculture), Census of Agriculture 2022"
53035,9539.0,0.0377,2515.0,0.0099,2022,"public domain (USDA NASS Census of Agriculture), Census of Agriculture 2022"
53037,165205.0,0.1124,59201.0,0.0403,2022,"public domain (USDA NASS Census of Agriculture), Census of Agriculture 2022"
53039,619788.0,0.5174,223233.0,0.1864,2022,"public domain (USDA NASS Census of Agriculture), Census of Agriculture 2022"
53041,118915.0,0.0773,53115.0,0.0345,2022,"public domain (USDA NASS Census of Agriculture), Census of Agriculture 2022"
53043,1109276.0,0.7501,792235.0,0.5357,2022,"public domain (USDA NASS Census of Agriculture), Census of Agriculture 2022"
53045,36865.0,0.06,5065.0,0.0082,2022,"public domain (USDA NASS Census of Agriculture), Census of Agriculture 2022"
53047,940124.0,0.2789,105529.0,0.0313,2022,"public domain (USDA NASS Census of Agriculture), Census of Agriculture 2022"
53049,43851.0,0.0734,7755.0,0.013,2022,"public domain (USDA NASS Census of Agriculture), Census of Agriculture 2022"
53051,37832.0,0.0422,16020.0,0.0179,2022,"public domain (USDA NASS Census of Agriculture), Census of Agriculture 2022"
53053,47546.0,0.0445,15067.0,0.0141,2022,"public domain (USDA NASS Census of Agriculture), Census of Agriculture 2022"
53055,19571.0,0.1758,7928.0,0.0712,2022,"public domain (USDA NASS Census of Agriculture), Census of Agriculture 2022"
53057,99718.0,0.0901,68346.0,0.0617,2022,"public domain (USDA NASS Census of Agriculture), Census of Agriculture 2022"
53059,6416.0,0.006,1646.0,0.0016,2022,"public domain (USDA NASS Census of Agriculture), Census of Agriculture 2022"
53061,73324.0,0.0549,40064.0,0.03,2022,"public domain (USDA NASS Census of Agriculture), Census of Agriculture 2022"
53063,571997.0,0.5066,391751.0,0.347,2022,"public domain (USDA NASS Census of Agriculture), Census of Agriculture 2022"
53065,465282.0,0.2935,66443.0,0.0419,2022,"public domain (USDA NASS Census of Agriculture), Census of Agriculture 2022"
53067,55943.0,0.121,19518.0,0.0422,2022,"public domain (USDA NASS Census of Agriculture), Census of Agriculture 2022"
53069,10643.0,0.0632,3086.0,0.0183,2022,"public domain (USDA NASS Census of Agriculture), Census of Agriculture 2022"
53071,713416.0,0.8777,579774.0,0.7133,2022,"public domain (USDA NASS Census of Agriculture), Census of Agriculture 2022"
53073,102886.0,0.0763,64682.0,0.0479,2022,"public domain (USDA NASS Census of Agriculture), Census of Agriculture 2022"
53075,1218301.0,0.8816,943430.0,0.6827,2022,"public domain (USDA NASS Census of Agriculture), Census of Agriculture 2022"
53077,1792824.0,0.6523,339183.0,0.1234,2022,"public domain (USDA NASS Census of Agriculture), Census of Agriculture 2022"
54001,104808.0,0.4802,30611.0,0.1402,2022,"public domain (USDA NASS Census of Agriculture), Census of Agriculture 2022"
54003,62043.0,0.3019,30511.0,0.1484,2022,"public domain (USDA NASS Census of Agriculture), Census of Agriculture 2022"
54005,2641.0,0.0082,,,2022,"public domain (USDA NASS Census of Agriculture), Census of Agriculture 2022"
54007,97558.0,0.2985,18153.0,0.0555,2022,"public domain (USDA NASS Census of Agriculture), Census of Agriculture 2022"
54009,10110.0,0.1771,3965.0,0.0695,2022,"public domain (USDA NASS Census of Agriculture), Census of Agriculture 2022"
54011,39347.0,0.2188,7857.0,0.0437,2022,"public domain (USDA NASS Census of Agriculture), Census of Agriculture 2022"
54013,60814.0,0.3403,11362.0,0.0636,2022,"public domain (USDA NASS Census of Agriculture), Census of Agriculture 2022"
54015,18614.0,0.0851,3170.0,0.0145,2022,"public domain (USDA NASS Census of Agriculture), Census of Agriculture 2022"
54017,71740.0,0.3506,12993.0,0.0635,2022,"public domain (USDA NASS Census of Agriculture), Census of Agriculture 2022"
54019,30196.0,0.0713,7182.0,0.017,2022,"public domain (USDA NASS Census of Agriculture), Census of Agriculture 2022"
54021,52920.0,0.2443,10094.0,0.0466,2022,"public domain (USDA NASS Census of Agriculture), Census of Agriculture 2022"
54023,116264.0,0.3805,21695.0,0.071,2022,"public domain (USDA NASS Census of Agriculture), Census of Agriculture 2022"
54025,175026.0,0.2682,38426.0,0.0589,2022,"public domain (USDA NASS Census of Agriculture), Census of Agriculture 2022"
54027,145379.0,0.3547,40882.0,0.0997,2022,"public domain (USDA NASS Census of Agriculture), Census of Agriculture 2022"
54029,8266.0,0.1563,2488.0,0.0471,2022,"public domain (USDA NASS Census of Agriculture), Census of Agriculture 2022"
54031,136877.0,0.3673,33739.0,0.0905,2022,"public domain (USDA NASS Census of Agriculture), Census of Agriculture 2022"
54033,110287.0,0.4142,25944.0,0.0974,2022,"public domain (USDA NASS Census of Agriculture), Census of Agriculture 2022"
54035,137655.0,0.4632,33244.0,0.1119,2022,"public domain (USDA NASS Census of Agriculture), Census of Agriculture 2022"
54037,60434.0,0.4512,39781.0,0.297,2022,"public domain (USDA NASS Census of Agriculture), Census of Agriculture 2022"
54039,23024.0,0.0399,2861.0,0.005,2022,"public domain (USDA NASS Census of Agriculture), Census of Agriculture 2022"
54041,86546.0,0.3495,16926.0,0.0684,2022,"public domain (USDA NASS Census of Agriculture), Census of Agriculture 2022"
54043,28840.0,0.1031,3967.0,0.0142,2022,"public domain (USDA NASS Census of Agriculture), Census of Agriculture 2022"
54045,752.0,0.0026,,,2022,"public domain (USDA NASS Census of Agriculture), Census of Agriculture 2022"
54047,929.0,0.0027,524.0,0.0015,2022,"public domain (USDA NASS Census of Agriculture), Census of Agriculture 2022"
54049,50594.0,0.256,12734.0,0.0644,2022,"public domain (USDA NASS Census of Agriculture), Census of Agriculture 2022"
54051,68623.0,0.3511,20190.0,0.1033,2022,"public domain (USDA NASS Census of Agriculture), Census of Agriculture 2022"
54053,124768.0,0.4526,37440.0,0.1358,2022,"public domain (USDA NASS Census of Agriculture), Census of Agriculture 2022"
54055,60763.0,0.2266,10713.0,0.04,2022,"public domain (USDA NASS Census of Agriculture), Census of Agriculture 2022"
54057,88194.0,0.4203,20729.0,0.0988,2022,"public domain (USDA NASS Census of Agriculture), Census of Agriculture 2022"
54059,4083.0,0.0151,,,2022,"public domain (USDA NASS Census of Agriculture), Census of Agriculture 2022"
54061,50923.0,0.221,13171.0,0.0572,2022,"public domain (USDA NASS Census of Agriculture), Census of Agriculture 2022"
54063,141346.0,0.4672,34527.0,0.1141,2022,"public domain (USDA NASS Census of Agriculture), Census of Agriculture 2022"
54065,22487.0,0.1534,8456.0,0.0577,2022,"public domain (USDA NASS Census of Agriculture), Census of Agriculture 2022"
54067,50144.0,0.1211,13515.0,0.0326,2022,"public domain (USDA NASS Census of Agriculture), Census of Agriculture 2022"
54069,21118.0,0.3118,8620.0,0.1273,2022,"public domain (USDA NASS Census of Agriculture), Census of Agriculture 2022"
54071,169996.0,0.3816,31855.0,0.0715,2022,"public domain (USDA NASS Census of Agriculture), Census of Agriculture 2022"
54073,23138.0,0.2778,4193.0,0.0504,2022,"public domain (USDA NASS Census of Agriculture), Census of Agriculture 2022"
54075,115636.0,0.1922,19766.0,0.0328,2022,"public domain (USDA NASS Census of Agriculture), Census of Agriculture 2022"
54077,145006.0,0.3492,48212.0,0.1161,2022,"public domain (USDA NASS Census of Agriculture), Census of Agriculture 2022"
54079,64682.0,0.2924,15413.0,0.0697,2022,"public domain (USDA NASS Census of Agriculture), Census of Agriculture 2022"
54081,33064.0,0.0853,8514.0,0.022,2022,"public domain (USDA NASS Census of Agriculture), Census of Agriculture 2022"
54083,83471.0,0.1254,21409.0,0.0322,2022,"public domain (USDA NASS Census of Agriculture), Census of Agriculture 2022"
54085,104706.0,0.362,20702.0,0.0716,2022,"public domain (USDA NASS Census of Agriculture), Census of Agriculture 2022"
54087,101367.0,0.3275,23278.0,0.0752,2022,"public domain (USDA NASS Census of Agriculture), Census of Agriculture 2022"
54089,64935.0,0.2814,16014.0,0.0694,2022,"public domain (USDA NASS Census of Agriculture), Census of Agriculture 2022"
54091,41539.0,0.3757,12788.0,0.1157,2022,"public domain (USDA NASS Census of Agriculture), Census of Agriculture 2022"
54093,23571.0,0.0879,5471.0,0.0204,2022,"public domain (USDA NASS Census of Agriculture), Census of Agriculture 2022"
54095,48656.0,0.2966,11344.0,0.0692,2022,"public domain (USDA NASS Census of Agriculture), Census of Agriculture 2022"
54097,56509.0,0.249,13817.0,0.0609,2022,"public domain (USDA NASS Census of Agriculture), Census of Agriculture 2022"
54099,32139.0,0.0992,4700.0,0.0145,2022,"public domain (USDA NASS Census of Agriculture), Census of Agriculture 2022"
54101,7354.0,0.0208,1918.0,0.0054,2022,"public domain (USDA NASS Census of Agriculture), Census of Agriculture 2022"
54103,34880.0,0.1522,6527.0,0.0285,2022,"public domain (USDA NASS Census of Agriculture), Census of Agriculture 2022"
54105,47200.0,0.3172,10458.0,0.0703,2022,"public domain (USDA NASS Census of Agriculture), Census of Agriculture 2022"
54107,85648.0,0.3651,23762.0,0.1013,2022,"public domain (USDA NASS Census of Agriculture), Census of Agriculture 2022"
54109,1494.0,0.0047,383.0,0.0012,2022,"public domain (USDA NASS Census of Agriculture), Census of Agriculture 2022"
55001,114792.0,0.2778,83824.0,0.2029,2022,"public domain (USDA NASS Census of Agriculture), Census of Agriculture 2022"
55003,68629.0,0.1026,26288.0,0.0393,2022,"public domain (USDA NASS Census of Agriculture), Census of Agriculture 2022"
55005,282265.0,0.511,183541.0,0.3323,2022,"public domain (USDA NASS Census of Agriculture), Census of Agriculture 2022"
55007,93254.0,0.0986,43363.0,0.0458,2022,"public domain (USDA NASS Census of Agriculture), Census of Agriculture 2022"
55009,181018.0,0.5336,156948.0,0.4626,2022,"public domain (USDA NASS Census of Agriculture), Census of Agriculture 2022"
55011,309976.0,0.7167,169661.0,0.3923,2022,"public domain (USDA NASS Census of Agriculture), Census of Agriculture 2022"
55013,77858.0,0.1481,42830.0,0.0815,2022,"public domain (USDA NASS Census of Agriculture), Census of Agriculture 2022"
55015,143801.0,0.706,118921.0,0.5839,2022,"public domain (USDA NASS Census of Agriculture), Census of Agriculture 2022"
55017,338969.0,0.5253,215050.0,0.3332,2022,"public domain (USDA NASS Census of Agriculture), Census of Agriculture 2022"
55019,409582.0,0.529,300614.0,0.3883,2022,"public domain (USDA NASS Census of Agriculture), Census of Agriculture 2022"
55021,290003.0,0.5919,224613.0,0.4584,2022,"public domain (USDA NASS Census of Agriculture), Census of Agriculture 2022"
55023,194544.0,0.5325,88661.0,0.2427,2022,"public domain (USDA NASS Census of Agriculture), Census of Agriculture 2022"
55025,449464.0,0.587,365559.0,0.4774,2022,"public domain (USDA NASS Census of Agriculture), Census of Agriculture 2022"
55027,374456.0,0.6681,309761.0,0.5527,2022,"public domain (USDA NASS Census of Agriculture), Census of Agriculture 2022"
55029,108658.0,0.3523,86012.0,0.2789,2022,"public domain (USDA NASS Census of Agriculture), Census of Agriculture 2022"
55031,67866.0,0.0813,27984.0,0.0335,2022,"public domain (USDA NASS Census of Agriculture), Census of Agriculture 2022"
55033,372774.0,0.6851,260795.0,0.4793,2022,"public domain (USDA NASS Census of Agriculture), Census of Agriculture 2022"
55035,168016.0,0.4115,113591.0,0.2782,2022,"public domain (USDA NASS Census of Agriculture), Census of Agriculture 2022"
55037,17926.0,0.0574,8842.0,0.0283,2022,"public domain (USDA NASS Census of Agriculture), Census of Agriculture 2022"
55039,308888.0,0.6707,260768.0,0.5662,2022,"public domain (USDA NASS Census of Agriculture), Census of Agriculture 2022"
55041,27368.0,0.0422,8760.0,0.0135,2022,"public domain (USDA NASS Census of Agriculture), Census of Agriculture 2022"
55043,586453.0,0.799,365854.0,0.4984,2022,"public domain (USDA NASS Census of Agriculture), Census of Agriculture 2022"
55045,282888.0,0.7568,231645.0,0.6197,2022,"public domain (USDA NASS Census of Agriculture), Census of Agriculture 2022"
55047,122086.0,0.5457,92456.0,0.4133,2022,"public domain (USDA NASS Census of Agriculture), Census of Agriculture 2022"
55049,374179.0,0.7666,218147.0,0.4469,2022,"public domain (USDA NASS Census of Agriculture), Census of Agriculture 2022"
55051,8578.0,0.0177,4792.0,0.0099,2022,"public domain (USDA NASS Census of Agriculture), Census of Agriculture 2022"
55053,228011.0,0.3606,126912.0,0.2007,2022,"public domain (USDA NASS Census of Agriculture), Census of Agriculture 2022"
55055,191783.0,0.5385,156681.0,0.4399,2022,"public domain (USDA NASS Census of Agriculture), Census of Agriculture 2022"
55057,167871.0,0.3419,104211.0,0.2123,2022,"public domain (USDA NASS Census of Agriculture), Census of Agriculture 2022"
55059,67322.0,0.387,56991.0,0.3276,2022,"public domain (USDA NASS Census of Agriculture), Census of Agriculture 2022"
55061,168893.0,0.7706,146569.0,0.6687,2022,"public domain (USDA NASS Census of Agriculture), Census of Agriculture 2022"
55063,138200.0,0.4779,77568.0,0.2683,2022,"public domain (USDA NASS Census of Agriculture), Census of Agriculture 2022"
55065,316462.0,0.7804,241090.0,0.5946,2022,"public domain (USDA NASS Census of Agriculture), Census of Agriculture 2022"
55067,109487.0,0.1965,70639.0,0.1268,2022,"public domain (USDA NASS Census of Agriculture), Census of Agriculture 2022"
55069,79496.0,0.1414,47474.0,0.0844,2022,"public domain (USDA NASS Census of Agriculture), Census of Agriculture 2022"
55071,236367.0,0.6267,193638.0,0.5134,2022,"public domain (USDA NASS Census of Agriculture), Census of Agriculture 2022"
55073,477577.0,0.4829,329036.0,0.3327,2022,"public domain (USDA NASS Census of Agriculture), Census of Agriculture 2022"
55075,132155.0,0.1476,85488.0,0.0954,2022,"public domain (USDA NASS Census of Agriculture), Census of Agriculture 2022"
55077,104952.0,0.3598,77508.0,0.2658,2022,"public domain (USDA NASS Census of Agriculture), Census of Agriculture 2022"
55078,,,,,,
55079,,,,,,
55081,263476.0,0.457,146437.0,0.254,2022,"public domain (USDA NASS Census of Agriculture), Census of Agriculture 2022"
55083,194482.0,0.3046,144889.0,0.227,2022,"public domain (USDA NASS Census of Agriculture), Census of Agriculture 2022"
55085,42083.0,0.059,13373.0,0.0188,2022,"public domain (USDA NASS Census of Agriculture), Census of Agriculture 2022"
55087,241653.0,0.5922,203470.0,0.4987,2022,"public domain (USDA NASS Census of Agriculture), Census of Agriculture 2022"
55089,49769.0,0.3337,41506.0,0.2783,2022,"public domain (USDA NASS Census of Agriculture), Census of Agriculture 2022"
55091,111859.0,0.7533,76138.0,0.5128,2022,"public domain (USDA NASS Census of Agriculture), Census of Agriculture 2022"
55093,229659.0,0.6251,156770.0,0.4267,2022,"public domain (USDA NASS Census of Agriculture), Census of Agriculture 2022"
55095,239493.0,0.4093,151382.0,0.2587,2022,"public domain (USDA NASS Census of Agriculture), Census of Agriculture 2022"
55097,273256.0,0.5331,190418.0,0.3715,2022,"public domain (USDA NASS Census of Agriculture), Census of Agriculture 2022"
55099,84387.0,0.1051,26750.0,0.0333,2022,"public domain (USDA NASS Census of Agriculture), Census of Agriculture 2022"
55101,99108.0,0.4656,88199.0,0.4143,2022,"public domain (USDA NASS Census of Agriculture), Census of Agriculture 2022"
55103,244767.0,0.6525,125856.0,0.3355,2022,"public domain (USDA NASS Census of Agriculture), Census of Agriculture 2022"
55105,296636.0,0.6454,256861.0,0.5588,2022,"public domain (USDA NASS Census of Agriculture), Census of Agriculture 2022"
55107,118421.0,0.2025,68764.0,0.1176,2022,"public domain (USDA NASS Census of Agriculture), Census of Agriculture 2022"
55109,254630.0,0.5509,194603.0,0.4211,2022,"public domain (USDA NASS Census of Agriculture), Census of Agriculture 2022"
55111,298103.0,0.5601,196731.0,0.3696,2022,"public domain (USDA NASS Census of Agriculture), Census of Agriculture 2022"
55113,40786.0,0.0507,20522.0,0.0255,2022,"public domain (USDA NASS Census of Agriculture), Census of Agriculture 2022"
55115,253092.0,0.4427,189890.0,0.3322,2022,"public domain (USDA NASS Census of Agriculture), Census of Agriculture 2022"
55117,198776.0,0.6072,171376.0,0.5235,2022,"public domain (USDA NASS Census of Agriculture), Census of Agriculture 2022"
55119,216009.0,0.3461,132319.0,0.212,2022,"public domain (USDA NASS Census of Agriculture), Census of Agriculture 2022"
55121,296684.0,0.6325,199105.0,0.4244,2022,"public domain (USDA NASS Census of Agriculture), Census of Agriculture 2022"
55123,354885.0,0.7005,196220.0,0.3873,2022,"public domain (USDA NASS Census of Agriculture), Census of Agriculture 2022"
55125,5847.0,0.0107,1659.0,0.003,2022,"public domain (USDA NASS Census of Agriculture), Census of Agriculture 2022"
55127,179902.0,0.5061,154598.0,0.4349,2022,"public domain (USDA NASS Census of Agriculture), Census of Agriculture 2022"
55129,70390.0,0.138,33038.0,0.0648,2022,"public domain (USDA NASS Census of Agriculture), Census of Agriculture 2022"
55131,118210.0,0.4289,89676.0,0.3254,2022,"public domain (USDA NASS Census of Agriculture), Census of Agriculture 2022"
55133,70268.0,0.1997,47812.0,0.1359,2022,"public domain (USDA NASS Census of Agriculture), Census of Agriculture 2022"
55135,230412.0,0.4815,159564.0,0.3334,2022,"public domain (USDA NASS Census of Agriculture), Census of Agriculture 2022"
55137,149098.0,0.3721,113520.0,0.2833,2022,"public domain (USDA NASS Census of Agriculture), Census of Agriculture 2022"
55139,145208.0,0.5219,118630.0,0.4264,2022,"public domain (USDA NASS Census of Agriculture), Census of Agriculture 2022"
55141,216635.0,0.4268,135944.0,0.2679,2022,"public domain (USDA NASS Census of Agriculture), Census of Agriculture 2022"
56001,1347301.0,0.4925,113517.0,0.0415,2022,"public domain (USDA NASS Census of Agriculture), Census of Agriculture 2022"
56003,456535.0,0.2274,107765.0,0.0537,2022,"public domain (USDA NASS Census of Agriculture), Census of Agriculture 2022"
56005,2599124.0,0.8457,131367.0,0.0427,2022,"public domain (USDA NASS Census of Agriculture), Census of Agriculture 2022"
56007,2866440.0,0.5671,186334.0,0.0369,2022,"public domain (USDA NASS Census of Agriculture), Census of Agriculture 2022"
56009,2394957.0,0.8795,53590.0,0.0197,2022,"public domain (USDA NASS Census of Agriculture), Census of Agriculture 2022"
56011,1504643.0,0.8236,151456.0,0.0829,2022,"public domain (USDA NASS Census of Agriculture), Census of Agriculture 2022"
56013,1203097.0,0.2047,109749.0,0.0187,2022,"public domain (USDA NASS Census of Agriculture), Census of Agriculture 2022"
56015,1256152.0,0.8819,241931.0,0.1698,2022,"public domain (USDA NASS Census of Agriculture), Census of Agriculture 2022"
56017,553706.0,0.4316,22254.0,0.0173,2022,"public domain (USDA NASS Census of Agriculture), Census of Agriculture 2022"
56019,2034098.0,0.7651,47087.0,0.0177,2022,"public domain (USDA NASS Census of Agriculture), Census of Agriculture 2022"
56021,1431716.0,0.8329,292019.0,0.1699,2022,"public domain (USDA NASS Census of Agriculture), Census of Agriculture 2022"
56023,295548.0,0.1133,85996.0,0.033,2022,"public domain (USDA NASS Census of Agriculture), Census of Agriculture 2022"
56025,2051231.0,0.6001,62071.0,0.0182,2022,"public domain (USDA NASS Census of Agriculture), Census of Agriculture 2022"
56027,1317839.0,0.7841,55547.0,0.0331,2022,"public domain (USDA NASS Census of Agriculture), Census of Agriculture 2022"
56029,686973.0,0.1547,129215.0,0.0291,2022,"public domain (USDA NASS Census of Agriculture), Census of Agriculture 2022"
56031,1232927.0,0.9255,127961.0,0.0961,2022,"public domain (USDA NASS Census of Agriculture), Census of Agriculture 2022"
56033,1227794.0,0.7603,90691.0,0.0562,2022,"public domain (USDA NASS Census of Agriculture), Census of Agriculture 2022"
56035,499294.0,0.1597,120319.0,0.0385,2022,"public domain (USDA NASS Census of Agriculture), Census of Agriculture 2022"
56037,1372065.0,0.2056,36859.0,0.0055,2022,"public domain (USDA NASS Census of Agriculture), Census of Agriculture 2022"
56039,38130.0,0.0149,13888.0,0.0054,2022,"public domain (USDA NASS Census of Agriculture), Census of Agriculture 2022"
56041,735709.0,0.5522,60227.0,0.0452,2022,"public domain (USDA NASS Census of Agriculture), Census of Agriculture 2022"
56043,368504.0,0.2572,49270.0,0.0344,2022,"public domain (USDA NASS Census of Agriculture), Census of Agriculture 2022"
56045,1302538.0,0.8487,36992.0,0.0241,2022,"public domain (USDA NASS Census of Agriculture), Census of Agriculture 2022"
