fips,dem_share_2p_2016,margin_dr_2016,total_votes_2016,votes_per_pop_2016,geo_basis_2016,dem_share_2p_2020,margin_dr_2020,total_votes_2020,votes_per_pop_2020,geo_basis_2020,dem_share_2p_2024,margin_dr_2024,total_votes_2024,votes_per_pop_2024,geo_basis_2024,dem_share_2p_chg_2016_2020,total_votes_pct_chg_2016_2020,dem_share_2p_chg_2020_2024,total_votes_pct_chg_2020_2024,source
01001,0.2462,-0.49,24973,0.4212,county,0.2744,-0.4442,27770,0.4684,county,0.2664,-0.4613,28281,0.477,county,0.0282,0.112,-0.008,0.0184,"MEDSL county presidential returns (doi:10.7910/DVN/VOQCHQ, v20.0)"
01003,0.2021,-0.5716,95215,0.3968,county,0.2273,-0.5376,109679,0.4571,county,0.2065,-0.5797,122249,0.5095,county,0.0252,0.1519,-0.0208,0.1146,"MEDSL county presidential returns (doi:10.7910/DVN/VOQCHQ, v20.0)"
01005,0.4718,-0.0557,10469,0.4229,county,0.4614,-0.0766,10518,0.4248,county,0.4259,-0.1469,9855,0.3981,county,-0.0104,0.0047,-0.0355,-0.063,"MEDSL county presidential returns (doi:10.7910/DVN/VOQCHQ, v20.0)"
01007,0.2176,-0.5515,8819,0.3981,county,0.2088,-0.5773,9595,0.4331,county,0.1762,-0.6431,9257,0.4179,county,-0.0088,0.088,-0.0327,-0.0352,"MEDSL county presidential returns (doi:10.7910/DVN/VOQCHQ, v20.0)"
01009,0.0862,-0.8091,25588,0.4316,county,0.0965,-0.8,27588,0.4653,county,0.0922,-0.8088,28163,0.475,county,0.0103,0.0782,-0.0043,0.0208,"MEDSL county presidential returns (doi:10.7910/DVN/VOQCHQ, v20.0)"
01011,0.7559,0.5074,4710,0.4637,county,0.7504,0.4986,4613,0.4542,county,0.7304,0.4578,4111,0.4047,county,-0.0055,-0.0206,-0.02,-0.1088,"MEDSL county presidential returns (doi:10.7910/DVN/VOQCHQ, v20.0)"
01013,0.4319,-0.1346,8732,0.4643,county,0.4208,-0.1574,9488,0.5045,county,0.386,-0.2265,8480,0.4509,county,-0.0111,0.0866,-0.0348,-0.1062,"MEDSL county presidential returns (doi:10.7910/DVN/VOQCHQ, v20.0)"
01015,0.2872,-0.41,47864,0.4121,county,0.3024,-0.39,50983,0.439,county,0.2743,-0.4464,48653,0.4189,county,0.0152,0.0652,-0.0281,-0.0457,"MEDSL county presidential returns (doi:10.7910/DVN/VOQCHQ, v20.0)"
01017,0.4245,-0.1481,13900,0.4035,county,0.421,-0.1562,15284,0.4437,county,0.3829,-0.2321,14245,0.4135,county,-0.0034,0.0996,-0.0381,-0.068,"MEDSL county presidential returns (doi:10.7910/DVN/VOQCHQ, v20.0)"
01019,0.1473,-0.69,10733,0.4255,county,0.133,-0.7283,12301,0.4877,county,0.1203,-0.7539,13006,0.5156,county,-0.0143,0.1461,-0.0128,0.0573,"MEDSL county presidential returns (doi:10.7910/DVN/VOQCHQ, v20.0)"
01021,0.1618,-0.6625,18369,0.4037,county,0.1604,-0.6738,19310,0.4244,county,0.1375,-0.7196,19763,0.4344,county,-0.0014,0.0512,-0.0229,0.0235,"MEDSL county presidential returns (doi:10.7910/DVN/VOQCHQ, v20.0)"
01023,0.4309,-0.1367,7292,0.5822,county,0.4213,-0.1566,7464,0.5959,county,0.38,-0.2386,6656,0.5314,county,-0.0096,0.0236,-0.0412,-0.1083,"MEDSL county presidential returns (doi:10.7910/DVN/VOQCHQ, v20.0)"
01025,0.446,-0.1067,13031,0.5715,county,0.44,-0.1195,13135,0.576,county,0.4143,-0.1704,11958,0.5244,county,-0.006,0.008,-0.0257,-0.0896,"MEDSL county presidential returns (doi:10.7910/DVN/VOQCHQ, v20.0)"
01027,0.1908,-0.6051,6624,0.4669,county,0.1845,-0.6254,6930,0.4884,county,0.1476,-0.7006,6767,0.477,county,-0.0064,0.0462,-0.0369,-0.0235,"MEDSL county presidential returns (doi:10.7910/DVN/VOQCHQ, v20.0)"
01029,0.1061,-0.7705,6593,0.4322,county,0.0943,-0.8038,7227,0.4738,county,0.0797,-0.8343,7651,0.5016,county,-0.0118,0.0962,-0.0146,0.0587,"MEDSL county presidential returns (doi:10.7910/DVN/VOQCHQ, v20.0)"
01031,0.21,-0.5612,20767,0.3829,county,0.231,-0.5308,22275,0.4107,county,0.2082,-0.5777,22319,0.4116,county,0.0209,0.0726,-0.0228,0.002,"MEDSL county presidential returns (doi:10.7910/DVN/VOQCHQ, v20.0)"
01033,0.3039,-0.3786,24915,0.4322,county,0.3029,-0.3894,27886,0.4837,county,0.2658,-0.4631,27160,0.4711,county,-0.0011,0.1192,-0.0371,-0.026,"MEDSL county presidential returns (doi:10.7910/DVN/VOQCHQ, v20.0)"
01035,0.4738,-0.0516,6585,0.5771,county,0.4629,-0.0739,6441,0.5645,county,0.4298,-0.1393,6051,0.5303,county,-0.011,-0.0219,-0.0331,-0.0605,"MEDSL county presidential returns (doi:10.7910/DVN/VOQCHQ, v20.0)"
01037,0.3451,-0.3045,5252,0.5088,county,0.3309,-0.3349,5479,0.5308,county,0.2823,-0.4328,5268,0.5103,county,-0.0142,0.0432,-0.0487,-0.0385,"MEDSL county presidential returns (doi:10.7910/DVN/VOQCHQ, v20.0)"
01039,0.1525,-0.6826,15940,0.4234,county,0.1572,-0.6807,17430,0.463,county,0.1362,-0.7232,17095,0.4541,county,0.0047,0.0935,-0.021,-0.0192,"MEDSL county presidential returns (doi:10.7910/DVN/VOQCHQ, v20.0)"
01041,0.2694,-0.4546,6267,0.4768,county,0.259,-0.4782,6617,0.5034,county,0.2256,-0.5463,6486,0.4935,county,-0.0104,0.0558,-0.0333,-0.0198,"MEDSL county presidential returns (doi:10.7910/DVN/VOQCHQ, v20.0)"
01043,0.1032,-0.7708,37873,0.4233,county,0.1083,-0.7742,41851,0.4678,county,0.0945,-0.8034,43146,0.4823,county,0.005,0.105,-0.0138,0.0309,"MEDSL county presidential returns (doi:10.7910/DVN/VOQCHQ, v20.0)"
01045,0.2422,-0.5011,18749,0.3786,county,0.2655,-0.4627,19738,0.3986,county,0.2365,-0.5221,19139,0.3865,county,0.0233,0.0527,-0.029,-0.0303,"MEDSL county presidential returns (doi:10.7910/DVN/VOQCHQ, v20.0)"
01047,0.6892,0.375,18792,0.5006,county,0.6889,0.3754,17864,0.4759,county,0.6636,0.3246,15547,0.4142,county,-0.0003,-0.0494,-0.0253,-0.1297,"MEDSL county presidential returns (doi:10.7910/DVN/VOQCHQ, v20.0)"
01049,0.1447,-0.6886,25826,0.359,county,0.1474,-0.6978,29356,0.408,county,0.1279,-0.7375,29660,0.4123,county,0.0027,0.1367,-0.0195,0.0104,"MEDSL county presidential returns (doi:10.7910/DVN/VOQCHQ, v20.0)"
01051,0.234,-0.5151,37260,0.4202,county,0.2558,-0.4825,41030,0.4627,county,0.2375,-0.5189,41624,0.4694,county,0.0218,0.1012,-0.0182,0.0145,"MEDSL county presidential returns (doi:10.7910/DVN/VOQCHQ, v20.0)"
01053,0.3167,-0.359,14845,0.4046,county,0.3115,-0.374,15910,0.4336,county,0.267,-0.4627,14957,0.4076,county,-0.0052,0.0717,-0.0446,-0.0599,"MEDSL county presidential returns (doi:10.7910/DVN/VOQCHQ, v20.0)"
01055,0.244,-0.4961,44164,0.4279,county,0.2456,-0.502,47728,0.4624,county,0.2195,-0.5554,46137,0.447,county,0.0016,0.0807,-0.0261,-0.0333,"MEDSL county presidential returns (doi:10.7910/DVN/VOQCHQ, v20.0)"
01057,0.1687,-0.6486,8249,0.51,county,0.1604,-0.6736,8766,0.542,county,0.1376,-0.7188,8369,0.5175,county,-0.0083,0.0627,-0.0228,-0.0453,"MEDSL county presidential returns (doi:10.7910/DVN/VOQCHQ, v20.0)"
01059,0.1884,-0.6037,12040,0.3765,county,0.1674,-0.6591,12578,0.3933,county,0.1308,-0.7315,12097,0.3783,county,-0.021,0.0447,-0.0366,-0.0382,"MEDSL county presidential returns (doi:10.7910/DVN/VOQCHQ, v20.0)"
01061,0.1324,-0.7203,11758,0.4399,county,0.1282,-0.7376,12545,0.4694,county,0.1129,-0.7691,12401,0.464,county,-0.0042,0.0669,-0.0153,-0.0115,"MEDSL county presidential returns (doi:10.7910/DVN/VOQCHQ, v20.0)"
01063,0.8273,0.6506,4880,0.643,county,0.8161,0.6302,4775,0.6292,county,0.7797,0.5566,4039,0.5322,county,-0.0111,-0.0215,-0.0364,-0.1541,"MEDSL county presidential returns (doi:10.7910/DVN/VOQCHQ, v20.0)"
01065,0.6008,0.1993,8040,0.5451,county,0.5936,0.1862,7900,0.5356,county,0.5345,0.0683,7305,0.4953,county,-0.0071,-0.0174,-0.0592,-0.0753,"MEDSL county presidential returns (doi:10.7910/DVN/VOQCHQ, v20.0)"
01067,0.2892,-0.4138,8072,0.4626,county,0.2829,-0.4303,9298,0.5328,county,0.2446,-0.5071,9320,0.5341,county,-0.0064,0.1519,-0.0383,0.0024,"MEDSL county presidential returns (doi:10.7910/DVN/VOQCHQ, v20.0)"
01069,0.2576,-0.4706,42639,0.3962,county,0.2837,-0.4267,46173,0.429,county,0.2591,-0.4762,44349,0.4121,county,0.026,0.0829,-0.0246,-0.0395,"MEDSL county presidential returns (doi:10.7910/DVN/VOQCHQ, v20.0)"
01071,0.1805,-0.6195,20984,0.3971,county,0.1589,-0.6749,23636,0.4473,county,0.1403,-0.7131,23556,0.4458,county,-0.0216,0.1264,-0.0186,-0.0034,"MEDSL county presidential returns (doi:10.7910/DVN/VOQCHQ, v20.0)"
01073,0.5379,0.0727,304191,0.4542,county,0.5668,0.1315,325848,0.4865,county,0.5528,0.1037,298704,0.446,county,0.0289,0.0712,-0.014,-0.0833,"MEDSL county presidential returns (doi:10.7910/DVN/VOQCHQ, v20.0)"
01075,0.151,-0.6872,6966,0.5045,county,0.1367,-0.7224,7193,0.5209,county,0.1179,-0.7586,6890,0.4989,county,-0.0143,0.0326,-0.0189,-0.0421,"MEDSL county presidential returns (doi:10.7910/DVN/VOQCHQ, v20.0)"
01077,0.2629,-0.4541,39525,0.4159,county,0.2731,-0.4467,44339,0.4665,county,0.2399,-0.5129,43637,0.4592,county,0.0101,0.1218,-0.0331,-0.0158,"MEDSL county presidential returns (doi:10.7910/DVN/VOQCHQ, v20.0)"
01079,0.2508,-0.4859,14829,0.4469,county,0.2243,-0.5464,16031,0.4831,county,0.1864,-0.6228,16122,0.4859,county,-0.0266,0.0811,-0.0379,0.0057,"MEDSL county presidential returns (doi:10.7910/DVN/VOQCHQ, v20.0)"
01081,0.3801,-0.2262,59191,0.3332,county,0.3975,-0.201,71449,0.4022,county,0.3592,-0.2765,73127,0.4116,county,0.0174,0.2071,-0.0383,0.0235,"MEDSL county presidential returns (doi:10.7910/DVN/VOQCHQ, v20.0)"
01083,0.2457,-0.4864,40294,0.3746,county,0.283,-0.4259,49235,0.4577,county,0.2779,-0.437,53332,0.4958,county,0.0373,0.2219,-0.0051,0.0832,"MEDSL county presidential returns (doi:10.7910/DVN/VOQCHQ, v20.0)"
01085,0.7361,0.4686,6684,0.6679,county,0.7303,0.4588,6835,0.683,county,0.6875,0.3729,5655,0.565,county,-0.0057,0.0226,-0.0429,-0.1726,"MEDSL county presidential returns (doi:10.7910/DVN/VOQCHQ, v20.0)"
01087,0.8409,0.6712,9140,0.4823,county,0.8218,0.6382,8723,0.4603,county,0.7834,0.5619,7834,0.4134,county,-0.0191,-0.0456,-0.0384,-0.1019,"MEDSL county presidential returns (doi:10.7910/DVN/VOQCHQ, v20.0)"
01089,0.4124,-0.1634,163389,0.4114,county,0.4592,-0.0796,194767,0.4904,county,0.4544,-0.0891,197617,0.4976,county,0.0469,0.192,-0.0048,0.0146,"MEDSL county presidential returns (doi:10.7910/DVN/VOQCHQ, v20.0)"
01091,0.5176,0.0347,10994,0.5778,county,0.5067,0.0133,10900,0.5729,county,0.4811,-0.0376,9682,0.5089,county,-0.0109,-0.0086,-0.0256,-0.1117,"MEDSL county presidential returns (doi:10.7910/DVN/VOQCHQ, v20.0)"
01093,0.1127,-0.758,12984,0.4448,county,0.107,-0.778,13807,0.473,county,0.089,-0.8158,13543,0.464,county,-0.0057,0.0634,-0.018,-0.0191,"MEDSL county presidential returns (doi:10.7910/DVN/VOQCHQ, v20.0)"
01095,0.144,-0.6885,35316,0.3578,county,0.1519,-0.6871,39655,0.4017,county,0.1389,-0.7169,40288,0.4081,county,0.0079,0.1229,-0.013,0.016,"MEDSL county presidential returns (doi:10.7910/DVN/VOQCHQ, v20.0)"
01097,0.4315,-0.1327,172737,0.4181,county,0.4398,-0.1188,183164,0.4433,county,0.417,-0.1639,175164,0.424,county,0.0083,0.0604,-0.0228,-0.0437,"MEDSL county presidential returns (doi:10.7910/DVN/VOQCHQ, v20.0)"
01099,0.4278,-0.1424,10271,0.5246,county,0.4202,-0.1586,10668,0.5448,county,0.3837,-0.231,9815,0.5013,county,-0.0076,0.0387,-0.0365,-0.08,"MEDSL county presidential returns (doi:10.7910/DVN/VOQCHQ, v20.0)"
01101,0.6341,0.2598,95878,0.422,county,0.6595,0.3149,99139,0.4364,county,0.6553,0.3059,89798,0.3952,county,0.0255,0.034,-0.0042,-0.0942,"MEDSL county presidential returns (doi:10.7910/DVN/VOQCHQ, v20.0)"
01103,0.2309,-0.518,50644,0.4093,county,0.2502,-0.492,53722,0.4341,county,0.2345,-0.524,53543,0.4327,county,0.0193,0.0608,-0.0157,-0.0033,"MEDSL county presidential returns (doi:10.7910/DVN/VOQCHQ, v20.0)"
01105,0.731,0.4579,5278,0.6412,county,0.7425,0.482,5230,0.6354,county,0.7144,0.4267,4465,0.5425,county,0.0114,-0.0091,-0.0281,-0.1463,"MEDSL county presidential returns (doi:10.7910/DVN/VOQCHQ, v20.0)"
01107,0.4213,-0.1555,9542,0.5064,county,0.4183,-0.1626,9668,0.5131,county,0.3827,-0.2331,8912,0.473,county,-0.003,0.0132,-0.0356,-0.0782,"MEDSL county presidential returns (doi:10.7910/DVN/VOQCHQ, v20.0)"
01109,0.3966,-0.2003,13168,0.3996,county,0.412,-0.1738,13841,0.42,county,0.3733,-0.2516,13216,0.4011,county,0.0155,0.0511,-0.0387,-0.0452,"MEDSL county presidential returns (doi:10.7910/DVN/VOQCHQ, v20.0)"
01111,0.2292,-0.5315,10187,0.4566,county,0.2047,-0.5865,10837,0.4857,county,0.1742,-0.6476,11091,0.4971,county,-0.0245,0.0638,-0.0305,0.0234,"MEDSL county presidential returns (doi:10.7910/DVN/VOQCHQ, v20.0)"
01113,0.5098,0.0192,19256,0.3272,county,0.5323,0.064,21329,0.3624,county,0.5084,0.0166,20718,0.352,county,0.0225,0.1077,-0.0239,-0.0286,"MEDSL county presidential returns (doi:10.7910/DVN/VOQCHQ, v20.0)"
01115,0.1501,-0.6787,38400,0.4133,county,0.1764,-0.6395,44441,0.4784,county,0.1771,-0.6401,43526,0.4685,county,0.0263,0.1573,0.0007,-0.0206,"MEDSL county presidential returns (doi:10.7910/DVN/VOQCHQ, v20.0)"
01117,0.2394,-0.4942,101254,0.4461,county,0.2945,-0.4039,114950,0.5065,county,0.2934,-0.4061,114698,0.5054,county,0.0551,0.1353,-0.001,-0.0022,"MEDSL county presidential returns (doi:10.7910/DVN/VOQCHQ, v20.0)"
01119,0.7501,0.4937,6411,0.5334,county,0.7442,0.4848,6291,0.5234,county,0.7072,0.4113,5307,0.4415,county,-0.006,-0.0187,-0.0369,-0.1564,"MEDSL county presidential returns (doi:10.7910/DVN/VOQCHQ, v20.0)"
01121,0.3703,-0.2542,33407,0.4116,county,0.3714,-0.2551,35663,0.4394,county,0.3303,-0.3369,33250,0.4096,county,0.0011,0.0675,-0.0412,-0.0677,"MEDSL county presidential returns (doi:10.7910/DVN/VOQCHQ, v20.0)"
01123,0.2888,-0.4144,19486,0.4745,county,0.2814,-0.4337,20991,0.5111,county,0.2505,-0.4949,20023,0.4875,county,-0.0074,0.0772,-0.0309,-0.0461,"MEDSL county presidential returns (doi:10.7910/DVN/VOQCHQ, v20.0)"
01125,0.3996,-0.193,82700,0.3534,county,0.4249,-0.1481,90172,0.3853,county,0.397,-0.2032,85256,0.3643,county,0.0253,0.0904,-0.0279,-0.0545,"MEDSL county presidential returns (doi:10.7910/DVN/VOQCHQ, v20.0)"
01127,0.1563,-0.6708,29472,0.4542,county,0.1568,-0.6791,31170,0.4804,county,0.1387,-0.7172,29786,0.4591,county,0.0004,0.0576,-0.018,-0.0444,"MEDSL county presidential returns (doi:10.7910/DVN/VOQCHQ, v20.0)"
01129,0.2821,-0.4299,8533,0.5588,county,0.256,-0.4851,8876,0.5813,county,0.2219,-0.5534,8441,0.5528,county,-0.0261,0.0402,-0.0341,-0.049,"MEDSL county presidential returns (doi:10.7910/DVN/VOQCHQ, v20.0)"
01131,0.7141,0.4253,6118,0.5913,county,0.6883,0.3752,5903,0.5705,county,0.658,0.3146,5263,0.5086,county,-0.0258,-0.0351,-0.0304,-0.1084,"MEDSL county presidential returns (doi:10.7910/DVN/VOQCHQ, v20.0)"
01133,0.0863,-0.8102,10313,0.4363,county,0.0872,-0.8172,11284,0.4774,county,0.0798,-0.8348,11149,0.4717,county,0.0009,0.0942,-0.0074,-0.012,"MEDSL county presidential returns (doi:10.7910/DVN/VOQCHQ, v20.0)"
02013,0.4161,-0.1474,318398,,state,0.4474,-0.1012,357569,,state,0.4315,-0.1314,338177,,state,0.0312,0.123,-0.0158,-0.0542,"MEDSL county presidential returns (doi:10.7910/DVN/VOQCHQ, v20.0)"
02016,0.4161,-0.1474,318398,,state,0.4474,-0.1012,357569,,state,0.4315,-0.1314,338177,,state,0.0312,0.123,-0.0158,-0.0542,"MEDSL county presidential returns (doi:10.7910/DVN/VOQCHQ, v20.0)"
02020,0.4161,-0.1474,318398,,state,0.4474,-0.1012,357569,,state,0.4315,-0.1314,338177,,state,0.0312,0.123,-0.0158,-0.0542,"MEDSL county presidential returns (doi:10.7910/DVN/VOQCHQ, v20.0)"
02050,0.4161,-0.1474,318398,,state,0.4474,-0.1012,357569,,state,0.4315,-0.1314,338177,,state,0.0312,0.123,-0.0158,-0.0542,"MEDSL county presidential returns (doi:10.7910/DVN/VOQCHQ, v20.0)"
02060,0.4161,-0.1474,318398,,state,0.4474,-0.1012,357569,,state,0.4315,-0.1314,338177,,state,0.0312,0.123,-0.0158,-0.0542,"MEDSL county presidential returns (doi:10.7910/DVN/VOQCHQ, v20.0)"
02063,0.4161,-0.1474,318398,,state,0.4474,-0.1012,357569,,state,0.4315,-0.1314,338177,,state,0.0312,0.123,-0.0158,-0.0542,"MEDSL county presidential returns (doi:10.7910/DVN/VOQCHQ, v20.0)"
02066,0.4161,-0.1474,318398,,state,0.4474,-0.1012,357569,,state,0.4315,-0.1314,338177,,state,0.0312,0.123,-0.0158,-0.0542,"MEDSL county presidential returns (doi:10.7910/DVN/VOQCHQ, v20.0)"
02068,0.4161,-0.1474,318398,,state,0.4474,-0.1012,357569,,state,0.4315,-0.1314,338177,,state,0.0312,0.123,-0.0158,-0.0542,"MEDSL county presidential returns (doi:10.7910/DVN/VOQCHQ, v20.0)"
02070,0.4161,-0.1474,318398,,state,0.4474,-0.1012,357569,,state,0.4315,-0.1314,338177,,state,0.0312,0.123,-0.0158,-0.0542,"MEDSL county presidential returns (doi:10.7910/DVN/VOQCHQ, v20.0)"
02090,0.4161,-0.1474,318398,,state,0.4474,-0.1012,357569,,state,0.4315,-0.1314,338177,,state,0.0312,0.123,-0.0158,-0.0542,"MEDSL county presidential returns (doi:10.7910/DVN/VOQCHQ, v20.0)"
02100,0.4161,-0.1474,318398,,state,0.4474,-0.1012,357569,,state,0.4315,-0.1314,338177,,state,0.0312,0.123,-0.0158,-0.0542,"MEDSL county presidential returns (doi:10.7910/DVN/VOQCHQ, v20.0)"
02105,0.4161,-0.1474,318398,,state,0.4474,-0.1012,357569,,state,0.4315,-0.1314,338177,,state,0.0312,0.123,-0.0158,-0.0542,"MEDSL county presidential returns (doi:10.7910/DVN/VOQCHQ, v20.0)"
02110,0.4161,-0.1474,318398,,state,0.4474,-0.1012,357569,,state,0.4315,-0.1314,338177,,state,0.0312,0.123,-0.0158,-0.0542,"MEDSL county presidential returns (doi:10.7910/DVN/VOQCHQ, v20.0)"
02122,0.4161,-0.1474,318398,,state,0.4474,-0.1012,357569,,state,0.4315,-0.1314,338177,,state,0.0312,0.123,-0.0158,-0.0542,"MEDSL county presidential returns (doi:10.7910/DVN/VOQCHQ, v20.0)"
02130,0.4161,-0.1474,318398,,state,0.4474,-0.1012,357569,,state,0.4315,-0.1314,338177,,state,0.0312,0.123,-0.0158,-0.0542,"MEDSL county presidential returns (doi:10.7910/DVN/VOQCHQ, v20.0)"
02150,0.4161,-0.1474,318398,,state,0.4474,-0.1012,357569,,state,0.4315,-0.1314,338177,,state,0.0312,0.123,-0.0158,-0.0542,"MEDSL county presidential returns (doi:10.7910/DVN/VOQCHQ, v20.0)"
02158,0.4161,-0.1474,318398,,state,0.4474,-0.1012,357569,,state,0.4315,-0.1314,338177,,state,0.0312,0.123,-0.0158,-0.0542,"MEDSL county presidential returns (doi:10.7910/DVN/VOQCHQ, v20.0)"
02164,0.4161,-0.1474,318398,,state,0.4474,-0.1012,357569,,state,0.4315,-0.1314,338177,,state,0.0312,0.123,-0.0158,-0.0542,"MEDSL county presidential returns (doi:10.7910/DVN/VOQCHQ, v20.0)"
02170,0.4161,-0.1474,318398,,state,0.4474,-0.1012,357569,,state,0.4315,-0.1314,338177,,state,0.0312,0.123,-0.0158,-0.0542,"MEDSL county presidential returns (doi:10.7910/DVN/VOQCHQ, v20.0)"
02180,0.4161,-0.1474,318398,,state,0.4474,-0.1012,357569,,state,0.4315,-0.1314,338177,,state,0.0312,0.123,-0.0158,-0.0542,"MEDSL county presidential returns (doi:10.7910/DVN/VOQCHQ, v20.0)"
02185,0.4161,-0.1474,318398,,state,0.4474,-0.1012,357569,,state,0.4315,-0.1314,338177,,state,0.0312,0.123,-0.0158,-0.0542,"MEDSL county presidential returns (doi:10.7910/DVN/VOQCHQ, v20.0)"
02188,0.4161,-0.1474,318398,,state,0.4474,-0.1012,357569,,state,0.4315,-0.1314,338177,,state,0.0312,0.123,-0.0158,-0.0542,"MEDSL county presidential returns (doi:10.7910/DVN/VOQCHQ, v20.0)"
02195,0.4161,-0.1474,318398,,state,0.4474,-0.1012,357569,,state,0.4315,-0.1314,338177,,state,0.0312,0.123,-0.0158,-0.0542,"MEDSL county presidential returns (doi:10.7910/DVN/VOQCHQ, v20.0)"
02198,0.4161,-0.1474,318398,,state,0.4474,-0.1012,357569,,state,0.4315,-0.1314,338177,,state,0.0312,0.123,-0.0158,-0.0542,"MEDSL county presidential returns (doi:10.7910/DVN/VOQCHQ, v20.0)"
02220,0.4161,-0.1474,318398,,state,0.4474,-0.1012,357569,,state,0.4315,-0.1314,338177,,state,0.0312,0.123,-0.0158,-0.0542,"MEDSL county presidential returns (doi:10.7910/DVN/VOQCHQ, v20.0)"
02230,0.4161,-0.1474,318398,,state,0.4474,-0.1012,357569,,state,0.4315,-0.1314,338177,,state,0.0312,0.123,-0.0158,-0.0542,"MEDSL county presidential returns (doi:10.7910/DVN/VOQCHQ, v20.0)"
02240,0.4161,-0.1474,318398,,state,0.4474,-0.1012,357569,,state,0.4315,-0.1314,338177,,state,0.0312,0.123,-0.0158,-0.0542,"MEDSL county presidential returns (doi:10.7910/DVN/VOQCHQ, v20.0)"
02275,0.4161,-0.1474,318398,,state,0.4474,-0.1012,357569,,state,0.4315,-0.1314,338177,,state,0.0312,0.123,-0.0158,-0.0542,"MEDSL county presidential returns (doi:10.7910/DVN/VOQCHQ, v20.0)"
02282,0.4161,-0.1474,318398,,state,0.4474,-0.1012,357569,,state,0.4315,-0.1314,338177,,state,0.0312,0.123,-0.0158,-0.0542,"MEDSL county presidential returns (doi:10.7910/DVN/VOQCHQ, v20.0)"
02290,0.4161,-0.1474,318398,,state,0.4474,-0.1012,357569,,state,0.4315,-0.1314,338177,,state,0.0312,0.123,-0.0158,-0.0542,"MEDSL county presidential returns (doi:10.7910/DVN/VOQCHQ, v20.0)"
04001,0.6746,0.3197,27661,0.4211,county,0.6706,0.3369,35172,0.5355,county,0.596,0.1859,32685,0.4976,county,-0.004,0.2715,-0.0746,-0.0707,"MEDSL county presidential returns (doi:10.7910/DVN/VOQCHQ, v20.0)"
04003,0.3832,-0.2128,50015,0.3987,county,0.4003,-0.1956,60442,0.4818,county,0.3829,-0.2292,59501,0.4743,county,0.0171,0.2085,-0.0174,-0.0156,"MEDSL county presidential returns (doi:10.7910/DVN/VOQCHQ, v20.0)"
04005,0.6055,0.1889,59784,0.4133,county,0.623,0.2408,73272,0.5066,county,0.6008,0.1962,70993,0.4908,county,0.0174,0.2256,-0.0222,-0.0311,"MEDSL county presidential returns (doi:10.7910/DVN/VOQCHQ, v20.0)"
04007,0.3306,-0.3218,22312,0.4162,county,0.3273,-0.341,27662,0.516,county,0.3103,-0.3716,27979,0.5219,county,-0.0032,0.2398,-0.017,0.0115,"MEDSL county presidential returns (doi:10.7910/DVN/VOQCHQ, v20.0)"
04009,0.2915,-0.3893,12134,0.3122,county,0.2729,-0.4478,14995,0.3859,county,0.257,-0.4769,15327,0.3944,county,-0.0186,0.2358,-0.0158,0.0221,"MEDSL county presidential returns (doi:10.7910/DVN/VOQCHQ, v20.0)"
04011,0.366,-0.2446,3270,0.346,county,0.327,-0.3395,3685,0.3899,county,0.2925,-0.4053,3341,0.3535,county,-0.039,0.1269,-0.0345,-0.0934,"MEDSL county presidential returns (doi:10.7910/DVN/VOQCHQ, v20.0)"
04012,0.2824,-0.408,5951,0.3584,county,0.3036,-0.3879,7458,0.4491,county,0.2775,-0.4375,7700,0.4637,county,0.0212,0.2532,-0.0261,0.0324,"MEDSL county presidential returns (doi:10.7910/DVN/VOQCHQ, v20.0)"
04013,0.4847,-0.0284,1567834,0.349,county,0.5111,0.0218,2068144,0.4604,county,0.4824,-0.0347,2061574,0.4589,county,0.0264,0.3191,-0.0287,-0.0032,"MEDSL county presidential returns (doi:10.7910/DVN/VOQCHQ, v20.0)"
04015,0.2305,-0.5107,79943,0.3677,county,0.2402,-0.5131,104668,0.4814,county,0.2194,-0.5532,111355,0.5122,county,0.0098,0.3093,-0.0208,0.0639,"MEDSL county presidential returns (doi:10.7910/DVN/VOQCHQ, v20.0)"
04017,0.4444,-0.1022,40294,0.374,county,0.4581,-0.0826,51767,0.4805,county,0.4131,-0.1698,51386,0.4769,county,0.0137,0.2847,-0.045,-0.0074,"MEDSL county presidential returns (doi:10.7910/DVN/VOQCHQ, v20.0)"
04019,0.573,0.1357,421640,0.4016,county,0.5948,0.1868,520397,0.4956,county,0.5767,0.1495,520317,0.4956,county,0.0218,0.2342,-0.0181,-0.0002,"MEDSL county presidential returns (doi:10.7910/DVN/VOQCHQ, v20.0)"
04021,0.3967,-0.1924,129546,0.2884,county,0.4123,-0.1728,184974,0.4118,county,0.3886,-0.2187,211595,0.471,county,0.0155,0.4279,-0.0237,0.1439,"MEDSL county presidential returns (doi:10.7910/DVN/VOQCHQ, v20.0)"
04023,0.75,0.4742,16433,0.3409,county,0.6796,0.3551,19556,0.4057,county,0.594,0.1835,19428,0.403,county,-0.0704,0.19,-0.0856,-0.0065,"MEDSL county presidential returns (doi:10.7910/DVN/VOQCHQ, v20.0)"
04025,0.3329,-0.3123,114450,0.4736,county,0.3515,-0.2927,143221,0.5927,county,0.329,-0.3356,150862,0.6243,county,0.0186,0.2514,-0.0224,0.0534,"MEDSL county presidential returns (doi:10.7910/DVN/VOQCHQ, v20.0)"
04027,0.4944,-0.0106,53010,0.2552,county,0.4685,-0.0619,69881,0.3365,county,0.397,-0.202,68910,0.3318,county,-0.0258,0.3183,-0.0716,-0.0139,"MEDSL county presidential returns (doi:10.7910/DVN/VOQCHQ, v20.0)"
05001,0.3363,-0.3038,6212,0.3704,county,0.297,-0.3951,6292,0.3751,county,0.2756,-0.4413,5547,0.3307,county,-0.0394,0.0129,-0.0214,-0.1184,"MEDSL county presidential returns (doi:10.7910/DVN/VOQCHQ, v20.0)"
05003,0.3109,-0.3625,8083,0.4317,county,0.2769,-0.4319,7926,0.4234,county,0.2564,-0.4795,7030,0.3755,county,-0.0339,-0.0194,-0.0205,-0.113,"MEDSL county presidential returns (doi:10.7910/DVN/VOQCHQ, v20.0)"
05005,0.2212,-0.5319,19766,0.4689,county,0.2264,-0.5332,21007,0.4984,county,0.2108,-0.5685,20954,0.4971,county,0.0053,0.0628,-0.0156,-0.0025,"MEDSL county presidential returns (doi:10.7910/DVN/VOQCHQ, v20.0)"
05007,0.3151,-0.3394,96824,0.3287,county,0.3635,-0.2645,119912,0.4071,county,0.3614,-0.2697,128595,0.4366,county,0.0484,0.2385,-0.0021,0.0724,"MEDSL county presidential returns (doi:10.7910/DVN/VOQCHQ, v20.0)"
05009,0.193,-0.5778,16111,0.4251,county,0.1833,-0.6187,17114,0.4516,county,0.1697,-0.6495,17112,0.4516,county,-0.0097,0.0623,-0.0136,-0.0001,"MEDSL county presidential returns (doi:10.7910/DVN/VOQCHQ, v20.0)"
05011,0.3783,-0.2319,3653,0.3528,county,0.3421,-0.3068,3654,0.3529,county,0.3028,-0.3902,3209,0.3099,county,-0.0363,0.0003,-0.0393,-0.1218,"MEDSL county presidential returns (doi:10.7910/DVN/VOQCHQ, v20.0)"
05013,0.2911,-0.4041,2269,0.481,county,0.2265,-0.5302,2182,0.4626,county,0.1846,-0.619,2092,0.4435,county,-0.0646,-0.0383,-0.0419,-0.0412,"MEDSL county presidential returns (doi:10.7910/DVN/VOQCHQ, v20.0)"
05015,0.33,-0.3201,10758,0.3771,county,0.3514,-0.2883,11797,0.4136,county,0.3379,-0.317,11538,0.4045,county,0.0215,0.0966,-0.0136,-0.022,"MEDSL county presidential returns (doi:10.7910/DVN/VOQCHQ, v20.0)"
05017,0.578,0.1518,4176,0.4177,county,0.5633,0.1238,4103,0.4104,county,0.52,0.0395,3490,0.3491,county,-0.0147,-0.0175,-0.0433,-0.1494,"MEDSL county presidential returns (doi:10.7910/DVN/VOQCHQ, v20.0)"
05019,0.4511,-0.092,8526,0.3988,county,0.4269,-0.1403,8395,0.3927,county,0.3953,-0.2046,7657,0.3582,county,-0.0243,-0.0154,-0.0315,-0.0879,"MEDSL county presidential returns (doi:10.7910/DVN/VOQCHQ, v20.0)"
05021,0.2408,-0.4965,5200,0.3611,county,0.1906,-0.6027,5183,0.36,county,0.1861,-0.6163,4967,0.345,county,-0.0502,-0.0033,-0.0045,-0.0417,"MEDSL county presidential returns (doi:10.7910/DVN/VOQCHQ, v20.0)"
05023,0.1818,-0.6088,12085,0.4825,county,0.1614,-0.6577,12680,0.5062,county,0.1548,-0.6793,12739,0.5086,county,-0.0203,0.0492,-0.0066,0.0047,"MEDSL county presidential returns (doi:10.7910/DVN/VOQCHQ, v20.0)"
05025,0.227,-0.5185,3354,0.4477,county,0.185,-0.6156,3600,0.4806,county,0.1575,-0.6758,3374,0.4504,county,-0.042,0.0733,-0.0276,-0.0628,"MEDSL county presidential returns (doi:10.7910/DVN/VOQCHQ, v20.0)"
05027,0.3653,-0.2606,8887,0.3945,county,0.3385,-0.3117,8616,0.3825,county,0.3148,-0.3654,7940,0.3525,county,-0.0268,-0.0305,-0.0236,-0.0785,"MEDSL county presidential returns (doi:10.7910/DVN/VOQCHQ, v20.0)"
05029,0.3539,-0.2766,7927,0.3798,county,0.3147,-0.3545,8685,0.4161,county,0.2936,-0.4032,8541,0.4092,county,-0.0392,0.0956,-0.0211,-0.0166,"MEDSL county presidential returns (doi:10.7910/DVN/VOQCHQ, v20.0)"
05031,0.3152,-0.3473,35573,0.3173,county,0.3181,-0.3541,38511,0.3436,county,0.3083,-0.3744,37242,0.3322,county,0.0028,0.0826,-0.0098,-0.033,"MEDSL county presidential returns (doi:10.7910/DVN/VOQCHQ, v20.0)"
05033,0.212,-0.5433,22450,0.3693,county,0.2104,-0.5665,24091,0.3963,county,0.2034,-0.5816,23834,0.3921,county,-0.0015,0.0731,-0.007,-0.0107,"MEDSL county presidential returns (doi:10.7910/DVN/VOQCHQ, v20.0)"
05035,0.547,0.0906,15952,0.3351,county,0.5373,0.0722,16367,0.3438,county,0.5116,0.0228,14681,0.3084,county,-0.0098,0.026,-0.0257,-0.103,"MEDSL county presidential returns (doi:10.7910/DVN/VOQCHQ, v20.0)"
05037,0.3037,-0.3761,6874,0.4121,county,0.2638,-0.4572,6942,0.4162,county,0.2568,-0.4761,6534,0.3917,county,-0.0399,0.0099,-0.007,-0.0588,"MEDSL county presidential returns (doi:10.7910/DVN/VOQCHQ, v20.0)"
05039,0.4357,-0.1241,2771,0.4363,county,0.3797,-0.2303,2649,0.4171,county,0.35,-0.2943,2324,0.3659,county,-0.0559,-0.044,-0.0297,-0.1227,"MEDSL county presidential returns (doi:10.7910/DVN/VOQCHQ, v20.0)"
05041,0.5373,0.0726,4257,0.3856,county,0.5121,0.0228,4164,0.3771,county,0.4757,-0.0476,3505,0.3175,county,-0.0252,-0.0218,-0.0363,-0.1583,"MEDSL county presidential returns (doi:10.7910/DVN/VOQCHQ, v20.0)"
05043,0.3734,-0.2431,6595,0.3847,county,0.3581,-0.2784,6908,0.403,county,0.3278,-0.3383,6365,0.3713,county,-0.0154,0.0475,-0.0302,-0.0786,"MEDSL county presidential returns (doi:10.7910/DVN/VOQCHQ, v20.0)"
05045,0.3327,-0.3097,47527,0.3772,county,0.3477,-0.2953,54428,0.432,county,0.3343,-0.3232,54465,0.4323,county,0.015,0.1452,-0.0134,0.0007,"MEDSL county presidential returns (doi:10.7910/DVN/VOQCHQ, v20.0)"
05047,0.2145,-0.5411,6770,0.3931,county,0.1863,-0.614,7129,0.414,county,0.1808,-0.624,6971,0.4048,county,-0.0282,0.053,-0.0055,-0.0222,"MEDSL county presidential returns (doi:10.7910/DVN/VOQCHQ, v20.0)"
05049,0.2351,-0.5038,4772,0.3899,county,0.2072,-0.5716,5119,0.4183,county,0.1832,-0.6215,5043,0.412,county,-0.028,0.0727,-0.024,-0.0148,"MEDSL county presidential returns (doi:10.7910/DVN/VOQCHQ, v20.0)"
05051,0.3206,-0.3376,40805,0.4078,county,0.3258,-0.3399,44199,0.4417,county,0.3146,-0.3625,42327,0.423,county,0.0051,0.0832,-0.0112,-0.0424,"MEDSL county presidential returns (doi:10.7910/DVN/VOQCHQ, v20.0)"
05053,0.1934,-0.5846,7445,0.4111,county,0.1573,-0.6739,8200,0.4528,county,0.15,-0.6887,8078,0.446,county,-0.0362,0.1014,-0.0073,-0.0149,"MEDSL county presidential returns (doi:10.7910/DVN/VOQCHQ, v20.0)"
05055,0.2227,-0.5239,14600,0.3161,county,0.1944,-0.597,16100,0.3486,county,0.1887,-0.612,15820,0.3426,county,-0.0283,0.1027,-0.0057,-0.0174,"MEDSL county presidential returns (doi:10.7910/DVN/VOQCHQ, v20.0)"
05057,0.3507,-0.2871,7049,0.3564,county,0.3235,-0.3405,6848,0.3462,county,0.2975,-0.3969,6089,0.3079,county,-0.0271,-0.0285,-0.026,-0.1108,"MEDSL county presidential returns (doi:10.7910/DVN/VOQCHQ, v20.0)"
05059,0.2782,-0.4205,11944,0.3604,county,0.2509,-0.4874,12557,0.3789,county,0.234,-0.5217,12283,0.3706,county,-0.0273,0.0513,-0.0169,-0.0218,"MEDSL county presidential returns (doi:10.7910/DVN/VOQCHQ, v20.0)"
05061,0.2997,-0.3864,4674,0.368,county,0.2847,-0.4193,4834,0.3806,county,0.2629,-0.4668,4473,0.3522,county,-0.015,0.0342,-0.0217,-0.0747,"MEDSL county presidential returns (doi:10.7910/DVN/VOQCHQ, v20.0)"
05063,0.2248,-0.5182,13614,0.3571,county,0.1996,-0.5819,14512,0.3807,county,0.1961,-0.5948,14011,0.3675,county,-0.0251,0.066,-0.0035,-0.0345,"MEDSL county presidential returns (doi:10.7910/DVN/VOQCHQ, v20.0)"
05065,0.2159,-0.5376,5448,0.3929,county,0.1806,-0.6213,5810,0.419,county,0.1635,-0.6591,5925,0.4273,county,-0.0353,0.0664,-0.0171,0.0198,"MEDSL county presidential returns (doi:10.7910/DVN/VOQCHQ, v20.0)"
05067,0.3264,-0.3266,5156,0.3074,county,0.2753,-0.4376,5091,0.3035,county,0.2521,-0.4871,4775,0.2846,county,-0.0511,-0.0126,-0.0232,-0.0621,"MEDSL county presidential returns (doi:10.7910/DVN/VOQCHQ, v20.0)"
05069,0.6303,0.2519,25894,0.3936,county,0.6114,0.217,25158,0.3825,county,0.6019,0.2006,21608,0.3285,county,-0.0189,-0.0284,-0.0095,-0.1411,"MEDSL county presidential returns (doi:10.7910/DVN/VOQCHQ, v20.0)"
05071,0.2849,-0.4021,9112,0.3514,county,0.2476,-0.4901,9498,0.3663,county,0.2375,-0.5143,9059,0.3493,county,-0.0373,0.0424,-0.0101,-0.0462,"MEDSL county presidential returns (doi:10.7910/DVN/VOQCHQ, v20.0)"
05073,0.3699,-0.2538,2860,0.4605,county,0.3232,-0.3427,2679,0.4313,county,0.3052,-0.3832,2325,0.3743,county,-0.0467,-0.0633,-0.018,-0.1321,"MEDSL county presidential returns (doi:10.7910/DVN/VOQCHQ, v20.0)"
05075,0.2371,-0.4927,5685,0.3495,county,0.1912,-0.5957,5857,0.3601,county,0.1732,-0.64,5692,0.35,county,-0.0459,0.0303,-0.018,-0.0282,"MEDSL county presidential returns (doi:10.7910/DVN/VOQCHQ, v20.0)"
05077,0.5854,0.1672,3026,0.3555,county,0.5253,0.0481,2848,0.3346,county,0.5182,0.0353,2520,0.2961,county,-0.0601,-0.0588,-0.0071,-0.1152,"MEDSL county presidential returns (doi:10.7910/DVN/VOQCHQ, v20.0)"
05079,0.3377,-0.3144,3826,0.2951,county,0.2744,-0.4379,3875,0.2989,county,0.2452,-0.5009,3372,0.2601,county,-0.0633,0.0128,-0.0291,-0.1298,"MEDSL county presidential returns (doi:10.7910/DVN/VOQCHQ, v20.0)"
05081,0.2793,-0.4224,5227,0.4371,county,0.2481,-0.4808,5177,0.4329,county,0.2245,-0.543,4899,0.4096,county,-0.0312,-0.0096,-0.0236,-0.0537,"MEDSL county presidential returns (doi:10.7910/DVN/VOQCHQ, v20.0)"
05083,0.2299,-0.5089,7921,0.3729,county,0.1934,-0.5954,8225,0.3872,county,0.1823,-0.6219,8205,0.3863,county,-0.0365,0.0384,-0.0111,-0.0024,"MEDSL county presidential returns (doi:10.7910/DVN/VOQCHQ, v20.0)"
05085,0.2211,-0.5275,27100,0.3626,county,0.2261,-0.5283,30662,0.4102,county,0.2262,-0.5367,30620,0.4096,county,0.005,0.1314,0.0001,-0.0014,"MEDSL county presidential returns (doi:10.7910/DVN/VOQCHQ, v20.0)"
05087,0.2437,-0.4882,6841,0.4017,county,0.2165,-0.5571,7351,0.4316,county,0.2021,-0.5858,7501,0.4404,county,-0.0273,0.0746,-0.0143,0.0204,"MEDSL county presidential returns (doi:10.7910/DVN/VOQCHQ, v20.0)"
05089,0.2118,-0.549,7107,0.4162,county,0.2093,-0.5667,7503,0.4394,county,0.1942,-0.6023,7851,0.4598,county,-0.0025,0.0557,-0.0152,0.0464,"MEDSL county presidential returns (doi:10.7910/DVN/VOQCHQ, v20.0)"
05091,0.2745,-0.4363,16091,0.3778,county,0.2626,-0.4643,16529,0.3881,county,0.2414,-0.5109,15803,0.3711,county,-0.0119,0.0272,-0.0212,-0.0439,"MEDSL county presidential returns (doi:10.7910/DVN/VOQCHQ, v20.0)"
05093,0.4454,-0.1053,13204,0.3322,county,0.3845,-0.2218,12342,0.3105,county,0.3392,-0.3162,10717,0.2696,county,-0.0609,-0.0653,-0.0453,-0.1317,"MEDSL county presidential returns (doi:10.7910/DVN/VOQCHQ, v20.0)"
05095,0.4684,-0.0614,2884,0.4317,county,0.4261,-0.1413,2816,0.4215,county,0.4198,-0.1574,2433,0.3642,county,-0.0423,-0.0236,-0.0063,-0.136,"MEDSL county presidential returns (doi:10.7910/DVN/VOQCHQ, v20.0)"
05097,0.2206,-0.5325,3559,0.4152,county,0.1935,-0.5977,3873,0.4519,county,0.1776,-0.6318,3707,0.4325,county,-0.027,0.0882,-0.016,-0.0429,"MEDSL county presidential returns (doi:10.7910/DVN/VOQCHQ, v20.0)"
05099,0.3665,-0.2597,3246,0.3945,county,0.3353,-0.3148,3358,0.4081,county,0.2978,-0.3966,2907,0.3533,county,-0.0312,0.0345,-0.0375,-0.1343,"MEDSL county presidential returns (doi:10.7910/DVN/VOQCHQ, v20.0)"
05101,0.1956,-0.5798,3753,0.5231,county,0.1817,-0.6211,3998,0.5572,county,0.1737,-0.6416,3770,0.5254,county,-0.0138,0.0653,-0.008,-0.057,"MEDSL county presidential returns (doi:10.7910/DVN/VOQCHQ, v20.0)"
05103,0.4468,-0.1037,9935,0.4452,county,0.4301,-0.1349,9629,0.4315,county,0.4029,-0.1906,8626,0.3865,county,-0.0167,-0.0308,-0.0271,-0.1042,"MEDSL county presidential returns (doi:10.7910/DVN/VOQCHQ, v20.0)"
05105,0.2586,-0.4549,4306,0.4275,county,0.2253,-0.5332,4627,0.4593,county,0.2059,-0.575,4584,0.4551,county,-0.0332,0.0745,-0.0194,-0.0093,"MEDSL county presidential returns (doi:10.7910/DVN/VOQCHQ, v20.0)"
05107,0.638,0.2681,6953,0.437,county,0.5998,0.1932,6242,0.3923,county,0.5676,0.1328,4938,0.3104,county,-0.0381,-0.1023,-0.0322,-0.2089,"MEDSL county presidential returns (doi:10.7910/DVN/VOQCHQ, v20.0)"
05109,0.1786,-0.6192,3981,0.391,county,0.1547,-0.6771,4246,0.417,county,0.1301,-0.7311,4358,0.428,county,-0.0239,0.0666,-0.0246,0.0264,"MEDSL county presidential returns (doi:10.7910/DVN/VOQCHQ, v20.0)"
05111,0.2547,-0.469,7722,0.3396,county,0.194,-0.5975,7521,0.3307,county,0.1773,-0.6351,7079,0.3113,county,-0.0607,-0.026,-0.0167,-0.0588,"MEDSL county presidential returns (doi:10.7910/DVN/VOQCHQ, v20.0)"
05113,0.1548,-0.6568,8231,0.4254,county,0.1505,-0.6819,8490,0.4388,county,0.1408,-0.7049,8288,0.4284,county,-0.0043,0.0315,-0.0097,-0.0238,"MEDSL county presidential returns (doi:10.7910/DVN/VOQCHQ, v20.0)"
05115,0.2352,-0.4987,22569,0.3536,county,0.242,-0.5038,24432,0.3828,county,0.2325,-0.5221,24191,0.379,county,0.0068,0.0825,-0.0095,-0.0099,"MEDSL county presidential returns (doi:10.7910/DVN/VOQCHQ, v20.0)"
05117,0.2453,-0.491,3444,0.422,county,0.1901,-0.61,3495,0.4282,county,0.1662,-0.6575,3200,0.3921,county,-0.0551,0.0148,-0.0239,-0.0844,"MEDSL county presidential returns (doi:10.7910/DVN/VOQCHQ, v20.0)"
05119,0.5939,0.1772,159776,0.4005,county,0.6155,0.2251,169956,0.426,county,0.6135,0.2213,153924,0.3858,county,0.0216,0.0637,-0.002,-0.0943,"MEDSL county presidential returns (doi:10.7910/DVN/VOQCHQ, v20.0)"
05121,0.2401,-0.4835,6379,0.3405,county,0.1849,-0.6078,6812,0.3636,county,0.1749,-0.6373,6636,0.3542,county,-0.0552,0.0679,-0.01,-0.0258,"MEDSL county presidential returns (doi:10.7910/DVN/VOQCHQ, v20.0)"
05123,0.5578,0.1125,7430,0.3267,county,0.5264,0.0509,7108,0.3126,county,0.5038,0.0074,5979,0.2629,county,-0.0314,-0.0433,-0.0227,-0.1588,"MEDSL county presidential returns (doi:10.7910/DVN/VOQCHQ, v20.0)"
05125,0.2699,-0.4339,52100,0.4144,county,0.2888,-0.4125,56959,0.453,county,0.2948,-0.4014,57609,0.4582,county,0.0189,0.0933,0.006,0.0114,"MEDSL county presidential returns (doi:10.7910/DVN/VOQCHQ, v20.0)"
05127,0.1806,-0.6066,3510,0.3567,county,0.1402,-0.6981,3551,0.3609,county,0.1273,-0.7352,3384,0.3439,county,-0.0404,0.0117,-0.0129,-0.047,"MEDSL county presidential returns (doi:10.7910/DVN/VOQCHQ, v20.0)"
05129,0.169,-0.6314,3728,0.4742,county,0.1487,-0.691,4019,0.5113,county,0.1339,-0.7222,3869,0.4922,county,-0.0203,0.0781,-0.0148,-0.0373,"MEDSL county presidential returns (doi:10.7910/DVN/VOQCHQ, v20.0)"
05131,0.2969,-0.377,44637,0.3475,county,0.3171,-0.3545,47140,0.367,county,0.3077,-0.3755,45452,0.3539,county,0.0202,0.0561,-0.0094,-0.0358,"MEDSL county presidential returns (doi:10.7910/DVN/VOQCHQ, v20.0)"
05133,0.2467,-0.4838,4562,0.2888,county,0.2232,-0.5321,5202,0.3293,county,0.186,-0.6173,4714,0.2984,county,-0.0235,0.1403,-0.0372,-0.0938,"MEDSL county presidential returns (doi:10.7910/DVN/VOQCHQ, v20.0)"
05135,0.214,-0.5428,7249,0.4119,county,0.1906,-0.6001,7566,0.43,county,0.1804,-0.6269,7437,0.4226,county,-0.0234,0.0437,-0.0101,-0.017,"MEDSL county presidential returns (doi:10.7910/DVN/VOQCHQ, v20.0)"
05137,0.2263,-0.518,5618,0.4504,county,0.2036,-0.5786,5938,0.476,county,0.1847,-0.6167,6030,0.4834,county,-0.0227,0.057,-0.0189,0.0155,"MEDSL county presidential returns (doi:10.7910/DVN/VOQCHQ, v20.0)"
05139,0.359,-0.2723,16894,0.4403,county,0.3477,-0.2947,16607,0.4328,county,0.3299,-0.3351,15448,0.4026,county,-0.0113,-0.017,-0.0178,-0.0698,"MEDSL county presidential returns (doi:10.7910/DVN/VOQCHQ, v20.0)"
05141,0.2235,-0.5223,7339,0.4605,county,0.2089,-0.5688,7807,0.4899,county,0.1926,-0.6018,7621,0.4782,county,-0.0146,0.0638,-0.0162,-0.0238,"MEDSL county presidential returns (doi:10.7910/DVN/VOQCHQ, v20.0)"
05143,0.4458,-0.0991,81861,0.325,county,0.4799,-0.039,94266,0.3743,county,0.4656,-0.0665,97158,0.3858,county,0.034,0.1515,-0.0142,0.0307,"MEDSL county presidential returns (doi:10.7910/DVN/VOQCHQ, v20.0)"
05145,0.197,-0.5844,27219,0.3517,county,0.1982,-0.5894,30885,0.3991,county,0.1871,-0.612,30837,0.3984,county,0.0012,0.1347,-0.0111,-0.0016,"MEDSL county presidential returns (doi:10.7910/DVN/VOQCHQ, v20.0)"
05147,0.4535,-0.0891,2571,0.4176,county,0.3568,-0.2775,2476,0.4021,county,0.3344,-0.3248,2318,0.3765,county,-0.0967,-0.037,-0.0225,-0.0638,"MEDSL county presidential returns (doi:10.7910/DVN/VOQCHQ, v20.0)"
05149,0.2431,-0.4858,6439,0.3188,county,0.1972,-0.5848,6741,0.3338,county,0.1907,-0.6074,6477,0.3207,county,-0.0459,0.0469,-0.0065,-0.0392,"MEDSL county presidential returns (doi:10.7910/DVN/VOQCHQ, v20.0)"
06001,0.8429,0.6403,654266,0.3961,county,0.8192,0.6251,770070,0.4662,county,0.7801,0.5355,669907,0.4055,county,-0.0237,0.177,-0.0391,-0.1301,"MEDSL county presidential returns (doi:10.7910/DVN/VOQCHQ, v20.0)"
06003,0.6062,0.1944,602,0.3552,county,0.6611,0.3131,741,0.4372,county,0.6634,0.3198,738,0.4354,county,0.0549,0.2309,0.0023,-0.004,"MEDSL county presidential returns (doi:10.7910/DVN/VOQCHQ, v20.0)"
06005,0.3641,-0.2527,17734,0.4322,county,0.3751,-0.2435,22304,0.5436,county,0.357,-0.2783,22403,0.546,county,0.0109,0.2577,-0.0181,0.0044,"MEDSL county presidential returns (doi:10.7910/DVN/VOQCHQ, v20.0)"
06007,0.4794,-0.0374,95564,0.4562,county,0.5086,0.0166,102066,0.4873,county,0.4839,-0.0312,94556,0.4514,county,0.0292,0.068,-0.0247,-0.0736,"MEDSL county presidential returns (doi:10.7910/DVN/VOQCHQ, v20.0)"
06009,0.3703,-0.2406,23136,0.503,county,0.3782,-0.2383,27164,0.5906,county,0.3558,-0.2811,26480,0.5757,county,0.0079,0.1741,-0.0224,-0.0252,"MEDSL county presidential returns (doi:10.7910/DVN/VOQCHQ, v20.0)"
06011,0.4284,-0.1342,6632,0.3029,county,0.4154,-0.1658,7961,0.3636,county,0.3551,-0.2824,7021,0.3207,county,-0.013,0.2004,-0.0602,-0.1181,"MEDSL county presidential returns (doi:10.7910/DVN/VOQCHQ, v20.0)"
06013,0.7336,0.4362,466175,0.4014,county,0.7314,0.4533,581316,0.5005,county,0.6963,0.3795,528904,0.4554,county,-0.0021,0.247,-0.0352,-0.0902,"MEDSL county presidential returns (doi:10.7910/DVN/VOQCHQ, v20.0)"
06015,0.4043,-0.1725,9558,0.3502,county,0.4199,-0.1558,11453,0.4196,county,0.4156,-0.164,10564,0.3871,county,0.0156,0.1983,-0.0043,-0.0776,"MEDSL county presidential returns (doi:10.7910/DVN/VOQCHQ, v20.0)"
06017,0.425,-0.1372,93591,0.4867,county,0.455,-0.088,116159,0.6041,county,0.4384,-0.1198,111890,0.5819,county,0.0299,0.2411,-0.0166,-0.0368,"MEDSL county presidential returns (doi:10.7910/DVN/VOQCHQ, v20.0)"
06019,0.5326,0.0612,282319,0.2789,county,0.5399,0.0783,364917,0.3605,county,0.4775,-0.0439,325994,0.3221,county,0.0074,0.2926,-0.0625,-0.1067,"MEDSL county presidential returns (doi:10.7910/DVN/VOQCHQ, v20.0)"
06021,0.3462,-0.2875,9470,0.3309,county,0.3613,-0.2716,11297,0.3947,county,0.3207,-0.349,10442,0.3648,county,0.0151,0.1929,-0.0405,-0.0757,"MEDSL county presidential returns (doi:10.7910/DVN/VOQCHQ, v20.0)"
06023,0.6437,0.2503,59246,0.4375,county,0.6728,0.3341,68843,0.5084,county,0.6486,0.284,64228,0.4743,county,0.0291,0.162,-0.0242,-0.067,"MEDSL county presidential returns (doi:10.7910/DVN/VOQCHQ, v20.0)"
06025,0.72,0.4151,48091,0.2682,county,0.6245,0.2437,56743,0.3164,county,0.4956,-0.0086,54025,0.3013,county,-0.0954,0.1799,-0.1289,-0.0479,"MEDSL county presidential returns (doi:10.7910/DVN/VOQCHQ, v20.0)"
06027,0.4262,-0.1352,8086,0.43,county,0.5008,0.0015,9484,0.5044,county,0.4846,-0.0298,8951,0.476,county,0.0746,0.1729,-0.0162,-0.0562,"MEDSL county presidential returns (doi:10.7910/DVN/VOQCHQ, v20.0)"
06029,0.4323,-0.1265,244163,0.2682,county,0.4478,-0.1019,305292,0.3353,county,0.392,-0.2106,283246,0.3111,county,0.0154,0.2504,-0.0558,-0.0722,"MEDSL county presidential returns (doi:10.7910/DVN/VOQCHQ, v20.0)"
06031,0.4294,-0.132,33915,0.2219,county,0.4372,-0.1225,43861,0.287,county,0.3823,-0.2302,41501,0.2716,county,0.0078,0.2933,-0.0549,-0.0538,"MEDSL county presidential returns (doi:10.7910/DVN/VOQCHQ, v20.0)"
06033,0.5203,0.0366,24496,0.3595,county,0.5324,0.0631,28812,0.4228,county,0.4929,-0.0137,26759,0.3927,county,0.0121,0.1762,-0.0395,-0.0713,"MEDSL county presidential returns (doi:10.7910/DVN/VOQCHQ, v20.0)"
06035,0.227,-0.5084,10524,0.3376,county,0.2378,-0.5148,11987,0.3845,county,0.2233,-0.5401,11371,0.3647,county,0.0108,0.139,-0.0145,-0.0514,"MEDSL county presidential returns (doi:10.7910/DVN/VOQCHQ, v20.0)"
06037,0.762,0.4934,3434308,0.3487,county,0.7256,0.4416,4264365,0.433,county,0.6701,0.3292,3728427,0.3786,county,-0.0364,0.2417,-0.0555,-0.1257,"MEDSL county presidential returns (doi:10.7910/DVN/VOQCHQ, v20.0)"
06039,0.4217,-0.1468,43112,0.2715,county,0.4409,-0.1156,53732,0.3384,county,0.3935,-0.208,54624,0.344,county,0.0193,0.2463,-0.0475,0.0166,"MEDSL county presidential returns (doi:10.7910/DVN/VOQCHQ, v20.0)"
06041,0.8331,0.6242,139273,0.5382,county,0.839,0.6653,155830,0.6022,county,0.8284,0.6391,144113,0.5569,county,0.0059,0.1189,-0.0106,-0.0752,"MEDSL county presidential returns (doi:10.7910/DVN/VOQCHQ, v20.0)"
06043,0.3758,-0.2324,8877,0.5203,county,0.4073,-0.1811,10280,0.6026,county,0.3917,-0.2106,9509,0.5574,county,0.0314,0.158,-0.0156,-0.075,"MEDSL county presidential returns (doi:10.7910/DVN/VOQCHQ, v20.0)"
06045,0.6697,0.2986,37477,0.4132,county,0.6845,0.358,43340,0.4778,county,0.64,0.2683,39216,0.4323,county,0.0148,0.1564,-0.0445,-0.0952,"MEDSL county presidential returns (doi:10.7910/DVN/VOQCHQ, v20.0)"
06047,0.565,0.1214,70789,0.2479,county,0.5543,0.1059,90554,0.3171,county,0.4776,-0.0436,86392,0.3025,county,-0.0108,0.2792,-0.0766,-0.046,"MEDSL county presidential returns (doi:10.7910/DVN/VOQCHQ, v20.0)"
06049,0.2455,-0.4802,3788,0.4381,county,0.27,-0.4511,4343,0.5023,county,0.259,-0.4671,4016,0.4645,county,0.0246,0.1465,-0.011,-0.0753,"MEDSL county presidential returns (doi:10.7910/DVN/VOQCHQ, v20.0)"
06051,0.5678,0.1255,5276,0.4006,county,0.6149,0.2226,6738,0.5117,county,0.6056,0.2025,6064,0.4605,county,0.0472,0.2771,-0.0094,-0.1,"MEDSL county presidential returns (doi:10.7910/DVN/VOQCHQ, v20.0)"
06053,0.7186,0.4062,133408,0.3061,county,0.7111,0.4127,163923,0.3761,county,0.654,0.2988,146718,0.3366,county,-0.0075,0.2287,-0.0571,-0.105,"MEDSL county presidential returns (doi:10.7910/DVN/VOQCHQ, v20.0)"
06055,0.6924,0.355,61372,0.451,county,0.7067,0.4039,72150,0.5302,county,0.6798,0.3487,65549,0.4817,county,0.0143,0.1756,-0.0269,-0.0915,"MEDSL county presidential returns (doi:10.7910/DVN/VOQCHQ, v20.0)"
06057,0.5272,0.0489,54935,0.5362,county,0.5759,0.148,64750,0.632,county,0.5634,0.1224,62132,0.6064,county,0.0487,0.1787,-0.0124,-0.0404,"MEDSL county presidential returns (doi:10.7910/DVN/VOQCHQ, v20.0)"
06059,0.546,0.0859,1197521,0.3785,county,0.5461,0.0903,1522113,0.4811,county,0.5137,0.0265,1390965,0.4396,county,0.0001,0.2711,-0.0324,-0.0862,"MEDSL county presidential returns (doi:10.7910/DVN/VOQCHQ, v20.0)"
06061,0.4359,-0.1183,182839,0.4433,county,0.466,-0.0664,235084,0.57,county,0.4562,-0.0851,234809,0.5693,county,0.0301,0.2857,-0.0098,-0.0012,"MEDSL county presidential returns (doi:10.7910/DVN/VOQCHQ, v20.0)"
06063,0.3896,-0.2027,9676,0.4935,county,0.4144,-0.1673,11260,0.5743,county,0.4125,-0.1694,10067,0.5134,county,0.0248,0.1637,-0.0019,-0.106,"MEDSL county presidential returns (doi:10.7910/DVN/VOQCHQ, v20.0)"
06065,0.5286,0.0538,751391,0.3067,county,0.5405,0.0794,997156,0.407,county,0.4935,-0.0126,940405,0.3839,county,0.0119,0.3271,-0.047,-0.0569,"MEDSL county presidential returns (doi:10.7910/DVN/VOQCHQ, v20.0)"
06067,0.6321,0.2436,559330,0.3531,county,0.6295,0.2525,718440,0.4535,county,0.6021,0.1971,656626,0.4145,county,-0.0025,0.2845,-0.0274,-0.086,"MEDSL county presidential returns (doi:10.7910/DVN/VOQCHQ, v20.0)"
06069,0.6149,0.2135,21924,0.3319,county,0.6247,0.2441,28830,0.4364,county,0.5647,0.1258,27649,0.4186,county,0.0098,0.315,-0.06,-0.041,"MEDSL county presidential returns (doi:10.7910/DVN/VOQCHQ, v20.0)"
06071,0.5569,0.1064,653983,0.2989,county,0.5545,0.1065,841130,0.3845,county,0.489,-0.0214,761714,0.3482,county,-0.0024,0.2862,-0.0655,-0.0944,"MEDSL county presidential returns (doi:10.7910/DVN/VOQCHQ, v20.0)"
06073,0.6062,0.1973,1306400,0.398,county,0.6165,0.2275,1602143,0.488,county,0.5865,0.1679,1477786,0.4502,county,0.0103,0.2264,-0.03,-0.0776,"MEDSL county presidential returns (doi:10.7910/DVN/VOQCHQ, v20.0)"
06075,0.9015,0.7575,405792,0.4852,county,0.8702,0.7254,443553,0.5304,county,0.838,0.648,402964,0.4818,county,-0.0314,0.0931,-0.0322,-0.0915,"MEDSL county presidential returns (doi:10.7910/DVN/VOQCHQ, v20.0)"
06077,0.5766,0.1436,224166,0.2847,county,0.5709,0.1388,288492,0.3664,county,0.4954,-0.0089,263671,0.3349,county,-0.0057,0.287,-0.0755,-0.086,"MEDSL county presidential returns (doi:10.7910/DVN/VOQCHQ, v20.0)"
06079,0.5444,0.0811,135009,0.4796,county,0.567,0.1307,159714,0.5674,county,0.556,0.1087,150766,0.5356,county,0.0226,0.183,-0.011,-0.056,"MEDSL county presidential returns (doi:10.7910/DVN/VOQCHQ, v20.0)"
06081,0.8042,0.5724,314384,0.4219,county,0.7941,0.5769,374251,0.5023,county,0.7603,0.5033,330510,0.4436,county,-0.0101,0.1904,-0.0338,-0.1169,"MEDSL county presidential returns (doi:10.7910/DVN/VOQCHQ, v20.0)"
06083,0.6553,0.2872,176786,0.3982,county,0.6641,0.3206,200339,0.4512,county,0.6376,0.2668,184715,0.416,county,0.0088,0.1332,-0.0265,-0.078,"MEDSL county presidential returns (doi:10.7910/DVN/VOQCHQ, v20.0)"
06085,0.7794,0.5213,703709,0.3697,county,0.7422,0.4741,850741,0.447,county,0.7077,0.3995,750433,0.3943,county,-0.0372,0.2089,-0.0345,-0.1179,"MEDSL county presidential returns (doi:10.7910/DVN/VOQCHQ, v20.0)"
06087,0.8093,0.5652,128821,0.4843,county,0.8092,0.6028,144837,0.5445,county,0.7831,0.5444,134135,0.5042,county,-0.0001,0.1243,-0.0261,-0.0739,"MEDSL county presidential returns (doi:10.7910/DVN/VOQCHQ, v20.0)"
06089,0.301,-0.3682,80053,0.4409,county,0.3304,-0.3313,92930,0.5119,county,0.313,-0.3646,88900,0.4897,county,0.0294,0.1609,-0.0174,-0.0434,"MEDSL county presidential returns (doi:10.7910/DVN/VOQCHQ, v20.0)"
06091,0.3645,-0.2443,1830,0.6701,county,0.39,-0.2134,1931,0.7071,county,0.3755,-0.2423,1754,0.6423,county,0.0255,0.0552,-0.0144,-0.0917,"MEDSL county presidential returns (doi:10.7910/DVN/VOQCHQ, v20.0)"
06093,0.3894,-0.2004,20492,0.4675,county,0.4192,-0.1575,23472,0.5355,county,0.4006,-0.1923,21489,0.4902,county,0.0298,0.1454,-0.0186,-0.0845,"MEDSL county presidential returns (doi:10.7910/DVN/VOQCHQ, v20.0)"
06095,0.6635,0.3036,166113,0.3685,county,0.6551,0.3028,205877,0.4567,county,0.6184,0.2299,189834,0.4211,county,-0.0084,0.2394,-0.0367,-0.0779,"MEDSL county presidential returns (doi:10.7910/DVN/VOQCHQ, v20.0)"
06097,0.7573,0.4715,231253,0.4762,county,0.7638,0.5147,268317,0.5525,county,0.739,0.4621,251426,0.5177,county,0.0065,0.1603,-0.0248,-0.063,"MEDSL county presidential returns (doi:10.7910/DVN/VOQCHQ, v20.0)"
06099,0.5098,0.0183,172146,0.3117,county,0.504,0.0079,214954,0.3892,county,0.4437,-0.1096,197472,0.3576,county,-0.0058,0.2487,-0.0603,-0.0813,"MEDSL county presidential returns (doi:10.7910/DVN/VOQCHQ, v20.0)"
06101,0.4184,-0.1521,33523,0.3387,county,0.4161,-0.1643,42644,0.4309,county,0.3391,-0.3141,39336,0.3974,county,-0.0023,0.2721,-0.077,-0.0776,"MEDSL county presidential returns (doi:10.7910/DVN/VOQCHQ, v20.0)"
06103,0.3053,-0.3633,23908,0.3649,county,0.3177,-0.3561,28731,0.4385,county,0.2861,-0.4179,26532,0.4049,county,0.0124,0.2017,-0.0316,-0.0765,"MEDSL county presidential returns (doi:10.7910/DVN/VOQCHQ, v20.0)"
06105,0.4405,-0.1052,5686,0.3579,county,0.4721,-0.0538,6259,0.394,county,0.4512,-0.0939,5645,0.3553,county,0.0316,0.1008,-0.0209,-0.0981,"MEDSL county presidential returns (doi:10.7910/DVN/VOQCHQ, v20.0)"
06107,0.4494,-0.0954,112334,0.2361,county,0.4601,-0.0781,146885,0.3087,county,0.394,-0.2071,138271,0.2906,county,0.0107,0.3076,-0.0661,-0.0586,"MEDSL county presidential returns (doi:10.7910/DVN/VOQCHQ, v20.0)"
06109,0.3854,-0.2126,25529,0.4652,county,0.4037,-0.1878,30408,0.5542,county,0.388,-0.2187,28810,0.525,county,0.0184,0.1911,-0.0158,-0.0526,"MEDSL county presidential returns (doi:10.7910/DVN/VOQCHQ, v20.0)"
06111,0.595,0.1765,351726,0.4196,county,0.6078,0.2109,422825,0.5044,county,0.5778,0.151,387595,0.4624,county,0.0128,0.2021,-0.0301,-0.0833,"MEDSL county presidential returns (doi:10.7910/DVN/VOQCHQ, v20.0)"
06113,0.7253,0.4143,82090,0.3769,county,0.7124,0.4143,97294,0.4467,county,0.688,0.3625,92589,0.4251,county,-0.0129,0.1852,-0.0244,-0.0484,"MEDSL county presidential returns (doi:10.7910/DVN/VOQCHQ, v20.0)"
06115,0.3752,-0.2287,22998,0.2768,county,0.3885,-0.2163,29796,0.3586,county,0.3671,-0.2583,30070,0.3619,county,0.0133,0.2956,-0.0214,0.0092,"MEDSL county presidential returns (doi:10.7910/DVN/VOQCHQ, v20.0)"
08001,0.5466,0.0851,193665,0.3693,county,0.5838,0.1628,236740,0.4514,county,0.5463,0.0901,233336,0.445,county,0.0372,0.2224,-0.0375,-0.0144,"MEDSL county presidential returns (doi:10.7910/DVN/VOQCHQ, v20.0)"
08003,0.5115,0.0206,6939,0.4202,county,0.4964,-0.0069,7808,0.4728,county,0.4443,-0.1081,7519,0.4553,county,-0.015,0.1252,-0.0521,-0.037,"MEDSL county presidential returns (doi:10.7910/DVN/VOQCHQ, v20.0)"
08005,0.5773,0.1413,303046,0.4622,county,0.6265,0.2464,350183,0.5341,county,0.6035,0.201,325451,0.4963,county,0.0492,0.1555,-0.0231,-0.0706,"MEDSL county presidential returns (doi:10.7910/DVN/VOQCHQ, v20.0)"
08007,0.3696,-0.2404,7339,0.5345,county,0.4187,-0.1587,9144,0.666,county,0.428,-0.1405,9355,0.6814,county,0.0491,0.2459,0.0092,0.0231,"MEDSL county presidential returns (doi:10.7910/DVN/VOQCHQ, v20.0)"
08009,0.139,-0.6828,2153,0.6223,county,0.1451,-0.6966,2225,0.6431,county,0.1402,-0.7041,2004,0.5792,county,0.0061,0.0334,-0.0049,-0.0993,"MEDSL county presidential returns (doi:10.7910/DVN/VOQCHQ, v20.0)"
08011,0.3318,-0.3103,1927,0.3488,county,0.3275,-0.3391,2274,0.4117,county,0.3013,-0.3888,2189,0.3963,county,-0.0043,0.1801,-0.0263,-0.0374,"MEDSL county presidential returns (doi:10.7910/DVN/VOQCHQ, v20.0)"
08013,0.7617,0.4833,188142,0.573,county,0.7892,0.5657,206111,0.6278,county,0.7865,0.5577,196150,0.5974,county,0.0274,0.0955,-0.0027,-0.0483,"MEDSL county presidential returns (doi:10.7910/DVN/VOQCHQ, v20.0)"
08014,0.5787,0.1423,37689,0.5018,county,0.6409,0.2741,46632,0.6208,county,0.6468,0.2853,46817,0.6233,county,0.0622,0.2373,0.0059,0.004,"MEDSL county presidential returns (doi:10.7910/DVN/VOQCHQ, v20.0)"
08015,0.4755,-0.0447,11250,0.566,county,0.535,0.0684,13718,0.6902,county,0.5698,0.1358,14416,0.7253,county,0.0595,0.2194,0.0348,0.0509,"MEDSL county presidential returns (doi:10.7910/DVN/VOQCHQ, v20.0)"
08017,0.1249,-0.7196,1102,0.6363,county,0.1165,-0.7588,1136,0.6559,county,0.104,-0.7791,1055,0.6091,county,-0.0083,0.0309,-0.0125,-0.0713,"MEDSL county presidential returns (doi:10.7910/DVN/VOQCHQ, v20.0)"
08019,0.5145,0.0263,5866,0.6268,county,0.5668,0.1298,6548,0.6997,county,0.5855,0.1659,6101,0.652,county,0.0523,0.1163,0.0187,-0.0683,"MEDSL county presidential returns (doi:10.7910/DVN/VOQCHQ, v20.0)"
08021,0.4806,-0.0356,4022,0.5337,county,0.4615,-0.0755,4333,0.575,county,0.4083,-0.1781,4104,0.5446,county,-0.0191,0.0773,-0.0532,-0.0529,"MEDSL county presidential returns (doi:10.7910/DVN/VOQCHQ, v20.0)"
08023,0.6567,0.2906,1848,0.5175,county,0.6389,0.2722,2094,0.5864,county,0.5761,0.1466,2080,0.5825,county,-0.0179,0.1331,-0.0628,-0.0067,"MEDSL county presidential returns (doi:10.7910/DVN/VOQCHQ, v20.0)"
08025,0.2391,-0.4846,1527,0.2663,county,0.2559,-0.4766,1750,0.3052,county,0.2553,-0.4742,1706,0.2975,county,0.0168,0.146,-0.0006,-0.0251,"MEDSL county presidential returns (doi:10.7910/DVN/VOQCHQ, v20.0)"
08027,0.2789,-0.4123,3066,0.6044,county,0.3101,-0.3747,3635,0.7165,county,0.315,-0.3607,3867,0.7623,county,0.0312,0.1856,0.0049,0.0638,"MEDSL county presidential returns (doi:10.7910/DVN/VOQCHQ, v20.0)"
08029,0.2596,-0.4507,16790,0.5355,county,0.3104,-0.3714,19370,0.6178,county,0.3177,-0.3552,19476,0.6212,county,0.0507,0.1537,0.0074,0.0055,"MEDSL county presidential returns (doi:10.7910/DVN/VOQCHQ, v20.0)"
08031,0.796,0.548,331852,0.465,county,0.8139,0.6137,393829,0.5518,county,0.7884,0.5615,363076,0.5087,county,0.018,0.1868,-0.0255,-0.0781,"MEDSL county presidential returns (doi:10.7910/DVN/VOQCHQ, v20.0)"
08033,0.204,-0.5594,1255,0.5262,county,0.2385,-0.5162,1449,0.6075,county,0.232,-0.5292,1419,0.595,county,0.0344,0.1546,-0.0065,-0.0207,"MEDSL county presidential returns (doi:10.7910/DVN/VOQCHQ, v20.0)"
08035,0.401,-0.1809,187499,0.5091,county,0.4632,-0.0717,231605,0.6289,county,0.4642,-0.0699,243758,0.6619,county,0.0623,0.2352,0.0009,0.0525,"MEDSL county presidential returns (doi:10.7910/DVN/VOQCHQ, v20.0)"
08037,0.6106,0.2026,25223,0.4555,county,0.6527,0.2984,29140,0.5262,county,0.6254,0.2444,27798,0.502,county,0.042,0.1553,-0.0273,-0.0461,"MEDSL county presidential returns (doi:10.7910/DVN/VOQCHQ, v20.0)"
08039,0.2112,-0.5364,15978,0.5885,county,0.2425,-0.5024,18983,0.6991,county,0.2387,-0.5114,20417,0.752,county,0.0313,0.1881,-0.0038,0.0755,"MEDSL county presidential returns (doi:10.7910/DVN/VOQCHQ, v20.0)"
08041,0.376,-0.2233,318967,0.4334,county,0.444,-0.1079,378851,0.5147,county,0.4496,-0.098,380813,0.5174,county,0.0679,0.1877,0.0057,0.0052,"MEDSL county presidential returns (doi:10.7910/DVN/VOQCHQ, v20.0)"
08043,0.2594,-0.4471,21973,0.4449,county,0.2961,-0.3971,25557,0.5174,county,0.303,-0.3843,25467,0.5156,county,0.0367,0.1631,0.0069,-0.0035,"MEDSL county presidential returns (doi:10.7910/DVN/VOQCHQ, v20.0)"
08045,0.4619,-0.0703,26470,0.4267,county,0.5118,0.023,30904,0.4982,county,0.5107,0.0209,30372,0.4896,county,0.0499,0.1675,-0.0011,-0.0172,"MEDSL county presidential returns (doi:10.7910/DVN/VOQCHQ, v20.0)"
08047,0.5106,0.019,3576,0.6085,county,0.5481,0.0932,4186,0.7123,county,0.5659,0.1271,4129,0.7026,county,0.0375,0.1706,0.0178,-0.0136,"MEDSL county presidential returns (doi:10.7910/DVN/VOQCHQ, v20.0)"
08049,0.4277,-0.1323,8588,0.5438,county,0.491,-0.0175,9870,0.6249,county,0.4959,-0.008,9883,0.6257,county,0.0633,0.1493,0.0049,0.0013,"MEDSL county presidential returns (doi:10.7910/DVN/VOQCHQ, v20.0)"
08051,0.6092,0.1954,9412,0.5485,county,0.6563,0.3036,11190,0.6522,county,0.6512,0.2923,10939,0.6375,county,0.0471,0.1889,-0.0051,-0.0224,"MEDSL county presidential returns (doi:10.7910/DVN/VOQCHQ, v20.0)"
08053,0.3675,-0.2411,589,0.6273,county,0.4194,-0.1551,632,0.6731,county,0.4363,-0.1238,606,0.6454,county,0.0519,0.073,0.0169,-0.0411,"MEDSL county presidential returns (doi:10.7910/DVN/VOQCHQ, v20.0)"
08055,0.4644,-0.0661,3783,0.5446,county,0.4852,-0.0288,4406,0.6343,county,0.4558,-0.0858,4438,0.6389,county,0.0207,0.1647,-0.0293,0.0073,"MEDSL county presidential returns (doi:10.7910/DVN/VOQCHQ, v20.0)"
08057,0.2137,-0.5319,861,0.6055,county,0.2044,-0.5776,876,0.616,county,0.2144,-0.5528,834,0.5865,county,-0.0093,0.0174,0.0099,-0.0479,"MEDSL county presidential returns (doi:10.7910/DVN/VOQCHQ, v20.0)"
08059,0.5378,0.0687,328882,0.5673,county,0.5954,0.1854,377358,0.6509,county,0.6001,0.1947,361504,0.6236,county,0.0576,0.1474,0.0047,-0.042,"MEDSL county presidential returns (doi:10.7910/DVN/VOQCHQ, v20.0)"
08061,0.1111,-0.745,855,0.6305,county,0.1097,-0.7719,903,0.6659,county,0.1206,-0.7439,863,0.6364,county,-0.0014,0.0561,0.0108,-0.0443,"MEDSL county presidential returns (doi:10.7910/DVN/VOQCHQ, v20.0)"
08063,0.153,-0.6567,3702,0.5277,county,0.1739,-0.6412,3871,0.5518,county,0.1528,-0.6833,3698,0.5272,county,0.0209,0.0457,-0.0211,-0.0447,"MEDSL county presidential returns (doi:10.7910/DVN/VOQCHQ, v20.0)"
08065,0.5599,0.1082,3199,0.4317,county,0.6061,0.2035,3961,0.5345,county,0.5855,0.1642,3911,0.5277,county,0.0461,0.2382,-0.0206,-0.0126,"MEDSL county presidential returns (doi:10.7910/DVN/VOQCHQ, v20.0)"
08067,0.5523,0.0943,31150,0.5554,county,0.5908,0.1771,35667,0.6359,county,0.5959,0.1865,35681,0.6362,county,0.0385,0.145,0.0051,0.0004,"MEDSL county presidential returns (doi:10.7910/DVN/VOQCHQ, v20.0)"
08069,0.5274,0.0494,195980,0.5391,county,0.5796,0.1544,224338,0.6171,county,0.5906,0.176,225482,0.6202,county,0.0521,0.1447,0.011,0.0051,"MEDSL county presidential returns (doi:10.7910/DVN/VOQCHQ, v20.0)"
08071,0.4167,-0.156,6793,0.472,county,0.4494,-0.0989,7961,0.5532,county,0.4308,-0.135,7792,0.5414,county,0.0328,0.1719,-0.0186,-0.0212,"MEDSL county presidential returns (doi:10.7910/DVN/VOQCHQ, v20.0)"
08073,0.1777,-0.6088,2436,0.4381,county,0.1804,-0.6281,2651,0.4767,county,0.1713,-0.6449,2571,0.4623,county,0.0027,0.0883,-0.0091,-0.0302,"MEDSL county presidential returns (doi:10.7910/DVN/VOQCHQ, v20.0)"
08075,0.2027,-0.5586,9722,0.4615,county,0.2152,-0.5573,10532,0.4999,county,0.2108,-0.5665,10162,0.4824,county,0.0126,0.0833,-0.0044,-0.0351,"MEDSL county presidential returns (doi:10.7910/DVN/VOQCHQ, v20.0)"
08077,0.3039,-0.3612,77653,0.4936,county,0.3566,-0.2798,90623,0.5761,county,0.3755,-0.2431,91600,0.5823,county,0.0528,0.167,0.0189,0.0108,"MEDSL county presidential returns (doi:10.7910/DVN/VOQCHQ, v20.0)"
08079,0.4079,-0.1641,652,0.816,county,0.4261,-0.1455,756,0.9462,county,0.4319,-0.1328,753,0.9424,county,0.0182,0.1595,0.0058,-0.004,"MEDSL county presidential returns (doi:10.7910/DVN/VOQCHQ, v20.0)"
08081,0.1414,-0.6791,6525,0.4922,county,0.175,-0.6358,7026,0.5299,county,0.1789,-0.6282,6671,0.5032,county,0.0336,0.0768,0.0038,-0.0505,"MEDSL county presidential returns (doi:10.7910/DVN/VOQCHQ, v20.0)"
08083,0.336,-0.3018,12858,0.4907,county,0.3854,-0.2239,15500,0.5915,county,0.3923,-0.21,15136,0.5776,county,0.0495,0.2055,0.0069,-0.0235,"MEDSL county presidential returns (doi:10.7910/DVN/VOQCHQ, v20.0)"
08085,0.2754,-0.4208,21186,0.4896,county,0.3143,-0.3645,24922,0.5759,county,0.3334,-0.326,25617,0.592,county,0.0389,0.1763,0.0191,0.0279,"MEDSL county presidential returns (doi:10.7910/DVN/VOQCHQ, v20.0)"
08087,0.2789,-0.4176,11960,0.4098,county,0.2878,-0.416,13744,0.4709,county,0.2508,-0.4859,13458,0.4611,county,0.0088,0.1492,-0.037,-0.0208,"MEDSL county presidential returns (doi:10.7910/DVN/VOQCHQ, v20.0)"
08089,0.3739,-0.2349,8452,0.4579,county,0.3851,-0.2246,9576,0.5187,county,0.3643,-0.264,8925,0.4835,county,0.0112,0.133,-0.0208,-0.068,"MEDSL county presidential returns (doi:10.7910/DVN/VOQCHQ, v20.0)"
08091,0.5568,0.1045,3310,0.6588,county,0.5999,0.196,4020,0.8002,county,0.6082,0.2121,4098,0.8157,county,0.0432,0.2145,0.0083,0.0194,"MEDSL county presidential returns (doi:10.7910/DVN/VOQCHQ, v20.0)"
08093,0.358,-0.2605,10417,0.5872,county,0.4122,-0.1699,12291,0.6929,county,0.4149,-0.165,12044,0.679,county,0.0542,0.1799,0.0026,-0.0201,"MEDSL county presidential returns (doi:10.7910/DVN/VOQCHQ, v20.0)"
08095,0.1958,-0.581,2332,0.5193,county,0.1989,-0.5924,2485,0.5533,county,0.1791,-0.627,2354,0.5242,county,0.0031,0.0656,-0.0197,-0.0527,"MEDSL county presidential returns (doi:10.7910/DVN/VOQCHQ, v20.0)"
08097,0.742,0.4545,10523,0.6147,county,0.7638,0.5193,11957,0.6985,county,0.7261,0.4424,11167,0.6523,county,0.0218,0.1363,-0.0377,-0.0661,"MEDSL county presidential returns (doi:10.7910/DVN/VOQCHQ, v20.0)"
08099,0.2514,-0.4675,5016,0.4204,county,0.2667,-0.4586,5561,0.4661,county,0.2425,-0.5066,5144,0.4311,county,0.0153,0.1087,-0.0242,-0.075,"MEDSL county presidential returns (doi:10.7910/DVN/VOQCHQ, v20.0)"
08101,0.4973,-0.005,78646,0.4661,county,0.5088,0.0172,88301,0.5233,county,0.4737,-0.0512,85107,0.5044,county,0.0115,0.1228,-0.0351,-0.0362,"MEDSL county presidential returns (doi:10.7910/DVN/VOQCHQ, v20.0)"
08103,0.1351,-0.6826,3450,0.5293,county,0.1549,-0.6773,3691,0.5663,county,0.1757,-0.6371,3690,0.5661,county,0.0198,0.0699,0.0208,-0.0003,"MEDSL county presidential returns (doi:10.7910/DVN/VOQCHQ, v20.0)"
08105,0.3934,-0.1959,5534,0.4857,county,0.4054,-0.1848,6305,0.5534,county,0.3812,-0.232,6194,0.5436,county,0.0119,0.1393,-0.0241,-0.0176,"MEDSL county presidential returns (doi:10.7910/DVN/VOQCHQ, v20.0)"
08107,0.5924,0.1695,13986,0.5597,county,0.6411,0.276,16876,0.6753,county,0.6427,0.2774,16335,0.6537,county,0.0487,0.2066,0.0016,-0.0321,"MEDSL county presidential returns (doi:10.7910/DVN/VOQCHQ, v20.0)"
08109,0.5527,0.0952,2835,0.4354,county,0.5714,0.139,3389,0.5205,county,0.5194,0.0374,3400,0.5222,county,0.0188,0.1954,-0.0521,0.0032,"MEDSL county presidential returns (doi:10.7910/DVN/VOQCHQ, v20.0)"
08111,0.5521,0.0988,506,0.7333,county,0.6287,0.2491,562,0.8145,county,0.6667,0.3197,588,0.8522,county,0.0766,0.1107,0.038,0.0463,"MEDSL county presidential returns (doi:10.7910/DVN/VOQCHQ, v20.0)"
08113,0.7423,0.4486,4329,0.5394,county,0.7755,0.5417,5147,0.6413,county,0.7536,0.4944,4804,0.5986,county,0.0332,0.189,-0.0219,-0.0666,"MEDSL county presidential returns (doi:10.7910/DVN/VOQCHQ, v20.0)"
08115,0.2083,-0.5484,1364,0.5814,county,0.2117,-0.5671,1446,0.6164,county,0.2126,-0.5633,1358,0.5789,county,0.0034,0.0601,0.0009,-0.0609,"MEDSL county presidential returns (doi:10.7910/DVN/VOQCHQ, v20.0)"
08117,0.652,0.2756,16174,0.5242,county,0.7036,0.3955,18479,0.5989,county,0.6916,0.3716,17542,0.5685,county,0.0515,0.1425,-0.0119,-0.0507,"MEDSL county presidential returns (doi:10.7910/DVN/VOQCHQ, v20.0)"
08119,0.2699,-0.4252,14444,0.583,county,0.3195,-0.352,16939,0.6837,county,0.3181,-0.3547,16326,0.659,county,0.0496,0.1727,-0.0014,-0.0362,"MEDSL county presidential returns (doi:10.7910/DVN/VOQCHQ, v20.0)"
08121,0.1141,-0.7329,2733,0.5648,county,0.1245,-0.74,3008,0.6216,county,0.119,-0.7509,2806,0.5799,county,0.0104,0.1006,-0.0055,-0.0672,"MEDSL county presidential returns (doi:10.7910/DVN/VOQCHQ, v20.0)"
08123,0.3777,-0.2225,135428,0.3975,county,0.4073,-0.1802,166974,0.4901,county,0.3924,-0.2097,179854,0.5279,county,0.0296,0.2329,-0.0149,0.0771,"MEDSL county presidential returns (doi:10.7910/DVN/VOQCHQ, v20.0)"
08125,0.1587,-0.6521,4791,0.4829,county,0.1605,-0.6669,4981,0.5021,county,0.166,-0.6539,4663,0.47,county,0.0018,0.0397,0.0056,-0.0638,"MEDSL county presidential returns (doi:10.7910/DVN/VOQCHQ, v20.0)"
09110,0.5714,0.1364,1644920,,state,0.602,0.2007,1823857,,state,0.5738,0.145,1759010,,state,0.0305,0.1088,-0.0282,-0.0356,"MEDSL county presidential returns (doi:10.7910/DVN/VOQCHQ, v20.0)"
09120,0.5714,0.1364,1644920,,state,0.602,0.2007,1823857,,state,0.5738,0.145,1759010,,state,0.0305,0.1088,-0.0282,-0.0356,"MEDSL county presidential returns (doi:10.7910/DVN/VOQCHQ, v20.0)"
09130,0.5714,0.1364,1644920,,state,0.602,0.2007,1823857,,state,0.5738,0.145,1759010,,state,0.0305,0.1088,-0.0282,-0.0356,"MEDSL county presidential returns (doi:10.7910/DVN/VOQCHQ, v20.0)"
09140,0.5714,0.1364,1644920,,state,0.602,0.2007,1823857,,state,0.5738,0.145,1759010,,state,0.0305,0.1088,-0.0282,-0.0356,"MEDSL county presidential returns (doi:10.7910/DVN/VOQCHQ, v20.0)"
09150,0.5714,0.1364,1644920,,state,0.602,0.2007,1823857,,state,0.5738,0.145,1759010,,state,0.0305,0.1088,-0.0282,-0.0356,"MEDSL county presidential returns (doi:10.7910/DVN/VOQCHQ, v20.0)"
09160,0.5714,0.1364,1644920,,state,0.602,0.2007,1823857,,state,0.5738,0.145,1759010,,state,0.0305,0.1088,-0.0282,-0.0356,"MEDSL county presidential returns (doi:10.7910/DVN/VOQCHQ, v20.0)"
09170,0.5714,0.1364,1644920,,state,0.602,0.2007,1823857,,state,0.5738,0.145,1759010,,state,0.0305,0.1088,-0.0282,-0.0356,"MEDSL county presidential returns (doi:10.7910/DVN/VOQCHQ, v20.0)"
09180,0.5714,0.1364,1644920,,state,0.602,0.2007,1823857,,state,0.5738,0.145,1759010,,state,0.0305,0.1088,-0.0282,-0.0356,"MEDSL county presidential returns (doi:10.7910/DVN/VOQCHQ, v20.0)"
09190,0.5714,0.1364,1644920,,state,0.602,0.2007,1823857,,state,0.5738,0.145,1759010,,state,0.0305,0.1088,-0.0282,-0.0356,"MEDSL county presidential returns (doi:10.7910/DVN/VOQCHQ, v20.0)"
10001,0.4741,-0.0488,74598,0.4031,county,0.5207,0.0407,87025,0.4703,county,0.5102,0.02,88141,0.4763,county,0.0466,0.1666,-0.0105,0.0128,"MEDSL county presidential returns (doi:10.7910/DVN/VOQCHQ, v20.0)"
10003,0.6558,0.295,262391,0.4579,county,0.6882,0.3709,287633,0.502,county,0.6654,0.3256,275917,0.4815,county,0.0324,0.0962,-0.0228,-0.0407,"MEDSL county presidential returns (doi:10.7910/DVN/VOQCHQ, v20.0)"
10005,0.3858,-0.2196,106008,0.4278,county,0.4431,-0.1125,129352,0.522,county,0.4445,-0.1097,147639,0.5958,county,0.0573,0.2202,0.0014,0.1414,"MEDSL county presidential returns (doi:10.7910/DVN/VOQCHQ, v20.0)"
11001,0.957,0.8678,311268,0.4631,county,0.9447,0.8675,344356,0.5124,county,0.9331,0.8381,325879,0.4849,county,-0.0123,0.1063,-0.0115,-0.0537,"MEDSL county presidential returns (doi:10.7910/DVN/VOQCHQ, v20.0)"
12001,0.6182,0.2254,128571,0.4563,county,0.6377,0.2716,142604,0.5061,county,0.6065,0.2097,136548,0.4846,county,0.0195,0.1091,-0.0312,-0.0425,"MEDSL county presidential returns (doi:10.7910/DVN/VOQCHQ, v20.0)"
12003,0.1702,-0.6476,12634,0.4482,county,0.146,-0.7023,14059,0.4988,county,0.1329,-0.7307,14977,0.5314,county,-0.0242,0.1128,-0.0131,0.0653,"MEDSL county presidential returns (doi:10.7910/DVN/VOQCHQ, v20.0)"
12005,0.2595,-0.4619,87453,0.4822,county,0.2793,-0.4352,93024,0.5129,county,0.2606,-0.4735,97777,0.5391,county,0.0198,0.0637,-0.0187,0.0511,"MEDSL county presidential returns (doi:10.7910/DVN/VOQCHQ, v20.0)"
12007,0.247,-0.495,12098,0.4338,county,0.2342,-0.5263,13632,0.4888,county,0.2125,-0.5724,13932,0.4996,county,-0.0128,0.1268,-0.0217,0.022,"MEDSL county presidential returns (doi:10.7910/DVN/VOQCHQ, v20.0)"
12009,0.3969,-0.1975,314752,0.5072,county,0.4168,-0.1645,360764,0.5814,county,0.3948,-0.2083,361449,0.5825,county,0.0199,0.1462,-0.022,0.0019,"MEDSL county presidential returns (doi:10.7910/DVN/VOQCHQ, v20.0)"
12011,0.6795,0.3514,831951,0.4275,county,0.6498,0.298,957672,0.4921,county,0.5856,0.1697,874539,0.4494,county,-0.0297,0.1511,-0.0642,-0.0868,"MEDSL county presidential returns (doi:10.7910/DVN/VOQCHQ, v20.0)"
12013,0.2105,-0.5614,6081,0.4474,county,0.1865,-0.6229,6526,0.4801,county,0.1598,-0.6761,6428,0.4729,county,-0.024,0.0732,-0.0267,-0.015,"MEDSL county presidential returns (doi:10.7910/DVN/VOQCHQ, v20.0)"
12015,0.3571,-0.2778,96374,0.494,county,0.3659,-0.2662,116340,0.5964,county,0.329,-0.3398,123676,0.634,county,0.0089,0.2072,-0.0369,0.0631,"MEDSL county presidential returns (doi:10.7910/DVN/VOQCHQ, v20.0)"
12017,0.295,-0.3973,79700,0.5022,county,0.2931,-0.4105,93208,0.5873,county,0.2691,-0.4589,98237,0.619,county,-0.002,0.1695,-0.0239,0.054,"MEDSL county presidential returns (doi:10.7910/DVN/VOQCHQ, v20.0)"
12019,0.2707,-0.4427,106483,0.4766,county,0.312,-0.3711,124405,0.5568,county,0.3019,-0.3926,126811,0.5675,county,0.0414,0.1683,-0.0102,0.0193,"MEDSL county presidential returns (doi:10.7910/DVN/VOQCHQ, v20.0)"
12021,0.3669,-0.2596,170789,0.4405,county,0.3758,-0.247,207818,0.5361,county,0.3336,-0.3307,216370,0.5581,county,0.0089,0.2168,-0.0422,0.0412,"MEDSL county presidential returns (doi:10.7910/DVN/VOQCHQ, v20.0)"
12023,0.2718,-0.4447,28707,0.4057,county,0.2722,-0.4516,33042,0.467,county,0.2473,-0.5018,33592,0.4748,county,0.0004,0.151,-0.0249,0.0166,"MEDSL county presidential returns (doi:10.7910/DVN/VOQCHQ, v20.0)"
12027,0.3581,-0.277,10818,0.3116,county,0.3388,-0.3202,12659,0.3646,county,0.284,-0.4295,12488,0.3597,county,-0.0193,0.1702,-0.0548,-0.0135,"MEDSL county presidential returns (doi:10.7910/DVN/VOQCHQ, v20.0)"
12029,0.1791,-0.632,7202,0.4248,county,0.168,-0.6605,8167,0.4818,county,0.146,-0.7041,8148,0.4807,county,-0.0111,0.134,-0.022,-0.0023,"MEDSL county presidential returns (doi:10.7910/DVN/VOQCHQ, v20.0)"
12031,0.4929,-0.0138,432695,0.4296,county,0.5193,0.0381,492820,0.4893,county,0.4926,-0.0147,471282,0.4679,county,0.0265,0.139,-0.0268,-0.0437,"MEDSL county presidential returns (doi:10.7910/DVN/VOQCHQ, v20.0)"
12033,0.3928,-0.2056,152469,0.4716,county,0.4232,-0.1511,170372,0.527,county,0.4012,-0.1954,162755,0.5035,county,0.0304,0.1174,-0.022,-0.0447,"MEDSL county presidential returns (doi:10.7910/DVN/VOQCHQ, v20.0)"
12035,0.3942,-0.2056,57503,0.4725,county,0.3955,-0.2075,71716,0.5892,county,0.3579,-0.2824,79968,0.657,county,0.0013,0.2472,-0.0376,0.1151,"MEDSL county presidential returns (doi:10.7910/DVN/VOQCHQ, v20.0)"
12037,0.2972,-0.3958,6015,0.4844,county,0.312,-0.373,6849,0.5515,county,0.2791,-0.4381,6758,0.5442,county,0.0148,0.1387,-0.0329,-0.0133,"MEDSL county presidential returns (doi:10.7910/DVN/VOQCHQ, v20.0)"
12039,0.6906,0.375,22113,0.5067,county,0.6839,0.3656,23762,0.5445,county,0.6546,0.3067,21868,0.5011,county,-0.0067,0.0746,-0.0294,-0.0797,"MEDSL county presidential returns (doi:10.7910/DVN/VOQCHQ, v20.0)"
12041,0.1778,-0.6273,8420,0.4553,county,0.1772,-0.6396,9685,0.5237,county,0.1569,-0.6802,10686,0.5778,county,-0.0007,0.1502,-0.0203,0.1034,"MEDSL county presidential returns (doi:10.7910/DVN/VOQCHQ, v20.0)"
12043,0.2979,-0.3963,4353,0.3532,county,0.268,-0.4616,5193,0.4214,county,0.2325,-0.5327,5279,0.4284,county,-0.0298,0.193,-0.0356,0.0166,"MEDSL county presidential returns (doi:10.7910/DVN/VOQCHQ, v20.0)"
12045,0.244,-0.4949,7293,0.4937,county,0.2451,-0.5057,8163,0.5526,county,0.2276,-0.542,8697,0.5887,county,0.0011,0.1193,-0.0175,0.0654,"MEDSL county presidential returns (doi:10.7910/DVN/VOQCHQ, v20.0)"
12047,0.3561,-0.2819,5460,0.4061,county,0.3397,-0.3177,5830,0.4336,county,0.3035,-0.3902,5733,0.4264,county,-0.0164,0.0678,-0.0363,-0.0166,"MEDSL county presidential returns (doi:10.7910/DVN/VOQCHQ, v20.0)"
12049,0.2908,-0.4079,7583,0.2973,county,0.2729,-0.4507,8485,0.3326,county,0.2165,-0.5631,8143,0.3192,county,-0.0178,0.119,-0.0564,-0.0403,"MEDSL county presidential returns (doi:10.7910/DVN/VOQCHQ, v20.0)"
12051,0.4269,-0.1422,11115,0.2724,county,0.384,-0.2301,12940,0.3172,county,0.3068,-0.3831,13460,0.3299,county,-0.0429,0.1642,-0.0772,0.0402,"MEDSL county presidential returns (doi:10.7910/DVN/VOQCHQ, v20.0)"
12053,0.3503,-0.2897,93796,0.4655,county,0.3476,-0.302,108922,0.5405,county,0.3134,-0.3705,110691,0.5493,county,-0.0027,0.1613,-0.0343,0.0162,"MEDSL county presidential returns (doi:10.7910/DVN/VOQCHQ, v20.0)"
12055,0.3356,-0.3202,45686,0.4401,county,0.3269,-0.3438,52170,0.5026,county,0.295,-0.4076,51905,0.5,county,-0.0087,0.1419,-0.0319,-0.0051,"MEDSL county presidential returns (doi:10.7910/DVN/VOQCHQ, v20.0)"
12057,0.5357,0.0686,597660,0.4012,county,0.5348,0.0688,712063,0.478,county,0.4845,-0.0306,671993,0.4511,county,-0.0009,0.1914,-0.0503,-0.0563,"MEDSL county presidential returns (doi:10.7910/DVN/VOQCHQ, v20.0)"
12059,0.1023,-0.7787,8514,0.4338,county,0.1026,-0.7891,9068,0.462,county,0.0972,-0.802,9116,0.4645,county,0.0003,0.0651,-0.0054,0.0053,"MEDSL county presidential returns (doi:10.7910/DVN/VOQCHQ, v20.0)"
12061,0.374,-0.2447,80009,0.4883,county,0.3913,-0.2157,97484,0.5949,county,0.3624,-0.2735,99017,0.6043,county,0.0173,0.2184,-0.0289,0.0157,"MEDSL county presidential returns (doi:10.7910/DVN/VOQCHQ, v20.0)"
12063,0.3097,-0.3736,21041,0.4416,county,0.304,-0.389,22419,0.4705,county,0.2682,-0.4608,22098,0.4637,county,-0.0057,0.0655,-0.0358,-0.0143,"MEDSL county presidential returns (doi:10.7910/DVN/VOQCHQ, v20.0)"
12065,0.474,-0.0509,7645,0.5196,county,0.4653,-0.0689,8451,0.5744,county,0.4063,-0.1861,8502,0.5779,county,-0.0087,0.1054,-0.059,0.006,"MEDSL county presidential returns (doi:10.7910/DVN/VOQCHQ, v20.0)"
12067,0.1557,-0.6754,3392,0.4222,county,0.1402,-0.7157,3658,0.4553,county,0.118,-0.7601,3756,0.4675,county,-0.0155,0.0784,-0.0222,0.0268,"MEDSL county presidential returns (doi:10.7910/DVN/VOQCHQ, v20.0)"
12069,0.3808,-0.2308,170462,0.4275,county,0.3989,-0.2004,211314,0.53,county,0.3757,-0.2467,226788,0.5688,county,0.0181,0.2397,-0.0232,0.0732,"MEDSL county presidential returns (doi:10.7910/DVN/VOQCHQ, v20.0)"
12071,0.3947,-0.2042,326420,0.4118,county,0.4034,-0.1918,393899,0.4969,county,0.3571,-0.2839,392532,0.4952,county,0.0087,0.2067,-0.0463,-0.0035,"MEDSL county presidential returns (doi:10.7910/DVN/VOQCHQ, v20.0)"
12073,0.6311,0.2514,152132,0.5151,county,0.6431,0.2827,162929,0.5517,county,0.6101,0.2176,156802,0.5309,county,0.012,0.071,-0.0329,-0.0376,"MEDSL county presidential returns (doi:10.7910/DVN/VOQCHQ, v20.0)"
12075,0.2702,-0.4472,19395,0.438,county,0.2703,-0.4556,23145,0.5227,county,0.2473,-0.5025,24378,0.5506,county,0.0001,0.1933,-0.023,0.0533,"MEDSL county presidential returns (doi:10.7910/DVN/VOQCHQ, v20.0)"
12077,0.2038,-0.574,3296,0.4308,county,0.196,-0.6043,3561,0.4655,county,0.1634,-0.6682,3490,0.4562,county,-0.0078,0.0804,-0.0327,-0.0199,"MEDSL county presidential returns (doi:10.7910/DVN/VOQCHQ, v20.0)"
12079,0.4209,-0.1558,8505,0.4696,county,0.4019,-0.195,9380,0.5179,county,0.3549,-0.2887,9156,0.5055,county,-0.019,0.1029,-0.047,-0.0239,"MEDSL county presidential returns (doi:10.7910/DVN/VOQCHQ, v20.0)"
12081,0.4113,-0.1717,178958,0.4302,county,0.4191,-0.1605,216958,0.5215,county,0.3816,-0.2351,228860,0.5501,county,0.0078,0.2123,-0.0375,0.0549,"MEDSL county presidential returns (doi:10.7910/DVN/VOQCHQ, v20.0)"
12083,0.3652,-0.2621,174700,0.4506,county,0.3693,-0.2592,204376,0.5272,county,0.3407,-0.3164,214106,0.5523,county,0.0041,0.1699,-0.0286,0.0476,"MEDSL county presidential returns (doi:10.7910/DVN/VOQCHQ, v20.0)"
12085,0.362,-0.2683,85792,0.5346,county,0.3762,-0.2459,98726,0.6153,county,0.3434,-0.3111,98291,0.6125,county,0.0142,0.1508,-0.0328,-0.0044,"MEDSL county presidential returns (doi:10.7910/DVN/VOQCHQ, v20.0)"
12086,0.6514,0.296,980204,0.365,county,0.5369,0.0735,1156816,0.4308,county,0.4423,-0.1145,1094105,0.4074,county,-0.1145,0.1802,-0.0946,-0.0542,"MEDSL county presidential returns (doi:10.7910/DVN/VOQCHQ, v20.0)"
12087,0.4641,-0.069,42478,0.519,county,0.4599,-0.0794,48029,0.5869,county,0.4076,-0.1834,44328,0.5416,county,-0.0042,0.1307,-0.0523,-0.0771,"MEDSL county presidential returns (doi:10.7910/DVN/VOQCHQ, v20.0)"
12089,0.2408,-0.502,46607,0.4924,county,0.2677,-0.4591,58811,0.6213,county,0.2634,-0.4694,65625,0.6933,county,0.0269,0.2618,-0.0044,0.1159,"MEDSL county presidential returns (doi:10.7910/DVN/VOQCHQ, v20.0)"
12091,0.2486,-0.4771,100855,0.4707,county,0.3003,-0.3914,116373,0.5431,county,0.2854,-0.4245,113636,0.5303,county,0.0517,0.1539,-0.0149,-0.0235,"MEDSL county presidential returns (doi:10.7910/DVN/VOQCHQ, v20.0)"
12093,0.2973,-0.3953,13653,0.3392,county,0.2768,-0.4438,15954,0.3964,county,0.2296,-0.5383,16058,0.399,county,-0.0205,0.1685,-0.0472,0.0065,"MEDSL county presidential returns (doi:10.7910/DVN/VOQCHQ, v20.0)"
12095,0.6282,0.2465,546275,0.3792,county,0.6168,0.2311,647403,0.4494,county,0.5689,0.1359,607199,0.4215,county,-0.0114,0.1851,-0.0479,-0.0621,"MEDSL county presidential returns (doi:10.7910/DVN/VOQCHQ, v20.0)"
12097,0.6295,0.2508,140206,0.3445,county,0.5697,0.1381,172436,0.4237,county,0.4927,-0.0145,172780,0.4246,county,-0.0598,0.2299,-0.0771,0.002,"MEDSL county presidential returns (doi:10.7910/DVN/VOQCHQ, v20.0)"
12099,0.579,0.1544,662332,0.4394,county,0.5643,0.1279,773158,0.5129,county,0.5038,0.0076,745709,0.4947,county,-0.0147,0.1673,-0.0605,-0.0355,"MEDSL county presidential returns (doi:10.7910/DVN/VOQCHQ, v20.0)"
12101,0.3881,-0.2155,241139,0.4096,county,0.3986,-0.2005,301970,0.5129,county,0.3726,-0.2522,318471,0.5409,county,0.0105,0.2523,-0.0261,0.0546,"MEDSL county presidential returns (doi:10.7910/DVN/VOQCHQ, v20.0)"
12103,0.4942,-0.0112,492403,0.5126,county,0.5011,0.0022,559715,0.5827,county,0.4736,-0.0523,517074,0.5383,county,0.0069,0.1367,-0.0275,-0.0762,"MEDSL county presidential returns (doi:10.7910/DVN/VOQCHQ, v20.0)"
12105,0.4272,-0.1407,284314,0.3736,county,0.4271,-0.1443,343256,0.4511,county,0.3957,-0.2068,348931,0.4585,county,-0.0002,0.2073,-0.0314,0.0165,"MEDSL county presidential returns (doi:10.7910/DVN/VOQCHQ, v20.0)"
12107,0.3132,-0.3637,33117,0.4461,county,0.2921,-0.412,36373,0.49,county,0.2594,-0.4782,36272,0.4886,county,-0.0211,0.0983,-0.0326,-0.0028,"MEDSL county presidential returns (doi:10.7910/DVN/VOQCHQ, v20.0)"
12109,0.327,-0.3339,136514,0.4671,county,0.3653,-0.2666,176622,0.6044,county,0.3418,-0.3135,197457,0.6757,county,0.0382,0.2938,-0.0235,0.118,"MEDSL county presidential returns (doi:10.7910/DVN/VOQCHQ, v20.0)"
12111,0.4876,-0.0242,140847,0.4068,county,0.4921,-0.0156,172169,0.4973,county,0.4544,-0.0906,185131,0.5347,county,0.0045,0.2224,-0.0378,0.0753,"MEDSL county presidential returns (doi:10.7910/DVN/VOQCHQ, v20.0)"
12113,0.2203,-0.5342,87745,0.4529,county,0.263,-0.4655,106928,0.552,county,0.2428,-0.5095,112425,0.5804,county,0.0427,0.2186,-0.0202,0.0514,"MEDSL county presidential returns (doi:10.7910/DVN/VOQCHQ, v20.0)"
12115,0.4402,-0.116,229063,0.5102,county,0.4474,-0.1044,270575,0.6026,county,0.4084,-0.1819,277866,0.6188,county,0.0071,0.1812,-0.039,0.0269,"MEDSL county presidential returns (doi:10.7910/DVN/VOQCHQ, v20.0)"
12117,0.4918,-0.0157,224896,0.4736,county,0.5141,0.0279,260815,0.5492,county,0.482,-0.0355,253727,0.5343,county,0.0223,0.1597,-0.0321,-0.0272,"MEDSL county presidential returns (doi:10.7910/DVN/VOQCHQ, v20.0)"
12119,0.3004,-0.3925,76665,0.5574,county,0.3186,-0.3614,92485,0.6724,county,0.3109,-0.3762,105218,0.765,county,0.0182,0.2064,-0.0076,0.1377,"MEDSL county presidential returns (doi:10.7910/DVN/VOQCHQ, v20.0)"
12121,0.2172,-0.5522,18694,0.4202,county,0.2146,-0.5663,21057,0.4734,county,0.1936,-0.6096,21891,0.4921,county,-0.0025,0.1264,-0.021,0.0396,"MEDSL county presidential returns (doi:10.7910/DVN/VOQCHQ, v20.0)"
12123,0.237,-0.5143,9290,0.4337,county,0.2288,-0.5384,10127,0.4727,county,0.2002,-0.5965,9997,0.4667,county,-0.0082,0.0901,-0.0286,-0.0128,"MEDSL county presidential returns (doi:10.7910/DVN/VOQCHQ, v20.0)"
12125,0.1817,-0.6242,5694,0.3662,county,0.1702,-0.6533,6245,0.4016,county,0.1567,-0.6826,6231,0.4007,county,-0.0114,0.0968,-0.0135,-0.0022,"MEDSL county presidential returns (doi:10.7910/DVN/VOQCHQ, v20.0)"
12127,0.4327,-0.13,260869,0.4591,county,0.429,-0.1407,307439,0.541,county,0.3903,-0.2176,310498,0.5464,county,-0.0038,0.1785,-0.0387,0.0099,"MEDSL county presidential returns (doi:10.7910/DVN/VOQCHQ, v20.0)"
12129,0.2926,-0.4015,15351,0.4436,county,0.2936,-0.4088,18404,0.5318,county,0.2764,-0.4434,19856,0.5737,county,0.001,0.1989,-0.0172,0.0789,"MEDSL county presidential returns (doi:10.7910/DVN/VOQCHQ, v20.0)"
12131,0.2107,-0.5613,33637,0.4213,county,0.2388,-0.5172,43711,0.5474,county,0.2088,-0.5783,49601,0.6212,county,0.0281,0.2995,-0.03,0.1347,"MEDSL county presidential returns (doi:10.7910/DVN/VOQCHQ, v20.0)"
12133,0.2077,-0.5713,11156,0.4417,county,0.192,-0.6108,12327,0.488,county,0.1711,-0.654,12584,0.4982,county,-0.0157,0.105,-0.021,0.0208,"MEDSL county presidential returns (doi:10.7910/DVN/VOQCHQ, v20.0)"
13001,0.207,-0.579,7012,0.3805,county,0.2142,-0.5691,8341,0.4527,county,0.1875,-0.6241,8334,0.4523,county,0.0072,0.1895,-0.0267,-0.0008,"MEDSL county presidential returns (doi:10.7910/DVN/VOQCHQ, v20.0)"
13003,0.2707,-0.4525,2610,0.3159,county,0.264,-0.4675,3155,0.3819,county,0.2295,-0.5397,3057,0.3701,county,-0.0067,0.2088,-0.0345,-0.0311,"MEDSL county presidential returns (doi:10.7910/DVN/VOQCHQ, v20.0)"
13005,0.1531,-0.6856,4020,0.3612,county,0.1346,-0.7269,4668,0.4194,county,0.1335,-0.7318,4839,0.4348,county,-0.0185,0.1612,-0.0011,0.0366,"MEDSL county presidential returns (doi:10.7910/DVN/VOQCHQ, v20.0)"
13007,0.4561,-0.0868,1440,0.5088,county,0.4209,-0.1576,1555,0.5495,county,0.4005,-0.1985,1476,0.5216,county,-0.0352,0.0799,-0.0204,-0.0508,"MEDSL county presidential returns (doi:10.7910/DVN/VOQCHQ, v20.0)"
13009,0.5087,0.0169,16116,0.369,county,0.5066,0.013,18251,0.4179,county,0.4889,-0.022,18825,0.4311,county,-0.0021,0.1325,-0.0176,0.0315,"MEDSL county presidential returns (doi:10.7910/DVN/VOQCHQ, v20.0)"
13011,0.1003,-0.7814,6975,0.3719,county,0.1068,-0.7798,8801,0.4692,county,0.1083,-0.7816,10519,0.5608,county,0.0065,0.2618,0.0015,0.1952,"MEDSL county presidential returns (doi:10.7910/DVN/VOQCHQ, v20.0)"
13013,0.2376,-0.4999,29060,0.3341,county,0.2806,-0.4312,37921,0.436,county,0.2965,-0.4047,43934,0.5051,county,0.0429,0.3049,0.0159,0.1586,"MEDSL county presidential returns (doi:10.7910/DVN/VOQCHQ, v20.0)"
13015,0.2154,-0.5486,39550,0.3558,county,0.243,-0.5069,50467,0.454,county,0.2437,-0.5097,57547,0.5177,county,0.0276,0.276,0.0007,0.1403,"MEDSL county presidential returns (doi:10.7910/DVN/VOQCHQ, v20.0)"
13017,0.3598,-0.2759,5936,0.3464,county,0.3679,-0.2619,6560,0.3828,county,0.3394,-0.3203,6501,0.3793,county,0.0081,0.1051,-0.0285,-0.009,"MEDSL county presidential returns (doi:10.7910/DVN/VOQCHQ, v20.0)"
13019,0.1618,-0.6639,6590,0.361,county,0.1651,-0.6651,7743,0.4241,county,0.1502,-0.6981,8068,0.4419,county,0.0032,0.175,-0.0149,0.042,"MEDSL county presidential returns (doi:10.7910/DVN/VOQCHQ, v20.0)"
13021,0.6048,0.2036,62596,0.3999,county,0.6205,0.2385,70802,0.4523,county,0.6127,0.2243,69181,0.4419,county,0.0158,0.1311,-0.0078,-0.0229,"MEDSL county presidential returns (doi:10.7910/DVN/VOQCHQ, v20.0)"
13023,0.2284,-0.5263,4974,0.4007,county,0.2325,-0.5287,5706,0.4596,county,0.2223,-0.5536,6044,0.4869,county,0.0041,0.1472,-0.0102,0.0592,"MEDSL county presidential returns (doi:10.7910/DVN/VOQCHQ, v20.0)"
13025,0.1001,-0.7853,6301,0.3468,county,0.0909,-0.8123,7746,0.4263,county,0.0868,-0.8245,8500,0.4678,county,-0.0092,0.2293,-0.0041,0.0973,"MEDSL county presidential returns (doi:10.7910/DVN/VOQCHQ, v20.0)"
13027,0.4058,-0.1851,6336,0.3891,county,0.3957,-0.207,7100,0.436,county,0.3657,-0.2678,7210,0.4427,county,-0.0101,0.1206,-0.03,0.0155,"MEDSL county presidential returns (doi:10.7910/DVN/VOQCHQ, v20.0)"
13029,0.276,-0.4294,15173,0.325,county,0.3212,-0.3517,21340,0.4571,county,0.3173,-0.3634,24651,0.5281,county,0.0452,0.4064,-0.0039,0.1552,"MEDSL county presidential returns (doi:10.7910/DVN/VOQCHQ, v20.0)"
13031,0.3802,-0.2305,25316,0.3111,county,0.3795,-0.2374,30084,0.3697,county,0.3543,-0.29,32657,0.4013,county,-0.0007,0.1883,-0.0252,0.0855,"MEDSL county presidential returns (doi:10.7910/DVN/VOQCHQ, v20.0)"
13033,0.513,0.0257,9351,0.3828,county,0.491,-0.0179,10684,0.4374,county,0.4531,-0.0933,11070,0.4532,county,-0.022,0.1426,-0.0379,0.0361,"MEDSL county presidential returns (doi:10.7910/DVN/VOQCHQ, v20.0)"
13035,0.2764,-0.4363,9514,0.3649,county,0.2803,-0.436,11771,0.4514,county,0.2733,-0.4516,13019,0.4993,county,0.0039,0.2372,-0.007,0.106,"MEDSL county presidential returns (doi:10.7910/DVN/VOQCHQ, v20.0)"
13037,0.5869,0.1723,2025,0.3663,county,0.5772,0.1536,2194,0.3969,county,0.5616,0.1231,2056,0.3719,county,-0.0097,0.0835,-0.0156,-0.0629,"MEDSL county presidential returns (doi:10.7910/DVN/VOQCHQ, v20.0)"
13039,0.3251,-0.3375,18901,0.3373,county,0.3431,-0.3075,23688,0.4227,county,0.3205,-0.3567,26393,0.471,county,0.018,0.2533,-0.0226,0.1142,"MEDSL county presidential returns (doi:10.7910/DVN/VOQCHQ, v20.0)"
13043,0.278,-0.4353,3763,0.343,county,0.2883,-0.4207,4431,0.4038,county,0.2622,-0.475,4568,0.4163,county,0.0102,0.1775,-0.0261,0.0309,"MEDSL county presidential returns (doi:10.7910/DVN/VOQCHQ, v20.0)"
13045,0.2933,-0.3981,44121,0.3611,county,0.3023,-0.3899,54474,0.4458,county,0.2931,-0.4116,60494,0.4951,county,0.009,0.2347,-0.0092,0.1105,"MEDSL county presidential returns (doi:10.7910/DVN/VOQCHQ, v20.0)"
13047,0.186,-0.6019,26757,0.3914,county,0.216,-0.5595,32593,0.4768,county,0.221,-0.555,35038,0.5126,county,0.0299,0.2181,0.0051,0.075,"MEDSL county presidential returns (doi:10.7910/DVN/VOQCHQ, v20.0)"
13049,0.2539,-0.4848,4016,0.3159,county,0.2439,-0.5072,4566,0.3592,county,0.2182,-0.5618,4628,0.3641,county,-0.0099,0.137,-0.0257,0.0136,"MEDSL county presidential returns (doi:10.7910/DVN/VOQCHQ, v20.0)"
13051,0.5769,0.148,112142,0.3761,county,0.5951,0.1875,133420,0.4475,county,0.5907,0.1802,141109,0.4733,county,0.0183,0.1897,-0.0044,0.0576,"MEDSL county presidential returns (doi:10.7910/DVN/VOQCHQ, v20.0)"
13053,0.4416,-0.1129,1390,0.1514,county,0.4312,-0.1346,1582,0.1723,county,0.4172,-0.1647,1694,0.1845,county,-0.0105,0.1381,-0.0139,0.0708,"MEDSL county presidential returns (doi:10.7910/DVN/VOQCHQ, v20.0)"
13055,0.1998,-0.5876,8252,0.3304,county,0.1869,-0.6179,10050,0.4024,county,0.1778,-0.642,10706,0.4287,county,-0.0128,0.2179,-0.0092,0.0653,"MEDSL county presidential returns (doi:10.7910/DVN/VOQCHQ, v20.0)"
13057,0.2383,-0.4946,112043,0.4081,county,0.3006,-0.3921,144830,0.5275,county,0.3034,-0.3901,162281,0.5911,county,0.0623,0.2926,0.0028,0.1205,"MEDSL county presidential returns (doi:10.7910/DVN/VOQCHQ, v20.0)"
13059,0.6995,0.3754,44976,0.3479,county,0.7139,0.4208,51333,0.3971,county,0.6934,0.3829,52887,0.4091,county,0.0144,0.1413,-0.0205,0.0303,"MEDSL county presidential returns (doi:10.7910/DVN/VOQCHQ, v20.0)"
13061,0.5519,0.1029,1273,0.4462,county,0.5536,0.1067,1434,0.5026,county,0.5377,0.0749,1442,0.5054,county,0.0017,0.1265,-0.016,0.0056,"MEDSL county presidential returns (doi:10.7910/DVN/VOQCHQ, v20.0)"
13063,0.8608,0.7062,92859,0.3108,county,0.8579,0.7091,112344,0.376,county,0.8481,0.6921,111729,0.374,county,-0.0029,0.2098,-0.0098,-0.0055,"MEDSL county presidential returns (doi:10.7910/DVN/VOQCHQ, v20.0)"
13065,0.2843,-0.424,2455,0.3652,county,0.2619,-0.4742,2864,0.4261,county,0.2418,-0.5155,2908,0.4326,county,-0.0224,0.1666,-0.0201,0.0154,"MEDSL county presidential returns (doi:10.7910/DVN/VOQCHQ, v20.0)"
13067,0.5115,0.0218,330819,0.4301,county,0.5728,0.1432,393746,0.5119,county,0.5752,0.1488,401369,0.5218,county,0.0613,0.1902,0.0024,0.0194,"MEDSL county presidential returns (doi:10.7910/DVN/VOQCHQ, v20.0)"
13069,0.2992,-0.3948,13915,0.3224,county,0.299,-0.3988,15214,0.3525,county,0.2739,-0.4514,15715,0.3641,county,-0.0003,0.0934,-0.0251,0.0329,"MEDSL county presidential returns (doi:10.7910/DVN/VOQCHQ, v20.0)"
13071,0.2592,-0.4723,13624,0.2968,county,0.2623,-0.4719,16083,0.3503,county,0.2484,-0.5019,16611,0.3618,county,0.0031,0.1805,-0.0139,0.0328,"MEDSL county presidential returns (doi:10.7910/DVN/VOQCHQ, v20.0)"
13073,0.3048,-0.3738,64743,0.4056,county,0.3689,-0.2578,80579,0.5048,county,0.3708,-0.2564,85920,0.5382,county,0.0641,0.2446,0.0019,0.0663,"MEDSL county presidential returns (doi:10.7910/DVN/VOQCHQ, v20.0)"
13075,0.2957,-0.4,6057,0.3488,county,0.2959,-0.4038,7035,0.4052,county,0.2668,-0.4646,7357,0.4237,county,0.0002,0.1615,-0.029,0.0458,"MEDSL county presidential returns (doi:10.7910/DVN/VOQCHQ, v20.0)"
13077,0.2805,-0.4203,61745,0.4114,county,0.3198,-0.3554,76799,0.5118,county,0.3295,-0.3386,85916,0.5725,county,0.0393,0.2438,0.0097,0.1187,"MEDSL county presidential returns (doi:10.7910/DVN/VOQCHQ, v20.0)"
13079,0.2811,-0.4277,5176,0.4249,county,0.2673,-0.461,6102,0.5009,county,0.2502,-0.4984,6340,0.5204,county,-0.0138,0.1789,-0.0171,0.039,"MEDSL county presidential returns (doi:10.7910/DVN/VOQCHQ, v20.0)"
13081,0.3841,-0.2279,7512,0.3757,county,0.3745,-0.2489,8039,0.4021,county,0.3699,-0.2595,8116,0.4059,county,-0.0096,0.0702,-0.0046,0.0096,"MEDSL county presidential returns (doi:10.7910/DVN/VOQCHQ, v20.0)"
13083,0.1604,-0.6546,6242,0.3854,county,0.1721,-0.6464,7434,0.459,county,0.1648,-0.666,8200,0.5063,county,0.0117,0.191,-0.0073,0.103,"MEDSL county presidential returns (doi:10.7910/DVN/VOQCHQ, v20.0)"
13085,0.1276,-0.7184,11765,0.4099,county,0.1565,-0.6786,16081,0.5602,county,0.1721,-0.6526,19561,0.6815,county,0.0289,0.3669,0.0156,0.2164,"MEDSL county presidential returns (doi:10.7910/DVN/VOQCHQ, v20.0)"
13087,0.4065,-0.1843,10286,0.3533,county,0.4143,-0.1701,11627,0.3993,county,0.3798,-0.2397,11549,0.3966,county,0.0077,0.1304,-0.0345,-0.0067,"MEDSL county presidential returns (doi:10.7910/DVN/VOQCHQ, v20.0)"
13089,0.83,0.6351,314757,0.413,county,0.8408,0.6738,370804,0.4866,county,0.8271,0.6475,366008,0.4803,county,0.0107,0.1781,-0.0136,-0.0129,"MEDSL county presidential returns (doi:10.7910/DVN/VOQCHQ, v20.0)"
13091,0.2681,-0.454,7009,0.3521,county,0.2709,-0.455,8070,0.4053,county,0.2498,-0.4992,8350,0.4194,county,0.0028,0.1514,-0.0211,0.0347,"MEDSL county presidential returns (doi:10.7910/DVN/VOQCHQ, v20.0)"
13093,0.4897,-0.0205,3859,0.35,county,0.4695,-0.0604,4105,0.3723,county,0.4613,-0.0771,4177,0.3788,county,-0.0201,0.0637,-0.0082,0.0175,"MEDSL county presidential returns (doi:10.7910/DVN/VOQCHQ, v20.0)"
13095,0.695,0.3837,34087,0.4062,county,0.7016,0.4,35311,0.4208,county,0.7064,0.4114,33850,0.4034,county,0.0066,0.0359,0.0048,-0.0414,"MEDSL county presidential returns (doi:10.7910/DVN/VOQCHQ, v20.0)"
13097,0.5554,0.1072,57738,0.3951,county,0.6271,0.2512,69097,0.4728,county,0.6584,0.3145,70721,0.4839,county,0.0717,0.1967,0.0312,0.0235,"MEDSL county presidential returns (doi:10.7910/DVN/VOQCHQ, v20.0)"
13099,0.4593,-0.0803,4785,0.4479,county,0.4724,-0.0549,5187,0.4855,county,0.4426,-0.1148,4879,0.4567,county,0.0131,0.084,-0.0298,-0.0594,"MEDSL county presidential returns (doi:10.7910/DVN/VOQCHQ, v20.0)"
13101,0.1341,-0.72,1182,0.319,county,0.1174,-0.7557,1441,0.3889,county,0.0886,-0.8206,1438,0.3881,county,-0.0168,0.2191,-0.0288,-0.0021,"MEDSL county presidential returns (doi:10.7910/DVN/VOQCHQ, v20.0)"
13103,0.2135,-0.5551,23458,0.3487,county,0.2484,-0.4953,31570,0.4693,county,0.2534,-0.4911,36244,0.5388,county,0.0349,0.3458,0.005,0.1481,"MEDSL county presidential returns (doi:10.7910/DVN/VOQCHQ, v20.0)"
13105,0.3242,-0.3447,7987,0.4049,county,0.3162,-0.365,9171,0.4649,county,0.2824,-0.4338,9589,0.4861,county,-0.008,0.1482,-0.0338,0.0456,"MEDSL county presidential returns (doi:10.7910/DVN/VOQCHQ, v20.0)"
13107,0.3134,-0.369,7860,0.3423,county,0.3057,-0.386,9501,0.4138,county,0.2787,-0.4414,9619,0.4189,county,-0.0077,0.2088,-0.027,0.0124,"MEDSL county presidential returns (doi:10.7910/DVN/VOQCHQ, v20.0)"
13109,0.3198,-0.3526,3613,0.3364,county,0.3143,-0.3683,4247,0.3954,county,0.2873,-0.4234,4244,0.3952,county,-0.0054,0.1755,-0.027,-0.0007,"MEDSL county presidential returns (doi:10.7910/DVN/VOQCHQ, v20.0)"
13111,0.1664,-0.6526,11812,0.4613,county,0.1744,-0.6463,14850,0.58,county,0.175,-0.6477,16096,0.6286,county,0.008,0.2572,0.0006,0.0839,"MEDSL county presidential returns (doi:10.7910/DVN/VOQCHQ, v20.0)"
13113,0.3992,-0.1931,60913,0.5047,county,0.4656,-0.0679,71993,0.5965,county,0.4841,-0.0316,74633,0.6184,county,0.0664,0.1819,0.0185,0.0367,"MEDSL county presidential returns (doi:10.7910/DVN/VOQCHQ, v20.0)"
13115,0.2753,-0.4321,34608,0.3496,county,0.2919,-0.4109,41648,0.4208,county,0.2891,-0.4195,44738,0.452,county,0.0167,0.2034,-0.0029,0.0742,"MEDSL county presidential returns (doi:10.7910/DVN/VOQCHQ, v20.0)"
13117,0.2514,-0.4723,98221,0.3777,county,0.3315,-0.3319,129305,0.4972,county,0.3327,-0.3311,138249,0.5316,county,0.08,0.3165,0.0012,0.0692,"MEDSL county presidential returns (doi:10.7910/DVN/VOQCHQ, v20.0)"
13119,0.1498,-0.6835,8502,0.3566,county,0.1494,-0.6945,10765,0.4516,county,0.136,-0.7259,12140,0.5092,county,-0.0004,0.2662,-0.0134,0.1277,"MEDSL county presidential returns (doi:10.7910/DVN/VOQCHQ, v20.0)"
13121,0.7161,0.4156,431391,0.4037,county,0.7353,0.4649,524659,0.491,county,0.7268,0.4486,535238,0.5009,county,0.0192,0.2162,-0.0085,0.0202,"MEDSL county presidential returns (doi:10.7910/DVN/VOQCHQ, v20.0)"
13123,0.1579,-0.6664,12773,0.3995,county,0.1792,-0.6352,16525,0.5168,county,0.1856,-0.6257,18481,0.578,county,0.0213,0.2937,0.0064,0.1184,"MEDSL county presidential returns (doi:10.7910/DVN/VOQCHQ, v20.0)"
13125,0.1005,-0.7892,1390,0.4772,county,0.0995,-0.7969,1566,0.5376,county,0.0798,-0.8389,1670,0.5733,county,-0.001,0.1266,-0.0197,0.0664,"MEDSL county presidential returns (doi:10.7910/DVN/VOQCHQ, v20.0)"
13127,0.3537,-0.2842,34263,0.4032,county,0.3827,-0.2319,41984,0.494,county,0.3694,-0.2599,43912,0.5167,county,0.0289,0.2253,-0.0133,0.0459,"MEDSL county presidential returns (doi:10.7910/DVN/VOQCHQ, v20.0)"
13129,0.1731,-0.6335,18959,0.325,county,0.1843,-0.625,24033,0.412,county,0.1813,-0.6344,27606,0.4732,county,0.0111,0.2676,-0.003,0.1487,"MEDSL county presidential returns (doi:10.7910/DVN/VOQCHQ, v20.0)"
13131,0.3323,-0.33,9213,0.3536,county,0.3397,-0.319,10707,0.4109,county,0.3082,-0.3821,10718,0.4113,county,0.0074,0.1622,-0.0315,0.001,"MEDSL county presidential returns (doi:10.7910/DVN/VOQCHQ, v20.0)"
13133,0.3682,-0.2588,8852,0.452,county,0.3664,-0.265,11247,0.5742,county,0.3546,-0.2895,12786,0.6528,county,-0.0017,0.2706,-0.0118,0.1368,"MEDSL county presidential returns (doi:10.7910/DVN/VOQCHQ, v20.0)"
13135,0.5306,0.0584,328331,0.3395,county,0.5924,0.1822,413865,0.428,county,0.5836,0.1651,420681,0.435,county,0.0618,0.2605,-0.0088,0.0165,"MEDSL county presidential returns (doi:10.7910/DVN/VOQCHQ, v20.0)"
13137,0.1584,-0.6592,16243,0.346,county,0.1764,-0.6399,20432,0.4352,county,0.1741,-0.6489,23280,0.4959,county,0.018,0.2579,-0.0023,0.1394,"MEDSL county presidential returns (doi:10.7910/DVN/VOQCHQ, v20.0)"
13139,0.2382,-0.5029,70694,0.3392,county,0.2806,-0.4324,90523,0.4344,county,0.2797,-0.4378,101973,0.4893,county,0.0424,0.2805,-0.0009,0.1265,"MEDSL county presidential returns (doi:10.7910/DVN/VOQCHQ, v20.0)"
13141,0.7621,0.519,3580,0.4148,county,0.7203,0.4384,4165,0.4826,county,0.6774,0.3538,4240,0.4913,county,-0.0418,0.1634,-0.0429,0.018,"MEDSL county presidential returns (doi:10.7910/DVN/VOQCHQ, v20.0)"
13143,0.1334,-0.7141,11357,0.3697,county,0.1269,-0.7397,14248,0.4638,county,0.1267,-0.744,16364,0.5327,county,-0.0065,0.2546,-0.0002,0.1485,"MEDSL county presidential returns (doi:10.7910/DVN/VOQCHQ, v20.0)"
13145,0.255,-0.4757,16502,0.4647,county,0.2759,-0.4433,19991,0.563,county,0.2685,-0.4611,22353,0.6295,county,0.0209,0.2114,-0.0075,0.1182,"MEDSL county presidential returns (doi:10.7910/DVN/VOQCHQ, v20.0)"
13147,0.2619,-0.4647,10117,0.382,county,0.2501,-0.4956,12727,0.4806,county,0.2249,-0.548,14331,0.5411,county,-0.0117,0.258,-0.0253,0.126,"MEDSL county presidential returns (doi:10.7910/DVN/VOQCHQ, v20.0)"
13149,0.1806,-0.6221,4223,0.3636,county,0.1543,-0.6848,5391,0.4641,county,0.1387,-0.7208,6210,0.5346,county,-0.0263,0.2766,-0.0156,0.1519,"MEDSL county presidential returns (doi:10.7910/DVN/VOQCHQ, v20.0)"
13151,0.5226,0.0439,98766,0.4024,county,0.6033,0.2044,122742,0.5001,county,0.6492,0.2966,129034,0.5258,county,0.0807,0.2428,0.0459,0.0513,"MEDSL county presidential returns (doi:10.7910/DVN/VOQCHQ, v20.0)"
13153,0.389,-0.2143,60079,0.36,county,0.4369,-0.1243,74823,0.4483,county,0.4433,-0.1127,81514,0.4884,county,0.048,0.2454,0.0064,0.0894,"MEDSL county presidential returns (doi:10.7910/DVN/VOQCHQ, v20.0)"
13155,0.247,-0.4973,3670,0.391,county,0.2434,-0.5101,4168,0.4441,county,0.2279,-0.5421,4342,0.4627,county,-0.0037,0.1357,-0.0154,0.0417,"MEDSL county presidential returns (doi:10.7910/DVN/VOQCHQ, v20.0)"
13157,0.1709,-0.636,27190,0.3372,county,0.2058,-0.5802,37670,0.4671,county,0.223,-0.5509,47243,0.5859,county,0.0348,0.3854,0.0172,0.2541,"MEDSL county presidential returns (doi:10.7910/DVN/VOQCHQ, v20.0)"
13159,0.2615,-0.4658,6045,0.3939,county,0.2322,-0.5313,7644,0.4981,county,0.2071,-0.5837,9118,0.5942,county,-0.0293,0.2645,-0.0252,0.1928,"MEDSL county presidential returns (doi:10.7910/DVN/VOQCHQ, v20.0)"
13161,0.18,-0.6285,5096,0.3434,county,0.1796,-0.6354,5771,0.3889,county,0.1577,-0.6831,5872,0.3957,county,-0.0004,0.1325,-0.0219,0.0175,"MEDSL county presidential returns (doi:10.7910/DVN/VOQCHQ, v20.0)"
13163,0.5551,0.1088,6968,0.4505,county,0.5345,0.0686,7642,0.4941,county,0.4939,-0.0122,7463,0.4825,county,-0.0206,0.0967,-0.0406,-0.0234,"MEDSL county presidential returns (doi:10.7910/DVN/VOQCHQ, v20.0)"
13165,0.3721,-0.2526,3056,0.3523,county,0.3694,-0.259,3455,0.3983,county,0.3472,-0.3045,3409,0.393,county,-0.0027,0.1306,-0.0222,-0.0133,"MEDSL county presidential returns (doi:10.7910/DVN/VOQCHQ, v20.0)"
13167,0.3108,-0.3752,3686,0.401,county,0.3001,-0.3971,4100,0.446,county,0.2679,-0.4636,3984,0.4334,county,-0.0107,0.1123,-0.0322,-0.0283,"MEDSL county presidential returns (doi:10.7910/DVN/VOQCHQ, v20.0)"
13169,0.3229,-0.3461,12551,0.44,county,0.3291,-0.3392,14966,0.5246,county,0.3092,-0.3803,16092,0.5641,county,0.0062,0.1924,-0.0199,0.0752,"MEDSL county presidential returns (doi:10.7910/DVN/VOQCHQ, v20.0)"
13171,0.3043,-0.3836,7612,0.3986,county,0.2923,-0.411,9039,0.4733,county,0.2695,-0.4591,10412,0.5452,county,-0.0119,0.1875,-0.0228,0.1519,"MEDSL county presidential returns (doi:10.7910/DVN/VOQCHQ, v20.0)"
13173,0.2889,-0.4103,2871,0.2844,county,0.2888,-0.4167,3576,0.3543,county,0.2674,-0.4633,3736,0.3701,county,-0.0001,0.2456,-0.0214,0.0447,"MEDSL county presidential returns (doi:10.7910/DVN/VOQCHQ, v20.0)"
13175,0.3523,-0.2898,19530,0.3936,county,0.3578,-0.2825,22729,0.4581,county,0.3359,-0.3272,23352,0.4706,county,0.0054,0.1638,-0.0218,0.0274,"MEDSL county presidential returns (doi:10.7910/DVN/VOQCHQ, v20.0)"
13177,0.2294,-0.5286,14143,0.4242,county,0.2752,-0.4457,16714,0.5014,county,0.2815,-0.4353,17683,0.5304,county,0.0457,0.1818,0.0063,0.058,"MEDSL county presidential returns (doi:10.7910/DVN/VOQCHQ, v20.0)"
13179,0.6091,0.212,16143,0.2416,county,0.622,0.2403,21389,0.3201,county,0.5877,0.1745,23028,0.3446,county,0.013,0.325,-0.0343,0.0766,"MEDSL county presidential returns (doi:10.7910/DVN/VOQCHQ, v20.0)"
13181,0.3157,-0.3623,4102,0.5277,county,0.311,-0.3751,4650,0.5982,county,0.2752,-0.4478,4931,0.6344,county,-0.0047,0.1336,-0.0359,0.0604,"MEDSL county presidential returns (doi:10.7910/DVN/VOQCHQ, v20.0)"
13183,0.3412,-0.3075,4117,0.2351,county,0.3656,-0.2643,5656,0.323,county,0.3521,-0.2949,7056,0.4029,county,0.0244,0.3738,-0.0135,0.2475,"MEDSL county presidential returns (doi:10.7910/DVN/VOQCHQ, v20.0)"
13185,0.4105,-0.1738,37805,0.3175,county,0.4392,-0.1202,46355,0.3894,county,0.4097,-0.1798,47795,0.4015,county,0.0287,0.2262,-0.0295,0.0311,"MEDSL county presidential returns (doi:10.7910/DVN/VOQCHQ, v20.0)"
13187,0.1875,-0.5955,12425,0.3662,county,0.2045,-0.5819,15531,0.4577,county,0.1897,-0.6167,17808,0.5248,county,0.0169,0.25,-0.0148,0.1466,"MEDSL county presidential returns (doi:10.7910/DVN/VOQCHQ, v20.0)"
13189,0.4051,-0.187,9268,0.4274,county,0.4032,-0.1914,10455,0.4821,county,0.375,-0.2491,10537,0.4859,county,-0.0019,0.1281,-0.0282,0.0078,"MEDSL county presidential returns (doi:10.7910/DVN/VOQCHQ, v20.0)"
13191,0.3978,-0.2006,5903,0.5277,county,0.3941,-0.2097,6696,0.5986,county,0.3563,-0.286,7408,0.6622,county,-0.0037,0.1343,-0.0377,0.1063,"MEDSL county presidential returns (doi:10.7910/DVN/VOQCHQ, v20.0)"
13193,0.6372,0.2718,4287,0.3587,county,0.6157,0.2304,4662,0.39,county,0.5898,0.179,4686,0.392,county,-0.0215,0.0875,-0.0259,0.0051,"MEDSL county presidential returns (doi:10.7910/DVN/VOQCHQ, v20.0)"
13195,0.2086,-0.5648,11998,0.3881,county,0.2315,-0.5299,14937,0.4832,county,0.2247,-0.5479,16787,0.543,county,0.0229,0.245,-0.0068,0.1239,"MEDSL county presidential returns (doi:10.7910/DVN/VOQCHQ, v20.0)"
13197,0.387,-0.2219,3190,0.4268,county,0.3656,-0.266,3624,0.4849,county,0.348,-0.3024,3621,0.4845,county,-0.0215,0.1361,-0.0176,-0.0008,"MEDSL county presidential returns (doi:10.7910/DVN/VOQCHQ, v20.0)"
13199,0.4214,-0.1538,9217,0.444,county,0.3965,-0.2057,10877,0.524,county,0.3722,-0.2547,11788,0.5679,county,-0.0249,0.1801,-0.0243,0.0838,"MEDSL county presidential returns (doi:10.7910/DVN/VOQCHQ, v20.0)"
13201,0.2478,-0.4984,2544,0.4332,county,0.2661,-0.4646,2835,0.4827,county,0.2468,-0.5048,2724,0.4638,county,0.0183,0.1144,-0.0193,-0.0392,"MEDSL county presidential returns (doi:10.7910/DVN/VOQCHQ, v20.0)"
13205,0.4494,-0.0997,7880,0.3675,county,0.4474,-0.1049,8963,0.418,county,0.4181,-0.1632,8877,0.414,county,-0.0021,0.1374,-0.0292,-0.0096,"MEDSL county presidential returns (doi:10.7910/DVN/VOQCHQ, v20.0)"
13207,0.2879,-0.4147,12687,0.4387,county,0.2839,-0.4282,15592,0.5392,county,0.2658,-0.4668,17704,0.6122,county,-0.004,0.229,-0.0181,0.1355,"MEDSL county presidential returns (doi:10.7910/DVN/VOQCHQ, v20.0)"
13209,0.2408,-0.5098,3576,0.4122,county,0.2485,-0.4995,3966,0.4572,county,0.2341,-0.5301,3973,0.458,county,0.0077,0.1091,-0.0144,0.0018,"MEDSL county presidential returns (doi:10.7910/DVN/VOQCHQ, v20.0)"
13211,0.2888,-0.4112,9475,0.4596,county,0.2896,-0.4164,11707,0.5679,county,0.2692,-0.4594,13181,0.6394,county,0.0008,0.2356,-0.0204,0.1259,"MEDSL county presidential returns (doi:10.7910/DVN/VOQCHQ, v20.0)"
13213,0.1483,-0.6856,12458,0.3093,county,0.151,-0.6915,15389,0.382,county,0.1411,-0.7159,17468,0.4336,county,0.0027,0.2353,-0.0099,0.1351,"MEDSL county presidential returns (doi:10.7910/DVN/VOQCHQ, v20.0)"
13215,0.5963,0.1865,69032,0.3378,county,0.6224,0.2419,80543,0.3941,county,0.6174,0.2335,80491,0.3938,county,0.0261,0.1667,-0.005,-0.0006,"MEDSL county presidential returns (doi:10.7910/DVN/VOQCHQ, v20.0)"
13217,0.512,0.0234,43987,0.3807,county,0.5552,0.1092,54239,0.4695,county,0.5762,0.1515,59051,0.5111,county,0.0432,0.2331,0.021,0.0887,"MEDSL county presidential returns (doi:10.7910/DVN/VOQCHQ, v20.0)"
13219,0.2936,-0.3893,20149,0.4709,county,0.3297,-0.3351,25168,0.5882,county,0.3187,-0.3593,27287,0.6377,county,0.036,0.2491,-0.0109,0.0842,"MEDSL county presidential returns (doi:10.7910/DVN/VOQCHQ, v20.0)"
13221,0.2836,-0.4186,6674,0.4385,county,0.3034,-0.3883,8131,0.5342,county,0.2868,-0.4239,8822,0.5796,county,0.0198,0.2183,-0.0166,0.085,"MEDSL county presidential returns (doi:10.7910/DVN/VOQCHQ, v20.0)"
13223,0.2875,-0.4105,64890,0.3723,county,0.3527,-0.2907,85385,0.4899,county,0.3786,-0.2413,95196,0.5462,county,0.0651,0.3158,0.0259,0.1149,"MEDSL county presidential returns (doi:10.7910/DVN/VOQCHQ, v20.0)"
13225,0.4851,-0.0291,10752,0.3803,county,0.4766,-0.0464,12545,0.4438,county,0.4697,-0.0603,13454,0.4759,county,-0.0085,0.1668,-0.0068,0.0725,"MEDSL county presidential returns (doi:10.7910/DVN/VOQCHQ, v20.0)"
13227,0.1452,-0.689,14038,0.4105,county,0.1663,-0.6583,17116,0.5005,county,0.1693,-0.6579,20915,0.6116,county,0.0211,0.2193,0.003,0.222,"MEDSL county presidential returns (doi:10.7910/DVN/VOQCHQ, v20.0)"
13229,0.1253,-0.7385,7311,0.3656,county,0.1222,-0.7514,9048,0.4525,county,0.1118,-0.7751,9761,0.4881,county,-0.0031,0.2376,-0.0105,0.0788,"MEDSL county presidential returns (doi:10.7910/DVN/VOQCHQ, v20.0)"
13231,0.1456,-0.692,8725,0.4465,county,0.1416,-0.711,10720,0.5486,county,0.1317,-0.7344,12549,0.6422,county,-0.004,0.2287,-0.0098,0.1706,"MEDSL county presidential returns (doi:10.7910/DVN/VOQCHQ, v20.0)"
13233,0.2065,-0.5731,14215,0.3278,county,0.2121,-0.5708,17399,0.4012,county,0.1963,-0.6052,19171,0.4421,county,0.0056,0.224,-0.0158,0.1018,"MEDSL county presidential returns (doi:10.7910/DVN/VOQCHQ, v20.0)"
13235,0.3118,-0.3698,3605,0.3644,county,0.3026,-0.3912,4059,0.4103,county,0.2967,-0.4048,4336,0.4383,county,-0.0092,0.1259,-0.0059,0.0682,"MEDSL county presidential returns (doi:10.7910/DVN/VOQCHQ, v20.0)"
13237,0.2965,-0.399,9488,0.4212,county,0.2937,-0.4085,11855,0.5263,county,0.288,-0.4225,12877,0.5717,county,-0.0028,0.2495,-0.0057,0.0862,"MEDSL county presidential returns (doi:10.7910/DVN/VOQCHQ, v20.0)"
13239,0.445,-0.1092,1044,0.499,county,0.4514,-0.0967,1106,0.5287,county,0.4225,-0.1544,1140,0.5449,county,0.0064,0.0594,-0.0289,0.0307,"MEDSL county presidential returns (doi:10.7910/DVN/VOQCHQ, v20.0)"
13241,0.1868,-0.606,7992,0.4672,county,0.2098,-0.5738,9568,0.5593,county,0.2142,-0.5688,10423,0.6093,county,0.023,0.1972,0.0044,0.0894,"MEDSL county presidential returns (doi:10.7910/DVN/VOQCHQ, v20.0)"
13243,0.557,0.1128,2899,0.4624,county,0.5457,0.0911,3074,0.4903,county,0.5383,0.0763,2990,0.4769,county,-0.0113,0.0604,-0.0074,-0.0273,"MEDSL county presidential returns (doi:10.7910/DVN/VOQCHQ, v20.0)"
13245,0.6662,0.3225,75515,0.3665,county,0.6882,0.3717,87016,0.4223,county,0.6816,0.3612,83578,0.4056,county,0.0221,0.1523,-0.0067,-0.0395,"MEDSL county presidential returns (doi:10.7910/DVN/VOQCHQ, v20.0)"
13247,0.6331,0.2582,37869,0.4016,county,0.706,0.408,44686,0.4739,county,0.739,0.4751,45160,0.4789,county,0.0729,0.18,0.0331,0.0106,"MEDSL county presidential returns (doi:10.7910/DVN/VOQCHQ, v20.0)"
13249,0.2141,-0.561,1909,0.4206,county,0.2042,-0.5881,2275,0.5012,county,0.187,-0.6248,2428,0.5349,county,-0.0099,0.1917,-0.0173,0.0673,"MEDSL county presidential returns (doi:10.7910/DVN/VOQCHQ, v20.0)"
13251,0.4103,-0.1759,5715,0.4066,county,0.4046,-0.1893,6628,0.4715,county,0.3737,-0.252,6920,0.4923,county,-0.0058,0.1598,-0.0309,0.0441,"MEDSL county presidential returns (doi:10.7910/DVN/VOQCHQ, v20.0)"
13253,0.3364,-0.3222,3588,0.3936,county,0.3245,-0.3494,3884,0.426,county,0.2976,-0.4043,4007,0.4395,county,-0.012,0.0825,-0.0268,0.0317,"MEDSL county presidential returns (doi:10.7910/DVN/VOQCHQ, v20.0)"
13255,0.3742,-0.2447,25704,0.3768,county,0.3949,-0.2083,30116,0.4415,county,0.4162,-0.1666,33038,0.4843,county,0.0207,0.1716,0.0214,0.097,"MEDSL county presidential returns (doi:10.7910/DVN/VOQCHQ, v20.0)"
13257,0.1929,-0.5959,9815,0.3657,county,0.2029,-0.5875,11885,0.4428,county,0.1844,-0.6281,13099,0.488,county,0.01,0.2109,-0.0185,0.1021,"MEDSL county presidential returns (doi:10.7910/DVN/VOQCHQ, v20.0)"
13259,0.6029,0.2026,2058,0.4134,county,0.5961,0.1915,1990,0.3998,county,0.5815,0.1627,2028,0.4074,county,-0.0068,-0.033,-0.0145,0.0191,"MEDSL county presidential returns (doi:10.7910/DVN/VOQCHQ, v20.0)"
13261,0.5113,0.0222,10974,0.3762,county,0.5243,0.0482,12150,0.4165,county,0.5111,0.0222,12049,0.413,county,0.013,0.1072,-0.0132,-0.0083,"MEDSL county presidential returns (doi:10.7910/DVN/VOQCHQ, v20.0)"
13263,0.626,0.2483,3246,0.5642,county,0.603,0.205,3522,0.6122,county,0.5601,0.1199,3379,0.5873,county,-0.023,0.085,-0.0429,-0.0406,"MEDSL county presidential returns (doi:10.7910/DVN/VOQCHQ, v20.0)"
13265,0.6096,0.2185,897,0.5155,county,0.6091,0.2166,928,0.5333,county,0.5748,0.1493,884,0.508,county,-0.0005,0.0346,-0.0343,-0.0474,"MEDSL county presidential returns (doi:10.7910/DVN/VOQCHQ, v20.0)"
13267,0.248,-0.4947,6903,0.2851,county,0.254,-0.4878,8183,0.3379,county,0.2319,-0.5343,8512,0.3515,county,0.006,0.1854,-0.0221,0.0402,"MEDSL county presidential returns (doi:10.7910/DVN/VOQCHQ, v20.0)"
13269,0.3857,-0.2254,3408,0.4377,county,0.3645,-0.2686,3839,0.4931,county,0.3444,-0.3099,3982,0.5114,county,-0.0212,0.1265,-0.0201,0.0372,"MEDSL county presidential returns (doi:10.7910/DVN/VOQCHQ, v20.0)"
13271,0.3489,-0.2995,3796,0.3118,county,0.3449,-0.3088,4333,0.3559,county,0.303,-0.393,4214,0.3461,county,-0.0041,0.1415,-0.0418,-0.0275,"MEDSL county presidential returns (doi:10.7910/DVN/VOQCHQ, v20.0)"
13273,0.5475,0.0938,4189,0.4685,county,0.5425,0.0842,4416,0.4939,county,0.5206,0.041,4341,0.4855,county,-0.005,0.0542,-0.0219,-0.017,"MEDSL county presidential returns (doi:10.7910/DVN/VOQCHQ, v20.0)"
13275,0.3888,-0.2173,18802,0.4115,county,0.402,-0.1943,21853,0.4782,county,0.3791,-0.2411,22080,0.4832,county,0.0132,0.1623,-0.0229,0.0104,"MEDSL county presidential returns (doi:10.7910/DVN/VOQCHQ, v20.0)"
13277,0.312,-0.3683,14219,0.3441,county,0.3304,-0.3354,16283,0.3941,county,0.3211,-0.3566,16989,0.4111,county,0.0184,0.1452,-0.0093,0.0434,"MEDSL county presidential returns (doi:10.7910/DVN/VOQCHQ, v20.0)"
13279,0.2611,-0.468,9138,0.3392,county,0.2719,-0.452,10914,0.4051,county,0.2457,-0.5071,10912,0.405,county,0.0107,0.1944,-0.0261,-0.0002,"MEDSL county presidential returns (doi:10.7910/DVN/VOQCHQ, v20.0)"
13281,0.1835,-0.6169,6764,0.531,county,0.1954,-0.6058,7979,0.6263,county,0.1873,-0.623,8838,0.6938,county,0.0118,0.1796,-0.0081,0.1077,"MEDSL county presidential returns (doi:10.7910/DVN/VOQCHQ, v20.0)"
13283,0.3227,-0.3504,2703,0.4232,county,0.3118,-0.3734,3077,0.4818,county,0.2775,-0.4441,3121,0.4886,county,-0.0109,0.1384,-0.0344,0.0143,"MEDSL county presidential returns (doi:10.7910/DVN/VOQCHQ, v20.0)"
13285,0.3815,-0.2312,26111,0.374,county,0.3896,-0.2185,30049,0.4304,county,0.3774,-0.2439,31304,0.4483,county,0.0081,0.1508,-0.0121,0.0418,"MEDSL county presidential returns (doi:10.7910/DVN/VOQCHQ, v20.0)"
13287,0.3729,-0.2499,3398,0.3812,county,0.3751,-0.2476,3792,0.4254,county,0.3571,-0.2849,3833,0.4299,county,0.0022,0.116,-0.018,0.0108,"MEDSL county presidential returns (doi:10.7910/DVN/VOQCHQ, v20.0)"
13289,0.492,-0.0158,4059,0.5158,county,0.4631,-0.0734,4444,0.5647,county,0.4264,-0.1468,4456,0.5663,county,-0.0289,0.0949,-0.0367,0.0027,"MEDSL county presidential returns (doi:10.7910/DVN/VOQCHQ, v20.0)"
13291,0.1661,-0.654,12063,0.4712,county,0.1813,-0.633,15560,0.6079,county,0.186,-0.6246,17880,0.6985,county,0.0151,0.2899,0.0048,0.1491,"MEDSL county presidential returns (doi:10.7910/DVN/VOQCHQ, v20.0)"
13293,0.3227,-0.3491,10934,0.3925,county,0.328,-0.3415,12905,0.4633,county,0.3007,-0.3975,13662,0.4905,county,0.0052,0.1803,-0.0272,0.0587,"MEDSL county presidential returns (doi:10.7910/DVN/VOQCHQ, v20.0)"
13295,0.182,-0.6151,23956,0.35,county,0.1993,-0.5929,29354,0.4288,county,0.2018,-0.593,32086,0.4688,county,0.0174,0.2253,0.0024,0.0931,"MEDSL county presidential returns (doi:10.7910/DVN/VOQCHQ, v20.0)"
13297,0.2104,-0.561,40698,0.4055,county,0.251,-0.4924,51095,0.5091,county,0.269,-0.4591,58376,0.5817,county,0.0406,0.2555,0.018,0.1425,"MEDSL county presidential returns (doi:10.7910/DVN/VOQCHQ, v20.0)"
13299,0.2878,-0.4164,12184,0.3388,county,0.2992,-0.3984,14192,0.3947,county,0.2835,-0.4316,14392,0.4002,county,0.0114,0.1648,-0.0156,0.0141,"MEDSL county presidential returns (doi:10.7910/DVN/VOQCHQ, v20.0)"
13301,0.5701,0.1384,2334,0.451,county,0.5575,0.1143,2651,0.5123,county,0.5236,0.0471,2592,0.5009,county,-0.0126,0.1358,-0.0339,-0.0223,"MEDSL county presidential returns (doi:10.7910/DVN/VOQCHQ, v20.0)"
13303,0.5031,0.006,8461,0.4253,county,0.5036,0.0071,9459,0.4755,county,0.4904,-0.0191,9493,0.4772,county,0.0005,0.118,-0.0131,0.0036,"MEDSL county presidential returns (doi:10.7910/DVN/VOQCHQ, v20.0)"
13305,0.2002,-0.587,10413,0.3412,county,0.212,-0.5713,12778,0.4187,county,0.2003,-0.5975,13561,0.4443,county,0.0118,0.2271,-0.0117,0.0613,"MEDSL county presidential returns (doi:10.7910/DVN/VOQCHQ, v20.0)"
13307,0.4288,-0.1407,1116,0.4753,county,0.4607,-0.0784,1390,0.592,county,0.4078,-0.1841,1336,0.569,county,0.0319,0.2455,-0.0529,-0.0388,"MEDSL county presidential returns (doi:10.7910/DVN/VOQCHQ, v20.0)"
13309,0.3125,-0.3687,2102,0.2828,county,0.3033,-0.3912,2285,0.3074,county,0.274,-0.4508,2276,0.3062,county,-0.0093,0.0871,-0.0292,-0.0039,"MEDSL county presidential returns (doi:10.7910/DVN/VOQCHQ, v20.0)"
13311,0.1464,-0.684,11823,0.4155,county,0.1648,-0.6622,14816,0.5207,county,0.1558,-0.6851,16825,0.5913,county,0.0184,0.2532,-0.009,0.1356,"MEDSL county presidential returns (doi:10.7910/DVN/VOQCHQ, v20.0)"
13313,0.2693,-0.4436,30658,0.2973,county,0.2939,-0.4073,36746,0.3563,county,0.2765,-0.4445,39828,0.3862,county,0.0246,0.1986,-0.0174,0.0839,"MEDSL county presidential returns (doi:10.7910/DVN/VOQCHQ, v20.0)"
13315,0.289,-0.418,2976,0.3388,county,0.264,-0.4697,3281,0.3735,county,0.2536,-0.4918,3347,0.381,county,-0.025,0.1025,-0.0104,0.0201,"MEDSL county presidential returns (doi:10.7910/DVN/VOQCHQ, v20.0)"
13317,0.4181,-0.1614,4486,0.4696,county,0.4335,-0.1318,5029,0.5264,county,0.4155,-0.1685,5098,0.5337,county,0.0154,0.121,-0.018,0.0137,"MEDSL county presidential returns (doi:10.7910/DVN/VOQCHQ, v20.0)"
13319,0.4481,-0.1024,4287,0.4874,county,0.4379,-0.1235,4770,0.5424,county,0.4106,-0.1785,4908,0.558,county,-0.0102,0.1127,-0.0272,0.0289,"MEDSL county presidential returns (doi:10.7910/DVN/VOQCHQ, v20.0)"
13321,0.2472,-0.4981,8295,0.4032,county,0.2596,-0.4777,9285,0.4513,county,0.2476,-0.5039,9309,0.4524,county,0.0124,0.1193,-0.0121,0.0026,"MEDSL county presidential returns (doi:10.7910/DVN/VOQCHQ, v20.0)"
15001,0.7022,0.3663,64867,0.3185,county,0.6859,0.3625,87814,0.4311,county,0.6447,0.2827,82823,0.4066,county,-0.0163,0.3538,-0.0412,-0.0568,"MEDSL county presidential returns (doi:10.7910/DVN/VOQCHQ, v20.0)"
15003,0.6605,0.2987,285790,0.2847,county,0.6368,0.2686,382102,0.3807,county,0.6102,0.2165,340921,0.3397,county,-0.0237,0.337,-0.0265,-0.1078,"MEDSL county presidential returns (doi:10.7910/DVN/VOQCHQ, v20.0)"
15005,,,,,,,,,,,,,,,,,,,,
15007,0.6848,0.3373,26335,0.3578,county,0.647,0.2879,33497,0.4551,county,0.5996,0.1953,30064,0.4084,county,-0.0378,0.272,-0.0474,-0.1025,"MEDSL county presidential returns (doi:10.7910/DVN/VOQCHQ, v20.0)"
15009,0.7135,0.3857,51945,0.3155,county,0.6813,0.3544,71044,0.4315,county,0.6323,0.2589,62893,0.382,county,-0.0321,0.3677,-0.049,-0.1147,"MEDSL county presidential returns (doi:10.7910/DVN/VOQCHQ, v20.0)"
16001,0.4467,-0.0924,195669,0.3851,county,0.4798,-0.0392,259389,0.5106,county,0.4468,-0.1034,267419,0.5264,county,0.0331,0.3257,-0.033,0.031,"MEDSL county presidential returns (doi:10.7910/DVN/VOQCHQ, v20.0)"
16003,0.2106,-0.5227,2183,0.4747,county,0.2334,-0.522,2586,0.5623,county,0.2207,-0.5446,2681,0.583,county,0.0229,0.1846,-0.0127,0.0367,"MEDSL county presidential returns (doi:10.7910/DVN/VOQCHQ, v20.0)"
16005,0.3758,-0.2046,33416,0.3778,county,0.3862,-0.2187,39553,0.4471,county,0.3703,-0.2507,39976,0.4519,county,0.0105,0.1837,-0.016,0.0107,"MEDSL county presidential returns (doi:10.7910/DVN/VOQCHQ, v20.0)"
16007,0.1037,-0.6653,2928,0.4469,county,0.1072,-0.7735,3315,0.506,county,0.1063,-0.7705,3325,0.5075,county,0.0035,0.1322,-0.0009,0.003,"MEDSL county presidential returns (doi:10.7910/DVN/VOQCHQ, v20.0)"
16009,0.1988,-0.5575,4185,0.4222,county,0.2012,-0.5834,4973,0.5017,county,0.1859,-0.614,5145,0.519,county,0.0024,0.1883,-0.0153,0.0346,"MEDSL county presidential returns (doi:10.7910/DVN/VOQCHQ, v20.0)"
16011,0.2114,-0.4802,16625,0.3393,county,0.2124,-0.5587,19996,0.4081,county,0.1933,-0.5961,20651,0.4215,county,0.001,0.2028,-0.0191,0.0328,"MEDSL county presidential returns (doi:10.7910/DVN/VOQCHQ, v20.0)"
16013,0.6576,0.2868,10724,0.4363,county,0.6887,0.3677,13289,0.5407,county,0.663,0.3165,13089,0.5325,county,0.031,0.2392,-0.0256,-0.0151,"MEDSL county presidential returns (doi:10.7910/DVN/VOQCHQ, v20.0)"
16015,0.2252,-0.4971,3814,0.4741,county,0.2568,-0.4732,4820,0.5991,county,0.2222,-0.5422,4910,0.6103,county,0.0316,0.2638,-0.0345,0.0187,"MEDSL county presidential returns (doi:10.7910/DVN/VOQCHQ, v20.0)"
16017,0.3037,-0.3593,20943,0.4235,county,0.3115,-0.368,27335,0.5527,county,0.2638,-0.4612,29710,0.6007,county,0.0078,0.3052,-0.0477,0.0869,"MEDSL county presidential returns (doi:10.7910/DVN/VOQCHQ, v20.0)"
16019,0.2506,-0.4018,44221,0.348,county,0.2738,-0.4362,53995,0.425,county,0.2652,-0.4535,56436,0.4442,county,0.0232,0.221,-0.0086,0.0452,"MEDSL county presidential returns (doi:10.7910/DVN/VOQCHQ, v20.0)"
16021,0.1976,-0.5532,5163,0.4067,county,0.1981,-0.5888,6313,0.4973,county,0.165,-0.6539,7110,0.5601,county,0.0006,0.2227,-0.0331,0.1262,"MEDSL county presidential returns (doi:10.7910/DVN/VOQCHQ, v20.0)"
16023,0.149,-0.613,1230,0.4635,county,0.1353,-0.7166,1415,0.5332,county,0.1273,-0.7249,1494,0.5629,county,-0.0137,0.1504,-0.0079,0.0558,"MEDSL county presidential returns (doi:10.7910/DVN/VOQCHQ, v20.0)"
16025,0.2115,-0.5085,590,0.5108,county,0.2271,-0.4748,754,0.6528,county,0.2186,-0.5412,728,0.6303,county,0.0156,0.278,-0.0086,-0.0345,"MEDSL county presidential returns (doi:10.7910/DVN/VOQCHQ, v20.0)"
16027,0.2634,-0.4168,72785,0.3003,county,0.2953,-0.3968,90410,0.373,county,0.2608,-0.4661,101030,0.4168,county,0.0319,0.2422,-0.0345,0.1175,"MEDSL county presidential returns (doi:10.7910/DVN/VOQCHQ, v20.0)"
16029,0.1064,-0.6603,3035,0.4264,county,0.1292,-0.7245,3416,0.4799,county,0.1328,-0.7121,3456,0.4855,county,0.0227,0.1255,0.0036,0.0117,"MEDSL county presidential returns (doi:10.7910/DVN/VOQCHQ, v20.0)"
16031,0.1483,-0.6008,8178,0.325,county,0.1562,-0.6691,9629,0.3826,county,0.1458,-0.6905,9558,0.3798,county,0.0079,0.1774,-0.0104,-0.0074,"MEDSL county presidential returns (doi:10.7910/DVN/VOQCHQ, v20.0)"
16033,0.1781,-0.5618,283,0.3647,county,0.1344,-0.717,311,0.4008,county,0.1515,-0.6907,333,0.4291,county,-0.0437,0.0989,0.0171,0.0707,"MEDSL county presidential returns (doi:10.7910/DVN/VOQCHQ, v20.0)"
16035,0.198,-0.5651,3801,0.4261,county,0.2025,-0.5829,4419,0.4953,county,0.179,-0.6281,4420,0.4955,county,0.0046,0.1626,-0.0235,0.0002,"MEDSL county presidential returns (doi:10.7910/DVN/VOQCHQ, v20.0)"
16037,0.1937,-0.5592,2414,0.5473,county,0.224,-0.5425,2739,0.6209,county,0.2268,-0.5328,2650,0.6008,county,0.0303,0.1346,0.0028,-0.0325,"MEDSL county presidential returns (doi:10.7910/DVN/VOQCHQ, v20.0)"
16039,0.2377,-0.4696,8522,0.2934,county,0.2641,-0.4552,10205,0.3513,county,0.251,-0.4854,10672,0.3674,county,0.0264,0.1975,-0.0131,0.0458,"MEDSL county presidential returns (doi:10.7910/DVN/VOQCHQ, v20.0)"
16041,0.0898,-0.6394,5499,0.3737,county,0.101,-0.7785,6664,0.4529,county,0.1007,-0.7762,7184,0.4882,county,0.0112,0.2119,-0.0004,0.078,"MEDSL county presidential returns (doi:10.7910/DVN/VOQCHQ, v20.0)"
16043,0.1373,-0.6017,5715,0.4171,county,0.1525,-0.6772,6719,0.4904,county,0.1446,-0.6895,6803,0.4965,county,0.0151,0.1757,-0.0079,0.0125,"MEDSL county presidential returns (doi:10.7910/DVN/VOQCHQ, v20.0)"
16045,0.1705,-0.5973,7954,0.4006,county,0.1848,-0.6174,9958,0.5016,county,0.1633,-0.6599,10620,0.5349,county,0.0144,0.2519,-0.0216,0.0665,"MEDSL county presidential returns (doi:10.7910/DVN/VOQCHQ, v20.0)"
16047,0.199,-0.5419,5191,0.3298,county,0.2123,-0.5625,6050,0.3844,county,0.1904,-0.6043,5918,0.376,county,0.0133,0.1655,-0.0219,-0.0218,"MEDSL county presidential returns (doi:10.7910/DVN/VOQCHQ, v20.0)"
16049,0.1566,-0.6371,8233,0.4809,county,0.1663,-0.6525,9602,0.5609,county,0.152,-0.6778,9867,0.5763,county,0.0097,0.1663,-0.0143,0.0276,"MEDSL county presidential returns (doi:10.7910/DVN/VOQCHQ, v20.0)"
16051,0.1037,-0.6501,11475,0.356,county,0.1207,-0.7365,14173,0.4397,county,0.123,-0.7326,15820,0.4908,county,0.017,0.2351,0.0023,0.1162,"MEDSL county presidential returns (doi:10.7910/DVN/VOQCHQ, v20.0)"
16053,0.2225,-0.491,6751,0.2723,county,0.2482,-0.4917,7812,0.3152,county,0.2247,-0.5374,7946,0.3206,county,0.0257,0.1572,-0.0235,0.0172,"MEDSL county presidential returns (doi:10.7910/DVN/VOQCHQ, v20.0)"
16055,0.2679,-0.425,66310,0.3731,county,0.279,-0.4306,89467,0.5034,county,0.2348,-0.5183,96365,0.5422,county,0.0111,0.3492,-0.0442,0.0771,"MEDSL county presidential returns (doi:10.7910/DVN/VOQCHQ, v20.0)"
16057,0.527,0.0456,18173,0.4508,county,0.5194,0.0371,20570,0.5102,county,0.4586,-0.0797,20461,0.5075,county,-0.0076,0.1319,-0.0607,-0.0053,"MEDSL county presidential returns (doi:10.7910/DVN/VOQCHQ, v20.0)"
16059,0.1958,-0.5562,4096,0.5016,county,0.2232,-0.5403,4738,0.5802,county,0.2183,-0.5494,4874,0.5969,county,0.0274,0.1567,-0.0048,0.0287,"MEDSL county presidential returns (doi:10.7910/DVN/VOQCHQ, v20.0)"
16061,0.1834,-0.5862,1590,0.4357,county,0.1899,-0.6096,1870,0.5125,county,0.1687,-0.649,1846,0.5059,county,0.0065,0.1761,-0.0212,-0.0128,"MEDSL county presidential returns (doi:10.7910/DVN/VOQCHQ, v20.0)"
16063,0.2332,-0.4714,1748,0.3313,county,0.2199,-0.5438,1940,0.3677,county,0.211,-0.5603,1917,0.3633,county,-0.0133,0.1098,-0.0089,-0.0119,"MEDSL county presidential returns (doi:10.7910/DVN/VOQCHQ, v20.0)"
16065,0.1184,-0.4934,15688,0.2928,county,0.1643,-0.6366,17112,0.3194,county,0.1658,-0.6426,17363,0.3241,county,0.0459,0.0908,0.0015,0.0147,"MEDSL county presidential returns (doi:10.7910/DVN/VOQCHQ, v20.0)"
16067,0.1928,-0.5414,6871,0.3134,county,0.1983,-0.5899,7993,0.3646,county,0.1766,-0.6326,7948,0.3626,county,0.0056,0.1633,-0.0217,-0.0056,"MEDSL county presidential returns (doi:10.7910/DVN/VOQCHQ, v20.0)"
16069,0.3109,-0.3413,17201,0.4049,county,0.3274,-0.3363,20967,0.4936,county,0.3019,-0.3863,20135,0.474,county,0.0164,0.2189,-0.0255,-0.0397,"MEDSL county presidential returns (doi:10.7910/DVN/VOQCHQ, v20.0)"
16071,0.1073,-0.6514,2068,0.4418,county,0.1039,-0.7748,2451,0.5236,county,0.1067,-0.7595,2457,0.5249,county,-0.0034,0.1852,0.0028,0.0024,"MEDSL county presidential returns (doi:10.7910/DVN/VOQCHQ, v20.0)"
16073,0.1622,-0.627,3925,0.3195,county,0.1761,-0.6333,4742,0.386,county,0.1557,-0.6758,4950,0.403,county,0.0138,0.2082,-0.0204,0.0439,"MEDSL county presidential returns (doi:10.7910/DVN/VOQCHQ, v20.0)"
16075,0.1885,-0.5724,8704,0.3323,county,0.196,-0.5934,11293,0.4312,county,0.1791,-0.6287,11761,0.4491,county,0.0076,0.2974,-0.0169,0.0414,"MEDSL county presidential returns (doi:10.7910/DVN/VOQCHQ, v20.0)"
16077,0.2956,-0.3506,2758,0.344,county,0.2902,-0.407,3074,0.3834,county,0.2678,-0.4505,3021,0.3768,county,-0.0054,0.1146,-0.0223,-0.0172,"MEDSL county presidential returns (doi:10.7910/DVN/VOQCHQ, v20.0)"
16079,0.2957,-0.3736,5120,0.377,county,0.2865,-0.4171,6049,0.4454,county,0.2465,-0.4938,6132,0.4515,county,-0.0092,0.1814,-0.04,0.0137,"MEDSL county presidential returns (doi:10.7910/DVN/VOQCHQ, v20.0)"
16081,0.4991,-0.0016,4976,0.4112,county,0.5372,0.0725,6347,0.5245,county,0.5354,0.0684,6698,0.5535,county,0.0382,0.2755,-0.0018,0.0553,"MEDSL county presidential returns (doi:10.7910/DVN/VOQCHQ, v20.0)"
16083,0.2392,-0.4551,29874,0.3243,county,0.2661,-0.4522,36501,0.3962,county,0.2492,-0.4879,37383,0.4058,county,0.027,0.2218,-0.0169,0.0242,"MEDSL county presidential returns (doi:10.7910/DVN/VOQCHQ, v20.0)"
16085,0.397,-0.1856,5349,0.4408,county,0.4299,-0.1375,7063,0.582,county,0.4051,-0.1858,7240,0.5966,county,0.0329,0.3204,-0.0248,0.0251,"MEDSL county presidential returns (doi:10.7910/DVN/VOQCHQ, v20.0)"
16087,0.1912,-0.5627,4455,0.41,county,0.2053,-0.5765,5344,0.4918,county,0.1857,-0.6155,5555,0.5112,county,0.0141,0.1996,-0.0196,0.0395,"MEDSL county presidential returns (doi:10.7910/DVN/VOQCHQ, v20.0)"
17001,0.252,-0.473,31951,0.4903,county,0.2628,-0.4649,33527,0.5145,county,0.2594,-0.4738,31766,0.4875,county,0.0108,0.0493,-0.0034,-0.0525,"MEDSL county presidential returns (doi:10.7910/DVN/VOQCHQ, v20.0)"
17003,0.4576,-0.0822,2846,0.5645,county,0.4285,-0.1421,2618,0.5192,county,0.4027,-0.1924,2271,0.4504,county,-0.0291,-0.0801,-0.0258,-0.1325,"MEDSL county presidential returns (doi:10.7910/DVN/VOQCHQ, v20.0)"
17005,0.2973,-0.3745,7530,0.4529,county,0.2891,-0.4097,8145,0.4899,county,0.2711,-0.4474,7991,0.4806,county,-0.0082,0.0817,-0.018,-0.0189,"MEDSL county presidential returns (doi:10.7910/DVN/VOQCHQ, v20.0)"
17007,0.4225,-0.1433,23001,0.4314,county,0.4316,-0.1338,24979,0.4685,county,0.4263,-0.1449,24256,0.4549,county,0.0091,0.086,-0.0053,-0.0289,"MEDSL county presidential returns (doi:10.7910/DVN/VOQCHQ, v20.0)"
17009,0.2095,-0.5549,2379,0.3764,county,0.2011,-0.5732,2521,0.3989,county,0.1942,-0.5992,2455,0.3884,county,-0.0084,0.0597,-0.0069,-0.0262,"MEDSL county presidential returns (doi:10.7910/DVN/VOQCHQ, v20.0)"
17011,0.3938,-0.1962,16571,0.5017,county,0.3905,-0.2146,17434,0.5279,county,0.3762,-0.2428,15999,0.4844,county,-0.0033,0.0521,-0.0143,-0.0823,"MEDSL county presidential returns (doi:10.7910/DVN/VOQCHQ, v20.0)"
17013,0.3004,-0.382,2571,0.5835,county,0.2486,-0.4939,2772,0.6291,county,0.2138,-0.5593,2680,0.6083,county,-0.0518,0.0782,-0.0348,-0.0332,"MEDSL county presidential returns (doi:10.7910/DVN/VOQCHQ, v20.0)"
17015,0.3556,-0.2669,7445,0.4766,county,0.3499,-0.2937,8024,0.5137,county,0.3385,-0.3166,7840,0.5019,county,-0.0057,0.0778,-0.0115,-0.0229,"MEDSL county presidential returns (doi:10.7910/DVN/VOQCHQ, v20.0)"
17017,0.3351,-0.3113,5124,0.3995,county,0.3082,-0.378,5317,0.4145,county,0.2792,-0.4339,5241,0.4086,county,-0.0269,0.0377,-0.029,-0.0143,"MEDSL county presidential returns (doi:10.7910/DVN/VOQCHQ, v20.0)"
17019,0.6004,0.183,91628,0.4446,county,0.6179,0.2289,95142,0.4616,county,0.6223,0.2383,89581,0.4347,county,0.0175,0.0384,0.0044,-0.0584,"MEDSL county presidential returns (doi:10.7910/DVN/VOQCHQ, v20.0)"
17021,0.2746,-0.4238,15459,0.4589,county,0.2727,-0.4461,16204,0.4811,county,0.2631,-0.4665,15545,0.4615,county,-0.002,0.0482,-0.0096,-0.0407,"MEDSL county presidential returns (doi:10.7910/DVN/VOQCHQ, v20.0)"
17023,0.2503,-0.4724,7928,0.5172,county,0.2425,-0.5066,8356,0.5451,county,0.2392,-0.5122,8206,0.5354,county,-0.0078,0.054,-0.0033,-0.018,"MEDSL county presidential returns (doi:10.7910/DVN/VOQCHQ, v20.0)"
17025,0.1688,-0.6301,6350,0.482,county,0.1671,-0.6535,6886,0.5227,county,0.1582,-0.6731,6769,0.5139,county,-0.0018,0.0844,-0.0089,-0.017,"MEDSL county presidential returns (doi:10.7910/DVN/VOQCHQ, v20.0)"
17027,0.2412,-0.4861,17419,0.4721,county,0.239,-0.5118,19170,0.5195,county,0.2359,-0.5179,19230,0.5212,county,-0.0022,0.1005,-0.0032,0.0031,"MEDSL county presidential returns (doi:10.7910/DVN/VOQCHQ, v20.0)"
17029,0.3598,-0.2604,21863,0.4683,county,0.365,-0.2641,22606,0.4842,county,0.3552,-0.2841,21507,0.4606,county,0.0051,0.034,-0.0098,-0.0486,"MEDSL county presidential returns (doi:10.7910/DVN/VOQCHQ, v20.0)"
17031,0.7805,0.5368,2158615,0.4163,county,0.7556,0.503,2321486,0.4477,county,0.7126,0.4155,2079239,0.4009,county,-0.0249,0.0755,-0.043,-0.1043,"MEDSL county presidential returns (doi:10.7910/DVN/VOQCHQ, v20.0)"
17033,0.2409,-0.4909,8728,0.4696,county,0.2382,-0.5136,9425,0.507,county,0.2334,-0.5237,8935,0.4807,county,-0.0027,0.0799,-0.0048,-0.052,"MEDSL county presidential returns (doi:10.7910/DVN/VOQCHQ, v20.0)"
17035,0.1969,-0.5703,5567,0.5364,county,0.1989,-0.5931,5832,0.562,county,0.1862,-0.6185,5769,0.5559,county,0.002,0.0476,-0.0126,-0.0108,"MEDSL county presidential returns (doi:10.7910/DVN/VOQCHQ, v20.0)"
17037,0.5174,0.0315,43600,0.4338,county,0.5294,0.0573,47825,0.4758,county,0.5101,0.0197,47401,0.4716,county,0.012,0.0969,-0.0194,-0.0089,"MEDSL county presidential returns (doi:10.7910/DVN/VOQCHQ, v20.0)"
17039,0.2734,-0.4199,7543,0.4879,county,0.2801,-0.4288,8024,0.519,county,0.2713,-0.4474,7758,0.5018,county,0.0067,0.0638,-0.0088,-0.0332,"MEDSL county presidential returns (doi:10.7910/DVN/VOQCHQ, v20.0)"
17041,0.2549,-0.4589,8169,0.415,county,0.2727,-0.4454,8738,0.4439,county,0.2657,-0.4611,8410,0.4272,county,0.0178,0.0697,-0.0071,-0.0375,"MEDSL county presidential returns (doi:10.7910/DVN/VOQCHQ, v20.0)"
17043,0.5787,0.1451,428769,0.4624,county,0.5923,0.1806,485104,0.5232,county,0.5677,0.1312,456882,0.4927,county,0.0135,0.1314,-0.0245,-0.0582,"MEDSL county presidential returns (doi:10.7910/DVN/VOQCHQ, v20.0)"
17045,0.2411,-0.4893,7873,0.4732,county,0.2335,-0.5254,8196,0.4926,county,0.2337,-0.5231,7912,0.4756,county,-0.0075,0.041,0.0001,-0.0347,"MEDSL county presidential returns (doi:10.7910/DVN/VOQCHQ, v20.0)"
17047,0.1351,-0.7003,3347,0.5471,county,0.1469,-0.6967,3366,0.5502,county,0.1406,-0.7106,3289,0.5376,county,0.0118,0.0057,-0.0064,-0.0229,"MEDSL county presidential returns (doi:10.7910/DVN/VOQCHQ, v20.0)"
17049,0.1844,-0.5992,17609,0.5103,county,0.1985,-0.5927,19049,0.5521,county,0.193,-0.603,19084,0.5531,county,0.0141,0.0818,-0.0055,0.0018,"MEDSL county presidential returns (doi:10.7910/DVN/VOQCHQ, v20.0)"
17051,0.1979,-0.5793,9585,0.4483,county,0.1848,-0.6194,10056,0.4703,county,0.1722,-0.6473,9601,0.4491,county,-0.0131,0.0491,-0.0126,-0.0452,"MEDSL county presidential returns (doi:10.7910/DVN/VOQCHQ, v20.0)"
17053,0.2399,-0.4794,6396,0.4775,county,0.2579,-0.4738,6953,0.519,county,0.2559,-0.4784,6553,0.4892,county,0.018,0.0871,-0.002,-0.0575,"MEDSL county presidential returns (doi:10.7910/DVN/VOQCHQ, v20.0)"
17055,0.2649,-0.4483,18711,0.4984,county,0.2589,-0.4758,18626,0.4962,county,0.2439,-0.5055,17692,0.4713,county,-0.006,-0.0045,-0.0151,-0.0501,"MEDSL county presidential returns (doi:10.7910/DVN/VOQCHQ, v20.0)"
17057,0.4194,-0.1493,15797,0.475,county,0.3973,-0.2017,16678,0.5015,county,0.3783,-0.2383,16144,0.4854,county,-0.0221,0.0558,-0.0189,-0.032,"MEDSL county presidential returns (doi:10.7910/DVN/VOQCHQ, v20.0)"
17059,0.2528,-0.4747,2707,0.5573,county,0.2355,-0.5224,2674,0.5505,county,0.2258,-0.5383,2530,0.5209,county,-0.0173,-0.0122,-0.0097,-0.0539,"MEDSL county presidential returns (doi:10.7910/DVN/VOQCHQ, v20.0)"
17061,0.2252,-0.5264,5585,0.4718,county,0.2205,-0.5494,6227,0.5261,county,0.2054,-0.5778,6056,0.5116,county,-0.0048,0.115,-0.015,-0.0275,"MEDSL county presidential returns (doi:10.7910/DVN/VOQCHQ, v20.0)"
17063,0.3748,-0.2319,23237,0.4391,county,0.3681,-0.2584,26691,0.5044,county,0.3498,-0.2954,26589,0.5024,county,-0.0067,0.1486,-0.0184,-0.0038,"MEDSL county presidential returns (doi:10.7910/DVN/VOQCHQ, v20.0)"
17065,0.2001,-0.5771,4166,0.5226,county,0.1936,-0.6044,4315,0.5413,county,0.1792,-0.6329,4181,0.5245,county,-0.0065,0.0358,-0.0144,-0.0311,"MEDSL county presidential returns (doi:10.7910/DVN/VOQCHQ, v20.0)"
17067,0.2496,-0.4705,9121,0.5232,county,0.2511,-0.4893,9383,0.5382,county,0.2455,-0.4992,9065,0.52,county,0.0014,0.0287,-0.0055,-0.0339,"MEDSL county presidential returns (doi:10.7910/DVN/VOQCHQ, v20.0)"
17069,0.2026,-0.574,2148,0.5929,county,0.2098,-0.5745,2162,0.5967,county,0.1876,-0.6173,1926,0.5316,county,0.0072,0.0065,-0.0222,-0.1092,"MEDSL county presidential returns (doi:10.7910/DVN/VOQCHQ, v20.0)"
17071,0.3489,-0.2843,3518,0.5598,county,0.3315,-0.331,3647,0.5804,county,0.3022,-0.3877,3464,0.5512,county,-0.0175,0.0367,-0.0293,-0.0502,"MEDSL county presidential returns (doi:10.7910/DVN/VOQCHQ, v20.0)"
17073,0.3881,-0.2075,24643,0.5035,county,0.3904,-0.2147,25635,0.5237,county,0.3753,-0.2444,25092,0.5126,county,0.0022,0.0403,-0.0151,-0.0212,"MEDSL county presidential returns (doi:10.7910/DVN/VOQCHQ, v20.0)"
17075,0.2043,-0.5547,13064,0.4884,county,0.211,-0.5682,14025,0.5244,county,0.2093,-0.5726,13324,0.4982,county,0.0066,0.0736,-0.0016,-0.05,"MEDSL county presidential returns (doi:10.7910/DVN/VOQCHQ, v20.0)"
17077,0.5176,0.0321,24617,0.4671,county,0.5066,0.0129,22643,0.4296,county,0.5177,0.0347,22465,0.4262,county,-0.011,-0.0802,0.0111,-0.0079,"MEDSL county presidential returns (doi:10.7910/DVN/VOQCHQ, v20.0)"
17079,0.1886,-0.594,5136,0.5563,county,0.1831,-0.6254,5576,0.6039,county,0.1701,-0.652,5425,0.5876,county,-0.0056,0.0857,-0.0129,-0.0271,"MEDSL county presidential returns (doi:10.7910/DVN/VOQCHQ, v20.0)"
17081,0.2745,-0.4277,16999,0.4618,county,0.2697,-0.4521,17404,0.4728,county,0.2581,-0.4771,16662,0.4527,county,-0.0048,0.0238,-0.0116,-0.0426,"MEDSL county presidential returns (doi:10.7910/DVN/VOQCHQ, v20.0)"
17083,0.2569,-0.4612,10991,0.5151,county,0.2537,-0.4818,11937,0.5595,county,0.2449,-0.5018,11694,0.5481,county,-0.0033,0.0861,-0.0088,-0.0204,"MEDSL county presidential returns (doi:10.7910/DVN/VOQCHQ, v20.0)"
17085,0.4216,-0.1464,11334,0.5171,county,0.4162,-0.1646,12496,0.5701,county,0.4145,-0.168,12414,0.5664,county,-0.0054,0.1025,-0.0018,-0.0066,"MEDSL county presidential returns (doi:10.7910/DVN/VOQCHQ, v20.0)"
17087,0.1972,-0.576,6089,0.4561,county,0.2021,-0.5869,6437,0.4822,county,0.2055,-0.5828,6103,0.4572,county,0.0048,0.0572,0.0034,-0.0519,"MEDSL county presidential returns (doi:10.7910/DVN/VOQCHQ, v20.0)"
17089,0.5561,0.105,199314,0.3862,county,0.5736,0.144,231876,0.4493,county,0.5475,0.0931,223534,0.4331,county,0.0174,0.1634,-0.0261,-0.036,"MEDSL county presidential returns (doi:10.7910/DVN/VOQCHQ, v20.0)"
17091,0.4302,-0.1302,47305,0.4428,county,0.4154,-0.1655,49902,0.4671,county,0.3941,-0.2078,47569,0.4453,county,-0.0148,0.0549,-0.0212,-0.0468,"MEDSL county presidential returns (doi:10.7910/DVN/VOQCHQ, v20.0)"
17093,0.4992,-0.0014,53447,0.3957,county,0.5293,0.0575,63974,0.4737,county,0.5078,0.0152,66397,0.4916,county,0.0301,0.197,-0.0216,0.0379,"MEDSL county presidential returns (doi:10.7910/DVN/VOQCHQ, v20.0)"
17095,0.4843,-0.0294,22243,0.4512,county,0.4712,-0.0564,23143,0.4695,county,0.4522,-0.0937,22191,0.4502,county,-0.013,0.0405,-0.019,-0.0411,"MEDSL county presidential returns (doi:10.7910/DVN/VOQCHQ, v20.0)"
17097,0.6092,0.2021,303520,0.4264,county,0.6228,0.2407,334177,0.4694,county,0.6053,0.2066,310913,0.4367,county,0.0136,0.101,-0.0175,-0.0696,"MEDSL county presidential returns (doi:10.7910/DVN/VOQCHQ, v20.0)"
17099,0.4227,-0.1437,49743,0.4562,county,0.427,-0.1431,53591,0.4914,county,0.4064,-0.1845,52508,0.4815,county,0.0043,0.0774,-0.0206,-0.0202,"MEDSL county presidential returns (doi:10.7910/DVN/VOQCHQ, v20.0)"
17101,0.222,-0.5302,6094,0.4026,county,0.2251,-0.5408,6411,0.4235,county,0.2139,-0.5617,6110,0.4036,county,0.0031,0.052,-0.0112,-0.047,"MEDSL county presidential returns (doi:10.7910/DVN/VOQCHQ, v20.0)"
17103,0.3909,-0.1991,15489,0.4548,county,0.3995,-0.1966,16397,0.4814,county,0.3868,-0.2219,16113,0.4731,county,0.0086,0.0586,-0.0128,-0.0173,"MEDSL county presidential returns (doi:10.7910/DVN/VOQCHQ, v20.0)"
17105,0.2827,-0.4051,15269,0.4282,county,0.2743,-0.4421,17174,0.4816,county,0.2648,-0.4628,16549,0.4641,county,-0.0084,0.1248,-0.0095,-0.0364,"MEDSL county presidential returns (doi:10.7910/DVN/VOQCHQ, v20.0)"
17107,0.2882,-0.3925,12401,0.445,county,0.2959,-0.3984,13294,0.477,county,0.288,-0.415,12564,0.4508,county,0.0077,0.072,-0.0079,-0.0549,"MEDSL county presidential returns (doi:10.7910/DVN/VOQCHQ, v20.0)"
17109,0.4376,-0.1151,13092,0.4831,county,0.4153,-0.1656,12285,0.4533,county,0.404,-0.188,11972,0.4417,county,-0.0223,-0.0616,-0.0114,-0.0255,"MEDSL county presidential returns (doi:10.7910/DVN/VOQCHQ, v20.0)"
17111,0.4592,-0.0763,141750,0.4553,county,0.4872,-0.0251,163879,0.5263,county,0.4731,-0.0528,162283,0.5212,county,0.028,0.1561,-0.0141,-0.0097,"MEDSL county presidential returns (doi:10.7910/DVN/VOQCHQ, v20.0)"
17113,0.4929,-0.013,79835,0.4672,county,0.5203,0.0394,87002,0.5091,county,0.5248,0.0486,86522,0.5063,county,0.0274,0.0898,0.0045,-0.0055,"MEDSL county presidential returns (doi:10.7910/DVN/VOQCHQ, v20.0)"
17115,0.4057,-0.1773,48060,0.4685,county,0.4098,-0.177,49390,0.4814,county,0.4041,-0.1886,45341,0.442,county,0.004,0.0277,-0.0057,-0.082,"MEDSL county presidential returns (doi:10.7910/DVN/VOQCHQ, v20.0)"
17117,0.3184,-0.3414,22360,0.5017,county,0.3132,-0.3658,24022,0.539,county,0.3002,-0.3916,23425,0.5256,county,-0.0052,0.0743,-0.013,-0.0249,"MEDSL county presidential returns (doi:10.7910/DVN/VOQCHQ, v20.0)"
17119,0.4178,-0.1529,130179,0.4919,county,0.432,-0.1327,137139,0.5182,county,0.4325,-0.1321,133072,0.5029,county,0.0142,0.0535,0.0005,-0.0297,"MEDSL county presidential returns (doi:10.7910/DVN/VOQCHQ, v20.0)"
17121,0.2692,-0.4387,17074,0.4578,county,0.263,-0.4671,17458,0.4681,county,0.2491,-0.4948,16762,0.4495,county,-0.0062,0.0225,-0.0139,-0.0399,"MEDSL county presidential returns (doi:10.7910/DVN/VOQCHQ, v20.0)"
17123,0.321,-0.3336,5984,0.5108,county,0.3233,-0.3461,6334,0.5407,county,0.3171,-0.36,6127,0.523,county,0.0023,0.0585,-0.0061,-0.0327,"MEDSL county presidential returns (doi:10.7910/DVN/VOQCHQ, v20.0)"
17125,0.3317,-0.3151,6486,0.5036,county,0.299,-0.3945,6766,0.5254,county,0.2843,-0.4222,6374,0.495,county,-0.0327,0.0432,-0.0147,-0.0579,"MEDSL county presidential returns (doi:10.7910/DVN/VOQCHQ, v20.0)"
17127,0.2433,-0.492,6683,0.4788,county,0.2566,-0.4803,6813,0.4881,county,0.2542,-0.4877,6676,0.4783,county,0.0133,0.0195,-0.0025,-0.0201,"MEDSL county presidential returns (doi:10.7910/DVN/VOQCHQ, v20.0)"
17129,0.3004,-0.3705,6515,0.5354,county,0.298,-0.3958,6928,0.5693,county,0.2896,-0.4144,6431,0.5285,county,-0.0025,0.0634,-0.0084,-0.0717,"MEDSL county presidential returns (doi:10.7910/DVN/VOQCHQ, v20.0)"
17131,0.3898,-0.2036,8525,0.5458,county,0.3771,-0.2404,8893,0.5694,county,0.3613,-0.2714,8346,0.5343,county,-0.0127,0.0432,-0.0158,-0.0615,"MEDSL county presidential returns (doi:10.7910/DVN/VOQCHQ, v20.0)"
17133,0.3047,-0.3665,19354,0.5535,county,0.3172,-0.3581,21148,0.6048,county,0.3153,-0.3627,20902,0.5977,county,0.0125,0.0927,-0.0018,-0.0116,"MEDSL county presidential returns (doi:10.7910/DVN/VOQCHQ, v20.0)"
17135,0.2888,-0.395,12978,0.4622,county,0.2904,-0.4108,13727,0.4889,county,0.2759,-0.4397,13203,0.4702,county,0.0016,0.0577,-0.0145,-0.0382,"MEDSL county presidential returns (doi:10.7910/DVN/VOQCHQ, v20.0)"
17137,0.341,-0.2959,14800,0.4537,county,0.3378,-0.3184,15309,0.4693,county,0.3354,-0.3242,14677,0.4499,county,-0.0032,0.0344,-0.0024,-0.0413,"MEDSL county presidential returns (doi:10.7910/DVN/VOQCHQ, v20.0)"
17139,0.2495,-0.4733,6283,0.4342,county,0.2508,-0.4896,6744,0.4661,county,0.2511,-0.4903,6528,0.4512,county,0.0013,0.0734,0.0003,-0.032,"MEDSL county presidential returns (doi:10.7910/DVN/VOQCHQ, v20.0)"
17141,0.3593,-0.2605,24193,0.4694,county,0.3672,-0.2596,26272,0.5098,county,0.3506,-0.2933,25799,0.5006,county,0.0078,0.0859,-0.0165,-0.018,"MEDSL county presidential returns (doi:10.7910/DVN/VOQCHQ, v20.0)"
17143,0.5165,0.0309,78503,0.4365,county,0.5325,0.0634,83973,0.467,county,0.5237,0.0463,79138,0.4401,county,0.0161,0.0697,-0.0089,-0.0576,"MEDSL county presidential returns (doi:10.7910/DVN/VOQCHQ, v20.0)"
17145,0.2642,-0.4459,9853,0.4735,county,0.2632,-0.4676,10053,0.4831,county,0.236,-0.5194,9248,0.4444,county,-0.0011,0.0203,-0.0272,-0.0801,"MEDSL county presidential returns (doi:10.7910/DVN/VOQCHQ, v20.0)"
17147,0.3195,-0.3318,9008,0.5393,county,0.3476,-0.2972,9822,0.5881,county,0.3442,-0.305,9508,0.5693,county,0.0281,0.0904,-0.0034,-0.032,"MEDSL county presidential returns (doi:10.7910/DVN/VOQCHQ, v20.0)"
17149,0.1972,-0.5765,7530,0.5149,county,0.1899,-0.6099,7949,0.5435,county,0.1762,-0.6371,7509,0.5134,county,-0.0073,0.0556,-0.0136,-0.0554,"MEDSL county presidential returns (doi:10.7910/DVN/VOQCHQ, v20.0)"
17151,0.1827,-0.6083,2142,0.5701,county,0.2009,-0.5926,2175,0.5789,county,0.1968,-0.601,2133,0.5677,county,0.0183,0.0154,-0.0041,-0.0193,"MEDSL county presidential returns (doi:10.7910/DVN/VOQCHQ, v20.0)"
17153,0.3648,-0.2607,2735,0.539,county,0.344,-0.3079,2624,0.5171,county,0.327,-0.3419,2381,0.4693,county,-0.0208,-0.0406,-0.0171,-0.0926,"MEDSL county presidential returns (doi:10.7910/DVN/VOQCHQ, v20.0)"
17155,0.3936,-0.1993,3111,0.5555,county,0.4017,-0.1932,3390,0.6054,county,0.3837,-0.228,3334,0.5954,county,0.0081,0.0897,-0.018,-0.0165,"MEDSL county presidential returns (doi:10.7910/DVN/VOQCHQ, v20.0)"
17157,0.2555,-0.4639,14194,0.4709,county,0.2449,-0.5026,14891,0.494,county,0.2457,-0.4998,14333,0.4755,county,-0.0106,0.0491,0.0008,-0.0375,"MEDSL county presidential returns (doi:10.7910/DVN/VOQCHQ, v20.0)"
17159,0.2163,-0.5407,7684,0.4902,county,0.2311,-0.5282,8063,0.5144,county,0.2288,-0.5341,7755,0.4947,county,0.0148,0.0493,-0.0023,-0.0382,"MEDSL county presidential returns (doi:10.7910/DVN/VOQCHQ, v20.0)"
17161,0.5447,0.0828,63994,0.4475,county,0.5619,0.1212,66758,0.4669,county,0.5488,0.0956,63458,0.4438,county,0.0172,0.0432,-0.0132,-0.0494,"MEDSL county presidential returns (doi:10.7910/DVN/VOQCHQ, v20.0)"
17163,0.5301,0.0572,120580,0.4733,county,0.5445,0.0872,128091,0.5028,county,0.5401,0.0785,119962,0.4709,county,0.0144,0.0623,-0.0045,-0.0635,"MEDSL county presidential returns (doi:10.7910/DVN/VOQCHQ, v20.0)"
17165,0.2371,-0.5011,11384,0.4868,county,0.2561,-0.4802,11066,0.4732,county,0.2517,-0.49,10605,0.4535,county,0.019,-0.0279,-0.0043,-0.0417,"MEDSL county presidential returns (doi:10.7910/DVN/VOQCHQ, v20.0)"
17167,0.4503,-0.0919,98373,0.5039,county,0.4777,-0.0436,104752,0.5366,county,0.4747,-0.0495,99171,0.508,county,0.0274,0.0648,-0.003,-0.0533,"MEDSL county presidential returns (doi:10.7910/DVN/VOQCHQ, v20.0)"
17169,0.2987,-0.3785,3828,0.5608,county,0.2781,-0.4365,3906,0.5722,county,0.2611,-0.4679,3759,0.5507,county,-0.0206,0.0204,-0.017,-0.0376,"MEDSL county presidential returns (doi:10.7910/DVN/VOQCHQ, v20.0)"
17171,0.2139,-0.5487,2608,0.5381,county,0.213,-0.5634,2737,0.5647,county,0.1907,-0.6119,2587,0.5337,county,-0.001,0.0495,-0.0223,-0.0548,"MEDSL county presidential returns (doi:10.7910/DVN/VOQCHQ, v20.0)"
17173,0.2176,-0.5396,11010,0.5276,county,0.2099,-0.5722,12097,0.5797,county,0.1947,-0.6021,11670,0.5593,county,-0.0077,0.0987,-0.0152,-0.0353,"MEDSL county presidential returns (doi:10.7910/DVN/VOQCHQ, v20.0)"
17175,0.297,-0.3744,2743,0.5152,county,0.2891,-0.4124,2883,0.5415,county,0.2677,-0.4556,2761,0.5186,county,-0.0078,0.051,-0.0214,-0.0423,"MEDSL county presidential returns (doi:10.7910/DVN/VOQCHQ, v20.0)"
17177,0.4121,-0.163,20343,0.4619,county,0.4197,-0.1572,22048,0.5006,county,0.4014,-0.1938,20995,0.4767,county,0.0076,0.0838,-0.0183,-0.0478,"MEDSL county presidential returns (doi:10.7910/DVN/VOQCHQ, v20.0)"
17179,0.3483,-0.2798,64400,0.4933,county,0.3686,-0.2562,69052,0.5289,county,0.3643,-0.2665,68027,0.5211,county,0.0203,0.0722,-0.0043,-0.0148,"MEDSL county presidential returns (doi:10.7910/DVN/VOQCHQ, v20.0)"
17181,0.2932,-0.3969,8537,0.503,county,0.2951,-0.4031,8886,0.5236,county,0.2813,-0.4318,8226,0.4847,county,0.0019,0.0409,-0.0137,-0.0743,"MEDSL county presidential returns (doi:10.7910/DVN/VOQCHQ, v20.0)"
17183,0.3447,-0.296,30570,0.4177,county,0.3325,-0.3293,31584,0.4316,county,0.3188,-0.3561,29549,0.4038,county,-0.0122,0.0332,-0.0137,-0.0644,"MEDSL county presidential returns (doi:10.7910/DVN/VOQCHQ, v20.0)"
17185,0.2214,-0.53,5464,0.4879,county,0.2282,-0.5335,5593,0.4994,county,0.2266,-0.5384,5377,0.4801,county,0.0068,0.0236,-0.0016,-0.0386,"MEDSL county presidential returns (doi:10.7910/DVN/VOQCHQ, v20.0)"
17187,0.4113,-0.165,7807,0.471,county,0.3979,-0.2005,7909,0.4771,county,0.3719,-0.2508,7447,0.4493,county,-0.0134,0.0131,-0.026,-0.0584,"MEDSL county presidential returns (doi:10.7910/DVN/VOQCHQ, v20.0)"
17189,0.2063,-0.5551,7427,0.5428,county,0.2116,-0.5662,7902,0.5775,county,0.2098,-0.5723,7562,0.5527,county,0.0053,0.064,-0.0018,-0.043,"MEDSL county presidential returns (doi:10.7910/DVN/VOQCHQ, v20.0)"
17191,0.1308,-0.7165,8261,0.5165,county,0.1419,-0.7058,8486,0.5306,county,0.1413,-0.7086,8275,0.5174,county,0.0112,0.0272,-0.0006,-0.0249,"MEDSL county presidential returns (doi:10.7910/DVN/VOQCHQ, v20.0)"
17193,0.2002,-0.5764,7335,0.5351,county,0.2076,-0.5759,7421,0.5414,county,0.1993,-0.5937,7067,0.5155,county,0.0074,0.0117,-0.0083,-0.0477,"MEDSL county presidential returns (doi:10.7910/DVN/VOQCHQ, v20.0)"
17195,0.4666,-0.0618,25582,0.4635,county,0.4575,-0.0831,27375,0.496,county,0.425,-0.1469,26447,0.4792,county,-0.0091,0.0701,-0.0325,-0.0339,"MEDSL county presidential returns (doi:10.7910/DVN/VOQCHQ, v20.0)"
17197,0.5337,0.0638,300904,0.4308,county,0.5425,0.0834,345105,0.4941,county,0.5081,0.0159,327604,0.469,county,0.0087,0.1469,-0.0344,-0.0507,"MEDSL county presidential returns (doi:10.7910/DVN/VOQCHQ, v20.0)"
17199,0.2846,-0.4078,31852,0.4761,county,0.3092,-0.3743,33653,0.503,county,0.3036,-0.387,33068,0.4943,county,0.0246,0.0565,-0.0056,-0.0174,"MEDSL county presidential returns (doi:10.7910/DVN/VOQCHQ, v20.0)"
17201,0.5004,0.0008,118376,0.4179,county,0.5128,0.025,127709,0.4508,county,0.5029,0.0056,121347,0.4284,county,0.0124,0.0788,-0.0099,-0.0498,"MEDSL county presidential returns (doi:10.7910/DVN/VOQCHQ, v20.0)"
17203,0.2783,-0.4085,19864,0.518,county,0.2939,-0.4031,21432,0.5589,county,0.2865,-0.4203,21123,0.5508,county,0.0156,0.0789,-0.0074,-0.0144,"MEDSL county presidential returns (doi:10.7910/DVN/VOQCHQ, v20.0)"
18001,0.2252,-0.5228,13090,0.3637,county,0.2324,-0.5243,14209,0.3947,county,0.2319,-0.5262,13966,0.388,county,0.0072,0.0855,-0.0005,-0.0171,"MEDSL county presidential returns (doi:10.7910/DVN/VOQCHQ, v20.0)"
18003,0.3975,-0.194,147137,0.3784,county,0.4428,-0.1117,169082,0.4349,county,0.4366,-0.1246,163163,0.4197,county,0.0453,0.1491,-0.0063,-0.035,"MEDSL county presidential returns (doi:10.7910/DVN/VOQCHQ, v20.0)"
18005,0.3229,-0.3324,32490,0.392,county,0.3659,-0.2615,36235,0.4372,county,0.3605,-0.2732,35488,0.4282,county,0.0431,0.1153,-0.0055,-0.0206,"MEDSL county presidential returns (doi:10.7910/DVN/VOQCHQ, v20.0)"
18007,0.2501,-0.4689,3666,0.421,county,0.2512,-0.4857,4114,0.4724,county,0.2601,-0.4712,3954,0.4541,county,0.0012,0.1222,0.0089,-0.0389,"MEDSL county presidential returns (doi:10.7910/DVN/VOQCHQ, v20.0)"
18009,0.2706,-0.4354,4839,0.403,county,0.2638,-0.4607,5351,0.4457,county,0.2435,-0.5031,5136,0.4278,county,-0.0069,0.1058,-0.0202,-0.0402,"MEDSL county presidential returns (doi:10.7910/DVN/VOQCHQ, v20.0)"
18011,0.3412,-0.2944,32178,0.4418,county,0.4055,-0.1845,38520,0.5289,county,0.4183,-0.1599,40109,0.5507,county,0.0642,0.1971,0.0128,0.0413,"MEDSL county presidential returns (doi:10.7910/DVN/VOQCHQ, v20.0)"
18013,0.3342,-0.3144,7945,0.5112,county,0.3445,-0.3052,8981,0.5778,county,0.334,-0.3263,8627,0.555,county,0.0103,0.1304,-0.0105,-0.0394,"MEDSL county presidential returns (doi:10.7910/DVN/VOQCHQ, v20.0)"
18015,0.2317,-0.5069,8643,0.4228,county,0.2389,-0.5121,9495,0.4645,county,0.235,-0.5207,9184,0.4492,county,0.0072,0.0986,-0.0039,-0.0328,"MEDSL county presidential returns (doi:10.7910/DVN/VOQCHQ, v20.0)"
18017,0.2793,-0.4182,14209,0.3769,county,0.2897,-0.4111,15198,0.4031,county,0.2657,-0.4618,14213,0.377,county,0.0104,0.0696,-0.024,-0.0648,"MEDSL county presidential returns (doi:10.7910/DVN/VOQCHQ, v20.0)"
18019,0.3851,-0.2195,51147,0.4165,county,0.4068,-0.1827,57869,0.4712,county,0.3964,-0.2034,58612,0.4773,county,0.0218,0.1314,-0.0105,0.0128,"MEDSL county presidential returns (doi:10.7910/DVN/VOQCHQ, v20.0)"
18021,0.2128,-0.5518,11282,0.4268,county,0.2118,-0.5663,12267,0.4641,county,0.2106,-0.569,12055,0.4561,county,-0.001,0.0873,-0.0012,-0.0173,"MEDSL county presidential returns (doi:10.7910/DVN/VOQCHQ, v20.0)"
18023,0.2484,-0.4786,11936,0.3621,county,0.2647,-0.4613,12949,0.3928,county,0.2561,-0.4798,12450,0.3777,county,0.0164,0.0849,-0.0087,-0.0385,"MEDSL county presidential returns (doi:10.7910/DVN/VOQCHQ, v20.0)"
18025,0.305,-0.3684,4593,0.4377,county,0.2801,-0.4304,4944,0.4711,county,0.2519,-0.4855,5011,0.4775,county,-0.0249,0.0764,-0.0282,0.0136,"MEDSL county presidential returns (doi:10.7910/DVN/VOQCHQ, v20.0)"
18027,0.174,-0.6264,10768,0.322,county,0.1847,-0.6196,11954,0.3575,county,0.1739,-0.6428,11449,0.3424,county,0.0107,0.1101,-0.0107,-0.0422,"MEDSL county presidential returns (doi:10.7910/DVN/VOQCHQ, v20.0)"
18029,0.2123,-0.5515,23987,0.4719,county,0.2181,-0.5548,25383,0.4994,county,0.2038,-0.583,26600,0.5233,county,0.0057,0.0582,-0.0143,0.0479,"MEDSL county presidential returns (doi:10.7910/DVN/VOQCHQ, v20.0)"
18031,0.1999,-0.5724,11127,0.4213,county,0.203,-0.5808,12287,0.4652,county,0.2022,-0.585,12111,0.4586,county,0.0031,0.1043,-0.0008,-0.0143,"MEDSL county presidential returns (doi:10.7910/DVN/VOQCHQ, v20.0)"
18033,0.2464,-0.4799,16902,0.3878,county,0.2586,-0.4723,19628,0.4503,county,0.2605,-0.4705,19792,0.4541,county,0.0122,0.1613,0.0019,0.0084,"MEDSL county presidential returns (doi:10.7910/DVN/VOQCHQ, v20.0)"
18035,0.428,-0.1354,45123,0.4025,county,0.4328,-0.1318,48191,0.4299,county,0.4196,-0.1577,45784,0.4084,county,0.0049,0.068,-0.0132,-0.0499,"MEDSL county presidential returns (doi:10.7910/DVN/VOQCHQ, v20.0)"
18037,0.2874,-0.3991,19984,0.4587,county,0.2951,-0.4015,21770,0.4997,county,0.284,-0.4219,21424,0.4918,county,0.0077,0.0894,-0.011,-0.0159,"MEDSL county presidential returns (doi:10.7910/DVN/VOQCHQ, v20.0)"
18039,0.3313,-0.3219,65630,0.3173,county,0.3573,-0.2805,74387,0.3596,county,0.3358,-0.3235,69765,0.3372,county,0.026,0.1334,-0.0214,-0.0621,"MEDSL county presidential returns (doi:10.7910/DVN/VOQCHQ, v20.0)"
18041,0.2477,-0.4813,9530,0.4074,county,0.2239,-0.5444,10136,0.4333,county,0.2146,-0.5632,9838,0.4206,county,-0.0238,0.0636,-0.0092,-0.0294,"MEDSL county presidential returns (doi:10.7910/DVN/VOQCHQ, v20.0)"
18043,0.3942,-0.2001,37425,0.4648,county,0.428,-0.1409,41802,0.5192,county,0.4211,-0.155,41181,0.5115,county,0.0338,0.117,-0.007,-0.0149,"MEDSL county presidential returns (doi:10.7910/DVN/VOQCHQ, v20.0)"
18045,0.2068,-0.5587,7492,0.4528,county,0.2093,-0.5666,7986,0.4827,county,0.1947,-0.5995,7982,0.4824,county,0.0025,0.0659,-0.0146,-0.0005,"MEDSL county presidential returns (doi:10.7910/DVN/VOQCHQ, v20.0)"
18047,0.1851,-0.6084,11013,0.4803,county,0.1807,-0.6295,12000,0.5234,county,0.1736,-0.6439,12034,0.5248,county,-0.0044,0.0896,-0.0071,0.0028,"MEDSL county presidential returns (doi:10.7910/DVN/VOQCHQ, v20.0)"
18049,0.2459,-0.4836,8374,0.4103,county,0.2541,-0.4826,9147,0.4481,county,0.2402,-0.5123,8854,0.4338,county,0.0081,0.0923,-0.0139,-0.032,"MEDSL county presidential returns (doi:10.7910/DVN/VOQCHQ, v20.0)"
18051,0.2514,-0.4753,15484,0.4694,county,0.254,-0.4823,16161,0.4899,county,0.2383,-0.5141,15901,0.4821,county,0.0026,0.0437,-0.0157,-0.0161,"MEDSL county presidential returns (doi:10.7910/DVN/VOQCHQ, v20.0)"
18053,0.2919,-0.395,25312,0.3813,county,0.3018,-0.3876,27159,0.4092,county,0.2872,-0.4173,25156,0.379,county,0.0099,0.073,-0.0146,-0.0738,"MEDSL county presidential returns (doi:10.7910/DVN/VOQCHQ, v20.0)"
18055,0.2218,-0.5324,13801,0.4459,county,0.2339,-0.5218,14784,0.4776,county,0.2271,-0.5373,14633,0.4727,county,0.0121,0.0712,-0.0068,-0.0102,"MEDSL county presidential returns (doi:10.7910/DVN/VOQCHQ, v20.0)"
18057,0.3958,-0.1954,154256,0.4319,county,0.4653,-0.068,193999,0.5431,county,0.4691,-0.0606,196727,0.5508,county,0.0694,0.2576,0.0038,0.0141,"MEDSL county presidential returns (doi:10.7910/DVN/VOQCHQ, v20.0)"
18059,0.2621,-0.4469,36181,0.4412,county,0.3078,-0.3752,42911,0.5232,county,0.3283,-0.3369,44450,0.542,county,0.0458,0.186,0.0204,0.0359,"MEDSL county presidential returns (doi:10.7910/DVN/VOQCHQ, v20.0)"
18061,0.2698,-0.4397,18558,0.4665,county,0.2684,-0.4557,20236,0.5086,county,0.2608,-0.4693,20448,0.514,county,-0.0014,0.0904,-0.0076,0.0105,"MEDSL county presidential returns (doi:10.7910/DVN/VOQCHQ, v20.0)"
18063,0.3186,-0.3406,75559,0.4212,county,0.3773,-0.2395,88505,0.4934,county,0.3907,-0.2148,83189,0.4638,county,0.0587,0.1713,0.0133,-0.0601,"MEDSL county presidential returns (doi:10.7910/DVN/VOQCHQ, v20.0)"
18065,0.2694,-0.4352,20155,0.4122,county,0.2693,-0.4517,21030,0.4301,county,0.2573,-0.4768,20604,0.4214,county,-0.0001,0.0434,-0.012,-0.0203,"MEDSL county presidential returns (doi:10.7910/DVN/VOQCHQ, v20.0)"
18067,0.3214,-0.3382,36843,0.4407,county,0.3346,-0.3236,40630,0.4859,county,0.3204,-0.3526,38784,0.4639,county,0.0132,0.1028,-0.0142,-0.0454,"MEDSL county presidential returns (doi:10.7910/DVN/VOQCHQ, v20.0)"
18069,0.2313,-0.5076,16043,0.4365,county,0.2445,-0.4987,17829,0.4851,county,0.2537,-0.4835,17735,0.4825,county,0.0132,0.1113,0.0092,-0.0053,"MEDSL county presidential returns (doi:10.7910/DVN/VOQCHQ, v20.0)"
18071,0.2301,-0.5131,17573,0.3794,county,0.2281,-0.533,19238,0.4153,county,0.2189,-0.5526,18654,0.4027,county,-0.002,0.0947,-0.0092,-0.0304,"MEDSL county presidential returns (doi:10.7910/DVN/VOQCHQ, v20.0)"
18073,0.2619,-0.4525,13378,0.403,county,0.2502,-0.4901,15475,0.4661,county,0.2241,-0.543,15826,0.4767,county,-0.0117,0.1567,-0.0261,0.0227,"MEDSL county presidential returns (doi:10.7910/DVN/VOQCHQ, v20.0)"
18075,0.249,-0.4768,7986,0.3938,county,0.2324,-0.5242,8461,0.4172,county,0.2194,-0.5516,8103,0.3995,county,-0.0166,0.0595,-0.0131,-0.0423,"MEDSL county presidential returns (doi:10.7910/DVN/VOQCHQ, v20.0)"
18077,0.3361,-0.3116,13544,0.4095,county,0.3287,-0.3356,14697,0.4444,county,0.316,-0.361,14327,0.4332,county,-0.0074,0.0851,-0.0127,-0.0252,"MEDSL county presidential returns (doi:10.7910/DVN/VOQCHQ, v20.0)"
18079,0.2233,-0.5256,11150,0.4042,county,0.21,-0.5687,12251,0.4441,county,0.2007,-0.5881,11809,0.4281,county,-0.0132,0.0987,-0.0094,-0.0361,"MEDSL county presidential returns (doi:10.7910/DVN/VOQCHQ, v20.0)"
18081,0.2759,-0.4231,66500,0.4055,county,0.3257,-0.3412,77618,0.4733,county,0.3254,-0.3431,77832,0.4746,county,0.0498,0.1672,-0.0003,0.0028,"MEDSL county presidential returns (doi:10.7910/DVN/VOQCHQ, v20.0)"
18083,0.254,-0.4708,15516,0.4297,county,0.2587,-0.4739,16011,0.4434,county,0.2439,-0.5037,15110,0.4185,county,0.0047,0.0319,-0.0148,-0.0563,"MEDSL county presidential returns (doi:10.7910/DVN/VOQCHQ, v20.0)"
18085,0.2087,-0.5492,32084,0.3993,county,0.2399,-0.5067,35787,0.4454,county,0.2337,-0.5221,34896,0.4343,county,0.0312,0.1154,-0.0062,-0.0249,"MEDSL county presidential returns (doi:10.7910/DVN/VOQCHQ, v20.0)"
18087,0.2284,-0.5169,9566,0.2356,county,0.225,-0.5412,10633,0.2619,county,0.2112,-0.5678,10411,0.2565,county,-0.0034,0.1115,-0.0138,-0.0209,"MEDSL county presidential returns (doi:10.7910/DVN/VOQCHQ, v20.0)"
18089,0.6073,0.2053,201205,0.4032,county,0.5764,0.1505,219956,0.4408,county,0.5286,0.0564,209551,0.42,county,-0.0308,0.0932,-0.0478,-0.0473,"MEDSL county presidential returns (doi:10.7910/DVN/VOQCHQ, v20.0)"
18091,0.466,-0.0639,45203,0.4031,county,0.4631,-0.0723,49392,0.4404,county,0.4281,-0.1413,47553,0.424,county,-0.0029,0.0927,-0.035,-0.0372,"MEDSL county presidential returns (doi:10.7910/DVN/VOQCHQ, v20.0)"
18093,0.2307,-0.513,19152,0.4249,county,0.2413,-0.5061,21025,0.4664,county,0.2404,-0.5099,21220,0.4708,county,0.0105,0.0978,-0.0009,0.0093,"MEDSL county presidential returns (doi:10.7910/DVN/VOQCHQ, v20.0)"
18095,0.3648,-0.2556,53909,0.4117,county,0.3848,-0.2257,51793,0.3955,county,0.3627,-0.2694,55730,0.4256,county,0.02,-0.0393,-0.0221,0.076,"MEDSL county presidential returns (doi:10.7910/DVN/VOQCHQ, v20.0)"
18097,0.6202,0.2278,362372,0.3729,county,0.6487,0.2916,389619,0.4009,county,0.6407,0.2763,352540,0.3628,county,0.0285,0.0752,-0.008,-0.0952,"MEDSL county presidential returns (doi:10.7910/DVN/VOQCHQ, v20.0)"
18099,0.2808,-0.4142,18082,0.3912,county,0.2921,-0.4081,19927,0.4311,county,0.2791,-0.4336,19559,0.4231,county,0.0113,0.102,-0.013,-0.0185,"MEDSL county presidential returns (doi:10.7910/DVN/VOQCHQ, v20.0)"
18101,0.1924,-0.5856,4809,0.488,county,0.2006,-0.5867,5144,0.522,county,0.1906,-0.6066,4992,0.5066,county,0.0082,0.0697,-0.01,-0.0295,"MEDSL county presidential returns (doi:10.7910/DVN/VOQCHQ, v20.0)"
18103,0.2171,-0.5347,13482,0.3769,county,0.2285,-0.5313,14473,0.4046,county,0.2221,-0.5455,13977,0.3907,county,0.0114,0.0735,-0.0064,-0.0343,"MEDSL county presidential returns (doi:10.7910/DVN/VOQCHQ, v20.0)"
18105,0.6243,0.2331,58454,0.4181,county,0.6436,0.2817,63151,0.4517,county,0.6392,0.2735,59256,0.4238,county,0.0193,0.0804,-0.0044,-0.0617,"MEDSL county presidential returns (doi:10.7910/DVN/VOQCHQ, v20.0)"
18107,0.2331,-0.5079,15156,0.3972,county,0.2497,-0.4911,17198,0.4507,county,0.2543,-0.4818,16581,0.4346,county,0.0166,0.1347,0.0046,-0.0359,"MEDSL county presidential returns (doi:10.7910/DVN/VOQCHQ, v20.0)"
18109,0.2033,-0.5637,31280,0.4332,county,0.2205,-0.5457,36159,0.5008,county,0.2236,-0.5431,35352,0.4896,county,0.0172,0.156,0.0031,-0.0223,"MEDSL county presidential returns (doi:10.7910/DVN/VOQCHQ, v20.0)"
18111,0.2562,-0.4613,5795,0.4181,county,0.2339,-0.5209,6591,0.4756,county,0.2107,-0.5698,6601,0.4763,county,-0.0222,0.1374,-0.0232,0.0015,"MEDSL county presidential returns (doi:10.7910/DVN/VOQCHQ, v20.0)"
18113,0.2425,-0.4911,16890,0.3562,county,0.2471,-0.4969,19190,0.4047,county,0.239,-0.514,18964,0.3999,county,0.0047,0.1362,-0.0082,-0.0118,"MEDSL county presidential returns (doi:10.7910/DVN/VOQCHQ, v20.0)"
18115,0.2447,-0.4902,2921,0.4874,county,0.2454,-0.4507,3075,0.5131,county,0.2186,-0.5548,3091,0.5158,county,0.0008,0.0527,-0.0268,0.0052,"MEDSL county presidential returns (doi:10.7910/DVN/VOQCHQ, v20.0)"
18117,0.2609,-0.4584,8192,0.4149,county,0.2569,-0.4764,8832,0.4473,county,0.2351,-0.5211,8595,0.4353,county,-0.0039,0.0781,-0.0218,-0.0268,"MEDSL county presidential returns (doi:10.7910/DVN/VOQCHQ, v20.0)"
18119,0.2403,-0.4916,8557,0.3992,county,0.2493,-0.4913,9904,0.4621,county,0.2423,-0.5069,9876,0.4608,county,0.0091,0.1574,-0.007,-0.0028,"MEDSL county presidential returns (doi:10.7910/DVN/VOQCHQ, v20.0)"
18121,0.2286,-0.5199,6582,0.4027,county,0.2177,-0.5557,7013,0.429,county,0.21,-0.5691,6654,0.4071,county,-0.0109,0.0655,-0.0077,-0.0512,"MEDSL county presidential returns (doi:10.7910/DVN/VOQCHQ, v20.0)"
18123,0.4019,-0.1855,8055,0.4191,county,0.3747,-0.2456,8722,0.4538,county,0.3486,-0.2976,8666,0.4509,county,-0.0272,0.0828,-0.0261,-0.0064,"MEDSL county presidential returns (doi:10.7910/DVN/VOQCHQ, v20.0)"
18125,0.2277,-0.5188,5977,0.4904,county,0.2317,-0.5268,6220,0.5104,county,0.2218,-0.5485,6009,0.4931,county,0.004,0.0407,-0.0099,-0.0339,"MEDSL county presidential returns (doi:10.7910/DVN/VOQCHQ, v20.0)"
18127,0.4644,-0.0668,77190,0.4432,county,0.469,-0.0608,86509,0.4967,county,0.4466,-0.1047,84969,0.4879,county,0.0045,0.1207,-0.0223,-0.0178,"MEDSL county presidential returns (doi:10.7910/DVN/VOQCHQ, v20.0)"
18129,0.2953,-0.3917,12467,0.4954,county,0.2928,-0.4076,13236,0.526,county,0.2795,-0.4341,12978,0.5158,county,-0.0025,0.0617,-0.0132,-0.0195,"MEDSL county presidential returns (doi:10.7910/DVN/VOQCHQ, v20.0)"
18131,0.2561,-0.4629,5459,0.4388,county,0.2563,-0.4793,5806,0.4667,county,0.2265,-0.5365,5763,0.4632,county,0.0001,0.0636,-0.0298,-0.0074,"MEDSL county presidential returns (doi:10.7910/DVN/VOQCHQ, v20.0)"
18133,0.2398,-0.4948,14715,0.3967,county,0.2432,-0.502,16597,0.4475,county,0.2355,-0.5196,16734,0.4512,county,0.0034,0.1279,-0.0077,0.0083,"MEDSL county presidential returns (doi:10.7910/DVN/VOQCHQ, v20.0)"
18135,0.2455,-0.4849,10458,0.4282,county,0.2321,-0.5238,11070,0.4532,county,0.2268,-0.5362,10553,0.4321,county,-0.0134,0.0585,-0.0053,-0.0467,"MEDSL county presidential returns (doi:10.7910/DVN/VOQCHQ, v20.0)"
18137,0.2013,-0.5726,12810,0.4411,county,0.1976,-0.5947,14271,0.4914,county,0.1888,-0.614,14405,0.4961,county,-0.0036,0.1141,-0.0089,0.0094,"MEDSL county presidential returns (doi:10.7910/DVN/VOQCHQ, v20.0)"
18139,0.2237,-0.5222,7214,0.4311,county,0.2252,-0.5397,7932,0.474,county,0.2237,-0.5404,7656,0.4575,county,0.0015,0.0995,-0.0015,-0.0348,"MEDSL county presidential returns (doi:10.7910/DVN/VOQCHQ, v20.0)"
18141,0.5011,0.0021,110060,0.4038,county,0.5298,0.0584,115238,0.4228,county,0.5075,0.0147,110823,0.4066,county,0.0287,0.047,-0.0223,-0.0383,"MEDSL county presidential returns (doi:10.7910/DVN/VOQCHQ, v20.0)"
18143,0.3031,-0.3771,9101,0.372,county,0.2692,-0.4554,10167,0.4155,county,0.2384,-0.5148,10187,0.4163,county,-0.0339,0.1171,-0.0309,0.002,"MEDSL county presidential returns (doi:10.7910/DVN/VOQCHQ, v20.0)"
18145,0.2503,-0.4708,17994,0.3989,county,0.2564,-0.4775,19991,0.4432,county,0.2555,-0.4801,19754,0.438,county,0.0061,0.111,-0.0009,-0.0119,"MEDSL county presidential returns (doi:10.7910/DVN/VOQCHQ, v20.0)"
18147,0.3033,-0.3719,9979,0.5022,county,0.304,-0.3848,10769,0.5419,county,0.2792,-0.432,10442,0.5255,county,0.0007,0.0792,-0.0247,-0.0304,"MEDSL county presidential returns (doi:10.7910/DVN/VOQCHQ, v20.0)"
18149,0.2811,-0.4203,9226,0.396,county,0.262,-0.468,10290,0.4416,county,0.2359,-0.5204,10478,0.4497,county,-0.0191,0.1153,-0.026,0.0183,"MEDSL county presidential returns (doi:10.7910/DVN/VOQCHQ, v20.0)"
18151,0.2698,-0.4386,14566,0.4204,county,0.2849,-0.4216,16162,0.4665,county,0.2859,-0.421,16364,0.4723,county,0.0151,0.1096,0.0009,0.0125,"MEDSL county presidential returns (doi:10.7910/DVN/VOQCHQ, v20.0)"
18153,0.2561,-0.4703,8559,0.4122,county,0.2434,-0.5046,8994,0.4331,county,0.232,-0.5268,8795,0.4235,county,-0.0126,0.0508,-0.0114,-0.0221,"MEDSL county presidential returns (doi:10.7910/DVN/VOQCHQ, v20.0)"
18155,0.2666,-0.4401,3699,0.3731,county,0.2353,-0.5221,4154,0.419,county,0.2083,-0.5744,4258,0.4295,county,-0.0313,0.123,-0.027,0.025,"MEDSL county presidential returns (doi:10.7910/DVN/VOQCHQ, v20.0)"
18157,0.47,-0.0558,62515,0.3336,county,0.5031,0.0061,71448,0.3813,county,0.4992,-0.0015,66906,0.357,county,0.0332,0.1429,-0.0039,-0.0636,"MEDSL county presidential returns (doi:10.7910/DVN/VOQCHQ, v20.0)"
18159,0.2212,-0.5329,7510,0.4899,county,0.2309,-0.5269,8116,0.5295,county,0.2415,-0.5081,7976,0.5203,county,0.0097,0.0807,0.0106,-0.0172,"MEDSL county presidential returns (doi:10.7910/DVN/VOQCHQ, v20.0)"
18161,0.2263,-0.5257,3291,0.4683,county,0.215,-0.5604,3483,0.4956,county,0.2166,-0.5587,3494,0.4972,county,-0.0113,0.0583,0.0017,0.0032,"MEDSL county presidential returns (doi:10.7910/DVN/VOQCHQ, v20.0)"
18163,0.4133,-0.165,72507,0.403,county,0.4513,-0.0957,77662,0.4317,county,0.4359,-0.1264,73832,0.4104,county,0.038,0.0711,-0.0154,-0.0493,"MEDSL county presidential returns (doi:10.7910/DVN/VOQCHQ, v20.0)"
18165,0.3156,-0.3505,6939,0.4491,county,0.2927,-0.4062,7481,0.4841,county,0.2715,-0.4474,7256,0.4696,county,-0.0229,0.0781,-0.0212,-0.0301,"MEDSL county presidential returns (doi:10.7910/DVN/VOQCHQ, v20.0)"
18167,0.4207,-0.1508,39818,0.3749,county,0.4247,-0.1473,43594,0.4105,county,0.4077,-0.1809,40914,0.3853,county,0.004,0.0948,-0.0171,-0.0615,"MEDSL county presidential returns (doi:10.7910/DVN/VOQCHQ, v20.0)"
18169,0.2351,-0.5051,13468,0.4358,county,0.2451,-0.4986,14576,0.4717,county,0.2424,-0.5078,13961,0.4518,county,0.01,0.0823,-0.0027,-0.0422,"MEDSL county presidential returns (doi:10.7910/DVN/VOQCHQ, v20.0)"
18171,0.2245,-0.5239,3930,0.464,county,0.2226,-0.5427,4472,0.528,county,0.2088,-0.573,4370,0.516,county,-0.0019,0.1379,-0.0138,-0.0228,"MEDSL county presidential returns (doi:10.7910/DVN/VOQCHQ, v20.0)"
18173,0.3222,-0.3389,29589,0.4577,county,0.3586,-0.278,33829,0.5233,county,0.3467,-0.3017,33102,0.512,county,0.0364,0.1433,-0.0119,-0.0215,"MEDSL county presidential returns (doi:10.7910/DVN/VOQCHQ, v20.0)"
18175,0.2431,-0.4896,11382,0.4041,county,0.234,-0.5215,12139,0.431,county,0.2211,-0.5482,12723,0.4517,county,-0.0091,0.0665,-0.0129,0.0481,"MEDSL county presidential returns (doi:10.7910/DVN/VOQCHQ, v20.0)"
18177,0.3418,-0.3013,25579,0.3854,county,0.3516,-0.2906,27679,0.417,county,0.335,-0.3242,26827,0.4042,county,0.0098,0.0821,-0.0166,-0.0308,"MEDSL county presidential returns (doi:10.7910/DVN/VOQCHQ, v20.0)"
18179,0.2054,-0.5627,13185,0.4665,county,0.2124,-0.5642,14050,0.4972,county,0.2057,-0.578,14110,0.4993,county,0.0071,0.0656,-0.0067,0.0043,"MEDSL county presidential returns (doi:10.7910/DVN/VOQCHQ, v20.0)"
18181,0.2731,-0.428,10053,0.4069,county,0.2759,-0.4411,11166,0.4519,county,0.2698,-0.4501,11163,0.4518,county,0.0028,0.1107,-0.0061,-0.0003,"MEDSL county presidential returns (doi:10.7910/DVN/VOQCHQ, v20.0)"
18183,0.2293,-0.5107,15623,0.4543,county,0.2477,-0.4915,17556,0.5105,county,0.2457,-0.4987,17740,0.5159,county,0.0184,0.1237,-0.0019,0.0105,"MEDSL county presidential returns (doi:10.7910/DVN/VOQCHQ, v20.0)"
19001,0.3152,-0.3485,3811,0.5101,county,0.2908,-0.4127,4177,0.5591,county,0.2714,-0.4459,4104,0.5493,county,-0.0245,0.096,-0.0194,-0.0175,"MEDSL county presidential returns (doi:10.7910/DVN/VOQCHQ, v20.0)"
19003,0.2883,-0.3941,2106,0.5784,county,0.2776,-0.4375,2160,0.5932,county,0.2752,-0.4371,2153,0.5913,county,-0.0106,0.0256,-0.0024,-0.0032,"MEDSL county presidential returns (doi:10.7910/DVN/VOQCHQ, v20.0)"
19005,0.3717,-0.2415,6923,0.4932,county,0.3519,-0.2921,7422,0.5287,county,0.3261,-0.3383,7410,0.5279,county,-0.0197,0.0721,-0.0258,-0.0016,"MEDSL county presidential returns (doi:10.7910/DVN/VOQCHQ, v20.0)"
19007,0.3102,-0.3616,6136,0.5012,county,0.2949,-0.4038,6516,0.5323,county,0.2638,-0.4618,6535,0.5338,county,-0.0154,0.0619,-0.031,0.0029,"MEDSL county presidential returns (doi:10.7910/DVN/VOQCHQ, v20.0)"
19009,0.3358,-0.3095,3412,0.6069,county,0.3178,-0.3591,3420,0.6083,county,0.3046,-0.3786,3286,0.5845,county,-0.018,0.0023,-0.0132,-0.0392,"MEDSL county presidential returns (doi:10.7910/DVN/VOQCHQ, v20.0)"
19011,0.3624,-0.2567,13844,0.5387,county,0.3591,-0.2765,14642,0.5698,county,0.3317,-0.3296,14593,0.5679,county,-0.0032,0.0576,-0.0275,-0.0033,"MEDSL county presidential returns (doi:10.7910/DVN/VOQCHQ, v20.0)"
19013,0.5398,0.0739,64405,0.4928,county,0.5446,0.0876,66593,0.5095,county,0.5059,0.0115,63279,0.4842,county,0.0047,0.034,-0.0387,-0.0498,"MEDSL county presidential returns (doi:10.7910/DVN/VOQCHQ, v20.0)"
19015,0.4254,-0.1369,14196,0.5323,county,0.4193,-0.1581,15340,0.5752,county,0.3906,-0.2129,15520,0.5819,county,-0.0061,0.0806,-0.0288,0.0117,"MEDSL county presidential returns (doi:10.7910/DVN/VOQCHQ, v20.0)"
19017,0.4263,-0.1368,13538,0.539,county,0.4172,-0.1627,14546,0.5791,county,0.3877,-0.22,14673,0.5842,county,-0.0091,0.0745,-0.0295,0.0087,"MEDSL county presidential returns (doi:10.7910/DVN/VOQCHQ, v20.0)"
19019,0.4188,-0.1502,10252,0.4966,county,0.3933,-0.2099,10774,0.5219,county,0.3568,-0.2786,10856,0.5258,county,-0.0254,0.0509,-0.0366,0.0076,"MEDSL county presidential returns (doi:10.7910/DVN/VOQCHQ, v20.0)"
19021,0.3681,-0.2473,8278,0.4002,county,0.3685,-0.2587,8167,0.3948,county,0.3316,-0.3293,7593,0.3671,county,0.0004,-0.0134,-0.0369,-0.0703,"MEDSL county presidential returns (doi:10.7910/DVN/VOQCHQ, v20.0)"
19023,0.3047,-0.3679,7513,0.5253,county,0.3038,-0.3868,8098,0.5663,county,0.2704,-0.4493,8102,0.5665,county,-0.001,0.0779,-0.0333,0.0005,"MEDSL county presidential returns (doi:10.7910/DVN/VOQCHQ, v20.0)"
19025,0.2873,-0.4012,5159,0.5233,county,0.2844,-0.4237,5258,0.5334,county,0.2637,-0.4648,5121,0.5195,county,-0.0029,0.0192,-0.0207,-0.0261,"MEDSL county presidential returns (doi:10.7910/DVN/VOQCHQ, v20.0)"
19027,0.3327,-0.3157,10544,0.5099,county,0.3078,-0.3804,11335,0.5482,county,0.2875,-0.4158,11209,0.5421,county,-0.0248,0.075,-0.0203,-0.0111,"MEDSL county presidential returns (doi:10.7910/DVN/VOQCHQ, v20.0)"
19029,0.2907,-0.3944,7125,0.5433,county,0.3065,-0.3818,7276,0.5548,county,0.2932,-0.4018,7292,0.556,county,0.0159,0.0212,-0.0134,0.0022,"MEDSL county presidential returns (doi:10.7910/DVN/VOQCHQ, v20.0)"
19031,0.4047,-0.1778,9541,0.5178,county,0.4122,-0.1726,10703,0.5808,county,0.3894,-0.2162,10709,0.5812,county,0.0076,0.1218,-0.0228,0.0006,"MEDSL county presidential returns (doi:10.7910/DVN/VOQCHQ, v20.0)"
19033,0.4591,-0.0766,22965,0.5368,county,0.4668,-0.0655,23801,0.5563,county,0.4408,-0.1154,23152,0.5411,county,0.0077,0.0364,-0.0259,-0.0273,"MEDSL county presidential returns (doi:10.7910/DVN/VOQCHQ, v20.0)"
19035,0.286,-0.4016,6258,0.5401,county,0.3003,-0.3949,6518,0.5625,county,0.2681,-0.4537,6143,0.5302,county,0.0144,0.0415,-0.0322,-0.0575,"MEDSL county presidential returns (doi:10.7910/DVN/VOQCHQ, v20.0)"
19037,0.3772,-0.2294,6435,0.5422,county,0.3407,-0.315,6631,0.5587,county,0.3119,-0.3688,6277,0.5289,county,-0.0365,0.0305,-0.0288,-0.0534,"MEDSL county presidential returns (doi:10.7910/DVN/VOQCHQ, v20.0)"
19039,0.3506,-0.2802,4454,0.4596,county,0.3174,-0.3612,4670,0.4819,county,0.2872,-0.4119,4552,0.4698,county,-0.0333,0.0485,-0.0302,-0.0253,"MEDSL county presidential returns (doi:10.7910/DVN/VOQCHQ, v20.0)"
19041,0.2768,-0.421,8617,0.524,county,0.3018,-0.3898,8969,0.5454,county,0.2813,-0.4275,8609,0.5235,county,0.025,0.0408,-0.0205,-0.0401,"MEDSL county presidential returns (doi:10.7910/DVN/VOQCHQ, v20.0)"
19043,0.3784,-0.2278,9129,0.5348,county,0.3531,-0.2897,9594,0.5621,county,0.3254,-0.3422,9461,0.5543,county,-0.0253,0.0509,-0.0277,-0.0139,"MEDSL county presidential returns (doi:10.7910/DVN/VOQCHQ, v20.0)"
19045,0.4724,-0.0512,23067,0.4973,county,0.4464,-0.1052,24687,0.5322,county,0.4042,-0.187,24026,0.518,county,-0.026,0.0702,-0.0422,-0.0268,"MEDSL county presidential returns (doi:10.7910/DVN/VOQCHQ, v20.0)"
19047,0.3013,-0.3787,6935,0.4257,county,0.3135,-0.3693,7154,0.4392,county,0.2804,-0.4298,6605,0.4055,county,0.0122,0.0316,-0.0331,-0.0767,"MEDSL county presidential returns (doi:10.7910/DVN/VOQCHQ, v20.0)"
19049,0.4481,-0.0951,38252,0.3673,county,0.4883,-0.0229,56022,0.538,county,0.4759,-0.0469,63330,0.6081,county,0.0403,0.4646,-0.0124,0.1304,"MEDSL county presidential returns (doi:10.7910/DVN/VOQCHQ, v20.0)"
19051,0.2641,-0.4498,3882,0.4253,county,0.2502,-0.4929,4102,0.4494,county,0.2248,-0.5413,3970,0.435,county,-0.0138,0.0567,-0.0254,-0.0322,"MEDSL county presidential returns (doi:10.7910/DVN/VOQCHQ, v20.0)"
19053,0.3434,-0.2933,3734,0.4869,county,0.2996,-0.3938,3804,0.496,county,0.2609,-0.4672,3754,0.4895,county,-0.0438,0.0187,-0.0387,-0.0131,"MEDSL county presidential returns (doi:10.7910/DVN/VOQCHQ, v20.0)"
19055,0.3418,-0.2962,9241,0.5266,county,0.3207,-0.353,10003,0.57,county,0.2989,-0.3923,10211,0.5819,county,-0.0211,0.0825,-0.0217,0.0208,"MEDSL county presidential returns (doi:10.7910/DVN/VOQCHQ, v20.0)"
19057,0.4629,-0.0689,19103,0.4949,county,0.4552,-0.0876,19956,0.517,county,0.4237,-0.1491,19171,0.4967,county,-0.0076,0.0447,-0.0316,-0.0393,"MEDSL county presidential returns (doi:10.7910/DVN/VOQCHQ, v20.0)"
19059,0.3116,-0.3571,10354,0.5803,county,0.3294,-0.3372,11244,0.6301,county,0.2978,-0.3956,11319,0.6343,county,0.0179,0.086,-0.0317,0.0067,"MEDSL county presidential returns (doi:10.7910/DVN/VOQCHQ, v20.0)"
19061,0.4934,-0.0123,49721,0.5025,county,0.484,-0.0315,53926,0.545,county,0.4565,-0.0852,53057,0.5362,county,-0.0095,0.0846,-0.0275,-0.0161,"MEDSL county presidential returns (doi:10.7910/DVN/VOQCHQ, v20.0)"
19063,0.3028,-0.3718,4753,0.5102,county,0.3175,-0.3602,4853,0.5209,county,0.2776,-0.4361,4831,0.5186,county,0.0146,0.021,-0.0399,-0.0045,"MEDSL county presidential returns (doi:10.7910/DVN/VOQCHQ, v20.0)"
19065,0.3963,-0.1936,9975,0.5144,county,0.3832,-0.2296,10186,0.5252,county,0.3452,-0.3013,9928,0.5119,county,-0.0131,0.0212,-0.038,-0.0253,"MEDSL county presidential returns (doi:10.7910/DVN/VOQCHQ, v20.0)"
19067,0.4208,-0.1484,8060,0.5199,county,0.4006,-0.1961,8032,0.5181,county,0.3697,-0.2547,7704,0.497,county,-0.0203,-0.0035,-0.0309,-0.0408,"MEDSL county presidential returns (doi:10.7910/DVN/VOQCHQ, v20.0)"
19069,0.3207,-0.3362,4968,0.4979,county,0.3214,-0.3522,5130,0.5142,county,0.2888,-0.412,4947,0.4958,county,0.0007,0.0326,-0.0326,-0.0357,"MEDSL county presidential returns (doi:10.7910/DVN/VOQCHQ, v20.0)"
19071,0.2858,-0.4017,3595,0.5472,county,0.2844,-0.4244,3857,0.5871,county,0.274,-0.4426,3814,0.5805,county,-0.0013,0.0729,-0.0105,-0.0111,"MEDSL county presidential returns (doi:10.7910/DVN/VOQCHQ, v20.0)"
19073,0.3749,-0.2342,4821,0.5527,county,0.3539,-0.2887,5057,0.5798,county,0.333,-0.3237,4968,0.5696,county,-0.0209,0.049,-0.021,-0.0176,"MEDSL county presidential returns (doi:10.7910/DVN/VOQCHQ, v20.0)"
19075,0.2908,-0.3887,6872,0.5563,county,0.3085,-0.3764,7276,0.5891,county,0.2877,-0.4136,7202,0.5831,county,0.0177,0.0588,-0.0208,-0.0102,"MEDSL county presidential returns (doi:10.7910/DVN/VOQCHQ, v20.0)"
19077,0.3231,-0.3297,5750,0.5401,county,0.3168,-0.3602,6371,0.5984,county,0.3075,-0.3742,6606,0.6205,county,-0.0063,0.108,-0.0094,0.0369,"MEDSL county presidential returns (doi:10.7910/DVN/VOQCHQ, v20.0)"
19079,0.3792,-0.2258,7694,0.5166,county,0.3633,-0.2693,7943,0.5333,county,0.3316,-0.33,7643,0.5132,county,-0.0159,0.0324,-0.0318,-0.0378,"MEDSL county presidential returns (doi:10.7910/DVN/VOQCHQ, v20.0)"
19081,0.2852,-0.4071,5871,0.5478,county,0.2766,-0.4404,6172,0.5759,county,0.2599,-0.4705,5979,0.5578,county,-0.0086,0.0513,-0.0167,-0.0313,"MEDSL county presidential returns (doi:10.7910/DVN/VOQCHQ, v20.0)"
19083,0.3466,-0.2891,8533,0.5101,county,0.3367,-0.3213,8989,0.5373,county,0.306,-0.3791,8538,0.5104,county,-0.0099,0.0534,-0.0306,-0.0502,"MEDSL county presidential returns (doi:10.7910/DVN/VOQCHQ, v20.0)"
19085,0.303,-0.3712,7465,0.5097,county,0.3042,-0.385,8155,0.5568,county,0.2874,-0.4143,8015,0.5473,county,0.0012,0.0924,-0.0168,-0.0172,"MEDSL county presidential returns (doi:10.7910/DVN/VOQCHQ, v20.0)"
19087,0.3344,-0.3057,9404,0.4649,county,0.3342,-0.3256,9982,0.4935,county,0.3175,-0.356,9673,0.4782,county,-0.0003,0.0615,-0.0167,-0.031,"MEDSL county presidential returns (doi:10.7910/DVN/VOQCHQ, v20.0)"
19089,0.3911,-0.2049,4559,0.482,county,0.3613,-0.2745,4958,0.5242,county,0.339,-0.3149,4884,0.5163,county,-0.0298,0.0875,-0.0223,-0.0149,"MEDSL county presidential returns (doi:10.7910/DVN/VOQCHQ, v20.0)"
19091,0.2598,-0.4553,5087,0.5314,county,0.2738,-0.4473,5327,0.5565,county,0.2469,-0.4935,5135,0.5364,county,0.014,0.0472,-0.0269,-0.036,"MEDSL county presidential returns (doi:10.7910/DVN/VOQCHQ, v20.0)"
19093,0.2298,-0.5158,3612,0.5202,county,0.2412,-0.5113,3849,0.5543,county,0.2296,-0.5298,3671,0.5287,county,0.0114,0.0656,-0.0116,-0.0462,"MEDSL county presidential returns (doi:10.7910/DVN/VOQCHQ, v20.0)"
19095,0.3721,-0.2382,8904,0.5381,county,0.3702,-0.2554,9742,0.5887,county,0.3591,-0.2749,9704,0.5865,county,-0.0019,0.0941,-0.0111,-0.0039,"MEDSL county presidential returns (doi:10.7910/DVN/VOQCHQ, v20.0)"
19097,0.3972,-0.1927,10310,0.5307,county,0.3667,-0.263,11135,0.5731,county,0.3352,-0.3233,10849,0.5584,county,-0.0304,0.08,-0.0315,-0.0257,"MEDSL county presidential returns (doi:10.7910/DVN/VOQCHQ, v20.0)"
19099,0.4023,-0.1813,19034,0.5027,county,0.3895,-0.2174,20184,0.5331,county,0.3599,-0.2738,20306,0.5363,county,-0.0128,0.0604,-0.0296,0.006,"MEDSL county presidential returns (doi:10.7910/DVN/VOQCHQ, v20.0)"
19101,0.4975,-0.0047,8156,0.5203,county,0.4911,-0.0175,8959,0.5715,county,0.4653,-0.0668,8454,0.5393,county,-0.0064,0.0985,-0.0258,-0.0564,"MEDSL county presidential returns (doi:10.7910/DVN/VOQCHQ, v20.0)"
19103,0.7046,0.3789,76940,0.4968,county,0.7183,0.429,83851,0.5414,county,0.6929,0.3761,87107,0.5624,county,0.0137,0.0898,-0.0255,0.0388,"MEDSL county presidential returns (doi:10.7910/DVN/VOQCHQ, v20.0)"
19105,0.3983,-0.1908,10133,0.4872,county,0.3898,-0.2169,10989,0.5283,county,0.3663,-0.2604,11054,0.5315,county,-0.0086,0.0845,-0.0235,0.0059,"MEDSL county presidential returns (doi:10.7910/DVN/VOQCHQ, v20.0)"
19107,0.2836,-0.4108,4985,0.5003,county,0.2707,-0.4516,5303,0.5322,county,0.2396,-0.5114,5182,0.5201,county,-0.0129,0.0638,-0.0311,-0.0228,"MEDSL county presidential returns (doi:10.7910/DVN/VOQCHQ, v20.0)"
19109,0.3103,-0.3613,8607,0.5891,county,0.3001,-0.3952,9090,0.6222,county,0.2763,-0.4378,8450,0.5784,county,-0.0102,0.0561,-0.0238,-0.0704,"MEDSL county presidential returns (doi:10.7910/DVN/VOQCHQ, v20.0)"
19111,0.4138,-0.1602,16151,0.4868,county,0.4001,-0.1952,16734,0.5044,county,0.3579,-0.2755,16311,0.4917,county,-0.0138,0.0361,-0.0422,-0.0253,"MEDSL county presidential returns (doi:10.7910/DVN/VOQCHQ, v20.0)"
19113,0.5491,0.0901,117098,0.5103,county,0.5687,0.1344,127458,0.5555,county,0.5503,0.0979,123750,0.5393,county,0.0196,0.0885,-0.0185,-0.0291,"MEDSL county presidential returns (doi:10.7910/DVN/VOQCHQ, v20.0)"
19115,0.3494,-0.2837,5008,0.4676,county,0.3299,-0.3338,5332,0.4979,county,0.2923,-0.4063,5178,0.4835,county,-0.0195,0.0647,-0.0376,-0.0289,"MEDSL county presidential returns (doi:10.7910/DVN/VOQCHQ, v20.0)"
19117,0.301,-0.3762,4354,0.5013,county,0.2804,-0.4343,4630,0.5331,county,0.2559,-0.4771,4676,0.5384,county,-0.0206,0.0634,-0.0246,0.0099,"MEDSL county presidential returns (doi:10.7910/DVN/VOQCHQ, v20.0)"
19119,0.1505,-0.6699,6377,0.5276,county,0.1573,-0.6777,6863,0.5678,county,0.1478,-0.692,7046,0.5829,county,0.0067,0.0762,-0.0095,0.0267,"MEDSL county presidential returns (doi:10.7910/DVN/VOQCHQ, v20.0)"
19121,0.3332,-0.3106,8636,0.5153,county,0.3245,-0.3452,9824,0.5862,county,0.3047,-0.3811,10117,0.6036,county,-0.0087,0.1376,-0.0198,0.0298,"MEDSL county presidential returns (doi:10.7910/DVN/VOQCHQ, v20.0)"
19123,0.2606,-0.4527,10632,0.4823,county,0.2581,-0.4758,11404,0.5173,county,0.239,-0.511,11017,0.4998,county,-0.0025,0.0726,-0.0191,-0.0339,"MEDSL county presidential returns (doi:10.7910/DVN/VOQCHQ, v20.0)"
19125,0.3334,-0.3076,17816,0.531,county,0.3269,-0.3403,19232,0.5732,county,0.3085,-0.3744,19661,0.586,county,-0.0065,0.0795,-0.0184,0.0223,"MEDSL county presidential returns (doi:10.7910/DVN/VOQCHQ, v20.0)"
19127,0.4555,-0.0831,17980,0.4498,county,0.4597,-0.0791,18136,0.4537,county,0.4209,-0.154,17406,0.4355,county,0.0042,0.0087,-0.0388,-0.0403,"MEDSL county presidential returns (doi:10.7910/DVN/VOQCHQ, v20.0)"
19129,0.292,-0.3867,7698,0.5286,county,0.3087,-0.3759,8268,0.5677,county,0.3022,-0.386,8329,0.5719,county,0.0167,0.074,-0.0065,0.0074,"MEDSL county presidential returns (doi:10.7910/DVN/VOQCHQ, v20.0)"
19131,0.3718,-0.2404,5417,0.5136,county,0.3579,-0.2801,5822,0.552,county,0.3421,-0.3094,5796,0.5495,county,-0.0139,0.0748,-0.0157,-0.0045,"MEDSL county presidential returns (doi:10.7910/DVN/VOQCHQ, v20.0)"
19133,0.2856,-0.4097,4572,0.5305,county,0.3013,-0.3923,4728,0.5486,county,0.2706,-0.4487,4669,0.5417,county,0.0158,0.0341,-0.0307,-0.0125,"MEDSL county presidential returns (doi:10.7910/DVN/VOQCHQ, v20.0)"
19135,0.2859,-0.4093,3865,0.5122,county,0.2658,-0.4648,4088,0.5417,county,0.244,-0.5023,4185,0.5546,county,-0.0201,0.0577,-0.0217,0.0237,"MEDSL county presidential returns (doi:10.7910/DVN/VOQCHQ, v20.0)"
19137,0.2766,-0.4207,5044,0.4919,county,0.3016,-0.391,5327,0.5195,county,0.302,-0.3875,5105,0.4979,county,0.0249,0.0561,0.0004,-0.0417,"MEDSL county presidential returns (doi:10.7910/DVN/VOQCHQ, v20.0)"
19139,0.4661,-0.0626,19434,0.4548,county,0.4631,-0.0722,20671,0.4837,county,0.4241,-0.1479,19873,0.465,county,-0.003,0.0637,-0.039,-0.0386,"MEDSL county presidential returns (doi:10.7910/DVN/VOQCHQ, v20.0)"
19141,0.1861,-0.5991,7406,0.5251,county,0.2109,-0.5697,7551,0.5354,county,0.1923,-0.6038,7569,0.5367,county,0.0248,0.0196,-0.0186,0.0024,"MEDSL county presidential returns (doi:10.7910/DVN/VOQCHQ, v20.0)"
19143,0.179,-0.6159,3213,0.5255,county,0.1823,-0.6292,3328,0.5443,county,0.1746,-0.6373,3245,0.5307,county,0.0033,0.0358,-0.0077,-0.0249,"MEDSL county presidential returns (doi:10.7910/DVN/VOQCHQ, v20.0)"
19145,0.2697,-0.4381,7044,0.4644,county,0.2814,-0.4307,7528,0.4963,county,0.2856,-0.4169,7419,0.4891,county,0.0117,0.0687,0.0042,-0.0145,"MEDSL county presidential returns (doi:10.7910/DVN/VOQCHQ, v20.0)"
19147,0.3121,-0.3579,4703,0.5283,county,0.3102,-0.3749,4958,0.557,county,0.2723,-0.4464,5013,0.5631,county,-0.0019,0.0542,-0.0379,0.0111,"MEDSL county presidential returns (doi:10.7910/DVN/VOQCHQ, v20.0)"
19149,0.2296,-0.5152,13190,0.5132,county,0.2494,-0.4949,14188,0.5521,county,0.2255,-0.5366,14084,0.548,county,0.0198,0.0757,-0.0239,-0.0073,"MEDSL county presidential returns (doi:10.7910/DVN/VOQCHQ, v20.0)"
19151,0.2628,-0.4499,3865,0.549,county,0.2478,-0.4967,3823,0.543,county,0.2259,-0.5364,3600,0.5114,county,-0.0149,-0.0109,-0.0219,-0.0583,"MEDSL county presidential returns (doi:10.7910/DVN/VOQCHQ, v20.0)"
19153,0.5617,0.1136,231555,0.4655,county,0.5762,0.1495,258755,0.5202,county,0.5552,0.1079,258067,0.5188,county,0.0145,0.1175,-0.0211,-0.0027,"MEDSL county presidential returns (doi:10.7910/DVN/VOQCHQ, v20.0)"
19155,0.3858,-0.213,42680,0.4569,county,0.4134,-0.17,45744,0.4897,county,0.3988,-0.1981,44766,0.4793,county,0.0277,0.0718,-0.0147,-0.0214,"MEDSL county presidential returns (doi:10.7910/DVN/VOQCHQ, v20.0)"
19157,0.4653,-0.0653,9833,0.5292,county,0.4315,-0.1348,10140,0.5457,county,0.4139,-0.1679,10069,0.5419,county,-0.0338,0.0312,-0.0176,-0.007,"MEDSL county presidential returns (doi:10.7910/DVN/VOQCHQ, v20.0)"
19159,0.2922,-0.3956,2707,0.5804,county,0.2643,-0.4661,2714,0.5819,county,0.2405,-0.5079,2711,0.5813,county,-0.0279,0.0026,-0.0238,-0.0011,"MEDSL county presidential returns (doi:10.7910/DVN/VOQCHQ, v20.0)"
19161,0.2554,-0.4668,5212,0.5341,county,0.2545,-0.4842,5535,0.5672,county,0.2392,-0.5113,5498,0.5634,county,-0.0009,0.062,-0.0153,-0.0067,"MEDSL county presidential returns (doi:10.7910/DVN/VOQCHQ, v20.0)"
19163,0.5081,0.015,86220,0.4947,county,0.5163,0.0321,92599,0.5313,county,0.4802,-0.0386,90612,0.5199,county,0.0082,0.074,-0.0361,-0.0215,"MEDSL county presidential returns (doi:10.7910/DVN/VOQCHQ, v20.0)"
19165,0.2759,-0.4239,6370,0.5418,county,0.2937,-0.405,6795,0.578,county,0.2825,-0.4263,6543,0.5565,county,0.0178,0.0667,-0.0112,-0.0371,"MEDSL county presidential returns (doi:10.7910/DVN/VOQCHQ, v20.0)"
19167,0.1346,-0.6862,18194,0.5056,county,0.1606,-0.6696,19051,0.5294,county,0.1406,-0.7022,19120,0.5313,county,0.026,0.0471,-0.0201,0.0036,"MEDSL county presidential returns (doi:10.7910/DVN/VOQCHQ, v20.0)"
19169,0.5692,0.1234,50667,0.5139,county,0.5868,0.1692,51038,0.5177,county,0.5527,0.1024,49818,0.5053,county,0.0176,0.0073,-0.0342,-0.0239,"MEDSL county presidential returns (doi:10.7910/DVN/VOQCHQ, v20.0)"
19171,0.3913,-0.2028,8752,0.5154,county,0.4018,-0.1932,9048,0.5328,county,0.3634,-0.2659,8685,0.5114,county,0.0105,0.0338,-0.0385,-0.0401,"MEDSL county presidential returns (doi:10.7910/DVN/VOQCHQ, v20.0)"
19173,0.2642,-0.4467,3029,0.5133,county,0.232,-0.5306,3249,0.5506,county,0.2186,-0.5529,3102,0.5257,county,-0.0322,0.0726,-0.0134,-0.0452,"MEDSL county presidential returns (doi:10.7910/DVN/VOQCHQ, v20.0)"
19175,0.3529,-0.2749,5832,0.4845,county,0.3387,-0.3174,6185,0.5138,county,0.3167,-0.3592,6041,0.5018,county,-0.0142,0.0605,-0.022,-0.0233,"MEDSL county presidential returns (doi:10.7910/DVN/VOQCHQ, v20.0)"
19177,0.2506,-0.4723,3561,0.4921,county,0.2336,-0.5262,3791,0.5239,county,0.2184,-0.5491,3655,0.5051,county,-0.0169,0.0646,-0.0153,-0.0359,"MEDSL county presidential returns (doi:10.7910/DVN/VOQCHQ, v20.0)"
19179,0.3909,-0.206,15149,0.4296,county,0.379,-0.2376,15633,0.4433,county,0.3406,-0.3118,14697,0.4168,county,-0.0119,0.0319,-0.0385,-0.0599,"MEDSL county presidential returns (doi:10.7910/DVN/VOQCHQ, v20.0)"
19181,0.4127,-0.1613,27300,0.5104,county,0.413,-0.1706,31039,0.5803,county,0.3948,-0.2045,33123,0.6193,county,0.0003,0.137,-0.0182,0.0671,"MEDSL county presidential returns (doi:10.7910/DVN/VOQCHQ, v20.0)"
19183,0.3898,-0.204,10929,0.4849,county,0.3948,-0.2065,11765,0.522,county,0.3764,-0.2418,11673,0.5179,county,0.005,0.0765,-0.0184,-0.0078,"MEDSL county presidential returns (doi:10.7910/DVN/VOQCHQ, v20.0)"
19185,0.2579,-0.4592,2940,0.4511,county,0.2367,-0.5201,3109,0.477,county,0.2095,-0.5639,3162,0.4851,county,-0.0212,0.0575,-0.0272,0.017,"MEDSL county presidential returns (doi:10.7910/DVN/VOQCHQ, v20.0)"
19187,0.3854,-0.2152,17430,0.473,county,0.3761,-0.2445,17822,0.4837,county,0.3421,-0.3096,16825,0.4566,county,-0.0093,0.0225,-0.034,-0.0559,"MEDSL county presidential returns (doi:10.7910/DVN/VOQCHQ, v20.0)"
19189,0.3591,-0.262,5787,0.5435,county,0.3643,-0.2665,5970,0.5607,county,0.3443,-0.3047,5668,0.5323,county,0.0052,0.0316,-0.02,-0.0506,"MEDSL county presidential returns (doi:10.7910/DVN/VOQCHQ, v20.0)"
19191,0.4958,-0.0079,11362,0.5689,county,0.4728,-0.0535,12064,0.604,county,0.4529,-0.0916,12079,0.6048,county,-0.0229,0.0618,-0.0199,0.0012,"MEDSL county presidential returns (doi:10.7910/DVN/VOQCHQ, v20.0)"
19193,0.396,-0.1948,43718,0.4134,county,0.4191,-0.1592,45362,0.4289,county,0.3834,-0.2272,43247,0.4089,county,0.0231,0.0376,-0.0357,-0.0466,"MEDSL county presidential returns (doi:10.7910/DVN/VOQCHQ, v20.0)"
19195,0.3841,-0.2168,4257,0.5768,county,0.3679,-0.2594,4418,0.5986,county,0.3571,-0.2799,4313,0.5844,county,-0.0162,0.0378,-0.0108,-0.0238,"MEDSL county presidential returns (doi:10.7910/DVN/VOQCHQ, v20.0)"
19197,0.3329,-0.316,6026,0.4702,county,0.3249,-0.3441,6254,0.4879,county,0.3148,-0.3609,5772,0.4503,county,-0.008,0.0378,-0.0101,-0.0771,"MEDSL county presidential returns (doi:10.7910/DVN/VOQCHQ, v20.0)"
20001,0.2819,-0.4067,5454,0.4366,county,0.2713,-0.4494,5892,0.4717,county,0.264,-0.4614,5600,0.4483,county,-0.0106,0.0803,-0.0073,-0.0496,"MEDSL county presidential returns (doi:10.7910/DVN/VOQCHQ, v20.0)"
20003,0.2163,-0.5263,3350,0.4284,county,0.2107,-0.5662,3792,0.485,county,0.1962,-0.5977,3791,0.4848,county,-0.0056,0.1319,-0.0145,-0.0003,"MEDSL county presidential returns (doi:10.7910/DVN/VOQCHQ, v20.0)"
20005,0.3294,-0.3133,6575,0.4056,county,0.3247,-0.3423,7440,0.4589,county,0.3095,-0.3735,7255,0.4475,county,-0.0047,0.1316,-0.0152,-0.0249,"MEDSL county presidential returns (doi:10.7910/DVN/VOQCHQ, v20.0)"
20007,0.1339,-0.6945,2252,0.5423,county,0.1262,-0.7357,2342,0.5639,county,0.1345,-0.7217,2170,0.5225,county,-0.0076,0.04,0.0082,-0.0734,"MEDSL county presidential returns (doi:10.7910/DVN/VOQCHQ, v20.0)"
20009,0.1891,-0.5891,10269,0.4063,county,0.2137,-0.5632,11130,0.4404,county,0.212,-0.5675,10570,0.4182,county,0.0247,0.0838,-0.0018,-0.0503,"MEDSL county presidential returns (doi:10.7910/DVN/VOQCHQ, v20.0)"
20011,0.2319,-0.5068,6093,0.4236,county,0.2348,-0.5216,6676,0.4641,county,0.224,-0.5415,6572,0.4569,county,0.0028,0.0957,-0.0108,-0.0156,"MEDSL county presidential returns (doi:10.7910/DVN/VOQCHQ, v20.0)"
20013,0.229,-0.5062,4036,0.4287,county,0.2529,-0.4827,4471,0.4749,county,0.2553,-0.4793,4258,0.4523,county,0.0239,0.1078,0.0025,-0.0476,"MEDSL county presidential returns (doi:10.7910/DVN/VOQCHQ, v20.0)"
20015,0.2563,-0.452,27657,0.4072,county,0.2886,-0.4137,32520,0.4788,county,0.2898,-0.4118,32236,0.4746,county,0.0323,0.1758,0.0012,-0.0087,"MEDSL county presidential returns (doi:10.7910/DVN/VOQCHQ, v20.0)"
20017,0.2459,-0.477,1369,0.5308,county,0.235,-0.5218,1491,0.5781,county,0.242,-0.5075,1462,0.5669,county,-0.0109,0.0891,0.007,-0.0195,"MEDSL county presidential returns (doi:10.7910/DVN/VOQCHQ, v20.0)"
20019,0.1375,-0.7016,1481,0.4395,county,0.1314,-0.7261,1639,0.4864,county,0.1397,-0.7125,1527,0.4531,county,-0.0061,0.1067,0.0084,-0.0683,"MEDSL county presidential returns (doi:10.7910/DVN/VOQCHQ, v20.0)"
20021,0.2449,-0.4846,8620,0.4481,county,0.2449,-0.5009,9128,0.4745,county,0.2303,-0.5293,8717,0.4532,county,-0.0,0.0589,-0.0146,-0.045,"MEDSL county presidential returns (doi:10.7910/DVN/VOQCHQ, v20.0)"
20023,0.1337,-0.705,1407,0.5354,county,0.1592,-0.6711,1429,0.5438,county,0.1481,-0.6885,1422,0.5411,county,0.0255,0.0156,-0.0111,-0.0049,"MEDSL county presidential returns (doi:10.7910/DVN/VOQCHQ, v20.0)"
20025,0.127,-0.7015,1005,0.5058,county,0.1366,-0.7132,1067,0.537,county,0.1295,-0.7278,1014,0.5103,county,0.0096,0.0617,-0.0071,-0.0497,"MEDSL county presidential returns (doi:10.7910/DVN/VOQCHQ, v20.0)"
20027,0.1897,-0.5796,3820,0.4733,county,0.2196,-0.5459,4182,0.5182,county,0.2158,-0.5551,4113,0.5096,county,0.0299,0.0948,-0.0038,-0.0165,"MEDSL county presidential returns (doi:10.7910/DVN/VOQCHQ, v20.0)"
20029,0.2068,-0.5491,3930,0.438,county,0.221,-0.5447,4263,0.4751,county,0.1925,-0.6056,4047,0.451,county,0.0143,0.0847,-0.0286,-0.0507,"MEDSL county presidential returns (doi:10.7910/DVN/VOQCHQ, v20.0)"
20031,0.1925,-0.571,4068,0.4899,county,0.2165,-0.5531,4565,0.5497,county,0.217,-0.5568,4377,0.5271,county,0.024,0.1222,0.0005,-0.0412,"MEDSL county presidential returns (doi:10.7910/DVN/VOQCHQ, v20.0)"
20033,0.1248,-0.707,867,0.5145,county,0.1419,-0.6943,916,0.5436,county,0.1517,-0.6831,874,0.5187,county,0.017,0.0565,0.0098,-0.0459,"MEDSL county presidential returns (doi:10.7910/DVN/VOQCHQ, v20.0)"
20035,0.3004,-0.3739,12621,0.366,county,0.3068,-0.3783,14231,0.4126,county,0.2951,-0.4029,13505,0.3916,county,0.0064,0.1276,-0.0116,-0.051,"MEDSL county presidential returns (doi:10.7910/DVN/VOQCHQ, v20.0)"
20037,0.3761,-0.23,14891,0.3822,county,0.3809,-0.2323,16645,0.4272,county,0.3713,-0.2527,16334,0.4192,county,0.0047,0.1178,-0.0095,-0.0187,"MEDSL county presidential returns (doi:10.7910/DVN/VOQCHQ, v20.0)"
20039,0.1282,-0.7107,1452,0.5288,county,0.1475,-0.6956,1498,0.5455,county,0.1501,-0.6901,1452,0.5288,county,0.0193,0.0317,0.0026,-0.0307,"MEDSL county presidential returns (doi:10.7910/DVN/VOQCHQ, v20.0)"
20041,0.2107,-0.5384,8210,0.4456,county,0.2243,-0.5419,9349,0.5075,county,0.2209,-0.5495,9144,0.4963,county,0.0136,0.1387,-0.0033,-0.0219,"MEDSL county presidential returns (doi:10.7910/DVN/VOQCHQ, v20.0)"
20043,0.1838,-0.5977,3378,0.4509,county,0.1873,-0.6174,3709,0.4951,county,0.1776,-0.6354,3577,0.4774,county,0.0035,0.098,-0.0097,-0.0356,"MEDSL county presidential returns (doi:10.7910/DVN/VOQCHQ, v20.0)"
20045,0.6799,0.3296,50087,0.419,county,0.7023,0.395,59495,0.4977,county,0.6931,0.3801,58041,0.4855,county,0.0224,0.1878,-0.0092,-0.0244,"MEDSL county presidential returns (doi:10.7910/DVN/VOQCHQ, v20.0)"
20047,0.1697,-0.6255,1319,0.4682,county,0.1919,-0.608,1431,0.508,county,0.1697,-0.6533,1269,0.4505,county,0.0222,0.0849,-0.0222,-0.1132,"MEDSL county presidential returns (doi:10.7910/DVN/VOQCHQ, v20.0)"
20049,0.1325,-0.7053,1259,0.511,county,0.1461,-0.6943,1361,0.5524,county,0.1454,-0.6966,1338,0.543,county,0.0136,0.081,-0.0007,-0.0169,"MEDSL county presidential returns (doi:10.7910/DVN/VOQCHQ, v20.0)"
20051,0.2446,-0.4791,11947,0.4138,county,0.2769,-0.4363,13800,0.478,county,0.2649,-0.4613,13511,0.468,county,0.0323,0.1551,-0.012,-0.0209,"MEDSL county presidential returns (doi:10.7910/DVN/VOQCHQ, v20.0)"
20053,0.2092,-0.5405,2679,0.4208,county,0.2318,-0.5258,2853,0.4482,county,0.2343,-0.5228,2758,0.4332,county,0.0225,0.0649,0.0026,-0.0333,"MEDSL county presidential returns (doi:10.7910/DVN/VOQCHQ, v20.0)"
20055,0.3347,-0.3106,10159,0.2673,county,0.3741,-0.2467,11800,0.3105,county,0.3234,-0.347,10782,0.2837,county,0.0394,0.1615,-0.0507,-0.0863,"MEDSL county presidential returns (doi:10.7910/DVN/VOQCHQ, v20.0)"
20057,0.2959,-0.3842,7718,0.2261,county,0.3368,-0.3204,8915,0.2612,county,0.3047,-0.3836,8224,0.2409,county,0.0409,0.1551,-0.0321,-0.0775,"MEDSL county presidential returns (doi:10.7910/DVN/VOQCHQ, v20.0)"
20059,0.287,-0.3915,10965,0.4218,county,0.3032,-0.3838,12477,0.48,county,0.2953,-0.4011,12708,0.4889,county,0.0162,0.1379,-0.0079,0.0185,"MEDSL county presidential returns (doi:10.7910/DVN/VOQCHQ, v20.0)"
20061,0.3891,-0.2068,7504,0.2091,county,0.428,-0.1395,9603,0.2675,county,0.41,-0.1761,9163,0.2553,county,0.0389,0.2797,-0.0181,-0.0458,"MEDSL county presidential returns (doi:10.7910/DVN/VOQCHQ, v20.0)"
20063,0.1156,-0.7379,1343,0.4803,county,0.1139,-0.7648,1471,0.5261,county,0.1089,-0.7715,1396,0.4993,county,-0.0017,0.0953,-0.005,-0.051,"MEDSL county presidential returns (doi:10.7910/DVN/VOQCHQ, v20.0)"
20065,0.155,-0.6519,1284,0.5337,county,0.1743,-0.6372,1337,0.5557,county,0.166,-0.6566,1287,0.5349,county,0.0193,0.0413,-0.0083,-0.0374,"MEDSL county presidential returns (doi:10.7910/DVN/VOQCHQ, v20.0)"
20067,0.1964,-0.5705,2389,0.328,county,0.2111,-0.567,2501,0.3434,county,0.1805,-0.6297,2220,0.3048,county,0.0146,0.0469,-0.0306,-0.1124,"MEDSL county presidential returns (doi:10.7910/DVN/VOQCHQ, v20.0)"
20069,0.1341,-0.6946,2066,0.3627,county,0.1514,-0.6862,2288,0.4017,county,0.1499,-0.6899,2193,0.385,county,0.0173,0.1075,-0.0015,-0.0415,"MEDSL county presidential returns (doi:10.7910/DVN/VOQCHQ, v20.0)"
20071,0.1345,-0.6938,650,0.5015,county,0.1244,-0.7348,641,0.4946,county,0.1282,-0.7336,593,0.4576,county,-0.0101,-0.0138,0.0038,-0.0749,"MEDSL county presidential returns (doi:10.7910/DVN/VOQCHQ, v20.0)"
20073,0.1834,-0.5898,2840,0.4768,county,0.1888,-0.6094,3077,0.5166,county,0.1905,-0.6096,2884,0.4842,county,0.0055,0.0835,0.0016,-0.0627,"MEDSL county presidential returns (doi:10.7910/DVN/VOQCHQ, v20.0)"
20075,0.1465,-0.6667,876,0.3525,county,0.1681,-0.6484,859,0.3457,county,0.1633,-0.6626,815,0.328,county,0.0216,-0.0194,-0.0047,-0.0512,"MEDSL county presidential returns (doi:10.7910/DVN/VOQCHQ, v20.0)"
20077,0.1645,-0.6218,2578,0.4734,county,0.1754,-0.6374,2678,0.4917,county,0.1742,-0.6399,2555,0.4692,county,0.0108,0.0388,-0.0012,-0.0459,"MEDSL county presidential returns (doi:10.7910/DVN/VOQCHQ, v20.0)"
20079,0.369,-0.2414,14916,0.441,county,0.3985,-0.1985,17309,0.5118,county,0.3927,-0.2107,16086,0.4756,county,0.0296,0.1604,-0.0058,-0.0707,"MEDSL county presidential returns (doi:10.7910/DVN/VOQCHQ, v20.0)"
20081,0.1907,-0.5871,1354,0.3664,county,0.1928,-0.6057,1410,0.3816,county,0.1746,-0.6448,1278,0.3459,county,0.0021,0.0414,-0.0182,-0.0936,"MEDSL county presidential returns (doi:10.7910/DVN/VOQCHQ, v20.0)"
20083,0.1267,-0.7188,1017,0.6068,county,0.1497,-0.69,1045,0.6235,county,0.1427,-0.705,966,0.5764,county,0.023,0.0275,-0.007,-0.0756,"MEDSL county presidential returns (doi:10.7910/DVN/VOQCHQ, v20.0)"
20085,0.2774,-0.4172,5818,0.4382,county,0.294,-0.4004,6584,0.4959,county,0.283,-0.426,6474,0.4876,county,0.0166,0.1317,-0.011,-0.0167,"MEDSL county presidential returns (doi:10.7910/DVN/VOQCHQ, v20.0)"
20087,0.3257,-0.3233,8337,0.4533,county,0.3352,-0.321,9782,0.5319,county,0.3116,-0.3691,9927,0.5398,county,0.0095,0.1733,-0.0236,0.0148,"MEDSL county presidential returns (doi:10.7910/DVN/VOQCHQ, v20.0)"
20089,0.1283,-0.6981,1494,0.5136,county,0.1326,-0.7217,1628,0.5596,county,0.1138,-0.7586,1574,0.5411,county,0.0043,0.0897,-0.0187,-0.0332,"MEDSL county presidential returns (doi:10.7910/DVN/VOQCHQ, v20.0)"
20091,0.4857,-0.0263,290090,0.4719,county,0.5421,0.0825,347214,0.5648,county,0.5432,0.0849,343780,0.5592,county,0.0564,0.1969,0.0011,-0.0099,"MEDSL county presidential returns (doi:10.7910/DVN/VOQCHQ, v20.0)"
20093,0.1393,-0.6847,1316,0.3366,county,0.1866,-0.6165,1455,0.3721,county,0.1507,-0.6841,1301,0.3327,county,0.0473,0.1056,-0.0359,-0.1058,"MEDSL county presidential returns (doi:10.7910/DVN/VOQCHQ, v20.0)"
20095,0.1914,-0.5792,3334,0.4577,county,0.1937,-0.6022,3949,0.5421,county,0.1945,-0.5994,3947,0.5419,county,0.0023,0.1845,0.0008,-0.0005,"MEDSL county presidential returns (doi:10.7910/DVN/VOQCHQ, v20.0)"
20097,0.1124,-0.7285,1079,0.4455,county,0.1373,-0.7073,1165,0.481,county,0.1383,-0.7136,1107,0.4571,county,0.0249,0.0797,0.001,-0.0498,"MEDSL county presidential returns (doi:10.7910/DVN/VOQCHQ, v20.0)"
20099,0.3004,-0.3755,8107,0.4064,county,0.3164,-0.3597,8563,0.4292,county,0.306,-0.3819,7921,0.3971,county,0.016,0.0562,-0.0105,-0.075,"MEDSL county presidential returns (doi:10.7910/DVN/VOQCHQ, v20.0)"
20101,0.1286,-0.7026,871,0.5818,county,0.1311,-0.7229,895,0.5979,county,0.1354,-0.7094,843,0.5631,county,0.0025,0.0276,0.0042,-0.0581,"MEDSL county presidential returns (doi:10.7910/DVN/VOQCHQ, v20.0)"
20103,0.3666,-0.2452,30301,0.3673,county,0.3912,-0.2117,36490,0.4423,county,0.3837,-0.2277,36547,0.443,county,0.0246,0.2043,-0.0075,0.0016,"MEDSL county presidential returns (doi:10.7910/DVN/VOQCHQ, v20.0)"
20105,0.1542,-0.6585,1464,0.5007,county,0.1717,-0.6441,1579,0.54,county,0.1686,-0.6523,1507,0.5154,county,0.0175,0.0786,-0.0031,-0.0456,"MEDSL county presidential returns (doi:10.7910/DVN/VOQCHQ, v20.0)"
20107,0.1744,-0.6207,4427,0.4553,county,0.1812,-0.6247,5046,0.519,county,0.1726,-0.6457,5016,0.5159,county,0.0068,0.1398,-0.0086,-0.0059,"MEDSL county presidential returns (doi:10.7910/DVN/VOQCHQ, v20.0)"
20109,0.1163,-0.7244,1357,0.4989,county,0.1296,-0.7291,1458,0.536,county,0.1337,-0.7164,1400,0.5147,county,0.0133,0.0744,0.0041,-0.0398,"MEDSL county presidential returns (doi:10.7910/DVN/VOQCHQ, v20.0)"
20111,0.4151,-0.1549,12288,0.3823,county,0.4451,-0.1069,13988,0.4352,county,0.425,-0.1469,13256,0.4124,county,0.03,0.1383,-0.0201,-0.0523,"MEDSL county presidential returns (doi:10.7910/DVN/VOQCHQ, v20.0)"
20113,0.274,-0.4178,12742,0.4229,county,0.2932,-0.4038,14438,0.4792,county,0.2906,-0.4109,14104,0.4681,county,0.0193,0.1331,-0.0026,-0.0231,"MEDSL county presidential returns (doi:10.7910/DVN/VOQCHQ, v20.0)"
20115,0.2312,-0.4977,5624,0.4768,county,0.2535,-0.4826,6111,0.5181,county,0.2489,-0.4911,5870,0.4977,county,0.0222,0.0866,-0.0046,-0.0394,"MEDSL county presidential returns (doi:10.7910/DVN/VOQCHQ, v20.0)"
20117,0.2448,-0.4783,4673,0.4673,county,0.2524,-0.483,5114,0.5113,county,0.2485,-0.4909,4968,0.4968,county,0.0076,0.0944,-0.0039,-0.0285,"MEDSL county presidential returns (doi:10.7910/DVN/VOQCHQ, v20.0)"
20119,0.1292,-0.7006,1720,0.4356,county,0.1473,-0.6904,1825,0.4621,county,0.1476,-0.6962,1695,0.4292,county,0.018,0.061,0.0003,-0.0712,"MEDSL county presidential returns (doi:10.7910/DVN/VOQCHQ, v20.0)"
20121,0.2852,-0.4002,15022,0.4338,county,0.2989,-0.3937,17937,0.518,county,0.2986,-0.3951,18685,0.5396,county,0.0137,0.194,-0.0003,0.0417,"MEDSL county presidential returns (doi:10.7910/DVN/VOQCHQ, v20.0)"
20123,0.1713,-0.6224,2942,0.5101,county,0.1822,-0.6275,3101,0.5377,county,0.1684,-0.6557,3172,0.55,county,0.011,0.054,-0.0139,0.0229,"MEDSL county presidential returns (doi:10.7910/DVN/VOQCHQ, v20.0)"
20125,0.233,-0.5033,12004,0.3854,county,0.2453,-0.4993,13426,0.4311,county,0.2401,-0.5107,12441,0.3995,county,0.0123,0.1185,-0.0052,-0.0734,"MEDSL county presidential returns (doi:10.7910/DVN/VOQCHQ, v20.0)"
20127,0.2482,-0.4646,2624,0.487,county,0.2555,-0.4812,2899,0.538,county,0.2629,-0.4656,2792,0.5182,county,0.0073,0.1048,0.0074,-0.0369,"MEDSL county presidential returns (doi:10.7910/DVN/VOQCHQ, v20.0)"
20129,0.1287,-0.7114,1192,0.4503,county,0.1267,-0.7379,1198,0.4526,county,0.126,-0.734,1060,0.4005,county,-0.002,0.005,-0.0007,-0.1152,"MEDSL county presidential returns (doi:10.7910/DVN/VOQCHQ, v20.0)"
20131,0.1495,-0.6636,5122,0.5015,county,0.1658,-0.6575,5684,0.5565,county,0.1602,-0.6703,5620,0.5503,county,0.0163,0.1097,-0.0056,-0.0113,"MEDSL county presidential returns (doi:10.7910/DVN/VOQCHQ, v20.0)"
20133,0.253,-0.464,6314,0.4018,county,0.2654,-0.4615,6877,0.4376,county,0.2548,-0.4813,6784,0.4317,county,0.0124,0.0892,-0.0107,-0.0135,"MEDSL county presidential returns (doi:10.7910/DVN/VOQCHQ, v20.0)"
20135,0.1165,-0.7331,1454,0.5468,county,0.1001,-0.7865,1513,0.569,county,0.0967,-0.7894,1363,0.5126,county,-0.0164,0.0406,-0.0034,-0.0991,"MEDSL county presidential returns (doi:10.7910/DVN/VOQCHQ, v20.0)"
20137,0.1325,-0.6979,2234,0.4143,county,0.1535,-0.6803,2415,0.4479,county,0.1553,-0.6767,2270,0.421,county,0.021,0.081,0.0018,-0.06,"MEDSL county presidential returns (doi:10.7910/DVN/VOQCHQ, v20.0)"
20139,0.2665,-0.4361,7046,0.4465,county,0.2724,-0.4442,8035,0.5092,county,0.2533,-0.4802,7892,0.5001,county,0.006,0.1404,-0.0191,-0.0178,"MEDSL county presidential returns (doi:10.7910/DVN/VOQCHQ, v20.0)"
20141,0.1376,-0.6862,1788,0.5148,county,0.1471,-0.6931,1945,0.56,county,0.1502,-0.6855,1774,0.5108,county,0.0095,0.0878,0.0031,-0.0879,"MEDSL county presidential returns (doi:10.7910/DVN/VOQCHQ, v20.0)"
20143,0.1566,-0.6404,2903,0.5021,county,0.1624,-0.6594,3191,0.5519,county,0.1613,-0.6657,3003,0.5194,county,0.0058,0.0992,-0.0011,-0.0589,"MEDSL county presidential returns (doi:10.7910/DVN/VOQCHQ, v20.0)"
20145,0.2332,-0.4979,2661,0.4278,county,0.2392,-0.5119,2739,0.4404,county,0.2378,-0.5151,2675,0.4301,county,0.006,0.0293,-0.0014,-0.0234,"MEDSL county presidential returns (doi:10.7910/DVN/VOQCHQ, v20.0)"
20147,0.1184,-0.7256,2664,0.5466,county,0.1162,-0.7551,2781,0.5706,county,0.1232,-0.7372,2747,0.5636,county,-0.0022,0.0439,0.007,-0.0122,"MEDSL county presidential returns (doi:10.7910/DVN/VOQCHQ, v20.0)"
20149,0.2262,-0.5038,10693,0.4143,county,0.2595,-0.4692,13083,0.5069,county,0.257,-0.4763,13472,0.522,county,0.0334,0.2235,-0.0025,0.0297,"MEDSL county presidential returns (doi:10.7910/DVN/VOQCHQ, v20.0)"
20151,0.2136,-0.538,3842,0.4213,county,0.2309,-0.5257,4137,0.4536,county,0.238,-0.5145,4082,0.4476,county,0.0173,0.0768,0.0071,-0.0133,"MEDSL county presidential returns (doi:10.7910/DVN/VOQCHQ, v20.0)"
20153,0.1179,-0.7181,1472,0.5811,county,0.1451,-0.6961,1504,0.5938,county,0.1285,-0.7256,1403,0.5539,county,0.0272,0.0217,-0.0166,-0.0672,"MEDSL county presidential returns (doi:10.7910/DVN/VOQCHQ, v20.0)"
20155,0.3059,-0.3584,24210,0.3924,county,0.3251,-0.342,27941,0.4529,county,0.324,-0.345,26940,0.4367,county,0.0192,0.1541,-0.0011,-0.0358,"MEDSL county presidential returns (doi:10.7910/DVN/VOQCHQ, v20.0)"
20157,0.1563,-0.652,2529,0.5425,county,0.1627,-0.6616,2657,0.5699,county,0.1652,-0.657,2443,0.524,county,0.0064,0.0506,0.0025,-0.0805,"MEDSL county presidential returns (doi:10.7910/DVN/VOQCHQ, v20.0)"
20159,0.1968,-0.5631,3804,0.4052,county,0.2283,-0.5318,4319,0.46,county,0.2116,-0.5668,3966,0.4224,county,0.0315,0.1354,-0.0166,-0.0817,"MEDSL county presidential returns (doi:10.7910/DVN/VOQCHQ, v20.0)"
20161,0.4803,-0.0356,21532,0.3003,county,0.5237,0.0459,25171,0.351,county,0.5091,0.0178,24313,0.339,county,0.0434,0.169,-0.0146,-0.0341,"MEDSL county presidential returns (doi:10.7910/DVN/VOQCHQ, v20.0)"
20163,0.1193,-0.7259,2419,0.4968,county,0.1273,-0.7358,2699,0.5543,county,0.1395,-0.7119,2534,0.5204,county,0.008,0.1158,0.0122,-0.0611,"MEDSL county presidential returns (doi:10.7910/DVN/VOQCHQ, v20.0)"
20165,0.1629,-0.6414,1503,0.5083,county,0.1793,-0.6291,1677,0.5671,county,0.1672,-0.6544,1606,0.5431,county,0.0164,0.1158,-0.0121,-0.0423,"MEDSL county presidential returns (doi:10.7910/DVN/VOQCHQ, v20.0)"
20167,0.1519,-0.6618,3193,0.4754,county,0.177,-0.6317,3467,0.5162,county,0.1877,-0.6131,3301,0.4914,county,0.0251,0.0858,0.0107,-0.0479,"MEDSL county presidential returns (doi:10.7910/DVN/VOQCHQ, v20.0)"
20169,0.3136,-0.3404,22064,0.4101,county,0.3432,-0.3061,24531,0.456,county,0.3392,-0.3158,23226,0.4317,county,0.0296,0.1118,-0.004,-0.0532,"MEDSL county presidential returns (doi:10.7910/DVN/VOQCHQ, v20.0)"
20171,0.1123,-0.7398,2202,0.4342,county,0.1293,-0.7285,2354,0.4642,county,0.1186,-0.7471,2135,0.421,county,0.0169,0.069,-0.0107,-0.093,"MEDSL county presidential returns (doi:10.7910/DVN/VOQCHQ, v20.0)"
20173,0.4002,-0.1839,188783,0.3597,county,0.4392,-0.1187,223688,0.4262,county,0.4297,-0.1383,214152,0.4081,county,0.039,0.1849,-0.0095,-0.0426,"MEDSL county presidential returns (doi:10.7910/DVN/VOQCHQ, v20.0)"
20175,0.3401,-0.3039,5038,0.2328,county,0.3522,-0.2907,5294,0.2446,county,0.3018,-0.3897,4565,0.211,county,0.0121,0.0508,-0.0504,-0.1377,"MEDSL county presidential returns (doi:10.7910/DVN/VOQCHQ, v20.0)"
20177,0.4856,-0.0266,75406,0.4229,county,0.5154,0.03,85657,0.4804,county,0.5025,0.005,81819,0.4588,county,0.0298,0.1359,-0.0129,-0.0448,"MEDSL county presidential returns (doi:10.7910/DVN/VOQCHQ, v20.0)"
20179,0.0959,-0.7787,1374,0.5627,county,0.1029,-0.7855,1445,0.5917,county,0.093,-0.8034,1373,0.5622,county,0.0069,0.0517,-0.0099,-0.0498,"MEDSL county presidential returns (doi:10.7910/DVN/VOQCHQ, v20.0)"
20181,0.1424,-0.6669,2612,0.4413,county,0.1486,-0.6868,2727,0.4607,county,0.1492,-0.6872,2593,0.4381,county,0.0061,0.044,0.0006,-0.0491,"MEDSL county presidential returns (doi:10.7910/DVN/VOQCHQ, v20.0)"
20183,0.1517,-0.668,2042,0.5706,county,0.1601,-0.6703,2129,0.5949,county,0.1519,-0.6854,2006,0.5605,county,0.0084,0.0426,-0.0082,-0.0578,"MEDSL county presidential returns (doi:10.7910/DVN/VOQCHQ, v20.0)"
20185,0.1695,-0.6255,1896,0.4735,county,0.1783,-0.6332,2034,0.508,county,0.174,-0.6401,1909,0.4768,county,0.0089,0.0728,-0.0044,-0.0615,"MEDSL county presidential returns (doi:10.7910/DVN/VOQCHQ, v20.0)"
20187,0.1895,-0.5918,637,0.3157,county,0.1942,-0.6005,776,0.3845,county,0.1764,-0.6355,664,0.329,county,0.0048,0.2182,-0.0178,-0.1443,"MEDSL county presidential returns (doi:10.7910/DVN/VOQCHQ, v20.0)"
20189,0.1209,-0.7292,1891,0.3628,county,0.1187,-0.7499,2031,0.3897,county,0.1163,-0.7548,1835,0.3521,county,-0.0023,0.074,-0.0023,-0.0965,"MEDSL county presidential returns (doi:10.7910/DVN/VOQCHQ, v20.0)"
20191,0.2291,-0.5048,9722,0.4343,county,0.2422,-0.5046,10928,0.4882,county,0.2445,-0.5008,10549,0.4712,county,0.0131,0.124,0.0022,-0.0347,"MEDSL county presidential returns (doi:10.7910/DVN/VOQCHQ, v20.0)"
20193,0.1399,-0.6809,3576,0.4519,county,0.1664,-0.6575,3810,0.4815,county,0.1656,-0.6578,3664,0.463,county,0.0265,0.0654,-0.0008,-0.0383,"MEDSL county presidential returns (doi:10.7910/DVN/VOQCHQ, v20.0)"
20195,0.1389,-0.6943,1482,0.5335,county,0.1508,-0.6877,1630,0.5868,county,0.1386,-0.7101,1587,0.5713,county,0.0118,0.0999,-0.0122,-0.0264,"MEDSL county presidential returns (doi:10.7910/DVN/VOQCHQ, v20.0)"
20197,0.2465,-0.4722,3380,0.4856,county,0.2531,-0.4821,3902,0.5606,county,0.2511,-0.488,3836,0.5511,county,0.0066,0.1544,-0.002,-0.0169,"MEDSL county presidential returns (doi:10.7910/DVN/VOQCHQ, v20.0)"
20199,0.06,-0.8459,798,0.5469,county,0.0541,-0.88,825,0.5655,county,0.0705,-0.8476,748,0.5127,county,-0.0059,0.0338,0.0164,-0.0933,"MEDSL county presidential returns (doi:10.7910/DVN/VOQCHQ, v20.0)"
20201,0.1499,-0.6535,2765,0.501,county,0.1674,-0.6549,2883,0.5224,county,0.1489,-0.6915,2700,0.4892,county,0.0174,0.0427,-0.0184,-0.0635,"MEDSL county presidential returns (doi:10.7910/DVN/VOQCHQ, v20.0)"
20203,0.154,-0.6579,956,0.452,county,0.1557,-0.6808,968,0.4577,county,0.1263,-0.736,860,0.4066,county,0.0017,0.0126,-0.0294,-0.1116,"MEDSL county presidential returns (doi:10.7910/DVN/VOQCHQ, v20.0)"
20205,0.1756,-0.611,3591,0.4196,county,0.1865,-0.6146,3954,0.462,county,0.1827,-0.6236,3603,0.421,county,0.0109,0.1011,-0.0038,-0.0888,"MEDSL county presidential returns (doi:10.7910/DVN/VOQCHQ, v20.0)"
20207,0.2015,-0.5606,1443,0.4628,county,0.1932,-0.6041,1546,0.4958,county,0.1896,-0.6129,1506,0.483,county,-0.0083,0.0714,-0.0035,-0.0259,"MEDSL county presidential returns (doi:10.7910/DVN/VOQCHQ, v20.0)"
20209,0.656,0.294,48781,0.2916,county,0.6602,0.3144,56785,0.3395,county,0.6212,0.2385,50602,0.3025,county,0.0042,0.1641,-0.039,-0.1089,"MEDSL county presidential returns (doi:10.7910/DVN/VOQCHQ, v20.0)"
21001,0.1662,-0.6455,8233,0.433,county,0.1606,-0.6715,8763,0.4608,county,0.1412,-0.7116,8974,0.4719,county,-0.0056,0.0644,-0.0194,0.0241,"MEDSL county presidential returns (doi:10.7910/DVN/VOQCHQ, v20.0)"
21003,0.1726,-0.632,8096,0.385,county,0.1779,-0.6348,9363,0.4452,county,0.1613,-0.6709,9418,0.4479,county,0.0053,0.1565,-0.0166,0.0059,"MEDSL county presidential returns (doi:10.7910/DVN/VOQCHQ, v20.0)"
21005,0.2422,-0.491,11422,0.474,county,0.2574,-0.4766,13240,0.5494,county,0.2505,-0.4906,13095,0.5434,county,0.0152,0.1592,-0.0068,-0.011,"MEDSL county presidential returns (doi:10.7910/DVN/VOQCHQ, v20.0)"
21007,0.2052,-0.5718,4101,0.5341,county,0.1973,-0.5991,4225,0.5503,county,0.173,-0.6443,4088,0.5324,county,-0.0079,0.0302,-0.0243,-0.0324,"MEDSL county presidential returns (doi:10.7910/DVN/VOQCHQ, v20.0)"
21009,0.2407,-0.4981,18488,0.4139,county,0.2592,-0.475,20055,0.449,county,0.2331,-0.5279,19802,0.4433,county,0.0185,0.0848,-0.0261,-0.0126,"MEDSL county presidential returns (doi:10.7910/DVN/VOQCHQ, v20.0)"
21011,0.3063,-0.3752,4587,0.358,county,0.283,-0.4288,5627,0.4392,county,0.2403,-0.5127,5389,0.4206,county,-0.0234,0.2267,-0.0427,-0.0423,"MEDSL county presidential returns (doi:10.7910/DVN/VOQCHQ, v20.0)"
21013,0.1814,-0.6219,9718,0.407,county,0.1802,-0.6323,10044,0.4206,county,0.1534,-0.6865,9340,0.3912,county,-0.0012,0.0335,-0.0268,-0.0701,"MEDSL county presidential returns (doi:10.7910/DVN/VOQCHQ, v20.0)"
21015,0.2777,-0.4175,57618,0.4185,county,0.318,-0.3572,66953,0.4863,county,0.311,-0.3715,67421,0.4897,county,0.0403,0.162,-0.0071,0.007,"MEDSL county presidential returns (doi:10.7910/DVN/VOQCHQ, v20.0)"
21017,0.3339,-0.3156,8803,0.4364,county,0.3475,-0.3001,9643,0.478,county,0.3295,-0.3351,9537,0.4727,county,0.0136,0.0954,-0.018,-0.011,"MEDSL county presidential returns (doi:10.7910/DVN/VOQCHQ, v20.0)"
21019,0.307,-0.3701,20454,0.4257,county,0.3313,-0.3317,21741,0.4525,county,0.3046,-0.3853,20951,0.4361,county,0.0243,0.0629,-0.0267,-0.0363,"MEDSL county presidential returns (doi:10.7910/DVN/VOQCHQ, v20.0)"
21021,0.3475,-0.2904,12946,0.4216,county,0.3739,-0.247,14467,0.4711,county,0.3527,-0.2901,14373,0.4681,county,0.0264,0.1175,-0.0212,-0.0065,"MEDSL county presidential returns (doi:10.7910/DVN/VOQCHQ, v20.0)"
21023,0.2064,-0.5688,3527,0.4185,county,0.1906,-0.6122,4244,0.5036,county,0.1712,-0.6494,4153,0.4928,county,-0.0158,0.2033,-0.0194,-0.0214,"MEDSL county presidential returns (doi:10.7910/DVN/VOQCHQ, v20.0)"
21025,0.278,-0.4277,5738,0.427,county,0.2337,-0.5236,5661,0.4213,county,0.1989,-0.5934,5113,0.3805,county,-0.0443,-0.0134,-0.0349,-0.0968,"MEDSL county presidential returns (doi:10.7910/DVN/VOQCHQ, v20.0)"
21027,0.2321,-0.5156,8774,0.4234,county,0.2338,-0.5248,10197,0.4921,county,0.2054,-0.5816,10048,0.4849,county,0.0017,0.1622,-0.0284,-0.0146,"MEDSL county presidential returns (doi:10.7910/DVN/VOQCHQ, v20.0)"
21029,0.2395,-0.4978,36069,0.4335,county,0.2557,-0.4803,41964,0.5043,county,0.2414,-0.5096,43209,0.5193,county,0.0162,0.1634,-0.0143,0.0297,"MEDSL county presidential returns (doi:10.7910/DVN/VOQCHQ, v20.0)"
21031,0.1762,-0.6243,5576,0.4507,county,0.1787,-0.6339,6122,0.4948,county,0.1644,-0.663,5943,0.4803,county,0.0025,0.0979,-0.0143,-0.0292,"MEDSL county presidential returns (doi:10.7910/DVN/VOQCHQ, v20.0)"
21033,0.2185,-0.5434,5975,0.473,county,0.2261,-0.5403,6428,0.5089,county,0.2054,-0.5824,6188,0.4899,county,0.0076,0.0758,-0.0207,-0.0373,"MEDSL county presidential returns (doi:10.7910/DVN/VOQCHQ, v20.0)"
21035,0.3142,-0.3501,16049,0.4237,county,0.3379,-0.3186,17443,0.4605,county,0.307,-0.3793,16945,0.4473,county,0.0238,0.0869,-0.031,-0.0286,"MEDSL county presidential returns (doi:10.7910/DVN/VOQCHQ, v20.0)"
21037,0.3691,-0.2445,42510,0.4562,county,0.4048,-0.1865,48833,0.524,county,0.3998,-0.1965,48334,0.5186,county,0.0357,0.1487,-0.005,-0.0102,"MEDSL county presidential returns (doi:10.7910/DVN/VOQCHQ, v20.0)"
21039,0.171,-0.639,2601,0.5461,county,0.1766,-0.6429,2638,0.5539,county,0.1575,-0.6797,2610,0.548,county,0.0056,0.0142,-0.0191,-0.0106,"MEDSL county presidential returns (doi:10.7910/DVN/VOQCHQ, v20.0)"
21041,0.2994,-0.3844,3855,0.3544,county,0.2742,-0.4445,4135,0.3801,county,0.2421,-0.5096,4025,0.37,county,-0.0252,0.0726,-0.0321,-0.0266,"MEDSL county presidential returns (doi:10.7910/DVN/VOQCHQ, v20.0)"
21043,0.2308,-0.5167,10278,0.3876,county,0.2314,-0.5294,11585,0.4369,county,0.2042,-0.5845,11422,0.4308,county,0.0006,0.1272,-0.0272,-0.0141,"MEDSL county presidential returns (doi:10.7910/DVN/VOQCHQ, v20.0)"
21045,0.1227,-0.7323,6439,0.4037,county,0.1294,-0.7336,7171,0.4496,county,0.1145,-0.7644,7080,0.4439,county,0.0066,0.1137,-0.0148,-0.0127,"MEDSL county presidential returns (doi:10.7910/DVN/VOQCHQ, v20.0)"
21047,0.3375,-0.3134,22083,0.3042,county,0.3549,-0.2843,23863,0.3287,county,0.3299,-0.3358,21671,0.2985,county,0.0174,0.0806,-0.025,-0.0919,"MEDSL county presidential returns (doi:10.7910/DVN/VOQCHQ, v20.0)"
21049,0.3053,-0.3705,16205,0.4379,county,0.337,-0.3203,18128,0.4899,county,0.3206,-0.3529,17885,0.4833,county,0.0318,0.1187,-0.0164,-0.0134,"MEDSL county presidential returns (doi:10.7910/DVN/VOQCHQ, v20.0)"
21051,0.1137,-0.755,6767,0.3366,county,0.1107,-0.7702,7590,0.3775,county,0.0932,-0.8031,7517,0.3739,county,-0.003,0.1216,-0.0174,-0.0096,"MEDSL county presidential returns (doi:10.7910/DVN/VOQCHQ, v20.0)"
21053,0.1256,-0.7311,4462,0.4829,county,0.1235,-0.7455,4932,0.5338,county,0.1138,-0.7637,4880,0.5281,county,-0.0021,0.1053,-0.0097,-0.0105,"MEDSL county presidential returns (doi:10.7910/DVN/VOQCHQ, v20.0)"
21055,0.1579,-0.6621,4037,0.45,county,0.1748,-0.6412,4242,0.4728,county,0.1537,-0.6835,4010,0.4469,county,0.0169,0.0508,-0.0211,-0.0547,"MEDSL county presidential returns (doi:10.7910/DVN/VOQCHQ, v20.0)"
21057,0.155,-0.6663,3066,0.5155,county,0.155,-0.6833,3309,0.5563,county,0.1419,-0.7086,3442,0.5787,county,0.0,0.0793,-0.0132,0.0402,"MEDSL county presidential returns (doi:10.7910/DVN/VOQCHQ, v20.0)"
21059,0.3288,-0.3219,45807,0.4439,county,0.3578,-0.279,49240,0.4772,county,0.3379,-0.3192,47097,0.4564,county,0.0289,0.0749,-0.0198,-0.0435,"MEDSL county presidential returns (doi:10.7910/DVN/VOQCHQ, v20.0)"
21061,0.1914,-0.6018,5244,0.4283,county,0.2026,-0.5873,6131,0.5008,county,0.1813,-0.6291,6247,0.5103,county,0.0112,0.1691,-0.0213,0.0189,"MEDSL county presidential returns (doi:10.7910/DVN/VOQCHQ, v20.0)"
21063,0.2701,-0.4413,2855,0.3892,county,0.2407,-0.5122,2995,0.4083,county,0.1856,-0.6194,2911,0.3968,county,-0.0294,0.049,-0.0551,-0.028,"MEDSL county presidential returns (doi:10.7910/DVN/VOQCHQ, v20.0)"
21065,0.2073,-0.5641,5545,0.3938,county,0.2099,-0.5728,6538,0.4644,county,0.1795,-0.6323,6290,0.4468,county,0.0026,0.1791,-0.0304,-0.0379,"MEDSL county presidential returns (doi:10.7910/DVN/VOQCHQ, v20.0)"
21067,0.5509,0.0945,136315,0.4245,county,0.6062,0.2078,152664,0.4754,county,0.5925,0.1809,143935,0.4482,county,0.0553,0.1199,-0.0136,-0.0572,"MEDSL county presidential returns (doi:10.7910/DVN/VOQCHQ, v20.0)"
21069,0.2221,-0.539,6260,0.4113,county,0.2103,-0.5746,7066,0.4642,county,0.193,-0.6063,7000,0.4599,county,-0.0117,0.1288,-0.0173,-0.0093,"MEDSL county presidential returns (doi:10.7910/DVN/VOQCHQ, v20.0)"
21071,0.2508,-0.4823,16540,0.468,county,0.2407,-0.5117,16351,0.4627,county,0.1989,-0.5919,15652,0.4429,county,-0.0101,-0.0114,-0.0418,-0.0427,"MEDSL county presidential returns (doi:10.7910/DVN/VOQCHQ, v20.0)"
21073,0.4756,-0.0462,23865,0.4628,county,0.4951,-0.0096,26059,0.5054,county,0.4752,-0.0485,25763,0.4996,county,0.0196,0.0919,-0.0199,-0.0114,"MEDSL county presidential returns (doi:10.7910/DVN/VOQCHQ, v20.0)"
21075,0.3332,-0.3254,2382,0.3699,county,0.3301,-0.3362,2421,0.3759,county,0.299,-0.3986,2145,0.3331,county,-0.0031,0.0164,-0.0311,-0.114,"MEDSL county presidential returns (doi:10.7910/DVN/VOQCHQ, v20.0)"
21077,0.2346,-0.5075,3338,0.3815,county,0.2176,-0.5542,3849,0.4399,county,0.1966,-0.5994,3917,0.4477,county,-0.017,0.1531,-0.021,0.0177,"MEDSL county presidential returns (doi:10.7910/DVN/VOQCHQ, v20.0)"
21079,0.1975,-0.5839,7623,0.4395,county,0.2132,-0.5658,8703,0.5017,county,0.1952,-0.6019,8917,0.5141,county,0.0157,0.1417,-0.018,0.0246,"MEDSL county presidential returns (doi:10.7910/DVN/VOQCHQ, v20.0)"
21081,0.2081,-0.5605,9559,0.3788,county,0.2017,-0.5871,11106,0.4401,county,0.1718,-0.6477,11469,0.4544,county,-0.0064,0.1618,-0.0299,0.0327,"MEDSL county presidential returns (doi:10.7910/DVN/VOQCHQ, v20.0)"
21083,0.207,-0.5638,16606,0.4536,county,0.2123,-0.5669,17018,0.4648,county,0.1884,-0.616,16678,0.4555,county,0.0053,0.0248,-0.0239,-0.02,"MEDSL county presidential returns (doi:10.7910/DVN/VOQCHQ, v20.0)"
21085,0.1925,-0.5919,10576,0.3978,county,0.2025,-0.5886,11983,0.4507,county,0.1871,-0.618,12095,0.4549,county,0.01,0.133,-0.0154,0.0093,"MEDSL county presidential returns (doi:10.7910/DVN/VOQCHQ, v20.0)"
21087,0.1599,-0.6638,5333,0.4729,county,0.1598,-0.6741,5812,0.5153,county,0.1345,-0.7258,5857,0.5193,county,-0.0001,0.0898,-0.0253,0.0077,"MEDSL county presidential returns (doi:10.7910/DVN/VOQCHQ, v20.0)"
21089,0.2642,-0.4546,16277,0.4567,county,0.2717,-0.4506,18176,0.51,county,0.2439,-0.5054,17374,0.4875,county,0.0075,0.1167,-0.0278,-0.0441,"MEDSL county presidential returns (doi:10.7910/DVN/VOQCHQ, v20.0)"
21091,0.3085,-0.3595,4295,0.4755,county,0.3005,-0.3911,4587,0.5079,county,0.2579,-0.4753,4633,0.513,county,-0.008,0.068,-0.0426,0.01,"MEDSL county presidential returns (doi:10.7910/DVN/VOQCHQ, v20.0)"
21093,0.3408,-0.3019,43156,0.3872,county,0.3776,-0.2397,48941,0.4391,county,0.3508,-0.2932,48082,0.4314,county,0.0368,0.134,-0.0269,-0.0176,"MEDSL county presidential returns (doi:10.7910/DVN/VOQCHQ, v20.0)"
21095,0.1307,-0.7211,10757,0.4108,county,0.1376,-0.7176,10971,0.419,county,0.1163,-0.7615,10388,0.3967,county,0.0069,0.0199,-0.0212,-0.0531,"MEDSL county presidential returns (doi:10.7910/DVN/VOQCHQ, v20.0)"
21097,0.272,-0.4375,7781,0.4102,county,0.2748,-0.4444,8853,0.4667,county,0.2544,-0.485,9018,0.4754,county,0.0028,0.1378,-0.0204,0.0186,"MEDSL county presidential returns (doi:10.7910/DVN/VOQCHQ, v20.0)"
21099,0.2454,-0.4942,7264,0.3731,county,0.2312,-0.5302,8369,0.4298,county,0.197,-0.6004,8409,0.4319,county,-0.0142,0.1521,-0.0341,0.0048,"MEDSL county presidential returns (doi:10.7910/DVN/VOQCHQ, v20.0)"
21101,0.3555,-0.2766,19710,0.443,county,0.375,-0.2461,20688,0.465,county,0.3519,-0.2923,19688,0.4425,county,0.0195,0.0496,-0.0231,-0.0483,"MEDSL county presidential returns (doi:10.7910/DVN/VOQCHQ, v20.0)"
21103,0.2699,-0.4359,7149,0.4532,county,0.2683,-0.4565,8107,0.5139,county,0.2336,-0.5246,8074,0.5119,county,-0.0017,0.134,-0.0347,-0.0041,"MEDSL county presidential returns (doi:10.7910/DVN/VOQCHQ, v20.0)"
21105,0.2132,-0.56,2157,0.4826,county,0.2109,-0.5712,2199,0.4919,county,0.1922,-0.61,2069,0.4629,county,-0.0023,0.0195,-0.0187,-0.0591,"MEDSL county presidential returns (doi:10.7910/DVN/VOQCHQ, v20.0)"
21107,0.22,-0.5391,20345,0.4507,county,0.2566,-0.4797,21509,0.4765,county,0.2424,-0.5086,20537,0.4549,county,0.0366,0.0572,-0.0142,-0.0452,"MEDSL county presidential returns (doi:10.7910/DVN/VOQCHQ, v20.0)"
21109,0.0897,-0.8011,5501,0.4231,county,0.0999,-0.7931,6113,0.4701,county,0.0863,-0.8177,5934,0.4564,county,0.0101,0.1113,-0.0136,-0.0293,"MEDSL county presidential returns (doi:10.7910/DVN/VOQCHQ, v20.0)"
21111,0.5703,0.1333,353099,0.4542,county,0.6025,0.2012,386093,0.4967,county,0.5842,0.1653,354094,0.4555,county,0.0322,0.0934,-0.0183,-0.0829,"MEDSL county presidential returns (doi:10.7910/DVN/VOQCHQ, v20.0)"
21113,0.2842,-0.4,23326,0.4336,county,0.3338,-0.3249,26251,0.488,county,0.3174,-0.3579,26685,0.4961,county,0.0496,0.1254,-0.0164,0.0165,"MEDSL county presidential returns (doi:10.7910/DVN/VOQCHQ, v20.0)"
21115,0.1345,-0.7097,9572,0.4261,county,0.1599,-0.6713,10192,0.4537,county,0.1421,-0.7067,9622,0.4283,county,0.0254,0.0648,-0.0178,-0.0559,"MEDSL county presidential returns (doi:10.7910/DVN/VOQCHQ, v20.0)"
21117,0.3605,-0.2603,71998,0.424,county,0.4014,-0.1931,82108,0.4835,county,0.3891,-0.2172,80948,0.4767,county,0.0409,0.1404,-0.0122,-0.0141,"MEDSL county presidential returns (doi:10.7910/DVN/VOQCHQ, v20.0)"
21119,0.2222,-0.54,5763,0.4103,county,0.2281,-0.5386,6251,0.445,county,0.1997,-0.5915,6003,0.4274,county,0.0058,0.0847,-0.0283,-0.0397,"MEDSL county presidential returns (doi:10.7910/DVN/VOQCHQ, v20.0)"
21121,0.1512,-0.6763,12012,0.3999,county,0.1611,-0.6704,13273,0.4419,county,0.1401,-0.7112,13156,0.438,county,0.0098,0.105,-0.021,-0.0088,"MEDSL county presidential returns (doi:10.7910/DVN/VOQCHQ, v20.0)"
21123,0.2103,-0.553,6367,0.4237,county,0.2092,-0.5727,7301,0.4858,county,0.1939,-0.6039,7259,0.483,county,-0.0011,0.1467,-0.0153,-0.0058,"MEDSL county presidential returns (doi:10.7910/DVN/VOQCHQ, v20.0)"
21125,0.1431,-0.6907,24833,0.3959,county,0.1615,-0.6677,28097,0.4479,county,0.1465,-0.6985,27887,0.4445,county,0.0183,0.1314,-0.015,-0.0075,"MEDSL county presidential returns (doi:10.7910/DVN/VOQCHQ, v20.0)"
21127,0.1783,-0.6241,6042,0.3736,county,0.1802,-0.6319,6955,0.4301,county,0.1604,-0.6723,6574,0.4065,county,0.0019,0.1511,-0.0198,-0.0548,"MEDSL county presidential returns (doi:10.7910/DVN/VOQCHQ, v20.0)"
21129,0.1711,-0.64,2667,0.3616,county,0.1753,-0.6393,2659,0.3605,county,0.1542,-0.677,2690,0.3647,county,0.0042,-0.003,-0.0211,0.0117,"MEDSL county presidential returns (doi:10.7910/DVN/VOQCHQ, v20.0)"
21131,0.0906,-0.8048,4492,0.4378,county,0.0936,-0.8054,4811,0.4689,county,0.089,-0.8093,4357,0.4246,county,0.003,0.071,-0.0045,-0.0944,"MEDSL county presidential returns (doi:10.7910/DVN/VOQCHQ, v20.0)"
21133,0.1745,-0.6296,9134,0.4319,county,0.1993,-0.5941,9135,0.432,county,0.1754,-0.6394,8431,0.3987,county,0.0248,0.0001,-0.0239,-0.0771,"MEDSL county presidential returns (doi:10.7910/DVN/VOQCHQ, v20.0)"
21135,0.1525,-0.6753,5298,0.4067,county,0.1417,-0.7076,5883,0.4516,county,0.1176,-0.757,5721,0.4391,county,-0.0108,0.1104,-0.0241,-0.0275,"MEDSL county presidential returns (doi:10.7910/DVN/VOQCHQ, v20.0)"
21137,0.2027,-0.5724,9561,0.3916,county,0.2098,-0.5713,10913,0.447,county,0.1906,-0.612,11034,0.4519,county,0.0072,0.1414,-0.0192,0.0111,"MEDSL county presidential returns (doi:10.7910/DVN/VOQCHQ, v20.0)"
21139,0.199,-0.5776,4645,0.5195,county,0.1897,-0.6138,5003,0.5596,county,0.1806,-0.6305,4972,0.5561,county,-0.0093,0.0771,-0.0092,-0.0062,"MEDSL county presidential returns (doi:10.7910/DVN/VOQCHQ, v20.0)"
21141,0.2616,-0.4609,10899,0.393,county,0.2544,-0.4838,12346,0.4452,county,0.2213,-0.5504,12511,0.4512,county,-0.0071,0.1328,-0.0331,0.0134,"MEDSL county presidential returns (doi:10.7910/DVN/VOQCHQ, v20.0)"
21143,0.2726,-0.4402,3962,0.4486,county,0.2605,-0.4749,4228,0.4788,county,0.2296,-0.5343,4187,0.4741,county,-0.0121,0.0671,-0.0309,-0.0097,"MEDSL county presidential returns (doi:10.7910/DVN/VOQCHQ, v20.0)"
21145,0.3054,-0.3718,31307,0.4632,county,0.339,-0.3171,33521,0.496,county,0.3231,-0.3493,31947,0.4727,county,0.0336,0.0707,-0.0159,-0.047,"MEDSL county presidential returns (doi:10.7910/DVN/VOQCHQ, v20.0)"
21147,0.117,-0.7528,5776,0.3417,county,0.1135,-0.7675,6435,0.3807,county,0.1039,-0.7872,6212,0.3675,county,-0.0035,0.1141,-0.0096,-0.0347,"MEDSL county presidential returns (doi:10.7910/DVN/VOQCHQ, v20.0)"
21149,0.2261,-0.5241,4566,0.5003,county,0.2282,-0.5351,4782,0.5239,county,0.2166,-0.5587,4634,0.5077,county,0.002,0.0473,-0.0116,-0.0309,"MEDSL county presidential returns (doi:10.7910/DVN/VOQCHQ, v20.0)"
21151,0.3348,-0.3114,37371,0.3973,county,0.3629,-0.2682,43903,0.4667,county,0.3426,-0.3087,45188,0.4804,county,0.0281,0.1748,-0.0203,0.0293,"MEDSL county presidential returns (doi:10.7910/DVN/VOQCHQ, v20.0)"
21153,0.2346,-0.5184,5116,0.4451,county,0.2252,-0.5437,5446,0.4738,county,0.1749,-0.6407,5274,0.4588,county,-0.0094,0.0645,-0.0503,-0.0316,"MEDSL county presidential returns (doi:10.7910/DVN/VOQCHQ, v20.0)"
21155,0.3434,-0.3012,8111,0.4121,county,0.3081,-0.3798,8928,0.4537,county,0.2797,-0.4351,9102,0.4625,county,-0.0353,0.1007,-0.0284,0.0195,"MEDSL county presidential returns (doi:10.7910/DVN/VOQCHQ, v20.0)"
21157,0.2296,-0.518,16698,0.5263,county,0.2344,-0.5242,17601,0.5547,county,0.2129,-0.5668,17602,0.5548,county,0.0048,0.0541,-0.0215,0.0001,"MEDSL county presidential returns (doi:10.7910/DVN/VOQCHQ, v20.0)"
21159,0.0939,-0.7943,3953,0.3535,county,0.1034,-0.787,3930,0.3515,county,0.0791,-0.8361,3655,0.3269,county,0.0095,-0.0058,-0.0243,-0.07,"MEDSL county presidential returns (doi:10.7910/DVN/VOQCHQ, v20.0)"
21161,0.2849,-0.412,7219,0.4248,county,0.3013,-0.3914,7958,0.4683,county,0.2785,-0.4368,7901,0.4649,county,0.0164,0.1024,-0.0228,-0.0072,"MEDSL county presidential returns (doi:10.7910/DVN/VOQCHQ, v20.0)"
21163,0.2589,-0.4606,12231,0.4073,county,0.2629,-0.4644,14110,0.4698,county,0.2357,-0.5205,14123,0.4703,county,0.0039,0.1536,-0.0271,0.0009,"MEDSL county presidential returns (doi:10.7910/DVN/VOQCHQ, v20.0)"
21165,0.2583,-0.4714,2779,0.448,county,0.245,-0.5032,3102,0.5001,county,0.2058,-0.5765,3294,0.531,county,-0.0133,0.1162,-0.0393,0.0619,"MEDSL county presidential returns (doi:10.7910/DVN/VOQCHQ, v20.0)"
21167,0.2363,-0.505,10585,0.4638,county,0.2628,-0.4664,11735,0.5142,county,0.2433,-0.5053,11851,0.5192,county,0.0265,0.1086,-0.0195,0.0099,"MEDSL county presidential returns (doi:10.7910/DVN/VOQCHQ, v20.0)"
21169,0.2185,-0.5444,4620,0.4454,county,0.1976,-0.5954,5012,0.4832,county,0.174,-0.6462,5127,0.4943,county,-0.0209,0.0848,-0.0236,0.0229,"MEDSL county presidential returns (doi:10.7910/DVN/VOQCHQ, v20.0)"
21171,0.1232,-0.7367,4991,0.441,county,0.1243,-0.745,5330,0.4709,county,0.1096,-0.773,5308,0.469,county,0.0011,0.0679,-0.0147,-0.0041,"MEDSL county presidential returns (doi:10.7910/DVN/VOQCHQ, v20.0)"
21173,0.2867,-0.4102,11452,0.4051,county,0.2876,-0.4178,12837,0.4541,county,0.2636,-0.4659,12821,0.4535,county,0.0008,0.1209,-0.024,-0.0012,"MEDSL county presidential returns (doi:10.7910/DVN/VOQCHQ, v20.0)"
21175,0.2171,-0.5491,4775,0.3426,county,0.2143,-0.5646,5535,0.3971,county,0.1774,-0.6354,5373,0.3855,county,-0.0028,0.1592,-0.0369,-0.0293,"MEDSL county presidential returns (doi:10.7910/DVN/VOQCHQ, v20.0)"
21177,0.2583,-0.4687,13060,0.4252,county,0.2524,-0.4886,14229,0.4633,county,0.2251,-0.5436,13692,0.4458,county,-0.0059,0.0895,-0.0273,-0.0377,"MEDSL county presidential returns (doi:10.7910/DVN/VOQCHQ, v20.0)"
21179,0.3239,-0.3364,20802,0.4416,county,0.314,-0.3663,23245,0.4935,county,0.2887,-0.4173,22852,0.4852,county,-0.0099,0.1174,-0.0253,-0.0169,"MEDSL county presidential returns (doi:10.7910/DVN/VOQCHQ, v20.0)"
21181,0.2868,-0.4118,2841,0.3711,county,0.284,-0.4279,3396,0.4436,county,0.2516,-0.4902,3319,0.4336,county,-0.0028,0.1954,-0.0324,-0.0227,"MEDSL county presidential returns (doi:10.7910/DVN/VOQCHQ, v20.0)"
21183,0.2075,-0.5638,10398,0.4387,county,0.2188,-0.5552,11127,0.4694,county,0.1944,-0.6021,10937,0.4614,county,0.0113,0.0701,-0.0244,-0.0171,"MEDSL county presidential returns (doi:10.7910/DVN/VOQCHQ, v20.0)"
21185,0.3341,-0.3105,32853,0.4789,county,0.3904,-0.2148,37936,0.553,county,0.3848,-0.2257,38210,0.557,county,0.0563,0.1547,-0.0056,0.0072,"MEDSL county presidential returns (doi:10.7910/DVN/VOQCHQ, v20.0)"
21187,0.2209,-0.5365,5001,0.4437,county,0.2037,-0.5854,5456,0.4841,county,0.1822,-0.6265,5500,0.488,county,-0.0172,0.091,-0.0215,0.0081,"MEDSL county presidential returns (doi:10.7910/DVN/VOQCHQ, v20.0)"
21189,0.148,-0.6924,1759,0.4375,county,0.1145,-0.7673,1895,0.4713,county,0.1111,-0.7732,1839,0.4573,county,-0.0334,0.0773,-0.0035,-0.0296,"MEDSL county presidential returns (doi:10.7910/DVN/VOQCHQ, v20.0)"
21191,0.2018,-0.5727,6007,0.4091,county,0.1934,-0.6055,6925,0.4716,county,0.1779,-0.6352,6900,0.4699,county,-0.0084,0.1528,-0.0155,-0.0036,"MEDSL county presidential returns (doi:10.7910/DVN/VOQCHQ, v20.0)"
21193,0.2075,-0.5696,10572,0.3796,county,0.2245,-0.5438,10606,0.3809,county,0.199,-0.5952,9992,0.3588,county,0.017,0.0032,-0.0255,-0.0579,"MEDSL county presidential returns (doi:10.7910/DVN/VOQCHQ, v20.0)"
21195,0.1781,-0.6271,24665,0.4292,county,0.1934,-0.6077,25368,0.4414,county,0.1698,-0.6538,23950,0.4168,county,0.0153,0.0285,-0.0236,-0.0559,"MEDSL county presidential returns (doi:10.7910/DVN/VOQCHQ, v20.0)"
21197,0.2658,-0.4521,4957,0.3796,county,0.2528,-0.4857,5505,0.4216,county,0.2229,-0.5444,5360,0.4105,county,-0.0131,0.1106,-0.0298,-0.0263,"MEDSL county presidential returns (doi:10.7910/DVN/VOQCHQ, v20.0)"
21199,0.1552,-0.6667,28041,0.4281,county,0.1821,-0.6271,31537,0.4815,county,0.1704,-0.6523,31735,0.4845,county,0.0269,0.1247,-0.0117,0.0063,"MEDSL county presidential returns (doi:10.7910/DVN/VOQCHQ, v20.0)"
21201,0.2263,-0.5301,1013,0.4524,county,0.2225,-0.5506,1146,0.5118,county,0.1903,-0.6119,1144,0.5109,county,-0.0038,0.1313,-0.0322,-0.0017,"MEDSL county presidential returns (doi:10.7910/DVN/VOQCHQ, v20.0)"
21203,0.1403,-0.7015,6691,0.4145,county,0.1471,-0.6993,7783,0.4821,county,0.1294,-0.7314,7724,0.4784,county,0.0068,0.1632,-0.0177,-0.0076,"MEDSL county presidential returns (doi:10.7910/DVN/VOQCHQ, v20.0)"
21205,0.3891,-0.2124,8848,0.3608,county,0.393,-0.2102,10058,0.4101,county,0.3589,-0.2775,9873,0.4026,county,0.0039,0.1368,-0.0341,-0.0184,"MEDSL county presidential returns (doi:10.7910/DVN/VOQCHQ, v20.0)"
21207,0.1374,-0.7059,8174,0.4512,county,0.1504,-0.691,8939,0.4934,county,0.136,-0.7221,8893,0.4909,county,0.013,0.0936,-0.0144,-0.0051,"MEDSL county presidential returns (doi:10.7910/DVN/VOQCHQ, v20.0)"
21209,0.3389,-0.3032,24200,0.4153,county,0.3729,-0.2487,28950,0.4968,county,0.359,-0.277,29769,0.5109,county,0.034,0.1963,-0.0139,0.0283,"MEDSL county presidential returns (doi:10.7910/DVN/VOQCHQ, v20.0)"
21211,0.3223,-0.3362,20580,0.4235,county,0.3492,-0.2964,23542,0.4844,county,0.3235,-0.3466,24620,0.5066,county,0.0268,0.1439,-0.0256,0.0458,"MEDSL county presidential returns (doi:10.7910/DVN/VOQCHQ, v20.0)"
21213,0.2969,-0.3895,7531,0.3806,county,0.3129,-0.3673,8732,0.4413,county,0.2776,-0.4387,8776,0.4435,county,0.016,0.1595,-0.0353,0.005,"MEDSL county presidential returns (doi:10.7910/DVN/VOQCHQ, v20.0)"
21215,0.2107,-0.5544,9515,0.4787,county,0.2245,-0.5431,11429,0.575,county,0.2129,-0.5672,11480,0.5776,county,0.0138,0.2012,-0.0116,0.0045,"MEDSL county presidential returns (doi:10.7910/DVN/VOQCHQ, v20.0)"
21217,0.2348,-0.5101,11306,0.4314,county,0.24,-0.5128,12510,0.4774,county,0.2129,-0.5666,12261,0.4679,county,0.0052,0.1065,-0.0271,-0.0199,"MEDSL county presidential returns (doi:10.7910/DVN/VOQCHQ, v20.0)"
21219,0.2239,-0.5378,4779,0.3876,county,0.2284,-0.5341,5351,0.434,county,0.2077,-0.5786,5112,0.4146,county,0.0045,0.1197,-0.0207,-0.0447,"MEDSL county presidential returns (doi:10.7910/DVN/VOQCHQ, v20.0)"
21221,0.2435,-0.4953,6751,0.4751,county,0.2461,-0.5012,7375,0.519,county,0.2347,-0.5238,7196,0.5064,county,0.0026,0.0924,-0.0114,-0.0243,"MEDSL county presidential returns (doi:10.7910/DVN/VOQCHQ, v20.0)"
21223,0.2408,-0.4982,3798,0.4452,county,0.2387,-0.5129,4319,0.5063,county,0.2194,-0.5554,4249,0.4981,county,-0.0021,0.1372,-0.0193,-0.0162,"MEDSL county presidential returns (doi:10.7910/DVN/VOQCHQ, v20.0)"
21225,0.2207,-0.5426,6211,0.4642,county,0.2354,-0.5225,6576,0.4915,county,0.2047,-0.5832,6058,0.4528,county,0.0148,0.0588,-0.0307,-0.0788,"MEDSL county presidential returns (doi:10.7910/DVN/VOQCHQ, v20.0)"
21227,0.3717,-0.2416,48454,0.3523,county,0.4142,-0.1683,55351,0.4024,county,0.3767,-0.2425,56891,0.4136,county,0.0424,0.1423,-0.0375,0.0278,"MEDSL county presidential returns (doi:10.7910/DVN/VOQCHQ, v20.0)"
21229,0.2614,-0.4601,5636,0.4661,county,0.2684,-0.4561,6223,0.5147,county,0.2452,-0.5026,6341,0.5244,county,0.007,0.1042,-0.0232,0.019,"MEDSL county presidential returns (doi:10.7910/DVN/VOQCHQ, v20.0)"
21231,0.1834,-0.6181,7992,0.4079,county,0.1862,-0.6201,9240,0.4716,county,0.167,-0.6595,8733,0.4457,county,0.0028,0.1562,-0.0192,-0.0549,"MEDSL county presidential returns (doi:10.7910/DVN/VOQCHQ, v20.0)"
21233,0.22,-0.5438,5805,0.4509,county,0.2386,-0.5164,5991,0.4654,county,0.2099,-0.5734,5556,0.4316,county,0.0186,0.032,-0.0287,-0.0726,"MEDSL county presidential returns (doi:10.7910/DVN/VOQCHQ, v20.0)"
21235,0.1545,-0.6712,13774,0.3748,county,0.1688,-0.6526,15347,0.4175,county,0.1499,-0.6932,15075,0.4101,county,0.0143,0.1142,-0.0189,-0.0177,"MEDSL county presidential returns (doi:10.7910/DVN/VOQCHQ, v20.0)"
21237,0.2945,-0.3989,2635,0.4064,county,0.2858,-0.4223,2979,0.4594,county,0.2416,-0.5057,2915,0.4496,county,-0.0087,0.1306,-0.0442,-0.0215,"MEDSL county presidential returns (doi:10.7910/DVN/VOQCHQ, v20.0)"
21239,0.3918,-0.2019,13563,0.502,county,0.4385,-0.1204,15211,0.563,county,0.4273,-0.1425,14993,0.5549,county,0.0467,0.1215,-0.0112,-0.0143,"MEDSL county presidential returns (doi:10.7910/DVN/VOQCHQ, v20.0)"
22001,0.2104,-0.5668,27389,0.4787,county,0.1941,-0.6034,28425,0.4968,county,0.1773,-0.6395,26720,0.467,county,-0.0163,0.0378,-0.0168,-0.06,"MEDSL county presidential returns (doi:10.7910/DVN/VOQCHQ, v20.0)"
22003,0.2347,-0.515,9245,0.4099,county,0.2177,-0.5572,9810,0.435,county,0.1917,-0.6104,8751,0.388,county,-0.017,0.0611,-0.026,-0.108,"MEDSL county presidential returns (doi:10.7910/DVN/VOQCHQ, v20.0)"
22005,0.3131,-0.3597,54678,0.4252,county,0.3339,-0.3255,62325,0.4847,county,0.3274,-0.3394,62473,0.4858,county,0.0208,0.1399,-0.0065,0.0024,"MEDSL county presidential returns (doi:10.7910/DVN/VOQCHQ, v20.0)"
22007,0.3693,-0.2552,10904,0.5263,county,0.3452,-0.306,11235,0.5422,county,0.3198,-0.3559,10367,0.5003,county,-0.0241,0.0304,-0.0254,-0.0773,"MEDSL county presidential returns (doi:10.7910/DVN/VOQCHQ, v20.0)"
22009,0.3108,-0.3696,16586,0.4234,county,0.2928,-0.4076,17292,0.4414,county,0.2816,-0.4314,16037,0.4094,county,-0.018,0.0426,-0.0112,-0.0726,"MEDSL county presidential returns (doi:10.7910/DVN/VOQCHQ, v20.0)"
22011,0.1636,-0.6529,15078,0.4115,county,0.1577,-0.6745,16357,0.4464,county,0.1397,-0.7126,15874,0.4332,county,-0.0058,0.0848,-0.0181,-0.0295,"MEDSL county presidential returns (doi:10.7910/DVN/VOQCHQ, v20.0)"
22013,0.4545,-0.0895,7005,0.5486,county,0.4408,-0.1169,7050,0.5521,county,0.4088,-0.1805,6256,0.4899,county,-0.0137,0.0064,-0.032,-0.1126,"MEDSL county presidential returns (doi:10.7910/DVN/VOQCHQ, v20.0)"
22015,0.2627,-0.4581,49848,0.386,county,0.2915,-0.4101,54655,0.4232,county,0.2805,-0.4334,52232,0.4045,county,0.0287,0.0964,-0.0109,-0.0443,"MEDSL county presidential returns (doi:10.7910/DVN/VOQCHQ, v20.0)"
22017,0.5218,0.0423,105804,0.4541,county,0.5344,0.0676,104912,0.4503,county,0.5235,0.0464,94699,0.4065,county,0.0125,-0.0084,-0.0108,-0.0973,"MEDSL county presidential returns (doi:10.7910/DVN/VOQCHQ, v20.0)"
22019,0.3267,-0.3329,83785,0.4015,county,0.3206,-0.3518,82663,0.3961,county,0.299,-0.3959,81201,0.3891,county,-0.0061,-0.0134,-0.0215,-0.0177,"MEDSL county presidential returns (doi:10.7910/DVN/VOQCHQ, v20.0)"
22021,0.1709,-0.6466,4692,0.4906,county,0.1578,-0.6785,4762,0.498,county,0.1348,-0.7254,4334,0.4532,county,-0.0131,0.0149,-0.023,-0.0899,"MEDSL county presidential returns (doi:10.7910/DVN/VOQCHQ, v20.0)"
22023,0.0902,-0.7944,3692,0.707,county,0.0811,-0.8287,4039,0.7735,county,0.0656,-0.8629,3362,0.6438,county,-0.0091,0.094,-0.0155,-0.1676,"MEDSL county presidential returns (doi:10.7910/DVN/VOQCHQ, v20.0)"
22025,0.2754,-0.4442,4856,0.5557,county,0.2638,-0.4677,4858,0.556,county,0.2455,-0.5055,4348,0.4976,county,-0.0115,0.0004,-0.0183,-0.105,"MEDSL county presidential returns (doi:10.7910/DVN/VOQCHQ, v20.0)"
22027,0.4311,-0.1352,6421,0.458,county,0.4201,-0.1579,6580,0.4694,county,0.3886,-0.2206,5816,0.4149,county,-0.011,0.0248,-0.0314,-0.1161,"MEDSL county presidential returns (doi:10.7910/DVN/VOQCHQ, v20.0)"
22029,0.374,-0.2485,8872,0.4841,county,0.364,-0.2688,8828,0.4817,county,0.3517,-0.2935,7755,0.4232,county,-0.0099,-0.005,-0.0124,-0.1215,"MEDSL county presidential returns (doi:10.7910/DVN/VOQCHQ, v20.0)"
22031,0.3903,-0.215,13500,0.5019,county,0.3746,-0.248,14736,0.5479,county,0.3211,-0.3546,13913,0.5173,county,-0.0157,0.0916,-0.0535,-0.0558,"MEDSL county presidential returns (doi:10.7910/DVN/VOQCHQ, v20.0)"
22033,0.5485,0.0925,196491,0.4339,county,0.5666,0.1304,208182,0.4597,county,0.5566,0.1107,190643,0.421,county,0.0181,0.0595,-0.01,-0.0842,"MEDSL county presidential returns (doi:10.7910/DVN/VOQCHQ, v20.0)"
22035,0.6344,0.2651,2939,0.4085,county,0.6376,0.2701,3036,0.422,county,0.5897,0.1765,2306,0.3205,county,0.0031,0.033,-0.0479,-0.2404,"MEDSL county presidential returns (doi:10.7910/DVN/VOQCHQ, v20.0)"
22037,0.432,-0.1328,10042,0.5182,county,0.4138,-0.1698,10509,0.5423,county,0.3875,-0.2223,9947,0.5133,county,-0.0182,0.0465,-0.0262,-0.0535,"MEDSL county presidential returns (doi:10.7910/DVN/VOQCHQ, v20.0)"
22039,0.2889,-0.4134,14882,0.4627,county,0.2734,-0.4474,15412,0.4792,county,0.2517,-0.4908,14176,0.4408,county,-0.0155,0.0356,-0.0217,-0.0802,"MEDSL county presidential returns (doi:10.7910/DVN/VOQCHQ, v20.0)"
22041,0.2778,-0.4375,9162,0.4677,county,0.2761,-0.4436,9720,0.4962,county,0.2518,-0.4919,8798,0.4491,county,-0.0018,0.0609,-0.0242,-0.0949,"MEDSL county presidential returns (doi:10.7910/DVN/VOQCHQ, v20.0)"
22043,0.1375,-0.7059,8821,0.3987,county,0.1248,-0.7411,9392,0.4245,county,0.1116,-0.7684,9018,0.4076,county,-0.0127,0.0647,-0.0131,-0.0398,"MEDSL county presidential returns (doi:10.7910/DVN/VOQCHQ, v20.0)"
22045,0.3385,-0.3144,32454,0.469,county,0.3416,-0.3125,32713,0.4728,county,0.3276,-0.3412,29331,0.4239,county,0.0031,0.008,-0.0141,-0.1034,"MEDSL county presidential returns (doi:10.7910/DVN/VOQCHQ, v20.0)"
22047,0.5321,0.0626,16043,0.5357,county,0.5189,0.0371,16719,0.5582,county,0.4963,-0.0074,15354,0.5127,county,-0.0132,0.0421,-0.0227,-0.0816,"MEDSL county presidential returns (doi:10.7910/DVN/VOQCHQ, v20.0)"
22049,0.2927,-0.4059,7464,0.4996,county,0.2843,-0.426,7632,0.5109,county,0.2593,-0.4759,7226,0.4837,county,-0.0084,0.0225,-0.0251,-0.0532,"MEDSL county presidential returns (doi:10.7910/DVN/VOQCHQ, v20.0)"
22051,0.4232,-0.1471,181639,0.42,county,0.4436,-0.1108,193733,0.448,county,0.4339,-0.1295,178205,0.412,county,0.0204,0.0666,-0.0097,-0.0802,"MEDSL county presidential returns (doi:10.7910/DVN/VOQCHQ, v20.0)"
22053,0.2223,-0.539,14277,0.445,county,0.2193,-0.5535,14841,0.4626,county,0.1904,-0.6114,14358,0.4475,county,-0.003,0.0395,-0.0289,-0.0325,"MEDSL county presidential returns (doi:10.7910/DVN/VOQCHQ, v20.0)"
22055,0.3243,-0.3359,105603,0.4309,county,0.3537,-0.2867,114521,0.4673,county,0.3405,-0.3136,111086,0.4533,county,0.0294,0.0844,-0.0132,-0.03,"MEDSL county presidential returns (doi:10.7910/DVN/VOQCHQ, v20.0)"
22057,0.2086,-0.5652,41645,0.4308,county,0.194,-0.6026,45388,0.4695,county,0.1858,-0.6208,42845,0.4432,county,-0.0146,0.0899,-0.0082,-0.056,"MEDSL county presidential returns (doi:10.7910/DVN/VOQCHQ, v20.0)"
22059,0.0939,-0.7963,6569,0.4437,county,0.0909,-0.8111,7077,0.478,county,0.0831,-0.8273,6620,0.4472,county,-0.003,0.0773,-0.0078,-0.0646,"MEDSL county presidential returns (doi:10.7910/DVN/VOQCHQ, v20.0)"
22061,0.3978,-0.1957,18669,0.3876,county,0.4006,-0.1947,19275,0.4002,county,0.3707,-0.2545,18157,0.377,county,0.0028,0.0325,-0.0298,-0.058,"MEDSL county presidential returns (doi:10.7910/DVN/VOQCHQ, v20.0)"
22063,0.1246,-0.7253,57730,0.3965,county,0.1442,-0.6995,65230,0.4481,county,0.1532,-0.6849,65906,0.4527,county,0.0196,0.1299,0.0089,0.0104,"MEDSL county presidential returns (doi:10.7910/DVN/VOQCHQ, v20.0)"
22065,0.5875,0.1727,4732,0.485,county,0.579,0.155,4670,0.4786,county,0.5315,0.0621,3992,0.4091,county,-0.0085,-0.0131,-0.0475,-0.1452,"MEDSL county presidential returns (doi:10.7910/DVN/VOQCHQ, v20.0)"
22067,0.4422,-0.1137,11852,0.4747,county,0.4317,-0.1351,11574,0.4636,county,0.402,-0.1934,10097,0.4044,county,-0.0105,-0.0235,-0.0297,-0.1276,"MEDSL county presidential returns (doi:10.7910/DVN/VOQCHQ, v20.0)"
22069,0.4434,-0.1097,16621,0.4486,county,0.4243,-0.1487,16554,0.4468,county,0.3868,-0.2234,15040,0.406,county,-0.0191,-0.004,-0.0375,-0.0915,"MEDSL county presidential returns (doi:10.7910/DVN/VOQCHQ, v20.0)"
22071,0.8465,0.6616,165812,0.4409,county,0.8472,0.6815,177819,0.4729,county,0.8443,0.6701,159130,0.4232,county,0.0007,0.0724,-0.003,-0.1051,"MEDSL county presidential returns (doi:10.7910/DVN/VOQCHQ, v20.0)"
22073,0.3692,-0.2544,68017,0.428,county,0.3801,-0.2363,69166,0.4352,county,0.3589,-0.2788,64436,0.4055,county,0.0109,0.0169,-0.0212,-0.0684,"MEDSL county presidential returns (doi:10.7910/DVN/VOQCHQ, v20.0)"
22075,0.3266,-0.336,10573,0.4583,county,0.3154,-0.363,11014,0.4774,county,0.3077,-0.3801,9945,0.4311,county,-0.0113,0.0417,-0.0077,-0.0971,"MEDSL county presidential returns (doi:10.7910/DVN/VOQCHQ, v20.0)"
22077,0.4124,-0.1722,11761,0.5754,county,0.3843,-0.228,12371,0.6053,county,0.3608,-0.2755,11570,0.5661,county,-0.0281,0.0519,-0.0235,-0.0647,"MEDSL county presidential returns (doi:10.7910/DVN/VOQCHQ, v20.0)"
22079,0.3323,-0.3253,56844,0.4425,county,0.3368,-0.3206,58865,0.4582,county,0.3137,-0.3677,53395,0.4156,county,0.0045,0.0356,-0.0231,-0.0929,"MEDSL county presidential returns (doi:10.7910/DVN/VOQCHQ, v20.0)"
22081,0.4477,-0.1024,4422,0.5873,county,0.4052,-0.1861,4132,0.5488,county,0.3611,-0.2728,3725,0.4948,county,-0.0425,-0.0656,-0.0441,-0.0985,"MEDSL county presidential returns (doi:10.7910/DVN/VOQCHQ, v20.0)"
22083,0.3343,-0.3261,9597,0.4821,county,0.328,-0.3402,9940,0.4993,county,0.3007,-0.394,9193,0.4618,county,-0.0063,0.0357,-0.0273,-0.0752,"MEDSL county presidential returns (doi:10.7910/DVN/VOQCHQ, v20.0)"
22085,0.1777,-0.631,9787,0.4432,county,0.1647,-0.6649,10596,0.4798,county,0.1473,-0.7006,10170,0.4605,county,-0.013,0.0827,-0.0174,-0.0402,"MEDSL county presidential returns (doi:10.7910/DVN/VOQCHQ, v20.0)"
22087,0.3264,-0.3337,15815,0.358,county,0.3549,-0.2849,17650,0.3996,county,0.351,-0.293,17292,0.3915,county,0.0286,0.116,-0.0039,-0.0203,"MEDSL county presidential returns (doi:10.7910/DVN/VOQCHQ, v20.0)"
22089,0.3399,-0.3078,26192,0.505,county,0.3496,-0.2957,28517,0.5499,county,0.3356,-0.3234,26685,0.5145,county,0.0097,0.0888,-0.014,-0.0642,"MEDSL county presidential returns (doi:10.7910/DVN/VOQCHQ, v20.0)"
22091,0.5732,0.1435,5964,0.5497,county,0.5521,0.1026,6158,0.5676,county,0.5039,0.0077,5745,0.5295,county,-0.021,0.0325,-0.0483,-0.0671,"MEDSL county presidential returns (doi:10.7910/DVN/VOQCHQ, v20.0)"
22093,0.5405,0.0796,12085,0.6104,county,0.5223,0.0442,12590,0.636,county,0.4953,-0.0093,11789,0.5955,county,-0.0182,0.0418,-0.027,-0.0636,"MEDSL county presidential returns (doi:10.7910/DVN/VOQCHQ, v20.0)"
22095,0.6259,0.2455,20743,0.5017,county,0.6431,0.282,21432,0.5184,county,0.6475,0.2914,18827,0.4554,county,0.0172,0.0332,0.0044,-0.1215,"MEDSL county presidential returns (doi:10.7910/DVN/VOQCHQ, v20.0)"
22097,0.4392,-0.1191,39977,0.4868,county,0.4285,-0.1409,41154,0.5011,county,0.4048,-0.1884,37043,0.451,county,-0.0107,0.0294,-0.0237,-0.0999,"MEDSL county presidential returns (doi:10.7910/DVN/VOQCHQ, v20.0)"
22099,0.3288,-0.3343,25750,0.4994,county,0.3168,-0.3611,27038,0.5244,county,0.2943,-0.4072,25006,0.485,county,-0.0121,0.05,-0.0225,-0.0752,"MEDSL county presidential returns (doi:10.7910/DVN/VOQCHQ, v20.0)"
22101,0.3592,-0.2758,22877,0.4721,county,0.3523,-0.2914,23186,0.4785,county,0.339,-0.3187,20897,0.4313,county,-0.007,0.0135,-0.0133,-0.0987,"MEDSL county presidential returns (doi:10.7910/DVN/VOQCHQ, v20.0)"
22103,0.2336,-0.5081,124392,0.4619,county,0.2747,-0.4419,140110,0.5202,county,0.2775,-0.4379,138384,0.5138,county,0.0411,0.1264,0.0028,-0.0123,"MEDSL county presidential returns (doi:10.7910/DVN/VOQCHQ, v20.0)"
22105,0.332,-0.3259,52416,0.3876,county,0.3331,-0.3281,57661,0.4264,county,0.3105,-0.3741,55104,0.4075,county,0.0011,0.1001,-0.0227,-0.0443,"MEDSL county presidential returns (doi:10.7910/DVN/VOQCHQ, v20.0)"
22107,0.5298,0.0589,2548,0.6383,county,0.5261,0.0517,2554,0.6398,county,0.4783,-0.0428,2128,0.5331,county,-0.0037,0.0024,-0.0478,-0.1668,"MEDSL county presidential returns (doi:10.7910/DVN/VOQCHQ, v20.0)"
22109,0.2505,-0.4838,43896,0.4089,county,0.2459,-0.5005,46240,0.4307,county,0.2377,-0.5181,41327,0.3849,county,-0.0046,0.0534,-0.0082,-0.1062,"MEDSL county presidential returns (doi:10.7910/DVN/VOQCHQ, v20.0)"
22111,0.2524,-0.4848,10894,0.5209,county,0.2399,-0.5136,11201,0.5356,county,0.2125,-0.5699,10475,0.5009,county,-0.0124,0.0282,-0.0275,-0.0648,"MEDSL county presidential returns (doi:10.7910/DVN/VOQCHQ, v20.0)"
22113,0.1949,-0.5932,25632,0.4494,county,0.1859,-0.6193,27324,0.4791,county,0.1773,-0.6384,26429,0.4634,county,-0.009,0.066,-0.0086,-0.0328,"MEDSL county presidential returns (doi:10.7910/DVN/VOQCHQ, v20.0)"
22115,0.1652,-0.6497,16633,0.3482,county,0.1704,-0.6491,17268,0.3615,county,0.1572,-0.6787,16149,0.3381,county,0.0053,0.0382,-0.0132,-0.0648,"MEDSL county presidential returns (doi:10.7910/DVN/VOQCHQ, v20.0)"
22117,0.3119,-0.3685,18628,0.4118,county,0.3097,-0.376,19513,0.4313,county,0.2964,-0.4029,18455,0.408,county,-0.0022,0.0475,-0.0133,-0.0542,"MEDSL county presidential returns (doi:10.7910/DVN/VOQCHQ, v20.0)"
22119,0.3516,-0.2911,18145,0.5014,county,0.3429,-0.3106,18216,0.5034,county,0.3155,-0.3648,16205,0.4478,county,-0.0088,0.0039,-0.0274,-0.1104,"MEDSL county presidential returns (doi:10.7910/DVN/VOQCHQ, v20.0)"
22121,0.4373,-0.1215,12712,0.4595,county,0.4466,-0.1053,14097,0.5095,county,0.4406,-0.117,13836,0.5001,county,0.0093,0.109,-0.0059,-0.0185,"MEDSL county presidential returns (doi:10.7910/DVN/VOQCHQ, v20.0)"
22123,0.1526,-0.684,4759,0.4946,county,0.1412,-0.714,5052,0.525,county,0.1266,-0.7404,4603,0.4784,county,-0.0114,0.0616,-0.0146,-0.0889,"MEDSL county presidential returns (doi:10.7910/DVN/VOQCHQ, v20.0)"
22125,0.3987,-0.1969,5799,0.377,county,0.373,-0.2497,6268,0.4075,county,0.3381,-0.3194,6008,0.3906,county,-0.0257,0.0809,-0.0349,-0.0415,"MEDSL county presidential returns (doi:10.7910/DVN/VOQCHQ, v20.0)"
22127,0.263,-0.4652,6372,0.4718,county,0.2504,-0.4941,6225,0.4609,county,0.2255,-0.544,5781,0.428,county,-0.0126,-0.0231,-0.0249,-0.0713,"MEDSL county presidential returns (doi:10.7910/DVN/VOQCHQ, v20.0)"
23001,0.4491,-0.0938,55601,0.495,county,0.4855,-0.0278,59361,0.5285,county,0.4689,-0.0609,58847,0.5239,county,0.0364,0.0676,-0.0166,-0.0087,"MEDSL county presidential returns (doi:10.7910/DVN/VOQCHQ, v20.0)"
23003,0.408,-0.1719,35097,0.5221,county,0.3983,-0.1967,36210,0.5386,county,0.367,-0.2621,35653,0.5303,county,-0.0097,0.0317,-0.0313,-0.0154,"MEDSL county presidential returns (doi:10.7910/DVN/VOQCHQ, v20.0)"
23005,0.6409,0.2635,171818,0.5616,county,0.6836,0.3531,195914,0.6404,county,0.6809,0.353,192656,0.6297,county,0.0428,0.1402,-0.0027,-0.0166,"MEDSL county presidential returns (doi:10.7910/DVN/VOQCHQ, v20.0)"
23007,0.4698,-0.0547,16488,0.547,county,0.4796,-0.0389,17599,0.5838,county,0.4579,-0.0824,17836,0.5917,county,0.0098,0.0674,-0.0217,0.0135,"MEDSL county presidential returns (doi:10.7910/DVN/VOQCHQ, v20.0)"
23009,0.5404,0.0751,32130,0.5729,county,0.5639,0.123,35676,0.6361,county,0.5603,0.1177,36253,0.6464,county,0.0234,0.1104,-0.0035,0.0162,"MEDSL county presidential returns (doi:10.7910/DVN/VOQCHQ, v20.0)"
23011,0.4805,-0.0358,66208,0.5271,county,0.5013,0.0025,72615,0.5781,county,0.4859,-0.0275,72886,0.5802,county,0.0208,0.0968,-0.0154,0.0037,"MEDSL county presidential returns (doi:10.7910/DVN/VOQCHQ, v20.0)"
23013,0.5763,0.1424,23147,0.5665,county,0.6022,0.197,26032,0.6371,county,0.595,0.1859,25893,0.6337,county,0.0259,0.1246,-0.0072,-0.0053,"MEDSL county presidential returns (doi:10.7910/DVN/VOQCHQ, v20.0)"
23015,0.5129,0.0239,21503,0.6,county,0.5529,0.1018,23857,0.6657,county,0.5574,0.1125,24003,0.6697,county,0.0401,0.1095,0.0045,0.0061,"MEDSL county presidential returns (doi:10.7910/DVN/VOQCHQ, v20.0)"
23017,0.4289,-0.1294,31201,0.5313,county,0.4547,-0.087,33810,0.5757,county,0.4344,-0.129,34590,0.589,county,0.0258,0.0836,-0.0203,0.0231,"MEDSL county presidential returns (doi:10.7910/DVN/VOQCHQ, v20.0)"
23019,0.441,-0.1091,80540,0.5244,county,0.4569,-0.0826,86133,0.5609,county,0.4444,-0.109,87073,0.567,county,0.0159,0.0694,-0.0125,0.0109,"MEDSL county presidential returns (doi:10.7910/DVN/VOQCHQ, v20.0)"
23021,0.3643,-0.2514,9182,0.5362,county,0.3641,-0.2627,9996,0.5837,county,0.3511,-0.2917,10205,0.5959,county,-0.0002,0.0887,-0.013,0.0209,"MEDSL county presidential returns (doi:10.7910/DVN/VOQCHQ, v20.0)"
23023,0.5341,0.0629,21616,0.5828,county,0.581,0.1554,24280,0.6546,county,0.585,0.1662,24456,0.6593,county,0.047,0.1232,0.004,0.0072,"MEDSL county presidential returns (doi:10.7910/DVN/VOQCHQ, v20.0)"
23025,0.3774,-0.2267,26064,0.5125,county,0.38,-0.2312,27873,0.5481,county,0.3624,-0.2705,28441,0.5593,county,0.0026,0.0694,-0.0175,0.0204,"MEDSL county presidential returns (doi:10.7910/DVN/VOQCHQ, v20.0)"
23027,0.5015,0.0027,22707,0.5676,county,0.5244,0.0468,24566,0.6141,county,0.5173,0.0337,25130,0.6282,county,0.0229,0.0819,-0.0071,0.023,"MEDSL county presidential returns (doi:10.7910/DVN/VOQCHQ, v20.0)"
23029,0.4005,-0.1844,16365,0.5235,county,0.3988,-0.1954,17570,0.562,county,0.3807,-0.2348,18046,0.5773,county,-0.0018,0.0736,-0.018,0.0271,"MEDSL county presidential returns (doi:10.7910/DVN/VOQCHQ, v20.0)"
23031,0.5256,0.0476,114274,0.5322,county,0.565,0.1249,131042,0.6103,county,0.5534,0.1048,132838,0.6186,county,0.0394,0.1467,-0.0116,0.0137,"MEDSL county presidential returns (doi:10.7910/DVN/VOQCHQ, v20.0)"
24001,0.2702,-0.437,30654,0.4524,county,0.3048,-0.3828,30641,0.4522,county,0.2942,-0.4017,32137,0.4743,county,0.0346,-0.0004,-0.0106,0.0488,"MEDSL county presidential returns (doi:10.7910/DVN/VOQCHQ, v20.0)"
24003,0.512,0.0223,270081,0.457,county,0.5748,0.1453,309617,0.5239,county,0.5716,0.1382,311572,0.5273,county,0.0629,0.1464,-0.0033,0.0063,"MEDSL county presidential returns (doi:10.7910/DVN/VOQCHQ, v20.0)"
24005,0.5937,0.1764,390682,0.4598,county,0.6387,0.2704,414932,0.4884,county,0.6256,0.2431,412915,0.486,county,0.045,0.0621,-0.013,-0.0049,"MEDSL county presidential returns (doi:10.7910/DVN/VOQCHQ, v20.0)"
24009,0.4105,-0.1677,47408,0.5055,county,0.4712,-0.0562,49113,0.5236,county,0.4439,-0.1093,54191,0.5778,county,0.0608,0.036,-0.0273,0.1034,"MEDSL county presidential returns (doi:10.7910/DVN/VOQCHQ, v20.0)"
24011,0.2997,-0.3797,14113,0.4225,county,0.3313,-0.3285,15794,0.4728,county,0.3054,-0.3792,16330,0.4888,county,0.0316,0.1191,-0.0259,0.0339,"MEDSL county presidential returns (doi:10.7910/DVN/VOQCHQ, v20.0)"
24013,0.3134,-0.3446,91848,0.5269,county,0.3771,-0.2368,100327,0.5755,county,0.3719,-0.2475,102651,0.5889,county,0.0637,0.0923,-0.0052,0.0232,"MEDSL county presidential returns (doi:10.7910/DVN/VOQCHQ, v20.0)"
24015,0.321,-0.3362,45269,0.4338,county,0.3635,-0.2661,47462,0.4548,county,0.3423,-0.3075,52831,0.5062,county,0.0424,0.0484,-0.0212,0.1131,"MEDSL county presidential returns (doi:10.7910/DVN/VOQCHQ, v20.0)"
24017,0.6583,0.303,78303,0.4641,county,0.7085,0.4089,89498,0.5305,county,0.7082,0.4051,92097,0.5459,county,0.0502,0.143,-0.0003,0.029,"MEDSL county presidential returns (doi:10.7910/DVN/VOQCHQ, v20.0)"
24019,0.426,-0.1424,15225,0.4669,county,0.439,-0.1194,15977,0.4899,county,0.4255,-0.1452,16772,0.5143,county,0.0129,0.0494,-0.0135,0.0498,"MEDSL county presidential returns (doi:10.7910/DVN/VOQCHQ, v20.0)"
24021,0.4871,-0.0239,125677,0.4483,county,0.5495,0.0961,145615,0.5194,county,0.5452,0.0875,156114,0.5569,county,0.0624,0.1586,-0.0043,0.0721,"MEDSL county presidential returns (doi:10.7910/DVN/VOQCHQ, v20.0)"
24023,0.1924,-0.5859,14011,0.488,county,0.2147,-0.5586,15611,0.5437,county,0.2238,-0.5384,15838,0.5516,county,0.0223,0.1142,0.0092,0.0145,"MEDSL county presidential returns (doi:10.7910/DVN/VOQCHQ, v20.0)"
24025,0.3768,-0.2303,133672,0.5092,county,0.4381,-0.1204,148186,0.5645,county,0.4292,-0.1372,150090,0.5718,county,0.0613,0.1086,-0.0089,0.0128,"MEDSL county presidential returns (doi:10.7910/DVN/VOQCHQ, v20.0)"
24027,0.6836,0.3398,162193,0.4857,county,0.7279,0.4427,183062,0.5482,county,0.7163,0.4133,182291,0.5459,county,0.0443,0.1287,-0.0116,-0.0042,"MEDSL county presidential returns (doi:10.7910/DVN/VOQCHQ, v20.0)"
24029,0.4841,-0.03,10021,0.5202,county,0.5064,0.0124,10794,0.5603,county,0.4857,-0.0279,11128,0.5776,county,0.0223,0.0771,-0.0207,0.0309,"MEDSL county presidential returns (doi:10.7910/DVN/VOQCHQ, v20.0)"
24031,0.7942,0.5537,478873,0.4528,county,0.8056,0.5964,533743,0.5047,county,0.7744,0.5276,519221,0.4909,county,0.0114,0.1146,-0.0313,-0.0272,"MEDSL county presidential returns (doi:10.7910/DVN/VOQCHQ, v20.0)"
24033,0.9129,0.7973,390385,0.4085,county,0.9109,0.8053,424855,0.4446,county,0.8852,0.7476,404009,0.4228,county,-0.002,0.0883,-0.0257,-0.0491,"MEDSL county presidential returns (doi:10.7910/DVN/VOQCHQ, v20.0)"
24035,0.3194,-0.3401,26523,0.5206,county,0.3636,-0.2652,30290,0.5945,county,0.3582,-0.276,32347,0.6349,county,0.0443,0.142,-0.0055,0.0679,"MEDSL county presidential returns (doi:10.7910/DVN/VOQCHQ, v20.0)"
24037,0.3795,-0.2233,49842,0.4358,county,0.4288,-0.1381,55665,0.4867,county,0.412,-0.1705,58954,0.5155,county,0.0492,0.1168,-0.0168,0.0591,"MEDSL county presidential returns (doi:10.7910/DVN/VOQCHQ, v20.0)"
24039,0.44,-0.1157,9900,0.4011,county,0.4249,-0.1476,10147,0.4111,county,0.4112,-0.1727,10137,0.4107,county,-0.015,0.0249,-0.0138,-0.001,"MEDSL county presidential returns (doi:10.7910/DVN/VOQCHQ, v20.0)"
24041,0.4466,-0.1008,20553,0.5451,county,0.5026,0.0051,22555,0.5982,county,0.4999,-0.0003,22830,0.6055,county,0.0561,0.0974,-0.0028,0.0122,"MEDSL county presidential returns (doi:10.7910/DVN/VOQCHQ, v20.0)"
24043,0.3401,-0.3011,65991,0.4257,county,0.393,-0.2092,67779,0.4372,county,0.3823,-0.229,73332,0.473,county,0.0529,0.0271,-0.0108,0.0819,"MEDSL county presidential returns (doi:10.7910/DVN/VOQCHQ, v20.0)"
24045,0.4485,-0.0975,42547,0.4086,county,0.4901,-0.0193,46216,0.4439,county,0.472,-0.0544,46912,0.4506,county,0.0416,0.0862,-0.0181,0.0151,"MEDSL county presidential returns (doi:10.7910/DVN/VOQCHQ, v20.0)"
24047,0.3617,-0.2637,28273,0.5307,county,0.4035,-0.1897,31691,0.5948,county,0.3877,-0.219,32881,0.6171,county,0.0417,0.1209,-0.0158,0.0376,"MEDSL county presidential returns (doi:10.7910/DVN/VOQCHQ, v20.0)"
24510,0.8894,0.7413,239402,0.4148,county,0.8909,0.766,237461,0.4114,county,0.8746,0.7243,230754,0.3998,county,0.0015,-0.0081,-0.0164,-0.0282,"MEDSL county presidential returns (doi:10.7910/DVN/VOQCHQ, v20.0)"
25001,0.5724,0.1369,133862,0.5818,county,0.6245,0.2421,151512,0.6585,county,0.6054,0.2062,148785,0.6467,county,0.0521,0.1319,-0.0191,-0.018,"MEDSL county presidential returns (doi:10.7910/DVN/VOQCHQ, v20.0)"
25003,0.7219,0.4147,64803,0.5061,county,0.7411,0.4687,71771,0.5605,county,0.704,0.3974,68674,0.5363,county,0.0192,0.1075,-0.0371,-0.0432,"MEDSL county presidential returns (doi:10.7910/DVN/VOQCHQ, v20.0)"
25005,0.5513,0.0968,248959,0.4304,county,0.5613,0.1191,281364,0.4864,county,0.5066,0.0129,278017,0.4806,county,0.01,0.1302,-0.0547,-0.0119,"MEDSL county presidential returns (doi:10.7910/DVN/VOQCHQ, v20.0)"
25007,0.7723,0.515,11502,0.5543,county,0.7903,0.5658,12873,0.6204,county,0.769,0.5235,12209,0.5884,county,0.018,0.1192,-0.0213,-0.0516,"MEDSL county presidential returns (doi:10.7910/DVN/VOQCHQ, v20.0)"
25009,0.6199,0.2264,379868,0.4706,county,0.6485,0.2882,424599,0.526,county,0.6037,0.2023,401851,0.4978,county,0.0286,0.1178,-0.0448,-0.0536,"MEDSL county presidential returns (doi:10.7910/DVN/VOQCHQ, v20.0)"
25011,0.7025,0.3697,38177,0.5383,county,0.7283,0.4379,43003,0.6063,county,0.6949,0.3758,42248,0.5957,county,0.0258,0.1264,-0.0334,-0.0176,"MEDSL county presidential returns (doi:10.7910/DVN/VOQCHQ, v20.0)"
25013,0.5886,0.1669,203117,0.4388,county,0.5906,0.175,220793,0.477,county,0.5454,0.0885,208604,0.4507,county,0.0019,0.087,-0.0452,-0.0552,"MEDSL county presidential returns (doi:10.7910/DVN/VOQCHQ, v20.0)"
25015,0.7176,0.4048,82956,0.5297,county,0.7398,0.4651,88332,0.5641,county,0.716,0.4174,84720,0.541,county,0.0222,0.0648,-0.0239,-0.0409,"MEDSL county presidential returns (doi:10.7910/DVN/VOQCHQ, v20.0)"
25017,0.703,0.3834,784034,0.4831,county,0.7311,0.4489,869347,0.5357,county,0.7022,0.3919,814832,0.5021,county,0.0281,0.1088,-0.0289,-0.0627,"MEDSL county presidential returns (doi:10.7910/DVN/VOQCHQ, v20.0)"
25019,0.6867,0.3519,6406,0.448,county,0.7325,0.4534,7338,0.5132,county,0.6879,0.3671,7118,0.4978,county,0.0458,0.1455,-0.0446,-0.03,"MEDSL county presidential returns (doi:10.7910/DVN/VOQCHQ, v20.0)"
25021,0.6495,0.2824,361562,0.499,county,0.6857,0.3601,411042,0.5673,county,0.6469,0.2852,386447,0.5334,county,0.0362,0.1369,-0.0388,-0.0598,"MEDSL county presidential returns (doi:10.7910/DVN/VOQCHQ, v20.0)"
25023,0.5401,0.0755,266863,0.5017,county,0.5889,0.1725,303870,0.5713,county,0.545,0.088,300129,0.5643,county,0.0487,0.1387,-0.0439,-0.0123,"MEDSL county presidential returns (doi:10.7910/DVN/VOQCHQ, v20.0)"
25025,0.8298,0.6327,308741,0.3947,county,0.8219,0.6284,337240,0.4312,county,0.7698,0.5207,299193,0.3825,county,-0.0078,0.0923,-0.0521,-0.1128,"MEDSL county presidential returns (doi:10.7910/DVN/VOQCHQ, v20.0)"
25027,0.5576,0.1071,383705,0.4453,county,0.5917,0.1773,434921,0.5047,county,0.5511,0.0995,420841,0.4884,county,0.034,0.1335,-0.0405,-0.0324,"MEDSL county presidential returns (doi:10.7910/DVN/VOQCHQ, v20.0)"
26001,0.2919,-0.3984,6198,0.6012,county,0.3064,-0.3831,7064,0.6852,county,0.2893,-0.4165,7483,0.7258,county,0.0145,0.1397,-0.0171,0.0593,"MEDSL county presidential returns (doi:10.7910/DVN/VOQCHQ, v20.0)"
26003,0.3915,-0.2041,4518,0.5127,county,0.4052,-0.1874,5128,0.5819,county,0.3997,-0.198,5258,0.5966,county,0.0137,0.135,-0.0054,0.0254,"MEDSL county presidential returns (doi:10.7910/DVN/VOQCHQ, v20.0)"
26005,0.3456,-0.2892,55786,0.4614,county,0.3713,-0.2525,67094,0.5549,county,0.3619,-0.2721,71913,0.5947,county,0.0258,0.2027,-0.0094,0.0718,"MEDSL county presidential returns (doi:10.7910/DVN/VOQCHQ, v20.0)"
26007,0.3492,-0.2866,14698,0.5084,county,0.3596,-0.2762,16969,0.587,county,0.3551,-0.2864,17213,0.5954,county,0.0104,0.1545,-0.0045,0.0144,"MEDSL county presidential returns (doi:10.7910/DVN/VOQCHQ, v20.0)"
26009,0.3444,-0.2961,13582,0.5689,county,0.3794,-0.2375,15949,0.668,county,0.3797,-0.2376,16883,0.7071,county,0.0351,0.1743,0.0003,0.0586,"MEDSL county presidential returns (doi:10.7910/DVN/VOQCHQ, v20.0)"
26011,0.3251,-0.3334,7696,0.5112,county,0.3188,-0.3572,8831,0.5866,county,0.2944,-0.4059,9158,0.6083,county,-0.0063,0.1475,-0.0243,0.037,"MEDSL county presidential returns (doi:10.7910/DVN/VOQCHQ, v20.0)"
26013,0.3488,-0.2871,3490,0.4231,county,0.3704,-0.2561,4038,0.4895,county,0.3487,-0.298,4332,0.5252,county,0.0216,0.157,-0.0217,0.0728,"MEDSL county presidential returns (doi:10.7910/DVN/VOQCHQ, v20.0)"
26015,0.3219,-0.3326,30329,0.4816,county,0.3345,-0.3251,35905,0.5701,county,0.3257,-0.3433,38625,0.6133,county,0.0126,0.1839,-0.0088,0.0758,"MEDSL county presidential returns (doi:10.7910/DVN/VOQCHQ, v20.0)"
26017,0.4331,-0.1262,52977,0.5132,county,0.4412,-0.1157,60255,0.5837,county,0.4255,-0.1471,61338,0.5942,county,0.0081,0.1374,-0.0157,0.018,"MEDSL county presidential returns (doi:10.7910/DVN/VOQCHQ, v20.0)"
26019,0.4258,-0.1399,10228,0.5627,county,0.4536,-0.0914,12262,0.6746,county,0.456,-0.0868,12846,0.7067,county,0.0278,0.1989,0.0024,0.0476,"MEDSL county presidential returns (doi:10.7910/DVN/VOQCHQ, v20.0)"
26021,0.4328,-0.1271,72031,0.4695,county,0.4624,-0.0738,82391,0.5371,county,0.4601,-0.0787,84488,0.5507,county,0.0296,0.1438,-0.0024,0.0255,"MEDSL county presidential returns (doi:10.7910/DVN/VOQCHQ, v20.0)"
26023,0.3004,-0.3807,17663,0.3933,county,0.3046,-0.3849,20536,0.4572,county,0.2847,-0.4238,21089,0.4695,county,0.0041,0.1627,-0.0198,0.0269,"MEDSL county presidential returns (doi:10.7910/DVN/VOQCHQ, v20.0)"
26025,0.4341,-0.1246,58902,0.4401,county,0.4436,-0.1108,66281,0.4952,county,0.4289,-0.1404,68505,0.5118,county,0.0095,0.1253,-0.0147,0.0336,"MEDSL county presidential returns (doi:10.7910/DVN/VOQCHQ, v20.0)"
26027,0.3379,-0.3086,22595,0.4378,county,0.3535,-0.2887,26216,0.508,county,0.3284,-0.3392,27871,0.5401,county,0.0155,0.1603,-0.025,0.0631,"MEDSL county presidential returns (doi:10.7910/DVN/VOQCHQ, v20.0)"
26029,0.3719,-0.2424,14589,0.558,county,0.4135,-0.1707,17000,0.6503,county,0.4141,-0.1691,17661,0.6756,county,0.0416,0.1653,0.0006,0.0389,"MEDSL county presidential returns (doi:10.7910/DVN/VOQCHQ, v20.0)"
26031,0.3313,-0.3204,13672,0.5304,county,0.348,-0.2993,15868,0.6156,county,0.3422,-0.3111,16423,0.6371,county,0.0167,0.1606,-0.0058,0.035,"MEDSL county presidential returns (doi:10.7910/DVN/VOQCHQ, v20.0)"
26033,0.3709,-0.2422,15456,0.4241,county,0.3836,-0.2286,17642,0.484,county,0.3766,-0.2425,18365,0.5039,county,0.0127,0.1414,-0.007,0.041,"MEDSL county presidential returns (doi:10.7910/DVN/VOQCHQ, v20.0)"
26035,0.3332,-0.3179,13389,0.4304,county,0.3237,-0.3478,16281,0.5234,county,0.3094,-0.3759,17288,0.5557,county,-0.0094,0.216,-0.0144,0.0619,"MEDSL county presidential returns (doi:10.7910/DVN/VOQCHQ, v20.0)"
26037,0.4325,-0.1265,40655,0.5119,county,0.4667,-0.0653,47927,0.6035,county,0.4563,-0.086,49986,0.6294,county,0.0342,0.1789,-0.0105,0.043,"MEDSL county presidential returns (doi:10.7910/DVN/VOQCHQ, v20.0)"
26039,0.3264,-0.3279,6844,0.5157,county,0.3444,-0.3072,7861,0.5923,county,0.329,-0.3375,8476,0.6387,county,0.018,0.1486,-0.0154,0.0782,"MEDSL county presidential returns (doi:10.7910/DVN/VOQCHQ, v20.0)"
26041,0.3666,-0.2534,18492,0.5021,county,0.3654,-0.2648,21151,0.5743,county,0.3459,-0.3039,21874,0.5939,county,-0.0011,0.1438,-0.0195,0.0342,"MEDSL county presidential returns (doi:10.7910/DVN/VOQCHQ, v20.0)"
26043,0.3138,-0.3537,13165,0.5075,county,0.3303,-0.334,14589,0.5624,county,0.3157,-0.3632,15312,0.5903,county,0.0166,0.1082,-0.0146,0.0496,"MEDSL county presidential returns (doi:10.7910/DVN/VOQCHQ, v20.0)"
26045,0.4746,-0.0475,56221,0.5158,county,0.496,-0.0078,64327,0.5902,county,0.4841,-0.0314,65208,0.5982,county,0.0215,0.1442,-0.012,0.0137,"MEDSL county presidential returns (doi:10.7910/DVN/VOQCHQ, v20.0)"
26047,0.3964,-0.1938,18802,0.5504,county,0.4433,-0.1115,22177,0.6492,county,0.4453,-0.1077,22851,0.669,county,0.0469,0.1795,0.002,0.0304,"MEDSL county presidential returns (doi:10.7910/DVN/VOQCHQ, v20.0)"
26049,0.5497,0.0946,196296,0.4858,county,0.5474,0.0934,221360,0.5478,county,0.5213,0.042,223268,0.5525,county,-0.0023,0.1277,-0.0261,0.0086,"MEDSL county presidential returns (doi:10.7910/DVN/VOQCHQ, v20.0)"
26051,0.3183,-0.3472,12472,0.4883,county,0.3138,-0.3677,14603,0.5717,county,0.294,-0.4073,15488,0.6064,county,-0.0045,0.1709,-0.0198,0.0606,"MEDSL county presidential returns (doi:10.7910/DVN/VOQCHQ, v20.0)"
26053,0.4213,-0.1491,7329,0.5108,county,0.437,-0.1246,8266,0.5761,county,0.4134,-0.1709,8295,0.5781,county,0.0157,0.1278,-0.0236,0.0035,"MEDSL county presidential returns (doi:10.7910/DVN/VOQCHQ, v20.0)"
26055,0.4334,-0.125,51589,0.5387,county,0.4846,-0.0302,60236,0.6291,county,0.4912,-0.0173,62772,0.6555,county,0.0513,0.1676,0.0066,0.0421,"MEDSL county presidential returns (doi:10.7910/DVN/VOQCHQ, v20.0)"
26057,0.3645,-0.2559,16465,0.397,county,0.3561,-0.2828,19127,0.4611,county,0.3413,-0.313,19848,0.4785,county,-0.0084,0.1617,-0.0148,0.0377,"MEDSL county presidential returns (doi:10.7910/DVN/VOQCHQ, v20.0)"
26059,0.254,-0.4662,19940,0.4367,county,0.2567,-0.4787,23302,0.5104,county,0.2397,-0.5138,24828,0.5438,county,0.0027,0.1686,-0.0169,0.0655,"MEDSL county presidential returns (doi:10.7910/DVN/VOQCHQ, v20.0)"
26061,0.4152,-0.1573,15624,0.4174,county,0.4275,-0.142,18501,0.4943,county,0.4134,-0.1703,19374,0.5176,county,0.0123,0.1841,-0.0141,0.0472,"MEDSL county presidential returns (doi:10.7910/DVN/VOQCHQ, v20.0)"
26063,0.2998,-0.3841,15917,0.5092,county,0.3013,-0.3927,18437,0.5898,county,0.2946,-0.406,18969,0.6069,county,0.0015,0.1583,-0.0067,0.0289,"MEDSL county presidential returns (doi:10.7910/DVN/VOQCHQ, v20.0)"
26065,0.6433,0.2687,131138,0.465,county,0.6642,0.3222,144550,0.5126,county,0.6515,0.2969,148101,0.5252,county,0.0209,0.1023,-0.0126,0.0246,"MEDSL county presidential returns (doi:10.7910/DVN/VOQCHQ, v20.0)"
26067,0.3343,-0.3084,26854,0.4026,county,0.3454,-0.3029,32209,0.4829,county,0.3383,-0.3187,34021,0.51,county,0.0112,0.1994,-0.0072,0.0563,"MEDSL county presidential returns (doi:10.7910/DVN/VOQCHQ, v20.0)"
26069,0.3424,-0.2994,13361,0.5274,county,0.3551,-0.2855,15363,0.6064,county,0.3448,-0.3058,15731,0.621,county,0.0127,0.1498,-0.0103,0.024,"MEDSL county presidential returns (doi:10.7910/DVN/VOQCHQ, v20.0)"
26071,0.3529,-0.2827,5910,0.5073,county,0.3716,-0.2538,6789,0.5827,county,0.3516,-0.2932,7027,0.6032,county,0.0187,0.1487,-0.02,0.0351,"MEDSL county presidential returns (doi:10.7910/DVN/VOQCHQ, v20.0)"
26073,0.4803,-0.0368,25392,0.3938,county,0.4871,-0.0253,29421,0.4563,county,0.4619,-0.0749,30835,0.4782,county,0.0068,0.1587,-0.0252,0.0481,"MEDSL county presidential returns (doi:10.7910/DVN/VOQCHQ, v20.0)"
26075,0.3933,-0.2009,69677,0.435,county,0.4031,-0.1902,80861,0.5048,county,0.3919,-0.213,83827,0.5233,county,0.0098,0.1605,-0.0113,0.0367,"MEDSL county presidential returns (doi:10.7910/DVN/VOQCHQ, v20.0)"
26077,0.5682,0.1276,126299,0.4831,county,0.5956,0.1873,143414,0.5486,county,0.5902,0.1773,145710,0.5573,county,0.0274,0.1355,-0.0054,0.016,"MEDSL county presidential returns (doi:10.7910/DVN/VOQCHQ, v20.0)"
26079,0.2716,-0.4343,8833,0.4876,county,0.2876,-0.4171,10631,0.5868,county,0.2823,-0.4287,11529,0.6364,county,0.016,0.2036,-0.0053,0.0845,"MEDSL county presidential returns (doi:10.7910/DVN/VOQCHQ, v20.0)"
26081,0.4834,-0.0308,308184,0.4678,county,0.5313,0.0614,361048,0.548,county,0.5273,0.0536,371947,0.5645,county,0.0479,0.1715,-0.0041,0.0302,"MEDSL county presidential returns (doi:10.7910/DVN/VOQCHQ, v20.0)"
26083,0.393,-0.2001,1434,0.6809,county,0.4381,-0.122,1557,0.7393,county,0.4351,-0.1279,1611,0.765,county,0.0451,0.0858,-0.003,0.0347,"MEDSL county presidential returns (doi:10.7910/DVN/VOQCHQ, v20.0)"
26085,0.3803,-0.229,5328,0.4299,county,0.367,-0.2622,6323,0.5102,county,0.3369,-0.3218,6915,0.558,county,-0.0133,0.1867,-0.0301,0.0936,"MEDSL county presidential returns (doi:10.7910/DVN/VOQCHQ, v20.0)"
26087,0.2977,-0.383,45183,0.5094,county,0.3157,-0.3631,52650,0.5936,county,0.2985,-0.3979,55439,0.625,county,0.0179,0.1653,-0.0172,0.053,"MEDSL county presidential returns (doi:10.7910/DVN/VOQCHQ, v20.0)"
26089,0.4834,-0.0315,14757,0.6528,county,0.5263,0.052,16900,0.7476,county,0.5393,0.0775,17685,0.7823,county,0.0429,0.1452,0.013,0.0464,"MEDSL county presidential returns (doi:10.7910/DVN/VOQCHQ, v20.0)"
26091,0.3879,-0.2107,45939,0.4649,county,0.3987,-0.199,53375,0.5401,county,0.3832,-0.2304,55016,0.5567,county,0.0108,0.1619,-0.0156,0.0307,"MEDSL county presidential returns (doi:10.7910/DVN/VOQCHQ, v20.0)"
26093,0.3436,-0.2956,105866,0.5425,county,0.3851,-0.2261,127197,0.6518,county,0.3787,-0.2394,132448,0.6787,county,0.0415,0.2015,-0.0064,0.0413,"MEDSL county presidential returns (doi:10.7910/DVN/VOQCHQ, v20.0)"
26095,0.2794,-0.4168,2579,0.4077,county,0.2853,-0.4222,3001,0.4745,county,0.2617,-0.4693,2985,0.4719,county,0.0059,0.1636,-0.0237,-0.0053,"MEDSL county presidential returns (doi:10.7910/DVN/VOQCHQ, v20.0)"
26097,0.3577,-0.2721,6097,0.5612,county,0.3795,-0.2383,7015,0.6457,county,0.3741,-0.2488,7238,0.6662,county,0.0218,0.1506,-0.0054,0.0318,"MEDSL county presidential returns (doi:10.7910/DVN/VOQCHQ, v20.0)"
26099,0.4397,-0.1153,419312,0.4778,county,0.4591,-0.0807,494256,0.5632,county,0.4303,-0.1369,509152,0.5801,county,0.0194,0.1787,-0.0288,0.0301,"MEDSL county presidential returns (doi:10.7910/DVN/VOQCHQ, v20.0)"
26101,0.4186,-0.1537,12599,0.499,county,0.4233,-0.1511,14655,0.5805,county,0.419,-0.1594,15297,0.6059,county,0.0047,0.1632,-0.0043,0.0438,"MEDSL county presidential returns (doi:10.7910/DVN/VOQCHQ, v20.0)"
26103,0.5227,0.0423,32976,0.4964,county,0.5569,0.1116,37462,0.5639,county,0.5444,0.0873,39009,0.5872,county,0.0341,0.136,-0.0124,0.0413,"MEDSL county presidential returns (doi:10.7910/DVN/VOQCHQ, v20.0)"
26105,0.3831,-0.2195,14685,0.5033,county,0.3999,-0.1973,17254,0.5914,county,0.3917,-0.2135,18064,0.6191,county,0.0168,0.1749,-0.0082,0.0469,"MEDSL county presidential returns (doi:10.7910/DVN/VOQCHQ, v20.0)"
26107,0.3612,-0.2608,17168,0.4258,county,0.3573,-0.2799,21049,0.522,county,0.3474,-0.3005,22489,0.5577,county,-0.0039,0.2261,-0.0099,0.0684,"MEDSL county presidential returns (doi:10.7910/DVN/VOQCHQ, v20.0)"
26109,0.3456,-0.2937,10768,0.4622,county,0.3471,-0.3015,12607,0.5412,county,0.3298,-0.3362,13060,0.5606,county,0.0016,0.1708,-0.0173,0.0359,"MEDSL county presidential returns (doi:10.7910/DVN/VOQCHQ, v20.0)"
26111,0.396,-0.1932,42506,0.5082,county,0.4254,-0.1463,49088,0.5869,county,0.4228,-0.152,50301,0.6014,county,0.0294,0.1548,-0.0027,0.0247,"MEDSL county presidential returns (doi:10.7910/DVN/VOQCHQ, v20.0)"
26113,0.2251,-0.5222,7317,0.4828,county,0.2283,-0.5347,8755,0.5777,county,0.2158,-0.5595,9152,0.6039,county,0.0032,0.1965,-0.0125,0.0453,"MEDSL county presidential returns (doi:10.7910/DVN/VOQCHQ, v20.0)"
26115,0.3831,-0.2209,74218,0.4788,county,0.3848,-0.2265,87148,0.5622,county,0.3624,-0.2713,91356,0.5894,county,0.0018,0.1742,-0.0225,0.0483,"MEDSL county presidential returns (doi:10.7910/DVN/VOQCHQ, v20.0)"
26117,0.3177,-0.3395,26609,0.3961,county,0.3079,-0.3773,32100,0.4779,county,0.3022,-0.3897,34845,0.5187,county,-0.0099,0.2064,-0.0057,0.0855,"MEDSL county presidential returns (doi:10.7910/DVN/VOQCHQ, v20.0)"
26119,0.269,-0.4414,5009,0.5345,county,0.2807,-0.434,5859,0.6252,county,0.2701,-0.4533,6391,0.6819,county,0.0118,0.1697,-0.0106,0.0908,"MEDSL county presidential returns (doi:10.7910/DVN/VOQCHQ, v20.0)"
26121,0.508,0.0151,78088,0.4453,county,0.5028,0.0055,92444,0.5271,county,0.4909,-0.0179,95181,0.5427,county,-0.0052,0.1838,-0.0119,0.0296,"MEDSL county presidential returns (doi:10.7910/DVN/VOQCHQ, v20.0)"
26123,0.2905,-0.3958,22640,0.4491,county,0.2945,-0.4044,27161,0.5388,county,0.2827,-0.428,29201,0.5792,county,0.0041,0.1997,-0.0118,0.0751,"MEDSL county presidential returns (doi:10.7910/DVN/VOQCHQ, v20.0)"
26125,0.5426,0.0811,664614,0.5224,county,0.5712,0.1404,770351,0.6055,county,0.554,0.1058,772145,0.6069,county,0.0286,0.1591,-0.0172,0.0023,"MEDSL county presidential returns (doi:10.7910/DVN/VOQCHQ, v20.0)"
26127,0.3547,-0.2728,11930,0.4453,county,0.3573,-0.2808,14062,0.5249,county,0.3475,-0.3001,14870,0.5551,county,0.0026,0.1787,-0.0098,0.0575,"MEDSL county presidential returns (doi:10.7910/DVN/VOQCHQ, v20.0)"
26129,0.3074,-0.3656,10387,0.4981,county,0.2963,-0.4013,11907,0.571,county,0.2872,-0.42,12622,0.6053,county,-0.0111,0.1463,-0.0091,0.06,"MEDSL county presidential returns (doi:10.7910/DVN/VOQCHQ, v20.0)"
26131,0.3627,-0.2598,3426,0.5836,county,0.371,-0.2542,3804,0.648,county,0.3463,-0.3036,3841,0.6543,county,0.0083,0.1103,-0.0248,0.0097,"MEDSL county presidential returns (doi:10.7910/DVN/VOQCHQ, v20.0)"
26133,0.2694,-0.4365,10609,0.4588,county,0.2647,-0.4635,12329,0.5332,county,0.2565,-0.4788,13184,0.5702,county,-0.0047,0.1621,-0.0082,0.0693,"MEDSL county presidential returns (doi:10.7910/DVN/VOQCHQ, v20.0)"
26135,0.2686,-0.4417,4073,0.4885,county,0.2791,-0.4358,4874,0.5846,county,0.2756,-0.4434,5192,0.6227,county,0.0105,0.1967,-0.0035,0.0652,"MEDSL county presidential returns (doi:10.7910/DVN/VOQCHQ, v20.0)"
26137,0.3008,-0.3757,12538,0.4946,county,0.3266,-0.3413,14757,0.5821,county,0.3209,-0.3532,15971,0.63,county,0.0258,0.177,-0.0057,0.0823,"MEDSL county presidential returns (doi:10.7910/DVN/VOQCHQ, v20.0)"
26139,0.337,-0.3047,142734,0.478,county,0.3907,-0.2146,168713,0.565,county,0.3962,-0.2044,178507,0.5978,county,0.0537,0.182,0.0055,0.0581,"MEDSL county presidential returns (doi:10.7910/DVN/VOQCHQ, v20.0)"
26141,0.3484,-0.2893,7218,0.5492,county,0.3527,-0.2913,8344,0.6349,county,0.3529,-0.2896,8742,0.6652,county,0.0043,0.156,0.0001,0.0477,"MEDSL county presidential returns (doi:10.7910/DVN/VOQCHQ, v20.0)"
26143,0.3449,-0.2955,13041,0.5517,county,0.3482,-0.2999,15018,0.6353,county,0.3333,-0.3294,16068,0.6797,county,0.0033,0.1516,-0.0149,0.0699,"MEDSL county presidential returns (doi:10.7910/DVN/VOQCHQ, v20.0)"
26145,0.494,-0.0114,94320,0.4985,county,0.5015,0.0029,103349,0.5462,county,0.4834,-0.0327,103846,0.5488,county,0.0075,0.0957,-0.0181,0.0048,"MEDSL county presidential returns (doi:10.7910/DVN/VOQCHQ, v20.0)"
26147,0.3336,-0.3141,78003,0.4872,county,0.3464,-0.3022,92064,0.5751,county,0.3243,-0.3464,96524,0.6029,county,0.0128,0.1803,-0.0221,0.0484,"MEDSL county presidential returns (doi:10.7910/DVN/VOQCHQ, v20.0)"
26149,0.3358,-0.3097,23757,0.3903,county,0.3382,-0.3173,27936,0.4589,county,0.3276,-0.3395,29307,0.4815,county,0.0023,0.1759,-0.0106,0.0491,"MEDSL county presidential returns (doi:10.7910/DVN/VOQCHQ, v20.0)"
26151,0.266,-0.4454,19249,0.4744,county,0.2692,-0.4557,22446,0.5532,county,0.2586,-0.4766,23339,0.5752,county,0.0032,0.1661,-0.0106,0.0398,"MEDSL county presidential returns (doi:10.7910/DVN/VOQCHQ, v20.0)"
26153,0.3488,-0.2857,4154,0.5133,county,0.3396,-0.3163,4745,0.5863,county,0.3379,-0.3195,4898,0.6052,county,-0.0092,0.1423,-0.0017,0.0322,"MEDSL county presidential returns (doi:10.7910/DVN/VOQCHQ, v20.0)"
26155,0.3948,-0.1959,34111,0.5012,county,0.3987,-0.1989,39224,0.5763,county,0.3829,-0.2306,40685,0.5978,county,0.0038,0.1499,-0.0158,0.0372,"MEDSL county presidential returns (doi:10.7910/DVN/VOQCHQ, v20.0)"
26157,0.3028,-0.375,25796,0.4861,county,0.3003,-0.3934,29445,0.5548,county,0.2823,-0.4298,30717,0.5788,county,-0.0025,0.1415,-0.018,0.0432,"MEDSL county presidential returns (doi:10.7910/DVN/VOQCHQ, v20.0)"
26159,0.4256,-0.1392,33274,0.4397,county,0.4376,-0.1226,39066,0.5162,county,0.4232,-0.1514,41169,0.544,county,0.012,0.1741,-0.0144,0.0538,"MEDSL county presidential returns (doi:10.7910/DVN/VOQCHQ, v20.0)"
26161,0.7173,0.4128,188578,0.5119,county,0.7364,0.4662,216418,0.5875,county,0.7276,0.4437,221542,0.6014,county,0.0191,0.1476,-0.0089,0.0237,"MEDSL county presidential returns (doi:10.7910/DVN/VOQCHQ, v20.0)"
26163,0.694,0.3734,777838,0.4385,county,0.693,0.3812,872469,0.4919,county,0.6502,0.2897,856690,0.483,county,-0.001,0.1217,-0.0428,-0.0181,"MEDSL county presidential returns (doi:10.7910/DVN/VOQCHQ, v20.0)"
26165,0.3073,-0.3637,15298,0.4517,county,0.3254,-0.343,18265,0.5393,county,0.3243,-0.3463,19476,0.5751,county,0.0181,0.1939,-0.0011,0.0663,"MEDSL county presidential returns (doi:10.7910/DVN/VOQCHQ, v20.0)"
27001,0.3623,-0.258,9231,0.5795,county,0.3656,-0.2644,10025,0.6293,county,0.3433,-0.308,10446,0.6557,county,0.0033,0.086,-0.0223,0.042,"MEDSL county presidential returns (doi:10.7910/DVN/VOQCHQ, v20.0)"
27003,0.4472,-0.096,185758,0.506,county,0.4903,-0.019,211132,0.5751,county,0.4773,-0.0442,210481,0.5734,county,0.0431,0.1366,-0.013,-0.0031,"MEDSL county presidential returns (doi:10.7910/DVN/VOQCHQ, v20.0)"
27005,0.3237,-0.3293,17222,0.4884,county,0.3463,-0.3015,19401,0.5502,county,0.3318,-0.3306,19739,0.5598,county,0.0226,0.1265,-0.0145,0.0174,"MEDSL county presidential returns (doi:10.7910/DVN/VOQCHQ, v20.0)"
27007,0.4462,-0.0972,21564,0.4645,county,0.4839,-0.0315,24189,0.5211,county,0.4712,-0.0565,24874,0.5358,county,0.0377,0.1217,-0.0127,0.0283,"MEDSL county presidential returns (doi:10.7910/DVN/VOQCHQ, v20.0)"
27009,0.3047,-0.3606,20058,0.4838,county,0.3361,-0.319,22260,0.5369,county,0.317,-0.3582,22824,0.5505,county,0.0314,0.1098,-0.019,0.0253,"MEDSL county presidential returns (doi:10.7910/DVN/VOQCHQ, v20.0)"
27011,0.3642,-0.2494,2755,0.5347,county,0.3611,-0.2724,2974,0.5773,county,0.3493,-0.2946,2824,0.5481,county,-0.0031,0.0795,-0.0118,-0.0504,"MEDSL county presidential returns (doi:10.7910/DVN/VOQCHQ, v20.0)"
27013,0.4794,-0.0369,33593,0.4841,county,0.5228,0.0444,36051,0.5196,county,0.4938,-0.0122,36442,0.5252,county,0.0434,0.0732,-0.029,0.0108,"MEDSL county presidential returns (doi:10.7910/DVN/VOQCHQ, v20.0)"
27015,0.3017,-0.3589,13779,0.5335,county,0.3323,-0.3279,14635,0.5667,county,0.3207,-0.3505,14598,0.5652,county,0.0305,0.0621,-0.0115,-0.0025,"MEDSL county presidential returns (doi:10.7910/DVN/VOQCHQ, v20.0)"
27017,0.509,0.0165,18211,0.4995,county,0.5077,0.0151,20369,0.5587,county,0.487,-0.0255,20815,0.5709,county,-0.0013,0.1185,-0.0207,0.0219,"MEDSL county presidential returns (doi:10.7910/DVN/VOQCHQ, v20.0)"
27019,0.4254,-0.1355,55696,0.5128,county,0.475,-0.0487,66361,0.6109,county,0.4724,-0.0537,69160,0.6367,county,0.0497,0.1915,-0.0026,0.0422,"MEDSL county presidential returns (doi:10.7910/DVN/VOQCHQ, v20.0)"
27021,0.3315,-0.3146,15999,0.5213,county,0.3531,-0.2886,18289,0.596,county,0.3306,-0.3336,19363,0.631,county,0.0216,0.1431,-0.0225,0.0587,"MEDSL county presidential returns (doi:10.7910/DVN/VOQCHQ, v20.0)"
27023,0.3445,-0.287,6222,0.5023,county,0.3437,-0.3062,6611,0.5337,county,0.3267,-0.3401,6318,0.51,county,-0.0007,0.0625,-0.017,-0.0443,"MEDSL county presidential returns (doi:10.7910/DVN/VOQCHQ, v20.0)"
27025,0.3347,-0.3031,30228,0.5263,county,0.3501,-0.2925,34570,0.6019,county,0.3404,-0.3133,35601,0.6199,county,0.0154,0.1436,-0.0097,0.0298,"MEDSL county presidential returns (doi:10.7910/DVN/VOQCHQ, v20.0)"
27027,0.4892,-0.0195,29398,0.4479,county,0.5209,0.0408,32239,0.4912,county,0.5024,0.0047,32874,0.5009,county,0.0317,0.0966,-0.0185,0.0197,"MEDSL county presidential returns (doi:10.7910/DVN/VOQCHQ, v20.0)"
27029,0.2733,-0.4299,4245,0.4948,county,0.272,-0.4486,4708,0.5488,county,0.2464,-0.4998,4814,0.5611,county,-0.0013,0.1091,-0.0256,0.0225,"MEDSL county presidential returns (doi:10.7910/DVN/VOQCHQ, v20.0)"
27031,0.6232,0.2227,3395,0.6027,county,0.6748,0.3397,3806,0.6757,county,0.679,0.3481,3660,0.6497,county,0.0516,0.1211,0.0043,-0.0384,"MEDSL county presidential returns (doi:10.7910/DVN/VOQCHQ, v20.0)"
27033,0.3132,-0.3498,5721,0.4993,county,0.3057,-0.3817,6107,0.533,county,0.2909,-0.4095,5988,0.5226,county,-0.0075,0.0675,-0.0149,-0.0195,"MEDSL county presidential returns (doi:10.7910/DVN/VOQCHQ, v20.0)"
27035,0.3301,-0.3154,35842,0.5341,county,0.3484,-0.2975,40173,0.5986,county,0.3407,-0.3128,42366,0.6313,county,0.0183,0.1208,-0.0076,0.0546,"MEDSL county presidential returns (doi:10.7910/DVN/VOQCHQ, v20.0)"
27037,0.5259,0.0471,231440,0.5234,county,0.5714,0.1392,262259,0.5931,county,0.5657,0.1281,259805,0.5875,county,0.0454,0.1332,-0.0057,-0.0094,"MEDSL county presidential returns (doi:10.7910/DVN/VOQCHQ, v20.0)"
27039,0.3222,-0.3215,10654,0.5083,county,0.3439,-0.3039,12187,0.5814,county,0.3366,-0.3194,12484,0.5956,county,0.0217,0.1439,-0.0072,0.0244,"MEDSL county presidential returns (doi:10.7910/DVN/VOQCHQ, v20.0)"
27041,0.3084,-0.3552,21785,0.5536,county,0.3324,-0.3282,24165,0.614,county,0.3218,-0.35,25106,0.638,county,0.0241,0.1092,-0.0106,0.0389,"MEDSL county presidential returns (doi:10.7910/DVN/VOQCHQ, v20.0)"
27043,0.3161,-0.3381,7412,0.5329,county,0.3278,-0.3361,7914,0.569,county,0.3095,-0.373,7761,0.558,county,0.0117,0.0677,-0.0183,-0.0193,"MEDSL county presidential returns (doi:10.7910/DVN/VOQCHQ, v20.0)"
27045,0.3817,-0.217,11055,0.5179,county,0.384,-0.2265,12141,0.5688,county,0.3703,-0.2541,12385,0.5802,county,0.0022,0.0982,-0.0137,0.0201,"MEDSL county presidential returns (doi:10.7910/DVN/VOQCHQ, v20.0)"
27047,0.4068,-0.1724,16051,0.5219,county,0.4184,-0.1599,16818,0.5469,county,0.392,-0.2128,16704,0.5432,county,0.0115,0.0478,-0.0264,-0.0068,"MEDSL county presidential returns (doi:10.7910/DVN/VOQCHQ, v20.0)"
27049,0.4022,-0.1787,25717,0.5375,county,0.4238,-0.1483,28636,0.5985,county,0.4161,-0.1641,28817,0.6023,county,0.0216,0.1135,-0.0077,0.0063,"MEDSL county presidential returns (doi:10.7910/DVN/VOQCHQ, v20.0)"
27051,0.3488,-0.2758,3473,0.5686,county,0.3642,-0.2652,3654,0.5982,county,0.3438,-0.3045,3543,0.5801,county,0.0154,0.0521,-0.0205,-0.0304,"MEDSL county presidential returns (doi:10.7910/DVN/VOQCHQ, v20.0)"
27053,0.6912,0.3493,679977,0.5359,county,0.7211,0.4321,755969,0.5958,county,0.7182,0.4242,720173,0.5676,county,0.0299,0.1118,-0.0029,-0.0474,"MEDSL county presidential returns (doi:10.7910/DVN/VOQCHQ, v20.0)"
27055,0.4246,-0.1387,10604,0.565,county,0.4338,-0.1295,11440,0.6095,county,0.4162,-0.1645,11428,0.6089,county,0.0092,0.0788,-0.0176,-0.001,"MEDSL county presidential returns (doi:10.7910/DVN/VOQCHQ, v20.0)"
27057,0.3204,-0.3336,11505,0.5302,county,0.3523,-0.2885,12965,0.5975,county,0.3399,-0.3138,13617,0.6275,county,0.032,0.1269,-0.0124,0.0503,"MEDSL county presidential returns (doi:10.7910/DVN/VOQCHQ, v20.0)"
27059,0.2932,-0.3796,21016,0.5012,county,0.3021,-0.3859,24235,0.5779,county,0.2906,-0.4106,25918,0.6181,county,0.0089,0.1532,-0.0115,0.0694,"MEDSL county presidential returns (doi:10.7910/DVN/VOQCHQ, v20.0)"
27061,0.411,-0.1635,23880,0.529,county,0.4144,-0.1677,26561,0.5884,county,0.3975,-0.201,26840,0.5946,county,0.0035,0.1123,-0.0169,0.0105,"MEDSL county presidential returns (doi:10.7910/DVN/VOQCHQ, v20.0)"
27063,0.2925,-0.386,5484,0.5504,county,0.3065,-0.3786,5819,0.584,county,0.2859,-0.4196,5644,0.5664,county,0.014,0.0611,-0.0206,-0.0301,"MEDSL county presidential returns (doi:10.7910/DVN/VOQCHQ, v20.0)"
27065,0.3079,-0.355,8177,0.5029,county,0.3065,-0.3791,9242,0.5684,county,0.285,-0.4225,9703,0.5967,county,-0.0015,0.1302,-0.0214,0.0499,"MEDSL county presidential returns (doi:10.7910/DVN/VOQCHQ, v20.0)"
27067,0.3624,-0.2535,21772,0.4976,county,0.3689,-0.2566,23367,0.534,county,0.3423,-0.3092,23283,0.5321,county,0.0066,0.0733,-0.0266,-0.0036,"MEDSL county presidential returns (doi:10.7910/DVN/VOQCHQ, v20.0)"
27069,0.3789,-0.2205,2385,0.5729,county,0.3942,-0.2046,2639,0.6339,county,0.3724,-0.2496,2500,0.6005,county,0.0153,0.1065,-0.0218,-0.0527,"MEDSL county presidential returns (doi:10.7910/DVN/VOQCHQ, v20.0)"
27071,0.3925,-0.1985,6363,0.5325,county,0.3916,-0.2127,6922,0.5792,county,0.3696,-0.2561,6789,0.5681,county,-0.0009,0.0879,-0.022,-0.0192,"MEDSL county presidential returns (doi:10.7910/DVN/VOQCHQ, v20.0)"
27073,0.3627,-0.256,3860,0.5766,county,0.3639,-0.2678,4040,0.6035,county,0.3357,-0.3218,3996,0.597,county,0.0012,0.0466,-0.0281,-0.0109,"MEDSL county presidential returns (doi:10.7910/DVN/VOQCHQ, v20.0)"
27075,0.5121,0.0222,6521,0.5977,county,0.518,0.0353,7202,0.6601,county,0.5198,0.0387,6954,0.6373,county,0.006,0.1044,0.0017,-0.0344,"MEDSL county presidential returns (doi:10.7910/DVN/VOQCHQ, v20.0)"
27077,0.2642,-0.4402,2242,0.59,county,0.2825,-0.429,2408,0.6337,county,0.261,-0.4712,2347,0.6176,county,0.0183,0.074,-0.0215,-0.0253,"MEDSL county presidential returns (doi:10.7910/DVN/VOQCHQ, v20.0)"
27079,0.3349,-0.3045,14971,0.5174,county,0.3449,-0.3034,16818,0.5812,county,0.3288,-0.3359,17469,0.6037,county,0.01,0.1234,-0.016,0.0387,"MEDSL county presidential returns (doi:10.7910/DVN/VOQCHQ, v20.0)"
27081,0.3081,-0.3548,3019,0.5397,county,0.3064,-0.3801,3115,0.5568,county,0.3074,-0.3765,3235,0.5783,county,-0.0017,0.0318,0.001,0.0385,"MEDSL county presidential returns (doi:10.7910/DVN/VOQCHQ, v20.0)"
27083,0.3452,-0.2809,12215,0.4791,county,0.3674,-0.2594,12893,0.5056,county,0.3377,-0.3169,12990,0.5095,county,0.0222,0.0555,-0.0297,0.0075,"MEDSL county presidential returns (doi:10.7910/DVN/VOQCHQ, v20.0)"
27085,0.2906,-0.3816,18807,0.5115,county,0.3144,-0.3618,20933,0.5693,county,0.3069,-0.3783,21199,0.5765,county,0.0238,0.113,-0.0075,0.0127,"MEDSL county presidential returns (doi:10.7910/DVN/VOQCHQ, v20.0)"
27087,0.4841,-0.0292,2088,0.3888,county,0.4933,-0.013,2304,0.429,county,0.4556,-0.087,2183,0.4064,county,0.0092,0.1034,-0.0377,-0.0525,"MEDSL county presidential returns (doi:10.7910/DVN/VOQCHQ, v20.0)"
27089,0.2763,-0.4117,4817,0.5376,county,0.2582,-0.4745,5113,0.5706,county,0.2377,-0.5162,5031,0.5614,county,-0.0182,0.0614,-0.0204,-0.016,"MEDSL county presidential returns (doi:10.7910/DVN/VOQCHQ, v20.0)"
27091,0.279,-0.4111,10531,0.5302,county,0.3064,-0.3792,11009,0.5542,county,0.2988,-0.3956,10796,0.5435,county,0.0274,0.0454,-0.0077,-0.0193,"MEDSL county presidential returns (doi:10.7910/DVN/VOQCHQ, v20.0)"
27093,0.2825,-0.4,12282,0.5244,county,0.2924,-0.4059,13529,0.5776,county,0.2827,-0.4267,13694,0.5847,county,0.0099,0.1015,-0.0096,0.0122,"MEDSL county presidential returns (doi:10.7910/DVN/VOQCHQ, v20.0)"
27095,0.3079,-0.3557,13017,0.4837,county,0.3068,-0.3777,14689,0.5458,county,0.2927,-0.4079,15190,0.5644,county,-0.0011,0.1284,-0.0141,0.0341,"MEDSL county presidential returns (doi:10.7910/DVN/VOQCHQ, v20.0)"
27097,0.2196,-0.5273,17614,0.5161,county,0.2276,-0.5345,19558,0.573,county,0.2156,-0.5592,20313,0.5951,county,0.008,0.1104,-0.012,0.0386,"MEDSL county presidential returns (doi:10.7910/DVN/VOQCHQ, v20.0)"
27099,0.4574,-0.0782,17715,0.4421,county,0.4702,-0.0582,19345,0.4828,county,0.4467,-0.1046,18969,0.4734,county,0.0129,0.092,-0.0236,-0.0194,"MEDSL county presidential returns (doi:10.7910/DVN/VOQCHQ, v20.0)"
27101,0.3033,-0.3597,4668,0.5749,county,0.3011,-0.3909,4896,0.603,county,0.2843,-0.4229,4769,0.5874,county,-0.0022,0.0488,-0.0168,-0.0259,"MEDSL county presidential returns (doi:10.7910/DVN/VOQCHQ, v20.0)"
27103,0.4831,-0.0304,18097,0.5268,county,0.5162,0.0316,19125,0.5568,county,0.4974,-0.0051,19417,0.5653,county,0.0331,0.0568,-0.0188,0.0153,"MEDSL county presidential returns (doi:10.7910/DVN/VOQCHQ, v20.0)"
27105,0.3403,-0.2973,8632,0.3912,county,0.3437,-0.306,8715,0.3949,county,0.3193,-0.3555,8275,0.375,county,0.0035,0.0096,-0.0244,-0.0505,"MEDSL county presidential returns (doi:10.7910/DVN/VOQCHQ, v20.0)"
27107,0.4266,-0.1334,3261,0.5087,county,0.4182,-0.1595,3441,0.5367,county,0.3858,-0.2216,3294,0.5138,county,-0.0084,0.0552,-0.0324,-0.0427,"MEDSL county presidential returns (doi:10.7910/DVN/VOQCHQ, v20.0)"
27109,0.5042,0.0075,80129,0.4903,county,0.5549,0.1072,91385,0.5592,county,0.5545,0.1062,90924,0.5564,county,0.0508,0.1405,-0.0004,-0.005,"MEDSL county presidential returns (doi:10.7910/DVN/VOQCHQ, v20.0)"
27111,0.3085,-0.3569,32500,0.5391,county,0.3344,-0.3253,36399,0.6038,county,0.3262,-0.3409,36736,0.6094,county,0.026,0.12,-0.0082,0.0093,"MEDSL county presidential returns (doi:10.7910/DVN/VOQCHQ, v20.0)"
27113,0.3493,-0.2759,6715,0.4839,county,0.3617,-0.2699,7277,0.5244,county,0.339,-0.3139,7381,0.5319,county,0.0124,0.0837,-0.0227,0.0143,"MEDSL county presidential returns (doi:10.7910/DVN/VOQCHQ, v20.0)"
27115,0.3586,-0.2615,13811,0.4696,county,0.3457,-0.3023,16001,0.544,county,0.3214,-0.351,16911,0.575,county,-0.0129,0.1586,-0.0243,0.0569,"MEDSL county presidential returns (doi:10.7910/DVN/VOQCHQ, v20.0)"
27117,0.2524,-0.4599,4808,0.5141,county,0.2688,-0.4549,4940,0.5282,county,0.2557,-0.48,4837,0.5172,county,0.0164,0.0275,-0.0131,-0.0209,"MEDSL county presidential returns (doi:10.7910/DVN/VOQCHQ, v20.0)"
27119,0.3442,-0.2884,14796,0.4788,county,0.3554,-0.2838,15594,0.5046,county,0.3283,-0.3369,15419,0.4989,county,0.0112,0.0539,-0.0271,-0.0112,"MEDSL county presidential returns (doi:10.7910/DVN/VOQCHQ, v20.0)"
27121,0.357,-0.267,6319,0.5561,county,0.3593,-0.2763,7022,0.618,county,0.3389,-0.3157,7218,0.6352,county,0.0023,0.1113,-0.0204,0.0279,"MEDSL county presidential returns (doi:10.7910/DVN/VOQCHQ, v20.0)"
27123,0.7149,0.3912,273143,0.5017,county,0.7323,0.4536,295977,0.5436,county,0.7216,0.4312,278025,0.5107,county,0.0174,0.0836,-0.0106,-0.0607,"MEDSL county presidential returns (doi:10.7910/DVN/VOQCHQ, v20.0)"
27125,0.3212,-0.3195,1881,0.4796,county,0.3221,-0.3474,2196,0.5599,county,0.3106,-0.37,2116,0.5395,county,0.0009,0.1675,-0.0115,-0.0364,"MEDSL county presidential returns (doi:10.7910/DVN/VOQCHQ, v20.0)"
27127,0.2687,-0.427,7611,0.4948,county,0.2898,-0.4124,8284,0.5385,county,0.2807,-0.4318,8326,0.5412,county,0.0212,0.0884,-0.0092,0.0051,"MEDSL county presidential returns (doi:10.7910/DVN/VOQCHQ, v20.0)"
27129,0.3021,-0.3646,7606,0.5214,county,0.3134,-0.3655,8128,0.5572,county,0.289,-0.4133,8058,0.5524,county,0.0113,0.0686,-0.0245,-0.0086,"MEDSL county presidential returns (doi:10.7910/DVN/VOQCHQ, v20.0)"
27131,0.4834,-0.0306,32443,0.4814,county,0.4991,-0.0017,35686,0.5296,county,0.4872,-0.025,36412,0.5403,county,0.0157,0.1,-0.0119,0.0203,"MEDSL county presidential returns (doi:10.7910/DVN/VOQCHQ, v20.0)"
27133,0.3076,-0.355,4839,0.5026,county,0.3028,-0.3868,5240,0.5442,county,0.3005,-0.3918,5373,0.5581,county,-0.0048,0.0829,-0.0023,0.0254,"MEDSL county presidential returns (doi:10.7910/DVN/VOQCHQ, v20.0)"
27135,0.254,-0.4607,7804,0.51,county,0.2651,-0.4604,8421,0.5504,county,0.25,-0.4925,8499,0.5555,county,0.0111,0.0791,-0.0151,0.0093,"MEDSL county presidential returns (doi:10.7910/DVN/VOQCHQ, v20.0)"
27137,0.5642,0.1169,112422,0.562,county,0.58,0.1563,119531,0.5975,county,0.5699,0.1367,119009,0.5949,county,0.0159,0.0632,-0.0102,-0.0044,"MEDSL county presidential returns (doi:10.7910/DVN/VOQCHQ, v20.0)"
27139,0.4164,-0.1526,75029,0.4905,county,0.4661,-0.0663,87965,0.5751,county,0.4567,-0.0846,90141,0.5893,county,0.0497,0.1724,-0.0093,0.0247,"MEDSL county presidential returns (doi:10.7910/DVN/VOQCHQ, v20.0)"
27141,0.2998,-0.3678,48283,0.4868,county,0.3328,-0.3265,55612,0.5607,county,0.3226,-0.3479,57960,0.5844,county,0.033,0.1518,-0.0102,0.0422,"MEDSL county presidential returns (doi:10.7910/DVN/VOQCHQ, v20.0)"
27143,0.2734,-0.4166,7774,0.5206,county,0.2919,-0.4078,8452,0.566,county,0.2811,-0.4291,8537,0.5717,county,0.0185,0.0872,-0.0108,0.0101,"MEDSL county presidential returns (doi:10.7910/DVN/VOQCHQ, v20.0)"
27145,0.3494,-0.2769,79592,0.4995,county,0.3848,-0.2249,84835,0.5324,county,0.3637,-0.2667,86632,0.5436,county,0.0354,0.0659,-0.0211,0.0212,"MEDSL county presidential returns (doi:10.7910/DVN/VOQCHQ, v20.0)"
27147,0.3579,-0.2585,19179,0.5126,county,0.3848,-0.2243,21128,0.5647,county,0.3751,-0.244,20872,0.5579,county,0.0269,0.1016,-0.0097,-0.0121,"MEDSL county presidential returns (doi:10.7910/DVN/VOQCHQ, v20.0)"
27149,0.4305,-0.1265,5398,0.5573,county,0.387,-0.2206,5085,0.525,county,0.3625,-0.2697,5139,0.5306,county,-0.0435,-0.058,-0.0245,0.0106,"MEDSL county presidential returns (doi:10.7910/DVN/VOQCHQ, v20.0)"
27151,0.3627,-0.2557,4994,0.5103,county,0.3498,-0.295,5193,0.5306,county,0.3263,-0.3407,5054,0.5164,county,-0.0129,0.0398,-0.0235,-0.0268,"MEDSL county presidential returns (doi:10.7910/DVN/VOQCHQ, v20.0)"
27153,0.247,-0.4754,11993,0.4721,county,0.252,-0.4878,13257,0.5219,county,0.2282,-0.5336,13718,0.54,county,0.005,0.1054,-0.0238,0.0348,"MEDSL county presidential returns (doi:10.7910/DVN/VOQCHQ, v20.0)"
27155,0.3752,-0.233,1798,0.5483,county,0.3606,-0.2741,1864,0.5685,county,0.3388,-0.3152,1802,0.5496,county,-0.0146,0.0367,-0.0218,-0.0333,"MEDSL county presidential returns (doi:10.7910/DVN/VOQCHQ, v20.0)"
27157,0.3561,-0.2639,11832,0.5498,county,0.3655,-0.2634,13123,0.6098,county,0.3565,-0.2814,13509,0.6278,county,0.0093,0.1091,-0.009,0.0294,"MEDSL county presidential returns (doi:10.7910/DVN/VOQCHQ, v20.0)"
27159,0.2582,-0.4547,6934,0.4906,county,0.2682,-0.4555,7677,0.5431,county,0.2395,-0.5132,8047,0.5693,county,0.01,0.1072,-0.0287,0.0482,"MEDSL county presidential returns (doi:10.7910/DVN/VOQCHQ, v20.0)"
27161,0.3223,-0.3241,9653,0.5092,county,0.3455,-0.3011,10389,0.548,county,0.3344,-0.3243,10387,0.5479,county,0.0231,0.0762,-0.011,-0.0002,"MEDSL county presidential returns (doi:10.7910/DVN/VOQCHQ, v20.0)"
27163,0.5101,0.0184,144235,0.5297,county,0.5473,0.0923,166786,0.6125,county,0.5455,0.0888,169536,0.6226,county,0.0372,0.1563,-0.0018,0.0165,"MEDSL county presidential returns (doi:10.7910/DVN/VOQCHQ, v20.0)"
27165,0.3959,-0.1909,4998,0.4475,county,0.3904,-0.2146,5201,0.4657,county,0.3582,-0.2765,4933,0.4417,county,-0.0055,0.0406,-0.0322,-0.0515,"MEDSL county presidential returns (doi:10.7910/DVN/VOQCHQ, v20.0)"
27167,0.2955,-0.3743,3302,0.5149,county,0.3059,-0.3796,3430,0.5349,county,0.301,-0.3889,3353,0.5228,county,0.0104,0.0388,-0.0049,-0.0224,"MEDSL county presidential returns (doi:10.7910/DVN/VOQCHQ, v20.0)"
27169,0.4839,-0.029,26074,0.5246,county,0.502,0.0039,27173,0.5467,county,0.475,-0.0489,27797,0.5592,county,0.0181,0.0421,-0.027,0.023,"MEDSL county presidential returns (doi:10.7910/DVN/VOQCHQ, v20.0)"
27171,0.3197,-0.3295,69618,0.4792,county,0.3536,-0.2856,82426,0.5674,county,0.3506,-0.2924,90041,0.6198,county,0.0339,0.184,-0.003,0.0924,"MEDSL county presidential returns (doi:10.7910/DVN/VOQCHQ, v20.0)"
27173,0.3106,-0.3522,5276,0.5548,county,0.3113,-0.3701,5528,0.5813,county,0.2928,-0.4048,5410,0.5689,county,0.0007,0.0478,-0.0185,-0.0213,"MEDSL county presidential returns (doi:10.7910/DVN/VOQCHQ, v20.0)"
28001,0.5691,0.1361,13836,0.4755,county,0.5816,0.1614,13759,0.4729,county,0.5703,0.1393,11928,0.4099,county,0.0125,-0.0056,-0.0113,-0.1331,"MEDSL county presidential returns (doi:10.7910/DVN/VOQCHQ, v20.0)"
28003,0.1851,-0.6179,14783,0.4285,county,0.1783,-0.6355,15793,0.4578,county,0.1554,-0.6835,15112,0.438,county,-0.0067,0.0683,-0.023,-0.0431,"MEDSL county presidential returns (doi:10.7910/DVN/VOQCHQ, v20.0)"
28005,0.3861,-0.2258,7050,0.559,county,0.3678,-0.2617,7196,0.5706,county,0.3337,-0.3284,6815,0.5404,county,-0.0182,0.0207,-0.0341,-0.0529,"MEDSL county presidential returns (doi:10.7910/DVN/VOQCHQ, v20.0)"
28007,0.3983,-0.2005,8256,0.4668,county,0.4062,-0.1854,8823,0.4989,county,0.3829,-0.2328,7703,0.4356,county,0.0079,0.0687,-0.0233,-0.1269,"MEDSL county presidential returns (doi:10.7910/DVN/VOQCHQ, v20.0)"
28009,0.433,-0.1326,4013,0.5286,county,0.3952,-0.2077,4289,0.5649,county,0.3421,-0.3137,3880,0.5111,county,-0.0378,0.0688,-0.0531,-0.0954,"MEDSL county presidential returns (doi:10.7910/DVN/VOQCHQ, v20.0)"
28011,0.6634,0.3223,13824,0.4583,county,0.6559,0.308,13744,0.4557,county,0.6195,0.2373,10435,0.346,county,-0.0075,-0.0058,-0.0364,-0.2408,"MEDSL county presidential returns (doi:10.7910/DVN/VOQCHQ, v20.0)"
28013,0.3032,-0.3877,6396,0.4909,county,0.2914,-0.4132,6590,0.5058,county,0.2583,-0.4799,6034,0.4631,county,-0.0118,0.0303,-0.0331,-0.0844,"MEDSL county presidential returns (doi:10.7910/DVN/VOQCHQ, v20.0)"
28015,0.3066,-0.3833,5528,0.5625,county,0.3059,-0.385,5701,0.5801,county,0.2773,-0.4426,5194,0.5285,county,-0.0008,0.0313,-0.0286,-0.0889,"MEDSL county presidential returns (doi:10.7910/DVN/VOQCHQ, v20.0)"
28017,0.4693,-0.0606,7890,0.4643,county,0.4771,-0.0448,8141,0.4791,county,0.431,-0.1367,7234,0.4257,county,0.0079,0.0318,-0.0461,-0.1114,"MEDSL county presidential returns (doi:10.7910/DVN/VOQCHQ, v20.0)"
28019,0.304,-0.3862,4065,0.4974,county,0.2831,-0.43,4223,0.5168,county,0.2509,-0.4925,3890,0.476,county,-0.021,0.0389,-0.0322,-0.0789,"MEDSL county presidential returns (doi:10.7910/DVN/VOQCHQ, v20.0)"
28021,0.8729,0.7416,4272,0.4796,county,0.8622,0.7123,4449,0.4994,county,0.8409,0.6755,3541,0.3975,county,-0.0107,0.0414,-0.0212,-0.2041,"MEDSL county presidential returns (doi:10.7910/DVN/VOQCHQ, v20.0)"
28023,0.3348,-0.3276,7791,0.5051,county,0.3438,-0.3093,8338,0.5406,county,0.323,-0.3517,7571,0.4909,county,0.009,0.0702,-0.0208,-0.092,"MEDSL county presidential returns (doi:10.7910/DVN/VOQCHQ, v20.0)"
28025,0.5796,0.1572,10003,0.5418,county,0.5829,0.1632,10189,0.5519,county,0.5525,0.1041,9057,0.4906,county,0.0033,0.0186,-0.0304,-0.1111,"MEDSL county presidential returns (doi:10.7910/DVN/VOQCHQ, v20.0)"
28027,0.7244,0.4434,8912,0.4283,county,0.7171,0.4288,8501,0.4085,county,0.7011,0.3981,6790,0.3263,county,-0.0073,-0.0461,-0.0159,-0.2013,"MEDSL county presidential returns (doi:10.7910/DVN/VOQCHQ, v20.0)"
28029,0.5248,0.0491,12982,0.4637,county,0.5086,0.0171,12883,0.4602,county,0.4694,-0.0607,11665,0.4167,county,-0.0162,-0.0076,-0.0393,-0.0945,"MEDSL county presidential returns (doi:10.7910/DVN/VOQCHQ, v20.0)"
28031,0.3761,-0.245,8811,0.4834,county,0.3685,-0.2605,9360,0.5136,county,0.3323,-0.3327,8861,0.4862,county,-0.0076,0.0623,-0.0362,-0.0533,"MEDSL county presidential returns (doi:10.7910/DVN/VOQCHQ, v20.0)"
28033,0.3234,-0.3425,65695,0.3483,county,0.3782,-0.239,76124,0.4036,county,0.3765,-0.2408,79082,0.4193,county,0.0549,0.1587,-0.0017,0.0389,"MEDSL county presidential returns (doi:10.7910/DVN/VOQCHQ, v20.0)"
28035,0.4311,-0.1334,28064,0.3597,county,0.4431,-0.1117,31654,0.4057,county,0.409,-0.1793,28466,0.3648,county,0.012,0.1279,-0.034,-0.1007,"MEDSL county presidential returns (doi:10.7910/DVN/VOQCHQ, v20.0)"
28037,0.3557,-0.2841,4290,0.5604,county,0.3361,-0.3235,4461,0.5828,county,0.3,-0.3979,4066,0.5312,county,-0.0195,0.0399,-0.0362,-0.0885,"MEDSL county presidential returns (doi:10.7910/DVN/VOQCHQ, v20.0)"
28039,0.1056,-0.7754,9891,0.3977,county,0.1114,-0.7688,11049,0.4443,county,0.1035,-0.7878,11069,0.4451,county,0.0058,0.1171,-0.0079,0.0018,"MEDSL county presidential returns (doi:10.7910/DVN/VOQCHQ, v20.0)"
28041,0.1835,-0.626,5369,0.3949,county,0.1677,-0.6586,5812,0.4275,county,0.1488,-0.6976,5649,0.4155,county,-0.0158,0.0825,-0.0189,-0.028,"MEDSL county presidential returns (doi:10.7910/DVN/VOQCHQ, v20.0)"
28043,0.4256,-0.1471,10513,0.4926,county,0.4377,-0.1235,10911,0.5112,county,0.4181,-0.1629,9766,0.4576,county,0.0121,0.0379,-0.0196,-0.1049,"MEDSL county presidential returns (doi:10.7910/DVN/VOQCHQ, v20.0)"
28045,0.1949,-0.5935,17637,0.3829,county,0.2183,-0.5549,20957,0.455,county,0.2035,-0.5866,21175,0.4598,county,0.0233,0.1882,-0.0148,0.0104,"MEDSL county presidential returns (doi:10.7910/DVN/VOQCHQ, v20.0)"
28047,0.3441,-0.303,63313,0.3023,county,0.3719,-0.252,75768,0.3618,county,0.3538,-0.289,75923,0.3625,county,0.0279,0.1967,-0.0181,0.002,"MEDSL county presidential returns (doi:10.7910/DVN/VOQCHQ, v20.0)"
28049,0.7278,0.447,94681,0.4255,county,0.7453,0.4841,99995,0.4494,county,0.7336,0.4609,86830,0.3903,county,0.0174,0.0561,-0.0116,-0.1317,"MEDSL county presidential returns (doi:10.7910/DVN/VOQCHQ, v20.0)"
28051,0.8363,0.6662,8076,0.4897,county,0.828,0.6431,8115,0.4921,county,0.8134,0.6207,6730,0.4081,county,-0.0084,0.0048,-0.0145,-0.1707,"MEDSL county presidential returns (doi:10.7910/DVN/VOQCHQ, v20.0)"
28053,0.7274,0.4514,4253,0.5618,county,0.7296,0.4531,4189,0.5534,county,0.7116,0.419,3468,0.4581,county,0.0022,-0.015,-0.0179,-0.1721,"MEDSL county presidential returns (doi:10.7910/DVN/VOQCHQ, v20.0)"
28055,0.57,0.1388,699,0.6384,county,0.5354,0.0695,676,0.6174,county,0.4923,-0.0145,622,0.568,county,-0.0345,-0.0329,-0.0432,-0.0799,"MEDSL county presidential returns (doi:10.7910/DVN/VOQCHQ, v20.0)"
28057,0.1165,-0.7552,9737,0.4067,county,0.1169,-0.7569,10819,0.4519,county,0.0973,-0.7999,10621,0.4436,county,0.0004,0.1111,-0.0195,-0.0183,"MEDSL county presidential returns (doi:10.7910/DVN/VOQCHQ, v20.0)"
28059,0.3035,-0.3828,49567,0.3432,county,0.3237,-0.3469,54543,0.3776,county,0.2984,-0.3989,52410,0.3629,county,0.0202,0.1004,-0.0254,-0.0391,"MEDSL county presidential returns (doi:10.7910/DVN/VOQCHQ, v20.0)"
28061,0.5196,0.0389,8475,0.5228,county,0.5023,0.0045,8736,0.5389,county,0.4747,-0.0502,7890,0.4867,county,-0.0174,0.0308,-0.0275,-0.0968,"MEDSL county presidential returns (doi:10.7910/DVN/VOQCHQ, v20.0)"
28063,0.872,0.7376,3860,0.5416,county,0.8624,0.7155,3908,0.5483,county,0.8345,0.6626,3299,0.4629,county,-0.0096,0.0124,-0.0279,-0.1558,"MEDSL county presidential returns (doi:10.7910/DVN/VOQCHQ, v20.0)"
28065,0.6014,0.2011,6237,0.5577,county,0.5868,0.1714,6213,0.5556,county,0.5692,0.1374,5378,0.4809,county,-0.0145,-0.0038,-0.0177,-0.1344,"MEDSL county presidential returns (doi:10.7910/DVN/VOQCHQ, v20.0)"
28067,0.279,-0.4353,28352,0.4242,county,0.2864,-0.4224,30091,0.4502,county,0.2641,-0.4681,27755,0.4153,county,0.0073,0.0613,-0.0223,-0.0776,"MEDSL county presidential returns (doi:10.7910/DVN/VOQCHQ, v20.0)"
28069,0.6139,0.2261,4639,0.5239,county,0.6177,0.2325,4731,0.5343,county,0.5847,0.1689,4086,0.4614,county,0.0038,0.0198,-0.0329,-0.1363,"MEDSL county presidential returns (doi:10.7910/DVN/VOQCHQ, v20.0)"
28071,0.423,-0.1478,19643,0.3451,county,0.4375,-0.1229,23423,0.4115,county,0.3893,-0.2176,23409,0.4113,county,0.0145,0.1924,-0.0482,-0.0006,"MEDSL county presidential returns (doi:10.7910/DVN/VOQCHQ, v20.0)"
28073,0.2168,-0.5514,24592,0.3779,county,0.2617,-0.4692,28485,0.4377,county,0.253,-0.4876,28171,0.4329,county,0.0449,0.1583,-0.0087,-0.011,"MEDSL county presidential returns (doi:10.7910/DVN/VOQCHQ, v20.0)"
28075,0.3885,-0.2193,29506,0.4099,county,0.4191,-0.1602,31247,0.4341,county,0.3931,-0.212,27407,0.3807,county,0.0306,0.059,-0.026,-0.1229,"MEDSL county presidential returns (doi:10.7910/DVN/VOQCHQ, v20.0)"
28077,0.3492,-0.2979,6364,0.5356,county,0.3453,-0.3062,6613,0.5565,county,0.3159,-0.3658,6053,0.5094,county,-0.0039,0.0391,-0.0294,-0.0847,"MEDSL county presidential returns (doi:10.7910/DVN/VOQCHQ, v20.0)"
28079,0.4284,-0.1418,8449,0.3969,county,0.4271,-0.1447,9200,0.4322,county,0.3822,-0.234,8380,0.3936,county,-0.0013,0.0889,-0.0448,-0.0891,"MEDSL county presidential returns (doi:10.7910/DVN/VOQCHQ, v20.0)"
28081,0.311,-0.3704,32913,0.3959,county,0.3349,-0.3252,36954,0.4445,county,0.3037,-0.3883,35338,0.4251,county,0.0239,0.1228,-0.0312,-0.0437,"MEDSL county presidential returns (doi:10.7910/DVN/VOQCHQ, v20.0)"
28083,0.708,0.4107,11140,0.4061,county,0.7097,0.4149,10893,0.3971,county,0.6941,0.3845,9421,0.3434,county,0.0017,-0.0222,-0.0156,-0.1351,"MEDSL county presidential returns (doi:10.7910/DVN/VOQCHQ, v20.0)"
28085,0.297,-0.401,15193,0.4362,county,0.303,-0.3902,16801,0.4824,county,0.2716,-0.4537,15802,0.4537,county,0.0059,0.1058,-0.0314,-0.0595,"MEDSL county presidential returns (doi:10.7910/DVN/VOQCHQ, v20.0)"
28087,0.4711,-0.0568,25575,0.4395,county,0.4867,-0.0262,27241,0.4682,county,0.4588,-0.0815,24426,0.4198,county,0.0157,0.0651,-0.0279,-0.1033,"MEDSL county presidential returns (doi:10.7910/DVN/VOQCHQ, v20.0)"
28089,0.4185,-0.1591,49802,0.4515,county,0.4401,-0.1183,56212,0.5096,county,0.4125,-0.1729,55710,0.5051,county,0.0216,0.1287,-0.0276,-0.0089,"MEDSL county presidential returns (doi:10.7910/DVN/VOQCHQ, v20.0)"
28091,0.3194,-0.3557,11693,0.4811,county,0.314,-0.3684,12177,0.501,county,0.2899,-0.4164,11188,0.4604,county,-0.0054,0.0414,-0.0241,-0.0812,"MEDSL county presidential returns (doi:10.7910/DVN/VOQCHQ, v20.0)"
28093,0.5491,0.0968,14839,0.4377,county,0.5157,0.031,15817,0.4666,county,0.4634,-0.0727,14983,0.442,county,-0.0334,0.0659,-0.0523,-0.0527,"MEDSL county presidential returns (doi:10.7910/DVN/VOQCHQ, v20.0)"
28095,0.352,-0.2923,15884,0.4682,county,0.3445,-0.3073,17259,0.5087,county,0.3191,-0.3591,16069,0.4736,county,-0.0076,0.0866,-0.0254,-0.0689,"MEDSL county presidential returns (doi:10.7910/DVN/VOQCHQ, v20.0)"
28097,0.4287,-0.1407,4996,0.5146,county,0.421,-0.1568,5075,0.5228,county,0.3952,-0.2082,4424,0.4557,county,-0.0077,0.0158,-0.0258,-0.1283,"MEDSL county presidential returns (doi:10.7910/DVN/VOQCHQ, v20.0)"
28099,0.2612,-0.4704,10553,0.3648,county,0.2815,-0.4324,11703,0.4046,county,0.2433,-0.5093,10861,0.3755,county,0.0203,0.109,-0.0382,-0.0719,"MEDSL county presidential returns (doi:10.7910/DVN/VOQCHQ, v20.0)"
28101,0.2962,-0.4018,9438,0.4462,county,0.3053,-0.3852,10183,0.4814,county,0.2816,-0.4331,9323,0.4408,county,0.0091,0.0789,-0.0237,-0.0845,"MEDSL county presidential returns (doi:10.7910/DVN/VOQCHQ, v20.0)"
28103,0.7837,0.5646,5574,0.5499,county,0.7652,0.5244,5339,0.5267,county,0.7396,0.4761,4449,0.4389,county,-0.0185,-0.0422,-0.0256,-0.1667,"MEDSL county presidential returns (doi:10.7910/DVN/VOQCHQ, v20.0)"
28105,0.5081,0.0156,18124,0.3521,county,0.5335,0.0655,19757,0.3838,county,0.4986,-0.0028,18051,0.3507,county,0.0254,0.0901,-0.035,-0.0863,"MEDSL county presidential returns (doi:10.7910/DVN/VOQCHQ, v20.0)"
28107,0.4994,-0.0012,15064,0.457,county,0.4788,-0.042,15627,0.474,county,0.4249,-0.1485,14422,0.4375,county,-0.0206,0.0374,-0.0538,-0.0771,"MEDSL county presidential returns (doi:10.7910/DVN/VOQCHQ, v20.0)"
28109,0.1685,-0.6479,21883,0.3854,county,0.1747,-0.6427,24033,0.4233,county,0.1631,-0.667,24671,0.4345,county,0.0062,0.0982,-0.0116,0.0265,"MEDSL county presidential returns (doi:10.7910/DVN/VOQCHQ, v20.0)"
28111,0.2278,-0.5366,5432,0.474,county,0.2323,-0.5304,5916,0.5163,county,0.1959,-0.6043,5539,0.4834,county,0.0045,0.0891,-0.0365,-0.0637,"MEDSL county presidential returns (doi:10.7910/DVN/VOQCHQ, v20.0)"
28113,0.5011,0.0021,16310,0.4085,county,0.5049,0.0096,17342,0.4343,county,0.4824,-0.0349,15485,0.3878,county,0.0038,0.0633,-0.0225,-0.1071,"MEDSL county presidential returns (doi:10.7910/DVN/VOQCHQ, v20.0)"
28115,0.1875,-0.6123,12984,0.4147,county,0.1846,-0.6222,14361,0.4586,county,0.1587,-0.6771,14068,0.4493,county,-0.003,0.1061,-0.0259,-0.0204,"MEDSL county presidential returns (doi:10.7910/DVN/VOQCHQ, v20.0)"
28117,0.2128,-0.5653,9872,0.3949,county,0.2046,-0.5841,10644,0.4258,county,0.1675,-0.6602,10381,0.4153,county,-0.0082,0.0782,-0.0371,-0.0247,"MEDSL county presidential returns (doi:10.7910/DVN/VOQCHQ, v20.0)"
28119,0.6979,0.3896,3365,0.5696,county,0.677,0.3484,3226,0.546,county,0.6566,0.3074,2677,0.4531,county,-0.0209,-0.0413,-0.0203,-0.1702,"MEDSL county presidential returns (doi:10.7910/DVN/VOQCHQ, v20.0)"
28121,0.2302,-0.5268,62768,0.3967,county,0.2702,-0.4536,70655,0.4466,county,0.2619,-0.4713,69678,0.4404,county,0.04,0.1257,-0.0083,-0.0138,"MEDSL county presidential returns (doi:10.7910/DVN/VOQCHQ, v20.0)"
28123,0.4108,-0.1762,10522,0.3791,county,0.4079,-0.1821,10733,0.3867,county,0.3795,-0.2395,9891,0.3564,county,-0.0029,0.0201,-0.0284,-0.0784,"MEDSL county presidential returns (doi:10.7910/DVN/VOQCHQ, v20.0)"
28125,0.6813,0.3594,2190,0.5691,county,0.6804,0.3559,2183,0.5673,county,0.6855,0.3681,1766,0.4589,county,-0.0008,-0.0032,0.0051,-0.191,"MEDSL county presidential returns (doi:10.7910/DVN/VOQCHQ, v20.0)"
28127,0.3438,-0.3082,11419,0.4423,county,0.3459,-0.3045,11815,0.4576,county,0.3154,-0.3671,11094,0.4297,county,0.002,0.0347,-0.0305,-0.061,"MEDSL county presidential returns (doi:10.7910/DVN/VOQCHQ, v20.0)"
28129,0.2143,-0.5652,7627,0.5374,county,0.2171,-0.5605,8327,0.5867,county,0.1947,-0.6071,7676,0.5408,county,0.0028,0.0918,-0.0224,-0.0782,"MEDSL county presidential returns (doi:10.7910/DVN/VOQCHQ, v20.0)"
28131,0.2287,-0.5299,7045,0.3805,county,0.232,-0.5283,7878,0.4255,county,0.2068,-0.5801,7919,0.4277,county,0.0034,0.1182,-0.0252,0.0052,"MEDSL county presidential returns (doi:10.7910/DVN/VOQCHQ, v20.0)"
28133,0.7065,0.4096,9598,0.3789,county,0.7078,0.4113,9681,0.3822,county,0.6787,0.3551,7876,0.311,county,0.0013,0.0086,-0.0292,-0.1864,"MEDSL county presidential returns (doi:10.7910/DVN/VOQCHQ, v20.0)"
28135,0.5754,0.1491,5870,0.4748,county,0.5552,0.1085,5685,0.4598,county,0.5299,0.0593,5012,0.4054,county,-0.0203,-0.0315,-0.0252,-0.1184,"MEDSL county presidential returns (doi:10.7910/DVN/VOQCHQ, v20.0)"
28137,0.3438,-0.307,11627,0.4133,county,0.3245,-0.3455,13093,0.4654,county,0.279,-0.4378,12861,0.4571,county,-0.0192,0.1261,-0.0455,-0.0177,"MEDSL county presidential returns (doi:10.7910/DVN/VOQCHQ, v20.0)"
28139,0.2028,-0.5845,9235,0.4271,county,0.1939,-0.6055,10102,0.4672,county,0.1623,-0.6712,9591,0.4436,county,-0.0089,0.0939,-0.0316,-0.0506,"MEDSL county presidential returns (doi:10.7910/DVN/VOQCHQ, v20.0)"
28141,0.1224,-0.7367,8371,0.4467,county,0.1178,-0.7522,9138,0.4877,county,0.1025,-0.7893,9050,0.483,county,-0.0046,0.0916,-0.0153,-0.0096,"MEDSL county presidential returns (doi:10.7910/DVN/VOQCHQ, v20.0)"
28143,0.7577,0.5086,3567,0.3721,county,0.7359,0.4643,3562,0.3716,county,0.6969,0.3891,2668,0.2783,county,-0.0218,-0.0014,-0.039,-0.251,"MEDSL county presidential returns (doi:10.7910/DVN/VOQCHQ, v20.0)"
28145,0.1789,-0.6283,11496,0.4104,county,0.1723,-0.6476,12683,0.4528,county,0.1461,-0.7014,12478,0.4455,county,-0.0065,0.1033,-0.0262,-0.0162,"MEDSL county presidential returns (doi:10.7910/DVN/VOQCHQ, v20.0)"
28147,0.4075,-0.183,6919,0.4991,county,0.4018,-0.1945,7119,0.5135,county,0.364,-0.2694,6529,0.4709,county,-0.0057,0.0289,-0.0378,-0.0829,"MEDSL county presidential returns (doi:10.7910/DVN/VOQCHQ, v20.0)"
28149,0.4873,-0.0249,19416,0.4451,county,0.5019,0.0037,21053,0.4826,county,0.48,-0.0396,18298,0.4195,county,0.0145,0.0843,-0.0219,-0.1309,"MEDSL county presidential returns (doi:10.7910/DVN/VOQCHQ, v20.0)"
28151,0.6846,0.3647,16825,0.3852,county,0.7023,0.4,18008,0.4123,county,0.6768,0.3498,14540,0.3329,county,0.0177,0.0703,-0.0255,-0.1926,"MEDSL county presidential returns (doi:10.7910/DVN/VOQCHQ, v20.0)"
28153,0.3704,-0.2569,9599,0.4873,county,0.3649,-0.2668,10056,0.5105,county,0.3349,-0.3273,9119,0.4629,county,-0.0055,0.0476,-0.03,-0.0932,"MEDSL county presidential returns (doi:10.7910/DVN/VOQCHQ, v20.0)"
28155,0.204,-0.5833,5069,0.5099,county,0.1955,-0.602,5395,0.5426,county,0.1721,-0.6522,5095,0.5125,county,-0.0085,0.0643,-0.0234,-0.0556,"MEDSL county presidential returns (doi:10.7910/DVN/VOQCHQ, v20.0)"
28157,0.6843,0.3649,4218,0.5036,county,0.6749,0.3453,4127,0.4927,county,0.6283,0.2532,2931,0.3499,county,-0.0094,-0.0216,-0.0466,-0.2898,"MEDSL county presidential returns (doi:10.7910/DVN/VOQCHQ, v20.0)"
28159,0.4395,-0.1194,8881,0.5043,county,0.4414,-0.1161,9236,0.5245,county,0.408,-0.1825,8384,0.4761,county,0.0019,0.04,-0.0334,-0.0922,"MEDSL county presidential returns (doi:10.7910/DVN/VOQCHQ, v20.0)"
28161,0.4334,-0.1307,6077,0.4885,county,0.4314,-0.1356,6535,0.5254,county,0.3942,-0.2091,5878,0.4725,county,-0.002,0.0754,-0.0372,-0.1005,"MEDSL county presidential returns (doi:10.7910/DVN/VOQCHQ, v20.0)"
28163,0.5387,0.0766,10070,0.3752,county,0.5321,0.0636,10436,0.3889,county,0.4879,-0.0241,8971,0.3343,county,-0.0065,0.0363,-0.0443,-0.1404,"MEDSL county presidential returns (doi:10.7910/DVN/VOQCHQ, v20.0)"
29001,0.3673,-0.2474,10226,0.4054,county,0.3665,-0.2615,10336,0.4098,county,0.3299,-0.3357,10239,0.4059,county,-0.0008,0.0108,-0.0366,-0.0094,"MEDSL county presidential returns (doi:10.7910/DVN/VOQCHQ, v20.0)"
29003,0.2348,-0.5055,9140,0.5054,county,0.2447,-0.5029,9752,0.5392,county,0.2379,-0.5174,9847,0.5445,county,0.01,0.067,-0.0069,0.0097,"MEDSL county presidential returns (doi:10.7910/DVN/VOQCHQ, v20.0)"
29005,0.208,-0.5576,2724,0.5222,county,0.2041,-0.581,2814,0.5395,county,0.1973,-0.5982,2713,0.5201,county,-0.0039,0.033,-0.0068,-0.0359,"MEDSL county presidential returns (doi:10.7910/DVN/VOQCHQ, v20.0)"
29007,0.2691,-0.4384,10061,0.4075,county,0.2591,-0.4718,10656,0.4316,county,0.2588,-0.4762,10523,0.4262,county,-0.01,0.0591,-0.0003,-0.0125,"MEDSL county presidential returns (doi:10.7910/DVN/VOQCHQ, v20.0)"
29009,0.1917,-0.5969,14605,0.4193,county,0.1918,-0.6076,15598,0.4478,county,0.1794,-0.635,16165,0.4641,county,0.0001,0.068,-0.0123,0.0364,"MEDSL county presidential returns (doi:10.7910/DVN/VOQCHQ, v20.0)"
29011,0.1382,-0.7011,5939,0.5083,county,0.1404,-0.7115,6077,0.5201,county,0.1371,-0.7214,6015,0.5148,county,0.0022,0.0232,-0.0032,-0.0102,"MEDSL county presidential returns (doi:10.7910/DVN/VOQCHQ, v20.0)"
29013,0.2124,-0.5463,8023,0.4977,county,0.2022,-0.5852,8416,0.5221,county,0.1891,-0.6159,8344,0.5176,county,-0.0102,0.049,-0.0131,-0.0086,"MEDSL county presidential returns (doi:10.7910/DVN/VOQCHQ, v20.0)"
29015,0.2192,-0.5571,9312,0.4682,county,0.2119,-0.566,10476,0.5268,county,0.2026,-0.5906,10769,0.5415,county,-0.0073,0.125,-0.0093,0.028,"MEDSL county presidential returns (doi:10.7910/DVN/VOQCHQ, v20.0)"
29017,0.1274,-0.7262,5676,0.5359,county,0.1268,-0.7383,5983,0.5649,county,0.1235,-0.7481,6161,0.5817,county,-0.0007,0.0541,-0.0032,0.0298,"MEDSL county presidential returns (doi:10.7910/DVN/VOQCHQ, v20.0)"
29019,0.5318,0.0587,83868,0.4512,county,0.5644,0.1252,91168,0.4905,county,0.5498,0.0974,90110,0.4848,county,0.0325,0.087,-0.0145,-0.0116,"MEDSL county presidential returns (doi:10.7910/DVN/VOQCHQ, v20.0)"
29021,0.3604,-0.261,35659,0.4252,county,0.3746,-0.2461,36598,0.4364,county,0.3579,-0.28,35743,0.4262,county,0.0142,0.0263,-0.0167,-0.0234,"MEDSL county presidential returns (doi:10.7910/DVN/VOQCHQ, v20.0)"
29023,0.1819,-0.615,17259,0.4093,county,0.1844,-0.623,18141,0.4302,county,0.1784,-0.6377,17860,0.4236,county,0.0024,0.0511,-0.0059,-0.0155,"MEDSL county presidential returns (doi:10.7910/DVN/VOQCHQ, v20.0)"
29025,0.2059,-0.5552,4312,0.485,county,0.1941,-0.604,4682,0.5267,county,0.1906,-0.613,4703,0.529,county,-0.0118,0.0858,-0.0035,0.0045,"MEDSL county presidential returns (doi:10.7910/DVN/VOQCHQ, v20.0)"
29027,0.2765,-0.4204,19193,0.4309,county,0.2838,-0.4231,21144,0.4747,county,0.2804,-0.4325,21455,0.4817,county,0.0073,0.1017,-0.0034,0.0147,"MEDSL county presidential returns (doi:10.7910/DVN/VOQCHQ, v20.0)"
29029,0.2196,-0.5408,22514,0.5186,county,0.2307,-0.5319,24812,0.5715,county,0.2261,-0.543,25548,0.5884,county,0.0111,0.1021,-0.0046,0.0297,"MEDSL county presidential returns (doi:10.7910/DVN/VOQCHQ, v20.0)"
29031,0.2392,-0.5002,37038,0.4507,county,0.2713,-0.45,40328,0.4907,county,0.2648,-0.4647,40353,0.491,county,0.0321,0.0888,-0.0064,0.0006,"MEDSL county presidential returns (doi:10.7910/DVN/VOQCHQ, v20.0)"
29033,0.1763,-0.6271,4361,0.5155,county,0.175,-0.6443,4532,0.5358,county,0.1755,-0.6447,4528,0.5353,county,-0.0014,0.0392,0.0005,-0.0009,"MEDSL county presidential returns (doi:10.7910/DVN/VOQCHQ, v20.0)"
29035,0.158,-0.6639,2844,0.5398,county,0.1457,-0.7018,2897,0.5498,county,0.1276,-0.7421,2862,0.5432,county,-0.0123,0.0186,-0.0181,-0.0121,"MEDSL county presidential returns (doi:10.7910/DVN/VOQCHQ, v20.0)"
29037,0.3097,-0.358,50990,0.4661,county,0.3387,-0.3161,57408,0.5248,county,0.3374,-0.3208,59349,0.5425,county,0.0291,0.1259,-0.0013,0.0338,"MEDSL county presidential returns (doi:10.7910/DVN/VOQCHQ, v20.0)"
29039,0.1676,-0.6377,6288,0.4355,county,0.1652,-0.6591,7044,0.4878,county,0.1488,-0.6962,7188,0.4978,county,-0.0025,0.1202,-0.0164,0.0204,"MEDSL county presidential returns (doi:10.7910/DVN/VOQCHQ, v20.0)"
29041,0.2314,-0.5195,3969,0.5359,county,0.2275,-0.5384,4077,0.5505,county,0.2158,-0.5635,4089,0.5521,county,-0.0039,0.0272,-0.0116,0.0029,"MEDSL county presidential returns (doi:10.7910/DVN/VOQCHQ, v20.0)"
29043,0.2156,-0.5403,41531,0.4552,county,0.2417,-0.5079,46839,0.5134,county,0.2359,-0.5223,50789,0.5567,county,0.0261,0.1278,-0.0058,0.0843,"MEDSL county presidential returns (doi:10.7910/DVN/VOQCHQ, v20.0)"
29045,0.2275,-0.5393,3215,0.4813,county,0.2024,-0.5875,3394,0.5081,county,0.1899,-0.6154,3333,0.499,county,-0.0251,0.0557,-0.0125,-0.018,"MEDSL county presidential returns (doi:10.7910/DVN/VOQCHQ, v20.0)"
29047,0.4408,-0.1105,110176,0.4311,county,0.479,-0.0411,126569,0.4952,county,0.4713,-0.0564,130160,0.5093,county,0.0382,0.1488,-0.0077,0.0284,"MEDSL county presidential returns (doi:10.7910/DVN/VOQCHQ, v20.0)"
29049,0.2668,-0.4403,10208,0.4802,county,0.2708,-0.4503,10888,0.5122,county,0.2574,-0.4791,11230,0.5282,county,0.0039,0.0666,-0.0133,0.0314,"MEDSL county presidential returns (doi:10.7910/DVN/VOQCHQ, v20.0)"
29051,0.3072,-0.3666,37374,0.4859,county,0.3273,-0.3388,39529,0.5139,county,0.3254,-0.344,40152,0.522,county,0.0202,0.0577,-0.0019,0.0158,"MEDSL county presidential returns (doi:10.7910/DVN/VOQCHQ, v20.0)"
29053,0.2557,-0.4623,7986,0.4744,county,0.2639,-0.4628,8693,0.5164,county,0.2685,-0.458,8835,0.5248,county,0.0082,0.0885,0.0046,0.0163,"MEDSL county presidential returns (doi:10.7910/DVN/VOQCHQ, v20.0)"
29055,0.191,-0.6085,9696,0.4236,county,0.195,-0.6026,10973,0.4794,county,0.1867,-0.6219,10829,0.4731,county,0.0039,0.1317,-0.0082,-0.0131,"MEDSL county presidential returns (doi:10.7910/DVN/VOQCHQ, v20.0)"
29057,0.1667,-0.6446,3951,0.518,county,0.1612,-0.6696,4119,0.5401,county,0.1616,-0.671,4186,0.5488,county,-0.0055,0.0425,0.0005,0.0163,"MEDSL county presidential returns (doi:10.7910/DVN/VOQCHQ, v20.0)"
29059,0.1775,-0.6203,7453,0.4297,county,0.1725,-0.6465,8104,0.4673,county,0.1743,-0.6455,8441,0.4867,county,-0.005,0.0873,0.0018,0.0416,"MEDSL county presidential returns (doi:10.7910/DVN/VOQCHQ, v20.0)"
29061,0.2088,-0.5669,3593,0.4253,county,0.1939,-0.6024,3911,0.4629,county,0.1804,-0.6329,3925,0.4646,county,-0.0149,0.0885,-0.0135,0.0036,"MEDSL county presidential returns (doi:10.7910/DVN/VOQCHQ, v20.0)"
29063,0.1888,-0.5912,4594,0.4111,county,0.1955,-0.5984,4843,0.4333,county,0.183,-0.6263,4814,0.4307,county,0.0066,0.0542,-0.0125,-0.006,"MEDSL county presidential returns (doi:10.7910/DVN/VOQCHQ, v20.0)"
29065,0.1487,-0.6806,6791,0.4682,county,0.1499,-0.6904,7142,0.4923,county,0.1456,-0.7022,7103,0.4897,county,0.0013,0.0517,-0.0043,-0.0055,"MEDSL county presidential returns (doi:10.7910/DVN/VOQCHQ, v20.0)"
29067,0.1521,-0.6754,6666,0.5625,county,0.1469,-0.6974,7000,0.5907,county,0.1376,-0.7197,7289,0.6151,county,-0.0051,0.0501,-0.0093,0.0413,"MEDSL county presidential returns (doi:10.7910/DVN/VOQCHQ, v20.0)"
29069,0.2272,-0.5356,10578,0.3806,county,0.2129,-0.5696,10419,0.3749,county,0.1889,-0.6179,10051,0.3616,county,-0.0144,-0.015,-0.024,-0.0353,"MEDSL county presidential returns (doi:10.7910/DVN/VOQCHQ, v20.0)"
29071,0.2583,-0.4607,50113,0.4758,county,0.2768,-0.4375,53685,0.5098,county,0.268,-0.4585,55464,0.5266,county,0.0185,0.0713,-0.0088,0.0331,"MEDSL county presidential returns (doi:10.7910/DVN/VOQCHQ, v20.0)"
29073,0.2114,-0.5574,7445,0.5039,county,0.2047,-0.5832,7923,0.5363,county,0.1962,-0.6021,7997,0.5413,county,-0.0068,0.0642,-0.0084,0.0093,"MEDSL county presidential returns (doi:10.7910/DVN/VOQCHQ, v20.0)"
29075,0.208,-0.5583,3043,0.4889,county,0.1919,-0.608,3237,0.5201,county,0.1886,-0.6182,3292,0.5289,county,-0.0161,0.0638,-0.0034,0.017,"MEDSL county presidential returns (doi:10.7910/DVN/VOQCHQ, v20.0)"
29077,0.3538,-0.2732,129231,0.4292,county,0.397,-0.2014,141800,0.4709,county,0.3944,-0.2082,144037,0.4783,county,0.0432,0.0973,-0.0027,0.0158,"MEDSL county presidential returns (doi:10.7910/DVN/VOQCHQ, v20.0)"
29079,0.1839,-0.6223,4310,0.4388,county,0.1823,-0.6279,4437,0.4517,county,0.1796,-0.6353,4404,0.4484,county,-0.0016,0.0295,-0.0027,-0.0074,"MEDSL county presidential returns (doi:10.7910/DVN/VOQCHQ, v20.0)"
29081,0.1622,-0.6481,3689,0.45,county,0.1573,-0.6798,3826,0.4667,county,0.1395,-0.7176,3845,0.469,county,-0.0049,0.0371,-0.0178,0.005,"MEDSL county presidential returns (doi:10.7910/DVN/VOQCHQ, v20.0)"
29083,0.2499,-0.4782,9866,0.4445,county,0.246,-0.5013,10788,0.4861,county,0.2343,-0.5261,10932,0.4926,county,-0.0039,0.0935,-0.0117,0.0133,"MEDSL county presidential returns (doi:10.7910/DVN/VOQCHQ, v20.0)"
29085,0.2229,-0.5347,4724,0.5557,county,0.2103,-0.5728,5080,0.5976,county,0.1923,-0.6113,5120,0.6023,county,-0.0126,0.0754,-0.018,0.0079,"MEDSL county presidential returns (doi:10.7910/DVN/VOQCHQ, v20.0)"
29087,0.1527,-0.6705,2355,0.5536,county,0.1461,-0.6991,2343,0.5508,county,0.1526,-0.6909,2352,0.5529,county,-0.0066,-0.0051,0.0066,0.0038,"MEDSL county presidential returns (doi:10.7910/DVN/VOQCHQ, v20.0)"
29089,0.2814,-0.4096,4868,0.48,county,0.2845,-0.4203,5092,0.5021,county,0.2751,-0.4425,4956,0.4887,county,0.0032,0.046,-0.0095,-0.0267,"MEDSL county presidential returns (doi:10.7910/DVN/VOQCHQ, v20.0)"
29091,0.1718,-0.6309,17455,0.4345,county,0.1749,-0.6414,18650,0.4643,county,0.1634,-0.6674,18968,0.4722,county,0.0031,0.0685,-0.0115,0.0171,"MEDSL county presidential returns (doi:10.7910/DVN/VOQCHQ, v20.0)"
29093,0.2272,-0.5247,4269,0.4502,county,0.2081,-0.5773,4592,0.4843,county,0.1844,-0.6242,4518,0.4765,county,-0.0191,0.0757,-0.0237,-0.0161,"MEDSL county presidential returns (doi:10.7910/DVN/VOQCHQ, v20.0)"
29095,0.5925,0.1748,301876,0.421,county,0.6123,0.2201,333063,0.4645,county,0.479,-0.0414,193729,0.2702,county,0.0198,0.1033,-0.1333,-0.4183,"MEDSL county presidential returns (doi:10.7910/DVN/VOQCHQ, v20.0)"
29097,0.2316,-0.5069,48326,0.3912,county,0.2642,-0.4619,52352,0.4238,county,0.2629,-0.4672,53807,0.4356,county,0.0326,0.0833,-0.0013,0.0278,"MEDSL county presidential returns (doi:10.7910/DVN/VOQCHQ, v20.0)"
29099,0.3138,-0.3527,106238,0.4655,county,0.3275,-0.3387,116688,0.5113,county,0.3139,-0.3674,119314,0.5228,county,0.0137,0.0984,-0.0136,0.0225,"MEDSL county presidential returns (doi:10.7910/DVN/VOQCHQ, v20.0)"
29101,0.3018,-0.3686,21132,0.3889,county,0.3105,-0.3682,23123,0.4256,county,0.2993,-0.3956,23602,0.4344,county,0.0087,0.0942,-0.0112,0.0207,"MEDSL county presidential returns (doi:10.7910/DVN/VOQCHQ, v20.0)"
29103,0.2111,-0.5545,1870,0.4973,county,0.1862,-0.6181,1854,0.4931,county,0.1737,-0.6453,1810,0.4814,county,-0.0249,-0.0086,-0.0125,-0.0237,"MEDSL county presidential returns (doi:10.7910/DVN/VOQCHQ, v20.0)"
29105,0.1654,-0.6434,16051,0.4428,county,0.1681,-0.654,16793,0.4633,county,0.163,-0.6675,17076,0.4711,county,0.0026,0.0462,-0.0051,0.0169,"MEDSL county presidential returns (doi:10.7910/DVN/VOQCHQ, v20.0)"
29107,0.2695,-0.4368,15876,0.4815,county,0.2671,-0.4574,17055,0.5172,county,0.2524,-0.4885,17248,0.5231,county,-0.0024,0.0743,-0.0147,0.0113,"MEDSL county presidential returns (doi:10.7910/DVN/VOQCHQ, v20.0)"
29109,0.1814,-0.6095,16715,0.4354,county,0.1822,-0.6262,17905,0.4664,county,0.178,-0.6378,18427,0.48,county,0.0008,0.0712,-0.0042,0.0292,"MEDSL county presidential returns (doi:10.7910/DVN/VOQCHQ, v20.0)"
29111,0.2183,-0.5408,4456,0.4481,county,0.2169,-0.5574,4609,0.4634,county,0.1965,-0.6003,4486,0.4511,county,-0.0014,0.0343,-0.0204,-0.0267,"MEDSL county presidential returns (doi:10.7910/DVN/VOQCHQ, v20.0)"
29113,0.2349,-0.5041,24962,0.405,county,0.2322,-0.5252,29018,0.4708,county,0.2174,-0.5589,32133,0.5213,county,-0.0027,0.1625,-0.0148,0.1073,"MEDSL county presidential returns (doi:10.7910/DVN/VOQCHQ, v20.0)"
29115,0.2327,-0.5098,5587,0.4715,county,0.2261,-0.5393,5726,0.4832,county,0.2105,-0.5722,5687,0.4799,county,-0.0066,0.0249,-0.0156,-0.0068,"MEDSL county presidential returns (doi:10.7910/DVN/VOQCHQ, v20.0)"
29117,0.2059,-0.5628,6421,0.4481,county,0.2112,-0.5707,6758,0.4716,county,0.2086,-0.5781,6873,0.4796,county,0.0053,0.0525,-0.0026,0.017,"MEDSL county presidential returns (doi:10.7910/DVN/VOQCHQ, v20.0)"
29119,0.1676,-0.6394,8242,0.3508,county,0.1616,-0.6656,9053,0.3854,county,0.1536,-0.6875,9338,0.3975,county,-0.006,0.0984,-0.008,0.0315,"MEDSL county presidential returns (doi:10.7910/DVN/VOQCHQ, v20.0)"
29121,0.2107,-0.5577,7621,0.5026,county,0.2148,-0.5633,7836,0.5168,county,0.1903,-0.6147,7839,0.517,county,0.0041,0.0282,-0.0244,0.0004,"MEDSL county presidential returns (doi:10.7910/DVN/VOQCHQ, v20.0)"
29123,0.1968,-0.582,5321,0.4201,county,0.1819,-0.6281,5676,0.4482,county,0.1728,-0.6492,5753,0.4542,county,-0.0149,0.0667,-0.0091,0.0136,"MEDSL county presidential returns (doi:10.7910/DVN/VOQCHQ, v20.0)"
29125,0.1823,-0.6149,4500,0.5335,county,0.173,-0.6451,4771,0.5656,county,0.1592,-0.6753,4786,0.5674,county,-0.0093,0.0602,-0.0138,0.0031,"MEDSL county presidential returns (doi:10.7910/DVN/VOQCHQ, v20.0)"
29127,0.2412,-0.4966,12938,0.4541,county,0.2441,-0.5029,13348,0.4685,county,0.2328,-0.5291,13153,0.4616,county,0.0029,0.0317,-0.0113,-0.0146,"MEDSL county presidential returns (doi:10.7910/DVN/VOQCHQ, v20.0)"
29129,0.1269,-0.7278,1745,0.4984,county,0.1259,-0.7414,1779,0.5081,county,0.132,-0.731,1792,0.5119,county,-0.001,0.0195,0.0061,0.0073,"MEDSL county presidential returns (doi:10.7910/DVN/VOQCHQ, v20.0)"
29131,0.1586,-0.66,11416,0.4552,county,0.1669,-0.6572,12382,0.4937,county,0.1603,-0.6732,13011,0.5188,county,0.0083,0.0846,-0.0065,0.0508,"MEDSL county presidential returns (doi:10.7910/DVN/VOQCHQ, v20.0)"
29133,0.2883,-0.4144,5169,0.4279,county,0.2498,-0.496,4756,0.3937,county,0.2297,-0.537,4449,0.3683,county,-0.0384,-0.0799,-0.0202,-0.0646,"MEDSL county presidential returns (doi:10.7910/DVN/VOQCHQ, v20.0)"
29135,0.1879,-0.6018,6830,0.4463,county,0.1855,-0.6198,7157,0.4677,county,0.1826,-0.6274,7275,0.4754,county,-0.0024,0.0479,-0.0029,0.0165,"MEDSL county presidential returns (doi:10.7910/DVN/VOQCHQ, v20.0)"
29137,0.2126,-0.5549,4156,0.4792,county,0.2121,-0.5668,4483,0.517,county,0.1978,-0.5982,4378,0.5048,county,-0.0005,0.0787,-0.0143,-0.0234,"MEDSL county presidential returns (doi:10.7910/DVN/VOQCHQ, v20.0)"
29139,0.2133,-0.5541,5429,0.4753,county,0.2129,-0.5643,5772,0.5053,county,0.1968,-0.6012,5998,0.5251,county,-0.0004,0.0632,-0.0162,0.0392,"MEDSL county presidential returns (doi:10.7910/DVN/VOQCHQ, v20.0)"
29141,0.2073,-0.5659,8821,0.4116,county,0.2054,-0.5816,9487,0.4427,county,0.1986,-0.5969,9735,0.4543,county,-0.0019,0.0755,-0.0069,0.0261,"MEDSL county presidential returns (doi:10.7910/DVN/VOQCHQ, v20.0)"
29143,0.2684,-0.4536,7357,0.4586,county,0.2429,-0.5102,7250,0.452,county,0.2308,-0.5347,6811,0.4246,county,-0.0254,-0.0145,-0.0122,-0.0606,"MEDSL county presidential returns (doi:10.7910/DVN/VOQCHQ, v20.0)"
29145,0.1954,-0.5849,26606,0.4472,county,0.2082,-0.5739,28405,0.4775,county,0.2038,-0.5862,29097,0.4891,county,0.0129,0.0676,-0.0045,0.0244,"MEDSL county presidential returns (doi:10.7910/DVN/VOQCHQ, v20.0)"
29147,0.2839,-0.4072,9458,0.4513,county,0.2936,-0.4055,9893,0.472,county,0.279,-0.4371,9689,0.4623,county,0.0097,0.046,-0.0145,-0.0206,"MEDSL county presidential returns (doi:10.7910/DVN/VOQCHQ, v20.0)"
29149,0.1907,-0.6011,4668,0.5363,county,0.1762,-0.6381,4739,0.5445,county,0.152,-0.6911,4613,0.53,county,-0.0145,0.0152,-0.0243,-0.0266,"MEDSL county presidential returns (doi:10.7910/DVN/VOQCHQ, v20.0)"
29151,0.1456,-0.6852,7090,0.5299,county,0.139,-0.7147,7539,0.5635,county,0.1316,-0.7309,7727,0.5775,county,-0.0066,0.0633,-0.0074,0.0249,"MEDSL county presidential returns (doi:10.7910/DVN/VOQCHQ, v20.0)"
29153,0.1659,-0.6471,4505,0.5135,county,0.1561,-0.6809,4864,0.5544,county,0.1472,-0.7,4780,0.5449,county,-0.0098,0.0797,-0.009,-0.0173,"MEDSL county presidential returns (doi:10.7910/DVN/VOQCHQ, v20.0)"
29155,0.3294,-0.3347,6027,0.3957,county,0.2746,-0.4464,5735,0.3765,county,0.2536,-0.4907,5270,0.346,county,-0.0547,-0.0484,-0.021,-0.0811,"MEDSL county presidential returns (doi:10.7910/DVN/VOQCHQ, v20.0)"
29157,0.1804,-0.6165,8740,0.4613,county,0.1785,-0.6344,9447,0.4986,county,0.1803,-0.6341,9824,0.5185,county,-0.0018,0.0809,0.0018,0.0399,"MEDSL county presidential returns (doi:10.7910/DVN/VOQCHQ, v20.0)"
29159,0.2524,-0.4686,18111,0.4192,county,0.2566,-0.475,19097,0.442,county,0.2527,-0.4874,18882,0.437,county,0.0043,0.0544,-0.0039,-0.0113,"MEDSL county presidential returns (doi:10.7910/DVN/VOQCHQ, v20.0)"
29161,0.2727,-0.4281,18553,0.4128,county,0.2949,-0.4008,19568,0.4353,county,0.2826,-0.429,19300,0.4294,county,0.0221,0.0547,-0.0123,-0.0137,"MEDSL county presidential returns (doi:10.7910/DVN/VOQCHQ, v20.0)"
29163,0.2551,-0.4698,7382,0.4189,county,0.2265,-0.5388,7695,0.4366,county,0.2083,-0.5794,7824,0.444,county,-0.0286,0.0424,-0.0183,0.0168,"MEDSL county presidential returns (doi:10.7910/DVN/VOQCHQ, v20.0)"
29165,0.4361,-0.1202,48885,0.4495,county,0.4845,-0.0303,57270,0.5266,county,0.4841,-0.0314,57817,0.5316,county,0.0484,0.1715,-0.0004,0.0096,"MEDSL county presidential returns (doi:10.7910/DVN/VOQCHQ, v20.0)"
29167,0.2013,-0.5672,13763,0.4286,county,0.1958,-0.5951,15064,0.4692,county,0.1885,-0.6156,15826,0.4929,county,-0.0055,0.0945,-0.0073,0.0506,"MEDSL county presidential returns (doi:10.7910/DVN/VOQCHQ, v20.0)"
29169,0.2283,-0.5156,13488,0.2505,county,0.2658,-0.4571,14414,0.2677,county,0.2454,-0.5025,15549,0.2887,county,0.0375,0.0687,-0.0205,0.0787,"MEDSL county presidential returns (doi:10.7910/DVN/VOQCHQ, v20.0)"
29171,0.1542,-0.6748,2346,0.5018,county,0.1539,-0.6874,2361,0.505,county,0.1465,-0.7034,2380,0.5091,county,-0.0003,0.0064,-0.0074,0.008,"MEDSL county presidential returns (doi:10.7910/DVN/VOQCHQ, v20.0)"
29173,0.2228,-0.5376,5266,0.5066,county,0.2151,-0.5636,5662,0.5447,county,0.2014,-0.5922,5777,0.5558,county,-0.0077,0.0752,-0.0137,0.0203,"MEDSL county presidential returns (doi:10.7910/DVN/VOQCHQ, v20.0)"
29175,0.2327,-0.5089,10309,0.4204,county,0.2366,-0.515,10744,0.4381,county,0.236,-0.5215,11028,0.4497,county,0.0039,0.0422,-0.0006,0.0264,"MEDSL county presidential returns (doi:10.7910/DVN/VOQCHQ, v20.0)"
29177,0.3031,-0.3693,10869,0.4695,county,0.2714,-0.4495,11649,0.5032,county,0.2539,-0.4866,11662,0.5038,county,-0.0317,0.0718,-0.0176,0.0011,"MEDSL county presidential returns (doi:10.7910/DVN/VOQCHQ, v20.0)"
29179,0.1833,-0.6142,3038,0.5015,county,0.1622,-0.6683,3298,0.5444,county,0.1557,-0.6826,3059,0.505,county,-0.0211,0.0856,-0.0065,-0.0725,"MEDSL county presidential returns (doi:10.7910/DVN/VOQCHQ, v20.0)"
29181,0.1551,-0.6684,5524,0.5136,county,0.1469,-0.7007,5717,0.5316,county,0.1324,-0.7304,5804,0.5397,county,-0.0082,0.0349,-0.0145,0.0152,"MEDSL county presidential returns (doi:10.7910/DVN/VOQCHQ, v20.0)"
29183,0.3607,-0.2638,201005,0.4905,county,0.4108,-0.175,222017,0.5417,county,0.4139,-0.1696,226166,0.5519,county,0.0502,0.1045,0.0031,0.0187,"MEDSL county presidential returns (doi:10.7910/DVN/VOQCHQ, v20.0)"
29185,0.211,-0.554,4630,0.4899,county,0.2008,-0.5919,4974,0.5263,county,0.1941,-0.6058,4990,0.528,county,-0.0101,0.0743,-0.0067,0.0032,"MEDSL county presidential returns (doi:10.7910/DVN/VOQCHQ, v20.0)"
29186,0.3162,-0.3488,8469,0.4565,county,0.2904,-0.413,9484,0.5112,county,0.2722,-0.4503,9776,0.527,county,-0.0259,0.1198,-0.0182,0.0308,"MEDSL county presidential returns (doi:10.7910/DVN/VOQCHQ, v20.0)"
29187,0.2635,-0.4537,24728,0.3698,county,0.2556,-0.4809,28001,0.4188,county,0.2404,-0.5141,28615,0.428,county,-0.0079,0.1324,-0.0152,0.0219,"MEDSL county presidential returns (doi:10.7910/DVN/VOQCHQ, v20.0)"
29189,0.5861,0.1637,514858,0.5166,county,0.6219,0.2398,536446,0.5383,county,0.6192,0.234,502738,0.5044,county,0.0358,0.0419,-0.0027,-0.0628,"MEDSL county presidential returns (doi:10.7910/DVN/VOQCHQ, v20.0)"
29195,0.3182,-0.3438,9274,0.4001,county,0.3104,-0.3726,9519,0.4107,county,0.2955,-0.4043,9330,0.4026,county,-0.0077,0.0264,-0.0149,-0.0199,"MEDSL county presidential returns (doi:10.7910/DVN/VOQCHQ, v20.0)"
29197,0.1904,-0.5945,1936,0.4787,county,0.1885,-0.6156,2003,0.4953,county,0.1738,-0.6447,1945,0.481,county,-0.0019,0.0346,-0.0147,-0.029,"MEDSL county presidential returns (doi:10.7910/DVN/VOQCHQ, v20.0)"
29199,0.1931,-0.5894,1968,0.4189,county,0.1992,-0.5907,1984,0.4223,county,0.1889,-0.6147,1918,0.4083,county,0.0061,0.0081,-0.0103,-0.0333,"MEDSL county presidential returns (doi:10.7910/DVN/VOQCHQ, v20.0)"
29201,0.2135,-0.5559,17256,0.4545,county,0.2142,-0.5653,17719,0.4667,county,0.2036,-0.589,17421,0.4588,county,0.0007,0.0268,-0.0106,-0.0168,"MEDSL county presidential returns (doi:10.7910/DVN/VOQCHQ, v20.0)"
29203,0.2074,-0.561,3904,0.547,county,0.1824,-0.6295,3906,0.5473,county,0.1567,-0.6817,4018,0.563,county,-0.025,0.0005,-0.0257,0.0287,"MEDSL county presidential returns (doi:10.7910/DVN/VOQCHQ, v20.0)"
29205,0.1936,-0.5892,3255,0.5415,county,0.1798,-0.6293,3350,0.5573,county,0.1697,-0.6563,3262,0.5427,county,-0.0138,0.0292,-0.0101,-0.0263,"MEDSL county presidential returns (doi:10.7910/DVN/VOQCHQ, v20.0)"
29207,0.1448,-0.6924,13291,0.4656,county,0.1367,-0.7199,13426,0.4703,county,0.1284,-0.7388,13599,0.4764,county,-0.0081,0.0102,-0.0083,0.0129,"MEDSL county presidential returns (doi:10.7910/DVN/VOQCHQ, v20.0)"
29209,0.1799,-0.62,16567,0.5227,county,0.1915,-0.611,18483,0.5831,county,0.1908,-0.6138,19123,0.6033,county,0.0116,0.1157,-0.0008,0.0346,"MEDSL county presidential returns (doi:10.7910/DVN/VOQCHQ, v20.0)"
29211,0.2183,-0.5463,2486,0.4211,county,0.1949,-0.6054,2471,0.4186,county,0.167,-0.6606,2463,0.4172,county,-0.0233,-0.006,-0.0279,-0.0032,"MEDSL county presidential returns (doi:10.7910/DVN/VOQCHQ, v20.0)"
29213,0.1931,-0.5912,23515,0.4171,county,0.2066,-0.577,26288,0.4662,county,0.2006,-0.593,26824,0.4758,county,0.0135,0.1179,-0.006,0.0204,"MEDSL county presidential returns (doi:10.7910/DVN/VOQCHQ, v20.0)"
29215,0.163,-0.6523,10956,0.439,county,0.1533,-0.686,11315,0.4534,county,0.1389,-0.7172,11525,0.4618,county,-0.0097,0.0328,-0.0144,0.0186,"MEDSL county presidential returns (doi:10.7910/DVN/VOQCHQ, v20.0)"
29217,0.2072,-0.5612,8599,0.4362,county,0.2101,-0.5718,9185,0.4659,county,0.1996,-0.5949,8973,0.4552,county,0.0029,0.0681,-0.0105,-0.0231,"MEDSL county presidential returns (doi:10.7910/DVN/VOQCHQ, v20.0)"
29219,0.2605,-0.4559,15784,0.4328,county,0.2651,-0.46,18375,0.5039,county,0.2499,-0.4949,20095,0.551,county,0.0045,0.1642,-0.0151,0.0936,"MEDSL county presidential returns (doi:10.7910/DVN/VOQCHQ, v20.0)"
29221,0.2146,-0.5518,9282,0.3953,county,0.1831,-0.6258,9976,0.4248,county,0.1718,-0.6522,10237,0.4359,county,-0.0315,0.0748,-0.0114,0.0262,"MEDSL county presidential returns (doi:10.7910/DVN/VOQCHQ, v20.0)"
29223,0.1691,-0.6561,5655,0.5168,county,0.1449,-0.7047,5878,0.5372,county,0.1347,-0.7264,5847,0.5344,county,-0.0242,0.0394,-0.0102,-0.0053,"MEDSL county presidential returns (doi:10.7910/DVN/VOQCHQ, v20.0)"
29225,0.1984,-0.5771,16743,0.42,county,0.1936,-0.6021,18779,0.471,county,0.186,-0.6223,19814,0.497,county,-0.0047,0.1216,-0.0076,0.0551,"MEDSL county presidential returns (doi:10.7910/DVN/VOQCHQ, v20.0)"
29227,0.1944,-0.586,1046,0.5348,county,0.1969,-0.598,1107,0.566,county,0.1737,-0.6462,1105,0.5649,county,0.0025,0.0583,-0.0232,-0.0018,"MEDSL county presidential returns (doi:10.7910/DVN/VOQCHQ, v20.0)"
29229,0.1485,-0.682,8119,0.4337,county,0.1355,-0.7192,8739,0.4668,county,0.1187,-0.7565,8980,0.4796,county,-0.0131,0.0764,-0.0168,0.0276,"MEDSL county presidential returns (doi:10.7910/DVN/VOQCHQ, v20.0)"
29510,0.8334,0.6357,131191,0.4476,county,0.8368,0.662,133867,0.4567,county,0.83,0.646,116271,0.3967,county,0.0033,0.0204,-0.0067,-0.1314,"MEDSL county presidential returns (doi:10.7910/DVN/VOQCHQ, v20.0)"
30001,0.2542,-0.4558,4849,0.5056,county,0.2907,-0.4089,5661,0.5903,county,0.2755,-0.4341,5794,0.6042,county,0.0365,0.1675,-0.0152,0.0235,"MEDSL county presidential returns (doi:10.7910/DVN/VOQCHQ, v20.0)"
30003,0.5305,0.0569,4237,0.3269,county,0.5302,0.0594,4784,0.3691,county,0.4912,-0.017,4470,0.3448,county,-0.0003,0.1291,-0.0391,-0.0656,"MEDSL county presidential returns (doi:10.7910/DVN/VOQCHQ, v20.0)"
30005,0.4866,-0.0246,2684,0.3836,county,0.5196,0.0385,3117,0.4455,county,0.469,-0.059,3019,0.4315,county,0.033,0.1613,-0.0506,-0.0314,"MEDSL county presidential returns (doi:10.7910/DVN/VOQCHQ, v20.0)"
30007,0.1962,-0.5665,3133,0.4286,county,0.2083,-0.5707,4097,0.5605,county,0.1901,-0.5998,4810,0.658,county,0.0122,0.3077,-0.0182,0.174,"MEDSL county presidential returns (doi:10.7910/DVN/VOQCHQ, v20.0)"
30009,0.3278,-0.3205,5991,0.5508,county,0.3514,-0.2903,7052,0.6483,county,0.3327,-0.3242,7297,0.6709,county,0.0236,0.1771,-0.0187,0.0347,"MEDSL county presidential returns (doi:10.7910/DVN/VOQCHQ, v20.0)"
30011,0.0936,-0.7735,786,0.5775,county,0.0872,-0.8113,864,0.6348,county,0.0898,-0.8021,854,0.6275,county,-0.0064,0.0992,0.0027,-0.0116,"MEDSL county presidential returns (doi:10.7910/DVN/VOQCHQ, v20.0)"
30013,0.3828,-0.2157,34571,0.4086,county,0.3986,-0.197,39885,0.4714,county,0.3848,-0.2235,37583,0.4442,county,0.0159,0.1537,-0.0139,-0.0577,"MEDSL county presidential returns (doi:10.7910/DVN/VOQCHQ, v20.0)"
30015,0.3036,-0.3638,2603,0.4421,county,0.3439,-0.3035,2965,0.5036,county,0.3327,-0.3221,2934,0.4983,county,0.0402,0.1391,-0.0111,-0.0105,"MEDSL county presidential returns (doi:10.7910/DVN/VOQCHQ, v20.0)"
30017,0.2433,-0.4785,5185,0.4343,county,0.2647,-0.4592,5860,0.4909,county,0.2476,-0.487,5797,0.4856,county,0.0214,0.1302,-0.0171,-0.0108,"MEDSL county presidential returns (doi:10.7910/DVN/VOQCHQ, v20.0)"
30019,0.1871,-0.5842,962,0.6312,county,0.1962,-0.5957,1014,0.6654,county,0.1652,-0.6562,951,0.624,county,0.0091,0.0541,-0.0309,-0.0621,"MEDSL county presidential returns (doi:10.7910/DVN/VOQCHQ, v20.0)"
30021,0.1916,-0.5791,4374,0.4929,county,0.2038,-0.5795,4825,0.5437,county,0.1977,-0.5893,4638,0.5227,county,0.0122,0.1031,-0.0061,-0.0388,"MEDSL county presidential returns (doi:10.7910/DVN/VOQCHQ, v20.0)"
30023,0.5386,0.0701,4206,0.4422,county,0.5396,0.0769,4891,0.5142,county,0.505,0.0097,4870,0.512,county,0.001,0.1629,-0.0346,-0.0043,"MEDSL county presidential returns (doi:10.7910/DVN/VOQCHQ, v20.0)"
30025,0.1075,-0.7581,1484,0.5268,county,0.1112,-0.7638,1575,0.5591,county,0.1112,-0.7565,1507,0.535,county,0.0037,0.0613,0.0,-0.0432,"MEDSL county presidential returns (doi:10.7910/DVN/VOQCHQ, v20.0)"
30027,0.2197,-0.5252,5840,0.5043,county,0.235,-0.5184,6507,0.5619,county,0.2346,-0.513,6712,0.5796,county,0.0153,0.1142,-0.0004,0.0315,"MEDSL county presidential returns (doi:10.7910/DVN/VOQCHQ, v20.0)"
30029,0.3054,-0.3639,46571,0.4294,county,0.346,-0.3011,59936,0.5527,county,0.3265,-0.3378,63140,0.5822,county,0.0406,0.287,-0.0195,0.0535,"MEDSL county presidential returns (doi:10.7910/DVN/VOQCHQ, v20.0)"
30031,0.5046,0.0082,53819,0.4404,county,0.5389,0.0753,70979,0.5809,county,0.5166,0.0321,69897,0.572,county,0.0343,0.3188,-0.0223,-0.0152,"MEDSL county presidential returns (doi:10.7910/DVN/VOQCHQ, v20.0)"
30033,0.0495,-0.8621,718,0.7655,county,0.0509,-0.8893,813,0.8667,county,0.0491,-0.8962,800,0.8529,county,0.0014,0.1323,-0.0019,-0.016,"MEDSL county presidential returns (doi:10.7910/DVN/VOQCHQ, v20.0)"
30035,0.6583,0.2958,5075,0.3701,county,0.6571,0.3073,5617,0.4096,county,0.602,0.1957,5078,0.3703,county,-0.0012,0.1068,-0.0551,-0.096,"MEDSL county presidential returns (doi:10.7910/DVN/VOQCHQ, v20.0)"
30037,0.1628,-0.6203,474,0.5643,county,0.1585,-0.668,503,0.5988,county,0.1321,-0.7243,515,0.6131,county,-0.0043,0.0612,-0.0264,0.0239,"MEDSL county presidential returns (doi:10.7910/DVN/VOQCHQ, v20.0)"
30039,0.2837,-0.4052,1777,0.5197,county,0.3102,-0.3716,2102,0.6148,county,0.2736,-0.4403,2176,0.6364,county,0.0265,0.1829,-0.0365,0.0352,"MEDSL county presidential returns (doi:10.7910/DVN/VOQCHQ, v20.0)"
30041,0.4054,-0.1718,6445,0.3964,county,0.4297,-0.1359,7182,0.4417,county,0.4049,-0.1818,6804,0.4185,county,0.0243,0.1144,-0.0247,-0.0526,"MEDSL county presidential returns (doi:10.7910/DVN/VOQCHQ, v20.0)"
30043,0.3236,-0.3245,6714,0.5371,county,0.3294,-0.3337,8151,0.652,county,0.3122,-0.3652,8291,0.6632,county,0.0058,0.214,-0.0172,0.0172,"MEDSL county presidential returns (doi:10.7910/DVN/VOQCHQ, v20.0)"
30045,0.2123,-0.5273,1208,0.5884,county,0.2091,-0.5692,1344,0.6547,county,0.2014,-0.5809,1353,0.659,county,-0.0032,0.1126,-0.0078,0.0067,"MEDSL county presidential returns (doi:10.7910/DVN/VOQCHQ, v20.0)"
30047,0.3881,-0.2089,13181,0.411,county,0.4259,-0.1447,16626,0.5184,county,0.3972,-0.1993,16910,0.5272,county,0.0378,0.2614,-0.0287,0.0171,"MEDSL county presidential returns (doi:10.7910/DVN/VOQCHQ, v20.0)"
30049,0.4615,-0.0701,34478,0.475,county,0.4798,-0.0394,42265,0.5823,county,0.4705,-0.057,42023,0.579,county,0.0183,0.2259,-0.0093,-0.0057,"MEDSL county presidential returns (doi:10.7910/DVN/VOQCHQ, v20.0)"
30051,0.2279,-0.512,961,0.4883,county,0.2327,-0.5282,1083,0.5503,county,0.2215,-0.5445,988,0.502,county,0.0048,0.127,-0.0112,-0.0877,"MEDSL county presidential returns (doi:10.7910/DVN/VOQCHQ, v20.0)"
30053,0.2327,-0.5025,9330,0.4517,county,0.2464,-0.4969,11747,0.5687,county,0.2269,-0.5339,11789,0.5707,county,0.0136,0.2591,-0.0195,0.0036,"MEDSL county presidential returns (doi:10.7910/DVN/VOQCHQ, v20.0)"
30055,0.1516,-0.6679,1060,0.5831,county,0.1395,-0.7101,1128,0.6205,county,0.1217,-0.7412,1082,0.5952,county,-0.0121,0.0642,-0.0178,-0.0408,"MEDSL county presidential returns (doi:10.7910/DVN/VOQCHQ, v20.0)"
30057,0.2636,-0.4431,4778,0.5324,county,0.297,-0.3976,6087,0.6782,county,0.2679,-0.4529,6461,0.7199,county,0.0335,0.274,-0.0291,0.0614,"MEDSL county presidential returns (doi:10.7910/DVN/VOQCHQ, v20.0)"
30059,0.2093,-0.5486,977,0.4937,county,0.2365,-0.518,1110,0.5609,county,0.2238,-0.5392,1172,0.5922,county,0.0272,0.1361,-0.0127,0.0559,"MEDSL county presidential returns (doi:10.7910/DVN/VOQCHQ, v20.0)"
30061,0.2807,-0.4031,2012,0.4195,county,0.2729,-0.4456,2563,0.5344,county,0.2516,-0.4801,2833,0.5907,county,-0.0078,0.2739,-0.0212,0.1053,"MEDSL county presidential returns (doi:10.7910/DVN/VOQCHQ, v20.0)"
30063,0.5864,0.157,59203,0.4948,county,0.622,0.2379,71495,0.5976,county,0.6111,0.2143,72773,0.6083,county,0.0356,0.2076,-0.0109,0.0179,"MEDSL county presidential returns (doi:10.7910/DVN/VOQCHQ, v20.0)"
30065,0.1444,-0.6698,2441,0.4816,county,0.1456,-0.6977,2881,0.5685,county,0.1344,-0.7151,3012,0.5943,county,0.0012,0.1803,-0.0112,0.0455,"MEDSL county presidential returns (doi:10.7910/DVN/VOQCHQ, v20.0)"
30067,0.4192,-0.148,9359,0.5353,county,0.467,-0.0644,11566,0.6615,county,0.4602,-0.0772,11717,0.6702,county,0.0478,0.2358,-0.0069,0.0131,"MEDSL county presidential returns (doi:10.7910/DVN/VOQCHQ, v20.0)"
30069,0.0974,-0.7702,322,0.803,county,0.1157,-0.7443,348,0.8678,county,0.1153,-0.7623,324,0.808,county,0.0183,0.0807,-0.0005,-0.069,"MEDSL county presidential returns (doi:10.7910/DVN/VOQCHQ, v20.0)"
30071,0.1558,-0.6472,2171,0.514,county,0.1769,-0.6381,2382,0.5639,county,0.1801,-0.6249,2189,0.5182,county,0.0211,0.0972,0.0032,-0.081,"MEDSL county presidential returns (doi:10.7910/DVN/VOQCHQ, v20.0)"
30073,0.2909,-0.3896,2723,0.4529,county,0.3078,-0.3766,2995,0.4982,county,0.284,-0.4173,2852,0.4744,county,0.0169,0.0999,-0.0238,-0.0477,"MEDSL county presidential returns (doi:10.7910/DVN/VOQCHQ, v20.0)"
30075,0.1256,-0.7189,1053,0.5976,county,0.137,-0.7183,1136,0.6447,county,0.1197,-0.7523,1106,0.6277,county,0.0114,0.0788,-0.0173,-0.0264,"MEDSL county presidential returns (doi:10.7910/DVN/VOQCHQ, v20.0)"
30077,0.2136,-0.529,2794,0.3975,county,0.242,-0.5042,3179,0.4523,county,0.2236,-0.535,3282,0.4669,county,0.0285,0.1378,-0.0185,0.0324,"MEDSL county presidential returns (doi:10.7910/DVN/VOQCHQ, v20.0)"
30079,0.1524,-0.6618,689,0.5508,county,0.1728,-0.6411,744,0.5947,county,0.1826,-0.6163,688,0.55,county,0.0204,0.0798,0.0098,-0.0753,"MEDSL county presidential returns (doi:10.7910/DVN/VOQCHQ, v20.0)"
30081,0.2959,-0.3807,22556,0.4924,county,0.3143,-0.3631,28507,0.6223,county,0.2916,-0.4057,29904,0.6528,county,0.0185,0.2638,-0.0228,0.049,"MEDSL county presidential returns (doi:10.7910/DVN/VOQCHQ, v20.0)"
30083,0.1465,-0.6645,4871,0.43,county,0.1542,-0.677,5798,0.5118,county,0.1506,-0.6798,5309,0.4686,county,0.0076,0.1903,-0.0036,-0.0843,"MEDSL county presidential returns (doi:10.7910/DVN/VOQCHQ, v20.0)"
30085,0.4647,-0.0649,3652,0.3424,county,0.489,-0.0214,4017,0.3767,county,0.4498,-0.0958,3914,0.367,county,0.0243,0.0999,-0.0392,-0.0256,"MEDSL county presidential returns (doi:10.7910/DVN/VOQCHQ, v20.0)"
30087,0.3046,-0.3666,3453,0.4193,county,0.3254,-0.3411,3773,0.4581,county,0.3075,-0.3712,3693,0.4484,county,0.0207,0.0927,-0.0179,-0.0212,"MEDSL county presidential returns (doi:10.7910/DVN/VOQCHQ, v20.0)"
30089,0.2213,-0.5154,5953,0.4602,county,0.2433,-0.5038,7622,0.5892,county,0.2171,-0.5509,8069,0.6238,county,0.022,0.2804,-0.0263,0.0586,"MEDSL county presidential returns (doi:10.7910/DVN/VOQCHQ, v20.0)"
30091,0.2776,-0.4163,1835,0.499,county,0.2903,-0.4084,2030,0.5521,county,0.2781,-0.4247,1912,0.52,county,0.0127,0.1063,-0.0122,-0.0581,"MEDSL county presidential returns (doi:10.7910/DVN/VOQCHQ, v20.0)"
30093,0.5748,0.1363,16452,0.4623,county,0.573,0.1419,18658,0.5243,county,0.5365,0.07,18226,0.5121,county,-0.0018,0.1341,-0.0365,-0.0232,"MEDSL county presidential returns (doi:10.7910/DVN/VOQCHQ, v20.0)"
30095,0.1987,-0.5649,4873,0.5383,county,0.2058,-0.5776,5724,0.6323,county,0.1835,-0.6168,5906,0.6525,county,0.007,0.1746,-0.0223,0.0318,"MEDSL county presidential returns (doi:10.7910/DVN/VOQCHQ, v20.0)"
30097,0.2013,-0.5662,2107,0.5675,county,0.2298,-0.5278,2446,0.6588,county,0.2269,-0.5309,2381,0.6413,county,0.0285,0.1609,-0.0029,-0.0266,"MEDSL county presidential returns (doi:10.7910/DVN/VOQCHQ, v20.0)"
30099,0.2713,-0.4272,3188,0.5068,county,0.2786,-0.4352,3679,0.5848,county,0.2679,-0.4501,3568,0.5672,county,0.0072,0.154,-0.0106,-0.0302,"MEDSL county presidential returns (doi:10.7910/DVN/VOQCHQ, v20.0)"
30101,0.2117,-0.5376,2037,0.4051,county,0.2264,-0.5328,2119,0.4214,county,0.209,-0.565,2046,0.4069,county,0.0147,0.0403,-0.0174,-0.0345,"MEDSL county presidential returns (doi:10.7910/DVN/VOQCHQ, v20.0)"
30103,0.1439,-0.6591,443,0.5821,county,0.1729,-0.6413,460,0.6045,county,0.1344,-0.7014,442,0.5808,county,0.029,0.0384,-0.0385,-0.0391,"MEDSL county presidential returns (doi:10.7910/DVN/VOQCHQ, v20.0)"
30105,0.2472,-0.4653,3894,0.5164,county,0.2473,-0.494,4261,0.5651,county,0.2365,-0.5109,4079,0.541,county,0.0001,0.0942,-0.0108,-0.0427,"MEDSL county presidential returns (doi:10.7910/DVN/VOQCHQ, v20.0)"
30107,0.2032,-0.5529,946,0.4617,county,0.2147,-0.5599,1068,0.5212,county,0.1987,-0.5838,1086,0.53,county,0.0115,0.129,-0.016,0.0169,"MEDSL county presidential returns (doi:10.7910/DVN/VOQCHQ, v20.0)"
30109,0.1062,-0.7542,541,0.4713,county,0.1298,-0.7341,598,0.5209,county,0.133,-0.7179,546,0.4756,county,0.0237,0.1054,0.0031,-0.087,"MEDSL county presidential returns (doi:10.7910/DVN/VOQCHQ, v20.0)"
30111,0.3514,-0.2713,69108,0.413,county,0.3767,-0.2397,83821,0.5009,county,0.3601,-0.2711,81391,0.4864,county,0.0252,0.2129,-0.0166,-0.029,"MEDSL county presidential returns (doi:10.7910/DVN/VOQCHQ, v20.0)"
31001,0.2623,-0.4429,13513,0.4354,county,0.2947,-0.4021,14602,0.4705,county,0.2892,-0.4161,14364,0.4628,county,0.0324,0.0806,-0.0055,-0.0163,"MEDSL county presidential returns (doi:10.7910/DVN/VOQCHQ, v20.0)"
31003,0.123,-0.7159,3281,0.5206,county,0.1275,-0.7371,3583,0.5685,county,0.1155,-0.7647,3447,0.547,county,0.0046,0.092,-0.012,-0.038,"MEDSL county presidential returns (doi:10.7910/DVN/VOQCHQ, v20.0)"
31005,0.0651,-0.8315,273,0.5056,county,0.0747,-0.8415,284,0.5259,county,0.0605,-0.8759,282,0.5222,county,0.0096,0.0403,-0.0142,-0.007,"MEDSL county presidential returns (doi:10.7910/DVN/VOQCHQ, v20.0)"
31007,0.0505,-0.8408,402,0.6119,county,0.1062,-0.778,410,0.624,county,0.089,-0.8135,386,0.5875,county,0.0556,0.0199,-0.0172,-0.0585,"MEDSL county presidential returns (doi:10.7910/DVN/VOQCHQ, v20.0)"
31009,0.098,-0.776,317,0.8234,county,0.1111,-0.7729,317,0.8234,county,0.1289,-0.732,291,0.7558,county,0.0131,0.0,0.0178,-0.082,"MEDSL county presidential returns (doi:10.7910/DVN/VOQCHQ, v20.0)"
31011,0.1526,-0.6489,2905,0.5414,county,0.1583,-0.6696,3217,0.5995,county,0.1656,-0.6608,3031,0.5649,county,0.0057,0.1074,0.0073,-0.0578,"MEDSL county presidential returns (doi:10.7910/DVN/VOQCHQ, v20.0)"
31013,0.2106,-0.5386,4924,0.4579,county,0.208,-0.5696,5181,0.4818,county,0.2142,-0.5646,4931,0.4585,county,-0.0026,0.0522,0.0062,-0.0483,"MEDSL county presidential returns (doi:10.7910/DVN/VOQCHQ, v20.0)"
31015,0.1152,-0.7396,1156,0.6784,county,0.1179,-0.7589,1153,0.6766,county,0.1234,-0.7498,1075,0.6309,county,0.0027,-0.0026,0.0055,-0.0676,"MEDSL county presidential returns (doi:10.7910/DVN/VOQCHQ, v20.0)"
31017,0.0995,-0.7714,1597,0.5831,county,0.115,-0.7618,1679,0.613,county,0.1234,-0.7473,1642,0.5995,county,0.0155,0.0513,0.0084,-0.022,"MEDSL county presidential returns (doi:10.7910/DVN/VOQCHQ, v20.0)"
31019,0.2464,-0.4641,21129,0.4199,county,0.2762,-0.4362,23589,0.4688,county,0.2723,-0.4494,23759,0.4721,county,0.0298,0.1164,-0.0039,0.0072,"MEDSL county presidential returns (doi:10.7910/DVN/VOQCHQ, v20.0)"
31021,0.2821,-0.4039,3558,0.5287,county,0.2918,-0.4066,3731,0.5544,county,0.2719,-0.451,3656,0.5432,county,0.0097,0.0486,-0.0199,-0.0201,"MEDSL county presidential returns (doi:10.7910/DVN/VOQCHQ, v20.0)"
31023,0.1833,-0.5998,3981,0.4732,county,0.1977,-0.5934,4498,0.5346,county,0.1992,-0.5965,4587,0.5452,county,0.0144,0.1299,0.0015,0.0198,"MEDSL county presidential returns (doi:10.7910/DVN/VOQCHQ, v20.0)"
31025,0.2919,-0.3841,12933,0.4797,county,0.3188,-0.3523,15284,0.5669,county,0.311,-0.372,15755,0.5843,county,0.0269,0.1818,-0.0078,0.0308,"MEDSL county presidential returns (doi:10.7910/DVN/VOQCHQ, v20.0)"
31027,0.1392,-0.6699,4420,0.5297,county,0.148,-0.6904,4996,0.5988,county,0.145,-0.7001,4912,0.5887,county,0.0088,0.1303,-0.003,-0.0168,"MEDSL county presidential returns (doi:10.7910/DVN/VOQCHQ, v20.0)"
31029,0.094,-0.7782,1898,0.5216,county,0.115,-0.7597,1993,0.5477,county,0.1102,-0.7738,1866,0.5128,county,0.0209,0.0501,-0.0048,-0.0637,"MEDSL county presidential returns (doi:10.7910/DVN/VOQCHQ, v20.0)"
31031,0.1078,-0.7396,3118,0.5702,county,0.1159,-0.7568,3265,0.5971,county,0.115,-0.7618,3069,0.5613,county,0.0081,0.0471,-0.001,-0.06,"MEDSL county presidential returns (doi:10.7910/DVN/VOQCHQ, v20.0)"
31033,0.1625,-0.627,4711,0.497,county,0.1832,-0.6208,4765,0.5027,county,0.1757,-0.6413,4530,0.4779,county,0.0207,0.0115,-0.0075,-0.0493,"MEDSL county presidential returns (doi:10.7910/DVN/VOQCHQ, v20.0)"
31035,0.1645,-0.6346,3065,0.5038,county,0.1816,-0.6228,3558,0.5848,county,0.1773,-0.6344,3310,0.544,county,0.0171,0.1608,-0.0043,-0.0697,"MEDSL county presidential returns (doi:10.7910/DVN/VOQCHQ, v20.0)"
31037,0.2835,-0.4082,3214,0.3049,county,0.28,-0.4334,3717,0.3526,county,0.2427,-0.5094,3516,0.3336,county,-0.0035,0.1565,-0.0372,-0.0541,"MEDSL county presidential returns (doi:10.7910/DVN/VOQCHQ, v20.0)"
31039,0.1872,-0.5898,4074,0.4539,county,0.1988,-0.5925,4451,0.4959,county,0.1969,-0.6004,4445,0.4952,county,0.0116,0.0925,-0.0019,-0.0013,"MEDSL county presidential returns (doi:10.7910/DVN/VOQCHQ, v20.0)"
31041,0.1201,-0.7173,5652,0.536,county,0.1338,-0.7182,5993,0.5684,county,0.1349,-0.7231,5886,0.5582,county,0.0136,0.0603,0.0011,-0.0179,"MEDSL county presidential returns (doi:10.7910/DVN/VOQCHQ, v20.0)"
31043,0.3902,-0.2074,6279,0.2944,county,0.4114,-0.174,6794,0.3185,county,0.349,-0.2982,6120,0.2869,county,0.0212,0.082,-0.0624,-0.0992,"MEDSL county presidential returns (doi:10.7910/DVN/VOQCHQ, v20.0)"
31045,0.2333,-0.4981,3676,0.4476,county,0.2696,-0.4487,4121,0.5018,county,0.2608,-0.4705,3868,0.471,county,0.0363,0.1211,-0.0088,-0.0614,"MEDSL county presidential returns (doi:10.7910/DVN/VOQCHQ, v20.0)"
31047,0.2631,-0.4456,8635,0.3595,county,0.2768,-0.4388,9178,0.3821,county,0.2497,-0.4959,8491,0.3535,county,0.0137,0.0629,-0.0271,-0.0749,"MEDSL county presidential returns (doi:10.7910/DVN/VOQCHQ, v20.0)"
31049,0.1292,-0.7002,984,0.5276,county,0.1393,-0.7074,1032,0.5534,county,0.1519,-0.6838,1012,0.5426,county,0.0102,0.0488,0.0126,-0.0194,"MEDSL county presidential returns (doi:10.7910/DVN/VOQCHQ, v20.0)"
31051,0.2141,-0.5338,2782,0.5003,county,0.218,-0.5462,3083,0.5544,county,0.2015,-0.5865,2895,0.5206,county,0.0039,0.1082,-0.0165,-0.061,"MEDSL county presidential returns (doi:10.7910/DVN/VOQCHQ, v20.0)"
31053,0.3139,-0.347,15529,0.4181,county,0.3354,-0.3224,16876,0.4543,county,0.3348,-0.326,16443,0.4427,county,0.0216,0.0867,-0.0006,-0.0257,"MEDSL county presidential returns (doi:10.7910/DVN/VOQCHQ, v20.0)"
31055,0.5129,0.0238,240433,0.4107,county,0.5579,0.1134,274951,0.4696,county,0.5516,0.1017,273403,0.467,county,0.045,0.1436,-0.0063,-0.0056,"MEDSL county presidential returns (doi:10.7910/DVN/VOQCHQ, v20.0)"
31057,0.0976,-0.7702,953,0.5262,county,0.1063,-0.7788,999,0.5516,county,0.1038,-0.789,929,0.513,county,0.0087,0.0483,-0.0025,-0.0701,"MEDSL county presidential returns (doi:10.7910/DVN/VOQCHQ, v20.0)"
31059,0.2235,-0.5158,2941,0.5298,county,0.2271,-0.5316,3134,0.5646,county,0.2224,-0.5486,3013,0.5428,county,0.0036,0.0656,-0.0047,-0.0386,"MEDSL county presidential returns (doi:10.7910/DVN/VOQCHQ, v20.0)"
31061,0.1565,-0.6557,1673,0.5833,county,0.1611,-0.6734,1724,0.6011,county,0.1487,-0.6969,1600,0.5579,county,0.0046,0.0305,-0.0124,-0.0719,"MEDSL county presidential returns (doi:10.7910/DVN/VOQCHQ, v20.0)"
31063,0.1267,-0.7146,1328,0.5183,county,0.1333,-0.7222,1440,0.5621,county,0.1323,-0.7291,1410,0.5504,county,0.0066,0.0843,-0.001,-0.0208,"MEDSL county presidential returns (doi:10.7910/DVN/VOQCHQ, v20.0)"
31065,0.1366,-0.691,2340,0.5081,county,0.1557,-0.6782,2601,0.5648,county,0.1491,-0.6983,2413,0.524,county,0.0191,0.1115,-0.0066,-0.0723,"MEDSL county presidential returns (doi:10.7910/DVN/VOQCHQ, v20.0)"
31067,0.3151,-0.3429,10048,0.4642,county,0.3126,-0.3668,11068,0.5113,county,0.3012,-0.3922,10916,0.5043,county,-0.0025,0.1015,-0.0114,-0.0137,"MEDSL county presidential returns (doi:10.7910/DVN/VOQCHQ, v20.0)"
31069,0.1497,-0.666,1075,0.6636,county,0.1368,-0.7155,1195,0.7377,county,0.1458,-0.7046,1117,0.6895,county,-0.0129,0.1116,0.009,-0.0653,"MEDSL county presidential returns (doi:10.7910/DVN/VOQCHQ, v20.0)"
31071,0.1285,-0.7143,980,0.5454,county,0.1248,-0.7442,1075,0.5982,county,0.115,-0.7655,1015,0.5648,county,-0.0037,0.0969,-0.0098,-0.0558,"MEDSL county presidential returns (doi:10.7910/DVN/VOQCHQ, v20.0)"
31073,0.1729,-0.6218,1010,0.5236,county,0.194,-0.6064,1118,0.5796,county,0.1829,-0.6297,1118,0.5796,county,0.0211,0.1069,-0.0112,0.0,"MEDSL county presidential returns (doi:10.7910/DVN/VOQCHQ, v20.0)"
31075,0.0517,-0.8568,405,0.5827,county,0.0506,-0.8831,402,0.5784,county,0.041,-0.918,366,0.5266,county,-0.001,-0.0074,-0.0096,-0.0896,"MEDSL county presidential returns (doi:10.7910/DVN/VOQCHQ, v20.0)"
31077,0.1872,-0.5974,1175,0.5314,county,0.1839,-0.6256,1258,0.569,county,0.1571,-0.6785,1235,0.5586,county,-0.0032,0.0706,-0.0268,-0.0183,"MEDSL county presidential returns (doi:10.7910/DVN/VOQCHQ, v20.0)"
31079,0.3036,-0.3684,22060,0.3534,county,0.3218,-0.3491,24374,0.3904,county,0.3089,-0.3776,22804,0.3653,county,0.0182,0.1049,-0.0129,-0.0644,"MEDSL county presidential returns (doi:10.7910/DVN/VOQCHQ, v20.0)"
31081,0.1884,-0.5805,5004,0.5302,county,0.206,-0.5767,5533,0.5862,county,0.1946,-0.6037,5547,0.5877,county,0.0176,0.1057,-0.0114,0.0025,"MEDSL county presidential returns (doi:10.7910/DVN/VOQCHQ, v20.0)"
31083,0.1451,-0.6779,1832,0.6094,county,0.1487,-0.6914,1928,0.6414,county,0.1568,-0.6804,1802,0.5995,county,0.0035,0.0524,0.0081,-0.0654,"MEDSL county presidential returns (doi:10.7910/DVN/VOQCHQ, v20.0)"
31085,0.0598,-0.8599,514,0.6019,county,0.0644,-0.8614,534,0.6253,county,0.0387,-0.917,494,0.5785,county,0.0046,0.0389,-0.0257,-0.0749,"MEDSL county presidential returns (doi:10.7910/DVN/VOQCHQ, v20.0)"
31087,0.1156,-0.7296,1468,0.5644,county,0.1216,-0.7413,1469,0.5648,county,0.107,-0.7795,1433,0.5509,county,0.006,0.0007,-0.0146,-0.0245,"MEDSL county presidential returns (doi:10.7910/DVN/VOQCHQ, v20.0)"
31089,0.1087,-0.747,5118,0.5071,county,0.1258,-0.7374,5537,0.5486,county,0.1264,-0.74,5442,0.5392,county,0.0171,0.0819,0.0006,-0.0172,"MEDSL county presidential returns (doi:10.7910/DVN/VOQCHQ, v20.0)"
31091,0.1013,-0.7554,417,0.6803,county,0.1356,-0.7172,442,0.721,county,0.1297,-0.7354,427,0.6966,county,0.0344,0.06,-0.0059,-0.0339,"MEDSL county presidential returns (doi:10.7910/DVN/VOQCHQ, v20.0)"
31093,0.1924,-0.5812,2994,0.4612,county,0.1887,-0.6107,3501,0.5393,county,0.1829,-0.627,3550,0.5468,county,-0.0037,0.1693,-0.0058,0.014,"MEDSL county presidential returns (doi:10.7910/DVN/VOQCHQ, v20.0)"
31095,0.2587,-0.4471,3494,0.4883,county,0.2797,-0.4306,3716,0.5194,county,0.2702,-0.4533,3631,0.5075,county,0.0211,0.0635,-0.0095,-0.0229,"MEDSL county presidential returns (doi:10.7910/DVN/VOQCHQ, v20.0)"
31097,0.2935,-0.3791,2089,0.3969,county,0.2988,-0.3908,2229,0.4235,county,0.2947,-0.4047,2152,0.4089,county,0.0053,0.067,-0.0042,-0.0345,"MEDSL county presidential returns (doi:10.7910/DVN/VOQCHQ, v20.0)"
31099,0.1785,-0.601,3296,0.4922,county,0.199,-0.5885,3604,0.5382,county,0.2065,-0.5805,3604,0.5382,county,0.0205,0.0934,0.0075,0.0,"MEDSL county presidential returns (doi:10.7910/DVN/VOQCHQ, v20.0)"
31101,0.15,-0.6604,4034,0.4896,county,0.1772,-0.6373,4364,0.5297,county,0.1763,-0.6394,4199,0.5096,county,0.0271,0.0818,-0.0009,-0.0378,"MEDSL county presidential returns (doi:10.7910/DVN/VOQCHQ, v20.0)"
31103,0.08,-0.8092,519,0.5527,county,0.0933,-0.8072,529,0.5634,county,0.0809,-0.8382,544,0.5793,county,0.0133,0.0193,-0.0125,0.0284,"MEDSL county presidential returns (doi:10.7910/DVN/VOQCHQ, v20.0)"
31105,0.1474,-0.6559,1677,0.5009,county,0.1464,-0.691,1874,0.5597,county,0.1604,-0.6698,1720,0.5137,county,-0.0011,0.1175,0.014,-0.0822,"MEDSL county presidential returns (doi:10.7910/DVN/VOQCHQ, v20.0)"
31107,0.1842,-0.5998,4115,0.4921,county,0.1956,-0.5995,4697,0.5617,county,0.1795,-0.6328,4436,0.5305,county,0.0114,0.1414,-0.0161,-0.0556,"MEDSL county presidential returns (doi:10.7910/DVN/VOQCHQ, v20.0)"
31109,0.5013,0.0023,136223,0.4209,county,0.54,0.0782,156091,0.4822,county,0.5219,0.0431,157633,0.487,county,0.0388,0.1458,-0.0181,0.0099,"MEDSL county presidential returns (doi:10.7910/DVN/VOQCHQ, v20.0)"
31111,0.1932,-0.5735,16131,0.4727,county,0.2202,-0.5483,17107,0.5013,county,0.2205,-0.552,16464,0.4825,county,0.027,0.0605,0.0003,-0.0376,"MEDSL county presidential returns (doi:10.7910/DVN/VOQCHQ, v20.0)"
31113,0.0741,-0.8124,453,0.5579,county,0.0854,-0.82,450,0.5542,county,0.0576,-0.8727,440,0.5419,county,0.0113,-0.0066,-0.0278,-0.0222,"MEDSL county presidential returns (doi:10.7910/DVN/VOQCHQ, v20.0)"
31115,0.1294,-0.7143,385,0.6826,county,0.1685,-0.6498,454,0.805,county,0.171,-0.6565,428,0.7589,county,0.0392,0.1792,0.0024,-0.0573,"MEDSL county presidential returns (doi:10.7910/DVN/VOQCHQ, v20.0)"
31117,0.0517,-0.8467,287,0.6199,county,0.0582,-0.8543,302,0.6523,county,0.043,-0.9011,283,0.6112,county,0.0066,0.0523,-0.0152,-0.0629,"MEDSL county presidential returns (doi:10.7910/DVN/VOQCHQ, v20.0)"
31119,0.2032,-0.552,14343,0.4036,county,0.2256,-0.5368,15765,0.4436,county,0.2167,-0.5599,15690,0.4415,county,0.0223,0.0991,-0.0089,-0.0048,"MEDSL county presidential returns (doi:10.7910/DVN/VOQCHQ, v20.0)"
31121,0.1706,-0.6135,3788,0.4922,county,0.1785,-0.6286,4257,0.5531,county,0.1705,-0.6497,4342,0.5642,county,0.0079,0.1238,-0.008,0.02,"MEDSL county presidential returns (doi:10.7910/DVN/VOQCHQ, v20.0)"
31123,0.1361,-0.6872,2209,0.4861,county,0.1545,-0.6754,2557,0.5627,county,0.153,-0.6843,2426,0.5339,county,0.0183,0.1575,-0.0015,-0.0512,"MEDSL county presidential returns (doi:10.7910/DVN/VOQCHQ, v20.0)"
31125,0.1822,-0.6046,1621,0.485,county,0.1999,-0.5897,1828,0.547,county,0.194,-0.6042,1837,0.5497,county,0.0177,0.1277,-0.0058,0.0049,"MEDSL county presidential returns (doi:10.7910/DVN/VOQCHQ, v20.0)"
31127,0.2706,-0.4211,3161,0.4493,county,0.275,-0.4403,3423,0.4866,county,0.2725,-0.447,3418,0.4859,county,0.0044,0.0829,-0.0025,-0.0015,"MEDSL county presidential returns (doi:10.7910/DVN/VOQCHQ, v20.0)"
31129,0.1698,-0.6227,2205,0.5393,county,0.1805,-0.6287,2303,0.5632,county,0.1785,-0.6364,2258,0.5522,county,0.0107,0.0444,-0.002,-0.0195,"MEDSL county presidential returns (doi:10.7910/DVN/VOQCHQ, v20.0)"
31131,0.2941,-0.3802,7457,0.4639,county,0.3059,-0.3799,8315,0.5173,county,0.3035,-0.3889,8198,0.51,county,0.0118,0.1151,-0.0024,-0.0141,"MEDSL county presidential returns (doi:10.7910/DVN/VOQCHQ, v20.0)"
31133,0.2227,-0.5237,1327,0.5226,county,0.2312,-0.5241,1429,0.5628,county,0.2075,-0.5809,1379,0.5431,county,0.0085,0.0769,-0.0237,-0.035,"MEDSL county presidential returns (doi:10.7910/DVN/VOQCHQ, v20.0)"
31135,0.1168,-0.7258,1455,0.5132,county,0.1309,-0.7267,1544,0.5446,county,0.1325,-0.7272,1426,0.503,county,0.0141,0.0612,0.0016,-0.0764,"MEDSL county presidential returns (doi:10.7910/DVN/VOQCHQ, v20.0)"
31137,0.1294,-0.698,4695,0.5227,county,0.1532,-0.6798,5009,0.5576,county,0.1542,-0.6848,4965,0.5527,county,0.0238,0.0669,0.001,-0.0088,"MEDSL county presidential returns (doi:10.7910/DVN/VOQCHQ, v20.0)"
31139,0.1112,-0.7355,3630,0.4964,county,0.1218,-0.7444,4006,0.5479,county,0.1154,-0.7632,3897,0.533,county,0.0105,0.1036,-0.0064,-0.0272,"MEDSL county presidential returns (doi:10.7910/DVN/VOQCHQ, v20.0)"
31141,0.1944,-0.5764,14433,0.4201,county,0.2111,-0.5695,15673,0.4562,county,0.2056,-0.5834,15658,0.4557,county,0.0167,0.0859,-0.0054,-0.001,"MEDSL county presidential returns (doi:10.7910/DVN/VOQCHQ, v20.0)"
31143,0.1692,-0.6255,2582,0.4957,county,0.1879,-0.6117,2879,0.5527,county,0.1791,-0.6368,2819,0.5412,county,0.0187,0.115,-0.0088,-0.0208,"MEDSL county presidential returns (doi:10.7910/DVN/VOQCHQ, v20.0)"
31145,0.1316,-0.6988,5170,0.4872,county,0.152,-0.6812,5452,0.5138,county,0.1546,-0.6842,5323,0.5016,county,0.0204,0.0545,0.0026,-0.0237,"MEDSL county presidential returns (doi:10.7910/DVN/VOQCHQ, v20.0)"
31147,0.228,-0.5127,3805,0.488,county,0.2448,-0.5034,4126,0.5292,county,0.2397,-0.5145,3942,0.5056,county,0.0167,0.0844,-0.005,-0.0446,"MEDSL county presidential returns (doi:10.7910/DVN/VOQCHQ, v20.0)"
31149,0.0925,-0.7732,798,0.5978,county,0.1014,-0.7848,841,0.63,county,0.1024,-0.7914,834,0.6247,county,0.009,0.0539,0.001,-0.0083,"MEDSL county presidential returns (doi:10.7910/DVN/VOQCHQ, v20.0)"
31151,0.3658,-0.2475,5136,0.3508,county,0.3536,-0.2851,5770,0.3941,county,0.3319,-0.3323,5655,0.3862,county,-0.0123,0.1234,-0.0217,-0.0199,"MEDSL county presidential returns (doi:10.7910/DVN/VOQCHQ, v20.0)"
31153,0.3831,-0.2123,80580,0.4153,county,0.4422,-0.1126,95673,0.493,county,0.4409,-0.1166,100735,0.5191,county,0.0591,0.1873,-0.0013,0.0529,"MEDSL county presidential returns (doi:10.7910/DVN/VOQCHQ, v20.0)"
31155,0.2503,-0.4634,10860,0.4771,county,0.2678,-0.4536,12735,0.5595,county,0.2653,-0.4641,13565,0.596,county,0.0174,0.1727,-0.0025,0.0652,"MEDSL county presidential returns (doi:10.7910/DVN/VOQCHQ, v20.0)"
31157,0.2414,-0.4798,14317,0.3984,county,0.277,-0.4367,15469,0.4304,county,0.259,-0.4772,15040,0.4185,county,0.0356,0.0805,-0.018,-0.0277,"MEDSL county presidential returns (doi:10.7910/DVN/VOQCHQ, v20.0)"
31159,0.2558,-0.4518,7922,0.4492,county,0.2731,-0.4432,9142,0.5184,county,0.2637,-0.4659,9184,0.5208,county,0.0172,0.154,-0.0094,0.0046,"MEDSL county presidential returns (doi:10.7910/DVN/VOQCHQ, v20.0)"
31161,0.1149,-0.7377,2608,0.5156,county,0.1292,-0.7305,2672,0.5283,county,0.1469,-0.7005,2484,0.4911,county,0.0143,0.0245,0.0177,-0.0704,"MEDSL county presidential returns (doi:10.7910/DVN/VOQCHQ, v20.0)"
31163,0.2282,-0.5149,1573,0.5289,county,0.206,-0.5766,1698,0.5709,county,0.1962,-0.6023,1687,0.5672,county,-0.0222,0.0795,-0.0098,-0.0065,"MEDSL county presidential returns (doi:10.7910/DVN/VOQCHQ, v20.0)"
31165,0.1162,-0.7269,736,0.6149,county,0.1008,-0.7819,729,0.609,county,0.1142,-0.767,678,0.5664,county,-0.0154,-0.0095,0.0134,-0.07,"MEDSL county presidential returns (doi:10.7910/DVN/VOQCHQ, v20.0)"
31167,0.1601,-0.6319,2801,0.48,county,0.172,-0.6419,3161,0.5417,county,0.1625,-0.6671,3064,0.5251,county,0.0119,0.1285,-0.0095,-0.0307,"MEDSL county presidential returns (doi:10.7910/DVN/VOQCHQ, v20.0)"
31169,0.1957,-0.577,2690,0.5448,county,0.2128,-0.5651,2980,0.6035,county,0.1928,-0.608,2852,0.5776,county,0.0171,0.1078,-0.0201,-0.043,"MEDSL county presidential returns (doi:10.7910/DVN/VOQCHQ, v20.0)"
31171,0.0802,-0.799,393,0.6278,county,0.1066,-0.7775,427,0.6821,county,0.1122,-0.7735,393,0.6278,county,0.0264,0.0865,0.0056,-0.0796,"MEDSL county presidential returns (doi:10.7910/DVN/VOQCHQ, v20.0)"
31173,0.4684,-0.0594,2088,0.3132,county,0.4874,-0.0249,2325,0.3488,county,0.465,-0.0692,2123,0.3185,county,0.019,0.1135,-0.0224,-0.0869,"MEDSL county presidential returns (doi:10.7910/DVN/VOQCHQ, v20.0)"
31175,0.16,-0.6535,2205,0.5386,county,0.1781,-0.6363,2340,0.5716,county,0.1771,-0.639,2299,0.5616,county,0.0181,0.0612,-0.001,-0.0175,"MEDSL county presidential returns (doi:10.7910/DVN/VOQCHQ, v20.0)"
31177,0.2611,-0.4432,10832,0.5161,county,0.2928,-0.4051,12413,0.5914,county,0.2855,-0.4238,12545,0.5977,county,0.0318,0.146,-0.0073,0.0106,"MEDSL county presidential returns (doi:10.7910/DVN/VOQCHQ, v20.0)"
31179,0.2367,-0.4921,3776,0.3859,county,0.2507,-0.484,4200,0.4292,county,0.2504,-0.4923,4073,0.4162,county,0.014,0.1123,-0.0002,-0.0302,"MEDSL county presidential returns (doi:10.7910/DVN/VOQCHQ, v20.0)"
31181,0.187,-0.5995,1708,0.5046,county,0.1815,-0.6269,1876,0.5542,county,0.1696,-0.654,1763,0.5208,county,-0.0056,0.0984,-0.0118,-0.0602,"MEDSL county presidential returns (doi:10.7910/DVN/VOQCHQ, v20.0)"
31183,0.1412,-0.6774,465,0.5924,county,0.1187,-0.755,502,0.6395,county,0.1185,-0.7551,486,0.6191,county,-0.0225,0.0796,-0.0002,-0.0319,"MEDSL county presidential returns (doi:10.7910/DVN/VOQCHQ, v20.0)"
31185,0.2015,-0.5507,6381,0.4484,county,0.234,-0.519,7143,0.5019,county,0.2395,-0.5135,6984,0.4908,county,0.0325,0.1194,0.0055,-0.0223,"MEDSL county presidential returns (doi:10.7910/DVN/VOQCHQ, v20.0)"
32001,0.2201,-0.5138,10938,0.427,county,0.2455,-0.4906,12881,0.5029,county,0.2419,-0.5023,13503,0.5272,county,0.0254,0.1776,-0.0036,0.0483,"MEDSL county presidential returns (doi:10.7910/DVN/VOQCHQ, v20.0)"
32003,0.5569,0.1071,767156,0.3345,county,0.5477,0.0936,972308,0.4239,county,0.5134,0.0263,1031223,0.4496,county,-0.0091,0.2674,-0.0344,0.0606,"MEDSL county presidential returns (doi:10.7910/DVN/VOQCHQ, v20.0)"
32005,0.3268,-0.3214,27885,0.5619,county,0.3486,-0.2947,34117,0.6875,county,0.3321,-0.3286,35556,0.7165,county,0.0218,0.2235,-0.0165,0.0422,"MEDSL county presidential returns (doi:10.7910/DVN/VOQCHQ, v20.0)"
32007,0.2006,-0.5469,18559,0.3446,county,0.214,-0.5547,21957,0.4077,county,0.2107,-0.5662,22465,0.4172,county,0.0133,0.1831,-0.0033,0.0231,"MEDSL county presidential returns (doi:10.7910/DVN/VOQCHQ, v20.0)"
32009,0.165,-0.6241,423,0.4397,county,0.1542,-0.6729,480,0.499,county,0.1626,-0.6573,461,0.4792,county,-0.0108,0.1348,0.0084,-0.0396,"MEDSL county presidential returns (doi:10.7910/DVN/VOQCHQ, v20.0)"
32011,0.0928,-0.76,854,0.5145,county,0.1049,-0.7768,1008,0.6072,county,0.1026,-0.778,1036,0.6241,county,0.0121,0.1803,-0.0024,0.0278,"MEDSL county presidential returns (doi:10.7910/DVN/VOQCHQ, v20.0)"
32013,0.2346,-0.4873,6433,0.3719,county,0.2232,-0.5389,7771,0.4492,county,0.2179,-0.5517,8030,0.4642,county,-0.0114,0.208,-0.0053,0.0333,"MEDSL county presidential returns (doi:10.7910/DVN/VOQCHQ, v20.0)"
32015,0.1806,-0.5906,2413,0.42,county,0.1841,-0.6156,2765,0.4813,county,0.1811,-0.6231,2725,0.4743,county,0.0035,0.1459,-0.003,-0.0145,"MEDSL county presidential returns (doi:10.7910/DVN/VOQCHQ, v20.0)"
32017,0.1457,-0.6501,2132,0.4789,county,0.1377,-0.7101,2446,0.5494,county,0.1296,-0.7257,2472,0.5553,county,-0.008,0.1473,-0.008,0.0106,"MEDSL county presidential returns (doi:10.7910/DVN/VOQCHQ, v20.0)"
32019,0.2775,-0.4149,23762,0.3919,county,0.2884,-0.4113,30229,0.4986,county,0.2729,-0.4444,33541,0.5532,county,0.0109,0.2722,-0.0155,0.1096,"MEDSL county presidential returns (doi:10.7910/DVN/VOQCHQ, v20.0)"
32021,0.3508,-0.2714,1997,0.4382,county,0.3672,-0.2561,2327,0.5106,county,0.3176,-0.356,2295,0.5036,county,0.0164,0.1652,-0.0496,-0.0138,"MEDSL county presidential returns (doi:10.7910/DVN/VOQCHQ, v20.0)"
32023,0.2766,-0.42,19595,0.3683,county,0.2937,-0.4035,25376,0.4769,county,0.2852,-0.4218,26997,0.5074,county,0.0171,0.295,-0.0085,0.0639,"MEDSL county presidential returns (doi:10.7910/DVN/VOQCHQ, v20.0)"
32027,0.2346,-0.4909,1982,0.3047,county,0.2401,-0.5103,2320,0.3566,county,0.2195,-0.5494,2308,0.3548,county,0.0055,0.1705,-0.0207,-0.0052,"MEDSL county presidential returns (doi:10.7910/DVN/VOQCHQ, v20.0)"
32029,0.3176,-0.3378,2558,0.618,county,0.3213,-0.349,2868,0.6929,county,0.3022,-0.3886,3075,0.7429,county,0.0037,0.1212,-0.0191,0.0722,"MEDSL county presidential returns (doi:10.7910/DVN/VOQCHQ, v20.0)"
32031,0.5068,0.0125,209909,0.4268,county,0.5233,0.0452,251956,0.5123,county,0.5051,0.01,263734,0.5363,county,0.0165,0.2003,-0.0182,0.0467,"MEDSL county presidential returns (doi:10.7910/DVN/VOQCHQ, v20.0)"
32033,0.2061,-0.5343,3773,0.426,county,0.2011,-0.5831,4363,0.4927,county,0.2079,-0.5702,4351,0.4913,county,-0.005,0.1564,0.0068,-0.0028,"MEDSL county presidential returns (doi:10.7910/DVN/VOQCHQ, v20.0)"
32510,0.4227,-0.1405,25016,0.4286,county,0.4415,-0.1136,29739,0.5095,county,0.4422,-0.1126,31068,0.5323,county,0.0188,0.1888,0.0007,0.0447,"MEDSL county presidential returns (doi:10.7910/DVN/VOQCHQ, v20.0)"
33001,0.4117,-0.1654,35045,0.545,county,0.447,-0.1043,38391,0.5971,county,0.4342,-0.1302,40676,0.6326,county,0.0353,0.0955,-0.0128,0.0595,"MEDSL county presidential returns (doi:10.7910/DVN/VOQCHQ, v20.0)"
33003,0.4702,-0.0556,29616,0.5778,county,0.5076,0.015,33221,0.6481,county,0.4912,-0.0174,34658,0.6761,county,0.0374,0.1217,-0.0164,0.0433,"MEDSL county presidential returns (doi:10.7910/DVN/VOQCHQ, v20.0)"
33005,0.5666,0.1238,41895,0.5445,county,0.5878,0.1724,44220,0.5747,county,0.5503,0.0991,45389,0.5899,county,0.0212,0.0555,-0.0375,0.0264,"MEDSL county presidential returns (doi:10.7910/DVN/VOQCHQ, v20.0)"
33007,0.4522,-0.0889,15627,0.4979,county,0.47,-0.0592,16515,0.5262,county,0.4308,-0.1366,17322,0.5519,county,0.0178,0.0568,-0.0392,0.0489,"MEDSL county presidential returns (doi:10.7910/DVN/VOQCHQ, v20.0)"
33009,0.6,0.1856,51191,0.5579,county,0.625,0.246,53966,0.5881,county,0.6009,0.1983,55895,0.6092,county,0.0251,0.0542,-0.0241,0.0357,"MEDSL county presidential returns (doi:10.7910/DVN/VOQCHQ, v20.0)"
33011,0.4989,-0.002,214157,0.5042,county,0.539,0.0767,230941,0.5437,county,0.5146,0.0287,234440,0.552,county,0.0401,0.0784,-0.0245,0.0152,"MEDSL county presidential returns (doi:10.7910/DVN/VOQCHQ, v20.0)"
33013,0.5162,0.0302,83648,0.5396,county,0.55,0.0982,89805,0.5793,county,0.5263,0.0518,92978,0.5998,county,0.0338,0.0736,-0.0237,0.0353,"MEDSL county presidential returns (doi:10.7910/DVN/VOQCHQ, v20.0)"
33015,0.4693,-0.0576,181434,0.5721,county,0.5107,0.0212,198798,0.6268,county,0.4877,-0.0243,202922,0.6398,county,0.0414,0.0957,-0.023,0.0207,"MEDSL county presidential returns (doi:10.7910/DVN/VOQCHQ, v20.0)"
33017,0.5455,0.0844,69000,0.5237,county,0.5778,0.1526,73596,0.5586,county,0.561,0.1201,76688,0.5821,county,0.0323,0.0666,-0.0168,0.042,"MEDSL county presidential returns (doi:10.7910/DVN/VOQCHQ, v20.0)"
33019,0.4861,-0.0258,22683,0.5211,county,0.5185,0.0362,24380,0.5601,county,0.4966,-0.0066,25221,0.5794,county,0.0324,0.0748,-0.0218,0.0345,"MEDSL county presidential returns (doi:10.7910/DVN/VOQCHQ, v20.0)"
34001,0.5362,0.0702,117291,0.427,county,0.5339,0.0669,140031,0.5098,county,0.4846,-0.0303,129759,0.4724,county,-0.0023,0.1939,-0.0493,-0.0734,"MEDSL county presidential returns (doi:10.7910/DVN/VOQCHQ, v20.0)"
34003,0.5684,0.1328,419296,0.4392,county,0.5831,0.1645,495849,0.5194,county,0.5173,0.0339,459077,0.4809,county,0.0147,0.1826,-0.0658,-0.0742,"MEDSL county presidential returns (doi:10.7910/DVN/VOQCHQ, v20.0)"
34005,0.5769,0.1482,218943,0.4716,county,0.5993,0.196,261497,0.5633,county,0.5843,0.1663,229466,0.4943,county,0.0224,0.1944,-0.0151,-0.1225,"MEDSL county presidential returns (doi:10.7910/DVN/VOQCHQ, v20.0)"
34007,0.6689,0.327,226592,0.4324,county,0.67,0.3358,264616,0.505,county,0.6392,0.2744,246954,0.4712,county,0.0012,0.1678,-0.0308,-0.0667,"MEDSL county presidential returns (doi:10.7910/DVN/VOQCHQ, v20.0)"
34009,0.3973,-0.199,48722,0.5116,county,0.4193,-0.1597,57714,0.606,county,0.4024,-0.1925,54568,0.573,county,0.022,0.1846,-0.0169,-0.0545,"MEDSL county presidential returns (doi:10.7910/DVN/VOQCHQ, v20.0)"
34011,0.5318,0.0614,54004,0.3532,county,0.5307,0.0607,62408,0.4081,county,0.481,-0.0375,55885,0.3655,county,-0.0011,0.1556,-0.0497,-0.1045,"MEDSL county presidential returns (doi:10.7910/DVN/VOQCHQ, v20.0)"
34013,0.7922,0.5714,310934,0.364,county,0.7795,0.5541,345311,0.4043,county,0.728,0.4491,313283,0.3668,county,-0.0127,0.1106,-0.0515,-0.0928,"MEDSL county presidential returns (doi:10.7910/DVN/VOQCHQ, v20.0)"
34015,0.4975,-0.0048,139542,0.4583,county,0.5099,0.0195,172654,0.567,county,0.4857,-0.028,164635,0.5407,county,0.0124,0.2373,-0.0241,-0.0464,"MEDSL county presidential returns (doi:10.7910/DVN/VOQCHQ, v20.0)"
34017,0.7697,0.5236,219375,0.3088,county,0.7342,0.4633,249850,0.3517,county,0.6443,0.2805,231181,0.3254,county,-0.0355,0.1389,-0.0899,-0.0747,"MEDSL county presidential returns (doi:10.7910/DVN/VOQCHQ, v20.0)"
34019,0.4274,-0.1385,70836,0.5472,county,0.4776,-0.0439,84242,0.6508,county,0.466,-0.0667,80925,0.6252,county,0.0502,0.1893,-0.0116,-0.0394,"MEDSL county presidential returns (doi:10.7910/DVN/VOQCHQ, v20.0)"
34021,0.694,0.3743,156529,0.4084,county,0.7035,0.4014,176604,0.4608,county,0.6729,0.3386,163270,0.426,county,0.0095,0.1283,-0.0306,-0.0755,"MEDSL county presidential returns (doi:10.7910/DVN/VOQCHQ, v20.0)"
34023,0.6109,0.2149,326102,0.3785,county,0.612,0.2211,374362,0.4345,county,0.5414,0.0804,365187,0.4239,county,0.0011,0.148,-0.0705,-0.0245,"MEDSL county presidential returns (doi:10.7910/DVN/VOQCHQ, v20.0)"
34025,0.4514,-0.094,314377,0.4885,county,0.4859,-0.0278,378151,0.5875,county,0.442,-0.1139,360143,0.5596,county,0.0345,0.2029,-0.0439,-0.0476,"MEDSL county presidential returns (doi:10.7910/DVN/VOQCHQ, v20.0)"
34027,0.4776,-0.0432,250416,0.4907,county,0.5216,0.0426,299322,0.5865,county,0.4861,-0.0273,284666,0.5578,county,0.044,0.1953,-0.0355,-0.049,"MEDSL county presidential returns (doi:10.7910/DVN/VOQCHQ, v20.0)"
34029,0.3273,-0.3351,274362,0.4244,county,0.3543,-0.2878,341516,0.5283,county,0.3177,-0.3602,337135,0.5215,county,0.0269,0.2448,-0.0366,-0.0128,"MEDSL county presidential returns (doi:10.7910/DVN/VOQCHQ, v20.0)"
34031,0.6156,0.2251,194802,0.3759,county,0.5839,0.1658,223707,0.4316,county,0.4852,-0.0286,202767,0.3912,county,-0.0318,0.1484,-0.0987,-0.0936,"MEDSL county presidential returns (doi:10.7910/DVN/VOQCHQ, v20.0)"
34033,0.4209,-0.1518,29494,0.4539,county,0.4347,-0.1282,33922,0.5221,county,0.4024,-0.1921,31001,0.4771,county,0.0139,0.1501,-0.0323,-0.0861,"MEDSL county presidential returns (doi:10.7910/DVN/VOQCHQ, v20.0)"
34035,0.5667,0.1285,157092,0.4538,county,0.6069,0.2108,185859,0.5368,county,0.5714,0.1392,177412,0.5125,county,0.0402,0.1831,-0.0355,-0.0454,"MEDSL county presidential returns (doi:10.7910/DVN/VOQCHQ, v20.0)"
34037,0.3416,-0.3028,74126,0.5108,county,0.4001,-0.1957,87960,0.6061,county,0.3731,-0.2494,84629,0.5832,county,0.0585,0.1866,-0.027,-0.0379,"MEDSL county presidential returns (doi:10.7910/DVN/VOQCHQ, v20.0)"
34039,0.684,0.3572,221975,0.3877,county,0.6803,0.3567,252991,0.4419,county,0.6232,0.2421,240632,0.4203,county,-0.0037,0.1397,-0.0571,-0.0489,"MEDSL county presidential returns (doi:10.7910/DVN/VOQCHQ, v20.0)"
34041,0.3666,-0.2554,49236,0.4466,county,0.4173,-0.1623,60787,0.5514,county,0.3946,-0.207,60150,0.5456,county,0.0507,0.2346,-0.0227,-0.0105,"MEDSL county presidential returns (doi:10.7910/DVN/VOQCHQ, v20.0)"
35001,0.6023,0.1774,274662,0.4073,county,0.6252,0.2444,317590,0.471,county,0.6079,0.2103,310844,0.4609,county,0.0229,0.1563,-0.0174,-0.0212,"MEDSL county presidential returns (doi:10.7910/DVN/VOQCHQ, v20.0)"
35003,0.2258,-0.5061,2049,0.556,county,0.2595,-0.4742,2326,0.6312,county,0.2458,-0.5017,2354,0.6388,county,0.0337,0.1352,-0.0137,0.012,"MEDSL county presidential returns (doi:10.7910/DVN/VOQCHQ, v20.0)"
35005,0.3007,-0.362,20271,0.3145,county,0.2896,-0.4133,22443,0.3482,county,0.2721,-0.4483,22200,0.3445,county,-0.0111,0.1071,-0.0175,-0.0108,"MEDSL county presidential returns (doi:10.7910/DVN/VOQCHQ, v20.0)"
35006,0.5394,0.0677,8063,0.298,county,0.5442,0.0865,8903,0.329,county,0.5079,0.0155,8977,0.3318,county,0.0048,0.1042,-0.0362,0.0083,"MEDSL county presidential returns (doi:10.7910/DVN/VOQCHQ, v20.0)"
35007,0.4516,-0.0855,5332,0.4322,county,0.4439,-0.1097,6016,0.4877,county,0.4283,-0.1404,5813,0.4712,county,-0.0077,0.1283,-0.0156,-0.0337,"MEDSL county presidential returns (doi:10.7910/DVN/VOQCHQ, v20.0)"
35009,0.2567,-0.4423,13370,0.2789,county,0.292,-0.4064,15101,0.3151,county,0.2831,-0.4259,15223,0.3176,county,0.0352,0.1295,-0.0089,0.0081,"MEDSL county presidential returns (doi:10.7910/DVN/VOQCHQ, v20.0)"
35011,0.2374,-0.4692,910,0.5759,county,0.2604,-0.4717,901,0.5703,county,0.2409,-0.511,867,0.5487,county,0.023,-0.0099,-0.0195,-0.0377,"MEDSL county presidential returns (doi:10.7910/DVN/VOQCHQ, v20.0)"
35013,0.5993,0.178,70648,0.3187,county,0.5938,0.1834,82641,0.3728,county,0.5499,0.0977,85407,0.3853,county,-0.0055,0.1698,-0.0439,0.0335,"MEDSL county presidential returns (doi:10.7910/DVN/VOQCHQ, v20.0)"
35015,0.2768,-0.4126,19667,0.3218,county,0.2371,-0.518,23222,0.38,county,0.2171,-0.5585,23472,0.3841,county,-0.0398,0.1808,-0.0199,0.0108,"MEDSL county presidential returns (doi:10.7910/DVN/VOQCHQ, v20.0)"
35017,0.5427,0.0771,12811,0.4599,county,0.5367,0.0718,14435,0.5182,county,0.526,0.0507,14224,0.5106,county,-0.0061,0.1268,-0.0107,-0.0146,"MEDSL county presidential returns (doi:10.7910/DVN/VOQCHQ, v20.0)"
35019,0.6198,0.2053,1827,0.4172,county,0.5737,0.1448,2189,0.4999,county,0.5037,0.0073,1928,0.4403,county,-0.0461,0.1981,-0.07,-0.1192,"MEDSL county presidential returns (doi:10.7910/DVN/VOQCHQ, v20.0)"
35021,0.334,-0.2941,527,0.7045,county,0.3594,-0.2772,505,0.6751,county,0.3012,-0.3976,425,0.5682,county,0.0254,-0.0417,-0.0583,-0.1584,"MEDSL county presidential returns (doi:10.7910/DVN/VOQCHQ, v20.0)"
35023,0.4628,-0.0673,1872,0.4569,county,0.4236,-0.1505,1974,0.4818,county,0.3821,-0.2337,1861,0.4542,county,-0.0392,0.0545,-0.0415,-0.0572,"MEDSL county presidential returns (doi:10.7910/DVN/VOQCHQ, v20.0)"
35025,0.2393,-0.4836,17712,0.2421,county,0.1972,-0.5961,20918,0.2859,county,0.1878,-0.6161,21209,0.2899,county,-0.0421,0.181,-0.0094,0.0139,"MEDSL county presidential returns (doi:10.7910/DVN/VOQCHQ, v20.0)"
35027,0.2833,-0.4005,8902,0.4401,county,0.3151,-0.3637,10306,0.5095,county,0.3041,-0.3846,10165,0.5025,county,0.0318,0.1577,-0.0111,-0.0137,"MEDSL county presidential returns (doi:10.7910/DVN/VOQCHQ, v20.0)"
35028,0.6235,0.2024,10885,0.5618,county,0.6384,0.2665,12293,0.6345,county,0.6562,0.3019,12187,0.629,county,0.015,0.1294,0.0178,-0.0086,"MEDSL county presidential returns (doi:10.7910/DVN/VOQCHQ, v20.0)"
35029,0.4788,-0.0388,7295,0.287,county,0.447,-0.1043,8103,0.3188,county,0.4034,-0.1889,8056,0.3169,county,-0.0318,0.1108,-0.0436,-0.0058,"MEDSL county presidential returns (doi:10.7910/DVN/VOQCHQ, v20.0)"
35031,0.7268,0.3904,21703,0.3049,county,0.698,0.3862,26486,0.3721,county,0.6266,0.2454,25867,0.3634,county,-0.0288,0.2204,-0.0714,-0.0234,"MEDSL county presidential returns (doi:10.7910/DVN/VOQCHQ, v20.0)"
35033,0.6979,0.3568,2441,0.5845,county,0.659,0.3135,2686,0.6432,county,0.5876,0.1731,2479,0.5936,county,-0.0389,0.1004,-0.0714,-0.0771,"MEDSL county presidential returns (doi:10.7910/DVN/VOQCHQ, v20.0)"
35035,0.34,-0.2873,20060,0.294,county,0.3688,-0.2561,23571,0.3454,county,0.3621,-0.2696,24242,0.3553,county,0.0288,0.175,-0.0067,0.0285,"MEDSL county presidential returns (doi:10.7910/DVN/VOQCHQ, v20.0)"
35037,0.315,-0.3345,3572,0.4146,county,0.3076,-0.378,3873,0.4495,county,0.291,-0.4095,3700,0.4294,county,-0.0074,0.0843,-0.0165,-0.0447,"MEDSL county presidential returns (doi:10.7910/DVN/VOQCHQ, v20.0)"
35039,0.7272,0.4028,14878,0.3704,county,0.6702,0.3357,16628,0.414,county,0.5993,0.1942,15989,0.3981,county,-0.057,0.1176,-0.0709,-0.0384,"MEDSL county presidential returns (doi:10.7910/DVN/VOQCHQ, v20.0)"
35041,0.2724,-0.4084,5950,0.3131,county,0.28,-0.4286,6608,0.3478,county,0.2797,-0.4318,6639,0.3494,county,0.0076,0.1106,-0.0003,0.0047,"MEDSL county presidential returns (doi:10.7910/DVN/VOQCHQ, v20.0)"
35043,0.5168,0.0292,61690,0.4071,county,0.5429,0.0838,76562,0.5052,county,0.5296,0.0578,79540,0.5249,county,0.0261,0.2411,-0.0133,0.0389,"MEDSL county presidential returns (doi:10.7910/DVN/VOQCHQ, v20.0)"
35045,0.3152,-0.3271,46110,0.3805,county,0.3549,-0.2828,52294,0.4315,county,0.3376,-0.3174,52926,0.4368,county,0.0396,0.1341,-0.0173,0.0121,"MEDSL county presidential returns (doi:10.7910/DVN/VOQCHQ, v20.0)"
35047,0.759,0.4625,10751,0.3977,county,0.6975,0.3874,11531,0.4265,county,0.6425,0.2789,11108,0.4109,county,-0.0615,0.0726,-0.055,-0.0367,"MEDSL county presidential returns (doi:10.7910/DVN/VOQCHQ, v20.0)"
35049,0.7799,0.5104,71434,0.4603,county,0.7733,0.5375,82227,0.5299,county,0.7501,0.4891,83719,0.5395,county,-0.0066,0.1511,-0.0232,0.0181,"MEDSL county presidential returns (doi:10.7910/DVN/VOQCHQ, v20.0)"
35051,0.3488,-0.2698,5181,0.4501,county,0.39,-0.2148,5945,0.5165,county,0.4017,-0.1917,5953,0.5172,county,0.0413,0.1475,0.0117,0.0013,"MEDSL county presidential returns (doi:10.7910/DVN/VOQCHQ, v20.0)"
35053,0.5588,0.1015,6868,0.4211,county,0.5335,0.0652,7160,0.439,county,0.481,-0.0369,7233,0.4435,county,-0.0253,0.0425,-0.0524,0.0102,"MEDSL county presidential returns (doi:10.7910/DVN/VOQCHQ, v20.0)"
35055,0.7964,0.5204,15260,0.4421,county,0.7793,0.5475,17181,0.4978,county,0.7441,0.4748,16636,0.482,county,-0.0171,0.1259,-0.0352,-0.0317,"MEDSL county presidential returns (doi:10.7910/DVN/VOQCHQ, v20.0)"
35057,0.3246,-0.305,6324,0.4136,county,0.3294,-0.3335,7281,0.4762,county,0.3052,-0.3811,7179,0.4695,county,0.0048,0.1513,-0.0242,-0.014,"MEDSL county presidential returns (doi:10.7910/DVN/VOQCHQ, v20.0)"
35059,0.2083,-0.5264,1702,0.4214,county,0.2163,-0.5618,1789,0.4429,county,0.2326,-0.5225,1663,0.4117,county,0.0079,0.0511,0.0164,-0.0704,"MEDSL county presidential returns (doi:10.7910/DVN/VOQCHQ, v20.0)"
35061,0.4507,-0.086,27592,0.3566,county,0.451,-0.0961,32277,0.4171,county,0.4166,-0.1637,33277,0.43,county,0.0003,0.1698,-0.0344,0.031,"MEDSL county presidential returns (doi:10.7910/DVN/VOQCHQ, v20.0)"
36001,0.6347,0.2522,139830,0.4434,county,0.6607,0.3128,154727,0.4906,county,0.6292,0.256,148577,0.4711,county,0.026,0.1065,-0.0315,-0.0397,"MEDSL county presidential returns (doi:10.7910/DVN/VOQCHQ, v20.0)"
36003,0.2805,-0.4089,18692,0.3975,county,0.2997,-0.387,20895,0.4443,county,0.284,-0.4306,19376,0.412,county,0.0192,0.1179,-0.0157,-0.0727,"MEDSL county presidential returns (doi:10.7910/DVN/VOQCHQ, v20.0)"
36005,0.9034,0.7906,399522,0.2815,county,0.8399,0.6652,432399,0.3047,county,0.7272,0.4505,362890,0.2557,county,-0.0635,0.0823,-0.1127,-0.1608,"MEDSL county presidential returns (doi:10.7910/DVN/VOQCHQ, v20.0)"
36007,0.4892,-0.0201,86072,0.4353,county,0.5177,0.0343,93494,0.4728,county,0.5021,0.0042,90459,0.4575,county,0.0285,0.0862,-0.0156,-0.0325,"MEDSL county presidential returns (doi:10.7910/DVN/VOQCHQ, v20.0)"
36009,0.3254,-0.3272,31161,0.4074,county,0.349,-0.2934,35018,0.4579,county,0.3359,-0.3273,34107,0.446,county,0.0237,0.1238,-0.0131,-0.026,"MEDSL county presidential returns (doi:10.7910/DVN/VOQCHQ, v20.0)"
36011,0.4375,-0.1164,33172,0.4396,county,0.4528,-0.0915,36760,0.4871,county,0.435,-0.1296,36343,0.4816,county,0.0153,0.1082,-0.0178,-0.0113,"MEDSL county presidential returns (doi:10.7910/DVN/VOQCHQ, v20.0)"
36013,0.3767,-0.2305,54234,0.4293,county,0.3985,-0.1969,59770,0.4731,county,0.3901,-0.2193,56751,0.4492,county,0.0218,0.1021,-0.0084,-0.0505,"MEDSL county presidential returns (doi:10.7910/DVN/VOQCHQ, v20.0)"
36015,0.4064,-0.1755,36119,0.4362,county,0.4315,-0.1331,39711,0.4796,county,0.416,-0.1674,37560,0.4536,county,0.0251,0.0994,-0.0155,-0.0542,"MEDSL county presidential returns (doi:10.7910/DVN/VOQCHQ, v20.0)"
36017,0.3624,-0.2553,20160,0.4318,county,0.3808,-0.2316,22417,0.4802,county,0.3639,-0.2714,22540,0.4828,county,0.0184,0.112,-0.0169,0.0055,"MEDSL county presidential returns (doi:10.7910/DVN/VOQCHQ, v20.0)"
36019,0.5103,0.019,32105,0.4066,county,0.5265,0.0519,35637,0.4513,county,0.4892,-0.0215,35817,0.4536,county,0.0162,0.11,-0.0373,0.0051,"MEDSL county presidential returns (doi:10.7910/DVN/VOQCHQ, v20.0)"
36021,0.5263,0.0494,30902,0.5046,county,0.585,0.1655,35781,0.5842,county,0.5735,0.1456,35897,0.5861,county,0.0587,0.1579,-0.0115,0.0032,"MEDSL county presidential returns (doi:10.7910/DVN/VOQCHQ, v20.0)"
36023,0.4698,-0.0558,20244,0.4363,county,0.4901,-0.0192,21892,0.4718,county,0.4678,-0.0642,22063,0.4755,county,0.0203,0.0814,-0.0223,0.0078,"MEDSL county presidential returns (doi:10.7910/DVN/VOQCHQ, v20.0)"
36025,0.3569,-0.2685,19792,0.4443,county,0.4058,-0.1839,23074,0.5179,county,0.4012,-0.1966,23156,0.5198,county,0.0489,0.1658,-0.0047,0.0036,"MEDSL county presidential returns (doi:10.7910/DVN/VOQCHQ, v20.0)"
36027,0.5019,0.0035,130934,0.4406,county,0.5491,0.0959,151889,0.5112,county,0.5271,0.0538,152659,0.5138,county,0.0473,0.16,-0.0221,0.0051,"MEDSL county presidential returns (doi:10.7910/DVN/VOQCHQ, v20.0)"
36029,0.5336,0.0641,423625,0.4459,county,0.5749,0.1461,476787,0.5019,county,0.5484,0.0961,456550,0.4806,county,0.0413,0.1255,-0.0266,-0.0424,"MEDSL county presidential returns (doi:10.7910/DVN/VOQCHQ, v20.0)"
36031,0.4938,-0.0114,17218,0.4644,county,0.5257,0.0499,19470,0.5251,county,0.5025,0.005,19236,0.5188,county,0.0319,0.1308,-0.0232,-0.012,"MEDSL county presidential returns (doi:10.7910/DVN/VOQCHQ, v20.0)"
36033,0.4702,-0.0545,16952,0.3602,county,0.489,-0.0214,19420,0.4126,county,0.4549,-0.0898,19458,0.4134,county,0.0188,0.1456,-0.0341,0.002,"MEDSL county presidential returns (doi:10.7910/DVN/VOQCHQ, v20.0)"
36035,0.3255,-0.3284,21214,0.4019,county,0.3403,-0.3094,24072,0.456,county,0.3207,-0.3578,23953,0.4538,county,0.0148,0.1347,-0.0195,-0.0049,"MEDSL county presidential returns (doi:10.7910/DVN/VOQCHQ, v20.0)"
36037,0.3114,-0.3505,26432,0.4562,county,0.3377,-0.3143,29431,0.5079,county,0.3302,-0.3386,28444,0.4909,county,0.0263,0.1135,-0.0075,-0.0335,"MEDSL county presidential returns (doi:10.7910/DVN/VOQCHQ, v20.0)"
36039,0.3616,-0.2571,22050,0.4637,county,0.4203,-0.155,25320,0.5324,county,0.4151,-0.1685,25310,0.5322,county,0.0587,0.1483,-0.0051,-0.0004,"MEDSL county presidential returns (doi:10.7910/DVN/VOQCHQ, v20.0)"
36041,0.315,-0.3457,3225,0.6321,county,0.3462,-0.3001,3489,0.6838,county,0.3526,-0.2943,3439,0.674,county,0.0312,0.0819,0.0065,-0.0143,"MEDSL county presidential returns (doi:10.7910/DVN/VOQCHQ, v20.0)"
36043,0.3262,-0.3282,26255,0.4381,county,0.345,-0.3022,29560,0.4932,county,0.3178,-0.3637,28725,0.4793,county,0.0188,0.1259,-0.0272,-0.0282,"MEDSL county presidential returns (doi:10.7910/DVN/VOQCHQ, v20.0)"
36045,0.3882,-0.208,38236,0.3293,county,0.4031,-0.1886,44129,0.38,county,0.382,-0.2355,42843,0.3689,county,0.0149,0.1541,-0.0211,-0.0291,"MEDSL county presidential returns (doi:10.7910/DVN/VOQCHQ, v20.0)"
36047,0.8195,0.62,805605,0.3044,county,0.7762,0.5438,920380,0.3478,county,0.7199,0.4332,847934,0.3204,county,-0.0433,0.1425,-0.0563,-0.0787,"MEDSL county presidential returns (doi:10.7910/DVN/VOQCHQ, v20.0)"
36049,0.2983,-0.3756,11325,0.4255,county,0.3007,-0.3889,13036,0.4897,county,0.2779,-0.4437,12966,0.4871,county,0.0024,0.1511,-0.0227,-0.0054,"MEDSL county presidential returns (doi:10.7910/DVN/VOQCHQ, v20.0)"
36051,0.3822,-0.2195,30031,0.4876,county,0.407,-0.1802,31656,0.514,county,0.3928,-0.2137,31035,0.5039,county,0.0247,0.0541,-0.0142,-0.0196,"MEDSL county presidential returns (doi:10.7910/DVN/VOQCHQ, v20.0)"
36053,0.4227,-0.142,30064,0.4449,county,0.4458,-0.1051,34266,0.5071,county,0.4347,-0.13,33814,0.5004,county,0.0231,0.1398,-0.0111,-0.0132,"MEDSL county presidential returns (doi:10.7910/DVN/VOQCHQ, v20.0)"
36055,0.58,0.1495,347790,0.4612,county,0.6078,0.2088,383499,0.5086,county,0.5954,0.1897,362715,0.481,county,0.0278,0.1027,-0.0124,-0.0542,"MEDSL county presidential returns (doi:10.7910/DVN/VOQCHQ, v20.0)"
36057,0.3685,-0.247,19054,0.3852,county,0.385,-0.2244,21246,0.4296,county,0.3564,-0.2863,20712,0.4188,county,0.0164,0.115,-0.0286,-0.0251,"MEDSL county presidential returns (doi:10.7910/DVN/VOQCHQ, v20.0)"
36059,0.5307,0.0593,636967,0.4589,county,0.5482,0.0945,738369,0.5319,county,0.479,-0.0417,712299,0.5131,county,0.0175,0.1592,-0.0693,-0.0353,"MEDSL county presidential returns (doi:10.7910/DVN/VOQCHQ, v20.0)"
36061,0.8992,0.7685,668939,0.4109,county,0.8762,0.7383,701405,0.4309,county,0.8241,0.6416,654372,0.402,county,-0.0229,0.0485,-0.0521,-0.0671,"MEDSL county presidential returns (doi:10.7910/DVN/VOQCHQ, v20.0)"
36063,0.4063,-0.1775,92402,0.4372,county,0.4508,-0.0957,104866,0.4962,county,0.4254,-0.1488,102431,0.4847,county,0.0445,0.1349,-0.0255,-0.0232,"MEDSL county presidential returns (doi:10.7910/DVN/VOQCHQ, v20.0)"
36065,0.3961,-0.1944,91009,0.3963,county,0.4209,-0.1535,101696,0.4428,county,0.3937,-0.2122,100258,0.4366,county,0.0248,0.1174,-0.0272,-0.0141,"MEDSL county presidential returns (doi:10.7910/DVN/VOQCHQ, v20.0)"
36067,0.5732,0.1376,208440,0.442,county,0.6052,0.2048,235686,0.4997,county,0.5864,0.1718,228381,0.4843,county,0.032,0.1307,-0.0188,-0.031,"MEDSL county presidential returns (doi:10.7910/DVN/VOQCHQ, v20.0)"
36069,0.4607,-0.0726,52258,0.4649,county,0.4999,-0.0002,60085,0.5345,county,0.4941,-0.0117,59987,0.5337,county,0.0392,0.1498,-0.0057,-0.0016,"MEDSL county presidential returns (doi:10.7910/DVN/VOQCHQ, v20.0)"
36071,0.4711,-0.055,152021,0.3764,county,0.4991,-0.0018,173305,0.4291,county,0.4581,-0.0836,175660,0.435,county,0.0279,0.14,-0.041,0.0136,"MEDSL county presidential returns (doi:10.7910/DVN/VOQCHQ, v20.0)"
36073,0.2901,-0.3947,16380,0.4127,county,0.3154,-0.357,18314,0.4615,county,0.2977,-0.4036,18071,0.4553,county,0.0253,0.1181,-0.0177,-0.0133,"MEDSL county presidential returns (doi:10.7910/DVN/VOQCHQ, v20.0)"
36075,0.3817,-0.2199,48180,0.4085,county,0.3968,-0.2004,54852,0.4651,county,0.3791,-0.2412,54163,0.4592,county,0.0151,0.1385,-0.0177,-0.0126,"MEDSL county presidential returns (doi:10.7910/DVN/VOQCHQ, v20.0)"
36077,0.4399,-0.1113,25668,0.4297,county,0.4743,-0.0499,28223,0.4724,county,0.4607,-0.0782,28436,0.476,county,0.0344,0.0995,-0.0136,0.0075,"MEDSL county presidential returns (doi:10.7910/DVN/VOQCHQ, v20.0)"
36079,0.4175,-0.1577,48563,0.4956,county,0.4601,-0.0783,55318,0.5645,county,0.4316,-0.1362,55765,0.5691,county,0.0426,0.1391,-0.0285,0.0081,"MEDSL county presidential returns (doi:10.7910/DVN/VOQCHQ, v20.0)"
36081,0.776,0.536,686393,0.2946,county,0.7279,0.4486,794498,0.341,county,0.623,0.2424,712191,0.3056,county,-0.048,0.1575,-0.105,-0.1036,"MEDSL county presidential returns (doi:10.7910/DVN/VOQCHQ, v20.0)"
36083,0.4924,-0.0141,71562,0.4463,county,0.5288,0.0559,79962,0.4987,county,0.5068,0.0136,78736,0.4911,county,0.0364,0.1174,-0.022,-0.0153,"MEDSL county presidential returns (doi:10.7910/DVN/VOQCHQ, v20.0)"
36085,0.4223,-0.1508,180960,0.3673,county,0.4246,-0.1483,217899,0.4422,county,0.3511,-0.2946,199620,0.4051,county,0.0023,0.2041,-0.0735,-0.0839,"MEDSL county presidential returns (doi:10.7910/DVN/VOQCHQ, v20.0)"
36087,0.5324,0.0624,135087,0.3986,county,0.5088,0.0173,151381,0.4466,county,0.4409,-0.1177,150072,0.4428,county,-0.0236,0.1206,-0.0679,-0.0086,"MEDSL county presidential returns (doi:10.7910/DVN/VOQCHQ, v20.0)"
36089,0.4526,-0.0882,39158,0.3633,county,0.4403,-0.1159,45267,0.4199,county,0.41,-0.1796,44026,0.4084,county,-0.0123,0.156,-0.0304,-0.0274,"MEDSL county presidential returns (doi:10.7910/DVN/VOQCHQ, v20.0)"
36091,0.4826,-0.0321,114094,0.4813,county,0.5276,0.0537,133556,0.5633,county,0.5091,0.0182,130812,0.5518,county,0.045,0.1706,-0.0185,-0.0205,"MEDSL county presidential returns (doi:10.7910/DVN/VOQCHQ, v20.0)"
36093,0.5382,0.0713,67280,0.4215,county,0.5801,0.1555,75381,0.4723,county,0.5541,0.1075,72165,0.4522,county,0.0418,0.1204,-0.026,-0.0427,"MEDSL county presidential returns (doi:10.7910/DVN/VOQCHQ, v20.0)"
36095,0.3244,-0.3268,14050,0.4687,county,0.3505,-0.2883,15810,0.5274,county,0.3473,-0.304,16042,0.5351,county,0.0262,0.1253,-0.0032,0.0147,"MEDSL county presidential returns (doi:10.7910/DVN/VOQCHQ, v20.0)"
36097,0.3797,-0.2233,8772,0.4942,county,0.4098,-0.1753,9799,0.5521,county,0.3952,-0.2088,9486,0.5345,county,0.0301,0.1171,-0.0146,-0.0319,"MEDSL county presidential returns (doi:10.7910/DVN/VOQCHQ, v20.0)"
36099,0.4405,-0.1101,13980,0.422,county,0.4536,-0.09,15718,0.4745,county,0.441,-0.1177,15034,0.4539,county,0.0131,0.1243,-0.0126,-0.0435,"MEDSL county presidential returns (doi:10.7910/DVN/VOQCHQ, v20.0)"
36101,0.3183,-0.3406,42002,0.4515,county,0.3488,-0.2942,46516,0.5,county,0.3411,-0.3168,45344,0.4874,county,0.0306,0.1075,-0.0078,-0.0252,"MEDSL county presidential returns (doi:10.7910/DVN/VOQCHQ, v20.0)"
36103,0.4644,-0.0684,681254,0.4465,county,0.4947,-0.0103,757877,0.4967,county,0.4501,-0.0993,762849,0.5,county,0.0304,0.1125,-0.0446,0.0066,"MEDSL county presidential returns (doi:10.7910/DVN/VOQCHQ, v20.0)"
36105,0.441,-0.1123,29955,0.3785,county,0.4535,-0.0904,35132,0.4439,county,0.4165,-0.1665,35062,0.443,county,0.0125,0.1728,-0.037,-0.002,"MEDSL county presidential returns (doi:10.7910/DVN/VOQCHQ, v20.0)"
36107,0.3621,-0.2571,22299,0.4635,county,0.3944,-0.2049,25170,0.5232,county,0.3856,-0.2281,24559,0.5105,county,0.0324,0.1288,-0.0089,-0.0243,"MEDSL county presidential returns (doi:10.7910/DVN/VOQCHQ, v20.0)"
36109,0.7358,0.4339,42678,0.4148,county,0.7519,0.4891,46048,0.4476,county,0.7531,0.5002,46532,0.4523,county,0.016,0.079,0.0012,0.0105,"MEDSL county presidential returns (doi:10.7910/DVN/VOQCHQ, v20.0)"
36111,0.5532,0.0995,81355,0.4467,county,0.6066,0.2076,98160,0.539,county,0.5933,0.185,98534,0.5411,county,0.0535,0.2066,-0.0133,0.0038,"MEDSL county presidential returns (doi:10.7910/DVN/VOQCHQ, v20.0)"
36113,0.4539,-0.0847,31408,0.4791,county,0.4992,-0.0016,36394,0.5551,county,0.4789,-0.0421,35829,0.5465,county,0.0453,0.1587,-0.0203,-0.0155,"MEDSL county presidential returns (doi:10.7910/DVN/VOQCHQ, v20.0)"
36115,0.4007,-0.184,24528,0.4029,county,0.4205,-0.1549,28256,0.4641,county,0.3939,-0.2114,28586,0.4695,county,0.0198,0.152,-0.0265,0.0117,"MEDSL county presidential returns (doi:10.7910/DVN/VOQCHQ, v20.0)"
36117,0.3656,-0.2496,39687,0.4355,county,0.3998,-0.1943,45031,0.4942,county,0.3846,-0.2302,44443,0.4877,county,0.0342,0.1347,-0.0152,-0.0131,"MEDSL county presidential returns (doi:10.7910/DVN/VOQCHQ, v20.0)"
36119,0.6753,0.3368,420655,0.422,county,0.6834,0.3627,462265,0.4637,county,0.6314,0.2613,457838,0.4593,county,0.0081,0.0989,-0.052,-0.0096,"MEDSL county presidential returns (doi:10.7910/DVN/VOQCHQ, v20.0)"
36121,0.2388,-0.4936,17298,0.4327,county,0.2674,-0.453,19483,0.4873,county,0.2589,-0.4823,19041,0.4763,county,0.0286,0.1263,-0.0085,-0.0227,"MEDSL county presidential returns (doi:10.7910/DVN/VOQCHQ, v20.0)"
36123,0.3926,-0.1988,10066,0.4086,county,0.4046,-0.1844,10788,0.4379,county,0.4192,-0.161,10542,0.4279,county,0.012,0.0717,0.0146,-0.0228,"MEDSL county presidential returns (doi:10.7910/DVN/VOQCHQ, v20.0)"
37001,0.4346,-0.1262,71157,0.4083,county,0.4574,-0.084,86091,0.494,county,0.4587,-0.0814,89831,0.5154,county,0.0228,0.2099,0.0013,0.0434,"MEDSL county presidential returns (doi:10.7910/DVN/VOQCHQ, v20.0)"
37003,0.2133,-0.5542,18271,0.5014,county,0.2069,-0.5803,20236,0.5553,county,0.1984,-0.597,20677,0.5674,county,-0.0064,0.1075,-0.0085,0.0218,"MEDSL county presidential returns (doi:10.7910/DVN/VOQCHQ, v20.0)"
37005,0.2551,-0.4719,5315,0.4799,county,0.2471,-0.5005,6076,0.5486,county,0.2383,-0.5183,6496,0.5865,county,-0.0079,0.1432,-0.0088,0.0691,"MEDSL county presidential returns (doi:10.7910/DVN/VOQCHQ, v20.0)"
37007,0.5653,0.1283,10545,0.4814,county,0.5211,0.0418,11194,0.5111,county,0.4874,-0.025,10875,0.4965,county,-0.0442,0.0615,-0.0337,-0.0285,"MEDSL county presidential returns (doi:10.7910/DVN/VOQCHQ, v20.0)"
37009,0.2711,-0.4404,13424,0.5003,county,0.2667,-0.4608,15814,0.5894,county,0.2759,-0.4429,16253,0.6058,county,-0.0044,0.178,0.0092,0.0278,"MEDSL county presidential returns (doi:10.7910/DVN/VOQCHQ, v20.0)"
37011,0.2115,-0.5587,8249,0.4676,county,0.234,-0.5266,9458,0.5361,county,0.2361,-0.5228,9489,0.5378,county,0.0225,0.1466,0.0021,0.0033,"MEDSL county presidential returns (doi:10.7910/DVN/VOQCHQ, v20.0)"
37013,0.376,-0.2414,23938,0.5368,county,0.3695,-0.2586,26315,0.5901,county,0.3435,-0.3104,26572,0.5958,county,-0.0065,0.0993,-0.026,0.0098,"MEDSL county presidential returns (doi:10.7910/DVN/VOQCHQ, v20.0)"
37015,0.6257,0.2484,9347,0.5347,county,0.6088,0.2162,9815,0.5614,county,0.5789,0.1567,9186,0.5255,county,-0.017,0.0501,-0.0299,-0.0641,"MEDSL county presidential returns (doi:10.7910/DVN/VOQCHQ, v20.0)"
37017,0.4522,-0.0939,15897,0.5372,county,0.4309,-0.1372,17125,0.5787,county,0.3975,-0.2037,16764,0.5665,county,-0.0213,0.0772,-0.0334,-0.0211,"MEDSL county presidential returns (doi:10.7910/DVN/VOQCHQ, v20.0)"
37019,0.3527,-0.2844,68351,0.4685,county,0.3736,-0.25,90175,0.6181,county,0.3748,-0.2478,109378,0.7497,county,0.0209,0.3193,0.0012,0.213,"MEDSL county presidential returns (doi:10.7910/DVN/VOQCHQ, v20.0)"
37021,0.5752,0.142,138947,0.5112,county,0.6073,0.2111,161569,0.5945,county,0.6257,0.247,160510,0.5906,county,0.0321,0.1628,0.0184,-0.0066,"MEDSL county presidential returns (doi:10.7910/DVN/VOQCHQ, v20.0)"
37023,0.3001,-0.3851,38920,0.443,county,0.2972,-0.4013,44602,0.5076,county,0.2923,-0.4113,45847,0.5218,county,-0.0029,0.146,-0.0049,0.0279,"MEDSL county presidential returns (doi:10.7910/DVN/VOQCHQ, v20.0)"
37025,0.3976,-0.1961,93289,0.4034,county,0.452,-0.0945,117227,0.5069,county,0.4609,-0.077,120202,0.5198,county,0.0544,0.2566,0.0089,0.0254,"MEDSL county presidential returns (doi:10.7910/DVN/VOQCHQ, v20.0)"
37027,0.2404,-0.501,36320,0.4505,county,0.2418,-0.5107,42829,0.5313,county,0.2351,-0.5251,43540,0.5401,county,0.0014,0.1792,-0.0067,0.0166,"MEDSL county presidential returns (doi:10.7910/DVN/VOQCHQ, v20.0)"
37029,0.2643,-0.4539,5006,0.466,county,0.2628,-0.4662,5953,0.5541,county,0.244,-0.5067,6304,0.5868,county,-0.0015,0.1892,-0.0188,0.059,"MEDSL county presidential returns (doi:10.7910/DVN/VOQCHQ, v20.0)"
37031,0.2722,-0.4402,37781,0.5503,county,0.2871,-0.4201,42695,0.6219,county,0.2827,-0.4299,45817,0.6674,county,0.0149,0.1301,-0.0044,0.0731,"MEDSL county presidential returns (doi:10.7910/DVN/VOQCHQ, v20.0)"
37033,0.443,-0.1115,11070,0.4879,county,0.4067,-0.185,12051,0.5311,county,0.3764,-0.2452,12040,0.5307,county,-0.0362,0.0886,-0.0304,-0.0009,"MEDSL county presidential returns (doi:10.7910/DVN/VOQCHQ, v20.0)"
37035,0.3051,-0.3747,72351,0.4465,county,0.3122,-0.3704,83425,0.5148,county,0.3084,-0.3789,87109,0.5375,county,0.0071,0.1531,-0.0038,0.0442,"MEDSL county presidential returns (doi:10.7910/DVN/VOQCHQ, v20.0)"
37037,0.5519,0.0994,39849,0.5088,county,0.5584,0.1152,48599,0.6205,county,0.5631,0.1244,52301,0.6678,county,0.0065,0.2196,0.0048,0.0762,"MEDSL county presidential returns (doi:10.7910/DVN/VOQCHQ, v20.0)"
37039,0.2087,-0.563,14181,0.4857,county,0.221,-0.5508,16423,0.5625,county,0.2098,-0.5721,17824,0.6105,county,0.0123,0.1581,-0.0112,0.0853,"MEDSL county presidential returns (doi:10.7910/DVN/VOQCHQ, v20.0)"
37041,0.4271,-0.1414,7228,0.5232,county,0.4207,-0.1572,7784,0.5635,county,0.3869,-0.224,7552,0.5467,county,-0.0064,0.0769,-0.0338,-0.0298,"MEDSL county presidential returns (doi:10.7910/DVN/VOQCHQ, v20.0)"
37043,0.2355,-0.5108,6010,0.5276,county,0.2494,-0.4951,6893,0.6051,county,0.2479,-0.4997,7728,0.6784,county,0.0139,0.1469,-0.0015,0.1211,"MEDSL county presidential returns (doi:10.7910/DVN/VOQCHQ, v20.0)"
37045,0.3445,-0.3025,44673,0.446,county,0.3341,-0.3283,51308,0.5122,county,0.3239,-0.3491,51706,0.5162,county,-0.0104,0.1485,-0.0102,0.0078,"MEDSL county presidential returns (doi:10.7910/DVN/VOQCHQ, v20.0)"
37047,0.3884,-0.2195,23732,0.4704,county,0.3595,-0.2793,26446,0.5242,county,0.3296,-0.3388,26402,0.5233,county,-0.0289,0.1144,-0.0299,-0.0017,"MEDSL county presidential returns (doi:10.7910/DVN/VOQCHQ, v20.0)"
37049,0.3887,-0.2149,47001,0.465,county,0.4053,-0.1863,53065,0.525,county,0.3967,-0.2041,56173,0.5558,county,0.0166,0.129,-0.0086,0.0586,"MEDSL county presidential returns (doi:10.7910/DVN/VOQCHQ, v20.0)"
37051,0.5828,0.1595,127506,0.3786,county,0.5846,0.1661,147150,0.437,county,0.5679,0.1337,140513,0.4173,county,0.0018,0.1541,-0.0167,-0.0451,"MEDSL county presidential returns (doi:10.7910/DVN/VOQCHQ, v20.0)"
37053,0.2412,-0.4933,12669,0.4278,county,0.2646,-0.4621,16147,0.5453,county,0.2581,-0.4781,18053,0.6097,county,0.0234,0.2745,-0.0065,0.118,"MEDSL county presidential returns (doi:10.7910/DVN/VOQCHQ, v20.0)"
37055,0.3866,-0.2161,19609,0.5224,county,0.4162,-0.1652,24232,0.6456,county,0.4051,-0.1873,25196,0.6713,county,0.0296,0.2358,-0.0111,0.0398,"MEDSL county presidential returns (doi:10.7910/DVN/VOQCHQ, v20.0)"
37057,0.25,-0.4837,74856,0.4376,county,0.2593,-0.4747,88514,0.5174,county,0.2622,-0.4688,93452,0.5463,county,0.0093,0.1825,0.0029,0.0558,"MEDSL county presidential returns (doi:10.7910/DVN/VOQCHQ, v20.0)"
37059,0.2525,-0.4749,21756,0.4998,county,0.2692,-0.4549,25311,0.5815,county,0.2648,-0.4622,26850,0.6169,county,0.0167,0.1634,-0.0043,0.0608,"MEDSL county presidential returns (doi:10.7910/DVN/VOQCHQ, v20.0)"
37061,0.404,-0.1886,20856,0.4252,county,0.3886,-0.2213,22715,0.4631,county,0.3544,-0.2891,22898,0.4668,county,-0.0154,0.0891,-0.0342,0.0081,"MEDSL county presidential returns (doi:10.7910/DVN/VOQCHQ, v20.0)"
37063,0.8105,0.595,156134,0.474,county,0.8168,0.6238,179914,0.5462,county,0.8147,0.6169,180912,0.5492,county,0.0063,0.1523,-0.0021,0.0055,"MEDSL county presidential returns (doi:10.7910/DVN/VOQCHQ, v20.0)"
37065,0.6626,0.32,24886,0.5102,county,0.6361,0.2702,25477,0.5223,county,0.6143,0.2268,24448,0.5012,county,-0.0266,0.0237,-0.0217,-0.0404,"MEDSL county presidential returns (doi:10.7910/DVN/VOQCHQ, v20.0)"
37067,0.5542,0.1037,178312,0.4611,county,0.5706,0.139,201270,0.5204,county,0.5667,0.1312,204726,0.5294,county,0.0164,0.1288,-0.0039,0.0172,"MEDSL county presidential returns (doi:10.7910/DVN/VOQCHQ, v20.0)"
37069,0.4403,-0.1151,30368,0.422,county,0.4317,-0.1345,37351,0.519,county,0.4315,-0.1353,42667,0.5929,county,-0.0085,0.2299,-0.0003,0.1423,"MEDSL county presidential returns (doi:10.7910/DVN/VOQCHQ, v20.0)"
37071,0.3353,-0.3175,96431,0.4166,county,0.3593,-0.2777,115498,0.4989,county,0.3738,-0.2496,119256,0.5152,county,0.024,0.1977,0.0144,0.0325,"MEDSL county presidential returns (doi:10.7910/DVN/VOQCHQ, v20.0)"
37073,0.4535,-0.0907,5392,0.5166,county,0.4306,-0.1375,5971,0.5721,county,0.3906,-0.2164,5868,0.5622,county,-0.0229,0.1074,-0.0399,-0.0173,"MEDSL county presidential returns (doi:10.7910/DVN/VOQCHQ, v20.0)"
37075,0.1896,-0.6034,4168,0.5183,county,0.1961,-0.6013,4665,0.5802,county,0.1777,-0.637,4779,0.5943,county,0.0065,0.1192,-0.0184,0.0244,"MEDSL county presidential returns (doi:10.7910/DVN/VOQCHQ, v20.0)"
37077,0.4871,-0.0249,27353,0.4452,county,0.4666,-0.0659,31598,0.5143,county,0.4525,-0.094,32104,0.5225,county,-0.0205,0.1552,-0.0142,0.016,"MEDSL county presidential returns (doi:10.7910/DVN/VOQCHQ, v20.0)"
37079,0.4518,-0.095,8095,0.3964,county,0.4402,-0.119,8753,0.4286,county,0.4091,-0.1808,8450,0.4138,county,-0.0117,0.0813,-0.0311,-0.0346,"MEDSL county presidential returns (doi:10.7910/DVN/VOQCHQ, v20.0)"
37081,0.6035,0.1989,257405,0.4741,county,0.6173,0.2313,284486,0.5239,county,0.6107,0.2176,285053,0.525,county,0.0138,0.1052,-0.0066,0.002,"MEDSL county presidential returns (doi:10.7910/DVN/VOQCHQ, v20.0)"
37083,0.6355,0.2669,25167,0.5219,county,0.6066,0.2122,25759,0.5342,county,0.589,0.1768,23965,0.497,county,-0.0289,0.0235,-0.0176,-0.0696,"MEDSL county presidential returns (doi:10.7910/DVN/VOQCHQ, v20.0)"
37085,0.3774,-0.2361,46065,0.3375,county,0.3858,-0.2245,58293,0.427,county,0.3731,-0.2505,63757,0.4671,county,0.0084,0.2655,-0.0127,0.0937,"MEDSL county presidential returns (doi:10.7910/DVN/VOQCHQ, v20.0)"
37087,0.3562,-0.2752,30727,0.4922,county,0.3653,-0.2652,36542,0.5853,county,0.3729,-0.2505,37851,0.6063,county,0.0091,0.1892,0.0076,0.0358,"MEDSL county presidential returns (doi:10.7910/DVN/VOQCHQ, v20.0)"
37089,0.3564,-0.2747,58176,0.4956,county,0.4047,-0.1875,68371,0.5824,county,0.4264,-0.1449,69974,0.5961,county,0.0483,0.1752,0.0217,0.0234,"MEDSL county presidential returns (doi:10.7910/DVN/VOQCHQ, v20.0)"
37091,0.6904,0.3741,10186,0.4971,county,0.671,0.3402,10634,0.5189,county,0.6348,0.2672,9843,0.4803,county,-0.0193,0.044,-0.0362,-0.0744,"MEDSL county presidential returns (doi:10.7910/DVN/VOQCHQ, v20.0)"
37093,0.5562,0.1078,18230,0.3433,county,0.5553,0.1086,21639,0.4075,county,0.5301,0.0593,22767,0.4287,county,-0.0009,0.187,-0.0252,0.0521,"MEDSL county presidential returns (doi:10.7910/DVN/VOQCHQ, v20.0)"
37095,0.4283,-0.1402,2304,0.4982,county,0.4245,-0.1493,2492,0.5388,county,0.3886,-0.2206,2421,0.5235,county,-0.0038,0.0816,-0.0359,-0.0285,"MEDSL county presidential returns (doi:10.7910/DVN/VOQCHQ, v20.0)"
37097,0.3112,-0.3636,82567,0.4305,county,0.3359,-0.3235,102371,0.5337,county,0.3354,-0.3252,110875,0.5781,county,0.0247,0.2399,-0.0005,0.0831,"MEDSL county presidential returns (doi:10.7910/DVN/VOQCHQ, v20.0)"
37099,0.4387,-0.1153,18713,0.4343,county,0.4579,-0.0824,21428,0.4973,county,0.4524,-0.0934,21942,0.5092,county,0.0192,0.1451,-0.0055,0.024,"MEDSL county presidential returns (doi:10.7910/DVN/VOQCHQ, v20.0)"
37101,0.3428,-0.3028,85909,0.3791,county,0.3764,-0.2433,111357,0.4914,county,0.3912,-0.2146,124678,0.5502,county,0.0336,0.2962,0.0148,0.1196,"MEDSL county presidential returns (doi:10.7910/DVN/VOQCHQ, v20.0)"
37103,0.4098,-0.177,5135,0.5554,county,0.4011,-0.196,5525,0.5976,county,0.3706,-0.2566,5463,0.5909,county,-0.0087,0.0759,-0.0306,-0.0112,"MEDSL county presidential returns (doi:10.7910/DVN/VOQCHQ, v20.0)"
37105,0.4329,-0.1293,25084,0.3885,county,0.4244,-0.1491,29008,0.4493,county,0.4118,-0.1743,30081,0.4659,county,-0.0085,0.1564,-0.0126,0.037,"MEDSL county presidential returns (doi:10.7910/DVN/VOQCHQ, v20.0)"
37107,0.4814,-0.0365,26807,0.4881,county,0.4825,-0.0347,28409,0.5173,county,0.4658,-0.0678,27503,0.5008,county,0.0012,0.0598,-0.0167,-0.0319,"MEDSL county presidential returns (doi:10.7910/DVN/VOQCHQ, v20.0)"
37109,0.2557,-0.4725,40023,0.4429,county,0.2675,-0.4593,50217,0.5557,county,0.2697,-0.4559,55582,0.6151,county,0.0118,0.2547,0.0022,0.1068,"MEDSL county presidential returns (doi:10.7910/DVN/VOQCHQ, v20.0)"
37111,0.2426,-0.4982,19875,0.4448,county,0.2567,-0.4804,23003,0.5149,county,0.2523,-0.4908,23655,0.5294,county,0.0141,0.1574,-0.0045,0.0283,"MEDSL county presidential returns (doi:10.7910/DVN/VOQCHQ, v20.0)"
37113,0.2868,-0.4089,17734,0.4725,county,0.3048,-0.3848,20743,0.5527,county,0.3082,-0.3787,21934,0.5844,county,0.018,0.1697,0.0034,0.0574,"MEDSL county presidential returns (doi:10.7910/DVN/VOQCHQ, v20.0)"
37115,0.3666,-0.2535,11269,0.5207,county,0.3805,-0.2354,13076,0.6043,county,0.3808,-0.2338,13621,0.6294,county,0.0139,0.1604,0.0003,0.0417,"MEDSL county presidential returns (doi:10.7910/DVN/VOQCHQ, v20.0)"
37117,0.4978,-0.0043,11964,0.5495,county,0.475,-0.0495,12540,0.5759,county,0.4481,-0.1031,12040,0.553,county,-0.0228,0.0481,-0.0269,-0.0399,"MEDSL county presidential returns (doi:10.7910/DVN/VOQCHQ, v20.0)"
37119,0.6545,0.2941,472857,0.4181,county,0.6784,0.3508,567053,0.5014,county,0.6672,0.3267,577505,0.5107,county,0.024,0.1992,-0.0112,0.0184,"MEDSL county presidential returns (doi:10.7910/DVN/VOQCHQ, v20.0)"
37121,0.2026,-0.5788,8096,0.5407,county,0.2084,-0.5777,9041,0.6038,county,0.2187,-0.5573,8842,0.5905,county,0.0059,0.1167,0.0102,-0.022,"MEDSL county presidential returns (doi:10.7910/DVN/VOQCHQ, v20.0)"
37123,0.3679,-0.2582,11540,0.446,county,0.3397,-0.3178,12849,0.4966,county,0.3096,-0.3778,13206,0.5104,county,-0.0282,0.1134,-0.0301,0.0278,"MEDSL county presidential returns (doi:10.7910/DVN/VOQCHQ, v20.0)"
37125,0.3488,-0.2908,48692,0.4735,county,0.3611,-0.274,58339,0.5673,county,0.3511,-0.2942,61790,0.6008,county,0.0123,0.1981,-0.01,0.0592,"MEDSL county presidential returns (doi:10.7910/DVN/VOQCHQ, v20.0)"
37127,0.4991,-0.0018,47665,0.4994,county,0.5012,0.0023,52271,0.5476,county,0.4911,-0.0176,52471,0.5497,county,0.0021,0.0966,-0.01,0.0038,"MEDSL county presidential returns (doi:10.7910/DVN/VOQCHQ, v20.0)"
37129,0.4795,-0.039,111905,0.484,county,0.5108,0.0213,131830,0.5702,county,0.5032,0.0062,138734,0.6,county,0.0314,0.1781,-0.0077,0.0524,"MEDSL county presidential returns (doi:10.7910/DVN/VOQCHQ, v20.0)"
37131,0.6317,0.2602,9848,0.5722,county,0.6034,0.2057,10110,0.5874,county,0.5729,0.1448,9215,0.5354,county,-0.0283,0.0266,-0.0305,-0.0885,"MEDSL county presidential returns (doi:10.7910/DVN/VOQCHQ, v20.0)"
37133,0.3206,-0.3432,57135,0.274,county,0.345,-0.302,72235,0.3464,county,0.3185,-0.3584,81681,0.3917,county,0.0244,0.2643,-0.0265,0.1308,"MEDSL county presidential returns (doi:10.7910/DVN/VOQCHQ, v20.0)"
37135,0.7635,0.5024,82340,0.559,county,0.7592,0.5108,84997,0.5771,county,0.7588,0.5084,87807,0.5961,county,-0.0044,0.0323,-0.0004,0.0331,"MEDSL county presidential returns (doi:10.7910/DVN/VOQCHQ, v20.0)"
37137,0.365,-0.2635,6870,0.5579,county,0.3588,-0.2799,7631,0.6197,county,0.3385,-0.3201,7976,0.6477,county,-0.0063,0.1108,-0.0202,0.0452,"MEDSL county presidential returns (doi:10.7910/DVN/VOQCHQ, v20.0)"
37139,0.513,0.025,17391,0.4259,county,0.5016,0.0031,19897,0.4873,county,0.4754,-0.0486,20343,0.4982,county,-0.0114,0.1441,-0.0262,0.0224,"MEDSL county presidential returns (doi:10.7910/DVN/VOQCHQ, v20.0)"
37141,0.3465,-0.2971,27885,0.4393,county,0.3481,-0.2995,34169,0.5383,county,0.3236,-0.3491,38909,0.613,county,0.0015,0.2254,-0.0245,0.1387,"MEDSL county presidential returns (doi:10.7910/DVN/VOQCHQ, v20.0)"
37143,0.357,-0.277,6708,0.5103,county,0.337,-0.3222,7484,0.5693,county,0.3006,-0.3925,7666,0.5831,county,-0.02,0.1157,-0.0363,0.0243,"MEDSL county presidential returns (doi:10.7910/DVN/VOQCHQ, v20.0)"
37145,0.4119,-0.1709,19615,0.4994,county,0.391,-0.2155,21894,0.5575,county,0.3804,-0.2366,22036,0.5611,county,-0.0209,0.1162,-0.0106,0.0065,"MEDSL county presidential returns (doi:10.7910/DVN/VOQCHQ, v20.0)"
37147,0.5396,0.0762,80527,0.4674,county,0.548,0.0944,87573,0.5083,county,0.5302,0.0596,87130,0.5057,county,0.0084,0.0875,-0.0178,-0.0051,"MEDSL county presidential returns (doi:10.7910/DVN/VOQCHQ, v20.0)"
37149,0.3556,-0.2774,10934,0.5553,county,0.3701,-0.2566,12358,0.6277,county,0.3732,-0.251,13068,0.6637,county,0.0145,0.1302,0.0031,0.0575,"MEDSL county presidential returns (doi:10.7910/DVN/VOQCHQ, v20.0)"
37151,0.2107,-0.5611,64575,0.4444,county,0.2154,-0.563,73316,0.5045,county,0.2118,-0.5711,76008,0.523,county,0.0047,0.1354,-0.0036,0.0367,"MEDSL county presidential returns (doi:10.7910/DVN/VOQCHQ, v20.0)"
37153,0.4502,-0.0974,19328,0.4514,county,0.4253,-0.1481,20763,0.4849,county,0.3949,-0.2085,19873,0.4641,county,-0.0249,0.0742,-0.0304,-0.0429,"MEDSL county presidential returns (doi:10.7910/DVN/VOQCHQ, v20.0)"
37155,0.4781,-0.0427,40858,0.3496,county,0.4062,-0.1862,47188,0.4038,county,0.3607,-0.2762,46770,0.4002,county,-0.0719,0.1549,-0.0455,-0.0089,"MEDSL county presidential returns (doi:10.7910/DVN/VOQCHQ, v20.0)"
37157,0.3465,-0.2981,42278,0.4616,county,0.3381,-0.3202,47809,0.522,county,0.3191,-0.3583,49595,0.5415,county,-0.0084,0.1308,-0.019,0.0374,"MEDSL county presidential returns (doi:10.7910/DVN/VOQCHQ, v20.0)"
37159,0.3118,-0.3637,64369,0.4335,county,0.3192,-0.3567,73408,0.4944,county,0.3189,-0.3584,75394,0.5077,county,0.0074,0.1404,-0.0003,0.0271,"MEDSL county presidential returns (doi:10.7910/DVN/VOQCHQ, v20.0)"
37161,0.2557,-0.4738,30307,0.4673,county,0.2685,-0.4576,34429,0.5309,county,0.2594,-0.4771,34670,0.5346,county,0.0128,0.136,-0.0091,0.007,"MEDSL county presidential returns (doi:10.7910/DVN/VOQCHQ, v20.0)"
37163,0.4155,-0.1655,25928,0.4376,county,0.3864,-0.2252,28618,0.483,county,0.3502,-0.2972,28201,0.476,county,-0.029,0.1037,-0.0362,-0.0146,"MEDSL county presidential returns (doi:10.7910/DVN/VOQCHQ, v20.0)"
37165,0.5392,0.0763,13928,0.4054,county,0.4902,-0.0194,14775,0.4301,county,0.4651,-0.0693,14626,0.4258,county,-0.0489,0.0608,-0.0251,-0.0101,"MEDSL county presidential returns (doi:10.7910/DVN/VOQCHQ, v20.0)"
37167,0.2441,-0.497,29917,0.4707,county,0.242,-0.5106,33939,0.534,county,0.244,-0.5076,36714,0.5777,county,-0.0021,0.1344,0.002,0.0818,"MEDSL county presidential returns (doi:10.7910/DVN/VOQCHQ, v20.0)"
37169,0.2142,-0.5522,22550,0.5024,county,0.2079,-0.578,25701,0.5725,county,0.1998,-0.595,27175,0.6054,county,-0.0063,0.1397,-0.0081,0.0574,"MEDSL county presidential returns (doi:10.7910/DVN/VOQCHQ, v20.0)"
37171,0.2403,-0.5026,32196,0.4509,county,0.2405,-0.5136,36638,0.5131,county,0.2317,-0.5319,37508,0.5253,county,0.0002,0.138,-0.0089,0.0237,"MEDSL county presidential returns (doi:10.7910/DVN/VOQCHQ, v20.0)"
37173,0.3812,-0.2235,6124,0.4354,county,0.4005,-0.1954,7068,0.5025,county,0.3801,-0.2365,7052,0.5014,county,0.0193,0.1541,-0.0204,-0.0023,"MEDSL county presidential returns (doi:10.7910/DVN/VOQCHQ, v20.0)"
37175,0.384,-0.2217,17869,0.5375,county,0.4205,-0.1564,20404,0.6138,county,0.4384,-0.1213,20780,0.6251,county,0.0365,0.1419,0.0179,0.0184,"MEDSL county presidential returns (doi:10.7910/DVN/VOQCHQ, v20.0)"
37177,0.4248,-0.1466,1739,0.5151,county,0.4206,-0.1574,1817,0.5382,county,0.3915,-0.2146,1757,0.5204,county,-0.0041,0.0449,-0.0292,-0.033,"MEDSL county presidential returns (doi:10.7910/DVN/VOQCHQ, v20.0)"
37179,0.3398,-0.3062,105710,0.4315,county,0.3774,-0.2416,131011,0.5348,county,0.3723,-0.2519,139355,0.5689,county,0.0376,0.2393,-0.0051,0.0637,"MEDSL county presidential returns (doi:10.7910/DVN/VOQCHQ, v20.0)"
37181,0.6252,0.2451,19977,0.4716,county,0.597,0.1924,20999,0.4957,county,0.5673,0.1333,20092,0.4743,county,-0.0282,0.0512,-0.0297,-0.0432,"MEDSL county presidential returns (doi:10.7910/DVN/VOQCHQ, v20.0)"
37183,0.6069,0.2021,527624,0.4584,county,0.6349,0.2645,631830,0.5489,county,0.6299,0.2544,653580,0.5678,county,0.028,0.1975,-0.005,0.0344,"MEDSL county presidential returns (doi:10.7910/DVN/VOQCHQ, v20.0)"
37185,0.6661,0.325,9842,0.5249,county,0.6304,0.2573,10293,0.5489,county,0.5963,0.1894,10013,0.534,county,-0.0357,0.0458,-0.0342,-0.0272,"MEDSL county presidential returns (doi:10.7910/DVN/VOQCHQ, v20.0)"
37187,0.5779,0.1534,6165,0.5653,county,0.5498,0.0991,6205,0.569,county,0.5313,0.0622,5944,0.5451,county,-0.0281,0.0065,-0.0185,-0.0421,"MEDSL county presidential returns (doi:10.7910/DVN/VOQCHQ, v20.0)"
37189,0.5079,0.0147,29985,0.5491,county,0.5423,0.0829,32220,0.59,county,0.5303,0.0596,33095,0.6061,county,0.0344,0.0745,-0.012,0.0272,"MEDSL county presidential returns (doi:10.7910/DVN/VOQCHQ, v20.0)"
37191,0.4415,-0.1138,50689,0.431,county,0.4409,-0.1169,55537,0.4722,county,0.4173,-0.1637,54762,0.4656,county,-0.0006,0.0956,-0.0236,-0.014,"MEDSL county presidential returns (doi:10.7910/DVN/VOQCHQ, v20.0)"
37193,0.2184,-0.5468,31296,0.4743,county,0.214,-0.5662,35466,0.5375,county,0.1998,-0.5952,36320,0.5504,county,-0.0045,0.1332,-0.0142,0.0241,"MEDSL county presidential returns (doi:10.7910/DVN/VOQCHQ, v20.0)"
37195,0.5287,0.0559,38135,0.4849,county,0.5145,0.0288,40735,0.5179,county,0.502,0.004,40045,0.5092,county,-0.0141,0.0682,-0.0125,-0.0169,"MEDSL county presidential returns (doi:10.7910/DVN/VOQCHQ, v20.0)"
37197,0.1854,-0.6083,17624,0.471,county,0.1911,-0.6109,19923,0.5324,county,0.1853,-0.6226,20397,0.5451,county,0.0056,0.1304,-0.0058,0.0238,"MEDSL county presidential returns (doi:10.7910/DVN/VOQCHQ, v20.0)"
37199,0.3336,-0.3202,9960,0.5333,county,0.3292,-0.3372,11352,0.6078,county,0.3262,-0.3433,11283,0.6041,county,-0.0044,0.1398,-0.003,-0.0061,"MEDSL county presidential returns (doi:10.7910/DVN/VOQCHQ, v20.0)"
38001,0.192,-0.569,1218,0.559,county,0.2082,-0.5697,1269,0.5824,county,0.1827,-0.622,1201,0.5512,county,0.0162,0.0419,-0.0256,-0.0536,"MEDSL county presidential returns (doi:10.7910/DVN/VOQCHQ, v20.0)"
38003,0.3357,-0.2925,5344,0.4951,county,0.3378,-0.3141,5565,0.5156,county,0.3199,-0.3503,5339,0.4946,county,0.0021,0.0414,-0.0179,-0.0406,"MEDSL county presidential returns (doi:10.7910/DVN/VOQCHQ, v20.0)"
38005,0.4754,-0.0433,2011,0.3431,county,0.429,-0.1387,1961,0.3346,county,0.406,-0.1838,2002,0.3416,county,-0.0464,-0.0249,-0.023,0.0209,"MEDSL county presidential returns (doi:10.7910/DVN/VOQCHQ, v20.0)"
38007,0.1065,-0.7207,605,0.6382,county,0.1175,-0.7386,635,0.6698,county,0.1462,-0.6955,647,0.6825,county,0.011,0.0496,0.0288,0.0189,"MEDSL county presidential returns (doi:10.7910/DVN/VOQCHQ, v20.0)"
38009,0.2279,-0.5031,3494,0.5468,county,0.2418,-0.5053,3471,0.5432,county,0.2186,-0.5492,3447,0.5394,county,0.0139,-0.0066,-0.0232,-0.0069,"MEDSL county presidential returns (doi:10.7910/DVN/VOQCHQ, v20.0)"
38011,0.1357,-0.6821,1787,0.6089,county,0.1405,-0.7043,1657,0.5646,county,0.1301,-0.7274,1618,0.5513,county,0.0048,-0.0727,-0.0104,-0.0235,"MEDSL county presidential returns (doi:10.7910/DVN/VOQCHQ, v20.0)"
38013,0.1174,-0.7376,1052,0.4864,county,0.1211,-0.742,1155,0.534,county,0.1251,-0.7377,1056,0.4882,county,0.0038,0.0979,0.004,-0.0857,"MEDSL county presidential returns (doi:10.7910/DVN/VOQCHQ, v20.0)"
38015,0.2506,-0.4513,47979,0.4847,county,0.2923,-0.4019,50753,0.5127,county,0.2798,-0.4282,52263,0.528,county,0.0416,0.0578,-0.0125,0.0298,"MEDSL county presidential returns (doi:10.7910/DVN/VOQCHQ, v20.0)"
38017,0.4406,-0.1046,80821,0.427,county,0.4861,-0.0268,86053,0.4546,county,0.4571,-0.0833,90851,0.48,county,0.0455,0.0647,-0.029,0.0558,"MEDSL county presidential returns (doi:10.7910/DVN/VOQCHQ, v20.0)"
38019,0.2597,-0.4392,2006,0.5476,county,0.2402,-0.5074,2020,0.5515,county,0.2515,-0.4882,1987,0.5425,county,-0.0194,0.007,0.0113,-0.0163,"MEDSL county presidential returns (doi:10.7910/DVN/VOQCHQ, v20.0)"
38021,0.2494,-0.4624,2407,0.4854,county,0.2587,-0.4678,2424,0.4888,county,0.2334,-0.5185,2453,0.4947,county,0.0093,0.0071,-0.0253,0.012,"MEDSL county presidential returns (doi:10.7910/DVN/VOQCHQ, v20.0)"
38023,0.2203,-0.5103,1219,0.5607,county,0.2267,-0.5316,1202,0.5529,county,0.2168,-0.5504,1201,0.5524,county,0.0064,-0.0139,-0.0099,-0.0008,"MEDSL county presidential returns (doi:10.7910/DVN/VOQCHQ, v20.0)"
38025,0.1682,-0.63,2243,0.5548,county,0.1491,-0.6882,2338,0.5783,county,0.1503,-0.6891,2242,0.5545,county,-0.019,0.0424,0.0011,-0.0411,"MEDSL county presidential returns (doi:10.7910/DVN/VOQCHQ, v20.0)"
38027,0.3098,-0.3542,1231,0.5308,county,0.3096,-0.3735,1261,0.5438,county,0.2683,-0.4531,1205,0.5196,county,-0.0002,0.0244,-0.0414,-0.0444,"MEDSL county presidential returns (doi:10.7910/DVN/VOQCHQ, v20.0)"
38029,0.1136,-0.738,1981,0.606,county,0.12,-0.7471,2009,0.6146,county,0.1078,-0.7731,1930,0.5904,county,0.0064,0.0141,-0.0122,-0.0393,"MEDSL county presidential returns (doi:10.7910/DVN/VOQCHQ, v20.0)"
38031,0.2185,-0.5201,1719,0.5098,county,0.215,-0.5562,1778,0.5273,county,0.2017,-0.5819,1703,0.505,county,-0.0035,0.0343,-0.0133,-0.0422,"MEDSL county presidential returns (doi:10.7910/DVN/VOQCHQ, v20.0)"
38033,0.1106,-0.7283,957,0.57,county,0.1359,-0.7154,1026,0.6111,county,0.1259,-0.7316,991,0.5902,county,0.0253,0.0721,-0.01,-0.0341,"MEDSL county presidential returns (doi:10.7910/DVN/VOQCHQ, v20.0)"
38035,0.3991,-0.1808,30365,0.4173,county,0.4312,-0.1326,30970,0.4256,county,0.4076,-0.18,31411,0.4317,county,0.0322,0.0199,-0.0237,0.0142,"MEDSL county presidential returns (doi:10.7910/DVN/VOQCHQ, v20.0)"
38037,0.1431,-0.6684,1381,0.6068,county,0.1531,-0.6792,1381,0.6068,county,0.16,-0.6669,1306,0.5738,county,0.01,0.0,0.0069,-0.0543,"MEDSL county presidential returns (doi:10.7910/DVN/VOQCHQ, v20.0)"
38039,0.2603,-0.434,1265,0.5406,county,0.2535,-0.4792,1250,0.5342,county,0.2381,-0.5136,1289,0.5509,county,-0.0068,-0.0119,-0.0154,0.0312,"MEDSL county presidential returns (doi:10.7910/DVN/VOQCHQ, v20.0)"
38041,0.1379,-0.6806,1296,0.5283,county,0.1523,-0.6822,1312,0.5349,county,0.1499,-0.6868,1306,0.5324,county,0.0144,0.0123,-0.0024,-0.0046,"MEDSL county presidential returns (doi:10.7910/DVN/VOQCHQ, v20.0)"
38043,0.1388,-0.6773,1376,0.5796,county,0.1539,-0.6808,1460,0.615,county,0.1731,-0.6431,1398,0.5889,county,0.0151,0.061,0.0192,-0.0425,"MEDSL county presidential returns (doi:10.7910/DVN/VOQCHQ, v20.0)"
38045,0.2532,-0.4551,2151,0.5237,county,0.2426,-0.5038,2219,0.5403,county,0.2192,-0.5469,2123,0.5169,county,-0.0105,0.0316,-0.0235,-0.0433,"MEDSL county presidential returns (doi:10.7910/DVN/VOQCHQ, v20.0)"
38047,0.1138,-0.7254,1067,0.5774,county,0.121,-0.7454,1076,0.5823,county,0.1153,-0.7561,1033,0.559,county,0.0072,0.0084,-0.0057,-0.04,"MEDSL county presidential returns (doi:10.7910/DVN/VOQCHQ, v20.0)"
38049,0.1929,-0.5532,2820,0.5357,county,0.1926,-0.5994,3003,0.5705,county,0.1773,-0.6337,2752,0.5228,county,-0.0003,0.0649,-0.0153,-0.0836,"MEDSL county presidential returns (doi:10.7910/DVN/VOQCHQ, v20.0)"
38051,0.176,-0.5982,1446,0.5756,county,0.1846,-0.6131,1455,0.5792,county,0.1683,-0.6496,1390,0.5533,county,0.0086,0.0062,-0.0163,-0.0447,"MEDSL county presidential returns (doi:10.7910/DVN/VOQCHQ, v20.0)"
38053,0.1598,-0.6361,4672,0.3272,county,0.1537,-0.6769,5419,0.3795,county,0.1488,-0.6915,5521,0.3866,county,-0.0061,0.1599,-0.0049,0.0188,"MEDSL county presidential returns (doi:10.7910/DVN/VOQCHQ, v20.0)"
38055,0.2188,-0.5229,5315,0.542,county,0.2266,-0.5361,5536,0.5645,county,0.2053,-0.5789,5421,0.5528,county,0.0078,0.0416,-0.0213,-0.0208,"MEDSL county presidential returns (doi:10.7910/DVN/VOQCHQ, v20.0)"
38057,0.1418,-0.6702,4682,0.5613,county,0.1544,-0.6742,4675,0.5605,county,0.1503,-0.6863,4555,0.5461,county,0.0126,-0.0015,-0.0041,-0.0257,"MEDSL county presidential returns (doi:10.7910/DVN/VOQCHQ, v20.0)"
38059,0.2137,-0.5215,15832,0.4729,county,0.2403,-0.5037,16619,0.4964,county,0.226,-0.5336,17036,0.5089,county,0.0266,0.0497,-0.0143,0.0251,"MEDSL county presidential returns (doi:10.7910/DVN/VOQCHQ, v20.0)"
38061,0.3209,-0.3317,4106,0.4292,county,0.3078,-0.3765,4165,0.4354,county,0.2811,-0.4301,4073,0.4257,county,-0.013,0.0144,-0.0267,-0.0221,"MEDSL county presidential returns (doi:10.7910/DVN/VOQCHQ, v20.0)"
38063,0.3434,-0.2848,1717,0.5695,county,0.3393,-0.3123,1777,0.5894,county,0.337,-0.3186,1761,0.5841,county,-0.0041,0.0349,-0.0023,-0.009,"MEDSL county presidential returns (doi:10.7910/DVN/VOQCHQ, v20.0)"
38065,0.1254,-0.6991,1017,0.5585,county,0.1232,-0.7402,1066,0.5854,county,0.1465,-0.6927,1087,0.5969,county,-0.0022,0.0482,0.0233,0.0197,"MEDSL county presidential returns (doi:10.7910/DVN/VOQCHQ, v20.0)"
38067,0.2357,-0.4843,3153,0.4646,county,0.2421,-0.5026,3331,0.4908,county,0.2305,-0.5289,3112,0.4585,county,0.0064,0.0565,-0.0116,-0.0657,"MEDSL county presidential returns (doi:10.7910/DVN/VOQCHQ, v20.0)"
38069,0.2307,-0.4858,2071,0.5228,county,0.2387,-0.5113,2128,0.5372,county,0.2272,-0.535,1970,0.4973,county,0.008,0.0275,-0.0115,-0.0742,"MEDSL county presidential returns (doi:10.7910/DVN/VOQCHQ, v20.0)"
38071,0.3187,-0.3227,5305,0.4588,county,0.3142,-0.3608,5372,0.4646,county,0.2954,-0.4001,5239,0.4531,county,-0.0045,0.0126,-0.0188,-0.0248,"MEDSL county presidential returns (doi:10.7910/DVN/VOQCHQ, v20.0)"
38073,0.4092,-0.1577,2359,0.4166,county,0.3999,-0.1927,2454,0.4334,county,0.3565,-0.2797,2649,0.4679,county,-0.0093,0.0403,-0.0435,0.0795,"MEDSL county presidential returns (doi:10.7910/DVN/VOQCHQ, v20.0)"
38075,0.1683,-0.6125,1293,0.5679,county,0.1712,-0.6406,1319,0.5793,county,0.1527,-0.6738,1208,0.5305,county,0.0029,0.0201,-0.0185,-0.0842,"MEDSL county presidential returns (doi:10.7910/DVN/VOQCHQ, v20.0)"
38077,0.3022,-0.356,7592,0.4587,county,0.331,-0.328,7812,0.472,county,0.3072,-0.3756,8261,0.4992,county,0.0289,0.029,-0.0238,0.0575,"MEDSL county presidential returns (doi:10.7910/DVN/VOQCHQ, v20.0)"
38079,0.633,0.2349,3755,0.3112,county,0.6638,0.322,3804,0.3153,county,0.6427,0.2798,4075,0.3378,county,0.0308,0.013,-0.0211,0.0712,"MEDSL county presidential returns (doi:10.7910/DVN/VOQCHQ, v20.0)"
38081,0.3895,-0.1973,1997,0.5225,county,0.3683,-0.2551,2070,0.5416,county,0.3335,-0.324,2043,0.5345,county,-0.0212,0.0366,-0.0348,-0.013,"MEDSL county presidential returns (doi:10.7910/DVN/VOQCHQ, v20.0)"
38083,0.1275,-0.7052,787,0.5931,county,0.1313,-0.7192,812,0.6119,county,0.1356,-0.7173,757,0.5705,county,0.0038,0.0318,0.0043,-0.0677,"MEDSL county presidential returns (doi:10.7910/DVN/VOQCHQ, v20.0)"
38085,0.7446,0.4042,1232,0.3252,county,0.7571,0.4604,1186,0.313,county,0.6965,0.3872,953,0.2515,county,0.0125,-0.0373,-0.0606,-0.1965,"MEDSL county presidential returns (doi:10.7910/DVN/VOQCHQ, v20.0)"
38087,0.1062,-0.7419,430,0.5409,county,0.1038,-0.7869,427,0.5371,county,0.0859,-0.8175,389,0.4893,county,-0.0024,-0.007,-0.0178,-0.089,"MEDSL county presidential returns (doi:10.7910/DVN/VOQCHQ, v20.0)"
38089,0.1523,-0.6494,12322,0.3721,county,0.1711,-0.6386,15050,0.4545,county,0.1671,-0.6523,15100,0.456,county,0.0187,0.2214,-0.0039,0.0033,"MEDSL county presidential returns (doi:10.7910/DVN/VOQCHQ, v20.0)"
38091,0.4016,-0.1772,999,0.5771,county,0.3755,-0.239,1088,0.6285,county,0.3711,-0.2512,1015,0.5864,county,-0.0261,0.0891,-0.0044,-0.0671,"MEDSL county presidential returns (doi:10.7910/DVN/VOQCHQ, v20.0)"
38093,0.2711,-0.4156,10155,0.4718,county,0.2767,-0.4336,9959,0.4627,county,0.2726,-0.4434,10134,0.4708,county,0.0057,-0.0193,-0.0042,0.0176,"MEDSL county presidential returns (doi:10.7910/DVN/VOQCHQ, v20.0)"
38095,0.2938,-0.3699,1157,0.5476,county,0.2764,-0.437,1174,0.5556,county,0.2664,-0.4551,1114,0.5272,county,-0.0175,0.0147,-0.01,-0.0511,"MEDSL county presidential returns (doi:10.7910/DVN/VOQCHQ, v20.0)"
38097,0.354,-0.2604,3933,0.4929,county,0.3719,-0.2488,4136,0.5183,county,0.339,-0.3137,4115,0.5157,county,0.0179,0.0516,-0.0329,-0.0051,"MEDSL county presidential returns (doi:10.7910/DVN/VOQCHQ, v20.0)"
38099,0.2804,-0.3943,4636,0.442,county,0.2862,-0.4163,4783,0.456,county,0.2691,-0.4477,4496,0.4287,county,0.0058,0.0317,-0.0171,-0.06,"MEDSL county presidential returns (doi:10.7910/DVN/VOQCHQ, v20.0)"
38101,0.2375,-0.468,27412,0.3959,county,0.2675,-0.4489,28246,0.408,county,0.2591,-0.47,28552,0.4124,county,0.0299,0.0304,-0.0084,0.0108,"MEDSL county presidential returns (doi:10.7910/DVN/VOQCHQ, v20.0)"
38103,0.1892,-0.5778,2383,0.6045,county,0.1893,-0.6112,2374,0.6022,county,0.1824,-0.6258,2253,0.5715,county,0.0001,-0.0038,-0.0069,-0.051,"MEDSL county presidential returns (doi:10.7910/DVN/VOQCHQ, v20.0)"
38105,0.147,-0.6507,12807,0.3253,county,0.156,-0.6676,14334,0.3641,county,0.154,-0.6762,15122,0.3841,county,0.009,0.1192,-0.0019,0.055,"MEDSL county presidential returns (doi:10.7910/DVN/VOQCHQ, v20.0)"
39001,0.2117,-0.5575,11359,0.4129,county,0.1793,-0.6352,12145,0.4415,county,0.1696,-0.6574,12429,0.4518,county,-0.0325,0.0692,-0.0096,0.0234,"MEDSL county presidential returns (doi:10.7910/DVN/VOQCHQ, v20.0)"
39003,0.3036,-0.3746,45894,0.4513,county,0.2994,-0.3951,48006,0.4721,county,0.2775,-0.441,46369,0.456,county,-0.0043,0.046,-0.0218,-0.0341,"MEDSL county presidential returns (doi:10.7910/DVN/VOQCHQ, v20.0)"
39005,0.2471,-0.478,24590,0.4702,county,0.2521,-0.4873,26405,0.5049,county,0.2478,-0.4995,26663,0.5098,county,0.005,0.0738,-0.0043,0.0098,"MEDSL county presidential returns (doi:10.7910/DVN/VOQCHQ, v20.0)"
39007,0.4005,-0.1894,40867,0.4198,county,0.3802,-0.2354,44147,0.4535,county,0.3569,-0.2838,43374,0.4456,county,-0.0203,0.0803,-0.0234,-0.0175,"MEDSL county presidential returns (doi:10.7910/DVN/VOQCHQ, v20.0)"
39009,0.5905,0.1704,29443,0.4782,county,0.5763,0.15,26059,0.4232,county,0.5542,0.1073,25776,0.4186,county,-0.0142,-0.1149,-0.0221,-0.0109,"MEDSL county presidential returns (doi:10.7910/DVN/VOQCHQ, v20.0)"
39011,0.1758,-0.6212,23627,0.5113,county,0.1828,-0.6264,25777,0.5578,county,0.1747,-0.6456,25629,0.5546,county,0.0069,0.091,-0.0081,-0.0057,"MEDSL county presidential returns (doi:10.7910/DVN/VOQCHQ, v20.0)"
39013,0.2939,-0.396,31122,0.4717,county,0.2795,-0.4359,33088,0.5015,county,0.262,-0.4729,31037,0.4704,county,-0.0144,0.0632,-0.0175,-0.062,"MEDSL county presidential returns (doi:10.7910/DVN/VOQCHQ, v20.0)"
39015,0.23,-0.5212,19607,0.4486,county,0.21,-0.5736,21096,0.4826,county,0.1908,-0.615,21444,0.4906,county,-0.02,0.0759,-0.0192,0.0165,"MEDSL county presidential returns (doi:10.7910/DVN/VOQCHQ, v20.0)"
39017,0.3541,-0.278,173839,0.4458,county,0.3783,-0.2398,186737,0.4789,county,0.3675,-0.2627,183197,0.4698,county,0.0242,0.0742,-0.0108,-0.019,"MEDSL county presidential returns (doi:10.7910/DVN/VOQCHQ, v20.0)"
39019,0.2542,-0.4666,13074,0.4891,county,0.2323,-0.5273,14212,0.5317,county,0.2241,-0.5473,13819,0.517,county,-0.0219,0.087,-0.0082,-0.0277,"MEDSL county presidential returns (doi:10.7910/DVN/VOQCHQ, v20.0)"
39021,0.2667,-0.4439,18104,0.4669,county,0.2576,-0.477,19972,0.5151,county,0.2438,-0.5074,20475,0.5281,county,-0.0091,0.1032,-0.0138,0.0252,"MEDSL county presidential returns (doi:10.7910/DVN/VOQCHQ, v20.0)"
39023,0.3985,-0.1933,61429,0.4535,county,0.3815,-0.2329,64212,0.4741,county,0.351,-0.2952,62855,0.4641,county,-0.017,0.0453,-0.0305,-0.0211,"MEDSL county presidential returns (doi:10.7910/DVN/VOQCHQ, v20.0)"
39025,0.2835,-0.4116,99121,0.4723,county,0.3137,-0.3664,110480,0.5264,county,0.3195,-0.3577,114143,0.5439,county,0.0302,0.1146,0.0057,0.0332,"MEDSL county presidential returns (doi:10.7910/DVN/VOQCHQ, v20.0)"
39027,0.2271,-0.5233,18675,0.4445,county,0.2327,-0.5257,20527,0.4886,county,0.2247,-0.5463,20779,0.4946,county,0.0056,0.0992,-0.008,0.0123,"MEDSL county presidential returns (doi:10.7910/DVN/VOQCHQ, v20.0)"
39029,0.2819,-0.4165,46201,0.4565,county,0.2722,-0.4486,49860,0.4927,county,0.2531,-0.4899,48053,0.4748,county,-0.0097,0.0792,-0.0191,-0.0362,"MEDSL county presidential returns (doi:10.7910/DVN/VOQCHQ, v20.0)"
39031,0.2712,-0.4354,15552,0.424,county,0.2508,-0.4899,16739,0.4564,county,0.2368,-0.5219,16337,0.4454,county,-0.0204,0.0763,-0.014,-0.024,"MEDSL county presidential returns (doi:10.7910/DVN/VOQCHQ, v20.0)"
39033,0.2536,-0.4671,19237,0.4606,county,0.2415,-0.5086,20686,0.4953,county,0.2332,-0.5295,20245,0.4847,county,-0.0121,0.0753,-0.0084,-0.0213,"MEDSL county presidential returns (doi:10.7910/DVN/VOQCHQ, v20.0)"
39035,0.6837,0.3545,603822,0.4833,county,0.6725,0.3412,625670,0.5008,county,0.6585,0.3143,576520,0.4614,county,-0.0113,0.0362,-0.0139,-0.0786,"MEDSL county presidential returns (doi:10.7910/DVN/VOQCHQ, v20.0)"
39037,0.1826,-0.6099,25484,0.4934,county,0.177,-0.6366,27134,0.5253,county,0.1709,-0.6537,27002,0.5227,county,-0.0056,0.0647,-0.0061,-0.0049,"MEDSL county presidential returns (doi:10.7910/DVN/VOQCHQ, v20.0)"
39039,0.3147,-0.3474,18192,0.4755,county,0.3145,-0.3641,19381,0.5066,county,0.2988,-0.3986,19156,0.5007,county,-0.0003,0.0654,-0.0157,-0.0116,"MEDSL county presidential returns (doi:10.7910/DVN/VOQCHQ, v20.0)"
39041,0.4152,-0.1608,103860,0.4696,county,0.4653,-0.0684,126070,0.57,county,0.4667,-0.0659,133392,0.6031,county,0.0501,0.2138,0.0015,0.0581,"MEDSL county presidential returns (doi:10.7910/DVN/VOQCHQ, v20.0)"
39043,0.4497,-0.0956,37578,0.5015,county,0.4412,-0.1157,40335,0.5382,county,0.4286,-0.1414,39749,0.5304,county,-0.0086,0.0734,-0.0126,-0.0145,"MEDSL county presidential returns (doi:10.7910/DVN/VOQCHQ, v20.0)"
39045,0.3596,-0.2665,72913,0.4521,county,0.3807,-0.2349,83311,0.5165,county,0.3787,-0.2404,84457,0.5236,county,0.0211,0.1426,-0.002,0.0138,"MEDSL county presidential returns (doi:10.7910/DVN/VOQCHQ, v20.0)"
39047,0.2552,-0.4709,11162,0.3865,county,0.239,-0.5152,12612,0.4367,county,0.2222,-0.5515,12571,0.4353,county,-0.0162,0.1299,-0.0168,-0.0033,"MEDSL county presidential returns (doi:10.7910/DVN/VOQCHQ, v20.0)"
39049,0.6379,0.2613,581140,0.4397,county,0.6595,0.3139,630577,0.4771,county,0.6435,0.2837,598225,0.4526,county,0.0216,0.0851,-0.016,-0.0513,"MEDSL county presidential returns (doi:10.7910/DVN/VOQCHQ, v20.0)"
39051,0.3069,-0.36,21225,0.5002,county,0.2976,-0.3982,22770,0.5366,county,0.2863,-0.4239,22454,0.5292,county,-0.0093,0.0728,-0.0113,-0.0139,"MEDSL county presidential returns (doi:10.7910/DVN/VOQCHQ, v20.0)"
39053,0.2111,-0.5563,12931,0.4434,county,0.2193,-0.5548,13799,0.4732,county,0.2008,-0.5939,13002,0.4459,county,0.0082,0.0671,-0.0185,-0.0578,"MEDSL county presidential returns (doi:10.7910/DVN/VOQCHQ, v20.0)"
39055,0.3676,-0.2535,49941,0.5231,county,0.3831,-0.231,56021,0.5867,county,0.3784,-0.2412,54894,0.5749,county,0.0155,0.1217,-0.0047,-0.0201,"MEDSL county presidential returns (doi:10.7910/DVN/VOQCHQ, v20.0)"
39057,0.3735,-0.2394,81858,0.4857,county,0.4006,-0.1949,88643,0.526,county,0.3998,-0.198,90041,0.5343,county,0.027,0.0829,-0.0007,0.0158,"MEDSL county presidential returns (doi:10.7910/DVN/VOQCHQ, v20.0)"
39059,0.2758,-0.428,16557,0.4325,county,0.2545,-0.4844,18230,0.4762,county,0.2378,-0.5204,17601,0.4598,county,-0.0213,0.101,-0.0167,-0.0345,"MEDSL county presidential returns (doi:10.7910/DVN/VOQCHQ, v20.0)"
39061,0.554,0.1028,409109,0.4942,county,0.5806,0.1587,430929,0.5205,county,0.5752,0.1487,410085,0.4953,county,0.0266,0.0533,-0.0054,-0.0484,"MEDSL county presidential returns (doi:10.7910/DVN/VOQCHQ, v20.0)"
39063,0.2844,-0.4046,36023,0.481,county,0.3089,-0.3754,38771,0.5177,county,0.3056,-0.3844,37943,0.5067,county,0.0245,0.0763,-0.0032,-0.0214,"MEDSL county presidential returns (doi:10.7910/DVN/VOQCHQ, v20.0)"
39065,0.2509,-0.4715,12294,0.4027,county,0.2353,-0.5199,13247,0.4339,county,0.2241,-0.5467,12893,0.4223,county,-0.0156,0.0775,-0.0112,-0.0267,"MEDSL county presidential returns (doi:10.7910/DVN/VOQCHQ, v20.0)"
39067,0.2487,-0.4817,7079,0.4913,county,0.2339,-0.5257,7655,0.5313,county,0.2214,-0.552,7110,0.4935,county,-0.0149,0.0814,-0.0125,-0.0712,"MEDSL county presidential returns (doi:10.7910/DVN/VOQCHQ, v20.0)"
39069,0.2877,-0.398,13932,0.5051,county,0.2793,-0.4346,14764,0.5353,county,0.2642,-0.4673,14912,0.5407,county,-0.0083,0.0597,-0.0151,0.01,"MEDSL county presidential returns (doi:10.7910/DVN/VOQCHQ, v20.0)"
39071,0.212,-0.5539,18501,0.4263,county,0.1951,-0.6037,19676,0.4533,county,0.1816,-0.6334,19987,0.4605,county,-0.017,0.0635,-0.0135,0.0158,"MEDSL county presidential returns (doi:10.7910/DVN/VOQCHQ, v20.0)"
39073,0.3076,-0.3678,12838,0.4595,county,0.2849,-0.4237,13824,0.4948,county,0.2768,-0.443,13489,0.4828,county,-0.0227,0.0768,-0.0082,-0.0242,"MEDSL county presidential returns (doi:10.7910/DVN/VOQCHQ, v20.0)"
39075,0.1702,-0.6271,11054,0.2495,county,0.1559,-0.6798,12947,0.2922,county,0.1515,-0.6915,12335,0.2784,county,-0.0143,0.1713,-0.0044,-0.0473,"MEDSL county presidential returns (doi:10.7910/DVN/VOQCHQ, v20.0)"
39077,0.3071,-0.3638,24834,0.4252,county,0.2904,-0.4118,27190,0.4655,county,0.2778,-0.4405,27216,0.4659,county,-0.0167,0.0949,-0.0126,0.001,"MEDSL county presidential returns (doi:10.7910/DVN/VOQCHQ, v20.0)"
39079,0.2449,-0.491,13693,0.4202,county,0.2265,-0.5406,14794,0.454,county,0.2079,-0.5807,14287,0.4384,county,-0.0184,0.0804,-0.0185,-0.0343,"MEDSL county presidential returns (doi:10.7910/DVN/VOQCHQ, v20.0)"
39081,0.3142,-0.3553,32201,0.4965,county,0.305,-0.384,33362,0.5144,county,0.278,-0.439,31267,0.4821,county,-0.0092,0.0361,-0.027,-0.0628,"MEDSL county presidential returns (doi:10.7910/DVN/VOQCHQ, v20.0)"
39083,0.2993,-0.3821,28687,0.4562,county,0.2777,-0.438,31398,0.4993,county,0.2734,-0.449,32104,0.5105,county,-0.0216,0.0945,-0.0043,0.0225,"MEDSL county presidential returns (doi:10.7910/DVN/VOQCHQ, v20.0)"
39085,0.4193,-0.1536,116246,0.5008,county,0.431,-0.1361,130509,0.5623,county,0.4276,-0.1434,128579,0.554,county,0.0117,0.1227,-0.0034,-0.0148,"MEDSL county presidential returns (doi:10.7910/DVN/VOQCHQ, v20.0)"
39087,0.2718,-0.4403,26607,0.4637,county,0.2694,-0.4557,28127,0.4901,county,0.2456,-0.5053,26713,0.4655,county,-0.0023,0.0571,-0.0239,-0.0503,"MEDSL county presidential returns (doi:10.7910/DVN/VOQCHQ, v20.0)"
39089,0.3482,-0.2884,82761,0.459,county,0.3571,-0.2809,94210,0.5225,county,0.3486,-0.3001,95060,0.5272,county,0.0089,0.1383,-0.0085,0.009,"MEDSL county presidential returns (doi:10.7910/DVN/VOQCHQ, v20.0)"
39091,0.2255,-0.5243,21571,0.4675,county,0.2196,-0.5524,23368,0.5065,county,0.2166,-0.562,23406,0.5073,county,-0.0059,0.0833,-0.003,0.0016,"MEDSL county presidential returns (doi:10.7910/DVN/VOQCHQ, v20.0)"
39093,0.5005,0.0009,140562,0.4468,county,0.4876,-0.0245,157437,0.5005,county,0.4711,-0.0572,159007,0.5054,county,-0.0129,0.1201,-0.0164,0.01,"MEDSL county presidential returns (doi:10.7910/DVN/VOQCHQ, v20.0)"
39095,0.5942,0.1778,197556,0.4608,county,0.5853,0.1677,200623,0.4679,county,0.5634,0.1255,190609,0.4446,county,-0.0089,0.0155,-0.0219,-0.0499,"MEDSL county presidential returns (doi:10.7910/DVN/VOQCHQ, v20.0)"
39097,0.2912,-0.3963,17290,0.3918,county,0.2917,-0.4098,19855,0.45,county,0.2794,-0.4366,20669,0.4684,county,0.0005,0.1484,-0.0123,0.041,"MEDSL county presidential returns (doi:10.7910/DVN/VOQCHQ, v20.0)"
39099,0.517,0.0327,115072,0.5068,county,0.4904,-0.019,118966,0.5239,county,0.4526,-0.0942,112705,0.4964,county,-0.0266,0.0338,-0.0378,-0.0526,"MEDSL county presidential returns (doi:10.7910/DVN/VOQCHQ, v20.0)"
39101,0.3185,-0.3432,26322,0.4041,county,0.303,-0.3866,27818,0.427,county,0.2914,-0.4136,27359,0.42,county,-0.0156,0.0568,-0.0116,-0.0165,"MEDSL county presidential returns (doi:10.7910/DVN/VOQCHQ, v20.0)"
39103,0.3699,-0.2476,91373,0.4992,county,0.3812,-0.2343,105825,0.5781,county,0.3749,-0.2479,107045,0.5848,county,0.0113,0.1582,-0.0063,0.0115,"MEDSL county presidential returns (doi:10.7910/DVN/VOQCHQ, v20.0)"
39105,0.2362,-0.5057,9985,0.4524,county,0.2306,-0.5318,10951,0.4961,county,0.2132,-0.5697,10400,0.4712,county,-0.0056,0.0967,-0.0174,-0.0503,"MEDSL county presidential returns (doi:10.7910/DVN/VOQCHQ, v20.0)"
39107,0.162,-0.65,21726,0.5119,county,0.1716,-0.649,23761,0.5599,county,0.1639,-0.6671,23753,0.5597,county,0.0096,0.0937,-0.0077,-0.0003,"MEDSL county presidential returns (doi:10.7910/DVN/VOQCHQ, v20.0)"
39109,0.2614,-0.4543,52734,0.4814,county,0.2746,-0.4435,57972,0.5292,county,0.2723,-0.4512,59188,0.5403,county,0.0133,0.0993,-0.0023,0.021,"MEDSL county presidential returns (doi:10.7910/DVN/VOQCHQ, v20.0)"
39111,0.2545,-0.4718,6795,0.5106,county,0.2271,-0.5397,7148,0.5371,county,0.1985,-0.5974,6796,0.5107,county,-0.0274,0.0519,-0.0286,-0.0492,"MEDSL county presidential returns (doi:10.7910/DVN/VOQCHQ, v20.0)"
39113,0.4962,-0.0073,258301,0.4823,county,0.5114,0.0225,268505,0.5014,county,0.5024,0.0047,254837,0.4759,county,0.0153,0.0395,-0.009,-0.0509,"MEDSL county presidential returns (doi:10.7910/DVN/VOQCHQ, v20.0)"
39115,0.2815,-0.4183,6443,0.4683,county,0.255,-0.4843,6847,0.4977,county,0.2319,-0.532,6782,0.4929,county,-0.0265,0.0627,-0.0231,-0.0095,"MEDSL county presidential returns (doi:10.7910/DVN/VOQCHQ, v20.0)"
39117,0.2394,-0.4947,16548,0.4699,county,0.2233,-0.5434,18457,0.5241,county,0.2191,-0.5573,18857,0.5355,county,-0.0161,0.1154,-0.0042,0.0217,"MEDSL county presidential returns (doi:10.7910/DVN/VOQCHQ, v20.0)"
39119,0.3162,-0.3496,36991,0.4282,county,0.3005,-0.3928,40465,0.4684,county,0.2787,-0.4392,39331,0.4553,county,-0.0157,0.0939,-0.0218,-0.028,"MEDSL county presidential returns (doi:10.7910/DVN/VOQCHQ, v20.0)"
39121,0.2116,-0.5535,6013,0.4219,county,0.1856,-0.6251,6343,0.4451,county,0.1747,-0.6462,6161,0.4323,county,-0.026,0.0549,-0.0109,-0.0287,"MEDSL county presidential returns (doi:10.7910/DVN/VOQCHQ, v20.0)"
39123,0.3957,-0.1966,22218,0.5532,county,0.3811,-0.2341,24007,0.5978,county,0.3735,-0.2507,23960,0.5966,county,-0.0146,0.0805,-0.0076,-0.002,"MEDSL county presidential returns (doi:10.7910/DVN/VOQCHQ, v20.0)"
39125,0.2436,-0.4871,9047,0.4812,county,0.238,-0.5147,9467,0.5036,county,0.2162,-0.5623,9277,0.4935,county,-0.0056,0.0464,-0.0218,-0.0201,"MEDSL county presidential returns (doi:10.7910/DVN/VOQCHQ, v20.0)"
39127,0.288,-0.4061,14995,0.4227,county,0.249,-0.4953,16675,0.4701,county,0.2254,-0.5451,16992,0.479,county,-0.039,0.112,-0.0237,0.019,"MEDSL county presidential returns (doi:10.7910/DVN/VOQCHQ, v20.0)"
39129,0.2766,-0.4262,24745,0.4165,county,0.2618,-0.4701,28271,0.4759,county,0.255,-0.4853,29280,0.4929,county,-0.0148,0.1425,-0.0068,0.0357,"MEDSL county presidential returns (doi:10.7910/DVN/VOQCHQ, v20.0)"
39131,0.3093,-0.3673,11879,0.4387,county,0.2535,-0.4872,12412,0.4583,county,0.23,-0.5368,12218,0.4512,county,-0.0558,0.0449,-0.0236,-0.0156,"MEDSL county presidential returns (doi:10.7910/DVN/VOQCHQ, v20.0)"
39133,0.4477,-0.0995,76139,0.4717,county,0.4367,-0.1246,82872,0.5134,county,0.4216,-0.1553,83226,0.5156,county,-0.0109,0.0884,-0.0151,0.0043,"MEDSL county presidential returns (doi:10.7910/DVN/VOQCHQ, v20.0)"
39135,0.2188,-0.5408,20565,0.504,county,0.2088,-0.5745,21809,0.5345,county,0.2021,-0.5912,21656,0.5308,county,-0.0099,0.0605,-0.0067,-0.007,"MEDSL county presidential returns (doi:10.7910/DVN/VOQCHQ, v20.0)"
39137,0.1634,-0.6415,18767,0.5463,county,0.163,-0.6635,19921,0.5799,county,0.1531,-0.6873,19758,0.5752,county,-0.0004,0.0615,-0.0099,-0.0082,"MEDSL county presidential returns (doi:10.7910/DVN/VOQCHQ, v20.0)"
39139,0.3054,-0.3714,55214,0.4412,county,0.2984,-0.3974,59975,0.4793,county,0.2866,-0.4233,58362,0.4664,county,-0.0069,0.0862,-0.0118,-0.0269,"MEDSL county presidential returns (doi:10.7910/DVN/VOQCHQ, v20.0)"
39141,0.357,-0.2731,30380,0.3958,county,0.3215,-0.352,33299,0.4339,county,0.3016,-0.3934,32932,0.4291,county,-0.0355,0.0961,-0.0199,-0.011,"MEDSL county presidential returns (doi:10.7910/DVN/VOQCHQ, v20.0)"
39143,0.3783,-0.2277,28044,0.4772,county,0.3593,-0.276,30074,0.5117,county,0.3443,-0.3087,29716,0.5056,county,-0.019,0.0724,-0.015,-0.0119,"MEDSL county presidential returns (doi:10.7910/DVN/VOQCHQ, v20.0)"
39145,0.3077,-0.3709,30784,0.421,county,0.2865,-0.4222,32047,0.4383,county,0.2588,-0.4797,31180,0.4264,county,-0.0211,0.041,-0.0278,-0.0271,"MEDSL county presidential returns (doi:10.7910/DVN/VOQCHQ, v20.0)"
39147,0.3331,-0.3094,23987,0.4372,county,0.326,-0.3417,25810,0.4705,county,0.3105,-0.3751,25263,0.4605,county,-0.007,0.076,-0.0155,-0.0212,"MEDSL county presidential returns (doi:10.7910/DVN/VOQCHQ, v20.0)"
39149,0.1858,-0.6043,23740,0.4945,county,0.1794,-0.6318,25258,0.5261,county,0.1734,-0.6481,25288,0.5268,county,-0.0064,0.0639,-0.006,0.0012,"MEDSL county presidential returns (doi:10.7910/DVN/VOQCHQ, v20.0)"
39151,0.4092,-0.1726,175239,0.4688,county,0.4059,-0.1853,189879,0.508,county,0.3894,-0.2193,184193,0.4928,county,-0.0033,0.0835,-0.0165,-0.0299,"MEDSL county presidential returns (doi:10.7910/DVN/VOQCHQ, v20.0)"
39153,0.5451,0.0862,257979,0.4794,county,0.5485,0.0957,280473,0.5212,county,0.5352,0.0698,273571,0.5084,county,0.0034,0.0872,-0.0133,-0.0246,"MEDSL county presidential returns (doi:10.7910/DVN/VOQCHQ, v20.0)"
39155,0.4674,-0.0626,96029,0.4769,county,0.4465,-0.1057,101001,0.5016,county,0.4153,-0.1681,96532,0.4794,county,-0.0209,0.0518,-0.0312,-0.0442,"MEDSL county presidential returns (doi:10.7910/DVN/VOQCHQ, v20.0)"
39157,0.3117,-0.3568,41289,0.446,county,0.2973,-0.3992,44015,0.4754,county,0.2819,-0.4328,43023,0.4647,county,-0.0143,0.066,-0.0155,-0.0225,"MEDSL county presidential returns (doi:10.7910/DVN/VOQCHQ, v20.0)"
39159,0.299,-0.3784,27429,0.4201,county,0.3396,-0.3148,33445,0.5122,county,0.3504,-0.2962,37301,0.5713,county,0.0406,0.2193,0.0108,0.1153,"MEDSL county presidential returns (doi:10.7910/DVN/VOQCHQ, v20.0)"
39161,0.2048,-0.5644,13770,0.4777,county,0.2084,-0.5735,14965,0.5192,county,0.2053,-0.585,14729,0.511,county,0.0036,0.0868,-0.0031,-0.0158,"MEDSL county presidential returns (doi:10.7910/DVN/VOQCHQ, v20.0)"
39163,0.2581,-0.4602,5502,0.4337,county,0.2232,-0.5474,6030,0.4753,county,0.2051,-0.5859,5738,0.4523,county,-0.0349,0.096,-0.0181,-0.0484,"MEDSL county presidential returns (doi:10.7910/DVN/VOQCHQ, v20.0)"
39165,0.3029,-0.3745,117267,0.476,county,0.3437,-0.308,136100,0.5524,county,0.3409,-0.3152,139619,0.5667,county,0.0408,0.1606,-0.0028,0.0259,"MEDSL county presidential returns (doi:10.7910/DVN/VOQCHQ, v20.0)"
39167,0.2812,-0.4185,29840,0.5031,county,0.293,-0.4079,32031,0.54,county,0.2796,-0.4375,31000,0.5226,county,0.0117,0.0734,-0.0134,-0.0322,"MEDSL county presidential returns (doi:10.7910/DVN/VOQCHQ, v20.0)"
39169,0.3178,-0.3458,49853,0.4275,county,0.3119,-0.3703,54283,0.4655,county,0.3019,-0.3926,53150,0.4558,county,-0.0059,0.0889,-0.01,-0.0209,"MEDSL county presidential returns (doi:10.7910/DVN/VOQCHQ, v20.0)"
39171,0.2674,-0.438,17308,0.4695,county,0.2647,-0.4616,18651,0.506,county,0.2565,-0.4825,18275,0.4958,county,-0.0027,0.0776,-0.0082,-0.0202,"MEDSL county presidential returns (doi:10.7910/DVN/VOQCHQ, v20.0)"
39173,0.4567,-0.0805,64341,0.4882,county,0.4613,-0.076,67597,0.5129,county,0.4487,-0.1015,67586,0.5128,county,0.0046,0.0506,-0.0126,-0.0002,"MEDSL county presidential returns (doi:10.7910/DVN/VOQCHQ, v20.0)"
39175,0.2519,-0.4676,10592,0.4881,county,0.2441,-0.503,11390,0.5249,county,0.2418,-0.5121,11390,0.5249,county,-0.0078,0.0753,-0.0023,0.0,"MEDSL county presidential returns (doi:10.7910/DVN/VOQCHQ, v20.0)"
40001,0.224,-0.5228,6513,0.3324,county,0.1989,-0.5906,7108,0.3627,county,0.1803,-0.63,7256,0.3703,county,-0.0251,0.0914,-0.0186,0.0208,"MEDSL county presidential returns (doi:10.7910/DVN/VOQCHQ, v20.0)"
40003,0.1005,-0.7604,2258,0.3972,county,0.105,-0.7719,2262,0.3979,county,0.111,-0.7662,2160,0.3799,county,0.0045,0.0018,0.006,-0.0451,"MEDSL county presidential returns (doi:10.7910/DVN/VOQCHQ, v20.0)"
40005,0.1629,-0.6554,5018,0.352,county,0.1437,-0.7037,5389,0.378,county,0.1388,-0.7158,5662,0.3972,county,-0.0192,0.0739,-0.0049,0.0507,"MEDSL county presidential returns (doi:10.7910/DVN/VOQCHQ, v20.0)"
40007,0.0811,-0.8101,2243,0.445,county,0.088,-0.8163,2178,0.4321,county,0.0754,-0.838,2124,0.4213,county,0.0069,-0.029,-0.0127,-0.0248,"MEDSL county presidential returns (doi:10.7910/DVN/VOQCHQ, v20.0)"
40009,0.1321,-0.7082,7552,0.3401,county,0.1341,-0.7196,7948,0.358,county,0.1444,-0.7008,7678,0.3458,county,0.002,0.0524,0.0103,-0.034,"MEDSL county presidential returns (doi:10.7910/DVN/VOQCHQ, v20.0)"
40011,0.1978,-0.5729,3793,0.4409,county,0.1799,-0.6275,3901,0.4534,county,0.1801,-0.6294,3786,0.4401,county,-0.0179,0.0285,0.0002,-0.0295,"MEDSL county presidential returns (doi:10.7910/DVN/VOQCHQ, v20.0)"
40013,0.2111,-0.5554,13818,0.2925,county,0.2121,-0.5647,15976,0.3382,county,0.2032,-0.5856,17812,0.3771,county,0.001,0.1562,-0.0089,0.1149,"MEDSL county presidential returns (doi:10.7910/DVN/VOQCHQ, v20.0)"
40015,0.2718,-0.4345,9348,0.3511,county,0.2757,-0.4405,9859,0.3703,county,0.2596,-0.4709,9496,0.3566,county,0.0039,0.0547,-0.0162,-0.0368,"MEDSL county presidential returns (doi:10.7910/DVN/VOQCHQ, v20.0)"
40017,0.226,-0.5122,55278,0.3399,county,0.2777,-0.4328,61940,0.3809,county,0.2939,-0.4039,73074,0.4494,county,0.0517,0.1205,0.0162,0.1798,"MEDSL county presidential returns (doi:10.7910/DVN/VOQCHQ, v20.0)"
40019,0.2254,-0.5261,18534,0.3841,county,0.2332,-0.5251,19479,0.4037,county,0.2225,-0.5474,19488,0.4039,county,0.0078,0.051,-0.0107,0.0005,"MEDSL county presidential returns (doi:10.7910/DVN/VOQCHQ, v20.0)"
40021,0.3531,-0.2752,16490,0.3463,county,0.3494,-0.2933,17714,0.372,county,0.3336,-0.326,17823,0.3743,county,-0.0037,0.0742,-0.0158,0.0062,"MEDSL county presidential returns (doi:10.7910/DVN/VOQCHQ, v20.0)"
40023,0.2024,-0.5785,5426,0.3795,county,0.1872,-0.62,5832,0.4079,county,0.1693,-0.6542,5639,0.3944,county,-0.0152,0.0748,-0.0179,-0.0331,"MEDSL county presidential returns (doi:10.7910/DVN/VOQCHQ, v20.0)"
40025,0.0687,-0.8267,1079,0.4802,county,0.0673,-0.8539,1054,0.4691,county,0.0713,-0.8492,935,0.4161,county,-0.0014,-0.0232,0.004,-0.1129,"MEDSL county presidential returns (doi:10.7910/DVN/VOQCHQ, v20.0)"
40027,0.3831,-0.2166,109450,0.3678,county,0.4277,-0.1407,119778,0.4026,county,0.4237,-0.1492,119294,0.4009,county,0.0446,0.0944,-0.0039,-0.004,"MEDSL county presidential returns (doi:10.7910/DVN/VOQCHQ, v20.0)"
40029,0.178,-0.6198,2399,0.4548,county,0.1517,-0.6803,2524,0.4785,county,0.138,-0.7132,2538,0.4811,county,-0.0263,0.0521,-0.0137,0.0055,"MEDSL county presidential returns (doi:10.7910/DVN/VOQCHQ, v20.0)"
40031,0.374,-0.2371,32564,0.2676,county,0.3967,-0.2009,35631,0.2928,county,0.3811,-0.2333,34284,0.2817,county,0.0227,0.0942,-0.0156,-0.0378,"MEDSL county presidential returns (doi:10.7910/DVN/VOQCHQ, v20.0)"
40033,0.1711,-0.6264,2602,0.4753,county,0.1566,-0.6703,2572,0.4698,county,0.1594,-0.6684,2506,0.4577,county,-0.0145,-0.0115,0.0028,-0.0257,"MEDSL county presidential returns (doi:10.7910/DVN/VOQCHQ, v20.0)"
40035,0.2262,-0.5239,5785,0.407,county,0.2062,-0.5751,6032,0.4243,county,0.2036,-0.5826,6056,0.426,county,-0.02,0.0427,-0.0025,0.004,"MEDSL county presidential returns (doi:10.7910/DVN/VOQCHQ, v20.0)"
40037,0.2131,-0.5458,28830,0.3985,county,0.2202,-0.548,30505,0.4216,county,0.2161,-0.5575,31312,0.4328,county,0.0071,0.0581,-0.0041,0.0265,"MEDSL county presidential returns (doi:10.7910/DVN/VOQCHQ, v20.0)"
40039,0.2119,-0.5428,10541,0.3721,county,0.2272,-0.5323,10691,0.3773,county,0.2285,-0.5325,10168,0.3589,county,0.0153,0.0142,0.0014,-0.0489,"MEDSL county presidential returns (doi:10.7910/DVN/VOQCHQ, v20.0)"
40041,0.2187,-0.5418,15716,0.3832,county,0.2039,-0.5848,17245,0.4204,county,0.1943,-0.6037,18108,0.4415,county,-0.0148,0.0973,-0.0096,0.05,"MEDSL county presidential returns (doi:10.7910/DVN/VOQCHQ, v20.0)"
40043,0.1015,-0.7754,2248,0.5071,county,0.0915,-0.8097,2359,0.5321,county,0.0953,-0.8014,2215,0.4997,county,-0.01,0.0494,0.0038,-0.061,"MEDSL county presidential returns (doi:10.7910/DVN/VOQCHQ, v20.0)"
40045,0.0878,-0.7969,1827,0.4915,county,0.0876,-0.8147,1873,0.5039,county,0.1105,-0.766,1812,0.4875,county,-0.0002,0.0252,0.023,-0.0326,"MEDSL county presidential returns (doi:10.7910/DVN/VOQCHQ, v20.0)"
40047,0.2155,-0.5349,21710,0.3484,county,0.2247,-0.5373,22430,0.3599,county,0.2261,-0.5376,21844,0.3505,county,0.0092,0.0332,0.0014,-0.0261,"MEDSL county presidential returns (doi:10.7910/DVN/VOQCHQ, v20.0)"
40049,0.1835,-0.6067,10546,0.4091,county,0.1736,-0.6421,10922,0.4237,county,0.1659,-0.6606,10991,0.4264,county,-0.0099,0.0357,-0.0077,0.0063,"MEDSL county presidential returns (doi:10.7910/DVN/VOQCHQ, v20.0)"
40051,0.1831,-0.6028,22286,0.3989,county,0.1827,-0.6231,23101,0.4135,county,0.1821,-0.6266,25283,0.4525,county,-0.0004,0.0366,-0.0006,0.0945,"MEDSL county presidential returns (doi:10.7910/DVN/VOQCHQ, v20.0)"
40053,0.1362,-0.6992,2201,0.532,county,0.1275,-0.735,2226,0.5381,county,0.1412,-0.7054,2125,0.5137,county,-0.0087,0.0114,0.0137,-0.0454,"MEDSL county presidential returns (doi:10.7910/DVN/VOQCHQ, v20.0)"
40055,0.1789,-0.6113,1896,0.3449,county,0.1697,-0.6472,1973,0.3589,county,0.1675,-0.6574,1836,0.3339,county,-0.0093,0.0406,-0.0022,-0.0694,"MEDSL county presidential returns (doi:10.7910/DVN/VOQCHQ, v20.0)"
40057,0.2394,-0.5015,977,0.3985,county,0.1916,-0.6109,933,0.3805,county,0.1888,-0.6168,882,0.3597,county,-0.0478,-0.045,-0.0028,-0.0547,"MEDSL county presidential returns (doi:10.7910/DVN/VOQCHQ, v20.0)"
40059,0.0923,-0.7899,1499,0.4639,county,0.093,-0.8009,1487,0.4602,county,0.1027,-0.7836,1451,0.4491,county,0.0007,-0.008,0.0098,-0.0242,"MEDSL county presidential returns (doi:10.7910/DVN/VOQCHQ, v20.0)"
40061,0.1925,-0.595,4738,0.4061,county,0.1582,-0.6745,5014,0.4298,county,0.1473,-0.6965,4936,0.4231,county,-0.0342,0.0583,-0.0109,-0.0156,"MEDSL county presidential returns (doi:10.7910/DVN/VOQCHQ, v20.0)"
40063,0.221,-0.5362,4526,0.3375,county,0.1917,-0.6086,4857,0.3622,county,0.1816,-0.6252,4659,0.3474,county,-0.0293,0.0731,-0.0101,-0.0408,"MEDSL county presidential returns (doi:10.7910/DVN/VOQCHQ, v20.0)"
40065,0.1979,-0.576,7806,0.3156,county,0.2048,-0.5773,8221,0.3324,county,0.2029,-0.5828,8053,0.3256,county,0.0068,0.0532,-0.0019,-0.0204,"MEDSL county presidential returns (doi:10.7910/DVN/VOQCHQ, v20.0)"
40067,0.1604,-0.6574,2350,0.437,county,0.136,-0.7157,2385,0.4436,county,0.1364,-0.7162,2375,0.4417,county,-0.0244,0.0149,0.0003,-0.0042,"MEDSL county presidential returns (doi:10.7910/DVN/VOQCHQ, v20.0)"
40069,0.2026,-0.5742,4018,0.3888,county,0.1766,-0.6359,4251,0.4114,county,0.165,-0.6567,4230,0.4093,county,-0.026,0.058,-0.0116,-0.0049,"MEDSL county presidential returns (doi:10.7910/DVN/VOQCHQ, v20.0)"
40071,0.2349,-0.5019,16803,0.3842,county,0.2394,-0.5098,17249,0.3944,county,0.2489,-0.4935,16913,0.3868,county,0.0045,0.0265,0.0095,-0.0195,"MEDSL county presidential returns (doi:10.7910/DVN/VOQCHQ, v20.0)"
40073,0.1323,-0.7128,6131,0.401,county,0.134,-0.7219,6465,0.4229,county,0.1384,-0.7139,6754,0.4418,county,0.0017,0.0545,0.0045,0.0447,"MEDSL county presidential returns (doi:10.7910/DVN/VOQCHQ, v20.0)"
40075,0.2281,-0.5236,3493,0.413,county,0.2073,-0.576,3427,0.4052,county,0.2039,-0.583,3278,0.3876,county,-0.0208,-0.0189,-0.0034,-0.0435,"MEDSL county presidential returns (doi:10.7910/DVN/VOQCHQ, v20.0)"
40077,0.2045,-0.5678,4056,0.4272,county,0.1815,-0.6296,4249,0.4475,county,0.1687,-0.6558,4079,0.4296,county,-0.023,0.0476,-0.0128,-0.04,"MEDSL county presidential returns (doi:10.7910/DVN/VOQCHQ, v20.0)"
40079,0.1956,-0.5872,17221,0.3534,county,0.1782,-0.6336,18805,0.3859,county,0.172,-0.6478,18754,0.3849,county,-0.0174,0.092,-0.0063,-0.0027,"MEDSL county presidential returns (doi:10.7910/DVN/VOQCHQ, v20.0)"
40081,0.1829,-0.6006,14025,0.4135,county,0.1784,-0.6316,14888,0.439,county,0.1783,-0.6326,15465,0.456,county,-0.0045,0.0615,-0.0001,0.0388,"MEDSL county presidential returns (doi:10.7910/DVN/VOQCHQ, v20.0)"
40083,0.2376,-0.4945,18979,0.3728,county,0.259,-0.4706,21574,0.4238,county,0.2495,-0.4906,24149,0.4744,county,0.0214,0.1367,-0.0095,0.1194,"MEDSL county presidential returns (doi:10.7910/DVN/VOQCHQ, v20.0)"
40085,0.201,-0.5772,3789,0.3716,county,0.177,-0.6364,4076,0.3998,county,0.1641,-0.6622,4260,0.4178,county,-0.0239,0.0757,-0.013,0.0451,"MEDSL county presidential returns (doi:10.7910/DVN/VOQCHQ, v20.0)"
40087,0.1802,-0.6095,16858,0.3851,county,0.1898,-0.6089,19236,0.4394,county,0.1916,-0.6063,21397,0.4888,county,0.0096,0.1411,0.0019,0.1123,"MEDSL county presidential returns (doi:10.7910/DVN/VOQCHQ, v20.0)"
40089,0.1723,-0.639,10726,0.348,county,0.1638,-0.6651,11467,0.372,county,0.1517,-0.6887,11309,0.3669,county,-0.0085,0.0691,-0.0121,-0.0138,"MEDSL county presidential returns (doi:10.7910/DVN/VOQCHQ, v20.0)"
40091,0.2783,-0.4247,7963,0.4139,county,0.2476,-0.4968,8335,0.4333,county,0.2327,-0.5273,8439,0.4387,county,-0.0307,0.0467,-0.0149,0.0125,"MEDSL county presidential returns (doi:10.7910/DVN/VOQCHQ, v20.0)"
40093,0.0952,-0.7743,3407,0.445,county,0.094,-0.7972,3467,0.4528,county,0.0958,-0.7936,3478,0.4543,county,-0.0011,0.0176,0.0018,0.0032,"MEDSL county presidential returns (doi:10.7910/DVN/VOQCHQ, v20.0)"
40095,0.2067,-0.5663,5492,0.3514,county,0.1836,-0.6252,6064,0.388,county,0.1794,-0.6342,6589,0.4216,county,-0.0231,0.1042,-0.0042,0.0866,"MEDSL county presidential returns (doi:10.7910/DVN/VOQCHQ, v20.0)"
40097,0.2285,-0.5174,15717,0.3988,county,0.2193,-0.5514,16626,0.4219,county,0.2071,-0.5747,17374,0.4409,county,-0.0092,0.0578,-0.0122,0.045,"MEDSL county presidential returns (doi:10.7910/DVN/VOQCHQ, v20.0)"
40099,0.2066,-0.5586,5528,0.4004,county,0.2004,-0.5864,5894,0.4269,county,0.1872,-0.6133,5885,0.4262,county,-0.0062,0.0662,-0.0132,-0.0015,"MEDSL county presidential returns (doi:10.7910/DVN/VOQCHQ, v20.0)"
40101,0.3465,-0.2918,24216,0.3643,county,0.3269,-0.3389,25081,0.3773,county,0.309,-0.3757,24357,0.3664,county,-0.0196,0.0357,-0.0179,-0.0289,"MEDSL county presidential returns (doi:10.7910/DVN/VOQCHQ, v20.0)"
40103,0.1952,-0.5769,4878,0.4472,county,0.2079,-0.5707,4938,0.4527,county,0.2075,-0.5737,4957,0.4544,county,0.0127,0.0123,-0.0004,0.0038,"MEDSL county presidential returns (doi:10.7910/DVN/VOQCHQ, v20.0)"
40105,0.1826,-0.6087,4237,0.4511,county,0.1647,-0.66,4391,0.4675,county,0.1602,-0.6696,4561,0.4856,county,-0.0179,0.0363,-0.0045,0.0387,"MEDSL county presidential returns (doi:10.7910/DVN/VOQCHQ, v20.0)"
40107,0.2519,-0.471,3943,0.3488,county,0.2266,-0.5354,4038,0.3572,county,0.2171,-0.5582,3988,0.3528,county,-0.0253,0.0241,-0.0095,-0.0124,"MEDSL county presidential returns (doi:10.7910/DVN/VOQCHQ, v20.0)"
40109,0.4435,-0.105,273942,0.3422,county,0.4942,-0.0113,294740,0.3682,county,0.4914,-0.0168,288923,0.3609,county,0.0507,0.0759,-0.0028,-0.0197,"MEDSL county presidential returns (doi:10.7910/DVN/VOQCHQ, v20.0)"
40111,0.329,-0.3268,13949,0.3778,county,0.3107,-0.3711,14313,0.3877,county,0.2826,-0.4266,14349,0.3886,county,-0.0183,0.0261,-0.028,0.0025,"MEDSL county presidential returns (doi:10.7910/DVN/VOQCHQ, v20.0)"
40113,0.308,-0.368,18966,0.4126,county,0.2983,-0.3953,20538,0.4468,county,0.2894,-0.4139,20628,0.4488,county,-0.0097,0.0829,-0.0088,0.0044,"MEDSL county presidential returns (doi:10.7910/DVN/VOQCHQ, v20.0)"
40115,0.253,-0.4721,10690,0.3521,county,0.2392,-0.5122,11438,0.3767,county,0.2283,-0.5349,11178,0.3682,county,-0.0138,0.07,-0.0109,-0.0227,"MEDSL county presidential returns (doi:10.7910/DVN/VOQCHQ, v20.0)"
40117,0.2213,-0.5319,6364,0.4056,county,0.2056,-0.5753,6786,0.4325,county,0.2004,-0.5887,6880,0.4385,county,-0.0157,0.0663,-0.0051,0.0139,"MEDSL county presidential returns (doi:10.7910/DVN/VOQCHQ, v20.0)"
40119,0.3455,-0.2832,27760,0.3373,county,0.3797,-0.2331,29643,0.3602,county,0.3702,-0.2528,29279,0.3558,county,0.0343,0.0678,-0.0095,-0.0123,"MEDSL county presidential returns (doi:10.7910/DVN/VOQCHQ, v20.0)"
40121,0.2254,-0.5235,17271,0.3959,county,0.2139,-0.5625,17924,0.4108,county,0.2006,-0.59,17572,0.4028,county,-0.0115,0.0378,-0.0133,-0.0196,"MEDSL county presidential returns (doi:10.7910/DVN/VOQCHQ, v20.0)"
40123,0.2585,-0.4581,14831,0.3887,county,0.2759,-0.4366,15320,0.4015,county,0.2621,-0.4661,15174,0.3977,county,0.0174,0.033,-0.0138,-0.0095,"MEDSL county presidential returns (doi:10.7910/DVN/VOQCHQ, v20.0)"
40125,0.2521,-0.4649,25452,0.3486,county,0.2644,-0.46,28185,0.386,county,0.2578,-0.4744,28774,0.3941,county,0.0123,0.1074,-0.0066,0.0209,"MEDSL county presidential returns (doi:10.7910/DVN/VOQCHQ, v20.0)"
40127,0.1728,-0.6319,4483,0.4156,county,0.1426,-0.7065,4739,0.4393,county,0.1327,-0.725,4702,0.4359,county,-0.0302,0.0571,-0.0099,-0.0078,"MEDSL county presidential returns (doi:10.7910/DVN/VOQCHQ, v20.0)"
40129,0.0889,-0.7936,1759,0.5207,county,0.0935,-0.7966,1834,0.5429,county,0.0937,-0.8009,1733,0.513,county,0.0046,0.0426,0.0002,-0.0551,"MEDSL county presidential returns (doi:10.7910/DVN/VOQCHQ, v20.0)"
40131,0.2036,-0.5631,40862,0.4202,county,0.2198,-0.5486,44553,0.4582,county,0.2201,-0.55,46902,0.4824,county,0.0162,0.0903,0.0003,0.0527,"MEDSL county presidential returns (doi:10.7910/DVN/VOQCHQ, v20.0)"
40133,0.2695,-0.4407,8037,0.3413,county,0.2634,-0.4631,8337,0.354,county,0.2469,-0.4973,8044,0.3416,county,-0.0061,0.0373,-0.0165,-0.0351,"MEDSL county presidential returns (doi:10.7910/DVN/VOQCHQ, v20.0)"
40135,0.2194,-0.5421,14437,0.3639,county,0.2004,-0.59,15386,0.3878,county,0.1888,-0.615,15583,0.3928,county,-0.0191,0.0657,-0.0116,0.0128,"MEDSL county presidential returns (doi:10.7910/DVN/VOQCHQ, v20.0)"
40137,0.1787,-0.6197,17904,0.4134,county,0.1685,-0.651,19057,0.44,county,0.1766,-0.6367,18620,0.4299,county,-0.0102,0.0644,0.008,-0.0229,"MEDSL county presidential returns (doi:10.7910/DVN/VOQCHQ, v20.0)"
40139,0.1566,-0.651,5780,0.2768,county,0.1656,-0.654,5521,0.2644,county,0.1551,-0.6773,5206,0.2493,county,0.009,-0.0448,-0.0105,-0.0571,"MEDSL county presidential returns (doi:10.7910/DVN/VOQCHQ, v20.0)"
40141,0.2526,-0.4756,2706,0.3884,county,0.2233,-0.5462,2708,0.3887,county,0.1995,-0.5946,2533,0.3636,county,-0.0293,0.0007,-0.0238,-0.0646,"MEDSL county presidential returns (doi:10.7910/DVN/VOQCHQ, v20.0)"
40143,0.3785,-0.2283,247054,0.3667,county,0.4199,-0.1559,266678,0.3958,county,0.4221,-0.1523,256939,0.3814,county,0.0414,0.0794,0.0022,-0.0365,"MEDSL county presidential returns (doi:10.7910/DVN/VOQCHQ, v20.0)"
40145,0.2262,-0.5202,31300,0.3711,county,0.2444,-0.5009,35338,0.419,county,0.2467,-0.4976,38501,0.4565,county,0.0183,0.129,0.0023,0.0895,"MEDSL county presidential returns (doi:10.7910/DVN/VOQCHQ, v20.0)"
40147,0.2418,-0.4849,22224,0.4202,county,0.2532,-0.4802,23501,0.4443,county,0.256,-0.4765,23174,0.4381,county,0.0114,0.0575,0.0028,-0.0139,"MEDSL county presidential returns (doi:10.7910/DVN/VOQCHQ, v20.0)"
40149,0.1324,-0.7052,4631,0.4265,county,0.1277,-0.7302,4777,0.44,county,0.1203,-0.7479,4652,0.4285,county,-0.0047,0.0315,-0.0074,-0.0262,"MEDSL county presidential returns (doi:10.7910/DVN/VOQCHQ, v20.0)"
40151,0.1505,-0.6611,3668,0.4256,county,0.1649,-0.6531,3678,0.4267,county,0.172,-0.6435,3638,0.4221,county,0.0144,0.0027,0.0071,-0.0109,"MEDSL county presidential returns (doi:10.7910/DVN/VOQCHQ, v20.0)"
40153,0.1209,-0.7207,7595,0.3749,county,0.132,-0.7201,7785,0.3843,county,0.1343,-0.7199,7312,0.3609,county,0.011,0.025,0.0024,-0.0608,"MEDSL county presidential returns (doi:10.7910/DVN/VOQCHQ, v20.0)"
41001,0.2242,-0.5036,8779,0.5227,county,0.2419,-0.504,9932,0.5913,county,0.2492,-0.4866,9694,0.5772,county,0.0177,0.1313,0.0073,-0.024,"MEDSL county presidential returns (doi:10.7910/DVN/VOQCHQ, v20.0)"
41003,0.6847,0.323,48753,0.506,county,0.7066,0.3968,52799,0.5479,county,0.705,0.3926,50232,0.5213,county,0.0219,0.083,-0.0015,-0.0486,"MEDSL county presidential returns (doi:10.7910/DVN/VOQCHQ, v20.0)"
41005,0.536,0.064,214039,0.5068,county,0.5572,0.1107,257679,0.6102,county,0.551,0.0982,246240,0.5831,county,0.0212,0.2039,-0.0061,-0.0444,"MEDSL county presidential returns (doi:10.7910/DVN/VOQCHQ, v20.0)"
41007,0.532,0.0567,19664,0.4756,county,0.5583,0.1128,23910,0.5783,county,0.5584,0.1125,23290,0.5633,county,0.0263,0.2159,0.0,-0.0259,"MEDSL county presidential returns (doi:10.7910/DVN/VOQCHQ, v20.0)"
41009,0.4348,-0.1146,26618,0.5005,county,0.4465,-0.1029,32221,0.6059,county,0.4281,-0.1383,31334,0.5892,county,0.0117,0.2105,-0.0184,-0.0275,"MEDSL county presidential returns (doi:10.7910/DVN/VOQCHQ, v20.0)"
41011,0.369,-0.2369,31313,0.483,county,0.3948,-0.2046,37075,0.5719,county,0.3971,-0.1992,35735,0.5512,county,0.0258,0.184,0.0022,-0.0361,"MEDSL county presidential returns (doi:10.7910/DVN/VOQCHQ, v20.0)"
41013,0.2365,-0.4826,12172,0.4745,county,0.2519,-0.4846,15448,0.6022,county,0.242,-0.5017,16297,0.6353,county,0.0154,0.2691,-0.0099,0.055,"MEDSL county presidential returns (doi:10.7910/DVN/VOQCHQ, v20.0)"
41015,0.3735,-0.2309,12611,0.5375,county,0.4166,-0.1625,14925,0.6361,county,0.4176,-0.1594,14200,0.6052,county,0.0431,0.1835,0.001,-0.0486,"MEDSL county presidential returns (doi:10.7910/DVN/VOQCHQ, v20.0)"
41017,0.4816,-0.033,98557,0.4854,county,0.5424,0.0824,125234,0.6168,county,0.5539,0.1041,127375,0.6274,county,0.0608,0.2707,0.0115,0.0171,"MEDSL county presidential returns (doi:10.7910/DVN/VOQCHQ, v20.0)"
41019,0.2896,-0.3828,53521,0.4787,county,0.3068,-0.3751,64349,0.5755,county,0.3067,-0.375,61807,0.5528,county,0.0172,0.2023,-0.0001,-0.0395,"MEDSL county presidential returns (doi:10.7910/DVN/VOQCHQ, v20.0)"
41021,0.2626,-0.4239,1019,0.509,county,0.2798,-0.4329,1178,0.5884,county,0.2655,-0.4533,1134,0.5664,county,0.0172,0.156,-0.0143,-0.0374,"MEDSL county presidential returns (doi:10.7910/DVN/VOQCHQ, v20.0)"
41023,0.1871,-0.5694,4340,0.5996,county,0.2076,-0.5692,4596,0.635,county,0.1895,-0.6001,4456,0.6156,county,0.0205,0.059,-0.0181,-0.0305,"MEDSL county presidential returns (doi:10.7910/DVN/VOQCHQ, v20.0)"
41025,0.19,-0.5609,3974,0.5288,county,0.2046,-0.576,4481,0.5963,county,0.1942,-0.5899,4255,0.5662,county,0.0146,0.1276,-0.0104,-0.0504,"MEDSL county presidential returns (doi:10.7910/DVN/VOQCHQ, v20.0)"
41027,0.6655,0.2968,10910,0.4554,county,0.689,0.3674,13090,0.5464,county,0.6846,0.3549,12707,0.5304,county,0.0235,0.1998,-0.0045,-0.0293,"MEDSL county presidential returns (doi:10.7910/DVN/VOQCHQ, v20.0)"
41029,0.4521,-0.0862,109327,0.4912,county,0.4822,-0.0345,127165,0.5714,county,0.4669,-0.0642,119572,0.5373,county,0.0301,0.1632,-0.0154,-0.0597,"MEDSL county presidential returns (doi:10.7910/DVN/VOQCHQ, v20.0)"
41031,0.3521,-0.2646,9459,0.3788,county,0.3793,-0.2347,11913,0.477,county,0.3459,-0.299,11750,0.4705,county,0.0272,0.2594,-0.0334,-0.0137,"MEDSL county presidential returns (doi:10.7910/DVN/VOQCHQ, v20.0)"
41033,0.3332,-0.3023,44560,0.506,county,0.3675,-0.2575,51641,0.5864,county,0.3522,-0.2861,49628,0.5635,county,0.0343,0.1589,-0.0153,-0.039,"MEDSL county presidential returns (doi:10.7910/DVN/VOQCHQ, v20.0)"
41035,0.2608,-0.4335,30507,0.437,county,0.291,-0.4063,36726,0.5261,county,0.2854,-0.4173,35515,0.5087,county,0.0302,0.2039,-0.0056,-0.033,"MEDSL county presidential returns (doi:10.7910/DVN/VOQCHQ, v20.0)"
41037,0.1745,-0.6064,3930,0.4761,county,0.1858,-0.6138,4363,0.5286,county,0.166,-0.6504,4213,0.5104,county,0.0113,0.1102,-0.0198,-0.0344,"MEDSL county presidential returns (doi:10.7910/DVN/VOQCHQ, v20.0)"
41039,0.6048,0.1855,191950,0.5017,county,0.6258,0.2431,222253,0.5809,county,0.6191,0.2291,211285,0.5522,county,0.021,0.1579,-0.0067,-0.0493,"MEDSL county presidential returns (doi:10.7910/DVN/VOQCHQ, v20.0)"
41041,0.5546,0.0975,25256,0.4988,county,0.5825,0.1603,30726,0.6068,county,0.5951,0.1834,29804,0.5886,county,0.0279,0.2166,0.0125,-0.03,"MEDSL county presidential returns (doi:10.7910/DVN/VOQCHQ, v20.0)"
41043,0.3495,-0.2638,58719,0.4524,county,0.3788,-0.2337,72640,0.5597,county,0.3741,-0.2426,71429,0.5503,county,0.0292,0.2371,-0.0046,-0.0167,"MEDSL county presidential returns (doi:10.7910/DVN/VOQCHQ, v20.0)"
41045,0.2379,-0.4742,10435,0.3292,county,0.2848,-0.4174,11804,0.3724,county,0.2722,-0.4409,10945,0.3453,county,0.0469,0.1312,-0.0126,-0.0728,"MEDSL county presidential returns (doi:10.7910/DVN/VOQCHQ, v20.0)"
41047,0.4769,-0.0408,136840,0.3949,county,0.5058,0.0113,165534,0.4777,county,0.4897,-0.0199,156691,0.4522,county,0.0289,0.2097,-0.0162,-0.0534,"MEDSL county presidential returns (doi:10.7910/DVN/VOQCHQ, v20.0)"
41049,0.2721,-0.4089,4167,0.3402,county,0.2766,-0.4328,5118,0.4178,county,0.2503,-0.4797,4732,0.3863,county,0.0045,0.2282,-0.0262,-0.0754,"MEDSL county presidential returns (doi:10.7910/DVN/VOQCHQ, v20.0)"
41051,0.8115,0.5628,399103,0.4965,county,0.8157,0.6131,463659,0.5768,county,0.8216,0.616,414250,0.5153,county,0.0042,0.1618,0.006,-0.1066,"MEDSL county presidential returns (doi:10.7910/DVN/VOQCHQ, v20.0)"
41053,0.4644,-0.0625,40295,0.455,county,0.4913,-0.0169,48291,0.5453,county,0.4811,-0.0364,47593,0.5375,county,0.0269,0.1984,-0.0102,-0.0145,"MEDSL county presidential returns (doi:10.7910/DVN/VOQCHQ, v20.0)"
41055,0.2163,-0.5211,1017,0.533,county,0.2202,-0.5472,1208,0.6331,county,0.2075,-0.5649,1163,0.6095,county,0.0039,0.1878,-0.0127,-0.0373,"MEDSL county presidential returns (doi:10.7910/DVN/VOQCHQ, v20.0)"
41057,0.4687,-0.0558,13803,0.5025,county,0.4912,-0.0171,16888,0.6148,county,0.4929,-0.0138,16252,0.5916,county,0.0225,0.2235,0.0016,-0.0377,"MEDSL county presidential returns (doi:10.7910/DVN/VOQCHQ, v20.0)"
41059,0.3102,-0.3401,27597,0.3446,county,0.3348,-0.3197,33038,0.4125,county,0.3061,-0.3754,31225,0.3899,county,0.0246,0.1972,-0.0288,-0.0549,"MEDSL county presidential returns (doi:10.7910/DVN/VOQCHQ, v20.0)"
41061,0.2782,-0.3996,12968,0.4951,county,0.2923,-0.4044,14944,0.5706,county,0.2923,-0.4004,14574,0.5564,county,0.0142,0.1524,0.0,-0.0248,"MEDSL county presidential returns (doi:10.7910/DVN/VOQCHQ, v20.0)"
41063,0.2815,-0.3967,4366,0.5797,county,0.3231,-0.3455,5149,0.6836,county,0.3185,-0.351,5108,0.6782,county,0.0416,0.1793,-0.0046,-0.008,"MEDSL county presidential returns (doi:10.7910/DVN/VOQCHQ, v20.0)"
41065,0.4504,-0.0879,11964,0.4497,county,0.4842,-0.0305,14130,0.5311,county,0.4702,-0.0574,13391,0.5034,county,0.0338,0.181,-0.014,-0.0523,"MEDSL county presidential returns (doi:10.7910/DVN/VOQCHQ, v20.0)"
41067,0.6481,0.2602,269232,0.4485,county,0.6794,0.3461,320326,0.5336,county,0.6758,0.337,297949,0.4964,county,0.0313,0.1898,-0.0036,-0.0699,"MEDSL county presidential returns (doi:10.7910/DVN/VOQCHQ, v20.0)"
41069,0.2078,-0.533,818,0.5704,county,0.2338,-0.5119,965,0.6729,county,0.2536,-0.47,868,0.6053,county,0.0261,0.1797,0.0198,-0.1005,"MEDSL county presidential returns (doi:10.7910/DVN/VOQCHQ, v20.0)"
41071,0.4536,-0.081,48753,0.4509,county,0.479,-0.0403,58923,0.545,county,0.4683,-0.061,57800,0.5346,county,0.0255,0.2086,-0.0108,-0.0191,"MEDSL county presidential returns (doi:10.7910/DVN/VOQCHQ, v20.0)"
42001,0.3115,-0.3623,47489,0.4515,county,0.3267,-0.3416,56540,0.5375,county,0.3302,-0.3365,60650,0.5766,county,0.0152,0.1906,0.0035,0.0727,"MEDSL county presidential returns (doi:10.7910/DVN/VOQCHQ, v20.0)"
42003,0.5862,0.1663,650114,0.5241,county,0.6031,0.2039,719733,0.5802,county,0.6025,0.2031,720504,0.5808,county,0.0169,0.1071,-0.0006,0.0011,"MEDSL county presidential returns (doi:10.7910/DVN/VOQCHQ, v20.0)"
42005,0.2341,-0.5157,31618,0.4859,county,0.2353,-0.5233,36370,0.5589,county,0.2321,-0.5319,37119,0.5705,county,0.0012,0.1503,-0.0032,0.0206,"MEDSL county presidential returns (doi:10.7910/DVN/VOQCHQ, v20.0)"
42007,0.4031,-0.1871,83571,0.5004,county,0.4104,-0.1768,94122,0.5636,county,0.3956,-0.2071,94843,0.5679,county,0.0073,0.1263,-0.0149,0.0077,"MEDSL county presidential returns (doi:10.7910/DVN/VOQCHQ, v20.0)"
42009,0.1571,-0.673,23637,0.4976,county,0.1594,-0.6767,27574,0.5805,county,0.1549,-0.6862,28160,0.5928,county,0.0023,0.1666,-0.0045,0.0213,"MEDSL county presidential returns (doi:10.7910/DVN/VOQCHQ, v20.0)"
42011,0.4481,-0.0994,183065,0.4257,county,0.4584,-0.0819,205540,0.478,county,0.4385,-0.1218,209838,0.488,county,0.0104,0.1228,-0.0199,0.0209,"MEDSL county presidential returns (doi:10.7910/DVN/VOQCHQ, v20.0)"
42013,0.2629,-0.4585,54909,0.4506,county,0.2802,-0.4351,63595,0.5219,county,0.2811,-0.4346,64949,0.533,county,0.0173,0.1582,0.0009,0.0213,"MEDSL county presidential returns (doi:10.7910/DVN/VOQCHQ, v20.0)"
42015,0.2599,-0.4579,25708,0.4287,county,0.2714,-0.4494,30159,0.5029,county,0.2584,-0.4792,31192,0.5201,county,0.0115,0.1731,-0.0131,0.0343,"MEDSL county presidential returns (doi:10.7910/DVN/VOQCHQ, v20.0)"
42017,0.5041,0.0078,344297,0.533,county,0.5221,0.0438,396234,0.6134,county,0.4996,-0.0007,401028,0.6208,county,0.018,0.1508,-0.0225,0.0121,"MEDSL county presidential returns (doi:10.7910/DVN/VOQCHQ, v20.0)"
42019,0.3073,-0.3693,97071,0.4956,county,0.3353,-0.3252,113305,0.5785,county,0.3376,-0.3221,121440,0.62,county,0.028,0.1672,0.0023,0.0718,"MEDSL county presidential returns (doi:10.7910/DVN/VOQCHQ, v20.0)"
42021,0.3087,-0.3709,63072,0.4765,county,0.3113,-0.3734,70574,0.5332,county,0.3,-0.3969,71136,0.5375,county,0.0026,0.1189,-0.0112,0.008,"MEDSL county presidential returns (doi:10.7910/DVN/VOQCHQ, v20.0)"
42023,0.2505,-0.484,2186,0.4885,county,0.2636,-0.4671,2434,0.5439,county,0.2454,-0.5029,2219,0.4959,county,0.0131,0.1134,-0.0182,-0.0883,"MEDSL county presidential returns (doi:10.7910/DVN/VOQCHQ, v20.0)"
42025,0.3228,-0.3408,28776,0.4414,county,0.3378,-0.3203,33629,0.5159,county,0.3246,-0.3479,35395,0.5429,county,0.0149,0.1686,-0.0132,0.0525,"MEDSL county presidential returns (doi:10.7910/DVN/VOQCHQ, v20.0)"
42027,0.5125,0.0238,76148,0.4818,county,0.5241,0.0475,77493,0.4903,county,0.5143,0.0283,80792,0.5112,county,0.0116,0.0177,-0.0098,0.0426,"MEDSL county presidential returns (doi:10.7910/DVN/VOQCHQ, v20.0)"
42029,0.5496,0.0951,268800,0.497,county,0.5865,0.1711,314502,0.5814,county,0.573,0.1446,324964,0.6008,county,0.0369,0.17,-0.0135,0.0333,"MEDSL county presidential returns (doi:10.7910/DVN/VOQCHQ, v20.0)"
42031,0.2536,-0.4735,17535,0.4701,county,0.2429,-0.5079,19493,0.5226,county,0.2328,-0.5308,19733,0.5291,county,-0.0107,0.1117,-0.0102,0.0123,"MEDSL county presidential returns (doi:10.7910/DVN/VOQCHQ, v20.0)"
42033,0.2475,-0.4882,34271,0.4343,county,0.2488,-0.4954,39422,0.4996,county,0.2404,-0.5153,40430,0.5124,county,0.0013,0.1503,-0.0084,0.0256,"MEDSL county presidential returns (doi:10.7910/DVN/VOQCHQ, v20.0)"
42035,0.3213,-0.3429,15394,0.4083,county,0.3161,-0.3631,17625,0.4674,county,0.2938,-0.4087,18522,0.4912,county,-0.0051,0.1449,-0.0223,0.0509,"MEDSL county presidential returns (doi:10.7910/DVN/VOQCHQ, v20.0)"
42037,0.3317,-0.3213,28228,0.4339,county,0.3438,-0.3069,31171,0.4791,county,0.3434,-0.3103,32576,0.5007,county,0.0122,0.1043,-0.0004,0.0451,"MEDSL county presidential returns (doi:10.7910/DVN/VOQCHQ, v20.0)"
42039,0.3051,-0.3738,37492,0.4507,county,0.3115,-0.3722,42004,0.5049,county,0.3022,-0.3925,42872,0.5154,county,0.0064,0.1203,-0.0093,0.0207,"MEDSL county presidential returns (doi:10.7910/DVN/VOQCHQ, v20.0)"
42041,0.4053,-0.1808,121617,0.4599,county,0.4463,-0.1057,141595,0.5355,county,0.4522,-0.0944,148396,0.5612,county,0.041,0.1643,0.0058,0.048,"MEDSL county presidential returns (doi:10.7910/DVN/VOQCHQ, v20.0)"
42043,0.5153,0.0294,130872,0.4552,county,0.5432,0.0853,147368,0.5126,county,0.5299,0.0592,149526,0.5201,county,0.0279,0.126,-0.0133,0.0146,"MEDSL county presidential returns (doi:10.7910/DVN/VOQCHQ, v20.0)"
42045,0.6158,0.2242,297634,0.5166,county,0.6352,0.268,327931,0.5691,county,0.6199,0.2374,328172,0.5696,county,0.0194,0.1018,-0.0153,0.0007,"MEDSL county presidential returns (doi:10.7910/DVN/VOQCHQ, v20.0)"
42047,0.2776,-0.4278,14426,0.4699,county,0.2714,-0.4506,16906,0.5506,county,0.2633,-0.4699,17153,0.5587,county,-0.0062,0.1719,-0.0081,0.0146,"MEDSL county presidential returns (doi:10.7910/DVN/VOQCHQ, v20.0)"
42049,0.4917,-0.0158,123679,0.4588,county,0.5052,0.0103,137083,0.5086,county,0.4948,-0.0102,137595,0.5105,county,0.0135,0.1084,-0.0104,0.0037,"MEDSL county presidential returns (doi:10.7910/DVN/VOQCHQ, v20.0)"
42051,0.3416,-0.3096,53767,0.4235,county,0.3315,-0.3345,62139,0.4894,county,0.3094,-0.3795,63472,0.4999,county,-0.0101,0.1557,-0.0221,0.0215,"MEDSL county presidential returns (doi:10.7910/DVN/VOQCHQ, v20.0)"
42053,0.2711,-0.4402,2401,0.3539,county,0.2789,-0.4361,2646,0.39,county,0.2757,-0.4445,2650,0.3906,county,0.0078,0.102,-0.0032,0.0015,"MEDSL county presidential returns (doi:10.7910/DVN/VOQCHQ, v20.0)"
42055,0.2598,-0.4633,69731,0.4452,county,0.2814,-0.4311,80783,0.5158,county,0.2831,-0.4299,83884,0.5356,county,0.0217,0.1585,0.0017,0.0384,"MEDSL county presidential returns (doi:10.7910/DVN/VOQCHQ, v20.0)"
42057,0.1381,-0.7062,6771,0.4655,county,0.1372,-0.7194,7977,0.5484,county,0.1354,-0.7261,8177,0.5622,county,-0.0009,0.1781,-0.0018,0.0251,"MEDSL county presidential returns (doi:10.7910/DVN/VOQCHQ, v20.0)"
42059,0.2923,-0.4039,15764,0.447,county,0.2808,-0.434,17669,0.501,county,0.2715,-0.4483,17236,0.4888,county,-0.0116,0.1208,-0.0092,-0.0245,"MEDSL county presidential returns (doi:10.7910/DVN/VOQCHQ, v20.0)"
42061,0.2385,-0.5052,19706,0.4495,county,0.2419,-0.5097,22792,0.5198,county,0.2334,-0.5294,23156,0.5281,county,0.0035,0.1566,-0.0085,0.016,"MEDSL county presidential returns (doi:10.7910/DVN/VOQCHQ, v20.0)"
42063,0.3166,-0.3537,37770,0.4539,county,0.3102,-0.3751,41198,0.4951,county,0.3029,-0.3912,42229,0.5075,county,-0.0063,0.0908,-0.0073,0.025,"MEDSL county presidential returns (doi:10.7910/DVN/VOQCHQ, v20.0)"
42065,0.1937,-0.5926,19478,0.4417,county,0.2013,-0.5885,22824,0.5176,county,0.2052,-0.5849,23129,0.5245,county,0.0076,0.1718,0.0039,0.0134,"MEDSL county presidential returns (doi:10.7910/DVN/VOQCHQ, v20.0)"
42067,0.1804,-0.6172,10454,0.4464,county,0.1893,-0.6141,12043,0.5142,county,0.1907,-0.6139,12104,0.5168,county,0.0089,0.152,0.0014,0.0051,"MEDSL county presidential returns (doi:10.7910/DVN/VOQCHQ, v20.0)"
42069,0.5179,0.0348,103456,0.4793,county,0.5422,0.0837,115410,0.5347,county,0.514,0.0279,116590,0.5402,county,0.0243,0.1155,-0.0282,0.0102,"MEDSL county presidential returns (doi:10.7910/DVN/VOQCHQ, v20.0)"
42071,0.3978,-0.1942,241112,0.4343,county,0.4197,-0.1583,280239,0.5048,county,0.4194,-0.1595,289257,0.521,county,0.0219,0.1623,-0.0002,0.0322,"MEDSL county presidential returns (doi:10.7910/DVN/VOQCHQ, v20.0)"
42073,0.3552,-0.2802,40753,0.4771,county,0.3506,-0.2956,46076,0.5394,county,0.33,-0.3377,47110,0.5515,county,-0.0046,0.1306,-0.0206,0.0224,"MEDSL county presidential returns (doi:10.7910/DVN/VOQCHQ, v20.0)"
42075,0.3187,-0.3488,61845,0.4307,county,0.3387,-0.3182,71652,0.499,county,0.3387,-0.3195,73692,0.5132,county,0.02,0.1586,0.0001,0.0285,"MEDSL county presidential returns (doi:10.7910/DVN/VOQCHQ, v20.0)"
42077,0.5246,0.0474,160993,0.4288,county,0.5384,0.076,184713,0.492,county,0.5136,0.0269,189810,0.5056,county,0.0138,0.1473,-0.0248,0.0276,"MEDSL county presidential returns (doi:10.7910/DVN/VOQCHQ, v20.0)"
42079,0.4,-0.1944,134983,0.4141,county,0.4274,-0.1439,153321,0.4703,county,0.4034,-0.1917,156150,0.479,county,0.0274,0.1359,-0.024,0.0185,"MEDSL county presidential returns (doi:10.7910/DVN/VOQCHQ, v20.0)"
42081,0.2676,-0.4471,50565,0.4452,county,0.2904,-0.4133,59254,0.5217,county,0.2909,-0.4146,59685,0.5255,county,0.0228,0.1718,0.0005,0.0073,"MEDSL county presidential returns (doi:10.7910/DVN/VOQCHQ, v20.0)"
42083,0.257,-0.467,16296,0.4059,county,0.2658,-0.4616,19466,0.4848,county,0.2621,-0.4718,19682,0.4902,county,0.0088,0.1945,-0.0037,0.0111,"MEDSL county presidential returns (doi:10.7910/DVN/VOQCHQ, v20.0)"
42085,0.3726,-0.2449,52309,0.4762,county,0.3682,-0.2601,57954,0.5276,county,0.3479,-0.3016,58410,0.5317,county,-0.0044,0.1079,-0.0203,0.0079,"MEDSL county presidential returns (doi:10.7910/DVN/VOQCHQ, v20.0)"
42087,0.2157,-0.5493,18601,0.4037,county,0.2164,-0.5612,21502,0.4667,county,0.216,-0.564,22071,0.479,county,0.0006,0.156,-0.0004,0.0265,"MEDSL county presidential returns (doi:10.7910/DVN/VOQCHQ, v20.0)"
42089,0.504,0.0076,69752,0.4157,county,0.5322,0.0636,83829,0.4996,county,0.496,-0.0078,85525,0.5097,county,0.0283,0.2018,-0.0362,0.0202,"MEDSL county presidential returns (doi:10.7910/DVN/VOQCHQ, v20.0)"
42091,0.6114,0.2148,434687,0.5047,county,0.6327,0.2628,510157,0.5924,county,0.6152,0.228,520906,0.6048,county,0.0213,0.1736,-0.0175,0.0211,"MEDSL county presidential returns (doi:10.7910/DVN/VOQCHQ, v20.0)"
42093,0.3508,-0.2841,8556,0.4733,county,0.3922,-0.2122,9771,0.5405,county,0.3938,-0.2101,9908,0.548,county,0.0414,0.142,0.0016,0.014,"MEDSL county presidential returns (doi:10.7910/DVN/VOQCHQ, v20.0)"
42095,0.4802,-0.0381,143519,0.4543,county,0.5036,0.0072,170942,0.5411,county,0.491,-0.0177,178215,0.5641,county,0.0234,0.1911,-0.0126,0.0425,"MEDSL county presidential returns (doi:10.7910/DVN/VOQCHQ, v20.0)"
42097,0.2779,-0.427,36622,0.4028,county,0.3045,-0.3849,42283,0.465,county,0.2984,-0.3993,43522,0.4787,county,0.0266,0.1546,-0.0061,0.0293,"MEDSL county presidential returns (doi:10.7910/DVN/VOQCHQ, v20.0)"
42099,0.2288,-0.5191,21158,0.4601,county,0.2454,-0.5007,24652,0.5361,county,0.2508,-0.4932,25725,0.5594,county,0.0167,0.1651,0.0054,0.0435,"MEDSL county presidential returns (doi:10.7910/DVN/VOQCHQ, v20.0)"
42101,0.843,0.6716,707631,0.4472,county,0.8198,0.6354,741377,0.4685,county,0.7976,0.5881,721441,0.4559,county,-0.0232,0.0477,-0.0222,-0.0269,"MEDSL county presidential returns (doi:10.7910/DVN/VOQCHQ, v20.0)"
42103,0.3657,-0.2605,26101,0.4373,county,0.4039,-0.1903,32554,0.5454,county,0.3788,-0.2405,34950,0.5855,county,0.0382,0.2472,-0.0251,0.0736,"MEDSL county presidential returns (doi:10.7910/DVN/VOQCHQ, v20.0)"
42105,0.1724,-0.6358,7784,0.4783,county,0.1925,-0.6082,9064,0.5569,county,0.1859,-0.6229,9085,0.5582,county,0.0201,0.1644,-0.0066,0.0023,"MEDSL county presidential returns (doi:10.7910/DVN/VOQCHQ, v20.0)"
42107,0.276,-0.4331,62869,0.4388,county,0.2978,-0.3986,70603,0.4928,county,0.2878,-0.4206,73184,0.5109,county,0.0219,0.123,-0.01,0.0366,"MEDSL county presidential returns (doi:10.7910/DVN/VOQCHQ, v20.0)"
42109,0.2545,-0.472,16363,0.4121,county,0.2599,-0.474,19140,0.482,county,0.2632,-0.4704,20038,0.5046,county,0.0054,0.1697,0.0033,0.0469,"MEDSL county presidential returns (doi:10.7910/DVN/VOQCHQ, v20.0)"
42111,0.2122,-0.5592,35773,0.4883,county,0.2157,-0.5627,40543,0.5535,county,0.2118,-0.5723,40881,0.5581,county,0.0035,0.1333,-0.0039,0.0083,"MEDSL county presidential returns (doi:10.7910/DVN/VOQCHQ, v20.0)"
42113,0.2466,-0.4914,3136,0.5362,county,0.2602,-0.4723,3595,0.6146,county,0.264,-0.469,3721,0.6362,county,0.0135,0.1464,0.0038,0.035,"MEDSL county presidential returns (doi:10.7910/DVN/VOQCHQ, v20.0)"
42115,0.2844,-0.4118,18863,0.4919,county,0.2908,-0.4124,21752,0.5672,county,0.2744,-0.4473,22404,0.5842,county,0.0064,0.1532,-0.0164,0.03,"MEDSL county presidential returns (doi:10.7910/DVN/VOQCHQ, v20.0)"
42117,0.2227,-0.53,18325,0.4461,county,0.2394,-0.5118,21075,0.513,county,0.2386,-0.5175,21587,0.5255,county,0.0167,0.1501,-0.0008,0.0243,"MEDSL county presidential returns (doi:10.7910/DVN/VOQCHQ, v20.0)"
42119,0.3678,-0.2543,17468,0.4103,county,0.3769,-0.2427,20115,0.4725,county,0.382,-0.2338,21188,0.4977,county,0.0091,0.1515,0.005,0.0533,"MEDSL county presidential returns (doi:10.7910/DVN/VOQCHQ, v20.0)"
42121,0.2825,-0.416,23348,0.4661,county,0.29,-0.4141,26528,0.5295,county,0.2876,-0.4212,26732,0.5336,county,0.0075,0.1362,-0.0024,0.0077,"MEDSL county presidential returns (doi:10.7910/DVN/VOQCHQ, v20.0)"
42123,0.292,-0.3977,18434,0.4829,county,0.2988,-0.3957,20650,0.5409,county,0.3022,-0.3925,20723,0.5429,county,0.0068,0.1202,0.0034,0.0035,"MEDSL county presidential returns (doi:10.7910/DVN/VOQCHQ, v20.0)"
42125,0.3717,-0.2471,101450,0.4836,county,0.3848,-0.2278,118478,0.5648,county,0.3717,-0.2551,121617,0.5797,county,0.0131,0.1678,-0.0132,0.0265,"MEDSL county presidential returns (doi:10.7910/DVN/VOQCHQ, v20.0)"
42127,0.3014,-0.3845,24018,0.4692,county,0.3303,-0.3363,28089,0.5487,county,0.3131,-0.3709,29444,0.5752,county,0.0289,0.1695,-0.0171,0.0482,"MEDSL county presidential returns (doi:10.7910/DVN/VOQCHQ, v20.0)"
42129,0.3387,-0.3123,182051,0.5152,county,0.3565,-0.2838,204697,0.5793,county,0.3568,-0.2842,211450,0.5984,county,0.0178,0.1244,0.0004,0.033,"MEDSL county presidential returns (doi:10.7910/DVN/VOQCHQ, v20.0)"
42131,0.3013,-0.3824,13144,0.5041,county,0.3213,-0.3521,14858,0.5698,county,0.3141,-0.3682,15052,0.5773,county,0.02,0.1304,-0.0073,0.0131,"MEDSL county presidential returns (doi:10.7910/DVN/VOQCHQ, v20.0)"
42133,0.3477,-0.2913,205986,0.4485,county,0.3752,-0.2458,238471,0.5192,county,0.3725,-0.2526,249210,0.5426,county,0.0275,0.1577,-0.0027,0.045,"MEDSL county presidential returns (doi:10.7910/DVN/VOQCHQ, v20.0)"
44001,0.6197,0.2216,25475,0.5038,county,0.6494,0.2923,28415,0.5619,county,0.6347,0.2615,28335,0.5603,county,0.0297,0.1154,-0.0147,-0.0028,"MEDSL county presidential returns (doi:10.7910/DVN/VOQCHQ, v20.0)"
44003,0.4964,-0.0067,82053,0.4808,county,0.539,0.0764,93093,0.5455,county,0.5096,0.0187,93148,0.5458,county,0.0426,0.1345,-0.0294,0.0006,"MEDSL county presidential returns (doi:10.7910/DVN/VOQCHQ, v20.0)"
44005,0.6025,0.1894,41045,0.4823,county,0.6522,0.2983,46148,0.5423,county,0.6304,0.2534,44618,0.5243,county,0.0497,0.1243,-0.0219,-0.0332,"MEDSL county presidential returns (doi:10.7910/DVN/VOQCHQ, v20.0)"
44007,0.6113,0.2093,248474,0.3771,county,0.6167,0.2291,272667,0.4138,county,0.5717,0.1396,269679,0.4092,county,0.0055,0.0974,-0.045,-0.011,"MEDSL county presidential returns (doi:10.7910/DVN/VOQCHQ, v20.0)"
44009,0.5534,0.0981,66369,0.5102,county,0.599,0.1937,76060,0.5847,county,0.5768,0.1492,76036,0.5846,county,0.0456,0.146,-0.0222,-0.0003,"MEDSL county presidential returns (doi:10.7910/DVN/VOQCHQ, v20.0)"
45001,0.3562,-0.2805,10775,0.4425,county,0.333,-0.3309,12433,0.5106,county,0.2854,-0.4241,12048,0.4947,county,-0.0232,0.1539,-0.0475,-0.031,"MEDSL county presidential returns (doi:10.7910/DVN/VOQCHQ, v20.0)"
45003,0.3561,-0.2748,74851,0.4353,county,0.3848,-0.2267,85185,0.4954,county,0.3687,-0.259,86091,0.5007,county,0.0287,0.1381,-0.0162,0.0106,"MEDSL county presidential returns (doi:10.7910/DVN/VOQCHQ, v20.0)"
45005,0.7761,0.5418,3592,0.4642,county,0.765,0.5241,3593,0.4643,county,0.727,0.4472,3023,0.3907,county,-0.0111,0.0003,-0.038,-0.1586,"MEDSL county presidential returns (doi:10.7910/DVN/VOQCHQ, v20.0)"
45007,0.2728,-0.4366,80483,0.3884,county,0.2868,-0.4204,96093,0.4637,county,0.2603,-0.4735,98296,0.4744,county,0.014,0.194,-0.0265,0.0229,"MEDSL county presidential returns (doi:10.7910/DVN/VOQCHQ, v20.0)"
45009,0.6388,0.2726,6214,0.472,county,0.6239,0.2458,6482,0.4924,county,0.5773,0.1526,5694,0.4325,county,-0.0149,0.0431,-0.0466,-0.1216,"MEDSL county presidential returns (doi:10.7910/DVN/VOQCHQ, v20.0)"
45011,0.4737,-0.0516,9485,0.4612,county,0.4622,-0.0748,10321,0.5019,county,0.4214,-0.1554,9803,0.4767,county,-0.0115,0.0881,-0.0408,-0.0502,"MEDSL county presidential returns (doi:10.7910/DVN/VOQCHQ, v20.0)"
45013,0.4282,-0.1373,78524,0.4087,county,0.4494,-0.0999,97835,0.5092,county,0.4267,-0.1448,104403,0.5434,county,0.0212,0.2459,-0.0227,0.0671,"MEDSL county presidential returns (doi:10.7910/DVN/VOQCHQ, v20.0)"
45015,0.4078,-0.1746,79517,0.3331,county,0.4407,-0.1165,104458,0.4376,county,0.4174,-0.1627,112834,0.4727,county,0.0329,0.3137,-0.0232,0.0802,"MEDSL county presidential returns (doi:10.7910/DVN/VOQCHQ, v20.0)"
45017,0.4855,-0.0283,7549,0.5335,county,0.4756,-0.0482,8291,0.5859,county,0.4274,-0.1434,7914,0.5593,county,-0.0098,0.0983,-0.0483,-0.0455,"MEDSL county presidential returns (doi:10.7910/DVN/VOQCHQ, v20.0)"
45019,0.5421,0.0786,176345,0.4252,county,0.5656,0.1288,218857,0.5277,county,0.5289,0.0567,214521,0.5173,county,0.0236,0.2411,-0.0368,-0.0198,"MEDSL county presidential returns (doi:10.7910/DVN/VOQCHQ, v20.0)"
45021,0.2866,-0.4171,21759,0.3865,county,0.279,-0.4377,25270,0.4489,county,0.2411,-0.5136,24839,0.4412,county,-0.0075,0.1614,-0.038,-0.0171,"MEDSL county presidential returns (doi:10.7910/DVN/VOQCHQ, v20.0)"
45023,0.4752,-0.0483,14192,0.4411,county,0.4449,-0.1091,15757,0.4897,county,0.413,-0.1721,15556,0.4835,county,-0.0303,0.1103,-0.0319,-0.0128,"MEDSL county presidential returns (doi:10.7910/DVN/VOQCHQ, v20.0)"
45025,0.4241,-0.148,16581,0.3805,county,0.3968,-0.2048,18876,0.4332,county,0.3582,-0.2807,18391,0.4221,county,-0.0273,0.1384,-0.0386,-0.0257,"MEDSL county presidential returns (doi:10.7910/DVN/VOQCHQ, v20.0)"
45027,0.5114,0.0225,15395,0.496,county,0.4967,-0.0066,16733,0.5391,county,0.438,-0.1226,16320,0.5258,county,-0.0148,0.0869,-0.0587,-0.0247,"MEDSL county presidential returns (doi:10.7910/DVN/VOQCHQ, v20.0)"
45029,0.4562,-0.0849,17251,0.4467,county,0.4517,-0.0953,19283,0.4993,county,0.4081,-0.1817,18276,0.4732,county,-0.0045,0.1178,-0.0436,-0.0522,"MEDSL county presidential returns (doi:10.7910/DVN/VOQCHQ, v20.0)"
45031,0.4809,-0.0371,29674,0.4729,county,0.4749,-0.0497,32417,0.5166,county,0.4327,-0.1332,30331,0.4833,county,-0.0061,0.0924,-0.0422,-0.0643,"MEDSL county presidential returns (doi:10.7910/DVN/VOQCHQ, v20.0)"
45033,0.5086,0.0168,11698,0.4173,county,0.4944,-0.0111,13101,0.4674,county,0.4454,-0.1083,11861,0.4231,county,-0.0142,0.1199,-0.049,-0.0946,"MEDSL county presidential returns (doi:10.7910/DVN/VOQCHQ, v20.0)"
45035,0.4074,-0.1747,62567,0.3808,county,0.4466,-0.1047,77278,0.4703,county,0.4256,-0.146,77764,0.4732,county,0.0392,0.2351,-0.0209,0.0063,"MEDSL county presidential returns (doi:10.7910/DVN/VOQCHQ, v20.0)"
45037,0.3963,-0.2019,11644,0.4393,county,0.377,-0.2429,13304,0.5019,county,0.3388,-0.3185,13919,0.5251,county,-0.0192,0.1426,-0.0382,0.0462,"MEDSL county presidential returns (doi:10.7910/DVN/VOQCHQ, v20.0)"
45039,0.633,0.259,11267,0.5432,county,0.6148,0.2272,12136,0.5851,county,0.5671,0.1324,11215,0.5407,county,-0.0182,0.0771,-0.0477,-0.0759,"MEDSL county presidential returns (doi:10.7910/DVN/VOQCHQ, v20.0)"
45041,0.4746,-0.0494,57931,0.4231,county,0.4885,-0.0227,64510,0.4711,county,0.4593,-0.0803,61140,0.4465,county,0.014,0.1136,-0.0292,-0.0522,"MEDSL county presidential returns (doi:10.7910/DVN/VOQCHQ, v20.0)"
45043,0.4336,-0.1288,31657,0.4931,county,0.4358,-0.1272,36668,0.5712,county,0.4013,-0.195,37754,0.5881,county,0.0022,0.1583,-0.0345,0.0296,"MEDSL county presidential returns (doi:10.7910/DVN/VOQCHQ, v20.0)"
45045,0.3682,-0.2479,215165,0.4003,county,0.4072,-0.182,258155,0.4802,county,0.387,-0.222,263316,0.4898,county,0.039,0.1998,-0.0202,0.02,"MEDSL county presidential returns (doi:10.7910/DVN/VOQCHQ, v20.0)"
45047,0.3871,-0.2173,28763,0.4149,county,0.3846,-0.2276,32006,0.4617,county,0.3532,-0.2897,30888,0.4455,county,-0.0024,0.1127,-0.0314,-0.0349,"MEDSL county presidential returns (doi:10.7910/DVN/VOQCHQ, v20.0)"
45049,0.5971,0.191,8806,0.4746,county,0.5768,0.1523,9305,0.5015,county,0.5324,0.064,8233,0.4437,county,-0.0204,0.0567,-0.0444,-0.1152,"MEDSL county presidential returns (doi:10.7910/DVN/VOQCHQ, v20.0)"
45051,0.3062,-0.3752,132920,0.3603,county,0.3325,-0.3318,179744,0.4872,county,0.3054,-0.3855,205954,0.5582,county,0.0262,0.3523,-0.027,0.1458,"MEDSL county presidential returns (doi:10.7910/DVN/VOQCHQ, v20.0)"
45053,0.5345,0.0673,11427,0.3727,county,0.5038,0.0074,14394,0.4695,county,0.4513,-0.0963,18227,0.5945,county,-0.0308,0.2596,-0.0524,0.2663,"MEDSL county presidential returns (doi:10.7910/DVN/VOQCHQ, v20.0)"
45055,0.3706,-0.2487,28995,0.4333,county,0.3828,-0.2311,33629,0.5025,county,0.3571,-0.2822,33533,0.5011,county,0.0122,0.1598,-0.0257,-0.0029,"MEDSL county presidential returns (doi:10.7910/DVN/VOQCHQ, v20.0)"
45057,0.368,-0.2544,38938,0.3859,county,0.3845,-0.2281,49868,0.4942,county,0.3747,-0.2476,54427,0.5394,county,0.0165,0.2807,-0.0098,0.0914,"MEDSL county presidential returns (doi:10.7910/DVN/VOQCHQ, v20.0)"
45059,0.3458,-0.2984,26566,0.3912,county,0.3368,-0.3229,30488,0.449,county,0.2935,-0.4085,30213,0.4449,county,-0.009,0.1476,-0.0433,-0.009,"MEDSL county presidential returns (doi:10.7910/DVN/VOQCHQ, v20.0)"
45061,0.6497,0.2938,8156,0.4994,county,0.6392,0.2753,8431,0.5163,county,0.5941,0.1767,8076,0.4945,county,-0.0105,0.0337,-0.0451,-0.0421,"MEDSL county presidential returns (doi:10.7910/DVN/VOQCHQ, v20.0)"
45063,0.3057,-0.3669,122093,0.4065,county,0.3469,-0.301,144568,0.4813,county,0.3303,-0.3346,146903,0.4891,county,0.0412,0.1841,-0.0166,0.0162,"MEDSL county presidential returns (doi:10.7910/DVN/VOQCHQ, v20.0)"
45065,0.4831,-0.0332,5216,0.5377,county,0.476,-0.0476,5697,0.5873,county,0.4135,-0.171,6153,0.6343,county,-0.0071,0.0922,-0.0625,0.08,"MEDSL county presidential returns (doi:10.7910/DVN/VOQCHQ, v20.0)"
45067,0.6115,0.2189,14276,0.494,county,0.6084,0.215,14704,0.5088,county,0.5533,0.1053,13388,0.4633,county,-0.0031,0.03,-0.0551,-0.0895,"MEDSL county presidential returns (doi:10.7910/DVN/VOQCHQ, v20.0)"
45069,0.5825,0.1624,10389,0.3952,county,0.555,0.1089,11446,0.4355,county,0.512,0.0237,10152,0.3862,county,-0.0276,0.1017,-0.043,-0.1131,"MEDSL county presidential returns (doi:10.7910/DVN/VOQCHQ, v20.0)"
45071,0.383,-0.2261,16807,0.4409,county,0.3781,-0.2407,18631,0.4887,county,0.3262,-0.3434,18129,0.4756,county,-0.0048,0.1085,-0.052,-0.0269,"MEDSL county presidential returns (doi:10.7910/DVN/VOQCHQ, v20.0)"
45073,0.2486,-0.481,33635,0.4227,county,0.2596,-0.4742,40668,0.5111,county,0.2392,-0.5155,42264,0.5312,county,0.0111,0.2091,-0.0205,0.0392,"MEDSL county presidential returns (doi:10.7910/DVN/VOQCHQ, v20.0)"
45075,0.6881,0.3698,38910,0.4658,county,0.6674,0.3323,41205,0.4933,county,0.6241,0.2457,36970,0.4426,county,-0.0207,0.059,-0.0433,-0.1028,"MEDSL county presidential returns (doi:10.7910/DVN/VOQCHQ, v20.0)"
45077,0.2222,-0.5277,49049,0.3699,county,0.2413,-0.5085,57546,0.434,county,0.233,-0.5267,60451,0.4559,county,0.019,0.1732,-0.0083,0.0505,"MEDSL county presidential returns (doi:10.7910/DVN/VOQCHQ, v20.0)"
45079,0.673,0.3291,168722,0.4029,county,0.6945,0.3831,193822,0.4629,county,0.6761,0.3459,182411,0.4356,county,0.0215,0.1488,-0.0184,-0.0589,"MEDSL county presidential returns (doi:10.7910/DVN/VOQCHQ, v20.0)"
45081,0.3373,-0.3168,8564,0.4517,county,0.323,-0.3501,9274,0.4892,county,0.2755,-0.4435,9014,0.4755,county,-0.0143,0.0829,-0.0475,-0.028,"MEDSL county presidential returns (doi:10.7910/DVN/VOQCHQ, v20.0)"
45083,0.344,-0.2996,121090,0.3582,county,0.3613,-0.2733,148655,0.4397,county,0.3298,-0.3363,155597,0.4602,county,0.0173,0.2276,-0.0315,0.0467,"MEDSL county presidential returns (doi:10.7910/DVN/VOQCHQ, v20.0)"
45085,0.562,0.1203,44086,0.4205,county,0.5659,0.1304,48920,0.4666,county,0.5248,0.0489,45170,0.4308,county,0.004,0.1096,-0.0412,-0.0767,"MEDSL county presidential returns (doi:10.7910/DVN/VOQCHQ, v20.0)"
45087,0.4011,-0.1929,12092,0.448,county,0.3762,-0.245,13257,0.4912,county,0.3351,-0.327,12289,0.4553,county,-0.0249,0.0963,-0.0411,-0.073,"MEDSL county presidential returns (doi:10.7910/DVN/VOQCHQ, v20.0)"
45089,0.6717,0.338,15054,0.4933,county,0.6503,0.2976,15985,0.5238,county,0.6098,0.217,14330,0.4696,county,-0.0214,0.0618,-0.0405,-0.1035,"MEDSL county presidential returns (doi:10.7910/DVN/VOQCHQ, v20.0)"
45091,0.3839,-0.22,114357,0.3963,county,0.4163,-0.1647,144050,0.4992,county,0.4031,-0.1909,150059,0.52,county,0.0324,0.2597,-0.0132,0.0417,"MEDSL county presidential returns (doi:10.7910/DVN/VOQCHQ, v20.0)"
46003,0.2588,-0.4506,1407,0.5468,county,0.2316,-0.5231,1405,0.5461,county,0.2224,-0.5413,1393,0.5414,county,-0.0272,-0.0014,-0.0092,-0.0085,"MEDSL county presidential returns (doi:10.7910/DVN/VOQCHQ, v20.0)"
46005,0.3003,-0.3755,6772,0.3513,county,0.3047,-0.3814,7081,0.3673,county,0.2948,-0.4007,7010,0.3636,county,0.0044,0.0456,-0.0099,-0.01,"MEDSL county presidential returns (doi:10.7910/DVN/VOQCHQ, v20.0)"
46007,0.3822,-0.2211,1149,0.3426,county,0.4017,-0.1927,1183,0.3527,county,0.3653,-0.2638,1088,0.3244,county,0.0195,0.0296,-0.0365,-0.0803,"MEDSL county presidential returns (doi:10.7910/DVN/VOQCHQ, v20.0)"
46009,0.2506,-0.4711,2974,0.4234,county,0.2439,-0.5045,3001,0.4272,county,0.2376,-0.5144,2992,0.426,county,-0.0067,0.0091,-0.0063,-0.003,"MEDSL county presidential returns (doi:10.7910/DVN/VOQCHQ, v20.0)"
46011,0.4196,-0.1474,12680,0.3626,county,0.433,-0.1297,14567,0.4166,county,0.4108,-0.1738,14939,0.4272,county,0.0134,0.1488,-0.0223,0.0255,"MEDSL county presidential returns (doi:10.7910/DVN/VOQCHQ, v20.0)"
46013,0.3619,-0.2582,16114,0.4232,county,0.3819,-0.2304,17547,0.4608,county,0.3633,-0.2681,17043,0.4476,county,0.02,0.0889,-0.0186,-0.0287,"MEDSL county presidential returns (doi:10.7910/DVN/VOQCHQ, v20.0)"
46015,0.2673,-0.4344,2288,0.4349,county,0.2778,-0.4325,2490,0.4733,county,0.2822,-0.4243,2423,0.4606,county,0.0104,0.0883,0.0044,-0.0269,"MEDSL county presidential returns (doi:10.7910/DVN/VOQCHQ, v20.0)"
46017,0.6338,0.2551,490,0.2789,county,0.6579,0.3078,549,0.3125,county,0.6396,0.2725,466,0.2652,county,0.0241,0.1204,-0.0184,-0.1512,"MEDSL county presidential returns (doi:10.7910/DVN/VOQCHQ, v20.0)"
46019,0.1717,-0.6116,4351,0.4129,county,0.2011,-0.5814,4802,0.4557,county,0.1897,-0.6065,5082,0.4823,county,0.0293,0.1037,-0.0114,0.0583,"MEDSL county presidential returns (doi:10.7910/DVN/VOQCHQ, v20.0)"
46021,0.1298,-0.7208,831,0.5611,county,0.1354,-0.7216,873,0.5895,county,0.1453,-0.701,836,0.5645,county,0.0056,0.0505,0.0099,-0.0424,"MEDSL county presidential returns (doi:10.7910/DVN/VOQCHQ, v20.0)"
46023,0.2819,-0.4215,3433,0.3699,county,0.3156,-0.3635,3783,0.4076,county,0.2816,-0.429,3615,0.3895,county,0.0338,0.102,-0.034,-0.0444,"MEDSL county presidential returns (doi:10.7910/DVN/VOQCHQ, v20.0)"
46025,0.2589,-0.4472,1657,0.4275,county,0.2414,-0.5059,1850,0.4773,county,0.2309,-0.525,1842,0.4752,county,-0.0175,0.1165,-0.0105,-0.0043,"MEDSL county presidential returns (doi:10.7910/DVN/VOQCHQ, v20.0)"
46027,0.5529,0.0984,5069,0.335,county,0.5566,0.11,5698,0.3765,county,0.5335,0.0654,5657,0.3738,county,0.0037,0.1241,-0.0231,-0.0072,"MEDSL county presidential returns (doi:10.7910/DVN/VOQCHQ, v20.0)"
46029,0.2902,-0.3933,11669,0.4086,county,0.2999,-0.3891,13161,0.4609,county,0.2912,-0.4078,13510,0.4731,county,0.0097,0.1279,-0.0087,0.0265,"MEDSL county presidential returns (doi:10.7910/DVN/VOQCHQ, v20.0)"
46031,0.4764,-0.0451,1175,0.3045,county,0.4901,-0.0195,1283,0.3325,county,0.4396,-0.119,1143,0.2962,county,0.0137,0.0919,-0.0505,-0.1091,"MEDSL county presidential returns (doi:10.7910/DVN/VOQCHQ, v20.0)"
46033,0.254,-0.4601,4721,0.5435,county,0.2832,-0.4241,5494,0.6325,county,0.2665,-0.4576,6001,0.6909,county,0.0293,0.1637,-0.0167,0.0923,"MEDSL county presidential returns (doi:10.7910/DVN/VOQCHQ, v20.0)"
46035,0.3135,-0.3524,7952,0.3989,county,0.3205,-0.3507,8454,0.4241,county,0.3064,-0.3776,9177,0.4603,county,0.007,0.0631,-0.0141,0.0855,"MEDSL county presidential returns (doi:10.7910/DVN/VOQCHQ, v20.0)"
46037,0.3745,-0.2377,2747,0.5031,county,0.3602,-0.2756,2964,0.5429,county,0.3477,-0.2988,2932,0.537,county,-0.0143,0.079,-0.0124,-0.0108,"MEDSL county presidential returns (doi:10.7910/DVN/VOQCHQ, v20.0)"
46039,0.2944,-0.3827,2080,0.4817,county,0.2639,-0.4638,2350,0.5442,county,0.2352,-0.5174,2298,0.5322,county,-0.0306,0.1298,-0.0287,-0.0221,"MEDSL county presidential returns (doi:10.7910/DVN/VOQCHQ, v20.0)"
46041,0.5512,0.0966,1708,0.3266,county,0.5888,0.1734,1966,0.3759,county,0.5655,0.1277,1871,0.3577,county,0.0375,0.1511,-0.0233,-0.0483,"MEDSL county presidential returns (doi:10.7910/DVN/VOQCHQ, v20.0)"
46043,0.1379,-0.7003,1605,0.5685,county,0.1283,-0.7335,1707,0.6047,county,0.1337,-0.7238,1658,0.5873,county,-0.0096,0.0636,0.0054,-0.0287,"MEDSL county presidential returns (doi:10.7910/DVN/VOQCHQ, v20.0)"
46045,0.2096,-0.549,1918,0.4756,county,0.2133,-0.5647,1985,0.4922,county,0.1918,-0.6076,2031,0.5036,county,0.0037,0.0349,-0.0215,0.0232,"MEDSL county presidential returns (doi:10.7910/DVN/VOQCHQ, v20.0)"
46047,0.2464,-0.4743,3563,0.4963,county,0.2679,-0.4515,4042,0.563,county,0.2473,-0.4925,4274,0.5953,county,0.0215,0.1344,-0.0206,0.0574,"MEDSL county presidential returns (doi:10.7910/DVN/VOQCHQ, v20.0)"
46049,0.1921,-0.585,1118,0.5232,county,0.1704,-0.6481,1182,0.5531,county,0.1659,-0.6522,1130,0.5288,county,-0.0217,0.0572,-0.0045,-0.044,"MEDSL county presidential returns (doi:10.7910/DVN/VOQCHQ, v20.0)"
46051,0.2896,-0.3959,3564,0.4724,county,0.2874,-0.4171,3745,0.4964,county,0.2672,-0.454,3630,0.4812,county,-0.0022,0.0508,-0.0202,-0.0307,"MEDSL county presidential returns (doi:10.7910/DVN/VOQCHQ, v20.0)"
46053,0.1964,-0.5782,2091,0.5237,county,0.2044,-0.5828,2258,0.5655,county,0.1922,-0.6017,2267,0.5677,county,0.008,0.0799,-0.0122,0.004,"MEDSL county presidential returns (doi:10.7910/DVN/VOQCHQ, v20.0)"
46055,0.076,-0.8228,1044,0.6112,county,0.0928,-0.81,1137,0.6657,county,0.0947,-0.7991,1125,0.6587,county,0.0168,0.0891,0.0018,-0.0106,"MEDSL county presidential returns (doi:10.7910/DVN/VOQCHQ, v20.0)"
46057,0.213,-0.5416,2762,0.4392,county,0.2143,-0.5595,3083,0.4903,county,0.1924,-0.6045,3226,0.513,county,0.0013,0.1162,-0.0219,0.0464,"MEDSL county presidential returns (doi:10.7910/DVN/VOQCHQ, v20.0)"
46059,0.1936,-0.5814,1818,0.597,county,0.2065,-0.5773,1836,0.603,county,0.2096,-0.5731,1764,0.5793,county,0.0129,0.0099,0.0031,-0.0392,"MEDSL county presidential returns (doi:10.7910/DVN/VOQCHQ, v20.0)"
46061,0.2207,-0.5349,2006,0.5776,county,0.237,-0.5176,2388,0.6876,county,0.1985,-0.5924,2046,0.5891,county,0.0163,0.1904,-0.0385,-0.1432,"MEDSL county presidential returns (doi:10.7910/DVN/VOQCHQ, v20.0)"
46063,0.0518,-0.8532,770,0.7051,county,0.0615,-0.8598,813,0.7445,county,0.0599,-0.861,820,0.7509,county,0.0096,0.0558,-0.0016,0.0086,"MEDSL county presidential returns (doi:10.7910/DVN/VOQCHQ, v20.0)"
46065,0.3214,-0.3332,8175,0.461,county,0.3484,-0.2945,8723,0.4919,county,0.3454,-0.3012,8435,0.4757,county,0.0271,0.067,-0.0031,-0.033,"MEDSL county presidential returns (doi:10.7910/DVN/VOQCHQ, v20.0)"
46067,0.2156,-0.5423,3365,0.4552,county,0.2056,-0.5792,3767,0.5095,county,0.2056,-0.579,3736,0.5053,county,-0.01,0.1195,-0.0001,-0.0082,"MEDSL county presidential returns (doi:10.7910/DVN/VOQCHQ, v20.0)"
46069,0.1871,-0.6058,690,0.5287,county,0.1943,-0.6028,710,0.5441,county,0.2183,-0.5496,695,0.5326,county,0.0072,0.029,0.024,-0.0211,"MEDSL county presidential returns (doi:10.7910/DVN/VOQCHQ, v20.0)"
46071,0.3091,-0.3644,1095,0.3875,county,0.3273,-0.3399,1115,0.3946,county,0.3216,-0.3508,1129,0.3995,county,0.0182,0.0183,-0.0056,0.0126,"MEDSL county presidential returns (doi:10.7910/DVN/VOQCHQ, v20.0)"
46073,0.2895,-0.3971,967,0.5241,county,0.2725,-0.4483,1006,0.5453,county,0.2805,-0.4324,999,0.5415,county,-0.017,0.0403,0.008,-0.007,"MEDSL county presidential returns (doi:10.7910/DVN/VOQCHQ, v20.0)"
46075,0.1329,-0.6828,558,0.5417,county,0.1531,-0.6811,599,0.5816,county,0.1117,-0.7582,550,0.534,county,0.0201,0.0735,-0.0413,-0.0818,"MEDSL county presidential returns (doi:10.7910/DVN/VOQCHQ, v20.0)"
46077,0.295,-0.383,2551,0.4896,county,0.3008,-0.3904,2779,0.5334,county,0.2765,-0.4388,2801,0.5376,county,0.0058,0.0894,-0.0243,0.0079,"MEDSL county presidential returns (doi:10.7910/DVN/VOQCHQ, v20.0)"
46079,0.3643,-0.2541,6786,0.614,county,0.3597,-0.2746,5873,0.5314,county,0.3412,-0.3117,5906,0.5344,county,-0.0046,-0.1345,-0.0185,0.0056,"MEDSL county presidential returns (doi:10.7910/DVN/VOQCHQ, v20.0)"
46081,0.3117,-0.3424,11842,0.4456,county,0.3414,-0.3049,13828,0.5204,county,0.3388,-0.3135,15409,0.5799,county,0.0297,0.1677,-0.0026,0.1143,"MEDSL county presidential returns (doi:10.7910/DVN/VOQCHQ, v20.0)"
46083,0.3426,-0.2942,25231,0.3695,county,0.3792,-0.2357,32396,0.4744,county,0.3646,-0.2649,36393,0.5329,county,0.0366,0.284,-0.0146,0.1234,"MEDSL county presidential returns (doi:10.7910/DVN/VOQCHQ, v20.0)"
46085,0.2741,-0.4279,1421,0.3823,county,0.335,-0.3237,1597,0.4296,county,0.2982,-0.3946,1447,0.3893,county,0.0609,0.1239,-0.0368,-0.0939,"MEDSL county presidential returns (doi:10.7910/DVN/VOQCHQ, v20.0)"
46087,0.2578,-0.4526,2587,0.4513,county,0.2711,-0.4479,2900,0.5059,county,0.2476,-0.4929,3031,0.5288,county,0.0133,0.121,-0.0234,0.0452,"MEDSL county presidential returns (doi:10.7910/DVN/VOQCHQ, v20.0)"
46089,0.1771,-0.6157,1137,0.4991,county,0.1712,-0.6443,1324,0.5812,county,0.1475,-0.6921,1299,0.5702,county,-0.006,0.1645,-0.0237,-0.0189,"MEDSL county presidential returns (doi:10.7910/DVN/VOQCHQ, v20.0)"
46091,0.4166,-0.1551,1947,0.4471,county,0.4,-0.197,2178,0.5001,county,0.3778,-0.2399,2109,0.4843,county,-0.0166,0.1186,-0.0222,-0.0317,"MEDSL county presidential returns (doi:10.7910/DVN/VOQCHQ, v20.0)"
46093,0.2085,-0.5351,11621,0.3836,county,0.2496,-0.4821,13670,0.4512,county,0.2391,-0.5089,14672,0.4843,county,0.0412,0.1763,-0.0105,0.0733,"MEDSL county presidential returns (doi:10.7910/DVN/VOQCHQ, v20.0)"
46095,0.3719,-0.2401,683,0.3343,county,0.3989,-0.1964,769,0.3764,county,0.3964,-0.2014,740,0.3622,county,0.0271,0.1259,-0.0025,-0.0377,"MEDSL county presidential returns (doi:10.7910/DVN/VOQCHQ, v20.0)"
46097,0.2847,-0.3994,1064,0.4628,county,0.2891,-0.4104,1138,0.495,county,0.2584,-0.4696,1167,0.5076,county,0.0044,0.0695,-0.0307,0.0255,"MEDSL county presidential returns (doi:10.7910/DVN/VOQCHQ, v20.0)"
46099,0.4213,-0.1461,78263,0.39,county,0.4511,-0.095,92326,0.46,county,0.4351,-0.1268,93986,0.4683,county,0.0298,0.1797,-0.0161,0.018,"MEDSL county presidential returns (doi:10.7910/DVN/VOQCHQ, v20.0)"
46101,0.376,-0.2346,2933,0.4604,county,0.3767,-0.2408,3206,0.5032,county,0.3372,-0.3186,3189,0.5005,county,0.0007,0.0931,-0.0395,-0.0053,"MEDSL county presidential returns (doi:10.7910/DVN/VOQCHQ, v20.0)"
46102,0.9124,0.7811,2905,0.2138,county,0.905,0.7913,3200,0.2355,county,0.8634,0.7057,3062,0.2254,county,-0.0074,0.1015,-0.0416,-0.0431,"MEDSL county presidential returns (doi:10.7910/DVN/VOQCHQ, v20.0)"
46103,0.3208,-0.3295,47743,0.426,county,0.3702,-0.2513,57518,0.5132,county,0.3642,-0.2644,56580,0.5048,county,0.0494,0.2047,-0.006,-0.0163,"MEDSL county presidential returns (doi:10.7910/DVN/VOQCHQ, v20.0)"
46105,0.1236,-0.713,1606,0.5252,county,0.1457,-0.6962,1669,0.5458,county,0.1452,-0.7002,1591,0.5203,county,0.0221,0.0392,-0.0005,-0.0467,"MEDSL county presidential returns (doi:10.7910/DVN/VOQCHQ, v20.0)"
46107,0.1672,-0.6402,1337,0.5502,county,0.1662,-0.6609,1380,0.5679,county,0.1681,-0.651,1298,0.5342,county,-0.001,0.0322,0.0019,-0.0594,"MEDSL county presidential returns (doi:10.7910/DVN/VOQCHQ, v20.0)"
46109,0.418,-0.1553,3889,0.3806,county,0.4319,-0.1337,4307,0.4215,county,0.3829,-0.2299,4149,0.406,county,0.0139,0.1075,-0.049,-0.0367,"MEDSL county presidential returns (doi:10.7910/DVN/VOQCHQ, v20.0)"
46111,0.2274,-0.5147,1123,0.4738,county,0.2212,-0.5468,1185,0.5,county,0.218,-0.5528,1212,0.5114,county,-0.0062,0.0552,-0.0032,0.0228,"MEDSL county presidential returns (doi:10.7910/DVN/VOQCHQ, v20.0)"
46115,0.3314,-0.3168,2951,0.4697,county,0.3217,-0.3497,3163,0.5034,county,0.3004,-0.3899,3139,0.4996,county,-0.0097,0.0718,-0.0213,-0.0076,"MEDSL county presidential returns (doi:10.7910/DVN/VOQCHQ, v20.0)"
46117,0.2227,-0.5227,1567,0.5203,county,0.2592,-0.4734,1652,0.5485,county,0.2619,-0.4686,1735,0.576,county,0.0365,0.0542,0.0026,0.0502,"MEDSL county presidential returns (doi:10.7910/DVN/VOQCHQ, v20.0)"
46119,0.1679,-0.6295,861,0.5814,county,0.2031,-0.5817,930,0.628,county,0.19,-0.6082,901,0.6084,county,0.0352,0.0801,-0.013,-0.0312,"MEDSL county presidential returns (doi:10.7910/DVN/VOQCHQ, v20.0)"
46121,0.7555,0.4791,2125,0.2287,county,0.7868,0.5636,2539,0.2732,county,0.7596,0.5047,2126,0.2288,county,0.0313,0.1948,-0.0272,-0.1627,"MEDSL county presidential returns (doi:10.7910/DVN/VOQCHQ, v20.0)"
46123,0.1825,-0.611,2630,0.4691,county,0.1864,-0.618,2696,0.4808,county,0.1794,-0.633,2654,0.4733,county,0.0038,0.0251,-0.007,-0.0156,"MEDSL county presidential returns (doi:10.7910/DVN/VOQCHQ, v20.0)"
46125,0.2465,-0.4761,4150,0.4731,county,0.2572,-0.473,4548,0.5185,county,0.2363,-0.5134,4538,0.5173,county,0.0106,0.0959,-0.0209,-0.0022,"MEDSL county presidential returns (doi:10.7910/DVN/VOQCHQ, v20.0)"
46127,0.2963,-0.3879,7897,0.4668,county,0.3143,-0.3635,8855,0.5235,county,0.2926,-0.4069,8876,0.5247,county,0.0181,0.1213,-0.0217,0.0024,"MEDSL county presidential returns (doi:10.7910/DVN/VOQCHQ, v20.0)"
46129,0.1942,-0.5809,2477,0.4675,county,0.2232,-0.543,2580,0.487,county,0.1987,-0.5916,2466,0.4655,county,0.029,0.0416,-0.0246,-0.0442,"MEDSL county presidential returns (doi:10.7910/DVN/VOQCHQ, v20.0)"
46135,0.3684,-0.245,9623,0.4116,county,0.379,-0.2353,10900,0.4662,county,0.3687,-0.2554,10832,0.4633,county,0.0106,0.1327,-0.0103,-0.0062,"MEDSL county presidential returns (doi:10.7910/DVN/VOQCHQ, v20.0)"
46137,0.4896,-0.0196,767,0.3183,county,0.5435,0.085,906,0.3759,county,0.4854,-0.0282,781,0.3241,county,0.0539,0.1812,-0.0581,-0.138,"MEDSL county presidential returns (doi:10.7910/DVN/VOQCHQ, v20.0)"
47001,0.3193,-0.3413,29881,0.3822,county,0.3362,-0.3217,35570,0.455,county,0.3192,-0.3573,36548,0.4675,county,0.0169,0.1904,-0.017,0.0275,"MEDSL county presidential returns (doi:10.7910/DVN/VOQCHQ, v20.0)"
47003,0.2281,-0.5269,15355,0.2994,county,0.2368,-0.5187,19088,0.3722,county,0.2072,-0.5799,20090,0.3917,county,0.0086,0.2431,-0.0296,0.0525,"MEDSL county presidential returns (doi:10.7910/DVN/VOQCHQ, v20.0)"
47005,0.2381,-0.5123,6328,0.3968,county,0.2124,-0.5701,7260,0.4552,county,0.1828,-0.6293,7260,0.4552,county,-0.0257,0.1473,-0.0296,0.0,"MEDSL county presidential returns (doi:10.7910/DVN/VOQCHQ, v20.0)"
47007,0.1985,-0.5843,4664,0.3129,county,0.1705,-0.652,5758,0.3863,county,0.145,-0.7047,6191,0.4154,county,-0.028,0.2346,-0.0255,0.0752,"MEDSL county presidential returns (doi:10.7910/DVN/VOQCHQ, v20.0)"
47009,0.2442,-0.4854,52208,0.379,county,0.2746,-0.4419,66609,0.4836,county,0.2584,-0.4772,69224,0.5025,county,0.0304,0.2758,-0.0162,0.0393,"MEDSL county presidential returns (doi:10.7910/DVN/VOQCHQ, v20.0)"
47011,0.1919,-0.587,38666,0.3523,county,0.2186,-0.5528,45865,0.4179,county,0.2023,-0.5886,49246,0.4487,county,0.0267,0.1862,-0.0163,0.0737,"MEDSL county presidential returns (doi:10.7910/DVN/VOQCHQ, v20.0)"
47013,0.1855,-0.6082,12532,0.3167,county,0.1652,-0.6623,14933,0.3774,county,0.1495,-0.6962,15528,0.3924,county,-0.0203,0.1916,-0.0158,0.0398,"MEDSL county presidential returns (doi:10.7910/DVN/VOQCHQ, v20.0)"
47015,0.2195,-0.542,5314,0.3625,county,0.1955,-0.5992,6557,0.4472,county,0.1661,-0.6612,6881,0.4693,county,-0.024,0.2339,-0.0293,0.0494,"MEDSL county presidential returns (doi:10.7910/DVN/VOQCHQ, v20.0)"
47017,0.2308,-0.5228,10384,0.3649,county,0.2175,-0.5583,11905,0.4183,county,0.1896,-0.6156,11882,0.4175,county,-0.0133,0.1465,-0.028,-0.0019,"MEDSL county presidential returns (doi:10.7910/DVN/VOQCHQ, v20.0)"
47019,0.1697,-0.6377,21084,0.3734,county,0.1878,-0.6147,24492,0.4338,county,0.1809,-0.6323,24852,0.4402,county,0.0182,0.1616,-0.0069,0.0147,"MEDSL county presidential returns (doi:10.7910/DVN/VOQCHQ, v20.0)"
47021,0.2556,-0.4659,15924,0.3837,county,0.2764,-0.4405,20260,0.4882,county,0.2672,-0.4591,20741,0.4998,county,0.0208,0.2723,-0.0092,0.0237,"MEDSL county presidential returns (doi:10.7910/DVN/VOQCHQ, v20.0)"
47023,0.1966,-0.5898,6507,0.3729,county,0.1917,-0.5986,7584,0.4346,county,0.1716,-0.6493,7577,0.4342,county,-0.0048,0.1655,-0.0201,-0.0009,"MEDSL county presidential returns (doi:10.7910/DVN/VOQCHQ, v20.0)"
47025,0.1756,-0.6304,10740,0.3333,county,0.172,-0.6491,12945,0.4018,county,0.1467,-0.7013,13534,0.42,county,-0.0036,0.2053,-0.0252,0.0455,"MEDSL county presidential returns (doi:10.7910/DVN/VOQCHQ, v20.0)"
47027,0.2482,-0.4911,2920,0.3832,county,0.2119,-0.5699,3506,0.46,county,0.1646,-0.6657,3760,0.4934,county,-0.0363,0.2007,-0.0474,0.0724,"MEDSL county presidential returns (doi:10.7910/DVN/VOQCHQ, v20.0)"
47029,0.1683,-0.6441,12126,0.3322,county,0.1724,-0.648,14859,0.4071,county,0.1556,-0.6825,15663,0.4291,county,0.0041,0.2254,-0.0168,0.0541,"MEDSL county presidential returns (doi:10.7910/DVN/VOQCHQ, v20.0)"
47031,0.2475,-0.4844,19971,0.3388,county,0.2419,-0.5015,24282,0.412,county,0.221,-0.5509,24932,0.423,county,-0.0057,0.2159,-0.0208,0.0268,"MEDSL county presidential returns (doi:10.7910/DVN/VOQCHQ, v20.0)"
47033,0.2465,-0.4964,5397,0.3872,county,0.2282,-0.5383,6114,0.4387,county,0.2037,-0.5874,5921,0.4248,county,-0.0183,0.1329,-0.0245,-0.0316,"MEDSL county presidential returns (doi:10.7910/DVN/VOQCHQ, v20.0)"
47035,0.2031,-0.577,26360,0.4216,county,0.2109,-0.5713,32279,0.5162,county,0.2034,-0.589,34642,0.554,county,0.0079,0.2245,-0.0075,0.0732,"MEDSL county presidential returns (doi:10.7910/DVN/VOQCHQ, v20.0)"
47037,0.6378,0.2582,249068,0.3509,county,0.6659,0.3213,309658,0.4362,county,0.6401,0.2745,290036,0.4086,county,0.0281,0.2433,-0.0258,-0.0634,"MEDSL county presidential returns (doi:10.7910/DVN/VOQCHQ, v20.0)"
47039,0.1995,-0.5867,4592,0.3993,county,0.1761,-0.6344,5241,0.4558,county,0.1512,-0.691,5466,0.4753,county,-0.0233,0.1413,-0.0249,0.0429,"MEDSL county presidential returns (doi:10.7910/DVN/VOQCHQ, v20.0)"
47041,0.2328,-0.5179,6955,0.3384,county,0.2078,-0.5782,8513,0.4142,county,0.1833,-0.6272,9396,0.4572,county,-0.025,0.224,-0.0244,0.1037,"MEDSL county presidential returns (doi:10.7910/DVN/VOQCHQ, v20.0)"
47043,0.263,-0.4552,18699,0.3388,county,0.2571,-0.4743,24323,0.4407,county,0.2373,-0.5193,25204,0.4566,county,-0.0059,0.3008,-0.0198,0.0362,"MEDSL county presidential returns (doi:10.7910/DVN/VOQCHQ, v20.0)"
47045,0.2167,-0.5522,13336,0.3636,county,0.2116,-0.571,15079,0.4111,county,0.1892,-0.618,14394,0.3924,county,-0.0051,0.1307,-0.0224,-0.0454,"MEDSL county presidential returns (doi:10.7910/DVN/VOQCHQ, v20.0)"
47047,0.3103,-0.3703,19394,0.4547,county,0.3093,-0.3769,22984,0.5389,county,0.2862,-0.4235,23696,0.5556,county,-0.001,0.1851,-0.0231,0.031,"MEDSL county presidential returns (doi:10.7910/DVN/VOQCHQ, v20.0)"
47049,0.1541,-0.6734,7333,0.387,county,0.1403,-0.7134,8729,0.4607,county,0.1184,-0.758,9771,0.5157,county,-0.0138,0.1904,-0.0219,0.1194,"MEDSL county presidential returns (doi:10.7910/DVN/VOQCHQ, v20.0)"
47051,0.275,-0.4364,16404,0.3773,county,0.258,-0.4768,19132,0.44,county,0.2317,-0.5316,19728,0.4537,county,-0.017,0.1663,-0.0263,0.0312,"MEDSL county presidential returns (doi:10.7910/DVN/VOQCHQ, v20.0)"
47053,0.2761,-0.4363,19547,0.3862,county,0.262,-0.4696,22335,0.4413,county,0.2378,-0.5195,21648,0.4277,county,-0.0141,0.1426,-0.0242,-0.0308,"MEDSL county presidential returns (doi:10.7910/DVN/VOQCHQ, v20.0)"
47055,0.2679,-0.4537,11137,0.3658,county,0.2521,-0.4913,13203,0.4337,county,0.2225,-0.5502,13487,0.443,county,-0.0158,0.1855,-0.0296,0.0215,"MEDSL county presidential returns (doi:10.7910/DVN/VOQCHQ, v20.0)"
47057,0.1483,-0.6833,8008,0.3347,county,0.1462,-0.7004,10134,0.4235,county,0.1295,-0.7366,11130,0.4651,county,-0.0021,0.2655,-0.0168,0.0983,"MEDSL county presidential returns (doi:10.7910/DVN/VOQCHQ, v20.0)"
47059,0.1851,-0.6083,23583,0.3325,county,0.1893,-0.6074,28087,0.396,county,0.1674,-0.6574,31095,0.4385,county,0.0043,0.191,-0.0219,0.1071,"MEDSL county presidential returns (doi:10.7910/DVN/VOQCHQ, v20.0)"
47061,0.2155,-0.5536,4763,0.3486,county,0.1706,-0.6514,5855,0.4285,county,0.1509,-0.6931,6328,0.4631,county,-0.0449,0.2293,-0.0197,0.0808,"MEDSL county presidential returns (doi:10.7910/DVN/VOQCHQ, v20.0)"
47063,0.2044,-0.5694,20692,0.3187,county,0.2262,-0.5404,24631,0.3793,county,0.203,-0.5891,25501,0.3927,county,0.0218,0.1904,-0.0233,0.0353,"MEDSL county presidential returns (doi:10.7910/DVN/VOQCHQ, v20.0)"
47065,0.4127,-0.1644,142408,0.3839,county,0.4505,-0.0969,171113,0.4613,county,0.4337,-0.1305,174438,0.4703,county,0.0379,0.2016,-0.0168,0.0194,"MEDSL county presidential returns (doi:10.7910/DVN/VOQCHQ, v20.0)"
47067,0.1487,-0.6818,2231,0.3286,county,0.1324,-0.7325,2744,0.4041,county,0.1155,-0.7648,2908,0.4283,county,-0.0163,0.2299,-0.0169,0.0598,"MEDSL county presidential returns (doi:10.7910/DVN/VOQCHQ, v20.0)"
47069,0.4597,-0.0792,9273,0.364,county,0.4205,-0.157,10063,0.395,county,0.3784,-0.2411,9399,0.3689,county,-0.0392,0.0852,-0.0421,-0.066,"MEDSL county presidential returns (doi:10.7910/DVN/VOQCHQ, v20.0)"
47071,0.1684,-0.6423,9949,0.3693,county,0.1566,-0.6746,11538,0.4283,county,0.142,-0.7102,12094,0.4489,county,-0.0118,0.1597,-0.0146,0.0482,"MEDSL county presidential returns (doi:10.7910/DVN/VOQCHQ, v20.0)"
47073,0.174,-0.6326,20774,0.3616,county,0.1667,-0.6575,24824,0.4321,county,0.153,-0.6883,26266,0.4572,county,-0.0073,0.195,-0.0137,0.0581,"MEDSL county presidential returns (doi:10.7910/DVN/VOQCHQ, v20.0)"
47075,0.5519,0.1021,6834,0.3867,county,0.5455,0.0899,7439,0.4209,county,0.5019,0.0038,6652,0.3764,county,-0.0064,0.0885,-0.0436,-0.1058,"MEDSL county presidential returns (doi:10.7910/DVN/VOQCHQ, v20.0)"
47077,0.1811,-0.6203,10217,0.3661,county,0.176,-0.641,12020,0.4307,county,0.1587,-0.6791,12047,0.4317,county,-0.0052,0.1765,-0.0173,0.0022,"MEDSL county presidential returns (doi:10.7910/DVN/VOQCHQ, v20.0)"
47079,0.2437,-0.4979,12945,0.4002,county,0.2399,-0.5111,15047,0.4652,county,0.2203,-0.5534,15076,0.4661,county,-0.0037,0.1624,-0.0196,0.0019,"MEDSL county presidential returns (doi:10.7910/DVN/VOQCHQ, v20.0)"
47081,0.2426,-0.4955,7813,0.3097,county,0.2194,-0.554,9832,0.3897,county,0.1923,-0.6108,10309,0.4086,county,-0.0232,0.2584,-0.0271,0.0485,"MEDSL county presidential returns (doi:10.7910/DVN/VOQCHQ, v20.0)"
47083,0.2841,-0.4154,3168,0.382,county,0.2427,-0.5011,3686,0.4445,county,0.2055,-0.5816,3810,0.4594,county,-0.0414,0.1635,-0.0372,0.0336,"MEDSL county presidential returns (doi:10.7910/DVN/VOQCHQ, v20.0)"
47085,0.2852,-0.4142,7153,0.375,county,0.2479,-0.4982,8236,0.4318,county,0.2164,-0.5606,8264,0.4333,county,-0.0373,0.1514,-0.0315,0.0034,"MEDSL county presidential returns (doi:10.7910/DVN/VOQCHQ, v20.0)"
47087,0.2586,-0.4718,4466,0.3759,county,0.2161,-0.5604,5323,0.448,county,0.1849,-0.6247,5676,0.4777,county,-0.0426,0.1919,-0.0312,0.0663,"MEDSL county presidential returns (doi:10.7910/DVN/VOQCHQ, v20.0)"
47089,0.1912,-0.5915,19072,0.3416,county,0.1997,-0.5927,23616,0.423,county,0.1761,-0.6417,25815,0.4623,county,0.0085,0.2383,-0.0236,0.0931,"MEDSL county presidential returns (doi:10.7910/DVN/VOQCHQ, v20.0)"
47091,0.1544,-0.6721,6579,0.364,county,0.1615,-0.6694,7801,0.4316,county,0.1507,-0.6933,8102,0.4483,county,0.0071,0.1857,-0.0108,0.0386,"MEDSL county presidential returns (doi:10.7910/DVN/VOQCHQ, v20.0)"
47093,0.3728,-0.2374,180697,0.3707,county,0.4233,-0.1502,220556,0.4525,county,0.4008,-0.1952,221864,0.4552,county,0.0505,0.2206,-0.0225,0.0059,"MEDSL county presidential returns (doi:10.7910/DVN/VOQCHQ, v20.0)"
47095,0.2983,-0.3959,1970,0.2944,county,0.2607,-0.4749,2034,0.304,county,0.2232,-0.5487,1939,0.2898,county,-0.0377,0.0325,-0.0374,-0.0467,"MEDSL county presidential returns (doi:10.7910/DVN/VOQCHQ, v20.0)"
47097,0.3849,-0.226,8087,0.3243,county,0.3601,-0.2767,8965,0.3596,county,0.3134,-0.3704,8266,0.3315,county,-0.0248,0.1086,-0.0467,-0.078,"MEDSL county presidential returns (doi:10.7910/DVN/VOQCHQ, v20.0)"
47099,0.1851,-0.6127,15666,0.3489,county,0.1724,-0.6485,18718,0.4169,county,0.1517,-0.6906,19533,0.435,county,-0.0127,0.1948,-0.0207,0.0435,"MEDSL county presidential returns (doi:10.7910/DVN/VOQCHQ, v20.0)"
47101,0.1989,-0.5831,4622,0.3615,county,0.1933,-0.6065,5609,0.4388,county,0.1696,-0.6555,5890,0.4607,county,-0.0056,0.2135,-0.0237,0.0501,"MEDSL county presidential returns (doi:10.7910/DVN/VOQCHQ, v20.0)"
47103,0.1972,-0.5877,13348,0.3748,county,0.192,-0.5998,15608,0.4382,county,0.174,-0.6465,16128,0.4528,county,-0.0052,0.1693,-0.0181,0.0333,"MEDSL county presidential returns (doi:10.7910/DVN/VOQCHQ, v20.0)"
47105,0.2183,-0.5426,23391,0.4104,county,0.2424,-0.5031,29347,0.5149,county,0.2321,-0.53,33209,0.5827,county,0.0241,0.2546,-0.0103,0.1316,"MEDSL county presidential returns (doi:10.7910/DVN/VOQCHQ, v20.0)"
47107,0.1928,-0.5962,18755,0.3464,county,0.1933,-0.6057,22844,0.422,county,0.1762,-0.6425,24072,0.4447,county,0.0005,0.218,-0.0171,0.0538,"MEDSL county presidential returns (doi:10.7910/DVN/VOQCHQ, v20.0)"
47109,0.1907,-0.597,10038,0.3871,county,0.1761,-0.6341,11275,0.4348,county,0.1547,-0.6843,11267,0.4345,county,-0.0147,0.1232,-0.0214,-0.0007,"MEDSL county presidential returns (doi:10.7910/DVN/VOQCHQ, v20.0)"
47111,0.1461,-0.6918,7504,0.2909,county,0.139,-0.7156,9487,0.3678,county,0.1248,-0.7433,10333,0.4006,county,-0.0072,0.2643,-0.0142,0.0892,"MEDSL county presidential returns (doi:10.7910/DVN/VOQCHQ, v20.0)"
47113,0.42,-0.1544,38120,0.3857,county,0.4344,-0.1293,42950,0.4345,county,0.408,-0.1819,39964,0.4043,county,0.0144,0.1267,-0.0264,-0.0695,"MEDSL county presidential returns (doi:10.7910/DVN/VOQCHQ, v20.0)"
47115,0.269,-0.4478,10862,0.3744,county,0.2427,-0.508,13256,0.4569,county,0.2191,-0.5571,13933,0.4803,county,-0.0263,0.2204,-0.0237,0.0511,"MEDSL county presidential returns (doi:10.7910/DVN/VOQCHQ, v20.0)"
47117,0.2584,-0.4655,11455,0.3247,county,0.2461,-0.4999,14878,0.4218,county,0.2143,-0.5661,15962,0.4525,county,-0.0123,0.2988,-0.0318,0.0729,"MEDSL county presidential returns (doi:10.7910/DVN/VOQCHQ, v20.0)"
47119,0.2967,-0.3891,35369,0.3373,county,0.3142,-0.3653,46657,0.445,county,0.2745,-0.446,52090,0.4968,county,0.0176,0.3191,-0.0397,0.1164,"MEDSL county presidential returns (doi:10.7910/DVN/VOQCHQ, v20.0)"
47121,0.2039,-0.5755,4320,0.3304,county,0.1841,-0.6253,5532,0.4231,county,0.1599,-0.675,6099,0.4664,county,-0.0198,0.2806,-0.0242,0.1025,"MEDSL county presidential returns (doi:10.7910/DVN/VOQCHQ, v20.0)"
47123,0.1924,-0.596,17093,0.3633,county,0.1832,-0.626,20797,0.442,county,0.163,-0.6683,22323,0.4744,county,-0.0092,0.2167,-0.0202,0.0734,"MEDSL county presidential returns (doi:10.7910/DVN/VOQCHQ, v20.0)"
47125,0.4015,-0.1847,57620,0.2528,county,0.4349,-0.1266,76758,0.3367,county,0.4065,-0.1842,81755,0.3586,county,0.0334,0.3321,-0.0284,0.0651,"MEDSL county presidential returns (doi:10.7910/DVN/VOQCHQ, v20.0)"
47127,0.1758,-0.6251,2926,0.4426,county,0.1656,-0.6541,3539,0.5353,county,0.1505,-0.6891,3654,0.5527,county,-0.0103,0.2095,-0.0151,0.0325,"MEDSL county presidential returns (doi:10.7910/DVN/VOQCHQ, v20.0)"
47129,0.1623,-0.6543,6705,0.3164,county,0.1441,-0.7004,8228,0.3882,county,0.1243,-0.7445,8560,0.4039,county,-0.0182,0.2271,-0.0198,0.0404,"MEDSL county presidential returns (doi:10.7910/DVN/VOQCHQ, v20.0)"
47131,0.203,-0.5796,12249,0.4007,county,0.1935,-0.6065,13521,0.4423,county,0.1733,-0.6492,12900,0.422,county,-0.0095,0.1038,-0.0202,-0.0459,"MEDSL county presidential returns (doi:10.7910/DVN/VOQCHQ, v20.0)"
47133,0.243,-0.4999,8229,0.3608,county,0.2043,-0.5863,10037,0.4401,county,0.176,-0.6424,11069,0.4853,county,-0.0387,0.2197,-0.0283,0.1028,"MEDSL county presidential returns (doi:10.7910/DVN/VOQCHQ, v20.0)"
47135,0.216,-0.5499,2855,0.3335,county,0.1814,-0.6301,3428,0.4004,county,0.1509,-0.6946,3716,0.4341,county,-0.0346,0.2007,-0.0305,0.084,"MEDSL county presidential returns (doi:10.7910/DVN/VOQCHQ, v20.0)"
47137,0.2096,-0.5679,2615,0.5166,county,0.1807,-0.6332,2931,0.579,county,0.1663,-0.6615,2954,0.5836,county,-0.029,0.1208,-0.0143,0.0078,"MEDSL county presidential returns (doi:10.7910/DVN/VOQCHQ, v20.0)"
47139,0.1972,-0.5897,6520,0.3683,county,0.1801,-0.634,8360,0.4723,county,0.1566,-0.6813,8727,0.493,county,-0.0171,0.2822,-0.0235,0.0439,"MEDSL county presidential returns (doi:10.7910/DVN/VOQCHQ, v20.0)"
47141,0.265,-0.4465,27212,0.3344,county,0.2788,-0.4338,33593,0.4129,county,0.2603,-0.4741,34939,0.4294,county,0.0138,0.2345,-0.0185,0.0401,"MEDSL county presidential returns (doi:10.7910/DVN/VOQCHQ, v20.0)"
47143,0.1832,-0.6073,11062,0.3322,county,0.1765,-0.6366,13637,0.4095,county,0.1618,-0.6689,14444,0.4338,county,-0.0066,0.2328,-0.0147,0.0592,"MEDSL county presidential returns (doi:10.7910/DVN/VOQCHQ, v20.0)"
47145,0.2335,-0.5096,21669,0.3983,county,0.2391,-0.5088,25917,0.4764,county,0.2242,-0.5449,27412,0.5039,county,0.0056,0.196,-0.0149,0.0577,"MEDSL county presidential returns (doi:10.7910/DVN/VOQCHQ, v20.0)"
47147,0.2548,-0.4711,27113,0.365,county,0.2616,-0.4699,33717,0.4539,county,0.243,-0.5085,35070,0.4721,county,0.0068,0.2436,-0.0186,0.0401,"MEDSL county presidential returns (doi:10.7910/DVN/VOQCHQ, v20.0)"
47149,0.3626,-0.2588,107436,0.3056,county,0.4214,-0.1539,143878,0.4092,county,0.3895,-0.2178,147656,0.42,county,0.0588,0.3392,-0.0319,0.0263,"MEDSL county presidential returns (doi:10.7910/DVN/VOQCHQ, v20.0)"
47151,0.1338,-0.7174,7123,0.3242,county,0.1097,-0.7753,9052,0.412,county,0.0986,-0.7981,9605,0.4372,county,-0.0242,0.2708,-0.011,0.0611,"MEDSL county presidential returns (doi:10.7910/DVN/VOQCHQ, v20.0)"
47153,0.1917,-0.595,5694,0.347,county,0.1815,-0.6284,7252,0.442,county,0.1653,-0.6629,7890,0.4808,county,-0.0102,0.2736,-0.0161,0.088,"MEDSL county presidential returns (doi:10.7910/DVN/VOQCHQ, v20.0)"
47155,0.1803,-0.615,36312,0.3675,county,0.2052,-0.5757,43535,0.4406,county,0.1912,-0.6114,43970,0.445,county,0.0249,0.1989,-0.014,0.01,"MEDSL county presidential returns (doi:10.7910/DVN/VOQCHQ, v20.0)"
47157,0.6424,0.2746,337383,0.3658,county,0.6547,0.3044,382055,0.4143,county,0.6292,0.2537,326497,0.354,county,0.0123,0.1324,-0.0255,-0.1454,"MEDSL county presidential returns (doi:10.7910/DVN/VOQCHQ, v20.0)"
47159,0.2351,-0.5117,7436,0.3682,county,0.2016,-0.5893,9051,0.4482,county,0.1724,-0.6491,9336,0.4623,county,-0.0335,0.2172,-0.0292,0.0315,"MEDSL county presidential returns (doi:10.7910/DVN/VOQCHQ, v20.0)"
47161,0.2403,-0.4986,5299,0.3824,county,0.1993,-0.5905,6296,0.4543,county,0.1771,-0.6388,6620,0.4777,county,-0.041,0.1881,-0.0222,0.0515,"MEDSL county presidential returns (doi:10.7910/DVN/VOQCHQ, v20.0)"
47163,0.2112,-0.5524,62278,0.39,county,0.2362,-0.519,74357,0.4656,county,0.2223,-0.5498,75541,0.473,county,0.025,0.194,-0.0139,0.0159,"MEDSL county presidential returns (doi:10.7910/DVN/VOQCHQ, v20.0)"
47165,0.2659,-0.4471,71505,0.3565,county,0.3037,-0.3862,92630,0.4619,county,0.2884,-0.4183,97761,0.4875,county,0.0378,0.2954,-0.0153,0.0554,"MEDSL county presidential returns (doi:10.7910/DVN/VOQCHQ, v20.0)"
47167,0.2549,-0.4738,23481,0.3828,county,0.2541,-0.4846,27308,0.4452,county,0.2333,-0.5284,26733,0.4358,county,-0.0008,0.163,-0.0208,-0.0211,"MEDSL county presidential returns (doi:10.7910/DVN/VOQCHQ, v20.0)"
47169,0.3103,-0.3661,3160,0.2677,county,0.2563,-0.4812,3998,0.3387,county,0.2031,-0.5888,4251,0.3601,county,-0.0539,0.2652,-0.0532,0.0633,"MEDSL county presidential returns (doi:10.7910/DVN/VOQCHQ, v20.0)"
47171,0.182,-0.6128,7195,0.4047,county,0.1966,-0.6,8307,0.4672,county,0.1867,-0.6203,8541,0.4804,county,0.0146,0.1546,-0.01,0.0282,"MEDSL county presidential returns (doi:10.7910/DVN/VOQCHQ, v20.0)"
47173,0.1669,-0.6469,6247,0.3102,county,0.1551,-0.6837,8123,0.4033,county,0.1414,-0.7115,8669,0.4304,county,-0.0117,0.3003,-0.0137,0.0672,"MEDSL county presidential returns (doi:10.7910/DVN/VOQCHQ, v20.0)"
47175,0.2285,-0.5296,2419,0.3844,county,0.1885,-0.6155,2921,0.4642,county,0.1616,-0.672,3265,0.5188,county,-0.04,0.2075,-0.0269,0.1178,"MEDSL county presidential returns (doi:10.7910/DVN/VOQCHQ, v20.0)"
47177,0.2704,-0.4412,13612,0.3273,county,0.2488,-0.4951,16009,0.385,county,0.2166,-0.561,17015,0.4091,county,-0.0216,0.1761,-0.0322,0.0628,"MEDSL county presidential returns (doi:10.7910/DVN/VOQCHQ, v20.0)"
47179,0.2755,-0.4267,49750,0.3694,county,0.3155,-0.3622,60203,0.447,county,0.3,-0.3947,61234,0.4546,county,0.04,0.2101,-0.0154,0.0171,"MEDSL county presidential returns (doi:10.7910/DVN/VOQCHQ, v20.0)"
47181,0.1246,-0.7374,5857,0.3604,county,0.124,-0.746,6669,0.4104,county,0.1124,-0.7691,6831,0.4203,county,-0.0007,0.1386,-0.0115,0.0243,"MEDSL county presidential returns (doi:10.7910/DVN/VOQCHQ, v20.0)"
47183,0.2353,-0.5118,12184,0.3697,county,0.2251,-0.537,13735,0.4167,county,0.2054,-0.5835,13394,0.4064,county,-0.0102,0.1273,-0.0197,-0.0248,"MEDSL county presidential returns (doi:10.7910/DVN/VOQCHQ, v20.0)"
47185,0.1939,-0.593,9825,0.3539,county,0.1824,-0.6274,11895,0.4284,county,0.1642,-0.666,12931,0.4657,county,-0.0115,0.2107,-0.0182,0.0871,"MEDSL county presidential returns (doi:10.7910/DVN/VOQCHQ, v20.0)"
47187,0.3126,-0.35,106271,0.4174,county,0.3671,-0.2612,139016,0.546,county,0.3353,-0.324,144668,0.5682,county,0.0546,0.3081,-0.0319,0.0407,"MEDSL county presidential returns (doi:10.7910/DVN/VOQCHQ, v20.0)"
47189,0.2674,-0.441,56734,0.3694,county,0.3067,-0.3773,74330,0.484,county,0.2971,-0.4008,81254,0.529,county,0.0393,0.3101,-0.0096,0.0932,"MEDSL county presidential returns (doi:10.7910/DVN/VOQCHQ, v20.0)"
48001,0.2033,-0.5791,16977,0.2936,county,0.2074,-0.5802,19227,0.3325,county,0.189,-0.6179,19358,0.3348,county,0.0041,0.1325,-0.0184,0.0068,"MEDSL county presidential returns (doi:10.7910/DVN/VOQCHQ, v20.0)"
48003,0.1755,-0.6253,4943,0.2669,county,0.1467,-0.6981,5863,0.3166,county,0.1341,-0.7259,6060,0.3272,county,-0.0288,0.1861,-0.0126,0.0336,"MEDSL county presidential returns (doi:10.7910/DVN/VOQCHQ, v20.0)"
48005,0.2581,-0.4724,29911,0.3446,county,0.2672,-0.4608,34574,0.3984,county,0.2382,-0.5201,34422,0.3966,county,0.0091,0.1559,-0.029,-0.0044,"MEDSL county presidential returns (doi:10.7910/DVN/VOQCHQ, v20.0)"
48007,0.2415,-0.5018,10512,0.43,county,0.2399,-0.5145,12290,0.5027,county,0.2191,-0.5571,13031,0.533,county,-0.0016,0.1691,-0.0208,0.0603,"MEDSL county presidential returns (doi:10.7910/DVN/VOQCHQ, v20.0)"
48009,0.0943,-0.792,4283,0.4904,county,0.094,-0.8036,4796,0.5491,county,0.1017,-0.7935,5132,0.5876,county,-0.0003,0.1198,0.0077,0.0701,"MEDSL county presidential returns (doi:10.7910/DVN/VOQCHQ, v20.0)"
48011,0.0704,-0.8364,1021,0.5422,county,0.0676,-0.8633,1112,0.5905,county,0.0696,-0.8584,1109,0.589,county,-0.0029,0.0891,0.0021,-0.0027,"MEDSL county presidential returns (doi:10.7910/DVN/VOQCHQ, v20.0)"
48013,0.3505,-0.2901,13673,0.2731,county,0.328,-0.3402,18118,0.3619,county,0.2817,-0.4331,18444,0.3685,county,-0.0225,0.3251,-0.0463,0.018,"MEDSL county presidential returns (doi:10.7910/DVN/VOQCHQ, v20.0)"
48015,0.194,-0.5961,12274,0.3996,county,0.205,-0.5838,14554,0.4739,county,0.1844,-0.6267,15383,0.5009,county,0.0109,0.1858,-0.0206,0.057,"MEDSL county presidential returns (doi:10.7910/DVN/VOQCHQ, v20.0)"
48017,0.228,-0.5282,1793,0.2545,county,0.2219,-0.5511,1860,0.2641,county,0.1922,-0.6106,1741,0.2472,county,-0.0061,0.0374,-0.0297,-0.064,"MEDSL county presidential returns (doi:10.7910/DVN/VOQCHQ, v20.0)"
48019,0.1745,-0.63,10218,0.4733,county,0.1994,-0.5939,12715,0.589,county,0.188,-0.6182,13600,0.63,county,0.0249,0.2444,-0.0115,0.0696,"MEDSL county presidential returns (doi:10.7910/DVN/VOQCHQ, v20.0)"
48021,0.3929,-0.2024,28454,0.278,county,0.43,-0.1375,36665,0.3582,county,0.4069,-0.1837,39806,0.3888,county,0.037,0.2886,-0.023,0.0857,"MEDSL county presidential returns (doi:10.7910/DVN/VOQCHQ, v20.0)"
48023,0.131,-0.7178,1499,0.4327,county,0.1091,-0.7703,1702,0.4913,county,0.1112,-0.7684,1675,0.4835,county,-0.0219,0.1354,0.0021,-0.0159,"MEDSL county presidential returns (doi:10.7910/DVN/VOQCHQ, v20.0)"
48025,0.4206,-0.1532,8485,0.2737,county,0.3538,-0.2885,9420,0.3039,county,0.299,-0.3987,8790,0.2835,county,-0.0668,0.1102,-0.0548,-0.0669,"MEDSL county presidential returns (doi:10.7910/DVN/VOQCHQ, v20.0)"
48027,0.421,-0.1495,94994,0.2501,county,0.4565,-0.0854,127375,0.3354,county,0.418,-0.1622,130662,0.344,county,0.0355,0.3409,-0.0385,0.0258,"MEDSL county presidential returns (doi:10.7910/DVN/VOQCHQ, v20.0)"
48029,0.5707,0.1343,589645,0.2894,county,0.5924,0.1814,770818,0.3783,county,0.5493,0.0974,758323,0.3722,county,0.0216,0.3073,-0.0431,-0.0162,"MEDSL county presidential returns (doi:10.7910/DVN/VOQCHQ, v20.0)"
48031,0.228,-0.5221,5685,0.4734,county,0.2599,-0.4747,7441,0.6197,county,0.2343,-0.5249,8523,0.7098,county,0.0319,0.3089,-0.0255,0.1454,"MEDSL county presidential returns (doi:10.7910/DVN/VOQCHQ, v20.0)"
48033,0.0859,-0.8192,365,0.5048,county,0.0387,-0.9159,416,0.5754,county,0.0415,-0.9147,387,0.5353,county,-0.0471,0.1397,0.0027,-0.0697,"MEDSL county presidential returns (doi:10.7910/DVN/VOQCHQ, v20.0)"
48035,0.1678,-0.6457,7838,0.4226,county,0.1729,-0.6474,9126,0.4921,county,0.1605,-0.673,9576,0.5163,county,0.0051,0.1643,-0.0123,0.0493,"MEDSL county presidential returns (doi:10.7910/DVN/VOQCHQ, v20.0)"
48037,0.2618,-0.4649,34602,0.3748,county,0.2838,-0.4278,38261,0.4144,county,0.255,-0.4868,36644,0.3969,county,0.0221,0.1057,-0.0289,-0.0423,"MEDSL county presidential returns (doi:10.7910/DVN/VOQCHQ, v20.0)"
48039,0.3724,-0.2442,121181,0.3175,county,0.4076,-0.182,154984,0.4061,county,0.4002,-0.1968,162046,0.4246,county,0.0352,0.2789,-0.0074,0.0456,"MEDSL county presidential returns (doi:10.7910/DVN/VOQCHQ, v20.0)"
48041,0.3738,-0.2324,67211,0.2824,county,0.4265,-0.1432,85061,0.3574,county,0.3739,-0.2482,91961,0.3864,county,0.0527,0.2656,-0.0526,0.0811,"MEDSL county presidential returns (doi:10.7910/DVN/VOQCHQ, v20.0)"
48043,0.4742,-0.048,4252,0.4493,county,0.4785,-0.0421,4822,0.5095,county,0.4362,-0.1258,4578,0.4837,county,0.0043,0.1341,-0.0423,-0.0506,"MEDSL county presidential returns (doi:10.7910/DVN/VOQCHQ, v20.0)"
48045,0.1271,-0.7255,736,0.6018,county,0.1088,-0.7738,725,0.5928,county,0.0976,-0.7973,745,0.6092,county,-0.0183,-0.0149,-0.0112,0.0276,"MEDSL county presidential returns (doi:10.7910/DVN/VOQCHQ, v20.0)"
48047,0.7596,0.51,2596,0.3715,county,0.5956,0.19,2484,0.3555,county,0.5484,0.0962,2402,0.3438,county,-0.164,-0.0431,-0.0472,-0.033,"MEDSL county presidential returns (doi:10.7910/DVN/VOQCHQ, v20.0)"
48049,0.1189,-0.7412,14026,0.3663,county,0.1333,-0.7258,15969,0.417,county,0.1275,-0.7394,16853,0.4401,county,0.0145,0.1385,-0.0058,0.0554,"MEDSL county presidential returns (doi:10.7910/DVN/VOQCHQ, v20.0)"
48051,0.219,-0.5496,6960,0.3798,county,0.2096,-0.5756,8609,0.4697,county,0.1834,-0.6281,9369,0.5112,county,-0.0095,0.2369,-0.0262,0.0883,"MEDSL county presidential returns (doi:10.7910/DVN/VOQCHQ, v20.0)"
48053,0.206,-0.5645,19204,0.3761,county,0.231,-0.5311,24717,0.484,county,0.2191,-0.557,28153,0.5513,county,0.0251,0.2871,-0.012,0.139,"MEDSL county presidential returns (doi:10.7910/DVN/VOQCHQ, v20.0)"
48055,0.4175,-0.1568,12092,0.2563,county,0.4538,-0.0908,14973,0.3173,county,0.427,-0.1441,15693,0.3326,county,0.0363,0.2383,-0.0268,0.0481,"MEDSL county presidential returns (doi:10.7910/DVN/VOQCHQ, v20.0)"
48057,0.3135,-0.3618,6965,0.3496,county,0.2758,-0.4446,7856,0.3944,county,0.2378,-0.5217,7832,0.3932,county,-0.0377,0.1279,-0.038,-0.0031,"MEDSL county presidential returns (doi:10.7910/DVN/VOQCHQ, v20.0)"
48059,0.1047,-0.77,5579,0.398,county,0.1088,-0.7725,6832,0.4874,county,0.1096,-0.7755,6988,0.4985,county,0.0041,0.2246,0.0008,0.0228,"MEDSL county presidential returns (doi:10.7910/DVN/VOQCHQ, v20.0)"
48061,0.6684,0.325,92079,0.2176,county,0.5665,0.1316,114174,0.2698,county,0.4708,-0.058,116153,0.2745,county,-0.1019,0.24,-0.0957,0.0173,"MEDSL county presidential returns (doi:10.7910/DVN/VOQCHQ, v20.0)"
48063,0.2824,-0.4273,4542,0.359,county,0.2777,-0.4411,5060,0.3999,county,0.2304,-0.5361,5242,0.4143,county,-0.0048,0.114,-0.0473,0.036,"MEDSL county presidential returns (doi:10.7910/DVN/VOQCHQ, v20.0)"
48065,0.0868,-0.7999,2964,0.5109,county,0.0966,-0.795,3122,0.5381,county,0.0919,-0.8108,3177,0.5476,county,0.0098,0.0533,-0.0047,0.0176,"MEDSL county presidential returns (doi:10.7910/DVN/VOQCHQ, v20.0)"
48067,0.1973,-0.5942,12344,0.4319,county,0.2021,-0.5915,13927,0.4873,county,0.1707,-0.6566,14143,0.4948,county,0.0048,0.1282,-0.0315,0.0155,"MEDSL county presidential returns (doi:10.7910/DVN/VOQCHQ, v20.0)"
48069,0.2711,-0.4447,1997,0.2725,county,0.2253,-0.5454,2083,0.2843,county,0.2078,-0.5813,2023,0.2761,county,-0.0458,0.0431,-0.0176,-0.0288,"MEDSL county presidential returns (doi:10.7910/DVN/VOQCHQ, v20.0)"
48071,0.181,-0.619,16786,0.3413,county,0.1872,-0.6168,21652,0.4403,county,0.1693,-0.6557,24973,0.5078,county,0.0062,0.2899,-0.0179,0.1534,"MEDSL county presidential returns (doi:10.7910/DVN/VOQCHQ, v20.0)"
48073,0.2117,-0.5628,16790,0.3283,county,0.218,-0.5583,19508,0.3814,county,0.1841,-0.6266,20507,0.401,county,0.0063,0.1619,-0.0339,0.0512,"MEDSL county presidential returns (doi:10.7910/DVN/VOQCHQ, v20.0)"
48075,0.1231,-0.7433,2084,0.3077,county,0.1376,-0.7165,2279,0.3365,county,0.1167,-0.7606,2272,0.3355,county,0.0145,0.0936,-0.0209,-0.0031,"MEDSL county presidential returns (doi:10.7910/DVN/VOQCHQ, v20.0)"
48077,0.1091,-0.7654,5018,0.4824,county,0.108,-0.7756,5744,0.5522,county,0.0995,-0.7962,5908,0.568,county,-0.0011,0.1447,-0.0086,0.0286,"MEDSL county presidential returns (doi:10.7910/DVN/VOQCHQ, v20.0)"
48079,0.2186,-0.5427,901,0.3575,county,0.1795,-0.632,1000,0.3968,county,0.1676,-0.6573,893,0.3544,county,-0.0391,0.1099,-0.0119,-0.107,"MEDSL county presidential returns (doi:10.7910/DVN/VOQCHQ, v20.0)"
48081,0.0996,-0.7906,1423,0.4293,county,0.1009,-0.7915,1779,0.5367,county,0.0993,-0.796,1814,0.5472,county,0.0013,0.2502,-0.0016,0.0197,"MEDSL county presidential returns (doi:10.7910/DVN/VOQCHQ, v20.0)"
48083,0.1088,-0.7656,3643,0.4692,county,0.1102,-0.7735,4124,0.5311,county,0.1034,-0.7902,4156,0.5352,county,0.0014,0.132,-0.0068,0.0078,"MEDSL county presidential returns (doi:10.7910/DVN/VOQCHQ, v20.0)"
48085,0.4116,-0.1671,361419,0.3237,county,0.4779,-0.0435,490856,0.4396,county,0.4428,-0.1114,515585,0.4617,county,0.0663,0.3581,-0.0351,0.0504,"MEDSL county presidential returns (doi:10.7910/DVN/VOQCHQ, v20.0)"
48087,0.1285,-0.7249,1156,0.423,county,0.1288,-0.7332,1218,0.4457,county,0.1124,-0.7752,1201,0.4394,county,0.0003,0.0536,-0.0164,-0.014,"MEDSL county presidential returns (doi:10.7910/DVN/VOQCHQ, v20.0)"
48089,0.2391,-0.5096,8513,0.4105,county,0.2446,-0.5065,9975,0.481,county,0.2122,-0.5719,9994,0.482,county,0.0056,0.1717,-0.0324,0.0019,"MEDSL county presidential returns (doi:10.7910/DVN/VOQCHQ, v20.0)"
48091,0.2398,-0.4969,62178,0.3562,county,0.2835,-0.4265,88892,0.5093,county,0.2702,-0.4549,103491,0.5929,county,0.0437,0.4296,-0.0133,0.1642,"MEDSL county presidential returns (doi:10.7910/DVN/VOQCHQ, v20.0)"
48093,0.154,-0.6767,5237,0.3799,county,0.1415,-0.7105,6086,0.4415,county,0.1281,-0.7404,6544,0.4747,county,-0.0126,0.1621,-0.0134,0.0753,"MEDSL county presidential returns (doi:10.7910/DVN/VOQCHQ, v20.0)"
48095,0.1433,-0.6901,1068,0.3235,county,0.157,-0.679,1268,0.3841,county,0.1285,-0.7387,1198,0.3629,county,0.0137,0.1873,-0.0285,-0.0552,"MEDSL county presidential returns (doi:10.7910/DVN/VOQCHQ, v20.0)"
48097,0.1514,-0.6787,15955,0.3757,county,0.1707,-0.652,18996,0.4472,county,0.1632,-0.6683,20447,0.4814,county,0.0193,0.1906,-0.0075,0.0764,"MEDSL county presidential returns (doi:10.7910/DVN/VOQCHQ, v20.0)"
48099,0.2929,-0.3923,18253,0.2179,county,0.3289,-0.3351,23493,0.2804,county,0.2943,-0.4066,23926,0.2856,county,0.036,0.2871,-0.0346,0.0184,"MEDSL county presidential returns (doi:10.7910/DVN/VOQCHQ, v20.0)"
48101,0.1538,-0.6765,612,0.47,county,0.173,-0.645,662,0.5084,county,0.1361,-0.7245,657,0.5046,county,0.0192,0.0817,-0.037,-0.0076,"MEDSL county presidential returns (doi:10.7910/DVN/VOQCHQ, v20.0)"
48103,0.2218,-0.5419,1384,0.2994,county,0.162,-0.6693,1503,0.3251,county,0.1347,-0.7264,1389,0.3005,county,-0.0598,0.086,-0.0273,-0.0758,"MEDSL county presidential returns (doi:10.7910/DVN/VOQCHQ, v20.0)"
48105,0.2751,-0.4358,1395,0.4842,county,0.2199,-0.5565,1574,0.5463,county,0.2291,-0.5392,1417,0.4918,county,-0.0552,0.1283,0.0091,-0.0997,"MEDSL county presidential returns (doi:10.7910/DVN/VOQCHQ, v20.0)"
48107,0.2838,-0.4126,1728,0.3407,county,0.2741,-0.445,1953,0.3851,county,0.2416,-0.5133,1880,0.3707,county,-0.0098,0.1302,-0.0325,-0.0374,"MEDSL county presidential returns (doi:10.7910/DVN/VOQCHQ, v20.0)"
48109,0.6185,0.2269,767,0.3517,county,0.5135,0.0266,864,0.3961,county,0.4143,-0.169,781,0.3581,county,-0.105,0.1265,-0.0992,-0.0961,"MEDSL county presidential returns (doi:10.7910/DVN/VOQCHQ, v20.0)"
48111,0.1497,-0.6729,1544,0.215,county,0.1242,-0.7408,1609,0.2241,county,0.1058,-0.783,1447,0.2015,county,-0.0255,0.0421,-0.0184,-0.1007,"MEDSL county presidential returns (doi:10.7910/DVN/VOQCHQ, v20.0)"
48113,0.6368,0.2611,758973,0.2915,county,0.6609,0.317,919504,0.3531,county,0.6131,0.2219,849872,0.3264,county,0.0241,0.2115,-0.0479,-0.0757,"MEDSL county presidential returns (doi:10.7910/DVN/VOQCHQ, v20.0)"
48115,0.2406,-0.5055,3563,0.2894,county,0.215,-0.5656,3789,0.3078,county,0.1918,-0.61,3513,0.2854,county,-0.0256,0.0634,-0.0231,-0.0728,"MEDSL county presidential returns (doi:10.7910/DVN/VOQCHQ, v20.0)"
48117,0.2893,-0.4094,4216,0.2281,county,0.2773,-0.4403,4610,0.2494,county,0.2397,-0.5166,4286,0.2318,county,-0.012,0.0935,-0.0377,-0.0703,"MEDSL county presidential returns (doi:10.7910/DVN/VOQCHQ, v20.0)"
48119,0.1789,-0.6295,2281,0.4268,county,0.1571,-0.6786,2592,0.4849,county,0.15,-0.6971,2658,0.4973,county,-0.0218,0.1363,-0.0071,0.0255,"MEDSL county presidential returns (doi:10.7910/DVN/VOQCHQ, v20.0)"
48121,0.3939,-0.1999,298645,0.3158,county,0.4589,-0.0808,417964,0.442,county,0.4332,-0.1314,449188,0.475,county,0.065,0.3995,-0.0257,0.0747,"MEDSL county presidential returns (doi:10.7910/DVN/VOQCHQ, v20.0)"
48123,0.174,-0.6365,6844,0.3447,county,0.1853,-0.6249,8118,0.4089,county,0.1631,-0.6703,7825,0.3941,county,0.0113,0.1861,-0.0222,-0.0361,"MEDSL county presidential returns (doi:10.7910/DVN/VOQCHQ, v20.0)"
48125,0.145,-0.6898,909,0.5539,county,0.1322,-0.7318,988,0.6021,county,0.1475,-0.7029,993,0.6051,county,-0.0127,0.0869,0.0152,0.0051,"MEDSL county presidential returns (doi:10.7910/DVN/VOQCHQ, v20.0)"
48127,0.6905,0.3718,3225,0.3791,county,0.6206,0.24,3666,0.4309,county,0.5164,0.0327,3427,0.4028,county,-0.0699,0.1367,-0.1042,-0.0652,"MEDSL county presidential returns (doi:10.7910/DVN/VOQCHQ, v20.0)"
48129,0.1349,-0.7058,1465,0.4472,county,0.121,-0.7524,1648,0.5031,county,0.1032,-0.7815,1712,0.5226,county,-0.0139,0.1249,-0.0178,0.0388,"MEDSL county presidential returns (doi:10.7910/DVN/VOQCHQ, v20.0)"
48131,0.6789,0.352,4168,0.4243,county,0.5132,0.0261,5053,0.5144,county,0.4509,-0.0977,4461,0.4541,county,-0.1658,0.2123,-0.0622,-0.1172,"MEDSL county presidential returns (doi:10.7910/DVN/VOQCHQ, v20.0)"
48133,0.1143,-0.7518,6963,0.3902,county,0.1196,-0.7541,8293,0.4647,county,0.1104,-0.7746,8364,0.4687,county,0.0053,0.191,-0.0092,0.0086,"MEDSL county presidential returns (doi:10.7910/DVN/VOQCHQ, v20.0)"
48135,0.2906,-0.4044,36530,0.2238,county,0.258,-0.4783,44591,0.2732,county,0.2335,-0.5291,42615,0.2611,county,-0.0326,0.2207,-0.0244,-0.0443,"MEDSL county presidential returns (doi:10.7910/DVN/VOQCHQ, v20.0)"
48137,0.2888,-0.4129,1073,0.7708,county,0.1583,-0.6801,1066,0.7658,county,0.1327,-0.7323,1005,0.722,county,-0.1305,-0.0065,-0.0256,-0.0572,"MEDSL county presidential returns (doi:10.7910/DVN/VOQCHQ, v20.0)"
48139,0.2656,-0.4506,63673,0.3122,county,0.3271,-0.341,85493,0.4192,county,0.3433,-0.3105,99557,0.4882,county,0.0615,0.3427,0.0162,0.1645,"MEDSL county presidential returns (doi:10.7910/DVN/VOQCHQ, v20.0)"
48141,0.727,0.4314,214008,0.247,county,0.6787,0.3516,266729,0.3079,county,0.5766,0.1512,251569,0.2904,county,-0.0483,0.2464,-0.1021,-0.0568,"MEDSL county presidential returns (doi:10.7910/DVN/VOQCHQ, v20.0)"
48143,0.1616,-0.6514,13893,0.3213,county,0.1757,-0.6388,16856,0.3898,county,0.1576,-0.68,18351,0.4244,county,0.0141,0.2133,-0.0181,0.0887,"MEDSL county presidential returns (doi:10.7910/DVN/VOQCHQ, v20.0)"
48145,0.3286,-0.3348,5248,0.3076,county,0.3125,-0.3714,6133,0.3594,county,0.2748,-0.4472,6277,0.3679,county,-0.016,0.1686,-0.0377,0.0235,"MEDSL county presidential returns (doi:10.7910/DVN/VOQCHQ, v20.0)"
48147,0.1825,-0.6157,12044,0.3297,county,0.1791,-0.6341,15007,0.4109,county,0.1604,-0.6734,16395,0.4489,county,-0.0035,0.246,-0.0187,0.0925,"MEDSL county presidential returns (doi:10.7910/DVN/VOQCHQ, v20.0)"
48149,0.1969,-0.5906,11174,0.4509,county,0.2074,-0.5803,12941,0.5222,county,0.1903,-0.6139,13331,0.5379,county,0.0104,0.1581,-0.017,0.0301,"MEDSL county presidential returns (doi:10.7910/DVN/VOQCHQ, v20.0)"
48151,0.2416,-0.4986,1729,0.4723,county,0.1956,-0.6002,1826,0.4988,county,0.1816,-0.6322,1830,0.4999,county,-0.0461,0.0561,-0.0139,0.0022,"MEDSL county presidential returns (doi:10.7910/DVN/VOQCHQ, v20.0)"
48153,0.2279,-0.5304,1959,0.37,county,0.2166,-0.562,2039,0.3852,county,0.1727,-0.6493,2090,0.3948,county,-0.0113,0.0408,-0.0439,0.025,"MEDSL county presidential returns (doi:10.7910/DVN/VOQCHQ, v20.0)"
48155,0.2278,-0.5263,513,0.4754,county,0.182,-0.6279,551,0.5107,county,0.1704,-0.6532,545,0.5051,county,-0.0458,0.0741,-0.0116,-0.0109,"MEDSL county presidential returns (doi:10.7910/DVN/VOQCHQ, v20.0)"
48157,0.5345,0.0664,262066,0.3048,county,0.5535,0.1058,357514,0.4158,county,0.5081,0.0158,362524,0.4217,county,0.019,0.3642,-0.0454,0.014,"MEDSL county presidential returns (doi:10.7910/DVN/VOQCHQ, v20.0)"
48159,0.1565,-0.6667,4380,0.4163,county,0.1619,-0.6702,5009,0.4761,county,0.1538,-0.6891,5311,0.5048,county,0.0055,0.1436,-0.0081,0.0603,"MEDSL county presidential returns (doi:10.7910/DVN/VOQCHQ, v20.0)"
48161,0.1962,-0.5928,7684,0.3878,county,0.1895,-0.6149,8711,0.4397,county,0.1666,-0.6635,9045,0.4565,county,-0.0067,0.1337,-0.023,0.0383,"MEDSL county presidential returns (doi:10.7910/DVN/VOQCHQ, v20.0)"
48163,0.5684,0.1336,4400,0.2442,county,0.4618,-0.076,5279,0.293,county,0.3765,-0.2451,4945,0.2744,county,-0.1066,0.1998,-0.0852,-0.0633,"MEDSL county presidential returns (doi:10.7910/DVN/VOQCHQ, v20.0)"
48165,0.1325,-0.7165,4620,0.2109,county,0.0971,-0.797,5996,0.2737,county,0.0844,-0.8264,6416,0.2929,county,-0.0354,0.2978,-0.0128,0.07,"MEDSL county presidential returns (doi:10.7910/DVN/VOQCHQ, v20.0)"
48167,0.3718,-0.2449,122903,0.3465,county,0.3852,-0.2262,155060,0.4371,county,0.3613,-0.274,158996,0.4482,county,0.0134,0.2616,-0.0239,0.0254,"MEDSL county presidential returns (doi:10.7910/DVN/VOQCHQ, v20.0)"
48169,0.1581,-0.6705,1484,0.273,county,0.1405,-0.7151,1653,0.3041,county,0.1342,-0.7261,1599,0.2942,county,-0.0176,0.1139,-0.0063,-0.0327,"MEDSL county presidential returns (doi:10.7910/DVN/VOQCHQ, v20.0)"
48171,0.1797,-0.6174,13214,0.4858,county,0.2024,-0.5891,15850,0.5827,county,0.1931,-0.6089,16492,0.6063,county,0.0227,0.1995,-0.0093,0.0405,"MEDSL county presidential returns (doi:10.7910/DVN/VOQCHQ, v20.0)"
48173,0.0579,-0.8593,604,0.5645,county,0.06,-0.876,653,0.6103,county,0.0575,-0.8824,663,0.6196,county,0.0021,0.0811,-0.0025,0.0153,"MEDSL county presidential returns (doi:10.7910/DVN/VOQCHQ, v20.0)"
48175,0.2708,-0.4442,3708,0.5225,county,0.2214,-0.5527,3995,0.563,county,0.1967,-0.602,3987,0.5619,county,-0.0495,0.0774,-0.0247,-0.002,"MEDSL county presidential returns (doi:10.7910/DVN/VOQCHQ, v20.0)"
48177,0.2551,-0.4762,6334,0.3205,county,0.2572,-0.481,7648,0.387,county,0.2243,-0.5483,7755,0.3924,county,0.002,0.2075,-0.0329,0.014,"MEDSL county presidential returns (doi:10.7910/DVN/VOQCHQ, v20.0)"
48179,0.0973,-0.7831,7405,0.3504,county,0.1081,-0.7724,7782,0.3683,county,0.1121,-0.7712,7580,0.3587,county,0.0107,0.0509,0.004,-0.026,"MEDSL county presidential returns (doi:10.7910/DVN/VOQCHQ, v20.0)"
48181,0.2258,-0.5278,47416,0.3387,county,0.2473,-0.4987,59474,0.4249,county,0.2265,-0.5425,65915,0.4709,county,0.0215,0.2543,-0.0208,0.1083,"MEDSL county presidential returns (doi:10.7910/DVN/VOQCHQ, v20.0)"
48183,0.2887,-0.4093,41749,0.3344,county,0.3129,-0.3688,47982,0.3843,county,0.287,-0.4222,46738,0.3743,county,0.0241,0.1493,-0.0259,-0.0259,"MEDSL county presidential returns (doi:10.7910/DVN/VOQCHQ, v20.0)"
48185,0.237,-0.511,9533,0.3137,county,0.231,-0.5316,12414,0.4086,county,0.1963,-0.6023,14051,0.4624,county,-0.006,0.3022,-0.0347,0.1319,"MEDSL county presidential returns (doi:10.7910/DVN/VOQCHQ, v20.0)"
48187,0.3342,-0.3155,57822,0.3242,county,0.3772,-0.2415,77619,0.4352,county,0.351,-0.295,85136,0.4773,county,0.043,0.3424,-0.0263,0.0968,"MEDSL county presidential returns (doi:10.7910/DVN/VOQCHQ, v20.0)"
48189,0.2481,-0.4815,8858,0.2747,county,0.241,-0.511,9586,0.2973,county,0.2072,-0.5794,9285,0.2879,county,-0.0071,0.0822,-0.0338,-0.0314,"MEDSL county presidential returns (doi:10.7910/DVN/VOQCHQ, v20.0)"
48191,0.1552,-0.6682,1091,0.3859,county,0.1445,-0.7074,1169,0.4135,county,0.1306,-0.7337,1149,0.4064,county,-0.0107,0.0715,-0.0139,-0.0171,"MEDSL county presidential returns (doi:10.7910/DVN/VOQCHQ, v20.0)"
48193,0.1353,-0.713,3620,0.4351,county,0.1506,-0.6838,4351,0.523,county,0.141,-0.7131,4465,0.5367,county,0.0152,0.2019,-0.0096,0.0262,"MEDSL county presidential returns (doi:10.7910/DVN/VOQCHQ, v20.0)"
48195,0.09,-0.8007,1947,0.3757,county,0.0824,-0.8222,2047,0.395,county,0.0734,-0.8484,1999,0.3858,county,-0.0076,0.0514,-0.0089,-0.0234,"MEDSL county presidential returns (doi:10.7910/DVN/VOQCHQ, v20.0)"
48197,0.171,-0.6332,1513,0.4287,county,0.1534,-0.6892,1580,0.4477,county,0.1345,-0.7274,1405,0.3981,county,-0.0176,0.0443,-0.0189,-0.1108,"MEDSL county presidential returns (doi:10.7910/DVN/VOQCHQ, v20.0)"
48199,0.1242,-0.7386,22780,0.3988,county,0.1271,-0.7376,27635,0.4838,county,0.1194,-0.758,28157,0.4929,county,0.0029,0.2131,-0.0077,0.0189,"MEDSL county presidential returns (doi:10.7910/DVN/VOQCHQ, v20.0)"
48201,0.5646,0.1234,1312112,0.2757,county,0.5672,0.1326,1640818,0.3448,county,0.5281,0.0553,1557484,0.3273,county,0.0026,0.2505,-0.0391,-0.0508,"MEDSL county presidential returns (doi:10.7910/DVN/VOQCHQ, v20.0)"
48203,0.2761,-0.4369,26548,0.3815,county,0.2692,-0.4562,29717,0.4271,county,0.2454,-0.5055,30243,0.4346,county,-0.0069,0.1194,-0.0238,0.0177,"MEDSL county presidential returns (doi:10.7910/DVN/VOQCHQ, v20.0)"
48205,0.0909,-0.7976,1952,0.3678,county,0.0945,-0.8051,2078,0.3916,county,0.0813,-0.8333,2016,0.3799,county,0.0036,0.0645,-0.0133,-0.0298,"MEDSL county presidential returns (doi:10.7910/DVN/VOQCHQ, v20.0)"
48207,0.1829,-0.6153,1770,0.3284,county,0.161,-0.6716,2214,0.4108,county,0.1403,-0.7143,2247,0.4169,county,-0.0219,0.2508,-0.0207,0.0149,"MEDSL county presidential returns (doi:10.7910/DVN/VOQCHQ, v20.0)"
48209,0.4955,-0.0083,72164,0.2814,county,0.5552,0.1083,109395,0.4266,county,0.5286,0.0563,125827,0.4907,county,0.0597,0.5159,-0.0266,0.1502,"MEDSL county presidential returns (doi:10.7910/DVN/VOQCHQ, v20.0)"
48211,0.1102,-0.7558,1695,0.5119,county,0.1217,-0.7442,1720,0.5195,county,0.1186,-0.7581,1612,0.4869,county,0.0116,0.0147,-0.0031,-0.0628,"MEDSL county presidential returns (doi:10.7910/DVN/VOQCHQ, v20.0)"
48213,0.1934,-0.5985,30045,0.3591,county,0.1963,-0.6017,36317,0.4341,county,0.1807,-0.6347,38540,0.4607,county,0.0029,0.2088,-0.0156,0.0612,"MEDSL county presidential returns (doi:10.7910/DVN/VOQCHQ, v20.0)"
48215,0.7095,0.4046,173437,0.1969,county,0.5861,0.1706,220884,0.2507,county,0.4855,-0.0287,217265,0.2466,county,-0.1234,0.2736,-0.1006,-0.0164,"MEDSL county presidential returns (doi:10.7910/DVN/VOQCHQ, v20.0)"
48217,0.2013,-0.583,12970,0.3538,county,0.1934,-0.6072,14931,0.4072,county,0.176,-0.6435,16706,0.4557,county,-0.0078,0.1512,-0.0175,0.1189,"MEDSL county presidential returns (doi:10.7910/DVN/VOQCHQ, v20.0)"
48219,0.1782,-0.6222,7311,0.3408,county,0.1848,-0.624,8100,0.3775,county,0.1666,-0.6626,7988,0.3723,county,0.0066,0.1079,-0.0182,-0.0138,"MEDSL county presidential returns (doi:10.7910/DVN/VOQCHQ, v20.0)"
48221,0.1579,-0.6616,26262,0.4091,county,0.1757,-0.6407,32541,0.5069,county,0.1675,-0.6594,36553,0.5694,county,0.0179,0.2391,-0.0082,0.1233,"MEDSL county presidential returns (doi:10.7910/DVN/VOQCHQ, v20.0)"
48223,0.1899,-0.6055,13538,0.3625,county,0.1932,-0.6068,15941,0.4268,county,0.175,-0.6459,16778,0.4492,county,0.0033,0.1775,-0.0182,0.0525,"MEDSL county presidential returns (doi:10.7910/DVN/VOQCHQ, v20.0)"
48225,0.2417,-0.506,8353,0.379,county,0.2469,-0.5029,9438,0.4282,county,0.2218,-0.5533,9365,0.4249,county,0.0051,0.1299,-0.0251,-0.0077,"MEDSL county presidential returns (doi:10.7910/DVN/VOQCHQ, v20.0)"
48227,0.2105,-0.558,8723,0.2633,county,0.2044,-0.5844,10241,0.3091,county,0.1837,-0.6284,9641,0.291,county,-0.0062,0.174,-0.0207,-0.0586,"MEDSL county presidential returns (doi:10.7910/DVN/VOQCHQ, v20.0)"
48229,0.3918,-0.2055,871,0.2615,county,0.3226,-0.3502,1165,0.3497,county,0.266,-0.4663,1038,0.3116,county,-0.0692,0.3375,-0.0567,-0.109,"MEDSL county presidential returns (doi:10.7910/DVN/VOQCHQ, v20.0)"
48231,0.211,-0.555,31554,0.3008,county,0.2339,-0.5248,38597,0.3679,county,0.2203,-0.5547,46733,0.4454,county,0.0229,0.2232,-0.0136,0.2108,"MEDSL county presidential returns (doi:10.7910/DVN/VOQCHQ, v20.0)"
48233,0.1082,-0.7588,8155,0.3995,county,0.1116,-0.7655,8773,0.4298,county,0.1115,-0.7715,8244,0.4039,county,0.0035,0.0758,-0.0001,-0.0603,"MEDSL county presidential returns (doi:10.7910/DVN/VOQCHQ, v20.0)"
48235,0.12,-0.7441,766,0.5349,county,0.1365,-0.7188,889,0.6208,county,0.1212,-0.7558,868,0.6061,county,0.0165,0.1606,-0.0153,-0.0236,"MEDSL county presidential returns (doi:10.7910/DVN/VOQCHQ, v20.0)"
48237,0.0955,-0.7937,3350,0.3885,county,0.0883,-0.8162,3782,0.4386,county,0.0868,-0.8227,4201,0.4872,county,-0.0072,0.129,-0.0015,0.1108,"MEDSL county presidential returns (doi:10.7910/DVN/VOQCHQ, v20.0)"
48239,0.1749,-0.6341,5302,0.3516,county,0.1649,-0.6608,6353,0.4213,county,0.1441,-0.7077,6329,0.4197,county,-0.0099,0.1982,-0.0208,-0.0038,"MEDSL county presidential returns (doi:10.7910/DVN/VOQCHQ, v20.0)"
48241,0.1962,-0.5976,13419,0.409,county,0.1906,-0.6142,15611,0.4758,county,0.1657,-0.6658,15841,0.4829,county,-0.0056,0.1634,-0.0249,0.0147,"MEDSL county presidential returns (doi:10.7910/DVN/VOQCHQ, v20.0)"
48243,0.3778,-0.2292,1191,0.6845,county,0.3899,-0.2169,1305,0.75,county,0.3916,-0.213,1169,0.6718,county,0.0121,0.0957,0.0018,-0.1042,"MEDSL county presidential returns (doi:10.7910/DVN/VOQCHQ, v20.0)"
48245,0.4975,-0.0048,87618,0.345,county,0.492,-0.0158,94759,0.3732,county,0.4552,-0.0887,86314,0.3399,county,-0.0055,0.0815,-0.0368,-0.0891,"MEDSL county presidential returns (doi:10.7910/DVN/VOQCHQ, v20.0)"
48247,0.7918,0.5687,2119,0.4417,county,0.5897,0.1788,2036,0.4244,county,0.5414,0.0826,1585,0.3304,county,-0.2021,-0.0392,-0.0482,-0.2215,"MEDSL county presidential returns (doi:10.7910/DVN/VOQCHQ, v20.0)"
48249,0.5526,0.1029,12379,0.3185,county,0.4509,-0.0976,13669,0.3517,county,0.4221,-0.1552,13268,0.3414,county,-0.1017,0.1042,-0.0288,-0.0293,"MEDSL county presidential returns (doi:10.7910/DVN/VOQCHQ, v20.0)"
48251,0.1984,-0.5797,57606,0.3051,county,0.2316,-0.5299,72020,0.3814,county,0.2406,-0.5142,80721,0.4275,county,0.0331,0.2502,0.009,0.1208,"MEDSL county presidential returns (doi:10.7910/DVN/VOQCHQ, v20.0)"
48253,0.1626,-0.6515,5960,0.2985,county,0.15,-0.6914,6741,0.3376,county,0.1315,-0.7314,6947,0.3479,county,-0.0126,0.131,-0.0185,0.0306,"MEDSL county presidential returns (doi:10.7910/DVN/VOQCHQ, v20.0)"
48255,0.2786,-0.4335,4198,0.2833,county,0.2372,-0.5206,5252,0.3544,county,0.208,-0.5813,5075,0.3425,county,-0.0414,0.2511,-0.0292,-0.0337,"MEDSL county presidential returns (doi:10.7910/DVN/VOQCHQ, v20.0)"
48257,0.2578,-0.4679,41265,0.2568,county,0.3285,-0.3389,56718,0.3529,county,0.3594,-0.2786,69406,0.4318,county,0.0707,0.3745,0.031,0.2237,"MEDSL county presidential returns (doi:10.7910/DVN/VOQCHQ, v20.0)"
48259,0.1883,-0.5993,20120,0.4283,county,0.2306,-0.5316,26452,0.5632,county,0.219,-0.5565,29315,0.6241,county,0.0423,0.3147,-0.0117,0.1082,"MEDSL county presidential returns (doi:10.7910/DVN/VOQCHQ, v20.0)"
48261,0.541,0.0806,186,3.5769,county,0.3385,-0.3196,194,3.7308,county,0.2628,-0.4684,158,3.0385,county,-0.2024,0.043,-0.0757,-0.1856,"MEDSL county presidential returns (doi:10.7910/DVN/VOQCHQ, v20.0)"
48263,0.1408,-0.6935,434,0.597,county,0.1026,-0.7879,462,0.6355,county,0.1136,-0.764,445,0.6121,county,-0.0382,0.0645,0.011,-0.0368,"MEDSL county presidential returns (doi:10.7910/DVN/VOQCHQ, v20.0)"
48265,0.2089,-0.56,23297,0.4382,county,0.2381,-0.5174,27745,0.5219,county,0.2261,-0.5431,28170,0.5298,county,0.0292,0.1909,-0.012,0.0153,"MEDSL county presidential returns (doi:10.7910/DVN/VOQCHQ, v20.0)"
48267,0.1083,-0.7638,1952,0.4482,county,0.1251,-0.743,2292,0.5263,county,0.1093,-0.7758,2404,0.552,county,0.0168,0.1742,-0.0157,0.0489,"MEDSL county presidential returns (doi:10.7910/DVN/VOQCHQ, v20.0)"
48269,0.0325,-0.9057,159,0.8413,county,0.0503,-0.8994,159,0.8413,county,0.0444,-0.9111,135,0.7143,county,0.0178,0.0,-0.0059,-0.1509,"MEDSL county presidential returns (doi:10.7910/DVN/VOQCHQ, v20.0)"
48271,0.3286,-0.3343,1430,0.4554,county,0.2805,-0.4354,1603,0.5105,county,0.2456,-0.5053,1419,0.4519,county,-0.048,0.121,-0.0349,-0.1148,"MEDSL county presidential returns (doi:10.7910/DVN/VOQCHQ, v20.0)"
48273,0.5192,0.0367,9512,0.3106,county,0.4912,-0.0174,10944,0.3573,county,0.436,-0.1272,10014,0.3269,county,-0.028,0.1505,-0.0552,-0.085,"MEDSL county presidential returns (doi:10.7910/DVN/VOQCHQ, v20.0)"
48275,0.1864,-0.6079,1367,0.4115,county,0.1834,-0.6284,1456,0.4383,county,0.1562,-0.6846,1376,0.4142,county,-0.003,0.0651,-0.0272,-0.0549,"MEDSL county presidential returns (doi:10.7910/DVN/VOQCHQ, v20.0)"
48277,0.1975,-0.5899,18611,0.3691,county,0.2101,-0.5737,21442,0.4253,county,0.1931,-0.6091,21285,0.4221,county,0.0126,0.1521,-0.017,-0.0073,"MEDSL county presidential returns (doi:10.7910/DVN/VOQCHQ, v20.0)"
48279,0.1986,-0.5857,3995,0.3092,county,0.1926,-0.6079,4410,0.3414,county,0.1766,-0.643,4151,0.3213,county,-0.006,0.1039,-0.016,-0.0587,"MEDSL county presidential returns (doi:10.7910/DVN/VOQCHQ, v20.0)"
48281,0.1885,-0.5974,8205,0.3685,county,0.2096,-0.5714,10399,0.467,county,0.1994,-0.5954,11301,0.5075,county,0.0211,0.2674,-0.0102,0.0867,"MEDSL county presidential returns (doi:10.7910/DVN/VOQCHQ, v20.0)"
48283,0.5642,0.1248,2059,0.2964,county,0.4407,-0.1176,2406,0.3464,county,0.397,-0.2051,2360,0.3398,county,-0.1235,0.1685,-0.0437,-0.0191,"MEDSL county presidential returns (doi:10.7910/DVN/VOQCHQ, v20.0)"
48285,0.1374,-0.7132,8661,0.4229,county,0.1315,-0.7327,10197,0.4979,county,0.1182,-0.7607,10491,0.5123,county,-0.0059,0.1773,-0.0133,0.0288,"MEDSL county presidential returns (doi:10.7910/DVN/VOQCHQ, v20.0)"
48287,0.2154,-0.5547,6535,0.368,county,0.2186,-0.5571,8087,0.4554,county,0.1961,-0.6042,8415,0.4739,county,0.0032,0.2375,-0.0225,0.0406,"MEDSL county presidential returns (doi:10.7910/DVN/VOQCHQ, v20.0)"
48289,0.1245,-0.7369,7439,0.463,county,0.1247,-0.7437,8674,0.5399,county,0.1146,-0.7667,9064,0.5641,county,0.0002,0.166,-0.0101,0.045,"MEDSL county presidential returns (doi:10.7910/DVN/VOQCHQ, v20.0)"
48291,0.2047,-0.5782,24267,0.2476,county,0.1989,-0.5972,29334,0.2993,county,0.1908,-0.6158,31323,0.3196,county,-0.0058,0.2088,-0.0081,0.0678,"MEDSL county presidential returns (doi:10.7910/DVN/VOQCHQ, v20.0)"
48293,0.2348,-0.5192,7739,0.3488,county,0.2458,-0.5031,9095,0.41,county,0.2134,-0.5686,9075,0.4091,county,0.0111,0.1752,-0.0324,-0.0022,"MEDSL county presidential returns (doi:10.7910/DVN/VOQCHQ, v20.0)"
48295,0.1043,-0.7688,1332,0.4494,county,0.0981,-0.7938,1353,0.4565,county,0.0986,-0.7959,1259,0.4248,county,-0.0063,0.0158,0.0005,-0.0695,"MEDSL county presidential returns (doi:10.7910/DVN/VOQCHQ, v20.0)"
48297,0.1764,-0.6327,4302,0.3759,county,0.1632,-0.6688,5054,0.4416,county,0.1502,-0.6962,5093,0.445,county,-0.0132,0.1748,-0.0131,0.0077,"MEDSL county presidential returns (doi:10.7910/DVN/VOQCHQ, v20.0)"
48299,0.1803,-0.6197,10447,0.4746,county,0.1965,-0.6014,12660,0.5752,county,0.1933,-0.6082,13629,0.6192,county,0.0162,0.2118,-0.0032,0.0765,"MEDSL county presidential returns (doi:10.7910/DVN/VOQCHQ, v20.0)"
48301,0.0645,-0.8308,65,1.2037,county,0.0625,-0.8485,66,1.2222,county,0.1042,-0.7835,97,1.7963,county,-0.002,0.0154,0.0417,0.4697,"MEDSL county presidential returns (doi:10.7910/DVN/VOQCHQ, v20.0)"
48303,0.2992,-0.38,99013,0.3147,county,0.3366,-0.3215,120817,0.384,county,0.3003,-0.3951,125038,0.3974,county,0.0375,0.2202,-0.0363,0.0349,"MEDSL county presidential returns (doi:10.7910/DVN/VOQCHQ, v20.0)"
48305,0.2068,-0.5689,2009,0.3545,county,0.1876,-0.6215,2293,0.4046,county,0.1457,-0.7028,2567,0.453,county,-0.0191,0.1414,-0.0419,0.1195,"MEDSL county presidential returns (doi:10.7910/DVN/VOQCHQ, v20.0)"
48307,0.1589,-0.6671,3103,0.4102,county,0.1444,-0.7026,3436,0.4542,county,0.1304,-0.7338,3513,0.4644,county,-0.0145,0.1073,-0.0139,0.0224,"MEDSL county presidential returns (doi:10.7910/DVN/VOQCHQ, v20.0)"
48309,0.3593,-0.2681,79075,0.3,county,0.3812,-0.2335,97872,0.3713,county,0.3439,-0.3084,99672,0.3781,county,0.022,0.2377,-0.0374,0.0184,"MEDSL county presidential returns (doi:10.7910/DVN/VOQCHQ, v20.0)"
48311,0.081,-0.8297,499,0.801,county,0.1033,-0.7888,516,0.8283,county,0.0763,-0.8439,487,0.7817,county,0.0223,0.0341,-0.027,-0.0562,"MEDSL county presidential returns (doi:10.7910/DVN/VOQCHQ, v20.0)"
48313,0.2082,-0.5759,4289,0.316,county,0.207,-0.5815,5298,0.3903,county,0.1765,-0.6438,5489,0.4044,county,-0.0012,0.2353,-0.0305,0.0361,"MEDSL county presidential returns (doi:10.7910/DVN/VOQCHQ, v20.0)"
48315,0.2809,-0.429,4238,0.44,county,0.2784,-0.4381,4864,0.505,county,0.2354,-0.5252,4714,0.4895,county,-0.0024,0.1477,-0.0431,-0.0308,"MEDSL county presidential returns (doi:10.7910/DVN/VOQCHQ, v20.0)"
48317,0.1546,-0.6748,1762,0.3369,county,0.1343,-0.7264,2160,0.413,county,0.1192,-0.7576,2083,0.3983,county,-0.0203,0.2259,-0.0151,-0.0356,"MEDSL county presidential returns (doi:10.7910/DVN/VOQCHQ, v20.0)"
48319,0.1761,-0.633,2057,0.5206,county,0.1867,-0.62,2474,0.6262,county,0.1729,-0.6498,2527,0.6396,county,0.0106,0.2027,-0.0138,0.0214,"MEDSL county presidential returns (doi:10.7910/DVN/VOQCHQ, v20.0)"
48321,0.295,-0.399,12196,0.3362,county,0.2749,-0.4453,13727,0.3784,county,0.245,-0.5053,13312,0.367,county,-0.02,0.1255,-0.0299,-0.0302,"MEDSL county presidential returns (doi:10.7910/DVN/VOQCHQ, v20.0)"
48323,0.7869,0.5579,13588,0.2352,county,0.5477,0.0946,15346,0.2656,county,0.407,-0.1849,15745,0.2725,county,-0.2392,0.1294,-0.1407,0.026,"MEDSL county presidential returns (doi:10.7910/DVN/VOQCHQ, v20.0)"
48325,0.2772,-0.432,17246,0.329,county,0.3022,-0.3914,22657,0.4322,county,0.2847,-0.4271,24617,0.4696,county,0.025,0.3138,-0.0175,0.0865,"MEDSL county presidential returns (doi:10.7910/DVN/VOQCHQ, v20.0)"
48327,0.1842,-0.6111,864,0.4399,county,0.1931,-0.6089,1028,0.5234,county,0.1649,-0.6644,1040,0.5295,county,0.0089,0.1898,-0.0282,0.0117,"MEDSL county presidential returns (doi:10.7910/DVN/VOQCHQ, v20.0)"
48329,0.2133,-0.5476,49212,0.287,county,0.2127,-0.5657,58859,0.3432,county,0.1947,-0.6052,58808,0.3429,county,-0.0006,0.196,-0.018,-0.0009,"MEDSL county presidential returns (doi:10.7910/DVN/VOQCHQ, v20.0)"
48331,0.2437,-0.4978,8664,0.3429,county,0.2382,-0.5188,10578,0.4186,county,0.2115,-0.5731,11098,0.4392,county,-0.0056,0.2209,-0.0267,0.0492,"MEDSL county presidential returns (doi:10.7910/DVN/VOQCHQ, v20.0)"
48333,0.1108,-0.7608,2245,0.499,county,0.1089,-0.7768,2505,0.5568,county,0.1136,-0.7688,2742,0.6095,county,-0.0018,0.1158,0.0047,0.0946,"MEDSL county presidential returns (doi:10.7910/DVN/VOQCHQ, v20.0)"
48335,0.1659,-0.6494,2196,0.2443,county,0.1547,-0.6875,2579,0.2869,county,0.141,-0.7131,2513,0.2796,county,-0.0112,0.1744,-0.0136,-0.0256,"MEDSL county presidential returns (doi:10.7910/DVN/VOQCHQ, v20.0)"
48337,0.1052,-0.7719,8604,0.4177,county,0.113,-0.7657,9819,0.4767,county,0.1095,-0.7762,11101,0.5389,county,0.0077,0.1412,-0.0035,0.1306,"MEDSL county presidential returns (doi:10.7910/DVN/VOQCHQ, v20.0)"
48339,0.2337,-0.5106,204632,0.3125,county,0.2778,-0.4383,271543,0.4147,county,0.2704,-0.4546,307258,0.4693,county,0.0441,0.327,-0.0073,0.1315,"MEDSL county presidential returns (doi:10.7910/DVN/VOQCHQ, v20.0)"
48341,0.2164,-0.5449,5284,0.2488,county,0.1959,-0.5986,5508,0.2594,county,0.1617,-0.671,5362,0.2525,county,-0.0204,0.0424,-0.0342,-0.0265,"MEDSL county presidential returns (doi:10.7910/DVN/VOQCHQ, v20.0)"
48343,0.2925,-0.4064,4973,0.4139,county,0.3012,-0.3943,5587,0.465,county,0.2428,-0.5116,5434,0.4523,county,0.0087,0.1235,-0.0584,-0.0274,"MEDSL county presidential returns (doi:10.7910/DVN/VOQCHQ, v20.0)"
48345,0.066,-0.8553,615,0.4854,county,0.0708,-0.8558,652,0.5146,county,0.0541,-0.8877,650,0.513,county,0.0048,0.0602,-0.0167,-0.0031,"MEDSL county presidential returns (doi:10.7910/DVN/VOQCHQ, v20.0)"
48347,0.3167,-0.3503,22622,0.3486,county,0.3412,-0.3128,26785,0.4127,county,0.3044,-0.3879,25486,0.3927,county,0.0245,0.184,-0.0368,-0.0485,"MEDSL county presidential returns (doi:10.7910/DVN/VOQCHQ, v20.0)"
48349,0.2502,-0.4863,16433,0.3058,county,0.2699,-0.4549,19123,0.3559,county,0.2391,-0.5181,19831,0.3691,county,0.0197,0.1637,-0.0308,0.037,"MEDSL county presidential returns (doi:10.7910/DVN/VOQCHQ, v20.0)"
48351,0.2123,-0.566,5534,0.4539,county,0.1937,-0.6086,6094,0.4998,county,0.1661,-0.666,5749,0.4715,county,-0.0186,0.1012,-0.0277,-0.0566,"MEDSL county presidential returns (doi:10.7910/DVN/VOQCHQ, v20.0)"
48353,0.2246,-0.5195,4857,0.3335,county,0.2195,-0.5542,5357,0.3678,county,0.2013,-0.592,5115,0.3512,county,-0.0051,0.1029,-0.0183,-0.0452,"MEDSL county presidential returns (doi:10.7910/DVN/VOQCHQ, v20.0)"
48355,0.4922,-0.015,104405,0.2959,county,0.4853,-0.029,127322,0.3609,county,0.4421,-0.1147,121678,0.3449,county,-0.0069,0.2195,-0.0432,-0.0443,"MEDSL county presidential returns (doi:10.7910/DVN/VOQCHQ, v20.0)"
48357,0.0944,-0.7841,3002,0.3047,county,0.097,-0.7953,3156,0.3203,county,0.0899,-0.8153,3010,0.3055,county,0.0026,0.0513,-0.0071,-0.0463,"MEDSL county presidential returns (doi:10.7910/DVN/VOQCHQ, v20.0)"
48359,0.0841,-0.8143,948,0.4521,county,0.0812,-0.8285,1009,0.4812,county,0.0764,-0.8429,974,0.4645,county,-0.0029,0.0643,-0.0048,-0.0347,"MEDSL county presidential returns (doi:10.7910/DVN/VOQCHQ, v20.0)"
48361,0.1835,-0.6181,32000,0.3765,county,0.1789,-0.6342,35994,0.4235,county,0.1645,-0.6672,36338,0.4275,county,-0.0047,0.1248,-0.0143,0.0096,"MEDSL county presidential returns (doi:10.7910/DVN/VOQCHQ, v20.0)"
48363,0.1709,-0.6403,10270,0.3551,county,0.1763,-0.6406,12489,0.4318,county,0.1619,-0.6711,13336,0.4611,county,0.0053,0.2161,-0.0143,0.0678,"MEDSL county presidential returns (doi:10.7910/DVN/VOQCHQ, v20.0)"
48365,0.1785,-0.6346,10416,0.4604,county,0.1807,-0.6348,11451,0.5061,county,0.167,-0.664,11439,0.5056,county,0.0022,0.0994,-0.0137,-0.001,"MEDSL county presidential returns (doi:10.7910/DVN/VOQCHQ, v20.0)"
48367,0.1522,-0.6711,56817,0.3594,county,0.1734,-0.644,76128,0.4816,county,0.1652,-0.6638,90840,0.5746,county,0.0212,0.3399,-0.0082,0.1933,"MEDSL county presidential returns (doi:10.7910/DVN/VOQCHQ, v20.0)"
48369,0.2021,-0.5799,2466,0.2529,county,0.186,-0.6215,2650,0.2717,county,0.1477,-0.7009,2504,0.2568,county,-0.016,0.0746,-0.0383,-0.0551,"MEDSL county presidential returns (doi:10.7910/DVN/VOQCHQ, v20.0)"
48371,0.3864,-0.2184,4185,0.2793,county,0.3006,-0.3927,4668,0.3116,county,0.2733,-0.4484,4233,0.2825,county,-0.0857,0.1154,-0.0273,-0.0932,"MEDSL county presidential returns (doi:10.7910/DVN/VOQCHQ, v20.0)"
48373,0.2162,-0.5535,19852,0.3834,county,0.2248,-0.5452,24186,0.4671,county,0.2035,-0.5889,24292,0.4691,county,0.0086,0.2183,-0.0213,0.0044,"MEDSL county presidential returns (doi:10.7910/DVN/VOQCHQ, v20.0)"
48375,0.2806,-0.4179,28651,0.2456,county,0.303,-0.3869,33337,0.2858,county,0.2755,-0.4439,32121,0.2754,county,0.0224,0.1636,-0.0275,-0.0365,"MEDSL county presidential returns (doi:10.7910/DVN/VOQCHQ, v20.0)"
48377,0.691,0.365,2208,0.3654,county,0.6699,0.3347,2217,0.3669,county,0.6527,0.3024,1994,0.33,county,-0.0211,0.0041,-0.0172,-0.1006,"MEDSL county presidential returns (doi:10.7910/DVN/VOQCHQ, v20.0)"
48379,0.1366,-0.7105,4701,0.3759,county,0.1404,-0.7125,6053,0.484,county,0.1333,-0.7291,6556,0.5243,county,0.0038,0.2876,-0.0071,0.0831,"MEDSL county presidential returns (doi:10.7910/DVN/VOQCHQ, v20.0)"
48381,0.1614,-0.6463,54305,0.3777,county,0.2013,-0.5875,64674,0.4498,county,0.1952,-0.6036,66901,0.4653,county,0.0399,0.1909,-0.006,0.0344,"MEDSL county presidential returns (doi:10.7910/DVN/VOQCHQ, v20.0)"
48383,0.1906,-0.5996,904,0.2774,county,0.1544,-0.6851,1124,0.3449,county,0.1498,-0.6944,949,0.2912,county,-0.0362,0.2434,-0.0046,-0.1557,"MEDSL county presidential returns (doi:10.7910/DVN/VOQCHQ, v20.0)"
48385,0.1594,-0.6663,1681,0.5959,county,0.163,-0.6675,1982,0.7026,county,0.1624,-0.6691,1958,0.6941,county,0.0036,0.1791,-0.0006,-0.0121,"MEDSL county presidential returns (doi:10.7910/DVN/VOQCHQ, v20.0)"
48387,0.2264,-0.5381,5161,0.4441,county,0.2162,-0.5634,5806,0.4996,county,0.1907,-0.6175,5796,0.4988,county,-0.0102,0.125,-0.0255,-0.0017,"MEDSL county presidential returns (doi:10.7910/DVN/VOQCHQ, v20.0)"
48389,0.5393,0.076,3184,0.2409,county,0.3823,-0.2329,3689,0.2791,county,0.3138,-0.3693,3439,0.2602,county,-0.157,0.1586,-0.0685,-0.0678,"MEDSL county presidential returns (doi:10.7910/DVN/VOQCHQ, v20.0)"
48391,0.361,-0.27,2948,0.4405,county,0.3339,-0.3274,3366,0.5029,county,0.301,-0.3951,3075,0.4594,county,-0.0271,0.1418,-0.0329,-0.0865,"MEDSL county presidential returns (doi:10.7910/DVN/VOQCHQ, v20.0)"
48393,0.0368,-0.9097,554,0.7057,county,0.0311,-0.9309,550,0.7006,county,0.0353,-0.9213,572,0.7287,county,-0.0056,-0.0072,0.0041,0.04,"MEDSL county presidential returns (doi:10.7910/DVN/VOQCHQ, v20.0)"
48395,0.3206,-0.3504,7035,0.4145,county,0.296,-0.404,8099,0.4772,county,0.2377,-0.5211,8158,0.4806,county,-0.0246,0.1512,-0.0583,0.0073,"MEDSL county presidential returns (doi:10.7910/DVN/VOQCHQ, v20.0)"
48397,0.2534,-0.4705,39948,0.3416,county,0.3089,-0.3769,53891,0.4609,county,0.2935,-0.4087,62269,0.5325,county,0.0555,0.349,-0.0153,0.1555,"MEDSL county presidential returns (doi:10.7910/DVN/VOQCHQ, v20.0)"
48399,0.1223,-0.7396,3782,0.3828,county,0.1266,-0.7383,4409,0.4463,county,0.1121,-0.7712,4056,0.4105,county,0.0043,0.1658,-0.0145,-0.0801,"MEDSL county presidential returns (doi:10.7910/DVN/VOQCHQ, v20.0)"
48401,0.2114,-0.5654,18994,0.361,county,0.2187,-0.5569,21377,0.4063,county,0.2011,-0.5942,21706,0.4126,county,0.0073,0.1255,-0.0177,0.0154,"MEDSL county presidential returns (doi:10.7910/DVN/VOQCHQ, v20.0)"
48403,0.1331,-0.7276,4651,0.4652,county,0.1227,-0.7494,5491,0.5492,county,0.1061,-0.7852,5581,0.5582,county,-0.0104,0.1806,-0.0166,0.0164,"MEDSL county presidential returns (doi:10.7910/DVN/VOQCHQ, v20.0)"
48405,0.2576,-0.4797,3569,0.4524,county,0.2458,-0.5065,4002,0.5073,county,0.2171,-0.5626,3747,0.475,county,-0.0118,0.1213,-0.0287,-0.0637,"MEDSL county presidential returns (doi:10.7910/DVN/VOQCHQ, v20.0)"
48407,0.2018,-0.5821,10343,0.3696,county,0.187,-0.619,12640,0.4517,county,0.1713,-0.6528,12789,0.457,county,-0.0149,0.2221,-0.0157,0.0118,"MEDSL county presidential returns (doi:10.7910/DVN/VOQCHQ, v20.0)"
48409,0.3766,-0.2382,21656,0.3115,county,0.3524,-0.2908,25891,0.3724,county,0.3164,-0.364,25579,0.3679,county,-0.0242,0.1956,-0.036,-0.0121,"MEDSL county presidential returns (doi:10.7910/DVN/VOQCHQ, v20.0)"
48411,0.1264,-0.7348,2357,0.4062,county,0.1106,-0.7767,2602,0.4485,county,0.1027,-0.7885,2709,0.4669,county,-0.0158,0.1039,-0.0079,0.0411,"MEDSL county presidential returns (doi:10.7910/DVN/VOQCHQ, v20.0)"
48413,0.2021,-0.5788,1059,0.4365,county,0.1833,-0.629,1159,0.4777,county,0.1749,-0.6444,1108,0.4567,county,-0.0188,0.0944,-0.0085,-0.044,"MEDSL county presidential returns (doi:10.7910/DVN/VOQCHQ, v20.0)"
48415,0.1425,-0.6952,5289,0.318,county,0.141,-0.7095,5870,0.3529,county,0.1292,-0.7361,5721,0.344,county,-0.0015,0.1099,-0.0118,-0.0254,"MEDSL county presidential returns (doi:10.7910/DVN/VOQCHQ, v20.0)"
48417,0.0695,-0.8477,1504,0.4746,county,0.0805,-0.8317,1628,0.5137,county,0.0853,-0.8212,1728,0.5453,county,0.011,0.0824,0.0048,0.0614,"MEDSL county presidential returns (doi:10.7910/DVN/VOQCHQ, v20.0)"
48419,0.1967,-0.5966,9086,0.3769,county,0.2059,-0.5856,10087,0.4184,county,0.1758,-0.6457,9948,0.4126,county,0.0092,0.1102,-0.0301,-0.0138,"MEDSL county presidential returns (doi:10.7910/DVN/VOQCHQ, v20.0)"
48421,0.1063,-0.7604,935,0.3841,county,0.0931,-0.8014,992,0.4076,county,0.0555,-0.8809,873,0.3587,county,-0.0132,0.061,-0.0377,-0.12,"MEDSL county presidential returns (doi:10.7910/DVN/VOQCHQ, v20.0)"
48423,0.2745,-0.4321,84768,0.3561,county,0.3001,-0.3943,100089,0.4205,county,0.2725,-0.4507,103879,0.4364,county,0.0255,0.1807,-0.0276,0.0379,"MEDSL county presidential returns (doi:10.7910/DVN/VOQCHQ, v20.0)"
48425,0.1444,-0.6839,3897,0.4098,county,0.1576,-0.6746,4947,0.5202,county,0.1432,-0.7068,5294,0.5567,county,0.0132,0.2694,-0.0144,0.0701,"MEDSL county presidential returns (doi:10.7910/DVN/VOQCHQ, v20.0)"
48427,0.8068,0.6018,11740,0.1784,county,0.5252,0.05,17525,0.2663,county,0.4197,-0.1599,16421,0.2495,county,-0.2816,0.4928,-0.1055,-0.063,"MEDSL county presidential returns (doi:10.7910/DVN/VOQCHQ, v20.0)"
48429,0.1029,-0.7761,3461,0.373,county,0.105,-0.7863,3800,0.4096,county,0.1023,-0.7934,3761,0.4054,county,0.0021,0.0979,-0.0026,-0.0103,"MEDSL county presidential returns (doi:10.7910/DVN/VOQCHQ, v20.0)"
48431,0.1131,-0.7567,633,0.4557,county,0.0803,-0.8341,639,0.46,county,0.0687,-0.8585,629,0.4528,county,-0.0328,0.0095,-0.0116,-0.0156,"MEDSL county presidential returns (doi:10.7910/DVN/VOQCHQ, v20.0)"
48433,0.1957,-0.5991,701,0.5635,county,0.1587,-0.678,736,0.5916,county,0.1541,-0.6899,716,0.5756,county,-0.037,0.0499,-0.0046,-0.0272,"MEDSL county presidential returns (doi:10.7910/DVN/VOQCHQ, v20.0)"
48435,0.2255,-0.5381,1416,0.4283,county,0.2085,-0.578,1557,0.471,county,0.1634,-0.6707,1400,0.4235,county,-0.017,0.0996,-0.0451,-0.1008,"MEDSL county presidential returns (doi:10.7910/DVN/VOQCHQ, v20.0)"
48437,0.2166,-0.5485,2204,0.3157,county,0.2058,-0.5805,2355,0.3373,county,0.1797,-0.6344,2265,0.3245,county,-0.0108,0.0685,-0.0261,-0.0382,"MEDSL county presidential returns (doi:10.7910/DVN/VOQCHQ, v20.0)"
48439,0.4547,-0.0861,668514,0.313,county,0.5011,0.0022,834697,0.3908,county,0.474,-0.0512,823312,0.3855,county,0.0465,0.2486,-0.0271,-0.0136,"MEDSL county presidential returns (doi:10.7910/DVN/VOQCHQ, v20.0)"
48441,0.2327,-0.5062,45759,0.3172,county,0.2695,-0.4527,55135,0.3822,county,0.2485,-0.4976,55417,0.3841,county,0.0368,0.2049,-0.021,0.0051,"MEDSL county presidential returns (doi:10.7910/DVN/VOQCHQ, v20.0)"
48443,0.3271,-0.3379,438,0.5147,county,0.2627,-0.4694,458,0.5382,county,0.2247,-0.5506,405,0.4759,county,-0.0644,0.0457,-0.038,-0.1157,"MEDSL county presidential returns (doi:10.7910/DVN/VOQCHQ, v20.0)"
48445,0.2344,-0.5085,3355,0.2868,county,0.2121,-0.5689,3612,0.3087,county,0.1725,-0.6515,3420,0.2923,county,-0.0223,0.0766,-0.0396,-0.0532,"MEDSL county presidential returns (doi:10.7910/DVN/VOQCHQ, v20.0)"
48447,0.1051,-0.7809,808,0.5085,county,0.0923,-0.8098,894,0.5626,county,0.0815,-0.8333,900,0.5664,county,-0.0128,0.1064,-0.0109,0.0067,"MEDSL county presidential returns (doi:10.7910/DVN/VOQCHQ, v20.0)"
48449,0.2851,-0.4155,9419,0.3011,county,0.2739,-0.4472,10541,0.3369,county,0.2244,-0.5469,10214,0.3265,county,-0.0112,0.1191,-0.0495,-0.031,"MEDSL county presidential returns (doi:10.7910/DVN/VOQCHQ, v20.0)"
48451,0.2502,-0.4761,38479,0.3223,county,0.2747,-0.444,45210,0.3786,county,0.2575,-0.4799,45460,0.3807,county,0.0245,0.1749,-0.0172,0.0055,"MEDSL county presidential returns (doi:10.7910/DVN/VOQCHQ, v20.0)"
48453,0.7079,0.3863,468720,0.3585,county,0.7298,0.4511,608575,0.4654,county,0.7003,0.3926,581276,0.4445,county,0.022,0.2984,-0.0296,-0.0449,"MEDSL county presidential returns (doi:10.7910/DVN/VOQCHQ, v20.0)"
48455,0.1959,-0.5987,5985,0.4321,county,0.1917,-0.6134,6938,0.5009,county,0.163,-0.6701,7374,0.5324,county,-0.0042,0.1592,-0.0287,0.0628,"MEDSL county presidential returns (doi:10.7910/DVN/VOQCHQ, v20.0)"
48457,0.1585,-0.6707,8016,0.3991,county,0.1462,-0.703,9660,0.481,county,0.131,-0.7347,9578,0.4769,county,-0.0123,0.2051,-0.0152,-0.0085,"MEDSL county presidential returns (doi:10.7910/DVN/VOQCHQ, v20.0)"
48459,0.1527,-0.6763,16013,0.3825,county,0.154,-0.6845,18892,0.4513,county,0.1427,-0.71,19887,0.475,county,0.0013,0.1798,-0.0112,0.0527,"MEDSL county presidential returns (doi:10.7910/DVN/VOQCHQ, v20.0)"
48461,0.2212,-0.5353,1347,0.4174,county,0.1261,-0.7368,1368,0.4239,county,0.1127,-0.7698,1303,0.4038,county,-0.0951,0.0156,-0.0134,-0.0475,"MEDSL county presidential returns (doi:10.7910/DVN/VOQCHQ, v20.0)"
48463,0.4444,-0.108,8964,0.3613,county,0.3975,-0.2031,10344,0.4169,county,0.3318,-0.334,9772,0.3939,county,-0.0469,0.1539,-0.0657,-0.0553,"MEDSL county presidential returns (doi:10.7910/DVN/VOQCHQ, v20.0)"
48465,0.5418,0.0789,13617,0.2858,county,0.4498,-0.099,15280,0.3207,county,0.3657,-0.266,14588,0.3062,county,-0.092,0.1221,-0.0841,-0.0453,"MEDSL county presidential returns (doi:10.7910/DVN/VOQCHQ, v20.0)"
48467,0.1316,-0.716,21890,0.357,county,0.1364,-0.7205,26029,0.4245,county,0.1241,-0.7478,27950,0.4558,county,0.0048,0.1891,-0.0123,0.0738,"MEDSL county presidential returns (doi:10.7910/DVN/VOQCHQ, v20.0)"
48469,0.2942,-0.3987,31123,0.341,county,0.3077,-0.3796,34188,0.3745,county,0.2856,-0.4251,35315,0.3869,county,0.0135,0.0985,-0.0221,0.033,"MEDSL county presidential returns (doi:10.7910/DVN/VOQCHQ, v20.0)"
48471,0.321,-0.3432,19796,0.2528,county,0.339,-0.3173,23612,0.3016,county,0.2987,-0.3994,25175,0.3216,county,0.018,0.1928,-0.0402,0.0662,"MEDSL county presidential returns (doi:10.7910/DVN/VOQCHQ, v20.0)"
48473,0.3531,-0.285,16784,0.2823,county,0.3648,-0.267,22734,0.3824,county,0.3736,-0.2501,27561,0.4636,county,0.0117,0.3545,0.0087,0.2123,"MEDSL county presidential returns (doi:10.7910/DVN/VOQCHQ, v20.0)"
48475,0.2351,-0.512,3445,0.3061,county,0.1908,-0.6101,4060,0.3607,county,0.1676,-0.6608,3765,0.3345,county,-0.0444,0.1785,-0.0232,-0.0727,"MEDSL county presidential returns (doi:10.7910/DVN/VOQCHQ, v20.0)"
48477,0.2361,-0.51,14828,0.4101,county,0.2474,-0.4991,17427,0.482,county,0.2245,-0.5469,18217,0.5038,county,0.0114,0.1753,-0.023,0.0453,"MEDSL county presidential returns (doi:10.7910/DVN/VOQCHQ, v20.0)"
48479,0.7657,0.5159,56905,0.2125,county,0.6176,0.2328,68397,0.2555,county,0.489,-0.0217,65865,0.246,county,-0.1481,0.202,-0.1285,-0.037,"MEDSL county presidential returns (doi:10.7910/DVN/VOQCHQ, v20.0)"
48481,0.2946,-0.4012,14732,0.3537,county,0.2824,-0.4315,16761,0.4024,county,0.2392,-0.5184,16453,0.395,county,-0.0121,0.1377,-0.0433,-0.0184,"MEDSL county presidential returns (doi:10.7910/DVN/VOQCHQ, v20.0)"
48483,0.0851,-0.8209,2306,0.4704,county,0.0722,-0.8519,2337,0.4767,county,0.0747,-0.8461,2274,0.4639,county,-0.0129,0.0134,0.0025,-0.027,"MEDSL county presidential returns (doi:10.7910/DVN/VOQCHQ, v20.0)"
48485,0.2409,-0.4948,38119,0.2936,county,0.291,-0.4107,46040,0.3546,county,0.2778,-0.4397,44530,0.343,county,0.0501,0.2078,-0.0132,-0.0328,"MEDSL county presidential returns (doi:10.7910/DVN/VOQCHQ, v20.0)"
48487,0.2035,-0.5742,4105,0.3229,county,0.2134,-0.5676,4524,0.3559,county,0.1943,-0.6058,4467,0.3514,county,0.0099,0.1021,-0.0191,-0.0126,"MEDSL county presidential returns (doi:10.7910/DVN/VOQCHQ, v20.0)"
48489,0.6887,0.368,5095,0.252,county,0.5601,0.1202,5549,0.2745,county,0.4835,-0.0329,5563,0.2752,county,-0.1286,0.0891,-0.0767,0.0025,"MEDSL county presidential returns (doi:10.7910/DVN/VOQCHQ, v20.0)"
48491,0.4478,-0.097,203081,0.3154,county,0.5072,0.014,289555,0.4497,county,0.4876,-0.0245,308469,0.4791,county,0.0594,0.4258,-0.0196,0.0653,"MEDSL county presidential returns (doi:10.7910/DVN/VOQCHQ, v20.0)"
48493,0.2549,-0.4739,19432,0.3773,county,0.2559,-0.4843,25013,0.4857,county,0.2302,-0.537,27275,0.5296,county,0.001,0.2872,-0.0257,0.0904,"MEDSL county presidential returns (doi:10.7910/DVN/VOQCHQ, v20.0)"
48495,0.2304,-0.524,1876,0.2488,county,0.1696,-0.6562,2126,0.282,county,0.1467,-0.7051,1933,0.2564,county,-0.0608,0.1333,-0.0229,-0.0908,"MEDSL county presidential returns (doi:10.7910/DVN/VOQCHQ, v20.0)"
48497,0.1417,-0.6966,24776,0.3424,county,0.1554,-0.6816,32365,0.4473,county,0.1475,-0.7003,38243,0.5285,county,0.0137,0.3063,-0.0078,0.1816,"MEDSL county presidential returns (doi:10.7910/DVN/VOQCHQ, v20.0)"
48499,0.1435,-0.6979,18727,0.4063,county,0.1556,-0.6822,22779,0.4942,county,0.1493,-0.6972,24386,0.529,county,0.0121,0.2164,-0.0063,0.0705,"MEDSL county presidential returns (doi:10.7910/DVN/VOQCHQ, v20.0)"
48501,0.1916,-0.5953,2303,0.3035,county,0.1619,-0.6667,2631,0.3467,county,0.1436,-0.7092,2393,0.3153,county,-0.0297,0.1424,-0.0183,-0.0905,"MEDSL county presidential returns (doi:10.7910/DVN/VOQCHQ, v20.0)"
48503,0.1172,-0.7428,7707,0.429,county,0.127,-0.7375,8239,0.4587,county,0.1165,-0.7621,8314,0.4628,county,0.0098,0.069,-0.0105,0.0091,"MEDSL county presidential returns (doi:10.7910/DVN/VOQCHQ, v20.0)"
48505,0.6672,0.3291,3142,0.2268,county,0.4732,-0.0534,3874,0.2796,county,0.3872,-0.2244,4871,0.3516,county,-0.194,0.233,-0.0859,0.2574,"MEDSL county presidential returns (doi:10.7910/DVN/VOQCHQ, v20.0)"
48507,0.7916,0.5718,3396,0.3563,county,0.6578,0.3138,4379,0.4594,county,0.5724,0.1438,3492,0.3663,county,-0.1338,0.2895,-0.0854,-0.2026,"MEDSL county presidential returns (doi:10.7910/DVN/VOQCHQ, v20.0)"
49001,0.1256,-0.6319,2491,0.3473,county,0.117,-0.7542,3100,0.4322,county,0.1241,-0.7432,3212,0.4479,county,-0.0086,0.2445,0.0071,0.0361,"MEDSL county presidential returns (doi:10.7910/DVN/VOQCHQ, v20.0)"
49003,0.1572,-0.5041,19735,0.3304,county,0.1719,-0.6319,27023,0.4525,county,0.1875,-0.6078,28920,0.4842,county,0.0147,0.3693,0.0156,0.0702,"MEDSL county presidential returns (doi:10.7910/DVN/VOQCHQ, v20.0)"
49005,0.2883,-0.2725,46157,0.3368,county,0.3045,-0.3664,58358,0.4259,county,0.3218,-0.3442,60258,0.4397,county,0.0162,0.2643,0.0173,0.0326,"MEDSL county presidential returns (doi:10.7910/DVN/VOQCHQ, v20.0)"
49007,0.2456,-0.4474,7952,0.3889,county,0.2633,-0.4591,9369,0.4582,county,0.2732,-0.444,9445,0.4619,county,0.0177,0.1782,0.0099,0.0081,"MEDSL county presidential returns (doi:10.7910/DVN/VOQCHQ, v20.0)"
49009,0.1887,-0.5359,474,0.6345,county,0.1829,-0.622,619,0.8286,county,0.1857,-0.6218,550,0.7363,county,-0.0059,0.3059,0.0028,-0.1115,"MEDSL county presidential returns (doi:10.7910/DVN/VOQCHQ, v20.0)"
49011,0.3162,-0.2416,138411,0.3774,county,0.3554,-0.2751,169814,0.463,county,0.3716,-0.2485,166570,0.4542,county,0.0391,0.2269,0.0162,-0.0191,"MEDSL county presidential returns (doi:10.7910/DVN/VOQCHQ, v20.0)"
49013,0.0832,-0.7214,6942,0.3483,county,0.1009,-0.779,8561,0.4295,county,0.1143,-0.7589,8968,0.4499,county,0.0177,0.2332,0.0134,0.0475,"MEDSL county presidential returns (doi:10.7910/DVN/VOQCHQ, v20.0)"
49015,0.0999,-0.71,4289,0.4303,county,0.1197,-0.7421,4898,0.4914,county,0.122,-0.746,5011,0.5027,county,0.0198,0.142,0.0023,0.0231,"MEDSL county presidential returns (doi:10.7910/DVN/VOQCHQ, v20.0)"
49017,0.1823,-0.5324,2344,0.4534,county,0.1924,-0.6018,2732,0.5284,county,0.1966,-0.5941,2811,0.5437,county,0.0101,0.1655,0.0042,0.0289,"MEDSL county presidential returns (doi:10.7910/DVN/VOQCHQ, v20.0)"
49019,0.4981,-0.0033,4533,0.4675,county,0.5552,0.1076,5185,0.5347,county,0.5486,0.0945,5300,0.5466,county,0.0571,0.1438,-0.0066,0.0222,"MEDSL county presidential returns (doi:10.7910/DVN/VOQCHQ, v20.0)"
49021,0.1749,-0.5161,17654,0.2933,county,0.2048,-0.5615,25104,0.417,county,0.2085,-0.5699,27878,0.4631,county,0.03,0.422,0.0037,0.1105,"MEDSL county presidential returns (doi:10.7910/DVN/VOQCHQ, v20.0)"
49023,0.1352,-0.571,4177,0.3403,county,0.1125,-0.7574,5865,0.4779,county,0.1146,-0.7574,6518,0.5311,county,-0.0227,0.4041,0.0021,0.1113,"MEDSL county presidential returns (doi:10.7910/DVN/VOQCHQ, v20.0)"
49025,0.2465,-0.4348,3505,0.4383,county,0.2654,-0.4581,4180,0.5228,county,0.2576,-0.4768,4488,0.5613,county,0.0189,0.1926,-0.0078,0.0737,"MEDSL county presidential returns (doi:10.7910/DVN/VOQCHQ, v20.0)"
49027,0.1004,-0.6541,5242,0.3978,county,0.1035,-0.7722,6190,0.4697,county,0.1137,-0.7586,6387,0.4846,county,0.0031,0.1808,0.0102,0.0318,"MEDSL county presidential returns (doi:10.7910/DVN/VOQCHQ, v20.0)"
49029,0.1533,-0.5029,5192,0.4126,county,0.1733,-0.6199,6606,0.5249,county,0.1916,-0.5982,6760,0.5371,county,0.02,0.2723,0.0183,0.0233,"MEDSL county presidential returns (doi:10.7910/DVN/VOQCHQ, v20.0)"
49031,0.0698,-0.7942,729,0.4276,county,0.1001,-0.7887,871,0.5109,county,0.0992,-0.7892,963,0.5648,county,0.0303,0.1948,-0.001,0.1056,"MEDSL county presidential returns (doi:10.7910/DVN/VOQCHQ, v20.0)"
49033,0.1154,-0.6249,1109,0.4285,county,0.1346,-0.7137,1369,0.529,county,0.1502,-0.689,1447,0.5591,county,0.0192,0.2344,0.0155,0.057,"MEDSL county presidential returns (doi:10.7910/DVN/VOQCHQ, v20.0)"
49035,0.5602,0.0903,418868,0.3536,county,0.5574,0.1093,546581,0.4614,county,0.5526,0.1022,509637,0.4302,county,-0.0028,0.3049,-0.0048,-0.0676,"MEDSL county presidential returns (doi:10.7910/DVN/VOQCHQ, v20.0)"
49037,0.4357,-0.1107,5447,0.3765,county,0.4683,-0.0614,6877,0.4754,county,0.4167,-0.1631,6329,0.4375,county,0.0326,0.2625,-0.0516,-0.0797,"MEDSL county presidential returns (doi:10.7910/DVN/VOQCHQ, v20.0)"
49039,0.1372,-0.5521,10164,0.348,county,0.1464,-0.6863,12625,0.4322,county,0.1518,-0.6758,12944,0.4432,county,0.0092,0.2421,0.0054,0.0253,"MEDSL county presidential returns (doi:10.7910/DVN/VOQCHQ, v20.0)"
49041,0.0935,-0.6985,8654,0.396,county,0.1069,-0.769,10362,0.4741,county,0.1148,-0.7587,10926,0.5,county,0.0135,0.1974,0.0079,0.0544,"MEDSL county presidential returns (doi:10.7910/DVN/VOQCHQ, v20.0)"
49043,0.5889,0.1536,20641,0.4833,county,0.5979,0.1914,26086,0.6108,county,0.5754,0.148,25876,0.6059,county,0.009,0.2638,-0.0225,-0.0081,"MEDSL county presidential returns (doi:10.7910/DVN/VOQCHQ, v20.0)"
49045,0.2905,-0.3022,21829,0.2848,county,0.2985,-0.3831,31506,0.411,county,0.2893,-0.4095,34006,0.4437,county,0.008,0.4433,-0.0092,0.0793,"MEDSL county presidential returns (doi:10.7910/DVN/VOQCHQ, v20.0)"
49047,0.0921,-0.6888,12797,0.351,county,0.1114,-0.7579,15303,0.4197,county,0.1255,-0.7357,15832,0.4343,county,0.0193,0.1958,0.0141,0.0346,"MEDSL county presidential returns (doi:10.7910/DVN/VOQCHQ, v20.0)"
49049,0.2182,-0.3655,201551,0.2948,county,0.2828,-0.4108,284286,0.4159,county,0.2945,-0.3976,298143,0.4361,county,0.0646,0.4105,0.0117,0.0487,"MEDSL county presidential returns (doi:10.7910/DVN/VOQCHQ, v20.0)"
49051,0.3337,-0.2518,12120,0.3385,county,0.3643,-0.259,17790,0.4968,county,0.3598,-0.2744,18354,0.5126,county,0.0306,0.4678,-0.0046,0.0317,"MEDSL county presidential returns (doi:10.7910/DVN/VOQCHQ, v20.0)"
49053,0.1943,-0.5223,61963,0.3264,county,0.2338,-0.5135,91070,0.4798,county,0.2338,-0.5227,97256,0.5123,county,0.0394,0.4697,0.0,0.0679,"MEDSL county presidential returns (doi:10.7910/DVN/VOQCHQ, v20.0)"
49055,0.2191,-0.4891,1421,0.5557,county,0.229,-0.533,1621,0.6339,county,0.2353,-0.5191,1651,0.6457,county,0.0099,0.1407,0.0063,0.0185,"MEDSL county presidential returns (doi:10.7910/DVN/VOQCHQ, v20.0)"
49057,0.365,-0.2011,85039,0.3195,county,0.3816,-0.2267,111403,0.4185,county,0.3791,-0.2348,112054,0.421,county,0.0166,0.31,-0.0025,0.0058,"MEDSL county presidential returns (doi:10.7910/DVN/VOQCHQ, v20.0)"
50001,0.6793,0.3112,19031,0.5075,county,0.6968,0.3769,22611,0.603,county,0.685,0.352,22832,0.6089,county,0.0175,0.1881,-0.0117,0.0098,"MEDSL county presidential returns (doi:10.7910/DVN/VOQCHQ, v20.0)"
50003,0.6169,0.2079,17381,0.4658,county,0.6381,0.2652,19357,0.5188,county,0.6156,0.2212,20926,0.5608,county,0.0213,0.1137,-0.0226,0.0811,"MEDSL county presidential returns (doi:10.7910/DVN/VOQCHQ, v20.0)"
50005,0.538,0.0647,14075,0.4626,county,0.5901,0.1719,15158,0.4982,county,0.5644,0.1219,16812,0.5526,county,0.0521,0.0769,-0.0257,0.1091,"MEDSL county presidential returns (doi:10.7910/DVN/VOQCHQ, v20.0)"
50007,0.7466,0.4341,83418,0.4941,county,0.7839,0.5461,96755,0.5731,county,0.7763,0.5261,98300,0.5822,county,0.0373,0.1599,-0.0076,0.016,"MEDSL county presidential returns (doi:10.7910/DVN/VOQCHQ, v20.0)"
50009,0.4036,-0.1665,2925,0.4898,county,0.4662,-0.0647,4237,0.7095,county,0.4156,-0.158,3456,0.5787,county,0.0626,0.4485,-0.0506,-0.1843,"MEDSL county presidential returns (doi:10.7910/DVN/VOQCHQ, v20.0)"
50011,0.5165,0.028,21411,0.425,county,0.547,0.0897,26072,0.5175,county,0.5153,0.0293,26998,0.5359,county,0.0304,0.2177,-0.0316,0.0355,"MEDSL county presidential returns (doi:10.7910/DVN/VOQCHQ, v20.0)"
50013,0.5848,0.1477,4110,0.5559,county,0.604,0.1992,5782,0.7821,county,0.6083,0.2077,5042,0.682,county,0.0192,0.4068,0.0043,-0.128,"MEDSL county presidential returns (doi:10.7910/DVN/VOQCHQ, v20.0)"
50015,0.6698,0.2877,12762,0.4902,county,0.7209,0.4211,15679,0.6022,county,0.6848,0.3521,15006,0.5764,county,0.0511,0.2286,-0.0361,-0.0429,"MEDSL county presidential returns (doi:10.7910/DVN/VOQCHQ, v20.0)"
50017,0.601,0.173,14649,0.495,county,0.5909,0.1727,14876,0.5027,county,0.6046,0.1981,17852,0.6032,county,-0.0101,0.0155,0.0137,0.2001,"MEDSL county presidential returns (doi:10.7910/DVN/VOQCHQ, v20.0)"
50019,0.5013,0.0022,12047,0.4382,county,0.5226,0.0435,15442,0.5617,county,0.492,-0.0152,14894,0.5418,county,0.0213,0.2818,-0.0306,-0.0355,"MEDSL county presidential returns (doi:10.7910/DVN/VOQCHQ, v20.0)"
50021,0.5221,0.039,29619,0.4897,county,0.5617,0.1185,34772,0.5749,county,0.5271,0.052,34392,0.5686,county,0.0396,0.174,-0.0346,-0.0109,"MEDSL county presidential returns (doi:10.7910/DVN/VOQCHQ, v20.0)"
50023,0.6994,0.341,31086,0.5185,county,0.7425,0.4641,35325,0.5892,county,0.7245,0.4256,35711,0.5956,county,0.0431,0.1364,-0.018,0.0109,"MEDSL county presidential returns (doi:10.7910/DVN/VOQCHQ, v20.0)"
50025,0.7245,0.3926,22635,0.493,county,0.7345,0.4501,28452,0.6197,county,0.721,0.4208,26085,0.5681,county,0.01,0.257,-0.0135,-0.0832,"MEDSL county presidential returns (doi:10.7910/DVN/VOQCHQ, v20.0)"
50027,0.6711,0.2991,29928,0.5163,county,0.7097,0.4033,36308,0.6263,county,0.6833,0.3502,34579,0.5965,county,0.0386,0.2132,-0.0264,-0.0476,"MEDSL county presidential returns (doi:10.7910/DVN/VOQCHQ, v20.0)"
51001,0.4399,-0.1165,15818,0.4746,county,0.4524,-0.094,16962,0.509,county,0.4329,-0.1333,17144,0.5144,county,0.0126,0.0723,-0.0195,0.0107,"MEDSL county presidential returns (doi:10.7910/DVN/VOQCHQ, v20.0)"
51003,0.6339,0.2483,56726,0.499,county,0.6712,0.335,64657,0.5687,county,0.673,0.3411,66740,0.5871,county,0.0373,0.1398,0.0018,0.0322,"MEDSL county presidential returns (doi:10.7910/DVN/VOQCHQ, v20.0)"
51005,0.3077,-0.3697,7325,0.4896,county,0.2768,-0.4408,8203,0.5483,county,0.2576,-0.4807,8277,0.5532,county,-0.0308,0.1199,-0.0193,0.009,"MEDSL county presidential returns (doi:10.7910/DVN/VOQCHQ, v20.0)"
51007,0.3113,-0.3665,7040,0.5277,county,0.3091,-0.3774,7894,0.5917,county,0.2771,-0.4435,8032,0.602,county,-0.0022,0.1213,-0.032,0.0175,"MEDSL county presidential returns (doi:10.7910/DVN/VOQCHQ, v20.0)"
51009,0.3422,-0.3028,15396,0.4906,county,0.3394,-0.3157,17005,0.5418,county,0.3162,-0.3649,17303,0.5513,county,-0.0029,0.1045,-0.0232,0.0175,"MEDSL county presidential returns (doi:10.7910/DVN/VOQCHQ, v20.0)"
51011,0.2614,-0.4609,8011,0.4878,county,0.2651,-0.4622,9268,0.5643,county,0.2429,-0.5102,9642,0.5871,county,0.0037,0.1569,-0.0222,0.0404,"MEDSL county presidential returns (doi:10.7910/DVN/VOQCHQ, v20.0)"
51013,0.8201,0.5919,121356,0.5154,county,0.8252,0.6351,130739,0.5552,county,0.7993,0.586,128362,0.5451,county,0.0051,0.0773,-0.0259,-0.0182,"MEDSL county presidential returns (doi:10.7910/DVN/VOQCHQ, v20.0)"
51015,0.2381,-0.4949,36343,0.4677,county,0.2609,-0.4701,42278,0.544,county,0.2602,-0.4755,44223,0.5691,county,0.0227,0.1633,-0.0007,0.046,"MEDSL county presidential returns (doi:10.7910/DVN/VOQCHQ, v20.0)"
51017,0.2803,-0.4194,2253,0.5464,county,0.2605,-0.475,2501,0.6066,county,0.2293,-0.5376,2582,0.6262,county,-0.0199,0.1101,-0.0312,0.0324,"MEDSL county presidential returns (doi:10.7910/DVN/VOQCHQ, v20.0)"
51019,0.2416,-0.4913,42525,0.5299,county,0.2549,-0.4813,48669,0.6064,county,0.2462,-0.5037,50830,0.6334,county,0.0132,0.1445,-0.0087,0.0444,"MEDSL county presidential returns (doi:10.7910/DVN/VOQCHQ, v20.0)"
51021,0.1497,-0.6754,3139,0.5054,county,0.1549,-0.6815,3479,0.5601,county,0.1488,-0.6973,3548,0.5712,county,0.0052,0.1083,-0.0061,0.0198,"MEDSL county presidential returns (doi:10.7910/DVN/VOQCHQ, v20.0)"
51023,0.2515,-0.4739,18739,0.5532,county,0.2741,-0.445,21123,0.6236,county,0.2724,-0.4513,21893,0.6463,county,0.0226,0.1272,-0.0016,0.0365,"MEDSL county presidential returns (doi:10.7910/DVN/VOQCHQ, v20.0)"
51025,0.5953,0.1871,7669,0.4833,county,0.5755,0.1504,7948,0.5009,county,0.5429,0.0854,7738,0.4876,county,-0.0198,0.0364,-0.0327,-0.0264,"MEDSL county presidential returns (doi:10.7910/DVN/VOQCHQ, v20.0)"
51027,0.1909,-0.6029,9247,0.4657,county,0.1603,-0.6753,9957,0.5014,county,0.1458,-0.7059,9327,0.4697,county,-0.0305,0.0768,-0.0145,-0.0633,"MEDSL county presidential returns (doi:10.7910/DVN/VOQCHQ, v20.0)"
51029,0.4419,-0.1127,7295,0.4313,county,0.4331,-0.132,8129,0.4806,county,0.3814,-0.2349,7915,0.468,county,-0.0089,0.1143,-0.0517,-0.0263,"MEDSL county presidential returns (doi:10.7910/DVN/VOQCHQ, v20.0)"
51031,0.2542,-0.468,27535,0.497,county,0.2753,-0.4406,29901,0.5397,county,0.2552,-0.4858,31171,0.5627,county,0.0211,0.0859,-0.0201,0.0425,"MEDSL county presidential returns (doi:10.7910/DVN/VOQCHQ, v20.0)"
51033,0.4737,-0.0481,14863,0.4712,county,0.4788,-0.0417,16288,0.5164,county,0.4555,-0.088,17653,0.5597,county,0.0051,0.0959,-0.0233,0.0838,"MEDSL county presidential returns (doi:10.7910/DVN/VOQCHQ, v20.0)"
51035,0.1935,-0.5929,13668,0.4688,county,0.1833,-0.627,15657,0.537,county,0.1819,-0.6329,16160,0.5542,county,-0.0102,0.1455,-0.0014,0.0321,"MEDSL county presidential returns (doi:10.7910/DVN/VOQCHQ, v20.0)"
51036,0.6284,0.2484,4107,0.6143,county,0.5984,0.1943,4441,0.6642,county,0.5543,0.1076,4341,0.6493,county,-0.03,0.0813,-0.0441,-0.0225,"MEDSL county presidential returns (doi:10.7910/DVN/VOQCHQ, v20.0)"
51037,0.3825,-0.228,5808,0.5061,county,0.3779,-0.242,6191,0.5395,county,0.3363,-0.3255,6006,0.5234,county,-0.0046,0.0659,-0.0416,-0.0299,"MEDSL county presidential returns (doi:10.7910/DVN/VOQCHQ, v20.0)"
51041,0.488,-0.0225,176461,0.4749,county,0.534,0.0667,203955,0.5488,county,0.5455,0.0898,209730,0.5644,county,0.0459,0.1558,0.0115,0.0283,"MEDSL county presidential returns (doi:10.7910/DVN/VOQCHQ, v20.0)"
51043,0.3956,-0.196,8213,0.5454,county,0.4302,-0.1362,9337,0.62,county,0.4145,-0.1685,9782,0.6495,county,0.0346,0.1369,-0.0157,0.0477,"MEDSL county presidential returns (doi:10.7910/DVN/VOQCHQ, v20.0)"
51045,0.2018,-0.5723,2794,0.5724,county,0.188,-0.6148,3170,0.6495,county,0.1746,-0.6472,3121,0.6394,county,-0.0138,0.1346,-0.0133,-0.0155,"MEDSL county presidential returns (doi:10.7910/DVN/VOQCHQ, v20.0)"
51047,0.3676,-0.2516,22218,0.4148,county,0.3987,-0.199,27116,0.5062,county,0.3738,-0.2496,28553,0.5331,county,0.0311,0.2205,-0.0249,0.053,"MEDSL county presidential returns (doi:10.7910/DVN/VOQCHQ, v20.0)"
51049,0.4302,-0.1347,4906,0.5034,county,0.4245,-0.1491,5313,0.5452,county,0.3883,-0.222,5486,0.563,county,-0.0057,0.083,-0.0362,0.0326,"MEDSL county presidential returns (doi:10.7910/DVN/VOQCHQ, v20.0)"
51051,0.213,-0.5585,6440,0.4626,county,0.2073,-0.5809,7307,0.5249,county,0.1875,-0.6223,7047,0.5062,county,-0.0057,0.1346,-0.0197,-0.0356,"MEDSL county presidential returns (doi:10.7910/DVN/VOQCHQ, v20.0)"
51053,0.4363,-0.1239,13575,0.4834,county,0.4172,-0.1637,15092,0.5374,county,0.3836,-0.2314,15589,0.5551,county,-0.0192,0.1117,-0.0336,0.0329,"MEDSL county presidential returns (doi:10.7910/DVN/VOQCHQ, v20.0)"
51057,0.4889,-0.0213,5408,0.51,county,0.497,-0.006,6178,0.5826,county,0.461,-0.0775,6064,0.5719,county,0.008,0.1424,-0.036,-0.0185,"MEDSL county presidential returns (doi:10.7910/DVN/VOQCHQ, v20.0)"
51059,0.6925,0.3582,551183,0.4816,county,0.7138,0.4184,601243,0.5253,county,0.6799,0.35,584387,0.5106,county,0.0213,0.0908,-0.0338,-0.028,"MEDSL county presidential returns (doi:10.7910/DVN/VOQCHQ, v20.0)"
51061,0.3696,-0.2444,37467,0.5068,county,0.4116,-0.1727,43671,0.5907,county,0.3904,-0.2166,44537,0.6024,county,0.0421,0.1656,-0.0212,0.0198,"MEDSL county presidential returns (doi:10.7910/DVN/VOQCHQ, v20.0)"
51063,0.3029,-0.3718,8051,0.5174,county,0.3255,-0.3422,9412,0.6049,county,0.3118,-0.3723,9625,0.6186,county,0.0226,0.169,-0.0137,0.0226,"MEDSL county presidential returns (doi:10.7910/DVN/VOQCHQ, v20.0)"
51065,0.4505,-0.093,13597,0.4897,county,0.4762,-0.0468,15846,0.5707,county,0.4683,-0.0627,16678,0.6007,county,0.0257,0.1654,-0.0079,0.0525,"MEDSL county presidential returns (doi:10.7910/DVN/VOQCHQ, v20.0)"
51067,0.281,-0.4194,26971,0.4908,county,0.2863,-0.4213,29704,0.5405,county,0.2716,-0.4528,30912,0.5625,county,0.0053,0.1013,-0.0147,0.0407,"MEDSL county presidential returns (doi:10.7910/DVN/VOQCHQ, v20.0)"
51069,0.3139,-0.3499,40440,0.4332,county,0.3602,-0.274,48718,0.5219,county,0.3563,-0.2841,52040,0.5574,county,0.0464,0.2047,-0.0039,0.0682,"MEDSL county presidential returns (doi:10.7910/DVN/VOQCHQ, v20.0)"
51071,0.2481,-0.4822,8212,0.4944,county,0.2387,-0.5143,9178,0.5526,county,0.2256,-0.5451,9234,0.5559,county,-0.0094,0.1176,-0.0131,0.0061,"MEDSL county presidential returns (doi:10.7910/DVN/VOQCHQ, v20.0)"
51073,0.2921,-0.3921,19619,0.5001,county,0.3189,-0.355,22284,0.5681,county,0.3065,-0.3838,23149,0.5901,county,0.0268,0.1358,-0.0124,0.0388,"MEDSL county presidential returns (doi:10.7910/DVN/VOQCHQ, v20.0)"
51075,0.3683,-0.249,14037,0.548,county,0.4015,-0.1935,16952,0.6619,county,0.406,-0.1859,19616,0.7659,county,0.0331,0.2077,0.0045,0.1571,"MEDSL county presidential returns (doi:10.7910/DVN/VOQCHQ, v20.0)"
51077,0.201,-0.5745,7285,0.4754,county,0.1904,-0.6142,8131,0.5306,county,0.1868,-0.622,8104,0.5289,county,-0.0107,0.1161,-0.0036,-0.0033,"MEDSL county presidential returns (doi:10.7910/DVN/VOQCHQ, v20.0)"
51079,0.3297,-0.3144,9608,0.4608,county,0.3775,-0.2389,11313,0.5426,county,0.3748,-0.2472,12038,0.5774,county,0.0478,0.1775,-0.0026,0.0641,"MEDSL county presidential returns (doi:10.7910/DVN/VOQCHQ, v20.0)"
51081,0.5956,0.1882,4363,0.386,county,0.5785,0.1559,4574,0.4046,county,0.5466,0.0926,4296,0.38,county,-0.0171,0.0484,-0.0319,-0.0608,"MEDSL county presidential returns (doi:10.7910/DVN/VOQCHQ, v20.0)"
51083,0.4155,-0.1651,17001,0.5028,county,0.4239,-0.1508,18248,0.5397,county,0.394,-0.2105,17844,0.5278,county,0.0085,0.0733,-0.0299,-0.0221,"MEDSL county presidential returns (doi:10.7910/DVN/VOQCHQ, v20.0)"
51085,0.3284,-0.3227,62753,0.562,county,0.3635,-0.2678,70988,0.6358,county,0.3697,-0.2577,73087,0.6546,county,0.035,0.1312,0.0063,0.0296,"MEDSL county presidential returns (doi:10.7910/DVN/VOQCHQ, v20.0)"
51087,0.6108,0.2082,163654,0.4893,county,0.6476,0.2899,183299,0.5481,county,0.6466,0.2887,180642,0.5401,county,0.0368,0.12,-0.001,-0.0145,"MEDSL county presidential returns (doi:10.7910/DVN/VOQCHQ, v20.0)"
51089,0.3503,-0.2908,24106,0.4786,county,0.353,-0.2911,26105,0.5183,county,0.3348,-0.3283,25413,0.5046,county,0.0028,0.0829,-0.0182,-0.0265,"MEDSL county presidential returns (doi:10.7910/DVN/VOQCHQ, v20.0)"
51091,0.2792,-0.422,1391,0.6141,county,0.2763,-0.4403,1533,0.6768,county,0.2753,-0.4441,1529,0.6751,county,-0.0028,0.1021,-0.001,-0.0026,"MEDSL county presidential returns (doi:10.7910/DVN/VOQCHQ, v20.0)"
51093,0.3924,-0.2051,21075,0.5343,county,0.4068,-0.1837,23456,0.5947,county,0.4002,-0.1978,24672,0.6255,county,0.0144,0.113,-0.0066,0.0518,"MEDSL county presidential returns (doi:10.7910/DVN/VOQCHQ, v20.0)"
51095,0.4728,-0.051,43173,0.5394,county,0.5246,0.0483,49639,0.6201,county,0.5315,0.0622,50892,0.6358,county,0.0519,0.1498,0.0068,0.0252,"MEDSL county presidential returns (doi:10.7910/DVN/VOQCHQ, v20.0)"
51097,0.4116,-0.1707,3697,0.5538,county,0.3936,-0.209,4115,0.6164,county,0.3707,-0.2569,4173,0.6251,county,-0.018,0.1131,-0.0229,0.0141,"MEDSL county presidential returns (doi:10.7910/DVN/VOQCHQ, v20.0)"
51099,0.3531,-0.2765,12059,0.439,county,0.3902,-0.2138,14227,0.5179,county,0.3732,-0.2502,15362,0.5593,county,0.0371,0.1798,-0.017,0.0798,"MEDSL county presidential returns (doi:10.7910/DVN/VOQCHQ, v20.0)"
51101,0.316,-0.3509,9161,0.5025,county,0.3081,-0.3781,10737,0.5889,county,0.2954,-0.4058,11561,0.6341,county,-0.0078,0.172,-0.0127,0.0767,"MEDSL county presidential returns (doi:10.7910/DVN/VOQCHQ, v20.0)"
51103,0.4488,-0.0984,6645,0.611,county,0.4767,-0.046,7152,0.6576,county,0.4646,-0.0702,7279,0.6693,county,0.0279,0.0763,-0.0121,0.0178,"MEDSL county presidential returns (doi:10.7910/DVN/VOQCHQ, v20.0)"
51105,0.1774,-0.6294,9399,0.4264,county,0.1511,-0.6913,9947,0.4513,county,0.1382,-0.7205,10108,0.4586,county,-0.0263,0.0583,-0.0129,0.0162,"MEDSL county presidential returns (doi:10.7910/DVN/VOQCHQ, v20.0)"
51107,0.5903,0.1685,183097,0.4287,county,0.6277,0.2502,224976,0.5268,county,0.584,0.1629,228208,0.5343,county,0.0373,0.2287,-0.0437,0.0144,"MEDSL county presidential returns (doi:10.7910/DVN/VOQCHQ, v20.0)"
51109,0.3711,-0.2448,17631,0.4519,county,0.3835,-0.2293,21916,0.5618,county,0.3679,-0.262,24067,0.6169,county,0.0124,0.243,-0.0156,0.0981,"MEDSL county presidential returns (doi:10.7910/DVN/VOQCHQ, v20.0)"
51111,0.4101,-0.1749,5586,0.4659,county,0.406,-0.1864,6002,0.5006,county,0.3853,-0.2281,5879,0.4903,county,-0.004,0.0745,-0.0207,-0.0205,"MEDSL county presidential returns (doi:10.7910/DVN/VOQCHQ, v20.0)"
51113,0.3327,-0.3175,6979,0.501,county,0.3373,-0.3199,8133,0.5838,county,0.3225,-0.3521,8439,0.6058,county,0.0047,0.1654,-0.0148,0.0376,"MEDSL county presidential returns (doi:10.7910/DVN/VOQCHQ, v20.0)"
51115,0.3077,-0.3679,5311,0.6236,county,0.3187,-0.3562,5829,0.6844,county,0.3017,-0.3933,5929,0.6961,county,0.011,0.0975,-0.017,0.0172,"MEDSL county presidential returns (doi:10.7910/DVN/VOQCHQ, v20.0)"
51117,0.4313,-0.134,14945,0.4911,county,0.4234,-0.152,16207,0.5326,county,0.3954,-0.2082,16266,0.5345,county,-0.0079,0.0844,-0.0279,0.0036,"MEDSL county presidential returns (doi:10.7910/DVN/VOQCHQ, v20.0)"
51119,0.3648,-0.2596,6017,0.5585,county,0.3725,-0.2513,6785,0.6298,county,0.3621,-0.2738,6882,0.6388,county,0.0077,0.1276,-0.0104,0.0143,"MEDSL county presidential returns (doi:10.7910/DVN/VOQCHQ, v20.0)"
51121,0.5071,0.0131,43031,0.434,county,0.5295,0.0575,45037,0.4542,county,0.5177,0.0349,46767,0.4716,county,0.0224,0.0466,-0.0118,0.0384,"MEDSL county presidential returns (doi:10.7910/DVN/VOQCHQ, v20.0)"
51125,0.4704,-0.0559,8318,0.5629,county,0.4735,-0.052,9318,0.6306,county,0.4621,-0.0752,9388,0.6353,county,0.0031,0.1202,-0.0114,0.0075,"MEDSL county presidential returns (doi:10.7910/DVN/VOQCHQ, v20.0)"
51127,0.304,-0.3735,12242,0.5071,county,0.3242,-0.3462,14471,0.5995,county,0.3395,-0.3185,16744,0.6936,county,0.0202,0.1821,0.0153,0.1571,"MEDSL county presidential returns (doi:10.7910/DVN/VOQCHQ, v20.0)"
51131,0.5479,0.0922,6172,0.5095,county,0.5538,0.1058,6732,0.5557,county,0.5309,0.0615,6832,0.5639,county,0.0059,0.0907,-0.0228,0.0149,"MEDSL county presidential returns (doi:10.7910/DVN/VOQCHQ, v20.0)"
51133,0.3987,-0.196,7398,0.6122,county,0.4203,-0.1578,7815,0.6467,county,0.3934,-0.2116,8205,0.6789,county,0.0217,0.0564,-0.027,0.0499,"MEDSL county presidential returns (doi:10.7910/DVN/VOQCHQ, v20.0)"
51135,0.4325,-0.1309,6744,0.4324,county,0.4245,-0.1492,7078,0.4538,county,0.3874,-0.2236,6853,0.4394,county,-0.008,0.0495,-0.0371,-0.0318,"MEDSL county presidential returns (doi:10.7910/DVN/VOQCHQ, v20.0)"
51137,0.3615,-0.2643,17270,0.4641,county,0.3915,-0.2135,20754,0.5578,county,0.3754,-0.2468,22247,0.5979,county,0.03,0.2017,-0.0161,0.0719,"MEDSL county presidential returns (doi:10.7910/DVN/VOQCHQ, v20.0)"
51139,0.243,-0.4951,10740,0.4522,county,0.2434,-0.5065,12514,0.5269,county,0.2272,-0.541,13211,0.5563,county,0.0004,0.1652,-0.0162,0.0557,"MEDSL county presidential returns (doi:10.7910/DVN/VOQCHQ, v20.0)"
51141,0.215,-0.5497,8525,0.4842,county,0.207,-0.5801,9535,0.5416,county,0.1958,-0.6042,9698,0.5508,county,-0.008,0.1185,-0.0112,0.0171,"MEDSL county presidential returns (doi:10.7910/DVN/VOQCHQ, v20.0)"
51143,0.2991,-0.391,31598,0.5253,county,0.2987,-0.3984,34227,0.569,county,0.2831,-0.4314,34100,0.5669,county,-0.0004,0.0832,-0.0156,-0.0037,"MEDSL county presidential returns (doi:10.7910/DVN/VOQCHQ, v20.0)"
51145,0.2546,-0.463,16900,0.5439,county,0.2746,-0.4427,19733,0.635,county,0.2776,-0.4407,20841,0.6707,county,0.02,0.1676,0.0031,0.0561,"MEDSL county presidential returns (doi:10.7910/DVN/VOQCHQ, v20.0)"
51147,0.5282,0.0536,9143,0.4169,county,0.5286,0.0563,9575,0.4366,county,0.487,-0.0258,9424,0.4297,county,0.0005,0.0472,-0.0417,-0.0158,"MEDSL county presidential returns (doi:10.7910/DVN/VOQCHQ, v20.0)"
51149,0.4121,-0.1692,16184,0.3775,county,0.4128,-0.172,17439,0.4068,county,0.3925,-0.213,17596,0.4104,county,0.0007,0.0775,-0.0203,0.009,"MEDSL county presidential returns (doi:10.7910/DVN/VOQCHQ, v20.0)"
51153,0.612,0.2108,196538,0.4055,county,0.6375,0.27,228267,0.471,county,0.5925,0.1798,227591,0.4696,county,0.0255,0.1614,-0.0451,-0.003,"MEDSL county presidential returns (doi:10.7910/DVN/VOQCHQ, v20.0)"
51155,0.2878,-0.4055,15167,0.4491,county,0.2888,-0.4142,17386,0.5148,county,0.275,-0.4467,17690,0.5238,county,0.001,0.1463,-0.0138,0.0175,"MEDSL county presidential returns (doi:10.7910/DVN/VOQCHQ, v20.0)"
51157,0.4076,-0.1767,4483,0.6051,county,0.4271,-0.1438,4979,0.672,county,0.4095,-0.179,5038,0.68,county,0.0195,0.1106,-0.0175,0.0118,"MEDSL county presidential returns (doi:10.7910/DVN/VOQCHQ, v20.0)"
51159,0.3784,-0.2365,3661,0.4047,county,0.3727,-0.2521,4102,0.4534,county,0.3479,-0.3023,4161,0.4599,county,-0.0057,0.1205,-0.0247,0.0144,"MEDSL county presidential returns (doi:10.7910/DVN/VOQCHQ, v20.0)"
51161,0.3539,-0.2759,51489,0.5319,county,0.3888,-0.2179,57226,0.5912,county,0.3864,-0.2247,56789,0.5867,county,0.035,0.1114,-0.0025,-0.0076,"MEDSL county presidential returns (doi:10.7910/DVN/VOQCHQ, v20.0)"
51163,0.3443,-0.2938,10795,0.4781,county,0.3356,-0.3233,12377,0.5482,county,0.3294,-0.3378,12752,0.5648,county,-0.0087,0.1465,-0.0062,0.0303,"MEDSL county presidential returns (doi:10.7910/DVN/VOQCHQ, v20.0)"
51165,0.2649,-0.4435,37487,0.4424,county,0.2941,-0.404,43821,0.5171,county,0.3128,-0.3705,48581,0.5733,county,0.0292,0.169,0.0187,0.1086,"MEDSL county presidential returns (doi:10.7910/DVN/VOQCHQ, v20.0)"
51167,0.1966,-0.5872,12246,0.4777,county,0.1791,-0.6354,13386,0.5222,county,0.1612,-0.6751,13525,0.5276,county,-0.0175,0.0931,-0.0179,0.0104,"MEDSL county presidential returns (doi:10.7910/DVN/VOQCHQ, v20.0)"
51169,0.1609,-0.66,10100,0.4697,county,0.1573,-0.6782,10869,0.5054,county,0.1461,-0.7041,11057,0.5142,county,-0.0035,0.0761,-0.0112,0.0173,"MEDSL county presidential returns (doi:10.7910/DVN/VOQCHQ, v20.0)"
51171,0.2723,-0.43,20513,0.4596,county,0.2934,-0.4065,23684,0.5307,county,0.2865,-0.4225,24380,0.5463,county,0.0211,0.1546,-0.0069,0.0294,"MEDSL county presidential returns (doi:10.7910/DVN/VOQCHQ, v20.0)"
51173,0.2147,-0.5497,12890,0.4357,county,0.2153,-0.5627,14136,0.4778,county,0.1958,-0.6044,14420,0.4874,county,0.0006,0.0967,-0.0195,0.0201,"MEDSL county presidential returns (doi:10.7910/DVN/VOQCHQ, v20.0)"
51175,0.4166,-0.1622,8878,0.4936,county,0.4092,-0.18,9786,0.544,county,0.3716,-0.255,9831,0.5465,county,-0.0074,0.1023,-0.0377,0.0046,"MEDSL county presidential returns (doi:10.7910/DVN/VOQCHQ, v20.0)"
51177,0.4115,-0.1665,62562,0.4348,county,0.4654,-0.0678,75317,0.5235,county,0.4567,-0.0856,79209,0.5505,county,0.0539,0.2039,-0.0087,0.0517,"MEDSL county presidential returns (doi:10.7910/DVN/VOQCHQ, v20.0)"
51179,0.4518,-0.0904,65934,0.4108,county,0.5167,0.0328,79629,0.4961,county,0.504,0.008,83123,0.5178,county,0.065,0.2077,-0.0127,0.0439,"MEDSL county presidential returns (doi:10.7910/DVN/VOQCHQ, v20.0)"
51181,0.5554,0.1071,4228,0.6453,county,0.5421,0.0832,4471,0.6824,county,0.4967,-0.0065,4429,0.676,county,-0.0133,0.0575,-0.0454,-0.0094,"MEDSL county presidential returns (doi:10.7910/DVN/VOQCHQ, v20.0)"
51183,0.5835,0.1634,5044,0.4673,county,0.5602,0.1195,5088,0.4714,county,0.5223,0.0444,4892,0.4533,county,-0.0233,0.0087,-0.0379,-0.0385,"MEDSL county presidential returns (doi:10.7910/DVN/VOQCHQ, v20.0)"
51185,0.1603,-0.661,18566,0.4649,county,0.1608,-0.6712,20152,0.5046,county,0.1535,-0.6889,19858,0.4973,county,0.0005,0.0854,-0.0073,-0.0146,"MEDSL county presidential returns (doi:10.7910/DVN/VOQCHQ, v20.0)"
51187,0.3051,-0.3677,17960,0.4369,county,0.3194,-0.3531,21147,0.5145,county,0.3097,-0.3763,22561,0.5489,county,0.0143,0.1774,-0.0097,0.0669,"MEDSL county presidential returns (doi:10.7910/DVN/VOQCHQ, v20.0)"
51191,0.2233,-0.5326,25847,0.4794,county,0.2338,-0.5249,28693,0.5322,county,0.2317,-0.5332,29412,0.5455,county,0.0106,0.1101,-0.0021,0.0251,"MEDSL county presidential returns (doi:10.7910/DVN/VOQCHQ, v20.0)"
51193,0.4631,-0.0714,8574,0.4589,county,0.4584,-0.0821,9948,0.5325,county,0.428,-0.1429,10581,0.5663,county,-0.0047,0.1603,-0.0304,0.0636,"MEDSL county presidential returns (doi:10.7910/DVN/VOQCHQ, v20.0)"
51195,0.1827,-0.6189,15163,0.4244,county,0.1888,-0.6173,16615,0.4651,county,0.1819,-0.633,16776,0.4696,county,0.0061,0.0958,-0.0069,0.0097,"MEDSL county presidential returns (doi:10.7910/DVN/VOQCHQ, v20.0)"
51197,0.2161,-0.5453,13343,0.4728,county,0.2113,-0.5699,15073,0.5341,county,0.2004,-0.5954,15439,0.5471,county,-0.0049,0.1297,-0.0108,0.0243,"MEDSL county presidential returns (doi:10.7910/DVN/VOQCHQ, v20.0)"
51199,0.4083,-0.1711,34118,0.4833,county,0.4663,-0.0659,38791,0.5495,county,0.4689,-0.0614,39540,0.5601,county,0.058,0.137,0.0026,0.0193,"MEDSL county presidential returns (doi:10.7910/DVN/VOQCHQ, v20.0)"
51510,0.8116,0.5801,75770,0.4833,county,0.82,0.6265,82521,0.5263,county,0.7946,0.5772,80062,0.5106,county,0.0083,0.0891,-0.0254,-0.0298,"MEDSL county presidential returns (doi:10.7910/DVN/VOQCHQ, v20.0)"
51520,0.2728,-0.4347,7032,0.4131,county,0.302,-0.3883,7814,0.459,county,0.3004,-0.3966,7479,0.4393,county,0.0292,0.1112,-0.0016,-0.0429,"MEDSL county presidential returns (doi:10.7910/DVN/VOQCHQ, v20.0)"
51530,0.3264,-0.3062,2407,0.364,county,0.3069,-0.3739,2776,0.4198,county,0.2737,-0.4444,2853,0.4315,county,-0.0195,0.1533,-0.0332,0.0277,"MEDSL county presidential returns (doi:10.7910/DVN/VOQCHQ, v20.0)"
51540,0.8581,0.6649,22472,0.49,county,0.8699,0.727,24213,0.5279,county,0.8501,0.6869,23303,0.5081,county,0.0118,0.0775,-0.0199,-0.0376,"MEDSL county presidential returns (doi:10.7910/DVN/VOQCHQ, v20.0)"
51550,0.4933,-0.0126,112705,0.4488,county,0.5329,0.0644,127246,0.5066,county,0.5192,0.038,127493,0.5076,county,0.0396,0.129,-0.0137,0.0019,"MEDSL county presidential returns (doi:10.7910/DVN/VOQCHQ, v20.0)"
51570,0.2941,-0.3919,8457,0.4644,county,0.331,-0.3313,9160,0.503,county,0.3364,-0.3245,8941,0.491,county,0.0369,0.0831,0.0054,-0.0239,"MEDSL county presidential returns (doi:10.7910/DVN/VOQCHQ, v20.0)"
51580,0.4039,-0.1826,2382,0.42,county,0.3789,-0.2367,2603,0.459,county,0.3325,-0.3329,2475,0.4364,county,-0.025,0.0928,-0.0464,-0.0492,"MEDSL county presidential returns (doi:10.7910/DVN/VOQCHQ, v20.0)"
51590,0.6023,0.1982,18952,0.4487,county,0.6119,0.2201,19456,0.4606,county,0.6063,0.2106,17667,0.4183,county,0.0096,0.0266,-0.0056,-0.092,"MEDSL county presidential returns (doi:10.7910/DVN/VOQCHQ, v20.0)"
51595,0.6598,0.3131,2367,0.4202,county,0.6813,0.3599,2384,0.4232,county,0.656,0.3099,2178,0.3867,county,0.0216,0.0072,-0.0253,-0.0864,"MEDSL county presidential returns (doi:10.7910/DVN/VOQCHQ, v20.0)"
51600,0.6656,0.3047,12030,0.4915,county,0.696,0.3831,13487,0.551,county,0.6716,0.3343,13445,0.5493,county,0.0304,0.1211,-0.0244,-0.0031,"MEDSL county presidential returns (doi:10.7910/DVN/VOQCHQ, v20.0)"
51610,0.8146,0.5795,7757,0.5316,county,0.8275,0.6413,8819,0.6043,county,0.8163,0.6221,8969,0.6146,county,0.0128,0.1369,-0.0111,0.017,"MEDSL county presidential returns (doi:10.7910/DVN/VOQCHQ, v20.0)"
51620,0.6393,0.2698,4070,0.4956,county,0.6294,0.2554,4064,0.4949,county,0.6151,0.2278,3876,0.472,county,-0.01,-0.0015,-0.0142,-0.0463,"MEDSL county presidential returns (doi:10.7910/DVN/VOQCHQ, v20.0)"
51630,0.6418,0.2631,11264,0.3969,county,0.6784,0.3479,12877,0.4537,county,0.6616,0.3172,13495,0.4755,county,0.0367,0.1432,-0.0168,0.048,"MEDSL county presidential returns (doi:10.7910/DVN/VOQCHQ, v20.0)"
51640,0.2982,-0.388,2376,0.3547,county,0.2971,-0.402,2639,0.394,county,0.279,-0.4391,2717,0.4056,county,-0.001,0.1107,-0.0181,0.0296,"MEDSL county presidential returns (doi:10.7910/DVN/VOQCHQ, v20.0)"
51650,0.6977,0.3754,62356,0.454,county,0.7149,0.4213,65957,0.4803,county,0.7023,0.3987,62632,0.4561,county,0.0173,0.0577,-0.0127,-0.0504,"MEDSL county presidential returns (doi:10.7910/DVN/VOQCHQ, v20.0)"
51660,0.6199,0.2195,17993,0.3494,county,0.6635,0.3177,17093,0.332,county,0.6294,0.2537,17245,0.3349,county,0.0436,-0.05,-0.0341,0.0089,"MEDSL county presidential returns (doi:10.7910/DVN/VOQCHQ, v20.0)"
51670,0.5487,0.0931,9008,0.3926,county,0.5746,0.1464,9628,0.4196,county,0.5695,0.1377,9006,0.3925,county,0.0259,0.0688,-0.0051,-0.0646,"MEDSL county presidential returns (doi:10.7910/DVN/VOQCHQ, v20.0)"
51678,0.664,0.3034,2465,0.3322,county,0.6641,0.3202,2764,0.3725,county,0.6354,0.2672,2863,0.3858,county,0.0,0.1213,-0.0287,0.0358,"MEDSL county presidential returns (doi:10.7910/DVN/VOQCHQ, v20.0)"
51680,0.4513,-0.0894,35671,0.4501,county,0.5135,0.0262,36364,0.4588,county,0.4598,-0.0793,36715,0.4633,county,0.0622,0.0194,-0.0537,0.0097,"MEDSL county presidential returns (doi:10.7910/DVN/VOQCHQ, v20.0)"
51683,0.5859,0.1603,15411,0.3611,county,0.6234,0.2415,16978,0.3979,county,0.5756,0.1484,16021,0.3754,county,0.0375,0.1017,-0.0478,-0.0564,"MEDSL county presidential returns (doi:10.7910/DVN/VOQCHQ, v20.0)"
51685,0.649,0.2812,5232,0.3092,county,0.6686,0.3307,6088,0.3597,county,0.6024,0.1998,5967,0.3526,county,0.0196,0.1636,-0.0662,-0.0199,"MEDSL county presidential returns (doi:10.7910/DVN/VOQCHQ, v20.0)"
51690,0.6218,0.2343,5907,0.4348,county,0.635,0.2658,6024,0.4435,county,0.6145,0.2262,5658,0.4165,county,0.0132,0.0198,-0.0205,-0.0608,"MEDSL county presidential returns (doi:10.7910/DVN/VOQCHQ, v20.0)"
51700,0.6417,0.2661,75715,0.4098,county,0.6681,0.3288,81270,0.4398,county,0.6461,0.288,75629,0.4093,county,0.0264,0.0734,-0.022,-0.0694,"MEDSL county presidential returns (doi:10.7910/DVN/VOQCHQ, v20.0)"
51710,0.7257,0.4254,83388,0.3548,county,0.7332,0.4556,89988,0.3829,county,0.7109,0.4153,85643,0.3644,county,0.0075,0.0791,-0.0224,-0.0483,"MEDSL county presidential returns (doi:10.7910/DVN/VOQCHQ, v20.0)"
51720,0.2728,-0.437,1460,0.4033,county,0.295,-0.4029,1601,0.4423,county,0.2806,-0.4358,1643,0.4539,county,0.0222,0.0966,-0.0143,0.0262,"MEDSL county presidential returns (doi:10.7910/DVN/VOQCHQ, v20.0)"
51730,0.8923,0.7667,13786,0.4132,county,0.8866,0.7645,14133,0.4236,county,0.8683,0.7278,13077,0.3919,county,-0.0057,0.0252,-0.0184,-0.0747,"MEDSL county presidential returns (doi:10.7910/DVN/VOQCHQ, v20.0)"
51735,0.2392,-0.4864,7177,0.5716,county,0.2682,-0.452,7857,0.6258,county,0.2676,-0.4587,8024,0.6391,county,0.029,0.0947,-0.0006,0.0213,"MEDSL county presidential returns (doi:10.7910/DVN/VOQCHQ, v20.0)"
51740,0.6901,0.3629,43265,0.4447,county,0.7081,0.4079,44601,0.4584,county,0.6959,0.3863,41252,0.424,county,0.018,0.0309,-0.0123,-0.0751,"MEDSL county presidential returns (doi:10.7910/DVN/VOQCHQ, v20.0)"
51750,0.5258,0.0472,6085,0.3687,county,0.5465,0.0905,6320,0.3829,county,0.5026,0.0052,6550,0.3968,county,0.0208,0.0386,-0.0439,0.0364,"MEDSL county presidential returns (doi:10.7910/DVN/VOQCHQ, v20.0)"
51760,0.8391,0.6347,103484,0.4547,county,0.8474,0.6797,111181,0.4885,county,0.8389,0.6627,108143,0.4752,county,0.0083,0.0744,-0.0085,-0.0273,"MEDSL county presidential returns (doi:10.7910/DVN/VOQCHQ, v20.0)"
51770,0.6011,0.19,39466,0.4,county,0.6317,0.2577,43323,0.439,county,0.6198,0.2362,42128,0.4269,county,0.0306,0.0977,-0.0119,-0.0276,"MEDSL county presidential returns (doi:10.7910/DVN/VOQCHQ, v20.0)"
51775,0.3677,-0.2474,12225,0.4798,county,0.4012,-0.1942,13051,0.5123,county,0.4027,-0.1926,13148,0.5161,county,0.0335,0.0676,0.0014,0.0074,"MEDSL county presidential returns (doi:10.7910/DVN/VOQCHQ, v20.0)"
51790,0.5096,0.0178,11255,0.4368,county,0.5507,0.099,12992,0.5042,county,0.5678,0.1338,13562,0.5264,county,0.0412,0.1543,0.0171,0.0439,"MEDSL county presidential returns (doi:10.7910/DVN/VOQCHQ, v20.0)"
51800,0.5639,0.122,43240,0.4474,county,0.5881,0.1731,49642,0.5137,county,0.5805,0.159,53352,0.5521,county,0.0243,0.1481,-0.0076,0.0747,"MEDSL county presidential returns (doi:10.7910/DVN/VOQCHQ, v20.0)"
51810,0.481,-0.0354,203262,0.4447,county,0.5277,0.054,227717,0.4982,county,0.5134,0.0265,227770,0.4983,county,0.0467,0.1203,-0.0142,0.0002,"MEDSL county presidential returns (doi:10.7910/DVN/VOQCHQ, v20.0)"
51820,0.4395,-0.1127,9204,0.4077,county,0.4739,-0.0509,10717,0.4747,county,0.4711,-0.0569,11274,0.4994,county,0.0345,0.1644,-0.0028,0.052,"MEDSL county presidential returns (doi:10.7910/DVN/VOQCHQ, v20.0)"
51830,0.7301,0.4302,7626,0.49,county,0.7093,0.4103,6890,0.4427,county,0.7259,0.445,7851,0.5044,county,-0.0207,-0.0965,0.0166,0.1395,"MEDSL county presidential returns (doi:10.7910/DVN/VOQCHQ, v20.0)"
51840,0.5188,0.0351,10667,0.3812,county,0.5587,0.1147,12113,0.4329,county,0.5495,0.0977,11822,0.4225,county,0.0399,0.1356,-0.0092,-0.024,"MEDSL county presidential returns (doi:10.7910/DVN/VOQCHQ, v20.0)"
53001,0.2964,-0.3842,4644,0.2245,county,0.3171,-0.357,5862,0.2833,county,0.2786,-0.4309,5365,0.2593,county,0.0206,0.2623,-0.0384,-0.0848,"MEDSL county presidential returns (doi:10.7910/DVN/VOQCHQ, v20.0)"
53003,0.3531,-0.2678,9736,0.4342,county,0.3674,-0.2568,11951,0.533,county,0.3682,-0.2548,11468,0.5114,county,0.0142,0.2275,0.0009,-0.0404,"MEDSL county presidential returns (doi:10.7910/DVN/VOQCHQ, v20.0)"
53005,0.3584,-0.2603,80027,0.3807,county,0.3907,-0.2102,103033,0.4901,county,0.3874,-0.2174,100693,0.479,county,0.0323,0.2875,-0.0033,-0.0227,"MEDSL county presidential returns (doi:10.7910/DVN/VOQCHQ, v20.0)"
53007,0.4184,-0.1522,33380,0.4198,county,0.4597,-0.0784,43306,0.5446,county,0.4513,-0.094,42191,0.5306,county,0.0412,0.2974,-0.0083,-0.0257,"MEDSL county presidential returns (doi:10.7910/DVN/VOQCHQ, v20.0)"
53009,0.4847,-0.0283,39457,0.5085,county,0.5174,0.0337,49264,0.6349,county,0.5404,0.0783,48663,0.6272,county,0.0327,0.2485,0.0231,-0.0122,"MEDSL county presidential returns (doi:10.7910/DVN/VOQCHQ, v20.0)"
53011,0.5009,0.0016,200160,0.3921,county,0.5263,0.0509,275403,0.5395,county,0.5359,0.0694,276578,0.5418,county,0.0254,0.3759,0.0096,0.0043,"MEDSL county presidential returns (doi:10.7910/DVN/VOQCHQ, v20.0)"
53013,0.26,-0.445,2182,0.546,county,0.2758,-0.4353,2495,0.6244,county,0.2756,-0.433,2485,0.6219,county,0.0158,0.1434,-0.0002,-0.004,"MEDSL county presidential returns (doi:10.7910/DVN/VOQCHQ, v20.0)"
53015,0.4254,-0.1374,45692,0.4097,county,0.4102,-0.174,60280,0.5404,county,0.3976,-0.1981,59325,0.5319,county,-0.0153,0.3193,-0.0126,-0.0158,"MEDSL county presidential returns (doi:10.7910/DVN/VOQCHQ, v20.0)"
53017,0.3387,-0.3014,15543,0.3554,county,0.3761,-0.2414,21308,0.4872,county,0.3614,-0.2684,21182,0.4843,county,0.0375,0.3709,-0.0148,-0.0059,"MEDSL county presidential returns (doi:10.7910/DVN/VOQCHQ, v20.0)"
53019,0.3327,-0.3066,3601,0.4915,county,0.3491,-0.2943,4367,0.5961,county,0.3302,-0.3282,4119,0.5622,county,0.0163,0.2127,-0.0188,-0.0568,"MEDSL county presidential returns (doi:10.7910/DVN/VOQCHQ, v20.0)"
53021,0.4022,-0.1821,23720,0.2428,county,0.4251,-0.145,32404,0.3317,county,0.3837,-0.2258,31897,0.3266,county,0.0229,0.3661,-0.0414,-0.0156,"MEDSL county presidential returns (doi:10.7910/DVN/VOQCHQ, v20.0)"
53023,0.2469,-0.4591,1246,0.5357,county,0.2551,-0.4721,1489,0.6402,county,0.2533,-0.4756,1352,0.5813,county,0.0081,0.195,-0.0018,-0.092,"MEDSL county presidential returns (doi:10.7910/DVN/VOQCHQ, v20.0)"
53025,0.2966,-0.3778,28346,0.2823,county,0.3231,-0.3436,37680,0.3752,county,0.3076,-0.3729,36253,0.361,county,0.0264,0.3293,-0.0155,-0.0379,"MEDSL county presidential returns (doi:10.7910/DVN/VOQCHQ, v20.0)"
53027,0.4608,-0.0722,28367,0.3713,county,0.4661,-0.0656,38441,0.5032,county,0.469,-0.0601,37793,0.4947,county,0.0054,0.3551,0.0029,-0.0169,"MEDSL county presidential returns (doi:10.7910/DVN/VOQCHQ, v20.0)"
53029,0.5316,0.0582,42876,0.4943,county,0.5622,0.1199,53925,0.6216,county,0.5853,0.1645,52449,0.6046,county,0.0306,0.2577,0.0231,-0.0274,"MEDSL county presidential returns (doi:10.7910/DVN/VOQCHQ, v20.0)"
53031,0.677,0.3264,20276,0.6087,county,0.7128,0.4144,24792,0.7442,county,0.7341,0.4508,24698,0.7414,county,0.0358,0.2227,0.0213,-0.0038,"MEDSL county presidential returns (doi:10.7910/DVN/VOQCHQ, v20.0)"
53033,0.7685,0.5027,998499,0.4413,county,0.7712,0.5272,1210507,0.535,county,0.7675,0.5134,1130502,0.4996,county,0.0027,0.2123,-0.0037,-0.0661,"MEDSL county presidential returns (doi:10.7910/DVN/VOQCHQ, v20.0)"
53035,0.563,0.1137,124317,0.4495,county,0.5946,0.181,158672,0.5737,county,0.6083,0.2081,156872,0.5672,county,0.0315,0.2763,0.0137,-0.0113,"MEDSL county presidential returns (doi:10.7910/DVN/VOQCHQ, v20.0)"
53037,0.4258,-0.1377,18955,0.4237,county,0.4474,-0.1018,26364,0.5893,county,0.4247,-0.1447,26499,0.5923,county,0.0216,0.3909,-0.0228,0.0051,"MEDSL county presidential returns (doi:10.7910/DVN/VOQCHQ, v20.0)"
53039,0.4201,-0.1481,10769,0.4666,county,0.4516,-0.0942,13560,0.5875,county,0.4519,-0.0927,13607,0.5895,county,0.0315,0.2592,0.0003,0.0035,"MEDSL county presidential returns (doi:10.7910/DVN/VOQCHQ, v20.0)"
53041,0.3051,-0.3613,34149,0.4069,county,0.3307,-0.3282,45309,0.5399,county,0.3299,-0.3284,45338,0.5402,county,0.0256,0.3268,-0.0008,0.0006,"MEDSL county presidential returns (doi:10.7910/DVN/VOQCHQ, v20.0)"
53043,0.2324,-0.5013,5713,0.5069,county,0.2496,-0.4887,7033,0.624,county,0.2414,-0.5031,7144,0.6338,county,0.0172,0.2311,-0.0082,0.0158,"MEDSL county presidential returns (doi:10.7910/DVN/VOQCHQ, v20.0)"
53045,0.4672,-0.06,28073,0.4192,county,0.48,-0.0386,37303,0.557,county,0.4871,-0.0249,36689,0.5479,county,0.0128,0.3288,0.0071,-0.0165,"MEDSL county presidential returns (doi:10.7910/DVN/VOQCHQ, v20.0)"
53047,0.3959,-0.1938,17091,0.3992,county,0.4291,-0.1381,21282,0.4971,county,0.4229,-0.149,20732,0.4843,county,0.0332,0.2452,-0.0063,-0.0258,"MEDSL county presidential returns (doi:10.7910/DVN/VOQCHQ, v20.0)"
53049,0.4629,-0.0691,10716,0.4512,county,0.4942,-0.0113,14064,0.5922,county,0.4933,-0.013,14244,0.5997,county,0.0313,0.3124,-0.0009,0.0128,"MEDSL county presidential returns (doi:10.7910/DVN/VOQCHQ, v20.0)"
53051,0.3066,-0.3586,6802,0.4925,county,0.3116,-0.3665,8553,0.6193,county,0.297,-0.3938,8545,0.6187,county,0.005,0.2574,-0.0147,-0.0009,"MEDSL county presidential returns (doi:10.7910/DVN/VOQCHQ, v20.0)"
53053,0.5403,0.0738,348485,0.3771,county,0.5579,0.1116,464081,0.5022,county,0.5555,0.1069,439581,0.4757,county,0.0176,0.3317,-0.0024,-0.0528,"MEDSL county presidential returns (doi:10.7910/DVN/VOQCHQ, v20.0)"
53055,0.7274,0.4162,10774,0.5898,county,0.7608,0.5053,13197,0.7225,county,0.7675,0.5112,13006,0.712,county,0.0335,0.2249,0.0066,-0.0145,"MEDSL county presidential returns (doi:10.7910/DVN/VOQCHQ, v20.0)"
53057,0.519,0.0349,55968,0.4292,county,0.5387,0.0748,73423,0.563,county,0.5457,0.0881,70256,0.5387,county,0.0197,0.3119,0.0071,-0.0431,"MEDSL county presidential returns (doi:10.7910/DVN/VOQCHQ, v20.0)"
53059,0.4326,-0.1234,5639,0.4594,county,0.451,-0.0948,7312,0.5956,county,0.4427,-0.1107,7355,0.5991,county,0.0185,0.2967,-0.0083,0.0059,"MEDSL county presidential returns (doi:10.7910/DVN/VOQCHQ, v20.0)"
53061,0.5909,0.1665,342173,0.41,county,0.6067,0.2058,438796,0.5257,county,0.598,0.1882,418221,0.5011,county,0.0158,0.2824,-0.0086,-0.0469,"MEDSL county presidential returns (doi:10.7910/DVN/VOQCHQ, v20.0)"
53063,0.4525,-0.0865,227246,0.4175,county,0.4775,-0.0434,295430,0.5427,county,0.4744,-0.0494,287082,0.5274,county,0.0249,0.3,-0.0031,-0.0283,"MEDSL county presidential returns (doi:10.7910/DVN/VOQCHQ, v20.0)"
53065,0.2756,-0.4143,22677,0.4777,county,0.2835,-0.421,28430,0.5989,county,0.2736,-0.4391,28246,0.595,county,0.008,0.2537,-0.01,-0.0065,"MEDSL county presidential returns (doi:10.7910/DVN/VOQCHQ, v20.0)"
53067,0.5859,0.1559,129410,0.4363,county,0.5968,0.1863,168134,0.5668,county,0.6057,0.2029,164537,0.5547,county,0.0109,0.2992,0.0089,-0.0214,"MEDSL county presidential returns (doi:10.7910/DVN/VOQCHQ, v20.0)"
53069,0.3824,-0.2171,2358,0.5156,county,0.4009,-0.1932,2981,0.6519,county,0.4066,-0.1806,3062,0.6696,county,0.0185,0.2642,0.0057,0.0272,"MEDSL county presidential returns (doi:10.7910/DVN/VOQCHQ, v20.0)"
53071,0.4152,-0.1557,25419,0.4093,county,0.455,-0.0867,31261,0.5034,county,0.4585,-0.0802,29568,0.4761,county,0.0397,0.2298,0.0036,-0.0542,"MEDSL county presidential returns (doi:10.7910/DVN/VOQCHQ, v20.0)"
53073,0.5978,0.18,109673,0.4801,county,0.6236,0.2393,138620,0.6068,county,0.6286,0.2472,137868,0.6035,county,0.0258,0.2639,0.005,-0.0054,"MEDSL county presidential returns (doi:10.7910/DVN/VOQCHQ, v20.0)"
53075,0.5239,0.0429,17305,0.3679,county,0.5523,0.1002,21126,0.4491,county,0.5464,0.0889,20027,0.4257,county,0.0284,0.2208,-0.0058,-0.052,"MEDSL county presidential returns (doi:10.7910/DVN/VOQCHQ, v20.0)"
53077,0.4285,-0.1343,77750,0.303,county,0.4607,-0.0767,96193,0.3749,county,0.4264,-0.1427,88751,0.3459,county,0.0322,0.2372,-0.0342,-0.0774,"MEDSL county presidential returns (doi:10.7910/DVN/VOQCHQ, v20.0)"
54001,0.2126,-0.5459,6054,0.3917,county,0.2217,-0.548,6677,0.4321,county,0.1912,-0.6055,6395,0.4138,county,0.0091,0.1029,-0.0304,-0.0422,"MEDSL county presidential returns (doi:10.7910/DVN/VOQCHQ, v20.0)"
54003,0.3037,-0.3716,42850,0.3396,county,0.3406,-0.3123,51535,0.4085,county,0.3177,-0.3579,56102,0.4447,county,0.0368,0.2027,-0.0228,0.0886,"MEDSL county presidential returns (doi:10.7910/DVN/VOQCHQ, v20.0)"
54005,0.2158,-0.5429,8683,0.4074,county,0.2304,-0.5298,9012,0.4229,county,0.2063,-0.5739,8142,0.382,county,0.0146,0.0379,-0.0242,-0.0965,"MEDSL county presidential returns (doi:10.7910/DVN/VOQCHQ, v20.0)"
54007,0.2719,-0.4354,5090,0.4123,county,0.2613,-0.4702,5664,0.4588,county,0.236,-0.5191,5313,0.4304,county,-0.0107,0.1128,-0.0252,-0.062,"MEDSL county presidential returns (doi:10.7910/DVN/VOQCHQ, v20.0)"
54009,0.2793,-0.422,9613,0.4359,county,0.2809,-0.4315,10656,0.4832,county,0.2728,-0.4462,9782,0.4436,county,0.0015,0.1085,-0.0081,-0.082,"MEDSL county presidential returns (doi:10.7910/DVN/VOQCHQ, v20.0)"
54011,0.3658,-0.254,33085,0.3546,county,0.4084,-0.1801,37360,0.4004,county,0.3883,-0.2189,35429,0.3797,county,0.0426,0.1292,-0.0201,-0.0517,"MEDSL county presidential returns (doi:10.7910/DVN/VOQCHQ, v20.0)"
54013,0.1831,-0.6034,2617,0.425,county,0.1937,-0.6045,2971,0.4825,county,0.1695,-0.6482,2936,0.4768,county,0.0107,0.1353,-0.0242,-0.0118,"MEDSL county presidential returns (doi:10.7910/DVN/VOQCHQ, v20.0)"
54015,0.198,-0.5828,2972,0.374,county,0.1931,-0.6056,3365,0.4235,county,0.1826,-0.6225,3240,0.4078,county,-0.005,0.1322,-0.0105,-0.0371,"MEDSL county presidential returns (doi:10.7910/DVN/VOQCHQ, v20.0)"
54017,0.1331,-0.7028,2840,0.3656,county,0.1424,-0.7043,3101,0.3993,county,0.1283,-0.7331,2956,0.3806,county,0.0093,0.0919,-0.0141,-0.0468,"MEDSL county presidential returns (doi:10.7910/DVN/VOQCHQ, v20.0)"
54019,0.2929,-0.3956,15337,0.3835,county,0.3042,-0.3865,16862,0.4217,county,0.2868,-0.4176,15620,0.3906,county,0.0113,0.0994,-0.0174,-0.0737,"MEDSL county presidential returns (doi:10.7910/DVN/VOQCHQ, v20.0)"
54021,0.2233,-0.5313,2543,0.3448,county,0.2294,-0.5308,2662,0.3609,county,0.2106,-0.57,2344,0.3178,county,0.0061,0.0468,-0.0188,-0.1195,"MEDSL county presidential returns (doi:10.7910/DVN/VOQCHQ, v20.0)"
54023,0.1054,-0.7736,4956,0.4517,county,0.1108,-0.774,5509,0.5021,county,0.1003,-0.7897,5568,0.5075,county,0.0054,0.1116,-0.0105,0.0107,"MEDSL county presidential returns (doi:10.7910/DVN/VOQCHQ, v20.0)"
54025,0.2826,-0.4117,14066,0.4303,county,0.2988,-0.3956,15850,0.4849,county,0.2852,-0.4215,14996,0.4588,county,0.0161,0.1268,-0.0136,-0.0539,"MEDSL county presidential returns (doi:10.7910/DVN/VOQCHQ, v20.0)"
54027,0.191,-0.5939,8608,0.3688,county,0.1944,-0.6042,10086,0.4321,county,0.1825,-0.6261,10500,0.4499,county,0.0034,0.1717,-0.0119,0.041,"MEDSL county presidential returns (doi:10.7910/DVN/VOQCHQ, v20.0)"
54029,0.268,-0.4446,12702,0.4432,county,0.2788,-0.4359,13800,0.4815,county,0.262,-0.4683,13030,0.4547,county,0.0107,0.0864,-0.0167,-0.0558,"MEDSL county presidential returns (doi:10.7910/DVN/VOQCHQ, v20.0)"
54031,0.2127,-0.5527,5643,0.3964,county,0.2213,-0.5494,6331,0.4447,county,0.2061,-0.5771,6411,0.4503,county,0.0086,0.1219,-0.0152,0.0126,"MEDSL county presidential returns (doi:10.7910/DVN/VOQCHQ, v20.0)"
54033,0.291,-0.3954,27960,0.4275,county,0.3082,-0.3764,30465,0.4658,county,0.2909,-0.4095,29495,0.4509,county,0.0173,0.0896,-0.0173,-0.0318,"MEDSL county presidential returns (doi:10.7910/DVN/VOQCHQ, v20.0)"
54035,0.2279,-0.5216,12187,0.4391,county,0.2411,-0.5098,13508,0.4867,county,0.2141,-0.5622,12822,0.462,county,0.0132,0.1084,-0.027,-0.0508,"MEDSL county presidential returns (doi:10.7910/DVN/VOQCHQ, v20.0)"
54037,0.4189,-0.1526,24147,0.4124,county,0.4465,-0.1049,27703,0.4732,county,0.4193,-0.158,29156,0.498,county,0.0276,0.1473,-0.0272,0.0524,"MEDSL county presidential returns (doi:10.7910/DVN/VOQCHQ, v20.0)"
54039,0.3919,-0.2059,75690,0.4248,county,0.4254,-0.1466,82244,0.4615,county,0.4108,-0.1744,75239,0.4222,county,0.0334,0.0866,-0.0145,-0.0852,"MEDSL county presidential returns (doi:10.7910/DVN/VOQCHQ, v20.0)"
54041,0.2034,-0.5668,6928,0.4122,county,0.2101,-0.5691,7457,0.4437,county,0.1982,-0.5928,7048,0.4193,county,0.0067,0.0764,-0.0119,-0.0548,"MEDSL county presidential returns (doi:10.7910/DVN/VOQCHQ, v20.0)"
54043,0.2156,-0.5446,7066,0.3503,county,0.2215,-0.5493,7830,0.3882,county,0.1814,-0.6249,7187,0.3563,county,0.0059,0.1081,-0.0401,-0.0821,"MEDSL county presidential returns (doi:10.7910/DVN/VOQCHQ, v20.0)"
54045,0.1745,-0.6315,12359,0.3883,county,0.1813,-0.6296,13026,0.4093,county,0.1628,-0.6672,11469,0.3604,county,0.0068,0.054,-0.0185,-0.1195,"MEDSL county presidential returns (doi:10.7910/DVN/VOQCHQ, v20.0)"
54047,0.237,-0.5144,6203,0.3369,county,0.2057,-0.5845,6527,0.3545,county,0.1938,-0.6035,5425,0.2946,county,-0.0313,0.0522,-0.0119,-0.1688,"MEDSL county presidential returns (doi:10.7910/DVN/VOQCHQ, v20.0)"
54049,0.3219,-0.3345,23029,0.4109,county,0.3532,-0.2868,25794,0.4603,county,0.3401,-0.3124,24634,0.4396,county,0.0313,0.1201,-0.0131,-0.045,"MEDSL county presidential returns (doi:10.7910/DVN/VOQCHQ, v20.0)"
54051,0.2319,-0.5106,13216,0.4386,county,0.2487,-0.4957,14080,0.4673,county,0.2452,-0.5004,13233,0.4392,county,0.0169,0.0654,-0.0036,-0.0602,"MEDSL county presidential returns (doi:10.7910/DVN/VOQCHQ, v20.0)"
54053,0.2138,-0.5471,10186,0.404,county,0.2293,-0.5324,11203,0.4443,county,0.2041,-0.5804,10547,0.4183,county,0.0155,0.0998,-0.0252,-0.0586,"MEDSL county presidential returns (doi:10.7910/DVN/VOQCHQ, v20.0)"
54055,0.2128,-0.5526,22982,0.3891,county,0.2241,-0.5443,25134,0.4256,county,0.2089,-0.5733,23584,0.3993,county,0.0113,0.0936,-0.0152,-0.0617,"MEDSL county presidential returns (doi:10.7910/DVN/VOQCHQ, v20.0)"
54057,0.1844,-0.6071,11564,0.4295,county,0.2094,-0.5733,12872,0.4781,county,0.1951,-0.6017,12904,0.4793,county,0.0251,0.1131,-0.0144,0.0025,"MEDSL county presidential returns (doi:10.7910/DVN/VOQCHQ, v20.0)"
54059,0.1476,-0.6878,9510,0.4139,county,0.1405,-0.7131,10022,0.4361,county,0.1265,-0.7378,8490,0.3695,county,-0.0071,0.0538,-0.014,-0.1529,"MEDSL county presidential returns (doi:10.7910/DVN/VOQCHQ, v20.0)"
54061,0.4437,-0.1036,36048,0.3384,county,0.4937,-0.0124,42072,0.395,county,0.4775,-0.0439,41452,0.3891,county,0.05,0.1671,-0.0162,-0.0147,"MEDSL county presidential returns (doi:10.7910/DVN/VOQCHQ, v20.0)"
54063,0.2,-0.574,5805,0.4681,county,0.2097,-0.5737,6490,0.5233,county,0.185,-0.6179,6367,0.5134,county,0.0097,0.118,-0.0248,-0.019,"MEDSL county presidential returns (doi:10.7910/DVN/VOQCHQ, v20.0)"
54065,0.2153,-0.5434,7654,0.4417,county,0.2341,-0.522,8695,0.5018,county,0.2174,-0.5564,9097,0.525,county,0.0188,0.136,-0.0167,0.0462,"MEDSL county presidential returns (doi:10.7910/DVN/VOQCHQ, v20.0)"
54067,0.2024,-0.5701,9491,0.3882,county,0.2119,-0.5694,10630,0.4348,county,0.1943,-0.6019,10037,0.4106,county,0.0095,0.12,-0.0176,-0.0558,"MEDSL county presidential returns (doi:10.7910/DVN/VOQCHQ, v20.0)"
54069,0.3303,-0.3148,17938,0.4281,county,0.369,-0.2579,19898,0.4748,county,0.3672,-0.2604,18689,0.446,county,0.0387,0.1093,-0.0018,-0.0608,"MEDSL county presidential returns (doi:10.7910/DVN/VOQCHQ, v20.0)"
54071,0.2331,-0.5175,3225,0.5277,county,0.2277,-0.5362,3659,0.5988,county,0.202,-0.586,3425,0.5605,county,-0.0055,0.1346,-0.0257,-0.064,"MEDSL county presidential returns (doi:10.7910/DVN/VOQCHQ, v20.0)"
54073,0.2085,-0.5514,3150,0.416,county,0.2031,-0.5852,3491,0.461,county,0.1995,-0.5902,3348,0.4422,county,-0.0053,0.1083,-0.0036,-0.041,"MEDSL county presidential returns (doi:10.7910/DVN/VOQCHQ, v20.0)"
54075,0.271,-0.4301,3646,0.4642,county,0.2656,-0.4611,4008,0.5102,county,0.2429,-0.5029,3901,0.4966,county,-0.0054,0.0993,-0.0227,-0.0267,"MEDSL county presidential returns (doi:10.7910/DVN/VOQCHQ, v20.0)"
54077,0.2057,-0.5583,12659,0.3701,county,0.2204,-0.5509,14572,0.426,county,0.209,-0.57,14426,0.4218,county,0.0147,0.1511,-0.0114,-0.01,"MEDSL county presidential returns (doi:10.7910/DVN/VOQCHQ, v20.0)"
54079,0.2486,-0.4782,24893,0.4348,county,0.2822,-0.4265,28501,0.4978,county,0.2639,-0.4633,27507,0.4805,county,0.0337,0.1449,-0.0183,-0.0349,"MEDSL county presidential returns (doi:10.7910/DVN/VOQCHQ, v20.0)"
54081,0.2261,-0.5269,29618,0.4021,county,0.2444,-0.5042,33106,0.4494,county,0.2238,-0.5434,30966,0.4204,county,0.0183,0.1178,-0.0207,-0.0646,"MEDSL county presidential returns (doi:10.7910/DVN/VOQCHQ, v20.0)"
54083,0.2639,-0.45,10876,0.3915,county,0.2794,-0.4353,12200,0.4391,county,0.2647,-0.4613,11594,0.4173,county,0.0155,0.1217,-0.0147,-0.0497,"MEDSL county presidential returns (doi:10.7910/DVN/VOQCHQ, v20.0)"
54085,0.1271,-0.7139,4075,0.4867,county,0.1384,-0.7152,4283,0.5116,county,0.1296,-0.7299,4050,0.4838,county,0.0112,0.051,-0.0088,-0.0544,"MEDSL county presidential returns (doi:10.7910/DVN/VOQCHQ, v20.0)"
54087,0.2443,-0.4877,5247,0.3769,county,0.2567,-0.4786,5763,0.414,county,0.2253,-0.5381,5521,0.3966,county,0.0125,0.0983,-0.0314,-0.042,"MEDSL county presidential returns (doi:10.7910/DVN/VOQCHQ, v20.0)"
54089,0.2562,-0.4659,4862,0.4109,county,0.2622,-0.4702,5585,0.472,county,0.2377,-0.5139,5264,0.4449,county,0.006,0.1487,-0.0245,-0.0575,"MEDSL county presidential returns (doi:10.7910/DVN/VOQCHQ, v20.0)"
54091,0.2396,-0.4959,6538,0.3952,county,0.2469,-0.4986,7383,0.4463,county,0.2381,-0.5131,7265,0.4392,county,0.0074,0.1292,-0.0089,-0.016,"MEDSL county presidential returns (doi:10.7910/DVN/VOQCHQ, v20.0)"
54093,0.2265,-0.522,3475,0.5188,county,0.2482,-0.4951,3844,0.5739,county,0.2501,-0.4893,3636,0.5428,county,0.0217,0.1062,0.0019,-0.0541,"MEDSL county presidential returns (doi:10.7910/DVN/VOQCHQ, v20.0)"
54095,0.1447,-0.6812,3654,0.4466,county,0.1636,-0.6617,3922,0.4794,county,0.1563,-0.6738,3617,0.4421,county,0.0189,0.0733,-0.0073,-0.0778,"MEDSL county presidential returns (doi:10.7910/DVN/VOQCHQ, v20.0)"
54097,0.2013,-0.5683,9218,0.388,county,0.225,-0.5396,10221,0.4302,county,0.2103,-0.568,9859,0.415,county,0.0236,0.1088,-0.0147,-0.0354,"MEDSL county presidential returns (doi:10.7910/DVN/VOQCHQ, v20.0)"
54099,0.2314,-0.5134,15182,0.3944,county,0.2452,-0.5014,16947,0.4402,county,0.2284,-0.5336,15747,0.409,county,0.0138,0.1163,-0.0168,-0.0708,"MEDSL county presidential returns (doi:10.7910/DVN/VOQCHQ, v20.0)"
54101,0.1945,-0.5863,2978,0.3608,county,0.1811,-0.6317,3402,0.4122,county,0.162,-0.6668,2998,0.3633,county,-0.0135,0.1424,-0.0191,-0.1188,"MEDSL county presidential returns (doi:10.7910/DVN/VOQCHQ, v20.0)"
54103,0.2312,-0.5044,6265,0.4402,county,0.2356,-0.5181,6667,0.4684,county,0.2152,-0.5551,6168,0.4334,county,0.0044,0.0642,-0.0204,-0.0748,"MEDSL county presidential returns (doi:10.7910/DVN/VOQCHQ, v20.0)"
54105,0.168,-0.6296,2422,0.472,county,0.1792,-0.6287,2653,0.5171,county,0.1617,-0.6629,2581,0.503,county,0.0112,0.0954,-0.0175,-0.0271,"MEDSL county presidential returns (doi:10.7910/DVN/VOQCHQ, v20.0)"
54107,0.2483,-0.4783,35615,0.4249,county,0.2866,-0.4199,38762,0.4624,county,0.2811,-0.4305,37313,0.4451,county,0.0383,0.0884,-0.0054,-0.0374,"MEDSL county presidential returns (doi:10.7910/DVN/VOQCHQ, v20.0)"
54109,0.1396,-0.7004,7831,0.3738,county,0.136,-0.7211,8592,0.4102,county,0.131,-0.7301,7565,0.3611,county,-0.0036,0.0972,-0.005,-0.1195,"MEDSL county presidential returns (doi:10.7910/DVN/VOQCHQ, v20.0)"
55001,0.3865,-0.2177,10164,0.4857,county,0.3703,-0.2566,11818,0.5647,county,0.364,-0.2577,12882,0.6155,county,-0.0163,0.1627,-0.0063,0.09,"MEDSL county presidential returns (doi:10.7910/DVN/VOQCHQ, v20.0)"
55003,0.5615,0.1153,8029,0.5002,county,0.5555,0.1096,8757,0.5456,county,0.5239,0.047,8955,0.5579,county,-0.0059,0.0907,-0.0316,0.0226,"MEDSL county presidential returns (doi:10.7910/DVN/VOQCHQ, v20.0)"
55005,0.3667,-0.2529,22643,0.4844,county,0.3678,-0.2608,25346,0.5423,county,0.3483,-0.2904,26809,0.5736,county,0.0011,0.1194,-0.0195,0.0577,"MEDSL county presidential returns (doi:10.7910/DVN/VOQCHQ, v20.0)"
55007,0.5457,0.087,9529,0.5807,county,0.5711,0.1406,10880,0.663,county,0.5569,0.1109,11240,0.6849,county,0.0254,0.1418,-0.0142,0.0331,"MEDSL county presidential returns (doi:10.7910/DVN/VOQCHQ, v20.0)"
55009,0.4426,-0.1073,128979,0.4787,county,0.4634,-0.0719,144017,0.5345,county,0.4619,-0.075,149333,0.5543,county,0.0207,0.1166,-0.0014,0.0369,"MEDSL county presidential returns (doi:10.7910/DVN/VOQCHQ, v20.0)"
55011,0.3847,-0.2172,6988,0.5238,county,0.3717,-0.2526,7816,0.5859,county,0.3466,-0.3022,8100,0.6072,county,-0.0129,0.1185,-0.0251,0.0363,"MEDSL county presidential returns (doi:10.7910/DVN/VOQCHQ, v20.0)"
55013,0.3526,-0.2818,8743,0.5223,county,0.3558,-0.2853,10141,0.6058,county,0.3434,-0.3093,10810,0.6457,county,0.0032,0.1599,-0.0124,0.066,"MEDSL county presidential returns (doi:10.7910/DVN/VOQCHQ, v20.0)"
55015,0.3859,-0.214,26650,0.5064,county,0.4002,-0.1963,30774,0.5848,county,0.3988,-0.1993,32916,0.6255,county,0.0143,0.1547,-0.0014,0.0696,"MEDSL county presidential returns (doi:10.7910/DVN/VOQCHQ, v20.0)"
55017,0.3989,-0.1908,31561,0.4742,county,0.3961,-0.2041,35938,0.54,county,0.3838,-0.2294,38471,0.578,county,-0.0028,0.1387,-0.0123,0.0705,"MEDSL county presidential returns (doi:10.7910/DVN/VOQCHQ, v20.0)"
55019,0.3284,-0.325,13596,0.3914,county,0.3114,-0.3677,14898,0.4289,county,0.3008,-0.3893,15340,0.4416,county,-0.0169,0.0958,-0.0106,0.0297,"MEDSL county presidential returns (doi:10.7910/DVN/VOQCHQ, v20.0)"
55021,0.4886,-0.0213,29771,0.5105,county,0.4922,-0.0153,33869,0.5807,county,0.4767,-0.0458,34914,0.5986,county,0.0037,0.1377,-0.0155,0.0309,"MEDSL county presidential returns (doi:10.7910/DVN/VOQCHQ, v20.0)"
55023,0.4712,-0.0541,7744,0.4821,county,0.4611,-0.0767,8695,0.5413,county,0.4302,-0.1376,9105,0.5668,county,-0.0101,0.1228,-0.0309,0.0472,"MEDSL county presidential returns (doi:10.7910/DVN/VOQCHQ, v20.0)"
55025,0.7532,0.4717,310017,0.5489,county,0.7675,0.5261,344791,0.6105,county,0.7623,0.5152,365929,0.6479,county,0.0143,0.1122,-0.0053,0.0613,"MEDSL county presidential returns (doi:10.7910/DVN/VOQCHQ, v20.0)"
55027,0.3439,-0.2943,43065,0.4849,county,0.3428,-0.3097,48436,0.5453,county,0.3331,-0.329,50300,0.5663,county,-0.0011,0.1247,-0.0097,0.0385,"MEDSL county presidential returns (doi:10.7910/DVN/VOQCHQ, v20.0)"
55029,0.4832,-0.0317,17608,0.5815,county,0.5074,0.0145,20117,0.6644,county,0.5113,0.0222,20944,0.6917,county,0.0242,0.1425,0.0039,0.0411,"MEDSL county presidential returns (doi:10.7910/DVN/VOQCHQ, v20.0)"
55031,0.5401,0.0749,22511,0.5093,county,0.5475,0.093,24677,0.5583,county,0.527,0.0531,25234,0.5709,county,0.0074,0.0962,-0.0205,0.0226,"MEDSL county presidential returns (doi:10.7910/DVN/VOQCHQ, v20.0)"
55033,0.44,-0.1114,22091,0.4871,county,0.429,-0.1393,23524,0.5187,county,0.4195,-0.159,25678,0.5662,county,-0.011,0.0649,-0.0095,0.0916,"MEDSL county presidential returns (doi:10.7910/DVN/VOQCHQ, v20.0)"
55035,0.5394,0.0726,54885,0.5162,county,0.5551,0.1077,58275,0.5481,county,0.5537,0.1056,63177,0.5942,county,0.0158,0.0618,-0.0014,0.0841,"MEDSL county presidential returns (doi:10.7910/DVN/VOQCHQ, v20.0)"
55037,0.2599,-0.4633,2657,0.5755,county,0.268,-0.4599,2940,0.6368,county,0.2494,-0.4981,3158,0.684,county,0.0082,0.1065,-0.0186,0.0741,"MEDSL county presidential returns (doi:10.7910/DVN/VOQCHQ, v20.0)"
55039,0.3591,-0.266,51327,0.4933,county,0.3654,-0.2649,57251,0.5502,county,0.3548,-0.2867,58527,0.5625,county,0.0064,0.1154,-0.0106,0.0223,"MEDSL county presidential returns (doi:10.7910/DVN/VOQCHQ, v20.0)"
55041,0.3623,-0.2652,4540,0.4902,county,0.3438,-0.3095,5053,0.5456,county,0.332,-0.3337,5097,0.5504,county,-0.0185,0.113,-0.0118,0.0087,"MEDSL county presidential returns (doi:10.7910/DVN/VOQCHQ, v20.0)"
55043,0.4486,-0.0947,24321,0.4706,county,0.4375,-0.1228,25608,0.4955,county,0.4078,-0.1815,27306,0.5284,county,-0.0111,0.0529,-0.0296,0.0663,"MEDSL county presidential returns (doi:10.7910/DVN/VOQCHQ, v20.0)"
55045,0.512,0.0226,18985,0.5126,county,0.5162,0.0319,21406,0.578,county,0.5014,0.0027,22076,0.5961,county,0.0042,0.1275,-0.0148,0.0313,"MEDSL county presidential returns (doi:10.7910/DVN/VOQCHQ, v20.0)"
55047,0.303,-0.3741,9388,0.4899,county,0.3181,-0.3584,10671,0.5568,county,0.3162,-0.3627,11052,0.5767,county,0.0151,0.1367,-0.0019,0.0357,"MEDSL county presidential returns (doi:10.7910/DVN/VOQCHQ, v20.0)"
55049,0.581,0.1517,12260,0.5144,county,0.5698,0.1371,13992,0.5871,county,0.5389,0.0762,14677,0.6159,county,-0.0112,0.1413,-0.0309,0.049,"MEDSL county presidential returns (doi:10.7910/DVN/VOQCHQ, v20.0)"
55051,0.3785,-0.2336,3497,0.5673,county,0.386,-0.2257,4010,0.6506,county,0.3677,-0.262,4084,0.6626,county,0.0075,0.1467,-0.0183,0.0185,"MEDSL county presidential returns (doi:10.7910/DVN/VOQCHQ, v20.0)"
55053,0.4378,-0.1171,9272,0.4421,county,0.4236,-0.1507,10184,0.4856,county,0.4012,-0.1949,10502,0.5008,county,-0.0142,0.0984,-0.0224,0.0312,"MEDSL county presidential returns (doi:10.7910/DVN/VOQCHQ, v20.0)"
55055,0.4143,-0.1587,43146,0.5025,county,0.4225,-0.1522,47979,0.5588,county,0.4169,-0.1635,50146,0.584,county,0.0082,0.112,-0.0055,0.0452,"MEDSL county presidential returns (doi:10.7910/DVN/VOQCHQ, v20.0)"
55057,0.3638,-0.26,11732,0.4395,county,0.3517,-0.292,13709,0.5135,county,0.3376,-0.321,14553,0.5452,county,-0.0121,0.1685,-0.0141,0.0616,"MEDSL county presidential returns (doi:10.7910/DVN/VOQCHQ, v20.0)"
55059,0.4982,-0.0033,77076,0.4577,county,0.4841,-0.0313,88738,0.5269,county,0.4684,-0.0623,90680,0.5384,county,-0.0142,0.1513,-0.0157,0.0219,"MEDSL county presidential returns (doi:10.7910/DVN/VOQCHQ, v20.0)"
55061,0.3538,-0.2782,10758,0.5217,county,0.334,-0.3267,12095,0.5865,county,0.3293,-0.3371,12484,0.6054,county,-0.0198,0.1243,-0.0047,0.0322,"MEDSL county presidential returns (doi:10.7910/DVN/VOQCHQ, v20.0)"
55063,0.5512,0.0956,62968,0.5236,county,0.5689,0.135,67884,0.5645,county,0.5474,0.0936,72261,0.6009,county,0.0177,0.0781,-0.0214,0.0645,"MEDSL county presidential returns (doi:10.7910/DVN/VOQCHQ, v20.0)"
55065,0.4526,-0.0899,7662,0.4564,county,0.4307,-0.1372,8555,0.5096,county,0.3976,-0.2023,8832,0.5261,county,-0.0219,0.1165,-0.0331,0.0324,"MEDSL county presidential returns (doi:10.7910/DVN/VOQCHQ, v20.0)"
55067,0.3362,-0.3135,10132,0.5203,county,0.3357,-0.3248,11165,0.5734,county,0.3249,-0.346,11664,0.599,county,-0.0005,0.102,-0.0107,0.0447,"MEDSL county presidential returns (doi:10.7910/DVN/VOQCHQ, v20.0)"
55069,0.39,-0.206,14706,0.5178,county,0.3846,-0.2277,16497,0.5808,county,0.3723,-0.2514,17209,0.6059,county,-0.0053,0.1218,-0.0124,0.0432,"MEDSL county presidential returns (doi:10.7910/DVN/VOQCHQ, v20.0)"
55071,0.3848,-0.2153,40346,0.4962,county,0.3819,-0.232,44829,0.5513,county,0.3816,-0.2332,46316,0.5696,county,-0.0029,0.1111,-0.0003,0.0332,"MEDSL county presidential returns (doi:10.7910/DVN/VOQCHQ, v20.0)"
55073,0.4043,-0.1803,69515,0.5035,county,0.4084,-0.18,76751,0.5559,county,0.4056,-0.1863,78826,0.5709,county,0.0041,0.1041,-0.0029,0.027,"MEDSL county presidential returns (doi:10.7910/DVN/VOQCHQ, v20.0)"
55075,0.3245,-0.3368,20046,0.4783,county,0.3249,-0.3454,22979,0.5483,county,0.3079,-0.3791,24415,0.5826,county,0.0004,0.1463,-0.0171,0.0625,"MEDSL county presidential returns (doi:10.7910/DVN/VOQCHQ, v20.0)"
55077,0.3734,-0.2414,7893,0.5025,county,0.3616,-0.2736,9065,0.5772,county,0.3499,-0.2959,9427,0.6002,county,-0.0118,0.1485,-0.0116,0.0399,"MEDSL county presidential returns (doi:10.7910/DVN/VOQCHQ, v20.0)"
55078,0.7885,0.5739,1279,0.3005,county,0.8242,0.6447,1590,0.3736,county,0.8105,0.617,1572,0.3694,county,0.0356,0.2432,-0.0137,-0.0113,"MEDSL county presidential returns (doi:10.7910/DVN/VOQCHQ, v20.0)"
55079,0.6965,0.3701,440247,0.4746,county,0.7025,0.3985,458971,0.4948,county,0.6962,0.3841,464107,0.5003,county,0.006,0.0425,-0.0063,0.0112,"MEDSL county presidential returns (doi:10.7910/DVN/VOQCHQ, v20.0)"
55081,0.383,-0.2188,19670,0.426,county,0.3797,-0.2363,22611,0.4897,county,0.3679,-0.2605,23369,0.5062,county,-0.0033,0.1495,-0.0118,0.0335,"MEDSL county presidential returns (doi:10.7910/DVN/VOQCHQ, v20.0)"
55083,0.3075,-0.3689,19978,0.508,county,0.2927,-0.4097,23215,0.5903,county,0.2827,-0.4298,24912,0.6334,county,-0.0148,0.162,-0.01,0.0731,"MEDSL county presidential returns (doi:10.7910/DVN/VOQCHQ, v20.0)"
55085,0.4008,-0.1869,21473,0.565,county,0.425,-0.1476,24159,0.6356,county,0.4108,-0.1757,24895,0.655,county,0.0242,0.1251,-0.0142,0.0305,"MEDSL county presidential returns (doi:10.7910/DVN/VOQCHQ, v20.0)"
55087,0.4329,-0.1257,93868,0.4901,county,0.4495,-0.0992,108022,0.564,county,0.4484,-0.1017,111932,0.5844,county,0.0165,0.1508,-0.0011,0.0362,"MEDSL county presidential returns (doi:10.7910/DVN/VOQCHQ, v20.0)"
55089,0.3986,-0.1882,54523,0.5904,county,0.4388,-0.1203,61486,0.6658,county,0.4469,-0.1045,63472,0.6873,county,0.0402,0.1277,0.008,0.0323,"MEDSL county presidential returns (doi:10.7910/DVN/VOQCHQ, v20.0)"
55091,0.3788,-0.2303,3739,0.5072,county,0.3656,-0.2642,4144,0.5621,county,0.3525,-0.2928,4354,0.5906,county,-0.0132,0.1083,-0.0131,0.0507,"MEDSL county presidential returns (doi:10.7910/DVN/VOQCHQ, v20.0)"
55093,0.4268,-0.1357,21189,0.5003,county,0.4332,-0.1295,23317,0.5506,county,0.4137,-0.1672,25392,0.5996,county,0.0065,0.1004,-0.0196,0.089,"MEDSL county presidential returns (doi:10.7910/DVN/VOQCHQ, v20.0)"
55095,0.354,-0.2745,22749,0.5019,county,0.3606,-0.2746,26371,0.5818,county,0.3434,-0.3093,28222,0.6226,county,0.0067,0.1592,-0.0173,0.0702,"MEDSL county presidential returns (doi:10.7910/DVN/VOQCHQ, v20.0)"
55097,0.517,0.0316,38496,0.547,county,0.5142,0.0278,40603,0.577,county,0.5061,0.0119,43258,0.6147,county,-0.0027,0.0547,-0.0081,0.0654,"MEDSL county presidential returns (doi:10.7910/DVN/VOQCHQ, v20.0)"
55099,0.3691,-0.2498,7577,0.5383,county,0.3598,-0.2764,8546,0.6071,county,0.3427,-0.3114,8856,0.6291,county,-0.0093,0.1279,-0.0171,0.0363,"MEDSL county presidential returns (doi:10.7910/DVN/VOQCHQ, v20.0)"
55101,0.477,-0.0435,94133,0.4781,county,0.4794,-0.0406,106451,0.5407,county,0.4688,-0.0615,107686,0.5469,county,0.0024,0.1309,-0.0106,0.0116,"MEDSL county presidential returns (doi:10.7910/DVN/VOQCHQ, v20.0)"
55103,0.4707,-0.0554,8055,0.4675,county,0.4506,-0.0972,9014,0.5232,county,0.4335,-0.1311,9323,0.5411,county,-0.0201,0.1191,-0.0171,0.0343,"MEDSL county presidential returns (doi:10.7910/DVN/VOQCHQ, v20.0)"
55105,0.5554,0.1033,76068,0.464,county,0.5568,0.1115,85360,0.5207,county,0.537,0.0727,88310,0.5387,county,0.0014,0.1222,-0.0198,0.0346,"MEDSL county presidential returns (doi:10.7910/DVN/VOQCHQ, v20.0)"
55107,0.3223,-0.3377,7087,0.501,county,0.3238,-0.3475,7886,0.5575,county,0.3077,-0.3802,8270,0.5846,county,0.0014,0.1127,-0.016,0.0487,"MEDSL county presidential returns (doi:10.7910/DVN/VOQCHQ, v20.0)"
55109,0.4001,-0.1838,47508,0.501,county,0.4187,-0.1589,56707,0.5981,county,0.4018,-0.1924,60642,0.6396,county,0.0186,0.1936,-0.0169,0.0694,"MEDSL county presidential returns (doi:10.7910/DVN/VOQCHQ, v20.0)"
55111,0.4983,-0.0032,31318,0.4763,county,0.5086,0.017,36203,0.5505,county,0.4915,-0.0167,37584,0.5715,county,0.0103,0.156,-0.0171,0.0381,"MEDSL county presidential returns (doi:10.7910/DVN/VOQCHQ, v20.0)"
55113,0.4033,-0.1843,9121,0.5,county,0.4322,-0.1343,10510,0.5761,county,0.4173,-0.1636,11140,0.6106,county,0.0289,0.1523,-0.0149,0.0599,"MEDSL county presidential returns (doi:10.7910/DVN/VOQCHQ, v20.0)"
55115,0.3222,-0.3385,19751,0.4826,county,0.3197,-0.3556,22615,0.5526,county,0.3164,-0.3623,23500,0.5742,county,-0.0024,0.145,-0.0033,0.0391,"MEDSL county presidential returns (doi:10.7910/DVN/VOQCHQ, v20.0)"
55117,0.4143,-0.1593,59655,0.5065,county,0.4188,-0.1592,66011,0.5604,county,0.4171,-0.1632,67562,0.5736,county,0.0045,0.1065,-0.0017,0.0235,"MEDSL county presidential returns (doi:10.7910/DVN/VOQCHQ, v20.0)"
55119,0.2668,-0.4419,9484,0.4749,county,0.2602,-0.4645,10686,0.535,county,0.2559,-0.4815,11186,0.5601,county,-0.0066,0.1267,-0.0043,0.0468,"MEDSL county presidential returns (doi:10.7910/DVN/VOQCHQ, v20.0)"
55121,0.4335,-0.1264,13675,0.4442,county,0.4157,-0.1657,15380,0.4996,county,0.3916,-0.2141,16079,0.5223,county,-0.0178,0.1247,-0.0241,0.0454,"MEDSL county presidential returns (doi:10.7910/DVN/VOQCHQ, v20.0)"
55123,0.4759,-0.0453,14213,0.4597,county,0.4757,-0.0478,15923,0.5151,county,0.4604,-0.0778,16609,0.5372,county,-0.0002,0.1203,-0.0153,0.0431,"MEDSL county presidential returns (doi:10.7910/DVN/VOQCHQ, v20.0)"
55125,0.3687,-0.2497,13612,0.5815,county,0.3893,-0.2185,15369,0.6565,county,0.3835,-0.2304,16135,0.6892,county,0.0206,0.1291,-0.0058,0.0498,"MEDSL county presidential returns (doi:10.7910/DVN/VOQCHQ, v20.0)"
55127,0.3933,-0.1977,51324,0.4867,county,0.4023,-0.192,57600,0.5462,county,0.3875,-0.2218,60597,0.5747,county,0.009,0.1223,-0.0148,0.052,"MEDSL county presidential returns (doi:10.7910/DVN/VOQCHQ, v20.0)"
55129,0.378,-0.2317,9148,0.5462,county,0.3791,-0.2377,10378,0.6196,county,0.3571,-0.2819,10978,0.6554,county,0.0011,0.1345,-0.022,0.0578,"MEDSL county presidential returns (doi:10.7910/DVN/VOQCHQ, v20.0)"
55131,0.2873,-0.3958,78003,0.568,county,0.3067,-0.3814,88070,0.6413,county,0.3163,-0.3621,91407,0.6656,county,0.0194,0.1291,0.0096,0.0379,"MEDSL county presidential returns (doi:10.7910/DVN/VOQCHQ, v20.0)"
55133,0.3572,-0.2649,239042,0.5844,county,0.3942,-0.208,267996,0.6552,county,0.3999,-0.1969,275787,0.6742,county,0.037,0.1211,0.0057,0.0291,"MEDSL county presidential returns (doi:10.7910/DVN/VOQCHQ, v20.0)"
55135,0.3427,-0.2978,26024,0.5032,county,0.3386,-0.3175,29130,0.5633,county,0.3311,-0.3337,30403,0.5879,county,-0.0041,0.1194,-0.0075,0.0437,"MEDSL county presidential returns (doi:10.7910/DVN/VOQCHQ, v20.0)"
55137,0.3309,-0.3231,11999,0.4848,county,0.3274,-0.3411,13568,0.5482,county,0.322,-0.3519,14363,0.5803,county,-0.0035,0.1308,-0.0054,0.0586,"MEDSL county presidential returns (doi:10.7910/DVN/VOQCHQ, v20.0)"
55139,0.4603,-0.0734,87144,0.5086,county,0.4797,-0.0397,94032,0.5487,county,0.4759,-0.0474,95371,0.5566,county,0.0194,0.079,-0.0037,0.0142,"MEDSL county presidential returns (doi:10.7910/DVN/VOQCHQ, v20.0)"
55141,0.3983,-0.1924,37800,0.5105,county,0.4024,-0.1923,41298,0.5578,county,0.3991,-0.1989,42216,0.5702,county,0.0041,0.0925,-0.0033,0.0222,"MEDSL county presidential returns (doi:10.7910/DVN/VOQCHQ, v20.0)"
56001,0.4754,-0.0417,17060,0.4524,county,0.5145,0.0274,18744,0.497,county,0.4838,-0.0313,17877,0.474,county,0.0391,0.0987,-0.0307,-0.0463,"MEDSL county presidential returns (doi:10.7910/DVN/VOQCHQ, v20.0)"
56003,0.1293,-0.6513,5317,0.453,county,0.1409,-0.6947,5784,0.4928,county,0.1323,-0.7193,5735,0.4886,county,0.0116,0.0878,-0.0086,-0.0085,"MEDSL county presidential returns (doi:10.7910/DVN/VOQCHQ, v20.0)"
56005,0.0774,-0.7942,18199,0.3871,county,0.1023,-0.7621,19735,0.4197,county,0.1113,-0.7634,18342,0.3901,county,0.0249,0.0844,0.0089,-0.0706,"MEDSL county presidential returns (doi:10.7910/DVN/VOQCHQ, v20.0)"
56007,0.2249,-0.4911,6374,0.4381,county,0.2215,-0.5349,6706,0.4609,county,0.2046,-0.5759,6387,0.439,county,-0.0033,0.0521,-0.0169,-0.0476,"MEDSL county presidential returns (doi:10.7910/DVN/VOQCHQ, v20.0)"
56009,0.108,-0.7292,6654,0.4836,county,0.127,-0.7213,7010,0.5095,county,0.128,-0.7287,6739,0.4898,county,0.0191,0.0535,0.001,-0.0387,"MEDSL county presidential returns (doi:10.7910/DVN/VOQCHQ, v20.0)"
56011,0.0754,-0.8037,3826,0.5213,county,0.0938,-0.79,4143,0.5645,county,0.1043,-0.7739,4344,0.5919,county,0.0184,0.0829,0.0105,0.0485,"MEDSL county presidential returns (doi:10.7910/DVN/VOQCHQ, v20.0)"
56013,0.2733,-0.4093,17023,0.4313,county,0.3149,-0.3558,18234,0.4619,county,0.3095,-0.3693,17256,0.4372,county,0.0416,0.0711,-0.0054,-0.0536,"MEDSL county presidential returns (doi:10.7910/DVN/VOQCHQ, v20.0)"
56015,0.173,-0.6028,5796,0.4605,county,0.1978,-0.5859,6272,0.4983,county,0.1911,-0.6053,6174,0.4905,county,0.0249,0.0821,-0.0067,-0.0156,"MEDSL county presidential returns (doi:10.7910/DVN/VOQCHQ, v20.0)"
56017,0.171,-0.5951,2586,0.56,county,0.1943,-0.5862,2588,0.5604,county,0.1899,-0.6084,2620,0.5673,county,0.0233,0.0008,-0.0044,0.0124,"MEDSL county presidential returns (doi:10.7910/DVN/VOQCHQ, v20.0)"
56019,0.155,-0.6427,4417,0.5135,county,0.1877,-0.6026,4952,0.5757,county,0.1771,-0.6307,4898,0.5694,county,0.0327,0.1211,-0.0106,-0.0109,"MEDSL county presidential returns (doi:10.7910/DVN/VOQCHQ, v20.0)"
56021,0.3178,-0.324,40969,0.407,county,0.353,-0.2802,45237,0.4494,county,0.3353,-0.3208,43362,0.4308,county,0.0352,0.1042,-0.0177,-0.0414,"MEDSL county presidential returns (doi:10.7910/DVN/VOQCHQ, v20.0)"
56023,0.1402,-0.6393,8875,0.4403,county,0.1486,-0.6778,10525,0.5221,county,0.1534,-0.6766,10840,0.5378,county,0.0085,0.1859,0.0048,0.0299,"MEDSL county presidential returns (doi:10.7910/DVN/VOQCHQ, v20.0)"
56025,0.2183,-0.509,33348,0.4182,county,0.2524,-0.473,35391,0.4439,county,0.2526,-0.4815,33921,0.4254,county,0.0341,0.0613,0.0002,-0.0415,"MEDSL county presidential returns (doi:10.7910/DVN/VOQCHQ, v20.0)"
56027,0.0934,-0.7618,1314,0.5441,county,0.1218,-0.7284,1322,0.5474,county,0.0918,-0.8071,1234,0.511,county,0.0283,0.0061,-0.03,-0.0666,"MEDSL county presidential returns (doi:10.7910/DVN/VOQCHQ, v20.0)"
56029,0.1857,-0.5684,15095,0.5013,county,0.2102,-0.5592,16815,0.5585,county,0.1994,-0.5868,16743,0.5561,county,0.0245,0.1139,-0.0108,-0.0043,"MEDSL county presidential returns (doi:10.7910/DVN/VOQCHQ, v20.0)"
56031,0.173,-0.6001,4529,0.5263,county,0.1859,-0.6061,4963,0.5767,county,0.1676,-0.6493,4765,0.5537,county,0.0129,0.0958,-0.0183,-0.0399,"MEDSL county presidential returns (doi:10.7910/DVN/VOQCHQ, v20.0)"
56033,0.2219,-0.5058,14510,0.4594,county,0.2545,-0.4714,16546,0.5239,county,0.2456,-0.4944,16425,0.52,county,0.0326,0.1403,-0.0089,-0.0073,"MEDSL county presidential returns (doi:10.7910/DVN/VOQCHQ, v20.0)"
56035,0.1589,-0.6298,4390,0.4985,county,0.1823,-0.615,5000,0.5678,county,0.1907,-0.6062,4924,0.5592,county,0.0234,0.139,0.0084,-0.0152,"MEDSL county presidential returns (doi:10.7910/DVN/VOQCHQ, v20.0)"
56037,0.21,-0.5209,17130,0.4099,county,0.2382,-0.5034,16698,0.3996,county,0.2293,-0.5276,16698,0.3996,county,0.0282,-0.0252,-0.0089,0.0,"MEDSL county presidential returns (doi:10.7910/DVN/VOQCHQ, v20.0)"
56039,0.651,0.2687,12627,0.5406,county,0.6941,0.3724,14787,0.6331,county,0.6791,0.3473,13286,0.5688,county,0.0431,0.1711,-0.015,-0.1015,"MEDSL county presidential returns (doi:10.7910/DVN/VOQCHQ, v20.0)"
56041,0.1634,-0.5847,8470,0.4111,county,0.1751,-0.6243,9459,0.4591,county,0.1765,-0.6294,9089,0.4411,county,0.0117,0.1168,0.0014,-0.0391,"MEDSL county presidential returns (doi:10.7910/DVN/VOQCHQ, v20.0)"
56043,0.1545,-0.6238,3814,0.4948,county,0.1671,-0.6434,4032,0.5231,county,0.1735,-0.6368,3877,0.503,county,0.0126,0.0572,0.0064,-0.0384,"MEDSL county presidential returns (doi:10.7910/DVN/VOQCHQ, v20.0)"
56045,0.0897,-0.7754,3526,0.5159,county,0.1038,-0.7716,3560,0.5208,county,0.1097,-0.7662,3512,0.5138,county,0.0141,0.0096,0.0058,-0.0135,"MEDSL county presidential returns (doi:10.7910/DVN/VOQCHQ, v20.0)"
