fips,year,medsl_margin_dr,county_votes_margin,abs_diff,flag,geo_basis
01001,2016,-0.49,-0.4948,0.0048,0,county
01003,2016,-0.5716,-0.5779,0.0063,0,county
01005,2016,-0.0557,-0.0561,0.0004,0,county
01007,2016,-0.5515,-0.5554,0.0039,0,county
01009,2016,-0.8091,-0.8138,0.0047,0,county
01011,2016,0.5074,0.5086,0.0012,0,county
01013,2016,-0.1346,-0.1353,0.0007,0,county
01015,2016,-0.41,-0.4138,0.0038,0,county
01017,2016,-0.1481,-0.1481,0.0,0,county
01019,2016,-0.69,-0.6936,0.0036,0,county
01021,2016,-0.6625,-0.6661,0.0036,0,county
01023,2016,-0.1367,-0.1366,0.0001,0,county
01025,2016,-0.1067,-0.108,0.0013,0,county
01027,2016,-0.6051,-0.608,0.0029,0,county
01029,2016,-0.7705,-0.7737,0.0032,0,county
01031,2016,-0.5612,-0.567,0.0058,0,county
01033,2016,-0.3786,-0.3826,0.004,0,county
01035,2016,-0.0516,-0.0526,0.001,0,county
01037,2016,-0.3045,-0.3056,0.0011,0,county
01039,2016,-0.6826,-0.6855,0.0029,0,county
01041,2016,-0.4546,-0.4555,0.0009,0,county
01043,2016,-0.7708,-0.778,0.0072,0,county
01045,2016,-0.5011,-0.5044,0.0033,0,county
01047,2016,0.375,0.376,0.001,0,county
01049,2016,-0.6886,-0.6937,0.0051,0,county
01051,2016,-0.5151,-0.5198,0.0047,0,county
01053,2016,-0.359,-0.3671,0.0081,0,county
01055,2016,-0.4961,-0.501,0.0049,0,county
01057,2016,-0.6486,-0.6524,0.0038,0,county
01059,2016,-0.6037,-0.608,0.0043,0,county
01061,2016,-0.7203,-0.7243,0.004,0,county
01063,2016,0.6506,0.6516,0.001,0,county
01065,2016,0.1993,0.1998,0.0005,0,county
01067,2016,-0.4138,-0.4162,0.0024,0,county
01069,2016,-0.4706,-0.4763,0.0057,0,county
01071,2016,-0.6195,-0.6245,0.005,0,county
01073,2016,0.0727,0.0723,0.0004,0,county
01075,2016,-0.6872,-0.6902,0.003,0,county
01077,2016,-0.4541,-0.4601,0.006,0,county
01079,2016,-0.4859,-0.487,0.0011,0,county
01081,2016,-0.2262,-0.2312,0.005,0,county
01083,2016,-0.4864,-0.4945,0.0081,0,county
01085,2016,0.4686,0.469,0.0004,0,county
01087,2016,0.6712,0.6679,0.0033,0,county
01089,2016,-0.1634,-0.1678,0.0044,0,county
01091,2016,0.0347,0.035,0.0003,0,county
01093,2016,-0.758,-0.7622,0.0042,0,county
01095,2016,-0.6885,-0.6951,0.0066,0,county
01097,2016,-0.1327,-0.1387,0.006,0,county
01099,2016,-0.1424,-0.1434,0.001,0,county
01101,2016,0.2598,0.2616,0.0018,0,county
01103,2016,-0.518,-0.5236,0.0056,0,county
01105,2016,0.4579,0.4605,0.0026,0,county
01107,2016,-0.1555,-0.1561,0.0006,0,county
01109,2016,-0.2003,-0.2028,0.0025,0,county
01111,2016,-0.5315,-0.5338,0.0023,0,county
01113,2016,0.0192,0.0192,0.0,0,county
01115,2016,-0.6787,-0.6861,0.0074,0,county
01117,2016,-0.4942,-0.5032,0.009,0,county
01119,2016,0.4937,0.4941,0.0004,0,county
01121,2016,-0.2542,-0.2555,0.0013,0,county
01123,2016,-0.4144,-0.4159,0.0015,0,county
01125,2016,-0.193,-0.1953,0.0023,0,county
01127,2016,-0.6708,-0.6744,0.0036,0,county
01129,2016,-0.4299,-0.4316,0.0017,0,county
01131,2016,0.4253,0.4253,0.0,0,county
01133,2016,-0.8102,-0.8146,0.0044,0,county
02013,2016,-0.1474,-0.1517,0.0043,0,state
02016,2016,-0.1474,-0.1517,0.0043,0,state
02020,2016,-0.1474,-0.1517,0.0043,0,state
02050,2016,-0.1474,-0.1517,0.0043,0,state
02060,2016,-0.1474,-0.1517,0.0043,0,state
02068,2016,-0.1474,-0.1517,0.0043,0,state
02070,2016,-0.1474,-0.1517,0.0043,0,state
02090,2016,-0.1474,-0.1517,0.0043,0,state
02100,2016,-0.1474,-0.1517,0.0043,0,state
02105,2016,-0.1474,-0.1517,0.0043,0,state
02110,2016,-0.1474,-0.1517,0.0043,0,state
02122,2016,-0.1474,-0.1517,0.0043,0,state
02130,2016,-0.1474,-0.1517,0.0043,0,state
02150,2016,-0.1474,-0.1517,0.0043,0,state
02164,2016,-0.1474,-0.1517,0.0043,0,state
02170,2016,-0.1474,-0.1517,0.0043,0,state
02180,2016,-0.1474,-0.1517,0.0043,0,state
02185,2016,-0.1474,-0.1517,0.0043,0,state
02188,2016,-0.1474,-0.1517,0.0043,0,state
02195,2016,-0.1474,-0.1517,0.0043,0,state
02198,2016,-0.1474,-0.1517,0.0043,0,state
02220,2016,-0.1474,-0.1517,0.0043,0,state
02230,2016,-0.1474,-0.1517,0.0043,0,state
02240,2016,-0.1474,-0.1517,0.0043,0,state
02275,2016,-0.1474,-0.1517,0.0043,0,state
02282,2016,-0.1474,-0.1517,0.0043,0,state
02290,2016,-0.1474,-0.1517,0.0043,0,state
04001,2016,0.3197,0.3688,0.0491,1,county
04003,2016,-0.2128,-0.2259,0.0131,0,county
04005,2016,0.1889,0.1944,0.0055,0,county
04007,2016,-0.3218,-0.3237,0.0019,0,county
04009,2016,-0.3893,-0.3957,0.0064,0,county
04011,2016,-0.2446,-0.2467,0.0021,0,county
04012,2016,-0.408,-0.4184,0.0104,0,county
04013,2016,-0.0284,-0.0345,0.0061,0,county
04015,2016,-0.5107,-0.5145,0.0038,0,county
04017,2016,-0.1022,-0.0792,0.023,1,county
04019,2016,0.1357,0.1348,0.0009,0,county
04021,2016,-0.1924,-0.1932,0.0008,0,county
04023,2016,0.4742,0.4713,0.0029,0,county
04025,2016,-0.3123,-0.3143,0.002,0,county
04027,2016,-0.0106,-0.0552,0.0446,1,county
05001,2016,-0.3038,-0.3058,0.002,0,county
05003,2016,-0.3625,-0.365,0.0025,0,county
05005,2016,-0.5319,-0.5361,0.0042,0,county
05007,2016,-0.3394,-0.3486,0.0092,0,county
05009,2016,-0.5778,-0.5845,0.0067,0,county
05011,2016,-0.2319,-0.2339,0.002,0,county
05013,2016,-0.4041,-0.408,0.0039,0,county
05015,2016,-0.3201,-0.3227,0.0026,0,county
05017,2016,0.1518,0.1528,0.001,0,county
05019,2016,-0.092,-0.0947,0.0027,0,county
05021,2016,-0.4965,-0.2978,0.1987,1,county
05023,2016,-0.6088,-0.6144,0.0056,0,county
05025,2016,-0.5185,-0.5265,0.008,0,county
05027,2016,-0.2606,-0.2621,0.0015,0,county
05029,2016,-0.2766,-0.2793,0.0027,0,county
05031,2016,-0.3473,-0.3524,0.0051,0,county
05033,2016,-0.5433,-0.5497,0.0064,0,county
05035,2016,0.0906,0.0896,0.001,0,county
05037,2016,-0.3761,-0.378,0.0019,0,county
05039,2016,-0.1241,-0.1248,0.0007,0,county
05041,2016,0.0726,0.0738,0.0012,0,county
05043,2016,-0.2431,-0.2447,0.0016,0,county
05045,2016,-0.3097,-0.3159,0.0062,0,county
05047,2016,-0.5411,-0.5461,0.005,0,county
05049,2016,-0.5038,-0.5065,0.0027,0,county
05051,2016,-0.3376,-0.3414,0.0038,0,county
05053,2016,-0.5846,-0.5475,0.0371,1,county
05055,2016,-0.5239,-0.5299,0.006,0,county
05057,2016,-0.2871,-0.2892,0.0021,0,county
05059,2016,-0.4205,-0.4245,0.004,0,county
05061,2016,-0.3864,-0.3895,0.0031,0,county
05063,2016,-0.5182,-0.5242,0.006,0,county
05065,2016,-0.5376,-0.5432,0.0056,0,county
05067,2016,-0.3266,-0.3297,0.0031,0,county
05069,2016,0.2519,0.2527,0.0008,0,county
05071,2016,-0.4021,-0.4058,0.0037,0,county
05073,2016,-0.2538,-0.2547,0.0009,0,county
05075,2016,-0.4927,-0.4976,0.0049,0,county
05077,2016,0.1672,0.1684,0.0012,0,county
05079,2016,-0.3144,-0.3154,0.001,0,county
05081,2016,-0.4224,-0.4251,0.0027,0,county
05083,2016,-0.5089,-0.5135,0.0046,0,county
05085,2016,-0.5275,-0.5329,0.0054,0,county
05087,2016,-0.4882,-0.491,0.0028,0,county
05089,2016,-0.549,-0.5508,0.0018,0,county
05091,2016,-0.4363,-0.4383,0.002,0,county
05093,2016,-0.1053,-0.1052,0.0001,0,county
05095,2016,-0.0614,-0.0369,0.0245,1,county
05097,2016,-0.5325,-0.5335,0.001,0,county
05099,2016,-0.2597,-0.2614,0.0017,0,county
05101,2016,-0.5798,-0.5832,0.0034,0,county
05103,2016,-0.1037,-0.1039,0.0002,0,county
05105,2016,-0.4549,-0.4614,0.0065,0,county
05107,2016,0.2681,0.2682,0.0001,0,county
05109,2016,-0.6192,-0.6234,0.0042,0,county
05111,2016,-0.469,-0.2406,0.2284,1,county
05113,2016,-0.6568,-0.6645,0.0077,0,county
05115,2016,-0.4987,-0.5048,0.0061,0,county
05117,2016,-0.491,-0.4968,0.0058,0,county
05119,2016,0.1772,0.1788,0.0016,0,county
05121,2016,-0.4835,-0.4884,0.0049,0,county
05123,2016,0.1125,0.1128,0.0003,0,county
05125,2016,-0.4339,-0.435,0.0011,0,county
05127,2016,-0.6066,-0.6202,0.0136,0,county
05129,2016,-0.6314,-0.6366,0.0052,0,county
05131,2016,-0.377,-0.3808,0.0038,0,county
05133,2016,-0.4838,-0.4884,0.0046,0,county
05135,2016,-0.5428,-0.547,0.0042,0,county
05137,2016,-0.518,-0.5232,0.0052,0,county
05139,2016,-0.2723,-0.2775,0.0052,0,county
05141,2016,-0.5223,-0.5393,0.017,0,county
05143,2016,-0.0991,-0.1039,0.0048,0,county
05145,2016,-0.5844,-0.5785,0.0059,0,county
05147,2016,-0.0891,-0.089,0.0001,0,county
05149,2016,-0.4858,-0.4896,0.0038,0,county
06001,2016,0.6403,0.6444,0.0041,0,county
06003,2016,0.1944,0.1861,0.0083,0,county
06005,2016,-0.2527,-0.2522,0.0005,0,county
06007,2016,-0.0374,-0.04,0.0026,0,county
06009,2016,-0.2406,-0.2388,0.0018,0,county
06011,2016,-0.1342,-0.1353,0.0011,0,county
06013,2016,0.4362,0.4347,0.0015,0,county
06015,2016,-0.1725,-0.1762,0.0037,0,county
06017,2016,-0.1372,-0.1389,0.0017,0,county
06019,2016,0.0612,0.0388,0.0224,1,county
06021,2016,-0.2875,-0.2903,0.0028,0,county
06023,2016,0.2503,0.259,0.0087,0,county
06025,2016,0.4151,0.4113,0.0038,0,county
06027,2016,-0.1352,-0.1367,0.0015,0,county
06029,2016,-0.1265,-0.1501,0.0236,1,county
06031,2016,-0.132,-0.1409,0.0089,0,county
06033,2016,0.0366,0.0374,0.0008,0,county
06035,2016,-0.5084,-0.5133,0.0049,0,county
06037,2016,0.4934,0.4802,0.0132,0,county
06039,2016,-0.1468,-0.1733,0.0265,1,county
06041,2016,0.6242,0.6287,0.0045,0,county
06043,2016,-0.2324,-0.2324,0.0,0,county
06045,2016,0.2986,0.2916,0.007,0,county
06047,2016,0.1214,0.0793,0.0421,1,county
06049,2016,-0.4802,-0.4808,0.0006,0,county
06051,2016,0.1255,0.1195,0.006,0,county
06053,2016,0.4062,0.3967,0.0095,0,county
06055,2016,0.355,0.3519,0.0031,0,county
06057,2016,0.0489,0.0455,0.0034,0,county
06059,2016,0.0859,0.0768,0.0091,0,county
06061,2016,-0.1183,-0.113,0.0053,0,county
06063,2016,-0.2027,-0.2101,0.0074,0,county
06065,2016,0.0538,0.0433,0.0105,0,county
06067,2016,0.2436,0.2369,0.0067,0,county
06069,2016,0.2135,0.2037,0.0098,0,county
06071,2016,0.1064,0.0978,0.0086,0,county
06073,2016,0.1973,0.1784,0.0189,0,county
06075,2016,0.7575,0.7609,0.0034,0,county
06077,2016,0.1436,0.1289,0.0147,0,county
06079,2016,0.0811,0.0829,0.0018,0,county
06081,2016,0.5724,0.5769,0.0045,0,county
06083,2016,0.2872,0.2824,0.0048,0,county
06085,2016,0.5213,0.525,0.0037,0,county
06087,2016,0.5652,0.5729,0.0077,0,county
06089,2016,-0.3682,-0.3737,0.0055,0,county
06091,2016,-0.2443,-0.2478,0.0035,0,county
06093,2016,-0.2004,-0.207,0.0066,0,county
06095,2016,0.3036,0.3048,0.0012,0,county
06097,2016,0.4715,0.4791,0.0076,0,county
06099,2016,0.0183,0.0063,0.012,0,county
06101,2016,-0.1521,-0.1626,0.0105,0,county
06103,2016,-0.3633,-0.3677,0.0044,0,county
06105,2016,-0.1052,-0.113,0.0078,0,county
06107,2016,-0.0954,-0.1204,0.025,1,county
06109,2016,-0.2126,-0.209,0.0036,0,county
06111,2016,0.1765,0.168,0.0085,0,county
06113,2016,0.4143,0.4204,0.0061,0,county
06115,2016,-0.2287,-0.2412,0.0125,0,county
08001,2016,0.0851,0.0723,0.0128,0,county
08003,2016,0.0206,0.0199,0.0007,0,county
08005,2016,0.1413,0.1375,0.0038,0,county
08007,2016,-0.2404,-0.2394,0.001,0,county
08009,2016,-0.6828,-0.6825,0.0003,0,county
08011,2016,-0.3103,-0.3092,0.0011,0,county
08013,2016,0.4833,0.4863,0.003,0,county
08014,2016,0.1423,0.1408,0.0015,0,county
08015,2016,-0.0447,-0.0464,0.0017,0,county
08017,2016,-0.7196,-0.723,0.0034,0,county
08019,2016,0.0263,0.0287,0.0024,0,county
08021,2016,-0.0356,-0.0332,0.0024,0,county
08023,2016,0.2906,0.2901,0.0005,0,county
08025,2016,-0.4846,-0.4851,0.0005,0,county
08027,2016,-0.4123,-0.4119,0.0004,0,county
08029,2016,-0.4507,-0.4523,0.0016,0,county
08031,2016,0.548,0.5638,0.0158,0,county
08033,2016,-0.5594,-0.5764,0.017,0,county
08035,2016,-0.1809,-0.1811,0.0002,0,county
08037,2016,0.2026,0.199,0.0036,0,county
08039,2016,-0.5364,-0.5405,0.0041,0,county
08041,2016,-0.2233,-0.2257,0.0024,0,county
08043,2016,-0.4471,-0.4475,0.0004,0,county
08045,2016,-0.0703,-0.0709,0.0006,0,county
08047,2016,0.019,0.0196,0.0006,0,county
08049,2016,-0.1323,-0.1349,0.0026,0,county
08051,2016,0.1954,0.1955,0.0001,0,county
08053,2016,-0.2411,-0.2411,0.0,0,county
08055,2016,-0.0661,-0.0647,0.0014,0,county
08057,2016,-0.5319,-0.5302,0.0017,0,county
08059,2016,0.0687,0.07,0.0013,0,county
08061,2016,-0.745,-0.7444,0.0006,0,county
08063,2016,-0.6567,-0.6554,0.0013,0,county
08065,2016,0.1082,0.1058,0.0024,0,county
08067,2016,0.0943,0.0921,0.0022,0,county
08069,2016,0.0494,0.0492,0.0002,0,county
08071,2016,-0.156,-0.1557,0.0003,0,county
08073,2016,-0.6088,-0.6137,0.0049,0,county
08075,2016,-0.5586,-0.5596,0.001,0,county
08077,2016,-0.3612,-0.3629,0.0017,0,county
08079,2016,-0.1641,-0.1641,0.0,0,county
08081,2016,-0.6791,-0.6788,0.0003,0,county
08083,2016,-0.3018,-0.3031,0.0013,0,county
08085,2016,-0.4208,-0.4207,0.0001,0,county
08087,2016,-0.4176,-0.4186,0.001,0,county
08089,2016,-0.2349,-0.2519,0.017,0,county
08091,2016,0.1045,0.1074,0.0029,0,county
08093,2016,-0.2605,-0.2637,0.0032,0,county
08095,2016,-0.581,-0.581,0.0,0,county
08097,2016,0.4545,0.4541,0.0004,0,county
08099,2016,-0.4675,-0.4691,0.0016,0,county
08101,2016,-0.005,0.0033,0.0083,0,county
08103,2016,-0.6826,-0.6836,0.001,0,county
08105,2016,-0.1959,-0.1959,0.0,0,county
08107,2016,0.1695,0.1698,0.0003,0,county
08109,2016,0.0952,0.0872,0.008,0,county
08111,2016,0.0988,0.0988,0.0,0,county
08113,2016,0.4486,0.4477,0.0009,0,county
08115,2016,-0.5484,-0.5484,0.0,0,county
08117,2016,0.2756,0.2763,0.0007,0,county
08119,2016,-0.4252,-0.4248,0.0004,0,county
08121,2016,-0.7329,-0.7367,0.0038,0,county
08123,2016,-0.2225,-0.2243,0.0018,0,county
08125,2016,-0.6521,-0.6548,0.0027,0,county
10001,2016,-0.0488,-0.049,0.0002,0,county
10003,2016,0.295,0.296,0.001,0,county
10005,2016,-0.2196,-0.22,0.0004,0,county
11001,2016,0.8678,0.8872,0.0194,0,county
12001,2016,0.2254,0.2252,0.0002,0,county
12003,2016,-0.6476,-0.6476,0.0,0,county
12005,2016,-0.4619,-0.4627,0.0008,0,county
12007,2016,-0.495,-0.495,0.0,0,county
12009,2016,-0.1975,-0.1975,0.0,0,county
12011,2016,0.3514,0.3505,0.0009,0,county
12013,2016,-0.5614,-0.5622,0.0008,0,county
12015,2016,-0.2778,-0.278,0.0002,0,county
12017,2016,-0.3973,-0.3972,0.0001,0,county
12019,2016,-0.4427,-0.4431,0.0004,0,county
12021,2016,-0.2596,-0.2601,0.0005,0,county
12023,2016,-0.4447,-0.4447,0.0,0,county
12027,2016,-0.277,-0.2772,0.0002,0,county
12029,2016,-0.632,-0.632,0.0,0,county
12031,2016,-0.0138,-0.015,0.0012,0,county
12033,2016,-0.2056,-0.2062,0.0006,0,county
12035,2016,-0.2056,-0.2059,0.0003,0,county
12037,2016,-0.3958,-0.3966,0.0008,0,county
12039,2016,0.375,0.3747,0.0003,0,county
12041,2016,-0.6273,-0.6276,0.0003,0,county
12043,2016,-0.3963,-0.3961,0.0002,0,county
12045,2016,-0.4949,-0.4953,0.0004,0,county
12047,2016,-0.2819,-0.2825,0.0006,0,county
12049,2016,-0.4079,-0.4079,0.0,0,county
12051,2016,-0.1422,-0.1424,0.0002,0,county
12053,2016,-0.2897,-0.2899,0.0002,0,county
12055,2016,-0.3202,-0.3204,0.0002,0,county
12057,2016,0.0686,0.068,0.0006,0,county
12059,2016,-0.7787,-0.7787,0.0,0,county
12061,2016,-0.2447,-0.2449,0.0002,0,county
12063,2016,-0.3736,-0.3738,0.0002,0,county
12065,2016,-0.0509,-0.0514,0.0005,0,county
12067,2016,-0.6754,-0.6756,0.0002,0,county
12069,2016,-0.2308,-0.2313,0.0005,0,county
12071,2016,-0.2042,-0.2039,0.0003,0,county
12073,2016,0.2514,0.2512,0.0002,0,county
12075,2016,-0.4472,-0.4475,0.0003,0,county
12077,2016,-0.574,-0.5739,0.0001,0,county
12079,2016,-0.1558,-0.1556,0.0002,0,county
12081,2016,-0.1717,-0.1715,0.0002,0,county
12083,2016,-0.2621,-0.2622,0.0001,0,county
12085,2016,-0.2683,-0.2685,0.0002,0,county
12086,2016,0.296,0.2956,0.0004,0,county
12087,2016,-0.069,-0.0692,0.0002,0,county
12089,2016,-0.502,-0.5022,0.0002,0,county
12091,2016,-0.4771,-0.4776,0.0005,0,county
12093,2016,-0.3953,-0.3953,0.0,0,county
12095,2016,0.2465,0.2464,0.0001,0,county
12097,2016,0.2508,0.2503,0.0005,0,county
12099,2016,0.1544,0.1531,0.0013,0,county
12101,2016,-0.2155,-0.2157,0.0002,0,county
12103,2016,-0.0112,-0.011,0.0002,0,county
12105,2016,-0.1407,-0.1411,0.0004,0,county
12107,2016,-0.3637,-0.3661,0.0024,0,county
12109,2016,-0.3339,-0.3343,0.0004,0,county
12111,2016,-0.0242,-0.0244,0.0002,0,county
12113,2016,-0.5342,-0.5344,0.0002,0,county
12115,2016,-0.116,-0.1156,0.0004,0,county
12117,2016,-0.0157,-0.0163,0.0006,0,county
12119,2016,-0.3925,-0.3926,0.0001,0,county
12121,2016,-0.5522,-0.5529,0.0007,0,county
12123,2016,-0.5143,-0.5145,0.0002,0,county
12125,2016,-0.6242,-0.6241,0.0001,0,county
12127,2016,-0.13,-0.1305,0.0005,0,county
12129,2016,-0.4015,-0.4014,0.0001,0,county
12131,2016,-0.5613,-0.5612,0.0001,0,county
12133,2016,-0.5713,-0.5715,0.0002,0,county
13001,2016,-0.579,-0.5795,0.0005,0,county
13003,2016,-0.4525,-0.452,0.0005,0,county
13005,2016,-0.6856,-0.6855,0.0001,0,county
13007,2016,-0.0868,-0.0868,0.0,0,county
13009,2016,0.0169,0.017,0.0001,0,county
13011,2016,-0.7814,-0.784,0.0026,0,county
13013,2016,-0.4999,-0.5039,0.004,0,county
13015,2016,-0.5486,-0.552,0.0034,0,county
13017,2016,-0.2759,-0.2762,0.0003,0,county
13019,2016,-0.6639,-0.6654,0.0015,0,county
13021,2016,0.2036,0.2022,0.0014,0,county
13023,2016,-0.5263,-0.5316,0.0053,0,county
13025,2016,-0.7853,-0.7863,0.001,0,county
13027,2016,-0.1851,-0.1875,0.0024,0,county
13029,2016,-0.4294,-0.4317,0.0023,0,county
13031,2016,-0.2305,-0.2345,0.004,0,county
13033,2016,0.0257,0.0256,0.0001,0,county
13035,2016,-0.4363,-0.438,0.0017,0,county
13037,2016,0.1723,0.1725,0.0002,0,county
13039,2016,-0.3375,-0.3385,0.001,0,county
13043,2016,-0.4353,-0.436,0.0007,0,county
13045,2016,-0.3981,-0.4014,0.0033,0,county
13047,2016,-0.6019,-0.607,0.0051,0,county
13049,2016,-0.4848,-0.4855,0.0007,0,county
13051,2016,0.148,0.1448,0.0032,0,county
13053,2016,-0.1129,-0.1105,0.0024,0,county
13055,2016,-0.5876,-0.5876,0.0,0,county
13057,2016,-0.4946,-0.5,0.0054,0,county
13059,2016,0.3754,0.3804,0.005,0,county
13061,2016,0.1029,0.1031,0.0002,0,county
13063,2016,0.7062,0.7191,0.0129,0,county
13065,2016,-0.424,-0.4253,0.0013,0,county
13067,2016,0.0218,0.0209,0.0009,0,county
13069,2016,-0.3948,-0.3947,0.0001,0,county
13071,2016,-0.4723,-0.4732,0.0009,0,county
13073,2016,-0.3738,-0.377,0.0032,0,county
13075,2016,-0.4,-0.4013,0.0013,0,county
13077,2016,-0.4203,-0.4231,0.0028,0,county
13079,2016,-0.4277,-0.4291,0.0014,0,county
13081,2016,-0.2279,-0.2272,0.0007,0,county
13083,2016,-0.6546,-0.6544,0.0002,0,county
13085,2016,-0.7184,-0.7223,0.0039,0,county
13087,2016,-0.1843,-0.1861,0.0018,0,county
13089,2016,0.6351,0.6476,0.0125,0,county
13091,2016,-0.454,-0.4553,0.0013,0,county
13093,2016,-0.0205,-0.0211,0.0006,0,county
13095,2016,0.3837,0.3831,0.0006,0,county
13097,2016,0.1072,0.1075,0.0003,0,county
13099,2016,-0.0803,-0.0809,0.0006,0,county
13101,2016,-0.72,-0.7234,0.0034,0,county
13103,2016,-0.5551,-0.5563,0.0012,0,county
13105,2016,-0.3447,-0.3491,0.0044,0,county
13107,2016,-0.369,-0.3696,0.0006,0,county
13109,2016,-0.3526,-0.3537,0.0011,0,county
13111,2016,-0.6526,-0.6547,0.0021,0,county
13113,2016,-0.1931,-0.1951,0.002,0,county
13115,2016,-0.4321,-0.4356,0.0035,0,county
13117,2016,-0.4723,-0.4765,0.0042,0,county
13119,2016,-0.6835,-0.6857,0.0022,0,county
13121,2016,0.4156,0.4212,0.0056,0,county
13123,2016,-0.6664,-0.6694,0.003,0,county
13125,2016,-0.7892,-0.7892,0.0,0,county
13127,2016,-0.2842,-0.2862,0.002,0,county
13129,2016,-0.6335,-0.6363,0.0028,0,county
13131,2016,-0.33,-0.3311,0.0011,0,county
13133,2016,-0.2588,-0.2598,0.001,0,county
13135,2016,0.0584,0.0574,0.001,0,county
13137,2016,-0.6592,-0.6635,0.0043,0,county
13139,2016,-0.5029,-0.5066,0.0037,0,county
13141,2016,0.519,0.519,0.0,0,county
13143,2016,-0.7141,-0.7162,0.0021,0,county
13145,2016,-0.4757,-0.4788,0.0031,0,county
13147,2016,-0.4647,-0.4666,0.0019,0,county
13149,2016,-0.6221,-0.6246,0.0025,0,county
13151,2016,0.0439,0.0435,0.0004,0,county
13153,2016,-0.2143,-0.2164,0.0021,0,county
13155,2016,-0.4973,-0.4977,0.0004,0,county
13157,2016,-0.636,-0.6388,0.0028,0,county
13159,2016,-0.4658,-0.4669,0.0011,0,county
13161,2016,-0.6285,-0.629,0.0005,0,county
13163,2016,0.1088,0.1085,0.0003,0,county
13165,2016,-0.2526,-0.2584,0.0058,0,county
13167,2016,-0.3752,-0.3756,0.0004,0,county
13169,2016,-0.3461,-0.3469,0.0008,0,county
13171,2016,-0.3836,-0.385,0.0014,0,county
13173,2016,-0.4103,-0.4121,0.0018,0,county
13175,2016,-0.2898,-0.2912,0.0014,0,county
13177,2016,-0.5286,-0.5299,0.0013,0,county
13179,2016,0.212,0.2118,0.0002,0,county
13181,2016,-0.3623,-0.3629,0.0006,0,county
13183,2016,-0.3075,-0.3083,0.0008,0,county
13185,2016,-0.1738,-0.1818,0.008,0,county
13187,2016,-0.5955,-0.6002,0.0047,0,county
13189,2016,-0.187,-0.187,0.0,0,county
13191,2016,-0.2006,-0.2009,0.0003,0,county
13193,2016,0.2718,0.2718,0.0,0,county
13195,2016,-0.5648,-0.5669,0.0021,0,county
13197,2016,-0.2219,-0.2224,0.0005,0,county
13199,2016,-0.1538,-0.1542,0.0004,0,county
13201,2016,-0.4984,-0.4984,0.0,0,county
13205,2016,-0.0997,-0.0993,0.0004,0,county
13207,2016,-0.4147,-0.4143,0.0004,0,county
13209,2016,-0.5098,-0.5115,0.0017,0,county
13211,2016,-0.4112,-0.4135,0.0023,0,county
13213,2016,-0.6856,-0.6876,0.002,0,county
13215,2016,0.1865,0.1859,0.0006,0,county
13217,2016,0.0234,0.0235,0.0001,0,county
13219,2016,-0.3893,-0.4011,0.0118,0,county
13221,2016,-0.4186,-0.42,0.0014,0,county
13223,2016,-0.4105,-0.4124,0.0019,0,county
13225,2016,-0.0291,-0.0301,0.001,0,county
13227,2016,-0.689,-0.6919,0.0029,0,county
13229,2016,-0.7385,-0.7398,0.0013,0,county
13231,2016,-0.692,-0.6956,0.0036,0,county
13233,2016,-0.5731,-0.5752,0.0021,0,county
13235,2016,-0.3698,-0.3702,0.0004,0,county
13237,2016,-0.399,-0.3999,0.0009,0,county
13239,2016,-0.1092,-0.1092,0.0,0,county
13241,2016,-0.606,-0.6094,0.0034,0,county
13243,2016,0.1128,0.113,0.0002,0,county
13245,2016,0.3225,0.3238,0.0013,0,county
13247,2016,0.2582,0.2592,0.001,0,county
13249,2016,-0.561,-0.561,0.0,0,county
13251,2016,-0.1759,-0.1763,0.0004,0,county
13253,2016,-0.3222,-0.3235,0.0013,0,county
13255,2016,-0.2447,-0.2424,0.0023,0,county
13257,2016,-0.5959,-0.5991,0.0032,0,county
13259,2016,0.2026,0.2021,0.0005,0,county
13261,2016,0.0222,0.0223,0.0001,0,county
13263,2016,0.2483,0.2482,0.0001,0,county
13265,2016,0.2185,0.2185,0.0,0,county
13267,2016,-0.4947,-0.4963,0.0016,0,county
13269,2016,-0.2254,-0.2255,0.0001,0,county
13271,2016,-0.2995,-0.2994,0.0001,0,county
13273,2016,0.0938,0.0945,0.0007,0,county
13275,2016,-0.2173,-0.2182,0.0009,0,county
13277,2016,-0.3683,-0.3742,0.0059,0,county
13279,2016,-0.468,-0.4693,0.0013,0,county
13281,2016,-0.6169,-0.6201,0.0032,0,county
13283,2016,-0.3504,-0.3511,0.0007,0,county
13285,2016,-0.2312,-0.2344,0.0032,0,county
13287,2016,-0.2499,-0.251,0.0011,0,county
13289,2016,-0.0158,-0.0158,0.0,0,county
13291,2016,-0.654,-0.6551,0.0011,0,county
13293,2016,-0.3491,-0.3494,0.0003,0,county
13295,2016,-0.6151,-0.6151,0.0,0,county
13297,2016,-0.561,-0.5644,0.0034,0,county
13299,2016,-0.4164,-0.4174,0.001,0,county
13301,2016,0.1384,0.1381,0.0003,0,county
13303,2016,0.006,0.0058,0.0002,0,county
13305,2016,-0.587,-0.5887,0.0017,0,county
13307,2016,-0.1407,-0.1427,0.002,0,county
13309,2016,-0.3687,-0.3687,0.0,0,county
13311,2016,-0.684,-0.6863,0.0023,0,county
13313,2016,-0.4436,-0.4476,0.004,0,county
13315,2016,-0.418,-0.4184,0.0004,0,county
13317,2016,-0.1614,-0.1622,0.0008,0,county
13319,2016,-0.1024,-0.1027,0.0003,0,county
13321,2016,-0.4981,-0.4995,0.0014,0,county
15001,2016,0.3663,0.3663,0.0,0,county
15003,2016,0.2987,0.2987,0.0,0,county
15007,2016,0.3373,0.3373,0.0,0,county
15009,2016,0.3857,0.3857,0.0,0,county
16001,2016,-0.0924,-0.0924,0.0,0,county
16003,2016,-0.5227,-0.5227,0.0,0,county
16005,2016,-0.2046,-0.2047,0.0001,0,county
16007,2016,-0.6653,-0.6653,0.0,0,county
16009,2016,-0.5575,-0.5537,0.0038,0,county
16011,2016,-0.4802,-0.4802,0.0,0,county
16013,2016,0.2868,0.2869,0.0001,0,county
16015,2016,-0.4971,-0.4974,0.0003,0,county
16017,2016,-0.3593,-0.3021,0.0572,1,county
16019,2016,-0.4018,-0.4019,0.0001,0,county
16021,2016,-0.5532,-0.5546,0.0014,0,county
16023,2016,-0.613,-0.613,0.0,0,county
16025,2016,-0.5085,-0.5008,0.0077,0,county
16027,2016,-0.4168,-0.4176,0.0008,0,county
16029,2016,-0.6603,-0.6603,0.0,0,county
16031,2016,-0.6008,-0.6008,0.0,0,county
16033,2016,-0.5618,-0.5618,0.0,0,county
16035,2016,-0.5651,-0.5651,0.0,0,county
16037,2016,-0.5592,-0.5595,0.0003,0,county
16039,2016,-0.4696,-0.4698,0.0002,0,county
16041,2016,-0.6394,-0.6394,0.0,0,county
16043,2016,-0.6017,-0.602,0.0003,0,county
16045,2016,-0.5973,-0.5975,0.0002,0,county
16047,2016,-0.5419,-0.5419,0.0,0,county
16049,2016,-0.6371,-0.6378,0.0007,0,county
16051,2016,-0.6501,-0.6503,0.0002,0,county
16053,2016,-0.491,-0.4903,0.0007,0,county
16055,2016,-0.425,-0.4252,0.0002,0,county
16057,2016,0.0456,0.0462,0.0006,0,county
16059,2016,-0.5562,-0.56,0.0038,0,county
16061,2016,-0.5862,-0.5862,0.0,0,county
16063,2016,-0.4714,-0.4714,0.0,0,county
16065,2016,-0.4934,-0.4934,0.0,0,county
16067,2016,-0.5414,-0.5415,0.0001,0,county
16069,2016,-0.3413,-0.3414,0.0001,0,county
16071,2016,-0.6514,-0.6514,0.0,0,county
16073,2016,-0.627,-0.6278,0.0008,0,county
16075,2016,-0.5724,-0.5986,0.0262,1,county
16077,2016,-0.3506,-0.3506,0.0,0,county
16079,2016,-0.3736,-0.3736,0.0,0,county
16081,2016,-0.0016,-0.0008,0.0008,0,county
16083,2016,-0.4551,-0.4458,0.0093,0,county
16085,2016,-0.1856,-0.1856,0.0,0,county
16087,2016,-0.5627,-0.5629,0.0002,0,county
17001,2016,-0.473,-0.4753,0.0023,0,county
17003,2016,-0.0822,-0.083,0.0008,0,county
17005,2016,-0.3745,-0.3776,0.0031,0,county
17007,2016,-0.1433,-0.1464,0.0031,0,county
17009,2016,-0.5549,-0.5569,0.002,0,county
17011,2016,-0.1962,-0.1996,0.0034,0,county
17013,2016,-0.382,-0.3834,0.0014,0,county
17015,2016,-0.2669,-0.2707,0.0038,0,county
17017,2016,-0.3113,-0.3164,0.0051,0,county
17019,2016,0.183,0.1845,0.0015,0,county
17021,2016,-0.4238,-0.4272,0.0034,0,county
17023,2016,-0.4724,-0.4792,0.0068,0,county
17025,2016,-0.6301,-0.6363,0.0062,0,county
17027,2016,-0.4861,-0.4896,0.0035,0,county
17029,2016,-0.2604,-0.2641,0.0037,0,county
17031,2016,0.5368,0.5296,0.0072,0,county
17033,2016,-0.4909,-0.491,0.0001,0,county
17035,2016,-0.5703,-0.5754,0.0051,0,county
17037,2016,0.0315,0.0304,0.0011,0,county
17039,2016,-0.4199,-0.4238,0.0039,0,county
17041,2016,-0.4589,-0.4635,0.0046,0,county
17043,2016,0.1451,0.1408,0.0043,0,county
17045,2016,-0.4893,-0.4954,0.0061,0,county
17047,2016,-0.7003,-0.708,0.0077,0,county
17049,2016,-0.5992,-0.6049,0.0057,0,county
17051,2016,-0.5793,-0.5832,0.0039,0,county
17053,2016,-0.4794,-0.4872,0.0078,0,county
17055,2016,-0.4483,-0.4527,0.0044,0,county
17057,2016,-0.1493,-0.1515,0.0022,0,county
17059,2016,-0.4747,-0.4779,0.0032,0,county
17061,2016,-0.5264,-0.53,0.0036,0,county
17063,2016,-0.2319,-0.2357,0.0038,0,county
17065,2016,-0.5771,-0.5805,0.0034,0,county
17067,2016,-0.4705,-0.5077,0.0372,1,county
17069,2016,-0.574,-0.5771,0.0031,0,county
17071,2016,-0.2843,-0.2879,0.0036,0,county
17073,2016,-0.2075,-0.2116,0.0041,0,county
17075,2016,-0.5547,-0.5596,0.0049,0,county
17077,2016,0.0321,0.0298,0.0023,0,county
17079,2016,-0.594,-0.5974,0.0034,0,county
17081,2016,-0.4277,-0.4325,0.0048,0,county
17083,2016,-0.4612,-0.4642,0.003,0,county
17085,2016,-0.1464,-0.1486,0.0022,0,county
17087,2016,-0.576,-0.5832,0.0072,0,county
17089,2016,0.105,0.0894,0.0156,0,county
17091,2016,-0.1302,-0.1326,0.0024,0,county
17093,2016,-0.0014,-0.015,0.0136,0,county
17095,2016,-0.0294,-0.0327,0.0033,0,county
17097,2016,0.2021,0.2029,0.0008,0,county
17099,2016,-0.1437,-0.1443,0.0006,0,county
17101,2016,-0.5302,-0.5347,0.0045,0,county
17103,2016,-0.1991,-0.2036,0.0045,0,county
17105,2016,-0.4051,-0.4102,0.0051,0,county
17107,2016,-0.3925,-0.4012,0.0087,0,county
17109,2016,-0.1151,-0.117,0.0019,0,county
17111,2016,-0.0763,-0.0806,0.0043,0,county
17113,2016,-0.013,-0.0147,0.0017,0,county
17115,2016,-0.1773,-0.1813,0.004,0,county
17117,2016,-0.3414,-0.3502,0.0088,0,county
17119,2016,-0.1529,-0.156,0.0031,0,county
17121,2016,-0.4387,-0.4486,0.0099,0,county
17123,2016,-0.3336,-0.3375,0.0039,0,county
17125,2016,-0.3151,-0.3176,0.0025,0,county
17127,2016,-0.492,-0.4959,0.0039,0,county
17129,2016,-0.3705,-0.3771,0.0066,0,county
17131,2016,-0.2036,-0.2066,0.003,0,county
17133,2016,-0.3665,-0.3718,0.0053,0,county
17135,2016,-0.395,-0.3996,0.0046,0,county
17137,2016,-0.2959,-0.299,0.0031,0,county
17139,2016,-0.4733,-0.4795,0.0062,0,county
17141,2016,-0.2605,-0.2655,0.005,0,county
17143,2016,0.0309,0.0276,0.0033,0,county
17145,2016,-0.4459,-0.4516,0.0057,0,county
17147,2016,-0.3318,-0.336,0.0042,0,county
17149,2016,-0.5765,-0.5815,0.005,0,county
17151,2016,-0.6083,-0.6116,0.0033,0,county
17153,2016,-0.2607,-0.3097,0.049,1,county
17155,2016,-0.1993,-0.2012,0.0019,0,county
17157,2016,-0.4639,-0.4683,0.0044,0,county
17159,2016,-0.5407,-0.5448,0.0041,0,county
17161,2016,0.0828,0.084,0.0012,0,county
17163,2016,0.0572,0.0562,0.001,0,county
17165,2016,-0.5011,-0.5071,0.006,0,county
17167,2016,-0.0919,-0.0942,0.0023,0,county
17169,2016,-0.3785,-0.3821,0.0036,0,county
17171,2016,-0.5487,-0.5563,0.0076,0,county
17173,2016,-0.5396,-0.5434,0.0038,0,county
17175,2016,-0.3744,-0.3801,0.0057,0,county
17177,2016,-0.163,-0.1697,0.0067,0,county
17179,2016,-0.2798,-0.285,0.0052,0,county
17181,2016,-0.3969,-0.3983,0.0014,0,county
17183,2016,-0.296,-0.2922,0.0038,0,county
17185,2016,-0.53,-0.5355,0.0055,0,county
17187,2016,-0.165,-0.1668,0.0018,0,county
17189,2016,-0.5551,-0.5586,0.0035,0,county
17191,2016,-0.7165,-0.7164,0.0001,0,county
17193,2016,-0.5764,-0.5799,0.0035,0,county
17195,2016,-0.0618,-0.0631,0.0013,0,county
17197,2016,0.0638,0.0567,0.0071,0,county
17199,2016,-0.4078,-0.4126,0.0048,0,county
17201,2016,0.0008,-0.0117,0.0125,0,county
17203,2016,-0.4085,-0.4184,0.0099,0,county
18001,2016,-0.5228,-0.5246,0.0018,0,county
18003,2016,-0.194,-0.196,0.002,0,county
18005,2016,-0.3324,-0.3333,0.0009,0,county
18007,2016,-0.4689,-0.4704,0.0015,0,county
18009,2016,-0.4354,-0.4367,0.0013,0,county
18011,2016,-0.2944,-0.2955,0.0011,0,county
18013,2016,-0.3144,-0.3158,0.0014,0,county
18015,2016,-0.5069,-0.509,0.0021,0,county
18017,2016,-0.4182,-0.4202,0.002,0,county
18019,2016,-0.2195,-0.2196,0.0001,0,county
18021,2016,-0.5518,-0.5526,0.0008,0,county
18023,2016,-0.4786,-0.4801,0.0015,0,county
18025,2016,-0.3684,-0.3681,0.0003,0,county
18027,2016,-0.6264,-0.6283,0.0019,0,county
18029,2016,-0.5515,-0.5532,0.0017,0,county
18031,2016,-0.5724,-0.5739,0.0015,0,county
18033,2016,-0.4799,-0.4825,0.0026,0,county
18035,2016,-0.1354,-0.1368,0.0014,0,county
18037,2016,-0.3991,-0.4005,0.0014,0,county
18039,2016,-0.3219,-0.3243,0.0024,0,county
18041,2016,-0.4813,-0.4813,0.0,0,county
18043,2016,-0.2001,-0.2012,0.0011,0,county
18045,2016,-0.5587,-0.5599,0.0012,0,county
18047,2016,-0.6084,-0.6095,0.0011,0,county
18049,2016,-0.4836,-0.4836,0.0,0,county
18051,2016,-0.4753,-0.4756,0.0003,0,county
18053,2016,-0.395,-0.3954,0.0004,0,county
18055,2016,-0.5324,-0.5337,0.0013,0,county
18057,2016,-0.1954,-0.1958,0.0004,0,county
18059,2016,-0.4469,-0.4482,0.0013,0,county
18061,2016,-0.4397,-0.4435,0.0038,0,county
18063,2016,-0.3406,-0.3419,0.0013,0,county
18065,2016,-0.4352,-0.4369,0.0017,0,county
18067,2016,-0.3382,-0.339,0.0008,0,county
18069,2016,-0.5076,-0.5098,0.0022,0,county
18071,2016,-0.5131,-0.5141,0.001,0,county
18073,2016,-0.4525,-0.4541,0.0016,0,county
18075,2016,-0.4768,-0.4783,0.0015,0,county
18077,2016,-0.3116,-0.313,0.0014,0,county
18079,2016,-0.5256,-0.527,0.0014,0,county
18081,2016,-0.4231,-0.4249,0.0018,0,county
18083,2016,-0.4708,-0.4718,0.001,0,county
18085,2016,-0.5492,-0.5515,0.0023,0,county
18087,2016,-0.5169,-0.5177,0.0008,0,county
18089,2016,0.2053,0.2064,0.0011,0,county
18091,2016,-0.0639,-0.0641,0.0002,0,county
18093,2016,-0.513,-0.515,0.002,0,county
18095,2016,-0.2556,-0.2568,0.0012,0,county
18097,2016,0.2278,0.2283,0.0005,0,county
18099,2016,-0.4142,-0.4158,0.0016,0,county
18101,2016,-0.5856,-0.5854,0.0002,0,county
18103,2016,-0.5347,-0.5364,0.0017,0,county
18105,2016,0.2331,0.237,0.0039,0,county
18107,2016,-0.5079,-0.5092,0.0013,0,county
18109,2016,-0.5637,-0.5656,0.0019,0,county
18111,2016,-0.4613,-0.4612,0.0001,0,county
18113,2016,-0.4911,-0.4911,0.0,0,county
18115,2016,-0.4902,-0.4909,0.0007,0,county
18117,2016,-0.4584,-0.4582,0.0002,0,county
18119,2016,-0.4916,-0.4935,0.0019,0,county
18121,2016,-0.5199,-0.5204,0.0005,0,county
18123,2016,-0.1855,-0.1862,0.0007,0,county
18125,2016,-0.5188,-0.5188,0.0,0,county
18127,2016,-0.0668,-0.0678,0.001,0,county
18129,2016,-0.3917,-0.3919,0.0002,0,county
18131,2016,-0.4629,-0.4648,0.0019,0,county
18133,2016,-0.4948,-0.496,0.0012,0,county
18135,2016,-0.4849,-0.4848,0.0001,0,county
18137,2016,-0.5726,-0.5735,0.0009,0,county
18139,2016,-0.5222,-0.5222,0.0,0,county
18141,2016,0.0021,0.0021,0.0,0,county
18143,2016,-0.3771,-0.3788,0.0017,0,county
18145,2016,-0.4708,-0.4723,0.0015,0,county
18147,2016,-0.3719,-0.3726,0.0007,0,county
18149,2016,-0.4203,-0.4203,0.0,0,county
18151,2016,-0.4386,-0.4395,0.0009,0,county
18153,2016,-0.4703,-0.4703,0.0,0,county
18155,2016,-0.4401,-0.4474,0.0073,0,county
18157,2016,-0.0558,-0.0566,0.0008,0,county
18159,2016,-0.5329,-0.5329,0.0,0,county
18161,2016,-0.5257,-0.5265,0.0008,0,county
18163,2016,-0.165,-0.1685,0.0035,0,county
18165,2016,-0.3505,-0.3515,0.001,0,county
18167,2016,-0.1508,-0.1517,0.0009,0,county
18169,2016,-0.5051,-0.507,0.0019,0,county
18171,2016,-0.5239,-0.5249,0.001,0,county
18173,2016,-0.3389,-0.3393,0.0004,0,county
18175,2016,-0.4896,-0.4915,0.0019,0,county
18177,2016,-0.3013,-0.3013,0.0,0,county
18179,2016,-0.5627,-0.565,0.0023,0,county
18181,2016,-0.428,-0.4292,0.0012,0,county
18183,2016,-0.5107,-0.5136,0.0029,0,county
19001,2016,-0.3485,-0.3536,0.0051,0,county
19003,2016,-0.3941,-0.3977,0.0036,0,county
19005,2016,-0.2415,-0.2432,0.0017,0,county
19007,2016,-0.3616,-0.3638,0.0022,0,county
19009,2016,-0.3095,-0.3125,0.003,0,county
19011,2016,-0.2567,-0.2596,0.0029,0,county
19013,2016,0.0739,0.0731,0.0008,0,county
19015,2016,-0.1369,-0.1388,0.0019,0,county
19017,2016,-0.1368,-0.1386,0.0018,0,county
19019,2016,-0.1502,-0.1517,0.0015,0,county
19021,2016,-0.2473,-0.2499,0.0026,0,county
19023,2016,-0.3679,-0.3695,0.0016,0,county
19025,2016,-0.4012,-0.4055,0.0043,0,county
19027,2016,-0.3157,-0.3184,0.0027,0,county
19029,2016,-0.3944,-0.3982,0.0038,0,county
19031,2016,-0.1778,-0.1808,0.003,0,county
19033,2016,-0.0766,-0.077,0.0004,0,county
19035,2016,-0.4016,-0.4061,0.0045,0,county
19037,2016,-0.2294,-0.2317,0.0023,0,county
19039,2016,-0.2802,-0.2822,0.002,0,county
19041,2016,-0.421,-0.4243,0.0033,0,county
19043,2016,-0.2278,-0.2279,0.0001,0,county
19045,2016,-0.0512,-0.0514,0.0002,0,county
19047,2016,-0.3787,-0.3823,0.0036,0,county
19049,2016,-0.0951,-0.0964,0.0013,0,county
19051,2016,-0.4498,-0.4523,0.0025,0,county
19053,2016,-0.2933,-0.2957,0.0024,0,county
19055,2016,-0.2962,-0.2981,0.0019,0,county
19057,2016,-0.0689,-0.0695,0.0006,0,county
19059,2016,-0.3571,-0.3603,0.0032,0,county
19061,2016,-0.0123,-0.0124,0.0001,0,county
19063,2016,-0.3718,-0.375,0.0032,0,county
19065,2016,-0.1936,-0.1962,0.0026,0,county
19067,2016,-0.1484,-0.1495,0.0011,0,county
19069,2016,-0.3362,-0.3384,0.0022,0,county
19071,2016,-0.4017,-0.4057,0.004,0,county
19073,2016,-0.2342,-0.2375,0.0033,0,county
19075,2016,-0.3887,-0.3945,0.0058,0,county
19077,2016,-0.3297,-0.333,0.0033,0,county
19079,2016,-0.2258,-0.2286,0.0028,0,county
19081,2016,-0.4071,-0.411,0.0039,0,county
19083,2016,-0.2891,-0.2917,0.0026,0,county
19085,2016,-0.3712,-0.3753,0.0041,0,county
19087,2016,-0.3057,-0.3087,0.003,0,county
19089,2016,-0.2049,-0.2079,0.003,0,county
19091,2016,-0.4553,-0.4596,0.0043,0,county
19093,2016,-0.5158,-0.5189,0.0031,0,county
19095,2016,-0.2382,-0.2416,0.0034,0,county
19097,2016,-0.1927,-0.1944,0.0017,0,county
19099,2016,-0.1813,-0.1836,0.0023,0,county
19101,2016,-0.0047,-0.0045,0.0002,0,county
19103,2016,0.3789,0.3827,0.0038,0,county
19105,2016,-0.1908,-0.1937,0.0029,0,county
19107,2016,-0.4108,-0.4364,0.0256,1,county
19109,2016,-0.3613,-0.3654,0.0041,0,county
19111,2016,-0.1602,-0.1615,0.0013,0,county
19113,2016,0.0901,0.0898,0.0003,0,county
19115,2016,-0.2837,-0.2867,0.003,0,county
19117,2016,-0.3762,-0.381,0.0048,0,county
19119,2016,-0.6699,-0.6741,0.0042,0,county
19121,2016,-0.3106,-0.3133,0.0027,0,county
19123,2016,-0.4527,-0.4572,0.0045,0,county
19125,2016,-0.3076,-0.3117,0.0041,0,county
19127,2016,-0.0831,-0.0849,0.0018,0,county
19129,2016,-0.3867,-0.3904,0.0037,0,county
19131,2016,-0.2404,-0.2427,0.0023,0,county
19133,2016,-0.4097,-0.4135,0.0038,0,county
19135,2016,-0.4093,-0.4116,0.0023,0,county
19137,2016,-0.4207,-0.424,0.0033,0,county
19139,2016,-0.0626,-0.0663,0.0037,0,county
19141,2016,-0.5991,-0.6017,0.0026,0,county
19143,2016,-0.6159,-0.6181,0.0022,0,county
19145,2016,-0.4381,-0.4412,0.0031,0,county
19147,2016,-0.3579,-0.3603,0.0024,0,county
19149,2016,-0.5152,-0.5193,0.0041,0,county
19151,2016,-0.4499,-0.4516,0.0017,0,county
19153,2016,0.1136,0.1149,0.0013,0,county
19155,2016,-0.213,-0.2155,0.0025,0,county
19157,2016,-0.0653,-0.0685,0.0032,0,county
19159,2016,-0.3956,-0.3975,0.0019,0,county
19161,2016,-0.4668,-0.4698,0.003,0,county
19163,2016,0.015,0.0144,0.0006,0,county
19165,2016,-0.4239,-0.4292,0.0053,0,county
19167,2016,-0.6862,-0.6933,0.0071,0,county
19169,2016,0.1234,0.1221,0.0013,0,county
19171,2016,-0.2028,-0.2054,0.0026,0,county
19173,2016,-0.4467,-0.4505,0.0038,0,county
19175,2016,-0.2749,-0.2776,0.0027,0,county
19177,2016,-0.4723,-0.4767,0.0044,0,county
19179,2016,-0.206,-0.208,0.002,0,county
19181,2016,-0.1613,-0.1635,0.0022,0,county
19183,2016,-0.204,-0.2062,0.0022,0,county
19185,2016,-0.4592,-0.4622,0.003,0,county
19187,2016,-0.2152,-0.2179,0.0027,0,county
19189,2016,-0.262,-0.2653,0.0033,0,county
19191,2016,-0.0079,-0.0084,0.0005,0,county
19193,2016,-0.1948,-0.1986,0.0038,0,county
19195,2016,-0.2168,-0.2182,0.0014,0,county
19197,2016,-0.316,-0.3194,0.0034,0,county
20001,2016,-0.4067,-0.4097,0.003,0,county
20003,2016,-0.5263,-0.5252,0.0011,0,county
20005,2016,-0.3133,-0.3177,0.0044,0,county
20007,2016,-0.6945,-0.6976,0.0031,0,county
20009,2016,-0.5891,-0.5891,0.0,0,county
20011,2016,-0.5068,-0.5083,0.0015,0,county
20013,2016,-0.5062,-0.5078,0.0016,0,county
20015,2016,-0.452,-0.4544,0.0024,0,county
20017,2016,-0.477,-0.4851,0.0081,0,county
20019,2016,-0.7016,-0.7133,0.0117,0,county
20021,2016,-0.4846,-0.4839,0.0007,0,county
20023,2016,-0.705,-0.6984,0.0066,0,county
20025,2016,-0.7015,-0.707,0.0055,0,county
20027,2016,-0.5796,-0.5812,0.0016,0,county
20029,2016,-0.5491,-0.5513,0.0022,0,county
20031,2016,-0.571,-0.5732,0.0022,0,county
20033,2016,-0.707,-0.7036,0.0034,0,county
20035,2016,-0.3739,-0.3763,0.0024,0,county
20037,2016,-0.23,-0.2312,0.0012,0,county
20039,2016,-0.7107,-0.7137,0.003,0,county
20041,2016,-0.5384,-0.5398,0.0014,0,county
20043,2016,-0.5977,-0.5992,0.0015,0,county
20045,2016,0.3296,0.3272,0.0024,0,county
20047,2016,-0.6255,-0.6307,0.0052,0,county
20049,2016,-0.7053,-0.7053,0.0,0,county
20051,2016,-0.4791,-0.4839,0.0048,0,county
20053,2016,-0.5405,-0.54,0.0005,0,county
20055,2016,-0.3106,-0.3236,0.013,0,county
20057,2016,-0.3842,-0.3989,0.0147,0,county
20059,2016,-0.3915,-0.3937,0.0022,0,county
20061,2016,-0.2068,-0.217,0.0102,0,county
20063,2016,-0.7379,-0.7364,0.0015,0,county
20065,2016,-0.6519,-0.6545,0.0026,0,county
20067,2016,-0.5705,-0.5746,0.0041,0,county
20069,2016,-0.6946,-0.6932,0.0014,0,county
20071,2016,-0.6938,-0.6886,0.0052,0,county
20073,2016,-0.5898,-0.5912,0.0014,0,county
20075,2016,-0.6667,-0.68,0.0133,0,county
20077,2016,-0.6218,-0.6216,0.0002,0,county
20079,2016,-0.2414,-0.2405,0.0009,0,county
20081,2016,-0.5871,-0.6023,0.0152,0,county
20083,2016,-0.7188,-0.7167,0.0021,0,county
20085,2016,-0.4172,-0.4189,0.0017,0,county
20087,2016,-0.3233,-0.3225,0.0008,0,county
20089,2016,-0.6981,-0.6905,0.0076,0,county
20091,2016,-0.0263,-0.0271,0.0008,0,county
20093,2016,-0.6847,-0.6219,0.0628,1,county
20095,2016,-0.5792,-0.5831,0.0039,0,county
20097,2016,-0.7285,-0.7273,0.0012,0,county
20099,2016,-0.3755,-0.3786,0.0031,0,county
20101,2016,-0.7026,-0.698,0.0046,0,county
20103,2016,-0.2452,-0.2468,0.0016,0,county
20105,2016,-0.6585,-0.6588,0.0003,0,county
20107,2016,-0.6207,-0.6207,0.0,0,county
20109,2016,-0.7244,-0.7233,0.0011,0,county
20111,2016,-0.1549,-0.1616,0.0067,0,county
20113,2016,-0.4178,-0.4198,0.002,0,county
20115,2016,-0.4977,-0.5034,0.0057,0,county
20117,2016,-0.4783,-0.4784,0.0001,0,county
20119,2016,-0.7006,-0.7069,0.0063,0,county
20121,2016,-0.4002,-0.4004,0.0002,0,county
20123,2016,-0.6224,-0.6186,0.0038,0,county
20125,2016,-0.5033,-0.5084,0.0051,0,county
20127,2016,-0.4646,-0.4688,0.0042,0,county
20129,2016,-0.7114,-0.7112,0.0002,0,county
20131,2016,-0.6636,-0.6671,0.0035,0,county
20133,2016,-0.464,-0.4676,0.0036,0,county
20135,2016,-0.7331,-0.7359,0.0028,0,county
20137,2016,-0.6979,-0.6991,0.0012,0,county
20139,2016,-0.4361,-0.4327,0.0034,0,county
20141,2016,-0.6862,-0.688,0.0018,0,county
20143,2016,-0.6404,-0.641,0.0006,0,county
20145,2016,-0.4979,-0.5015,0.0036,0,county
20147,2016,-0.7256,-0.7292,0.0036,0,county
20149,2016,-0.5038,-0.5078,0.004,0,county
20151,2016,-0.538,-0.5399,0.0019,0,county
20153,2016,-0.7181,-0.7244,0.0063,0,county
20155,2016,-0.3584,-0.3595,0.0011,0,county
20157,2016,-0.652,-0.6534,0.0014,0,county
20159,2016,-0.5631,-0.5562,0.0069,0,county
20161,2016,-0.0356,-0.0452,0.0096,0,county
20163,2016,-0.7259,-0.7258,0.0001,0,county
20165,2016,-0.6414,-0.6445,0.0031,0,county
20167,2016,-0.6618,-0.6639,0.0021,0,county
20169,2016,-0.3404,-0.3434,0.003,0,county
20171,2016,-0.7398,-0.7411,0.0013,0,county
20173,2016,-0.1839,-0.1914,0.0075,0,county
20175,2016,-0.3039,-0.3234,0.0195,0,county
20177,2016,-0.0266,-0.0282,0.0016,0,county
20179,2016,-0.7787,-0.7783,0.0004,0,county
20181,2016,-0.6669,-0.6713,0.0044,0,county
20183,2016,-0.668,-0.6653,0.0027,0,county
20185,2016,-0.6255,-0.6274,0.0019,0,county
20187,2016,-0.5918,-0.6038,0.012,0,county
20189,2016,-0.7292,-0.728,0.0012,0,county
20191,2016,-0.5048,-0.5061,0.0013,0,county
20193,2016,-0.6809,-0.679,0.0019,0,county
20195,2016,-0.6943,-0.6977,0.0034,0,county
20197,2016,-0.4722,-0.4746,0.0024,0,county
20199,2016,-0.8459,-0.8549,0.009,0,county
20201,2016,-0.6535,-0.6567,0.0032,0,county
20203,2016,-0.6579,-0.6702,0.0123,0,county
20205,2016,-0.611,-0.631,0.02,1,county
20207,2016,-0.5606,-0.5585,0.0021,0,county
20209,2016,0.294,0.2913,0.0027,0,county
21001,2016,-0.6455,-0.6458,0.0003,0,county
21003,2016,-0.632,-0.6329,0.0009,0,county
21005,2016,-0.491,-0.4913,0.0003,0,county
21007,2016,-0.5718,-0.5724,0.0006,0,county
21009,2016,-0.4981,-0.4985,0.0004,0,county
21011,2016,-0.3752,-0.376,0.0008,0,county
21013,2016,-0.6219,-0.6222,0.0003,0,county
21015,2016,-0.4175,-0.418,0.0005,0,county
21017,2016,-0.3156,-0.316,0.0004,0,county
21019,2016,-0.3701,-0.3703,0.0002,0,county
21021,2016,-0.2904,-0.2908,0.0004,0,county
21023,2016,-0.5688,-0.5696,0.0008,0,county
21025,2016,-0.4277,-0.4284,0.0007,0,county
21027,2016,-0.5156,-0.5161,0.0005,0,county
21029,2016,-0.4978,-0.4983,0.0005,0,county
21031,2016,-0.6243,-0.6244,0.0001,0,county
21033,2016,-0.5434,-0.5437,0.0003,0,county
21035,2016,-0.3501,-0.3503,0.0002,0,county
21037,2016,-0.2445,-0.2447,0.0002,0,county
21039,2016,-0.639,-0.6395,0.0005,0,county
21041,2016,-0.3844,-0.3848,0.0004,0,county
21043,2016,-0.5167,-0.5173,0.0006,0,county
21045,2016,-0.7323,-0.7324,0.0001,0,county
21047,2016,-0.3134,-0.3136,0.0002,0,county
21049,2016,-0.3705,-0.3708,0.0003,0,county
21051,2016,-0.755,-0.7555,0.0005,0,county
21053,2016,-0.7311,-0.7324,0.0013,0,county
21055,2016,-0.6621,-0.6623,0.0002,0,county
21057,2016,-0.6663,-0.6674,0.0011,0,county
21059,2016,-0.3219,-0.3223,0.0004,0,county
21061,2016,-0.6018,-0.6024,0.0006,0,county
21063,2016,-0.4413,-0.4426,0.0013,0,county
21065,2016,-0.5641,-0.5648,0.0007,0,county
21067,2016,0.0945,0.0947,0.0002,0,county
21069,2016,-0.539,-0.5398,0.0008,0,county
21071,2016,-0.4823,-0.4829,0.0006,0,county
21073,2016,-0.0462,-0.0462,0.0,0,county
21075,2016,-0.3254,-0.3255,0.0001,0,county
21077,2016,-0.5075,-0.5081,0.0006,0,county
21079,2016,-0.5839,-0.5847,0.0008,0,county
21081,2016,-0.5605,-0.561,0.0005,0,county
21083,2016,-0.5638,-0.5646,0.0008,0,county
21085,2016,-0.5919,-0.5926,0.0007,0,county
21087,2016,-0.6638,-0.664,0.0002,0,county
21089,2016,-0.4546,-0.455,0.0004,0,county
21091,2016,-0.3595,-0.3597,0.0002,0,county
21093,2016,-0.3019,-0.3021,0.0002,0,county
21095,2016,-0.7211,-0.722,0.0009,0,county
21097,2016,-0.4375,-0.4379,0.0004,0,county
21099,2016,-0.4942,-0.4944,0.0002,0,county
21101,2016,-0.2766,-0.2769,0.0003,0,county
21103,2016,-0.4359,-0.4363,0.0004,0,county
21105,2016,-0.56,-0.56,0.0,0,county
21107,2016,-0.5391,-0.5396,0.0005,0,county
21109,2016,-0.8011,-0.8017,0.0006,0,county
21111,2016,0.1333,0.1334,0.0001,0,county
21113,2016,-0.4,-0.4006,0.0006,0,county
21115,2016,-0.7097,-0.7106,0.0009,0,county
21117,2016,-0.2603,-0.2607,0.0004,0,county
21119,2016,-0.54,-0.5407,0.0007,0,county
21121,2016,-0.6763,-0.6769,0.0006,0,county
21123,2016,-0.553,-0.5537,0.0007,0,county
21125,2016,-0.6907,-0.6913,0.0006,0,county
21127,2016,-0.6241,-0.6246,0.0005,0,county
21129,2016,-0.64,-0.641,0.001,0,county
21131,2016,-0.8048,-0.8057,0.0009,0,county
21133,2016,-0.6296,-0.6298,0.0002,0,county
21135,2016,-0.6753,-0.676,0.0007,0,county
21137,2016,-0.5724,-0.5728,0.0004,0,county
21139,2016,-0.5776,-0.578,0.0004,0,county
21141,2016,-0.4609,-0.461,0.0001,0,county
21143,2016,-0.4402,-0.4405,0.0003,0,county
21145,2016,-0.3718,-0.3721,0.0003,0,county
21147,2016,-0.7528,-0.7533,0.0005,0,county
21149,2016,-0.5241,-0.5242,0.0001,0,county
21151,2016,-0.3114,-0.3119,0.0005,0,county
21153,2016,-0.5184,-0.5187,0.0003,0,county
21155,2016,-0.3012,-0.3013,0.0001,0,county
21157,2016,-0.518,-0.5186,0.0006,0,county
21159,2016,-0.7943,-0.7947,0.0004,0,county
21161,2016,-0.412,-0.4124,0.0004,0,county
21163,2016,-0.4606,-0.4609,0.0003,0,county
21165,2016,-0.4714,-0.4714,0.0,0,county
21167,2016,-0.505,-0.5052,0.0002,0,county
21169,2016,-0.5444,-0.5448,0.0004,0,county
21171,2016,-0.7367,-0.7367,0.0,0,county
21173,2016,-0.4102,-0.4108,0.0006,0,county
21175,2016,-0.5491,-0.5501,0.001,0,county
21177,2016,-0.4687,-0.4692,0.0005,0,county
21179,2016,-0.3364,-0.337,0.0006,0,county
21181,2016,-0.4118,-0.4124,0.0006,0,county
21183,2016,-0.5638,-0.5638,0.0,0,county
21185,2016,-0.3105,-0.3106,0.0001,0,county
21187,2016,-0.5365,-0.5369,0.0004,0,county
21189,2016,-0.6924,-0.6932,0.0008,0,county
21191,2016,-0.5727,-0.5728,0.0001,0,county
21193,2016,-0.5696,-0.5699,0.0003,0,county
21195,2016,-0.6271,-0.6276,0.0005,0,county
21197,2016,-0.4521,-0.4525,0.0004,0,county
21199,2016,-0.6667,-0.6672,0.0005,0,county
21201,2016,-0.5301,-0.5301,0.0,0,county
21203,2016,-0.7015,-0.7021,0.0006,0,county
21205,2016,-0.2124,-0.2128,0.0004,0,county
21207,2016,-0.7059,-0.7062,0.0003,0,county
21209,2016,-0.3032,-0.3038,0.0006,0,county
21211,2016,-0.3362,-0.3365,0.0003,0,county
21213,2016,-0.3895,-0.3898,0.0003,0,county
21215,2016,-0.5544,-0.5547,0.0003,0,county
21217,2016,-0.5101,-0.5103,0.0002,0,county
21219,2016,-0.5378,-0.5387,0.0009,0,county
21221,2016,-0.4953,-0.4957,0.0004,0,county
21223,2016,-0.4982,-0.4997,0.0015,0,county
21225,2016,-0.5426,-0.5428,0.0002,0,county
21227,2016,-0.2416,-0.2418,0.0002,0,county
21229,2016,-0.4601,-0.4613,0.0012,0,county
21231,2016,-0.6181,-0.6183,0.0002,0,county
21233,2016,-0.5438,-0.5439,0.0001,0,county
21235,2016,-0.6712,-0.6716,0.0004,0,county
21237,2016,-0.3989,-0.399,0.0001,0,county
21239,2016,-0.2019,-0.2022,0.0003,0,county
22001,2016,-0.5668,-0.5667,0.0001,0,county
22003,2016,-0.515,-0.515,0.0,0,county
22005,2016,-0.3597,-0.3597,0.0,0,county
22007,2016,-0.2552,-0.2552,0.0,0,county
22009,2016,-0.3696,-0.3698,0.0002,0,county
22011,2016,-0.6529,-0.6529,0.0,0,county
22013,2016,-0.0895,-0.0895,0.0,0,county
22015,2016,-0.4581,-0.4579,0.0002,0,county
22017,2016,0.0423,0.0423,0.0,0,county
22019,2016,-0.3329,-0.3329,0.0,0,county
22021,2016,-0.6466,-0.6466,0.0,0,county
22023,2016,-0.7944,-0.7944,0.0,0,county
22025,2016,-0.4442,-0.4442,0.0,0,county
22027,2016,-0.1352,-0.1352,0.0,0,county
22029,2016,-0.2485,-0.2483,0.0002,0,county
22031,2016,-0.215,-0.2152,0.0002,0,county
22033,2016,0.0925,0.0921,0.0004,0,county
22035,2016,0.2651,0.2651,0.0,0,county
22037,2016,-0.1328,-0.1328,0.0,0,county
22039,2016,-0.4134,-0.4133,0.0001,0,county
22041,2016,-0.4375,-0.4375,0.0,0,county
22043,2016,-0.7059,-0.7059,0.0,0,county
22045,2016,-0.3144,-0.3144,0.0,0,county
22047,2016,0.0626,0.0626,0.0,0,county
22049,2016,-0.4059,-0.4059,0.0,0,county
22051,2016,-0.1471,-0.1475,0.0004,0,county
22053,2016,-0.539,-0.539,0.0,0,county
22055,2016,-0.3359,-0.3358,0.0001,0,county
22057,2016,-0.5652,-0.5651,0.0001,0,county
22059,2016,-0.7963,-0.7963,0.0,0,county
22061,2016,-0.1957,-0.196,0.0003,0,county
22063,2016,-0.7253,-0.7253,0.0,0,county
22065,2016,0.1727,0.1727,0.0,0,county
22067,2016,-0.1137,-0.1137,0.0,0,county
22069,2016,-0.1097,-0.1096,0.0001,0,county
22071,2016,0.6616,0.6616,0.0,0,county
22073,2016,-0.2544,-0.2543,0.0001,0,county
22075,2016,-0.336,-0.3361,0.0001,0,county
22077,2016,-0.1722,-0.1722,0.0,0,county
22079,2016,-0.3253,-0.3254,0.0001,0,county
22081,2016,-0.1024,-0.1024,0.0,0,county
22083,2016,-0.3261,-0.3261,0.0,0,county
22085,2016,-0.631,-0.631,0.0,0,county
22087,2016,-0.3337,-0.3337,0.0,0,county
22089,2016,-0.3078,-0.3078,0.0,0,county
22091,2016,0.1435,0.1435,0.0,0,county
22093,2016,0.0796,0.0796,0.0,0,county
22095,2016,0.2455,0.2454,0.0001,0,county
22097,2016,-0.1191,-0.119,0.0001,0,county
22099,2016,-0.3343,-0.3342,0.0001,0,county
22101,2016,-0.2758,-0.2756,0.0002,0,county
22103,2016,-0.5081,-0.5081,0.0,0,county
22105,2016,-0.3259,-0.3258,0.0001,0,county
22107,2016,0.0589,0.0586,0.0003,0,county
22109,2016,-0.4838,-0.4838,0.0,0,county
22111,2016,-0.4848,-0.4848,0.0,0,county
22113,2016,-0.5932,-0.5964,0.0032,0,county
22115,2016,-0.6497,-0.6497,0.0,0,county
22117,2016,-0.3685,-0.3685,0.0,0,county
22119,2016,-0.2911,-0.291,0.0001,0,county
22121,2016,-0.1215,-0.1215,0.0,0,county
22123,2016,-0.684,-0.684,0.0,0,county
22125,2016,-0.1969,-0.1971,0.0002,0,county
22127,2016,-0.4652,-0.4651,0.0001,0,county
23001,2016,-0.0938,-0.0942,0.0004,0,county
23003,2016,-0.1719,-0.1728,0.0009,0,county
23005,2016,0.2635,0.2642,0.0007,0,county
23007,2016,-0.0547,-0.0549,0.0002,0,county
23009,2016,0.0751,0.0758,0.0007,0,county
23011,2016,-0.0358,-0.0372,0.0014,0,county
23013,2016,0.1424,0.143,0.0006,0,county
23015,2016,0.0239,0.024,0.0001,0,county
23017,2016,-0.1294,-0.13,0.0006,0,county
23019,2016,-0.1091,-0.1093,0.0002,0,county
23021,2016,-0.2514,-0.2521,0.0007,0,county
23023,2016,0.0629,0.0637,0.0008,0,county
23025,2016,-0.2267,-0.2274,0.0007,0,county
23027,2016,0.0027,0.0028,0.0001,0,county
23029,2016,-0.1844,-0.1618,0.0226,1,county
23031,2016,0.0476,0.0477,0.0001,0,county
24001,2016,-0.437,-0.4805,0.0435,1,county
24003,2016,0.0223,0.0064,0.0159,0,county
24005,2016,0.1764,0.1744,0.002,0,county
24009,2016,-0.1677,-0.1844,0.0167,0,county
24011,2016,-0.3797,-0.3954,0.0157,0,county
24013,2016,-0.3446,-0.3685,0.0239,1,county
24015,2016,-0.3362,-0.3528,0.0166,0,county
24017,2016,0.303,0.3022,0.0008,0,county
24019,2016,-0.1424,-0.1598,0.0174,0,county
24021,2016,-0.0239,-0.0398,0.0159,0,county
24023,2016,-0.5859,-0.615,0.0291,1,county
24025,2016,-0.2303,-0.2452,0.0149,0,county
24027,2016,0.3398,0.3348,0.005,0,county
24029,2016,-0.03,-0.0458,0.0158,0,county
24031,2016,0.5537,0.5554,0.0017,0,county
24033,2016,0.7973,0.8099,0.0126,0,county
24035,2016,-0.3401,-0.3611,0.021,1,county
24037,2016,-0.2233,-0.2458,0.0225,1,county
24039,2016,-0.1157,-0.1793,0.0636,1,county
24041,2016,-0.1008,-0.1192,0.0184,0,county
24043,2016,-0.3011,-0.3235,0.0224,1,county
24045,2016,-0.0975,-0.1163,0.0188,0,county
24047,2016,-0.2637,-0.2787,0.015,0,county
24510,2016,0.7413,0.7457,0.0044,0,county
25001,2016,0.1369,0.1341,0.0028,0,county
25003,2016,0.4147,0.4145,0.0002,0,county
25005,2016,0.0968,0.0928,0.004,0,county
25007,2016,0.515,0.5129,0.0021,0,county
25009,2016,0.2264,0.225,0.0014,0,county
25011,2016,0.3697,0.3697,0.0,0,county
25013,2016,0.1669,0.1602,0.0067,0,county
25015,2016,0.4048,0.3946,0.0102,0,county
25017,2016,0.3834,0.3815,0.0019,0,county
25019,2016,0.3519,0.3517,0.0002,0,county
25021,2016,0.2824,0.2794,0.003,0,county
25023,2016,0.0755,0.0723,0.0032,0,county
25025,2016,0.6327,0.6298,0.0029,0,county
25027,2016,0.1071,0.105,0.0021,0,county
26001,2016,-0.3984,-0.3996,0.0012,0,county
26003,2016,-0.2041,-0.2043,0.0002,0,county
26005,2016,-0.2892,-0.2879,0.0013,0,county
26007,2016,-0.2866,-0.2868,0.0002,0,county
26009,2016,-0.2961,-0.2963,0.0002,0,county
26011,2016,-0.3334,-0.3307,0.0027,0,county
26013,2016,-0.2871,-0.2874,0.0003,0,county
26015,2016,-0.3326,-0.3333,0.0007,0,county
26017,2016,-0.1262,-0.1263,0.0001,0,county
26019,2016,-0.1399,-0.14,0.0001,0,county
26021,2016,-0.1271,-0.1273,0.0002,0,county
26023,2016,-0.3807,-0.3811,0.0004,0,county
26025,2016,-0.1246,-0.1248,0.0002,0,county
26027,2016,-0.3086,-0.2995,0.0091,0,county
26029,2016,-0.2424,-0.2428,0.0004,0,county
26031,2016,-0.3204,-0.3208,0.0004,0,county
26033,2016,-0.2422,-0.2425,0.0003,0,county
26035,2016,-0.3179,-0.318,0.0001,0,county
26037,2016,-0.1265,-0.1268,0.0003,0,county
26039,2016,-0.3279,-0.3284,0.0005,0,county
26041,2016,-0.2534,-0.2535,0.0001,0,county
26043,2016,-0.3537,-0.3544,0.0007,0,county
26045,2016,-0.0475,-0.0552,0.0077,0,county
26047,2016,-0.1938,-0.1941,0.0003,0,county
26049,2016,0.0946,0.0947,0.0001,0,county
26051,2016,-0.3472,-0.3472,0.0,0,county
26053,2016,-0.1491,-0.1496,0.0005,0,county
26055,2016,-0.125,-0.1253,0.0003,0,county
26057,2016,-0.2559,-0.2562,0.0003,0,county
26059,2016,-0.4662,-0.4676,0.0014,0,county
26061,2016,-0.1573,-0.1573,0.0,0,county
26063,2016,-0.3841,-0.3818,0.0023,0,county
26065,2016,0.2687,0.2765,0.0078,0,county
26067,2016,-0.3084,-0.3098,0.0014,0,county
26069,2016,-0.2994,-0.2996,0.0002,0,county
26071,2016,-0.2827,-0.2827,0.0,0,county
26073,2016,-0.0368,-0.0369,0.0001,0,county
26075,2016,-0.2009,-0.2012,0.0003,0,county
26077,2016,0.1276,0.1279,0.0003,0,county
26079,2016,-0.4343,-0.441,0.0067,0,county
26081,2016,-0.0308,-0.0307,0.0001,0,county
26083,2016,-0.2001,-0.2008,0.0007,0,county
26085,2016,-0.229,-0.229,0.0,0,county
26087,2016,-0.383,-0.3834,0.0004,0,county
26089,2016,-0.0315,-0.0315,0.0,0,county
26091,2016,-0.2107,-0.2109,0.0002,0,county
26093,2016,-0.2956,-0.2963,0.0007,0,county
26095,2016,-0.4168,-0.4173,0.0005,0,county
26097,2016,-0.2721,-0.2718,0.0003,0,county
26099,2016,-0.1153,-0.1155,0.0002,0,county
26101,2016,-0.1537,-0.1537,0.0,0,county
26103,2016,0.0423,0.0424,0.0001,0,county
26105,2016,-0.2195,-0.2199,0.0004,0,county
26107,2016,-0.2608,-0.2611,0.0003,0,county
26109,2016,-0.2937,-0.294,0.0003,0,county
26111,2016,-0.1932,-0.194,0.0008,0,county
26113,2016,-0.5222,-0.5234,0.0012,0,county
26115,2016,-0.2209,-0.2213,0.0004,0,county
26117,2016,-0.3395,-0.3401,0.0006,0,county
26119,2016,-0.4414,-0.4417,0.0003,0,county
26121,2016,0.0151,0.0088,0.0063,0,county
26123,2016,-0.3958,-0.3965,0.0007,0,county
26125,2016,0.0811,0.0812,0.0001,0,county
26127,2016,-0.2728,-0.2735,0.0007,0,county
26129,2016,-0.3656,-0.3656,0.0,0,county
26131,2016,-0.2598,-0.2614,0.0016,0,county
26133,2016,-0.4365,-0.437,0.0005,0,county
26135,2016,-0.4417,-0.4429,0.0012,0,county
26137,2016,-0.3757,-0.3759,0.0002,0,county
26139,2016,-0.3047,-0.3038,0.0009,0,county
26141,2016,-0.2893,-0.2891,0.0002,0,county
26143,2016,-0.2955,-0.2956,0.0001,0,county
26145,2016,-0.0114,-0.0114,0.0,0,county
26147,2016,-0.3141,-0.3143,0.0002,0,county
26149,2016,-0.3097,-0.3096,0.0001,0,county
26151,2016,-0.4454,-0.4455,0.0001,0,county
26153,2016,-0.2857,-0.286,0.0003,0,county
26155,2016,-0.1959,-0.1964,0.0005,0,county
26157,2016,-0.375,-0.3796,0.0046,0,county
26159,2016,-0.1392,-0.1395,0.0003,0,county
26161,2016,0.4128,0.415,0.0022,0,county
26163,2016,0.3734,0.3726,0.0008,0,county
26165,2016,-0.3637,-0.3642,0.0005,0,county
27001,2016,-0.258,-0.2593,0.0013,0,county
27003,2016,-0.096,-0.0969,0.0009,0,county
27005,2016,-0.3293,-0.3319,0.0026,0,county
27007,2016,-0.0972,-0.0983,0.0011,0,county
27009,2016,-0.3606,-0.3632,0.0026,0,county
27011,2016,-0.2494,-0.2514,0.002,0,county
27013,2016,-0.0369,-0.0373,0.0004,0,county
27015,2016,-0.3589,-0.3619,0.003,0,county
27017,2016,0.0165,0.0166,0.0001,0,county
27019,2016,-0.1355,-0.137,0.0015,0,county
27021,2016,-0.3146,-0.3168,0.0022,0,county
27023,2016,-0.287,-0.2889,0.0019,0,county
27025,2016,-0.3031,-0.3053,0.0022,0,county
27027,2016,-0.0195,-0.0198,0.0003,0,county
27029,2016,-0.4299,-0.432,0.0021,0,county
27031,2016,0.2227,0.225,0.0023,0,county
27033,2016,-0.3498,-0.3512,0.0014,0,county
27035,2016,-0.3154,-0.3178,0.0024,0,county
27037,2016,0.0471,0.0465,0.0006,0,county
27039,2016,-0.3215,-0.3242,0.0027,0,county
27041,2016,-0.3552,-0.3579,0.0027,0,county
27043,2016,-0.3381,-0.3407,0.0026,0,county
27045,2016,-0.217,-0.2186,0.0016,0,county
27047,2016,-0.1724,-0.1737,0.0013,0,county
27049,2016,-0.1787,-0.1799,0.0012,0,county
27051,2016,-0.2758,-0.2777,0.0019,0,county
27053,2016,0.3493,0.3531,0.0038,0,county
27055,2016,-0.1387,-0.1399,0.0012,0,county
27057,2016,-0.3336,-0.3359,0.0023,0,county
27059,2016,-0.3796,-0.3822,0.0026,0,county
27061,2016,-0.1635,-0.1651,0.0016,0,county
27063,2016,-0.386,-0.3882,0.0022,0,county
27065,2016,-0.355,-0.3573,0.0023,0,county
27067,2016,-0.2535,-0.2549,0.0014,0,county
27069,2016,-0.2205,-0.2226,0.0021,0,county
27071,2016,-0.1985,-0.2001,0.0016,0,county
27073,2016,-0.256,-0.2589,0.0029,0,county
27075,2016,0.0222,0.0224,0.0002,0,county
27077,2016,-0.4402,-0.4426,0.0024,0,county
27079,2016,-0.3045,-0.3067,0.0022,0,county
27081,2016,-0.3548,-0.3564,0.0016,0,county
27083,2016,-0.2809,-0.2829,0.002,0,county
27085,2016,-0.3816,-0.3841,0.0025,0,county
27087,2016,-0.0292,-0.0294,0.0002,0,county
27089,2016,-0.4117,-0.4136,0.0019,0,county
27091,2016,-0.4111,-0.4135,0.0024,0,county
27093,2016,-0.4,-0.4026,0.0026,0,county
27095,2016,-0.3557,-0.3577,0.002,0,county
27097,2016,-0.5273,-0.5297,0.0024,0,county
27099,2016,-0.0782,-0.0786,0.0004,0,county
27101,2016,-0.3597,-0.3617,0.002,0,county
27103,2016,-0.0304,-0.0307,0.0003,0,county
27105,2016,-0.2973,-0.2986,0.0013,0,county
27107,2016,-0.1334,-0.1346,0.0012,0,county
27109,2016,0.0075,0.0075,0.0,0,county
27111,2016,-0.3569,-0.3593,0.0024,0,county
27113,2016,-0.2759,-0.2779,0.002,0,county
27115,2016,-0.2615,-0.263,0.0015,0,county
27117,2016,-0.4599,-0.4626,0.0027,0,county
27119,2016,-0.2884,-0.2903,0.0019,0,county
27121,2016,-0.267,-0.268,0.001,0,county
27123,2016,0.3912,0.3944,0.0032,0,county
27125,2016,-0.3195,-0.3212,0.0017,0,county
27127,2016,-0.427,-0.4296,0.0026,0,county
27129,2016,-0.3646,-0.3667,0.0021,0,county
27131,2016,-0.0306,-0.0308,0.0002,0,county
27133,2016,-0.355,-0.3574,0.0024,0,county
27135,2016,-0.4607,-0.4629,0.0022,0,county
27137,2016,0.1169,0.1181,0.0012,0,county
27139,2016,-0.1526,-0.1539,0.0013,0,county
27141,2016,-0.3678,-0.3703,0.0025,0,county
27143,2016,-0.4166,-0.4192,0.0026,0,county
27145,2016,-0.2769,-0.2791,0.0022,0,county
27147,2016,-0.2585,-0.2605,0.002,0,county
27149,2016,-0.1265,-0.1279,0.0014,0,county
27151,2016,-0.2557,-0.2583,0.0026,0,county
27153,2016,-0.4754,-0.4774,0.002,0,county
27155,2016,-0.233,-0.2339,0.0009,0,county
27157,2016,-0.2639,-0.2655,0.0016,0,county
27159,2016,-0.4547,-0.4574,0.0027,0,county
27161,2016,-0.3241,-0.3267,0.0026,0,county
27163,2016,0.0184,0.0186,0.0002,0,county
27165,2016,-0.1909,-0.1919,0.001,0,county
27167,2016,-0.3743,-0.3769,0.0026,0,county
27169,2016,-0.029,-0.0292,0.0002,0,county
27171,2016,-0.3295,-0.3317,0.0022,0,county
27173,2016,-0.3522,-0.3537,0.0015,0,county
28001,2016,0.1361,0.147,0.0109,0,county
28003,2016,-0.6179,-0.6179,0.0,0,county
28005,2016,-0.2258,-0.2266,0.0008,0,county
28007,2016,-0.2005,-0.199,0.0015,0,county
28009,2016,-0.1326,-0.1319,0.0007,0,county
28011,2016,0.3223,0.3241,0.0018,0,county
28013,2016,-0.3877,-0.3906,0.0029,0,county
28015,2016,-0.3833,-0.3887,0.0054,0,county
28017,2016,-0.0606,-0.0606,0.0,0,county
28019,2016,-0.3862,-0.3893,0.0031,0,county
28021,2016,0.7416,0.7139,0.0277,1,county
28023,2016,-0.3276,-0.3283,0.0007,0,county
28025,2016,0.1572,0.1565,0.0007,0,county
28027,2016,0.4434,0.4434,0.0,0,county
28029,2016,0.0491,0.0527,0.0036,0,county
28031,2016,-0.245,-0.2453,0.0003,0,county
28033,2016,-0.3425,-0.3477,0.0052,0,county
28035,2016,-0.1334,-0.1421,0.0087,0,county
28037,2016,-0.2841,-0.2877,0.0036,0,county
28039,2016,-0.7754,-0.777,0.0016,0,county
28041,2016,-0.626,-0.6297,0.0037,0,county
28043,2016,-0.1471,-0.1488,0.0017,0,county
28045,2016,-0.5935,-0.5937,0.0002,0,county
28047,2016,-0.303,-0.3066,0.0036,0,county
28049,2016,0.447,0.437,0.01,0,county
28051,2016,0.6662,0.6627,0.0035,0,county
28053,2016,0.4514,0.4801,0.0287,1,county
28055,2016,0.1388,0.1388,0.0,0,county
28057,2016,-0.7552,-0.7562,0.001,0,county
28059,2016,-0.3828,-0.3985,0.0157,0,county
28061,2016,0.0389,0.0396,0.0007,0,county
28063,2016,0.7376,0.738,0.0004,0,county
28065,2016,0.2011,0.2011,0.0,0,county
28067,2016,-0.4353,-0.4364,0.0011,0,county
28069,2016,0.2261,0.2261,0.0,0,county
28071,2016,-0.1478,-0.1478,0.0,0,county
28073,2016,-0.5514,-0.5562,0.0048,0,county
28075,2016,-0.2193,-0.2301,0.0108,0,county
28077,2016,-0.2979,-0.2988,0.0009,0,county
28079,2016,-0.1418,-0.1418,0.0,0,county
28081,2016,-0.3704,-0.3772,0.0068,0,county
28083,2016,0.4107,0.4098,0.0009,0,county
28085,2016,-0.401,-0.401,0.0,0,county
28087,2016,-0.0568,-0.0628,0.006,0,county
28089,2016,-0.1591,-0.1609,0.0018,0,county
28091,2016,-0.3557,-0.3605,0.0048,0,county
28093,2016,0.0968,0.0965,0.0003,0,county
28095,2016,-0.2923,-0.2929,0.0006,0,county
28097,2016,-0.1407,-0.1343,0.0064,0,county
28099,2016,-0.4704,-0.4737,0.0033,0,county
28101,2016,-0.4018,-0.3933,0.0085,0,county
28103,2016,0.5646,0.5686,0.004,0,county
28105,2016,0.0156,0.0111,0.0045,0,county
28107,2016,-0.0012,-0.0048,0.0036,0,county
28109,2016,-0.6479,-0.6675,0.0196,0,county
28111,2016,-0.5366,-0.5366,0.0,0,county
28113,2016,0.0021,-0.0072,0.0093,0,county
28115,2016,-0.6123,-0.6197,0.0074,0,county
28117,2016,-0.5653,-0.5653,0.0,0,county
28119,2016,0.3896,0.3892,0.0004,0,county
28121,2016,-0.5268,-0.5285,0.0017,0,county
28123,2016,-0.1762,-0.1766,0.0004,0,county
28125,2016,0.3594,0.3484,0.011,0,county
28127,2016,-0.3082,-0.3085,0.0003,0,county
28129,2016,-0.5652,-0.5663,0.0011,0,county
28131,2016,-0.5299,-0.5355,0.0056,0,county
28133,2016,0.4096,0.4031,0.0065,0,county
28135,2016,0.1491,0.1491,0.0,0,county
28137,2016,-0.307,-0.3144,0.0074,0,county
28139,2016,-0.5845,-0.5878,0.0033,0,county
28141,2016,-0.7367,-0.7373,0.0006,0,county
28143,2016,0.5086,0.5016,0.007,0,county
28145,2016,-0.6283,-0.6323,0.004,0,county
28147,2016,-0.183,-0.1521,0.0309,1,county
28149,2016,-0.0249,-0.0493,0.0244,1,county
28151,2016,0.3647,0.3641,0.0006,0,county
28153,2016,-0.2569,-0.2584,0.0015,0,county
28155,2016,-0.5833,-0.5868,0.0035,0,county
28157,2016,0.3649,0.3644,0.0005,0,county
28159,2016,-0.1194,-0.125,0.0056,0,county
28161,2016,-0.1307,-0.1307,0.0,0,county
28163,2016,0.0766,0.066,0.0106,0,county
29001,2016,-0.2474,-0.249,0.0016,0,county
29003,2016,-0.5055,-0.5055,0.0,0,county
29005,2016,-0.5576,-0.5575,0.0001,0,county
29007,2016,-0.4384,-0.4395,0.0011,0,county
29009,2016,-0.5969,-0.5969,0.0,0,county
29011,2016,-0.7011,-0.7018,0.0007,0,county
29013,2016,-0.5463,-0.5464,0.0001,0,county
29015,2016,-0.5571,-0.5413,0.0158,0,county
29017,2016,-0.7262,-0.7271,0.0009,0,county
29019,2016,0.0587,0.0591,0.0004,0,county
29021,2016,-0.261,-0.2616,0.0006,0,county
29023,2016,-0.615,-0.6158,0.0008,0,county
29025,2016,-0.5552,-0.5556,0.0004,0,county
29027,2016,-0.4204,-0.4216,0.0012,0,county
29029,2016,-0.5408,-0.5417,0.0009,0,county
29031,2016,-0.5002,-0.5009,0.0007,0,county
29033,2016,-0.6271,-0.6271,0.0,0,county
29035,2016,-0.6639,-0.664,0.0001,0,county
29037,2016,-0.358,-0.3587,0.0007,0,county
29039,2016,-0.6377,-0.6386,0.0009,0,county
29041,2016,-0.5195,-0.5199,0.0004,0,county
29043,2016,-0.5403,-0.542,0.0017,0,county
29045,2016,-0.5393,-0.5229,0.0164,0,county
29047,2016,-0.1105,-0.1112,0.0007,0,county
29049,2016,-0.4403,-0.4399,0.0004,0,county
29051,2016,-0.3666,-0.3678,0.0012,0,county
29053,2016,-0.4623,-0.4628,0.0005,0,county
29055,2016,-0.6085,-0.5948,0.0137,0,county
29057,2016,-0.6446,-0.6446,0.0,0,county
29059,2016,-0.6203,-0.6215,0.0012,0,county
29061,2016,-0.5669,-0.5511,0.0158,0,county
29063,2016,-0.5912,-0.5917,0.0005,0,county
29065,2016,-0.6806,-0.6818,0.0012,0,county
29067,2016,-0.6754,-0.6756,0.0002,0,county
29069,2016,-0.5356,-0.5358,0.0002,0,county
29071,2016,-0.4607,-0.4612,0.0005,0,county
29073,2016,-0.5574,-0.5576,0.0002,0,county
29075,2016,-0.5583,-0.5602,0.0019,0,county
29077,2016,-0.2732,-0.2742,0.001,0,county
29079,2016,-0.6223,-0.6077,0.0146,0,county
29081,2016,-0.6481,-0.6494,0.0013,0,county
29083,2016,-0.4782,-0.4785,0.0003,0,county
29085,2016,-0.5347,-0.5349,0.0002,0,county
29087,2016,-0.6705,-0.6729,0.0024,0,county
29089,2016,-0.4096,-0.4119,0.0023,0,county
29091,2016,-0.6309,-0.6321,0.0012,0,county
29093,2016,-0.5247,-0.5258,0.0011,0,county
29095,2016,0.1748,0.1664,0.0084,0,county
29097,2016,-0.5069,-0.5084,0.0015,0,county
29099,2016,-0.3527,-0.3532,0.0005,0,county
29101,2016,-0.3686,-0.3689,0.0003,0,county
29103,2016,-0.5545,-0.5538,0.0007,0,county
29105,2016,-0.6434,-0.6448,0.0014,0,county
29107,2016,-0.4368,-0.4382,0.0014,0,county
29109,2016,-0.6095,-0.6109,0.0014,0,county
29111,2016,-0.5408,-0.5413,0.0005,0,county
29113,2016,-0.5041,-0.5049,0.0008,0,county
29115,2016,-0.5098,-0.5106,0.0008,0,county
29117,2016,-0.5628,-0.564,0.0012,0,county
29119,2016,-0.6394,-0.6401,0.0007,0,county
29121,2016,-0.5577,-0.5642,0.0065,0,county
29123,2016,-0.582,-0.5824,0.0004,0,county
29125,2016,-0.6149,-0.6147,0.0002,0,county
29127,2016,-0.4966,-0.498,0.0014,0,county
29129,2016,-0.7278,-0.7303,0.0025,0,county
29131,2016,-0.66,-0.6602,0.0002,0,county
29133,2016,-0.4144,-0.4147,0.0003,0,county
29135,2016,-0.6018,-0.6033,0.0015,0,county
29137,2016,-0.5549,-0.5561,0.0012,0,county
29139,2016,-0.5541,-0.5542,0.0001,0,county
29141,2016,-0.5659,-0.566,0.0001,0,county
29143,2016,-0.4536,-0.4539,0.0003,0,county
29145,2016,-0.5849,-0.587,0.0021,0,county
29147,2016,-0.4072,-0.4079,0.0007,0,county
29149,2016,-0.6011,-0.601,0.0001,0,county
29151,2016,-0.6852,-0.6848,0.0004,0,county
29153,2016,-0.6471,-0.6476,0.0005,0,county
29155,2016,-0.3347,-0.3349,0.0002,0,county
29157,2016,-0.6165,-0.6169,0.0004,0,county
29159,2016,-0.4686,-0.4694,0.0008,0,county
29161,2016,-0.4281,-0.4291,0.001,0,county
29163,2016,-0.4698,-0.4702,0.0004,0,county
29165,2016,-0.1202,-0.1299,0.0097,0,county
29167,2016,-0.5672,-0.5693,0.0021,0,county
29169,2016,-0.5156,-0.5171,0.0015,0,county
29171,2016,-0.6748,-0.6763,0.0015,0,county
29173,2016,-0.5376,-0.5376,0.0,0,county
29175,2016,-0.5089,-0.5089,0.0,0,county
29177,2016,-0.3693,-0.3706,0.0013,0,county
29179,2016,-0.6142,-0.6141,0.0001,0,county
29181,2016,-0.6684,-0.6687,0.0003,0,county
29183,2016,-0.2638,-0.264,0.0002,0,county
29185,2016,-0.554,-0.554,0.0,0,county
29186,2016,-0.3488,-0.3493,0.0005,0,county
29187,2016,-0.4537,-0.4539,0.0002,0,county
29189,2016,0.1637,0.1624,0.0013,0,county
29195,2016,-0.3438,-0.3451,0.0013,0,county
29197,2016,-0.5945,-0.5954,0.0009,0,county
29199,2016,-0.5894,-0.5894,0.0,0,county
29201,2016,-0.5559,-0.5564,0.0005,0,county
29203,2016,-0.561,-0.561,0.0,0,county
29205,2016,-0.5892,-0.5898,0.0006,0,county
29207,2016,-0.6924,-0.6932,0.0008,0,county
29209,2016,-0.62,-0.6206,0.0006,0,county
29211,2016,-0.5463,-0.5467,0.0004,0,county
29213,2016,-0.5912,-0.5929,0.0017,0,county
29215,2016,-0.6523,-0.6536,0.0013,0,county
29217,2016,-0.5612,-0.562,0.0008,0,county
29219,2016,-0.4559,-0.4563,0.0004,0,county
29221,2016,-0.5518,-0.5519,0.0001,0,county
29223,2016,-0.6561,-0.6438,0.0123,0,county
29225,2016,-0.5771,-0.5786,0.0015,0,county
29227,2016,-0.586,-0.586,0.0,0,county
29229,2016,-0.682,-0.6848,0.0028,0,county
29510,2016,0.6357,0.6374,0.0017,0,county
30001,2016,-0.4558,-0.4551,0.0007,0,county
30003,2016,0.0569,0.055,0.0019,0,county
30005,2016,-0.0246,-0.0275,0.0029,0,county
30007,2016,-0.5665,-0.5693,0.0028,0,county
30009,2016,-0.3205,-0.3216,0.0011,0,county
30011,2016,-0.7735,-0.7812,0.0077,0,county
30013,2016,-0.2157,-0.2157,0.0,0,county
30015,2016,-0.3638,-0.3683,0.0045,0,county
30017,2016,-0.4785,-0.4793,0.0008,0,county
30019,2016,-0.5842,-0.5903,0.0061,0,county
30021,2016,-0.5791,-0.5846,0.0055,0,county
30023,2016,0.0701,0.0688,0.0013,0,county
30025,2016,-0.7581,-0.7612,0.0031,0,county
30027,2016,-0.5252,-0.5256,0.0004,0,county
30029,2016,-0.3639,-0.3651,0.0012,0,county
30031,2016,0.0082,0.0099,0.0017,0,county
30033,2016,-0.8621,-0.8657,0.0036,0,county
30035,2016,0.2958,0.2974,0.0016,0,county
30037,2016,-0.6203,-0.6282,0.0079,0,county
30039,2016,-0.4052,-0.4064,0.0012,0,county
30041,2016,-0.1718,-0.1727,0.0009,0,county
30043,2016,-0.3245,-0.325,0.0005,0,county
30045,2016,-0.5273,-0.5341,0.0068,0,county
30047,2016,-0.2089,-0.2132,0.0043,0,county
30049,2016,-0.0701,-0.0693,0.0008,0,county
30051,2016,-0.512,-0.5163,0.0043,0,county
30053,2016,-0.5025,-0.5059,0.0034,0,county
30055,2016,-0.6679,-0.6667,0.0012,0,county
30057,2016,-0.4431,-0.4471,0.004,0,county
30059,2016,-0.5486,-0.5536,0.005,0,county
30061,2016,-0.4031,-0.4088,0.0057,0,county
30063,2016,0.157,0.1579,0.0009,0,county
30065,2016,-0.6698,-0.678,0.0082,0,county
30067,2016,-0.148,-0.1492,0.0012,0,county
30069,2016,-0.7702,-0.7712,0.001,0,county
30071,2016,-0.6472,-0.6521,0.0049,0,county
30073,2016,-0.3896,-0.3897,0.0001,0,county
30075,2016,-0.7189,-0.7192,0.0003,0,county
30077,2016,-0.529,-0.5303,0.0013,0,county
30079,2016,-0.6618,-0.6633,0.0015,0,county
30081,2016,-0.3807,-0.3856,0.0049,0,county
30083,2016,-0.6645,-0.6683,0.0038,0,county
30085,2016,-0.0649,-0.0625,0.0024,0,county
30087,2016,-0.3666,-0.37,0.0034,0,county
30089,2016,-0.5154,-0.5207,0.0053,0,county
30091,2016,-0.4163,-0.417,0.0007,0,county
30093,2016,0.1363,0.1422,0.0059,0,county
30095,2016,-0.5649,-0.566,0.0011,0,county
30097,2016,-0.5662,-0.5691,0.0029,0,county
30099,2016,-0.4272,-0.4292,0.002,0,county
30101,2016,-0.5376,-0.5431,0.0055,0,county
30103,2016,-0.6591,-0.6599,0.0008,0,county
30105,2016,-0.4653,-0.4692,0.0039,0,county
30107,2016,-0.5529,-0.5569,0.004,0,county
30109,2016,-0.7542,-0.7598,0.0056,0,county
30111,2016,-0.2713,-0.2715,0.0002,0,county
31001,2016,-0.4429,-0.4504,0.0075,0,county
31003,2016,-0.7159,-0.7255,0.0096,0,county
31005,2016,-0.8315,-0.8403,0.0088,0,county
31007,2016,-0.8408,-0.8641,0.0233,1,county
31009,2016,-0.776,-0.7764,0.0004,0,county
31011,2016,-0.6489,-0.6575,0.0086,0,county
31013,2016,-0.5386,-0.5455,0.0069,0,county
31015,2016,-0.7396,-0.7443,0.0047,0,county
31017,2016,-0.7714,-0.7771,0.0057,0,county
31019,2016,-0.4641,-0.4754,0.0113,0,county
31021,2016,-0.4039,-0.4065,0.0026,0,county
31023,2016,-0.5998,-0.6076,0.0078,0,county
31025,2016,-0.3841,-0.3908,0.0067,0,county
31027,2016,-0.6699,-0.6791,0.0092,0,county
31029,2016,-0.7782,-0.7834,0.0052,0,county
31031,2016,-0.7396,-0.7482,0.0086,0,county
31033,2016,-0.627,-0.6365,0.0095,0,county
31035,2016,-0.6346,-0.6401,0.0055,0,county
31037,2016,-0.4082,-0.4142,0.006,0,county
31039,2016,-0.5898,-0.5975,0.0077,0,county
31041,2016,-0.7173,-0.7253,0.008,0,county
31043,2016,-0.2074,-0.1548,0.0526,1,county
31045,2016,-0.4981,-0.4958,0.0023,0,county
31047,2016,-0.4456,-0.45,0.0044,0,county
31049,2016,-0.7002,-0.7052,0.005,0,county
31051,2016,-0.5338,-0.5412,0.0074,0,county
31053,2016,-0.347,-0.3533,0.0063,0,county
31055,2016,0.0238,0.0139,0.0099,0,county
31057,2016,-0.7702,-0.7734,0.0032,0,county
31059,2016,-0.5158,-0.5175,0.0017,0,county
31061,2016,-0.6557,-0.6612,0.0055,0,county
31063,2016,-0.7146,-0.7214,0.0068,0,county
31065,2016,-0.691,-0.6959,0.0049,0,county
31067,2016,-0.3429,-0.3453,0.0024,0,county
31069,2016,-0.666,-0.6736,0.0076,0,county
31071,2016,-0.7143,-0.7211,0.0068,0,county
31073,2016,-0.6218,-0.627,0.0052,0,county
31075,2016,-0.8568,-0.8807,0.0239,1,county
31077,2016,-0.5974,-0.6017,0.0043,0,county
31079,2016,-0.3684,-0.3749,0.0065,0,county
31081,2016,-0.5805,-0.5896,0.0091,0,county
31083,2016,-0.6779,-0.6846,0.0067,0,county
31085,2016,-0.8599,-0.8647,0.0048,0,county
31087,2016,-0.7296,-0.7347,0.0051,0,county
31089,2016,-0.747,-0.7538,0.0068,0,county
31091,2016,-0.7554,-0.7609,0.0055,0,county
31093,2016,-0.5812,-0.5882,0.007,0,county
31095,2016,-0.4471,-0.4536,0.0065,0,county
31097,2016,-0.3791,-0.3842,0.0051,0,county
31099,2016,-0.601,-0.6073,0.0063,0,county
31101,2016,-0.6604,-0.67,0.0096,0,county
31103,2016,-0.8092,-0.8152,0.006,0,county
31105,2016,-0.6559,-0.6663,0.0104,0,county
31107,2016,-0.5998,-0.6072,0.0074,0,county
31109,2016,0.0023,0.0006,0.0017,0,county
31111,2016,-0.5735,-0.5815,0.008,0,county
31113,2016,-0.8124,-0.816,0.0036,0,county
31115,2016,-0.7143,-0.7199,0.0056,0,county
31117,2016,-0.8467,-0.8497,0.003,0,county
31119,2016,-0.552,-0.5628,0.0108,0,county
31121,2016,-0.6135,-0.624,0.0105,0,county
31123,2016,-0.6872,-0.6953,0.0081,0,county
31125,2016,-0.6046,-0.611,0.0064,0,county
31127,2016,-0.4211,-0.4293,0.0082,0,county
31129,2016,-0.6227,-0.6321,0.0094,0,county
31131,2016,-0.3802,-0.3869,0.0067,0,county
31133,2016,-0.5237,-0.5259,0.0022,0,county
31135,2016,-0.7258,-0.7348,0.009,0,county
31137,2016,-0.698,-0.7075,0.0095,0,county
31139,2016,-0.7355,-0.7458,0.0103,0,county
31141,2016,-0.5764,-0.5875,0.0111,0,county
31143,2016,-0.6255,-0.6336,0.0081,0,county
31145,2016,-0.6988,-0.7062,0.0074,0,county
31147,2016,-0.5127,-0.5145,0.0018,0,county
31149,2016,-0.7732,-0.7781,0.0049,0,county
31151,2016,-0.2475,-0.2542,0.0067,0,county
31153,2016,-0.2123,-0.2179,0.0056,0,county
31155,2016,-0.4634,-0.4696,0.0062,0,county
31157,2016,-0.4798,-0.4895,0.0097,0,county
31159,2016,-0.4518,-0.4604,0.0086,0,county
31161,2016,-0.7377,-0.7431,0.0054,0,county
31163,2016,-0.5149,-0.5184,0.0035,0,county
31165,2016,-0.7269,-0.7405,0.0136,0,county
31167,2016,-0.6319,-0.639,0.0071,0,county
31169,2016,-0.577,-0.5752,0.0018,0,county
31171,2016,-0.799,-0.8114,0.0124,0,county
31173,2016,-0.0594,-0.0503,0.0091,0,county
31175,2016,-0.6535,-0.6598,0.0063,0,county
31177,2016,-0.4432,-0.4505,0.0073,0,county
31179,2016,-0.4921,-0.4939,0.0018,0,county
31181,2016,-0.5995,-0.6011,0.0016,0,county
31183,2016,-0.6774,-0.6863,0.0089,0,county
31185,2016,-0.5507,-0.5603,0.0096,0,county
32001,2016,-0.5138,-0.5137,0.0001,0,county
32003,2016,0.1071,0.1065,0.0006,0,county
32005,2016,-0.3214,-0.3212,0.0002,0,county
32007,2016,-0.5469,-0.5469,0.0,0,county
32009,2016,-0.6241,-0.6241,0.0,0,county
32011,2016,-0.76,-0.76,0.0,0,county
32013,2016,-0.4873,-0.4873,0.0,0,county
32015,2016,-0.5906,-0.5906,0.0,0,county
32017,2016,-0.6501,-0.6501,0.0,0,county
32019,2016,-0.4149,-0.4149,0.0,0,county
32021,2016,-0.2714,-0.2714,0.0,0,county
32023,2016,-0.42,-0.4198,0.0002,0,county
32027,2016,-0.4909,-0.4909,0.0,0,county
32029,2016,-0.3378,-0.3378,0.0,0,county
32031,2016,0.0125,0.012,0.0005,0,county
32033,2016,-0.5343,-0.5343,0.0,0,county
32510,2016,-0.1405,-0.1405,0.0,0,county
33001,2016,-0.1654,-0.1682,0.0028,0,county
33003,2016,-0.0556,-0.0567,0.0011,0,county
33005,2016,0.1238,0.1263,0.0025,0,county
33007,2016,-0.0889,-0.0913,0.0024,0,county
33009,2016,0.1856,0.1898,0.0042,0,county
33011,2016,-0.002,-0.002,0.0,0,county
33013,2016,0.0302,0.0308,0.0006,0,county
33015,2016,-0.0576,-0.0584,0.0008,0,county
33017,2016,0.0844,0.0857,0.0013,0,county
33019,2016,-0.0258,-0.0265,0.0007,0,county
34001,2016,0.0702,0.0623,0.0079,0,county
34003,2016,0.1328,0.1199,0.0129,0,county
34005,2016,0.1482,0.1478,0.0004,0,county
34007,2016,0.327,0.3237,0.0033,0,county
34009,2016,-0.199,-0.1987,0.0003,0,county
34011,2016,0.0614,0.0534,0.008,0,county
34013,2016,0.5714,0.5636,0.0078,0,county
34015,2016,-0.0048,-0.0043,0.0005,0,county
34017,2016,0.5236,0.5181,0.0055,0,county
34019,2016,-0.1385,-0.1384,0.0001,0,county
34021,2016,0.3743,0.3617,0.0126,0,county
34023,2016,0.2149,0.1978,0.0171,0,county
34025,2016,-0.094,-0.0946,0.0006,0,county
34027,2016,-0.0432,-0.044,0.0008,0,county
34029,2016,-0.3351,-0.34,0.0049,0,county
34031,2016,0.2251,0.2175,0.0076,0,county
34033,2016,-0.1518,-0.1537,0.0019,0,county
34035,2016,0.1285,0.1245,0.004,0,county
34037,2016,-0.3028,-0.3027,0.0001,0,county
34039,2016,0.3572,0.3548,0.0024,0,county
34041,2016,-0.2554,-0.256,0.0006,0,county
35001,2016,0.1774,0.1782,0.0008,0,county
35003,2016,-0.5061,-0.5074,0.0013,0,county
35005,2016,-0.362,-0.3641,0.0021,0,county
35006,2016,0.0677,0.068,0.0003,0,county
35007,2016,-0.0855,-0.0856,0.0001,0,county
35009,2016,-0.4423,-0.4237,0.0186,0,county
35011,2016,-0.4692,-0.4707,0.0015,0,county
35013,2016,0.178,0.1796,0.0016,0,county
35015,2016,-0.4126,-0.4157,0.0031,0,county
35017,2016,0.0771,0.0772,0.0001,0,county
35019,2016,0.2053,0.2051,0.0002,0,county
35021,2016,-0.2941,-0.2941,0.0,0,county
35023,2016,-0.0673,-0.0686,0.0013,0,county
35025,2016,-0.4836,-0.4853,0.0017,0,county
35027,2016,-0.4005,-0.402,0.0015,0,county
35028,2016,0.2024,0.2027,0.0003,0,county
35029,2016,-0.0388,-0.0391,0.0003,0,county
35031,2016,0.3904,0.3977,0.0073,0,county
35033,2016,0.3568,0.3586,0.0018,0,county
35035,2016,-0.2873,-0.2915,0.0042,0,county
35037,2016,-0.3345,-0.3358,0.0013,0,county
35039,2016,0.4028,0.403,0.0002,0,county
35041,2016,-0.4084,-0.4133,0.0049,0,county
35043,2016,0.0292,0.0273,0.0019,0,county
35045,2016,-0.3271,-0.331,0.0039,0,county
35047,2016,0.4625,0.464,0.0015,0,county
35049,2016,0.5104,0.5102,0.0002,0,county
35051,2016,-0.2698,-0.2726,0.0028,0,county
35053,2016,0.1015,0.1011,0.0004,0,county
35055,2016,0.5204,0.5204,0.0,0,county
35057,2016,-0.305,-0.308,0.003,0,county
35059,2016,-0.5264,-0.5308,0.0044,0,county
35061,2016,-0.086,-0.0865,0.0005,0,county
36001,2016,0.2522,0.2431,0.0091,0,county
36003,2016,-0.4089,-0.4231,0.0142,0,county
36005,2016,0.7906,0.7913,0.0007,0,county
36007,2016,-0.0201,-0.0369,0.0168,0,county
36009,2016,-0.3272,-0.3436,0.0164,0,county
36011,2016,-0.1164,-0.1325,0.0161,0,county
36013,2016,-0.2305,-0.2458,0.0153,0,county
36015,2016,-0.1755,-0.1998,0.0243,1,county
36017,2016,-0.2553,-0.2805,0.0252,1,county
36019,2016,0.019,0.0093,0.0097,0,county
36021,2016,0.0494,0.0135,0.0359,1,county
36023,2016,-0.0558,-0.0668,0.011,0,county
36025,2016,-0.2685,-0.2918,0.0233,1,county
36027,2016,0.0035,-0.0107,0.0142,0,county
36029,2016,0.0641,0.0476,0.0165,0,county
36031,2016,-0.0114,-0.0342,0.0228,1,county
36033,2016,-0.0545,-0.0739,0.0194,0,county
36035,2016,-0.3284,-0.3555,0.0271,1,county
36037,2016,-0.3505,-0.3695,0.019,0,county
36039,2016,-0.2571,-0.2743,0.0172,0,county
36041,2016,-0.3457,-0.388,0.0423,1,county
36043,2016,-0.3282,-0.3452,0.017,0,county
36045,2016,-0.208,-0.2235,0.0155,0,county
36047,2016,0.62,0.6183,0.0017,0,county
36049,2016,-0.3756,-0.3964,0.0208,1,county
36051,2016,-0.2195,-0.2784,0.0589,1,county
36053,2016,-0.142,-0.1589,0.0169,0,county
36055,2016,0.1495,0.1412,0.0083,0,county
36057,2016,-0.247,-0.2648,0.0178,0,county
36059,2016,0.0593,0.0531,0.0062,0,county
36061,2016,0.7685,0.772,0.0035,0,county
36063,2016,-0.1775,-0.1899,0.0124,0,county
36065,2016,-0.1944,-0.2115,0.0171,0,county
36067,2016,0.1376,0.1283,0.0093,0,county
36069,2016,-0.0726,-0.0862,0.0136,0,county
36071,2016,-0.055,-0.0646,0.0096,0,county
36073,2016,-0.3947,-0.4339,0.0392,1,county
36075,2016,-0.2199,-0.2324,0.0125,0,county
36077,2016,-0.1113,-0.1303,0.019,0,county
36079,2016,-0.1577,-0.1783,0.0206,1,county
36081,2016,0.536,0.534,0.002,0,county
36083,2016,-0.0141,-0.0287,0.0146,0,county
36085,2016,-0.1508,-0.1678,0.017,0,county
36087,2016,0.0624,0.0509,0.0115,0,county
36089,2016,-0.0882,-0.1078,0.0196,0,county
36091,2016,-0.0321,-0.0436,0.0115,0,county
36093,2016,0.0713,0.0584,0.0129,0,county
36095,2016,-0.3268,-0.3469,0.0201,1,county
36097,2016,-0.2233,-0.2871,0.0638,1,county
36099,2016,-0.1101,-0.1213,0.0112,0,county
36101,2016,-0.3406,-0.3616,0.021,1,county
36103,2016,-0.0684,-0.0822,0.0138,0,county
36105,2016,-0.1123,-0.1374,0.0251,1,county
36107,2016,-0.2571,-0.2761,0.019,0,county
36109,2016,0.4339,0.4214,0.0125,0,county
36111,2016,0.0995,0.0914,0.0081,0,county
36113,2016,-0.0847,-0.1058,0.0211,1,county
36115,2016,-0.184,-0.2023,0.0183,0,county
36117,2016,-0.2496,-0.2611,0.0115,0,county
36119,2016,0.3368,0.3277,0.0091,0,county
36121,2016,-0.4936,-0.5098,0.0162,0,county
36123,2016,-0.1988,-0.2185,0.0197,0,county
37001,2016,-0.1262,-0.1295,0.0033,0,county
37003,2016,-0.5542,-0.5594,0.0052,0,county
37005,2016,-0.4719,-0.4774,0.0055,0,county
37007,2016,0.1283,0.1256,0.0027,0,county
37009,2016,-0.4404,-0.4466,0.0062,0,county
37011,2016,-0.5587,-0.5653,0.0066,0,county
37013,2016,-0.2414,-0.2449,0.0035,0,county
37015,2016,0.2484,0.2517,0.0033,0,county
37017,2016,-0.0939,-0.0946,0.0007,0,county
37019,2016,-0.2844,-0.2873,0.0029,0,county
37021,2016,0.142,0.1457,0.0037,0,county
37023,2016,-0.3851,-0.3935,0.0084,0,county
37025,2016,-0.1961,-0.1997,0.0036,0,county
37027,2016,-0.501,-0.5062,0.0052,0,county
37029,2016,-0.4539,-0.4578,0.0039,0,county
37031,2016,-0.4402,-0.4448,0.0046,0,county
37033,2016,-0.1115,-0.115,0.0035,0,county
37035,2016,-0.3747,-0.3801,0.0054,0,county
37037,2016,0.0994,0.1008,0.0014,0,county
37039,2016,-0.563,-0.5701,0.0071,0,county
37041,2016,-0.1414,-0.1432,0.0018,0,county
37043,2016,-0.5108,-0.5171,0.0063,0,county
37045,2016,-0.3025,-0.3058,0.0033,0,county
37047,2016,-0.2195,-0.2209,0.0014,0,county
37049,2016,-0.2149,-0.2179,0.003,0,county
37051,2016,0.1595,0.1602,0.0007,0,county
37053,2016,-0.4933,-0.4983,0.005,0,county
37055,2016,-0.2161,-0.2212,0.0051,0,county
37057,2016,-0.4837,-0.4935,0.0098,0,county
37059,2016,-0.4749,-0.4812,0.0063,0,county
37061,2016,-0.1886,-0.192,0.0034,0,county
37063,2016,0.595,0.6038,0.0088,0,county
37065,2016,0.32,0.3218,0.0018,0,county
37067,2016,0.1037,0.1026,0.0011,0,county
37069,2016,-0.1151,-0.1174,0.0023,0,county
37071,2016,-0.3175,-0.3213,0.0038,0,county
37073,2016,-0.0907,-0.0901,0.0006,0,county
37075,2016,-0.6034,-0.6104,0.007,0,county
37077,2016,-0.0249,-0.025,0.0001,0,county
37079,2016,-0.095,-0.0983,0.0033,0,county
37081,2016,0.1989,0.2003,0.0014,0,county
37083,2016,0.2669,0.2688,0.0019,0,county
37085,2016,-0.2361,-0.2408,0.0047,0,county
37087,2016,-0.2752,-0.2795,0.0043,0,county
37089,2016,-0.2747,-0.2794,0.0047,0,county
37091,2016,0.3741,0.3767,0.0026,0,county
37093,2016,0.1078,0.1083,0.0005,0,county
37095,2016,-0.1402,-0.1403,0.0001,0,county
37097,2016,-0.3636,-0.3682,0.0046,0,county
37099,2016,-0.1153,-0.119,0.0037,0,county
37101,2016,-0.3028,-0.3067,0.0039,0,county
37103,2016,-0.177,-0.1786,0.0016,0,county
37105,2016,-0.1293,-0.1315,0.0022,0,county
37107,2016,-0.0365,-0.0628,0.0263,1,county
37109,2016,-0.4725,-0.477,0.0045,0,county
37111,2016,-0.4982,-0.5048,0.0066,0,county
37113,2016,-0.4089,-0.415,0.0061,0,county
37115,2016,-0.2535,-0.2586,0.0051,0,county
37117,2016,-0.0043,-0.0051,0.0008,0,county
37119,2016,0.2941,0.2987,0.0046,0,county
37121,2016,-0.5788,-0.5838,0.005,0,county
37123,2016,-0.2582,-0.2587,0.0005,0,county
37125,2016,-0.2908,-0.2958,0.005,0,county
37127,2016,-0.0018,-0.0025,0.0007,0,county
37129,2016,-0.039,-0.0409,0.0019,0,county
37131,2016,0.2602,0.262,0.0018,0,county
37133,2016,-0.3432,-0.3465,0.0033,0,county
37135,2016,0.5024,0.5102,0.0078,0,county
37137,2016,-0.2635,-0.2655,0.002,0,county
37139,2016,0.025,0.022,0.003,0,county
37141,2016,-0.2971,-0.304,0.0069,0,county
37143,2016,-0.277,-0.2808,0.0038,0,county
37145,2016,-0.1709,-0.1732,0.0023,0,county
37147,2016,0.0762,0.0738,0.0024,0,county
37149,2016,-0.2774,-0.2819,0.0045,0,county
37151,2016,-0.5611,-0.5672,0.0061,0,county
37153,2016,-0.0974,-0.1015,0.0041,0,county
37155,2016,-0.0427,-0.0486,0.0059,0,county
37157,2016,-0.2981,-0.2999,0.0018,0,county
37159,2016,-0.3637,-0.3675,0.0038,0,county
37161,2016,-0.4738,-0.4785,0.0047,0,county
37163,2016,-0.1655,-0.1667,0.0012,0,county
37165,2016,0.0763,0.0776,0.0013,0,county
37167,2016,-0.497,-0.5019,0.0049,0,county
37169,2016,-0.5522,-0.5559,0.0037,0,county
37171,2016,-0.5026,-0.5071,0.0045,0,county
37173,2016,-0.2235,-0.2292,0.0057,0,county
37175,2016,-0.2217,-0.2248,0.0031,0,county
37177,2016,-0.1466,-0.1547,0.0081,0,county
37179,2016,-0.3062,-0.311,0.0048,0,county
37181,2016,0.2451,0.2461,0.001,0,county
37183,2016,0.2021,0.205,0.0029,0,county
37185,2016,0.325,0.3325,0.0075,0,county
37187,2016,0.1534,0.1521,0.0013,0,county
37189,2016,0.0147,0.015,0.0003,0,county
37191,2016,-0.1138,-0.1172,0.0034,0,county
37193,2016,-0.5468,-0.5517,0.0049,0,county
37195,2016,0.0559,0.0563,0.0004,0,county
37197,2016,-0.6083,-0.6153,0.007,0,county
37199,2016,-0.3202,-0.3248,0.0046,0,county
38001,2016,-0.569,-0.5705,0.0015,0,county
38003,2016,-0.2925,-0.2968,0.0043,0,county
38005,2016,-0.0433,-0.0438,0.0005,0,county
38007,2016,-0.7207,-0.7331,0.0124,0,county
38009,2016,-0.5031,-0.5086,0.0055,0,county
38011,2016,-0.6821,-0.6885,0.0064,0,county
38013,2016,-0.7376,-0.7381,0.0005,0,county
38015,2016,-0.4513,-0.4615,0.0102,0,county
38017,2016,-0.1046,-0.1072,0.0026,0,county
38019,2016,-0.4392,-0.4469,0.0077,0,county
38021,2016,-0.4624,-0.4659,0.0035,0,county
38023,2016,-0.5103,-0.5198,0.0095,0,county
38025,2016,-0.63,-0.6353,0.0053,0,county
38027,2016,-0.3542,-0.3577,0.0035,0,county
38029,2016,-0.738,-0.7437,0.0057,0,county
38031,2016,-0.5201,-0.5244,0.0043,0,county
38033,2016,-0.7283,-0.7367,0.0084,0,county
38035,2016,-0.1808,-0.185,0.0042,0,county
38037,2016,-0.6684,-0.6694,0.001,0,county
38039,2016,-0.434,-0.4403,0.0063,0,county
38041,2016,-0.6806,-0.6852,0.0046,0,county
38043,2016,-0.6773,-0.6826,0.0053,0,county
38045,2016,-0.4551,-0.461,0.0059,0,county
38047,2016,-0.7254,-0.733,0.0076,0,county
38049,2016,-0.5532,-0.5646,0.0114,0,county
38051,2016,-0.5982,-0.6058,0.0076,0,county
38053,2016,-0.6361,-0.6454,0.0093,0,county
38055,2016,-0.5229,-0.5296,0.0067,0,county
38057,2016,-0.6702,-0.679,0.0088,0,county
38059,2016,-0.5215,-0.5301,0.0086,0,county
38061,2016,-0.3317,-0.3342,0.0025,0,county
38063,2016,-0.2848,-0.2887,0.0039,0,county
38065,2016,-0.6991,-0.7066,0.0075,0,county
38067,2016,-0.4843,-0.4924,0.0081,0,county
38069,2016,-0.4858,-0.496,0.0102,0,county
38071,2016,-0.3227,-0.3279,0.0052,0,county
38073,2016,-0.1577,-0.161,0.0033,0,county
38075,2016,-0.6125,-0.6199,0.0074,0,county
38077,2016,-0.356,-0.3613,0.0053,0,county
38079,2016,0.2349,0.2422,0.0073,0,county
38081,2016,-0.1973,-0.1997,0.0024,0,county
38083,2016,-0.7052,-0.7106,0.0054,0,county
38085,2016,0.4042,0.4265,0.0223,1,county
38087,2016,-0.7419,-0.7471,0.0052,0,county
38089,2016,-0.6494,-0.6581,0.0087,0,county
38091,2016,-0.1772,-0.1789,0.0017,0,county
38093,2016,-0.4156,-0.4248,0.0092,0,county
38095,2016,-0.3699,-0.3764,0.0065,0,county
38097,2016,-0.2604,-0.265,0.0046,0,county
38099,2016,-0.3943,-0.4017,0.0074,0,county
38101,2016,-0.468,-0.4769,0.0089,0,county
38103,2016,-0.5778,-0.5842,0.0064,0,county
38105,2016,-0.6507,-0.6633,0.0126,0,county
39001,2016,-0.5575,-0.5561,0.0014,0,county
39003,2016,-0.3746,-0.3818,0.0072,0,county
39005,2016,-0.478,-0.4781,0.0001,0,county
39007,2016,-0.1894,-0.19,0.0006,0,county
39009,2016,0.1704,0.1695,0.0009,0,county
39011,2016,-0.6212,-0.6258,0.0046,0,county
39013,2016,-0.396,-0.3955,0.0005,0,county
39015,2016,-0.5212,-0.5218,0.0006,0,county
39017,2016,-0.278,-0.2835,0.0055,0,county
39019,2016,-0.4666,-0.464,0.0026,0,county
39021,2016,-0.4439,-0.4447,0.0008,0,county
39023,2016,-0.1933,-0.1953,0.002,0,county
39025,2016,-0.4116,-0.4133,0.0017,0,county
39027,2016,-0.5233,-0.5261,0.0028,0,county
39029,2016,-0.4165,-0.4157,0.0008,0,county
39031,2016,-0.4354,-0.4327,0.0027,0,county
39033,2016,-0.4671,-0.4677,0.0006,0,county
39035,2016,0.3545,0.3499,0.0046,0,county
39037,2016,-0.6099,-0.6121,0.0022,0,county
39039,2016,-0.3474,-0.3482,0.0008,0,county
39041,2016,-0.1608,-0.1606,0.0002,0,county
39043,2016,-0.0956,-0.0983,0.0027,0,county
39045,2016,-0.2665,-0.2695,0.003,0,county
39047,2016,-0.4709,-0.4706,0.0003,0,county
39049,2016,0.2613,0.2589,0.0024,0,county
39051,2016,-0.36,-0.3594,0.0006,0,county
39053,2016,-0.5563,-0.5563,0.0,0,county
39055,2016,-0.2535,-0.2547,0.0012,0,county
39057,2016,-0.2394,-0.2447,0.0053,0,county
39059,2016,-0.428,-0.4257,0.0023,0,county
39061,2016,0.1028,0.0952,0.0076,0,county
39063,2016,-0.4046,-0.4077,0.0031,0,county
39065,2016,-0.4715,-0.472,0.0005,0,county
39067,2016,-0.4817,-0.4827,0.001,0,county
39069,2016,-0.398,-0.3984,0.0004,0,county
39071,2016,-0.5539,-0.5613,0.0074,0,county
39073,2016,-0.3678,-0.3651,0.0027,0,county
39075,2016,-0.6271,-0.6294,0.0023,0,county
39077,2016,-0.3638,-0.3637,0.0001,0,county
39079,2016,-0.491,-0.4892,0.0018,0,county
39081,2016,-0.3553,-0.3568,0.0015,0,county
39083,2016,-0.3821,-0.3819,0.0002,0,county
39085,2016,-0.1536,-0.1558,0.0022,0,county
39087,2016,-0.4403,-0.439,0.0013,0,county
39089,2016,-0.2884,-0.2895,0.0011,0,county
39091,2016,-0.5243,-0.526,0.0017,0,county
39093,2016,0.0009,-0.0028,0.0037,0,county
39095,2016,0.1778,0.1735,0.0043,0,county
39097,2016,-0.3963,-0.3973,0.001,0,county
39099,2016,0.0327,0.03,0.0027,0,county
39101,2016,-0.3432,-0.3437,0.0005,0,county
39103,2016,-0.2476,-0.2488,0.0012,0,county
39105,2016,-0.5057,-0.5007,0.005,0,county
39107,2016,-0.65,-0.6505,0.0005,0,county
39109,2016,-0.4543,-0.4562,0.0019,0,county
39111,2016,-0.4718,-0.4687,0.0031,0,county
39113,2016,-0.0073,-0.0124,0.0051,0,county
39115,2016,-0.4183,-0.414,0.0043,0,county
39117,2016,-0.4947,-0.4949,0.0002,0,county
39119,2016,-0.3496,-0.3496,0.0,0,county
39121,2016,-0.5535,-0.5515,0.002,0,county
39123,2016,-0.1966,-0.1956,0.001,0,county
39125,2016,-0.4871,-0.4853,0.0018,0,county
39127,2016,-0.4061,-0.4032,0.0029,0,county
39129,2016,-0.4262,-0.4265,0.0003,0,county
39131,2016,-0.3673,-0.3671,0.0002,0,county
39133,2016,-0.0995,-0.1016,0.0021,0,county
39135,2016,-0.5408,-0.5398,0.001,0,county
39137,2016,-0.6415,-0.6434,0.0019,0,county
39139,2016,-0.3714,-0.3754,0.004,0,county
39141,2016,-0.2731,-0.2738,0.0007,0,county
39143,2016,-0.2277,-0.2296,0.0019,0,county
39145,2016,-0.3709,-0.3681,0.0028,0,county
39147,2016,-0.3094,-0.3118,0.0024,0,county
39149,2016,-0.6043,-0.606,0.0017,0,county
39151,2016,-0.1726,-0.1742,0.0016,0,county
39153,2016,0.0862,0.0816,0.0046,0,county
39155,2016,-0.0626,-0.064,0.0014,0,county
39157,2016,-0.3568,-0.3545,0.0023,0,county
39159,2016,-0.3784,-0.3796,0.0012,0,county
39161,2016,-0.5644,-0.564,0.0004,0,county
39163,2016,-0.4602,-0.4574,0.0028,0,county
39165,2016,-0.3745,-0.3756,0.0011,0,county
39167,2016,-0.4185,-0.416,0.0025,0,county
39169,2016,-0.3458,-0.3492,0.0034,0,county
39171,2016,-0.438,-0.438,0.0,0,county
39173,2016,-0.0805,-0.085,0.0045,0,county
39175,2016,-0.4676,-0.4677,0.0001,0,county
40001,2016,-0.5228,-0.5224,0.0004,0,county
40003,2016,-0.7604,-0.7602,0.0002,0,county
40005,2016,-0.6554,-0.6543,0.0011,0,county
40007,2016,-0.8101,-0.8096,0.0005,0,county
40009,2016,-0.7082,-0.7078,0.0004,0,county
40011,2016,-0.5729,-0.5729,0.0,0,county
40013,2016,-0.5554,-0.5558,0.0004,0,county
40015,2016,-0.4345,-0.4343,0.0002,0,county
40017,2016,-0.5122,-0.5123,0.0001,0,county
40019,2016,-0.5261,-0.526,0.0001,0,county
40021,2016,-0.2752,-0.2752,0.0,0,county
40023,2016,-0.5785,-0.5791,0.0006,0,county
40025,2016,-0.8267,-0.8282,0.0015,0,county
40027,2016,-0.2166,-0.2166,0.0,0,county
40029,2016,-0.6198,-0.6189,0.0009,0,county
40031,2016,-0.2371,-0.2373,0.0002,0,county
40033,2016,-0.6264,-0.6264,0.0,0,county
40035,2016,-0.5239,-0.5244,0.0005,0,county
40037,2016,-0.5458,-0.5456,0.0002,0,county
40039,2016,-0.5428,-0.5428,0.0,0,county
40041,2016,-0.5418,-0.5415,0.0003,0,county
40043,2016,-0.7754,-0.7756,0.0002,0,county
40045,2016,-0.7969,-0.7968,0.0001,0,county
40047,2016,-0.5349,-0.5351,0.0002,0,county
40049,2016,-0.6067,-0.6069,0.0002,0,county
40051,2016,-0.6028,-0.6027,0.0001,0,county
40053,2016,-0.6992,-0.7,0.0008,0,county
40055,2016,-0.6113,-0.6113,0.0,0,county
40057,2016,-0.5015,-0.5026,0.0011,0,county
40059,2016,-0.7899,-0.7919,0.002,0,county
40061,2016,-0.595,-0.5946,0.0004,0,county
40063,2016,-0.5362,-0.5361,0.0001,0,county
40065,2016,-0.576,-0.576,0.0,0,county
40067,2016,-0.6574,-0.6567,0.0007,0,county
40069,2016,-0.5742,-0.5746,0.0004,0,county
40071,2016,-0.5019,-0.5022,0.0003,0,county
40073,2016,-0.7128,-0.7134,0.0006,0,county
40075,2016,-0.5236,-0.5236,0.0,0,county
40077,2016,-0.5678,-0.5672,0.0006,0,county
40079,2016,-0.5872,-0.5873,0.0001,0,county
40081,2016,-0.6006,-0.601,0.0004,0,county
40083,2016,-0.4945,-0.4947,0.0002,0,county
40085,2016,-0.5772,-0.577,0.0002,0,county
40087,2016,-0.6095,-0.6092,0.0003,0,county
40089,2016,-0.639,-0.639,0.0,0,county
40091,2016,-0.4247,-0.4246,0.0001,0,county
40093,2016,-0.7743,-0.7738,0.0005,0,county
40095,2016,-0.5663,-0.5662,0.0001,0,county
40097,2016,-0.5174,-0.5172,0.0002,0,county
40099,2016,-0.5586,-0.5587,0.0001,0,county
40101,2016,-0.2918,-0.2918,0.0,0,county
40103,2016,-0.5769,-0.5762,0.0007,0,county
40105,2016,-0.6087,-0.6087,0.0,0,county
40107,2016,-0.471,-0.4699,0.0011,0,county
40109,2016,-0.105,-0.1051,0.0001,0,county
40111,2016,-0.3268,-0.3266,0.0002,0,county
40113,2016,-0.368,-0.3678,0.0002,0,county
40115,2016,-0.4721,-0.4719,0.0002,0,county
40117,2016,-0.5319,-0.5318,0.0001,0,county
40119,2016,-0.2832,-0.2832,0.0,0,county
40121,2016,-0.5235,-0.5238,0.0003,0,county
40123,2016,-0.4581,-0.4581,0.0,0,county
40125,2016,-0.4649,-0.4651,0.0002,0,county
40127,2016,-0.6319,-0.6319,0.0,0,county
40129,2016,-0.7936,-0.7935,0.0001,0,county
40131,2016,-0.5631,-0.5632,0.0001,0,county
40133,2016,-0.4407,-0.4414,0.0007,0,county
40135,2016,-0.5421,-0.5421,0.0,0,county
40137,2016,-0.6197,-0.6196,0.0001,0,county
40139,2016,-0.651,-0.6515,0.0005,0,county
40141,2016,-0.4756,-0.4756,0.0,0,county
40143,2016,-0.2283,-0.2284,0.0001,0,county
40145,2016,-0.5202,-0.5203,0.0001,0,county
40147,2016,-0.4849,-0.4846,0.0003,0,county
40149,2016,-0.7052,-0.7051,0.0001,0,county
40151,2016,-0.6611,-0.6614,0.0003,0,county
40153,2016,-0.7207,-0.7207,0.0,0,county
41001,2016,-0.5036,-0.5165,0.0129,0,county
41003,2016,0.323,0.3379,0.0149,0,county
41005,2016,0.064,0.0611,0.0029,0,county
41007,2016,0.0567,0.0609,0.0042,0,county
41009,2016,-0.1146,-0.12,0.0054,0,county
41011,2016,-0.2369,-0.2433,0.0064,0,county
41013,2016,-0.4826,-0.4981,0.0155,0,county
41015,2016,-0.2309,-0.2388,0.0079,0,county
41017,2016,-0.033,-0.038,0.005,0,county
41019,2016,-0.3828,-0.3938,0.011,0,county
41021,2016,-0.4239,-0.4386,0.0147,0,county
41023,2016,-0.5694,-0.5886,0.0192,0,county
41025,2016,-0.5609,-0.5771,0.0162,0,county
41027,2016,0.2968,0.302,0.0052,0,county
41029,2016,-0.0862,-0.0918,0.0056,0,county
41031,2016,-0.2646,-0.2755,0.0109,0,county
41033,2016,-0.3023,-0.3135,0.0112,0,county
41035,2016,-0.4335,-0.4477,0.0142,0,county
41037,2016,-0.6064,-0.6222,0.0158,0,county
41039,2016,0.1855,0.1893,0.0038,0,county
41041,2016,0.0975,0.0998,0.0023,0,county
41043,2016,-0.2638,-0.2783,0.0145,0,county
41045,2016,-0.4742,-0.4953,0.0211,1,county
41047,2016,-0.0408,-0.0499,0.0091,0,county
41049,2016,-0.4089,-0.4247,0.0158,0,county
41051,2016,0.5628,0.5833,0.0205,1,county
41053,2016,-0.0625,-0.07,0.0075,0,county
41055,2016,-0.5211,-0.5331,0.012,0,county
41057,2016,-0.0558,-0.0592,0.0034,0,county
41059,2016,-0.3401,-0.3564,0.0163,0,county
41061,2016,-0.3996,-0.4137,0.0141,0,county
41063,2016,-0.3967,-0.4137,0.017,0,county
41065,2016,-0.0879,-0.0966,0.0087,0,county
41067,2016,0.2602,0.2668,0.0066,0,county
41069,2016,-0.533,-0.5429,0.0099,0,county
41071,2016,-0.081,-0.0876,0.0066,0,county
42001,2016,-0.3623,-0.3643,0.002,0,county
42003,2016,0.1663,0.1641,0.0022,0,county
42005,2016,-0.5157,-0.5198,0.0041,0,county
42007,2016,-0.1871,-0.2006,0.0135,0,county
42009,2016,-0.673,-0.674,0.001,0,county
42011,2016,-0.0994,-0.1019,0.0025,0,county
42013,2016,-0.4585,-0.4638,0.0053,0,county
42015,2016,-0.4579,-0.4604,0.0025,0,county
42017,2016,0.0078,0.0058,0.002,0,county
42019,2016,-0.3693,-0.3755,0.0062,0,county
42021,2016,-0.3709,-0.3775,0.0066,0,county
42023,2016,-0.484,-0.5069,0.0229,1,county
42025,2016,-0.3408,-0.3411,0.0003,0,county
42027,2016,0.0238,0.0193,0.0045,0,county
42029,2016,0.0951,0.0923,0.0028,0,county
42031,2016,-0.4735,-0.4742,0.0007,0,county
42033,2016,-0.4882,-0.4958,0.0076,0,county
42035,2016,-0.3429,-0.3483,0.0054,0,county
42037,2016,-0.3213,-0.3275,0.0062,0,county
42039,2016,-0.3738,-0.3851,0.0113,0,county
42041,2016,-0.1808,-0.1857,0.0049,0,county
42043,2016,0.0294,0.0282,0.0012,0,county
42045,2016,0.2242,0.2198,0.0044,0,county
42047,2016,-0.4278,-0.4379,0.0101,0,county
42049,2016,-0.0158,-0.02,0.0042,0,county
42051,2016,-0.3096,-0.31,0.0004,0,county
42053,2016,-0.4402,-0.4395,0.0007,0,county
42055,2016,-0.4633,-0.4648,0.0015,0,county
42057,2016,-0.7062,-0.7077,0.0015,0,county
42059,2016,-0.4039,-0.4171,0.0132,0,county
42061,2016,-0.5052,-0.5069,0.0017,0,county
42063,2016,-0.3537,-0.3566,0.0029,0,county
42065,2016,-0.5926,-0.5981,0.0055,0,county
42067,2016,-0.6172,-0.6176,0.0004,0,county
42069,2016,0.0348,0.034,0.0008,0,county
42071,2016,-0.1942,-0.1969,0.0027,0,county
42073,2016,-0.2802,-0.2809,0.0007,0,county
42075,2016,-0.3488,-0.3555,0.0067,0,county
42077,2016,0.0474,0.0444,0.003,0,county
42079,2016,-0.1944,-0.1963,0.0019,0,county
42081,2016,-0.4471,-0.4483,0.0012,0,county
42083,2016,-0.467,-0.4725,0.0055,0,county
42085,2016,-0.2449,-0.2501,0.0052,0,county
42087,2016,-0.5493,-0.575,0.0257,1,county
42089,2016,0.0076,0.0034,0.0042,0,county
42091,2016,0.2148,0.2111,0.0037,0,county
42093,2016,-0.2841,-0.2839,0.0002,0,county
42095,2016,-0.0381,-0.0382,0.0001,0,county
42097,2016,-0.427,-0.4356,0.0086,0,county
42099,2016,-0.5191,-0.5192,0.0001,0,county
42101,2016,0.6716,0.6691,0.0025,0,county
42103,2016,-0.2605,-0.2604,0.0001,0,county
42105,2016,-0.6358,-0.6361,0.0003,0,county
42107,2016,-0.4331,-0.4337,0.0006,0,county
42109,2016,-0.472,-0.4726,0.0006,0,county
42111,2016,-0.5592,-0.5592,0.0,0,county
42113,2016,-0.4914,-0.4931,0.0017,0,county
42115,2016,-0.4118,-0.4286,0.0168,0,county
42117,2016,-0.53,-0.5357,0.0057,0,county
42119,2016,-0.2543,-0.2567,0.0024,0,county
42121,2016,-0.416,-0.4238,0.0078,0,county
42123,2016,-0.3977,-0.4088,0.0111,0,county
42125,2016,-0.2471,-0.2528,0.0057,0,county
42127,2016,-0.3845,-0.3966,0.0121,0,county
42129,2016,-0.3123,-0.3132,0.0009,0,county
42131,2016,-0.3824,-0.3867,0.0043,0,county
42133,2016,-0.2913,-0.2929,0.0016,0,county
44001,2016,0.2216,0.2277,0.0061,0,county
44003,2016,-0.0067,-0.007,0.0003,0,county
44005,2016,0.1894,0.1938,0.0044,0,county
44007,2016,0.2093,0.212,0.0027,0,county
44009,2016,0.0981,0.1003,0.0022,0,county
45001,2016,-0.2805,-0.2825,0.002,0,county
45003,2016,-0.2748,-0.2749,0.0001,0,county
45005,2016,0.5418,0.5405,0.0013,0,county
45007,2016,-0.4366,-0.4367,0.0001,0,county
45009,2016,0.2726,0.2726,0.0,0,county
45011,2016,-0.0516,-0.052,0.0004,0,county
45013,2016,-0.1373,-0.143,0.0057,0,county
45015,2016,-0.1746,-0.174,0.0006,0,county
45017,2016,-0.0283,-0.0286,0.0003,0,county
45019,2016,0.0786,0.0786,0.0,0,county
45021,2016,-0.4171,-0.4172,0.0001,0,county
45023,2016,-0.0483,-0.0486,0.0003,0,county
45025,2016,-0.148,-0.1431,0.0049,0,county
45027,2016,0.0225,0.0257,0.0032,0,county
45029,2016,-0.0849,-0.0851,0.0002,0,county
45031,2016,-0.0371,-0.0374,0.0003,0,county
45033,2016,0.0168,0.0167,0.0001,0,county
45035,2016,-0.1747,-0.1749,0.0002,0,county
45037,2016,-0.2019,-0.2019,0.0,0,county
45039,2016,0.259,0.2588,0.0002,0,county
45041,2016,-0.0494,-0.0496,0.0002,0,county
45043,2016,-0.1288,-0.1301,0.0013,0,county
45045,2016,-0.2479,-0.247,0.0009,0,county
45047,2016,-0.2173,-0.2185,0.0012,0,county
45049,2016,0.191,0.191,0.0,0,county
45051,2016,-0.3752,-0.3782,0.003,0,county
45053,2016,0.0673,0.1188,0.0515,1,county
45055,2016,-0.2487,-0.2483,0.0004,0,county
45057,2016,-0.2544,-0.2552,0.0008,0,county
45059,2016,-0.2984,-0.2994,0.001,0,county
45061,2016,0.2938,0.2936,0.0002,0,county
45063,2016,-0.3669,-0.3671,0.0002,0,county
45065,2016,-0.0332,-0.033,0.0002,0,county
45067,2016,0.2189,0.2172,0.0017,0,county
45069,2016,0.1624,0.1614,0.001,0,county
45071,2016,-0.2261,-0.2262,0.0001,0,county
45073,2016,-0.481,-0.4807,0.0003,0,county
45075,2016,0.3698,0.3696,0.0002,0,county
45077,2016,-0.5277,-0.5273,0.0004,0,county
45079,2016,0.3291,0.3285,0.0006,0,county
45081,2016,-0.3168,-0.3173,0.0005,0,county
45083,2016,-0.2996,-0.2998,0.0002,0,county
45085,2016,0.1203,0.1201,0.0002,0,county
45087,2016,-0.1929,-0.1929,0.0,0,county
45089,2016,0.338,0.338,0.0,0,county
45091,2016,-0.22,-0.2205,0.0005,0,county
46003,2016,-0.4506,-0.4506,0.0,0,county
46005,2016,-0.3755,-0.3755,0.0,0,county
46007,2016,-0.2211,-0.2211,0.0,0,county
46009,2016,-0.4711,-0.4711,0.0,0,county
46011,2016,-0.1474,-0.1474,0.0,0,county
46013,2016,-0.2582,-0.2582,0.0,0,county
46015,2016,-0.4344,-0.4344,0.0,0,county
46017,2016,0.2551,0.2551,0.0,0,county
46019,2016,-0.6116,-0.6125,0.0009,0,county
46021,2016,-0.7208,-0.7208,0.0,0,county
46023,2016,-0.4215,-0.4215,0.0,0,county
46025,2016,-0.4472,-0.4472,0.0,0,county
46027,2016,0.0984,0.0984,0.0,0,county
46029,2016,-0.3933,-0.3933,0.0,0,county
46031,2016,-0.0451,-0.0451,0.0,0,county
46033,2016,-0.4601,-0.4601,0.0,0,county
46035,2016,-0.3524,-0.3524,0.0,0,county
46037,2016,-0.2377,-0.2377,0.0,0,county
46039,2016,-0.3827,-0.3827,0.0,0,county
46041,2016,0.0966,0.0961,0.0005,0,county
46043,2016,-0.7003,-0.7003,0.0,0,county
46045,2016,-0.549,-0.549,0.0,0,county
46047,2016,-0.4743,-0.4743,0.0,0,county
46049,2016,-0.585,-0.585,0.0,0,county
46051,2016,-0.3959,-0.3961,0.0002,0,county
46053,2016,-0.5782,-0.5782,0.0,0,county
46055,2016,-0.8228,-0.8228,0.0,0,county
46057,2016,-0.5416,-0.5416,0.0,0,county
46059,2016,-0.5814,-0.5814,0.0,0,county
46061,2016,-0.5349,-0.5349,0.0,0,county
46063,2016,-0.8532,-0.8531,0.0001,0,county
46065,2016,-0.3332,-0.3334,0.0002,0,county
46067,2016,-0.5423,-0.5423,0.0,0,county
46069,2016,-0.6058,-0.6058,0.0,0,county
46071,2016,-0.3644,-0.3644,0.0,0,county
46073,2016,-0.3971,-0.3971,0.0,0,county
46075,2016,-0.6828,-0.6828,0.0,0,county
46077,2016,-0.383,-0.383,0.0,0,county
46079,2016,-0.2541,-0.2541,0.0,0,county
46081,2016,-0.3424,-0.3424,0.0,0,county
46083,2016,-0.2942,-0.2942,0.0,0,county
46085,2016,-0.4279,-0.4279,0.0,0,county
46087,2016,-0.4526,-0.4526,0.0,0,county
46089,2016,-0.6157,-0.6157,0.0,0,county
46091,2016,-0.1551,-0.1551,0.0,0,county
46093,2016,-0.5351,-0.5351,0.0,0,county
46095,2016,-0.2401,-0.2401,0.0,0,county
46097,2016,-0.3994,-0.3994,0.0,0,county
46099,2016,-0.1461,-0.1461,0.0,0,county
46101,2016,-0.2346,-0.2345,0.0001,0,county
46103,2016,-0.3295,-0.3295,0.0,0,county
46105,2016,-0.713,-0.713,0.0,0,county
46107,2016,-0.6402,-0.6397,0.0005,0,county
46109,2016,-0.1553,-0.1552,0.0001,0,county
46111,2016,-0.5147,-0.5147,0.0,0,county
46115,2016,-0.3168,-0.3168,0.0,0,county
46117,2016,-0.5227,-0.5227,0.0,0,county
46119,2016,-0.6295,-0.6295,0.0,0,county
46121,2016,0.4791,0.4791,0.0,0,county
46123,2016,-0.611,-0.611,0.0,0,county
46125,2016,-0.4761,-0.4761,0.0,0,county
46127,2016,-0.3879,-0.3877,0.0002,0,county
46129,2016,-0.5809,-0.5809,0.0,0,county
46135,2016,-0.245,-0.2447,0.0003,0,county
46137,2016,-0.0196,-0.0209,0.0013,0,county
47001,2016,-0.3413,-0.3429,0.0016,0,county
47003,2016,-0.5269,-0.5275,0.0006,0,county
47005,2016,-0.5123,-0.5127,0.0004,0,county
47007,2016,-0.5843,-0.586,0.0017,0,county
47009,2016,-0.4854,-0.488,0.0026,0,county
47011,2016,-0.587,-0.591,0.004,0,county
47013,2016,-0.6082,-0.6088,0.0006,0,county
47015,2016,-0.542,-0.5435,0.0015,0,county
47017,2016,-0.5228,-0.5234,0.0006,0,county
47019,2016,-0.6377,-0.6404,0.0027,0,county
47021,2016,-0.4659,-0.4688,0.0029,0,county
47023,2016,-0.5898,-0.6031,0.0133,0,county
47025,2016,-0.6304,-0.6312,0.0008,0,county
47027,2016,-0.4911,-0.4909,0.0002,0,county
47029,2016,-0.6441,-0.6451,0.001,0,county
47031,2016,-0.4844,-0.486,0.0016,0,county
47033,2016,-0.4964,-0.4967,0.0003,0,county
47035,2016,-0.577,-0.5783,0.0013,0,county
47037,2016,0.2582,0.2604,0.0022,0,county
47039,2016,-0.5867,-0.5868,0.0001,0,county
47041,2016,-0.5179,-0.5184,0.0005,0,county
47043,2016,-0.4552,-0.4563,0.0011,0,county
47045,2016,-0.5522,-0.5538,0.0016,0,county
47047,2016,-0.3703,-0.372,0.0017,0,county
47049,2016,-0.6734,-0.6746,0.0012,0,county
47051,2016,-0.4364,-0.4372,0.0008,0,county
47053,2016,-0.4363,-0.4375,0.0012,0,county
47055,2016,-0.4537,-0.454,0.0003,0,county
47057,2016,-0.6833,-0.6843,0.001,0,county
47059,2016,-0.6083,-0.6099,0.0016,0,county
47061,2016,-0.5536,-0.5533,0.0003,0,county
47063,2016,-0.5694,-0.5717,0.0023,0,county
47065,2016,-0.1644,-0.1659,0.0015,0,county
47067,2016,-0.6818,-0.6819,0.0001,0,county
47069,2016,-0.0792,-0.0799,0.0007,0,county
47071,2016,-0.6423,-0.6423,0.0,0,county
47073,2016,-0.6326,-0.6335,0.0009,0,county
47075,2016,0.1021,0.1017,0.0004,0,county
47077,2016,-0.6203,-0.6215,0.0012,0,county
47079,2016,-0.4979,-0.4983,0.0004,0,county
47081,2016,-0.4955,-0.4976,0.0021,0,county
47083,2016,-0.4154,-0.4155,0.0001,0,county
47085,2016,-0.4142,-0.4148,0.0006,0,county
47087,2016,-0.4718,-0.4722,0.0004,0,county
47089,2016,-0.5915,-0.5933,0.0018,0,county
47091,2016,-0.6721,-0.673,0.0009,0,county
47093,2016,-0.2374,-0.2391,0.0017,0,county
47095,2016,-0.3959,-0.3959,0.0,0,county
47097,2016,-0.226,-0.1415,0.0845,1,county
47099,2016,-0.6127,-0.613,0.0003,0,county
47101,2016,-0.5831,-0.5844,0.0013,0,county
47103,2016,-0.5877,-0.5897,0.002,0,county
47105,2016,-0.5426,-0.5438,0.0012,0,county
47107,2016,-0.5962,-0.5973,0.0011,0,county
47109,2016,-0.597,-0.5971,0.0001,0,county
47111,2016,-0.6918,-0.6928,0.001,0,county
47113,2016,-0.1544,-0.1558,0.0014,0,county
47115,2016,-0.4478,-0.4478,0.0,0,county
47117,2016,-0.4655,-0.4665,0.001,0,county
47119,2016,-0.3891,-0.3922,0.0031,0,county
47121,2016,-0.5755,-0.5755,0.0,0,county
47123,2016,-0.596,-0.5969,0.0009,0,county
47125,2016,-0.1847,-0.1857,0.001,0,county
47127,2016,-0.6251,-0.6251,0.0,0,county
47129,2016,-0.6543,-0.6567,0.0024,0,county
47131,2016,-0.5796,-0.5809,0.0013,0,county
47133,2016,-0.4999,-0.5018,0.0019,0,county
47135,2016,-0.5499,-0.5499,0.0,0,county
47137,2016,-0.5679,-0.5684,0.0005,0,county
47139,2016,-0.5897,-0.5897,0.0,0,county
47141,2016,-0.4465,-0.4501,0.0036,0,county
47143,2016,-0.6073,-0.6128,0.0055,0,county
47145,2016,-0.5096,-0.5111,0.0015,0,county
47147,2016,-0.4711,-0.4718,0.0007,0,county
47149,2016,-0.2588,-0.261,0.0022,0,county
47151,2016,-0.7174,-0.7174,0.0,0,county
47153,2016,-0.595,-0.597,0.002,0,county
47155,2016,-0.615,-0.6168,0.0018,0,county
47157,2016,0.2746,0.2763,0.0017,0,county
47159,2016,-0.5117,-0.5124,0.0007,0,county
47161,2016,-0.4986,-0.5001,0.0015,0,county
47163,2016,-0.5524,-0.5624,0.01,0,county
47165,2016,-0.4471,-0.4495,0.0024,0,county
47167,2016,-0.4738,-0.4755,0.0017,0,county
47169,2016,-0.3661,-0.3679,0.0018,0,county
47171,2016,-0.6128,-0.6148,0.002,0,county
47173,2016,-0.6469,-0.647,0.0001,0,county
47175,2016,-0.5296,-0.53,0.0004,0,county
47177,2016,-0.4412,-0.4423,0.0011,0,county
47179,2016,-0.4267,-0.4286,0.0019,0,county
47181,2016,-0.7374,-0.739,0.0016,0,county
47183,2016,-0.5118,-0.5138,0.002,0,county
47185,2016,-0.593,-0.5948,0.0018,0,county
47187,2016,-0.35,-0.355,0.005,0,county
47189,2016,-0.441,-0.4432,0.0022,0,county
48001,2016,-0.5791,-0.5807,0.0016,0,county
48003,2016,-0.6253,-0.6271,0.0018,0,county
48005,2016,-0.4724,-0.473,0.0006,0,county
48007,2016,-0.5018,-0.5037,0.0019,0,county
48009,2016,-0.792,-0.7943,0.0023,0,county
48011,2016,-0.8364,-0.8397,0.0033,0,county
48013,2016,-0.2901,-0.2913,0.0012,0,county
48015,2016,-0.5961,-0.5971,0.001,0,county
48017,2016,-0.5282,-0.5303,0.0021,0,county
48019,2016,-0.63,-0.6299,0.0001,0,county
48021,2016,-0.2024,-0.2039,0.0015,0,county
48023,2016,-0.7178,-0.7212,0.0034,0,county
48025,2016,-0.1532,-0.1537,0.0005,0,county
48027,2016,-0.1495,-0.1508,0.0013,0,county
48029,2016,0.1343,0.1349,0.0006,0,county
48031,2016,-0.5221,-0.5235,0.0014,0,county
48033,2016,-0.8192,-0.8192,0.0,0,county
48035,2016,-0.6457,-0.6474,0.0017,0,county
48037,2016,-0.4649,-0.4666,0.0017,0,county
48039,2016,-0.2442,-0.2459,0.0017,0,county
48041,2016,-0.2324,-0.2366,0.0042,0,county
48043,2016,-0.048,-0.0483,0.0003,0,county
48045,2016,-0.7255,-0.7275,0.002,0,county
48047,2016,0.51,0.51,0.0,0,county
48049,2016,-0.7412,-0.7448,0.0036,0,county
48051,2016,-0.5496,-0.5508,0.0012,0,county
48053,2016,-0.5645,-0.5676,0.0031,0,county
48055,2016,-0.1568,-0.1583,0.0015,0,county
48057,2016,-0.3618,-0.3622,0.0004,0,county
48059,2016,-0.77,-0.7721,0.0021,0,county
48061,2016,0.325,0.3256,0.0006,0,county
48063,2016,-0.4273,-0.4273,0.0,0,county
48065,2016,-0.7999,-0.8041,0.0042,0,county
48067,2016,-0.5942,-0.5973,0.0031,0,county
48069,2016,-0.4447,-0.4444,0.0003,0,county
48071,2016,-0.619,-0.6206,0.0016,0,county
48073,2016,-0.5628,-0.5646,0.0018,0,county
48075,2016,-0.7433,-0.7433,0.0,0,county
48077,2016,-0.7654,-0.7663,0.0009,0,county
48079,2016,-0.5427,-0.5427,0.0,0,county
48081,2016,-0.7906,-0.7906,0.0,0,county
48083,2016,-0.7656,-0.7675,0.0019,0,county
48085,2016,-0.1671,-0.1698,0.0027,0,county
48087,2016,-0.7249,-0.7262,0.0013,0,county
48089,2016,-0.5096,-0.5125,0.0029,0,county
48091,2016,-0.4969,-0.5008,0.0039,0,county
48093,2016,-0.6767,-0.6743,0.0024,0,county
48095,2016,-0.6901,-0.6907,0.0006,0,county
48097,2016,-0.6787,-0.6813,0.0026,0,county
48099,2016,-0.3923,-0.3947,0.0024,0,county
48101,2016,-0.6765,-0.6895,0.013,0,county
48103,2016,-0.5419,-0.5416,0.0003,0,county
48105,2016,-0.4358,-0.4358,0.0,0,county
48107,2016,-0.4126,-0.4159,0.0033,0,county
48109,2016,0.2269,0.2283,0.0014,0,county
48111,2016,-0.6729,-0.6749,0.002,0,county
48113,2016,0.2611,0.2624,0.0013,0,county
48115,2016,-0.5055,-0.5056,0.0001,0,county
48117,2016,-0.4094,-0.4109,0.0015,0,county
48119,2016,-0.6295,-0.6301,0.0006,0,county
48121,2016,-0.1999,-0.2018,0.0019,0,county
48123,2016,-0.6365,-0.6375,0.001,0,county
48125,2016,-0.6898,-0.6898,0.0,0,county
48127,2016,0.3718,0.3718,0.0,0,county
48129,2016,-0.7058,-0.7089,0.0031,0,county
48131,2016,0.352,0.3527,0.0007,0,county
48133,2016,-0.7518,-0.7544,0.0026,0,county
48135,2016,-0.4044,-0.4055,0.0011,0,county
48137,2016,-0.4129,-0.4122,0.0007,0,county
48139,2016,-0.4506,-0.4537,0.0031,0,county
48141,2016,0.4314,0.4321,0.0007,0,county
48143,2016,-0.6514,-0.655,0.0036,0,county
48145,2016,-0.3348,-0.3356,0.0008,0,county
48147,2016,-0.6157,-0.6192,0.0035,0,county
48149,2016,-0.5906,-0.5913,0.0007,0,county
48151,2016,-0.4986,-0.5006,0.002,0,county
48153,2016,-0.5304,-0.5301,0.0003,0,county
48155,2016,-0.5263,-0.5284,0.0021,0,county
48157,2016,0.0664,0.0663,0.0001,0,county
48159,2016,-0.6667,-0.6699,0.0032,0,county
48161,2016,-0.5928,-0.596,0.0032,0,county
48163,2016,0.1336,0.063,0.0706,1,county
48165,2016,-0.7165,-0.7182,0.0017,0,county
48167,2016,-0.2449,-0.2263,0.0186,0,county
48169,2016,-0.6705,-0.6773,0.0068,0,county
48171,2016,-0.6174,-0.6217,0.0043,0,county
48173,2016,-0.8593,-0.8621,0.0028,0,county
48175,2016,-0.4442,-0.443,0.0012,0,county
48177,2016,-0.4762,-0.478,0.0018,0,county
48179,2016,-0.7831,-0.7875,0.0044,0,county
48181,2016,-0.5278,-0.5311,0.0033,0,county
48183,2016,-0.4093,-0.4127,0.0034,0,county
48185,2016,-0.511,-0.5112,0.0002,0,county
48187,2016,-0.3155,-0.3178,0.0023,0,county
48189,2016,-0.4815,-0.4836,0.0021,0,county
48191,2016,-0.6682,-0.6676,0.0006,0,county
48193,2016,-0.713,-0.714,0.001,0,county
48195,2016,-0.8007,-0.8007,0.0,0,county
48197,2016,-0.6332,-0.634,0.0008,0,county
48199,2016,-0.7386,-0.7388,0.0002,0,county
48201,2016,0.1234,0.124,0.0006,0,county
48203,2016,-0.4369,-0.4393,0.0024,0,county
48205,2016,-0.7976,-0.7995,0.0019,0,county
48207,2016,-0.6153,-0.617,0.0017,0,county
48209,2016,-0.0083,-0.0086,0.0003,0,county
48211,2016,-0.7558,-0.7582,0.0024,0,county
48213,2016,-0.5985,-0.6004,0.0019,0,county
48215,2016,0.4046,0.4054,0.0008,0,county
48217,2016,-0.583,-0.5842,0.0012,0,county
48219,2016,-0.6222,-0.6229,0.0007,0,county
48221,2016,-0.6616,-0.6649,0.0033,0,county
48223,2016,-0.6055,-0.6082,0.0027,0,county
48225,2016,-0.506,-0.5092,0.0032,0,county
48227,2016,-0.558,-0.5599,0.0019,0,county
48229,2016,-0.2055,-0.2055,0.0,0,county
48231,2016,-0.555,-0.5633,0.0083,0,county
48233,2016,-0.7588,-0.7611,0.0023,0,county
48235,2016,-0.7441,-0.75,0.0059,0,county
48237,2016,-0.7937,-0.7963,0.0026,0,county
48239,2016,-0.6341,-0.6373,0.0032,0,county
48241,2016,-0.5976,-0.5989,0.0013,0,county
48243,2016,-0.2292,-0.2315,0.0023,0,county
48245,2016,-0.0048,-0.0049,0.0001,0,county
48247,2016,0.5687,0.5687,0.0,0,county
48249,2016,0.1029,0.1034,0.0005,0,county
48251,2016,-0.5797,-0.5831,0.0034,0,county
48253,2016,-0.6515,-0.6541,0.0026,0,county
48255,2016,-0.4335,-0.4337,0.0002,0,county
48257,2016,-0.4679,-0.4703,0.0024,0,county
48259,2016,-0.5993,-0.6034,0.0041,0,county
48261,2016,0.0806,0.0806,0.0,0,county
48263,2016,-0.6935,-0.6952,0.0017,0,county
48265,2016,-0.56,-0.5627,0.0027,0,county
48267,2016,-0.7638,-0.7666,0.0028,0,county
48269,2016,-0.9057,-0.9057,0.0,0,county
48271,2016,-0.3343,-0.3364,0.0021,0,county
48273,2016,0.0367,0.0368,0.0001,0,county
48275,2016,-0.6079,-0.6119,0.004,0,county
48277,2016,-0.5899,-0.5916,0.0017,0,county
48279,2016,-0.5857,-0.5813,0.0044,0,county
48281,2016,-0.5974,-0.6003,0.0029,0,county
48283,2016,0.1248,0.1245,0.0003,0,county
48285,2016,-0.7132,-0.7146,0.0014,0,county
48287,2016,-0.5547,-0.5557,0.001,0,county
48289,2016,-0.7369,-0.7401,0.0032,0,county
48291,2016,-0.5782,-0.5798,0.0016,0,county
48293,2016,-0.5192,-0.5229,0.0037,0,county
48295,2016,-0.7688,-0.7746,0.0058,0,county
48297,2016,-0.6327,-0.6353,0.0026,0,county
48299,2016,-0.6197,-0.6223,0.0026,0,county
48301,2016,-0.8308,-0.8281,0.0027,0,county
48303,2016,-0.38,-0.3835,0.0035,0,county
48305,2016,-0.5689,-0.5724,0.0035,0,county
48307,2016,-0.6671,-0.6695,0.0024,0,county
48309,2016,-0.2681,-0.2709,0.0028,0,county
48311,2016,-0.8297,-0.833,0.0033,0,county
48313,2016,-0.5759,-0.5762,0.0003,0,county
48315,2016,-0.429,-0.4308,0.0018,0,county
48317,2016,-0.6748,-0.6764,0.0016,0,county
48319,2016,-0.633,-0.6347,0.0017,0,county
48321,2016,-0.399,-0.4067,0.0077,0,county
48323,2016,0.5579,0.5579,0.0,0,county
48325,2016,-0.432,-0.4323,0.0003,0,county
48327,2016,-0.6111,-0.614,0.0029,0,county
48329,2016,-0.5476,-0.5518,0.0042,0,county
48331,2016,-0.4978,-0.4994,0.0016,0,county
48333,2016,-0.7608,-0.7627,0.0019,0,county
48335,2016,-0.6494,-0.6516,0.0022,0,county
48337,2016,-0.7719,-0.7719,0.0,0,county
48339,2016,-0.5106,-0.5143,0.0037,0,county
48341,2016,-0.5449,-0.5469,0.002,0,county
48343,2016,-0.4064,-0.4065,0.0001,0,county
48345,2016,-0.8553,-0.8565,0.0012,0,county
48347,2016,-0.3503,-0.3535,0.0032,0,county
48349,2016,-0.4863,-0.4875,0.0012,0,county
48351,2016,-0.566,-0.4945,0.0715,1,county
48353,2016,-0.5195,-0.5316,0.0121,0,county
48355,2016,-0.015,-0.0154,0.0004,0,county
48357,2016,-0.7841,-0.7897,0.0056,0,county
48359,2016,-0.8143,-0.8169,0.0026,0,county
48361,2016,-0.6181,-0.6193,0.0012,0,county
48363,2016,-0.6403,-0.641,0.0007,0,county
48365,2016,-0.6346,-0.6348,0.0002,0,county
48367,2016,-0.6711,-0.6754,0.0043,0,county
48369,2016,-0.5799,-0.3772,0.2027,1,county
48371,2016,-0.2184,-0.2189,0.0005,0,county
48373,2016,-0.5535,-0.5651,0.0116,0,county
48375,2016,-0.4179,-0.4193,0.0014,0,county
48377,2016,0.365,0.3659,0.0009,0,county
48379,2016,-0.7105,-0.7127,0.0022,0,county
48381,2016,-0.6463,-0.6511,0.0048,0,county
48383,2016,-0.5996,-0.6022,0.0026,0,county
48385,2016,-0.6663,-0.6675,0.0012,0,county
48387,2016,-0.5381,-0.5393,0.0012,0,county
48389,2016,0.076,0.076,0.0,0,county
48391,2016,-0.27,-0.2703,0.0003,0,county
48393,2016,-0.9097,-0.9164,0.0067,0,county
48395,2016,-0.3504,-0.3512,0.0008,0,county
48397,2016,-0.4705,-0.4747,0.0042,0,county
48399,2016,-0.7396,-0.7408,0.0012,0,county
48401,2016,-0.5654,-0.5654,0.0,0,county
48403,2016,-0.7276,-0.7277,0.0001,0,county
48405,2016,-0.4797,-0.4808,0.0011,0,county
48407,2016,-0.5821,-0.5838,0.0017,0,county
48409,2016,-0.2382,-0.2407,0.0025,0,county
48411,2016,-0.7348,-0.7358,0.001,0,county
48413,2016,-0.5788,-0.5787,0.0001,0,county
48415,2016,-0.6952,-0.6976,0.0024,0,county
48417,2016,-0.8477,-0.8489,0.0012,0,county
48419,2016,-0.5966,-0.5968,0.0002,0,county
48421,2016,-0.7604,-0.7621,0.0017,0,county
48423,2016,-0.4321,-0.4389,0.0068,0,county
48425,2016,-0.6839,-0.6878,0.0039,0,county
48427,2016,0.6018,0.6011,0.0007,0,county
48429,2016,-0.7761,-0.7776,0.0015,0,county
48431,2016,-0.7567,-0.7567,0.0,0,county
48433,2016,-0.5991,-0.5991,0.0,0,county
48435,2016,-0.5381,-0.5385,0.0004,0,county
48437,2016,-0.5485,-0.5521,0.0036,0,county
48439,2016,-0.0861,-0.087,0.0009,0,county
48441,2016,-0.5062,-0.5109,0.0047,0,county
48443,2016,-0.3379,-0.3364,0.0015,0,county
48445,2016,-0.5085,-0.494,0.0145,0,county
48447,2016,-0.7809,-0.7809,0.0,0,county
48449,2016,-0.4155,-0.4214,0.0059,0,county
48451,2016,-0.4761,-0.4792,0.0031,0,county
48453,2016,0.3863,0.3886,0.0023,0,county
48455,2016,-0.5987,-0.599,0.0003,0,county
48457,2016,-0.6707,-0.6724,0.0017,0,county
48459,2016,-0.6763,-0.6797,0.0034,0,county
48461,2016,-0.5353,-0.5224,0.0129,0,county
48463,2016,-0.108,-0.108,0.0,0,county
48465,2016,0.0789,0.079,0.0001,0,county
48467,2016,-0.716,-0.7213,0.0053,0,county
48469,2016,-0.3987,-0.3999,0.0012,0,county
48471,2016,-0.3432,-0.3451,0.0019,0,county
48473,2016,-0.285,-0.286,0.001,0,county
48475,2016,-0.512,-0.516,0.004,0,county
48477,2016,-0.51,-0.5129,0.0029,0,county
48479,2016,0.5159,0.5161,0.0002,0,county
48481,2016,-0.4012,-0.4019,0.0007,0,county
48483,2016,-0.8209,-0.8209,0.0,0,county
48485,2016,-0.4948,-0.4974,0.0026,0,county
48487,2016,-0.5742,-0.5752,0.001,0,county
48489,2016,0.368,0.3689,0.0009,0,county
48491,2016,-0.097,-0.0986,0.0016,0,county
48493,2016,-0.4739,-0.4778,0.0039,0,county
48495,2016,-0.524,-0.5248,0.0008,0,county
48497,2016,-0.6966,-0.6992,0.0026,0,county
48499,2016,-0.6979,-0.7003,0.0024,0,county
48501,2016,-0.5953,-0.5963,0.001,0,county
48503,2016,-0.7428,-0.7461,0.0033,0,county
48505,2016,0.3291,0.328,0.0011,0,county
48507,2016,0.5718,0.5726,0.0008,0,county
49001,2016,-0.6319,-0.6321,0.0002,0,county
49003,2016,-0.5041,-0.5143,0.0102,0,county
49005,2016,-0.2725,-0.277,0.0045,0,county
49007,2016,-0.4474,-0.4459,0.0015,0,county
49009,2016,-0.5359,-0.5398,0.0039,0,county
49011,2016,-0.2416,-0.2332,0.0084,0,county
49013,2016,-0.7214,-0.722,0.0006,0,county
49015,2016,-0.71,-0.7091,0.0009,0,county
49017,2016,-0.5324,-0.534,0.0016,0,county
49019,2016,-0.0033,-0.0004,0.0029,0,county
49021,2016,-0.5161,-0.5159,0.0002,0,county
49023,2016,-0.571,-0.5699,0.0011,0,county
49025,2016,-0.4348,-0.4334,0.0014,0,county
49027,2016,-0.6541,-0.6551,0.001,0,county
49029,2016,-0.5029,-0.5031,0.0002,0,county
49031,2016,-0.7942,-0.8201,0.0259,1,county
49033,2016,-0.6249,-0.6223,0.0026,0,county
49035,2016,0.0903,0.1022,0.0119,0,county
49037,2016,-0.1107,-0.1185,0.0078,0,county
49039,2016,-0.5521,-0.5533,0.0012,0,county
49041,2016,-0.6985,-0.696,0.0025,0,county
49043,2016,0.1536,0.1535,0.0001,0,county
49045,2016,-0.3022,-0.3003,0.0019,0,county
49047,2016,-0.6888,-0.6888,0.0,0,county
49049,2016,-0.3655,-0.3726,0.0071,0,county
49051,2016,-0.2518,-0.2518,0.0,0,county
49053,2016,-0.5223,-0.5215,0.0008,0,county
49055,2016,-0.4891,-0.4879,0.0012,0,county
49057,2016,-0.2011,-0.1996,0.0015,0,county
50001,2016,0.3112,0.3365,0.0253,1,county
50003,2016,0.2079,0.2211,0.0132,0,county
50005,2016,0.0647,0.0703,0.0056,0,county
50007,2016,0.4341,0.4681,0.034,1,county
50009,2016,-0.1665,-0.18,0.0135,0,county
50011,2016,0.028,0.0309,0.0029,0,county
50013,2016,0.1477,0.1607,0.013,0,county
50015,2016,0.2877,0.3154,0.0277,1,county
50017,2016,0.173,0.1875,0.0145,0,county
50019,2016,0.0022,0.0021,0.0001,0,county
50021,2016,0.039,0.0419,0.0029,0,county
50023,2016,0.341,0.37,0.029,1,county
50025,2016,0.3926,0.4197,0.0271,1,county
50027,2016,0.2991,0.3212,0.0221,1,county
51001,2016,-0.1165,-0.1171,0.0006,0,county
51003,2016,0.2483,0.2506,0.0023,0,county
51005,2016,-0.3697,-0.3707,0.001,0,county
51007,2016,-0.3665,-0.363,0.0035,0,county
51009,2016,-0.3028,-0.3071,0.0043,0,county
51011,2016,-0.4609,-0.464,0.0031,0,county
51013,2016,0.5919,0.601,0.0091,0,county
51015,2016,-0.4949,-0.4922,0.0027,0,county
51017,2016,-0.4194,-0.4213,0.0019,0,county
51019,2016,-0.4913,-0.4941,0.0028,0,county
51021,2016,-0.6754,-0.6783,0.0029,0,county
51023,2016,-0.4739,-0.4762,0.0023,0,county
51025,2016,0.1871,0.1868,0.0003,0,county
51027,2016,-0.6029,-0.6042,0.0013,0,county
51029,2016,-0.1127,-0.1155,0.0028,0,county
51031,2016,-0.468,-0.4719,0.0039,0,county
51033,2016,-0.0481,-0.0506,0.0025,0,county
51035,2016,-0.5929,-0.5959,0.003,0,county
51036,2016,0.2484,0.2304,0.018,0,county
51037,2016,-0.228,-0.2289,0.0009,0,county
51041,2016,-0.0225,-0.0225,0.0,0,county
51043,2016,-0.196,-0.198,0.002,0,county
51045,2016,-0.5723,-0.574,0.0017,0,county
51047,2016,-0.2516,-0.2534,0.0018,0,county
51049,2016,-0.1347,-0.1356,0.0009,0,county
51051,2016,-0.5585,-0.5616,0.0031,0,county
51053,2016,-0.1239,-0.1243,0.0004,0,county
51057,2016,-0.0213,-0.0217,0.0004,0,county
51059,2016,0.3582,0.3622,0.004,0,county
51061,2016,-0.2444,-0.2465,0.0021,0,county
51063,2016,-0.3718,-0.3749,0.0031,0,county
51065,2016,-0.093,-0.0939,0.0009,0,county
51067,2016,-0.4194,-0.4218,0.0024,0,county
51069,2016,-0.3499,-0.3526,0.0027,0,county
51071,2016,-0.4822,-0.4857,0.0035,0,county
51073,2016,-0.3921,-0.3938,0.0017,0,county
51075,2016,-0.249,-0.2505,0.0015,0,county
51077,2016,-0.5745,-0.5767,0.0022,0,county
51079,2016,-0.3144,-0.3178,0.0034,0,county
51081,2016,0.1882,0.1882,0.0,0,county
51083,2016,-0.1651,-0.1657,0.0006,0,county
51085,2016,-0.3227,-0.3247,0.002,0,county
51087,2016,0.2082,0.2096,0.0014,0,county
51089,2016,-0.2908,-0.2916,0.0008,0,county
51091,2016,-0.422,-0.422,0.0,0,county
51093,2016,-0.2051,-0.2099,0.0048,0,county
51095,2016,-0.051,-0.0513,0.0003,0,county
51097,2016,-0.1707,-0.1682,0.0025,0,county
51099,2016,-0.2765,-0.2788,0.0023,0,county
51101,2016,-0.3509,-0.3533,0.0024,0,county
51103,2016,-0.0984,-0.0997,0.0013,0,county
51105,2016,-0.6294,-0.6324,0.003,0,county
51107,2016,0.1685,0.168,0.0005,0,county
51109,2016,-0.2448,-0.2456,0.0008,0,county
51111,2016,-0.1749,-0.1757,0.0008,0,county
51113,2016,-0.3175,-0.3196,0.0021,0,county
51115,2016,-0.3679,-0.3689,0.001,0,county
51117,2016,-0.134,-0.1128,0.0212,1,county
51119,2016,-0.2596,-0.2604,0.0008,0,county
51121,2016,0.0131,0.0131,0.0,0,county
51125,2016,-0.0559,-0.0574,0.0015,0,county
51127,2016,-0.3735,-0.3759,0.0024,0,county
51131,2016,0.0922,0.0928,0.0006,0,county
51133,2016,-0.196,-0.2763,0.0803,1,county
51135,2016,-0.1309,-0.1315,0.0006,0,county
51137,2016,-0.2643,-0.2655,0.0012,0,county
51139,2016,-0.4951,-0.498,0.0029,0,county
51141,2016,-0.5497,-0.552,0.0023,0,county
51143,2016,-0.391,-0.396,0.005,0,county
51145,2016,-0.463,-0.4655,0.0025,0,county
51147,2016,0.0536,0.0539,0.0003,0,county
51149,2016,-0.1692,-0.1696,0.0004,0,county
51153,2016,0.2108,0.2004,0.0104,0,county
51155,2016,-0.4055,-0.4066,0.0011,0,county
51157,2016,-0.1767,-0.178,0.0013,0,county
51159,2016,-0.2365,-0.2372,0.0007,0,county
51161,2016,-0.2759,-0.2806,0.0047,0,county
51163,2016,-0.2938,-0.2962,0.0024,0,county
51165,2016,-0.4435,-0.4354,0.0081,0,county
51167,2016,-0.5872,-0.5894,0.0022,0,county
51169,2016,-0.66,-0.6627,0.0027,0,county
51171,2016,-0.43,-0.4332,0.0032,0,county
51173,2016,-0.5497,-0.5525,0.0028,0,county
51175,2016,-0.1622,-0.1623,0.0001,0,county
51177,2016,-0.1665,-0.1678,0.0013,0,county
51179,2016,-0.0904,-0.0912,0.0008,0,county
51181,2016,0.1071,0.0714,0.0357,1,county
51183,2016,0.1634,0.1626,0.0008,0,county
51185,2016,-0.661,-0.6632,0.0022,0,county
51187,2016,-0.3677,-0.3708,0.0031,0,county
51191,2016,-0.5326,-0.5351,0.0025,0,county
51193,2016,-0.0714,-0.0733,0.0019,0,county
51195,2016,-0.6189,-0.6201,0.0012,0,county
51197,2016,-0.5453,-0.5494,0.0041,0,county
51199,2016,-0.1711,-0.1713,0.0002,0,county
51510,2016,0.5801,0.5903,0.0102,0,county
51520,2016,-0.4347,-0.4381,0.0034,0,county
51530,2016,-0.3062,-0.3086,0.0024,0,county
51540,2016,0.6649,0.6715,0.0066,0,county
51550,2016,-0.0126,-0.0128,0.0002,0,county
51570,2016,-0.3919,-0.3933,0.0014,0,county
51580,2016,-0.1826,-0.1836,0.001,0,county
51590,2016,0.1982,0.1985,0.0003,0,county
51595,2016,0.3131,0.3122,0.0009,0,county
51600,2016,0.3047,0.3094,0.0047,0,county
51610,2016,0.5795,0.5852,0.0057,0,county
51620,2016,0.2698,0.271,0.0012,0,county
51630,2016,0.2631,0.2657,0.0026,0,county
51640,2016,-0.388,-0.3906,0.0026,0,county
51650,2016,0.3754,0.3778,0.0024,0,county
51660,2016,0.2195,0.2186,0.0009,0,county
51670,2016,0.0931,0.0933,0.0002,0,county
51678,2016,0.3034,0.3056,0.0022,0,county
51680,2016,-0.0894,-0.0903,0.0009,0,county
51683,2016,0.1603,0.1618,0.0015,0,county
51685,2016,0.2812,0.285,0.0038,0,county
51690,2016,0.2343,0.2353,0.001,0,county
51700,2016,0.2661,0.2535,0.0126,0,county
51710,2016,0.4254,0.4198,0.0056,0,county
51720,2016,-0.437,-0.4382,0.0012,0,county
51730,2016,0.7667,0.7696,0.0029,0,county
51735,2016,-0.4864,-0.4906,0.0042,0,county
51740,2016,0.3629,0.3649,0.002,0,county
51750,2016,0.0472,0.0474,0.0002,0,county
51760,2016,0.6347,0.6375,0.0028,0,county
51770,2016,0.19,0.1763,0.0137,0,county
51775,2016,-0.2474,-0.2484,0.001,0,county
51790,2016,0.0178,0.0179,0.0001,0,county
51800,2016,0.122,0.1385,0.0165,0,county
51810,2016,-0.0354,-0.0445,0.0091,0,county
51820,2016,-0.1127,-0.1137,0.001,0,county
51830,2016,0.4302,0.4351,0.0049,0,county
51840,2016,0.0351,0.0355,0.0004,0,county
53001,2016,-0.3842,-0.3975,0.0133,0,county
53003,2016,-0.2678,-0.2679,0.0001,0,county
53005,2016,-0.2603,-0.2655,0.0052,0,county
53007,2016,-0.1522,-0.1568,0.0046,0,county
53009,2016,-0.0283,-0.0161,0.0122,0,county
53011,2016,0.0016,0.0005,0.0011,0,county
53013,2016,-0.445,-0.4459,0.0009,0,county
53015,2016,-0.1374,-0.1368,0.0006,0,county
53017,2016,-0.3014,-0.3146,0.0132,0,county
53019,2016,-0.3066,-0.3053,0.0013,0,county
53021,2016,-0.1821,-0.171,0.0111,0,county
53023,2016,-0.4591,-0.4586,0.0005,0,county
53025,2016,-0.3778,-0.3791,0.0013,0,county
53027,2016,-0.0722,-0.0707,0.0015,0,county
53029,2016,0.0582,0.0591,0.0009,0,county
53031,2016,0.3264,0.3269,0.0005,0,county
53033,2016,0.5027,0.5043,0.0016,0,county
53035,2016,0.1137,0.1163,0.0026,0,county
53037,2016,-0.1377,-0.1448,0.0071,0,county
53039,2016,-0.1481,-0.1632,0.0151,0,county
53041,2016,-0.3613,-0.3616,0.0003,0,county
53043,2016,-0.5013,-0.5019,0.0006,0,county
53045,2016,-0.06,-0.06,0.0,0,county
53047,2016,-0.1938,-0.2134,0.0196,0,county
53049,2016,-0.0691,-0.0695,0.0004,0,county
53051,2016,-0.3586,-0.3583,0.0003,0,county
53053,2016,0.0738,0.0752,0.0014,0,county
53055,2016,0.4162,0.4157,0.0005,0,county
53057,2016,0.0349,0.0318,0.0031,0,county
53059,2016,-0.1234,-0.1258,0.0024,0,county
53061,2016,0.1665,0.1664,0.0001,0,county
53063,2016,-0.0865,-0.0829,0.0036,0,county
53065,2016,-0.4143,-0.4083,0.006,0,county
53067,2016,0.1559,0.1537,0.0022,0,county
53069,2016,-0.2171,-0.216,0.0011,0,county
53071,2016,-0.1557,-0.1636,0.0079,0,county
53073,2016,0.18,0.177,0.003,0,county
53075,2016,0.0429,0.0049,0.038,1,county
53077,2016,-0.1343,-0.1536,0.0193,0,county
54001,2016,-0.5459,-0.5471,0.0012,0,county
54003,2016,-0.3716,-0.3723,0.0007,0,county
54005,2016,-0.5429,-0.5431,0.0002,0,county
54007,2016,-0.4354,-0.4347,0.0007,0,county
54009,2016,-0.422,-0.4219,0.0001,0,county
54011,2016,-0.254,-0.2551,0.0011,0,county
54013,2016,-0.6034,-0.6018,0.0016,0,county
54015,2016,-0.5828,-0.5825,0.0003,0,county
54017,2016,-0.7028,-0.7031,0.0003,0,county
54019,2016,-0.3956,-0.3962,0.0006,0,county
54021,2016,-0.5313,-0.5348,0.0035,0,county
54023,2016,-0.7736,-0.7741,0.0005,0,county
54025,2016,-0.4117,-0.4116,0.0001,0,county
54027,2016,-0.5939,-0.5925,0.0014,0,county
54029,2016,-0.4446,-0.4448,0.0002,0,county
54031,2016,-0.5527,-0.5472,0.0055,0,county
54033,2016,-0.3954,-0.3951,0.0003,0,county
54035,2016,-0.5216,-0.5212,0.0004,0,county
54037,2016,-0.1526,-0.1535,0.0009,0,county
54039,2016,-0.2059,-0.2064,0.0005,0,county
54041,2016,-0.5668,-0.5678,0.001,0,county
54043,2016,-0.5446,-0.5469,0.0023,0,county
54045,2016,-0.6315,-0.6321,0.0006,0,county
54047,2016,-0.5144,-0.5155,0.0011,0,county
54049,2016,-0.3345,-0.3346,0.0001,0,county
54051,2016,-0.5106,-0.5099,0.0007,0,county
54053,2016,-0.5471,-0.5465,0.0006,0,county
54055,2016,-0.5526,-0.5529,0.0003,0,county
54057,2016,-0.6071,-0.6081,0.001,0,county
54059,2016,-0.6878,-0.6876,0.0002,0,county
54061,2016,-0.1036,-0.1038,0.0002,0,county
54063,2016,-0.574,-0.5728,0.0012,0,county
54065,2016,-0.5434,-0.5435,0.0001,0,county
54067,2016,-0.5701,-0.5698,0.0003,0,county
54069,2016,-0.3148,-0.3157,0.0009,0,county
54071,2016,-0.5175,-0.5174,0.0001,0,county
54073,2016,-0.5514,-0.5502,0.0012,0,county
54075,2016,-0.4301,-0.4283,0.0018,0,county
54077,2016,-0.5583,-0.5582,0.0001,0,county
54079,2016,-0.4782,-0.4775,0.0007,0,county
54081,2016,-0.5269,-0.5279,0.001,0,county
54083,2016,-0.45,-0.4492,0.0008,0,county
54085,2016,-0.7139,-0.7144,0.0005,0,county
54087,2016,-0.4877,-0.4876,0.0001,0,county
54089,2016,-0.4659,-0.4659,0.0,0,county
54091,2016,-0.4959,-0.4952,0.0007,0,county
54093,2016,-0.522,-0.5217,0.0003,0,county
54095,2016,-0.6812,-0.6799,0.0013,0,county
54097,2016,-0.5683,-0.5673,0.001,0,county
54099,2016,-0.5134,-0.5135,0.0001,0,county
54101,2016,-0.5863,-0.5854,0.0009,0,county
54103,2016,-0.5044,-0.5028,0.0016,0,county
54105,2016,-0.6296,-0.6307,0.0011,0,county
54107,2016,-0.4783,-0.4777,0.0006,0,county
54109,2016,-0.7004,-0.7,0.0004,0,county
55001,2016,-0.2177,-0.218,0.0003,0,county
55003,2016,0.1153,0.0893,0.026,1,county
55005,2016,-0.2529,-0.2538,0.0009,0,county
55007,2016,0.087,0.0872,0.0002,0,county
55009,2016,-0.1073,-0.1085,0.0012,0,county
55011,2016,-0.2172,-0.2193,0.0021,0,county
55013,2016,-0.2818,-0.2826,0.0008,0,county
55015,2016,-0.214,-0.2161,0.0021,0,county
55017,2016,-0.1908,-0.1918,0.001,0,county
55019,2016,-0.325,-0.3262,0.0012,0,county
55021,2016,-0.0213,-0.0217,0.0004,0,county
55023,2016,-0.0541,-0.0544,0.0003,0,county
55025,2016,0.4717,0.4799,0.0082,0,county
55027,2016,-0.2943,-0.296,0.0017,0,county
55029,2016,-0.0317,-0.0321,0.0004,0,county
55031,2016,0.0749,0.076,0.0011,0,county
55033,2016,-0.1114,-0.1118,0.0004,0,county
55035,2016,0.0726,0.0734,0.0008,0,county
55037,2016,-0.4633,-0.4644,0.0011,0,county
55039,2016,-0.266,-0.2672,0.0012,0,county
55041,2016,-0.2652,-0.2671,0.0019,0,county
55043,2016,-0.0947,-0.0956,0.0009,0,county
55045,2016,0.0226,0.0228,0.0002,0,county
55047,2016,-0.3741,-0.3768,0.0027,0,county
55049,2016,0.1517,0.1534,0.0017,0,county
55051,2016,-0.2336,-0.235,0.0014,0,county
55053,2016,-0.1171,-0.118,0.0009,0,county
55055,2016,-0.1587,-0.1618,0.0031,0,county
55057,2016,-0.26,-0.2631,0.0031,0,county
55059,2016,-0.0033,-0.0034,0.0001,0,county
55061,2016,-0.2782,-0.2786,0.0004,0,county
55063,2016,0.0956,0.0959,0.0003,0,county
55065,2016,-0.0899,-0.0906,0.0007,0,county
55067,2016,-0.3135,-0.3147,0.0012,0,county
55069,2016,-0.206,-0.2081,0.0021,0,county
55071,2016,-0.2153,-0.2168,0.0015,0,county
55073,2016,-0.1803,-0.1821,0.0018,0,county
55075,2016,-0.3368,-0.338,0.0012,0,county
55077,2016,-0.2414,-0.2437,0.0023,0,county
55078,2016,0.5739,0.5739,0.0,0,county
55079,2016,0.3701,0.3745,0.0044,0,county
55081,2016,-0.2188,-0.2248,0.006,0,county
55083,2016,-0.3689,-0.3699,0.001,0,county
55085,2016,-0.1869,-0.1715,0.0154,0,county
55087,2016,-0.1257,-0.1262,0.0005,0,county
55089,2016,-0.1882,-0.1928,0.0046,0,county
55091,2016,-0.2303,-0.2357,0.0054,0,county
55093,2016,-0.1357,-0.1366,0.0009,0,county
55095,2016,-0.2745,-0.2775,0.003,0,county
55097,2016,0.0316,0.0318,0.0002,0,county
55099,2016,-0.2498,-0.2501,0.0003,0,county
55101,2016,-0.0435,-0.0439,0.0004,0,county
55103,2016,-0.0554,-0.0558,0.0004,0,county
55105,2016,0.1033,0.1046,0.0013,0,county
55107,2016,-0.3377,-0.3404,0.0027,0,county
55109,2016,-0.1838,-0.1843,0.0005,0,county
55111,2016,-0.0032,-0.0032,0.0,0,county
55113,2016,-0.1843,-0.229,0.0447,1,county
55115,2016,-0.3385,-0.3394,0.0009,0,county
55117,2016,-0.1593,-0.167,0.0077,0,county
55119,2016,-0.4419,-0.445,0.0031,0,county
55121,2016,-0.1264,-0.127,0.0006,0,county
55123,2016,-0.0453,-0.0453,0.0,0,county
55125,2016,-0.2497,-0.2527,0.003,0,county
55127,2016,-0.1977,-0.2006,0.0029,0,county
55129,2016,-0.2317,-0.2341,0.0024,0,county
55131,2016,-0.3958,-0.4049,0.0091,0,county
55133,2016,-0.2649,-0.2714,0.0065,0,county
55135,2016,-0.2978,-0.3025,0.0047,0,county
55137,2016,-0.3231,-0.3233,0.0002,0,county
55139,2016,-0.0734,-0.0744,0.001,0,county
55141,2016,-0.1924,-0.1928,0.0004,0,county
56001,2016,-0.0417,-0.0434,0.0017,0,county
56003,2016,-0.6513,-0.6838,0.0325,1,county
56005,2016,-0.7942,-0.8059,0.0117,0,county
56007,2016,-0.4911,-0.5048,0.0137,0,county
56009,2016,-0.7292,-0.7405,0.0113,0,county
56011,2016,-0.8037,-0.8157,0.012,0,county
56013,2016,-0.4093,-0.4211,0.0118,0,county
56015,2016,-0.6028,-0.6121,0.0093,0,county
56017,2016,-0.5951,-0.6071,0.012,0,county
56019,2016,-0.6427,-0.6528,0.0101,0,county
56021,2016,-0.324,-0.3323,0.0083,0,county
56023,2016,-0.6393,-0.6756,0.0363,1,county
56025,2016,-0.509,-0.5217,0.0127,0,county
56027,2016,-0.7618,-0.7718,0.01,0,county
56029,2016,-0.5684,-0.5863,0.0179,0,county
56031,2016,-0.6001,-0.6094,0.0093,0,county
56033,2016,-0.5058,-0.5174,0.0116,0,county
56035,2016,-0.6298,-0.6435,0.0137,0,county
56037,2016,-0.5209,-0.5354,0.0145,0,county
56039,2016,0.2687,0.2787,0.01,0,county
56041,2016,-0.5847,-0.6149,0.0302,1,county
56043,2016,-0.6238,-0.6404,0.0166,0,county
56045,2016,-0.7754,-0.781,0.0056,0,county
01001,2020,-0.4442,-0.4442,0.0,0,county
01003,2020,-0.5376,-0.5376,0.0,0,county
01005,2020,-0.0766,-0.0766,0.0,0,county
01007,2020,-0.5773,-0.5773,0.0,0,county
01009,2020,-0.8,-0.8,0.0,0,county
01011,2020,0.4986,0.4986,0.0,0,county
01013,2020,-0.1574,-0.1574,0.0,0,county
01015,2020,-0.39,-0.39,0.0,0,county
01017,2020,-0.1562,-0.1562,0.0,0,county
01019,2020,-0.7283,-0.7283,0.0,0,county
01021,2020,-0.6738,-0.6738,0.0,0,county
01023,2020,-0.1566,-0.1566,0.0,0,county
01025,2020,-0.1195,-0.1195,0.0,0,county
01027,2020,-0.6254,-0.6254,0.0,0,county
01029,2020,-0.8038,-0.8038,0.0,0,county
01031,2020,-0.5308,-0.5308,0.0,0,county
01033,2020,-0.3894,-0.3894,0.0,0,county
01035,2020,-0.0739,-0.0739,0.0,0,county
01037,2020,-0.3349,-0.3349,0.0,0,county
01039,2020,-0.6807,-0.6807,0.0,0,county
01041,2020,-0.4782,-0.4782,0.0,0,county
01043,2020,-0.7742,-0.7742,0.0,0,county
01045,2020,-0.4627,-0.4627,0.0,0,county
01047,2020,0.3754,0.3754,0.0,0,county
01049,2020,-0.6978,-0.6978,0.0,0,county
01051,2020,-0.4825,-0.4825,0.0,0,county
01053,2020,-0.374,-0.374,0.0,0,county
01055,2020,-0.502,-0.502,0.0,0,county
01057,2020,-0.6736,-0.6736,0.0,0,county
01059,2020,-0.6591,-0.6591,0.0,0,county
01061,2020,-0.7376,-0.7376,0.0,0,county
01063,2020,0.6302,0.6302,0.0,0,county
01065,2020,0.1862,0.189,0.0028,0,county
01067,2020,-0.4303,-0.4303,0.0,0,county
01069,2020,-0.4267,-0.4267,0.0,0,county
01071,2020,-0.6749,-0.6749,0.0,0,county
01073,2020,0.1315,0.1315,0.0,0,county
01075,2020,-0.7224,-0.7224,0.0,0,county
01077,2020,-0.4467,-0.4467,0.0,0,county
01079,2020,-0.5464,-0.5464,0.0,0,county
01081,2020,-0.201,-0.201,0.0,0,county
01083,2020,-0.4259,-0.4259,0.0,0,county
01085,2020,0.4588,0.4588,0.0,0,county
01087,2020,0.6382,0.6382,0.0,0,county
01089,2020,-0.0796,-0.0796,0.0,0,county
01091,2020,0.0133,0.0133,0.0,0,county
01093,2020,-0.778,-0.778,0.0,0,county
01095,2020,-0.6871,-0.6871,0.0,0,county
01097,2020,-0.1188,-0.1188,0.0,0,county
01099,2020,-0.1586,-0.1586,0.0,0,county
01101,2020,0.3149,0.3149,0.0,0,county
01103,2020,-0.492,-0.492,0.0,0,county
01105,2020,0.482,0.482,0.0,0,county
01107,2020,-0.1626,-0.1626,0.0,0,county
01109,2020,-0.1738,-0.1738,0.0,0,county
01111,2020,-0.5865,-0.5865,0.0,0,county
01113,2020,0.064,0.064,0.0,0,county
01115,2020,-0.6395,-0.6395,0.0,0,county
01117,2020,-0.4039,-0.4039,0.0,0,county
01119,2020,0.4848,0.4848,0.0,0,county
01121,2020,-0.2551,-0.2551,0.0,0,county
01123,2020,-0.4337,-0.4337,0.0,0,county
01125,2020,-0.1481,-0.1481,0.0,0,county
01127,2020,-0.6791,-0.6791,0.0,0,county
01129,2020,-0.4851,-0.4851,0.0,0,county
01131,2020,0.3752,0.3752,0.0,0,county
01133,2020,-0.8172,-0.8172,0.0,0,county
04001,2020,0.3369,0.3368,0.0001,0,county
04003,2020,-0.1956,-0.1955,0.0001,0,county
04005,2020,0.2408,0.2406,0.0002,0,county
04007,2020,-0.341,-0.3408,0.0002,0,county
04009,2020,-0.4478,-0.4478,0.0,0,county
04011,2020,-0.3395,-0.3392,0.0003,0,county
04012,2020,-0.3879,-0.3878,0.0001,0,county
04013,2020,0.0218,0.0218,0.0,0,county
04015,2020,-0.5131,-0.5129,0.0002,0,county
04017,2020,-0.0826,-0.0825,0.0001,0,county
04019,2020,0.1868,0.1867,0.0001,0,county
04021,2020,-0.1728,-0.1728,0.0,0,county
04023,2020,0.3551,0.355,0.0001,0,county
04025,2020,-0.2927,-0.2926,0.0001,0,county
04027,2020,-0.0619,-0.0618,0.0001,0,county
05001,2020,-0.3951,-0.3951,0.0,0,county
05003,2020,-0.4319,-0.4319,0.0,0,county
05005,2020,-0.5332,-0.5332,0.0,0,county
05007,2020,-0.2645,-0.2645,0.0,0,county
05009,2020,-0.6187,-0.6187,0.0,0,county
05011,2020,-0.3068,-0.3068,0.0,0,county
05013,2020,-0.5302,-0.5302,0.0,0,county
05015,2020,-0.2883,-0.2883,0.0,0,county
05017,2020,0.1238,0.1238,0.0,0,county
05019,2020,-0.1403,-0.1403,0.0,0,county
05021,2020,-0.6027,-0.6027,0.0,0,county
05023,2020,-0.6577,-0.6577,0.0,0,county
05025,2020,-0.6156,-0.6156,0.0,0,county
05027,2020,-0.3117,-0.3117,0.0,0,county
05029,2020,-0.3545,-0.3545,0.0,0,county
05031,2020,-0.3541,-0.3541,0.0,0,county
05033,2020,-0.5665,-0.5665,0.0,0,county
05035,2020,0.0722,0.0722,0.0,0,county
05037,2020,-0.4572,-0.4572,0.0,0,county
05039,2020,-0.2303,-0.2303,0.0,0,county
05041,2020,0.0228,0.0228,0.0,0,county
05043,2020,-0.2784,-0.2784,0.0,0,county
05045,2020,-0.2953,-0.2953,0.0,0,county
05047,2020,-0.614,-0.614,0.0,0,county
05049,2020,-0.5716,-0.5716,0.0,0,county
05051,2020,-0.3399,-0.3399,0.0,0,county
05053,2020,-0.6739,-0.6739,0.0,0,county
05055,2020,-0.597,-0.597,0.0,0,county
05057,2020,-0.3405,-0.3405,0.0,0,county
05059,2020,-0.4874,-0.4874,0.0,0,county
05061,2020,-0.4193,-0.4193,0.0,0,county
05063,2020,-0.5819,-0.5819,0.0,0,county
05065,2020,-0.6213,-0.6213,0.0,0,county
05067,2020,-0.4376,-0.4376,0.0,0,county
05069,2020,0.217,0.217,0.0,0,county
05071,2020,-0.4901,-0.4901,0.0,0,county
05073,2020,-0.3427,-0.3427,0.0,0,county
05075,2020,-0.5957,-0.5957,0.0,0,county
05077,2020,0.0481,0.0481,0.0,0,county
05079,2020,-0.4379,-0.4379,0.0,0,county
05081,2020,-0.4808,-0.4808,0.0,0,county
05083,2020,-0.5954,-0.5954,0.0,0,county
05085,2020,-0.5283,-0.5283,0.0,0,county
05087,2020,-0.5571,-0.5571,0.0,0,county
05089,2020,-0.5667,-0.5667,0.0,0,county
05091,2020,-0.4643,-0.4643,0.0,0,county
05093,2020,-0.2218,-0.2218,0.0,0,county
05095,2020,-0.1413,-0.1413,0.0,0,county
05097,2020,-0.5977,-0.5977,0.0,0,county
05099,2020,-0.3148,-0.3148,0.0,0,county
05101,2020,-0.6211,-0.6211,0.0,0,county
05103,2020,-0.1349,-0.1349,0.0,0,county
05105,2020,-0.5332,-0.5332,0.0,0,county
05107,2020,0.1932,0.1932,0.0,0,county
05109,2020,-0.6771,-0.6771,0.0,0,county
05111,2020,-0.5975,-0.5975,0.0,0,county
05113,2020,-0.6819,-0.6819,0.0,0,county
05115,2020,-0.5038,-0.5038,0.0,0,county
05117,2020,-0.61,-0.61,0.0,0,county
05119,2020,0.2251,0.2251,0.0,0,county
05121,2020,-0.6078,-0.6078,0.0,0,county
05123,2020,0.0509,0.0509,0.0,0,county
05125,2020,-0.4125,-0.4125,0.0,0,county
05127,2020,-0.6981,-0.6981,0.0,0,county
05129,2020,-0.691,-0.691,0.0,0,county
05131,2020,-0.3545,-0.3545,0.0,0,county
05133,2020,-0.5321,-0.5321,0.0,0,county
05135,2020,-0.6001,-0.6001,0.0,0,county
05137,2020,-0.5786,-0.5786,0.0,0,county
05139,2020,-0.2947,-0.2947,0.0,0,county
05141,2020,-0.5688,-0.5688,0.0,0,county
05143,2020,-0.039,-0.039,0.0,0,county
05145,2020,-0.5894,-0.5894,0.0,0,county
05147,2020,-0.2775,-0.2775,0.0,0,county
05149,2020,-0.5848,-0.5848,0.0,0,county
06001,2020,0.6251,0.6252,0.0001,0,county
06003,2020,0.3131,0.3131,0.0,0,county
06005,2020,-0.2435,-0.2436,0.0001,0,county
06007,2020,0.0166,0.0166,0.0,0,county
06009,2020,-0.2383,-0.2383,0.0,0,county
06011,2020,-0.1658,-0.166,0.0002,0,county
06013,2020,0.4533,0.4534,0.0001,0,county
06015,2020,-0.1558,-0.1558,0.0,0,county
06017,2020,-0.088,-0.088,0.0,0,county
06019,2020,0.0783,0.0783,0.0,0,county
06021,2020,-0.2716,-0.2717,0.0001,0,county
06023,2020,0.3341,0.3341,0.0,0,county
06025,2020,0.2437,0.2439,0.0002,0,county
06027,2020,0.0015,0.0015,0.0,0,county
06029,2020,-0.1019,-0.102,0.0001,0,county
06031,2020,-0.1225,-0.1225,0.0,0,county
06033,2020,0.0631,0.0631,0.0,0,county
06035,2020,-0.5148,-0.5149,0.0001,0,county
06037,2020,0.4416,0.4417,0.0001,0,county
06039,2020,-0.1156,-0.1156,0.0,0,county
06041,2020,0.6653,0.6654,0.0001,0,county
06043,2020,-0.1811,-0.1811,0.0,0,county
06045,2020,0.358,0.358,0.0,0,county
06047,2020,0.1059,0.106,0.0001,0,county
06049,2020,-0.4511,-0.4516,0.0005,0,county
06051,2020,0.2226,0.2227,0.0001,0,county
06053,2020,0.4127,0.4128,0.0001,0,county
06055,2020,0.4039,0.4041,0.0002,0,county
06057,2020,0.148,0.148,0.0,0,county
06059,2020,0.0903,0.0904,0.0001,0,county
06061,2020,-0.0664,-0.0665,0.0001,0,county
06063,2020,-0.1673,-0.1674,0.0001,0,county
06065,2020,0.0794,0.0795,0.0001,0,county
06067,2020,0.2525,0.2525,0.0,0,county
06069,2020,0.2441,0.2442,0.0001,0,county
06071,2020,0.1065,0.1066,0.0001,0,county
06073,2020,0.2275,0.2276,0.0001,0,county
06075,2020,0.7254,0.7255,0.0001,0,county
06077,2020,0.1388,0.1388,0.0,0,county
06079,2020,0.1307,0.1307,0.0,0,county
06081,2020,0.5769,0.5769,0.0,0,county
06083,2020,0.3206,0.3207,0.0001,0,county
06085,2020,0.4741,0.4742,0.0001,0,county
06087,2020,0.6028,0.603,0.0002,0,county
06089,2020,-0.3313,-0.3314,0.0001,0,county
06091,2020,-0.2134,-0.2135,0.0001,0,county
06093,2020,-0.1575,-0.1577,0.0002,0,county
06095,2020,0.3028,0.3028,0.0,0,county
06097,2020,0.5147,0.5149,0.0002,0,county
06099,2020,0.0079,0.0079,0.0,0,county
06101,2020,-0.1643,-0.1644,0.0001,0,county
06103,2020,-0.3561,-0.3562,0.0001,0,county
06105,2020,-0.0538,-0.0539,0.0001,0,county
06107,2020,-0.0781,-0.0781,0.0,0,county
06109,2020,-0.1878,-0.1879,0.0001,0,county
06111,2020,0.2109,0.211,0.0001,0,county
06113,2020,0.4143,0.4144,0.0001,0,county
06115,2020,-0.2163,-0.2164,0.0001,0,county
08001,2020,0.1628,0.1628,0.0,0,county
08003,2020,-0.0069,-0.0069,0.0,0,county
08005,2020,0.2464,0.2464,0.0,0,county
08007,2020,-0.1587,-0.1587,0.0,0,county
08009,2020,-0.6966,-0.6966,0.0,0,county
08011,2020,-0.3391,-0.3391,0.0,0,county
08013,2020,0.5657,0.5657,0.0,0,county
08014,2020,0.2741,0.2741,0.0,0,county
08015,2020,0.0684,0.0684,0.0,0,county
08017,2020,-0.7588,-0.7588,0.0,0,county
08019,2020,0.1298,0.1298,0.0,0,county
08021,2020,-0.0755,-0.0755,0.0,0,county
08023,2020,0.2722,0.2722,0.0,0,county
08025,2020,-0.4766,-0.4766,0.0,0,county
08027,2020,-0.3747,-0.3748,0.0001,0,county
08029,2020,-0.3714,-0.3714,0.0,0,county
08031,2020,0.6137,0.6137,0.0,0,county
08033,2020,-0.5162,-0.5162,0.0,0,county
08035,2020,-0.0717,-0.0717,0.0,0,county
08037,2020,0.2984,0.2984,0.0,0,county
08039,2020,-0.5024,-0.5024,0.0,0,county
08041,2020,-0.1079,-0.1079,0.0,0,county
08043,2020,-0.3971,-0.3971,0.0,0,county
08045,2020,0.023,0.023,0.0,0,county
08047,2020,0.0932,0.0932,0.0,0,county
08049,2020,-0.0175,-0.0175,0.0,0,county
08051,2020,0.3036,0.3036,0.0,0,county
08053,2020,-0.1551,-0.1551,0.0,0,county
08055,2020,-0.0288,-0.0288,0.0,0,county
08057,2020,-0.5776,-0.5776,0.0,0,county
08059,2020,0.1854,0.1854,0.0,0,county
08061,2020,-0.7719,-0.7719,0.0,0,county
08063,2020,-0.6412,-0.6412,0.0,0,county
08065,2020,0.2035,0.2035,0.0,0,county
08067,2020,0.1771,0.1771,0.0,0,county
08069,2020,0.1544,0.1544,0.0,0,county
08071,2020,-0.0989,-0.0989,0.0,0,county
08073,2020,-0.6281,-0.6281,0.0,0,county
08075,2020,-0.5573,-0.5573,0.0,0,county
08077,2020,-0.2798,-0.2798,0.0,0,county
08079,2020,-0.1455,-0.1455,0.0,0,county
08081,2020,-0.6358,-0.6358,0.0,0,county
08083,2020,-0.2239,-0.2239,0.0,0,county
08085,2020,-0.3645,-0.3645,0.0,0,county
08087,2020,-0.416,-0.416,0.0,0,county
08089,2020,-0.2246,-0.2246,0.0,0,county
08091,2020,0.196,0.196,0.0,0,county
08093,2020,-0.1699,-0.1699,0.0,0,county
08095,2020,-0.5924,-0.5924,0.0,0,county
08097,2020,0.5193,0.5193,0.0,0,county
08099,2020,-0.4586,-0.4586,0.0,0,county
08101,2020,0.0172,0.0172,0.0,0,county
08103,2020,-0.6773,-0.6773,0.0,0,county
08105,2020,-0.1848,-0.1848,0.0,0,county
08107,2020,0.276,0.276,0.0,0,county
08109,2020,0.139,0.139,0.0,0,county
08111,2020,0.2491,0.2487,0.0004,0,county
08113,2020,0.5417,0.5417,0.0,0,county
08115,2020,-0.5671,-0.5671,0.0,0,county
08117,2020,0.3955,0.3955,0.0,0,county
08119,2020,-0.352,-0.352,0.0,0,county
08121,2020,-0.74,-0.74,0.0,0,county
08123,2020,-0.1802,-0.1802,0.0,0,county
08125,2020,-0.6669,-0.6669,0.0,0,county
10001,2020,0.0407,0.0407,0.0,0,county
10003,2020,0.3709,0.3709,0.0,0,county
10005,2020,-0.1125,-0.1125,0.0,0,county
11001,2020,0.8675,0.8675,0.0,0,county
12001,2020,0.2716,0.2716,0.0,0,county
12003,2020,-0.7023,-0.7023,0.0,0,county
12005,2020,-0.4352,-0.4352,0.0,0,county
12007,2020,-0.5263,-0.5263,0.0,0,county
12009,2020,-0.1645,-0.1645,0.0,0,county
12011,2020,0.298,0.298,0.0,0,county
12013,2020,-0.6229,-0.6229,0.0,0,county
12015,2020,-0.2662,-0.2662,0.0,0,county
12017,2020,-0.4105,-0.4105,0.0,0,county
12019,2020,-0.3711,-0.3711,0.0,0,county
12021,2020,-0.247,-0.247,0.0,0,county
12023,2020,-0.4516,-0.4516,0.0,0,county
12027,2020,-0.3202,-0.3202,0.0,0,county
12029,2020,-0.6605,-0.6605,0.0,0,county
12031,2020,0.0381,0.0381,0.0,0,county
12033,2020,-0.1511,-0.1511,0.0,0,county
12035,2020,-0.2075,-0.2075,0.0,0,county
12037,2020,-0.373,-0.373,0.0,0,county
12039,2020,0.3656,0.3656,0.0,0,county
12041,2020,-0.6396,-0.6396,0.0,0,county
12043,2020,-0.4616,-0.4616,0.0,0,county
12045,2020,-0.5057,-0.5057,0.0,0,county
12047,2020,-0.3177,-0.3177,0.0,0,county
12049,2020,-0.4507,-0.4507,0.0,0,county
12051,2020,-0.2301,-0.2301,0.0,0,county
12053,2020,-0.302,-0.302,0.0,0,county
12055,2020,-0.3438,-0.3438,0.0,0,county
12057,2020,0.0688,0.0688,0.0,0,county
12059,2020,-0.7891,-0.7891,0.0,0,county
12061,2020,-0.2157,-0.2157,0.0,0,county
12063,2020,-0.389,-0.389,0.0,0,county
12065,2020,-0.0689,-0.0689,0.0,0,county
12067,2020,-0.7157,-0.7157,0.0,0,county
12069,2020,-0.2004,-0.2004,0.0,0,county
12071,2020,-0.1918,-0.1918,0.0,0,county
12073,2020,0.2827,0.2827,0.0,0,county
12075,2020,-0.4556,-0.4556,0.0,0,county
12077,2020,-0.6043,-0.6043,0.0,0,county
12079,2020,-0.195,-0.195,0.0,0,county
12081,2020,-0.1605,-0.1605,0.0,0,county
12083,2020,-0.2592,-0.2592,0.0,0,county
12085,2020,-0.2459,-0.2459,0.0,0,county
12086,2020,0.0735,0.0735,0.0,0,county
12087,2020,-0.0794,-0.0794,0.0,0,county
12089,2020,-0.4591,-0.4591,0.0,0,county
12091,2020,-0.3914,-0.3914,0.0,0,county
12093,2020,-0.4438,-0.4438,0.0,0,county
12095,2020,0.2311,0.2311,0.0,0,county
12097,2020,0.1381,0.1381,0.0,0,county
12099,2020,0.1279,0.1279,0.0,0,county
12101,2020,-0.2005,-0.2005,0.0,0,county
12103,2020,0.0022,0.0022,0.0,0,county
12105,2020,-0.1443,-0.1443,0.0,0,county
12107,2020,-0.412,-0.412,0.0,0,county
12109,2020,-0.2666,-0.2666,0.0,0,county
12111,2020,-0.0156,-0.0156,0.0,0,county
12113,2020,-0.4655,-0.4655,0.0,0,county
12115,2020,-0.1044,-0.1044,0.0,0,county
12117,2020,0.0279,0.0279,0.0,0,county
12119,2020,-0.3614,-0.3614,0.0,0,county
12121,2020,-0.5663,-0.5663,0.0,0,county
12123,2020,-0.5384,-0.5384,0.0,0,county
12125,2020,-0.6533,-0.6533,0.0,0,county
12127,2020,-0.1407,-0.1407,0.0,0,county
12129,2020,-0.4088,-0.4088,0.0,0,county
12131,2020,-0.5172,-0.5172,0.0,0,county
12133,2020,-0.6108,-0.6108,0.0,0,county
13001,2020,-0.5691,-0.5704,0.0013,0,county
13003,2020,-0.4675,-0.4675,0.0,0,county
13005,2020,-0.7269,-0.7268,0.0001,0,county
13007,2020,-0.1576,-0.1576,0.0,0,county
13009,2020,0.013,0.013,0.0,0,county
13011,2020,-0.7798,-0.7798,0.0,0,county
13013,2020,-0.4312,-0.4312,0.0,0,county
13015,2020,-0.5069,-0.5069,0.0,0,county
13017,2020,-0.2619,-0.2617,0.0002,0,county
13019,2020,-0.6651,-0.6651,0.0,0,county
13021,2020,0.2385,0.2383,0.0002,0,county
13023,2020,-0.5287,-0.5286,0.0001,0,county
13025,2020,-0.8123,-0.8121,0.0002,0,county
13027,2020,-0.207,-0.207,0.0,0,county
13029,2020,-0.3517,-0.3516,0.0001,0,county
13031,2020,-0.2374,-0.2373,0.0001,0,county
13033,2020,-0.0179,-0.018,0.0001,0,county
13035,2020,-0.436,-0.436,0.0,0,county
13037,2020,0.1536,0.1547,0.0011,0,county
13039,2020,-0.3075,-0.3074,0.0001,0,county
13043,2020,-0.4207,-0.4207,0.0,0,county
13045,2020,-0.3899,-0.3899,0.0,0,county
13047,2020,-0.5595,-0.5595,0.0,0,county
13049,2020,-0.5072,-0.5066,0.0006,0,county
13051,2020,0.1875,0.1875,0.0,0,county
13053,2020,-0.1346,-0.1346,0.0,0,county
13055,2020,-0.6179,-0.6179,0.0,0,county
13057,2020,-0.3921,-0.3923,0.0002,0,county
13059,2020,0.4208,0.4208,0.0,0,county
13061,2020,0.1067,0.1073,0.0006,0,county
13063,2020,0.7091,0.7091,0.0,0,county
13065,2020,-0.4742,-0.4757,0.0015,0,county
13067,2020,0.1432,0.1433,0.0001,0,county
13069,2020,-0.3988,-0.3988,0.0,0,county
13071,2020,-0.4719,-0.4717,0.0002,0,county
13073,2020,-0.2578,-0.2579,0.0001,0,county
13075,2020,-0.4038,-0.4038,0.0,0,county
13077,2020,-0.3554,-0.3554,0.0,0,county
13079,2020,-0.461,-0.461,0.0,0,county
13081,2020,-0.2489,-0.2493,0.0004,0,county
13083,2020,-0.6464,-0.6464,0.0,0,county
13085,2020,-0.6786,-0.6786,0.0,0,county
13087,2020,-0.1701,-0.1697,0.0004,0,county
13089,2020,0.6738,0.6737,0.0001,0,county
13091,2020,-0.455,-0.4548,0.0002,0,county
13093,2020,-0.0604,-0.0604,0.0,0,county
13095,2020,0.4,0.4003,0.0003,0,county
13097,2020,0.2512,0.2512,0.0,0,county
13099,2020,-0.0549,-0.0501,0.0048,0,county
13101,2020,-0.7557,-0.7557,0.0,0,county
13103,2020,-0.4953,-0.4955,0.0002,0,county
13105,2020,-0.365,-0.365,0.0,0,county
13107,2020,-0.386,-0.3858,0.0002,0,county
13109,2020,-0.3683,-0.3683,0.0,0,county
13111,2020,-0.6463,-0.6464,0.0001,0,county
13113,2020,-0.0679,-0.068,0.0001,0,county
13115,2020,-0.4109,-0.4109,0.0,0,county
13117,2020,-0.3319,-0.3319,0.0,0,county
13119,2020,-0.6945,-0.6945,0.0,0,county
13121,2020,0.4649,0.4639,0.001,0,county
13123,2020,-0.6352,-0.6352,0.0,0,county
13125,2020,-0.7969,-0.7968,0.0001,0,county
13127,2020,-0.2319,-0.2319,0.0,0,county
13129,2020,-0.625,-0.625,0.0,0,county
13131,2020,-0.319,-0.319,0.0,0,county
13133,2020,-0.265,-0.2649,0.0001,0,county
13135,2020,0.1822,0.1826,0.0004,0,county
13137,2020,-0.6399,-0.64,0.0001,0,county
13139,2020,-0.4324,-0.4324,0.0,0,county
13141,2020,0.4384,0.4387,0.0003,0,county
13143,2020,-0.7397,-0.7398,0.0001,0,county
13145,2020,-0.4433,-0.4433,0.0,0,county
13147,2020,-0.4956,-0.4956,0.0,0,county
13149,2020,-0.6848,-0.685,0.0002,0,county
13151,2020,0.2044,0.2048,0.0004,0,county
13153,2020,-0.1243,-0.1243,0.0,0,county
13155,2020,-0.5101,-0.5101,0.0,0,county
13157,2020,-0.5802,-0.5802,0.0,0,county
13159,2020,-0.5313,-0.5313,0.0,0,county
13161,2020,-0.6354,-0.6354,0.0,0,county
13163,2020,0.0686,0.0682,0.0004,0,county
13165,2020,-0.259,-0.259,0.0,0,county
13167,2020,-0.3971,-0.3971,0.0,0,county
13169,2020,-0.3392,-0.3387,0.0005,0,county
13171,2020,-0.411,-0.4103,0.0007,0,county
13173,2020,-0.4167,-0.4167,0.0,0,county
13175,2020,-0.2825,-0.2824,0.0001,0,county
13177,2020,-0.4457,-0.4457,0.0,0,county
13179,2020,0.2403,0.2405,0.0002,0,county
13181,2020,-0.3751,-0.3751,0.0,0,county
13183,2020,-0.2643,-0.2637,0.0006,0,county
13185,2020,-0.1202,-0.1203,0.0001,0,county
13187,2020,-0.5819,-0.5819,0.0,0,county
13189,2020,-0.1914,-0.1914,0.0,0,county
13191,2020,-0.2097,-0.2097,0.0,0,county
13193,2020,0.2304,0.2305,0.0001,0,county
13195,2020,-0.5299,-0.5299,0.0,0,county
13197,2020,-0.266,-0.2657,0.0003,0,county
13199,2020,-0.2057,-0.2057,0.0,0,county
13201,2020,-0.4646,-0.4651,0.0005,0,county
13205,2020,-0.1049,-0.1051,0.0002,0,county
13207,2020,-0.4282,-0.428,0.0002,0,county
13209,2020,-0.4995,-0.4991,0.0004,0,county
13211,2020,-0.4164,-0.4167,0.0003,0,county
13213,2020,-0.6915,-0.6916,0.0001,0,county
13215,2020,0.2419,0.2402,0.0017,0,county
13217,2020,0.1092,0.1092,0.0,0,county
13219,2020,-0.3351,-0.3351,0.0,0,county
13221,2020,-0.3883,-0.3877,0.0006,0,county
13223,2020,-0.2907,-0.2908,0.0001,0,county
13225,2020,-0.0464,-0.0465,0.0001,0,county
13227,2020,-0.6583,-0.6574,0.0009,0,county
13229,2020,-0.7514,-0.7514,0.0,0,county
13231,2020,-0.711,-0.711,0.0,0,county
13233,2020,-0.5708,-0.5708,0.0,0,county
13235,2020,-0.3912,-0.3884,0.0028,0,county
13237,2020,-0.4085,-0.4085,0.0,0,county
13239,2020,-0.0967,-0.0967,0.0,0,county
13241,2020,-0.5738,-0.5738,0.0,0,county
13243,2020,0.0911,0.0914,0.0003,0,county
13245,2020,0.3717,0.3717,0.0,0,county
13247,2020,0.408,0.4078,0.0002,0,county
13249,2020,-0.5881,-0.5881,0.0,0,county
13251,2020,-0.1893,-0.1892,0.0001,0,county
13253,2020,-0.3494,-0.349,0.0004,0,county
13255,2020,-0.2083,-0.2077,0.0006,0,county
13257,2020,-0.5875,-0.5874,0.0001,0,county
13259,2020,0.1915,0.1915,0.0,0,county
13261,2020,0.0482,0.0478,0.0004,0,county
13263,2020,0.205,0.205,0.0,0,county
13265,2020,0.2166,0.2166,0.0,0,county
13267,2020,-0.4878,-0.4877,0.0001,0,county
13269,2020,-0.2686,-0.2686,0.0,0,county
13271,2020,-0.3088,-0.3085,0.0003,0,county
13273,2020,0.0842,0.0842,0.0,0,county
13275,2020,-0.1943,-0.1948,0.0005,0,county
13277,2020,-0.3354,-0.3358,0.0004,0,county
13279,2020,-0.452,-0.4522,0.0002,0,county
13281,2020,-0.6058,-0.6058,0.0,0,county
13283,2020,-0.3734,-0.3734,0.0,0,county
13285,2020,-0.2185,-0.2185,0.0,0,county
13287,2020,-0.2476,-0.248,0.0004,0,county
13289,2020,-0.0734,-0.0734,0.0,0,county
13291,2020,-0.633,-0.6331,0.0001,0,county
13293,2020,-0.3415,-0.3412,0.0003,0,county
13295,2020,-0.5929,-0.5929,0.0,0,county
13297,2020,-0.4924,-0.4924,0.0,0,county
13299,2020,-0.3984,-0.4041,0.0057,0,county
13301,2020,0.1143,0.114,0.0003,0,county
13303,2020,0.0071,0.0079,0.0008,0,county
13305,2020,-0.5713,-0.5712,0.0001,0,county
13307,2020,-0.0784,-0.0776,0.0008,0,county
13309,2020,-0.3912,-0.3912,0.0,0,county
13311,2020,-0.6622,-0.6622,0.0,0,county
13313,2020,-0.4073,-0.407,0.0003,0,county
13315,2020,-0.4697,-0.47,0.0003,0,county
13317,2020,-0.1318,-0.1318,0.0,0,county
13319,2020,-0.1235,-0.1239,0.0004,0,county
13321,2020,-0.4777,-0.4777,0.0,0,county
15001,2020,0.3625,0.3625,0.0,0,county
15003,2020,0.2686,0.2685,0.0001,0,county
15007,2020,0.2879,0.2879,0.0,0,county
15009,2020,0.3544,0.3544,0.0,0,county
16001,2020,-0.0392,-0.0392,0.0,0,county
16003,2020,-0.522,-0.522,0.0,0,county
16005,2020,-0.2187,-0.2187,0.0,0,county
16007,2020,-0.7735,-0.7735,0.0,0,county
16009,2020,-0.5834,-0.5834,0.0,0,county
16011,2020,-0.5587,-0.5559,0.0028,0,county
16013,2020,0.3677,0.3679,0.0002,0,county
16015,2020,-0.4732,-0.4732,0.0,0,county
16017,2020,-0.368,-0.3678,0.0002,0,county
16019,2020,-0.4362,-0.4362,0.0,0,county
16021,2020,-0.5888,-0.5888,0.0,0,county
16023,2020,-0.7166,-0.7166,0.0,0,county
16025,2020,-0.4748,-0.4748,0.0,0,county
16027,2020,-0.3968,-0.3967,0.0001,0,county
16029,2020,-0.7245,-0.7245,0.0,0,county
16031,2020,-0.6691,-0.6691,0.0,0,county
16033,2020,-0.717,-0.717,0.0,0,county
16035,2020,-0.5829,-0.5829,0.0,0,county
16037,2020,-0.5425,-0.5425,0.0,0,county
16039,2020,-0.4552,-0.4552,0.0,0,county
16041,2020,-0.7785,-0.7785,0.0,0,county
16043,2020,-0.6772,-0.6772,0.0,0,county
16045,2020,-0.6174,-0.6174,0.0,0,county
16047,2020,-0.5625,-0.5625,0.0,0,county
16049,2020,-0.6525,-0.6525,0.0,0,county
16051,2020,-0.7365,-0.7365,0.0,0,county
16053,2020,-0.4917,-0.4917,0.0,0,county
16055,2020,-0.4306,-0.4286,0.002,0,county
16057,2020,0.0371,0.0371,0.0,0,county
16059,2020,-0.5403,-0.5403,0.0,0,county
16061,2020,-0.6096,-0.6096,0.0,0,county
16063,2020,-0.5438,-0.5438,0.0,0,county
16065,2020,-0.6366,-0.6366,0.0,0,county
16067,2020,-0.5899,-0.5899,0.0,0,county
16069,2020,-0.3363,-0.3363,0.0,0,county
16071,2020,-0.7748,-0.7748,0.0,0,county
16073,2020,-0.6333,-0.6333,0.0,0,county
16075,2020,-0.5934,-0.5934,0.0,0,county
16077,2020,-0.407,-0.4054,0.0016,0,county
16079,2020,-0.4171,-0.4171,0.0,0,county
16081,2020,0.0725,0.0725,0.0,0,county
16083,2020,-0.4522,-0.45,0.0022,0,county
16085,2020,-0.1375,-0.1375,0.0,0,county
16087,2020,-0.5765,-0.5765,0.0,0,county
17001,2020,-0.4649,-0.4649,0.0,0,county
17003,2020,-0.1421,-0.1417,0.0004,0,county
17005,2020,-0.4097,-0.4097,0.0,0,county
17007,2020,-0.1338,-0.1338,0.0,0,county
17009,2020,-0.5732,-0.5723,0.0009,0,county
17011,2020,-0.2146,-0.2146,0.0,0,county
17013,2020,-0.4939,-0.4937,0.0002,0,county
17015,2020,-0.2937,-0.2937,0.0,0,county
17017,2020,-0.378,-0.3774,0.0006,0,county
17019,2020,0.2289,0.2279,0.001,0,county
17021,2020,-0.4461,-0.4461,0.0,0,county
17023,2020,-0.5066,-0.5066,0.0,0,county
17025,2020,-0.6535,-0.6523,0.0012,0,county
17027,2020,-0.5118,-0.5106,0.0012,0,county
17029,2020,-0.2641,-0.2641,0.0,0,county
17031,2020,0.503,0.503,0.0,0,county
17033,2020,-0.5136,-0.5128,0.0008,0,county
17035,2020,-0.5931,-0.5913,0.0018,0,county
17037,2020,0.0573,0.0571,0.0002,0,county
17039,2020,-0.4288,-0.4288,0.0,0,county
17041,2020,-0.4454,-0.4443,0.0011,0,county
17043,2020,0.1806,0.1806,0.0,0,county
17045,2020,-0.5254,-0.5254,0.0,0,county
17047,2020,-0.6967,-0.6963,0.0004,0,county
17049,2020,-0.5927,-0.5916,0.0011,0,county
17051,2020,-0.6194,-0.6182,0.0012,0,county
17053,2020,-0.4738,-0.4728,0.001,0,county
17055,2020,-0.4758,-0.4747,0.0011,0,county
17057,2020,-0.2017,-0.2011,0.0006,0,county
17059,2020,-0.5224,-0.5222,0.0002,0,county
17061,2020,-0.5494,-0.5494,0.0,0,county
17063,2020,-0.2584,-0.2578,0.0006,0,county
17065,2020,-0.6044,-0.6033,0.0011,0,county
17067,2020,-0.4893,-0.4893,0.0,0,county
17069,2020,-0.5745,-0.5745,0.0,0,county
17071,2020,-0.331,-0.3301,0.0009,0,county
17073,2020,-0.2147,-0.2141,0.0006,0,county
17075,2020,-0.5682,-0.5674,0.0008,0,county
17077,2020,0.0129,0.0128,0.0001,0,county
17079,2020,-0.6254,-0.6242,0.0012,0,county
17081,2020,-0.4521,-0.4513,0.0008,0,county
17083,2020,-0.4818,-0.4809,0.0009,0,county
17085,2020,-0.1646,-0.1646,0.0,0,county
17087,2020,-0.5869,-0.5857,0.0012,0,county
17089,2020,0.144,0.144,0.0,0,county
17091,2020,-0.1655,-0.1651,0.0004,0,county
17093,2020,0.0575,0.0573,0.0002,0,county
17095,2020,-0.0564,-0.0563,0.0001,0,county
17097,2020,0.2407,0.2407,0.0,0,county
17099,2020,-0.1431,-0.1429,0.0002,0,county
17101,2020,-0.5408,-0.5399,0.0009,0,county
17103,2020,-0.1966,-0.196,0.0006,0,county
17105,2020,-0.4421,-0.4421,0.0,0,county
17107,2020,-0.3984,-0.3984,0.0,0,county
17109,2020,-0.1656,-0.1656,0.0,0,county
17111,2020,-0.0251,-0.0249,0.0002,0,county
17113,2020,0.0394,0.0393,0.0001,0,county
17115,2020,-0.177,-0.177,0.0,0,county
17117,2020,-0.3658,-0.3651,0.0007,0,county
17119,2020,-0.1327,-0.1323,0.0004,0,county
17121,2020,-0.4671,-0.4662,0.0009,0,county
17123,2020,-0.3461,-0.3455,0.0006,0,county
17125,2020,-0.3945,-0.3945,0.0,0,county
17127,2020,-0.4803,-0.4799,0.0004,0,county
17129,2020,-0.3958,-0.3943,0.0015,0,county
17131,2020,-0.2404,-0.2398,0.0006,0,county
17133,2020,-0.3581,-0.3571,0.001,0,county
17135,2020,-0.4108,-0.4098,0.001,0,county
17137,2020,-0.3184,-0.3179,0.0005,0,county
17139,2020,-0.4896,-0.4896,0.0,0,county
17141,2020,-0.2596,-0.2589,0.0007,0,county
17143,2020,0.0634,0.0634,0.0,0,county
17145,2020,-0.4676,-0.4668,0.0008,0,county
17147,2020,-0.2972,-0.2963,0.0009,0,county
17149,2020,-0.6099,-0.6087,0.0012,0,county
17151,2020,-0.5926,-0.5926,0.0,0,county
17153,2020,-0.3079,-0.3071,0.0008,0,county
17155,2020,-0.1932,-0.1932,0.0,0,county
17157,2020,-0.5026,-0.5019,0.0007,0,county
17159,2020,-0.5282,-0.5282,0.0,0,county
17161,2020,0.1212,0.121,0.0002,0,county
17163,2020,0.0872,0.0872,0.0,0,county
17165,2020,-0.4802,-0.4792,0.001,0,county
17167,2020,-0.0436,-0.0436,0.0,0,county
17169,2020,-0.4365,-0.4352,0.0013,0,county
17171,2020,-0.5634,-0.5626,0.0008,0,county
17173,2020,-0.5722,-0.5722,0.0,0,county
17175,2020,-0.4124,-0.412,0.0004,0,county
17177,2020,-0.1572,-0.1572,0.0,0,county
17179,2020,-0.2562,-0.2562,0.0,0,county
17181,2020,-0.4031,-0.4023,0.0008,0,county
17183,2020,-0.3293,-0.3287,0.0006,0,county
17185,2020,-0.5335,-0.5322,0.0013,0,county
17187,2020,-0.2005,-0.2002,0.0003,0,county
17189,2020,-0.5662,-0.5648,0.0014,0,county
17191,2020,-0.7058,-0.7047,0.0011,0,county
17193,2020,-0.5759,-0.5752,0.0007,0,county
17195,2020,-0.0831,-0.0831,0.0,0,county
17197,2020,0.0834,0.0832,0.0002,0,county
17199,2020,-0.3743,-0.3734,0.0009,0,county
17201,2020,0.025,0.025,0.0,0,county
17203,2020,-0.4031,-0.4019,0.0012,0,county
18001,2020,-0.5243,-0.5243,0.0,0,county
18003,2020,-0.1117,-0.1117,0.0,0,county
18005,2020,-0.2615,-0.2615,0.0,0,county
18007,2020,-0.4857,-0.4857,0.0,0,county
18009,2020,-0.4607,-0.4607,0.0,0,county
18011,2020,-0.1845,-0.1845,0.0,0,county
18013,2020,-0.3052,-0.3052,0.0,0,county
18015,2020,-0.5121,-0.5121,0.0,0,county
18017,2020,-0.4111,-0.4111,0.0,0,county
18019,2020,-0.1827,-0.1827,0.0,0,county
18021,2020,-0.5663,-0.5663,0.0,0,county
18023,2020,-0.4613,-0.4613,0.0,0,county
18025,2020,-0.4304,-0.4304,0.0,0,county
18027,2020,-0.6196,-0.6196,0.0,0,county
18029,2020,-0.5548,-0.5548,0.0,0,county
18031,2020,-0.5808,-0.5808,0.0,0,county
18033,2020,-0.4723,-0.4723,0.0,0,county
18035,2020,-0.1318,-0.1318,0.0,0,county
18037,2020,-0.4015,-0.4015,0.0,0,county
18039,2020,-0.2805,-0.2805,0.0,0,county
18041,2020,-0.5444,-0.5444,0.0,0,county
18043,2020,-0.1409,-0.1409,0.0,0,county
18045,2020,-0.5666,-0.5666,0.0,0,county
18047,2020,-0.6295,-0.6295,0.0,0,county
18049,2020,-0.4826,-0.4826,0.0,0,county
18051,2020,-0.4823,-0.4823,0.0,0,county
18053,2020,-0.3876,-0.3876,0.0,0,county
18055,2020,-0.5218,-0.5218,0.0,0,county
18057,2020,-0.068,-0.068,0.0,0,county
18059,2020,-0.3752,-0.3752,0.0,0,county
18061,2020,-0.4557,-0.4557,0.0,0,county
18063,2020,-0.2395,-0.2395,0.0,0,county
18065,2020,-0.4517,-0.4517,0.0,0,county
18067,2020,-0.3236,-0.3236,0.0,0,county
18069,2020,-0.4987,-0.4987,0.0,0,county
18071,2020,-0.533,-0.533,0.0,0,county
18073,2020,-0.4901,-0.4901,0.0,0,county
18075,2020,-0.5242,-0.5242,0.0,0,county
18077,2020,-0.3356,-0.3356,0.0,0,county
18079,2020,-0.5687,-0.5687,0.0,0,county
18081,2020,-0.3412,-0.3412,0.0,0,county
18083,2020,-0.4739,-0.4739,0.0,0,county
18085,2020,-0.5067,-0.5067,0.0,0,county
18087,2020,-0.5412,-0.5412,0.0,0,county
18089,2020,0.1505,0.1505,0.0,0,county
18091,2020,-0.0723,-0.0723,0.0,0,county
18093,2020,-0.5061,-0.5061,0.0,0,county
18095,2020,-0.2257,-0.2257,0.0,0,county
18097,2020,0.2916,0.2916,0.0,0,county
18099,2020,-0.4081,-0.4081,0.0,0,county
18101,2020,-0.5867,-0.5867,0.0,0,county
18103,2020,-0.5313,-0.5313,0.0,0,county
18105,2020,0.2817,0.2817,0.0,0,county
18107,2020,-0.4911,-0.4911,0.0,0,county
18109,2020,-0.5457,-0.5457,0.0,0,county
18111,2020,-0.5209,-0.5209,0.0,0,county
18113,2020,-0.4969,-0.4969,0.0,0,county
18115,2020,-0.4507,-0.519,0.0683,1,county
18117,2020,-0.4764,-0.4764,0.0,0,county
18119,2020,-0.4913,-0.4913,0.0,0,county
18121,2020,-0.5557,-0.5556,0.0001,0,county
18123,2020,-0.2456,-0.2456,0.0,0,county
18125,2020,-0.5268,-0.5268,0.0,0,county
18127,2020,-0.0608,-0.0608,0.0,0,county
18129,2020,-0.4076,-0.4076,0.0,0,county
18131,2020,-0.4793,-0.4793,0.0,0,county
18133,2020,-0.502,-0.502,0.0,0,county
18135,2020,-0.5238,-0.5238,0.0,0,county
18137,2020,-0.5947,-0.5947,0.0,0,county
18139,2020,-0.5397,-0.5397,0.0,0,county
18141,2020,0.0584,0.0584,0.0,0,county
18143,2020,-0.4554,-0.4557,0.0003,0,county
18145,2020,-0.4775,-0.4775,0.0,0,county
18147,2020,-0.3848,-0.3848,0.0,0,county
18149,2020,-0.468,-0.468,0.0,0,county
18151,2020,-0.4216,-0.4216,0.0,0,county
18153,2020,-0.5046,-0.5046,0.0,0,county
18155,2020,-0.5221,-0.5221,0.0,0,county
18157,2020,0.0061,0.0061,0.0,0,county
18159,2020,-0.5269,-0.5269,0.0,0,county
18161,2020,-0.5604,-0.5604,0.0,0,county
18163,2020,-0.0957,-0.0957,0.0,0,county
18165,2020,-0.4062,-0.4062,0.0,0,county
18167,2020,-0.1473,-0.1473,0.0,0,county
18169,2020,-0.4986,-0.4987,0.0001,0,county
18171,2020,-0.5427,-0.5427,0.0,0,county
18173,2020,-0.278,-0.278,0.0,0,county
18175,2020,-0.5215,-0.5215,0.0,0,county
18177,2020,-0.2906,-0.2906,0.0,0,county
18179,2020,-0.5642,-0.5642,0.0,0,county
18181,2020,-0.4411,-0.4411,0.0,0,county
18183,2020,-0.4915,-0.4915,0.0,0,county
19001,2020,-0.4127,-0.4115,0.0012,0,county
19003,2020,-0.4375,-0.4352,0.0023,0,county
19005,2020,-0.2921,-0.2909,0.0012,0,county
19007,2020,-0.4038,-0.4022,0.0016,0,county
19009,2020,-0.3591,-0.3579,0.0012,0,county
19011,2020,-0.2765,-0.2751,0.0014,0,county
19013,2020,0.0876,0.0902,0.0026,0,county
19015,2020,-0.1581,-0.1559,0.0022,0,county
19017,2020,-0.1627,-0.1606,0.0021,0,county
19019,2020,-0.2099,-0.2089,0.001,0,county
19021,2020,-0.2587,-0.2565,0.0022,0,county
19023,2020,-0.3868,-0.385,0.0018,0,county
19025,2020,-0.4237,-0.422,0.0017,0,county
19027,2020,-0.3804,-0.3779,0.0025,0,county
19029,2020,-0.3818,-0.3804,0.0014,0,county
19031,2020,-0.1726,-0.1704,0.0022,0,county
19033,2020,-0.0655,-0.0631,0.0024,0,county
19035,2020,-0.3949,-0.3926,0.0023,0,county
19037,2020,-0.315,-0.3129,0.0021,0,county
19039,2020,-0.3612,-0.3593,0.0019,0,county
19041,2020,-0.3898,-0.3874,0.0024,0,county
19043,2020,-0.2897,-0.2883,0.0014,0,county
19045,2020,-0.1052,-0.1033,0.0019,0,county
19047,2020,-0.3693,-0.3682,0.0011,0,county
19049,2020,-0.0229,-0.0198,0.0031,0,county
19051,2020,-0.4929,-0.4922,0.0007,0,county
19053,2020,-0.3938,-0.393,0.0008,0,county
19055,2020,-0.353,-0.3508,0.0022,0,county
19057,2020,-0.0876,-0.0851,0.0025,0,county
19059,2020,-0.3372,-0.3359,0.0013,0,county
19061,2020,-0.0315,-0.0289,0.0026,0,county
19063,2020,-0.3602,-0.3596,0.0006,0,county
19065,2020,-0.2296,-0.2268,0.0028,0,county
19067,2020,-0.1961,-0.1942,0.0019,0,county
19069,2020,-0.3522,-0.3501,0.0021,0,county
19071,2020,-0.4244,-0.4229,0.0015,0,county
19073,2020,-0.2887,-0.2875,0.0012,0,county
19075,2020,-0.3764,-0.3742,0.0022,0,county
19077,2020,-0.3602,-0.359,0.0012,0,county
19079,2020,-0.2693,-0.266,0.0033,0,county
19081,2020,-0.4404,-0.4386,0.0018,0,county
19083,2020,-0.3213,-0.3197,0.0016,0,county
19085,2020,-0.385,-0.3837,0.0013,0,county
19087,2020,-0.3256,-0.3238,0.0018,0,county
19089,2020,-0.2745,-0.2733,0.0012,0,county
19091,2020,-0.4473,-0.4462,0.0011,0,county
19093,2020,-0.5113,-0.51,0.0013,0,county
19095,2020,-0.2554,-0.2527,0.0027,0,county
19097,2020,-0.263,-0.2614,0.0016,0,county
19099,2020,-0.2174,-0.2154,0.002,0,county
19101,2020,-0.0175,-0.0138,0.0037,0,county
19103,2020,0.429,0.4323,0.0033,0,county
19105,2020,-0.2169,-0.2147,0.0022,0,county
19107,2020,-0.4516,-0.4494,0.0022,0,county
19109,2020,-0.3952,-0.3937,0.0015,0,county
19111,2020,-0.1952,-0.1931,0.0021,0,county
19113,2020,0.1344,0.1374,0.003,0,county
19115,2020,-0.3338,-0.3327,0.0011,0,county
19117,2020,-0.4343,-0.4326,0.0017,0,county
19119,2020,-0.6777,-0.6761,0.0016,0,county
19121,2020,-0.3452,-0.3433,0.0019,0,county
19123,2020,-0.4758,-0.4738,0.002,0,county
19125,2020,-0.3403,-0.3372,0.0031,0,county
19127,2020,-0.0791,-0.0769,0.0022,0,county
19129,2020,-0.3759,-0.3722,0.0037,0,county
19131,2020,-0.2801,-0.2789,0.0012,0,county
19133,2020,-0.3923,-0.3894,0.0029,0,county
19135,2020,-0.4648,-0.464,0.0008,0,county
19137,2020,-0.391,-0.3897,0.0013,0,county
19139,2020,-0.0722,-0.0702,0.002,0,county
19141,2020,-0.5697,-0.5684,0.0013,0,county
19143,2020,-0.6292,-0.6277,0.0015,0,county
19145,2020,-0.4307,-0.4295,0.0012,0,county
19147,2020,-0.3749,-0.3733,0.0016,0,county
19149,2020,-0.4949,-0.4932,0.0017,0,county
19151,2020,-0.4967,-0.4952,0.0015,0,county
19153,2020,0.1495,0.1525,0.003,0,county
19155,2020,-0.17,-0.1677,0.0023,0,county
19157,2020,-0.1348,-0.1332,0.0016,0,county
19159,2020,-0.4661,-0.4639,0.0022,0,county
19161,2020,-0.4842,-0.4827,0.0015,0,county
19163,2020,0.0321,0.035,0.0029,0,county
19165,2020,-0.405,-0.4029,0.0021,0,county
19167,2020,-0.6696,-0.6646,0.005,0,county
19169,2020,0.1692,0.1731,0.0039,0,county
19171,2020,-0.1932,-0.1908,0.0024,0,county
19173,2020,-0.5306,-0.5285,0.0021,0,county
19175,2020,-0.3174,-0.3151,0.0023,0,county
19177,2020,-0.5262,-0.5233,0.0029,0,county
19179,2020,-0.2376,-0.2364,0.0012,0,county
19181,2020,-0.1706,-0.1678,0.0028,0,county
19183,2020,-0.2065,-0.2048,0.0017,0,county
19185,2020,-0.5201,-0.5182,0.0019,0,county
19187,2020,-0.2445,-0.2427,0.0018,0,county
19189,2020,-0.2665,-0.2633,0.0032,0,county
19191,2020,-0.0535,-0.0512,0.0023,0,county
19193,2020,-0.1592,-0.155,0.0042,0,county
19195,2020,-0.2594,-0.2585,0.0009,0,county
19197,2020,-0.3441,-0.3422,0.0019,0,county
20001,2020,-0.4494,-0.4444,0.005,0,county
20003,2020,-0.5662,-0.5669,0.0007,0,county
20005,2020,-0.3423,-0.3435,0.0012,0,county
20007,2020,-0.7357,-0.7384,0.0027,0,county
20009,2020,-0.5632,-0.5636,0.0004,0,county
20011,2020,-0.5216,-0.5198,0.0018,0,county
20013,2020,-0.4827,-0.4818,0.0009,0,county
20015,2020,-0.4137,-0.4147,0.001,0,county
20017,2020,-0.5218,-0.523,0.0012,0,county
20019,2020,-0.7261,-0.7252,0.0009,0,county
20021,2020,-0.5009,-0.4985,0.0024,0,county
20023,2020,-0.6711,-0.67,0.0011,0,county
20025,2020,-0.7132,-0.708,0.0052,0,county
20027,2020,-0.5459,-0.5433,0.0026,0,county
20029,2020,-0.5447,-0.5484,0.0037,0,county
20031,2020,-0.5531,-0.5573,0.0042,0,county
20033,2020,-0.6943,-0.6847,0.0096,0,county
20035,2020,-0.3783,-0.3789,0.0006,0,county
20037,2020,-0.2323,-0.2312,0.0011,0,county
20039,2020,-0.6956,-0.7023,0.0067,0,county
20041,2020,-0.5419,-0.5413,0.0006,0,county
20043,2020,-0.6174,-0.6181,0.0007,0,county
20045,2020,0.395,0.3945,0.0005,0,county
20047,2020,-0.608,-0.6086,0.0006,0,county
20049,2020,-0.6943,-0.6971,0.0028,0,county
20051,2020,-0.4363,-0.4397,0.0034,0,county
20053,2020,-0.5258,-0.5203,0.0055,0,county
20055,2020,-0.2467,-0.255,0.0083,0,county
20057,2020,-0.3204,-0.3206,0.0002,0,county
20059,2020,-0.3838,-0.384,0.0002,0,county
20061,2020,-0.1395,-0.1469,0.0074,0,county
20063,2020,-0.7648,-0.7627,0.0021,0,county
20065,2020,-0.6372,-0.6375,0.0003,0,county
20067,2020,-0.567,-0.5763,0.0093,0,county
20069,2020,-0.6862,-0.6848,0.0014,0,county
20071,2020,-0.7348,-0.7313,0.0035,0,county
20073,2020,-0.6094,-0.6079,0.0015,0,county
20075,2020,-0.6484,-0.6571,0.0087,0,county
20077,2020,-0.6374,-0.6379,0.0005,0,county
20079,2020,-0.1985,-0.1974,0.0011,0,county
20081,2020,-0.6057,-0.6088,0.0031,0,county
20083,2020,-0.69,-0.6922,0.0022,0,county
20085,2020,-0.4004,-0.3994,0.001,0,county
20087,2020,-0.321,-0.3222,0.0012,0,county
20089,2020,-0.7217,-0.7201,0.0016,0,county
20091,2020,0.0825,0.0819,0.0006,0,county
20093,2020,-0.6165,-0.6221,0.0056,0,county
20095,2020,-0.6022,-0.5999,0.0023,0,county
20097,2020,-0.7073,-0.7059,0.0014,0,county
20099,2020,-0.3597,-0.3604,0.0007,0,county
20101,2020,-0.7229,-0.7241,0.0012,0,county
20103,2020,-0.2117,-0.2111,0.0006,0,county
20105,2020,-0.6441,-0.6414,0.0027,0,county
20107,2020,-0.6247,-0.6276,0.0029,0,county
20109,2020,-0.7291,-0.7279,0.0012,0,county
20111,2020,-0.1069,-0.1103,0.0034,0,county
20113,2020,-0.4038,-0.4027,0.0011,0,county
20115,2020,-0.4826,-0.4882,0.0056,0,county
20117,2020,-0.483,-0.4824,0.0006,0,county
20119,2020,-0.6904,-0.6901,0.0003,0,county
20121,2020,-0.3937,-0.3962,0.0025,0,county
20123,2020,-0.6275,-0.6275,0.0,0,county
20125,2020,-0.4993,-0.5025,0.0032,0,county
20127,2020,-0.4812,-0.4788,0.0024,0,county
20129,2020,-0.7379,-0.7369,0.001,0,county
20131,2020,-0.6575,-0.6564,0.0011,0,county
20133,2020,-0.4615,-0.4628,0.0013,0,county
20135,2020,-0.7865,-0.7855,0.001,0,county
20137,2020,-0.6803,-0.6762,0.0041,0,county
20139,2020,-0.4442,-0.4424,0.0018,0,county
20141,2020,-0.6931,-0.6925,0.0006,0,county
20143,2020,-0.6594,-0.6575,0.0019,0,county
20145,2020,-0.5119,-0.5136,0.0017,0,county
20147,2020,-0.7551,-0.7522,0.0029,0,county
20149,2020,-0.4692,-0.4674,0.0018,0,county
20151,2020,-0.5257,-0.5267,0.001,0,county
20153,2020,-0.6961,-0.6945,0.0016,0,county
20155,2020,-0.342,-0.343,0.001,0,county
20157,2020,-0.6616,-0.6629,0.0013,0,county
20159,2020,-0.5318,-0.5281,0.0037,0,county
20161,2020,0.0459,0.0321,0.0138,0,county
20163,2020,-0.7358,-0.7373,0.0015,0,county
20165,2020,-0.6291,-0.6487,0.0196,0,county
20167,2020,-0.6317,-0.634,0.0023,0,county
20169,2020,-0.3061,-0.3049,0.0012,0,county
20171,2020,-0.7285,-0.7326,0.0041,0,county
20173,2020,-0.1187,-0.1257,0.007,0,county
20175,2020,-0.2907,-0.3038,0.0131,0,county
20177,2020,0.03,0.0299,0.0001,0,county
20179,2020,-0.7855,-0.7824,0.0031,0,county
20181,2020,-0.6868,-0.6869,0.0001,0,county
20183,2020,-0.6703,-0.6721,0.0018,0,county
20185,2020,-0.6332,-0.6326,0.0006,0,county
20187,2020,-0.6005,-0.5997,0.0008,0,county
20189,2020,-0.7499,-0.7501,0.0002,0,county
20191,2020,-0.5046,-0.5053,0.0007,0,county
20193,2020,-0.6575,-0.6547,0.0028,0,county
20195,2020,-0.6877,-0.6881,0.0004,0,county
20197,2020,-0.4821,-0.481,0.0011,0,county
20199,2020,-0.88,-0.8788,0.0012,0,county
20201,2020,-0.6549,-0.656,0.0011,0,county
20203,2020,-0.6808,-0.6826,0.0018,0,county
20205,2020,-0.6146,-0.6155,0.0009,0,county
20207,2020,-0.6041,-0.606,0.0019,0,county
20209,2020,0.3144,0.3095,0.0049,0,county
21001,2020,-0.6715,-0.6711,0.0004,0,county
21003,2020,-0.6348,-0.6349,0.0001,0,county
21005,2020,-0.4766,-0.4763,0.0003,0,county
21007,2020,-0.5991,-0.5991,0.0,0,county
21009,2020,-0.475,-0.4748,0.0002,0,county
21011,2020,-0.4288,-0.4288,0.0,0,county
21013,2020,-0.6323,-0.6323,0.0,0,county
21015,2020,-0.3572,-0.3569,0.0003,0,county
21017,2020,-0.3001,-0.3,0.0001,0,county
21019,2020,-0.3317,-0.3316,0.0001,0,county
21021,2020,-0.247,-0.2469,0.0001,0,county
21023,2020,-0.6122,-0.6119,0.0003,0,county
21025,2020,-0.5236,-0.5236,0.0,0,county
21027,2020,-0.5248,-0.5246,0.0002,0,county
21029,2020,-0.4803,-0.4799,0.0004,0,county
21031,2020,-0.6339,-0.6336,0.0003,0,county
21033,2020,-0.5403,-0.5398,0.0005,0,county
21035,2020,-0.3186,-0.3182,0.0004,0,county
21037,2020,-0.1865,-0.1863,0.0002,0,county
21039,2020,-0.6429,-0.6429,0.0,0,county
21041,2020,-0.4445,-0.4444,0.0001,0,county
21043,2020,-0.5294,-0.5293,0.0001,0,county
21045,2020,-0.7336,-0.7336,0.0,0,county
21047,2020,-0.2843,-0.2843,0.0,0,county
21049,2020,-0.3203,-0.3201,0.0002,0,county
21051,2020,-0.7702,-0.7701,0.0001,0,county
21053,2020,-0.7455,-0.7455,0.0,0,county
21055,2020,-0.6412,-0.6412,0.0,0,county
21057,2020,-0.6833,-0.6833,0.0,0,county
21059,2020,-0.279,-0.2788,0.0002,0,county
21061,2020,-0.5873,-0.5872,0.0001,0,county
21063,2020,-0.5122,-0.5122,0.0,0,county
21065,2020,-0.5728,-0.5726,0.0002,0,county
21067,2020,0.2078,0.2076,0.0002,0,county
21069,2020,-0.5746,-0.5744,0.0002,0,county
21071,2020,-0.5117,-0.5116,0.0001,0,county
21073,2020,-0.0096,-0.0095,0.0001,0,county
21075,2020,-0.3362,-0.3347,0.0015,0,county
21077,2020,-0.5542,-0.5542,0.0,0,county
21079,2020,-0.5658,-0.5656,0.0002,0,county
21081,2020,-0.5871,-0.587,0.0001,0,county
21083,2020,-0.5669,-0.5668,0.0001,0,county
21085,2020,-0.5886,-0.5885,0.0001,0,county
21087,2020,-0.6741,-0.6741,0.0,0,county
21089,2020,-0.4506,-0.4506,0.0,0,county
21091,2020,-0.3911,-0.3911,0.0,0,county
21093,2020,-0.2397,-0.2397,0.0,0,county
21095,2020,-0.7176,-0.7176,0.0,0,county
21097,2020,-0.4444,-0.4441,0.0003,0,county
21099,2020,-0.5302,-0.5301,0.0001,0,county
21101,2020,-0.2461,-0.246,0.0001,0,county
21103,2020,-0.4565,-0.4564,0.0001,0,county
21105,2020,-0.5712,-0.5712,0.0,0,county
21107,2020,-0.4797,-0.4796,0.0001,0,county
21109,2020,-0.7931,-0.7931,0.0,0,county
21111,2020,0.2012,0.201,0.0002,0,county
21113,2020,-0.3249,-0.3245,0.0004,0,county
21115,2020,-0.6713,-0.6713,0.0,0,county
21117,2020,-0.1931,-0.1929,0.0002,0,county
21119,2020,-0.5386,-0.5387,0.0001,0,county
21121,2020,-0.6704,-0.6704,0.0,0,county
21123,2020,-0.5727,-0.5727,0.0,0,county
21125,2020,-0.6677,-0.6674,0.0003,0,county
21127,2020,-0.6319,-0.6319,0.0,0,county
21129,2020,-0.6393,-0.6398,0.0005,0,county
21131,2020,-0.8054,-0.8051,0.0003,0,county
21133,2020,-0.5941,-0.5941,0.0,0,county
21135,2020,-0.7076,-0.7076,0.0,0,county
21137,2020,-0.5713,-0.5713,0.0,0,county
21139,2020,-0.6138,-0.6137,0.0001,0,county
21141,2020,-0.4838,-0.4836,0.0002,0,county
21143,2020,-0.4749,-0.4749,0.0,0,county
21145,2020,-0.3171,-0.3167,0.0004,0,county
21147,2020,-0.7675,-0.7672,0.0003,0,county
21149,2020,-0.5351,-0.5351,0.0,0,county
21151,2020,-0.2682,-0.2679,0.0003,0,county
21153,2020,-0.5437,-0.5434,0.0003,0,county
21155,2020,-0.3798,-0.3798,0.0,0,county
21157,2020,-0.5242,-0.5241,0.0001,0,county
21159,2020,-0.787,-0.7858,0.0012,0,county
21161,2020,-0.3914,-0.3914,0.0,0,county
21163,2020,-0.4644,-0.4643,0.0001,0,county
21165,2020,-0.5032,-0.5032,0.0,0,county
21167,2020,-0.4664,-0.4664,0.0,0,county
21169,2020,-0.5954,-0.5954,0.0,0,county
21171,2020,-0.745,-0.745,0.0,0,county
21173,2020,-0.4178,-0.4176,0.0002,0,county
21175,2020,-0.5646,-0.5639,0.0007,0,county
21177,2020,-0.4886,-0.4884,0.0002,0,county
21179,2020,-0.3663,-0.3661,0.0002,0,county
21181,2020,-0.4279,-0.4279,0.0,0,county
21183,2020,-0.5552,-0.5551,0.0001,0,county
21185,2020,-0.2148,-0.2146,0.0002,0,county
21187,2020,-0.5854,-0.5852,0.0002,0,county
21189,2020,-0.7673,-0.7674,0.0001,0,county
21191,2020,-0.6055,-0.6055,0.0,0,county
21193,2020,-0.5438,-0.5433,0.0005,0,county
21195,2020,-0.6077,-0.6071,0.0006,0,county
21197,2020,-0.4857,-0.4857,0.0,0,county
21199,2020,-0.6271,-0.6267,0.0004,0,county
21201,2020,-0.5506,-0.5506,0.0,0,county
21203,2020,-0.6993,-0.6993,0.0,0,county
21205,2020,-0.2102,-0.21,0.0002,0,county
21207,2020,-0.691,-0.691,0.0,0,county
21209,2020,-0.2487,-0.2485,0.0002,0,county
21211,2020,-0.2964,-0.2963,0.0001,0,county
21213,2020,-0.3673,-0.3673,0.0,0,county
21215,2020,-0.5431,-0.5429,0.0002,0,county
21217,2020,-0.5128,-0.5123,0.0005,0,county
21219,2020,-0.5341,-0.5327,0.0014,0,county
21221,2020,-0.5012,-0.5011,0.0001,0,county
21223,2020,-0.5129,-0.5127,0.0002,0,county
21225,2020,-0.5225,-0.5224,0.0001,0,county
21227,2020,-0.1683,-0.1681,0.0002,0,county
21229,2020,-0.4561,-0.4559,0.0002,0,county
21231,2020,-0.6201,-0.6201,0.0,0,county
21233,2020,-0.5164,-0.5163,0.0001,0,county
21235,2020,-0.6526,-0.6522,0.0004,0,county
21237,2020,-0.4223,-0.4223,0.0,0,county
21239,2020,-0.1204,-0.1204,0.0,0,county
22001,2020,-0.6034,-0.6034,0.0,0,county
22003,2020,-0.5572,-0.5572,0.0,0,county
22005,2020,-0.3255,-0.3255,0.0,0,county
22007,2020,-0.306,-0.306,0.0,0,county
22009,2020,-0.4076,-0.4076,0.0,0,county
22011,2020,-0.6745,-0.6745,0.0,0,county
22013,2020,-0.1169,-0.1169,0.0,0,county
22015,2020,-0.4101,-0.4101,0.0,0,county
22017,2020,0.0676,0.0676,0.0,0,county
22019,2020,-0.3518,-0.3518,0.0,0,county
22021,2020,-0.6785,-0.6785,0.0,0,county
22023,2020,-0.8287,-0.8287,0.0,0,county
22025,2020,-0.4677,-0.4677,0.0,0,county
22027,2020,-0.1579,-0.1579,0.0,0,county
22029,2020,-0.2688,-0.2688,0.0,0,county
22031,2020,-0.248,-0.248,0.0,0,county
22033,2020,0.1304,0.1304,0.0,0,county
22035,2020,0.2701,0.2701,0.0,0,county
22037,2020,-0.1698,-0.1698,0.0,0,county
22039,2020,-0.4474,-0.4474,0.0,0,county
22041,2020,-0.4436,-0.4436,0.0,0,county
22043,2020,-0.7411,-0.7411,0.0,0,county
22045,2020,-0.3125,-0.3125,0.0,0,county
22047,2020,0.0371,0.0371,0.0,0,county
22049,2020,-0.426,-0.426,0.0,0,county
22051,2020,-0.1108,-0.1108,0.0,0,county
22053,2020,-0.5535,-0.5535,0.0,0,county
22055,2020,-0.2867,-0.2867,0.0,0,county
22057,2020,-0.6026,-0.6026,0.0,0,county
22059,2020,-0.8111,-0.8111,0.0,0,county
22061,2020,-0.1947,-0.1947,0.0,0,county
22063,2020,-0.6995,-0.6995,0.0,0,county
22065,2020,0.155,0.155,0.0,0,county
22067,2020,-0.1351,-0.1351,0.0,0,county
22069,2020,-0.1487,-0.1487,0.0,0,county
22071,2020,0.6815,0.6815,0.0,0,county
22073,2020,-0.2363,-0.2363,0.0,0,county
22075,2020,-0.363,-0.363,0.0,0,county
22077,2020,-0.228,-0.228,0.0,0,county
22079,2020,-0.3206,-0.3206,0.0,0,county
22081,2020,-0.1861,-0.1861,0.0,0,county
22083,2020,-0.3402,-0.3402,0.0,0,county
22085,2020,-0.6649,-0.6649,0.0,0,county
22087,2020,-0.2849,-0.2849,0.0,0,county
22089,2020,-0.2957,-0.2957,0.0,0,county
22091,2020,0.1026,0.1026,0.0,0,county
22093,2020,0.0442,0.0442,0.0,0,county
22095,2020,0.282,0.282,0.0,0,county
22097,2020,-0.1409,-0.1409,0.0,0,county
22099,2020,-0.3611,-0.3611,0.0,0,county
22101,2020,-0.2914,-0.2914,0.0,0,county
22103,2020,-0.4419,-0.4419,0.0,0,county
22105,2020,-0.3281,-0.3281,0.0,0,county
22107,2020,0.0517,0.0517,0.0,0,county
22109,2020,-0.5005,-0.5005,0.0,0,county
22111,2020,-0.5136,-0.5136,0.0,0,county
22113,2020,-0.6193,-0.6193,0.0,0,county
22115,2020,-0.6491,-0.6491,0.0,0,county
22117,2020,-0.376,-0.376,0.0,0,county
22119,2020,-0.3106,-0.3106,0.0,0,county
22121,2020,-0.1053,-0.1053,0.0,0,county
22123,2020,-0.714,-0.714,0.0,0,county
22125,2020,-0.2497,-0.2497,0.0,0,county
22127,2020,-0.4941,-0.4941,0.0,0,county
23001,2020,-0.0278,-0.0281,0.0003,0,county
23003,2020,-0.1967,-0.1993,0.0026,0,county
23005,2020,0.3531,0.357,0.0039,0,county
23007,2020,-0.0389,-0.0394,0.0005,0,county
23009,2020,0.123,0.1242,0.0012,0,county
23011,2020,0.0025,0.0025,0.0,0,county
23013,2020,0.197,0.1993,0.0023,0,county
23015,2020,0.1018,0.1029,0.0011,0,county
23017,2020,-0.087,-0.0879,0.0009,0,county
23019,2020,-0.0826,-0.0834,0.0008,0,county
23021,2020,-0.2627,-0.265,0.0023,0,county
23023,2020,0.1554,0.157,0.0016,0,county
23025,2020,-0.2312,-0.2337,0.0025,0,county
23027,2020,0.0468,0.0472,0.0004,0,county
23029,2020,-0.1954,-0.1978,0.0024,0,county
23031,2020,0.1249,0.1263,0.0014,0,county
24001,2020,-0.3828,-0.3828,0.0,0,county
24003,2020,0.1453,0.1453,0.0,0,county
24005,2020,0.2704,0.2704,0.0,0,county
24009,2020,-0.0562,-0.0562,0.0,0,county
24011,2020,-0.3285,-0.3285,0.0,0,county
24013,2020,-0.2368,-0.2368,0.0,0,county
24015,2020,-0.2661,-0.2661,0.0,0,county
24017,2020,0.4089,0.4089,0.0,0,county
24019,2020,-0.1194,-0.1194,0.0,0,county
24021,2020,0.0961,0.0961,0.0,0,county
24023,2020,-0.5586,-0.5586,0.0,0,county
24025,2020,-0.1204,-0.1204,0.0,0,county
24027,2020,0.4427,0.4427,0.0,0,county
24029,2020,0.0124,0.0124,0.0,0,county
24031,2020,0.5964,0.5964,0.0,0,county
24033,2020,0.8053,0.8053,0.0,0,county
24035,2020,-0.2652,-0.2652,0.0,0,county
24037,2020,-0.1381,-0.1381,0.0,0,county
24039,2020,-0.1476,-0.1476,0.0,0,county
24041,2020,0.0051,0.0051,0.0,0,county
24043,2020,-0.2092,-0.2092,0.0,0,county
24045,2020,-0.0193,-0.0193,0.0,0,county
24047,2020,-0.1897,-0.1897,0.0,0,county
24510,2020,0.766,0.766,0.0,0,county
25001,2020,0.2421,0.244,0.0019,0,county
25003,2020,0.4687,0.4713,0.0026,0,county
25005,2020,0.1191,0.12,0.0009,0,county
25007,2020,0.5658,0.5691,0.0033,0,county
25009,2020,0.2882,0.2905,0.0023,0,county
25011,2020,0.4379,0.4435,0.0056,0,county
25013,2020,0.175,0.1771,0.0021,0,county
25015,2020,0.4651,0.4676,0.0025,0,county
25017,2020,0.4489,0.4519,0.003,0,county
25019,2020,0.4534,0.4554,0.002,0,county
25021,2020,0.3601,0.363,0.0029,0,county
25023,2020,0.1725,0.1736,0.0011,0,county
25025,2020,0.6284,0.6317,0.0033,0,county
25027,2020,0.1773,0.1784,0.0011,0,county
26001,2020,-0.3831,-0.3831,0.0,0,county
26003,2020,-0.1874,-0.1874,0.0,0,county
26005,2020,-0.2525,-0.2525,0.0,0,county
26007,2020,-0.2762,-0.2762,0.0,0,county
26009,2020,-0.2375,-0.2375,0.0,0,county
26011,2020,-0.3572,-0.3572,0.0,0,county
26013,2020,-0.2561,-0.2561,0.0,0,county
26015,2020,-0.3251,-0.3251,0.0,0,county
26017,2020,-0.1157,-0.1157,0.0,0,county
26019,2020,-0.0914,-0.0914,0.0,0,county
26021,2020,-0.0738,-0.0738,0.0,0,county
26023,2020,-0.3849,-0.3849,0.0,0,county
26025,2020,-0.1108,-0.1108,0.0,0,county
26027,2020,-0.2887,-0.2887,0.0,0,county
26029,2020,-0.1707,-0.1707,0.0,0,county
26031,2020,-0.2993,-0.2993,0.0,0,county
26033,2020,-0.2286,-0.2286,0.0,0,county
26035,2020,-0.3478,-0.3478,0.0,0,county
26037,2020,-0.0653,-0.0653,0.0,0,county
26039,2020,-0.3072,-0.3072,0.0,0,county
26041,2020,-0.2648,-0.2648,0.0,0,county
26043,2020,-0.334,-0.334,0.0,0,county
26045,2020,-0.0078,-0.0078,0.0,0,county
26047,2020,-0.1115,-0.1115,0.0,0,county
26049,2020,0.0934,0.0934,0.0,0,county
26051,2020,-0.3677,-0.3677,0.0,0,county
26053,2020,-0.1246,-0.1246,0.0,0,county
26055,2020,-0.0302,-0.0302,0.0,0,county
26057,2020,-0.2828,-0.2828,0.0,0,county
26059,2020,-0.4787,-0.4787,0.0,0,county
26061,2020,-0.142,-0.142,0.0,0,county
26063,2020,-0.3927,-0.3927,0.0,0,county
26065,2020,0.3222,0.3222,0.0,0,county
26067,2020,-0.3029,-0.3029,0.0,0,county
26069,2020,-0.2855,-0.2855,0.0,0,county
26071,2020,-0.2538,-0.2538,0.0,0,county
26073,2020,-0.0253,-0.0253,0.0,0,county
26075,2020,-0.1902,-0.1902,0.0,0,county
26077,2020,0.1873,0.1873,0.0,0,county
26079,2020,-0.4171,-0.4171,0.0,0,county
26081,2020,0.0614,0.0614,0.0,0,county
26083,2020,-0.122,-0.122,0.0,0,county
26085,2020,-0.2622,-0.2622,0.0,0,county
26087,2020,-0.3631,-0.3631,0.0,0,county
26089,2020,0.052,0.052,0.0,0,county
26091,2020,-0.199,-0.199,0.0,0,county
26093,2020,-0.2261,-0.2261,0.0,0,county
26095,2020,-0.4222,-0.4222,0.0,0,county
26097,2020,-0.2383,-0.2383,0.0,0,county
26099,2020,-0.0807,-0.0807,0.0,0,county
26101,2020,-0.1511,-0.1511,0.0,0,county
26103,2020,0.1116,0.1116,0.0,0,county
26105,2020,-0.1973,-0.1973,0.0,0,county
26107,2020,-0.2799,-0.2799,0.0,0,county
26109,2020,-0.3015,-0.3015,0.0,0,county
26111,2020,-0.1463,-0.1463,0.0,0,county
26113,2020,-0.5347,-0.5347,0.0,0,county
26115,2020,-0.2265,-0.2265,0.0,0,county
26117,2020,-0.3773,-0.3773,0.0,0,county
26119,2020,-0.434,-0.434,0.0,0,county
26121,2020,0.0055,0.0055,0.0,0,county
26123,2020,-0.4044,-0.4044,0.0,0,county
26125,2020,0.1404,0.1404,0.0,0,county
26127,2020,-0.2808,-0.2808,0.0,0,county
26129,2020,-0.4013,-0.4013,0.0,0,county
26131,2020,-0.2542,-0.2542,0.0,0,county
26133,2020,-0.4635,-0.4635,0.0,0,county
26135,2020,-0.4358,-0.4358,0.0,0,county
26137,2020,-0.3413,-0.3413,0.0,0,county
26139,2020,-0.2146,-0.2146,0.0,0,county
26141,2020,-0.2913,-0.2913,0.0,0,county
26143,2020,-0.2999,-0.2999,0.0,0,county
26145,2020,0.0029,0.0029,0.0,0,county
26147,2020,-0.3022,-0.3022,0.0,0,county
26149,2020,-0.3173,-0.3173,0.0,0,county
26151,2020,-0.4557,-0.4557,0.0,0,county
26153,2020,-0.3163,-0.3163,0.0,0,county
26155,2020,-0.1989,-0.1989,0.0,0,county
26157,2020,-0.3934,-0.3934,0.0,0,county
26159,2020,-0.1226,-0.1226,0.0,0,county
26161,2020,0.4662,0.4662,0.0,0,county
26163,2020,0.3812,0.3812,0.0,0,county
26165,2020,-0.343,-0.343,0.0,0,county
27001,2020,-0.2644,-0.2644,0.0,0,county
27003,2020,-0.019,-0.019,0.0,0,county
27005,2020,-0.3015,-0.3015,0.0,0,county
27007,2020,-0.0315,-0.0315,0.0,0,county
27009,2020,-0.319,-0.319,0.0,0,county
27011,2020,-0.2724,-0.2724,0.0,0,county
27013,2020,0.0444,0.0444,0.0,0,county
27015,2020,-0.3279,-0.3279,0.0,0,county
27017,2020,0.0151,0.0151,0.0,0,county
27019,2020,-0.0487,-0.0487,0.0,0,county
27021,2020,-0.2886,-0.2886,0.0,0,county
27023,2020,-0.3062,-0.3062,0.0,0,county
27025,2020,-0.2925,-0.2925,0.0,0,county
27027,2020,0.0408,0.0408,0.0,0,county
27029,2020,-0.4486,-0.4486,0.0,0,county
27031,2020,0.3397,0.3397,0.0,0,county
27033,2020,-0.3817,-0.3817,0.0,0,county
27035,2020,-0.2975,-0.2975,0.0,0,county
27037,2020,0.1392,0.1392,0.0,0,county
27039,2020,-0.3039,-0.3039,0.0,0,county
27041,2020,-0.3282,-0.3282,0.0,0,county
27043,2020,-0.3361,-0.3361,0.0,0,county
27045,2020,-0.2265,-0.2265,0.0,0,county
27047,2020,-0.1599,-0.1599,0.0,0,county
27049,2020,-0.1483,-0.1483,0.0,0,county
27051,2020,-0.2652,-0.2652,0.0,0,county
27053,2020,0.4321,0.4321,0.0,0,county
27055,2020,-0.1295,-0.1295,0.0,0,county
27057,2020,-0.2885,-0.2885,0.0,0,county
27059,2020,-0.3859,-0.3859,0.0,0,county
27061,2020,-0.1677,-0.1677,0.0,0,county
27063,2020,-0.3786,-0.3786,0.0,0,county
27065,2020,-0.3791,-0.3791,0.0,0,county
27067,2020,-0.2566,-0.2566,0.0,0,county
27069,2020,-0.2046,-0.2046,0.0,0,county
27071,2020,-0.2127,-0.2127,0.0,0,county
27073,2020,-0.2678,-0.2678,0.0,0,county
27075,2020,0.0353,0.0353,0.0,0,county
27077,2020,-0.429,-0.429,0.0,0,county
27079,2020,-0.3034,-0.3034,0.0,0,county
27081,2020,-0.3801,-0.3801,0.0,0,county
27083,2020,-0.2594,-0.2594,0.0,0,county
27085,2020,-0.3618,-0.3618,0.0,0,county
27087,2020,-0.013,-0.013,0.0,0,county
27089,2020,-0.4745,-0.4745,0.0,0,county
27091,2020,-0.3792,-0.3792,0.0,0,county
27093,2020,-0.4059,-0.4059,0.0,0,county
27095,2020,-0.3777,-0.3777,0.0,0,county
27097,2020,-0.5345,-0.5345,0.0,0,county
27099,2020,-0.0582,-0.0582,0.0,0,county
27101,2020,-0.3909,-0.3909,0.0,0,county
27103,2020,0.0316,0.0316,0.0,0,county
27105,2020,-0.306,-0.306,0.0,0,county
27107,2020,-0.1595,-0.1595,0.0,0,county
27109,2020,0.1072,0.1072,0.0,0,county
27111,2020,-0.3253,-0.3253,0.0,0,county
27113,2020,-0.2699,-0.2699,0.0,0,county
27115,2020,-0.3023,-0.3023,0.0,0,county
27117,2020,-0.4549,-0.4549,0.0,0,county
27119,2020,-0.2838,-0.2838,0.0,0,county
27121,2020,-0.2763,-0.2763,0.0,0,county
27123,2020,0.4536,0.4536,0.0,0,county
27125,2020,-0.3474,-0.3474,0.0,0,county
27127,2020,-0.4124,-0.4124,0.0,0,county
27129,2020,-0.3655,-0.3655,0.0,0,county
27131,2020,-0.0017,-0.0017,0.0,0,county
27133,2020,-0.3868,-0.3868,0.0,0,county
27135,2020,-0.4604,-0.4604,0.0,0,county
27137,2020,0.1563,0.1563,0.0,0,county
27139,2020,-0.0663,-0.0663,0.0,0,county
27141,2020,-0.3265,-0.3265,0.0,0,county
27143,2020,-0.4078,-0.4078,0.0,0,county
27145,2020,-0.2249,-0.2249,0.0,0,county
27147,2020,-0.2243,-0.2243,0.0,0,county
27149,2020,-0.2206,-0.2206,0.0,0,county
27151,2020,-0.295,-0.295,0.0,0,county
27153,2020,-0.4878,-0.4878,0.0,0,county
27155,2020,-0.2741,-0.2741,0.0,0,county
27157,2020,-0.2634,-0.2634,0.0,0,county
27159,2020,-0.4555,-0.4555,0.0,0,county
27161,2020,-0.3011,-0.3011,0.0,0,county
27163,2020,0.0923,0.0923,0.0,0,county
27165,2020,-0.2146,-0.2146,0.0,0,county
27167,2020,-0.3796,-0.3796,0.0,0,county
27169,2020,0.0039,0.0039,0.0,0,county
27171,2020,-0.2856,-0.2856,0.0,0,county
27173,2020,-0.3701,-0.3701,0.0,0,county
28001,2020,0.1614,0.1614,0.0,0,county
28003,2020,-0.6355,-0.6347,0.0008,0,county
28005,2020,-0.2617,-0.2613,0.0004,0,county
28007,2020,-0.1854,-0.1852,0.0002,0,county
28009,2020,-0.2077,-0.2076,0.0001,0,county
28011,2020,0.308,0.3077,0.0003,0,county
28013,2020,-0.4132,-0.4129,0.0003,0,county
28015,2020,-0.385,-0.3848,0.0002,0,county
28017,2020,-0.0448,-0.0448,0.0,0,county
28019,2020,-0.43,-0.4298,0.0002,0,county
28021,2020,0.7123,0.7117,0.0006,0,county
28023,2020,-0.3093,-0.309,0.0003,0,county
28025,2020,0.1632,0.1629,0.0003,0,county
28027,2020,0.4288,0.4285,0.0003,0,county
28029,2020,0.0171,0.0171,0.0,0,county
28031,2020,-0.2605,-0.2602,0.0003,0,county
28033,2020,-0.239,-0.2387,0.0003,0,county
28035,2020,-0.1117,-0.1114,0.0003,0,county
28037,2020,-0.3235,-0.3233,0.0002,0,county
28039,2020,-0.7688,-0.7678,0.001,0,county
28041,2020,-0.6586,-0.6582,0.0004,0,county
28043,2020,-0.1235,-0.1234,0.0001,0,county
28045,2020,-0.5549,-0.5549,0.0,0,county
28047,2020,-0.252,-0.2517,0.0003,0,county
28049,2020,0.4841,0.4832,0.0009,0,county
28051,2020,0.6431,0.6431,0.0,0,county
28053,2020,0.4531,0.4531,0.0,0,county
28055,2020,0.0695,0.0695,0.0,0,county
28057,2020,-0.7569,-0.7564,0.0005,0,county
28059,2020,-0.3469,-0.3464,0.0005,0,county
28061,2020,0.0045,0.0045,0.0,0,county
28063,2020,0.7155,0.7149,0.0006,0,county
28065,2020,0.1714,0.1714,0.0,0,county
28067,2020,-0.4224,-0.4224,0.0,0,county
28069,2020,0.2325,0.2325,0.0,0,county
28071,2020,-0.1229,-0.1226,0.0003,0,county
28073,2020,-0.4692,-0.4685,0.0007,0,county
28075,2020,-0.1602,-0.1601,0.0001,0,county
28077,2020,-0.3062,-0.306,0.0002,0,county
28079,2020,-0.1447,-0.1446,0.0001,0,county
28081,2020,-0.3252,-0.3248,0.0004,0,county
28083,2020,0.4149,0.4149,0.0,0,county
28085,2020,-0.3902,-0.3898,0.0004,0,county
28087,2020,-0.0262,-0.0261,0.0001,0,county
28089,2020,-0.1183,-0.1181,0.0002,0,county
28091,2020,-0.3684,-0.3679,0.0005,0,county
28093,2020,0.031,0.031,0.0,0,county
28095,2020,-0.3073,-0.3069,0.0004,0,county
28097,2020,-0.1568,-0.1568,0.0,0,county
28099,2020,-0.4324,-0.4317,0.0007,0,county
28101,2020,-0.3852,-0.3849,0.0003,0,county
28103,2020,0.5244,0.5242,0.0002,0,county
28105,2020,0.0655,0.0654,0.0001,0,county
28107,2020,-0.042,-0.042,0.0,0,county
28109,2020,-0.6427,-0.6421,0.0006,0,county
28111,2020,-0.5304,-0.5299,0.0005,0,county
28113,2020,0.0096,0.0096,0.0,0,county
28115,2020,-0.6222,-0.6215,0.0007,0,county
28117,2020,-0.5841,-0.5832,0.0009,0,county
28119,2020,0.3484,0.3481,0.0003,0,county
28121,2020,-0.4536,-0.4536,0.0,0,county
28123,2020,-0.1821,-0.182,0.0001,0,county
28125,2020,0.3559,0.3559,0.0,0,county
28127,2020,-0.3045,-0.3044,0.0001,0,county
28129,2020,-0.5605,-0.5605,0.0,0,county
28131,2020,-0.5283,-0.5283,0.0,0,county
28133,2020,0.4113,0.4112,0.0001,0,county
28135,2020,0.1085,0.1084,0.0001,0,county
28137,2020,-0.3455,-0.3453,0.0002,0,county
28139,2020,-0.6055,-0.6055,0.0,0,county
28141,2020,-0.7522,-0.7515,0.0007,0,county
28143,2020,0.4643,0.464,0.0003,0,county
28145,2020,-0.6476,-0.6476,0.0,0,county
28147,2020,-0.1945,-0.1945,0.0,0,county
28149,2020,0.0037,0.0037,0.0,0,county
28151,2020,0.4,0.3996,0.0004,0,county
28153,2020,-0.2668,-0.2666,0.0002,0,county
28155,2020,-0.602,-0.6013,0.0007,0,county
28157,2020,0.3453,0.345,0.0003,0,county
28159,2020,-0.1161,-0.116,0.0001,0,county
28161,2020,-0.1356,-0.1355,0.0001,0,county
28163,2020,0.0636,0.0636,0.0,0,county
29001,2020,-0.2615,-0.2615,0.0,0,county
29003,2020,-0.5029,-0.5029,0.0,0,county
29005,2020,-0.581,-0.581,0.0,0,county
29007,2020,-0.4718,-0.4718,0.0,0,county
29009,2020,-0.6076,-0.6076,0.0,0,county
29011,2020,-0.7115,-0.7115,0.0,0,county
29013,2020,-0.5852,-0.5852,0.0,0,county
29015,2020,-0.566,-0.566,0.0,0,county
29017,2020,-0.7383,-0.7383,0.0,0,county
29019,2020,0.1252,0.1252,0.0,0,county
29021,2020,-0.2461,-0.2461,0.0,0,county
29023,2020,-0.623,-0.623,0.0,0,county
29025,2020,-0.604,-0.604,0.0,0,county
29027,2020,-0.4231,-0.4231,0.0,0,county
29029,2020,-0.5319,-0.5319,0.0,0,county
29031,2020,-0.45,-0.45,0.0,0,county
29033,2020,-0.6443,-0.6443,0.0,0,county
29035,2020,-0.7018,-0.7018,0.0,0,county
29037,2020,-0.3161,-0.3161,0.0,0,county
29039,2020,-0.6591,-0.6591,0.0,0,county
29041,2020,-0.5384,-0.5384,0.0,0,county
29043,2020,-0.5079,-0.5079,0.0,0,county
29045,2020,-0.5875,-0.5875,0.0,0,county
29047,2020,-0.0411,-0.0411,0.0,0,county
29049,2020,-0.4503,-0.4503,0.0,0,county
29051,2020,-0.3388,-0.3388,0.0,0,county
29053,2020,-0.4628,-0.4628,0.0,0,county
29055,2020,-0.6026,-0.6026,0.0,0,county
29057,2020,-0.6696,-0.6696,0.0,0,county
29059,2020,-0.6465,-0.6465,0.0,0,county
29061,2020,-0.6024,-0.6024,0.0,0,county
29063,2020,-0.5984,-0.5984,0.0,0,county
29065,2020,-0.6904,-0.6904,0.0,0,county
29067,2020,-0.6974,-0.6974,0.0,0,county
29069,2020,-0.5696,-0.5696,0.0,0,county
29071,2020,-0.4375,-0.4375,0.0,0,county
29073,2020,-0.5832,-0.5832,0.0,0,county
29075,2020,-0.608,-0.608,0.0,0,county
29077,2020,-0.2014,-0.2014,0.0,0,county
29079,2020,-0.6279,-0.6279,0.0,0,county
29081,2020,-0.6798,-0.6798,0.0,0,county
29083,2020,-0.5013,-0.5013,0.0,0,county
29085,2020,-0.5728,-0.5728,0.0,0,county
29087,2020,-0.6991,-0.6991,0.0,0,county
29089,2020,-0.4203,-0.4203,0.0,0,county
29091,2020,-0.6414,-0.6414,0.0,0,county
29093,2020,-0.5773,-0.5773,0.0,0,county
29095,2020,0.2201,0.2201,0.0,0,county
29097,2020,-0.4619,-0.4619,0.0,0,county
29099,2020,-0.3387,-0.3387,0.0,0,county
29101,2020,-0.3682,-0.3682,0.0,0,county
29103,2020,-0.6181,-0.6181,0.0,0,county
29105,2020,-0.654,-0.654,0.0,0,county
29107,2020,-0.4574,-0.4574,0.0,0,county
29109,2020,-0.6262,-0.6262,0.0,0,county
29111,2020,-0.5574,-0.5574,0.0,0,county
29113,2020,-0.5252,-0.5252,0.0,0,county
29115,2020,-0.5393,-0.5393,0.0,0,county
29117,2020,-0.5707,-0.5707,0.0,0,county
29119,2020,-0.6656,-0.6656,0.0,0,county
29121,2020,-0.5633,-0.5633,0.0,0,county
29123,2020,-0.6281,-0.6281,0.0,0,county
29125,2020,-0.6451,-0.6451,0.0,0,county
29127,2020,-0.5029,-0.5029,0.0,0,county
29129,2020,-0.7414,-0.7414,0.0,0,county
29131,2020,-0.6572,-0.6572,0.0,0,county
29133,2020,-0.496,-0.496,0.0,0,county
29135,2020,-0.6198,-0.6198,0.0,0,county
29137,2020,-0.5668,-0.5668,0.0,0,county
29139,2020,-0.5643,-0.5643,0.0,0,county
29141,2020,-0.5816,-0.5816,0.0,0,county
29143,2020,-0.5102,-0.5102,0.0,0,county
29145,2020,-0.5739,-0.5739,0.0,0,county
29147,2020,-0.4055,-0.4055,0.0,0,county
29149,2020,-0.6381,-0.6381,0.0,0,county
29151,2020,-0.7147,-0.7147,0.0,0,county
29153,2020,-0.6809,-0.6809,0.0,0,county
29155,2020,-0.4464,-0.4464,0.0,0,county
29157,2020,-0.6344,-0.6344,0.0,0,county
29159,2020,-0.475,-0.475,0.0,0,county
29161,2020,-0.4008,-0.4008,0.0,0,county
29163,2020,-0.5388,-0.5388,0.0,0,county
29165,2020,-0.0303,-0.0303,0.0,0,county
29167,2020,-0.5951,-0.5951,0.0,0,county
29169,2020,-0.4571,-0.4571,0.0,0,county
29171,2020,-0.6874,-0.6874,0.0,0,county
29173,2020,-0.5636,-0.5636,0.0,0,county
29175,2020,-0.515,-0.515,0.0,0,county
29177,2020,-0.4495,-0.4495,0.0,0,county
29179,2020,-0.6683,-0.6683,0.0,0,county
29181,2020,-0.7007,-0.7007,0.0,0,county
29183,2020,-0.175,-0.175,0.0,0,county
29185,2020,-0.5919,-0.5919,0.0,0,county
29186,2020,-0.413,-0.413,0.0,0,county
29187,2020,-0.4809,-0.4809,0.0,0,county
29189,2020,0.2398,0.2398,0.0,0,county
29195,2020,-0.3726,-0.3726,0.0,0,county
29197,2020,-0.6156,-0.6156,0.0,0,county
29199,2020,-0.5907,-0.5907,0.0,0,county
29201,2020,-0.5653,-0.5653,0.0,0,county
29203,2020,-0.6295,-0.6295,0.0,0,county
29205,2020,-0.6293,-0.6293,0.0,0,county
29207,2020,-0.7199,-0.7199,0.0,0,county
29209,2020,-0.611,-0.611,0.0,0,county
29211,2020,-0.6054,-0.6054,0.0,0,county
29213,2020,-0.577,-0.577,0.0,0,county
29215,2020,-0.686,-0.686,0.0,0,county
29217,2020,-0.5718,-0.5718,0.0,0,county
29219,2020,-0.46,-0.46,0.0,0,county
29221,2020,-0.6258,-0.6258,0.0,0,county
29223,2020,-0.7047,-0.7047,0.0,0,county
29225,2020,-0.6021,-0.6021,0.0,0,county
29227,2020,-0.598,-0.598,0.0,0,county
29229,2020,-0.7192,-0.7192,0.0,0,county
29510,2020,0.662,0.662,0.0,0,county
30001,2020,-0.4089,-0.4089,0.0,0,county
30003,2020,0.0594,0.0594,0.0,0,county
30005,2020,0.0385,0.0385,0.0,0,county
30007,2020,-0.5707,-0.5707,0.0,0,county
30009,2020,-0.2903,-0.2883,0.002,0,county
30011,2020,-0.8113,-0.8113,0.0,0,county
30013,2020,-0.197,-0.197,0.0,0,county
30015,2020,-0.3035,-0.3026,0.0009,0,county
30017,2020,-0.4592,-0.4574,0.0018,0,county
30019,2020,-0.5957,-0.5957,0.0,0,county
30021,2020,-0.5795,-0.578,0.0015,0,county
30023,2020,0.0769,0.0769,0.0,0,county
30025,2020,-0.7638,-0.7638,0.0,0,county
30027,2020,-0.5184,-0.5165,0.0019,0,county
30029,2020,-0.3011,-0.2995,0.0016,0,county
30031,2020,0.0753,0.0748,0.0005,0,county
30033,2020,-0.8893,-0.8893,0.0,0,county
30035,2020,0.3073,0.3061,0.0012,0,county
30037,2020,-0.668,-0.668,0.0,0,county
30039,2020,-0.3716,-0.3716,0.0,0,county
30041,2020,-0.1359,-0.1359,0.0,0,county
30043,2020,-0.3337,-0.3321,0.0016,0,county
30045,2020,-0.5692,-0.5692,0.0,0,county
30047,2020,-0.1447,-0.1447,0.0,0,county
30049,2020,-0.0394,-0.0392,0.0002,0,county
30051,2020,-0.5282,-0.5282,0.0,0,county
30053,2020,-0.4969,-0.4969,0.0,0,county
30055,2020,-0.7101,-0.7101,0.0,0,county
30057,2020,-0.3976,-0.3959,0.0017,0,county
30059,2020,-0.518,-0.518,0.0,0,county
30061,2020,-0.4456,-0.4456,0.0,0,county
30063,2020,0.2379,0.2363,0.0016,0,county
30065,2020,-0.6977,-0.6977,0.0,0,county
30067,2020,-0.0644,-0.0641,0.0003,0,county
30069,2020,-0.7443,-0.7379,0.0064,0,county
30071,2020,-0.6381,-0.637,0.0011,0,county
30073,2020,-0.3766,-0.3766,0.0,0,county
30075,2020,-0.7183,-0.7183,0.0,0,county
30077,2020,-0.5042,-0.5017,0.0025,0,county
30079,2020,-0.6411,-0.6411,0.0,0,county
30081,2020,-0.3631,-0.3631,0.0,0,county
30083,2020,-0.677,-0.677,0.0,0,county
30085,2020,-0.0214,-0.0214,0.0,0,county
30087,2020,-0.3411,-0.3401,0.001,0,county
30089,2020,-0.5038,-0.5018,0.002,0,county
30091,2020,-0.4084,-0.4084,0.0,0,county
30093,2020,0.1419,0.1406,0.0013,0,county
30095,2020,-0.5776,-0.5759,0.0017,0,county
30097,2020,-0.5278,-0.5278,0.0,0,county
30099,2020,-0.4352,-0.4333,0.0019,0,county
30101,2020,-0.5328,-0.5318,0.001,0,county
30103,2020,-0.6413,-0.6413,0.0,0,county
30105,2020,-0.494,-0.4927,0.0013,0,county
30107,2020,-0.5599,-0.5599,0.0,0,county
30109,2020,-0.7341,-0.7341,0.0,0,county
30111,2020,-0.2397,-0.2397,0.0,0,county
31001,2020,-0.4021,-0.4007,0.0014,0,county
31003,2020,-0.7371,-0.7371,0.0,0,county
31005,2020,-0.8415,-0.8386,0.0029,0,county
31007,2020,-0.778,-0.7762,0.0018,0,county
31009,2020,-0.7729,-0.7729,0.0,0,county
31011,2020,-0.6696,-0.6677,0.0019,0,county
31013,2020,-0.5696,-0.5675,0.0021,0,county
31015,2020,-0.7589,-0.7576,0.0013,0,county
31017,2020,-0.7618,-0.7595,0.0023,0,county
31019,2020,-0.4362,-0.434,0.0022,0,county
31021,2020,-0.4066,-0.4057,0.0009,0,county
31023,2020,-0.5934,-0.5907,0.0027,0,county
31025,2020,-0.3523,-0.3513,0.001,0,county
31027,2020,-0.6904,-0.6877,0.0027,0,county
31029,2020,-0.7597,-0.757,0.0027,0,county
31031,2020,-0.7568,-0.7559,0.0009,0,county
31033,2020,-0.6208,-0.6193,0.0015,0,county
31035,2020,-0.6228,-0.6207,0.0021,0,county
31037,2020,-0.4334,-0.4324,0.001,0,county
31039,2020,-0.5925,-0.5914,0.0011,0,county
31041,2020,-0.7182,-0.7161,0.0021,0,county
31043,2020,-0.174,-0.1734,0.0006,0,county
31045,2020,-0.4487,-0.4454,0.0033,0,county
31047,2020,-0.4388,-0.4381,0.0007,0,county
31049,2020,-0.7074,-0.706,0.0014,0,county
31051,2020,-0.5462,-0.5443,0.0019,0,county
31053,2020,-0.3224,-0.3212,0.0012,0,county
31055,2020,0.1134,0.1128,0.0006,0,county
31057,2020,-0.7788,-0.7757,0.0031,0,county
31059,2020,-0.5316,-0.5292,0.0024,0,county
31061,2020,-0.6734,-0.6719,0.0015,0,county
31063,2020,-0.7222,-0.7192,0.003,0,county
31065,2020,-0.6782,-0.6779,0.0003,0,county
31067,2020,-0.3668,-0.3651,0.0017,0,county
31069,2020,-0.7155,-0.7125,0.003,0,county
31071,2020,-0.7442,-0.7435,0.0007,0,county
31073,2020,-0.6064,-0.6048,0.0016,0,county
31075,2020,-0.8831,-0.8831,0.0,0,county
31077,2020,-0.6256,-0.6251,0.0005,0,county
31079,2020,-0.3491,-0.348,0.0011,0,county
31081,2020,-0.5767,-0.5733,0.0034,0,county
31083,2020,-0.6914,-0.6892,0.0022,0,county
31085,2020,-0.8614,-0.8582,0.0032,0,county
31087,2020,-0.7413,-0.7408,0.0005,0,county
31089,2020,-0.7374,-0.7357,0.0017,0,county
31091,2020,-0.7172,-0.7172,0.0,0,county
31093,2020,-0.6107,-0.6089,0.0018,0,county
31095,2020,-0.4306,-0.429,0.0016,0,county
31097,2020,-0.3908,-0.3901,0.0007,0,county
31099,2020,-0.5885,-0.5864,0.0021,0,county
31101,2020,-0.6373,-0.6365,0.0008,0,county
31103,2020,-0.8072,-0.8057,0.0015,0,county
31105,2020,-0.691,-0.6899,0.0011,0,county
31107,2020,-0.5995,-0.5981,0.0014,0,county
31109,2020,0.0782,0.0776,0.0006,0,county
31111,2020,-0.5483,-0.5465,0.0018,0,county
31113,2020,-0.82,-0.82,0.0,0,county
31115,2020,-0.6498,-0.6498,0.0,0,county
31117,2020,-0.8543,-0.8543,0.0,0,county
31119,2020,-0.5368,-0.5349,0.0019,0,county
31121,2020,-0.6286,-0.6249,0.0037,0,county
31123,2020,-0.6754,-0.6751,0.0003,0,county
31125,2020,-0.5897,-0.5884,0.0013,0,county
31127,2020,-0.4403,-0.4391,0.0012,0,county
31129,2020,-0.6287,-0.6282,0.0005,0,county
31131,2020,-0.3799,-0.3781,0.0018,0,county
31133,2020,-0.5241,-0.5241,0.0,0,county
31135,2020,-0.7267,-0.7262,0.0005,0,county
31137,2020,-0.6798,-0.6782,0.0016,0,county
31139,2020,-0.7444,-0.7433,0.0011,0,county
31141,2020,-0.5695,-0.5678,0.0017,0,county
31143,2020,-0.6117,-0.61,0.0017,0,county
31145,2020,-0.6812,-0.679,0.0022,0,county
31147,2020,-0.5034,-0.5024,0.001,0,county
31149,2020,-0.7848,-0.7838,0.001,0,county
31151,2020,-0.2851,-0.2846,0.0005,0,county
31153,2020,-0.1126,-0.112,0.0006,0,county
31155,2020,-0.4536,-0.4518,0.0018,0,county
31157,2020,-0.4367,-0.4352,0.0015,0,county
31159,2020,-0.4432,-0.4405,0.0027,0,county
31161,2020,-0.7305,-0.7273,0.0032,0,county
31163,2020,-0.5766,-0.5759,0.0007,0,county
31165,2020,-0.7819,-0.7798,0.0021,0,county
31167,2020,-0.6419,-0.6411,0.0008,0,county
31169,2020,-0.5651,-0.5634,0.0017,0,county
31171,2020,-0.7775,-0.7775,0.0,0,county
31173,2020,-0.0249,-0.0244,0.0005,0,county
31175,2020,-0.6363,-0.6352,0.0011,0,county
31177,2020,-0.4051,-0.4034,0.0017,0,county
31179,2020,-0.484,-0.482,0.002,0,county
31181,2020,-0.6269,-0.6269,0.0,0,county
31183,2020,-0.755,-0.7535,0.0015,0,county
31185,2020,-0.519,-0.5177,0.0013,0,county
32001,2020,-0.4906,-0.4904,0.0002,0,county
32003,2020,0.0936,0.0935,0.0001,0,county
32005,2020,-0.2947,-0.2948,0.0001,0,county
32007,2020,-0.5547,-0.5547,0.0,0,county
32009,2020,-0.6729,-0.6694,0.0035,0,county
32011,2020,-0.7768,-0.7768,0.0,0,county
32013,2020,-0.5389,-0.5389,0.0,0,county
32015,2020,-0.6156,-0.6156,0.0,0,county
32017,2020,-0.7101,-0.7101,0.0,0,county
32019,2020,-0.4113,-0.4114,0.0001,0,county
32021,2020,-0.2561,-0.2544,0.0017,0,county
32023,2020,-0.4035,-0.4035,0.0,0,county
32027,2020,-0.5103,-0.5103,0.0,0,county
32029,2020,-0.349,-0.3497,0.0007,0,county
32031,2020,0.0452,0.0451,0.0001,0,county
32033,2020,-0.5831,-0.5823,0.0008,0,county
32510,2020,-0.1136,-0.1136,0.0,0,county
33001,2020,-0.1043,-0.1042,0.0001,0,county
33003,2020,0.015,0.015,0.0,0,county
33005,2020,0.1724,0.1722,0.0002,0,county
33007,2020,-0.0592,-0.0591,0.0001,0,county
33009,2020,0.246,0.2459,0.0001,0,county
33011,2020,0.0767,0.0767,0.0,0,county
33013,2020,0.0982,0.0981,0.0001,0,county
33015,2020,0.0212,0.0211,0.0001,0,county
33017,2020,0.1526,0.1523,0.0003,0,county
33019,2020,0.0362,0.0362,0.0,0,county
34001,2020,0.0669,0.0667,0.0002,0,county
34003,2020,0.1645,0.1639,0.0006,0,county
34005,2020,0.196,0.1951,0.0009,0,county
34007,2020,0.3358,0.3346,0.0012,0,county
34009,2020,-0.1597,-0.1591,0.0006,0,county
34011,2020,0.0607,0.0606,0.0001,0,county
34013,2020,0.5541,0.5541,0.0,0,county
34015,2020,0.0195,0.0194,0.0001,0,county
34017,2020,0.4633,0.4622,0.0011,0,county
34019,2020,-0.0439,-0.0437,0.0002,0,county
34021,2020,0.4014,0.4,0.0014,0,county
34023,2020,0.2211,0.2203,0.0008,0,county
34025,2020,-0.0278,-0.0278,0.0,0,county
34027,2020,0.0426,0.0424,0.0002,0,county
34029,2020,-0.2878,-0.2868,0.001,0,county
34031,2020,0.1658,0.1653,0.0005,0,county
34033,2020,-0.1282,-0.1277,0.0005,0,county
34035,2020,0.2108,0.2096,0.0012,0,county
34037,2020,-0.1957,-0.1949,0.0008,0,county
34039,2020,0.3567,0.3552,0.0015,0,county
34041,2020,-0.1623,-0.1616,0.0007,0,county
35001,2020,0.2444,0.2444,0.0,0,county
35003,2020,-0.4742,-0.4742,0.0,0,county
35005,2020,-0.4133,-0.4133,0.0,0,county
35006,2020,0.0865,0.0865,0.0,0,county
35007,2020,-0.1097,-0.1097,0.0,0,county
35009,2020,-0.4064,-0.4064,0.0,0,county
35011,2020,-0.4717,-0.4717,0.0,0,county
35013,2020,0.1834,0.1834,0.0,0,county
35015,2020,-0.518,-0.518,0.0,0,county
35017,2020,0.0718,0.0718,0.0,0,county
35019,2020,0.1448,0.1448,0.0,0,county
35021,2020,-0.2772,-0.2772,0.0,0,county
35023,2020,-0.1505,-0.1505,0.0,0,county
35025,2020,-0.5961,-0.5961,0.0,0,county
35027,2020,-0.3637,-0.3637,0.0,0,county
35028,2020,0.2665,0.2665,0.0,0,county
35029,2020,-0.1043,-0.1043,0.0,0,county
35031,2020,0.3862,0.3862,0.0,0,county
35033,2020,0.3135,0.3135,0.0,0,county
35035,2020,-0.2561,-0.2561,0.0,0,county
35037,2020,-0.378,-0.378,0.0,0,county
35039,2020,0.3357,0.3357,0.0,0,county
35041,2020,-0.4286,-0.4286,0.0,0,county
35043,2020,0.0838,0.0838,0.0,0,county
35045,2020,-0.2828,-0.2828,0.0,0,county
35047,2020,0.3874,0.3874,0.0,0,county
35049,2020,0.5375,0.5375,0.0,0,county
35051,2020,-0.2148,-0.2148,0.0,0,county
35053,2020,0.0652,0.0652,0.0,0,county
35055,2020,0.5475,0.5475,0.0,0,county
35057,2020,-0.3335,-0.3335,0.0,0,county
35059,2020,-0.5618,-0.5618,0.0,0,county
35061,2020,-0.0961,-0.0961,0.0,0,county
36001,2020,0.3128,0.314,0.0012,0,county
36003,2020,-0.387,-0.3891,0.0021,0,county
36005,2020,0.6652,0.6756,0.0104,0,county
36007,2020,0.0343,0.0346,0.0003,0,county
36009,2020,-0.2934,-0.2949,0.0015,0,county
36011,2020,-0.0915,-0.0923,0.0008,0,county
36013,2020,-0.1969,-0.1984,0.0015,0,county
36015,2020,-0.1331,-0.1341,0.001,0,county
36017,2020,-0.2316,-0.233,0.0014,0,county
36019,2020,0.0519,0.0522,0.0003,0,county
36021,2020,0.1655,0.1667,0.0012,0,county
36023,2020,-0.0192,-0.0194,0.0002,0,county
36025,2020,-0.1839,-0.1843,0.0004,0,county
36027,2020,0.0959,0.0964,0.0005,0,county
36029,2020,0.1461,0.1472,0.0011,0,county
36031,2020,0.0499,0.0504,0.0005,0,county
36033,2020,-0.0214,-0.0215,0.0001,0,county
36035,2020,-0.3094,-0.3136,0.0042,0,county
36037,2020,-0.3143,-0.3166,0.0023,0,county
36039,2020,-0.155,-0.1558,0.0008,0,county
36041,2020,-0.3001,-0.3026,0.0025,0,county
36043,2020,-0.3022,-0.3047,0.0025,0,county
36045,2020,-0.1886,-0.1898,0.0012,0,county
36047,2020,0.5438,0.5481,0.0043,0,county
36049,2020,-0.3889,-0.3917,0.0028,0,county
36051,2020,-0.1802,-0.1817,0.0015,0,county
36053,2020,-0.1051,-0.1058,0.0007,0,county
36055,2020,0.2088,0.2102,0.0014,0,county
36057,2020,-0.2244,-0.2256,0.0012,0,county
36059,2020,0.0945,0.0952,0.0007,0,county
36061,2020,0.7383,0.7452,0.0069,0,county
36063,2020,-0.0957,-0.0965,0.0008,0,county
36065,2020,-0.1535,-0.155,0.0015,0,county
36067,2020,0.2048,0.2057,0.0009,0,county
36069,2020,-0.0002,-0.0002,0.0,0,county
36071,2020,-0.0018,-0.0018,0.0,0,county
36073,2020,-0.357,-0.3602,0.0032,0,county
36075,2020,-0.2004,-0.2018,0.0014,0,county
36077,2020,-0.0499,-0.0502,0.0003,0,county
36079,2020,-0.0783,-0.0787,0.0004,0,county
36081,2020,0.4486,0.4523,0.0037,0,county
36083,2020,0.0559,0.0563,0.0004,0,county
36085,2020,-0.1483,-0.1495,0.0012,0,county
36087,2020,0.0173,0.0174,0.0001,0,county
36089,2020,-0.1159,-0.1168,0.0009,0,county
36091,2020,0.0537,0.054,0.0003,0,county
36093,2020,0.1555,0.1567,0.0012,0,county
36095,2020,-0.2883,-0.2901,0.0018,0,county
36097,2020,-0.1753,-0.1759,0.0006,0,county
36099,2020,-0.09,-0.0905,0.0005,0,county
36101,2020,-0.2942,-0.2963,0.0021,0,county
36103,2020,-0.0103,-0.0003,0.01,0,county
36105,2020,-0.0904,-0.0917,0.0013,0,county
36107,2020,-0.2049,-0.2059,0.001,0,county
36109,2020,0.4891,0.4925,0.0034,0,county
36111,2020,0.2076,0.2092,0.0016,0,county
36113,2020,-0.0016,-0.0016,0.0,0,county
36115,2020,-0.1549,-0.1555,0.0006,0,county
36117,2020,-0.1943,-0.1956,0.0013,0,county
36119,2020,0.3627,0.3628,0.0001,0,county
36121,2020,-0.453,-0.4549,0.0019,0,county
36123,2020,-0.1844,-0.1859,0.0015,0,county
37001,2020,-0.084,-0.084,0.0,0,county
37003,2020,-0.5803,-0.5803,0.0,0,county
37005,2020,-0.5005,-0.5005,0.0,0,county
37007,2020,0.0418,0.0418,0.0,0,county
37009,2020,-0.4608,-0.4608,0.0,0,county
37011,2020,-0.5266,-0.5266,0.0,0,county
37013,2020,-0.2586,-0.2586,0.0,0,county
37015,2020,0.2162,0.2162,0.0,0,county
37017,2020,-0.1372,-0.1372,0.0,0,county
37019,2020,-0.25,-0.25,0.0,0,county
37021,2020,0.2111,0.2111,0.0,0,county
37023,2020,-0.4013,-0.4013,0.0,0,county
37025,2020,-0.0945,-0.0945,0.0,0,county
37027,2020,-0.5107,-0.5107,0.0,0,county
37029,2020,-0.4662,-0.4662,0.0,0,county
37031,2020,-0.4201,-0.4201,0.0,0,county
37033,2020,-0.185,-0.185,0.0,0,county
37035,2020,-0.3704,-0.3704,0.0,0,county
37037,2020,0.1152,0.1152,0.0,0,county
37039,2020,-0.5508,-0.5508,0.0,0,county
37041,2020,-0.1572,-0.1572,0.0,0,county
37043,2020,-0.4951,-0.4951,0.0,0,county
37045,2020,-0.3283,-0.3283,0.0,0,county
37047,2020,-0.2793,-0.2793,0.0,0,county
37049,2020,-0.1863,-0.1863,0.0,0,county
37051,2020,0.1661,0.1661,0.0,0,county
37053,2020,-0.4621,-0.4621,0.0,0,county
37055,2020,-0.1652,-0.1652,0.0,0,county
37057,2020,-0.4747,-0.4747,0.0,0,county
37059,2020,-0.4549,-0.4549,0.0,0,county
37061,2020,-0.2213,-0.2213,0.0,0,county
37063,2020,0.6238,0.6238,0.0,0,county
37065,2020,0.2702,0.2702,0.0,0,county
37067,2020,0.139,0.139,0.0,0,county
37069,2020,-0.1345,-0.1345,0.0,0,county
37071,2020,-0.2777,-0.2777,0.0,0,county
37073,2020,-0.1375,-0.1375,0.0,0,county
37075,2020,-0.6013,-0.6013,0.0,0,county
37077,2020,-0.0659,-0.0659,0.0,0,county
37079,2020,-0.119,-0.119,0.0,0,county
37081,2020,0.2313,0.2313,0.0,0,county
37083,2020,0.2122,0.2122,0.0,0,county
37085,2020,-0.2245,-0.2245,0.0,0,county
37087,2020,-0.2652,-0.2652,0.0,0,county
37089,2020,-0.1875,-0.1875,0.0,0,county
37091,2020,0.3402,0.3402,0.0,0,county
37093,2020,0.1086,0.1086,0.0,0,county
37095,2020,-0.1493,-0.1493,0.0,0,county
37097,2020,-0.3235,-0.3235,0.0,0,county
37099,2020,-0.0824,-0.0824,0.0,0,county
37101,2020,-0.2433,-0.2433,0.0,0,county
37103,2020,-0.196,-0.196,0.0,0,county
37105,2020,-0.1491,-0.1491,0.0,0,county
37107,2020,-0.0347,-0.0347,0.0,0,county
37109,2020,-0.4593,-0.4593,0.0,0,county
37111,2020,-0.4804,-0.4804,0.0,0,county
37113,2020,-0.3848,-0.3848,0.0,0,county
37115,2020,-0.2354,-0.2354,0.0,0,county
37117,2020,-0.0495,-0.0495,0.0,0,county
37119,2020,0.3508,0.3508,0.0,0,county
37121,2020,-0.5777,-0.5777,0.0,0,county
37123,2020,-0.3178,-0.3178,0.0,0,county
37125,2020,-0.274,-0.274,0.0,0,county
37127,2020,0.0023,0.0023,0.0,0,county
37129,2020,0.0213,0.0213,0.0,0,county
37131,2020,0.2057,0.2058,0.0001,0,county
37133,2020,-0.302,-0.302,0.0,0,county
37135,2020,0.5108,0.5108,0.0,0,county
37137,2020,-0.2799,-0.2799,0.0,0,county
37139,2020,0.0031,0.0031,0.0,0,county
37141,2020,-0.2995,-0.2995,0.0,0,county
37143,2020,-0.3222,-0.3222,0.0,0,county
37145,2020,-0.2155,-0.2155,0.0,0,county
37147,2020,0.0944,0.0944,0.0,0,county
37149,2020,-0.2566,-0.2566,0.0,0,county
37151,2020,-0.563,-0.563,0.0,0,county
37153,2020,-0.1481,-0.1481,0.0,0,county
37155,2020,-0.1862,-0.1862,0.0,0,county
37157,2020,-0.3202,-0.3202,0.0,0,county
37159,2020,-0.3567,-0.3567,0.0,0,county
37161,2020,-0.4576,-0.4576,0.0,0,county
37163,2020,-0.2252,-0.2252,0.0,0,county
37165,2020,-0.0194,-0.0194,0.0,0,county
37167,2020,-0.5106,-0.5106,0.0,0,county
37169,2020,-0.578,-0.578,0.0,0,county
37171,2020,-0.5136,-0.5136,0.0,0,county
37173,2020,-0.1954,-0.1954,0.0,0,county
37175,2020,-0.1564,-0.1564,0.0,0,county
37177,2020,-0.1574,-0.1574,0.0,0,county
37179,2020,-0.2416,-0.2416,0.0,0,county
37181,2020,0.1924,0.1924,0.0,0,county
37183,2020,0.2645,0.2645,0.0,0,county
37185,2020,0.2573,0.2573,0.0,0,county
37187,2020,0.0991,0.0991,0.0,0,county
37189,2020,0.0829,0.0829,0.0,0,county
37191,2020,-0.1169,-0.1169,0.0,0,county
37193,2020,-0.5662,-0.5662,0.0,0,county
37195,2020,0.0288,0.0288,0.0,0,county
37197,2020,-0.6109,-0.6109,0.0,0,county
37199,2020,-0.3372,-0.3372,0.0,0,county
38001,2020,-0.5697,-0.5697,0.0,0,county
38003,2020,-0.3141,-0.3141,0.0,0,county
38005,2020,-0.1387,-0.1387,0.0,0,county
38007,2020,-0.7386,-0.7386,0.0,0,county
38009,2020,-0.5053,-0.5053,0.0,0,county
38011,2020,-0.7043,-0.7043,0.0,0,county
38013,2020,-0.742,-0.742,0.0,0,county
38015,2020,-0.4019,-0.4019,0.0,0,county
38017,2020,-0.0268,-0.0268,0.0,0,county
38019,2020,-0.5074,-0.5074,0.0,0,county
38021,2020,-0.4678,-0.4678,0.0,0,county
38023,2020,-0.5316,-0.5316,0.0,0,county
38025,2020,-0.6882,-0.6882,0.0,0,county
38027,2020,-0.3735,-0.3735,0.0,0,county
38029,2020,-0.7471,-0.7471,0.0,0,county
38031,2020,-0.5562,-0.5562,0.0,0,county
38033,2020,-0.7154,-0.7154,0.0,0,county
38035,2020,-0.1326,-0.1326,0.0,0,county
38037,2020,-0.6792,-0.6792,0.0,0,county
38039,2020,-0.4792,-0.4792,0.0,0,county
38041,2020,-0.6822,-0.6822,0.0,0,county
38043,2020,-0.6808,-0.6808,0.0,0,county
38045,2020,-0.5038,-0.5038,0.0,0,county
38047,2020,-0.7454,-0.7454,0.0,0,county
38049,2020,-0.5994,-0.5994,0.0,0,county
38051,2020,-0.6131,-0.6131,0.0,0,county
38053,2020,-0.6769,-0.6769,0.0,0,county
38055,2020,-0.5361,-0.5361,0.0,0,county
38057,2020,-0.6742,-0.6742,0.0,0,county
38059,2020,-0.5037,-0.5037,0.0,0,county
38061,2020,-0.3765,-0.3765,0.0,0,county
38063,2020,-0.3123,-0.3123,0.0,0,county
38065,2020,-0.7402,-0.7402,0.0,0,county
38067,2020,-0.5026,-0.5026,0.0,0,county
38069,2020,-0.5113,-0.5113,0.0,0,county
38071,2020,-0.3608,-0.3608,0.0,0,county
38073,2020,-0.1927,-0.1927,0.0,0,county
38075,2020,-0.6406,-0.6406,0.0,0,county
38077,2020,-0.328,-0.328,0.0,0,county
38079,2020,0.322,0.322,0.0,0,county
38081,2020,-0.2551,-0.2551,0.0,0,county
38083,2020,-0.7192,-0.7192,0.0,0,county
38085,2020,0.4604,0.4604,0.0,0,county
38087,2020,-0.7869,-0.7869,0.0,0,county
38089,2020,-0.6386,-0.6386,0.0,0,county
38091,2020,-0.239,-0.239,0.0,0,county
38093,2020,-0.4336,-0.4336,0.0,0,county
38095,2020,-0.437,-0.437,0.0,0,county
38097,2020,-0.2488,-0.2488,0.0,0,county
38099,2020,-0.4163,-0.4163,0.0,0,county
38101,2020,-0.4489,-0.4489,0.0,0,county
38103,2020,-0.6112,-0.6112,0.0,0,county
38105,2020,-0.6676,-0.6676,0.0,0,county
39001,2020,-0.6352,-0.6352,0.0,0,county
39003,2020,-0.3951,-0.3951,0.0,0,county
39005,2020,-0.4873,-0.4873,0.0,0,county
39007,2020,-0.2354,-0.2354,0.0,0,county
39009,2020,0.15,0.15,0.0,0,county
39011,2020,-0.6264,-0.6264,0.0,0,county
39013,2020,-0.4359,-0.4359,0.0,0,county
39015,2020,-0.5736,-0.5736,0.0,0,county
39017,2020,-0.2398,-0.2398,0.0,0,county
39019,2020,-0.5273,-0.5273,0.0,0,county
39021,2020,-0.477,-0.477,0.0,0,county
39023,2020,-0.2329,-0.2329,0.0,0,county
39025,2020,-0.3664,-0.3664,0.0,0,county
39027,2020,-0.5257,-0.5257,0.0,0,county
39029,2020,-0.4486,-0.4486,0.0,0,county
39031,2020,-0.4899,-0.4899,0.0,0,county
39033,2020,-0.5086,-0.5086,0.0,0,county
39035,2020,0.3412,0.3412,0.0,0,county
39037,2020,-0.6366,-0.6366,0.0,0,county
39039,2020,-0.3641,-0.3641,0.0,0,county
39041,2020,-0.0684,-0.0684,0.0,0,county
39043,2020,-0.1157,-0.1157,0.0,0,county
39045,2020,-0.2349,-0.2349,0.0,0,county
39047,2020,-0.5152,-0.5152,0.0,0,county
39049,2020,0.3139,0.3139,0.0,0,county
39051,2020,-0.3982,-0.3982,0.0,0,county
39053,2020,-0.5548,-0.5548,0.0,0,county
39055,2020,-0.231,-0.231,0.0,0,county
39057,2020,-0.1949,-0.1949,0.0,0,county
39059,2020,-0.4844,-0.4844,0.0,0,county
39061,2020,0.1587,0.1587,0.0,0,county
39063,2020,-0.3754,-0.3754,0.0,0,county
39065,2020,-0.5199,-0.5199,0.0,0,county
39067,2020,-0.5257,-0.5257,0.0,0,county
39069,2020,-0.4346,-0.4346,0.0,0,county
39071,2020,-0.6037,-0.6037,0.0,0,county
39073,2020,-0.4237,-0.4237,0.0,0,county
39075,2020,-0.6798,-0.6798,0.0,0,county
39077,2020,-0.4118,-0.4118,0.0,0,county
39079,2020,-0.5406,-0.5406,0.0,0,county
39081,2020,-0.384,-0.384,0.0,0,county
39083,2020,-0.438,-0.438,0.0,0,county
39085,2020,-0.1361,-0.1361,0.0,0,county
39087,2020,-0.4557,-0.4557,0.0,0,county
39089,2020,-0.2809,-0.2809,0.0,0,county
39091,2020,-0.5524,-0.5524,0.0,0,county
39093,2020,-0.0245,-0.0245,0.0,0,county
39095,2020,0.1677,0.1677,0.0,0,county
39097,2020,-0.4098,-0.4098,0.0,0,county
39099,2020,-0.019,-0.019,0.0,0,county
39101,2020,-0.3866,-0.3866,0.0,0,county
39103,2020,-0.2343,-0.2343,0.0,0,county
39105,2020,-0.5318,-0.5318,0.0,0,county
39107,2020,-0.649,-0.649,0.0,0,county
39109,2020,-0.4435,-0.4435,0.0,0,county
39111,2020,-0.5397,-0.5397,0.0,0,county
39113,2020,0.0225,0.0225,0.0,0,county
39115,2020,-0.4843,-0.4843,0.0,0,county
39117,2020,-0.5434,-0.5434,0.0,0,county
39119,2020,-0.3928,-0.3928,0.0,0,county
39121,2020,-0.6251,-0.6251,0.0,0,county
39123,2020,-0.2341,-0.2341,0.0,0,county
39125,2020,-0.5147,-0.5147,0.0,0,county
39127,2020,-0.4953,-0.4953,0.0,0,county
39129,2020,-0.4701,-0.4701,0.0,0,county
39131,2020,-0.4872,-0.4872,0.0,0,county
39133,2020,-0.1246,-0.1246,0.0,0,county
39135,2020,-0.5745,-0.5745,0.0,0,county
39137,2020,-0.6635,-0.6635,0.0,0,county
39139,2020,-0.3974,-0.3974,0.0,0,county
39141,2020,-0.352,-0.352,0.0,0,county
39143,2020,-0.276,-0.276,0.0,0,county
39145,2020,-0.4222,-0.4222,0.0,0,county
39147,2020,-0.3417,-0.3417,0.0,0,county
39149,2020,-0.6318,-0.6318,0.0,0,county
39151,2020,-0.1853,-0.1853,0.0,0,county
39153,2020,0.0957,0.0957,0.0,0,county
39155,2020,-0.1057,-0.1057,0.0,0,county
39157,2020,-0.3992,-0.3992,0.0,0,county
39159,2020,-0.3148,-0.3148,0.0,0,county
39161,2020,-0.5735,-0.5735,0.0,0,county
39163,2020,-0.5474,-0.5474,0.0,0,county
39165,2020,-0.308,-0.308,0.0,0,county
39167,2020,-0.4079,-0.4079,0.0,0,county
39169,2020,-0.3703,-0.3703,0.0,0,county
39171,2020,-0.4616,-0.4616,0.0,0,county
39173,2020,-0.076,-0.076,0.0,0,county
39175,2020,-0.503,-0.503,0.0,0,county
40001,2020,-0.5906,-0.5906,0.0,0,county
40003,2020,-0.7719,-0.7719,0.0,0,county
40005,2020,-0.7037,-0.7037,0.0,0,county
40007,2020,-0.8163,-0.8163,0.0,0,county
40009,2020,-0.7196,-0.7196,0.0,0,county
40011,2020,-0.6275,-0.6275,0.0,0,county
40013,2020,-0.5647,-0.5647,0.0,0,county
40015,2020,-0.4405,-0.4405,0.0,0,county
40017,2020,-0.4328,-0.4328,0.0,0,county
40019,2020,-0.5251,-0.5251,0.0,0,county
40021,2020,-0.2933,-0.2933,0.0,0,county
40023,2020,-0.62,-0.62,0.0,0,county
40025,2020,-0.8539,-0.8539,0.0,0,county
40027,2020,-0.1407,-0.1407,0.0,0,county
40029,2020,-0.6803,-0.6803,0.0,0,county
40031,2020,-0.2009,-0.2009,0.0,0,county
40033,2020,-0.6703,-0.6703,0.0,0,county
40035,2020,-0.5751,-0.5751,0.0,0,county
40037,2020,-0.548,-0.548,0.0,0,county
40039,2020,-0.5323,-0.5323,0.0,0,county
40041,2020,-0.5848,-0.5848,0.0,0,county
40043,2020,-0.8097,-0.8097,0.0,0,county
40045,2020,-0.8147,-0.8147,0.0,0,county
40047,2020,-0.5373,-0.5373,0.0,0,county
40049,2020,-0.6421,-0.6421,0.0,0,county
40051,2020,-0.6231,-0.6231,0.0,0,county
40053,2020,-0.735,-0.735,0.0,0,county
40055,2020,-0.6472,-0.6472,0.0,0,county
40057,2020,-0.6109,-0.6109,0.0,0,county
40059,2020,-0.8009,-0.8009,0.0,0,county
40061,2020,-0.6745,-0.6745,0.0,0,county
40063,2020,-0.6086,-0.6086,0.0,0,county
40065,2020,-0.5773,-0.5773,0.0,0,county
40067,2020,-0.7157,-0.7157,0.0,0,county
40069,2020,-0.6359,-0.6359,0.0,0,county
40071,2020,-0.5098,-0.5098,0.0,0,county
40073,2020,-0.7219,-0.7219,0.0,0,county
40075,2020,-0.576,-0.576,0.0,0,county
40077,2020,-0.6296,-0.6296,0.0,0,county
40079,2020,-0.6336,-0.6336,0.0,0,county
40081,2020,-0.6316,-0.6316,0.0,0,county
40083,2020,-0.4706,-0.4706,0.0,0,county
40085,2020,-0.6364,-0.6364,0.0,0,county
40087,2020,-0.6089,-0.6089,0.0,0,county
40089,2020,-0.6651,-0.6651,0.0,0,county
40091,2020,-0.4968,-0.4968,0.0,0,county
40093,2020,-0.7972,-0.7972,0.0,0,county
40095,2020,-0.6252,-0.6252,0.0,0,county
40097,2020,-0.5514,-0.5514,0.0,0,county
40099,2020,-0.5864,-0.5864,0.0,0,county
40101,2020,-0.3389,-0.3389,0.0,0,county
40103,2020,-0.5707,-0.5707,0.0,0,county
40105,2020,-0.66,-0.66,0.0,0,county
40107,2020,-0.5354,-0.5354,0.0,0,county
40109,2020,-0.0113,-0.0113,0.0,0,county
40111,2020,-0.3711,-0.3711,0.0,0,county
40113,2020,-0.3953,-0.3953,0.0,0,county
40115,2020,-0.5122,-0.5122,0.0,0,county
40117,2020,-0.5753,-0.5753,0.0,0,county
40119,2020,-0.2331,-0.2331,0.0,0,county
40121,2020,-0.5625,-0.5625,0.0,0,county
40123,2020,-0.4366,-0.4366,0.0,0,county
40125,2020,-0.46,-0.46,0.0,0,county
40127,2020,-0.7065,-0.7065,0.0,0,county
40129,2020,-0.7966,-0.7966,0.0,0,county
40131,2020,-0.5486,-0.5486,0.0,0,county
40133,2020,-0.4631,-0.4631,0.0,0,county
40135,2020,-0.59,-0.59,0.0,0,county
40137,2020,-0.651,-0.651,0.0,0,county
40139,2020,-0.654,-0.654,0.0,0,county
40141,2020,-0.5462,-0.5462,0.0,0,county
40143,2020,-0.1559,-0.1559,0.0,0,county
40145,2020,-0.5009,-0.5009,0.0,0,county
40147,2020,-0.4802,-0.4802,0.0,0,county
40149,2020,-0.7302,-0.7302,0.0,0,county
40151,2020,-0.6531,-0.6531,0.0,0,county
40153,2020,-0.7201,-0.7201,0.0,0,county
41001,2020,-0.504,-0.504,0.0,0,county
41003,2020,0.3968,0.3968,0.0,0,county
41005,2020,0.1107,0.1107,0.0,0,county
41007,2020,0.1128,0.1128,0.0,0,county
41009,2020,-0.1029,-0.1029,0.0,0,county
41011,2020,-0.2046,-0.2046,0.0,0,county
41013,2020,-0.4846,-0.4846,0.0,0,county
41015,2020,-0.1625,-0.1625,0.0,0,county
41017,2020,0.0824,0.0824,0.0,0,county
41019,2020,-0.3751,-0.3751,0.0,0,county
41021,2020,-0.4329,-0.4329,0.0,0,county
41023,2020,-0.5692,-0.5692,0.0,0,county
41025,2020,-0.576,-0.576,0.0,0,county
41027,2020,0.3674,0.3674,0.0,0,county
41029,2020,-0.0345,-0.0345,0.0,0,county
41031,2020,-0.2347,-0.2347,0.0,0,county
41033,2020,-0.2575,-0.2575,0.0,0,county
41035,2020,-0.4063,-0.4063,0.0,0,county
41037,2020,-0.6138,-0.6138,0.0,0,county
41039,2020,0.2431,0.2431,0.0,0,county
41041,2020,0.1603,0.1603,0.0,0,county
41043,2020,-0.2337,-0.2337,0.0,0,county
41045,2020,-0.4174,-0.4174,0.0,0,county
41047,2020,0.0113,0.0113,0.0,0,county
41049,2020,-0.4328,-0.4328,0.0,0,county
41051,2020,0.6131,0.6131,0.0,0,county
41053,2020,-0.0169,-0.0169,0.0,0,county
41055,2020,-0.5472,-0.5472,0.0,0,county
41057,2020,-0.0171,-0.0171,0.0,0,county
41059,2020,-0.3197,-0.3197,0.0,0,county
41061,2020,-0.4044,-0.4044,0.0,0,county
41063,2020,-0.3455,-0.3455,0.0,0,county
41065,2020,-0.0305,-0.0305,0.0,0,county
41067,2020,0.3461,0.3461,0.0,0,county
41069,2020,-0.5119,-0.5119,0.0,0,county
41071,2020,-0.0403,-0.0403,0.0,0,county
42001,2020,-0.3416,-0.3406,0.001,0,county
42003,2020,0.2039,0.204,0.0001,0,county
42005,2020,-0.5233,-0.5233,0.0,0,county
42007,2020,-0.1768,-0.1768,0.0,0,county
42009,2020,-0.6767,-0.6767,0.0,0,county
42011,2020,-0.0819,-0.0819,0.0,0,county
42013,2020,-0.4351,-0.4351,0.0,0,county
42015,2020,-0.4494,-0.4494,0.0,0,county
42017,2020,0.0438,0.0438,0.0,0,county
42019,2020,-0.3252,-0.3252,0.0,0,county
42021,2020,-0.3734,-0.3734,0.0,0,county
42023,2020,-0.4671,-0.4671,0.0,0,county
42025,2020,-0.3203,-0.3203,0.0,0,county
42027,2020,0.0475,0.0475,0.0,0,county
42029,2020,0.1711,0.1704,0.0007,0,county
42031,2020,-0.5079,-0.5079,0.0,0,county
42033,2020,-0.4954,-0.4945,0.0009,0,county
42035,2020,-0.3631,-0.3631,0.0,0,county
42037,2020,-0.3069,-0.3069,0.0,0,county
42039,2020,-0.3722,-0.3722,0.0,0,county
42041,2020,-0.1057,-0.1057,0.0,0,county
42043,2020,0.0853,0.0853,0.0,0,county
42045,2020,0.268,0.2671,0.0009,0,county
42047,2020,-0.4506,-0.4506,0.0,0,county
42049,2020,0.0103,0.0103,0.0,0,county
42051,2020,-0.3345,-0.3345,0.0,0,county
42053,2020,-0.4361,-0.4361,0.0,0,county
42055,2020,-0.4311,-0.4311,0.0,0,county
42057,2020,-0.7194,-0.7194,0.0,0,county
42059,2020,-0.434,-0.434,0.0,0,county
42061,2020,-0.5097,-0.5097,0.0,0,county
42063,2020,-0.3751,-0.3751,0.0,0,county
42065,2020,-0.5885,-0.5885,0.0,0,county
42067,2020,-0.6141,-0.6141,0.0,0,county
42069,2020,0.0837,0.0837,0.0,0,county
42071,2020,-0.1583,-0.1577,0.0006,0,county
42073,2020,-0.2956,-0.2956,0.0,0,county
42075,2020,-0.3182,-0.3173,0.0009,0,county
42077,2020,0.076,0.076,0.0,0,county
42079,2020,-0.1439,-0.1439,0.0,0,county
42081,2020,-0.4133,-0.4133,0.0,0,county
42083,2020,-0.4616,-0.4616,0.0,0,county
42085,2020,-0.2601,-0.2601,0.0,0,county
42087,2020,-0.5612,-0.5612,0.0,0,county
42089,2020,0.0636,0.0636,0.0,0,county
42091,2020,0.2628,0.2628,0.0,0,county
42093,2020,-0.2122,-0.2112,0.001,0,county
42095,2020,0.0072,0.0072,0.0,0,county
42097,2020,-0.3849,-0.3849,0.0,0,county
42099,2020,-0.5007,-0.5007,0.0,0,county
42101,2020,0.6354,0.6354,0.0,0,county
42103,2020,-0.1903,-0.1903,0.0,0,county
42105,2020,-0.6082,-0.6082,0.0,0,county
42107,2020,-0.3986,-0.3986,0.0,0,county
42109,2020,-0.474,-0.474,0.0,0,county
42111,2020,-0.5627,-0.5627,0.0,0,county
42113,2020,-0.4723,-0.4723,0.0,0,county
42115,2020,-0.4124,-0.4124,0.0,0,county
42117,2020,-0.5118,-0.5118,0.0,0,county
42119,2020,-0.2427,-0.2427,0.0,0,county
42121,2020,-0.4141,-0.4141,0.0,0,county
42123,2020,-0.3957,-0.3957,0.0,0,county
42125,2020,-0.2278,-0.2278,0.0,0,county
42127,2020,-0.3363,-0.3363,0.0,0,county
42129,2020,-0.2838,-0.2831,0.0007,0,county
42131,2020,-0.3521,-0.3521,0.0,0,county
42133,2020,-0.2458,-0.2458,0.0,0,county
44001,2020,0.2923,0.2923,0.0,0,county
44003,2020,0.0764,0.0764,0.0,0,county
44005,2020,0.2983,0.2983,0.0,0,county
44007,2020,0.2291,0.2291,0.0,0,county
44009,2020,0.1937,0.1937,0.0,0,county
45001,2020,-0.3309,-0.3309,0.0,0,county
45003,2020,-0.2267,-0.2267,0.0,0,county
45005,2020,0.5241,0.5241,0.0,0,county
45007,2020,-0.4204,-0.4204,0.0,0,county
45009,2020,0.2458,0.2458,0.0,0,county
45011,2020,-0.0748,-0.0748,0.0,0,county
45013,2020,-0.0999,-0.0999,0.0,0,county
45015,2020,-0.1165,-0.1165,0.0,0,county
45017,2020,-0.0482,-0.0482,0.0,0,county
45019,2020,0.1288,0.1288,0.0,0,county
45021,2020,-0.4377,-0.4377,0.0,0,county
45023,2020,-0.1091,-0.1091,0.0,0,county
45025,2020,-0.2048,-0.2048,0.0,0,county
45027,2020,-0.0066,-0.0066,0.0,0,county
45029,2020,-0.0953,-0.0953,0.0,0,county
45031,2020,-0.0497,-0.0497,0.0,0,county
45033,2020,-0.0111,-0.0111,0.0,0,county
45035,2020,-0.1047,-0.1047,0.0,0,county
45037,2020,-0.2429,-0.2429,0.0,0,county
45039,2020,0.2272,0.2272,0.0,0,county
45041,2020,-0.0227,-0.0227,0.0,0,county
45043,2020,-0.1272,-0.1272,0.0,0,county
45045,2020,-0.182,-0.182,0.0,0,county
45047,2020,-0.2276,-0.2276,0.0,0,county
45049,2020,0.1523,0.1523,0.0,0,county
45051,2020,-0.3318,-0.3318,0.0,0,county
45053,2020,0.0074,0.0074,0.0,0,county
45055,2020,-0.2311,-0.2311,0.0,0,county
45057,2020,-0.2281,-0.2281,0.0,0,county
45059,2020,-0.3229,-0.3229,0.0,0,county
45061,2020,0.2753,0.2753,0.0,0,county
45063,2020,-0.301,-0.301,0.0,0,county
45065,2020,-0.0476,-0.0476,0.0,0,county
45067,2020,0.215,0.215,0.0,0,county
45069,2020,0.1089,0.1089,0.0,0,county
45071,2020,-0.2407,-0.2407,0.0,0,county
45073,2020,-0.4742,-0.4742,0.0,0,county
45075,2020,0.3323,0.3323,0.0,0,county
45077,2020,-0.5085,-0.5085,0.0,0,county
45079,2020,0.3831,0.3831,0.0,0,county
45081,2020,-0.3501,-0.3501,0.0,0,county
45083,2020,-0.2733,-0.2733,0.0,0,county
45085,2020,0.1304,0.1304,0.0,0,county
45087,2020,-0.245,-0.245,0.0,0,county
45089,2020,0.2976,0.2976,0.0,0,county
45091,2020,-0.1647,-0.1647,0.0,0,county
46003,2020,-0.5231,-0.5231,0.0,0,county
46005,2020,-0.3814,-0.3814,0.0,0,county
46007,2020,-0.1927,-0.1927,0.0,0,county
46009,2020,-0.5045,-0.5045,0.0,0,county
46011,2020,-0.1297,-0.1297,0.0,0,county
46013,2020,-0.2304,-0.2304,0.0,0,county
46015,2020,-0.4325,-0.4325,0.0,0,county
46017,2020,0.3078,0.3078,0.0,0,county
46019,2020,-0.5814,-0.5814,0.0,0,county
46021,2020,-0.7216,-0.7216,0.0,0,county
46023,2020,-0.3635,-0.3635,0.0,0,county
46025,2020,-0.5059,-0.5059,0.0,0,county
46027,2020,0.11,0.11,0.0,0,county
46029,2020,-0.3891,-0.3891,0.0,0,county
46031,2020,-0.0195,-0.0195,0.0,0,county
46033,2020,-0.4241,-0.4241,0.0,0,county
46035,2020,-0.3507,-0.3507,0.0,0,county
46037,2020,-0.2756,-0.2756,0.0,0,county
46039,2020,-0.4638,-0.4638,0.0,0,county
46041,2020,0.1734,0.1734,0.0,0,county
46043,2020,-0.7335,-0.7335,0.0,0,county
46045,2020,-0.5647,-0.5647,0.0,0,county
46047,2020,-0.4515,-0.4515,0.0,0,county
46049,2020,-0.6481,-0.6481,0.0,0,county
46051,2020,-0.4171,-0.4171,0.0,0,county
46053,2020,-0.5828,-0.5828,0.0,0,county
46055,2020,-0.81,-0.81,0.0,0,county
46057,2020,-0.5595,-0.5595,0.0,0,county
46059,2020,-0.5773,-0.5773,0.0,0,county
46061,2020,-0.5176,-0.5176,0.0,0,county
46063,2020,-0.8598,-0.8598,0.0,0,county
46065,2020,-0.2945,-0.2945,0.0,0,county
46067,2020,-0.5792,-0.5792,0.0,0,county
46069,2020,-0.6028,-0.6028,0.0,0,county
46071,2020,-0.3399,-0.3399,0.0,0,county
46073,2020,-0.4483,-0.4483,0.0,0,county
46075,2020,-0.6811,-0.6811,0.0,0,county
46077,2020,-0.3904,-0.3904,0.0,0,county
46079,2020,-0.2746,-0.2746,0.0,0,county
46081,2020,-0.3049,-0.3049,0.0,0,county
46083,2020,-0.2357,-0.2357,0.0,0,county
46085,2020,-0.3237,-0.3237,0.0,0,county
46087,2020,-0.4479,-0.4479,0.0,0,county
46089,2020,-0.6443,-0.6443,0.0,0,county
46091,2020,-0.197,-0.197,0.0,0,county
46093,2020,-0.4821,-0.4821,0.0,0,county
46095,2020,-0.1964,-0.1964,0.0,0,county
46097,2020,-0.4104,-0.4104,0.0,0,county
46099,2020,-0.095,-0.095,0.0,0,county
46101,2020,-0.2408,-0.2408,0.0,0,county
46102,2020,0.7913,0.7913,0.0,0,county
46103,2020,-0.2513,-0.2513,0.0,0,county
46105,2020,-0.6962,-0.6962,0.0,0,county
46107,2020,-0.6609,-0.6609,0.0,0,county
46109,2020,-0.1337,-0.1337,0.0,0,county
46111,2020,-0.5468,-0.5468,0.0,0,county
46115,2020,-0.3497,-0.3497,0.0,0,county
46117,2020,-0.4734,-0.4734,0.0,0,county
46119,2020,-0.5817,-0.5817,0.0,0,county
46121,2020,0.5636,0.5636,0.0,0,county
46123,2020,-0.618,-0.618,0.0,0,county
46125,2020,-0.473,-0.473,0.0,0,county
46127,2020,-0.3635,-0.3635,0.0,0,county
46129,2020,-0.543,-0.543,0.0,0,county
46135,2020,-0.2353,-0.2353,0.0,0,county
46137,2020,0.085,0.085,0.0,0,county
47001,2020,-0.3217,-0.3217,0.0,0,county
47003,2020,-0.5187,-0.5187,0.0,0,county
47005,2020,-0.5701,-0.5701,0.0,0,county
47007,2020,-0.652,-0.652,0.0,0,county
47009,2020,-0.4419,-0.4419,0.0,0,county
47011,2020,-0.5528,-0.5528,0.0,0,county
47013,2020,-0.6623,-0.6623,0.0,0,county
47015,2020,-0.5992,-0.5992,0.0,0,county
47017,2020,-0.5583,-0.5583,0.0,0,county
47019,2020,-0.6147,-0.6147,0.0,0,county
47021,2020,-0.4405,-0.4405,0.0,0,county
47023,2020,-0.5986,-0.5986,0.0,0,county
47025,2020,-0.6491,-0.6491,0.0,0,county
47027,2020,-0.5699,-0.5699,0.0,0,county
47029,2020,-0.648,-0.648,0.0,0,county
47031,2020,-0.5015,-0.5015,0.0,0,county
47033,2020,-0.5383,-0.5383,0.0,0,county
47035,2020,-0.5713,-0.5713,0.0,0,county
47037,2020,0.3213,0.3213,0.0,0,county
47039,2020,-0.6344,-0.6344,0.0,0,county
47041,2020,-0.5782,-0.5782,0.0,0,county
47043,2020,-0.4743,-0.4743,0.0,0,county
47045,2020,-0.571,-0.571,0.0,0,county
47047,2020,-0.3769,-0.3769,0.0,0,county
47049,2020,-0.7134,-0.7134,0.0,0,county
47051,2020,-0.4768,-0.4768,0.0,0,county
47053,2020,-0.4696,-0.4696,0.0,0,county
47055,2020,-0.4913,-0.4913,0.0,0,county
47057,2020,-0.7004,-0.7004,0.0,0,county
47059,2020,-0.6074,-0.6074,0.0,0,county
47061,2020,-0.6514,-0.6514,0.0,0,county
47063,2020,-0.5404,-0.5404,0.0,0,county
47065,2020,-0.0969,-0.0969,0.0,0,county
47067,2020,-0.7325,-0.7325,0.0,0,county
47069,2020,-0.157,-0.157,0.0,0,county
47071,2020,-0.6746,-0.6746,0.0,0,county
47073,2020,-0.6575,-0.6575,0.0,0,county
47075,2020,0.0899,0.0899,0.0,0,county
47077,2020,-0.641,-0.641,0.0,0,county
47079,2020,-0.5111,-0.5111,0.0,0,county
47081,2020,-0.554,-0.554,0.0,0,county
47083,2020,-0.5011,-0.5011,0.0,0,county
47085,2020,-0.4982,-0.4982,0.0,0,county
47087,2020,-0.5604,-0.5604,0.0,0,county
47089,2020,-0.5927,-0.5927,0.0,0,county
47091,2020,-0.6694,-0.6694,0.0,0,county
47093,2020,-0.1502,-0.1502,0.0,0,county
47095,2020,-0.4749,-0.4749,0.0,0,county
47097,2020,-0.2767,-0.2767,0.0,0,county
47099,2020,-0.6485,-0.6485,0.0,0,county
47101,2020,-0.6065,-0.6065,0.0,0,county
47103,2020,-0.5998,-0.5998,0.0,0,county
47105,2020,-0.5031,-0.5031,0.0,0,county
47107,2020,-0.6057,-0.6057,0.0,0,county
47109,2020,-0.6341,-0.6341,0.0,0,county
47111,2020,-0.7156,-0.7156,0.0,0,county
47113,2020,-0.1293,-0.1293,0.0,0,county
47115,2020,-0.508,-0.508,0.0,0,county
47117,2020,-0.4999,-0.4999,0.0,0,county
47119,2020,-0.3653,-0.3653,0.0,0,county
47121,2020,-0.6253,-0.6253,0.0,0,county
47123,2020,-0.626,-0.626,0.0,0,county
47125,2020,-0.1266,-0.1266,0.0,0,county
47127,2020,-0.6541,-0.6541,0.0,0,county
47129,2020,-0.7004,-0.7004,0.0,0,county
47131,2020,-0.6065,-0.6065,0.0,0,county
47133,2020,-0.5863,-0.5863,0.0,0,county
47135,2020,-0.6301,-0.6301,0.0,0,county
47137,2020,-0.6332,-0.6332,0.0,0,county
47139,2020,-0.634,-0.634,0.0,0,county
47141,2020,-0.4338,-0.4338,0.0,0,county
47143,2020,-0.6366,-0.6366,0.0,0,county
47145,2020,-0.5088,-0.5088,0.0,0,county
47147,2020,-0.4699,-0.4699,0.0,0,county
47149,2020,-0.1539,-0.1539,0.0,0,county
47151,2020,-0.7753,-0.7753,0.0,0,county
47153,2020,-0.6284,-0.6284,0.0,0,county
47155,2020,-0.5757,-0.5757,0.0,0,county
47157,2020,0.3044,0.3044,0.0,0,county
47159,2020,-0.5893,-0.5893,0.0,0,county
47161,2020,-0.5905,-0.5905,0.0,0,county
47163,2020,-0.519,-0.519,0.0,0,county
47165,2020,-0.3862,-0.3862,0.0,0,county
47167,2020,-0.4846,-0.4846,0.0,0,county
47169,2020,-0.4812,-0.4812,0.0,0,county
47171,2020,-0.6,-0.6,0.0,0,county
47173,2020,-0.6837,-0.6837,0.0,0,county
47175,2020,-0.6155,-0.6155,0.0,0,county
47177,2020,-0.4951,-0.4951,0.0,0,county
47179,2020,-0.3622,-0.3622,0.0,0,county
47181,2020,-0.746,-0.746,0.0,0,county
47183,2020,-0.537,-0.537,0.0,0,county
47185,2020,-0.6274,-0.6274,0.0,0,county
47187,2020,-0.2612,-0.2612,0.0,0,county
47189,2020,-0.3773,-0.3773,0.0,0,county
48001,2020,-0.5802,-0.5802,0.0,0,county
48003,2020,-0.6981,-0.6981,0.0,0,county
48005,2020,-0.4608,-0.4608,0.0,0,county
48007,2020,-0.5145,-0.5145,0.0,0,county
48009,2020,-0.8036,-0.8036,0.0,0,county
48011,2020,-0.8633,-0.8633,0.0,0,county
48013,2020,-0.3402,-0.3402,0.0,0,county
48015,2020,-0.5838,-0.5838,0.0,0,county
48017,2020,-0.5511,-0.5511,0.0,0,county
48019,2020,-0.5939,-0.5939,0.0,0,county
48021,2020,-0.1375,-0.1375,0.0,0,county
48023,2020,-0.7703,-0.7703,0.0,0,county
48025,2020,-0.2885,-0.2885,0.0,0,county
48027,2020,-0.0854,-0.0854,0.0,0,county
48029,2020,0.1814,0.1819,0.0005,0,county
48031,2020,-0.4747,-0.4747,0.0,0,county
48033,2020,-0.9159,-0.9159,0.0,0,county
48035,2020,-0.6474,-0.6474,0.0,0,county
48037,2020,-0.4278,-0.4278,0.0,0,county
48039,2020,-0.182,-0.182,0.0,0,county
48041,2020,-0.1432,-0.1432,0.0,0,county
48043,2020,-0.0421,-0.0421,0.0,0,county
48045,2020,-0.7738,-0.7738,0.0,0,county
48047,2020,0.19,0.19,0.0,0,county
48049,2020,-0.7258,-0.7258,0.0,0,county
48051,2020,-0.5756,-0.5756,0.0,0,county
48053,2020,-0.5311,-0.5311,0.0,0,county
48055,2020,-0.0908,-0.0908,0.0,0,county
48057,2020,-0.4446,-0.4446,0.0,0,county
48059,2020,-0.7725,-0.7725,0.0,0,county
48061,2020,0.1316,0.1316,0.0,0,county
48063,2020,-0.4411,-0.4411,0.0,0,county
48065,2020,-0.795,-0.795,0.0,0,county
48067,2020,-0.5915,-0.5915,0.0,0,county
48069,2020,-0.5454,-0.5454,0.0,0,county
48071,2020,-0.6168,-0.6168,0.0,0,county
48073,2020,-0.5583,-0.5583,0.0,0,county
48075,2020,-0.7165,-0.7165,0.0,0,county
48077,2020,-0.7756,-0.776,0.0004,0,county
48079,2020,-0.632,-0.632,0.0,0,county
48081,2020,-0.7915,-0.7915,0.0,0,county
48083,2020,-0.7735,-0.7735,0.0,0,county
48085,2020,-0.0435,-0.0434,0.0001,0,county
48087,2020,-0.7332,-0.7332,0.0,0,county
48089,2020,-0.5065,-0.5065,0.0,0,county
48091,2020,-0.4265,-0.4267,0.0002,0,county
48093,2020,-0.7105,-0.7105,0.0,0,county
48095,2020,-0.679,-0.679,0.0,0,county
48097,2020,-0.652,-0.6523,0.0003,0,county
48099,2020,-0.3351,-0.3352,0.0001,0,county
48101,2020,-0.645,-0.645,0.0,0,county
48103,2020,-0.6693,-0.6693,0.0,0,county
48105,2020,-0.5565,-0.5565,0.0,0,county
48107,2020,-0.445,-0.445,0.0,0,county
48109,2020,0.0266,0.0266,0.0,0,county
48111,2020,-0.7408,-0.7408,0.0,0,county
48113,2020,0.317,0.3163,0.0007,0,county
48115,2020,-0.5656,-0.5656,0.0,0,county
48117,2020,-0.4403,-0.4403,0.0,0,county
48119,2020,-0.6786,-0.6786,0.0,0,county
48121,2020,-0.0808,-0.0808,0.0,0,county
48123,2020,-0.6249,-0.6249,0.0,0,county
48125,2020,-0.7318,-0.7318,0.0,0,county
48127,2020,0.24,0.24,0.0,0,county
48129,2020,-0.7524,-0.7524,0.0,0,county
48131,2020,0.0261,0.0261,0.0,0,county
48133,2020,-0.7541,-0.7542,0.0001,0,county
48135,2020,-0.4783,-0.4785,0.0002,0,county
48137,2020,-0.6801,-0.6801,0.0,0,county
48139,2020,-0.341,-0.341,0.0,0,county
48141,2020,0.3516,0.351,0.0006,0,county
48143,2020,-0.6388,-0.6389,0.0001,0,county
48145,2020,-0.3714,-0.3714,0.0,0,county
48147,2020,-0.6341,-0.6342,0.0001,0,county
48149,2020,-0.5803,-0.5803,0.0,0,county
48151,2020,-0.6002,-0.6002,0.0,0,county
48153,2020,-0.562,-0.562,0.0,0,county
48155,2020,-0.6279,-0.6279,0.0,0,county
48157,2020,0.1058,0.1058,0.0,0,county
48159,2020,-0.6702,-0.6702,0.0,0,county
48161,2020,-0.6149,-0.6149,0.0,0,county
48163,2020,-0.076,-0.076,0.0,0,county
48165,2020,-0.797,-0.7972,0.0002,0,county
48167,2020,-0.2262,-0.2262,0.0,0,county
48169,2020,-0.7151,-0.7151,0.0,0,county
48171,2020,-0.5891,-0.5893,0.0002,0,county
48173,2020,-0.876,-0.876,0.0,0,county
48175,2020,-0.5527,-0.5537,0.001,0,county
48177,2020,-0.481,-0.4811,0.0001,0,county
48179,2020,-0.7724,-0.7724,0.0,0,county
48181,2020,-0.4987,-0.4989,0.0002,0,county
48183,2020,-0.3688,-0.3688,0.0,0,county
48185,2020,-0.5316,-0.5316,0.0,0,county
48187,2020,-0.2415,-0.2416,0.0001,0,county
48189,2020,-0.511,-0.5111,0.0001,0,county
48191,2020,-0.7074,-0.708,0.0006,0,county
48193,2020,-0.6838,-0.6841,0.0003,0,county
48195,2020,-0.8222,-0.8222,0.0,0,county
48197,2020,-0.6892,-0.6892,0.0,0,county
48199,2020,-0.7376,-0.7376,0.0,0,county
48201,2020,0.1326,0.1326,0.0,0,county
48203,2020,-0.4562,-0.4563,0.0001,0,county
48205,2020,-0.8051,-0.8051,0.0,0,county
48207,2020,-0.6716,-0.6716,0.0,0,county
48209,2020,0.1083,0.1083,0.0,0,county
48211,2020,-0.7442,-0.7442,0.0,0,county
48213,2020,-0.6017,-0.6018,0.0001,0,county
48215,2020,0.1706,0.1706,0.0,0,county
48217,2020,-0.6072,-0.6072,0.0,0,county
48219,2020,-0.624,-0.6243,0.0003,0,county
48221,2020,-0.6407,-0.6407,0.0,0,county
48223,2020,-0.6068,-0.6069,0.0001,0,county
48225,2020,-0.5029,-0.5029,0.0,0,county
48227,2020,-0.5844,-0.5845,0.0001,0,county
48229,2020,-0.3502,-0.3502,0.0,0,county
48231,2020,-0.5248,-0.5251,0.0003,0,county
48233,2020,-0.7655,-0.7657,0.0002,0,county
48235,2020,-0.7188,-0.7188,0.0,0,county
48237,2020,-0.8162,-0.8162,0.0,0,county
48239,2020,-0.6608,-0.6621,0.0013,0,county
48241,2020,-0.6142,-0.6143,0.0001,0,county
48243,2020,-0.2169,-0.2169,0.0,0,county
48245,2020,-0.0158,-0.0158,0.0,0,county
48247,2020,0.1788,0.1788,0.0,0,county
48249,2020,-0.0976,-0.0976,0.0,0,county
48251,2020,-0.5299,-0.53,0.0001,0,county
48253,2020,-0.6914,-0.6914,0.0,0,county
48255,2020,-0.5206,-0.5209,0.0003,0,county
48257,2020,-0.3389,-0.3389,0.0,0,county
48259,2020,-0.5316,-0.5319,0.0003,0,county
48261,2020,-0.3196,-0.3196,0.0,0,county
48263,2020,-0.7879,-0.7879,0.0,0,county
48265,2020,-0.5174,-0.5174,0.0,0,county
48267,2020,-0.743,-0.743,0.0,0,county
48269,2020,-0.8994,-0.8994,0.0,0,county
48271,2020,-0.4354,-0.4354,0.0,0,county
48273,2020,-0.0174,-0.0174,0.0,0,county
48275,2020,-0.6284,-0.6284,0.0,0,county
48277,2020,-0.5737,-0.5744,0.0007,0,county
48279,2020,-0.6079,-0.6082,0.0003,0,county
48281,2020,-0.5714,-0.5714,0.0,0,county
48283,2020,-0.1176,-0.1176,0.0,0,county
48285,2020,-0.7327,-0.7327,0.0,0,county
48287,2020,-0.5571,-0.5571,0.0,0,county
48289,2020,-0.7437,-0.7437,0.0,0,county
48291,2020,-0.5972,-0.5972,0.0,0,county
48293,2020,-0.5031,-0.5031,0.0,0,county
48295,2020,-0.7938,-0.7938,0.0,0,county
48297,2020,-0.6688,-0.6688,0.0,0,county
48299,2020,-0.6014,-0.6014,0.0,0,county
48301,2020,-0.8485,-0.8485,0.0,0,county
48303,2020,-0.3215,-0.3216,0.0001,0,county
48305,2020,-0.6215,-0.6215,0.0,0,county
48307,2020,-0.7026,-0.7026,0.0,0,county
48309,2020,-0.2335,-0.2338,0.0003,0,county
48311,2020,-0.7888,-0.7888,0.0,0,county
48313,2020,-0.5815,-0.5816,0.0001,0,county
48315,2020,-0.4381,-0.4381,0.0,0,county
48317,2020,-0.7264,-0.7264,0.0,0,county
48319,2020,-0.62,-0.62,0.0,0,county
48321,2020,-0.4453,-0.4453,0.0,0,county
48323,2020,0.0946,0.0946,0.0,0,county
48325,2020,-0.3914,-0.3917,0.0003,0,county
48327,2020,-0.6089,-0.6089,0.0,0,county
48329,2020,-0.5657,-0.5657,0.0,0,county
48331,2020,-0.5188,-0.5189,0.0001,0,county
48333,2020,-0.7768,-0.7768,0.0,0,county
48335,2020,-0.6875,-0.6875,0.0,0,county
48337,2020,-0.7657,-0.766,0.0003,0,county
48339,2020,-0.4383,-0.4384,0.0001,0,county
48341,2020,-0.5986,-0.5986,0.0,0,county
48343,2020,-0.3943,-0.3943,0.0,0,county
48345,2020,-0.8558,-0.8558,0.0,0,county
48347,2020,-0.3128,-0.313,0.0002,0,county
48349,2020,-0.4549,-0.4549,0.0,0,county
48351,2020,-0.6086,-0.6086,0.0,0,county
48353,2020,-0.5542,-0.5543,0.0001,0,county
48355,2020,-0.029,-0.029,0.0,0,county
48357,2020,-0.7953,-0.7953,0.0,0,county
48359,2020,-0.8285,-0.8285,0.0,0,county
48361,2020,-0.6342,-0.6342,0.0,0,county
48363,2020,-0.6406,-0.6408,0.0002,0,county
48365,2020,-0.6348,-0.6348,0.0,0,county
48367,2020,-0.644,-0.644,0.0,0,county
48369,2020,-0.6215,-0.6215,0.0,0,county
48371,2020,-0.3927,-0.3927,0.0,0,county
48373,2020,-0.5452,-0.5453,0.0001,0,county
48375,2020,-0.3869,-0.3871,0.0002,0,county
48377,2020,0.3347,0.3347,0.0,0,county
48379,2020,-0.7125,-0.7125,0.0,0,county
48381,2020,-0.5875,-0.5875,0.0,0,county
48383,2020,-0.6851,-0.6851,0.0,0,county
48385,2020,-0.6675,-0.6675,0.0,0,county
48387,2020,-0.5634,-0.5634,0.0,0,county
48389,2020,-0.2329,-0.233,0.0001,0,county
48391,2020,-0.3274,-0.3274,0.0,0,county
48393,2020,-0.9309,-0.9309,0.0,0,county
48395,2020,-0.404,-0.404,0.0,0,county
48397,2020,-0.3769,-0.3769,0.0,0,county
48399,2020,-0.7383,-0.7383,0.0,0,county
48401,2020,-0.5569,-0.5571,0.0002,0,county
48403,2020,-0.7494,-0.75,0.0006,0,county
48405,2020,-0.5065,-0.5065,0.0,0,county
48407,2020,-0.619,-0.6191,0.0001,0,county
48409,2020,-0.2908,-0.2908,0.0,0,county
48411,2020,-0.7767,-0.7767,0.0,0,county
48413,2020,-0.629,-0.629,0.0,0,county
48415,2020,-0.7095,-0.7097,0.0002,0,county
48417,2020,-0.8317,-0.8317,0.0,0,county
48419,2020,-0.5856,-0.5858,0.0002,0,county
48421,2020,-0.8014,-0.8022,0.0008,0,county
48423,2020,-0.3943,-0.3944,0.0001,0,county
48425,2020,-0.6746,-0.6746,0.0,0,county
48427,2020,0.05,0.05,0.0,0,county
48429,2020,-0.7863,-0.7863,0.0,0,county
48431,2020,-0.8341,-0.8341,0.0,0,county
48433,2020,-0.678,-0.678,0.0,0,county
48435,2020,-0.578,-0.578,0.0,0,county
48437,2020,-0.5805,-0.5805,0.0,0,county
48439,2020,0.0022,0.0022,0.0,0,county
48441,2020,-0.4527,-0.4529,0.0002,0,county
48443,2020,-0.4694,-0.4694,0.0,0,county
48445,2020,-0.5689,-0.5689,0.0,0,county
48447,2020,-0.8098,-0.8053,0.0045,0,county
48449,2020,-0.4472,-0.4473,0.0001,0,county
48451,2020,-0.444,-0.444,0.0,0,county
48453,2020,0.4511,0.4498,0.0013,0,county
48455,2020,-0.6134,-0.6134,0.0,0,county
48457,2020,-0.703,-0.703,0.0,0,county
48459,2020,-0.6845,-0.6847,0.0002,0,county
48461,2020,-0.7368,-0.7368,0.0,0,county
48463,2020,-0.2031,-0.2032,0.0001,0,county
48465,2020,-0.099,-0.0991,0.0001,0,county
48467,2020,-0.7205,-0.7215,0.001,0,county
48469,2020,-0.3796,-0.3796,0.0,0,county
48471,2020,-0.3173,-0.3173,0.0,0,county
48473,2020,-0.267,-0.267,0.0,0,county
48475,2020,-0.6101,-0.6101,0.0,0,county
48477,2020,-0.4991,-0.4994,0.0003,0,county
48479,2020,0.2328,0.2328,0.0,0,county
48481,2020,-0.4315,-0.4315,0.0,0,county
48483,2020,-0.8519,-0.8519,0.0,0,county
48485,2020,-0.4107,-0.4108,0.0001,0,county
48487,2020,-0.5676,-0.5676,0.0,0,county
48489,2020,0.1202,0.1202,0.0,0,county
48491,2020,0.014,0.0141,0.0001,0,county
48493,2020,-0.4843,-0.4843,0.0,0,county
48495,2020,-0.6562,-0.6562,0.0,0,county
48497,2020,-0.6816,-0.6816,0.0,0,county
48499,2020,-0.6822,-0.6822,0.0,0,county
48501,2020,-0.6667,-0.6667,0.0,0,county
48503,2020,-0.7375,-0.7375,0.0,0,county
48505,2020,-0.0534,-0.0534,0.0,0,county
48507,2020,0.3138,0.3138,0.0,0,county
49001,2020,-0.7542,-0.7542,0.0,0,county
49003,2020,-0.6319,-0.6318,0.0001,0,county
49005,2020,-0.3664,-0.3714,0.005,0,county
49007,2020,-0.4591,-0.4591,0.0,0,county
49009,2020,-0.622,-0.622,0.0,0,county
49011,2020,-0.2751,-0.275,0.0001,0,county
49013,2020,-0.779,-0.7825,0.0035,0,county
49015,2020,-0.7421,-0.7472,0.0051,0,county
49017,2020,-0.6018,-0.6018,0.0,0,county
49019,2020,0.1076,0.1076,0.0,0,county
49021,2020,-0.5615,-0.5664,0.0049,0,county
49023,2020,-0.7574,-0.7572,0.0002,0,county
49025,2020,-0.4581,-0.4581,0.0,0,county
49027,2020,-0.7722,-0.776,0.0038,0,county
49029,2020,-0.6199,-0.6288,0.0089,0,county
49031,2020,-0.7887,-0.7887,0.0,0,county
49033,2020,-0.7137,-0.7168,0.0031,0,county
49035,2020,0.1093,0.1104,0.0011,0,county
49037,2020,-0.0614,-0.0614,0.0,0,county
49039,2020,-0.6863,-0.686,0.0003,0,county
49041,2020,-0.769,-0.7689,0.0001,0,county
49043,2020,0.1914,0.1914,0.0,0,county
49045,2020,-0.3831,-0.383,0.0001,0,county
49047,2020,-0.7579,-0.7577,0.0002,0,county
49049,2020,-0.4108,-0.4105,0.0003,0,county
49051,2020,-0.259,-0.2621,0.0031,0,county
49053,2020,-0.5135,-0.5169,0.0034,0,county
49055,2020,-0.533,-0.533,0.0,0,county
49057,2020,-0.2267,-0.2266,0.0001,0,county
50001,2020,0.3769,0.3939,0.017,0,county
50003,2020,0.2652,0.2732,0.008,0,county
50005,2020,0.1719,0.1521,0.0198,0,county
50007,2020,0.5461,0.5454,0.0007,0,county
50009,2020,-0.0647,-0.1119,0.0472,1,county
50011,2020,0.0897,0.0905,0.0008,0,county
50013,2020,0.1992,0.2257,0.0265,1,county
50015,2020,0.4211,0.4074,0.0137,0,county
50017,2020,0.1727,0.2405,0.0678,1,county
50019,2020,0.0435,0.045,0.0015,0,county
50021,2020,0.1185,0.1047,0.0138,0,county
50023,2020,0.4641,0.4606,0.0035,0,county
50025,2020,0.4501,0.4735,0.0234,1,county
50027,2020,0.4033,0.3892,0.0141,0,county
51001,2020,-0.094,-0.094,0.0,0,county
51003,2020,0.335,0.335,0.0,0,county
51005,2020,-0.4408,-0.4408,0.0,0,county
51007,2020,-0.3774,-0.3774,0.0,0,county
51009,2020,-0.3157,-0.3157,0.0,0,county
51011,2020,-0.4622,-0.4622,0.0,0,county
51013,2020,0.6351,0.6352,0.0001,0,county
51015,2020,-0.4701,-0.4701,0.0,0,county
51017,2020,-0.475,-0.475,0.0,0,county
51019,2020,-0.4813,-0.4813,0.0,0,county
51021,2020,-0.6815,-0.6815,0.0,0,county
51023,2020,-0.445,-0.445,0.0,0,county
51025,2020,0.1504,0.1504,0.0,0,county
51027,2020,-0.6753,-0.6756,0.0003,0,county
51029,2020,-0.132,-0.132,0.0,0,county
51031,2020,-0.4406,-0.4408,0.0002,0,county
51033,2020,-0.0417,-0.0417,0.0,0,county
51035,2020,-0.627,-0.6272,0.0002,0,county
51036,2020,0.1943,0.1943,0.0,0,county
51037,2020,-0.242,-0.242,0.0,0,county
51041,2020,0.0667,0.0667,0.0,0,county
51043,2020,-0.1362,-0.1362,0.0,0,county
51045,2020,-0.6148,-0.615,0.0002,0,county
51047,2020,-0.199,-0.199,0.0,0,county
51049,2020,-0.1491,-0.1492,0.0001,0,county
51051,2020,-0.5809,-0.5813,0.0004,0,county
51053,2020,-0.1637,-0.1637,0.0,0,county
51057,2020,-0.006,-0.006,0.0,0,county
51059,2020,0.4184,0.4187,0.0003,0,county
51061,2020,-0.1727,-0.1727,0.0,0,county
51063,2020,-0.3422,-0.3424,0.0002,0,county
51065,2020,-0.0468,-0.0468,0.0,0,county
51067,2020,-0.4213,-0.4213,0.0,0,county
51069,2020,-0.274,-0.2741,0.0001,0,county
51071,2020,-0.5143,-0.5144,0.0001,0,county
51073,2020,-0.355,-0.355,0.0,0,county
51075,2020,-0.1935,-0.1936,0.0001,0,county
51077,2020,-0.6142,-0.6142,0.0,0,county
51079,2020,-0.2389,-0.239,0.0001,0,county
51081,2020,0.1559,0.1559,0.0,0,county
51083,2020,-0.1508,-0.1508,0.0,0,county
51085,2020,-0.2678,-0.2679,0.0001,0,county
51087,2020,0.2899,0.2901,0.0002,0,county
51089,2020,-0.2911,-0.2911,0.0,0,county
51091,2020,-0.4403,-0.4403,0.0,0,county
51093,2020,-0.1837,-0.1837,0.0,0,county
51095,2020,0.0483,0.0484,0.0001,0,county
51097,2020,-0.209,-0.209,0.0,0,county
51099,2020,-0.2138,-0.2139,0.0001,0,county
51101,2020,-0.3781,-0.3782,0.0001,0,county
51103,2020,-0.046,-0.046,0.0,0,county
51105,2020,-0.6913,-0.6913,0.0,0,county
51107,2020,0.2502,0.2503,0.0001,0,county
51109,2020,-0.2293,-0.2293,0.0,0,county
51111,2020,-0.1864,-0.1865,0.0001,0,county
51113,2020,-0.3199,-0.3201,0.0002,0,county
51115,2020,-0.3562,-0.3563,0.0001,0,county
51117,2020,-0.152,-0.152,0.0,0,county
51119,2020,-0.2513,-0.2513,0.0,0,county
51121,2020,0.0575,0.0575,0.0,0,county
51125,2020,-0.052,-0.0521,0.0001,0,county
51127,2020,-0.3462,-0.3464,0.0002,0,county
51131,2020,0.1058,0.1058,0.0,0,county
51133,2020,-0.1578,-0.1578,0.0,0,county
51135,2020,-0.1492,-0.1492,0.0,0,county
51137,2020,-0.2135,-0.2136,0.0001,0,county
51139,2020,-0.5065,-0.5065,0.0,0,county
51141,2020,-0.5801,-0.5801,0.0,0,county
51143,2020,-0.3984,-0.3984,0.0,0,county
51145,2020,-0.4427,-0.4427,0.0,0,county
51147,2020,0.0563,0.0563,0.0,0,county
51149,2020,-0.172,-0.1721,0.0001,0,county
51153,2020,0.27,0.2703,0.0003,0,county
51155,2020,-0.4142,-0.4145,0.0003,0,county
51157,2020,-0.1438,-0.1438,0.0,0,county
51159,2020,-0.2521,-0.2521,0.0,0,county
51161,2020,-0.2179,-0.218,0.0001,0,county
51163,2020,-0.3233,-0.3234,0.0001,0,county
51165,2020,-0.404,-0.4041,0.0001,0,county
51167,2020,-0.6354,-0.6354,0.0,0,county
51169,2020,-0.6782,-0.6782,0.0,0,county
51171,2020,-0.4065,-0.4065,0.0,0,county
51173,2020,-0.5627,-0.5627,0.0,0,county
51175,2020,-0.18,-0.18,0.0,0,county
51177,2020,-0.0678,-0.0678,0.0,0,county
51179,2020,0.0328,0.0328,0.0,0,county
51181,2020,0.0832,0.0832,0.0,0,county
51183,2020,0.1195,0.1195,0.0,0,county
51185,2020,-0.6712,-0.6718,0.0006,0,county
51187,2020,-0.3531,-0.3531,0.0,0,county
51191,2020,-0.5249,-0.5251,0.0002,0,county
51193,2020,-0.0821,-0.0823,0.0002,0,county
51195,2020,-0.6173,-0.6173,0.0,0,county
51197,2020,-0.5699,-0.5699,0.0,0,county
51199,2020,-0.0659,-0.0659,0.0,0,county
51510,2020,0.6265,0.6266,0.0001,0,county
51520,2020,-0.3883,-0.3887,0.0004,0,county
51530,2020,-0.3739,-0.3739,0.0,0,county
51540,2020,0.727,0.7272,0.0002,0,county
51550,2020,0.0644,0.0645,0.0001,0,county
51570,2020,-0.3313,-0.3318,0.0005,0,county
51580,2020,-0.2367,-0.2367,0.0,0,county
51590,2020,0.2201,0.2208,0.0007,0,county
51595,2020,0.3599,0.3604,0.0005,0,county
51600,2020,0.3831,0.3832,0.0001,0,county
51610,2020,0.6413,0.6413,0.0,0,county
51620,2020,0.2554,0.2558,0.0004,0,county
51630,2020,0.3479,0.3483,0.0004,0,county
51640,2020,-0.402,-0.4022,0.0002,0,county
51650,2020,0.4213,0.4217,0.0004,0,county
51660,2020,0.3177,0.3179,0.0002,0,county
51670,2020,0.1464,0.1468,0.0004,0,county
51678,2020,0.3202,0.3204,0.0002,0,county
51680,2020,0.0262,0.0262,0.0,0,county
51683,2020,0.2415,0.2416,0.0001,0,county
51685,2020,0.3307,0.3307,0.0,0,county
51690,2020,0.2658,0.2663,0.0005,0,county
51700,2020,0.3288,0.3291,0.0003,0,county
51710,2020,0.4556,0.4561,0.0005,0,county
51720,2020,-0.4029,-0.4029,0.0,0,county
51730,2020,0.7645,0.7653,0.0008,0,county
51735,2020,-0.452,-0.452,0.0,0,county
51740,2020,0.4079,0.4081,0.0002,0,county
51750,2020,0.0905,0.0905,0.0,0,county
51760,2020,0.6797,0.6799,0.0002,0,county
51770,2020,0.2577,0.2577,0.0,0,county
51775,2020,-0.1942,-0.1942,0.0,0,county
51790,2020,0.099,0.099,0.0,0,county
51800,2020,0.1731,0.1731,0.0,0,county
51810,2020,0.054,0.0541,0.0001,0,county
51820,2020,-0.0509,-0.0509,0.0,0,county
51830,2020,0.4103,0.4107,0.0004,0,county
51840,2020,0.1147,0.1147,0.0,0,county
53001,2020,-0.357,-0.357,0.0,0,county
53003,2020,-0.2568,-0.2568,0.0,0,county
53005,2020,-0.2102,-0.2102,0.0,0,county
53007,2020,-0.0784,-0.0784,0.0,0,county
53009,2020,0.0337,0.0337,0.0,0,county
53011,2020,0.0509,0.0509,0.0,0,county
53013,2020,-0.4353,-0.4353,0.0,0,county
53015,2020,-0.174,-0.174,0.0,0,county
53017,2020,-0.2414,-0.2414,0.0,0,county
53019,2020,-0.2943,-0.2943,0.0,0,county
53021,2020,-0.145,-0.145,0.0,0,county
53023,2020,-0.4721,-0.4721,0.0,0,county
53025,2020,-0.3436,-0.3436,0.0,0,county
53027,2020,-0.0656,-0.0656,0.0,0,county
53029,2020,0.1199,0.1199,0.0,0,county
53031,2020,0.4144,0.4144,0.0,0,county
53033,2020,0.5272,0.5272,0.0,0,county
53035,2020,0.181,0.181,0.0,0,county
53037,2020,-0.1018,-0.1018,0.0,0,county
53039,2020,-0.0942,-0.0942,0.0,0,county
53041,2020,-0.3282,-0.3282,0.0,0,county
53043,2020,-0.4887,-0.4887,0.0,0,county
53045,2020,-0.0386,-0.0386,0.0,0,county
53047,2020,-0.1381,-0.1381,0.0,0,county
53049,2020,-0.0113,-0.0113,0.0,0,county
53051,2020,-0.3665,-0.3665,0.0,0,county
53053,2020,0.1116,0.1116,0.0,0,county
53055,2020,0.5053,0.5053,0.0,0,county
53057,2020,0.0748,0.0748,0.0,0,county
53059,2020,-0.0948,-0.0948,0.0,0,county
53061,2020,0.2058,0.2058,0.0,0,county
53063,2020,-0.0434,-0.0434,0.0,0,county
53065,2020,-0.421,-0.421,0.0,0,county
53067,2020,0.1863,0.1863,0.0,0,county
53069,2020,-0.1932,-0.1932,0.0,0,county
53071,2020,-0.0867,-0.0867,0.0,0,county
53073,2020,0.2393,0.2393,0.0,0,county
53075,2020,0.1002,0.1002,0.0,0,county
53077,2020,-0.0767,-0.0767,0.0,0,county
54001,2020,-0.548,-0.548,0.0,0,county
54003,2020,-0.3123,-0.3123,0.0,0,county
54005,2020,-0.5298,-0.5298,0.0,0,county
54007,2020,-0.4702,-0.4702,0.0,0,county
54009,2020,-0.4315,-0.4315,0.0,0,county
54011,2020,-0.1801,-0.1801,0.0,0,county
54013,2020,-0.6045,-0.6045,0.0,0,county
54015,2020,-0.6056,-0.6056,0.0,0,county
54017,2020,-0.7043,-0.7043,0.0,0,county
54019,2020,-0.3865,-0.3865,0.0,0,county
54021,2020,-0.5308,-0.5308,0.0,0,county
54023,2020,-0.774,-0.774,0.0,0,county
54025,2020,-0.3956,-0.3956,0.0,0,county
54027,2020,-0.6042,-0.6042,0.0,0,county
54029,2020,-0.4359,-0.4359,0.0,0,county
54031,2020,-0.5494,-0.5494,0.0,0,county
54033,2020,-0.3764,-0.3764,0.0,0,county
54035,2020,-0.5098,-0.5098,0.0,0,county
54037,2020,-0.1049,-0.1049,0.0,0,county
54039,2020,-0.1466,-0.1466,0.0,0,county
54041,2020,-0.5691,-0.5691,0.0,0,county
54043,2020,-0.5493,-0.5493,0.0,0,county
54045,2020,-0.6296,-0.6296,0.0,0,county
54047,2020,-0.5845,-0.5845,0.0,0,county
54049,2020,-0.2868,-0.2868,0.0,0,county
54051,2020,-0.4957,-0.4957,0.0,0,county
54053,2020,-0.5324,-0.5324,0.0,0,county
54055,2020,-0.5443,-0.5443,0.0,0,county
54057,2020,-0.5733,-0.5733,0.0,0,county
54059,2020,-0.7131,-0.7131,0.0,0,county
54061,2020,-0.0124,-0.0124,0.0,0,county
54063,2020,-0.5737,-0.5737,0.0,0,county
54065,2020,-0.522,-0.522,0.0,0,county
54067,2020,-0.5694,-0.5694,0.0,0,county
54069,2020,-0.2579,-0.2579,0.0,0,county
54071,2020,-0.5362,-0.5362,0.0,0,county
54073,2020,-0.5852,-0.5852,0.0,0,county
54075,2020,-0.4611,-0.4611,0.0,0,county
54077,2020,-0.5509,-0.5509,0.0,0,county
54079,2020,-0.4265,-0.4265,0.0,0,county
54081,2020,-0.5042,-0.5042,0.0,0,county
54083,2020,-0.4353,-0.4353,0.0,0,county
54085,2020,-0.7152,-0.7152,0.0,0,county
54087,2020,-0.4786,-0.4786,0.0,0,county
54089,2020,-0.4702,-0.4702,0.0,0,county
54091,2020,-0.4986,-0.4986,0.0,0,county
54093,2020,-0.4951,-0.4951,0.0,0,county
54095,2020,-0.6617,-0.6617,0.0,0,county
54097,2020,-0.5396,-0.5396,0.0,0,county
54099,2020,-0.5014,-0.5014,0.0,0,county
54101,2020,-0.6317,-0.6317,0.0,0,county
54103,2020,-0.5181,-0.5181,0.0,0,county
54105,2020,-0.6287,-0.6287,0.0,0,county
54107,2020,-0.4199,-0.4199,0.0,0,county
54109,2020,-0.7211,-0.7211,0.0,0,county
55001,2020,-0.2566,-0.2566,0.0,0,county
55003,2020,0.1096,0.1096,0.0,0,county
55005,2020,-0.2608,-0.2608,0.0,0,county
55007,2020,0.1406,0.1406,0.0,0,county
55009,2020,-0.0719,-0.0719,0.0,0,county
55011,2020,-0.2526,-0.2526,0.0,0,county
55013,2020,-0.2853,-0.2853,0.0,0,county
55015,2020,-0.1963,-0.1963,0.0,0,county
55017,2020,-0.2041,-0.2041,0.0,0,county
55019,2020,-0.3677,-0.3677,0.0,0,county
55021,2020,-0.0153,-0.0153,0.0,0,county
55023,2020,-0.0767,-0.0767,0.0,0,county
55025,2020,0.5261,0.5261,0.0,0,county
55027,2020,-0.3097,-0.3097,0.0,0,county
55029,2020,0.0145,0.0145,0.0,0,county
55031,2020,0.093,0.093,0.0,0,county
55033,2020,-0.1393,-0.1393,0.0,0,county
55035,2020,0.1077,0.1077,0.0,0,county
55037,2020,-0.4599,-0.4599,0.0,0,county
55039,2020,-0.2649,-0.2649,0.0,0,county
55041,2020,-0.3095,-0.3095,0.0,0,county
55043,2020,-0.1228,-0.1228,0.0,0,county
55045,2020,0.0319,0.0319,0.0,0,county
55047,2020,-0.3584,-0.3584,0.0,0,county
55049,2020,0.1371,0.1371,0.0,0,county
55051,2020,-0.2257,-0.2257,0.0,0,county
55053,2020,-0.1507,-0.1507,0.0,0,county
55055,2020,-0.1522,-0.1522,0.0,0,county
55057,2020,-0.292,-0.292,0.0,0,county
55059,2020,-0.0313,-0.0313,0.0,0,county
55061,2020,-0.3267,-0.3267,0.0,0,county
55063,2020,0.135,0.135,0.0,0,county
55065,2020,-0.1372,-0.1372,0.0,0,county
55067,2020,-0.3248,-0.3248,0.0,0,county
55069,2020,-0.2277,-0.2277,0.0,0,county
55071,2020,-0.232,-0.232,0.0,0,county
55073,2020,-0.18,-0.18,0.0,0,county
55075,2020,-0.3454,-0.3454,0.0,0,county
55077,2020,-0.2736,-0.2736,0.0,0,county
55078,2020,0.6447,0.6447,0.0,0,county
55079,2020,0.3985,0.3985,0.0,0,county
55081,2020,-0.2363,-0.2363,0.0,0,county
55083,2020,-0.4097,-0.4097,0.0,0,county
55085,2020,-0.1476,-0.1476,0.0,0,county
55087,2020,-0.0992,-0.0992,0.0,0,county
55089,2020,-0.1203,-0.1203,0.0,0,county
55091,2020,-0.2642,-0.2642,0.0,0,county
55093,2020,-0.1295,-0.1295,0.0,0,county
55095,2020,-0.2746,-0.2746,0.0,0,county
55097,2020,0.0278,0.0278,0.0,0,county
55099,2020,-0.2764,-0.2764,0.0,0,county
55101,2020,-0.0406,-0.0406,0.0,0,county
55103,2020,-0.0972,-0.0972,0.0,0,county
55105,2020,0.1115,0.1115,0.0,0,county
55107,2020,-0.3475,-0.3475,0.0,0,county
55109,2020,-0.1589,-0.1589,0.0,0,county
55111,2020,0.017,0.017,0.0,0,county
55113,2020,-0.1343,-0.1343,0.0,0,county
55115,2020,-0.3556,-0.3556,0.0,0,county
55117,2020,-0.1592,-0.1592,0.0,0,county
55119,2020,-0.4645,-0.4645,0.0,0,county
55121,2020,-0.1657,-0.1657,0.0,0,county
55123,2020,-0.0478,-0.0478,0.0,0,county
55125,2020,-0.2185,-0.2185,0.0,0,county
55127,2020,-0.192,-0.192,0.0,0,county
55129,2020,-0.2377,-0.2377,0.0,0,county
55131,2020,-0.3814,-0.3814,0.0,0,county
55133,2020,-0.208,-0.208,0.0,0,county
55135,2020,-0.3175,-0.3175,0.0,0,county
55137,2020,-0.3411,-0.3411,0.0,0,county
55139,2020,-0.0397,-0.0397,0.0,0,county
55141,2020,-0.1923,-0.1923,0.0,0,county
56001,2020,0.0274,0.0276,0.0002,0,county
56003,2020,-0.6947,-0.6985,0.0038,0,county
56005,2020,-0.7621,-0.7687,0.0066,0,county
56007,2020,-0.5349,-0.5383,0.0034,0,county
56009,2020,-0.7213,-0.7254,0.0041,0,county
56011,2020,-0.79,-0.7946,0.0046,0,county
56013,2020,-0.3558,-0.3582,0.0024,0,county
56015,2020,-0.5859,-0.5888,0.0029,0,county
56017,2020,-0.5862,-0.5887,0.0025,0,county
56019,2020,-0.6026,-0.6072,0.0046,0,county
56021,2020,-0.2802,-0.2818,0.0016,0,county
56023,2020,-0.6778,-0.6815,0.0037,0,county
56025,2020,-0.473,-0.4756,0.0026,0,county
56027,2020,-0.7284,-0.7362,0.0078,0,county
56029,2020,-0.5592,-0.5625,0.0033,0,county
56031,2020,-0.6061,-0.611,0.0049,0,county
56033,2020,-0.4714,-0.4748,0.0034,0,county
56035,2020,-0.615,-0.6187,0.0037,0,county
56037,2020,-0.5034,-0.5063,0.0029,0,county
56039,2020,0.3724,0.3752,0.0028,0,county
56041,2020,-0.6243,-0.6281,0.0038,0,county
56043,2020,-0.6434,-0.6466,0.0032,0,county
56045,2020,-0.7716,-0.7756,0.004,0,county
01001,2024,-0.4613,-0.4628,0.0015,0,county
01003,2024,-0.5797,-0.5818,0.0021,0,county
01005,2024,-0.1469,-0.1473,0.0004,0,county
01007,2024,-0.6431,-0.6442,0.0011,0,county
01009,2024,-0.8088,-0.8102,0.0014,0,county
01011,2024,0.4578,0.4584,0.0006,0,county
01013,2024,-0.2265,-0.2269,0.0004,0,county
01015,2024,-0.4464,-0.4475,0.0011,0,county
01017,2024,-0.2321,-0.2325,0.0004,0,county
01019,2024,-0.7539,-0.7552,0.0013,0,county
01021,2024,-0.7196,-0.7209,0.0013,0,county
01023,2024,-0.2386,-0.2389,0.0003,0,county
01025,2024,-0.1704,-0.1706,0.0002,0,county
01027,2024,-0.7006,-0.7016,0.001,0,county
01029,2024,-0.8343,-0.8358,0.0015,0,county
01031,2024,-0.5777,-0.579,0.0013,0,county
01033,2024,-0.4631,-0.4643,0.0012,0,county
01035,2024,-0.1393,-0.1395,0.0002,0,county
01037,2024,-0.4328,-0.4331,0.0003,0,county
01039,2024,-0.7232,-0.7242,0.001,0,county
01041,2024,-0.5463,-0.5468,0.0005,0,county
01043,2024,-0.8034,-0.8052,0.0018,0,county
01045,2024,-0.5221,-0.5231,0.001,0,county
01047,2024,0.3246,0.325,0.0004,0,county
01049,2024,-0.7375,-0.7394,0.0019,0,county
01051,2024,-0.5189,-0.5206,0.0017,0,county
01053,2024,-0.4627,-0.4635,0.0008,0,county
01055,2024,-0.5554,-0.5568,0.0014,0,county
01057,2024,-0.7188,-0.72,0.0012,0,county
01059,2024,-0.7315,-0.7327,0.0012,0,county
01061,2024,-0.7691,-0.7698,0.0007,0,county
01063,2024,0.5566,0.5571,0.0005,0,county
01065,2024,0.0683,0.0684,0.0001,0,county
01067,2024,-0.5071,-0.5081,0.001,0,county
01069,2024,-0.4762,-0.4778,0.0016,0,county
01071,2024,-0.7131,-0.7145,0.0014,0,county
01073,2024,0.1037,0.1044,0.0007,0,county
01075,2024,-0.7586,-0.7603,0.0017,0,county
01077,2024,-0.5129,-0.5151,0.0022,0,county
01079,2024,-0.6228,-0.6231,0.0003,0,county
01081,2024,-0.2765,-0.2782,0.0017,0,county
01083,2024,-0.437,-0.4389,0.0019,0,county
01085,2024,0.3729,0.3731,0.0002,0,county
01087,2024,0.5619,0.5629,0.001,0,county
01089,2024,-0.0891,-0.0897,0.0006,0,county
01091,2024,-0.0376,-0.0376,0.0,0,county
01093,2024,-0.8158,-0.817,0.0012,0,county
01095,2024,-0.7169,-0.7171,0.0002,0,county
01097,2024,-0.1639,-0.1645,0.0006,0,county
01099,2024,-0.231,-0.2314,0.0004,0,county
01101,2024,0.3059,0.3073,0.0014,0,county
01103,2024,-0.524,-0.5257,0.0017,0,county
01105,2024,0.4267,0.4274,0.0007,0,county
01107,2024,-0.2331,-0.2334,0.0003,0,county
01109,2024,-0.2516,-0.2516,0.0,0,county
01111,2024,-0.6476,-0.6485,0.0009,0,county
01113,2024,0.0166,0.0166,0.0,0,county
01115,2024,-0.6401,-0.6414,0.0013,0,county
01117,2024,-0.4061,-0.4084,0.0023,0,county
01119,2024,0.4113,0.4121,0.0008,0,county
01121,2024,-0.3369,-0.3377,0.0008,0,county
01123,2024,-0.4949,-0.4959,0.001,0,county
01125,2024,-0.2032,-0.2041,0.0009,0,county
01127,2024,-0.7172,-0.7181,0.0009,0,county
01129,2024,-0.5534,-0.5541,0.0007,0,county
01131,2024,0.3146,0.3148,0.0002,0,county
01133,2024,-0.8348,-0.8363,0.0015,0,county
02013,2024,-0.1314,0.0128,0.1442,1,state
02016,2024,-0.1314,0.1526,0.284,1,state
02020,2024,-0.1314,0.1268,0.2582,1,state
04001,2024,0.1859,0.1898,0.0039,0,county
04003,2024,-0.2292,-0.2315,0.0023,0,county
04005,2024,0.1962,0.1988,0.0026,0,county
04007,2024,-0.3716,-0.376,0.0044,0,county
04009,2024,-0.4769,-0.4815,0.0046,0,county
04011,2024,-0.4053,-0.4093,0.004,0,county
04012,2024,-0.4375,-0.4419,0.0044,0,county
04013,2024,-0.0347,-0.0348,0.0001,0,county
04015,2024,-0.5532,-0.5577,0.0045,0,county
04017,2024,-0.1698,-0.1721,0.0023,0,county
04019,2024,0.1495,0.1516,0.0021,0,county
04021,2024,-0.2187,-0.2208,0.0021,0,county
04023,2024,0.1835,0.1865,0.003,0,county
04025,2024,-0.3356,-0.3389,0.0033,0,county
04027,2024,-0.202,-0.2041,0.0021,0,county
05001,2024,-0.4413,-0.4413,0.0,0,county
05003,2024,-0.4795,-0.4795,0.0,0,county
05005,2024,-0.5685,-0.5685,0.0,0,county
05007,2024,-0.2697,-0.2697,0.0,0,county
05009,2024,-0.6495,-0.6495,0.0,0,county
05011,2024,-0.3902,-0.3902,0.0,0,county
05013,2024,-0.619,-0.619,0.0,0,county
05015,2024,-0.317,-0.317,0.0,0,county
05017,2024,0.0395,0.0395,0.0,0,county
05019,2024,-0.2046,-0.2046,0.0,0,county
05021,2024,-0.6163,-0.6163,0.0,0,county
05023,2024,-0.6793,-0.6793,0.0,0,county
05025,2024,-0.6758,-0.6758,0.0,0,county
05027,2024,-0.3654,-0.3654,0.0,0,county
05029,2024,-0.4032,-0.4032,0.0,0,county
05031,2024,-0.3744,-0.3744,0.0,0,county
05033,2024,-0.5816,-0.5816,0.0,0,county
05035,2024,0.0228,0.0228,0.0,0,county
05037,2024,-0.4761,-0.4761,0.0,0,county
05039,2024,-0.2943,-0.2943,0.0,0,county
05041,2024,-0.0476,-0.0476,0.0,0,county
05043,2024,-0.3383,-0.3383,0.0,0,county
05045,2024,-0.3232,-0.3232,0.0,0,county
05047,2024,-0.624,-0.624,0.0,0,county
05049,2024,-0.6215,-0.6215,0.0,0,county
05051,2024,-0.3625,-0.3625,0.0,0,county
05053,2024,-0.6887,-0.6887,0.0,0,county
05055,2024,-0.612,-0.612,0.0,0,county
05057,2024,-0.3969,-0.3969,0.0,0,county
05059,2024,-0.5217,-0.5217,0.0,0,county
05061,2024,-0.4668,-0.4668,0.0,0,county
05063,2024,-0.5948,-0.5948,0.0,0,county
05065,2024,-0.6591,-0.6591,0.0,0,county
05067,2024,-0.4871,-0.4871,0.0,0,county
05069,2024,0.2006,0.2006,0.0,0,county
05071,2024,-0.5143,-0.5143,0.0,0,county
05073,2024,-0.3832,-0.3832,0.0,0,county
05075,2024,-0.64,-0.64,0.0,0,county
05077,2024,0.0353,0.0353,0.0,0,county
05079,2024,-0.5009,-0.5009,0.0,0,county
05081,2024,-0.543,-0.543,0.0,0,county
05083,2024,-0.6219,-0.6219,0.0,0,county
05085,2024,-0.5367,-0.5367,0.0,0,county
05087,2024,-0.5858,-0.5858,0.0,0,county
05089,2024,-0.6023,-0.6023,0.0,0,county
05091,2024,-0.5109,-0.5109,0.0,0,county
05093,2024,-0.3162,-0.3162,0.0,0,county
05095,2024,-0.1574,-0.1574,0.0,0,county
05097,2024,-0.6318,-0.6318,0.0,0,county
05099,2024,-0.3966,-0.3966,0.0,0,county
05101,2024,-0.6416,-0.6416,0.0,0,county
05103,2024,-0.1906,-0.1906,0.0,0,county
05105,2024,-0.575,-0.575,0.0,0,county
05107,2024,0.1328,0.1328,0.0,0,county
05109,2024,-0.7311,-0.7311,0.0,0,county
05111,2024,-0.6351,-0.6351,0.0,0,county
05113,2024,-0.7049,-0.7049,0.0,0,county
05115,2024,-0.5221,-0.5221,0.0,0,county
05117,2024,-0.6575,-0.6575,0.0,0,county
05119,2024,0.2213,0.2213,0.0,0,county
05121,2024,-0.6373,-0.6373,0.0,0,county
05123,2024,0.0074,0.0074,0.0,0,county
05125,2024,-0.4014,-0.4014,0.0,0,county
05127,2024,-0.7352,-0.7352,0.0,0,county
05129,2024,-0.7222,-0.7222,0.0,0,county
05131,2024,-0.3755,-0.3755,0.0,0,county
05133,2024,-0.6173,-0.6173,0.0,0,county
05135,2024,-0.6269,-0.6269,0.0,0,county
05137,2024,-0.6167,-0.6167,0.0,0,county
05139,2024,-0.3351,-0.3351,0.0,0,county
05141,2024,-0.6018,-0.6018,0.0,0,county
05143,2024,-0.0665,-0.0665,0.0,0,county
05145,2024,-0.612,-0.612,0.0,0,county
05147,2024,-0.3248,-0.3248,0.0,0,county
05149,2024,-0.6074,-0.6074,0.0,0,county
06001,2024,0.5355,0.5356,0.0001,0,county
06003,2024,0.3198,0.3198,0.0,0,county
06005,2024,-0.2783,-0.2783,0.0,0,county
06007,2024,-0.0312,-0.0312,0.0,0,county
06009,2024,-0.2811,-0.2811,0.0,0,county
06011,2024,-0.2824,-0.2824,0.0,0,county
06013,2024,0.3795,0.3795,0.0,0,county
06015,2024,-0.164,-0.164,0.0,0,county
06017,2024,-0.1198,-0.1198,0.0,0,county
06019,2024,-0.0439,-0.0439,0.0,0,county
06021,2024,-0.349,-0.349,0.0,0,county
06023,2024,0.284,0.284,0.0,0,county
06025,2024,-0.0086,-0.0086,0.0,0,county
06027,2024,-0.0298,-0.0298,0.0,0,county
06029,2024,-0.2106,-0.2106,0.0,0,county
06031,2024,-0.2302,-0.2302,0.0,0,county
06033,2024,-0.0137,-0.0137,0.0,0,county
06035,2024,-0.5401,-0.5401,0.0,0,county
06037,2024,0.3292,0.3292,0.0,0,county
06039,2024,-0.208,-0.208,0.0,0,county
06041,2024,0.6391,0.6391,0.0,0,county
06043,2024,-0.2106,-0.2106,0.0,0,county
06045,2024,0.2683,0.2683,0.0,0,county
06047,2024,-0.0436,-0.0436,0.0,0,county
06049,2024,-0.4671,-0.4671,0.0,0,county
06051,2024,0.2025,0.2025,0.0,0,county
06053,2024,0.2988,0.2988,0.0,0,county
06055,2024,0.3487,0.3487,0.0,0,county
06057,2024,0.1224,0.1224,0.0,0,county
06059,2024,0.0265,0.0265,0.0,0,county
06061,2024,-0.0851,-0.0851,0.0,0,county
06063,2024,-0.1694,-0.1694,0.0,0,county
06065,2024,-0.0126,-0.0126,0.0,0,county
06067,2024,0.1971,0.1971,0.0,0,county
06069,2024,0.1258,0.1258,0.0,0,county
06071,2024,-0.0214,-0.0214,0.0,0,county
06073,2024,0.1679,0.1679,0.0,0,county
06075,2024,0.648,0.648,0.0,0,county
06077,2024,-0.0089,-0.0089,0.0,0,county
06079,2024,0.1087,0.1087,0.0,0,county
06081,2024,0.5033,0.5033,0.0,0,county
06083,2024,0.2668,0.2668,0.0,0,county
06085,2024,0.3995,0.3995,0.0,0,county
06087,2024,0.5444,0.5444,0.0,0,county
06089,2024,-0.3646,-0.3646,0.0,0,county
06091,2024,-0.2423,-0.2423,0.0,0,county
06093,2024,-0.1923,-0.1923,0.0,0,county
06095,2024,0.2299,0.2299,0.0,0,county
06097,2024,0.4621,0.4621,0.0,0,county
06099,2024,-0.1096,-0.1096,0.0,0,county
06101,2024,-0.3141,-0.3141,0.0,0,county
06103,2024,-0.4179,-0.4179,0.0,0,county
06105,2024,-0.0939,-0.0939,0.0,0,county
06107,2024,-0.2071,-0.2071,0.0,0,county
06109,2024,-0.2187,-0.2187,0.0,0,county
06111,2024,0.151,0.151,0.0,0,county
06113,2024,0.3625,0.3625,0.0,0,county
06115,2024,-0.2583,-0.2583,0.0,0,county
08001,2024,0.0901,0.0901,0.0,0,county
08003,2024,-0.1081,-0.1081,0.0,0,county
08005,2024,0.201,0.201,0.0,0,county
08007,2024,-0.1405,-0.1405,0.0,0,county
08009,2024,-0.7041,-0.7041,0.0,0,county
08011,2024,-0.3888,-0.3888,0.0,0,county
08013,2024,0.5577,0.5577,0.0,0,county
08014,2024,0.2853,0.2853,0.0,0,county
08015,2024,0.1358,0.1358,0.0,0,county
08017,2024,-0.7791,-0.7791,0.0,0,county
08019,2024,0.1659,0.1659,0.0,0,county
08021,2024,-0.1781,-0.1781,0.0,0,county
08023,2024,0.1466,0.1466,0.0,0,county
08025,2024,-0.4742,-0.4742,0.0,0,county
08027,2024,-0.3607,-0.3607,0.0,0,county
08029,2024,-0.3552,-0.3552,0.0,0,county
08031,2024,0.5615,0.5615,0.0,0,county
08033,2024,-0.5292,-0.5292,0.0,0,county
08035,2024,-0.0699,-0.0699,0.0,0,county
08037,2024,0.2444,0.2444,0.0,0,county
08039,2024,-0.5114,-0.5114,0.0,0,county
08041,2024,-0.098,-0.098,0.0,0,county
08043,2024,-0.3843,-0.3843,0.0,0,county
08045,2024,0.0209,0.0209,0.0,0,county
08047,2024,0.1271,0.1271,0.0,0,county
08049,2024,-0.008,-0.008,0.0,0,county
08051,2024,0.2923,0.2923,0.0,0,county
08053,2024,-0.1238,-0.1238,0.0,0,county
08055,2024,-0.0858,-0.0858,0.0,0,county
08057,2024,-0.5528,-0.5528,0.0,0,county
08059,2024,0.1947,0.1947,0.0,0,county
08061,2024,-0.7439,-0.7439,0.0,0,county
08063,2024,-0.6833,-0.6833,0.0,0,county
08065,2024,0.1642,0.1642,0.0,0,county
08067,2024,0.1865,0.1865,0.0,0,county
08069,2024,0.176,0.176,0.0,0,county
08071,2024,-0.135,-0.135,0.0,0,county
08073,2024,-0.6449,-0.6449,0.0,0,county
08075,2024,-0.5665,-0.5665,0.0,0,county
08077,2024,-0.2431,-0.2431,0.0,0,county
08079,2024,-0.1328,-0.1328,0.0,0,county
08081,2024,-0.6282,-0.6282,0.0,0,county
08083,2024,-0.21,-0.21,0.0,0,county
08085,2024,-0.326,-0.326,0.0,0,county
08087,2024,-0.4859,-0.4859,0.0,0,county
08089,2024,-0.264,-0.264,0.0,0,county
08091,2024,0.2121,0.2121,0.0,0,county
08093,2024,-0.165,-0.165,0.0,0,county
08095,2024,-0.627,-0.627,0.0,0,county
08097,2024,0.4424,0.4424,0.0,0,county
08099,2024,-0.5066,-0.5066,0.0,0,county
08101,2024,-0.0512,-0.0512,0.0,0,county
08103,2024,-0.6371,-0.6371,0.0,0,county
08105,2024,-0.232,-0.232,0.0,0,county
08107,2024,0.2774,0.2774,0.0,0,county
08109,2024,0.0374,0.0374,0.0,0,county
08111,2024,0.3197,0.3197,0.0,0,county
08113,2024,0.4944,0.4944,0.0,0,county
08115,2024,-0.5633,-0.5633,0.0,0,county
08117,2024,0.3716,0.3716,0.0,0,county
08119,2024,-0.3547,-0.3547,0.0,0,county
08121,2024,-0.7509,-0.7509,0.0,0,county
08123,2024,-0.2097,-0.2097,0.0,0,county
08125,2024,-0.6539,-0.6539,0.0,0,county
09110,2024,0.145,0.2194,0.0744,1,state
09120,2024,0.145,0.2331,0.0881,1,state
09130,2024,0.145,0.1344,0.0106,0,state
09140,2024,0.145,-0.0738,0.2188,1,state
09150,2024,0.145,-0.1543,0.2993,1,state
09160,2024,0.145,-0.0126,0.1576,1,state
09170,2024,0.145,0.2007,0.0557,1,state
09180,2024,0.145,0.1296,0.0154,0,state
09190,2024,0.145,0.191,0.046,1,state
10001,2024,0.02,0.02,0.0,0,county
10003,2024,0.3256,0.3256,0.0,0,county
10005,2024,-0.1097,-0.1097,0.0,0,county
11001,2024,0.8381,0.8607,0.0226,1,county
12001,2024,0.2097,0.2097,0.0,0,county
12003,2024,-0.7307,-0.7307,0.0,0,county
12005,2024,-0.4735,-0.4735,0.0,0,county
12007,2024,-0.5724,-0.5724,0.0,0,county
12009,2024,-0.2083,-0.2083,0.0,0,county
12011,2024,0.1697,0.1697,0.0,0,county
12013,2024,-0.6761,-0.6761,0.0,0,county
12015,2024,-0.3398,-0.3398,0.0,0,county
12017,2024,-0.4589,-0.4589,0.0,0,county
12019,2024,-0.3926,-0.3926,0.0,0,county
12021,2024,-0.3307,-0.3307,0.0,0,county
12023,2024,-0.5018,-0.5018,0.0,0,county
12027,2024,-0.4295,-0.4295,0.0,0,county
12029,2024,-0.7041,-0.7041,0.0,0,county
12031,2024,-0.0147,-0.0147,0.0,0,county
12033,2024,-0.1954,-0.1954,0.0,0,county
12035,2024,-0.2824,-0.2824,0.0,0,county
12037,2024,-0.4381,-0.4381,0.0,0,county
12039,2024,0.3067,0.3067,0.0,0,county
12041,2024,-0.6802,-0.6802,0.0,0,county
12043,2024,-0.5327,-0.5327,0.0,0,county
12045,2024,-0.542,-0.542,0.0,0,county
12047,2024,-0.3902,-0.3902,0.0,0,county
12049,2024,-0.5631,-0.5631,0.0,0,county
12051,2024,-0.3831,-0.3831,0.0,0,county
12053,2024,-0.3705,-0.3705,0.0,0,county
12055,2024,-0.4076,-0.4076,0.0,0,county
12057,2024,-0.0306,-0.0306,0.0,0,county
12059,2024,-0.802,-0.802,0.0,0,county
12061,2024,-0.2735,-0.2735,0.0,0,county
12063,2024,-0.4608,-0.4608,0.0,0,county
12065,2024,-0.1861,-0.1861,0.0,0,county
12067,2024,-0.7601,-0.7601,0.0,0,county
12069,2024,-0.2467,-0.2467,0.0,0,county
12071,2024,-0.2839,-0.2839,0.0,0,county
12073,2024,0.2176,0.2176,0.0,0,county
12075,2024,-0.5025,-0.5026,0.0001,0,county
12077,2024,-0.6682,-0.6682,0.0,0,county
12079,2024,-0.2887,-0.2887,0.0,0,county
12081,2024,-0.2351,-0.2351,0.0,0,county
12083,2024,-0.3164,-0.3164,0.0,0,county
12085,2024,-0.3111,-0.3111,0.0,0,county
12086,2024,-0.1145,-0.1145,0.0,0,county
12087,2024,-0.1834,-0.1834,0.0,0,county
12089,2024,-0.4694,-0.4694,0.0,0,county
12091,2024,-0.4245,-0.4245,0.0,0,county
12093,2024,-0.5383,-0.5383,0.0,0,county
12095,2024,0.1359,0.1359,0.0,0,county
12097,2024,-0.0145,-0.0145,0.0,0,county
12099,2024,0.0076,0.0076,0.0,0,county
12101,2024,-0.2522,-0.2522,0.0,0,county
12103,2024,-0.0523,-0.0523,0.0,0,county
12105,2024,-0.2068,-0.2068,0.0,0,county
12107,2024,-0.4782,-0.4782,0.0,0,county
12109,2024,-0.3135,-0.3135,0.0,0,county
12111,2024,-0.0906,-0.0906,0.0,0,county
12113,2024,-0.5095,-0.5095,0.0,0,county
12115,2024,-0.1819,-0.1819,0.0,0,county
12117,2024,-0.0355,-0.0355,0.0,0,county
12119,2024,-0.3762,-0.3762,0.0,0,county
12121,2024,-0.6096,-0.6096,0.0,0,county
12123,2024,-0.5965,-0.5965,0.0,0,county
12125,2024,-0.6826,-0.6826,0.0,0,county
12127,2024,-0.2176,-0.2176,0.0,0,county
12129,2024,-0.4434,-0.4434,0.0,0,county
12131,2024,-0.5783,-0.5783,0.0,0,county
12133,2024,-0.654,-0.654,0.0,0,county
13001,2024,-0.6241,-0.6241,0.0,0,county
13003,2024,-0.5397,-0.5397,0.0,0,county
13005,2024,-0.7318,-0.7318,0.0,0,county
13007,2024,-0.1985,-0.1985,0.0,0,county
13009,2024,-0.022,-0.022,0.0,0,county
13011,2024,-0.7816,-0.7816,0.0,0,county
13013,2024,-0.4047,-0.4047,0.0,0,county
13015,2024,-0.5097,-0.5097,0.0,0,county
13017,2024,-0.3203,-0.3203,0.0,0,county
13019,2024,-0.6981,-0.6981,0.0,0,county
13021,2024,0.2243,0.2243,0.0,0,county
13023,2024,-0.5536,-0.5536,0.0,0,county
13025,2024,-0.8245,-0.8245,0.0,0,county
13027,2024,-0.2678,-0.2678,0.0,0,county
13029,2024,-0.3634,-0.3634,0.0,0,county
13031,2024,-0.29,-0.29,0.0,0,county
13033,2024,-0.0933,-0.0933,0.0,0,county
13035,2024,-0.4516,-0.4516,0.0,0,county
13037,2024,0.1231,0.1231,0.0,0,county
13039,2024,-0.3567,-0.3567,0.0,0,county
13043,2024,-0.475,-0.475,0.0,0,county
13045,2024,-0.4116,-0.4116,0.0,0,county
13047,2024,-0.555,-0.555,0.0,0,county
13049,2024,-0.5618,-0.5618,0.0,0,county
13051,2024,0.1802,0.1802,0.0,0,county
13053,2024,-0.1647,-0.1647,0.0,0,county
13055,2024,-0.642,-0.642,0.0,0,county
13057,2024,-0.3901,-0.3901,0.0,0,county
13059,2024,0.3829,0.3829,0.0,0,county
13061,2024,0.0749,0.0749,0.0,0,county
13063,2024,0.6921,0.6921,0.0,0,county
13065,2024,-0.5155,-0.5155,0.0,0,county
13067,2024,0.1488,0.1488,0.0,0,county
13069,2024,-0.4514,-0.4514,0.0,0,county
13071,2024,-0.5019,-0.5019,0.0,0,county
13073,2024,-0.2564,-0.2564,0.0,0,county
13075,2024,-0.4646,-0.4646,0.0,0,county
13077,2024,-0.3386,-0.3386,0.0,0,county
13079,2024,-0.4984,-0.4984,0.0,0,county
13081,2024,-0.2595,-0.2595,0.0,0,county
13083,2024,-0.666,-0.666,0.0,0,county
13085,2024,-0.6526,-0.6526,0.0,0,county
13087,2024,-0.2397,-0.2397,0.0,0,county
13089,2024,0.6475,0.6475,0.0,0,county
13091,2024,-0.4992,-0.4992,0.0,0,county
13093,2024,-0.0771,-0.0771,0.0,0,county
13095,2024,0.4114,0.4114,0.0,0,county
13097,2024,0.3145,0.3145,0.0,0,county
13099,2024,-0.1148,-0.1148,0.0,0,county
13101,2024,-0.8206,-0.8206,0.0,0,county
13103,2024,-0.4911,-0.4911,0.0,0,county
13105,2024,-0.4338,-0.4338,0.0,0,county
13107,2024,-0.4414,-0.4414,0.0,0,county
13109,2024,-0.4234,-0.4234,0.0,0,county
13111,2024,-0.6477,-0.6477,0.0,0,county
13113,2024,-0.0316,-0.0316,0.0,0,county
13115,2024,-0.4195,-0.4195,0.0,0,county
13117,2024,-0.3311,-0.3311,0.0,0,county
13119,2024,-0.7259,-0.7259,0.0,0,county
13121,2024,0.4486,0.4486,0.0,0,county
13123,2024,-0.6257,-0.6257,0.0,0,county
13125,2024,-0.8389,-0.8389,0.0,0,county
13127,2024,-0.2599,-0.2599,0.0,0,county
13129,2024,-0.6344,-0.6344,0.0,0,county
13131,2024,-0.3821,-0.3821,0.0,0,county
13133,2024,-0.2895,-0.2895,0.0,0,county
13135,2024,0.1651,0.1651,0.0,0,county
13137,2024,-0.6489,-0.6489,0.0,0,county
13139,2024,-0.4378,-0.4378,0.0,0,county
13141,2024,0.3538,0.3538,0.0,0,county
13143,2024,-0.744,-0.744,0.0,0,county
13145,2024,-0.4611,-0.4611,0.0,0,county
13147,2024,-0.548,-0.548,0.0,0,county
13149,2024,-0.7208,-0.7208,0.0,0,county
13151,2024,0.2966,0.2966,0.0,0,county
13153,2024,-0.1127,-0.1127,0.0,0,county
13155,2024,-0.5421,-0.5421,0.0,0,county
13157,2024,-0.5509,-0.5509,0.0,0,county
13159,2024,-0.5837,-0.5837,0.0,0,county
13161,2024,-0.6831,-0.6831,0.0,0,county
13163,2024,-0.0122,-0.0122,0.0,0,county
13165,2024,-0.3045,-0.3045,0.0,0,county
13167,2024,-0.4636,-0.4636,0.0,0,county
13169,2024,-0.3803,-0.3803,0.0,0,county
13171,2024,-0.4591,-0.4591,0.0,0,county
13173,2024,-0.4633,-0.4633,0.0,0,county
13175,2024,-0.3272,-0.3272,0.0,0,county
13177,2024,-0.4353,-0.4353,0.0,0,county
13179,2024,0.1745,0.1745,0.0,0,county
13181,2024,-0.4478,-0.4478,0.0,0,county
13183,2024,-0.2949,-0.2949,0.0,0,county
13185,2024,-0.1798,-0.1798,0.0,0,county
13187,2024,-0.6167,-0.6167,0.0,0,county
13189,2024,-0.2491,-0.2491,0.0,0,county
13191,2024,-0.286,-0.286,0.0,0,county
13193,2024,0.179,0.179,0.0,0,county
13195,2024,-0.5479,-0.5479,0.0,0,county
13197,2024,-0.3024,-0.3024,0.0,0,county
13199,2024,-0.2547,-0.2547,0.0,0,county
13201,2024,-0.5048,-0.5048,0.0,0,county
13205,2024,-0.1632,-0.1632,0.0,0,county
13207,2024,-0.4668,-0.4668,0.0,0,county
13209,2024,-0.5301,-0.5301,0.0,0,county
13211,2024,-0.4594,-0.4594,0.0,0,county
13213,2024,-0.7159,-0.7159,0.0,0,county
13215,2024,0.2335,0.2335,0.0,0,county
13217,2024,0.1515,0.1515,0.0,0,county
13219,2024,-0.3593,-0.3593,0.0,0,county
13221,2024,-0.4239,-0.4239,0.0,0,county
13223,2024,-0.2413,-0.2413,0.0,0,county
13225,2024,-0.0603,-0.0603,0.0,0,county
13227,2024,-0.6579,-0.6579,0.0,0,county
13229,2024,-0.7751,-0.7751,0.0,0,county
13231,2024,-0.7344,-0.7344,0.0,0,county
13233,2024,-0.6052,-0.6052,0.0,0,county
13235,2024,-0.4048,-0.4048,0.0,0,county
13237,2024,-0.4225,-0.4225,0.0,0,county
13239,2024,-0.1544,-0.1544,0.0,0,county
13241,2024,-0.5688,-0.5688,0.0,0,county
13243,2024,0.0763,0.0763,0.0,0,county
13245,2024,0.3612,0.3612,0.0,0,county
13247,2024,0.4751,0.4751,0.0,0,county
13249,2024,-0.6248,-0.6248,0.0,0,county
13251,2024,-0.252,-0.252,0.0,0,county
13253,2024,-0.4043,-0.4043,0.0,0,county
13255,2024,-0.1666,-0.1666,0.0,0,county
13257,2024,-0.6281,-0.6281,0.0,0,county
13259,2024,0.1627,0.1627,0.0,0,county
13261,2024,0.0222,0.0222,0.0,0,county
13263,2024,0.1199,0.1199,0.0,0,county
13265,2024,0.1493,0.1493,0.0,0,county
13267,2024,-0.5343,-0.5343,0.0,0,county
13269,2024,-0.3099,-0.3099,0.0,0,county
13271,2024,-0.393,-0.393,0.0,0,county
13273,2024,0.041,0.041,0.0,0,county
13275,2024,-0.2411,-0.2411,0.0,0,county
13277,2024,-0.3566,-0.3566,0.0,0,county
13279,2024,-0.5071,-0.5071,0.0,0,county
13281,2024,-0.623,-0.623,0.0,0,county
13283,2024,-0.4441,-0.4441,0.0,0,county
13285,2024,-0.2439,-0.2439,0.0,0,county
13287,2024,-0.2849,-0.2849,0.0,0,county
13289,2024,-0.1468,-0.1468,0.0,0,county
13291,2024,-0.6246,-0.6246,0.0,0,county
13293,2024,-0.3975,-0.3975,0.0,0,county
13295,2024,-0.593,-0.593,0.0,0,county
13297,2024,-0.4591,-0.4591,0.0,0,county
13299,2024,-0.4316,-0.4316,0.0,0,county
13301,2024,0.0471,0.0471,0.0,0,county
13303,2024,-0.0191,-0.0191,0.0,0,county
13305,2024,-0.5975,-0.5975,0.0,0,county
13307,2024,-0.1841,-0.1841,0.0,0,county
13309,2024,-0.4508,-0.4508,0.0,0,county
13311,2024,-0.6851,-0.6851,0.0,0,county
13313,2024,-0.4445,-0.4445,0.0,0,county
13315,2024,-0.4918,-0.4918,0.0,0,county
13317,2024,-0.1685,-0.1685,0.0,0,county
13319,2024,-0.1785,-0.1785,0.0,0,county
13321,2024,-0.5039,-0.5039,0.0,0,county
15001,2024,0.2827,0.2827,0.0,0,county
15003,2024,0.2165,0.2165,0.0,0,county
15007,2024,0.1953,0.1953,0.0,0,county
15009,2024,0.2589,0.2589,0.0,0,county
16001,2024,-0.1034,-0.1034,0.0,0,county
16003,2024,-0.5446,-0.545,0.0004,0,county
16005,2024,-0.2507,-0.2508,0.0001,0,county
16007,2024,-0.7705,-0.7705,0.0,0,county
16009,2024,-0.614,-0.6141,0.0001,0,county
16011,2024,-0.5961,-0.5963,0.0002,0,county
16013,2024,0.3165,0.3166,0.0001,0,county
16015,2024,-0.5422,-0.5422,0.0,0,county
16017,2024,-0.4612,-0.4614,0.0002,0,county
16019,2024,-0.4535,-0.4537,0.0002,0,county
16021,2024,-0.6539,-0.6539,0.0,0,county
16023,2024,-0.7249,-0.7249,0.0,0,county
16025,2024,-0.5412,-0.5412,0.0,0,county
16027,2024,-0.4661,-0.4662,0.0001,0,county
16029,2024,-0.7121,-0.7121,0.0,0,county
16031,2024,-0.6905,-0.6906,0.0001,0,county
16033,2024,-0.6907,-0.6907,0.0,0,county
16035,2024,-0.6281,-0.6283,0.0002,0,county
16037,2024,-0.5328,-0.5328,0.0,0,county
16039,2024,-0.4854,-0.4854,0.0,0,county
16041,2024,-0.7762,-0.7762,0.0,0,county
16043,2024,-0.6895,-0.6895,0.0,0,county
16045,2024,-0.6599,-0.6599,0.0,0,county
16047,2024,-0.6043,-0.6043,0.0,0,county
16049,2024,-0.6778,-0.6784,0.0006,0,county
16051,2024,-0.7326,-0.7327,0.0001,0,county
16053,2024,-0.5374,-0.5374,0.0,0,county
16055,2024,-0.5183,-0.5184,0.0001,0,county
16057,2024,-0.0797,-0.0797,0.0,0,county
16059,2024,-0.5494,-0.5496,0.0002,0,county
16061,2024,-0.649,-0.65,0.001,0,county
16063,2024,-0.5603,-0.5603,0.0,0,county
16065,2024,-0.6426,-0.6428,0.0002,0,county
16067,2024,-0.6326,-0.6327,0.0001,0,county
16069,2024,-0.3863,-0.3864,0.0001,0,county
16071,2024,-0.7595,-0.7595,0.0,0,county
16073,2024,-0.6758,-0.6758,0.0,0,county
16075,2024,-0.6287,-0.6287,0.0,0,county
16077,2024,-0.4505,-0.4508,0.0003,0,county
16079,2024,-0.4938,-0.494,0.0002,0,county
16081,2024,0.0684,0.0684,0.0,0,county
16083,2024,-0.4879,-0.4881,0.0002,0,county
16085,2024,-0.1858,-0.1858,0.0,0,county
16087,2024,-0.6155,-0.6157,0.0002,0,county
17001,2024,-0.4738,-0.4741,0.0003,0,county
17003,2024,-0.1924,-0.1924,0.0,0,county
17005,2024,-0.4474,-0.4479,0.0005,0,county
17007,2024,-0.1449,-0.1451,0.0002,0,county
17009,2024,-0.5992,-0.5992,0.0,0,county
17011,2024,-0.2428,-0.2429,0.0001,0,county
17013,2024,-0.5593,-0.5593,0.0,0,county
17015,2024,-0.3166,-0.3167,0.0001,0,county
17017,2024,-0.4339,-0.4339,0.0,0,county
17019,2024,0.2383,0.2409,0.0026,0,county
17021,2024,-0.4665,-0.4668,0.0003,0,county
17023,2024,-0.5122,-0.5124,0.0002,0,county
17025,2024,-0.6731,-0.6734,0.0003,0,county
17027,2024,-0.5179,-0.5183,0.0004,0,county
17029,2024,-0.2841,-0.2846,0.0005,0,county
17031,2024,0.4155,0.4201,0.0046,0,county
17033,2024,-0.5237,-0.5241,0.0004,0,county
17035,2024,-0.6185,-0.6186,0.0001,0,county
17037,2024,0.0197,0.0198,0.0001,0,county
17039,2024,-0.4474,-0.4487,0.0013,0,county
17041,2024,-0.4611,-0.4614,0.0003,0,county
17043,2024,0.1312,0.1333,0.0021,0,county
17045,2024,-0.5231,-0.5235,0.0004,0,county
17047,2024,-0.7106,-0.7108,0.0002,0,county
17049,2024,-0.603,-0.6037,0.0007,0,county
17051,2024,-0.6473,-0.6473,0.0,0,county
17053,2024,-0.4784,-0.4788,0.0004,0,county
17055,2024,-0.5055,-0.5057,0.0002,0,county
17057,2024,-0.2383,-0.2384,0.0001,0,county
17059,2024,-0.5383,-0.5386,0.0003,0,county
17061,2024,-0.5778,-0.578,0.0002,0,county
17063,2024,-0.2954,-0.2959,0.0005,0,county
17065,2024,-0.6329,-0.6329,0.0,0,county
17067,2024,-0.4992,-0.4996,0.0004,0,county
17069,2024,-0.6173,-0.6177,0.0004,0,county
17071,2024,-0.3877,-0.3879,0.0002,0,county
17073,2024,-0.2444,-0.2447,0.0003,0,county
17075,2024,-0.5726,-0.5733,0.0007,0,county
17077,2024,0.0347,0.0349,0.0002,0,county
17079,2024,-0.652,-0.6525,0.0005,0,county
17081,2024,-0.4771,-0.4777,0.0006,0,county
17083,2024,-0.5018,-0.5019,0.0001,0,county
17085,2024,-0.168,-0.1683,0.0003,0,county
17087,2024,-0.5828,-0.5828,0.0,0,county
17089,2024,0.0931,0.0936,0.0005,0,county
17091,2024,-0.2078,-0.2081,0.0003,0,county
17093,2024,0.0152,0.0153,0.0001,0,county
17095,2024,-0.0937,-0.0938,0.0001,0,county
17097,2024,0.2066,0.2077,0.0011,0,county
17099,2024,-0.1845,-0.1848,0.0003,0,county
17101,2024,-0.5617,-0.5623,0.0006,0,county
17103,2024,-0.2219,-0.2222,0.0003,0,county
17105,2024,-0.4628,-0.4631,0.0003,0,county
17107,2024,-0.415,-0.4153,0.0003,0,county
17109,2024,-0.188,-0.1885,0.0005,0,county
17111,2024,-0.0528,-0.053,0.0002,0,county
17113,2024,0.0486,0.0488,0.0002,0,county
17115,2024,-0.1886,-0.1891,0.0005,0,county
17117,2024,-0.3916,-0.392,0.0004,0,county
17119,2024,-0.1321,-0.1326,0.0005,0,county
17121,2024,-0.4948,-0.4949,0.0001,0,county
17123,2024,-0.36,-0.36,0.0,0,county
17125,2024,-0.4222,-0.4224,0.0002,0,county
17127,2024,-0.4877,-0.4877,0.0,0,county
17129,2024,-0.4144,-0.4149,0.0005,0,county
17131,2024,-0.2714,-0.2714,0.0,0,county
17133,2024,-0.3627,-0.363,0.0003,0,county
17135,2024,-0.4397,-0.4402,0.0005,0,county
17137,2024,-0.3242,-0.3249,0.0007,0,county
17139,2024,-0.4903,-0.4907,0.0004,0,county
17141,2024,-0.2933,-0.2939,0.0006,0,county
17143,2024,0.0463,0.0466,0.0003,0,county
17145,2024,-0.5194,-0.5197,0.0003,0,county
17147,2024,-0.305,-0.3054,0.0004,0,county
17149,2024,-0.6371,-0.6374,0.0003,0,county
17151,2024,-0.601,-0.6013,0.0003,0,county
17153,2024,-0.3419,-0.3424,0.0005,0,county
17155,2024,-0.228,-0.2282,0.0002,0,county
17157,2024,-0.4998,-0.4998,0.0,0,county
17159,2024,-0.5341,-0.5349,0.0008,0,county
17161,2024,0.0956,0.0959,0.0003,0,county
17163,2024,0.0785,0.0787,0.0002,0,county
17165,2024,-0.49,-0.4901,0.0001,0,county
17167,2024,-0.0495,-0.0496,0.0001,0,county
17169,2024,-0.4679,-0.4683,0.0004,0,county
17171,2024,-0.6119,-0.6119,0.0,0,county
17173,2024,-0.6021,-0.6025,0.0004,0,county
17175,2024,-0.4556,-0.4556,0.0,0,county
17177,2024,-0.1938,-0.1941,0.0003,0,county
17179,2024,-0.2665,-0.2667,0.0002,0,county
17181,2024,-0.4318,-0.4319,0.0001,0,county
17183,2024,-0.3561,-0.3566,0.0005,0,county
17185,2024,-0.5384,-0.5384,0.0,0,county
17187,2024,-0.2508,-0.2513,0.0005,0,county
17189,2024,-0.5723,-0.5724,0.0001,0,county
17191,2024,-0.7086,-0.7093,0.0007,0,county
17193,2024,-0.5937,-0.594,0.0003,0,county
17195,2024,-0.1469,-0.147,0.0001,0,county
17197,2024,0.0159,0.016,0.0001,0,county
17199,2024,-0.387,-0.3878,0.0008,0,county
17201,2024,0.0056,0.0057,0.0001,0,county
17203,2024,-0.4203,-0.4205,0.0002,0,county
18001,2024,-0.5262,-0.5265,0.0003,0,county
18003,2024,-0.1246,-0.1247,0.0001,0,county
18005,2024,-0.2732,-0.2734,0.0002,0,county
18007,2024,-0.4712,-0.4712,0.0,0,county
18009,2024,-0.5031,-0.5032,0.0001,0,county
18011,2024,-0.1599,-0.1601,0.0002,0,county
18013,2024,-0.3263,-0.3263,0.0,0,county
18015,2024,-0.5207,-0.5211,0.0004,0,county
18017,2024,-0.4618,-0.462,0.0002,0,county
18019,2024,-0.2034,-0.2036,0.0002,0,county
18021,2024,-0.569,-0.5692,0.0002,0,county
18023,2024,-0.4798,-0.48,0.0002,0,county
18025,2024,-0.4855,-0.4855,0.0,0,county
18027,2024,-0.6428,-0.643,0.0002,0,county
18029,2024,-0.583,-0.5833,0.0003,0,county
18031,2024,-0.585,-0.585,0.0,0,county
18033,2024,-0.4705,-0.4707,0.0002,0,county
18035,2024,-0.1577,-0.1578,0.0001,0,county
18037,2024,-0.4219,-0.4223,0.0004,0,county
18039,2024,-0.3235,-0.3238,0.0003,0,county
18041,2024,-0.5632,-0.5632,0.0,0,county
18043,2024,-0.155,-0.1551,0.0001,0,county
18045,2024,-0.5995,-0.5995,0.0,0,county
18047,2024,-0.6439,-0.644,0.0001,0,county
18049,2024,-0.5123,-0.5125,0.0002,0,county
18051,2024,-0.5141,-0.5142,0.0001,0,county
18053,2024,-0.4173,-0.4177,0.0004,0,county
18055,2024,-0.5373,-0.5373,0.0,0,county
18057,2024,-0.0606,-0.0607,0.0001,0,county
18059,2024,-0.3369,-0.3371,0.0002,0,county
18061,2024,-0.4693,-0.4695,0.0002,0,county
18063,2024,-0.2148,-0.215,0.0002,0,county
18065,2024,-0.4768,-0.4771,0.0003,0,county
18067,2024,-0.3526,-0.3526,0.0,0,county
18069,2024,-0.4835,-0.4839,0.0004,0,county
18071,2024,-0.5526,-0.5526,0.0,0,county
18073,2024,-0.543,-0.5431,0.0001,0,county
18075,2024,-0.5516,-0.5517,0.0001,0,county
18077,2024,-0.361,-0.361,0.0,0,county
18079,2024,-0.5881,-0.5881,0.0,0,county
18081,2024,-0.3431,-0.3433,0.0002,0,county
18083,2024,-0.5037,-0.5039,0.0002,0,county
18085,2024,-0.5221,-0.5227,0.0006,0,county
18087,2024,-0.5678,-0.5679,0.0001,0,county
18089,2024,0.0564,0.0564,0.0,0,county
18091,2024,-0.1413,-0.1414,0.0001,0,county
18093,2024,-0.5099,-0.5102,0.0003,0,county
18095,2024,-0.2694,-0.2695,0.0001,0,county
18097,2024,0.2763,0.2768,0.0005,0,county
18099,2024,-0.4336,-0.434,0.0004,0,county
18101,2024,-0.6066,-0.6072,0.0006,0,county
18103,2024,-0.5455,-0.5455,0.0,0,county
18105,2024,0.2735,0.2743,0.0008,0,county
18107,2024,-0.4818,-0.482,0.0002,0,county
18109,2024,-0.5431,-0.5433,0.0002,0,county
18111,2024,-0.5698,-0.5698,0.0,0,county
18113,2024,-0.514,-0.514,0.0,0,county
18115,2024,-0.5548,-0.5548,0.0,0,county
18117,2024,-0.5211,-0.5214,0.0003,0,county
18119,2024,-0.5069,-0.5069,0.0,0,county
18121,2024,-0.5691,-0.5692,0.0001,0,county
18123,2024,-0.2976,-0.2976,0.0,0,county
18125,2024,-0.5485,-0.5485,0.0,0,county
18127,2024,-0.1047,-0.1048,0.0001,0,county
18129,2024,-0.4341,-0.4343,0.0002,0,county
18131,2024,-0.5365,-0.5367,0.0002,0,county
18133,2024,-0.5196,-0.5197,0.0001,0,county
18135,2024,-0.5362,-0.5366,0.0004,0,county
18137,2024,-0.614,-0.6148,0.0008,0,county
18139,2024,-0.5404,-0.5404,0.0,0,county
18141,2024,0.0147,0.0148,0.0001,0,county
18143,2024,-0.5148,-0.5148,0.0,0,county
18145,2024,-0.4801,-0.4801,0.0,0,county
18147,2024,-0.432,-0.4327,0.0007,0,county
18149,2024,-0.5204,-0.5204,0.0,0,county
18151,2024,-0.421,-0.4212,0.0002,0,county
18153,2024,-0.5268,-0.527,0.0002,0,county
18155,2024,-0.5744,-0.5746,0.0002,0,county
18157,2024,-0.0015,-0.0015,0.0,0,county
18159,2024,-0.5081,-0.5081,0.0,0,county
18161,2024,-0.5587,-0.5588,0.0001,0,county
18163,2024,-0.1264,-0.1264,0.0,0,county
18165,2024,-0.4474,-0.4474,0.0,0,county
18167,2024,-0.1809,-0.181,0.0001,0,county
18169,2024,-0.5078,-0.5081,0.0003,0,county
18171,2024,-0.573,-0.573,0.0,0,county
18173,2024,-0.3017,-0.3019,0.0002,0,county
18175,2024,-0.5482,-0.5483,0.0001,0,county
18177,2024,-0.3242,-0.3246,0.0004,0,county
18179,2024,-0.578,-0.5784,0.0004,0,county
18181,2024,-0.4501,-0.4501,0.0,0,county
18183,2024,-0.4987,-0.4991,0.0004,0,county
19001,2024,-0.4459,-0.4503,0.0044,0,county
19003,2024,-0.4371,-0.4416,0.0045,0,county
19005,2024,-0.3383,-0.3433,0.005,0,county
19007,2024,-0.4618,-0.4667,0.0049,0,county
19009,2024,-0.3786,-0.3841,0.0055,0,county
19011,2024,-0.3296,-0.3324,0.0028,0,county
19013,2024,0.0115,0.0116,0.0001,0,county
19015,2024,-0.2129,-0.2153,0.0024,0,county
19017,2024,-0.22,-0.2218,0.0018,0,county
19019,2024,-0.2786,-0.2822,0.0036,0,county
19021,2024,-0.3293,-0.3326,0.0033,0,county
19023,2024,-0.4493,-0.4535,0.0042,0,county
19025,2024,-0.4648,-0.4673,0.0025,0,county
19027,2024,-0.4158,-0.4192,0.0034,0,county
19029,2024,-0.4018,-0.4072,0.0054,0,county
19031,2024,-0.2162,-0.2179,0.0017,0,county
19033,2024,-0.1154,-0.1165,0.0011,0,county
19035,2024,-0.4537,-0.4577,0.004,0,county
19037,2024,-0.3688,-0.3716,0.0028,0,county
19039,2024,-0.4119,-0.4205,0.0086,0,county
19041,2024,-0.4275,-0.4322,0.0047,0,county
19043,2024,-0.3422,-0.3452,0.003,0,county
19045,2024,-0.187,-0.1886,0.0016,0,county
19047,2024,-0.4298,-0.4351,0.0053,0,county
19049,2024,-0.0469,-0.0475,0.0006,0,county
19051,2024,-0.5413,-0.5441,0.0028,0,county
19053,2024,-0.4672,-0.4706,0.0034,0,county
19055,2024,-0.3923,-0.3962,0.0039,0,county
19057,2024,-0.1491,-0.1505,0.0014,0,county
19059,2024,-0.3956,-0.4001,0.0045,0,county
19061,2024,-0.0852,-0.086,0.0008,0,county
19063,2024,-0.4361,-0.4402,0.0041,0,county
19065,2024,-0.3013,-0.3047,0.0034,0,county
19067,2024,-0.2547,-0.2573,0.0026,0,county
19069,2024,-0.412,-0.4172,0.0052,0,county
19071,2024,-0.4426,-0.446,0.0034,0,county
19073,2024,-0.3237,-0.3299,0.0062,0,county
19075,2024,-0.4136,-0.4178,0.0042,0,county
19077,2024,-0.3742,-0.3795,0.0053,0,county
19079,2024,-0.33,-0.333,0.003,0,county
19081,2024,-0.4705,-0.4741,0.0036,0,county
19083,2024,-0.3791,-0.3838,0.0047,0,county
19085,2024,-0.4143,-0.4184,0.0041,0,county
19087,2024,-0.356,-0.3597,0.0037,0,county
19089,2024,-0.3149,-0.318,0.0031,0,county
19091,2024,-0.4935,-0.5001,0.0066,0,county
19093,2024,-0.5298,-0.534,0.0042,0,county
19095,2024,-0.2749,-0.2774,0.0025,0,county
19097,2024,-0.3233,-0.3253,0.002,0,county
19099,2024,-0.2738,-0.2759,0.0021,0,county
19101,2024,-0.0668,-0.0679,0.0011,0,county
19103,2024,0.3761,0.3806,0.0045,0,county
19105,2024,-0.2604,-0.2629,0.0025,0,county
19107,2024,-0.5114,-0.5154,0.004,0,county
19109,2024,-0.4378,-0.4416,0.0038,0,county
19111,2024,-0.2755,-0.2781,0.0026,0,county
19113,2024,0.0979,0.0991,0.0012,0,county
19115,2024,-0.4063,-0.4097,0.0034,0,county
19117,2024,-0.4771,-0.4809,0.0038,0,county
19119,2024,-0.692,-0.6982,0.0062,0,county
19121,2024,-0.3811,-0.3858,0.0047,0,county
19123,2024,-0.511,-0.516,0.005,0,county
19125,2024,-0.3744,-0.3777,0.0033,0,county
19127,2024,-0.154,-0.1557,0.0017,0,county
19129,2024,-0.386,-0.391,0.005,0,county
19131,2024,-0.3094,-0.3114,0.002,0,county
19133,2024,-0.4487,-0.4539,0.0052,0,county
19135,2024,-0.5023,-0.507,0.0047,0,county
19137,2024,-0.3875,-0.3908,0.0033,0,county
19139,2024,-0.1479,-0.1493,0.0014,0,county
19141,2024,-0.6038,-0.6093,0.0055,0,county
19143,2024,-0.6373,-0.6424,0.0051,0,county
19145,2024,-0.4169,-0.4239,0.007,0,county
19147,2024,-0.4464,-0.4498,0.0034,0,county
19149,2024,-0.5366,-0.5425,0.0059,0,county
19151,2024,-0.5364,-0.5404,0.004,0,county
19153,2024,0.1079,0.1089,0.001,0,county
19155,2024,-0.1981,-0.1997,0.0016,0,county
19157,2024,-0.1679,-0.1696,0.0017,0,county
19159,2024,-0.5079,-0.5132,0.0053,0,county
19161,2024,-0.5113,-0.516,0.0047,0,county
19163,2024,-0.0386,-0.039,0.0004,0,county
19165,2024,-0.4263,-0.43,0.0037,0,county
19167,2024,-0.7022,-0.7111,0.0089,0,county
19169,2024,0.1024,0.1037,0.0013,0,county
19171,2024,-0.2659,-0.2687,0.0028,0,county
19173,2024,-0.5529,-0.5572,0.0043,0,county
19175,2024,-0.3592,-0.3619,0.0027,0,county
19177,2024,-0.5491,-0.5541,0.005,0,county
19179,2024,-0.3118,-0.3145,0.0027,0,county
19181,2024,-0.2045,-0.2074,0.0029,0,county
19183,2024,-0.2418,-0.2443,0.0025,0,county
19185,2024,-0.5639,-0.5717,0.0078,0,county
19187,2024,-0.3096,-0.3118,0.0022,0,county
19189,2024,-0.3047,-0.3069,0.0022,0,county
19191,2024,-0.0916,-0.0927,0.0011,0,county
19193,2024,-0.2272,-0.2302,0.003,0,county
19195,2024,-0.2799,-0.2821,0.0022,0,county
19197,2024,-0.3609,-0.3651,0.0042,0,county
20001,2024,-0.4614,-0.4614,0.0,0,county
20003,2024,-0.5977,-0.5977,0.0,0,county
20005,2024,-0.3735,-0.3735,0.0,0,county
20007,2024,-0.7217,-0.7217,0.0,0,county
20009,2024,-0.5675,-0.5675,0.0,0,county
20011,2024,-0.5415,-0.5415,0.0,0,county
20013,2024,-0.4793,-0.4793,0.0,0,county
20015,2024,-0.4118,-0.4118,0.0,0,county
20017,2024,-0.5075,-0.5075,0.0,0,county
20019,2024,-0.7125,-0.7125,0.0,0,county
20021,2024,-0.5293,-0.5293,0.0,0,county
20023,2024,-0.6885,-0.6885,0.0,0,county
20025,2024,-0.7278,-0.7278,0.0,0,county
20027,2024,-0.5551,-0.5551,0.0,0,county
20029,2024,-0.6056,-0.6056,0.0,0,county
20031,2024,-0.5568,-0.5568,0.0,0,county
20033,2024,-0.6831,-0.6831,0.0,0,county
20035,2024,-0.4029,-0.4029,0.0,0,county
20037,2024,-0.2527,-0.2527,0.0,0,county
20039,2024,-0.6901,-0.6901,0.0,0,county
20041,2024,-0.5495,-0.5495,0.0,0,county
20043,2024,-0.6354,-0.6354,0.0,0,county
20045,2024,0.3801,0.3801,0.0,0,county
20047,2024,-0.6533,-0.6533,0.0,0,county
20049,2024,-0.6966,-0.6966,0.0,0,county
20051,2024,-0.4613,-0.4613,0.0,0,county
20053,2024,-0.5228,-0.5228,0.0,0,county
20055,2024,-0.347,-0.347,0.0,0,county
20057,2024,-0.3836,-0.3836,0.0,0,county
20059,2024,-0.4011,-0.4011,0.0,0,county
20061,2024,-0.1761,-0.1761,0.0,0,county
20063,2024,-0.7715,-0.7715,0.0,0,county
20065,2024,-0.6566,-0.6566,0.0,0,county
20067,2024,-0.6297,-0.6297,0.0,0,county
20069,2024,-0.6899,-0.6899,0.0,0,county
20071,2024,-0.7336,-0.7336,0.0,0,county
20073,2024,-0.6096,-0.6096,0.0,0,county
20075,2024,-0.6626,-0.6626,0.0,0,county
20077,2024,-0.6399,-0.6399,0.0,0,county
20079,2024,-0.2107,-0.2107,0.0,0,county
20081,2024,-0.6448,-0.6448,0.0,0,county
20083,2024,-0.705,-0.705,0.0,0,county
20085,2024,-0.426,-0.426,0.0,0,county
20087,2024,-0.3691,-0.3691,0.0,0,county
20089,2024,-0.7586,-0.7586,0.0,0,county
20091,2024,0.0849,0.0849,0.0,0,county
20093,2024,-0.6841,-0.6841,0.0,0,county
20095,2024,-0.5994,-0.5994,0.0,0,county
20097,2024,-0.7136,-0.7136,0.0,0,county
20099,2024,-0.3819,-0.3819,0.0,0,county
20101,2024,-0.7094,-0.7094,0.0,0,county
20103,2024,-0.2277,-0.2277,0.0,0,county
20105,2024,-0.6523,-0.6523,0.0,0,county
20107,2024,-0.6457,-0.6457,0.0,0,county
20109,2024,-0.7164,-0.7164,0.0,0,county
20111,2024,-0.1469,-0.1469,0.0,0,county
20113,2024,-0.4109,-0.4109,0.0,0,county
20115,2024,-0.4911,-0.4911,0.0,0,county
20117,2024,-0.4909,-0.4909,0.0,0,county
20119,2024,-0.6962,-0.6962,0.0,0,county
20121,2024,-0.3951,-0.3951,0.0,0,county
20123,2024,-0.6557,-0.6557,0.0,0,county
20125,2024,-0.5107,-0.5107,0.0,0,county
20127,2024,-0.4656,-0.4656,0.0,0,county
20129,2024,-0.734,-0.734,0.0,0,county
20131,2024,-0.6703,-0.6703,0.0,0,county
20133,2024,-0.4813,-0.4813,0.0,0,county
20135,2024,-0.7894,-0.7894,0.0,0,county
20137,2024,-0.6767,-0.6767,0.0,0,county
20139,2024,-0.4802,-0.4802,0.0,0,county
20141,2024,-0.6855,-0.6855,0.0,0,county
20143,2024,-0.6657,-0.6657,0.0,0,county
20145,2024,-0.5151,-0.5151,0.0,0,county
20147,2024,-0.7372,-0.7372,0.0,0,county
20149,2024,-0.4763,-0.4763,0.0,0,county
20151,2024,-0.5145,-0.5145,0.0,0,county
20153,2024,-0.7256,-0.7256,0.0,0,county
20155,2024,-0.345,-0.345,0.0,0,county
20157,2024,-0.657,-0.657,0.0,0,county
20159,2024,-0.5668,-0.5668,0.0,0,county
20161,2024,0.0178,0.0178,0.0,0,county
20163,2024,-0.7119,-0.7119,0.0,0,county
20165,2024,-0.6544,-0.6544,0.0,0,county
20167,2024,-0.6131,-0.6131,0.0,0,county
20169,2024,-0.3158,-0.3158,0.0,0,county
20171,2024,-0.7471,-0.7471,0.0,0,county
20173,2024,-0.1383,-0.1383,0.0,0,county
20175,2024,-0.3897,-0.3897,0.0,0,county
20177,2024,0.005,0.005,0.0,0,county
20179,2024,-0.8034,-0.8034,0.0,0,county
20181,2024,-0.6872,-0.6872,0.0,0,county
20183,2024,-0.6854,-0.6854,0.0,0,county
20185,2024,-0.6401,-0.6401,0.0,0,county
20187,2024,-0.6355,-0.6355,0.0,0,county
20189,2024,-0.7548,-0.7548,0.0,0,county
20191,2024,-0.5008,-0.5008,0.0,0,county
20193,2024,-0.6578,-0.6578,0.0,0,county
20195,2024,-0.7101,-0.7101,0.0,0,county
20197,2024,-0.488,-0.488,0.0,0,county
20199,2024,-0.8476,-0.8476,0.0,0,county
20201,2024,-0.6915,-0.6915,0.0,0,county
20203,2024,-0.736,-0.736,0.0,0,county
20205,2024,-0.6236,-0.6236,0.0,0,county
20207,2024,-0.6129,-0.6129,0.0,0,county
20209,2024,0.2385,0.2385,0.0,0,county
21001,2024,-0.7116,-0.7118,0.0002,0,county
21003,2024,-0.6709,-0.6709,0.0,0,county
21005,2024,-0.4906,-0.4908,0.0002,0,county
21007,2024,-0.6443,-0.6443,0.0,0,county
21009,2024,-0.5279,-0.528,0.0001,0,county
21011,2024,-0.5127,-0.5127,0.0,0,county
21013,2024,-0.6865,-0.6867,0.0002,0,county
21015,2024,-0.3715,-0.3717,0.0002,0,county
21017,2024,-0.3351,-0.3352,0.0001,0,county
21019,2024,-0.3853,-0.3853,0.0,0,county
21021,2024,-0.2901,-0.2901,0.0,0,county
21023,2024,-0.6494,-0.6505,0.0011,0,county
21025,2024,-0.5934,-0.5934,0.0,0,county
21027,2024,-0.5816,-0.5817,0.0001,0,county
21029,2024,-0.5096,-0.5099,0.0003,0,county
21031,2024,-0.663,-0.6631,0.0001,0,county
21033,2024,-0.5824,-0.5824,0.0,0,county
21035,2024,-0.3793,-0.3795,0.0002,0,county
21037,2024,-0.1965,-0.1966,0.0001,0,county
21039,2024,-0.6797,-0.6797,0.0,0,county
21041,2024,-0.5096,-0.5096,0.0,0,county
21043,2024,-0.5845,-0.5846,0.0001,0,county
21045,2024,-0.7644,-0.7644,0.0,0,county
21047,2024,-0.3358,-0.3358,0.0,0,county
21049,2024,-0.3529,-0.3532,0.0003,0,county
21051,2024,-0.8031,-0.8031,0.0,0,county
21053,2024,-0.7637,-0.7637,0.0,0,county
21055,2024,-0.6835,-0.6839,0.0004,0,county
21057,2024,-0.7086,-0.7092,0.0006,0,county
21059,2024,-0.3192,-0.3194,0.0002,0,county
21061,2024,-0.6291,-0.6291,0.0,0,county
21063,2024,-0.6194,-0.6194,0.0,0,county
21065,2024,-0.6323,-0.6324,0.0001,0,county
21067,2024,0.1809,0.1811,0.0002,0,county
21069,2024,-0.6063,-0.6063,0.0,0,county
21071,2024,-0.5919,-0.592,0.0001,0,county
21073,2024,-0.0485,-0.0485,0.0,0,county
21075,2024,-0.3986,-0.3986,0.0,0,county
21077,2024,-0.5994,-0.5994,0.0,0,county
21079,2024,-0.6019,-0.6019,0.0,0,county
21081,2024,-0.6477,-0.6478,0.0001,0,county
21083,2024,-0.616,-0.616,0.0,0,county
21085,2024,-0.618,-0.618,0.0,0,county
21087,2024,-0.7258,-0.7258,0.0,0,county
21089,2024,-0.5054,-0.5054,0.0,0,county
21091,2024,-0.4753,-0.4753,0.0,0,county
21093,2024,-0.2932,-0.2934,0.0002,0,county
21095,2024,-0.7615,-0.7617,0.0002,0,county
21097,2024,-0.485,-0.485,0.0,0,county
21099,2024,-0.6004,-0.6004,0.0,0,county
21101,2024,-0.2923,-0.2924,0.0001,0,county
21103,2024,-0.5246,-0.5246,0.0,0,county
21105,2024,-0.61,-0.61,0.0,0,county
21107,2024,-0.5086,-0.5087,0.0001,0,county
21109,2024,-0.8177,-0.8177,0.0,0,county
21111,2024,0.1653,0.1655,0.0002,0,county
21113,2024,-0.3579,-0.3585,0.0006,0,county
21115,2024,-0.7067,-0.7067,0.0,0,county
21117,2024,-0.2172,-0.2174,0.0002,0,county
21119,2024,-0.5915,-0.5915,0.0,0,county
21121,2024,-0.7112,-0.7112,0.0,0,county
21123,2024,-0.6039,-0.604,0.0001,0,county
21125,2024,-0.6985,-0.6986,0.0001,0,county
21127,2024,-0.6723,-0.6726,0.0003,0,county
21129,2024,-0.677,-0.677,0.0,0,county
21131,2024,-0.8093,-0.8093,0.0,0,county
21133,2024,-0.6394,-0.6395,0.0001,0,county
21135,2024,-0.757,-0.757,0.0,0,county
21137,2024,-0.612,-0.612,0.0,0,county
21139,2024,-0.6305,-0.6305,0.0,0,county
21141,2024,-0.5504,-0.5506,0.0002,0,county
21143,2024,-0.5343,-0.5343,0.0,0,county
21145,2024,-0.3493,-0.3494,0.0001,0,county
21147,2024,-0.7872,-0.7873,0.0001,0,county
21149,2024,-0.5587,-0.5588,0.0001,0,county
21151,2024,-0.3087,-0.3089,0.0002,0,county
21153,2024,-0.6407,-0.6407,0.0,0,county
21155,2024,-0.4351,-0.4352,0.0001,0,county
21157,2024,-0.5668,-0.5669,0.0001,0,county
21159,2024,-0.8361,-0.8361,0.0,0,county
21161,2024,-0.4368,-0.4369,0.0001,0,county
21163,2024,-0.5205,-0.5206,0.0001,0,county
21165,2024,-0.5765,-0.5769,0.0004,0,county
21167,2024,-0.5053,-0.5057,0.0004,0,county
21169,2024,-0.6462,-0.6466,0.0004,0,county
21171,2024,-0.773,-0.773,0.0,0,county
21173,2024,-0.4659,-0.4659,0.0,0,county
21175,2024,-0.6354,-0.6354,0.0,0,county
21177,2024,-0.5436,-0.5436,0.0,0,county
21179,2024,-0.4173,-0.4176,0.0003,0,county
21181,2024,-0.4902,-0.4902,0.0,0,county
21183,2024,-0.6021,-0.6022,0.0001,0,county
21185,2024,-0.2257,-0.2258,0.0001,0,county
21187,2024,-0.6265,-0.6272,0.0007,0,county
21189,2024,-0.7732,-0.7732,0.0,0,county
21191,2024,-0.6352,-0.6352,0.0,0,county
21193,2024,-0.5952,-0.5952,0.0,0,county
21195,2024,-0.6538,-0.6539,0.0001,0,county
21197,2024,-0.5444,-0.5444,0.0,0,county
21199,2024,-0.6523,-0.6525,0.0002,0,county
21201,2024,-0.6119,-0.6119,0.0,0,county
21203,2024,-0.7314,-0.7314,0.0,0,county
21205,2024,-0.2775,-0.2776,0.0001,0,county
21207,2024,-0.7221,-0.7221,0.0,0,county
21209,2024,-0.277,-0.2771,0.0001,0,county
21211,2024,-0.3466,-0.3468,0.0002,0,county
21213,2024,-0.4387,-0.4387,0.0,0,county
21215,2024,-0.5672,-0.5673,0.0001,0,county
21217,2024,-0.5666,-0.5668,0.0002,0,county
21219,2024,-0.5786,-0.5786,0.0,0,county
21221,2024,-0.5238,-0.5238,0.0,0,county
21223,2024,-0.5554,-0.5554,0.0,0,county
21225,2024,-0.5832,-0.5832,0.0,0,county
21227,2024,-0.2425,-0.2426,0.0001,0,county
21229,2024,-0.5026,-0.5028,0.0002,0,county
21231,2024,-0.6595,-0.6595,0.0,0,county
21233,2024,-0.5734,-0.5734,0.0,0,county
21235,2024,-0.6932,-0.6932,0.0,0,county
21237,2024,-0.5057,-0.5057,0.0,0,county
21239,2024,-0.1425,-0.1426,0.0001,0,county
22001,2024,-0.6395,-0.6395,0.0,0,county
22003,2024,-0.6104,-0.6104,0.0,0,county
22005,2024,-0.3394,-0.3394,0.0,0,county
22007,2024,-0.3559,-0.3559,0.0,0,county
22009,2024,-0.4314,-0.4314,0.0,0,county
22011,2024,-0.7126,-0.7126,0.0,0,county
22013,2024,-0.1805,-0.1805,0.0,0,county
22015,2024,-0.4334,-0.4334,0.0,0,county
22017,2024,0.0464,0.0464,0.0,0,county
22019,2024,-0.3959,-0.3959,0.0,0,county
22021,2024,-0.7254,-0.7254,0.0,0,county
22023,2024,-0.8629,-0.8629,0.0,0,county
22025,2024,-0.5055,-0.5055,0.0,0,county
22027,2024,-0.2206,-0.2206,0.0,0,county
22029,2024,-0.2935,-0.2935,0.0,0,county
22031,2024,-0.3546,-0.3546,0.0,0,county
22033,2024,0.1107,0.1107,0.0,0,county
22035,2024,0.1765,0.1765,0.0,0,county
22037,2024,-0.2223,-0.2223,0.0,0,county
22039,2024,-0.4908,-0.4908,0.0,0,county
22041,2024,-0.4919,-0.4919,0.0,0,county
22043,2024,-0.7684,-0.7684,0.0,0,county
22045,2024,-0.3412,-0.3412,0.0,0,county
22047,2024,-0.0074,-0.0074,0.0,0,county
22049,2024,-0.4759,-0.4759,0.0,0,county
22051,2024,-0.1295,-0.1295,0.0,0,county
22053,2024,-0.6114,-0.6114,0.0,0,county
22055,2024,-0.3136,-0.3136,0.0,0,county
22057,2024,-0.6208,-0.6208,0.0,0,county
22059,2024,-0.8273,-0.8273,0.0,0,county
22061,2024,-0.2545,-0.2545,0.0,0,county
22063,2024,-0.6849,-0.6849,0.0,0,county
22065,2024,0.0621,0.0621,0.0,0,county
22067,2024,-0.1934,-0.1934,0.0,0,county
22069,2024,-0.2234,-0.2234,0.0,0,county
22071,2024,0.6701,0.6701,0.0,0,county
22073,2024,-0.2788,-0.2788,0.0,0,county
22075,2024,-0.3801,-0.3801,0.0,0,county
22077,2024,-0.2755,-0.2755,0.0,0,county
22079,2024,-0.3677,-0.3677,0.0,0,county
22081,2024,-0.2728,-0.2728,0.0,0,county
22083,2024,-0.394,-0.394,0.0,0,county
22085,2024,-0.7006,-0.7006,0.0,0,county
22087,2024,-0.293,-0.293,0.0,0,county
22089,2024,-0.3234,-0.3234,0.0,0,county
22091,2024,0.0077,0.0077,0.0,0,county
22093,2024,-0.0093,-0.0093,0.0,0,county
22095,2024,0.2914,0.2914,0.0,0,county
22097,2024,-0.1884,-0.1884,0.0,0,county
22099,2024,-0.4072,-0.4072,0.0,0,county
22101,2024,-0.3187,-0.3187,0.0,0,county
22103,2024,-0.4379,-0.4379,0.0,0,county
22105,2024,-0.3741,-0.3741,0.0,0,county
22107,2024,-0.0428,-0.0428,0.0,0,county
22109,2024,-0.5181,-0.5181,0.0,0,county
22111,2024,-0.5699,-0.5699,0.0,0,county
22113,2024,-0.6384,-0.6384,0.0,0,county
22115,2024,-0.6787,-0.6787,0.0,0,county
22117,2024,-0.4029,-0.4029,0.0,0,county
22119,2024,-0.3648,-0.3648,0.0,0,county
22121,2024,-0.117,-0.117,0.0,0,county
22123,2024,-0.7404,-0.7404,0.0,0,county
22125,2024,-0.3194,-0.3194,0.0,0,county
22127,2024,-0.544,-0.544,0.0,0,county
23001,2024,-0.0609,-0.0609,0.0,0,county
23003,2024,-0.2621,-0.2621,0.0,0,county
23005,2024,0.353,0.3631,0.0101,0,county
23007,2024,-0.0824,-0.0824,0.0,0,county
23009,2024,0.1177,0.1177,0.0,0,county
23011,2024,-0.0275,-0.0275,0.0,0,county
23013,2024,0.1859,0.1859,0.0,0,county
23015,2024,0.1125,0.1125,0.0,0,county
23017,2024,-0.129,-0.129,0.0,0,county
23019,2024,-0.109,-0.109,0.0,0,county
23021,2024,-0.2917,-0.2917,0.0,0,county
23023,2024,0.1662,0.1662,0.0,0,county
23025,2024,-0.2705,-0.2705,0.0,0,county
23027,2024,0.0337,0.0337,0.0,0,county
23029,2024,-0.2348,-0.2349,0.0001,0,county
23031,2024,0.1048,0.1048,0.0,0,county
24001,2024,-0.4017,-0.4034,0.0017,0,county
24003,2024,0.1382,0.1394,0.0012,0,county
24005,2024,0.2431,0.245,0.0019,0,county
24009,2024,-0.1093,-0.1099,0.0006,0,county
24011,2024,-0.3792,-0.3805,0.0013,0,county
24013,2024,-0.2475,-0.2496,0.0021,0,county
24015,2024,-0.3075,-0.3087,0.0012,0,county
24017,2024,0.4051,0.4071,0.002,0,county
24019,2024,-0.1452,-0.1456,0.0004,0,county
24021,2024,0.0875,0.0881,0.0006,0,county
24023,2024,-0.5384,-0.5402,0.0018,0,county
24025,2024,-0.1372,-0.1382,0.001,0,county
24027,2024,0.4133,0.4174,0.0041,0,county
24029,2024,-0.0279,-0.028,0.0001,0,county
24031,2024,0.5276,0.533,0.0054,0,county
24033,2024,0.7476,0.7515,0.0039,0,county
24035,2024,-0.276,-0.2778,0.0018,0,county
24037,2024,-0.1705,-0.1717,0.0012,0,county
24039,2024,-0.1727,-0.1735,0.0008,0,county
24041,2024,-0.0003,-0.0003,0.0,0,county
24043,2024,-0.229,-0.2301,0.0011,0,county
24045,2024,-0.0544,-0.0546,0.0002,0,county
24047,2024,-0.219,-0.22,0.001,0,county
24510,2024,0.7243,0.7295,0.0052,0,county
25001,2024,0.2062,0.2075,0.0013,0,county
25003,2024,0.3974,0.3993,0.0019,0,county
25005,2024,0.0129,0.013,0.0001,0,county
25007,2024,0.5235,0.5261,0.0026,0,county
25009,2024,0.2023,0.2034,0.0011,0,county
25011,2024,0.3758,0.3775,0.0017,0,county
25013,2024,0.0885,0.0889,0.0004,0,county
25015,2024,0.4174,0.4192,0.0018,0,county
25017,2024,0.3919,0.3945,0.0026,0,county
25019,2024,0.3671,0.369,0.0019,0,county
25021,2024,0.2852,0.2876,0.0024,0,county
25023,2024,0.088,0.0884,0.0004,0,county
25025,2024,0.5207,0.5245,0.0038,0,county
25027,2024,0.0995,0.1,0.0005,0,county
26001,2024,-0.4165,-0.4167,0.0002,0,county
26003,2024,-0.198,-0.198,0.0,0,county
26005,2024,-0.2721,-0.2722,0.0001,0,county
26007,2024,-0.2864,-0.2864,0.0,0,county
26009,2024,-0.2376,-0.2376,0.0,0,county
26011,2024,-0.4059,-0.4059,0.0,0,county
26013,2024,-0.298,-0.298,0.0,0,county
26015,2024,-0.3433,-0.3433,0.0,0,county
26017,2024,-0.1471,-0.1472,0.0001,0,county
26019,2024,-0.0868,-0.0868,0.0,0,county
26021,2024,-0.0787,-0.0787,0.0,0,county
26023,2024,-0.4238,-0.4238,0.0,0,county
26025,2024,-0.1404,-0.1404,0.0,0,county
26027,2024,-0.3392,-0.3393,0.0001,0,county
26029,2024,-0.1691,-0.1691,0.0,0,county
26031,2024,-0.3111,-0.3111,0.0,0,county
26033,2024,-0.2425,-0.2425,0.0,0,county
26035,2024,-0.3759,-0.3759,0.0,0,county
26037,2024,-0.086,-0.0861,0.0001,0,county
26039,2024,-0.3375,-0.3375,0.0,0,county
26041,2024,-0.3039,-0.3039,0.0,0,county
26043,2024,-0.3632,-0.3632,0.0,0,county
26045,2024,-0.0314,-0.0314,0.0,0,county
26047,2024,-0.1077,-0.1077,0.0,0,county
26049,2024,0.042,0.042,0.0,0,county
26051,2024,-0.4073,-0.4073,0.0,0,county
26053,2024,-0.1709,-0.171,0.0001,0,county
26055,2024,-0.0173,-0.0173,0.0,0,county
26057,2024,-0.313,-0.313,0.0,0,county
26059,2024,-0.5138,-0.5141,0.0003,0,county
26061,2024,-0.1703,-0.1704,0.0001,0,county
26063,2024,-0.406,-0.406,0.0,0,county
26065,2024,0.2969,0.2971,0.0002,0,county
26067,2024,-0.3187,-0.3187,0.0,0,county
26069,2024,-0.3058,-0.3058,0.0,0,county
26071,2024,-0.2932,-0.2932,0.0,0,county
26073,2024,-0.0749,-0.0749,0.0,0,county
26075,2024,-0.213,-0.213,0.0,0,county
26077,2024,0.1773,0.1773,0.0,0,county
26079,2024,-0.4287,-0.4287,0.0,0,county
26081,2024,0.0536,0.0537,0.0001,0,county
26083,2024,-0.1279,-0.1279,0.0,0,county
26085,2024,-0.3218,-0.3218,0.0,0,county
26087,2024,-0.3979,-0.3979,0.0,0,county
26089,2024,0.0775,0.0775,0.0,0,county
26091,2024,-0.2304,-0.2304,0.0,0,county
26093,2024,-0.2394,-0.2395,0.0001,0,county
26095,2024,-0.4693,-0.4693,0.0,0,county
26097,2024,-0.2488,-0.2488,0.0,0,county
26099,2024,-0.1369,-0.1369,0.0,0,county
26101,2024,-0.1594,-0.1595,0.0001,0,county
26103,2024,0.0873,0.0874,0.0001,0,county
26105,2024,-0.2135,-0.2136,0.0001,0,county
26107,2024,-0.3005,-0.3005,0.0,0,county
26109,2024,-0.3362,-0.3362,0.0,0,county
26111,2024,-0.152,-0.152,0.0,0,county
26113,2024,-0.5595,-0.5596,0.0001,0,county
26115,2024,-0.2713,-0.2713,0.0,0,county
26117,2024,-0.3897,-0.3898,0.0001,0,county
26119,2024,-0.4533,-0.4533,0.0,0,county
26121,2024,-0.0179,-0.0179,0.0,0,county
26123,2024,-0.428,-0.4281,0.0001,0,county
26125,2024,0.1058,0.1059,0.0001,0,county
26127,2024,-0.3001,-0.3001,0.0,0,county
26129,2024,-0.42,-0.42,0.0,0,county
26131,2024,-0.3036,-0.3036,0.0,0,county
26133,2024,-0.4788,-0.4788,0.0,0,county
26135,2024,-0.4434,-0.4434,0.0,0,county
26137,2024,-0.3532,-0.3532,0.0,0,county
26139,2024,-0.2044,-0.2045,0.0001,0,county
26141,2024,-0.2896,-0.2897,0.0001,0,county
26143,2024,-0.3294,-0.3294,0.0,0,county
26145,2024,-0.0327,-0.0327,0.0,0,county
26147,2024,-0.3464,-0.3464,0.0,0,county
26149,2024,-0.3395,-0.3395,0.0,0,county
26151,2024,-0.4766,-0.4766,0.0,0,county
26153,2024,-0.3195,-0.3196,0.0001,0,county
26155,2024,-0.2306,-0.2306,0.0,0,county
26157,2024,-0.4298,-0.4298,0.0,0,county
26159,2024,-0.1514,-0.1514,0.0,0,county
26161,2024,0.4437,0.4442,0.0005,0,county
26163,2024,0.2897,0.2897,0.0,0,county
26165,2024,-0.3463,-0.3463,0.0,0,county
27001,2024,-0.308,-0.3088,0.0008,0,county
27003,2024,-0.0442,-0.0444,0.0002,0,county
27005,2024,-0.3306,-0.3313,0.0007,0,county
27007,2024,-0.0565,-0.0566,0.0001,0,county
27009,2024,-0.3582,-0.3592,0.001,0,county
27011,2024,-0.2946,-0.2955,0.0009,0,county
27013,2024,-0.0122,-0.0122,0.0,0,county
27015,2024,-0.3505,-0.3522,0.0017,0,county
27017,2024,-0.0255,-0.0255,0.0,0,county
27019,2024,-0.0537,-0.054,0.0003,0,county
27021,2024,-0.3336,-0.3344,0.0008,0,county
27023,2024,-0.3401,-0.3411,0.001,0,county
27025,2024,-0.3133,-0.3142,0.0009,0,county
27027,2024,0.0047,0.0048,0.0001,0,county
27029,2024,-0.4998,-0.5007,0.0009,0,county
27031,2024,0.3481,0.3499,0.0018,0,county
27033,2024,-0.4095,-0.4111,0.0016,0,county
27035,2024,-0.3128,-0.3139,0.0011,0,county
27037,2024,0.1281,0.1287,0.0006,0,county
27039,2024,-0.3194,-0.3203,0.0009,0,county
27041,2024,-0.35,-0.3513,0.0013,0,county
27043,2024,-0.373,-0.3741,0.0011,0,county
27045,2024,-0.2541,-0.2551,0.001,0,county
27047,2024,-0.2128,-0.2133,0.0005,0,county
27049,2024,-0.1641,-0.1645,0.0004,0,county
27051,2024,-0.3045,-0.3056,0.0011,0,county
27053,2024,0.4242,0.4263,0.0021,0,county
27055,2024,-0.1645,-0.165,0.0005,0,county
27057,2024,-0.3138,-0.3149,0.0011,0,county
27059,2024,-0.4106,-0.4121,0.0015,0,county
27061,2024,-0.201,-0.2016,0.0006,0,county
27063,2024,-0.4196,-0.421,0.0014,0,county
27065,2024,-0.4225,-0.4235,0.001,0,county
27067,2024,-0.3092,-0.3102,0.001,0,county
27069,2024,-0.2496,-0.2501,0.0005,0,county
27071,2024,-0.2561,-0.2566,0.0005,0,county
27073,2024,-0.3218,-0.3224,0.0006,0,county
27075,2024,0.0387,0.0388,0.0001,0,county
27077,2024,-0.4712,-0.4714,0.0002,0,county
27079,2024,-0.3359,-0.3368,0.0009,0,county
27081,2024,-0.3765,-0.3776,0.0011,0,county
27083,2024,-0.3169,-0.3179,0.001,0,county
27085,2024,-0.3783,-0.3795,0.0012,0,county
27087,2024,-0.087,-0.0873,0.0003,0,county
27089,2024,-0.5162,-0.5169,0.0007,0,county
27091,2024,-0.3956,-0.3967,0.0011,0,county
27093,2024,-0.4267,-0.4282,0.0015,0,county
27095,2024,-0.4079,-0.4086,0.0007,0,county
27097,2024,-0.5592,-0.5604,0.0012,0,county
27099,2024,-0.1046,-0.1049,0.0003,0,county
27101,2024,-0.4229,-0.4242,0.0013,0,county
27103,2024,-0.0051,-0.0051,0.0,0,county
27105,2024,-0.3555,-0.3563,0.0008,0,county
27107,2024,-0.2216,-0.2222,0.0006,0,county
27109,2024,0.1062,0.1066,0.0004,0,county
27111,2024,-0.3409,-0.3421,0.0012,0,county
27113,2024,-0.3139,-0.3148,0.0009,0,county
27115,2024,-0.351,-0.3517,0.0007,0,county
27117,2024,-0.48,-0.4809,0.0009,0,county
27119,2024,-0.3369,-0.3376,0.0007,0,county
27121,2024,-0.3157,-0.3169,0.0012,0,county
27123,2024,0.4312,0.4332,0.002,0,county
27125,2024,-0.37,-0.3711,0.0011,0,county
27127,2024,-0.4318,-0.4332,0.0014,0,county
27129,2024,-0.4133,-0.4141,0.0008,0,county
27131,2024,-0.025,-0.0251,0.0001,0,county
27133,2024,-0.3918,-0.3927,0.0009,0,county
27135,2024,-0.4925,-0.4933,0.0008,0,county
27137,2024,0.1367,0.1372,0.0005,0,county
27139,2024,-0.0846,-0.0849,0.0003,0,county
27141,2024,-0.3479,-0.349,0.0011,0,county
27143,2024,-0.4291,-0.4303,0.0012,0,county
27145,2024,-0.2667,-0.2675,0.0008,0,county
27147,2024,-0.244,-0.2447,0.0007,0,county
27149,2024,-0.2697,-0.2706,0.0009,0,county
27151,2024,-0.3407,-0.3416,0.0009,0,county
27153,2024,-0.5336,-0.5354,0.0018,0,county
27155,2024,-0.3152,-0.3154,0.0002,0,county
27157,2024,-0.2814,-0.282,0.0006,0,county
27159,2024,-0.5132,-0.5147,0.0015,0,county
27161,2024,-0.3243,-0.3251,0.0008,0,county
27163,2024,0.0888,0.0892,0.0004,0,county
27165,2024,-0.2765,-0.2778,0.0013,0,county
27167,2024,-0.3889,-0.3901,0.0012,0,county
27169,2024,-0.0489,-0.049,0.0001,0,county
27171,2024,-0.2924,-0.2935,0.0011,0,county
27173,2024,-0.4048,-0.4062,0.0014,0,county
28001,2024,0.1393,0.1393,0.0,0,county
28003,2024,-0.6835,-0.6835,0.0,0,county
28005,2024,-0.3284,-0.3284,0.0,0,county
28007,2024,-0.2328,-0.2328,0.0,0,county
28009,2024,-0.3137,-0.3137,0.0,0,county
28011,2024,0.2373,0.2373,0.0,0,county
28013,2024,-0.4799,-0.4799,0.0,0,county
28015,2024,-0.4426,-0.4426,0.0,0,county
28017,2024,-0.1367,-0.1367,0.0,0,county
28019,2024,-0.4925,-0.4925,0.0,0,county
28021,2024,0.6755,0.6755,0.0,0,county
28023,2024,-0.3517,-0.3517,0.0,0,county
28025,2024,0.1041,0.1041,0.0,0,county
28027,2024,0.3981,0.3981,0.0,0,county
28029,2024,-0.0607,-0.0607,0.0,0,county
28031,2024,-0.3327,-0.3327,0.0,0,county
28033,2024,-0.2408,-0.2408,0.0,0,county
28035,2024,-0.1793,-0.1793,0.0,0,county
28037,2024,-0.3979,-0.3979,0.0,0,county
28039,2024,-0.7878,-0.7878,0.0,0,county
28041,2024,-0.6976,-0.6976,0.0,0,county
28043,2024,-0.1629,-0.1629,0.0,0,county
28045,2024,-0.5866,-0.5866,0.0,0,county
28047,2024,-0.289,-0.289,0.0,0,county
28049,2024,0.4609,0.4609,0.0,0,county
28051,2024,0.6207,0.6207,0.0,0,county
28053,2024,0.419,0.419,0.0,0,county
28055,2024,-0.0145,-0.0145,0.0,0,county
28057,2024,-0.7999,-0.7999,0.0,0,county
28059,2024,-0.3989,-0.3989,0.0,0,county
28061,2024,-0.0502,-0.0502,0.0,0,county
28063,2024,0.6626,0.6626,0.0,0,county
28065,2024,0.1374,0.1374,0.0,0,county
28067,2024,-0.4681,-0.4681,0.0,0,county
28069,2024,0.1689,0.1689,0.0,0,county
28071,2024,-0.2176,-0.2176,0.0,0,county
28073,2024,-0.4876,-0.4876,0.0,0,county
28075,2024,-0.212,-0.212,0.0,0,county
28077,2024,-0.3658,-0.3658,0.0,0,county
28079,2024,-0.234,-0.234,0.0,0,county
28081,2024,-0.3883,-0.3883,0.0,0,county
28083,2024,0.3845,0.3845,0.0,0,county
28085,2024,-0.4537,-0.4537,0.0,0,county
28087,2024,-0.0815,-0.0815,0.0,0,county
28089,2024,-0.1729,-0.1729,0.0,0,county
28091,2024,-0.4164,-0.4164,0.0,0,county
28093,2024,-0.0727,-0.0727,0.0,0,county
28095,2024,-0.3591,-0.3591,0.0,0,county
28097,2024,-0.2082,-0.2082,0.0,0,county
28099,2024,-0.5093,-0.5093,0.0,0,county
28101,2024,-0.4331,-0.4331,0.0,0,county
28103,2024,0.4761,0.4761,0.0,0,county
28105,2024,-0.0028,-0.0028,0.0,0,county
28107,2024,-0.1485,-0.1485,0.0,0,county
28109,2024,-0.667,-0.667,0.0,0,county
28111,2024,-0.6043,-0.6043,0.0,0,county
28113,2024,-0.0349,-0.0349,0.0,0,county
28115,2024,-0.6771,-0.6771,0.0,0,county
28117,2024,-0.6602,-0.6602,0.0,0,county
28119,2024,0.3074,0.3074,0.0,0,county
28121,2024,-0.4713,-0.4713,0.0,0,county
28123,2024,-0.2395,-0.2395,0.0,0,county
28125,2024,0.3681,0.3681,0.0,0,county
28127,2024,-0.3671,-0.3671,0.0,0,county
28129,2024,-0.6071,-0.6071,0.0,0,county
28131,2024,-0.5801,-0.5801,0.0,0,county
28133,2024,0.3551,0.3551,0.0,0,county
28135,2024,0.0593,0.0593,0.0,0,county
28137,2024,-0.4378,-0.4378,0.0,0,county
28139,2024,-0.6712,-0.6712,0.0,0,county
28141,2024,-0.7893,-0.7893,0.0,0,county
28143,2024,0.3891,0.3891,0.0,0,county
28145,2024,-0.7014,-0.7014,0.0,0,county
28147,2024,-0.2694,-0.2694,0.0,0,county
28149,2024,-0.0396,-0.0396,0.0,0,county
28151,2024,0.3498,0.3498,0.0,0,county
28153,2024,-0.3273,-0.3273,0.0,0,county
28155,2024,-0.6522,-0.6522,0.0,0,county
28157,2024,0.2532,0.2532,0.0,0,county
28159,2024,-0.1825,-0.1825,0.0,0,county
28161,2024,-0.2091,-0.2091,0.0,0,county
28163,2024,-0.0241,-0.0241,0.0,0,county
29001,2024,-0.3357,-0.3358,0.0001,0,county
29003,2024,-0.5174,-0.5175,0.0001,0,county
29005,2024,-0.5982,-0.5982,0.0,0,county
29007,2024,-0.4762,-0.4764,0.0002,0,county
29009,2024,-0.635,-0.6352,0.0002,0,county
29011,2024,-0.7214,-0.7215,0.0001,0,county
29013,2024,-0.6159,-0.6162,0.0003,0,county
29015,2024,-0.5906,-0.5906,0.0,0,county
29017,2024,-0.7481,-0.7481,0.0,0,county
29019,2024,0.0974,0.0976,0.0002,0,county
29021,2024,-0.28,-0.28,0.0,0,county
29023,2024,-0.6377,-0.6377,0.0,0,county
29025,2024,-0.613,-0.613,0.0,0,county
29027,2024,-0.4325,-0.4327,0.0002,0,county
29029,2024,-0.543,-0.543,0.0,0,county
29031,2024,-0.4647,-0.4649,0.0002,0,county
29033,2024,-0.6447,-0.6447,0.0,0,county
29035,2024,-0.7421,-0.7421,0.0,0,county
29037,2024,-0.3208,-0.3209,0.0001,0,county
29039,2024,-0.6962,-0.6963,0.0001,0,county
29041,2024,-0.5635,-0.5636,0.0001,0,county
29043,2024,-0.5223,-0.5225,0.0002,0,county
29045,2024,-0.6154,-0.6154,0.0,0,county
29047,2024,-0.0564,-0.0565,0.0001,0,county
29049,2024,-0.4791,-0.4792,0.0001,0,county
29051,2024,-0.344,-0.3442,0.0002,0,county
29053,2024,-0.458,-0.4581,0.0001,0,county
29055,2024,-0.6219,-0.6219,0.0,0,county
29057,2024,-0.671,-0.6712,0.0002,0,county
29059,2024,-0.6455,-0.6456,0.0001,0,county
29061,2024,-0.6329,-0.6329,0.0,0,county
29063,2024,-0.6263,-0.6263,0.0,0,county
29065,2024,-0.7022,-0.7022,0.0,0,county
29067,2024,-0.7197,-0.7197,0.0,0,county
29069,2024,-0.6179,-0.6179,0.0,0,county
29071,2024,-0.4585,-0.4586,0.0001,0,county
29073,2024,-0.6021,-0.6022,0.0001,0,county
29075,2024,-0.6182,-0.6182,0.0,0,county
29077,2024,-0.2082,-0.2083,0.0001,0,county
29079,2024,-0.6353,-0.6359,0.0006,0,county
29081,2024,-0.7176,-0.7176,0.0,0,county
29083,2024,-0.5261,-0.5261,0.0,0,county
29085,2024,-0.6113,-0.6113,0.0,0,county
29087,2024,-0.6909,-0.6909,0.0,0,county
29089,2024,-0.4425,-0.4426,0.0001,0,county
29091,2024,-0.6674,-0.6676,0.0002,0,county
29093,2024,-0.6242,-0.6243,0.0001,0,county
29095,2024,-0.0414,0.1933,0.2347,1,county
29097,2024,-0.4672,-0.4677,0.0005,0,county
29099,2024,-0.3674,-0.3674,0.0,0,county
29101,2024,-0.3956,-0.3958,0.0002,0,county
29103,2024,-0.6453,-0.6453,0.0,0,county
29105,2024,-0.6675,-0.6675,0.0,0,county
29107,2024,-0.4885,-0.4886,0.0001,0,county
29109,2024,-0.6378,-0.6382,0.0004,0,county
29111,2024,-0.6003,-0.6006,0.0003,0,county
29113,2024,-0.5589,-0.5589,0.0,0,county
29115,2024,-0.5722,-0.5725,0.0003,0,county
29117,2024,-0.5781,-0.5782,0.0001,0,county
29119,2024,-0.6875,-0.6875,0.0,0,county
29121,2024,-0.6147,-0.6148,0.0001,0,county
29123,2024,-0.6492,-0.6492,0.0,0,county
29125,2024,-0.6753,-0.6753,0.0,0,county
29127,2024,-0.5291,-0.5293,0.0002,0,county
29129,2024,-0.731,-0.731,0.0,0,county
29131,2024,-0.6732,-0.6733,0.0001,0,county
29133,2024,-0.537,-0.537,0.0,0,county
29135,2024,-0.6274,-0.6275,0.0001,0,county
29137,2024,-0.5982,-0.5985,0.0003,0,county
29139,2024,-0.6012,-0.6014,0.0002,0,county
29141,2024,-0.5969,-0.597,0.0001,0,county
29143,2024,-0.5347,-0.5347,0.0,0,county
29145,2024,-0.5862,-0.5865,0.0003,0,county
29147,2024,-0.4371,-0.4374,0.0003,0,county
29149,2024,-0.6911,-0.6912,0.0001,0,county
29151,2024,-0.7309,-0.7311,0.0002,0,county
29153,2024,-0.7,-0.7001,0.0001,0,county
29155,2024,-0.4907,-0.4907,0.0,0,county
29157,2024,-0.6341,-0.6341,0.0,0,county
29159,2024,-0.4874,-0.4876,0.0002,0,county
29161,2024,-0.429,-0.4291,0.0001,0,county
29163,2024,-0.5794,-0.5794,0.0,0,county
29165,2024,-0.0314,-0.0314,0.0,0,county
29167,2024,-0.6156,-0.616,0.0004,0,county
29169,2024,-0.5025,-0.5027,0.0002,0,county
29171,2024,-0.7034,-0.7034,0.0,0,county
29173,2024,-0.5922,-0.5922,0.0,0,county
29175,2024,-0.5215,-0.5216,0.0001,0,county
29177,2024,-0.4866,-0.4866,0.0,0,county
29179,2024,-0.6826,-0.683,0.0004,0,county
29181,2024,-0.7304,-0.7304,0.0,0,county
29183,2024,-0.1696,-0.1697,0.0001,0,county
29185,2024,-0.6058,-0.6062,0.0004,0,county
29186,2024,-0.4503,-0.4503,0.0,0,county
29187,2024,-0.5141,-0.5141,0.0,0,county
29189,2024,0.234,0.2342,0.0002,0,county
29195,2024,-0.4043,-0.4043,0.0,0,county
29197,2024,-0.6447,-0.6447,0.0,0,county
29199,2024,-0.6147,-0.6147,0.0,0,county
29201,2024,-0.589,-0.5891,0.0001,0,county
29203,2024,-0.6817,-0.6825,0.0008,0,county
29205,2024,-0.6563,-0.6563,0.0,0,county
29207,2024,-0.7388,-0.7388,0.0,0,county
29209,2024,-0.6138,-0.6138,0.0,0,county
29211,2024,-0.6606,-0.6606,0.0,0,county
29213,2024,-0.593,-0.5933,0.0003,0,county
29215,2024,-0.7172,-0.7172,0.0,0,county
29217,2024,-0.5949,-0.5949,0.0,0,county
29219,2024,-0.4949,-0.4949,0.0,0,county
29221,2024,-0.6522,-0.6524,0.0002,0,county
29223,2024,-0.7264,-0.7264,0.0,0,county
29225,2024,-0.6223,-0.6225,0.0002,0,county
29227,2024,-0.6462,-0.6462,0.0,0,county
29229,2024,-0.7565,-0.7566,0.0001,0,county
29510,2024,0.646,0.6471,0.0011,0,county
30001,2024,-0.4341,-0.4341,0.0,0,county
30003,2024,-0.017,-0.017,0.0,0,county
30005,2024,-0.059,-0.059,0.0,0,county
30007,2024,-0.5998,-0.5998,0.0,0,county
30009,2024,-0.3242,-0.3242,0.0,0,county
30011,2024,-0.8021,-0.8021,0.0,0,county
30013,2024,-0.2235,-0.2235,0.0,0,county
30015,2024,-0.3221,-0.3221,0.0,0,county
30017,2024,-0.487,-0.487,0.0,0,county
30019,2024,-0.6562,-0.6562,0.0,0,county
30021,2024,-0.5893,-0.5893,0.0,0,county
30023,2024,0.0097,0.0097,0.0,0,county
30025,2024,-0.7565,-0.7565,0.0,0,county
30027,2024,-0.513,-0.513,0.0,0,county
30029,2024,-0.3378,-0.3378,0.0,0,county
30031,2024,0.0321,0.0321,0.0,0,county
30033,2024,-0.8962,-0.8962,0.0,0,county
30035,2024,0.1957,0.1957,0.0,0,county
30037,2024,-0.7243,-0.7243,0.0,0,county
30039,2024,-0.4403,-0.4403,0.0,0,county
30041,2024,-0.1818,-0.1818,0.0,0,county
30043,2024,-0.3652,-0.3652,0.0,0,county
30045,2024,-0.5809,-0.5809,0.0,0,county
30047,2024,-0.1993,-0.1993,0.0,0,county
30049,2024,-0.057,-0.057,0.0,0,county
30051,2024,-0.5445,-0.5445,0.0,0,county
30053,2024,-0.5339,-0.5339,0.0,0,county
30055,2024,-0.7412,-0.7412,0.0,0,county
30057,2024,-0.4529,-0.4529,0.0,0,county
30059,2024,-0.5392,-0.5392,0.0,0,county
30061,2024,-0.4801,-0.4801,0.0,0,county
30063,2024,0.2143,0.2143,0.0,0,county
30065,2024,-0.7151,-0.7151,0.0,0,county
30067,2024,-0.0772,-0.0772,0.0,0,county
30069,2024,-0.7623,-0.7623,0.0,0,county
30071,2024,-0.6249,-0.6249,0.0,0,county
30073,2024,-0.4173,-0.4173,0.0,0,county
30075,2024,-0.7523,-0.7523,0.0,0,county
30077,2024,-0.535,-0.535,0.0,0,county
30079,2024,-0.6163,-0.6163,0.0,0,county
30081,2024,-0.4057,-0.4057,0.0,0,county
30083,2024,-0.6798,-0.6798,0.0,0,county
30085,2024,-0.0958,-0.0958,0.0,0,county
30087,2024,-0.3712,-0.3712,0.0,0,county
30089,2024,-0.5509,-0.5509,0.0,0,county
30091,2024,-0.4247,-0.4247,0.0,0,county
30093,2024,0.07,0.07,0.0,0,county
30095,2024,-0.6168,-0.6168,0.0,0,county
30097,2024,-0.5309,-0.5309,0.0,0,county
30099,2024,-0.4501,-0.4501,0.0,0,county
30101,2024,-0.565,-0.565,0.0,0,county
30103,2024,-0.7014,-0.7014,0.0,0,county
30105,2024,-0.5109,-0.5109,0.0,0,county
30107,2024,-0.5838,-0.5838,0.0,0,county
30109,2024,-0.7179,-0.7179,0.0,0,county
30111,2024,-0.2711,-0.2711,0.0,0,county
31001,2024,-0.4161,-0.4161,0.0,0,county
31003,2024,-0.7647,-0.7647,0.0,0,county
31005,2024,-0.8759,-0.8759,0.0,0,county
31007,2024,-0.8135,-0.8135,0.0,0,county
31009,2024,-0.732,-0.732,0.0,0,county
31011,2024,-0.6608,-0.6608,0.0,0,county
31013,2024,-0.5646,-0.5646,0.0,0,county
31015,2024,-0.7498,-0.7498,0.0,0,county
31017,2024,-0.7473,-0.7473,0.0,0,county
31019,2024,-0.4494,-0.4494,0.0,0,county
31021,2024,-0.451,-0.451,0.0,0,county
31023,2024,-0.5965,-0.5965,0.0,0,county
31025,2024,-0.372,-0.372,0.0,0,county
31027,2024,-0.7001,-0.7001,0.0,0,county
31029,2024,-0.7738,-0.7738,0.0,0,county
31031,2024,-0.7618,-0.7618,0.0,0,county
31033,2024,-0.6413,-0.6413,0.0,0,county
31035,2024,-0.6344,-0.6344,0.0,0,county
31037,2024,-0.5094,-0.5094,0.0,0,county
31039,2024,-0.6004,-0.6004,0.0,0,county
31041,2024,-0.7231,-0.7231,0.0,0,county
31043,2024,-0.2982,-0.2982,0.0,0,county
31045,2024,-0.4705,-0.4705,0.0,0,county
31047,2024,-0.4959,-0.4959,0.0,0,county
31049,2024,-0.6838,-0.6838,0.0,0,county
31051,2024,-0.5865,-0.5865,0.0,0,county
31053,2024,-0.326,-0.326,0.0,0,county
31055,2024,0.1017,0.1017,0.0,0,county
31057,2024,-0.789,-0.789,0.0,0,county
31059,2024,-0.5486,-0.5486,0.0,0,county
31061,2024,-0.6969,-0.6969,0.0,0,county
31063,2024,-0.7291,-0.7291,0.0,0,county
31065,2024,-0.6983,-0.6983,0.0,0,county
31067,2024,-0.3922,-0.3922,0.0,0,county
31069,2024,-0.7046,-0.7046,0.0,0,county
31071,2024,-0.7655,-0.7655,0.0,0,county
31073,2024,-0.6297,-0.6297,0.0,0,county
31075,2024,-0.918,-0.918,0.0,0,county
31077,2024,-0.6785,-0.6785,0.0,0,county
31079,2024,-0.3776,-0.3776,0.0,0,county
31081,2024,-0.6037,-0.6037,0.0,0,county
31083,2024,-0.6804,-0.6804,0.0,0,county
31085,2024,-0.917,-0.917,0.0,0,county
31087,2024,-0.7795,-0.7795,0.0,0,county
31089,2024,-0.74,-0.74,0.0,0,county
31091,2024,-0.7354,-0.7354,0.0,0,county
31093,2024,-0.627,-0.627,0.0,0,county
31095,2024,-0.4533,-0.4533,0.0,0,county
31097,2024,-0.4047,-0.4047,0.0,0,county
31099,2024,-0.5805,-0.5805,0.0,0,county
31101,2024,-0.6394,-0.6394,0.0,0,county
31103,2024,-0.8382,-0.8382,0.0,0,county
31105,2024,-0.6698,-0.6698,0.0,0,county
31107,2024,-0.6328,-0.6328,0.0,0,county
31109,2024,0.0431,0.0431,0.0,0,county
31111,2024,-0.552,-0.552,0.0,0,county
31113,2024,-0.8727,-0.8727,0.0,0,county
31115,2024,-0.6565,-0.6565,0.0,0,county
31117,2024,-0.9011,-0.9011,0.0,0,county
31119,2024,-0.5599,-0.5599,0.0,0,county
31121,2024,-0.6497,-0.6497,0.0,0,county
31123,2024,-0.6843,-0.6843,0.0,0,county
31125,2024,-0.6042,-0.6042,0.0,0,county
31127,2024,-0.447,-0.447,0.0,0,county
31129,2024,-0.6364,-0.6364,0.0,0,county
31131,2024,-0.3889,-0.3889,0.0,0,county
31133,2024,-0.5809,-0.5809,0.0,0,county
31135,2024,-0.7272,-0.7272,0.0,0,county
31137,2024,-0.6848,-0.6848,0.0,0,county
31139,2024,-0.7632,-0.7632,0.0,0,county
31141,2024,-0.5834,-0.5834,0.0,0,county
31143,2024,-0.6368,-0.6368,0.0,0,county
31145,2024,-0.6842,-0.6842,0.0,0,county
31147,2024,-0.5145,-0.5145,0.0,0,county
31149,2024,-0.7914,-0.7914,0.0,0,county
31151,2024,-0.3323,-0.3323,0.0,0,county
31153,2024,-0.1166,-0.1166,0.0,0,county
31155,2024,-0.4641,-0.4641,0.0,0,county
31157,2024,-0.4772,-0.4772,0.0,0,county
31159,2024,-0.4659,-0.4659,0.0,0,county
31161,2024,-0.7005,-0.7005,0.0,0,county
31163,2024,-0.6023,-0.6023,0.0,0,county
31165,2024,-0.767,-0.767,0.0,0,county
31167,2024,-0.6671,-0.6671,0.0,0,county
31169,2024,-0.608,-0.608,0.0,0,county
31171,2024,-0.7735,-0.7735,0.0,0,county
31173,2024,-0.0692,-0.0692,0.0,0,county
31175,2024,-0.639,-0.639,0.0,0,county
31177,2024,-0.4238,-0.4238,0.0,0,county
31179,2024,-0.4923,-0.4923,0.0,0,county
31181,2024,-0.654,-0.654,0.0,0,county
31183,2024,-0.7551,-0.7551,0.0,0,county
31185,2024,-0.5135,-0.5135,0.0,0,county
32001,2024,-0.5023,-0.5023,0.0,0,county
32003,2024,0.0263,0.0263,0.0,0,county
32005,2024,-0.3286,-0.3286,0.0,0,county
32007,2024,-0.5662,-0.5662,0.0,0,county
32009,2024,-0.6573,-0.6573,0.0,0,county
32011,2024,-0.778,-0.778,0.0,0,county
32013,2024,-0.5517,-0.5517,0.0,0,county
32015,2024,-0.6231,-0.6231,0.0,0,county
32017,2024,-0.7257,-0.7257,0.0,0,county
32019,2024,-0.4444,-0.4444,0.0,0,county
32021,2024,-0.356,-0.356,0.0,0,county
32023,2024,-0.4218,-0.4218,0.0,0,county
32027,2024,-0.5494,-0.5494,0.0,0,county
32029,2024,-0.3886,-0.3886,0.0,0,county
32031,2024,0.01,0.01,0.0,0,county
32033,2024,-0.5702,-0.5702,0.0,0,county
32510,2024,-0.1126,-0.1126,0.0,0,county
33001,2024,-0.1302,-0.1306,0.0004,0,county
33003,2024,-0.0174,-0.0168,0.0006,0,county
33005,2024,0.0991,0.0982,0.0009,0,county
33007,2024,-0.1366,-0.1379,0.0013,0,county
33009,2024,0.1983,0.1994,0.0011,0,county
33011,2024,0.0287,0.0288,0.0001,0,county
33013,2024,0.0518,0.0521,0.0003,0,county
33015,2024,-0.0243,-0.0244,0.0001,0,county
33017,2024,0.1201,0.1207,0.0006,0,county
33019,2024,-0.0066,-0.0067,0.0001,0,county
34001,2024,-0.0303,-0.0303,0.0,0,county
34003,2024,0.0339,0.0339,0.0,0,county
34005,2024,0.1663,0.1663,0.0,0,county
34007,2024,0.2744,0.2744,0.0,0,county
34009,2024,-0.1925,-0.1925,0.0,0,county
34011,2024,-0.0375,-0.0375,0.0,0,county
34013,2024,0.4491,0.4491,0.0,0,county
34015,2024,-0.028,-0.028,0.0,0,county
34017,2024,0.2805,0.2805,0.0,0,county
34019,2024,-0.0667,-0.0667,0.0,0,county
34021,2024,0.3386,0.3386,0.0,0,county
34023,2024,0.0804,0.0804,0.0,0,county
34025,2024,-0.1139,-0.1139,0.0,0,county
34027,2024,-0.0273,-0.0273,0.0,0,county
34029,2024,-0.3602,-0.3602,0.0,0,county
34031,2024,-0.0286,-0.0286,0.0,0,county
34033,2024,-0.1921,-0.1921,0.0,0,county
34035,2024,0.1392,0.1392,0.0,0,county
34037,2024,-0.2494,-0.2494,0.0,0,county
34039,2024,0.2421,0.2421,0.0,0,county
34041,2024,-0.207,-0.207,0.0,0,county
35001,2024,0.2103,0.2103,0.0,0,county
35003,2024,-0.5017,-0.5011,0.0006,0,county
35005,2024,-0.4483,-0.4483,0.0,0,county
35006,2024,0.0155,0.0155,0.0,0,county
35007,2024,-0.1404,-0.1404,0.0,0,county
35009,2024,-0.4259,-0.4259,0.0,0,county
35011,2024,-0.511,-0.5069,0.0041,0,county
35013,2024,0.0977,0.0977,0.0,0,county
35015,2024,-0.5585,-0.5585,0.0,0,county
35017,2024,0.0507,0.0507,0.0,0,county
35019,2024,0.0073,0.0072,0.0001,0,county
35021,2024,-0.3976,-0.3921,0.0055,0,county
35023,2024,-0.2337,-0.2336,0.0001,0,county
35025,2024,-0.6161,-0.6161,0.0,0,county
35027,2024,-0.3846,-0.3846,0.0,0,county
35028,2024,0.3019,0.3019,0.0,0,county
35029,2024,-0.1889,-0.1889,0.0,0,county
35031,2024,0.2454,0.2454,0.0,0,county
35033,2024,0.1731,0.1725,0.0006,0,county
35035,2024,-0.2696,-0.2696,0.0,0,county
35037,2024,-0.4095,-0.409,0.0005,0,county
35039,2024,0.1942,0.1942,0.0,0,county
35041,2024,-0.4318,-0.4318,0.0,0,county
35043,2024,0.0578,0.0578,0.0,0,county
35045,2024,-0.3174,-0.3174,0.0,0,county
35047,2024,0.2789,0.2789,0.0,0,county
35049,2024,0.4891,0.4891,0.0,0,county
35051,2024,-0.1917,-0.1917,0.0,0,county
35053,2024,-0.0369,-0.0369,0.0,0,county
35055,2024,0.4748,0.4748,0.0,0,county
35057,2024,-0.3811,-0.3811,0.0,0,county
35059,2024,-0.5225,-0.5219,0.0006,0,county
35061,2024,-0.1637,-0.1637,0.0,0,county
36001,2024,0.256,0.2584,0.0024,0,county
36003,2024,-0.4306,-0.4321,0.0015,0,county
36005,2024,0.4505,0.4544,0.0039,0,county
36007,2024,0.0042,0.0042,0.0,0,county
36009,2024,-0.3273,-0.3282,0.0009,0,county
36011,2024,-0.1296,-0.1299,0.0003,0,county
36013,2024,-0.2193,-0.2198,0.0005,0,county
36015,2024,-0.1674,-0.168,0.0006,0,county
36017,2024,-0.2714,-0.2722,0.0008,0,county
36019,2024,-0.0215,-0.0215,0.0,0,county
36021,2024,0.1456,0.147,0.0014,0,county
36023,2024,-0.0642,-0.0644,0.0002,0,county
36025,2024,-0.1966,-0.1977,0.0011,0,county
36027,2024,0.0538,0.0541,0.0003,0,county
36029,2024,0.0961,0.0968,0.0007,0,county
36031,2024,0.005,0.005,0.0,0,county
36033,2024,-0.0898,-0.0901,0.0003,0,county
36035,2024,-0.3578,-0.3586,0.0008,0,county
36037,2024,-0.3386,-0.3395,0.0009,0,county
36039,2024,-0.1685,-0.1697,0.0012,0,county
36041,2024,-0.2943,-0.2947,0.0004,0,county
36043,2024,-0.3637,-0.3644,0.0007,0,county
36045,2024,-0.2355,-0.2361,0.0006,0,county
36047,2024,0.4332,0.4398,0.0066,0,county
36049,2024,-0.4437,-0.4441,0.0004,0,county
36051,2024,-0.2137,-0.2144,0.0007,0,county
36053,2024,-0.13,-0.1306,0.0006,0,county
36055,2024,0.1897,0.1908,0.0011,0,county
36057,2024,-0.2863,-0.2873,0.001,0,county
36059,2024,-0.0417,-0.042,0.0003,0,county
36061,2024,0.6416,0.6482,0.0066,0,county
36063,2024,-0.1488,-0.1492,0.0004,0,county
36065,2024,-0.2122,-0.2125,0.0003,0,county
36067,2024,0.1718,0.1728,0.001,0,county
36069,2024,-0.0117,-0.0117,0.0,0,county
36071,2024,-0.0836,-0.0838,0.0002,0,county
36073,2024,-0.4036,-0.4046,0.001,0,county
36075,2024,-0.2412,-0.2418,0.0006,0,county
36077,2024,-0.0782,-0.0787,0.0005,0,county
36079,2024,-0.1362,-0.1369,0.0007,0,county
36081,2024,0.2424,0.246,0.0036,0,county
36083,2024,0.0136,0.0136,0.0,0,county
36085,2024,-0.2946,-0.2978,0.0032,0,county
36087,2024,-0.1177,-0.1182,0.0005,0,county
36089,2024,-0.1796,-0.18,0.0004,0,county
36091,2024,0.0182,0.0183,0.0001,0,county
36093,2024,0.1075,0.1082,0.0007,0,county
36095,2024,-0.304,-0.3053,0.0013,0,county
36097,2024,-0.2088,-0.2096,0.0008,0,county
36099,2024,-0.1177,-0.118,0.0003,0,county
36101,2024,-0.3168,-0.3179,0.0011,0,county
36103,2024,-0.0993,-0.0997,0.0004,0,county
36105,2024,-0.1665,-0.1671,0.0006,0,county
36107,2024,-0.2281,-0.2288,0.0007,0,county
36109,2024,0.5002,0.5062,0.006,0,county
36111,2024,0.185,0.1866,0.0016,0,county
36113,2024,-0.0421,-0.0422,0.0001,0,county
36115,2024,-0.2114,-0.2121,0.0007,0,county
36117,2024,-0.2302,-0.2307,0.0005,0,county
36119,2024,0.2613,0.2628,0.0015,0,county
36121,2024,-0.4823,-0.4823,0.0,0,county
36123,2024,-0.161,-0.1616,0.0006,0,county
37001,2024,-0.0814,-0.0816,0.0002,0,county
37003,2024,-0.597,-0.5985,0.0015,0,county
37005,2024,-0.5183,-0.5196,0.0013,0,county
37007,2024,-0.025,-0.025,0.0,0,county
37009,2024,-0.4429,-0.4447,0.0018,0,county
37011,2024,-0.5228,-0.524,0.0012,0,county
37013,2024,-0.3104,-0.311,0.0006,0,county
37015,2024,0.1567,0.1569,0.0002,0,county
37017,2024,-0.2037,-0.204,0.0003,0,county
37019,2024,-0.2478,-0.2485,0.0007,0,county
37021,2024,0.247,0.248,0.001,0,county
37023,2024,-0.4113,-0.4123,0.001,0,county
37025,2024,-0.077,-0.0772,0.0002,0,county
37027,2024,-0.5251,-0.5262,0.0011,0,county
37029,2024,-0.5067,-0.5076,0.0009,0,county
37031,2024,-0.4299,-0.431,0.0011,0,county
37033,2024,-0.2452,-0.2455,0.0003,0,county
37035,2024,-0.3789,-0.3799,0.001,0,county
37037,2024,0.1244,0.1249,0.0005,0,county
37039,2024,-0.5721,-0.5745,0.0024,0,county
37041,2024,-0.224,-0.2246,0.0006,0,county
37043,2024,-0.4997,-0.501,0.0013,0,county
37045,2024,-0.3491,-0.3498,0.0007,0,county
37047,2024,-0.3388,-0.3393,0.0005,0,county
37049,2024,-0.2041,-0.2046,0.0005,0,county
37051,2024,0.1337,0.1341,0.0004,0,county
37053,2024,-0.4781,-0.4792,0.0011,0,county
37055,2024,-0.1873,-0.1879,0.0006,0,county
37057,2024,-0.4688,-0.4706,0.0018,0,county
37059,2024,-0.4622,-0.4647,0.0025,0,county
37061,2024,-0.2891,-0.2895,0.0004,0,county
37063,2024,0.6169,0.6193,0.0024,0,county
37065,2024,0.2268,0.2271,0.0003,0,county
37067,2024,0.1312,0.1317,0.0005,0,county
37069,2024,-0.1353,-0.1357,0.0004,0,county
37071,2024,-0.2496,-0.2502,0.0006,0,county
37073,2024,-0.2164,-0.2167,0.0003,0,county
37075,2024,-0.637,-0.6383,0.0013,0,county
37077,2024,-0.094,-0.0942,0.0002,0,county
37079,2024,-0.1808,-0.181,0.0002,0,county
37081,2024,0.2176,0.2184,0.0008,0,county
37083,2024,0.1768,0.177,0.0002,0,county
37085,2024,-0.2505,-0.2511,0.0006,0,county
37087,2024,-0.2505,-0.2513,0.0008,0,county
37089,2024,-0.1449,-0.1455,0.0006,0,county
37091,2024,0.2672,0.2678,0.0006,0,county
37093,2024,0.0593,0.0594,0.0001,0,county
37095,2024,-0.2206,-0.2209,0.0003,0,county
37097,2024,-0.3252,-0.3262,0.001,0,county
37099,2024,-0.0934,-0.0938,0.0004,0,county
37101,2024,-0.2146,-0.2152,0.0006,0,county
37103,2024,-0.2566,-0.2569,0.0003,0,county
37105,2024,-0.1743,-0.1748,0.0005,0,county
37107,2024,-0.0678,-0.0679,0.0001,0,county
37109,2024,-0.4559,-0.4571,0.0012,0,county
37111,2024,-0.4908,-0.4919,0.0011,0,county
37113,2024,-0.3787,-0.3802,0.0015,0,county
37115,2024,-0.2338,-0.2349,0.0011,0,county
37117,2024,-0.1031,-0.1032,0.0001,0,county
37119,2024,0.3267,0.3289,0.0022,0,county
37121,2024,-0.5573,-0.5587,0.0014,0,county
37123,2024,-0.3778,-0.3783,0.0005,0,county
37125,2024,-0.2942,-0.2952,0.001,0,county
37127,2024,-0.0176,-0.0176,0.0,0,county
37129,2024,0.0062,0.0063,0.0001,0,county
37131,2024,0.1448,0.145,0.0002,0,county
37133,2024,-0.3584,-0.3593,0.0009,0,county
37135,2024,0.5084,0.5106,0.0022,0,county
37137,2024,-0.3201,-0.3207,0.0006,0,county
37139,2024,-0.0486,-0.0487,0.0001,0,county
37141,2024,-0.3491,-0.3497,0.0006,0,county
37143,2024,-0.3925,-0.3938,0.0013,0,county
37145,2024,-0.2366,-0.2371,0.0005,0,county
37147,2024,0.0596,0.0597,0.0001,0,county
37149,2024,-0.251,-0.2517,0.0007,0,county
37151,2024,-0.5711,-0.5723,0.0012,0,county
37153,2024,-0.2085,-0.2088,0.0003,0,county
37155,2024,-0.2762,-0.2768,0.0006,0,county
37157,2024,-0.3583,-0.3591,0.0008,0,county
37159,2024,-0.3584,-0.3591,0.0007,0,county
37161,2024,-0.4771,-0.4781,0.001,0,county
37163,2024,-0.2972,-0.2979,0.0007,0,county
37165,2024,-0.0693,-0.0693,0.0,0,county
37167,2024,-0.5076,-0.5085,0.0009,0,county
37169,2024,-0.595,-0.596,0.001,0,county
37171,2024,-0.5319,-0.5331,0.0012,0,county
37173,2024,-0.2365,-0.2371,0.0006,0,county
37175,2024,-0.1213,-0.1217,0.0004,0,county
37177,2024,-0.2146,-0.2152,0.0006,0,county
37179,2024,-0.2519,-0.2528,0.0009,0,county
37181,2024,0.1333,0.1335,0.0002,0,county
37183,2024,0.2544,0.2555,0.0011,0,county
37185,2024,0.1894,0.1899,0.0005,0,county
37187,2024,0.0622,0.0623,0.0001,0,county
37189,2024,0.0596,0.0598,0.0002,0,county
37191,2024,-0.1637,-0.1639,0.0002,0,county
37193,2024,-0.5952,-0.5965,0.0013,0,county
37195,2024,0.004,0.004,0.0,0,county
37197,2024,-0.6226,-0.6242,0.0016,0,county
37199,2024,-0.3433,-0.3444,0.0011,0,county
38001,2024,-0.622,-0.6272,0.0052,0,county
38003,2024,-0.3503,-0.3532,0.0029,0,county
38005,2024,-0.1838,-0.1846,0.0008,0,county
38007,2024,-0.6955,-0.6988,0.0033,0,county
38009,2024,-0.5492,-0.5532,0.004,0,county
38011,2024,-0.7274,-0.7306,0.0032,0,county
38013,2024,-0.7377,-0.7412,0.0035,0,county
38015,2024,-0.4282,-0.4323,0.0041,0,county
38017,2024,-0.0833,-0.0842,0.0009,0,county
38019,2024,-0.4882,-0.4906,0.0024,0,county
38021,2024,-0.5185,-0.5224,0.0039,0,county
38023,2024,-0.5504,-0.5536,0.0032,0,county
38025,2024,-0.6891,-0.6925,0.0034,0,county
38027,2024,-0.4531,-0.4546,0.0015,0,county
38029,2024,-0.7731,-0.7759,0.0028,0,county
38031,2024,-0.5819,-0.5857,0.0038,0,county
38033,2024,-0.7316,-0.7368,0.0052,0,county
38035,2024,-0.18,-0.1819,0.0019,0,county
38037,2024,-0.6669,-0.6679,0.001,0,county
38039,2024,-0.5136,-0.5152,0.0016,0,county
38041,2024,-0.6868,-0.6932,0.0064,0,county
38043,2024,-0.6431,-0.6463,0.0032,0,county
38045,2024,-0.5469,-0.5505,0.0036,0,county
38047,2024,-0.7561,-0.7575,0.0014,0,county
38049,2024,-0.6337,-0.6377,0.004,0,county
38051,2024,-0.6496,-0.6539,0.0043,0,county
38053,2024,-0.6915,-0.6963,0.0048,0,county
38055,2024,-0.5789,-0.5813,0.0024,0,county
38057,2024,-0.6863,-0.6901,0.0038,0,county
38059,2024,-0.5336,-0.5377,0.0041,0,county
38061,2024,-0.4301,-0.4315,0.0014,0,county
38063,2024,-0.3186,-0.3197,0.0011,0,county
38065,2024,-0.6927,-0.6946,0.0019,0,county
38067,2024,-0.5289,-0.533,0.0041,0,county
38069,2024,-0.535,-0.5391,0.0041,0,county
38071,2024,-0.4001,-0.4028,0.0027,0,county
38073,2024,-0.2797,-0.2815,0.0018,0,county
38075,2024,-0.6738,-0.6766,0.0028,0,county
38077,2024,-0.3756,-0.3785,0.0029,0,county
38079,2024,0.2798,0.2808,0.001,0,county
38081,2024,-0.324,-0.3271,0.0031,0,county
38083,2024,-0.7173,-0.7211,0.0038,0,county
38085,2024,0.3872,0.3884,0.0012,0,county
38087,2024,-0.8175,-0.8217,0.0042,0,county
38089,2024,-0.6523,-0.6559,0.0036,0,county
38091,2024,-0.2512,-0.2537,0.0025,0,county
38093,2024,-0.4434,-0.446,0.0026,0,county
38095,2024,-0.4551,-0.4568,0.0017,0,county
38097,2024,-0.3137,-0.3164,0.0027,0,county
38099,2024,-0.4477,-0.4518,0.0041,0,county
38101,2024,-0.47,-0.4738,0.0038,0,county
38103,2024,-0.6258,-0.6289,0.0031,0,county
38105,2024,-0.6762,-0.6812,0.005,0,county
39001,2024,-0.6574,-0.6574,0.0,0,county
39003,2024,-0.441,-0.441,0.0,0,county
39005,2024,-0.4995,-0.4995,0.0,0,county
39007,2024,-0.2838,-0.2839,0.0001,0,county
39009,2024,0.1073,0.1075,0.0002,0,county
39011,2024,-0.6456,-0.6457,0.0001,0,county
39013,2024,-0.4729,-0.473,0.0001,0,county
39015,2024,-0.615,-0.6151,0.0001,0,county
39017,2024,-0.2627,-0.2627,0.0,0,county
39019,2024,-0.5473,-0.5473,0.0,0,county
39021,2024,-0.5074,-0.5076,0.0002,0,county
39023,2024,-0.2952,-0.2953,0.0001,0,county
39025,2024,-0.3577,-0.3578,0.0001,0,county
39027,2024,-0.5463,-0.5463,0.0,0,county
39029,2024,-0.4899,-0.49,0.0001,0,county
39031,2024,-0.5219,-0.5221,0.0002,0,county
39033,2024,-0.5295,-0.5296,0.0001,0,county
39035,2024,0.3143,0.3147,0.0004,0,county
39037,2024,-0.6537,-0.6537,0.0,0,county
39039,2024,-0.3986,-0.3986,0.0,0,county
39041,2024,-0.0659,-0.0659,0.0,0,county
39043,2024,-0.1414,-0.1415,0.0001,0,county
39045,2024,-0.2404,-0.2405,0.0001,0,county
39047,2024,-0.5515,-0.5515,0.0,0,county
39049,2024,0.2837,0.284,0.0003,0,county
39051,2024,-0.4239,-0.424,0.0001,0,county
39053,2024,-0.5939,-0.594,0.0001,0,county
39055,2024,-0.2412,-0.2412,0.0,0,county
39057,2024,-0.198,-0.198,0.0,0,county
39059,2024,-0.5204,-0.5206,0.0002,0,county
39061,2024,0.1487,0.1489,0.0002,0,county
39063,2024,-0.3844,-0.3845,0.0001,0,county
39065,2024,-0.5467,-0.5467,0.0,0,county
39067,2024,-0.552,-0.5521,0.0001,0,county
39069,2024,-0.4673,-0.4673,0.0,0,county
39071,2024,-0.6334,-0.6335,0.0001,0,county
39073,2024,-0.443,-0.443,0.0,0,county
39075,2024,-0.6915,-0.6915,0.0,0,county
39077,2024,-0.4405,-0.4405,0.0,0,county
39079,2024,-0.5807,-0.5807,0.0,0,county
39081,2024,-0.439,-0.4391,0.0001,0,county
39083,2024,-0.449,-0.4492,0.0002,0,county
39085,2024,-0.1434,-0.1435,0.0001,0,county
39087,2024,-0.5053,-0.5054,0.0001,0,county
39089,2024,-0.3001,-0.3001,0.0,0,county
39091,2024,-0.562,-0.5621,0.0001,0,county
39093,2024,-0.0572,-0.0572,0.0,0,county
39095,2024,0.1255,0.1256,0.0001,0,county
39097,2024,-0.4366,-0.4366,0.0,0,county
39099,2024,-0.0942,-0.0942,0.0,0,county
39101,2024,-0.4136,-0.4137,0.0001,0,county
39103,2024,-0.2479,-0.248,0.0001,0,county
39105,2024,-0.5697,-0.5697,0.0,0,county
39107,2024,-0.6671,-0.6672,0.0001,0,county
39109,2024,-0.4512,-0.4513,0.0001,0,county
39111,2024,-0.5974,-0.5976,0.0002,0,county
39113,2024,0.0047,0.0047,0.0,0,county
39115,2024,-0.532,-0.532,0.0,0,county
39117,2024,-0.5573,-0.5574,0.0001,0,county
39119,2024,-0.4392,-0.4392,0.0,0,county
39121,2024,-0.6462,-0.6462,0.0,0,county
39123,2024,-0.2507,-0.2507,0.0,0,county
39125,2024,-0.5623,-0.5623,0.0,0,county
39127,2024,-0.5451,-0.5451,0.0,0,county
39129,2024,-0.4853,-0.4854,0.0001,0,county
39131,2024,-0.5368,-0.5368,0.0,0,county
39133,2024,-0.1553,-0.1553,0.0,0,county
39135,2024,-0.5912,-0.5913,0.0001,0,county
39137,2024,-0.6873,-0.6875,0.0002,0,county
39139,2024,-0.4233,-0.4234,0.0001,0,county
39141,2024,-0.3934,-0.3934,0.0,0,county
39143,2024,-0.3087,-0.3087,0.0,0,county
39145,2024,-0.4797,-0.4797,0.0,0,county
39147,2024,-0.3751,-0.3751,0.0,0,county
39149,2024,-0.6481,-0.6481,0.0,0,county
39151,2024,-0.2193,-0.2193,0.0,0,county
39153,2024,0.0698,0.0698,0.0,0,county
39155,2024,-0.1681,-0.1681,0.0,0,county
39157,2024,-0.4328,-0.4328,0.0,0,county
39159,2024,-0.2962,-0.2963,0.0001,0,county
39161,2024,-0.585,-0.585,0.0,0,county
39163,2024,-0.5859,-0.586,0.0001,0,county
39165,2024,-0.3152,-0.3152,0.0,0,county
39167,2024,-0.4375,-0.4375,0.0,0,county
39169,2024,-0.3926,-0.3927,0.0001,0,county
39171,2024,-0.4825,-0.4825,0.0,0,county
39173,2024,-0.1015,-0.1015,0.0,0,county
39175,2024,-0.5121,-0.5122,0.0001,0,county
40001,2024,-0.63,-0.63,0.0,0,county
40003,2024,-0.7662,-0.7662,0.0,0,county
40005,2024,-0.7158,-0.7158,0.0,0,county
40007,2024,-0.838,-0.838,0.0,0,county
40009,2024,-0.7008,-0.7008,0.0,0,county
40011,2024,-0.6294,-0.6294,0.0,0,county
40013,2024,-0.5856,-0.5856,0.0,0,county
40015,2024,-0.4709,-0.4709,0.0,0,county
40017,2024,-0.4039,-0.4039,0.0,0,county
40019,2024,-0.5474,-0.5474,0.0,0,county
40021,2024,-0.326,-0.326,0.0,0,county
40023,2024,-0.6542,-0.6542,0.0,0,county
40025,2024,-0.8492,-0.8492,0.0,0,county
40027,2024,-0.1492,-0.1492,0.0,0,county
40029,2024,-0.7132,-0.7132,0.0,0,county
40031,2024,-0.2333,-0.2333,0.0,0,county
40033,2024,-0.6684,-0.6684,0.0,0,county
40035,2024,-0.5826,-0.5826,0.0,0,county
40037,2024,-0.5575,-0.5575,0.0,0,county
40039,2024,-0.5325,-0.5325,0.0,0,county
40041,2024,-0.6037,-0.6037,0.0,0,county
40043,2024,-0.8014,-0.8014,0.0,0,county
40045,2024,-0.766,-0.766,0.0,0,county
40047,2024,-0.5376,-0.5376,0.0,0,county
40049,2024,-0.6606,-0.6606,0.0,0,county
40051,2024,-0.6266,-0.6266,0.0,0,county
40053,2024,-0.7054,-0.7054,0.0,0,county
40055,2024,-0.6574,-0.6574,0.0,0,county
40057,2024,-0.6168,-0.6168,0.0,0,county
40059,2024,-0.7836,-0.7836,0.0,0,county
40061,2024,-0.6965,-0.6965,0.0,0,county
40063,2024,-0.6252,-0.6252,0.0,0,county
40065,2024,-0.5828,-0.5828,0.0,0,county
40067,2024,-0.7162,-0.7162,0.0,0,county
40069,2024,-0.6567,-0.6567,0.0,0,county
40071,2024,-0.4935,-0.4935,0.0,0,county
40073,2024,-0.7139,-0.7139,0.0,0,county
40075,2024,-0.583,-0.583,0.0,0,county
40077,2024,-0.6558,-0.6558,0.0,0,county
40079,2024,-0.6478,-0.6478,0.0,0,county
40081,2024,-0.6326,-0.6326,0.0,0,county
40083,2024,-0.4906,-0.4906,0.0,0,county
40085,2024,-0.6622,-0.6622,0.0,0,county
40087,2024,-0.6063,-0.6063,0.0,0,county
40089,2024,-0.6887,-0.6887,0.0,0,county
40091,2024,-0.5273,-0.5273,0.0,0,county
40093,2024,-0.7936,-0.7936,0.0,0,county
40095,2024,-0.6342,-0.6342,0.0,0,county
40097,2024,-0.5747,-0.5747,0.0,0,county
40099,2024,-0.6133,-0.6133,0.0,0,county
40101,2024,-0.3757,-0.3757,0.0,0,county
40103,2024,-0.5737,-0.5737,0.0,0,county
40105,2024,-0.6696,-0.6696,0.0,0,county
40107,2024,-0.5582,-0.5582,0.0,0,county
40109,2024,-0.0168,-0.0168,0.0,0,county
40111,2024,-0.4266,-0.4266,0.0,0,county
40113,2024,-0.4139,-0.4139,0.0,0,county
40115,2024,-0.5349,-0.5349,0.0,0,county
40117,2024,-0.5887,-0.5887,0.0,0,county
40119,2024,-0.2528,-0.2528,0.0,0,county
40121,2024,-0.59,-0.59,0.0,0,county
40123,2024,-0.4661,-0.4661,0.0,0,county
40125,2024,-0.4744,-0.4744,0.0,0,county
40127,2024,-0.725,-0.725,0.0,0,county
40129,2024,-0.8009,-0.8009,0.0,0,county
40131,2024,-0.55,-0.55,0.0,0,county
40133,2024,-0.4973,-0.4973,0.0,0,county
40135,2024,-0.615,-0.615,0.0,0,county
40137,2024,-0.6367,-0.6367,0.0,0,county
40139,2024,-0.6773,-0.6773,0.0,0,county
40141,2024,-0.5946,-0.5946,0.0,0,county
40143,2024,-0.1523,-0.1523,0.0,0,county
40145,2024,-0.4976,-0.4976,0.0,0,county
40147,2024,-0.4765,-0.4765,0.0,0,county
40149,2024,-0.7479,-0.7479,0.0,0,county
40151,2024,-0.6435,-0.6435,0.0,0,county
40153,2024,-0.7199,-0.7199,0.0,0,county
41001,2024,-0.4866,-0.4918,0.0052,0,county
41003,2024,0.3926,0.396,0.0034,0,county
41005,2024,0.0982,0.0973,0.0009,0,county
41007,2024,0.1125,0.1137,0.0012,0,county
41009,2024,-0.1383,-0.1389,0.0006,0,county
41011,2024,-0.1992,-0.1988,0.0004,0,county
41013,2024,-0.5017,-0.508,0.0063,0,county
41015,2024,-0.1594,-0.1611,0.0017,0,county
41017,2024,0.1041,0.101,0.0031,0,county
41019,2024,-0.375,-0.3766,0.0016,0,county
41021,2024,-0.4533,-0.4549,0.0016,0,county
41023,2024,-0.6001,-0.6039,0.0038,0,county
41025,2024,-0.5899,-0.5938,0.0039,0,county
41027,2024,0.3549,0.3574,0.0025,0,county
41029,2024,-0.0642,-0.0643,0.0001,0,county
41031,2024,-0.299,-0.3018,0.0028,0,county
41033,2024,-0.2861,-0.2907,0.0046,0,county
41035,2024,-0.4173,-0.419,0.0017,0,county
41037,2024,-0.6504,-0.653,0.0026,0,county
41039,2024,0.2291,0.2315,0.0024,0,county
41041,2024,0.1834,0.1843,0.0009,0,county
41043,2024,-0.2426,-0.2439,0.0013,0,county
41045,2024,-0.4409,-0.4436,0.0027,0,county
41047,2024,-0.0199,-0.02,0.0001,0,county
41049,2024,-0.4797,-0.4837,0.004,0,county
41051,2024,0.616,0.6212,0.0052,0,county
41053,2024,-0.0364,-0.038,0.0016,0,county
41055,2024,-0.5649,-0.5694,0.0045,0,county
41057,2024,-0.0138,-0.0135,0.0003,0,county
41059,2024,-0.3754,-0.3775,0.0021,0,county
41061,2024,-0.4004,-0.4058,0.0054,0,county
41063,2024,-0.351,-0.3528,0.0018,0,county
41065,2024,-0.0574,-0.0568,0.0006,0,county
41067,2024,0.337,0.3397,0.0027,0,county
41069,2024,-0.47,-0.4705,0.0005,0,county
41071,2024,-0.061,-0.0613,0.0003,0,county
42001,2024,-0.3365,-0.3365,0.0,0,county
42003,2024,0.2031,0.2031,0.0,0,county
42005,2024,-0.5319,-0.5319,0.0,0,county
42007,2024,-0.2071,-0.2071,0.0,0,county
42009,2024,-0.6862,-0.6862,0.0,0,county
42011,2024,-0.1218,-0.1218,0.0,0,county
42013,2024,-0.4346,-0.4346,0.0,0,county
42015,2024,-0.4792,-0.4792,0.0,0,county
42017,2024,-0.0007,-0.0007,0.0,0,county
42019,2024,-0.3221,-0.3221,0.0,0,county
42021,2024,-0.3969,-0.3969,0.0,0,county
42023,2024,-0.5029,-0.5029,0.0,0,county
42025,2024,-0.3479,-0.3479,0.0,0,county
42027,2024,0.0283,0.0283,0.0,0,county
42029,2024,0.1446,0.1446,0.0,0,county
42031,2024,-0.5308,-0.5308,0.0,0,county
42033,2024,-0.5153,-0.5153,0.0,0,county
42035,2024,-0.4087,-0.4087,0.0,0,county
42037,2024,-0.3103,-0.3103,0.0,0,county
42039,2024,-0.3925,-0.3925,0.0,0,county
42041,2024,-0.0944,-0.0944,0.0,0,county
42043,2024,0.0592,0.0592,0.0,0,county
42045,2024,0.2374,0.2374,0.0,0,county
42047,2024,-0.4699,-0.4699,0.0,0,county
42049,2024,-0.0102,-0.0102,0.0,0,county
42051,2024,-0.3795,-0.3795,0.0,0,county
42053,2024,-0.4445,-0.4445,0.0,0,county
42055,2024,-0.4299,-0.4299,0.0,0,county
42057,2024,-0.7261,-0.7261,0.0,0,county
42059,2024,-0.4483,-0.4483,0.0,0,county
42061,2024,-0.5294,-0.5294,0.0,0,county
42063,2024,-0.3912,-0.3912,0.0,0,county
42065,2024,-0.5849,-0.5849,0.0,0,county
42067,2024,-0.6139,-0.6139,0.0,0,county
42069,2024,0.0279,0.0279,0.0,0,county
42071,2024,-0.1595,-0.1595,0.0,0,county
42073,2024,-0.3377,-0.3377,0.0,0,county
42075,2024,-0.3195,-0.3195,0.0,0,county
42077,2024,0.0269,0.0269,0.0,0,county
42079,2024,-0.1917,-0.1917,0.0,0,county
42081,2024,-0.4146,-0.4146,0.0,0,county
42083,2024,-0.4718,-0.4718,0.0,0,county
42085,2024,-0.3016,-0.3016,0.0,0,county
42087,2024,-0.564,-0.564,0.0,0,county
42089,2024,-0.0078,-0.0078,0.0,0,county
42091,2024,0.228,0.228,0.0,0,county
42093,2024,-0.2101,-0.2101,0.0,0,county
42095,2024,-0.0177,-0.0177,0.0,0,county
42097,2024,-0.3993,-0.3993,0.0,0,county
42099,2024,-0.4932,-0.4932,0.0,0,county
42101,2024,0.5881,0.5881,0.0,0,county
42103,2024,-0.2405,-0.2405,0.0,0,county
42105,2024,-0.6229,-0.6229,0.0,0,county
42107,2024,-0.4206,-0.4206,0.0,0,county
42109,2024,-0.4704,-0.4704,0.0,0,county
42111,2024,-0.5723,-0.5723,0.0,0,county
42113,2024,-0.469,-0.469,0.0,0,county
42115,2024,-0.4473,-0.4473,0.0,0,county
42117,2024,-0.5175,-0.5175,0.0,0,county
42119,2024,-0.2338,-0.2338,0.0,0,county
42121,2024,-0.4212,-0.4212,0.0,0,county
42123,2024,-0.3925,-0.3925,0.0,0,county
42125,2024,-0.2551,-0.2551,0.0,0,county
42127,2024,-0.3709,-0.3709,0.0,0,county
42129,2024,-0.2842,-0.2842,0.0,0,county
42131,2024,-0.3682,-0.3682,0.0,0,county
42133,2024,-0.2526,-0.2526,0.0,0,county
44001,2024,0.2615,0.2635,0.002,0,county
44003,2024,0.0187,0.0188,0.0001,0,county
44005,2024,0.2534,0.2549,0.0015,0,county
44007,2024,0.1396,0.1443,0.0047,0,county
44009,2024,0.1492,0.1501,0.0009,0,county
45001,2024,-0.4241,-0.4241,0.0,0,county
45003,2024,-0.259,-0.259,0.0,0,county
45005,2024,0.4472,0.4472,0.0,0,county
45007,2024,-0.4735,-0.4735,0.0,0,county
45009,2024,0.1526,0.1526,0.0,0,county
45011,2024,-0.1554,-0.1554,0.0,0,county
45013,2024,-0.1448,-0.1448,0.0,0,county
45015,2024,-0.1627,-0.1627,0.0,0,county
45017,2024,-0.1434,-0.1434,0.0,0,county
45019,2024,0.0567,0.0567,0.0,0,county
45021,2024,-0.5136,-0.5136,0.0,0,county
45023,2024,-0.1721,-0.1721,0.0,0,county
45025,2024,-0.2807,-0.2807,0.0,0,county
45027,2024,-0.1226,-0.1226,0.0,0,county
45029,2024,-0.1817,-0.1817,0.0,0,county
45031,2024,-0.1332,-0.1332,0.0,0,county
45033,2024,-0.1083,-0.1083,0.0,0,county
45035,2024,-0.146,-0.146,0.0,0,county
45037,2024,-0.3185,-0.3185,0.0,0,county
45039,2024,0.1324,0.1324,0.0,0,county
45041,2024,-0.0803,-0.0803,0.0,0,county
45043,2024,-0.195,-0.195,0.0,0,county
45045,2024,-0.222,-0.222,0.0,0,county
45047,2024,-0.2897,-0.2897,0.0,0,county
45049,2024,0.064,0.064,0.0,0,county
45051,2024,-0.3855,-0.3855,0.0,0,county
45053,2024,-0.0963,-0.0963,0.0,0,county
45055,2024,-0.2822,-0.2822,0.0,0,county
45057,2024,-0.2476,-0.2476,0.0,0,county
45059,2024,-0.4085,-0.4085,0.0,0,county
45061,2024,0.1767,0.1767,0.0,0,county
45063,2024,-0.3346,-0.3346,0.0,0,county
45065,2024,-0.171,-0.171,0.0,0,county
45067,2024,0.1053,0.1053,0.0,0,county
45069,2024,0.0237,0.0237,0.0,0,county
45071,2024,-0.3434,-0.3434,0.0,0,county
45073,2024,-0.5155,-0.5155,0.0,0,county
45075,2024,0.2457,0.2457,0.0,0,county
45077,2024,-0.5267,-0.5267,0.0,0,county
45079,2024,0.3459,0.3459,0.0,0,county
45081,2024,-0.4435,-0.4435,0.0,0,county
45083,2024,-0.3363,-0.3363,0.0,0,county
45085,2024,0.0489,0.0489,0.0,0,county
45087,2024,-0.327,-0.327,0.0,0,county
45089,2024,0.217,0.217,0.0,0,county
45091,2024,-0.1909,-0.1909,0.0,0,county
46003,2024,-0.5413,-0.5413,0.0,0,county
46005,2024,-0.4007,-0.4007,0.0,0,county
46007,2024,-0.2638,-0.2638,0.0,0,county
46009,2024,-0.5144,-0.5144,0.0,0,county
46011,2024,-0.1738,-0.1738,0.0,0,county
46013,2024,-0.2681,-0.2681,0.0,0,county
46015,2024,-0.4243,-0.4243,0.0,0,county
46017,2024,0.2725,0.2725,0.0,0,county
46019,2024,-0.6065,-0.6065,0.0,0,county
46021,2024,-0.701,-0.701,0.0,0,county
46023,2024,-0.429,-0.429,0.0,0,county
46025,2024,-0.525,-0.525,0.0,0,county
46027,2024,0.0654,0.0654,0.0,0,county
46029,2024,-0.4078,-0.4078,0.0,0,county
46031,2024,-0.119,-0.119,0.0,0,county
46033,2024,-0.4576,-0.4576,0.0,0,county
46035,2024,-0.3776,-0.3776,0.0,0,county
46037,2024,-0.2988,-0.2988,0.0,0,county
46039,2024,-0.5174,-0.5174,0.0,0,county
46041,2024,0.1277,0.1277,0.0,0,county
46043,2024,-0.7238,-0.7238,0.0,0,county
46045,2024,-0.6076,-0.6076,0.0,0,county
46047,2024,-0.4925,-0.4925,0.0,0,county
46049,2024,-0.6522,-0.6522,0.0,0,county
46051,2024,-0.454,-0.454,0.0,0,county
46053,2024,-0.6017,-0.6017,0.0,0,county
46055,2024,-0.7991,-0.7991,0.0,0,county
46057,2024,-0.6045,-0.6045,0.0,0,county
46059,2024,-0.5731,-0.5731,0.0,0,county
46061,2024,-0.5924,-0.5924,0.0,0,county
46063,2024,-0.861,-0.861,0.0,0,county
46065,2024,-0.3012,-0.3012,0.0,0,county
46067,2024,-0.579,-0.579,0.0,0,county
46069,2024,-0.5496,-0.5496,0.0,0,county
46071,2024,-0.3508,-0.3508,0.0,0,county
46073,2024,-0.4324,-0.4324,0.0,0,county
46075,2024,-0.7582,-0.7582,0.0,0,county
46077,2024,-0.4388,-0.4388,0.0,0,county
46079,2024,-0.3117,-0.3117,0.0,0,county
46081,2024,-0.3135,-0.3135,0.0,0,county
46083,2024,-0.2649,-0.2649,0.0,0,county
46085,2024,-0.3946,-0.3946,0.0,0,county
46087,2024,-0.4929,-0.4929,0.0,0,county
46089,2024,-0.6921,-0.6921,0.0,0,county
46091,2024,-0.2399,-0.2399,0.0,0,county
46093,2024,-0.5089,-0.5089,0.0,0,county
46095,2024,-0.2014,-0.2014,0.0,0,county
46097,2024,-0.4696,-0.4696,0.0,0,county
46099,2024,-0.1268,-0.1268,0.0,0,county
46101,2024,-0.3186,-0.3186,0.0,0,county
46102,2024,0.7057,0.7057,0.0,0,county
46103,2024,-0.2644,-0.2644,0.0,0,county
46105,2024,-0.7002,-0.7002,0.0,0,county
46107,2024,-0.651,-0.651,0.0,0,county
46109,2024,-0.2299,-0.2299,0.0,0,county
46111,2024,-0.5528,-0.5528,0.0,0,county
46115,2024,-0.3899,-0.3899,0.0,0,county
46117,2024,-0.4686,-0.4686,0.0,0,county
46119,2024,-0.6082,-0.6082,0.0,0,county
46121,2024,0.5047,0.5047,0.0,0,county
46123,2024,-0.633,-0.633,0.0,0,county
46125,2024,-0.5134,-0.5134,0.0,0,county
46127,2024,-0.4069,-0.4069,0.0,0,county
46129,2024,-0.5916,-0.5916,0.0,0,county
46135,2024,-0.2554,-0.2554,0.0,0,county
46137,2024,-0.0282,-0.0282,0.0,0,county
47001,2024,-0.3573,-0.3573,0.0,0,county
47003,2024,-0.5799,-0.5799,0.0,0,county
47005,2024,-0.6293,-0.6293,0.0,0,county
47007,2024,-0.7047,-0.7047,0.0,0,county
47009,2024,-0.4772,-0.4772,0.0,0,county
47011,2024,-0.5886,-0.5886,0.0,0,county
47013,2024,-0.6962,-0.6962,0.0,0,county
47015,2024,-0.6612,-0.6612,0.0,0,county
47017,2024,-0.6156,-0.6156,0.0,0,county
47019,2024,-0.6323,-0.6323,0.0,0,county
47021,2024,-0.4591,-0.4591,0.0,0,county
47023,2024,-0.6493,-0.6493,0.0,0,county
47025,2024,-0.7013,-0.7013,0.0,0,county
47027,2024,-0.6657,-0.6657,0.0,0,county
47029,2024,-0.6825,-0.6825,0.0,0,county
47031,2024,-0.5509,-0.5509,0.0,0,county
47033,2024,-0.5874,-0.5874,0.0,0,county
47035,2024,-0.589,-0.589,0.0,0,county
47037,2024,0.2745,0.2745,0.0,0,county
47039,2024,-0.691,-0.691,0.0,0,county
47041,2024,-0.6272,-0.6272,0.0,0,county
47043,2024,-0.5193,-0.5193,0.0,0,county
47045,2024,-0.618,-0.618,0.0,0,county
47047,2024,-0.4235,-0.4235,0.0,0,county
47049,2024,-0.758,-0.758,0.0,0,county
47051,2024,-0.5316,-0.5316,0.0,0,county
47053,2024,-0.5195,-0.5195,0.0,0,county
47055,2024,-0.5502,-0.5502,0.0,0,county
47057,2024,-0.7366,-0.7366,0.0,0,county
47059,2024,-0.6574,-0.6574,0.0,0,county
47061,2024,-0.6931,-0.6931,0.0,0,county
47063,2024,-0.5891,-0.5891,0.0,0,county
47065,2024,-0.1305,-0.1305,0.0,0,county
47067,2024,-0.7648,-0.7648,0.0,0,county
47069,2024,-0.2411,-0.2411,0.0,0,county
47071,2024,-0.7102,-0.7102,0.0,0,county
47073,2024,-0.6883,-0.6883,0.0,0,county
47075,2024,0.0038,0.0038,0.0,0,county
47077,2024,-0.6791,-0.6791,0.0,0,county
47079,2024,-0.5534,-0.5534,0.0,0,county
47081,2024,-0.6108,-0.6108,0.0,0,county
47083,2024,-0.5816,-0.5816,0.0,0,county
47085,2024,-0.5606,-0.5606,0.0,0,county
47087,2024,-0.6247,-0.6247,0.0,0,county
47089,2024,-0.6417,-0.6417,0.0,0,county
47091,2024,-0.6933,-0.6933,0.0,0,county
47093,2024,-0.1952,-0.1952,0.0,0,county
47095,2024,-0.5487,-0.5487,0.0,0,county
47097,2024,-0.3704,-0.3704,0.0,0,county
47099,2024,-0.6906,-0.6906,0.0,0,county
47101,2024,-0.6555,-0.6555,0.0,0,county
47103,2024,-0.6465,-0.6465,0.0,0,county
47105,2024,-0.53,-0.53,0.0,0,county
47107,2024,-0.6425,-0.6425,0.0,0,county
47109,2024,-0.6843,-0.6843,0.0,0,county
47111,2024,-0.7433,-0.7433,0.0,0,county
47113,2024,-0.1819,-0.1819,0.0,0,county
47115,2024,-0.5571,-0.5571,0.0,0,county
47117,2024,-0.5661,-0.5661,0.0,0,county
47119,2024,-0.446,-0.446,0.0,0,county
47121,2024,-0.675,-0.675,0.0,0,county
47123,2024,-0.6683,-0.6683,0.0,0,county
47125,2024,-0.1842,-0.1842,0.0,0,county
47127,2024,-0.6891,-0.6891,0.0,0,county
47129,2024,-0.7445,-0.7445,0.0,0,county
47131,2024,-0.6492,-0.6492,0.0,0,county
47133,2024,-0.6424,-0.6424,0.0,0,county
47135,2024,-0.6946,-0.6946,0.0,0,county
47137,2024,-0.6615,-0.6615,0.0,0,county
47139,2024,-0.6813,-0.6813,0.0,0,county
47141,2024,-0.4741,-0.4741,0.0,0,county
47143,2024,-0.6689,-0.6689,0.0,0,county
47145,2024,-0.5449,-0.5449,0.0,0,county
47147,2024,-0.5085,-0.5085,0.0,0,county
47149,2024,-0.2178,-0.2178,0.0,0,county
47151,2024,-0.7981,-0.7981,0.0,0,county
47153,2024,-0.6629,-0.6629,0.0,0,county
47155,2024,-0.6114,-0.6114,0.0,0,county
47157,2024,0.2537,0.2537,0.0,0,county
47159,2024,-0.6491,-0.6491,0.0,0,county
47161,2024,-0.6388,-0.6388,0.0,0,county
47163,2024,-0.5498,-0.5498,0.0,0,county
47165,2024,-0.4183,-0.4183,0.0,0,county
47167,2024,-0.5284,-0.5284,0.0,0,county
47169,2024,-0.5888,-0.5888,0.0,0,county
47171,2024,-0.6203,-0.6203,0.0,0,county
47173,2024,-0.7115,-0.7115,0.0,0,county
47175,2024,-0.672,-0.672,0.0,0,county
47177,2024,-0.561,-0.561,0.0,0,county
47179,2024,-0.3947,-0.3947,0.0,0,county
47181,2024,-0.7691,-0.7691,0.0,0,county
47183,2024,-0.5835,-0.5835,0.0,0,county
47185,2024,-0.666,-0.666,0.0,0,county
47187,2024,-0.324,-0.324,0.0,0,county
47189,2024,-0.4008,-0.4008,0.0,0,county
48001,2024,-0.6179,-0.6181,0.0002,0,county
48003,2024,-0.7259,-0.726,0.0001,0,county
48005,2024,-0.5201,-0.5201,0.0,0,county
48007,2024,-0.5571,-0.5572,0.0001,0,county
48009,2024,-0.7935,-0.7935,0.0,0,county
48011,2024,-0.8584,-0.8584,0.0,0,county
48013,2024,-0.4331,-0.4332,0.0001,0,county
48015,2024,-0.6267,-0.6269,0.0002,0,county
48017,2024,-0.6106,-0.6109,0.0003,0,county
48019,2024,-0.6182,-0.6185,0.0003,0,county
48021,2024,-0.1837,-0.1838,0.0001,0,county
48023,2024,-0.7684,-0.7707,0.0023,0,county
48025,2024,-0.3987,-0.3988,0.0001,0,county
48027,2024,-0.1622,-0.1623,0.0001,0,county
48029,2024,0.0974,0.0975,0.0001,0,county
48031,2024,-0.5249,-0.5252,0.0003,0,county
48033,2024,-0.9147,-0.9147,0.0,0,county
48035,2024,-0.673,-0.6734,0.0004,0,county
48037,2024,-0.4868,-0.487,0.0002,0,county
48039,2024,-0.1968,-0.1969,0.0001,0,county
48041,2024,-0.2482,-0.2485,0.0003,0,county
48043,2024,-0.1258,-0.1259,0.0001,0,county
48045,2024,-0.7973,-0.7984,0.0011,0,county
48047,2024,0.0962,0.0962,0.0,0,county
48049,2024,-0.7394,-0.7394,0.0,0,county
48051,2024,-0.6281,-0.6284,0.0003,0,county
48053,2024,-0.557,-0.5571,0.0001,0,county
48055,2024,-0.1441,-0.1442,0.0001,0,county
48057,2024,-0.5217,-0.5217,0.0,0,county
48059,2024,-0.7755,-0.7758,0.0003,0,county
48061,2024,-0.058,-0.058,0.0,0,county
48063,2024,-0.5361,-0.5361,0.0,0,county
48065,2024,-0.8108,-0.8121,0.0013,0,county
48067,2024,-0.6566,-0.6568,0.0002,0,county
48069,2024,-0.5813,-0.5819,0.0006,0,county
48071,2024,-0.6557,-0.6558,0.0001,0,county
48073,2024,-0.6266,-0.6267,0.0001,0,county
48075,2024,-0.7606,-0.7606,0.0,0,county
48077,2024,-0.7962,-0.7965,0.0003,0,county
48079,2024,-0.6573,-0.6573,0.0,0,county
48081,2024,-0.796,-0.796,0.0,0,county
48083,2024,-0.7902,-0.7904,0.0002,0,county
48085,2024,-0.1114,-0.1115,0.0001,0,county
48087,2024,-0.7752,-0.7752,0.0,0,county
48089,2024,-0.5719,-0.5719,0.0,0,county
48091,2024,-0.4549,-0.455,0.0001,0,county
48093,2024,-0.7404,-0.7404,0.0,0,county
48095,2024,-0.7387,-0.7387,0.0,0,county
48097,2024,-0.6683,-0.6688,0.0005,0,county
48099,2024,-0.4066,-0.4069,0.0003,0,county
48101,2024,-0.7245,-0.7245,0.0,0,county
48103,2024,-0.7264,-0.7275,0.0011,0,county
48105,2024,-0.5392,-0.5392,0.0,0,county
48107,2024,-0.5133,-0.5133,0.0,0,county
48109,2024,-0.169,-0.169,0.0,0,county
48111,2024,-0.783,-0.783,0.0,0,county
48113,2024,0.2219,0.2221,0.0002,0,county
48115,2024,-0.61,-0.6104,0.0004,0,county
48117,2024,-0.5166,-0.5166,0.0,0,county
48119,2024,-0.6971,-0.6971,0.0,0,county
48121,2024,-0.1314,-0.1315,0.0001,0,county
48123,2024,-0.6703,-0.6704,0.0001,0,county
48125,2024,-0.7029,-0.7029,0.0,0,county
48127,2024,0.0327,0.0327,0.0,0,county
48129,2024,-0.7815,-0.7815,0.0,0,county
48131,2024,-0.0977,-0.0977,0.0,0,county
48133,2024,-0.7746,-0.7747,0.0001,0,county
48135,2024,-0.5291,-0.5291,0.0,0,county
48137,2024,-0.7323,-0.7323,0.0,0,county
48139,2024,-0.3105,-0.3107,0.0002,0,county
48141,2024,0.1512,0.1513,0.0001,0,county
48143,2024,-0.68,-0.68,0.0,0,county
48145,2024,-0.4472,-0.4473,0.0001,0,county
48147,2024,-0.6734,-0.6738,0.0004,0,county
48149,2024,-0.6139,-0.6141,0.0002,0,county
48151,2024,-0.6322,-0.6326,0.0004,0,county
48153,2024,-0.6493,-0.6496,0.0003,0,county
48155,2024,-0.6532,-0.6532,0.0,0,county
48157,2024,0.0158,0.0158,0.0,0,county
48159,2024,-0.6891,-0.6893,0.0002,0,county
48161,2024,-0.6635,-0.6635,0.0,0,county
48163,2024,-0.2451,-0.2457,0.0006,0,county
48165,2024,-0.8264,-0.8264,0.0,0,county
48167,2024,-0.274,-0.2741,0.0001,0,county
48169,2024,-0.7261,-0.7261,0.0,0,county
48171,2024,-0.6089,-0.6093,0.0004,0,county
48173,2024,-0.8824,-0.8824,0.0,0,county
48175,2024,-0.602,-0.6024,0.0004,0,county
48177,2024,-0.5483,-0.5483,0.0,0,county
48179,2024,-0.7712,-0.7712,0.0,0,county
48181,2024,-0.5425,-0.5427,0.0002,0,county
48183,2024,-0.4222,-0.4225,0.0003,0,county
48185,2024,-0.6023,-0.6026,0.0003,0,county
48187,2024,-0.295,-0.2952,0.0002,0,county
48189,2024,-0.5794,-0.5799,0.0005,0,county
48191,2024,-0.7337,-0.7337,0.0,0,county
48193,2024,-0.7131,-0.7133,0.0002,0,county
48195,2024,-0.8484,-0.8484,0.0,0,county
48197,2024,-0.7274,-0.7274,0.0,0,county
48199,2024,-0.758,-0.758,0.0,0,county
48201,2024,0.0553,0.0553,0.0,0,county
48203,2024,-0.5055,-0.5058,0.0003,0,county
48205,2024,-0.8333,-0.8333,0.0,0,county
48207,2024,-0.7143,-0.7146,0.0003,0,county
48209,2024,0.0563,0.0564,0.0001,0,county
48211,2024,-0.7581,-0.7581,0.0,0,county
48213,2024,-0.6347,-0.6349,0.0002,0,county
48215,2024,-0.0287,-0.0287,0.0,0,county
48217,2024,-0.6435,-0.6436,0.0001,0,county
48219,2024,-0.6626,-0.6627,0.0001,0,county
48221,2024,-0.6594,-0.6597,0.0003,0,county
48223,2024,-0.6459,-0.6461,0.0002,0,county
48225,2024,-0.5533,-0.5535,0.0002,0,county
48227,2024,-0.6284,-0.6284,0.0,0,county
48229,2024,-0.4663,-0.4663,0.0,0,county
48231,2024,-0.5547,-0.5551,0.0004,0,county
48233,2024,-0.7715,-0.7718,0.0003,0,county
48235,2024,-0.7558,-0.7558,0.0,0,county
48237,2024,-0.8227,-0.8227,0.0,0,county
48239,2024,-0.7077,-0.7077,0.0,0,county
48241,2024,-0.6658,-0.6659,0.0001,0,county
48243,2024,-0.213,-0.213,0.0,0,county
48245,2024,-0.0887,-0.0888,0.0001,0,county
48247,2024,0.0826,0.0826,0.0,0,county
48249,2024,-0.1552,-0.1552,0.0,0,county
48251,2024,-0.5142,-0.5144,0.0002,0,county
48253,2024,-0.7314,-0.7315,0.0001,0,county
48255,2024,-0.5813,-0.5813,0.0,0,county
48257,2024,-0.2786,-0.2788,0.0002,0,county
48259,2024,-0.5565,-0.5569,0.0004,0,county
48261,2024,-0.4684,-0.4684,0.0,0,county
48263,2024,-0.764,-0.764,0.0,0,county
48265,2024,-0.5431,-0.5434,0.0003,0,county
48267,2024,-0.7758,-0.7764,0.0006,0,county
48269,2024,-0.9111,-0.9111,0.0,0,county
48271,2024,-0.5053,-0.5053,0.0,0,county
48273,2024,-0.1272,-0.1273,0.0001,0,county
48275,2024,-0.6846,-0.6846,0.0,0,county
48277,2024,-0.6091,-0.6105,0.0014,0,county
48279,2024,-0.643,-0.643,0.0,0,county
48281,2024,-0.5954,-0.5957,0.0003,0,county
48283,2024,-0.2051,-0.2051,0.0,0,county
48285,2024,-0.7607,-0.761,0.0003,0,county
48287,2024,-0.6042,-0.6043,0.0001,0,county
48289,2024,-0.7667,-0.767,0.0003,0,county
48291,2024,-0.6158,-0.6159,0.0001,0,county
48293,2024,-0.5686,-0.569,0.0004,0,county
48295,2024,-0.7959,-0.7959,0.0,0,county
48297,2024,-0.6962,-0.6964,0.0002,0,county
48299,2024,-0.6082,-0.6085,0.0003,0,county
48301,2024,-0.7835,-0.7835,0.0,0,county
48303,2024,-0.3951,-0.3953,0.0002,0,county
48305,2024,-0.7028,-0.7028,0.0,0,county
48307,2024,-0.7338,-0.7338,0.0,0,county
48309,2024,-0.3084,-0.309,0.0006,0,county
48311,2024,-0.8439,-0.8439,0.0,0,county
48313,2024,-0.6438,-0.6438,0.0,0,county
48315,2024,-0.5252,-0.5252,0.0,0,county
48317,2024,-0.7576,-0.7576,0.0,0,county
48319,2024,-0.6498,-0.65,0.0002,0,county
48321,2024,-0.5053,-0.5054,0.0001,0,county
48323,2024,-0.1849,-0.185,0.0001,0,county
48325,2024,-0.4271,-0.4274,0.0003,0,county
48327,2024,-0.6644,-0.6651,0.0007,0,county
48329,2024,-0.6052,-0.6053,0.0001,0,county
48331,2024,-0.5731,-0.5733,0.0002,0,county
48333,2024,-0.7688,-0.7691,0.0003,0,county
48335,2024,-0.7131,-0.7131,0.0,0,county
48337,2024,-0.7762,-0.7765,0.0003,0,county
48339,2024,-0.4546,-0.4548,0.0002,0,county
48341,2024,-0.671,-0.6714,0.0004,0,county
48343,2024,-0.5116,-0.5117,0.0001,0,county
48345,2024,-0.8877,-0.8877,0.0,0,county
48347,2024,-0.3879,-0.3881,0.0002,0,county
48349,2024,-0.5181,-0.5182,0.0001,0,county
48351,2024,-0.666,-0.666,0.0,0,county
48353,2024,-0.592,-0.5921,0.0001,0,county
48355,2024,-0.1147,-0.1147,0.0,0,county
48357,2024,-0.8153,-0.8158,0.0005,0,county
48359,2024,-0.8429,-0.8429,0.0,0,county
48361,2024,-0.6672,-0.6674,0.0002,0,county
48363,2024,-0.6711,-0.6713,0.0002,0,county
48365,2024,-0.664,-0.6641,0.0001,0,county
48367,2024,-0.6638,-0.664,0.0002,0,county
48369,2024,-0.7009,-0.7009,0.0,0,county
48371,2024,-0.4484,-0.4484,0.0,0,county
48373,2024,-0.5889,-0.5891,0.0002,0,county
48375,2024,-0.4439,-0.4443,0.0004,0,county
48377,2024,0.3024,0.3024,0.0,0,county
48379,2024,-0.7291,-0.7293,0.0002,0,county
48381,2024,-0.6036,-0.604,0.0004,0,county
48383,2024,-0.6944,-0.6944,0.0,0,county
48385,2024,-0.6691,-0.6691,0.0,0,county
48387,2024,-0.6175,-0.6175,0.0,0,county
48389,2024,-0.3693,-0.3693,0.0,0,county
48391,2024,-0.3951,-0.3955,0.0004,0,county
48393,2024,-0.9213,-0.9246,0.0033,0,county
48395,2024,-0.5211,-0.5213,0.0002,0,county
48397,2024,-0.4087,-0.4088,0.0001,0,county
48399,2024,-0.7712,-0.7712,0.0,0,county
48401,2024,-0.5942,-0.5943,0.0001,0,county
48403,2024,-0.7852,-0.7852,0.0,0,county
48405,2024,-0.5626,-0.5626,0.0,0,county
48407,2024,-0.6528,-0.6528,0.0,0,county
48409,2024,-0.364,-0.3641,0.0001,0,county
48411,2024,-0.7885,-0.7902,0.0017,0,county
48413,2024,-0.6444,-0.6444,0.0,0,county
48415,2024,-0.7361,-0.7362,0.0001,0,county
48417,2024,-0.8212,-0.8217,0.0005,0,county
48419,2024,-0.6457,-0.6457,0.0,0,county
48421,2024,-0.8809,-0.8819,0.001,0,county
48423,2024,-0.4507,-0.451,0.0003,0,county
48425,2024,-0.7068,-0.708,0.0012,0,county
48427,2024,-0.1599,-0.1599,0.0,0,county
48429,2024,-0.7934,-0.7934,0.0,0,county
48431,2024,-0.8585,-0.8585,0.0,0,county
48433,2024,-0.6899,-0.6899,0.0,0,county
48435,2024,-0.6707,-0.6707,0.0,0,county
48437,2024,-0.6344,-0.6344,0.0,0,county
48439,2024,-0.0512,-0.0512,0.0,0,county
48441,2024,-0.4976,-0.4979,0.0003,0,county
48443,2024,-0.5506,-0.5506,0.0,0,county
48445,2024,-0.6515,-0.6517,0.0002,0,county
48447,2024,-0.8333,-0.8333,0.0,0,county
48449,2024,-0.5469,-0.5472,0.0003,0,county
48451,2024,-0.4799,-0.4801,0.0002,0,county
48453,2024,0.3926,0.3932,0.0006,0,county
48455,2024,-0.6701,-0.6701,0.0,0,county
48457,2024,-0.7347,-0.7348,0.0001,0,county
48459,2024,-0.71,-0.7101,0.0001,0,county
48461,2024,-0.7698,-0.7698,0.0,0,county
48463,2024,-0.334,-0.3341,0.0001,0,county
48465,2024,-0.266,-0.2662,0.0002,0,county
48467,2024,-0.7478,-0.7482,0.0004,0,county
48469,2024,-0.4251,-0.426,0.0009,0,county
48471,2024,-0.3994,-0.3994,0.0,0,county
48473,2024,-0.2501,-0.2503,0.0002,0,county
48475,2024,-0.6608,-0.661,0.0002,0,county
48477,2024,-0.5469,-0.5471,0.0002,0,county
48479,2024,-0.0217,-0.0217,0.0,0,county
48481,2024,-0.5184,-0.5184,0.0,0,county
48483,2024,-0.8461,-0.8468,0.0007,0,county
48485,2024,-0.4397,-0.4401,0.0004,0,county
48487,2024,-0.6058,-0.6063,0.0005,0,county
48489,2024,-0.0329,-0.0329,0.0,0,county
48491,2024,-0.0245,-0.0245,0.0,0,county
48493,2024,-0.537,-0.5371,0.0001,0,county
48495,2024,-0.7051,-0.7055,0.0004,0,county
48497,2024,-0.7003,-0.7005,0.0002,0,county
48499,2024,-0.6972,-0.6974,0.0002,0,county
48501,2024,-0.7092,-0.7092,0.0,0,county
48503,2024,-0.7621,-0.7625,0.0004,0,county
48505,2024,-0.2244,-0.2244,0.0,0,county
48507,2024,0.1438,0.1438,0.0,0,county
49001,2024,-0.7432,-0.7432,0.0,0,county
49003,2024,-0.6078,-0.6081,0.0003,0,county
49005,2024,-0.3442,-0.3443,0.0001,0,county
49007,2024,-0.444,-0.444,0.0,0,county
49009,2024,-0.6218,-0.6218,0.0,0,county
49011,2024,-0.2485,-0.2486,0.0001,0,county
49013,2024,-0.7589,-0.759,0.0001,0,county
49015,2024,-0.746,-0.746,0.0,0,county
49017,2024,-0.5941,-0.5941,0.0,0,county
49019,2024,0.0945,0.0945,0.0,0,county
49021,2024,-0.5699,-0.57,0.0001,0,county
49023,2024,-0.7574,-0.7574,0.0,0,county
49025,2024,-0.4768,-0.477,0.0002,0,county
49027,2024,-0.7586,-0.7588,0.0002,0,county
49029,2024,-0.5982,-0.5985,0.0003,0,county
49031,2024,-0.7892,-0.7892,0.0,0,county
49033,2024,-0.689,-0.689,0.0,0,county
49035,2024,0.1022,0.1023,0.0001,0,county
49037,2024,-0.1631,-0.1631,0.0,0,county
49039,2024,-0.6758,-0.6758,0.0,0,county
49041,2024,-0.7587,-0.7587,0.0,0,county
49043,2024,0.148,0.148,0.0,0,county
49045,2024,-0.4095,-0.4097,0.0002,0,county
49047,2024,-0.7357,-0.7357,0.0,0,county
49049,2024,-0.3976,-0.3979,0.0003,0,county
49051,2024,-0.2744,-0.2744,0.0,0,county
49053,2024,-0.5227,-0.5228,0.0001,0,county
49055,2024,-0.5191,-0.5191,0.0,0,county
49057,2024,-0.2348,-0.2349,0.0001,0,county
50001,2024,0.352,0.3589,0.0069,0,county
50003,2024,0.2212,0.2252,0.004,0,county
50005,2024,0.1219,0.1244,0.0025,0,county
50007,2024,0.5261,0.5365,0.0104,0,county
50009,2024,-0.158,-0.1601,0.0021,0,county
50011,2024,0.0293,0.0298,0.0005,0,county
50013,2024,0.2077,0.2108,0.0031,0,county
50015,2024,0.3521,0.358,0.0059,0,county
50017,2024,0.1981,0.2017,0.0036,0,county
50019,2024,-0.0152,-0.0155,0.0003,0,county
50021,2024,0.052,0.0528,0.0008,0,county
50023,2024,0.4256,0.4336,0.008,0,county
50025,2024,0.4208,0.4268,0.006,0,county
50027,2024,0.3502,0.356,0.0058,0,county
51001,2024,-0.1333,-0.1333,0.0,0,county
51003,2024,0.3411,0.3411,0.0,0,county
51005,2024,-0.4807,-0.4807,0.0,0,county
51007,2024,-0.4435,-0.4435,0.0,0,county
51009,2024,-0.3649,-0.3649,0.0,0,county
51011,2024,-0.5102,-0.5102,0.0,0,county
51013,2024,0.586,0.586,0.0,0,county
51015,2024,-0.4755,-0.4755,0.0,0,county
51017,2024,-0.5376,-0.5376,0.0,0,county
51019,2024,-0.5037,-0.5037,0.0,0,county
51021,2024,-0.6973,-0.6973,0.0,0,county
51023,2024,-0.4513,-0.4513,0.0,0,county
51025,2024,0.0854,0.0854,0.0,0,county
51027,2024,-0.7059,-0.7059,0.0,0,county
51029,2024,-0.2349,-0.2349,0.0,0,county
51031,2024,-0.4858,-0.4858,0.0,0,county
51033,2024,-0.088,-0.088,0.0,0,county
51035,2024,-0.6329,-0.6329,0.0,0,county
51036,2024,0.1076,0.1076,0.0,0,county
51037,2024,-0.3255,-0.3255,0.0,0,county
51041,2024,0.0898,0.0898,0.0,0,county
51043,2024,-0.1685,-0.1685,0.0,0,county
51045,2024,-0.6472,-0.6472,0.0,0,county
51047,2024,-0.2496,-0.2496,0.0,0,county
51049,2024,-0.222,-0.222,0.0,0,county
51051,2024,-0.6223,-0.6223,0.0,0,county
51053,2024,-0.2314,-0.2314,0.0,0,county
51057,2024,-0.0775,-0.0775,0.0,0,county
51059,2024,0.35,0.35,0.0,0,county
51061,2024,-0.2166,-0.2166,0.0,0,county
51063,2024,-0.3723,-0.3723,0.0,0,county
51065,2024,-0.0627,-0.0627,0.0,0,county
51067,2024,-0.4528,-0.4528,0.0,0,county
51069,2024,-0.2841,-0.2841,0.0,0,county
51071,2024,-0.5451,-0.5451,0.0,0,county
51073,2024,-0.3838,-0.3838,0.0,0,county
51075,2024,-0.1859,-0.1859,0.0,0,county
51077,2024,-0.622,-0.622,0.0,0,county
51079,2024,-0.2472,-0.2472,0.0,0,county
51081,2024,0.0926,0.0926,0.0,0,county
51083,2024,-0.2105,-0.2105,0.0,0,county
51085,2024,-0.2577,-0.2577,0.0,0,county
51087,2024,0.2887,0.2887,0.0,0,county
51089,2024,-0.3283,-0.3283,0.0,0,county
51091,2024,-0.4441,-0.4441,0.0,0,county
51093,2024,-0.1978,-0.1978,0.0,0,county
51095,2024,0.0622,0.0622,0.0,0,county
51097,2024,-0.2569,-0.2569,0.0,0,county
51099,2024,-0.2502,-0.2502,0.0,0,county
51101,2024,-0.4058,-0.4058,0.0,0,county
51103,2024,-0.0702,-0.0702,0.0,0,county
51105,2024,-0.7205,-0.7205,0.0,0,county
51107,2024,0.1629,0.1629,0.0,0,county
51109,2024,-0.262,-0.262,0.0,0,county
51111,2024,-0.2281,-0.2281,0.0,0,county
51113,2024,-0.3521,-0.3521,0.0,0,county
51115,2024,-0.3933,-0.3933,0.0,0,county
51117,2024,-0.2082,-0.2082,0.0,0,county
51119,2024,-0.2738,-0.2738,0.0,0,county
51121,2024,0.0349,0.0349,0.0,0,county
51125,2024,-0.0752,-0.0752,0.0,0,county
51127,2024,-0.3185,-0.3185,0.0,0,county
51131,2024,0.0615,0.0615,0.0,0,county
51133,2024,-0.2116,-0.2116,0.0,0,county
51135,2024,-0.2236,-0.2236,0.0,0,county
51137,2024,-0.2468,-0.2468,0.0,0,county
51139,2024,-0.541,-0.541,0.0,0,county
51141,2024,-0.6042,-0.6042,0.0,0,county
51143,2024,-0.4314,-0.4314,0.0,0,county
51145,2024,-0.4407,-0.4407,0.0,0,county
51147,2024,-0.0258,-0.0258,0.0,0,county
51149,2024,-0.213,-0.213,0.0,0,county
51153,2024,0.1798,0.1798,0.0,0,county
51155,2024,-0.4467,-0.4467,0.0,0,county
51157,2024,-0.179,-0.179,0.0,0,county
51159,2024,-0.3023,-0.3023,0.0,0,county
51161,2024,-0.2247,-0.2247,0.0,0,county
51163,2024,-0.3378,-0.3378,0.0,0,county
51165,2024,-0.3705,-0.3705,0.0,0,county
51167,2024,-0.6751,-0.6751,0.0,0,county
51169,2024,-0.7041,-0.7041,0.0,0,county
51171,2024,-0.4225,-0.4225,0.0,0,county
51173,2024,-0.6044,-0.6044,0.0,0,county
51175,2024,-0.255,-0.255,0.0,0,county
51177,2024,-0.0856,-0.0856,0.0,0,county
51179,2024,0.008,0.008,0.0,0,county
51181,2024,-0.0065,-0.0065,0.0,0,county
51183,2024,0.0444,0.0444,0.0,0,county
51185,2024,-0.6889,-0.6889,0.0,0,county
51187,2024,-0.3763,-0.3763,0.0,0,county
51191,2024,-0.5332,-0.5332,0.0,0,county
51193,2024,-0.1429,-0.1429,0.0,0,county
51195,2024,-0.633,-0.633,0.0,0,county
51197,2024,-0.5954,-0.5954,0.0,0,county
51199,2024,-0.0614,-0.0614,0.0,0,county
51510,2024,0.5772,0.5772,0.0,0,county
51520,2024,-0.3966,-0.3966,0.0,0,county
51530,2024,-0.4444,-0.4444,0.0,0,county
51540,2024,0.6869,0.6869,0.0,0,county
51550,2024,0.038,0.038,0.0,0,county
51570,2024,-0.3245,-0.3245,0.0,0,county
51580,2024,-0.3329,-0.3329,0.0,0,county
51590,2024,0.2106,0.2106,0.0,0,county
51595,2024,0.3099,0.3099,0.0,0,county
51600,2024,0.3343,0.3343,0.0,0,county
51610,2024,0.6221,0.6221,0.0,0,county
51620,2024,0.2278,0.2278,0.0,0,county
51630,2024,0.3172,0.3172,0.0,0,county
51640,2024,-0.4391,-0.4391,0.0,0,county
51650,2024,0.3987,0.3987,0.0,0,county
51660,2024,0.2537,0.2537,0.0,0,county
51670,2024,0.1377,0.1377,0.0,0,county
51678,2024,0.2672,0.2672,0.0,0,county
51680,2024,-0.0793,-0.0793,0.0,0,county
51683,2024,0.1484,0.1484,0.0,0,county
51685,2024,0.1998,0.1998,0.0,0,county
51690,2024,0.2262,0.2262,0.0,0,county
51700,2024,0.288,0.288,0.0,0,county
51710,2024,0.4153,0.4153,0.0,0,county
51720,2024,-0.4358,-0.4358,0.0,0,county
51730,2024,0.7278,0.7278,0.0,0,county
51735,2024,-0.4587,-0.4587,0.0,0,county
51740,2024,0.3863,0.3863,0.0,0,county
51750,2024,0.0052,0.0052,0.0,0,county
51760,2024,0.6627,0.6627,0.0,0,county
51770,2024,0.2362,0.2362,0.0,0,county
51775,2024,-0.1926,-0.1926,0.0,0,county
51790,2024,0.1338,0.1338,0.0,0,county
51800,2024,0.159,0.159,0.0,0,county
51810,2024,0.0265,0.0265,0.0,0,county
51820,2024,-0.0569,-0.0569,0.0,0,county
51830,2024,0.445,0.445,0.0,0,county
51840,2024,0.0977,0.0977,0.0,0,county
53001,2024,-0.4309,-0.4326,0.0017,0,county
53003,2024,-0.2548,-0.2564,0.0016,0,county
53005,2024,-0.2174,-0.219,0.0016,0,county
53007,2024,-0.094,-0.0947,0.0007,0,county
53009,2024,0.0783,0.0787,0.0004,0,county
53011,2024,0.0694,0.0699,0.0005,0,county
53013,2024,-0.433,-0.4346,0.0016,0,county
53015,2024,-0.1981,-0.1992,0.0011,0,county
53017,2024,-0.2684,-0.2698,0.0014,0,county
53019,2024,-0.3282,-0.3301,0.0019,0,county
53021,2024,-0.2258,-0.2269,0.0011,0,county
53023,2024,-0.4756,-0.4788,0.0032,0,county
53025,2024,-0.3729,-0.3748,0.0019,0,county
53027,2024,-0.0601,-0.0603,0.0002,0,county
53029,2024,0.1645,0.1657,0.0012,0,county
53031,2024,0.4508,0.4532,0.0024,0,county
53033,2024,0.5134,0.5169,0.0035,0,county
53035,2024,0.2081,0.2094,0.0013,0,county
53037,2024,-0.1447,-0.1458,0.0011,0,county
53039,2024,-0.0927,-0.0932,0.0005,0,county
53041,2024,-0.3284,-0.33,0.0016,0,county
53043,2024,-0.5031,-0.5057,0.0026,0,county
53045,2024,-0.0249,-0.025,0.0001,0,county
53047,2024,-0.149,-0.1498,0.0008,0,county
53049,2024,-0.013,-0.013,0.0,0,county
53051,2024,-0.3938,-0.396,0.0022,0,county
53053,2024,0.1069,0.1076,0.0007,0,county
53055,2024,0.5112,0.5139,0.0027,0,county
53057,2024,0.0881,0.0886,0.0005,0,county
53059,2024,-0.1107,-0.1113,0.0006,0,county
53061,2024,0.1882,0.1896,0.0014,0,county
53063,2024,-0.0494,-0.0497,0.0003,0,county
53065,2024,-0.4391,-0.4415,0.0024,0,county
53067,2024,0.2029,0.204,0.0011,0,county
53069,2024,-0.1806,-0.1811,0.0005,0,county
53071,2024,-0.0802,-0.0807,0.0005,0,county
53073,2024,0.2472,0.2488,0.0016,0,county
53075,2024,0.0889,0.0897,0.0008,0,county
53077,2024,-0.1427,-0.1434,0.0007,0,county
54001,2024,-0.6055,-0.6055,0.0,0,county
54003,2024,-0.3579,-0.3579,0.0,0,county
54005,2024,-0.5739,-0.5739,0.0,0,county
54007,2024,-0.5191,-0.5191,0.0,0,county
54009,2024,-0.4462,-0.4462,0.0,0,county
54011,2024,-0.2189,-0.2189,0.0,0,county
54013,2024,-0.6482,-0.6482,0.0,0,county
54015,2024,-0.6225,-0.6225,0.0,0,county
54017,2024,-0.7331,-0.7331,0.0,0,county
54019,2024,-0.4176,-0.4176,0.0,0,county
54021,2024,-0.57,-0.57,0.0,0,county
54023,2024,-0.7897,-0.7897,0.0,0,county
54025,2024,-0.4215,-0.4215,0.0,0,county
54027,2024,-0.6261,-0.6261,0.0,0,county
54029,2024,-0.4683,-0.4683,0.0,0,county
54031,2024,-0.5771,-0.5771,0.0,0,county
54033,2024,-0.4095,-0.4095,0.0,0,county
54035,2024,-0.5622,-0.5622,0.0,0,county
54037,2024,-0.158,-0.158,0.0,0,county
54039,2024,-0.1744,-0.1744,0.0,0,county
54041,2024,-0.5928,-0.5928,0.0,0,county
54043,2024,-0.6249,-0.6249,0.0,0,county
54045,2024,-0.6672,-0.6672,0.0,0,county
54047,2024,-0.6035,-0.6035,0.0,0,county
54049,2024,-0.3124,-0.3124,0.0,0,county
54051,2024,-0.5004,-0.5004,0.0,0,county
54053,2024,-0.5804,-0.5804,0.0,0,county
54055,2024,-0.5733,-0.5733,0.0,0,county
54057,2024,-0.6017,-0.6017,0.0,0,county
54059,2024,-0.7378,-0.7378,0.0,0,county
54061,2024,-0.0439,-0.0439,0.0,0,county
54063,2024,-0.6179,-0.6179,0.0,0,county
54065,2024,-0.5564,-0.5564,0.0,0,county
54067,2024,-0.6019,-0.6019,0.0,0,county
54069,2024,-0.2604,-0.2604,0.0,0,county
54071,2024,-0.586,-0.586,0.0,0,county
54073,2024,-0.5902,-0.5902,0.0,0,county
54075,2024,-0.5029,-0.5029,0.0,0,county
54077,2024,-0.57,-0.57,0.0,0,county
54079,2024,-0.4633,-0.4633,0.0,0,county
54081,2024,-0.5434,-0.5434,0.0,0,county
54083,2024,-0.4613,-0.4613,0.0,0,county
54085,2024,-0.7299,-0.7299,0.0,0,county
54087,2024,-0.5381,-0.5381,0.0,0,county
54089,2024,-0.5139,-0.5139,0.0,0,county
54091,2024,-0.5131,-0.5131,0.0,0,county
54093,2024,-0.4893,-0.4893,0.0,0,county
54095,2024,-0.6738,-0.6738,0.0,0,county
54097,2024,-0.568,-0.568,0.0,0,county
54099,2024,-0.5336,-0.5336,0.0,0,county
54101,2024,-0.6668,-0.6668,0.0,0,county
54103,2024,-0.5551,-0.5551,0.0,0,county
54105,2024,-0.6629,-0.6629,0.0,0,county
54107,2024,-0.4305,-0.4305,0.0,0,county
54109,2024,-0.7301,-0.7301,0.0,0,county
55001,2024,-0.2577,-0.2583,0.0006,0,county
55003,2024,0.047,0.0471,0.0001,0,county
55005,2024,-0.2904,-0.2908,0.0004,0,county
55007,2024,0.1109,0.1113,0.0004,0,county
55009,2024,-0.075,-0.0752,0.0002,0,county
55011,2024,-0.3022,-0.3026,0.0004,0,county
55013,2024,-0.3093,-0.3093,0.0,0,county
55015,2024,-0.1993,-0.1997,0.0004,0,county
55017,2024,-0.2294,-0.2298,0.0004,0,county
55019,2024,-0.3893,-0.3899,0.0006,0,county
55021,2024,-0.0458,-0.0459,0.0001,0,county
55023,2024,-0.1376,-0.1379,0.0003,0,county
55025,2024,0.5152,0.5168,0.0016,0,county
55027,2024,-0.329,-0.3291,0.0001,0,county
55029,2024,0.0222,0.0223,0.0001,0,county
55031,2024,0.0531,0.0533,0.0002,0,county
55033,2024,-0.159,-0.159,0.0,0,county
55035,2024,0.1056,0.1059,0.0003,0,county
55037,2024,-0.4981,-0.4981,0.0,0,county
55039,2024,-0.2867,-0.2871,0.0004,0,county
55041,2024,-0.3337,-0.3339,0.0002,0,county
55043,2024,-0.1815,-0.1818,0.0003,0,county
55045,2024,0.0027,0.0027,0.0,0,county
55047,2024,-0.3627,-0.3634,0.0007,0,county
55049,2024,0.0762,0.0764,0.0002,0,county
55051,2024,-0.262,-0.2623,0.0003,0,county
55053,2024,-0.1949,-0.1949,0.0,0,county
55055,2024,-0.1635,-0.1638,0.0003,0,county
55057,2024,-0.321,-0.3215,0.0005,0,county
55059,2024,-0.0623,-0.0625,0.0002,0,county
55061,2024,-0.3371,-0.3376,0.0005,0,county
55063,2024,0.0936,0.0936,0.0,0,county
55065,2024,-0.2023,-0.2023,0.0,0,county
55067,2024,-0.346,-0.3462,0.0002,0,county
55069,2024,-0.2514,-0.2517,0.0003,0,county
55071,2024,-0.2332,-0.2336,0.0004,0,county
55073,2024,-0.1863,-0.1866,0.0003,0,county
55075,2024,-0.3791,-0.3799,0.0008,0,county
55077,2024,-0.2959,-0.2965,0.0006,0,county
55078,2024,0.617,0.617,0.0,0,county
55079,2024,0.3841,0.3852,0.0011,0,county
55081,2024,-0.2605,-0.261,0.0005,0,county
55083,2024,-0.4298,-0.4304,0.0006,0,county
55085,2024,-0.1757,-0.1761,0.0004,0,county
55087,2024,-0.1017,-0.1018,0.0001,0,county
55089,2024,-0.1045,-0.1049,0.0004,0,county
55091,2024,-0.2928,-0.2928,0.0,0,county
55093,2024,-0.1672,-0.1677,0.0005,0,county
55095,2024,-0.3093,-0.3094,0.0001,0,county
55097,2024,0.0119,0.012,0.0001,0,county
55099,2024,-0.3114,-0.3114,0.0,0,county
55101,2024,-0.0615,-0.0617,0.0002,0,county
55103,2024,-0.1311,-0.1313,0.0002,0,county
55105,2024,0.0727,0.0729,0.0002,0,county
55107,2024,-0.3802,-0.3806,0.0004,0,county
55109,2024,-0.1924,-0.1929,0.0005,0,county
55111,2024,-0.0167,-0.0167,0.0,0,county
55113,2024,-0.1636,-0.1639,0.0003,0,county
55115,2024,-0.3623,-0.363,0.0007,0,county
55117,2024,-0.1632,-0.1636,0.0004,0,county
55119,2024,-0.4815,-0.4821,0.0006,0,county
55121,2024,-0.2141,-0.2142,0.0001,0,county
55123,2024,-0.0778,-0.078,0.0002,0,county
55125,2024,-0.2304,-0.2309,0.0005,0,county
55127,2024,-0.2218,-0.2223,0.0005,0,county
55129,2024,-0.2819,-0.2826,0.0007,0,county
55131,2024,-0.3621,-0.3631,0.001,0,county
55133,2024,-0.1969,-0.1975,0.0006,0,county
55135,2024,-0.3337,-0.3341,0.0004,0,county
55137,2024,-0.3519,-0.3519,0.0,0,county
55139,2024,-0.0474,-0.0475,0.0001,0,county
55141,2024,-0.1989,-0.1992,0.0003,0,county
56001,2024,-0.0313,-0.0317,0.0004,0,county
56003,2024,-0.7193,-0.7248,0.0055,0,county
56005,2024,-0.7634,-0.7678,0.0044,0,county
56007,2024,-0.5759,-0.5813,0.0054,0,county
56009,2024,-0.7287,-0.7354,0.0067,0,county
56011,2024,-0.7739,-0.7799,0.006,0,county
56013,2024,-0.3693,-0.3736,0.0043,0,county
56015,2024,-0.6053,-0.6092,0.0039,0,county
56017,2024,-0.6084,-0.6121,0.0037,0,county
56019,2024,-0.6307,-0.6368,0.0061,0,county
56021,2024,-0.3208,-0.3242,0.0034,0,county
56023,2024,-0.6766,-0.6834,0.0068,0,county
56025,2024,-0.4815,-0.4863,0.0048,0,county
56027,2024,-0.8071,-0.8098,0.0027,0,county
56029,2024,-0.5868,-0.5928,0.006,0,county
56031,2024,-0.6493,-0.6545,0.0052,0,county
56033,2024,-0.4944,-0.5007,0.0063,0,county
56035,2024,-0.6062,-0.6111,0.0049,0,county
56037,2024,-0.5276,-0.5317,0.0041,0,county
56039,2024,0.3473,0.3528,0.0055,0,county
56041,2024,-0.6294,-0.6368,0.0074,0,county
56043,2024,-0.6368,-0.6428,0.006,0,county
56045,2024,-0.7662,-0.7702,0.004,0,county
